player_name_norm,season,salary,salary_basis,cap_hit,base,cash_total,incentives,teams,n_teams,split_total,extra_amounts,active_total,retained_total,other_total,statuses,n_active,table_kind
a.j. green,2023,1901769.0,cap_hit,1901769.0,1901769.0,,,MIL,1,,,1901769.0,,100000.0,Active;NBA Cup,1.0,contract
a.j. green,2024,2120693.0,cap_hit,2120693.0,2120693.0,,,MIL,1,,,2120693.0,,514970.0,Active;NBA Cup,1.0,contract
a.j. green,2025,2301587.0,cap_hit,2301587.0,2301587.0,,,MIL,1,,,2301587.0,,0.0,Active,1.0,contract
a.j. green,2026,10044644.0,cap_hit,10044644.0,10044644.0,,,MIL,1,,,10044644.0,,0.0,Active,1.0,contract
a.j. green,2027,10848215.0,cap_hit,10848215.0,10848215.0,,,MIL,1,,,10848215.0,,0.0,Active,1.0,contract
a.j. green,2028,11651786.0,cap_hit,11651786.0,11651786.0,,,MIL,1,,,11651786.0,,0.0,Active,1.0,contract
a.j. green,2029,12455355.0,cap_hit,12455355.0,12455355.0,,,MIL,1,,,12455355.0,,0.0,Active,1.0,contract
a.j. lawson,2023,1000000.0,base,,1000000.0,1000000.0,,DAL,1,,,,,,,,career
a.j. lawson,2024,100000.0,base,,100000.0,100000.0,,TOR,1,,,,,,,,career
a.j. lawson,2025,26394.0,cap_hit,26394.0,27343.0,,,TOR,1,,,,,,,,contract
aaron gordon,2014,3992040.0,base,,3992040.0,3992040.0,,ORL,1,,,,,,,,career
aaron gordon,2015,4171680.0,base,,4171680.0,4171680.0,,ORL,1,,,,,,,,career
aaron gordon,2016,4351320.0,base,,4351320.0,4351320.0,,ORL,1,,,,,,,,career
aaron gordon,2017,5504420.0,base,,5504420.0,5504420.0,,ORL,1,,,,,,,,career
aaron gordon,2018,21590909.0,base,,21590909.0,21590909.0,,ORL,1,,,,,,,,career
aaron gordon,2019,18622159.0,base,,18622159.0,18622159.0,,ORL,1,,,,,,,,career
aaron gordon,2020,6583749.0,base,,6583749.0,6583749.0,,DEN;ORL,2,18136364.0,11552615,,,,,,career
aaron gordon,2021,16409091.0,base,,16409091.0,16409091.0,,DEN,1,,,,,,,,career
aaron gordon,2022,20690909.0,cap_hit,20690909.0,19690909.0,,,DEN,1,,,,,,,,contract
aaron gordon,2023,21266182.0,cap_hit,21266182.0,21266182.0,,,DEN,1,,,,,,,,contract
aaron gordon,2024,22841455.0,cap_hit,22841455.0,22841455.0,,,DEN,1,,,,,,,,contract
aaron gordon,2025,22841455.0,cap_hit,22841455.0,22841455.0,,,DEN,1,,,,,,,,contract
aaron gordon,2026,31978037.0,cap_hit,31978037.0,31978037.0,,,DEN,1,,,,,,,,contract
aaron gordon,2027,34536280.0,cap_hit,34536280.0,34536280.0,,,DEN,1,,,,,,,,contract
aaron gordon,2028,37094523.0,cap_hit,37094523.0,37094523.0,,,DEN,1,,,,,,,,contract
aaron holiday,2018,1911960.0,base,,1911960.0,1911960.0,,IND,1,,,1911960.0,,0.0,Active,1.0,career
aaron holiday,2019,2099250.0,base,,2099250.0,2239200.0,,IND,1,,,2239200.0,,0.0,Active,1.0,career
aaron holiday,2020,2345640.0,base,,2345640.0,2345640.0,,IND,1,,,2345640.0,,0.0,Active / Club Exercised,1.0,career
aaron holiday,2021,1349727.0,base,,1349727.0,1349727.0,,PHX;WSH,2,3980551.0,2630824,1349727.0,2630824.0,0.0,Active / Club Exercised;Retained,1.0,career
aaron holiday,2022,1968175.0,base,,1968175.0,1968175.0,,ATL,1,,,1968175.0,,0.0,Active,1.0,career
aaron holiday,2023,2346614.0,base,,2346614.0,2346614.0,,HOU,1,,,2346614.0,,0.0,Active,1.0,career
aaron holiday,2024,4668000.0,base,,4668000.0,4668000.0,,HOU,1,,102994,4668000.0,,102994.0,Active;NBA Cup,1.0,career
aaron holiday,2025,2296274.0,cap_hit,2296274.0,3080921.0,,,HOU,1,,,3080921.0,,0.0,Active,1.0,contract
aaron nesmith,2020,3458400.0,base,,3458400.0,3458400.0,,BOS,1,,,3458400.0,,0.0,Active,1.0,career
aaron nesmith,2021,3631200.0,base,,3631200.0,3631200.0,,BOS,1,,,3631200.0,,0.0,Active,1.0,career
aaron nesmith,2022,3804360.0,base,,3804360.0,3804360.0,,IND,1,,,3804360.0,,0.0,Active / Club Exercised,1.0,career
aaron nesmith,2023,5634257.0,base,,5634257.0,5634257.0,,IND,1,,200000,5634257.0,,200000.0,Active / Club Exercised;NBA Cup,1.0,career
aaron nesmith,2024,11000000.0,cap_hit,11000000.0,11000000.0,,,IND,1,,,11000000.0,,0.0,Active,1.0,contract
aaron nesmith,2025,11000000.0,cap_hit,11000000.0,11000000.0,,,IND,1,,,11000000.0,,0.0,Active,1.0,contract
aaron nesmith,2026,11000000.0,cap_hit,11000000.0,11000000.0,,,IND,1,,,11000000.0,,0.0,Active,1.0,contract
aaron nesmith,2027,19418000.0,cap_hit,19418000.0,19418000.0,,,IND,1,,,19418000.0,,0.0,Active,1.0,contract
aaron nesmith,2028,20971440.0,cap_hit,20971440.0,20971440.0,,,IND,1,,,20971440.0,,0.0,Active,1.0,contract
aaron wiggins,2021,1000000.0,base,,1000000.0,1000000.0,,OKC,1,,,,,,,,career
aaron wiggins,2022,1563518.0,base,,1563518.0,1563518.0,,OKC,1,,,,,,,,career
aaron wiggins,2023,1836096.0,base,,1836096.0,1836096.0,,OKC,1,,,,,,,,career
aaron wiggins,2024,10981303.0,cap_hit,10981303.0,10514017.0,,,OKC,1,,,,,,,,contract
aaron wiggins,2025,9887850.0,cap_hit,9887850.0,9672897.0,,,OKC,1,,,,,,,,contract
aaron wiggins,2026,9028038.0,cap_hit,9028038.0,8831776.0,,,ATL,1,,,,,,,,contract
aaron wiggins,2027,8168226.0,cap_hit,8168226.0,7990655.0,,,ATL,1,,,,,,,,contract
aaron wiggins,2028,8168226.0,cap_hit,8168226.0,7990655.0,,,ATL,1,,,,,,,,contract
abdel nader,2017,1167333.0,base,,1167333.0,1167333.0,,BOS,1,,,1167333.0,,0.0,Active,1.0,career
abdel nader,2018,1378242.0,base,,1378242.0,1378242.0,,OKC,1,,,1378242.0,,0.0,Active,1.0,career
abdel nader,2019,1517363.0,base,,1517363.0,1517363.0,,OKC,1,,,1517363.0,,0.0,Active,1.0,career
abdel nader,2020,1752950.0,base,,1752950.0,1752950.0,,PHX,1,,,1752950.0,,0.0,Active / Club Exercised,1.0,career
abdel nader,2021,2000000.0,base,,2000000.0,2000000.0,,PHX,1,,,,2000000.0,0.0,Retained,0.0,career
ace bailey,2025,9069840.0,cap_hit,9069840.0,9069840.0,,,UTA,1,,,,,,,,contract
ace bailey,2026,9523080.0,cap_hit,9523080.0,9523080.0,,,UTA,1,,,,,,,,contract
ace bailey,2027,9976560.0,cap_hit,9976560.0,9976560.0,,,UTA,1,,,,,,,,contract
ace bailey,2028,12640302.0,cap_hit,12640302.0,12640302.0,,,UTA,1,,,,,,,,contract
adem bona,2024,1157153.0,cap_hit,1157153.0,1157153.0,,,PHI,1,,,,,,,,contract
adem bona,2025,1955377.0,cap_hit,1955377.0,1955377.0,,,PHI,1,,,,,,,,contract
adem bona,2026,2296271.0,cap_hit,2296271.0,2296271.0,,,PHI,1,,,,,,,,contract
adem bona,2027,2486995.0,cap_hit,2486995.0,2486995.0,,,PHI,1,,,,,,,,contract
admiral schofield,2019,937500.0,base,,937500.0,937500.0,,WSH,1,,,937500.0,,0.0,Active,1.0,career
admiral schofield,2020,1517981.0,base,,1517981.0,1517981.0,,OKC,1,,,,1517981.0,0.0,Retained,0.0,career
admiral schofield,2021,300000.0,base,,300000.0,300000.0,,OKC;ORL,2,471156.0,85578;85578,,471156.0,0.0,Retained;Retained;Retained,0.0,career
admiral schofield,2022,506508.0,base,,506508.0,506508.0,,ORL,1,,,506508.0,,0.0,Active,1.0,career
adou thiero,2025,1272870.0,cap_hit,1272870.0,1272870.0,,,LAL,1,,,,,,,,contract
adou thiero,2026,2150917.0,cap_hit,2150917.0,2150917.0,,,LAL,1,,,,,,,,contract
adou thiero,2027,2525901.0,cap_hit,2525901.0,2525901.0,,,LAL,1,,,,,,,,contract
aj green,2023,1901769.0,cap_hit,1901769.0,1901769.0,,,MIL,1,,,1901769.0,,100000.0,Active;NBA Cup,1.0,contract
aj green,2024,2120693.0,cap_hit,2120693.0,2120693.0,,,MIL,1,,,2120693.0,,514970.0,Active;NBA Cup,1.0,contract
aj green,2025,2301587.0,cap_hit,2301587.0,2301587.0,,,MIL,1,,,2301587.0,,0.0,Active,1.0,contract
aj green,2026,10044644.0,cap_hit,10044644.0,10044644.0,,,MIL,1,,,10044644.0,,0.0,Active,1.0,contract
aj green,2027,10848215.0,cap_hit,10848215.0,10848215.0,,,MIL,1,,,10848215.0,,0.0,Active,1.0,contract
aj green,2028,11651786.0,cap_hit,11651786.0,11651786.0,,,MIL,1,,,11651786.0,,0.0,Active,1.0,contract
aj green,2029,12455355.0,cap_hit,12455355.0,12455355.0,,,MIL,1,,,12455355.0,,0.0,Active,1.0,contract
aj griffin,2022,3536160.0,base,,3536160.0,3536160.0,,ATL,1,,,3536160.0,,0.0,Active,1.0,career
aj griffin,2023,3712920.0,base,,3712920.0,3712920.0,,ATL,1,,,3712920.0,,0.0,Active,1.0,career
aj griffin,2024,250000.0,base,,250000.0,250000.0,,HOU,1,,,,250000.0,0.0,Retained,0.0,career
aj johnson,2024,2795294.0,cap_hit,2795294.0,2795294.0,,,WSH,1,,,,,,,,contract
aj johnson,2025,3090480.0,cap_hit,3090480.0,3090480.0,,,DAL,1,,,,,,,,contract
aj johnson,2026,3237120.0,cap_hit,3237120.0,3237120.0,,,MEM,1,,,,,,,,contract
aj johnson,2027,5493394.0,cap_hit,5493394.0,5493394.0,,,MEM,1,,,,,,,,contract
ajay mitchell,2024,3000000.0,base,,3000000.0,3000000.0,,OKC,1,,102994,,,,,,career
ajay mitchell,2025,3000000.0,cap_hit,3000000.0,3000000.0,,,OKC,1,,,,,,,,contract
ajay mitchell,2026,2850000.0,cap_hit,2850000.0,2850000.0,,,OKC,1,,,,,,,,contract
ajay mitchell,2027,2850000.0,cap_hit,2850000.0,2850000.0,,,OKC,1,,,,,,,,contract
al horford,2007,3745800.0,base,,3745800.0,3745800.0,,ATL,1,,,,,,,,career
al horford,2008,4026720.0,base,,4026720.0,4026720.0,,ATL,1,,,,,,,,career
al horford,2009,4307640.0,base,,4307640.0,4307640.0,,ATL,1,,,,,,,,career
al horford,2010,5444857.0,base,,5444857.0,5444857.0,,ATL,1,,,,,,,,career
al horford,2011,9658537.0,base,,9658537.0,9658537.0,,ATL,1,,,,,,,,career
al horford,2012,12000000.0,base,,12000000.0,12000000.0,,ATL,1,,,,,,,,career
al horford,2013,12000000.0,base,,12000000.0,12000000.0,,ATL,1,,,,,,,,career
al horford,2014,12000000.0,base,,12000000.0,12000000.0,,ATL,1,,,,,,,,career
al horford,2015,12000000.0,base,,12000000.0,12000000.0,,ATL,1,,,,,,,,career
al horford,2016,26540100.0,base,,26540100.0,26540100.0,,BOS,1,,,,,,,,career
al horford,2017,27734405.0,base,,27734405.0,27734405.0,,BOS,1,,,,,,,,career
al horford,2018,28928709.0,base,,28928709.0,28928709.0,,BOS,1,,,,,,,,career
al horford,2019,26250000.0,base,,26250000.0,26250000.0,,PHI,1,,,,,,,,career
al horford,2020,27500000.0,base,,27500000.0,27500000.0,,OKC,1,,,,,,,,career
al horford,2021,27000000.0,base,,27000000.0,27000000.0,,BOS,1,,,,,,,,career
al horford,2022,26500000.0,base,,26500000.0,26500000.0,,BOS,1,,,,,,,,career
al horford,2023,10000000.0,base,,10000000.0,10000000.0,,BOS,1,,50000,,,,,,career
al horford,2024,9500000.0,base,,9500000.0,9500000.0,,BOS,1,,,,,,,,career
al horford,2025,5685000.0,base,,5685000.0,5685000.0,,GS,1,,,,,,,,career
al horford,2026,6822000.0,cap_hit,6822000.0,6822000.0,,,GS,1,,,,,,,,contract
al horford,2027,7163100.0,cap_hit,7163100.0,7163100.0,,,GS,1,,,,,,,,contract
al-farouq aminu,2010,2563320.0,base,,2563320.0,2563320.0,,LAC,1,,,2563320.0,,0.0,Active,1.0,career
al-farouq aminu,2011,2217890.0,base,,2217890.0,2217890.0,,NOH,1,,,,,,,,career
al-farouq aminu,2012,2947800.0,base,,2947800.0,2947800.0,,NOH,1,,,2947800.0,,0.0,Active,1.0,career
al-farouq aminu,2013,3749602.0,base,,3749602.0,3749602.0,,NO,1,,,3749602.0,,0.0,Active,1.0,career
al-farouq aminu,2014,981084.0,base,,981084.0,981084.0,,DAL,1,,,981084.0,,0.0,Active,1.0,career
al-farouq aminu,2015,8042895.0,base,,8042895.0,8042895.0,,POR,1,,,8042895.0,,0.0,Active,1.0,career
al-farouq aminu,2016,7680965.0,base,,7680965.0,7680965.0,,POR,1,,,7680965.0,,0.0,Active,1.0,career
al-farouq aminu,2017,7319035.0,base,,7319035.0,7319035.0,,POR,1,,,7319035.0,,0.0,Active,1.0,career
al-farouq aminu,2018,6957105.0,base,,6957105.0,6957105.0,,POR,1,,,6957105.0,,0.0,Active,1.0,career
al-farouq aminu,2019,8679375.0,base,,8679375.0,8679375.0,,ORL,1,,,8679375.0,,0.0,Active,1.0,career
al-farouq aminu,2020,3528820.0,base,,3528820.0,3528820.0,,CHI;ORL,2,9720900.0,6192080,3528820.0,6192080.0,0.0,Active;Retained,1.0,career
al-farouq aminu,2021,151821.0,base,,151821.0,151821.0,,BOS;SA,2,10335621.0,10183800,,10335621.0,0.0,Retained;Retained,0.0,career
alec burks,2011,1626015.0,base,,1626015.0,1626015.0,,UTA,1,,,,,,,,career
alec burks,2012,2111160.0,base,,2111160.0,2111160.0,,UTA,1,,,2111160.0,,0.0,Active,1.0,career
alec burks,2013,2202000.0,base,,2202000.0,2202000.0,,UTA,1,,,2202000.0,,0.0,Active,1.0,career
alec burks,2014,3034356.0,base,,3034356.0,3034356.0,,UTA,1,,,3034356.0,,0.0,Active,1.0,career
alec burks,2015,9213484.0,base,,9213484.0,9463484.0,250000.0,UTA,1,,,9463484.0,,0.0,Active,1.0,career
alec burks,2016,9904495.0,base,,9904495.0,10154495.0,250000.0,UTA,1,,,10154495.0,,0.0,Active,1.0,career
alec burks,2017,10595506.0,base,,10595506.0,10845506.0,250000.0,UTA,1,,,10845506.0,,0.0,Active,1.0,career
alec burks,2018,4463593.0,base,,4463593.0,4463593.0,250000.0,CLE;SAC;UTA,3,11286515.0,4081000;2741922,4331000.0,7205515.0,0.0,Retained;Active;Retained,1.0,career
alec burks,2019,1402512.0,base,,1402512.0,1402512.0,,GS;PHI,2,2175041.0,772529,772529.0,1402512.0,0.0,Retained;Active,1.0,career
alec burks,2020,6000000.0,base,,6000000.0,6000000.0,,NY,1,,,6000000.0,,0.0,Active,1.0,career
alec burks,2021,9536000.0,base,,9536000.0,9536000.0,,NY,1,,,9536000.0,,0.0,Active,1.0,career
alec burks,2022,10012800.0,base,,10012800.0,10012800.0,,DET,1,,,10012800.0,,0.0,Active,1.0,career
alec burks,2023,6510786.0,base,,6510786.0,6510786.0,,DET;NY,2,10489600.0,3978814,3978814.0,6510786.0,0.0,Retained;Active / Club Exercised,1.0,career
alec burks,2024,3303771.0,base,,3303771.0,3303771.0,,MIA,1,,,3303771.0,,0.0,Active,1.0,career
aleksej pokusevski,2020,2964840.0,base,,2964840.0,2964840.0,,OKC,1,,,2964840.0,,0.0,Active,1.0,career
aleksej pokusevski,2021,3113160.0,base,,3113160.0,3113160.0,,OKC,1,,,3113160.0,,0.0,Active,1.0,career
aleksej pokusevski,2022,3261480.0,base,,3261480.0,3261480.0,,OKC,1,,,3261480.0,,0.0,Active / Club Exercised,1.0,career
aleksej pokusevski,2023,565176.0,base,,565176.0,565176.0,,CHA;OKC,2,5574809.0,5009633,565176.0,5009633.0,0.0,Active;Retained,1.0,career
alex caruso,2016,50000.0,base,,50000.0,50000.0,,OKC,1,,,,50000.0,0.0,Retained,0.0,career
alex caruso,2019,2578125.0,base,,2578125.0,2578125.0,,LAL,1,,,2578125.0,,0.0,Active,1.0,career
alex caruso,2020,2750000.0,base,,2750000.0,2750000.0,,LAL,1,,,2750000.0,,0.0,Active,1.0,career
alex caruso,2021,8600000.0,cap_hit,8600000.0,8600000.0,,,CHI,1,,,8600000.0,,0.0,Active,1.0,contract
alex caruso,2022,9030000.0,cap_hit,9030000.0,9030000.0,,,CHI,1,,,9030000.0,,0.0,Active,1.0,contract
alex caruso,2023,9460000.0,cap_hit,9460000.0,9460000.0,,,CHI,1,,,9460000.0,,0.0,Active,1.0,contract
alex caruso,2024,9890000.0,cap_hit,9890000.0,9890000.0,,,OKC,1,,,9890000.0,,205988.0,Active;NBA Cup,1.0,contract
alex caruso,2025,18102000.0,cap_hit,18102000.0,18102000.0,,,OKC,1,,,18102000.0,,106187.0,Active;NBA Cup,1.0,contract
alex caruso,2026,19550160.0,cap_hit,19550160.0,19550160.0,,,OKC,1,,,19550160.0,,0.0,Active,1.0,contract
alex caruso,2027,20998320.0,cap_hit,20998320.0,20998320.0,,,OKC,1,,,20998320.0,,0.0,Active,1.0,contract
alex caruso,2028,22446480.0,cap_hit,22446480.0,22446480.0,,,OKC,1,,,22446480.0,,0.0,Active,1.0,contract
alex len,2013,3492720.0,base,,3492720.0,3492720.0,,PHX,1,,,3492720.0,,0.0,Active,1.0,career
alex len,2014,3649920.0,base,,3649920.0,3649920.0,,PHX,1,,,3649920.0,,0.0,Active,1.0,career
alex len,2015,3807120.0,base,,3807120.0,3807120.0,,PHX,1,,,3807120.0,,0.0,Active,1.0,career
alex len,2016,4823621.0,base,,4823621.0,4823621.0,,PHX,1,,,4823621.0,,0.0,Active,1.0,career
alex len,2017,4187598.0,base,,4187598.0,4187598.0,,PHX,1,,,4187598.0,,0.0,Active,1.0,career
alex len,2018,4350000.0,base,,4350000.0,4350000.0,,ATL,1,,,4350000.0,,0.0,Active,1.0,career
alex len,2019,2514802.0,base,,2514802.0,2514802.0,,ATL;SAC,2,3900000.0,1385198,1385198.0,2514802.0,0.0,Retained;Active,1.0,career
alex len,2020,2258000.0,base,,2258000.0,2258000.0,,TOR;WSH,2,3955755.0,1697755,1697755.0,2258000.0,0.0,Retained;Active,1.0,career
alex len,2021,3732000.0,base,,3732000.0,3732000.0,,SAC,1,,,3732000.0,,0.0,Active,1.0,career
alex len,2022,3918600.0,base,,3918600.0,3918600.0,,SAC,1,,,3918600.0,,0.0,Active,1.0,career
alex len,2023,3196448.0,base,,3196448.0,3196448.0,,SAC,1,,50000,3196448.0,,50000.0,Active;NBA Cup,1.0,career
alex len,2024,1177206.0,base,,1177206.0,1177206.0,,LAL;SAC;WSH,3,4480977.0,2050616;1253155,1177206.0,3303771.0,0.0,Active;Retained;Retained,1.0,career
alex sarr,2024,11245680.0,cap_hit,11245680.0,11245680.0,,,WSH,1,,,,,,,,contract
alex sarr,2025,11808240.0,cap_hit,11808240.0,11808240.0,,,WSH,1,,,,,,,,contract
alex sarr,2026,12370680.0,cap_hit,12370680.0,12370680.0,,,WSH,1,,,,,,,,contract
alex sarr,2027,15611798.0,cap_hit,15611798.0,15611798.0,,,WSH,1,,,,,,,,contract
alfonzo mckinnie,2017,815615.0,base,,815615.0,815615.0,,TOR,1,,,815615.0,,0.0,Active,1.0,career
alfonzo mckinnie,2018,1349383.0,base,,1349383.0,1349383.0,,GS,1,,,1349383.0,,0.0,Active,1.0,career
alfonzo mckinnie,2019,1406250.0,base,,1406250.0,1406250.0,,CLE,1,,708871;91557;91557,1406250.0,891985.0,0.0,Active;Retained;Retained;Retained,1.0,career
alfonzo mckinnie,2020,1762796.0,base,,1762796.0,1762796.0,,LAL,1,,,1762796.0,,0.0,Active,1.0,career
alfonzo mckinnie,2021,1090007.0,base,,1090007.0,1090007.0,,CHI,1,,102831;101088,,1293926.0,0.0,Retained;Retained;Retained,0.0,career
alijah martin,2025,85300.0,base,,85300.0,85300.0,,TOR,1,,26547,,,,,,career
alijah martin,2026,2185116.0,cap_hit,2185116.0,2185116.0,,,TOR,1,,,,,,,,contract
alijah martin,2027,2571895.0,cap_hit,2571895.0,2571895.0,,,TOR,1,,,,,,,,contract
alize johnson,2018,838464.0,base,,838464.0,838464.0,,IND,1,,,838464.0,,0.0,Active,1.0,career
alize johnson,2019,1328299.0,base,,1328299.0,1328299.0,,IND,1,,,1328299.0,,0.0,Active,1.0,career
alize johnson,2020,399591.0,base,,399591.0,399591.0,,BKN,1,,110998;110998,399591.0,221996.0,0.0,Active;Retained;Retained,1.0,career
alize johnson,2021,705598.0,base,,705598.0,705598.0,,CHI;NO;WSH,3,1003738.0,99380;99380;99380,,1003738.0,0.0,Retained;Retained;Retained;Retained,0.0,career
alize johnson,2022,192293.0,base,,192293.0,192293.0,,SA,1,,,,192293.0,0.0,Retained,0.0,career
allen crabbe,2013,825000.0,base,,825000.0,825000.0,,POR,1,,,825000.0,,0.0,Active,1.0,career
allen crabbe,2014,862000.0,base,,862000.0,862000.0,,POR,1,,,862000.0,,0.0,Active,1.0,career
allen crabbe,2015,947276.0,base,,947276.0,947276.0,,POR,1,,,947276.0,,0.0,Active,1.0,career
allen crabbe,2016,18500000.0,base,,18500000.0,18500000.0,,POR,1,,,18500000.0,,0.0,Active,1.0,career
allen crabbe,2017,19332500.0,base,,19332500.0,19332500.0,,BKN,1,,,19332500.0,,0.0,Active,1.0,career
allen crabbe,2018,18500000.0,base,,18500000.0,18500000.0,,BKN,1,,,18500000.0,,0.0,Active,1.0,career
allen crabbe,2019,8988701.0,base,,8988701.0,8988701.0,,ATL;MIN,2,26807157.0,17818456,,26807157.0,0.0,Retained;Retained,0.0,career
allonzo trier,2018,3382000.0,base,,3382000.0,3382000.0,,NY,1,,,3382000.0,,0.0,Active,1.0,career
allonzo trier,2019,3551100.0,base,,3551100.0,3551100.0,,NY,1,,,,3551100.0,0.0,Retained,0.0,career
alondes williams,2025,136717.0,base,,136717.0,136717.0,,WSH,1,,,,136717.0,0.0,Retained,0.0,career
amari williams,2025,490128.0,base,,490128.0,490128.0,,BOS,1,,,490128.0,,0.0,Active,1.0,career
amari williams,2026,679042.0,base,,679042.0,679042.0,,BOS,1,,,679042.0,,0.0,Active,1.0,contract
amen thompson,2023,8809320.0,cap_hit,8809320.0,8809320.0,,,HOU,1,,,,,,,,contract
amen thompson,2024,9249960.0,cap_hit,9249960.0,9249960.0,,,HOU,1,,,,,,,,contract
amen thompson,2025,9690600.0,cap_hit,9690600.0,9690600.0,,,HOU,1,,,,,,,,contract
amen thompson,2026,12258609.0,cap_hit,12258609.0,12258609.0,,,HOU,1,,,,,,,,contract
amile jefferson,2017,4608.0,base,,4608.0,4608.0,,MIN,1,,,4608.0,,0.0,Active,1.0,career
amile jefferson,2019,1519851.0,base,,1519851.0,1519851.0,,ORL,1,,,,1519851.0,0.0,Retained,0.0,career
amir coffey,2021,153488.0,base,,153488.0,153488.0,,LAC,1,,,153488.0,,0.0,Active,1.0,career
amir coffey,2022,3395062.0,base,,3395062.0,3395062.0,,LAC,1,,,3395062.0,,0.0,Active,1.0,career
amir coffey,2023,3666667.0,base,,3666667.0,3666667.0,,LAC,1,,,3666667.0,,0.0,Active,1.0,career
amir coffey,2024,3938271.0,base,,3938271.0,3938271.0,,LAC,1,,,3938271.0,,0.0,Active,1.0,career
amir coffey,2025,2296274.0,cap_hit,2296274.0,2874436.0,,,PHX,1,,,1090303.0,1784133.0,0.0,Active;Retained,1.0,contract
andre drummond,2012,2356320.0,base,,2356320.0,2356320.0,,DET,1,,,2356320.0,,0.0,Active,1.0,career
andre drummond,2013,2462400.0,base,,2462400.0,2462400.0,,DET,1,,,2462400.0,,0.0,Active,1.0,career
andre drummond,2014,2568360.0,base,,2568360.0,2568360.0,,DET,1,,,2568360.0,,0.0,Active,1.0,career
andre drummond,2015,3272090.0,base,,3272090.0,3272090.0,,DET,1,,,3272090.0,,0.0,Active,1.0,career
andre drummond,2016,22116750.0,base,,22116750.0,22116750.0,,DET,1,,,22116750.0,,0.0,Active,1.0,career
andre drummond,2017,23775506.0,base,,23775506.0,23775506.0,,DET,1,,,23775506.0,,0.0,Active,1.0,career
andre drummond,2018,25434263.0,base,,25434263.0,25434263.0,,DET,1,,,25434263.0,,0.0,Active,1.0,career
andre drummond,2019,9021439.0,base,,9021439.0,9021439.0,857180.0,CLE;DET,2,25399705.0,16378266,9021439.0,16378266.0,0.0,Active;Retained,1.0,career
andre drummond,2020,27957238.0,base,,27957238.0,27957238.0,,CLE;LAL,2,28751774.0,794536,794536.0,27957238.0,0.0,Retained;Active,1.0,career
andre drummond,2021,814314.0,base,,814314.0,814314.0,,BKN;PHI,2,2401537.0,1587223,814314.0,1587223.0,0.0,Active;Retained,1.0,career
andre drummond,2022,3200000.0,base,,3200000.0,3200000.0,,CHI,1,,,3200000.0,,0.0,Active,1.0,career
andre drummond,2023,3360000.0,base,,3360000.0,3360000.0,,CHI,1,,,3360000.0,,0.0,Active / Player Exercised,1.0,career
andre drummond,2024,5000000.0,base,,5000000.0,5000000.0,,PHI,1,,,5000000.0,,0.0,Active,1.0,career
andre drummond,2025,5000000.0,base,,5000000.0,5000000.0,,PHI,1,,,5000000.0,,0.0,Active / Player Exercised,1.0,career
andre drummond,2026,2449421.0,cap_hit,2449421.0,3876529.0,,,NY,1,,,3876529.0,,0.0,Active,1.0,contract
andre iguodala,2004,1914480.0,base,,1914480.0,1914480.0,,PHI,1,,,1914480.0,,0.0,Active,1.0,career
andre iguodala,2005,2058000.0,base,,2058000.0,2058000.0,,PHI,1,,,2058000.0,,0.0,Active,1.0,career
andre iguodala,2006,2201640.0,base,,2201640.0,2201640.0,,PHI,1,,,2201640.0,,0.0,Active,1.0,career
andre iguodala,2007,2804889.0,base,,2804889.0,2804889.0,,PHI,1,,,2804889.0,,0.0,Active,1.0,career
andre iguodala,2008,11300000.0,base,,11300000.0,11300000.0,,PHI,1,,,11300000.0,,0.0,Active,1.0,career
andre iguodala,2009,12200000.0,base,,12200000.0,12200000.0,,PHI,1,,,12200000.0,,0.0,Active,1.0,career
andre iguodala,2010,12345250.0,base,,12345250.0,12345250.0,,PHI,1,,,12345250.0,,0.0,Active,1.0,career
andre iguodala,2011,10891409.0,base,,10891409.0,10891409.0,,PHI,1,,,,,,,,career
andre iguodala,2012,14968250.0,base,,14968250.0,14968250.0,,DEN,1,,,14968250.0,,0.0,Active,1.0,career
andre iguodala,2013,12868632.0,base,,12868632.0,12868632.0,,GS,1,,,12868632.0,,0.0,Active,1.0,career
andre iguodala,2014,12289544.0,base,,12289544.0,12289544.0,,GS,1,,,12289544.0,,0.0,Active,1.0,career
andre iguodala,2015,11710456.0,base,,11710456.0,11710456.0,,GS,1,,,11710456.0,,0.0,Active,1.0,career
andre iguodala,2016,11131368.0,base,,11131368.0,11131368.0,,GS,1,,,11131368.0,,0.0,Active,1.0,career
andre iguodala,2017,14814815.0,base,,14814815.0,14814815.0,,GS,1,,,14814815.0,,0.0,Active,1.0,career
andre iguodala,2018,16000000.0,base,,16000000.0,16000000.0,,GS,1,,,16000000.0,,0.0,Active,1.0,career
andre iguodala,2019,10388784.0,base,,10388784.0,10388784.0,,MEM;MIA,2,16111111.0,5722327,5722327.0,10388784.0,0.0,Retained;Active,1.0,career
andre iguodala,2020,14062500.0,base,,14062500.0,14062500.0,,MIA,1,,,14062500.0,,0.0,Active,1.0,career
andre iguodala,2021,2641691.0,base,,2641691.0,2641691.0,,GS,1,,,2641691.0,,0.0,Active,1.0,career
andre iguodala,2022,1836090.0,cap_hit,1836090.0,2905851.0,,,GS,1,,,2905851.0,,0.0,Active,1.0,contract
andre jackson jr.,2023,1119563.0,base,,1119563.0,1119563.0,,MIL,1,,100000,1119563.0,,100000.0,Active;NBA Cup,1.0,career
andre jackson jr.,2024,1891857.0,base,,1891857.0,1891857.0,,MIL,1,,514970,1891857.0,,514970.0,Active;NBA Cup,1.0,career
andre jackson jr.,2025,2221677.0,base,,2221677.0,2221677.0,,MIL,1,,,2221677.0,,0.0,Active,1.0,career
andre jackson jr.,2026,2537526.0,base,,2537526.0,,,TOR,1,,,,,,,,contract
andre roberson,2013,740560.0,base,,740560.0,740560.0,,OKC,1,,,740560.0,,0.0,Active,1.0,career
andre roberson,2014,1160880.0,base,,1160880.0,1160880.0,,OKC,1,,,1160880.0,,0.0,Active,1.0,career
andre roberson,2015,1210800.0,base,,1210800.0,1210800.0,,OKC,1,,,1210800.0,,0.0,Active,1.0,career
andre roberson,2016,2183072.0,base,,2183072.0,2183072.0,,OKC,1,,,2183072.0,,0.0,Active,1.0,career
andre roberson,2017,9259260.0,base,,9259260.0,9259260.0,,OKC,1,,,9259260.0,,0.0,Active,1.0,career
andre roberson,2018,10000000.0,base,,10000000.0,10000000.0,,OKC,1,,,10000000.0,,0.0,Active,1.0,career
andre roberson,2019,10069444.0,base,,10069444.0,10069444.0,,OKC,1,,,10069444.0,,0.0,Active,1.0,career
andre roberson,2020,163818.0,base,,163818.0,163818.0,,BKN,1,,138945,,302763.0,0.0,Retained;Retained,0.0,career
andrew nembhard,2022,2244111.0,cap_hit,2244111.0,2244111.0,,,IND,1,,,,,,,,contract
andrew nembhard,2023,2131905.0,cap_hit,2131905.0,2131905.0,,,IND,1,,,,,,,,contract
andrew nembhard,2024,2019699.0,cap_hit,2019699.0,2019699.0,,,IND,1,,,,,,,,contract
andrew nembhard,2025,18102000.0,cap_hit,18102000.0,18102000.0,,,IND,1,,,,,,,,contract
andrew nembhard,2026,19550160.0,cap_hit,19550160.0,19550160.0,,,IND,1,,,,,,,,contract
andrew nembhard,2027,20998320.0,cap_hit,20998320.0,20998320.0,,,IND,1,,,,,,,,contract
andrew wiggins,2014,5510640.0,base,,5510640.0,5510640.0,,MIN,1,,,,,,,,career
andrew wiggins,2015,5758680.0,base,,5758680.0,5758680.0,,MIN,1,,,,,,,,career
andrew wiggins,2016,6006600.0,base,,6006600.0,6006600.0,,MIN,1,,,,,,,,career
andrew wiggins,2017,7574323.0,base,,7574323.0,7574323.0,,MIN,1,,,,,,,,career
andrew wiggins,2018,25467250.0,base,,25467250.0,25467250.0,,MIN,1,,,,,,,,career
andrew wiggins,2019,9158498.0,base,,9158498.0,9158498.0,,GS;MIN,2,25785591.0,16627093,,,,,,career
andrew wiggins,2020,29542010.0,base,,29542010.0,29542010.0,,GS,1,,,,,,,,career
andrew wiggins,2021,31579390.0,base,,31579390.0,31579390.0,,GS,1,,,,,,,,career
andrew wiggins,2022,33616770.0,base,,33616770.0,33616770.0,,GS,1,,,,,,,,career
andrew wiggins,2023,24330357.0,cap_hit,24330357.0,24330357.0,,,GS,1,,,,,,,,contract
andrew wiggins,2024,26276786.0,cap_hit,26276786.0,26276786.0,,,MIA,1,,,,,,,,contract
andrew wiggins,2025,28223215.0,cap_hit,28223215.0,28223215.0,,,MIA,1,,,,,,,,contract
andrew wiggins,2026,30169644.0,cap_hit,30169644.0,30169644.0,,,MIA,1,,,,,,,,contract
andrew wiggins,2027,16510000.0,cap_hit,16510000.0,16510000.0,,,MIA,1,,,,,,,,contract
andrew wiggins,2028,17320356.0,cap_hit,17320356.0,17320356.0,,,MIA,1,,,,,,,,contract
anfernee simons,2018,1835520.0,base,,1835520.0,1835520.0,,POR,1,,,,,,,,career
anfernee simons,2019,2015213.0,base,,2015213.0,2015213.0,,POR,1,,,,,,,,career
anfernee simons,2020,2252040.0,base,,2252040.0,2252040.0,,POR,1,,,,,,,,career
anfernee simons,2021,3938818.0,base,,3938818.0,3938818.0,,POR,1,,,,,,,,career
anfernee simons,2022,22321429.0,base,,22321429.0,22321429.0,,POR,1,,,,,,,,career
anfernee simons,2023,24107143.0,base,,24107143.0,24107143.0,,POR,1,,,,,,,,career
anfernee simons,2024,25892857.0,base,,25892857.0,25892857.0,,POR,1,,,,,,,,career
anfernee simons,2025,10498768.0,base,,10498768.0,10498768.0,,CHI;BOS,2,27678571.0,17179803,,,,,,career
anfernee simons,2026,6000000.0,cap_hit,6000000.0,6000000.0,,,PHI,1,,,,,,,,contract
anfernee simons,2027,6300000.0,cap_hit,6300000.0,6300000.0,,,PHI,1,,,,,,,,contract
anthony black,2023,7245480.0,cap_hit,7245480.0,7245480.0,,,ORL,1,,,,,,,,contract
anthony black,2024,7607760.0,cap_hit,7607760.0,7607760.0,,,ORL,1,,,,,,,,contract
anthony black,2025,7970280.0,cap_hit,7970280.0,7970280.0,,,ORL,1,,,,,,,,contract
anthony black,2026,10106316.0,cap_hit,10106316.0,10106316.0,,,ORL,1,,,,,,,,contract
anthony davis,2012,5144280.0,base,,5144280.0,5144280.0,,NOH,1,,,,,,,,career
anthony davis,2013,5375760.0,base,,5375760.0,5375760.0,,NO,1,,,,,,,,career
anthony davis,2014,5607240.0,base,,5607240.0,5607240.0,,NO,1,,,,,,,,career
anthony davis,2015,7070730.0,base,,7070730.0,7070730.0,,NO,1,,,,,,,,career
anthony davis,2016,22116750.0,base,,22116750.0,22116750.0,,NO,1,,,,,,,,career
anthony davis,2017,23775506.0,base,,23775506.0,23775506.0,,NO,1,,,,,,,,career
anthony davis,2018,25434263.0,base,,25434263.0,25434263.0,,NO,1,,,,,,,,career
anthony davis,2019,25399705.0,base,,25399705.0,25399705.0,,LAL,1,,,,,,,,career
anthony davis,2020,32742000.0,base,,32742000.0,32742000.0,,LAL,1,,,,,,,,career
anthony davis,2021,35361360.0,base,,35361360.0,35361360.0,,LAL,1,,,,,,,,career
anthony davis,2022,37980720.0,base,,37980720.0,37980720.0,,LAL,1,,,,,,,,career
anthony davis,2023,40600080.0,base,,40600080.0,40600080.0,,LAL,1,,500000,,,,,,career
anthony davis,2024,17635519.0,base,,17635519.0,17635519.0,,DAL;LAL,2,43219440.0,25583921,,,,,,career
anthony davis,2025,54126450.0,cap_hit,54126450.0,54126450.0,,,WSH,1,,,,,,,,contract
anthony davis,2026,58456566.0,cap_hit,58456566.0,58456566.0,,,WSH,1,,,,,,,,contract
anthony davis,2027,62786682.0,cap_hit,62786682.0,62786682.0,,,WSH,1,,,,,,,,contract
anthony edwards,2020,9757440.0,base,,9757440.0,9757440.0,,MIN,1,,,9757440.0,,0.0,Active,1.0,career
anthony edwards,2021,10245480.0,base,,10245480.0,10245480.0,,MIN,1,,,10245480.0,,0.0,Active,1.0,career
anthony edwards,2022,10733400.0,base,,10733400.0,10733400.0,,MIN,1,,,10733400.0,,0.0,Active / Club Exercised,1.0,career
anthony edwards,2023,13534817.0,base,,13534817.0,13534817.0,,MIN,1,,,13534817.0,,0.0,Active / Club Exercised,1.0,career
anthony edwards,2024,42176400.0,cap_hit,42176400.0,42176400.0,,,MIN,1,,,42176400.0,,0.0,Active,1.0,contract
anthony edwards,2025,45550512.0,cap_hit,45550512.0,45550512.0,,,MIN,1,,,45550512.0,,0.0,Active,1.0,contract
anthony edwards,2026,48924624.0,cap_hit,48924624.0,48924624.0,,,MIN,1,,,48924624.0,,0.0,Active,1.0,contract
anthony edwards,2027,52298736.0,cap_hit,52298736.0,52298736.0,,,MIN,1,,,52298736.0,,0.0,Active,1.0,contract
anthony edwards,2028,55672848.0,cap_hit,55672848.0,55672848.0,,,MIN,1,,,55672848.0,,0.0,Active,1.0,contract
anthony gill,2020,898310.0,base,,898310.0,898310.0,,WSH,1,,,898310.0,,0.0,Active,1.0,career
anthony gill,2021,1517981.0,base,,1517981.0,1517981.0,,WSH,1,,,1517981.0,,0.0,Active,1.0,career
anthony gill,2022,1836090.0,base,,1836090.0,1836090.0,,WSH,1,,,1836090.0,,0.0,Active,1.0,career
anthony gill,2023,1997238.0,base,,1997238.0,1997238.0,,WSH,1,,,1997238.0,,0.0,Active,1.0,career
anthony gill,2024,2237691.0,base,,2237691.0,2237691.0,,WSH,1,,,2237691.0,,0.0,Active,1.0,career
anthony gill,2025,2296274.0,cap_hit,2296274.0,2667947.0,,,WSH,1,,,2667947.0,,0.0,Active,1.0,contract
anthony lamb,2021,85578.0,base,,85578.0,85578.0,,SA,1,,,,85578.0,0.0,Retained,0.0,career
anthony lamb,2022,253254.0,base,,253254.0,253254.0,,GS,1,,,253254.0,,0.0,Active,1.0,career
anthony tolliver,2008,41854.0,base,,41854.0,41854.0,,NOH;SA,2,343202.0,301348,,343202.0,0.0,Retained;Retained,0.0,career
anthony tolliver,2009,335055.0,base,,335055.0,335055.0,,GS;POR,2,505011.0,48559;48559;72838,335055.0,169956.0,0.0,Active;Retained;Retained;Retained,1.0,career
anthony tolliver,2010,2200000.0,base,,2200000.0,2200000.0,,MIN,1,,,2200000.0,,0.0,Active,1.0,career
anthony tolliver,2011,1650000.0,base,,1650000.0,1650000.0,,MIN,1,,,,,,,,career
anthony tolliver,2012,915852.0,base,,915852.0,915852.0,,ATL,1,,,915852.0,,0.0,Active,1.0,career
anthony tolliver,2013,1027424.0,base,,1027424.0,1027424.0,,,0,,,1027424.0,,0.0,Active,1.0,career
anthony tolliver,2014,3000000.0,base,,3000000.0,3000000.0,,DET,1,,,3000000.0,,0.0,Active,1.0,career
anthony tolliver,2015,3000000.0,base,,3000000.0,3000000.0,,DET,1,,,3000000.0,,0.0,Active,1.0,career
anthony tolliver,2016,8000000.0,base,,8000000.0,8000000.0,,SAC,1,,,8000000.0,,0.0,Active,1.0,career
anthony tolliver,2017,3290000.0,base,,3290000.0,3290000.0,,DET;SAC,2,5290000.0,2000000,3290000.0,2000000.0,0.0,Active;Retained,1.0,career
anthony tolliver,2018,5750000.0,base,,5750000.0,5750000.0,,MIN,1,,,5750000.0,,0.0,Active,1.0,career
anthony tolliver,2019,289803.0,base,,289803.0,289803.0,,MEM;POR;SAC,3,2854556.0,1318602;1101250;144901,289803.0,2564753.0,0.0,Active;Retained;Retained;Retained,1.0,career
anthony tolliver,2020,263502.0,base,,263502.0,263502.0,,PHI,1,,175668;175668,263502.0,351336.0,0.0,Active;Retained;Retained,1.0,career
antonio blakeney,2018,1349383.0,base,,1349383.0,1349383.0,,CHI,1,,,1349383.0,,0.0,Active,1.0,career
antonio blakeney,2019,1488231.0,base,,1488231.0,1488231.0,,CHI,1,,,,1488231.0,0.0,Retained,0.0,career
ariel hukporti,2024,1064049.0,base,,1064049.0,1064049.0,,NY,1,,51497,1064049.0,,51497.0,Active;NBA Cup,1.0,career
ariel hukporti,2025,1955377.0,base,,1955377.0,1955377.0,,NY,1,,530933,1955377.0,,530933.0,Active / Club Exercised;NBA Cup,1.0,career
ariel hukporti,2026,3400000.0,cap_hit,3400000.0,3400000.0,,,PHI,1,,,3400000.0,,0.0,Active,1.0,contract
armoni brooks,2021,250000.0,base,,250000.0,250000.0,,TOR;HOU,2,1910221.0,85578;85578;1489065,250000.0,1660221.0,0.0,Active;Retained;Retained;Retained,1.0,career
armoni brooks,2022,50000.0,base,,50000.0,50000.0,,TOR,1,,,,50000.0,0.0,Retained,0.0,career
aron baynes,2012,239588.0,base,,239588.0,239588.0,,SA,1,,,239588.0,,0.0,Active,1.0,career
aron baynes,2013,788872.0,base,,788872.0,788872.0,,SA,1,,,788872.0,,0.0,Active,1.0,career
aron baynes,2014,2077000.0,base,,2077000.0,2077000.0,,SA,1,,,2077000.0,,0.0,Active,1.0,career
aron baynes,2015,6500000.0,base,,6500000.0,6500000.0,,DET,1,,,6500000.0,,0.0,Active,1.0,career
aron baynes,2016,6500000.0,base,,6500000.0,6500000.0,,DET,1,,,6500000.0,,0.0,Active,1.0,career
aron baynes,2017,4328000.0,base,,4328000.0,4328000.0,,BOS,1,,,4328000.0,,0.0,Active,1.0,career
aron baynes,2018,5193600.0,base,,5193600.0,5193600.0,,BOS,1,,,5193600.0,,0.0,Active,1.0,career
aron baynes,2019,5112450.0,base,,5112450.0,5112450.0,,PHX,1,,,5112450.0,,0.0,Active,1.0,career
aron baynes,2020,7000000.0,base,,7000000.0,7000000.0,,TOR,1,,,7000000.0,,0.0,Active,1.0,career
asa newell,2025,3237480.0,cap_hit,3237480.0,3237480.0,,,ATL,1,,,,,,,,contract
asa newell,2026,3399480.0,cap_hit,3399480.0,3399480.0,,,ATL,1,,,,,,,,contract
asa newell,2027,3560880.0,cap_hit,3560880.0,3560880.0,,,ATL,1,,,,,,,,contract
asa newell,2028,6042814.0,cap_hit,6042814.0,6042814.0,,,ATL,1,,,,,,,,contract
ausar thompson,2023,7977480.0,cap_hit,7977480.0,7977480.0,,,DET,1,,,,,,,,contract
ausar thompson,2024,8376000.0,cap_hit,8376000.0,8376000.0,,,DET,1,,,,,,,,contract
ausar thompson,2025,8775000.0,cap_hit,8775000.0,8775000.0,,,DET,1,,,,,,,,contract
ausar thompson,2026,11117925.0,cap_hit,11117925.0,11117925.0,,,DET,1,,,,,,,,contract
austin reaves,2021,925258.0,base,,925258.0,925258.0,,LAL,1,,,,,,,,career
austin reaves,2022,1563518.0,base,,1563518.0,1563518.0,,LAL,1,,,,,,,,career
austin reaves,2023,12015150.0,base,,12015150.0,12015150.0,,LAL,1,,500000,,,,,,career
austin reaves,2024,12976362.0,base,,12976362.0,12976362.0,,LAL,1,,,,,,,,career
austin reaves,2025,13937574.0,base,,13937574.0,13937574.0,,LAL,1,,53093,,,,,,career
austin reaves,2026,41240250.0,cap_hit,41240250.0,41240250.0,,,LAL,1,,,,,,,,contract
austin reaves,2027,42954030.0,cap_hit,42954030.0,42954030.0,,,LAL,1,,,,,,,,contract
austin reaves,2028,46253250.0,cap_hit,46253250.0,46253250.0,,,LAL,1,,,,,,,,contract
austin reaves,2029,49552470.0,cap_hit,49552470.0,49552470.0,,,LAL,1,,,,,,,,contract
austin rivers,2012,2238360.0,base,,2238360.0,2238360.0,,NOH,1,,,2238360.0,,0.0,Active,1.0,career
austin rivers,2013,2339040.0,base,,2339040.0,2339040.0,,NO,1,,,2339040.0,,0.0,Active,1.0,career
austin rivers,2014,2439840.0,base,,2439840.0,2439840.0,,LAC,1,,,2439840.0,,0.0,Active,1.0,career
austin rivers,2015,3110796.0,base,,3110796.0,3110796.0,,LAC,1,,,3110796.0,,0.0,Active,1.0,career
austin rivers,2016,11000000.0,base,,11000000.0,11000000.0,,LAC,1,,,11000000.0,,0.0,Active,1.0,career
austin rivers,2017,11825000.0,base,,11825000.0,11825000.0,,LAC,1,,,11825000.0,,0.0,Active,1.0,career
austin rivers,2018,1155323.0,base,,1155323.0,1155323.0,,HOU;PHX;WSH,3,13155323.0,7711864;4288136,1155323.0,12000000.0,0.0,Active;Retained;Retained,1.0,career
austin rivers,2019,2038423.0,base,,2038423.0,2038423.0,,HOU,1,,,2038423.0,,0.0,Active,1.0,career
austin rivers,2020,270142.0,base,,270142.0,270142.0,,DEN;NY;OKC,3,3905076.0,158907;2229452;1246575,270142.0,3634934.0,0.0,Active;Retained;Retained;Retained,1.0,career
austin rivers,2021,2401537.0,base,,2401537.0,2401537.0,,DEN,1,,,2401537.0,,0.0,Active,1.0,career
austin rivers,2022,2905851.0,base,,2905851.0,2905851.0,,MIN,1,,,2905851.0,,0.0,Active,1.0,career
avery bradley,2010,1418160.0,base,,1418160.0,1418160.0,,BOS,1,,,1418160.0,,0.0,Active,1.0,career
avery bradley,2011,1227020.0,base,,1227020.0,1227020.0,,BOS,1,,,,,,,,career
avery bradley,2012,1630800.0,base,,1630800.0,1630800.0,,BOS,1,,,1630800.0,,0.0,Active,1.0,career
avery bradley,2013,2511432.0,base,,2511432.0,2511432.0,,BOS,1,,,2511432.0,,0.0,Active,1.0,career
avery bradley,2014,7191011.0,base,,7191011.0,7191011.0,,BOS,1,,,7191011.0,,0.0,Active,1.0,career
avery bradley,2015,7730337.0,base,,7730337.0,7730337.0,,BOS,1,,,7730337.0,,0.0,Active,1.0,career
avery bradley,2016,8269663.0,base,,8269663.0,8269663.0,,BOS,1,,,8269663.0,,0.0,Active,1.0,career
avery bradley,2017,3583318.0,base,,3583318.0,3583318.0,,LAC;DET,2,8808989.0,5225671,3583318.0,5225671.0,0.0,Active;Retained,1.0,career
avery bradley,2018,4271186.0,base,,4271186.0,4271186.0,,MEM;LAC,2,12000000.0,7728814,4271186.0,7728814.0,0.0,Active;Retained,1.0,career
avery bradley,2019,4469063.0,base,,4469063.0,4469063.0,,LAL;MEM,2,6469063.0,2000000,,2000000.0,4469063.0,Reserve;Retained,0.0,career
avery bradley,2020,5635000.0,base,,5635000.0,5635000.0,,HOU;MIA,2,9224418.0,3589418,5635000.0,3589418.0,0.0,Active;Retained,1.0,career
avery bradley,2021,2641691.0,base,,2641691.0,2641691.0,,LAL,1,,,2641691.0,,0.0,Active,1.0,career
ayo dosunmu,2021,925258.0,base,,925258.0,925258.0,,CHI,1,,,,,,,,career
ayo dosunmu,2022,1563518.0,base,,1563518.0,1563518.0,,CHI,1,,,,,,,,career
ayo dosunmu,2023,6481482.0,base,,6481482.0,6481482.0,,CHI,1,,,,,,,,career
ayo dosunmu,2024,7000000.0,base,,7000000.0,7000000.0,,CHI,1,,,,,,,,career
ayo dosunmu,2025,2851852.0,base,,2851852.0,2851852.0,,MIN;CHI,2,7518518.0,4666666,,,,,,career
ayo dosunmu,2026,19310345.0,cap_hit,19310345.0,19310345.0,,,MIN,1,,,,,,,,contract
ayo dosunmu,2027,20855173.0,cap_hit,20855173.0,20855173.0,,,MIN,1,,,,,,,,contract
ayo dosunmu,2028,22400001.0,cap_hit,22400001.0,22400001.0,,,MIN,1,,,,,,,,contract
ayo dosunmu,2029,23944829.0,cap_hit,23944829.0,23944829.0,,,MIN,1,,,,,,,,contract
ayo dosunmu,2030,25489652.0,cap_hit,25489652.0,25489652.0,,,MIN,1,,,,,,,,contract
bam adebayo,2017,2490360.0,base,,2490360.0,2490360.0,,MIA,1,,,,,,,,career
bam adebayo,2018,2955840.0,base,,2955840.0,2955840.0,,MIA,1,,,,,,,,career
bam adebayo,2019,3238200.0,base,,3238200.0,3238200.0,,MIA,1,,,,,,,,career
bam adebayo,2020,5115492.0,base,,5115492.0,5115492.0,,MIA,1,,,,,,,,career
bam adebayo,2021,28103500.0,cap_hit,28103500.0,28103500.0,,,MIA,1,,,,,,,,contract
bam adebayo,2022,30351780.0,cap_hit,30351780.0,30351780.0,,,MIA,1,,,,,,,,contract
bam adebayo,2023,32600060.0,cap_hit,32600060.0,32600060.0,,,MIA,1,,,,,,,,contract
bam adebayo,2024,34848340.0,cap_hit,34848340.0,34848340.0,,,MIA,1,,,,,,,,contract
bam adebayo,2025,37096620.0,cap_hit,37096620.0,37096620.0,,,MIA,1,,,,,,,,contract
bam adebayo,2026,49488300.0,cap_hit,49488300.0,49488300.0,,,MIA,1,,,,,,,,contract
bam adebayo,2027,53447364.0,cap_hit,53447364.0,53447364.0,,,MIA,1,,,,,,,,contract
bam adebayo,2028,57406428.0,cap_hit,57406428.0,57406428.0,,,MIA,1,,,,,,,,contract
baylor scheierman,2024,2494320.0,cap_hit,2494320.0,2494320.0,,,BOS,1,,,,,,,,contract
baylor scheierman,2025,2619000.0,cap_hit,2619000.0,2619000.0,,,BOS,1,,,,,,,,contract
baylor scheierman,2026,2744040.0,cap_hit,2744040.0,2744040.0,,,BOS,1,,,,,,,,contract
baylor scheierman,2027,4952993.0,cap_hit,4952993.0,4952993.0,,,BOS,1,,,,,,,,contract
ben mclemore,2013,2895960.0,base,,2895960.0,2895960.0,,SAC,1,,,2895960.0,,0.0,Active,1.0,career
ben mclemore,2014,3026280.0,base,,3026280.0,3026280.0,,SAC,1,,,3026280.0,,0.0,Active,1.0,career
ben mclemore,2015,3156600.0,base,,3156600.0,3156600.0,,SAC,1,,,3156600.0,,0.0,Active,1.0,career
ben mclemore,2016,4008882.0,base,,4008882.0,4008882.0,,SAC,1,,,4008882.0,,0.0,Active,1.0,career
ben mclemore,2017,5200000.0,base,,5200000.0,5200000.0,,MEM,1,,,5200000.0,,0.0,Active,1.0,career
ben mclemore,2018,5460000.0,base,,5460000.0,5460000.0,,SAC,1,,,,5460000.0,0.0,Retained,0.0,career
ben mclemore,2019,1901807.0,base,,1901807.0,1901807.0,,HOU,1,,,1901807.0,,0.0,Active,1.0,career
ben mclemore,2020,569674.0,base,,569674.0,569674.0,,LAL;HOU,2,2852708.0,2283034,569674.0,2283034.0,0.0,Active;Retained,1.0,career
ben mclemore,2021,2389641.0,base,,2389641.0,2389641.0,,POR,1,,,2389641.0,,0.0,Active,1.0,career
ben saraf,2025,2884560.0,cap_hit,2884560.0,2884560.0,,,BKN,1,,,,,,,,contract
ben saraf,2026,3028560.0,cap_hit,3028560.0,3028560.0,,,BKN,1,,,,,,,,contract
ben saraf,2027,3172920.0,cap_hit,3172920.0,3172920.0,,,BKN,1,,,,,,,,contract
ben saraf,2028,5720776.0,cap_hit,5720776.0,5720776.0,,,BKN,1,,,,,,,,contract
ben sheppard,2023,2537160.0,cap_hit,2537160.0,2537160.0,,,IND,1,,,,,,,,contract
ben sheppard,2024,2663880.0,cap_hit,2663880.0,2663880.0,,,IND,1,,,,,,,,contract
ben sheppard,2025,2790720.0,cap_hit,2790720.0,2790720.0,,,IND,1,,,,,,,,contract
ben sheppard,2026,5031669.0,cap_hit,5031669.0,5031669.0,,,IND,1,,,,,,,,contract
ben simmons,2016,5903160.0,base,,5903160.0,5903160.0,,PHI,1,,,5903160.0,,0.0,Active,1.0,career
ben simmons,2017,6168840.0,base,,6168840.0,6168840.0,,PHI,1,,,6168840.0,,0.0,Active,1.0,career
ben simmons,2018,6434520.0,base,,6434520.0,6434520.0,,PHI,1,,,6434520.0,,0.0,Active,1.0,career
ben simmons,2019,7606809.0,base,,7606809.0,7606809.0,,PHI,1,,,7606809.0,,0.0,Active,1.0,career
ben simmons,2020,30559200.0,base,,30559200.0,30559200.0,,PHI,1,,,30559200.0,,0.0,Active,1.0,career
ben simmons,2021,11190990.0,base,,11190990.0,11190990.0,,BKN;PHI,2,33003936.0,21812946,11190990.0,21812946.0,0.0,Active;Retained,1.0,career
ben simmons,2022,35448672.0,base,,35448672.0,35448672.0,,BKN,1,,,35448672.0,,0.0,Active,1.0,career
ben simmons,2023,37893408.0,base,,37893408.0,37893408.0,,BKN,1,,,37893408.0,,0.0,Active,1.0,career
ben simmons,2024,39256083.0,base,,39256083.0,39256083.0,,BKN;LAC,2,40338144.0,1082061,1082061.0,39256083.0,0.0,Buyout;Active,1.0,career
bennedict mathurin,2022,6586800.0,cap_hit,6586800.0,6586800.0,,,IND,1,,,,,,,,contract
bennedict mathurin,2023,6916080.0,cap_hit,6916080.0,6916080.0,,,IND,1,,,,,,,,contract
bennedict mathurin,2024,7245720.0,cap_hit,7245720.0,7245720.0,,,IND,1,,,,,,,,contract
bennedict mathurin,2025,9187573.0,cap_hit,9187573.0,9187573.0,,,LAC,1,,,,,,,,contract
bennedict mathurin,2026,7804878.0,cap_hit,7804878.0,7804878.0,,,NO,1,,,,,,,,contract
bennedict mathurin,2027,8195122.0,cap_hit,8195122.0,8195122.0,,,NO,1,,,,,,,,contract
bilal coulibaly,2023,6614280.0,cap_hit,6614280.0,6614280.0,,,WSH,1,,,,,,,,contract
bilal coulibaly,2024,6945240.0,cap_hit,6945240.0,6945240.0,,,WSH,1,,,,,,,,contract
bilal coulibaly,2025,7275600.0,cap_hit,7275600.0,7275600.0,,,WSH,1,,,,,,,,contract
bilal coulibaly,2026,9240012.0,cap_hit,9240012.0,9240012.0,,,WSH,1,,,,,,,,contract
bismack biyombo,2011,2252081.0,base,,2252081.0,2252081.0,,,0,,,,,,,,career
bismack biyombo,2012,2923920.0,base,,2923920.0,2923920.0,,,0,,,2923920.0,,0.0,Active,1.0,career
bismack biyombo,2013,3049920.0,base,,3049920.0,3049920.0,,,0,,,3049920.0,,0.0,Active,1.0,career
bismack biyombo,2014,3873398.0,base,,3873398.0,3873398.0,,CHA,1,,,3873398.0,,0.0,Active,1.0,career
bismack biyombo,2015,2814000.0,base,,2814000.0,2814000.0,,TOR,1,,,2814000.0,,0.0,Active,1.0,career
bismack biyombo,2016,17000000.0,base,,17000000.0,17000000.0,,ORL,1,,,17000000.0,,0.0,Active,1.0,career
bismack biyombo,2017,17000000.0,base,,17000000.0,17000000.0,,ORL,1,,,17000000.0,,0.0,Active,1.0,career
bismack biyombo,2018,17000000.0,base,,17000000.0,17000000.0,,CHA,1,,,17000000.0,,0.0,Active,1.0,career
bismack biyombo,2019,15937500.0,base,,15937500.0,15937500.0,,CHA,1,,,15937500.0,,0.0,Active,1.0,career
bismack biyombo,2020,3500000.0,base,,3500000.0,3500000.0,,CHA,1,,,3500000.0,,0.0,Active,1.0,career
bismack biyombo,2021,1366392.0,base,,1366392.0,1366392.0,,PHX,1,,151821,1366392.0,151821.0,0.0,Active;Retained,1.0,career
bismack biyombo,2022,2905851.0,base,,2905851.0,2905851.0,,PHX,1,,,2905851.0,,0.0,Active,1.0,career
bismack biyombo,2023,5000000.0,base,,5000000.0,5000000.0,,MEM;OKC,2,6194075.0,1194075,1194075.0,5000000.0,0.0,Retained;Active,1.0,career
bismack biyombo,2024,797462.0,base,,797462.0,797462.0,,SA,1,,227846;227846,797462.0,455692.0,0.0,Active;Retained;Retained,1.0,career
bismack biyombo,2025,2296274.0,cap_hit,2296274.0,3634153.0,,,SA,1,,,3634153.0,,212373.0,Active;NBA Cup,1.0,contract
blake griffin,2009,4983430.0,base,,4983430.0,4983430.0,,LAC,1,,,4983430.0,,0.0,Active,1.0,career
blake griffin,2010,5357280.0,base,,5357280.0,5357280.0,,LAC,1,,,5357280.0,,0.0,Active,1.0,career
blake griffin,2011,4612820.0,base,,4612820.0,4612820.0,,LAC,1,,,,,,,,career
blake griffin,2012,7226892.0,base,,7226892.0,7226892.0,,LAC,1,,,7226892.0,,0.0,Active,1.0,career
blake griffin,2013,16441500.0,base,,16441500.0,16441500.0,,LAC,1,,,16441500.0,,0.0,Active,1.0,career
blake griffin,2014,17674613.0,base,,17674613.0,17674613.0,,LAC,1,,,17674613.0,,0.0,Active,1.0,career
blake griffin,2015,18907725.0,base,,18907725.0,18907725.0,,LAC,1,,,18907725.0,,0.0,Active,1.0,career
blake griffin,2016,20140838.0,base,,20140838.0,20140838.0,,LAC,1,,,20140838.0,,0.0,Active,1.0,career
blake griffin,2017,12005247.0,base,,12005247.0,12005247.0,,DET;LAC,2,29512900.0,17507653,12005247.0,18367653.0,0.0,Active;Retained,1.0,career
blake griffin,2018,31873932.0,base,,31873932.0,31873932.0,,DET,1,,,31873932.0,,0.0,Active,1.0,career
blake griffin,2019,34234964.0,base,,34234964.0,34234964.0,,DET,1,,,34234964.0,,0.0,Active,1.0,career
blake griffin,2020,1229676.0,base,,1229676.0,1229676.0,,BKN;DET,2,31532118.0,30302442,1229676.0,30302442.0,0.0,Active;Retained,1.0,career
blake griffin,2021,2641691.0,base,,2641691.0,2641691.0,,BKN;DET,2,32405817.0,29764126,2641691.0,29764126.0,0.0,Active;Retained,1.0,career
blake griffin,2022,2905851.0,base,,2905851.0,2905851.0,,BOS,1,,,2905851.0,,0.0,Active,1.0,career
blake wesley,2022,2385480.0,base,,2385480.0,2385480.0,,SA,1,,,2385480.0,,0.0,Active,1.0,career
blake wesley,2023,2504640.0,base,,2504640.0,2504640.0,,SA,1,,,2504640.0,,0.0,Active,1.0,career
blake wesley,2024,2624280.0,base,,2624280.0,2624280.0,,SA,1,,,2624280.0,,0.0,Active / Club Exercised,1.0,career
blake wesley,2025,2296274.0,cap_hit,2296274.0,2378870.0,,,POR,1,,,2378870.0,3347458.0,0.0,Active;Buyout,1.0,contract
bobby portis,2015,1391160.0,base,,1391160.0,1391160.0,,CHI,1,,,,,,,,career
bobby portis,2016,1453680.0,base,,1453680.0,1453680.0,,CHI,1,,,,,,,,career
bobby portis,2017,1516320.0,base,,1516320.0,1516320.0,,CHI,1,,,,,,,,career
bobby portis,2018,901910.0,base,,901910.0,901910.0,,WSH;CHI,2,2494346.0,1592436,,,,,,career
bobby portis,2019,14062500.0,base,,14062500.0,14062500.0,,NY,1,,,,,,,,career
bobby portis,2020,3623000.0,base,,3623000.0,3623000.0,,MIL,1,,,,,,,,career
bobby portis,2021,4347600.0,base,,4347600.0,4347600.0,,MIL,1,,,,,,,,career
bobby portis,2022,10843350.0,base,,10843350.0,10843350.0,,MIL,1,,,,,,,,career
bobby portis,2023,11710818.0,base,,11710818.0,11710818.0,,MIL,1,,100000,,,,,,career
bobby portis,2024,12578286.0,base,,12578286.0,12578286.0,,MIL,1,,514970,,,,,,career
bobby portis,2025,13445754.0,cap_hit,13445754.0,13445754.0,,,MIL,1,,,,,,,,contract
bobby portis,2026,14521414.0,cap_hit,14521414.0,14521414.0,,,MIA,1,,,,,,,,contract
bobby portis,2027,15597074.0,cap_hit,15597074.0,15597074.0,,,MIA,1,,,,,,,,contract
bobi klintman,2024,1257153.0,base,,1257153.0,1257153.0,,DET,1,,,1257153.0,,0.0,Active,1.0,career
bobi klintman,2025,1955377.0,base,,1955377.0,1955377.0,,DET,1,,,,1955377.0,0.0,Retained,0.0,career
bogdan bogdanovic,2017,9470614.0,base,,9470614.0,9470614.0,,SAC,1,,,9470614.0,,0.0,Active,1.0,career
bogdan bogdanovic,2018,9000000.0,base,,9000000.0,9000000.0,,SAC,1,,,9000000.0,,0.0,Active,1.0,career
bogdan bogdanovic,2019,7996299.0,base,,7996299.0,7996299.0,,SAC,1,,,7996299.0,,0.0,Active,1.0,career
bogdan bogdanovic,2020,18000000.0,base,,18000000.0,18000000.0,,ATL,1,,,18000000.0,,0.0,Active,1.0,career
bogdan bogdanovic,2021,18000000.0,base,,18000000.0,18000000.0,,ATL,1,,,18000000.0,,0.0,Active,1.0,career
bogdan bogdanovic,2022,18000000.0,base,,18000000.0,18000000.0,,ATL,1,,,18000000.0,,0.0,Active,1.0,career
bogdan bogdanovic,2023,18700000.0,base,,18700000.0,18700000.0,,ATL,1,,,18700000.0,,0.0,Active,1.0,career
bogdan bogdanovic,2024,6546897.0,base,,6546897.0,6546897.0,,LAC;ATL,2,17362994.0,102994;10713103,6546897.0,10713103.0,102994.0,Active;NBA Cup;Retained,1.0,career
bogdan bogdanovic,2025,16020000.0,base,,16020000.0,16020000.0,,LAC,1,,,16020000.0,,0.0,Active,1.0,career
bogdan bogdanovic,2026,2449421.0,cap_hit,2449421.0,3524115.0,,,HOU,1,,,3524115.0,,0.0,Active,1.0,contract
bol bol,2020,2058240.0,base,,2058240.0,2058240.0,,DEN,1,,,2058240.0,,0.0,Active,1.0,career
bol bol,2021,271993.0,base,,271993.0,271993.0,,BOS;DEN;ORL,3,2151220.0,1149790;729437,729437.0,1421783.0,0.0,Retained;Retained;Active,1.0,career
bol bol,2022,2200000.0,base,,2200000.0,2200000.0,,ORL,1,,,2200000.0,,0.0,Active,1.0,career
bol bol,2023,2165000.0,base,,2165000.0,2165000.0,,PHX,1,,50000,2165000.0,,50000.0,Active;NBA Cup,1.0,career
bol bol,2024,2087519.0,cap_hit,2087519.0,2425403.0,,,PHX,1,,,2425403.0,,0.0,Active,1.0,contract
bones hyland,2021,2096880.0,base,,2096880.0,2096880.0,,DEN,1,,,2096880.0,,0.0,Active,1.0,career
bones hyland,2022,746492.0,base,,746492.0,746492.0,,LAC;DEN,2,2201520.0,1455028,746492.0,1455028.0,0.0,Active;Retained,1.0,career
bones hyland,2023,2306400.0,base,,2306400.0,2306400.0,,LAC,1,,,2306400.0,,0.0,Active / Club Exercised,1.0,career
bones hyland,2024,1577339.0,base,,1577339.0,1577339.0,,ATL;LAC,2,4158440.0,2581101,,4158440.0,0.0,Retained;Retained,0.0,career
bones hyland,2025,2461463.0,base,,2461463.0,2461463.0,,MIN,1,,,2461463.0,,0.0,Active,1.0,career
bones hyland,2026,2845883.0,cap_hit,2845883.0,2845883.0,,,MIN,1,,,2845883.0,,0.0,Active,1.0,contract
brad wanamaker,2018,838464.0,base,,838464.0,838464.0,,BOS,1,,,838464.0,,0.0,Active,1.0,career
brad wanamaker,2019,1355341.0,base,,1355341.0,1355341.0,,BOS,1,,,1355341.0,,0.0,Active,1.0,career
brad wanamaker,2020,816781.0,base,,816781.0,816781.0,,CHA;GS,2,2250000.0,1433219,816781.0,1433219.0,0.0,Active;Retained,1.0,career
brad wanamaker,2021,715538.0,base,,715538.0,715538.0,,IND;WSH,2,814918.0,99380,,814918.0,0.0,Retained;Retained,0.0,career
bradley beal,2012,4133280.0,base,,4133280.0,4133280.0,,WSH,1,,,,,,,,career
bradley beal,2013,4319280.0,base,,4319280.0,4319280.0,,WSH,1,,,,,,,,career
bradley beal,2014,4505280.0,base,,4505280.0,4505280.0,,WSH,1,,,,,,,,career
bradley beal,2015,5694674.0,base,,5694674.0,5694674.0,,WSH,1,,,,,,,,career
bradley beal,2016,22116750.0,base,,22116750.0,22116750.0,,WSH,1,,,,,,,,career
bradley beal,2017,23775506.0,base,,23775506.0,23775506.0,,WSH,1,,,,,,,,career
bradley beal,2018,25434263.0,base,,25434263.0,25434263.0,,WSH,1,,,,,,,,career
bradley beal,2019,25399705.0,base,,25399705.0,25399705.0,,WSH,1,,,,,,,,career
bradley beal,2020,28751774.0,base,,28751774.0,28751774.0,,WSH,1,,,,,,,,career
bradley beal,2021,33724200.0,base,,33724200.0,33724200.0,,WSH,1,,,,,,,,career
bradley beal,2022,43279250.0,base,,43279250.0,43279250.0,,WSH,1,,,,,,,,career
bradley beal,2023,46741590.0,base,,46741590.0,46741590.0,,PHX,1,,50000,,,,,,career
bradley beal,2024,50203930.0,base,,50203930.0,50203930.0,,PHX,1,,,,,,,,career
bradley beal,2025,5354000.0,cap_hit,5354000.0,5354000.0,,,LAC,1,,,,,,,,contract
bradley beal,2026,5621700.0,cap_hit,5621700.0,5621700.0,,,LAC,1,,,,,,,,contract
bradley beal,2027,19383010.0,base,,19383010.0,19383010.0,,PHX,1,,,,,,,,career
bradley beal,2028,19383010.0,base,,19383010.0,19383010.0,,PHX,1,,,,,,,,career
bradley beal,2029,19383010.0,base,,19383010.0,19383010.0,,PHX,1,,,,,,,,career
branden carlson,2024,365767.0,base,,365767.0,365767.0,,OKC,1,,66503;66503;205988,,498773.0,205988.0,Retained;Retained;Retained;NBA Cup,0.0,career
branden carlson,2025,85300.0,base,,85300.0,85300.0,,OKC,1,,53094,85300.0,,53093.0,Active;NBA Cup,1.0,career
branden carlson,2026,2449421.0,cap_hit,2449421.0,2449421.0,,,POR,1,,,2449421.0,,0.0,Active,1.0,contract
brandin podziemski,2023,3352440.0,cap_hit,3352440.0,3352440.0,,,GS,1,,,,,,,,contract
brandin podziemski,2024,3519960.0,cap_hit,3519960.0,3519960.0,,,GS,1,,,,,,,,contract
brandin podziemski,2025,3687960.0,cap_hit,3687960.0,3687960.0,,,GS,1,,,,,,,,contract
brandin podziemski,2026,5679459.0,cap_hit,5679459.0,5679459.0,,,GS,1,,,,,,,,contract
brandon clarke,2019,2478840.0,base,,2478840.0,2478840.0,,MEM,1,,,2478840.0,,0.0,Active,1.0,career
brandon clarke,2020,2602920.0,base,,2602920.0,2602920.0,,MEM,1,,,2602920.0,,0.0,Active,1.0,career
brandon clarke,2021,2726880.0,base,,2726880.0,2726880.0,,MEM,1,,,2726880.0,,0.0,Active / Club Exercised,1.0,career
brandon clarke,2022,4343920.0,base,,4343920.0,4343920.0,,MEM,1,,,4343920.0,,0.0,Active / Club Exercised,1.0,career
brandon clarke,2023,12500000.0,base,,12500000.0,12500000.0,,MEM,1,,,12500000.0,,0.0,Active,1.0,career
brandon clarke,2024,12500000.0,base,,12500000.0,12500000.0,,MEM,1,,,12500000.0,,0.0,Active,1.0,career
brandon clarke,2025,12500000.0,base,,12500000.0,12500000.0,,MEM,1,,,12500000.0,,0.0,Active,1.0,career
brandon goodwin,2019,522738.0,base,,522738.0,522738.0,,ATL,1,,,522738.0,,0.0,Active,1.0,career
brandon goodwin,2020,1701593.0,base,,1701593.0,1701593.0,,ATL,1,,,1701593.0,,0.0,Active,1.0,career
brandon goodwin,2021,99380.0,base,,99380.0,99380.0,,CLE,1,,,,99380.0,0.0,Retained,0.0,career
brandon ingram,2016,5281680.0,base,,5281680.0,5281680.0,,LAL,1,,,,,,,,career
brandon ingram,2017,5519400.0,base,,5519400.0,5519400.0,,LAL,1,,,,,,,,career
brandon ingram,2018,5757120.0,base,,5757120.0,5757120.0,,LAL,1,,,,,,,,career
brandon ingram,2019,6811392.0,base,,6811392.0,6811392.0,,NO,1,,,,,,,,career
brandon ingram,2020,27285000.0,cap_hit,27285000.0,27285000.0,,,NO,1,,,,,,,,contract
brandon ingram,2021,29467800.0,cap_hit,29467800.0,29467800.0,,,NO,1,,,,,,,,contract
brandon ingram,2022,31650600.0,cap_hit,31650600.0,31650600.0,,,NO,1,,,,,,,,contract
brandon ingram,2023,33833400.0,cap_hit,33833400.0,33833400.0,,,NO,1,,,,,,,,contract
brandon ingram,2024,36016200.0,cap_hit,36016200.0,36016200.0,,,TOR,1,,,,,,,,contract
brandon ingram,2025,38095238.0,cap_hit,38095238.0,38095238.0,,,TOR,1,,,,,,,,contract
brandon ingram,2026,40000000.0,cap_hit,40000000.0,40000000.0,,,TOR,1,,,,,,,,contract
brandon ingram,2027,41904762.0,cap_hit,41904762.0,41904762.0,,,TOR,1,,,,,,,,contract
brandon knight,2011,2063160.0,base,,2063160.0,2063160.0,,DET,1,,,,,,,,career
brandon knight,2012,2678640.0,base,,2678640.0,2678640.0,,DET,1,,,2678640.0,,0.0,Active,1.0,career
brandon knight,2013,2793960.0,base,,2793960.0,2793960.0,,MIL,1,,,2793960.0,,0.0,Active,1.0,career
brandon knight,2014,3553917.0,base,,3553917.0,3553917.0,,PHX,1,,,3553917.0,,0.0,Active,1.0,career
brandon knight,2015,13500000.0,base,,13500000.0,13500000.0,,PHX,1,,,13500000.0,,0.0,Active,1.0,career
brandon knight,2016,12606250.0,base,,12606250.0,12606250.0,,PHX,1,,,12606250.0,,0.0,Active,1.0,career
brandon knight,2017,13618750.0,base,,13618750.0,13618750.0,,PHX,1,,,13618750.0,,0.0,Active,1.0,career
brandon knight,2018,5290395.0,base,,5290395.0,5290395.0,,CLE;HOU,2,14631250.0,9340855,5290395.0,9340855.0,0.0,Active;Retained,1.0,career
brandon knight,2019,9456956.0,base,,9456956.0,9456956.0,,CLE;DET,2,13688282.0,4231326,4231326.0,9456956.0,0.0,Retained;Active,1.0,career
brandon knight,2021,138019.0,base,,138019.0,138019.0,,DAL,1,,138019,,276038.0,0.0,Retained;Retained,0.0,career
brandon miller,2023,10880400.0,cap_hit,10880400.0,10880400.0,,,CHA,1,,,,,,,,contract
brandon miller,2024,11424600.0,cap_hit,11424600.0,11424600.0,,,CHA,1,,,,,,,,contract
brandon miller,2025,11968800.0,cap_hit,11968800.0,11968800.0,,,CHA,1,,,,,,,,contract
brandon miller,2026,15104626.0,cap_hit,15104626.0,15104626.0,,,CHA,1,,,,,,,,contract
brandon williams,2021,53176.0,base,,53176.0,53176.0,,POR,1,,,,53176.0,0.0,Retained,0.0,career
brandon williams,2024,47989.0,cap_hit,47989.0,47989.0,,,DAL,1,,,47989.0,,25749.0,Active;NBA Cup,1.0,contract
brandon williams,2025,2270735.0,cap_hit,2270735.0,2270735.0,,,DAL,1,,,2270735.0,,0.0,Active,1.0,contract
braxton key,2021,53176.0,base,,53176.0,53176.0,,DET;PHI,2,106352.0,53176,,106352.0,0.0,Retained;Retained,0.0,career
braxton key,2024,11997.0,base,,11997.0,11997.0,,GS,1,,,11997.0,,0.0,Active,1.0,career
brice sensabaugh,2023,2448600.0,cap_hit,2448600.0,2448600.0,,,UTA,1,,,,,,,,contract
brice sensabaugh,2024,2571480.0,cap_hit,2571480.0,2571480.0,,,UTA,1,,,,,,,,contract
brice sensabaugh,2025,2693760.0,cap_hit,2693760.0,2693760.0,,,UTA,1,,,,,,,,contract
brice sensabaugh,2026,4862237.0,cap_hit,4862237.0,4862237.0,,,UTA,1,,,,,,,,contract
bronny james,2024,1157153.0,cap_hit,1157153.0,1157153.0,,,LAL,1,,,,,,,,contract
bronny james,2025,1955377.0,cap_hit,1955377.0,1955377.0,,,LAL,1,,,,,,,,contract
bronny james,2026,2296271.0,cap_hit,2296271.0,2296271.0,,,LAL,1,,,,,,,,contract
bronny james,2027,2486995.0,cap_hit,2486995.0,2486995.0,,,LAL,1,,,,,,,,contract
brook lopez,2008,2098560.0,base,,2098560.0,2098560.0,,NJN,1,,,,,,,,career
brook lopez,2009,2255880.0,base,,2255880.0,2255880.0,,NJN,1,,,,,,,,career
brook lopez,2010,2413320.0,base,,2413320.0,2413320.0,,NJN,1,,,,,,,,career
brook lopez,2011,3076983.0,base,,3076983.0,3076983.0,,NJN,1,,,,,,,,career
brook lopez,2012,13668750.0,base,,13668750.0,13668750.0,,BKN,1,,,,,,,,career
brook lopez,2013,14693906.0,base,,14693906.0,14693906.0,,BKN,1,,,,,,,,career
brook lopez,2014,15719063.0,base,,15719063.0,15719063.0,,BKN,1,,,,,,,,career
brook lopez,2015,19689000.0,base,,19689000.0,19689000.0,,BKN,1,,,,,,,,career
brook lopez,2016,21165675.0,base,,21165675.0,21165675.0,,BKN,1,,,,,,,,career
brook lopez,2017,22642350.0,base,,22642350.0,22642350.0,,LAL,1,,,,,,,,career
brook lopez,2018,3382000.0,base,,3382000.0,3382000.0,,MIL,1,,,,,,,,career
brook lopez,2019,11337210.0,base,,11337210.0,11337210.0,,MIL,1,,,,,,,,career
brook lopez,2020,12697675.0,base,,12697675.0,12697675.0,,MIL,1,,,,,,,,career
brook lopez,2021,13302325.0,base,,13302325.0,13302325.0,,MIL,1,,,,,,,,career
brook lopez,2022,13906976.0,base,,13906976.0,13906976.0,,MIL,1,,,,,,,,career
brook lopez,2023,25000000.0,base,,25000000.0,25000000.0,,MIL,1,,100000,,,,,,career
brook lopez,2024,23000000.0,base,,23000000.0,23000000.0,,MIL,1,,514970,,,,,,career
brook lopez,2025,8750000.0,cap_hit,8750000.0,8750000.0,,,LAC,1,,,,,,,,contract
brook lopez,2026,9187500.0,cap_hit,9187500.0,9187500.0,,,LAC,1,,,,,,,,contract
bruce brown,2018,838464.0,base,,838464.0,838464.0,,DET,1,,,838464.0,,0.0,Active,1.0,career
bruce brown,2019,1328299.0,base,,1328299.0,1328299.0,,DET,1,,,1328299.0,,0.0,Active,1.0,career
bruce brown,2020,1663861.0,base,,1663861.0,1663861.0,,BKN,1,,,1663861.0,,0.0,Active,1.0,career
bruce brown,2021,4736102.0,base,,4736102.0,4736102.0,,BKN,1,,,4736102.0,,0.0,Active,1.0,career
bruce brown,2022,6479000.0,base,,6479000.0,6479000.0,,DEN,1,,,6479000.0,,0.0,Active,1.0,career
bruce brown,2023,10747126.0,base,,10747126.0,10747126.0,,IND;TOR,2,22200000.0,200000;11252874,11252874.0,10747126.0,200000.0,Retained;NBA Cup;Active,1.0,career
bruce brown,2024,8724138.0,base,,8724138.0,8724138.0,,NO;TOR,2,23000000.0,14275862,8724138.0,14275862.0,0.0,Active / Club Exercised;Retained,1.0,career
bruce brown,2025,2296274.0,cap_hit,2296274.0,3080921.0,,,DEN,1,,,3080921.0,,0.0,Active,1.0,contract
bruno caboclo,2014,1458360.0,base,,1458360.0,1458360.0,,TOR,1,,,1458360.0,,0.0,Active,1.0,career
bruno caboclo,2015,1524000.0,base,,1524000.0,1524000.0,,TOR,1,,,1524000.0,,0.0,Active,1.0,career
bruno caboclo,2016,1589640.0,base,,1589640.0,1589640.0,,TOR,1,,,1589640.0,,0.0,Active,1.0,career
bruno caboclo,2017,872470.0,base,,872470.0,872470.0,,SAC;TOR,2,2451225.0,1578755,872470.0,1578755.0,0.0,Active;Retained,1.0,career
bruno caboclo,2018,522150.0,base,,522150.0,522150.0,,MEM,1,,91605;91605,522150.0,183210.0,0.0,Active;Retained;Retained,1.0,career
bruno caboclo,2019,729780.0,base,,729780.0,729780.0,,HOU;MEM,2,1845301.0,1115521,729780.0,1115521.0,0.0,Active;Retained,1.0,career
bruno caboclo,2020,361256.0,base,,361256.0,361256.0,,HOU,1,,,,361256.0,0.0,Retained,0.0,career
bryce mcgowens,2022,1075000.0,base,,1075000.0,1075000.0,,CHA,1,,,,,,,,career
bryce mcgowens,2023,1719864.0,base,,1719864.0,1719864.0,,CHA,1,,,,,,,,career
bryce mcgowens,2025,724598.0,cap_hit,724598.0,724598.0,,,NO,1,,,,,,,,contract
bryce mcgowens,2026,2584539.0,cap_hit,2584539.0,2584539.0,,,NO,1,,,,,,,,contract
bryce mcgowens,2027,2934742.0,cap_hit,2934742.0,2934742.0,,,NO,1,,,,,,,,contract
bub carrington,2024,4454880.0,cap_hit,4454880.0,4454880.0,,,WSH,1,,,,,,,,contract
bub carrington,2025,4677600.0,cap_hit,4677600.0,4677600.0,,,WSH,1,,,,,,,,contract
bub carrington,2026,4900560.0,cap_hit,4900560.0,4900560.0,,,WSH,1,,,,,,,,contract
bub carrington,2027,7257730.0,cap_hit,7257730.0,7257730.0,,,WSH,1,,,,,,,,contract
buddy hield,2016,1075849.0,base,,1075849.0,1075849.0,,SAC;NO,2,3517200.0,2441351,,,,,,career
buddy hield,2017,3675480.0,base,,3675480.0,3675480.0,,SAC,1,,,,,,,,career
buddy hield,2018,3833760.0,base,,3833760.0,3833760.0,,SAC,1,,,,,,,,career
buddy hield,2019,4557383.0,base,,4557383.0,4557383.0,,SAC,1,,,,,,,,career
buddy hield,2020,24201834.0,base,,24201834.0,24971851.0,770017.0,SAC,1,,,,,,,,career
buddy hield,2021,7879963.0,base,,7879963.0,8475925.0,595962.0,IND;SAC,2,22477272.0,14597309,,,,,,career
buddy hield,2022,20522728.0,base,,20522728.0,21177750.0,655022.0,IND,1,,,,,,,,career
buddy hield,2023,7043104.0,base,,7043104.0,8320019.0,1276915.0,PHI;IND,2,18768183.0,11525079;200000,,,,,,career
buddy hield,2024,8780488.0,cap_hit,8780488.0,8780488.0,,,GS,1,,,,,,,,contract
buddy hield,2025,9219512.0,cap_hit,9219512.0,9219512.0,,,ATL,1,,,,,,,,contract
buddy hield,2026,9658536.0,cap_hit,9658536.0,9658536.0,,,ATL,1,,,,,,,,contract
buddy hield,2027,10097560.0,cap_hit,10097560.0,10097560.0,,,ATL,1,,,,,,,,contract
c.j. mccollum,2013,2316720.0,base,,2316720.0,2316720.0,,POR,1,,,2316720.0,,0.0,Active,1.0,career
c.j. mccollum,2014,2421000.0,base,,2421000.0,2421000.0,,POR,1,,,2421000.0,,0.0,Active,1.0,career
c.j. mccollum,2015,2525160.0,base,,2525160.0,2525160.0,,POR,1,,,2525160.0,,0.0,Active,1.0,career
c.j. mccollum,2016,3219579.0,base,,3219579.0,3219579.0,,POR,1,,,3219579.0,,0.0,Active,1.0,career
c.j. mccollum,2017,23962572.0,base,,23962572.0,23962572.0,,POR,1,,,23962572.0,,0.0,Active,1.0,career
c.j. mccollum,2018,25759766.0,base,,25759766.0,25759766.0,,POR,1,,,25759766.0,,0.0,Active,1.0,career
c.j. mccollum,2019,25834649.0,base,,25834649.0,25834649.0,,POR,1,,,25834649.0,,0.0,Active,1.0,career
c.j. mccollum,2020,29354152.0,base,,29354152.0,29354152.0,,POR,1,,,29354152.0,,0.0,Active,1.0,career
c.j. mccollum,2021,10820207.0,base,,10820207.0,10820207.0,,NO;POR,2,30864198.0,20043991,10820207.0,20043991.0,0.0,Active;Retained,1.0,career
c.j. mccollum,2022,33333333.0,base,,33333333.0,33333333.0,,NO,1,,,33333333.0,,0.0,Active,1.0,career
c.j. mccollum,2023,35802469.0,base,,35802469.0,35802469.0,,NO,1,,100000,35802469.0,,100000.0,Active;NBA Cup,1.0,career
c.j. mccollum,2024,33333333.0,base,,33333333.0,33333333.0,,NO,1,,,33333333.0,,0.0,Active,1.0,career
c.j. mccollum,2025,16567049.0,base,,16567049.0,16567049.0,,ATL;WSH,2,30666666.0,14099617,16567049.0,14099617.0,0.0,Active;Retained,1.0,career
c.j. mccollum,2026,21000000.0,cap_hit,21000000.0,21000000.0,,,ATL,1,,,21000000.0,,0.0,Active,1.0,contract
cade cunningham,2021,10050120.0,base,,10050120.0,10050120.0,,DET,1,,,10050120.0,,0.0,Active,1.0,career
cade cunningham,2022,10552800.0,base,,10552800.0,10552800.0,,DET,1,,,10552800.0,,0.0,Active,1.0,career
cade cunningham,2023,11055360.0,base,,11055360.0,11055360.0,,DET,1,,,11055360.0,,0.0,Active / Club Exercised,1.0,career
cade cunningham,2024,13940809.0,base,,13940809.0,13940809.0,,DET,1,,,13940809.0,,0.0,Active / Club Exercised,1.0,career
cade cunningham,2025,46394100.0,cap_hit,46394100.0,46394100.0,,,DET,1,,,46394100.0,,0.0,Active,1.0,contract
cade cunningham,2026,50105628.0,cap_hit,50105628.0,50105628.0,,,DET,1,,,50105628.0,,0.0,Active,1.0,contract
cade cunningham,2027,53817156.0,cap_hit,53817156.0,53817156.0,,,DET,1,,,53817156.0,,0.0,Active,1.0,contract
cade cunningham,2028,57528684.0,cap_hit,57528684.0,57528684.0,,,DET,1,,,57528684.0,,0.0,Active,1.0,contract
cade cunningham,2029,61240212.0,cap_hit,61240212.0,61240212.0,,,DET,1,,,61240212.0,,0.0,Active,1.0,contract
caleb houstan,2022,2000000.0,base,,2000000.0,2000000.0,,ORL,1,,,2000000.0,,0.0,Active,1.0,career
caleb houstan,2023,2000000.0,base,,2000000.0,2000000.0,,ORL,1,,,2000000.0,,0.0,Active,1.0,career
caleb houstan,2024,2019699.0,base,,2019699.0,2019699.0,,ORL,1,,51497,2019699.0,,51497.0,Active;NBA Cup,1.0,career
caleb houstan,2025,724598.0,base,,724598.0,724598.0,,ATL,1,,442578,,1167176.0,0.0,Retained;Retained,0.0,career
caleb houstan,2026,2625627.0,base,,2625627.0,,,NO,1,,,,,,,,contract
caleb martin,2019,842166.0,base,,842166.0,842166.0,,CHA,1,,,,,,,,career
caleb martin,2020,1517981.0,base,,1517981.0,1517981.0,,CHA,1,,,,,,,,career
caleb martin,2021,527615.0,base,,527615.0,527615.0,,MIA,1,,,,,,,,career
caleb martin,2022,6479000.0,base,,6479000.0,6479000.0,,MIA,1,,,,,,,,career
caleb martin,2023,6802950.0,base,,6802950.0,6802950.0,,MIA,1,,,,,,,,career
caleb martin,2024,9186594.0,cap_hit,9186594.0,8149001.0,,,DAL,1,,,,,,,,contract
caleb martin,2025,9594044.0,cap_hit,9594044.0,8556451.0,,,DAL,1,,,,,,,,contract
caleb martin,2026,10001494.0,cap_hit,10001494.0,8963901.0,,,DAL,1,,,,,,,,contract
caleb martin,2027,9371351.0,cap_hit,9371351.0,9371351.0,,,DAL,1,,,,,,,,contract
cam christie,2024,1157153.0,cap_hit,1157153.0,1157153.0,,,LAC,1,,,,,,,,contract
cam christie,2025,1955377.0,cap_hit,1955377.0,1955377.0,,,LAC,1,,,,,,,,contract
cam christie,2026,2296271.0,cap_hit,2296271.0,2296271.0,,,LAC,1,,,,,,,,contract
cam christie,2027,2486995.0,cap_hit,2486995.0,2486995.0,,,LAC,1,,,,,,,,contract
cam spencer,2025,2537989.0,cap_hit,2537989.0,2537989.0,,,MEM,1,,,,,,,,contract
cam spencer,2026,2411090.0,cap_hit,2411090.0,2411090.0,,,MEM,1,,,,,,,,contract
cam spencer,2027,2616754.0,cap_hit,2616754.0,2616754.0,,,MEM,1,,,,,,,,contract
cam spencer,2028,2830685.0,cap_hit,2830685.0,2830685.0,,,MEM,1,,,,,,,,contract
cam thomas,2021,2036280.0,base,,2036280.0,2036280.0,,BKN,1,,,2036280.0,,0.0,Active,1.0,career
cam thomas,2022,2138160.0,base,,2138160.0,2138160.0,,BKN,1,,,2138160.0,,0.0,Active,1.0,career
cam thomas,2023,2240160.0,base,,2240160.0,2240160.0,,BKN,1,,,2240160.0,,0.0,Active / Club Exercised,1.0,career
cam thomas,2024,4041249.0,base,,4041249.0,4041249.0,,BKN,1,,,4041249.0,,0.0,Active / Club Exercised,1.0,career
cam thomas,2025,5993172.0,base,,5993172.0,5993172.0,,BKN,1,,,,5993172.0,0.0,Retained,0.0,career
cam thomas,2026,905366.0,base,,905366.0,905366.0,,MIL,1,,,,905366.0,0.0,Retained,0.0,career
cam whitmore,2023,3218160.0,base,,3218160.0,3218160.0,,HOU,1,,,3218160.0,,0.0,Active,1.0,career
cam whitmore,2024,3379080.0,base,,3379080.0,3379080.0,,HOU,1,,102994,3379080.0,,102994.0,Active;NBA Cup,1.0,career
cam whitmore,2025,3539760.0,base,,3539760.0,3539760.0,,WSH,1,,,3539760.0,,0.0,Active / Club Exercised,1.0,career
cam whitmore,2026,5458310.0,base,,5458310.0,5458310.0,,WSH,1,,,,5458310.0,0.0,Retained,0.0,career
cameron johnson,2019,3781350.0,base,,3781350.0,3781350.0,,PHX,1,,,3781350.0,,0.0,Active,1.0,career
cameron johnson,2020,4235160.0,base,,4235160.0,4235160.0,,PHX,1,,,4235160.0,,0.0,Active,1.0,career
cameron johnson,2021,4437000.0,base,,4437000.0,4437000.0,,PHX,1,,,4437000.0,,0.0,Active / Club Exercised,1.0,career
cameron johnson,2022,1996472.0,base,,1996472.0,1996472.0,,BKN;PHX,2,5887900.0,3891428,1996472.0,3891428.0,0.0,Active / Club Exercised;Retained,1.0,career
cameron johnson,2023,24456522.0,cap_hit,24456522.0,24456522.0,,,BKN,1,,,24456522.0,,0.0,Active,1.0,contract
cameron johnson,2024,23062500.0,cap_hit,23062500.0,22500000.0,,,BKN,1,,,23062500.0,,0.0,Active,1.0,contract
cameron johnson,2025,21057065.0,cap_hit,21057065.0,20543478.0,,,DEN,1,,,20543478.0,,0.0,Active,1.0,contract
cameron johnson,2026,23062500.0,cap_hit,23062500.0,22500000.0,,,DEN,1,,,22500000.0,,0.0,Active,1.0,contract
cameron payne,2015,2021520.0,base,,2021520.0,2021520.0,,OKC,1,,,2021520.0,,0.0,Active,1.0,career
cameron payne,2016,608891.0,base,,608891.0,608891.0,,CHI;OKC,2,2112480.0,1503589,608891.0,1503589.0,0.0,Active;Retained,1.0,career
cameron payne,2017,2203440.0,base,,2203440.0,2203440.0,,CHI,1,,,2203440.0,,0.0,Active,1.0,career
cameron payne,2018,3263295.0,base,,3263295.0,3263295.0,,CHI;CLE,2,3440357.0,88531;88531,,3440357.0,0.0,Retained;Retained;Retained,0.0,career
cameron payne,2019,196288.0,base,,196288.0,196288.0,,PHX;TOR,2,346288.0,150000,196288.0,150000.0,0.0,Active;Retained,1.0,career
cameron payne,2020,1977011.0,base,,1977011.0,1977011.0,,PHX,1,,,1977011.0,,0.0,Active / Club Exercised,1.0,career
cameron payne,2021,6500000.0,base,,6500000.0,6500000.0,,PHX,1,,,6500000.0,,0.0,Active,1.0,career
cameron payne,2022,6000000.0,base,,6000000.0,6000000.0,,PHX,1,,,6000000.0,,0.0,Active,1.0,career
cameron payne,2023,6500000.0,base,,6500000.0,6500000.0,,SA;PHI;MIL,3,9491467.0,1096763;1794704;100000,1096763.0,8294704.0,100000.0,Retained;Active;Retained;NBA Cup,1.0,career
cameron payne,2024,3003427.0,base,,3003427.0,3003427.0,,NY,1,,51497,3003427.0,,51497.0,Active;NBA Cup,1.0,career
cameron payne,2025,1127841.0,base,,1127841.0,1127841.0,,PHI,1,,,,1127841.0,0.0,Retained,0.0,career
caris levert,2016,1562280.0,base,,1562280.0,1562280.0,,BKN,1,,,1562280.0,,0.0,Active,1.0,career
caris levert,2017,1632480.0,base,,1632480.0,1632480.0,,BKN,1,,,1632480.0,,0.0,Active,1.0,career
caris levert,2018,1702800.0,base,,1702800.0,1702800.0,,BKN,1,,,1702800.0,,0.0,Active,1.0,career
caris levert,2019,2461611.0,base,,2461611.0,2461611.0,,BKN,1,,,2461611.0,,0.0,Active,1.0,career
caris levert,2020,13429097.0,base,,13429097.0,13429097.0,,IND;BKN,2,16203704.0,2774607,13429097.0,2774607.0,0.0,Active;Retained,1.0,career
caris levert,2021,6336207.0,base,,6336207.0,6336207.0,,CLE;IND,2,17500000.0,11163793,6336207.0,11163793.0,0.0,Active;Retained,1.0,career
caris levert,2022,18796296.0,base,,18796296.0,18796296.0,,CLE,1,,,18796296.0,,0.0,Active,1.0,career
caris levert,2023,15384616.0,base,,15384616.0,15384616.0,,CLE,1,,,15384616.0,,0.0,Active,1.0,career
caris levert,2024,6302387.0,base,,6302387.0,6302387.0,,ATL;CLE,2,16615384.0,10312997,6302387.0,10312997.0,0.0,Active;Retained,1.0,career
caris levert,2025,14104000.0,cap_hit,14104000.0,14104000.0,,,DET,1,,,14104000.0,,0.0,Active,1.0,contract
caris levert,2026,14809200.0,cap_hit,14809200.0,14809200.0,,,MIL,1,,,14809200.0,,0.0,Active,1.0,contract
carter bryant,2025,4900320.0,cap_hit,4900320.0,4900320.0,,,SA,1,,,,,,,,contract
carter bryant,2026,5145360.0,cap_hit,5145360.0,5145360.0,,,SA,1,,,,,,,,contract
carter bryant,2027,5390640.0,cap_hit,5390640.0,5390640.0,,,SA,1,,,,,,,,contract
carter bryant,2028,7983539.0,cap_hit,7983539.0,7983539.0,,,SA,1,,,,,,,,contract
cason wallace,2023,5291400.0,cap_hit,5291400.0,5291400.0,,,OKC,1,,,,,,,,contract
cason wallace,2024,5555880.0,cap_hit,5555880.0,5555880.0,,,OKC,1,,,,,,,,contract
cason wallace,2025,5820240.0,cap_hit,5820240.0,5820240.0,,,OKC,1,,,,,,,,contract
cason wallace,2026,7420806.0,cap_hit,7420806.0,7420806.0,,,OKC,1,,,,,,,,contract
cedric coward,2025,5715120.0,cap_hit,5715120.0,5715120.0,,,MEM,1,,,,,,,,contract
cedric coward,2026,6001080.0,cap_hit,6001080.0,6001080.0,,,MEM,1,,,,,,,,contract
cedric coward,2027,6286920.0,cap_hit,6286920.0,6286920.0,,,MEM,1,,,,,,,,contract
cedric coward,2028,8342743.0,cap_hit,8342743.0,8342743.0,,,MEM,1,,,,,,,,contract
charles bassey,2021,925258.0,base,,925258.0,925258.0,,PHI,1,,,925258.0,,0.0,Active,1.0,career
charles bassey,2022,2600000.0,base,,2600000.0,2600000.0,,SA;PHI,2,2674742.0,74742,2600000.0,74742.0,0.0,Active;Retained,1.0,career
charles bassey,2023,2600000.0,base,,2600000.0,2600000.0,,SA,1,,,2600000.0,,0.0,Active,1.0,career
charles bassey,2024,2162606.0,base,,2162606.0,2162606.0,,SA,1,,,2162606.0,,0.0,Active,1.0,career
charles bassey,2025,141463.0,base,,141463.0,141463.0,,MEM;PHI;BOS;GS,4,820486.0,141463;141463;141463;141463;113171,113171.0,707315.0,0.0,Retained;Retained;Retained;Retained;Retained;Active,1.0,career
charles bassey,2026,2449421.0,cap_hit,2449421.0,2845883.0,,,GS,1,,,2845883.0,,0.0,Active,1.0,contract
chaz lanier,2025,1272870.0,cap_hit,1272870.0,1272870.0,,,DET,1,,,,,,,,contract
chaz lanier,2026,2150917.0,cap_hit,2150917.0,2150917.0,,,DET,1,,,,,,,,contract
chaz lanier,2027,2525901.0,cap_hit,2525901.0,2525901.0,,,DET,1,,,,,,,,contract
chaz lanier,2028,2735698.0,cap_hit,2735698.0,2735698.0,,,DET,1,,,,,,,,contract
chet holmgren,2022,9891240.0,base,,9891240.0,9891240.0,,OKC,1,,,9891240.0,,0.0,Active,1.0,career
chet holmgren,2023,10386000.0,base,,10386000.0,10386000.0,,OKC,1,,,10386000.0,,0.0,Active,1.0,career
chet holmgren,2024,10880640.0,base,,10880640.0,10880640.0,,OKC,1,,205988,10880640.0,,205988.0,Active / Club Exercised;NBA Cup,1.0,career
chet holmgren,2025,13731368.0,base,,13731368.0,13731368.0,,OKC,1,,106187,13731368.0,,106187.0,Active / Club Exercised;NBA Cup,1.0,career
chet holmgren,2026,41240250.0,cap_hit,41240250.0,41240250.0,,,OKC,1,,,41240250.0,,0.0,Active,1.0,contract
chet holmgren,2027,44539470.0,cap_hit,44539470.0,44539470.0,,,OKC,1,,,44539470.0,,0.0,Active,1.0,contract
chet holmgren,2028,47838690.0,cap_hit,47838690.0,47838690.0,,,OKC,1,,,47838690.0,,0.0,Active,1.0,contract
chet holmgren,2029,51137910.0,cap_hit,51137910.0,51137910.0,,,OKC,1,,,51137910.0,,0.0,Active,1.0,contract
chet holmgren,2030,54437130.0,cap_hit,54437130.0,54437130.0,,,OKC,1,,,54437130.0,,0.0,Active,1.0,contract
chris boucher,2018,457418.0,base,,457418.0,457418.0,,TOR,1,,,457418.0,,0.0,Active,1.0,career
chris boucher,2019,1488967.0,base,,1488967.0,1488967.0,,TOR,1,,,1488967.0,,0.0,Active,1.0,career
chris boucher,2020,6500000.0,base,,6500000.0,6500000.0,,TOR,1,,,6500000.0,,0.0,Active,1.0,career
chris boucher,2021,7020000.0,base,,7020000.0,7020000.0,,TOR,1,,,7020000.0,,0.0,Active,1.0,career
chris boucher,2022,12690000.0,base,,12690000.0,12690000.0,,TOR,1,,,12690000.0,,0.0,Active,1.0,career
chris boucher,2023,11750000.0,base,,11750000.0,11750000.0,,TOR,1,,,11750000.0,,0.0,Active,1.0,career
chris boucher,2024,10810000.0,base,,10810000.0,10810000.0,,TOR,1,,,10810000.0,,0.0,Active,1.0,career
chris boucher,2025,2040461.0,base,,2040461.0,2040461.0,,BOS;UTA,2,3287409.0,1246948,,3287409.0,0.0,Retained;Retained,0.0,career
chris paul,2005,3144240.0,base,,3144240.0,3144240.0,,NOH,1,,,3144240.0,,0.0,Active,1.0,career
chris paul,2006,3380160.0,base,,3380160.0,3380160.0,,NOH,1,,,3380160.0,,0.0,Active,1.0,career
chris paul,2007,3615960.0,base,,3615960.0,3615960.0,,NOH,1,,,3615960.0,,0.0,Active,1.0,career
chris paul,2008,4574189.0,base,,4574189.0,4574189.0,,NOH,1,,,4574189.0,,0.0,Active,1.0,career
chris paul,2009,15000000.0,base,,15000000.0,15000000.0,,NOH,1,,,15000000.0,,0.0,Active,1.0,career
chris paul,2010,14490152.0,base,,14490152.0,14490152.0,,NOH,1,,,14490152.0,,0.0,Active,1.0,career
chris paul,2011,13167648.0,base,,13167648.0,13167648.0,,LAC,1,,,,,,,,career
chris paul,2012,17779458.0,base,,17779458.0,17779458.0,,LAC,1,,,17779458.0,,0.0,Active,1.0,career
chris paul,2013,18668431.0,base,,18668431.0,18668431.0,,LAC,1,,,18668431.0,,0.0,Active,1.0,career
chris paul,2014,20068563.0,base,,20068563.0,20068563.0,,LAC,1,,,20068563.0,,0.0,Active,1.0,career
chris paul,2015,21468696.0,base,,21468696.0,21468696.0,,LAC,1,,,21468696.0,,0.0,Active,1.0,career
chris paul,2016,22868828.0,base,,22868828.0,23529828.0,,LAC,1,,,23529828.0,3640344.0,0.0,Active;Retained,1.0,career
chris paul,2017,24268959.0,base,,24268959.0,24268959.0,,HOU,1,,,24268959.0,,0.0,Active,1.0,career
chris paul,2018,35654150.0,base,,35654150.0,35654150.0,,HOU,1,,,35654150.0,,0.0,Active,1.0,career
chris paul,2019,36099827.0,base,,36099827.0,36099827.0,,OKC,1,,,36099827.0,,0.0,Active,1.0,career
chris paul,2020,41358814.0,base,,41358814.0,41358814.0,,PHX,1,,,41358814.0,,0.0,Active,1.0,career
chris paul,2021,30800000.0,base,,30800000.0,30800000.0,,PHX,1,,,30800000.0,,0.0,Active,1.0,career
chris paul,2022,28400000.0,base,,28400000.0,28400000.0,,PHX,1,,,28400000.0,,0.0,Active,1.0,career
chris paul,2023,30800000.0,base,,30800000.0,30800000.0,,GS,1,,,30800000.0,,0.0,Active,1.0,career
chris paul,2024,10460000.0,base,,10460000.0,10983000.0,523000.0,SA,1,,,10983000.0,,0.0,Active,1.0,career
chris paul,2025,2255681.0,base,,2255681.0,2255681.0,,LAC;TOR,2,3634153.0,1378472,,3634153.0,0.0,Retained;Retained,0.0,career
christian braun,2022,2808600.0,base,,2808600.0,2808600.0,,DEN,1,,,2808600.0,,0.0,Active,1.0,career
christian braun,2023,2949120.0,base,,2949120.0,2949120.0,,DEN,1,,,2949120.0,,0.0,Active,1.0,career
christian braun,2024,3089640.0,base,,3089640.0,3089640.0,,DEN,1,,,3089640.0,,0.0,Active / Club Exercised,1.0,career
christian braun,2025,4921797.0,base,,4921797.0,4921797.0,,DEN,1,,,4921797.0,,0.0,Active / Club Exercised,1.0,career
christian braun,2026,21551726.0,cap_hit,21551726.0,21551726.0,,,DEN,1,,,21551726.0,,0.0,Active,1.0,contract
christian braun,2027,23275863.0,cap_hit,23275863.0,23275863.0,,,DEN,1,,,23275863.0,,0.0,Active,1.0,contract
christian braun,2028,25000000.0,cap_hit,25000000.0,25000000.0,,,DEN,1,,,25000000.0,,0.0,Active,1.0,contract
christian braun,2029,26724137.0,cap_hit,26724137.0,26724137.0,,,DEN,1,,,26724137.0,,0.0,Active,1.0,contract
christian braun,2030,28448274.0,cap_hit,28448274.0,28448274.0,,,DEN,1,,,28448274.0,,0.0,Active,1.0,contract
christian koloko,2022,1500000.0,base,,1500000.0,1500000.0,,TOR,1,,,1500000.0,,0.0,Active,1.0,career
christian koloko,2023,1719864.0,base,,1719864.0,1719864.0,,TOR,1,,,,1719864.0,0.0,Retained,0.0,career
christian koloko,2025,131970.0,base,,131970.0,131970.0,,MEM;LAL;ATL,3,663800.0,131970;85300;314560,314560.0,349240.0,0.0,Retained;Retained;Retained;Active,1.0,career
christian koloko,2026,2625627.0,base,,2625627.0,,,NO,1,,,,,,,,contract
cj mccollum,2013,2316720.0,base,,2316720.0,2316720.0,,POR,1,,,2316720.0,,0.0,Active,1.0,career
cj mccollum,2014,2421000.0,base,,2421000.0,2421000.0,,POR,1,,,2421000.0,,0.0,Active,1.0,career
cj mccollum,2015,2525160.0,base,,2525160.0,2525160.0,,POR,1,,,2525160.0,,0.0,Active,1.0,career
cj mccollum,2016,3219579.0,base,,3219579.0,3219579.0,,POR,1,,,3219579.0,,0.0,Active,1.0,career
cj mccollum,2017,23962572.0,base,,23962572.0,23962572.0,,POR,1,,,23962572.0,,0.0,Active,1.0,career
cj mccollum,2018,25759766.0,base,,25759766.0,25759766.0,,POR,1,,,25759766.0,,0.0,Active,1.0,career
cj mccollum,2019,25834649.0,base,,25834649.0,25834649.0,,POR,1,,,25834649.0,,0.0,Active,1.0,career
cj mccollum,2020,29354152.0,base,,29354152.0,29354152.0,,POR,1,,,29354152.0,,0.0,Active,1.0,career
cj mccollum,2021,10820207.0,base,,10820207.0,10820207.0,,NO;POR,2,30864198.0,20043991,10820207.0,20043991.0,0.0,Active;Retained,1.0,career
cj mccollum,2022,33333333.0,base,,33333333.0,33333333.0,,NO,1,,,33333333.0,,0.0,Active,1.0,career
cj mccollum,2023,35802469.0,base,,35802469.0,35802469.0,,NO,1,,100000,35802469.0,,100000.0,Active;NBA Cup,1.0,career
cj mccollum,2024,33333333.0,base,,33333333.0,33333333.0,,NO,1,,,33333333.0,,0.0,Active,1.0,career
cj mccollum,2025,16567049.0,base,,16567049.0,16567049.0,,ATL;WSH,2,30666666.0,14099617,16567049.0,14099617.0,0.0,Active;Retained,1.0,career
cj mccollum,2026,21000000.0,cap_hit,21000000.0,21000000.0,,,ATL,1,,,21000000.0,,0.0,Active,1.0,contract
clint capela,2014,1189200.0,base,,1189200.0,1189200.0,,HOU,1,,,1189200.0,,0.0,Active,1.0,career
clint capela,2015,1242720.0,base,,1242720.0,1242720.0,,HOU,1,,,1242720.0,,0.0,Active,1.0,career
clint capela,2016,1296240.0,base,,1296240.0,1296240.0,,HOU,1,,,1296240.0,,0.0,Active,1.0,career
clint capela,2017,2334528.0,base,,2334528.0,2334528.0,,HOU,1,,,2334528.0,,0.0,Active,1.0,career
clint capela,2018,13793103.0,base,,13793103.0,13793103.0,,HOU,1,,,13793103.0,,0.0,Active,1.0,career
clint capela,2019,5975453.0,base,,5975453.0,5975453.0,,ATL;HOU,2,14896552.0,8921099,5975453.0,8921099.0,0.0,Active;Retained,1.0,career
clint capela,2020,16000000.0,base,,16000000.0,17500000.0,1500000.0,ATL,1,,,17500000.0,,0.0,Active,1.0,career
clint capela,2021,17103448.0,base,,17103448.0,17103448.0,,ATL,1,,,17103448.0,,0.0,Active,1.0,career
clint capela,2022,18206897.0,base,,18206897.0,18206897.0,,ATL,1,,,18206897.0,,0.0,Active,1.0,career
clint capela,2023,20616000.0,base,,20616000.0,20616000.0,,ATL,1,,,20616000.0,,0.0,Active,1.0,career
clint capela,2024,22265280.0,base,,22265280.0,22265280.0,,ATL,1,,102994,22265280.0,,102994.0,Active;NBA Cup,1.0,career
clint capela,2025,6700000.0,cap_hit,6700000.0,6700000.0,,,HOU,1,,,6700000.0,,0.0,Active,1.0,contract
clint capela,2026,7035000.0,cap_hit,7035000.0,7035000.0,,,HOU,1,,,7035000.0,,0.0,Active,1.0,contract
clint capela,2027,7370000.0,cap_hit,7370000.0,7370000.0,,,HOU,1,,,7370000.0,,0.0,Active,1.0,contract
coby white,2019,4975425.0,base,,4975425.0,4975425.0,,CHI,1,,,4975425.0,,0.0,Active,1.0,career
coby white,2020,5572680.0,base,,5572680.0,5572680.0,,CHI,1,,,5572680.0,,0.0,Active,1.0,career
coby white,2021,5837760.0,base,,5837760.0,5837760.0,,CHI,1,,,5837760.0,,0.0,Active / Club Exercised,1.0,career
coby white,2022,7413955.0,base,,7413955.0,7413955.0,,CHI,1,,,7413955.0,,0.0,Active / Club Exercised,1.0,career
coby white,2023,11111111.0,base,,11111111.0,11111111.0,,CHI,1,,,11111111.0,,0.0,Active,1.0,career
coby white,2024,12000000.0,base,,12000000.0,12000000.0,,CHI,1,,,12000000.0,,0.0,Active,1.0,career
coby white,2025,12888889.0,base,,12888889.0,12888889.0,,CHA,1,,,12888889.0,,0.0,Active,1.0,career
coby white,2026,26811593.0,cap_hit,26811593.0,26811593.0,,,CHA,1,,,26811593.0,,0.0,Active,1.0,contract
coby white,2027,24666667.0,cap_hit,24666667.0,24666667.0,,,CHA,1,,,24666667.0,,0.0,Active,1.0,contract
coby white,2028,22521740.0,cap_hit,22521740.0,22521740.0,,,CHA,1,,,22521740.0,,0.0,Active,1.0,contract
cody williams,2024,5469120.0,cap_hit,5469120.0,5469120.0,,,UTA,1,,,,,,,,contract
cody williams,2025,5742480.0,cap_hit,5742480.0,5742480.0,,,UTA,1,,,,,,,,contract
cody williams,2026,6015600.0,cap_hit,6015600.0,6015600.0,,,UTA,1,,,,,,,,contract
cody williams,2027,7669890.0,cap_hit,7669890.0,7669890.0,,,UTA,1,,,,,,,,contract
cole anthony,2020,3285120.0,base,,3285120.0,3285120.0,,ORL,1,,,3285120.0,,0.0,Active,1.0,career
cole anthony,2021,3449400.0,base,,3449400.0,3449400.0,,ORL,1,,,3449400.0,,0.0,Active,1.0,career
cole anthony,2022,3613680.0,base,,3613680.0,3613680.0,,ORL,1,,,3613680.0,,0.0,Active / Club Exercised,1.0,career
cole anthony,2023,5539771.0,base,,5539771.0,5539771.0,,ORL,1,,,5539771.0,,0.0,Active / Club Exercised,1.0,career
cole anthony,2024,12900000.0,base,,12900000.0,12900000.0,,ORL,1,,51497,12900000.0,,51497.0,Active;NBA Cup,1.0,career
cole anthony,2025,3700000.0,base,,3700000.0,3700000.0,,MEM;MIL;PHX,3,6367947.0,1655967;1011980,,6367947.0,0.0,Buyout;Retained;Retained,0.0,career
cole anthony,2026,3700000.0,base,,3700000.0,3700000.0,,MEM,1,,,,3700000.0,0.0,Buyout,0.0,career
cole anthony,2027,3700000.0,base,,3700000.0,3700000.0,,MEM,1,,,,3700000.0,0.0,Buyout,0.0,career
collin gillespie,2025,2378870.0,base,,2378870.0,2378870.0,,PHX,1,,53093,2378870.0,,53093.0,Active;NBA Cup,1.0,career
collin gillespie,2026,10714286.0,cap_hit,10714286.0,10714286.0,,,PHX,1,,,10714286.0,,0.0,Active,1.0,contract
collin gillespie,2027,11571429.0,cap_hit,11571429.0,11571429.0,,,PHX,1,,,11571429.0,,0.0,Active,1.0,contract
collin gillespie,2028,12428571.0,cap_hit,12428571.0,12428571.0,,,PHX,1,,,12428571.0,,0.0,Active,1.0,contract
collin gillespie,2029,13285714.0,cap_hit,13285714.0,13285714.0,,,PHX,1,,,13285714.0,,0.0,Active,1.0,contract
collin murray-boyles,2025,6332520.0,cap_hit,6332520.0,6332520.0,,,TOR,1,,,,,,,,contract
collin murray-boyles,2026,6649560.0,cap_hit,6649560.0,6649560.0,,,TOR,1,,,,,,,,contract
collin murray-boyles,2027,6966000.0,cap_hit,6966000.0,6966000.0,,,TOR,1,,,,,,,,contract
collin murray-boyles,2028,8874684.0,cap_hit,8874684.0,8874684.0,,,TOR,1,,,,,,,,contract
collin sexton,2018,4068600.0,base,,4068600.0,4068600.0,,CLE,1,,,,,,,,career
collin sexton,2019,4467150.0,base,,4467150.0,4467150.0,,CLE,1,,,,,,,,career
collin sexton,2020,4991880.0,base,,4991880.0,4991880.0,,CLE,1,,,,,,,,career
collin sexton,2021,6349671.0,base,,6349671.0,6349671.0,,CLE,1,,,,,,,,career
collin sexton,2022,16500000.0,base,,16500000.0,16500000.0,,UTA,1,,,,,,,,career
collin sexton,2023,17325000.0,base,,17325000.0,17525000.0,200000.0,UTA,1,,,,,,,,career
collin sexton,2024,18150000.0,base,,18150000.0,18150000.0,,UTA,1,,,,,,,,career
collin sexton,2025,18975000.0,base,,18975000.0,19175000.0,200000.0,CHI,1,,,,,,,,career
collin sexton,2026,9366000.0,cap_hit,9366000.0,9366000.0,,,LAL,1,,,,,,,,contract
collin sexton,2027,9834300.0,cap_hit,9834300.0,9834300.0,,,LAL,1,,,,,,,,contract
cooper flagg,2025,13825920.0,cap_hit,13825920.0,13825920.0,,,DAL,1,,,,,,,,contract
cooper flagg,2026,14517480.0,cap_hit,14517480.0,14517480.0,,,DAL,1,,,,,,,,contract
cooper flagg,2027,15208680.0,cap_hit,15208680.0,15208680.0,,,DAL,1,,,,,,,,contract
cooper flagg,2028,19178146.0,cap_hit,19178146.0,19178146.0,,,DAL,1,,,,,,,,contract
corey kispert,2021,3383640.0,base,,3383640.0,3383640.0,,WSH,1,,,,,,,,career
corey kispert,2022,3552840.0,base,,3552840.0,3552840.0,,WSH,1,,,,,,,,career
corey kispert,2023,3722040.0,base,,3722040.0,3722040.0,,WSH,1,,,,,,,,career
corey kispert,2024,5705888.0,base,,5705888.0,5705888.0,,WSH,1,,,,,,,,career
corey kispert,2025,13975000.0,cap_hit,13975000.0,13975000.0,,,ATL,1,,,,,,,,contract
corey kispert,2026,13975000.0,cap_hit,13975000.0,13975000.0,,,ATL,1,,,,,,,,contract
corey kispert,2027,13025000.0,cap_hit,13025000.0,13025000.0,,,ATL,1,,,,,,,,contract
corey kispert,2028,13025000.0,cap_hit,13025000.0,13025000.0,,,ATL,1,,,,,,,,contract
craig porter jr.,2023,1500000.0,cap_hit,1500000.0,1500000.0,,,CLE,1,,,,,,,,contract
craig porter jr.,2024,1891857.0,cap_hit,1891857.0,1891857.0,,,CLE,1,,,,,,,,contract
craig porter jr.,2025,2221677.0,cap_hit,2221677.0,2221677.0,,,CLE,1,,,,,,,,contract
craig porter jr.,2026,2406205.0,cap_hit,2406205.0,2406205.0,,,CLE,1,,,,,,,,contract
d'angelo russell,2015,5103120.0,base,,5103120.0,5103120.0,,LAL,1,,,,,,,,career
d'angelo russell,2016,5332800.0,base,,5332800.0,5332800.0,,LAL,1,,,,,,,,career
d'angelo russell,2017,5562360.0,base,,5562360.0,5562360.0,,BKN,1,,,,,,,,career
d'angelo russell,2018,7019698.0,base,,7019698.0,7019698.0,,BKN,1,,,,,,,,career
d'angelo russell,2019,9085366.0,base,,9085366.0,9085366.0,,MIN;GS,2,25579688.0,16494322,,,,,,career
d'angelo russell,2020,28649250.0,base,,28649250.0,28649250.0,,MIN,1,,,,,,,,career
d'angelo russell,2021,30013500.0,base,,30013500.0,30013500.0,,MIN,1,,,,,,,,career
d'angelo russell,2022,10639582.0,base,,10639582.0,10639582.0,,LAL;MIN,2,31377750.0,20738168,,,,,,career
d'angelo russell,2023,17307693.0,base,,17307693.0,17307693.0,,LAL,1,,500000,,,,,,career
d'angelo russell,2024,11279840.0,base,,11279840.0,11279840.0,,BKN;LAL,2,18692307.0,7412467,,,,,,career
d'angelo russell,2025,5685000.0,cap_hit,5685000.0,5685000.0,,,WSH,1,,,,,,,,contract
d'angelo russell,2026,5969250.0,cap_hit,5969250.0,5969250.0,,,MEM,1,,,,,,,,contract
daeqwon plowden,2025,75000.0,base,,75000.0,75000.0,,SAC,1,,,,,,,,career
daeqwon plowden,2026,2449421.0,cap_hit,2449421.0,2449421.0,,,SAC,1,,,,,,,,contract
daeqwon plowden,2027,2664401.0,cap_hit,2664401.0,2664401.0,,,SAC,1,,,,,,,,contract
dalano banton,2021,925258.0,base,,925258.0,925258.0,,TOR,1,,,925258.0,,0.0,Active,1.0,career
dalano banton,2022,1563518.0,base,,1563518.0,1563518.0,,TOR,1,,,1563518.0,,0.0,Active,1.0,career
dalano banton,2023,766095.0,base,,766095.0,766095.0,,POR;BOS,2,2069706.0,1253611;50000,766095.0,1253611.0,50000.0,Active;Retained;NBA Cup,1.0,career
dalano banton,2024,2196970.0,base,,2196970.0,2196970.0,,POR,1,,,2196970.0,,0.0,Active / Club Exercised,1.0,career
dalano banton,2025,141463.0,base,,141463.0,141463.0,,LAC;BOS,2,311219.0,141463;28293,28293.0,282926.0,0.0,Retained;Retained;Active,1.0,career
dalen terry,2022,3191400.0,base,,3191400.0,3191400.0,,CHI,1,,,3191400.0,,0.0,Active,1.0,career
dalen terry,2023,3350760.0,base,,3350760.0,3350760.0,,CHI,1,,,3350760.0,,0.0,Active,1.0,career
dalen terry,2024,3510480.0,base,,3510480.0,3510480.0,,CHI,1,,,3510480.0,,0.0,Active / Club Exercised,1.0,career
dalen terry,2025,2047941.0,base,,2047941.0,2047941.0,,NO;PHI;CHI,3,5740852.0,125931;3351177;215803,125931.0,5614921.0,0.0,Retained;Active;Retained;Retained,1.0,career
dalton knecht,2024,3819120.0,cap_hit,3819120.0,3819120.0,,,LAL,1,,,,,,,,contract
dalton knecht,2025,4010160.0,cap_hit,4010160.0,4010160.0,,,LAL,1,,,,,,,,contract
dalton knecht,2026,4201080.0,cap_hit,4201080.0,4201080.0,,,LAL,1,,,,,,,,contract
dalton knecht,2027,6452860.0,cap_hit,6452860.0,6452860.0,,,LAL,1,,,,,,,,contract
damian lillard,2012,3065040.0,base,,3065040.0,3065040.0,,POR,1,,,,,,,,career
damian lillard,2013,3202920.0,base,,3202920.0,3202920.0,,POR,1,,,,,,,,career
damian lillard,2014,3340920.0,base,,3340920.0,3340920.0,,POR,1,,,,,,,,career
damian lillard,2015,4236286.0,base,,4236286.0,4236286.0,,POR,1,,,,,,,,career
damian lillard,2016,24328425.0,base,,24328425.0,24328425.0,,POR,1,,,,,,,,career
damian lillard,2017,26153057.0,base,,26153057.0,26153057.0,,POR,1,,,,,,,,career
damian lillard,2018,27977689.0,base,,27977689.0,27977689.0,,POR,1,,,,,,,,career
damian lillard,2019,27939676.0,base,,27939676.0,27939676.0,,POR,1,,,,,,,,career
damian lillard,2020,31626953.0,base,,31626953.0,31626953.0,,POR,1,,,,,,,,career
damian lillard,2021,39344900.0,base,,39344900.0,39344900.0,,POR,1,,,,,,,,career
damian lillard,2022,42492492.0,base,,42492492.0,42492492.0,,POR,1,,,,,,,,career
damian lillard,2023,45640084.0,base,,45640084.0,45640084.0,,MIL,1,,100000,,,,,,career
damian lillard,2024,48787676.0,base,,48787676.0,48787676.0,,MIL,1,,514970,,,,,,career
damian lillard,2025,14104000.0,cap_hit,14104000.0,14104000.0,,,POR,1,,,,,,,,contract
damian lillard,2026,13398000.0,cap_hit,13398000.0,13398000.0,,,POR,1,,,,,,,,contract
damian lillard,2027,14104000.0,cap_hit,14104000.0,14104000.0,,,POR,1,,,,,,,,contract
damian lillard,2028,22516603.0,base,,22516603.0,22516603.0,,MIL,1,,,,,,,,career
damian lillard,2029,22516603.0,base,,22516603.0,22516603.0,,MIL,1,,,,,,,,career
damyean dotson,2017,1100000.0,base,,1100000.0,1100000.0,,NY,1,,,1100000.0,,0.0,Active,1.0,career
damyean dotson,2018,1378242.0,base,,1378242.0,1378242.0,,NY,1,,,1378242.0,,0.0,Active,1.0,career
damyean dotson,2019,1517363.0,base,,1517363.0,1517363.0,,NY,1,,,1517363.0,,0.0,Active,1.0,career
damyean dotson,2020,2000000.0,base,,2000000.0,2000000.0,,CLE,1,,,2000000.0,,0.0,Active,1.0,career
damyean dotson,2021,102831.0,base,,102831.0,102831.0,,NY,1,,102831,,205662.0,0.0,Retained;Retained,0.0,career
daniel gafford,2019,842166.0,base,,842166.0,842166.0,,CHI,1,,,842166.0,,0.0,Active,1.0,career
daniel gafford,2020,551048.0,base,,551048.0,551048.0,,WSH;CHI,2,1517981.0,966933,551048.0,966933.0,0.0,Active;Retained,1.0,career
daniel gafford,2021,1782621.0,base,,1782621.0,1782621.0,,WSH,1,,,1782621.0,,0.0,Active,1.0,career
daniel gafford,2022,1930681.0,base,,1930681.0,1930681.0,,WSH,1,,,1930681.0,,0.0,Active / Club Exercised,1.0,career
daniel gafford,2023,12402000.0,cap_hit,12402000.0,12402000.0,,,DAL,1,,,4704207.0,7697793.0,0.0,Active;Retained,1.0,contract
daniel gafford,2024,13394160.0,cap_hit,13394160.0,13394160.0,,,DAL,1,,,13394160.0,,51497.0,Active;NBA Cup,1.0,contract
daniel gafford,2025,14386320.0,cap_hit,14386320.0,14386320.0,,,DAL,1,,,14386320.0,,0.0,Active,1.0,contract
daniel gafford,2026,17263584.0,cap_hit,17263584.0,17263584.0,,,DAL,1,,,17263584.0,,0.0,Active,1.0,contract
daniel gafford,2027,18126763.0,cap_hit,18126763.0,18126763.0,,,DAL,1,,,18126763.0,,0.0,Active,1.0,contract
daniel gafford,2028,18989942.0,cap_hit,18989942.0,18989942.0,,,DAL,1,,,18989942.0,,0.0,Active,1.0,contract
daniel oturu,2020,898310.0,base,,898310.0,898310.0,,LAC,1,,,898310.0,,0.0,Active,1.0,career
daniel oturu,2021,1517981.0,base,,1517981.0,1517981.0,,MEM;TOR,2,1603559.0,85578,,1603559.0,0.0,Retained;Retained,0.0,career
daniel theis,2017,815615.0,base,,815615.0,815615.0,,BOS,1,,,815615.0,,0.0,Active,1.0,career
daniel theis,2018,1378242.0,base,,1378242.0,1378242.0,,BOS,1,,,1378242.0,,0.0,Active,1.0,career
daniel theis,2019,4687500.0,base,,4687500.0,4687500.0,,BOS,1,,,4687500.0,,0.0,Active,1.0,career
daniel theis,2020,3184932.0,base,,3184932.0,3184932.0,,BOS;CHI,2,5000000.0,1815068,1815068.0,3184932.0,0.0,Retained;Active,1.0,career
daniel theis,2021,2807705.0,base,,2807705.0,2807705.0,,BOS;HOU,2,8280351.0,5472646,2807705.0,5472646.0,0.0,Active;Retained,1.0,career
daniel theis,2022,8694369.0,base,,8694369.0,8694369.0,,IND,1,,,8694369.0,,0.0,Active,1.0,career
daniel theis,2023,6928876.0,base,,6928876.0,6928876.0,,IND;LAC,2,9108387.0,2179511,2179511.0,6928876.0,0.0,Buyout;Active,1.0,career
daniel theis,2024,1722352.0,base,,1722352.0,1722352.0,,NO;OKC,2,2800834.0,1078482,,2800834.0,0.0,Retained;Retained,0.0,career
danilo gallinari,2008,2873520.0,base,,2873520.0,2873520.0,,NY,1,,,2873520.0,,0.0,Active,1.0,career
danilo gallinari,2009,3089040.0,base,,3089040.0,3089040.0,,NY,1,,,3089040.0,,0.0,Active,1.0,career
danilo gallinari,2010,3304560.0,base,,3304560.0,3304560.0,,DEN,1,,,3304560.0,,0.0,Active,1.0,career
danilo gallinari,2011,3372586.0,base,,3372586.0,3372586.0,,DEN,1,,,,,,,,career
danilo gallinari,2012,9439000.0,base,,9439000.0,9439000.0,,DEN,1,,,9439000.0,,0.0,Active,1.0,career
danilo gallinari,2013,10146925.0,base,,10146925.0,10146925.0,,DEN,1,,,10146925.0,,0.0,Active,1.0,career
danilo gallinari,2014,10854850.0,base,,10854850.0,10854850.0,,DEN,1,,,10854850.0,,0.0,Active,1.0,career
danilo gallinari,2015,14000000.0,base,,14000000.0,14000000.0,,DEN,1,,,14000000.0,,0.0,Active,1.0,career
danilo gallinari,2016,15050000.0,base,,15050000.0,15050000.0,,DEN,1,,,15050000.0,,0.0,Active,1.0,career
danilo gallinari,2017,20559599.0,base,,20559599.0,20559599.0,,LAC,1,,,20559599.0,,0.0,Active,1.0,career
danilo gallinari,2018,21587579.0,base,,21587579.0,21587579.0,,LAC,1,,,21587579.0,,0.0,Active,1.0,career
danilo gallinari,2019,21202087.0,base,,21202087.0,21202087.0,,OKC,1,,,21202087.0,,0.0,Active,1.0,career
danilo gallinari,2020,19500000.0,base,,19500000.0,19500000.0,,ATL,1,,,19500000.0,,0.0,Active,1.0,career
danilo gallinari,2021,20475000.0,base,,20475000.0,20475000.0,,ATL,1,,,20475000.0,,0.0,Active,1.0,career
danilo gallinari,2022,6479000.0,base,,6479000.0,6479000.0,,BOS;SA,2,19479000.0,13000000,6479000.0,13000000.0,0.0,Active;Retained,1.0,career
danilo gallinari,2023,3596962.0,base,,3596962.0,3596962.0,,DET;MIL;WSH,3,7850062.0,1047112;3205988,1047112.0,6802950.0,0.0,Retained;Active;Retained,1.0,career
daniss jenkins,2025,3809524.0,cap_hit,3809524.0,3809524.0,,,DET,1,,,,,,,,contract
daniss jenkins,2026,4000000.0,cap_hit,4000000.0,4000000.0,,,DET,1,,,,,,,,contract
danny green,2009,457588.0,base,,457588.0,457588.0,,CLE,1,,,457588.0,,0.0,Active,1.0,career
danny green,2010,130022.0,base,,130022.0,130022.0,,SA,1,,44835,130022.0,44835.0,0.0,Active;Retained,1.0,career
danny green,2011,687679.0,base,,687679.0,687679.0,,SA,1,,,,,,,,career
danny green,2012,3500000.0,base,,3500000.0,3500000.0,,SA,1,,,3500000.0,,0.0,Active,1.0,career
danny green,2013,3762500.0,base,,3762500.0,3762500.0,,SA,1,,,3762500.0,,0.0,Active,1.0,career
danny green,2014,4025000.0,base,,4025000.0,4025000.0,,SA,1,,,4025000.0,,0.0,Active,1.0,career
danny green,2015,10000000.0,base,,10000000.0,10000000.0,,SA,1,,,10000000.0,,0.0,Active,1.0,career
danny green,2016,10000000.0,base,,10000000.0,10000000.0,,SA,1,,,10000000.0,,0.0,Active,1.0,career
danny green,2017,10000000.0,base,,10000000.0,10000000.0,,SA,1,,,10000000.0,,0.0,Active,1.0,career
danny green,2018,10000000.0,base,,10000000.0,10000000.0,,TOR,1,,,10000000.0,,0.0,Active,1.0,career
danny green,2019,13719512.0,base,,13719512.0,13719512.0,,LAL,1,,,13719512.0,,0.0,Active,1.0,career
danny green,2020,15365854.0,base,,15365854.0,15365854.0,,PHI,1,,,15365854.0,,0.0,Active,1.0,career
danny green,2021,10000000.0,base,,10000000.0,10000000.0,,PHI,1,,,10000000.0,,0.0,Active,1.0,career
danny green,2022,2000000.0,base,,2000000.0,2000000.0,,CLE;MEM;HOU,3,11710528.0,6609195;3101333,2000000.0,9710528.0,0.0,Active;Retained;Retained,1.0,career
danny green,2023,200000.0,base,,200000.0,200000.0,,PHI,1,,,,200000.0,0.0,Retained,0.0,career
danny wolf,2025,2801280.0,cap_hit,2801280.0,2801280.0,,,BKN,1,,,,,,,,contract
danny wolf,2026,2941440.0,cap_hit,2941440.0,2941440.0,,,BKN,1,,,,,,,,contract
danny wolf,2027,3081840.0,cap_hit,3081840.0,3081840.0,,,BKN,1,,,,,,,,contract
danny wolf,2028,5559640.0,cap_hit,5559640.0,5559640.0,,,BKN,1,,,,,,,,contract
dariq whitehead,2023,2966040.0,base,,2966040.0,2966040.0,,BKN,1,,,2966040.0,,0.0,Active,1.0,career
dariq whitehead,2024,3114240.0,base,,3114240.0,3114240.0,,BKN,1,,,3114240.0,,0.0,Active,1.0,career
dariq whitehead,2025,3262560.0,base,,3262560.0,3262560.0,,BKN;MEM,2,3394530.0,131970,,3394530.0,0.0,Retained;Retained,0.0,career
darius bazley,2019,2142000.0,base,,2142000.0,2142000.0,,OKC,1,,,2142000.0,,0.0,Active,1.0,career
darius bazley,2020,2399160.0,base,,2399160.0,2399160.0,,OKC,1,,,2399160.0,,0.0,Active,1.0,career
darius bazley,2021,2513040.0,base,,2513040.0,2513040.0,,OKC,1,,,2513040.0,,0.0,Active / Club Exercised,1.0,career
darius bazley,2022,2818577.0,base,,2818577.0,2818577.0,,OKC;PHX,2,4264629.0,1446052,1446052.0,2818577.0,0.0,Retained;Active / Club Exercised,1.0,career
darius bazley,2023,124425.0,base,,124425.0,124425.0,,PHI;UTA,2,624425.0,500000,500000.0,124425.0,0.0,Retained;Active,1.0,career
darius garland,2019,6400920.0,base,,6400920.0,6400920.0,,CLE,1,,,6400920.0,,0.0,Active,1.0,career
darius garland,2020,6720720.0,base,,6720720.0,6720720.0,,CLE,1,,,6720720.0,,0.0,Active,1.0,career
darius garland,2021,7040880.0,base,,7040880.0,7040880.0,,CLE,1,,,7040880.0,,0.0,Active / Club Exercised,1.0,career
darius garland,2022,8920795.0,base,,8920795.0,8920795.0,,CLE,1,,,8920795.0,,0.0,Active / Club Exercised,1.0,career
darius garland,2023,34005250.0,cap_hit,34005250.0,34005250.0,,,CLE,1,,,34005250.0,,0.0,Active,1.0,contract
darius garland,2024,36725670.0,cap_hit,36725670.0,36725670.0,,,CLE,1,,,36725670.0,,0.0,Active,1.0,contract
darius garland,2025,39446090.0,cap_hit,39446090.0,39446090.0,,,LAC,1,,,15415713.0,24030377.0,0.0,Active;Retained,1.0,contract
darius garland,2026,42166510.0,cap_hit,42166510.0,42166510.0,,,LAC,1,,,42166510.0,,0.0,Active,1.0,contract
darius garland,2027,44886930.0,cap_hit,44886930.0,44886930.0,,,LAC,1,,,44886930.0,,0.0,Active,1.0,contract
darius miller,2012,473604.0,base,,473604.0,473604.0,,NOH,1,,,473604.0,,0.0,Active,1.0,career
darius miller,2013,788872.0,base,,788872.0,788872.0,,NO,1,,,788872.0,,0.0,Active,1.0,career
darius miller,2014,400000.0,base,,400000.0,400000.0,,NO,1,,,,400000.0,0.0,Retained,0.0,career
darius miller,2017,2100000.0,base,,2100000.0,2100000.0,,NO,1,,,2100000.0,,0.0,Active,1.0,career
darius miller,2018,2205000.0,base,,2205000.0,2205000.0,,NO,1,,,2205000.0,,0.0,Active,1.0,career
darius miller,2019,6796875.0,base,,6796875.0,6796875.0,,NO,1,,,6796875.0,,0.0,Active,1.0,career
darius miller,2020,7000000.0,base,,7000000.0,7000000.0,,OKC,1,,,,7000000.0,0.0,Retained,0.0,career
david nwaba,2016,73528.0,base,,73528.0,73528.0,,LAL,1,,31969;31969,73528.0,63938.0,0.0,Active;Retained;Retained,1.0,career
david nwaba,2017,1312611.0,base,,1312611.0,1312611.0,,CHI,1,,,1312611.0,,0.0,Active,1.0,career
david nwaba,2018,1512601.0,base,,1512601.0,1512601.0,,CLE,1,,,1512601.0,,0.0,Active,1.0,career
david nwaba,2019,1678854.0,base,,1678854.0,1678854.0,,BKN;HOU,2,2581965.0,903111,903111.0,1678854.0,0.0,Retained;Active,1.0,career
david nwaba,2020,1824003.0,base,,1824003.0,1824003.0,,HOU,1,,,1824003.0,,0.0,Active / Club Exercised,1.0,career
david nwaba,2021,4650000.0,base,,4650000.0,4650000.0,,HOU,1,,,4650000.0,,0.0,Active,1.0,career
david nwaba,2022,5022000.0,base,,5022000.0,5022000.0,,OKC,1,,,,5022000.0,0.0,Retained,0.0,career
david roddy,2022,2588640.0,base,,2588640.0,2588640.0,,MEM,1,,,2588640.0,,0.0,Active,1.0,career
david roddy,2023,1031057.0,base,,1031057.0,1031057.0,,PHX;MEM,2,2718240.0,1687183,1031057.0,1687183.0,0.0,Active;Retained,1.0,career
david roddy,2024,2847240.0,base,,2847240.0,2847240.0,,ATL;PHI,2,3070206.0,119972;102994,,2967212.0,102994.0,Retained;Retained;NBA Cup,0.0,career
david roddy,2025,146307.0,base,,146307.0,146307.0,,DEN,1,,,146307.0,,0.0,Active,1.0,contract
davion mitchell,2021,4603200.0,base,,4603200.0,4603200.0,,SAC,1,,,4603200.0,,0.0,Active,1.0,career
davion mitchell,2022,4833600.0,base,,4833600.0,4833600.0,,SAC,1,,,4833600.0,,0.0,Active,1.0,career
davion mitchell,2023,5063640.0,base,,5063640.0,5063640.0,,SAC,1,,50000,5063640.0,,50000.0,Active / Club Exercised;NBA Cup,1.0,career
davion mitchell,2024,2446960.0,base,,2446960.0,2446960.0,,MIA;TOR,2,6451077.0,4004117,2446960.0,4004117.0,0.0,Active / Club Exercised;Retained,1.0,career
davion mitchell,2025,11600000.0,cap_hit,11600000.0,11600000.0,,,MIA,1,,,11600000.0,,53093.0,Active;NBA Cup,1.0,contract
davion mitchell,2026,12400000.0,cap_hit,12400000.0,12400000.0,,,MIA,1,,,12400000.0,,0.0,Active,1.0,contract
davon reed,2017,815615.0,base,,815615.0,815615.0,,PHX,1,,,815615.0,,0.0,Active,1.0,career
davon reed,2018,1378242.0,base,,1378242.0,1378242.0,,PHX,1,,,,1378242.0,0.0,Retained,0.0,career
davon reed,2021,95930.0,base,,95930.0,95930.0,,DEN,1,,95930;94304,,286164.0,0.0,Retained;Retained;Retained,0.0,career
davon reed,2022,1257157.0,base,,1257157.0,1257157.0,,DEN;LAL,2,1902133.0,644976,,1902133.0,0.0,Retained;Retained,0.0,career
day'ron sharpe,2021,2009160.0,base,,2009160.0,2009160.0,,BKN,1,,,,,,,,career
day'ron sharpe,2022,2109480.0,base,,2109480.0,2109480.0,,BKN,1,,,,,,,,career
day'ron sharpe,2023,2210040.0,base,,2210040.0,2210040.0,,BKN,1,,,,,,,,career
day'ron sharpe,2024,3989122.0,base,,3989122.0,3989122.0,,BKN,1,,,,,,,,career
day'ron sharpe,2025,6250000.0,base,,6250000.0,6250000.0,,BKN,1,,,,,,,,career
day'ron sharpe,2026,10000000.0,cap_hit,10000000.0,10000000.0,,,BKN,1,,,,,,,,contract
day'ron sharpe,2027,10000000.0,cap_hit,10000000.0,10000000.0,,,BKN,1,,,,,,,,contract
de'aaron fox,2017,4609200.0,base,,4609200.0,4609200.0,,SAC,1,,,4609200.0,,0.0,Active,1.0,career
de'aaron fox,2018,5470920.0,base,,5470920.0,5470920.0,,SAC,1,,,5470920.0,,0.0,Active,1.0,career
de'aaron fox,2019,5993213.0,base,,5993213.0,5993213.0,,SAC,1,,,5993213.0,,0.0,Active / Club Exercised,1.0,career
de'aaron fox,2020,8099627.0,base,,8099627.0,8099627.0,,SAC,1,,,8099627.0,,0.0,Active / Club Exercised,1.0,career
de'aaron fox,2021,28103500.0,base,,28103500.0,28103500.0,,SAC,1,,,28103500.0,,0.0,Active,1.0,career
de'aaron fox,2022,30351780.0,base,,30351780.0,30351780.0,,SAC,1,,,30351780.0,,0.0,Active,1.0,career
de'aaron fox,2023,32600060.0,base,,32600060.0,32600060.0,,SAC,1,,50000,32600060.0,,50000.0,Active;NBA Cup,1.0,career
de'aaron fox,2024,14019447.0,base,,14019447.0,14019447.0,,SA;SAC,2,34848340.0,20828893,14019447.0,20828893.0,0.0,Active;Retained,1.0,career
de'aaron fox,2025,37096620.0,base,,37096620.0,37096620.0,,SA,1,,212373,37096620.0,,212373.0,Active;NBA Cup,1.0,career
de'aaron fox,2026,49488300.0,cap_hit,49488300.0,49488300.0,,,SA,1,,,49488300.0,,0.0,Active,1.0,contract
de'aaron fox,2027,53447364.0,cap_hit,53447364.0,53447364.0,,,SA,1,,,53447364.0,,0.0,Active,1.0,contract
de'aaron fox,2028,57406428.0,cap_hit,57406428.0,57406428.0,,,SA,1,,,57406428.0,,0.0,Active,1.0,contract
de'aaron fox,2029,61365492.0,cap_hit,61365492.0,61365492.0,,,SA,1,,,61365492.0,,0.0,Active,1.0,contract
de'andre hunter,2019,6626588.0,base,,6626588.0,6626588.0,,ATL,1,,,6626588.0,,0.0,Active,1.0,career
de'andre hunter,2020,7422000.0,base,,7422000.0,7422000.0,,ATL,1,,,7422000.0,,0.0,Active,1.0,career
de'andre hunter,2021,7775400.0,base,,7775400.0,7775400.0,,ATL,1,,,7775400.0,,0.0,Active / Club Exercised,1.0,career
de'andre hunter,2022,9835881.0,base,,9835881.0,9835881.0,,ATL,1,,,9835881.0,,0.0,Active / Club Exercised,1.0,career
de'andre hunter,2023,20089286.0,cap_hit,20089286.0,20089286.0,,,ATL,1,,,20089286.0,,0.0,Active,1.0,contract
de'andre hunter,2024,21696429.0,cap_hit,21696429.0,21696429.0,,,CLE,1,,,8229680.0,13466749.0,102994.0,Active;NBA Cup;Retained,1.0,contract
de'andre hunter,2025,23303571.0,cap_hit,23303571.0,23303571.0,,,SAC,1,,,9508928.0,13794643.0,0.0,Active;Retained,1.0,contract
de'andre hunter,2026,24910714.0,cap_hit,24910714.0,24910714.0,,,SAC,1,,,24910714.0,,0.0,Active,1.0,contract
de'anthony melton,2018,949000.0,base,,949000.0,949000.0,,PHX,1,,,,,,,,career
de'anthony melton,2019,1328299.0,base,,1328299.0,1328299.0,,MEM,1,,,,,,,,career
de'anthony melton,2020,9571712.0,base,,9571712.0,9571712.0,,MEM,1,,,,,,,,career
de'anthony melton,2021,8805976.0,base,,8805976.0,8805976.0,,MEM,1,,,,,,,,career
de'anthony melton,2022,8250000.0,base,,8250000.0,8250000.0,,PHI,1,,,,,,,,career
de'anthony melton,2023,8000000.0,base,,8000000.0,8000000.0,,PHI,1,,,,,,,,career
de'anthony melton,2024,8769069.0,base,,8769069.0,8769069.0,,BKN;GS,2,12873497.0,4052931;51497,,,,,,career
de'anthony melton,2025,3080921.0,base,,3080921.0,3080921.0,,GS,1,,,,,,,,career
de'anthony melton,2026,6064000.0,cap_hit,6064000.0,6064000.0,,,GS,1,,,,,,,,contract
de'anthony melton,2027,6367200.0,cap_hit,6367200.0,6367200.0,,,GS,1,,,,,,,,contract
dean wade,2019,375000.0,base,,375000.0,375000.0,,CLE,1,,,375000.0,,0.0,Active,1.0,career
dean wade,2020,1517981.0,base,,1517981.0,1517981.0,,CLE,1,,,1517981.0,,0.0,Active,1.0,career
dean wade,2021,1782621.0,base,,1782621.0,1782621.0,,CLE,1,,,1782621.0,,0.0,Active,1.0,career
dean wade,2022,1930681.0,base,,1930681.0,1930681.0,,CLE,1,,,1930681.0,,0.0,Active / Club Exercised,1.0,career
dean wade,2023,5709877.0,base,,5709877.0,5709877.0,,CLE,1,,,5709877.0,,0.0,Active,1.0,career
dean wade,2024,6166667.0,base,,6166667.0,6166667.0,,CLE,1,,,6166667.0,,0.0,Active,1.0,career
dean wade,2025,6623456.0,base,,6623456.0,6623456.0,,CLE,1,,,6623456.0,,0.0,Active,1.0,career
dean wade,2026,9000000.0,cap_hit,9000000.0,9000000.0,,,PHI,1,,,9000000.0,,0.0,Active,1.0,contract
dean wade,2027,9450000.0,cap_hit,9450000.0,9450000.0,,,PHI,1,,,9450000.0,,0.0,Active,1.0,contract
dean wade,2028,9900000.0,cap_hit,9900000.0,9900000.0,,,PHI,1,,,9900000.0,,0.0,Active,1.0,contract
dean wade,2029,10350000.0,cap_hit,10350000.0,10350000.0,,,PHI,1,,,10350000.0,,0.0,Active,1.0,contract
deandre ayton,2018,8165160.0,base,,8165160.0,8165160.0,,PHX,1,,,,,,,,career
deandre ayton,2019,8965238.0,base,,8965238.0,8965238.0,,PHX,1,,,,,,,,career
deandre ayton,2020,10018200.0,base,,10018200.0,10018200.0,,PHX,1,,,,,,,,career
deandre ayton,2021,12632950.0,base,,12632950.0,12632950.0,,PHX,1,,,,,,,,career
deandre ayton,2022,30913750.0,base,,30913750.0,30913750.0,,PHX,1,,,,,,,,career
deandre ayton,2023,32459438.0,base,,32459438.0,32459438.0,,POR,1,,,,,,,,career
deandre ayton,2024,34005126.0,base,,34005126.0,34005126.0,,POR,1,,,,,,,,career
deandre ayton,2025,8104000.0,cap_hit,8104000.0,8104000.0,,,LAL,1,,,,,,,,contract
deandre ayton,2026,8104000.0,cap_hit,8104000.0,8104000.0,,,WSH,1,,,,,,,,contract
deandre jordan,2008,550000.0,base,,550000.0,550000.0,,LAC,1,,,550000.0,,0.0,Active,1.0,career
deandre jordan,2009,736420.0,base,,736420.0,736420.0,,LAC,1,,,736420.0,,0.0,Active,1.0,career
deandre jordan,2010,854389.0,base,,854389.0,854389.0,,LAC,1,,,854389.0,,0.0,Active,1.0,career
deandre jordan,2011,8112691.0,base,,8112691.0,8112691.0,,LAC,1,,,,,,,,career
deandre jordan,2012,10532977.0,base,,10532977.0,10532977.0,,LAC,1,,,10532977.0,,0.0,Active,1.0,career
deandre jordan,2013,10986550.0,base,,10986550.0,10986550.0,,LAC,1,,,10986550.0,,0.0,Active,1.0,career
deandre jordan,2014,11440123.0,base,,11440123.0,11440123.0,,LAC,1,,,11440123.0,,0.0,Active,1.0,career
deandre jordan,2015,19689000.0,base,,19689000.0,19689000.0,,LAC,1,,,19689000.0,,0.0,Active,1.0,career
deandre jordan,2016,21165675.0,base,,21165675.0,21165675.0,,LAC,1,,,21165675.0,,0.0,Active,1.0,career
deandre jordan,2017,22642350.0,base,,22642350.0,22642350.0,,LAC,1,,,22642350.0,,0.0,Active,1.0,career
deandre jordan,2018,9055390.0,base,,9055390.0,9055390.0,,NY;DAL,2,22897200.0,13841810,9055390.0,13841810.0,0.0,Active;Retained,1.0,career
deandre jordan,2019,9263998.0,base,,9263998.0,9263998.0,,BKN,1,,,,,9263998.0,Reserve,0.0,career
deandre jordan,2020,10375678.0,base,,10375678.0,10375678.0,,BKN,1,,,10375678.0,,0.0,Active,1.0,career
deandre jordan,2021,7875533.0,base,,7875533.0,7875533.0,,DET;LAL;PHI,3,11109327.0,2641691;592103,592103.0,10517224.0,0.0,Retained;Retained;Active,1.0,career
deandre jordan,2022,7827907.0,base,,7827907.0,7827907.0,,DET;DEN,2,10733758.0,2905851,2905851.0,7827907.0,0.0,Retained;Active,1.0,career
deandre jordan,2023,3196448.0,base,,3196448.0,3196448.0,,DEN,1,,,3196448.0,,0.0,Active,1.0,career
deandre jordan,2024,3303771.0,base,,3303771.0,3303771.0,,DEN,1,,,3303771.0,,0.0,Active,1.0,career
deandre jordan,2025,3592381.0,base,,3592381.0,3592381.0,,NO,1,,,3592381.0,,0.0,Active,1.0,career
deandre jordan,2026,3876529.0,cap_hit,3876529.0,3876529.0,,,NO,1,,,3876529.0,,0.0,Active,1.0,contract
deandre jordan,2027,4070355.0,cap_hit,4070355.0,4070355.0,,,NO,1,,,4070355.0,,0.0,Active,1.0,contract
deandre' bembry,2016,1499760.0,base,,1499760.0,1499760.0,,ATL,1,,,1499760.0,,0.0,Active,1.0,career
deandre' bembry,2017,1567200.0,base,,1567200.0,1567200.0,,ATL,1,,,1567200.0,,0.0,Active,1.0,career
deandre' bembry,2018,1634640.0,base,,1634640.0,1634640.0,,ATL,1,,,1634640.0,,0.0,Active,1.0,career
deandre' bembry,2019,2441233.0,base,,2441233.0,2441233.0,,ATL,1,,,2441233.0,,0.0,Active,1.0,career
deandre' bembry,2020,1737145.0,base,,1737145.0,1737145.0,,TOR,1,,,1737145.0,,0.0,Active,1.0,career
deandre' bembry,2021,1939350.0,base,,1939350.0,1939350.0,,BKN;MIL,2,2541217.0,601867,,2541217.0,0.0,Retained;Retained,0.0,career
deividas sirvydis,2020,898310.0,base,,898310.0,898310.0,,DET,1,,,898310.0,,0.0,Active,1.0,career
deividas sirvydis,2021,1517981.0,base,,1517981.0,1517981.0,,DET,1,,85578,,1603559.0,0.0,Retained;Retained,0.0,career
dejounte murray,2016,1180080.0,base,,1180080.0,1180080.0,,SA,1,,,,,,,,career
dejounte murray,2017,1312611.0,base,,1312611.0,1312611.0,,SA,1,,,,,,,,career
dejounte murray,2018,1544951.0,base,,1544951.0,1544951.0,,SA,1,,,,,,,,career
dejounte murray,2019,2176627.0,base,,2176627.0,2176627.0,,SA,1,,,,,,,,career
dejounte murray,2020,14286000.0,base,,14286000.0,14286000.0,,SA,1,,,,,,,,career
dejounte murray,2021,15428880.0,base,,15428880.0,15428880.0,,SA,1,,,,,,,,career
dejounte murray,2022,16571120.0,base,,16571120.0,17071120.0,500000.0,ATL,1,,,,,,,,career
dejounte murray,2023,17714000.0,base,,17714000.0,18214000.0,500000.0,ATL,1,,,,,,,,career
dejounte murray,2024,28817135.0,cap_hit,28817135.0,24799600.0,,,NO,1,,,,,,,,contract
dejounte murray,2025,30801103.0,cap_hit,30801103.0,26783568.0,,,NO,1,,,,,,,,contract
dejounte murray,2026,32785071.0,cap_hit,32785071.0,28767536.0,,,NO,1,,,,,,,,contract
dejounte murray,2027,30751504.0,cap_hit,30751504.0,30751504.0,,,NO,1,,,,,,,,contract
delon wright,2015,1509360.0,base,,1509360.0,1509360.0,,TOR,1,,,1509360.0,,0.0,Active,1.0,career
delon wright,2016,1577280.0,base,,1577280.0,1577280.0,,TOR,1,,,1577280.0,,0.0,Active,1.0,career
delon wright,2017,1645200.0,base,,1645200.0,1645200.0,,TOR,1,,,1645200.0,,0.0,Active,1.0,career
delon wright,2018,902964.0,base,,902964.0,902964.0,,MEM;TOR,2,2536898.0,1633934,902964.0,1633934.0,0.0,Active;Retained,1.0,career
delon wright,2019,8881579.0,base,,8881579.0,8881579.0,,DAL,1,,,8881579.0,,0.0,Active,1.0,career
delon wright,2020,5732877.0,base,,5732877.0,5732877.0,,DET;SAC,2,9000000.0,3267123,3267123.0,5732877.0,0.0,Retained;Active,1.0,career
delon wright,2021,8526316.0,base,,8526316.0,8526316.0,,ATL,1,,,8526316.0,,0.0,Active,1.0,career
delon wright,2022,7804878.0,base,,7804878.0,7804878.0,,WSH,1,,,7804878.0,,0.0,Active,1.0,career
delon wright,2023,947205.0,base,,947205.0,947205.0,,MIA;WSH,2,9142327.0,8195122,947205.0,8195122.0,0.0,Active;Retained,1.0,career
delon wright,2024,514970.0,base,,514970.0,514970.0,,MIL;NY,2,3518397.0,1864196;1139231,1139231.0,1864196.0,514970.0,NBA Cup;Retained;Active,1.0,career
demar derozan,2009,2282640.0,base,,2282640.0,2282640.0,,TOR,1,,,2282640.0,,0.0,Active,1.0,career
demar derozan,2010,2453880.0,base,,2453880.0,2453880.0,,TOR,1,,,2453880.0,,0.0,Active,1.0,career
demar derozan,2011,2112805.0,base,,2112805.0,2112805.0,,TOR,1,,,,,,,,career
demar derozan,2012,3344250.0,base,,3344250.0,3344250.0,,TOR,1,,,3344250.0,,0.0,Active,1.0,career
demar derozan,2013,9500000.0,base,,9500000.0,9500000.0,,TOR,1,,,9500000.0,,0.0,Active,1.0,career
demar derozan,2014,9500000.0,base,,9500000.0,10100000.0,600000.0,TOR,1,,,10100000.0,,0.0,Active,1.0,career
demar derozan,2015,9500000.0,base,,9500000.0,10150000.0,650000.0,TOR,1,,,10150000.0,,0.0,Active,1.0,career
demar derozan,2016,26540100.0,base,,26540100.0,26540100.0,,TOR,1,,,26540100.0,,0.0,Active,1.0,career
demar derozan,2017,27739975.0,base,,27739975.0,27739975.0,,TOR,1,,,27739975.0,,0.0,Active,1.0,career
demar derozan,2018,27739975.0,base,,27739975.0,27739975.0,,SA,1,,,27739975.0,,0.0,Active,1.0,career
demar derozan,2019,26006227.0,base,,26006227.0,26006227.0,,SA,1,,,26006227.0,,0.0,Active,1.0,career
demar derozan,2020,27739975.0,base,,27739975.0,27739975.0,,SA,1,,,27739975.0,,0.0,Active / Player Exercised,1.0,career
demar derozan,2021,26000000.0,base,,26000000.0,26000000.0,,CHI,1,,,26000000.0,,0.0,Active,1.0,career
demar derozan,2022,27300000.0,base,,27300000.0,27300000.0,,CHI,1,,,27300000.0,,0.0,Active,1.0,career
demar derozan,2023,28600000.0,base,,28600000.0,28600000.0,,CHI,1,,,28600000.0,,0.0,Active,1.0,career
demar derozan,2024,23400000.0,base,,23400000.0,23400000.0,,SAC,1,,,23400000.0,,0.0,Active,1.0,career
demar derozan,2025,24570000.0,base,,24570000.0,24570000.0,,SAC,1,,,24570000.0,,0.0,Active,1.0,career
demar derozan,2026,10000000.0,base,,10000000.0,10000000.0,,SAC,1,,,,10000000.0,0.0,Retained,0.0,career
demarcus cousins,2010,3374640.0,base,,3374640.0,3374640.0,,SAC,1,,,3374640.0,,0.0,Active,1.0,career
demarcus cousins,2011,2919872.0,base,,2919872.0,2919872.0,,SAC,1,,,,,,,,career
demarcus cousins,2012,3880800.0,base,,3880800.0,3880800.0,,SAC,1,,,3880800.0,,0.0,Active,1.0,career
demarcus cousins,2013,4916974.0,base,,4916974.0,4916974.0,,SAC,1,,,4916974.0,,0.0,Active,1.0,career
demarcus cousins,2014,14746000.0,base,,14746000.0,14746000.0,,SAC,1,,,14746000.0,,0.0,Active,1.0,career
demarcus cousins,2015,15851950.0,base,,15851950.0,15851950.0,,SAC,1,,,15851950.0,,0.0,Active,1.0,career
demarcus cousins,2016,5785636.0,base,,5785636.0,5785636.0,,NO;SAC,2,16957900.0,11172264,5785636.0,11172264.0,0.0,Active;Retained,1.0,career
demarcus cousins,2017,18063850.0,base,,18063850.0,18063850.0,,NO,1,,,18063850.0,,0.0,Active,1.0,career
demarcus cousins,2018,5337000.0,base,,5337000.0,5337000.0,,GS,1,,,5337000.0,,0.0,Active,1.0,career
demarcus cousins,2019,3500000.0,base,,3500000.0,3500000.0,,LAL,1,,,,3500000.0,0.0,Retained,0.0,career
demarcus cousins,2020,335366.0,base,,335366.0,335366.0,,LAC;HOU,2,2986355.0,159698;159698;2331593,335366.0,2650989.0,0.0,Active;Retained;Retained;Retained,1.0,career
demarcus cousins,2021,683196.0,base,,683196.0,683196.0,,DEN;MIL,2,1745944.0,151821;151821;151821;607285,683196.0,1062748.0,0.0,Active;Retained;Retained;Retained;Retained,1.0,career
demarre carroll,2009,1009680.0,base,,1009680.0,1009680.0,,MEM,1,,,1009680.0,,0.0,Active,1.0,career
demarre carroll,2010,1085400.0,base,,1085400.0,1085400.0,,MEM,1,,,1085400.0,,0.0,Active,1.0,career
demarre carroll,2011,316951.0,base,,316951.0,316951.0,,DEN;UTA,2,749523.0,432572,,,,,,career
demarre carroll,2012,885120.0,base,,885120.0,885120.0,,UTA,1,,,885120.0,,0.0,Active,1.0,career
demarre carroll,2013,2557545.0,base,,2557545.0,2557545.0,,ATL,1,,,2557545.0,,0.0,Active,1.0,career
demarre carroll,2014,2442455.0,base,,2442455.0,2442455.0,,ATL,1,,,2442455.0,,0.0,Active,1.0,career
demarre carroll,2015,13600000.0,base,,13600000.0,13600000.0,,TOR,1,,,13600000.0,,0.0,Active,1.0,career
demarre carroll,2016,14200000.0,base,,14200000.0,14200000.0,,TOR,1,,,14200000.0,,0.0,Active,1.0,career
demarre carroll,2017,14800000.0,base,,14800000.0,14800000.0,,BKN,1,,,14800000.0,,0.0,Active,1.0,career
demarre carroll,2018,15400000.0,base,,15400000.0,15400000.0,,BKN,1,,,15400000.0,,0.0,Active,1.0,career
demarre carroll,2019,811447.0,base,,811447.0,811447.0,,HOU;SA,2,7653754.0,6842307,811447.0,6842307.0,0.0,Active;Retained,1.0,career
demarre carroll,2020,6119676.0,base,,6119676.0,6119676.0,,SA,1,,,,6119676.0,0.0,Retained,0.0,career
demarre carroll,2021,1242340.0,base,,1242340.0,1242340.0,,SA,1,,,,1242340.0,0.0,Retained,0.0,career
demetrius jackson,2016,1450000.0,base,,1450000.0,1450000.0,,BOS,1,,,1450000.0,,0.0,Active,1.0,career
demetrius jackson,2017,92858.0,base,,92858.0,92858.0,,BOS;HOU,2,167017.0,74159,,167017.0,0.0,Retained;Retained,0.0,career
demetrius jackson,2018,92857.0,base,,92857.0,92857.0,,BOS,1,,,,92857.0,0.0,Retained,0.0,career
demetrius jackson,2019,92857.0,base,,92857.0,92857.0,,BOS;LAL,2,111169.0,18312,,111169.0,0.0,Retained;Retained,0.0,career
demetrius jackson,2020,92857.0,base,,92857.0,92857.0,,BOS,1,,,,92857.0,0.0,Retained,0.0,career
demetrius jackson,2021,92857.0,base,,92857.0,92857.0,,BOS,1,,,,92857.0,0.0,Retained,0.0,career
demetrius jackson,2022,92857.0,base,,92857.0,92857.0,,BOS,1,,,,92857.0,0.0,Retained,0.0,career
demetrius jackson,2023,92857.0,base,,92857.0,92857.0,,BOS,1,,,,92857.0,0.0,Retained,0.0,career
deni avdija,2020,4469160.0,base,,4469160.0,4469160.0,,WSH,1,,,4469160.0,,0.0,Active,1.0,career
deni avdija,2021,4692840.0,base,,4692840.0,4692840.0,,WSH,1,,,4692840.0,,0.0,Active,1.0,career
deni avdija,2022,4916160.0,base,,4916160.0,4916160.0,,WSH,1,,,4916160.0,,0.0,Active / Club Exercised,1.0,career
deni avdija,2023,6263188.0,base,,6263188.0,6263188.0,,WSH,1,,,6263188.0,,0.0,Active / Club Exercised,1.0,career
deni avdija,2024,15625000.0,cap_hit,15625000.0,15625000.0,,,POR,1,,,15625000.0,,0.0,Active,1.0,contract
deni avdija,2025,14375000.0,cap_hit,14375000.0,14375000.0,,,POR,1,,,14375000.0,,0.0,Active,1.0,contract
deni avdija,2026,13125000.0,cap_hit,13125000.0,13125000.0,,,POR,1,,,13125000.0,,0.0,Active,1.0,contract
deni avdija,2027,11875000.0,cap_hit,11875000.0,11875000.0,,,POR,1,,,11875000.0,,0.0,Active,1.0,contract
denzel valentine,2016,2092200.0,base,,2092200.0,2092200.0,,CHI,1,,,2092200.0,,0.0,Active,1.0,career
denzel valentine,2017,2186400.0,base,,2186400.0,2186400.0,,CHI,1,,,2186400.0,,0.0,Active,1.0,career
denzel valentine,2018,2280600.0,base,,2280600.0,2280600.0,,CHI,1,,,2280600.0,,0.0,Active,1.0,career
denzel valentine,2019,3166471.0,base,,3166471.0,3166471.0,,CHI,1,,,3166471.0,,0.0,Active,1.0,career
denzel valentine,2020,4642800.0,base,,4642800.0,4642800.0,,CHI,1,,,4642800.0,,0.0,Active,1.0,career
denzel valentine,2021,858218.0,base,,858218.0,858218.0,,CLE;NY;UTA,3,1014258.0,44583;111457,,1014258.0,0.0,Retained;Retained;Retained,0.0,career
dereck lively ii,2023,4775640.0,cap_hit,4775640.0,4775640.0,,,DAL,1,,,,,,,,contract
dereck lively ii,2024,5014560.0,cap_hit,5014560.0,5014560.0,,,DAL,1,,,,,,,,contract
dereck lively ii,2025,5253360.0,cap_hit,5253360.0,5253360.0,,,DAL,1,,,,,,,,contract
dereck lively ii,2026,7239131.0,cap_hit,7239131.0,7239131.0,,,DAL,1,,,,,,,,contract
derik queen,2025,5157960.0,cap_hit,5157960.0,5157960.0,,,NO,1,,,,,,,,contract
derik queen,2026,5416080.0,cap_hit,5416080.0,5416080.0,,,NO,1,,,,,,,,contract
derik queen,2027,5673840.0,cap_hit,5673840.0,5673840.0,,,NO,1,,,,,,,,contract
derik queen,2028,8107918.0,cap_hit,8107918.0,8107918.0,,,NO,1,,,,,,,,contract
derrick favors,2010,4133280.0,base,,4133280.0,4133280.0,,UTA,1,,,4133280.0,,0.0,Active,1.0,career
derrick favors,2011,3576363.0,base,,3576363.0,3576363.0,,UTA,1,,,,,,,,career
derrick favors,2012,4753320.0,base,,4753320.0,4753320.0,,UTA,1,,,4753320.0,,0.0,Active,1.0,career
derrick favors,2013,6008196.0,base,,6008196.0,6008196.0,,UTA,1,,,6008196.0,,0.0,Active,1.0,career
derrick favors,2014,12650000.0,base,,12650000.0,12950000.0,300000.0,UTA,1,,,12950000.0,,0.0,Active,1.0,career
derrick favors,2015,11750000.0,base,,11750000.0,12000000.0,250000.0,UTA,1,,,12000000.0,,0.0,Active,1.0,career
derrick favors,2016,10800000.0,base,,10800000.0,11050000.0,250000.0,UTA,1,,,11050000.0,,0.0,Active,1.0,career
derrick favors,2017,11750000.0,base,,11750000.0,12000000.0,250000.0,UTA,1,,,12000000.0,,0.0,Active,1.0,career
derrick favors,2018,16000000.0,base,,16000000.0,16900000.0,900000.0,UTA,1,,,16900000.0,,0.0,Active,1.0,career
derrick favors,2019,16546875.0,base,,16546875.0,18196875.0,1650000.0,NO,1,,,18196875.0,,0.0,Active,1.0,career
derrick favors,2020,9258000.0,base,,9258000.0,9258000.0,,UTA,1,,,9258000.0,,0.0,Active,1.0,career
derrick favors,2021,9720900.0,base,,9720900.0,9720900.0,,OKC,1,,,9720900.0,,0.0,Active,1.0,career
derrick favors,2022,167003.0,base,,167003.0,167003.0,,ATL;HOU,2,10350803.0,10183800,,10350803.0,0.0,Retained;Retained,0.0,career
derrick jones jr.,2016,543471.0,base,,543471.0,543471.0,,PHX,1,,,543471.0,,0.0,Active,1.0,career
derrick jones jr.,2017,400458.0,base,,400458.0,400458.0,,PHX,1,,,,400458.0,0.0,Retained,0.0,career
derrick jones jr.,2018,1512601.0,base,,1512601.0,1512601.0,,MIA,1,,,1512601.0,,0.0,Active,1.0,career
derrick jones jr.,2019,1542522.0,base,,1542522.0,1542522.0,,MIA,1,,,1542522.0,,0.0,Active,1.0,career
derrick jones jr.,2020,9258000.0,base,,9258000.0,9258000.0,,POR,1,,,9258000.0,,0.0,Active,1.0,career
derrick jones jr.,2021,9720900.0,base,,9720900.0,9720900.0,,CHI,1,,,9720900.0,,0.0,Active / Player Exercised,1.0,career
derrick jones jr.,2022,3200000.0,base,,3200000.0,3200000.0,,CHI,1,,,3200000.0,,0.0,Active,1.0,career
derrick jones jr.,2023,2709849.0,base,,2709849.0,2709849.0,,DAL,1,,,2709849.0,,0.0,Active,1.0,career
derrick jones jr.,2024,9523810.0,cap_hit,9523810.0,9523810.0,,,LAC,1,,,9523810.0,,0.0,Active,1.0,contract
derrick jones jr.,2025,10000000.0,cap_hit,10000000.0,10000000.0,,,LAC,1,,,10000000.0,,0.0,Active,1.0,contract
derrick jones jr.,2026,10476190.0,cap_hit,10476190.0,10476190.0,,,LAC,1,,,10476190.0,,0.0,Active,1.0,contract
derrick rose,2008,4822800.0,base,,4822800.0,4822800.0,,CHI,1,,,4822800.0,,0.0,Active,1.0,career
derrick rose,2009,5184480.0,base,,5184480.0,5184480.0,,CHI,1,,,5184480.0,,0.0,Active,1.0,career
derrick rose,2010,5546160.0,base,,5546160.0,5546160.0,,CHI,1,,,5546160.0,,0.0,Active,1.0,career
derrick rose,2011,5629082.0,base,,5629082.0,5629082.0,,CHI,1,,,,,,,,career
derrick rose,2012,16402500.0,base,,16402500.0,16402500.0,,CHI,1,,,16402500.0,,0.0,Active,1.0,career
derrick rose,2013,17632688.0,base,,17632688.0,17632688.0,,CHI,1,,,17632688.0,,0.0,Active,1.0,career
derrick rose,2014,18862876.0,base,,18862876.0,18862876.0,,CHI,1,,,18862876.0,,0.0,Active,1.0,career
derrick rose,2015,20093064.0,base,,20093064.0,20093064.0,,CHI,1,,,20093064.0,,0.0,Active,1.0,career
derrick rose,2016,21323252.0,base,,21323252.0,21323252.0,,NY,1,,,21323252.0,,0.0,Active,1.0,career
derrick rose,2017,1356709.0,base,,1356709.0,1356709.0,,CLE;MIN;UTA,3,2525077.0,418607;749761,418607.0,2106470.0,0.0,Retained;Active;Retained,1.0,career
derrick rose,2018,2393887.0,base,,2393887.0,2393887.0,,MIN,1,,,2393887.0,,0.0,Active,1.0,career
derrick rose,2019,6859756.0,base,,6859756.0,6859756.0,,DET,1,,,6859756.0,,0.0,Active,1.0,career
derrick rose,2020,2525894.0,base,,2525894.0,2525894.0,,DET;NY,2,7682927.0,5157033,5157033.0,2525894.0,0.0,Retained;Active,1.0,career
derrick rose,2021,13445120.0,base,,13445120.0,13445120.0,,NY,1,,,13445120.0,,0.0,Active,1.0,career
derrick rose,2022,14520730.0,base,,14520730.0,14520730.0,,NY,1,,,14520730.0,,0.0,Active,1.0,career
derrick rose,2023,3196448.0,base,,3196448.0,3196448.0,,MEM,1,,,3196448.0,,0.0,Active,1.0,career
derrick white,2017,1404600.0,base,,1404600.0,1404600.0,,SA,1,,,,,,,,career
derrick white,2018,1667160.0,base,,1667160.0,1667160.0,,SA,1,,,,,,,,career
derrick white,2019,1826325.0,base,,1826325.0,1826325.0,,SA,1,,,,,,,,career
derrick white,2020,3516284.0,base,,3516284.0,3516284.0,,SA,1,,,,,,,,career
derrick white,2021,5146757.0,base,,5146757.0,5646757.0,500000.0,BOS;SA,2,15178571.0,10031814,,,,,,career
derrick white,2022,16392857.0,base,,16392857.0,17142857.0,750000.0,BOS,1,,,,,,,,career
derrick white,2023,17607143.0,base,,17607143.0,18857143.0,1250000.0,BOS,1,,50000,,,,,,career
derrick white,2024,18821429.0,base,,18821429.0,19821429.0,1000000.0,BOS,1,,,,,,,,career
derrick white,2025,28100000.0,cap_hit,28100000.0,26350000.0,,,BOS,1,,,,,,,,contract
derrick white,2026,30348000.0,cap_hit,30348000.0,28458000.0,,,BOS,1,,,,,,,,contract
derrick white,2027,32596000.0,cap_hit,32596000.0,30566000.0,,,BOS,1,,,,,,,,contract
derrick white,2028,34844000.0,cap_hit,34844000.0,32674000.0,,,BOS,1,,,,,,,,contract
desmond bane,2020,1936440.0,base,,1936440.0,1936440.0,,MEM,1,,,1936440.0,,0.0,Active,1.0,career
desmond bane,2021,2033160.0,base,,2033160.0,2033160.0,,MEM,1,,,2033160.0,,0.0,Active,1.0,career
desmond bane,2022,2130240.0,base,,2130240.0,2130240.0,,MEM,1,,,2130240.0,,0.0,Active / Club Exercised,1.0,career
desmond bane,2023,3845083.0,base,,3845083.0,3845083.0,,MEM,1,,,3845083.0,,0.0,Active / Club Exercised,1.0,career
desmond bane,2024,34005250.0,cap_hit,34005250.0,34005250.0,,,MEM,1,,,34005250.0,,0.0,Active,1.0,contract
desmond bane,2025,36725670.0,cap_hit,36725670.0,36725670.0,,,ORL,1,,,36725670.0,,106187.0,Active;NBA Cup,1.0,contract
desmond bane,2026,39446090.0,cap_hit,39446090.0,39446090.0,,,ORL,1,,,39446090.0,,0.0,Active,1.0,contract
desmond bane,2027,42166510.0,cap_hit,42166510.0,42166510.0,,,ORL,1,,,42166510.0,,0.0,Active,1.0,contract
desmond bane,2028,44886930.0,cap_hit,44886930.0,44886930.0,,,ORL,1,,,44886930.0,,0.0,Active,1.0,contract
devin booker,2015,2127840.0,base,,2127840.0,2127840.0,,PHX,1,,,,,,,,career
devin booker,2016,2223600.0,base,,2223600.0,2223600.0,,PHX,1,,,,,,,,career
devin booker,2017,2319360.0,base,,2319360.0,2319360.0,,PHX,1,,,,,,,,career
devin booker,2018,3314365.0,base,,3314365.0,3314365.0,,PHX,1,,,,,,,,career
devin booker,2019,25579688.0,base,,25579688.0,25579688.0,,PHX,1,,,,,,,,career
devin booker,2020,29467800.0,base,,29467800.0,29467800.0,,PHX,1,,,,,,,,career
devin booker,2021,31650600.0,base,,31650600.0,31650600.0,,PHX,1,,,,,,,,career
devin booker,2022,33833400.0,base,,33833400.0,33833400.0,,PHX,1,,,,,,,,career
devin booker,2023,36016200.0,base,,36016200.0,36016200.0,,PHX,1,,50000,,,,,,career
devin booker,2024,49205800.0,cap_hit,49205800.0,49205800.0,,,PHX,1,,,,,,,,contract
devin booker,2025,53142264.0,cap_hit,53142264.0,53142264.0,,,PHX,1,,,,,,,,contract
devin booker,2026,57078728.0,cap_hit,57078728.0,57078728.0,,,PHX,1,,,,,,,,contract
devin booker,2027,61015192.0,cap_hit,61015192.0,61015192.0,,,PHX,1,,,,,,,,contract
devin booker,2028,63669550.0,cap_hit,63669550.0,63669550.0,,,PHX,1,,,,,,,,contract
devin booker,2029,68763114.0,cap_hit,68763114.0,68763114.0,,,PHX,1,,,,,,,,contract
devin cannady,2020,61528.0,base,,61528.0,61528.0,,ORL,1,,,,61528.0,0.0,Retained,0.0,career
devin cannady,2021,100000.0,base,,100000.0,100000.0,,ORL,1,,85578,100000.0,85578.0,0.0,Active;Retained,1.0,career
devin carter,2024,4689000.0,cap_hit,4689000.0,4689000.0,,,SAC,1,,,,,,,,contract
devin carter,2025,4923720.0,cap_hit,4923720.0,4923720.0,,,SAC,1,,,,,,,,contract
devin carter,2026,5158080.0,cap_hit,5158080.0,5158080.0,,,ATL,1,,,,,,,,contract
devin carter,2027,7370897.0,cap_hit,7370897.0,7370897.0,,,ATL,1,,,,,,,,contract
devin vassell,2020,4033440.0,base,,4033440.0,4033440.0,,SA,1,,,4033440.0,,0.0,Active,1.0,career
devin vassell,2021,4235160.0,base,,4235160.0,4235160.0,,SA,1,,,4235160.0,,0.0,Active,1.0,career
devin vassell,2022,4437000.0,base,,4437000.0,4437000.0,,SA,1,,,4437000.0,,0.0,Active / Club Exercised,1.0,career
devin vassell,2023,5887899.0,base,,5887899.0,5887899.0,,SA,1,,,5887899.0,,0.0,Active / Club Exercised,1.0,career
devin vassell,2024,29347826.0,cap_hit,29347826.0,29347826.0,,,SA,1,,,29347826.0,,0.0,Active,1.0,contract
devin vassell,2025,27500000.0,cap_hit,27500000.0,27000000.0,,,SA,1,,,27500000.0,,212373.0,Active;NBA Cup,1.0,contract
devin vassell,2026,27500000.0,cap_hit,27500000.0,27000000.0,,,SA,1,,,27000000.0,,0.0,Active,1.0,contract
devin vassell,2027,25108696.0,cap_hit,25108696.0,24652174.0,,,SA,1,,,24652174.0,,0.0,Active,1.0,contract
devin vassell,2028,27500000.0,cap_hit,27500000.0,27000000.0,,,SA,1,,,27000000.0,,0.0,Active,1.0,contract
devontae cacok,2019,10150.0,base,,10150.0,10150.0,,LAL,1,,,,10150.0,0.0,Retained,0.0,career
devontae cacok,2021,364533.0,base,,364533.0,364533.0,,SA,1,,,364533.0,,0.0,Active,1.0,career
devonte' graham,2018,988464.0,base,,988464.0,988464.0,,CHA,1,,,988464.0,,0.0,Active,1.0,career
devonte' graham,2019,1328299.0,base,,1328299.0,1328299.0,,CHA,1,,,1328299.0,,0.0,Active,1.0,career
devonte' graham,2020,1663861.0,base,,1663861.0,1663861.0,,CHA,1,,,1663861.0,,0.0,Active,1.0,career
devonte' graham,2021,11000000.0,base,,11000000.0,11000000.0,,NO,1,,,11000000.0,,0.0,Active,1.0,career
devonte' graham,2022,7633621.0,base,,7633621.0,7633621.0,,NO;SA,2,11550000.0,3916379,3916379.0,7633621.0,0.0,Retained;Active,1.0,career
devonte' graham,2023,12100000.0,base,,12100000.0,12100000.0,,SA,1,,,12100000.0,,0.0,Active,1.0,career
devonte' graham,2024,2850000.0,base,,2850000.0,2850000.0,,CHA,1,,,,2850000.0,0.0,Retained,0.0,career
dewayne dedmon,2013,57668.0,base,,57668.0,57668.0,,GS;ORL;PHI,3,498004.0,25000;300000;28834;28834;28834;28834,300000.0,198004.0,0.0,Retained;Retained;Active;Retained;Retained;Retained;Retained,1.0,career
dewayne dedmon,2014,816482.0,base,,816482.0,816482.0,,ORL,1,,,816482.0,,0.0,Active,1.0,career
dewayne dedmon,2015,947276.0,base,,947276.0,947276.0,,ORL,1,,,947276.0,,0.0,Active,1.0,career
dewayne dedmon,2016,2898000.0,base,,2898000.0,2898000.0,,SA,1,,,2898000.0,,0.0,Active,1.0,career
dewayne dedmon,2017,6000000.0,base,,6000000.0,6000000.0,,ATL,1,,,6000000.0,,0.0,Active,1.0,career
dewayne dedmon,2018,6300000.0,base,,6300000.0,7200000.0,900000.0,ATL,1,,,7200000.0,,0.0,Active,1.0,career
dewayne dedmon,2019,4439737.0,base,,4439737.0,4439737.0,,ATL;SAC,2,12500001.0,8060264,4439737.0,8060264.0,0.0,Active;Retained,1.0,career
dewayne dedmon,2020,2748674.0,base,,2748674.0,2748674.0,,DET;MIA,2,3329485.0,580811,580811.0,2748674.0,0.0,Retained;Active,1.0,career
dewayne dedmon,2021,2748674.0,base,,2748674.0,2748674.0,,DET;MIA,2,5138315.0,2389641,2389641.0,2748674.0,0.0,Retained;Active,1.0,career
dewayne dedmon,2022,2748674.0,base,,2748674.0,2748674.0,,DET;MIA;PHI;SA,4,8283688.0,3052299;835014;1647701,835014.0,7448674.0,0.0,Retained;Retained;Active;Retained,1.0,career
dewayne dedmon,2023,2748674.0,base,,2748674.0,2748674.0,,DET,1,,,,2748674.0,0.0,Retained,0.0,career
dewayne dedmon,2024,2748674.0,base,,2748674.0,2748674.0,,DET,1,,,,2748674.0,0.0,Retained,0.0,career
didi louzada,2020,123056.0,base,,123056.0,123056.0,,NO,1,,,123056.0,,0.0,Active,1.0,career
didi louzada,2021,1160444.0,base,,1160444.0,1160444.0,,NO;POR,2,1786878.0,626434,626434.0,1160444.0,0.0,Retained;Active,1.0,career
didi louzada,2022,268032.0,base,,268032.0,268032.0,,POR,1,,,,268032.0,0.0,Retained,0.0,career
didi louzada,2023,268032.0,base,,268032.0,268032.0,,POR,1,,,,268032.0,0.0,Retained,0.0,career
didi louzada,2024,268032.0,base,,268032.0,268032.0,,POR,1,,,,268032.0,0.0,Retained,0.0,career
didi louzada,2025,268032.0,base,,268032.0,268032.0,,POR,1,,,,268032.0,0.0,Retained,0.0,career
didi louzada,2026,268032.0,base,,268032.0,268032.0,,POR,1,,,,268032.0,0.0,Retained,0.0,career
didi louzada,2027,268031.0,base,,268031.0,268031.0,,POR,1,,,,268031.0,0.0,Retained,0.0,career
didi louzada,2028,268031.0,base,,268031.0,268031.0,,POR,1,,,,268031.0,0.0,Retained,0.0,career
dillon brooks,2017,815615.0,base,,815615.0,815615.0,,MEM,1,,,815615.0,,0.0,Active,1.0,career
dillon brooks,2018,1378242.0,base,,1378242.0,1378242.0,,MEM,1,,,1378242.0,,0.0,Active,1.0,career
dillon brooks,2019,1517363.0,base,,1517363.0,1517363.0,,MEM,1,,,1517363.0,,0.0,Active,1.0,career
dillon brooks,2020,11400000.0,base,,11400000.0,11400000.0,,MEM,1,,,11400000.0,,0.0,Active,1.0,career
dillon brooks,2021,12200000.0,base,,12200000.0,12200000.0,,MEM,1,,,12200000.0,,0.0,Active,1.0,career
dillon brooks,2022,11400000.0,base,,11400000.0,11400000.0,,MEM,1,,,11400000.0,,0.0,Active,1.0,career
dillon brooks,2023,22627671.0,cap_hit,22627671.0,22627671.0,,,HOU,1,,,22627671.0,,0.0,Active,1.0,contract
dillon brooks,2024,23255493.0,cap_hit,23255493.0,22255493.0,,,HOU,1,,,23255493.0,,102994.0,Active;NBA Cup,1.0,contract
dillon brooks,2025,22124110.0,cap_hit,22124110.0,21124110.0,,,PHX,1,,,22124110.0,,53093.0,Active;NBA Cup,1.0,contract
dillon brooks,2026,20992727.0,cap_hit,20992727.0,19992727.0,,,PHX,1,,,19992727.0,,0.0,Active,1.0,contract
dillon jones,2024,2622360.0,base,,2622360.0,2622360.0,,OKC,1,,205988,2622360.0,,205988.0,Active;NBA Cup,1.0,career
dillon jones,2025,2753280.0,base,,2753280.0,2753280.0,,WSH;NY,2,3056867.0,303587,303587.0,2753280.0,0.0,Retained;Active,1.0,career
dion waiters,2012,3726600.0,base,,3726600.0,3726600.0,,CLE,1,,,3726600.0,,0.0,Active,1.0,career
dion waiters,2013,3894240.0,base,,3894240.0,3894240.0,,CLE,1,,,3894240.0,,0.0,Active,1.0,career
dion waiters,2014,4062000.0,base,,4062000.0,4062000.0,,OKC,1,,,4062000.0,,0.0,Active,1.0,career
dion waiters,2015,5138430.0,base,,5138430.0,5138430.0,,OKC,1,,,5138430.0,,0.0,Active,1.0,career
dion waiters,2016,2898000.0,base,,2898000.0,2898000.0,,MIA,1,,,2898000.0,,0.0,Active,1.0,career
dion waiters,2017,11000000.0,base,,11000000.0,11000000.0,,MIA,1,,,11000000.0,,0.0,Active,1.0,career
dion waiters,2018,11550000.0,base,,11550000.0,11550000.0,,MIA,1,,,11550000.0,,0.0,Active,1.0,career
dion waiters,2019,4785311.0,base,,4785311.0,4785311.0,,MEM;LAL;MIA,3,12603656.0,503656;7314689,503656.0,12100000.0,0.0,Retained;Active;Retained,1.0,career
dion waiters,2020,12650000.0,base,,12650000.0,12650000.0,,MEM,1,,,,12650000.0,0.0,Retained,0.0,career
domantas sabonis,2016,2440200.0,base,,2440200.0,2440200.0,,OKC,1,,,2440200.0,,0.0,Active,1.0,career
domantas sabonis,2017,2550000.0,base,,2550000.0,2550000.0,,IND,1,,,2550000.0,,0.0,Active,1.0,career
domantas sabonis,2018,2659800.0,base,,2659800.0,2659800.0,,IND,1,,,2659800.0,,0.0,Active,1.0,career
domantas sabonis,2019,3308958.0,base,,3308958.0,3308958.0,,IND,1,,,3308958.0,,0.0,Active,1.0,career
domantas sabonis,2020,18500000.0,base,,18500000.0,19800000.0,1300000.0,IND,1,,,19800000.0,,0.0,Active,1.0,career
domantas sabonis,2021,18500000.0,base,,18500000.0,18500000.0,,SAC;IND,2,30514368.0,12014368,18500000.0,12014368.0,0.0,Active;Retained,1.0,career
domantas sabonis,2022,18500000.0,base,,18500000.0,21100000.0,2600000.0,SAC,1,,,21100000.0,,0.0,Active,1.0,career
domantas sabonis,2023,28000000.0,base,,28000000.0,29300000.0,1300000.0,SAC,1,,50000,29300000.0,,50000.0,Active;NBA Cup,1.0,career
domantas sabonis,2024,39200000.0,cap_hit,39200000.0,39200000.0,,,SAC,1,,,39200000.0,,0.0,Active,1.0,contract
domantas sabonis,2025,42336000.0,cap_hit,42336000.0,42336000.0,,,SAC,1,,,42336000.0,,0.0,Active,1.0,contract
domantas sabonis,2026,45472000.0,cap_hit,45472000.0,45472000.0,,,SAC,1,,,45472000.0,,0.0,Active,1.0,contract
domantas sabonis,2027,48608000.0,cap_hit,48608000.0,48608000.0,,,SAC,1,,,48608000.0,,0.0,Active,1.0,contract
dominick barlow,2023,455620.0,base,,455620.0,455620.0,,SA,1,,,,,,,,career
dominick barlow,2024,491887.0,base,,491887.0,491887.0,,ATL,1,,51497,,,,,,career
dominick barlow,2025,3415000.0,cap_hit,3415000.0,3415000.0,,,PHI,1,,,,,,,,contract
dominick barlow,2026,3415000.0,cap_hit,3415000.0,3415000.0,,,PHI,1,,,,,,,,contract
donovan clingan,2024,6836400.0,cap_hit,6836400.0,6836400.0,,,POR,1,,,,,,,,contract
donovan clingan,2025,7178400.0,cap_hit,7178400.0,7178400.0,,,POR,1,,,,,,,,contract
donovan clingan,2026,7519920.0,cap_hit,7519920.0,7519920.0,,,POR,1,,,,,,,,contract
donovan clingan,2027,9550298.0,cap_hit,9550298.0,9550298.0,,,POR,1,,,,,,,,contract
donovan mitchell,2017,2621280.0,base,,2621280.0,2621280.0,,UTA,1,,,,,,,,career
donovan mitchell,2018,3111480.0,base,,3111480.0,3111480.0,,UTA,1,,,,,,,,career
donovan mitchell,2019,3408525.0,base,,3408525.0,3408525.0,,UTA,1,,,,,,,,career
donovan mitchell,2020,5195501.0,base,,5195501.0,5195501.0,,UTA,1,,,,,,,,career
donovan mitchell,2021,28103500.0,base,,28103500.0,28103500.0,,UTA,1,,,,,,,,career
donovan mitchell,2022,30351780.0,base,,30351780.0,30351780.0,,CLE;UTA,2,,,,,,,,career
donovan mitchell,2023,32600060.0,base,,32600060.0,32600060.0,,CLE,1,,,,,,,,career
donovan mitchell,2024,34848340.0,base,,34848340.0,34848340.0,,CLE,1,,,,,,,,career
donovan mitchell,2025,46394100.0,cap_hit,46394100.0,46394100.0,,,CLE,1,,,,,,,,contract
donovan mitchell,2026,50105628.0,cap_hit,50105628.0,50105628.0,,,CLE,1,,,,,,,,contract
donovan mitchell,2027,60911900.0,cap_hit,60911900.0,60911900.0,,,CLE,1,,,,,,,,contract
donovan mitchell,2028,65784852.0,cap_hit,65784852.0,65784852.0,,,CLE,1,,,,,,,,contract
donovan mitchell,2029,70657804.0,cap_hit,70657804.0,70657804.0,,,CLE,1,,,,,,,,contract
donovan mitchell,2030,75530756.0,cap_hit,75530756.0,75530756.0,,,CLE,1,,,,,,,,contract
donta hall,2019,101504.0,base,,101504.0,101504.0,,BKN;DET,2,203008.0,50752;50752,101504.0,101504.0,0.0,Active;Retained;Retained,1.0,career
donta hall,2020,99020.0,base,,99020.0,99020.0,,ORL;TOR,2,376276.0,99020;79216;99020,,376276.0,0.0,Retained;Retained;Retained;Retained,0.0,career
donte divincenzo,2018,2481000.0,base,,2481000.0,2481000.0,,MIL,1,,,2481000.0,,0.0,Active,1.0,career
donte divincenzo,2019,2724188.0,base,,2724188.0,2724188.0,,MIL,1,,,2724188.0,,0.0,Active,1.0,career
donte divincenzo,2020,3044160.0,base,,3044160.0,3044160.0,,MIL,1,,,3044160.0,,0.0,Active / Club Exercised,1.0,career
donte divincenzo,2021,3090347.0,base,,3090347.0,3090347.0,,MIL;SAC,2,4675830.0,1585483,1585483.0,3090347.0,0.0,Retained;Active / Club Exercised,1.0,career
donte divincenzo,2022,4500000.0,base,,4500000.0,4500000.0,,GS,1,,,4500000.0,,0.0,Active,1.0,career
donte divincenzo,2023,10900000.0,cap_hit,10900000.0,10900000.0,,,NY,1,,,10900000.0,,50000.0,Active;NBA Cup,1.0,contract
donte divincenzo,2024,11445000.0,cap_hit,11445000.0,11445000.0,,,MIN,1,,,11445000.0,,0.0,Active,1.0,contract
donte divincenzo,2025,11990000.0,cap_hit,11990000.0,11990000.0,,,MIN,1,,,11990000.0,,0.0,Active,1.0,contract
donte divincenzo,2026,12535000.0,cap_hit,12535000.0,12535000.0,,,MIN,1,,,12535000.0,,0.0,Active,1.0,contract
dorian finney-smith,2016,543471.0,base,,543471.0,543471.0,,DAL,1,,,,,,,,career
dorian finney-smith,2017,1312611.0,base,,1312611.0,1312611.0,,DAL,1,,,,,,,,career
dorian finney-smith,2018,1544951.0,base,,1544951.0,1544951.0,,DAL,1,,,,,,,,career
dorian finney-smith,2019,3750000.0,base,,3750000.0,3750000.0,,DAL,1,,,,,,,,career
dorian finney-smith,2020,4000000.0,base,,4000000.0,4000000.0,,DAL,1,,,,,,,,career
dorian finney-smith,2021,4000000.0,base,,4000000.0,4000000.0,,DAL,1,,,,,,,,career
dorian finney-smith,2022,4419103.0,base,,4419103.0,4419103.0,,BKN;DAL,2,12402000.0,7982897,,,,,,career
dorian finney-smith,2023,13394160.0,base,,13394160.0,13394160.0,,BKN,1,,,,,,,,career
dorian finney-smith,2024,8681400.0,base,,8681400.0,8681400.0,,LAL;BKN,2,14386320.0,5704920,,,,,,career
dorian finney-smith,2025,12700000.0,cap_hit,12700000.0,12700000.0,,,HOU,1,,,,,,,,contract
dorian finney-smith,2026,14196974.0,cap_hit,14196974.0,13335000.0,,,CHA,1,,,,,,,,contract
dorian finney-smith,2027,13335000.0,cap_hit,13335000.0,13335000.0,,,CHA,1,,,,,,,,contract
dorian finney-smith,2028,13335000.0,cap_hit,13335000.0,13335000.0,,,CHA,1,,,,,,,,contract
doug mcdermott,2014,2277960.0,base,,2277960.0,2277960.0,,CHI,1,,,2277960.0,,0.0,Active,1.0,career
doug mcdermott,2015,2380440.0,base,,2380440.0,2380440.0,,CHI,1,,,2380440.0,,0.0,Active,1.0,career
doug mcdermott,2016,1767340.0,base,,1767340.0,1767340.0,,CHI;OKC,2,2483040.0,715700,715700.0,1767340.0,0.0,Retained;Active,1.0,career
doug mcdermott,2017,1172794.0,base,,1172794.0,1172794.0,,DAL;NY,2,3294994.0,2122200,1172794.0,2122200.0,0.0,Active;Retained,1.0,career
doug mcdermott,2018,7333334.0,base,,7333334.0,7333334.0,,IND,1,,,7333334.0,,0.0,Active,1.0,career
doug mcdermott,2019,6875000.0,base,,6875000.0,6875000.0,,IND,1,,,6875000.0,,0.0,Active,1.0,career
doug mcdermott,2020,7333333.0,base,,7333333.0,7333333.0,,IND,1,,,7333333.0,,0.0,Active,1.0,career
doug mcdermott,2021,13750000.0,base,,13750000.0,13750000.0,,SA,1,,,13750000.0,,0.0,Active,1.0,career
doug mcdermott,2022,13750000.0,base,,13750000.0,13750000.0,,SA,1,,,13750000.0,,0.0,Active,1.0,career
doug mcdermott,2023,5215517.0,base,,5215517.0,5465517.0,250000.0,IND;SA,2,13750000.0,8534483,5465517.0,8534483.0,0.0,Active;Retained,1.0,career
doug mcdermott,2024,3303771.0,base,,3303771.0,3303771.0,,SAC,1,,,3303771.0,,0.0,Active,1.0,career
doug mcdermott,2025,2296274.0,cap_hit,2296274.0,3634153.0,,,SAC,1,,,3634153.0,,0.0,Active,1.0,contract
dragan bender,2016,4276320.0,base,,4276320.0,4276320.0,,PHX,1,,,4276320.0,,0.0,Active,1.0,career
dragan bender,2017,4468800.0,base,,4468800.0,4468800.0,,PHX,1,,,4468800.0,,0.0,Active,1.0,career
dragan bender,2018,4661280.0,base,,4661280.0,4661280.0,,PHX,1,,,4661280.0,,0.0,Active,1.0,career
dragan bender,2019,94850.0,base,,94850.0,94850.0,,GS;MIL,2,1868554.0,94850;1678854,,1868554.0,0.0,Retained;Retained;Retained,0.0,career
drake powell,2025,3372240.0,cap_hit,3372240.0,3372240.0,,,BKN,1,,,,,,,,contract
drake powell,2026,3540600.0,cap_hit,3540600.0,3540600.0,,,BKN,1,,,,,,,,contract
drake powell,2027,3709320.0,cap_hit,3709320.0,3709320.0,,,BKN,1,,,,,,,,contract
drake powell,2028,6101832.0,cap_hit,6101832.0,6101832.0,,,BKN,1,,,,,,,,contract
draymond green,2012,850000.0,base,,850000.0,850000.0,,GS,1,,,850000.0,,0.0,Active,1.0,career
draymond green,2013,875500.0,base,,875500.0,875500.0,,GS,1,,,875500.0,,0.0,Active,1.0,career
draymond green,2014,915243.0,base,,915243.0,915243.0,,GS,1,,,915243.0,,0.0,Active,1.0,career
draymond green,2015,14260870.0,base,,14260870.0,14260870.0,,GS,1,,,14260870.0,,0.0,Active,1.0,career
draymond green,2016,15330435.0,base,,15330435.0,15330435.0,,GS,1,,,15330435.0,,0.0,Active,1.0,career
draymond green,2017,16400000.0,base,,16400000.0,16400000.0,,GS,1,,,16400000.0,,0.0,Active,1.0,career
draymond green,2018,17469565.0,base,,17469565.0,17469565.0,,GS,1,,,17469565.0,,0.0,Active,1.0,career
draymond green,2019,17380434.0,base,,17380434.0,17380434.0,,GS,1,,,17380434.0,,0.0,Active,1.0,career
draymond green,2020,22246956.0,base,,22246956.0,22246956.0,,GS,1,,,22246956.0,,0.0,Active,1.0,career
draymond green,2021,24026712.0,base,,24026712.0,24026712.0,,GS,1,,,24026712.0,,0.0,Active,1.0,career
draymond green,2022,25806469.0,base,,25806469.0,25806469.0,,GS,1,,,25806469.0,,0.0,Active,1.0,career
draymond green,2023,22321429.0,base,,22321429.0,22321429.0,,GS,1,,,22321429.0,,0.0,Active,1.0,career
draymond green,2024,24107143.0,base,,24107143.0,24107143.0,,GS,1,,51497,24107143.0,,51497.0,Active;NBA Cup,1.0,career
draymond green,2025,25892857.0,base,,25892857.0,25892857.0,,GS,1,,,25892857.0,,0.0,Active,1.0,career
draymond green,2026,27678571.0,cap_hit,27678571.0,27678571.0,,,GS,1,,,27678571.0,,0.0,Active,1.0,contract
drew eubanks,2020,1620564.0,base,,1620564.0,1620564.0,,SA,1,,,1620564.0,,0.0,Active,1.0,career
drew eubanks,2021,597730.0,base,,597730.0,597730.0,,TOR;POR;SA,3,2239820.0,99380;99380;99380;99380;79504;1165066,,2239820.0,0.0,Retained;Retained;Retained;Retained;Retained;Retained;Retained,0.0,career
drew eubanks,2022,1968175.0,base,,1968175.0,1968175.0,,POR,1,,,1968175.0,,0.0,Active,1.0,career
drew eubanks,2023,2346614.0,base,,2346614.0,2346614.0,,PHX,1,,50000,2346614.0,,50000.0,Active;NBA Cup,1.0,career
drew eubanks,2024,2040230.0,base,,2040230.0,2040230.0,,LAC;UTA,2,5000000.0,2959770,2040230.0,2959770.0,0.0,Active;Retained,1.0,career
drew eubanks,2025,2296274.0,cap_hit,2296274.0,3080921.0,,,SAC,1,,,3080921.0,,0.0,Active,1.0,contract
drew timme,2024,113055.0,base,,113055.0,113055.0,,BKN,1,,,113055.0,,0.0,Active,1.0,career
drew timme,2025,85300.0,base,,85300.0,85300.0,,LAL,1,,26547,85300.0,,26546.0,Active;NBA Cup,1.0,career
dru smith,2023,1801769.0,base,,1801769.0,1801769.0,,MIA,1,,,,,,,,career
dru smith,2025,2378870.0,cap_hit,2378870.0,2378870.0,,,MIA,1,,,,,,,,contract
dru smith,2026,2584539.0,cap_hit,2584539.0,2584539.0,,,MIA,1,,,,,,,,contract
dru smith,2027,2934742.0,cap_hit,2934742.0,2934742.0,,,MIA,1,,,,,,,,contract
duncan robinson,2018,9474.0,base,,9474.0,9474.0,,MIA,1,,,9474.0,,0.0,Active,1.0,career
duncan robinson,2019,1328299.0,base,,1328299.0,1328299.0,,MIA,1,,,1328299.0,,0.0,Active,1.0,career
duncan robinson,2020,1663861.0,base,,1663861.0,1663861.0,,MIA,1,,,1663861.0,,0.0,Active,1.0,career
duncan robinson,2021,15650000.0,base,,15650000.0,15650000.0,,MIA,1,,,15650000.0,,0.0,Active,1.0,career
duncan robinson,2022,16902000.0,base,,16902000.0,16902000.0,,MIA,1,,,16902000.0,,0.0,Active,1.0,career
duncan robinson,2023,18154000.0,base,,18154000.0,18154000.0,,MIA,1,,,18154000.0,,0.0,Active,1.0,career
duncan robinson,2024,19406000.0,base,,19406000.0,19406000.0,,MIA,1,,,19406000.0,,0.0,Active,1.0,career
duncan robinson,2025,16834692.0,cap_hit,16834692.0,16834692.0,,,DET,1,,,16834692.0,,0.0,Active,1.0,contract
duncan robinson,2026,15992957.0,cap_hit,15992957.0,15992957.0,,,DET,1,,,15992957.0,,0.0,Active,1.0,contract
duncan robinson,2027,15151222.0,cap_hit,15151222.0,15151222.0,,,DET,1,,,15151222.0,,0.0,Active,1.0,contract
duop reath,2023,1951220.0,base,,1951220.0,1951220.0,,POR,1,,,1951220.0,,0.0,Active,1.0,career
duop reath,2024,2048780.0,base,,2048780.0,2048780.0,,POR,1,,,2048780.0,,0.0,Active,1.0,career
duop reath,2025,906546.0,base,,906546.0,906546.0,,ATL;POR,2,2221677.0,1315131,,2221677.0,0.0,Retained;Retained,0.0,career
dusty hannahs,2018,47371.0,base,,47371.0,47371.0,,MEM,1,,,,47371.0,0.0,Retained,0.0,career
dusty hannahs,2019,81678.0,base,,81678.0,81678.0,,MEM,1,,,,81678.0,0.0,Retained,0.0,career
dwayne bacon,2017,815615.0,base,,815615.0,815615.0,,CHA,1,,,815615.0,,0.0,Active,1.0,career
dwayne bacon,2018,1378242.0,base,,1378242.0,1378242.0,,CHA,1,,,1378242.0,,0.0,Active,1.0,career
dwayne bacon,2019,1517363.0,base,,1517363.0,1517363.0,,CHA,1,,,1517363.0,,0.0,Active,1.0,career
dwayne bacon,2020,1678854.0,base,,1678854.0,1678854.0,,ORL,1,,,1678854.0,,0.0,Active,1.0,career
dwight howard,2004,4179720.0,base,,4179720.0,4179720.0,,ORL,1,,,4179720.0,,0.0,Active,1.0,career
dwight howard,2005,4493160.0,base,,4493160.0,4493160.0,,ORL,1,,,4493160.0,,0.0,Active,1.0,career
dwight howard,2006,4806720.0,base,,4806720.0,4806720.0,,ORL,1,,,4806720.0,,0.0,Active,1.0,career
dwight howard,2007,6061274.0,base,,6061274.0,6061274.0,,ORL,1,,,6061274.0,,0.0,Active,1.0,career
dwight howard,2008,13758000.0,base,,13758000.0,13758000.0,,ORL,1,,,13758000.0,,0.0,Active,1.0,career
dwight howard,2009,15202590.0,base,,15202590.0,15202590.0,,ORL,1,,,15202590.0,,0.0,Active,1.0,career
dwight howard,2010,16647180.0,base,,16647180.0,16647180.0,,ORL,1,,,16647180.0,,0.0,Active,1.0,career
dwight howard,2011,14561669.0,base,,14561669.0,14561669.0,,ORL,1,,,,,,,,career
dwight howard,2012,19536360.0,base,,19536360.0,19536360.0,,LAL,1,,,19536360.0,,0.0,Active,1.0,career
dwight howard,2013,20513178.0,base,,20513178.0,20513178.0,,HOU,1,,,20513178.0,,0.0,Active,1.0,career
dwight howard,2014,21436271.0,base,,21436271.0,21436271.0,,HOU,1,,,21436271.0,,0.0,Active,1.0,career
dwight howard,2015,22359364.0,base,,22359364.0,22359364.0,,HOU,1,,,22359364.0,,0.0,Active,1.0,career
dwight howard,2016,23180275.0,base,,23180275.0,23180275.0,,ATL,1,,,23180275.0,,0.0,Active,1.0,career
dwight howard,2017,23500000.0,base,,23500000.0,23500000.0,,CHA,1,,,23500000.0,,0.0,Active,1.0,career
dwight howard,2018,18919725.0,base,,18919725.0,18919725.0,,BKN;WSH,2,24256725.0,5337000,5337000.0,18919725.0,0.0,Retained;Active,1.0,career
dwight howard,2019,3039097.0,base,,3039097.0,3039097.0,,MEM;LAL,2,5443553.0,2404456,2404456.0,3039097.0,0.0,Retained;Active,1.0,career
dwight howard,2020,2564753.0,base,,2564753.0,2564753.0,,PHI,1,,,2564753.0,,0.0,Active,1.0,career
dwight howard,2021,2641691.0,base,,2641691.0,2641691.0,,LAL,1,,,2641691.0,,0.0,Active,1.0,career
dwight powell,2014,507336.0,base,,507336.0,507336.0,,DAL,1,,,,,,,,career
dwight powell,2015,845059.0,base,,845059.0,845059.0,,DAL,1,,,,,,,,career
dwight powell,2016,8375000.0,base,,8375000.0,8375000.0,,DAL,1,,,,,,,,career
dwight powell,2017,9003125.0,base,,9003125.0,9003125.0,,DAL,1,,,,,,,,career
dwight powell,2018,9631250.0,base,,9631250.0,9631250.0,,DAL,1,,,,,,,,career
dwight powell,2019,9618164.0,base,,9618164.0,9618164.0,,DAL,1,,,,,,,,career
dwight powell,2020,11080125.0,base,,11080125.0,11080125.0,,DAL,1,,,,,,,,career
dwight powell,2021,11080125.0,base,,11080125.0,11080125.0,,DAL,1,,,,,,,,career
dwight powell,2022,11080125.0,base,,11080125.0,11080125.0,,DAL,1,,,,,,,,career
dwight powell,2023,4000000.0,cap_hit,4000000.0,4000000.0,,,DAL,1,,,,,,,,contract
dwight powell,2024,4000000.0,cap_hit,4000000.0,4000000.0,,,DAL,1,,,,,,,,contract
dwight powell,2025,4000000.0,cap_hit,4000000.0,4000000.0,,,DAL,1,,,,,,,,contract
dylan harper,2025,12370320.0,cap_hit,12370320.0,12370320.0,,,SA,1,,,,,,,,contract
dylan harper,2026,12989040.0,cap_hit,12989040.0,12989040.0,,,SA,1,,,,,,,,contract
dylan harper,2027,13607760.0,cap_hit,13607760.0,13607760.0,,,SA,1,,,,,,,,contract
dylan harper,2028,17172994.0,cap_hit,17172994.0,17172994.0,,,SA,1,,,,,,,,contract
dylan windler,2019,1908563.0,base,,1908563.0,1908563.0,,CLE,1,,,1908563.0,,0.0,Active,1.0,career
dylan windler,2020,2137440.0,base,,2137440.0,2137440.0,,CLE,1,,,2137440.0,,0.0,Active,1.0,career
dylan windler,2021,2239200.0,base,,2239200.0,2239200.0,,CLE,1,,,2239200.0,,0.0,Active / Club Exercised,1.0,career
dylan windler,2022,4037278.0,base,,4037278.0,4037278.0,,CLE,1,,,4037278.0,,0.0,Active / Club Exercised,1.0,career
dylan windler,2023,659454.0,base,,659454.0,659454.0,,NY,1,,50000,,659454.0,50000.0,Retained;NBA Cup,0.0,career
dyson daniels,2022,5508600.0,base,,5508600.0,5508600.0,,NO,1,,,5508600.0,,0.0,Active,1.0,career
dyson daniels,2023,5784120.0,base,,5784120.0,5784120.0,,NO,1,,100000,5784120.0,,100000.0,Active;NBA Cup,1.0,career
dyson daniels,2024,6059520.0,base,,6059520.0,6059520.0,,ATL,1,,102994,6059520.0,,102994.0,Active / Club Exercised;NBA Cup,1.0,career
dyson daniels,2025,7707709.0,base,,7707709.0,7707709.0,,ATL,1,,,7707709.0,,0.0,Active / Club Exercised,1.0,career
dyson daniels,2026,25000000.0,cap_hit,25000000.0,25000000.0,,,ATL,1,,,25000000.0,,0.0,Active,1.0,contract
dyson daniels,2027,25000000.0,cap_hit,25000000.0,25000000.0,,,ATL,1,,,25000000.0,,0.0,Active,1.0,contract
dyson daniels,2028,25000000.0,cap_hit,25000000.0,25000000.0,,,ATL,1,,,25000000.0,,0.0,Active,1.0,contract
dyson daniels,2029,25000000.0,cap_hit,25000000.0,25000000.0,,,ATL,1,,,25000000.0,,0.0,Active,1.0,contract
e'twaun moore,2011,381193.0,base,,381193.0,381193.0,,BOS,1,,,,,,,,career
e'twaun moore,2012,381098.0,base,,381098.0,381098.0,,HOU;ORL,2,1143293.0,762195,762195.0,381098.0,0.0,Retained;Active,1.0,career
e'twaun moore,2013,884293.0,base,,884293.0,884293.0,,ORL,1,,,884293.0,,0.0,Active,1.0,career
e'twaun moore,2014,948163.0,base,,948163.0,948163.0,,CHI,1,,,948163.0,,0.0,Active,1.0,career
e'twaun moore,2015,1015421.0,base,,1015421.0,1015421.0,,CHI,1,,,1015421.0,,0.0,Active,1.0,career
e'twaun moore,2016,8081363.0,base,,8081363.0,8081363.0,,NO,1,,,8081363.0,,0.0,Active,1.0,career
e'twaun moore,2017,8445024.0,base,,8445024.0,8445024.0,,NO,1,,,8445024.0,,0.0,Active,1.0,career
e'twaun moore,2018,8808685.0,base,,8808685.0,8808685.0,,NO,1,,,8808685.0,,0.0,Active,1.0,career
e'twaun moore,2019,8123370.0,base,,8123370.0,8123370.0,,NO,1,,,8123370.0,,0.0,Active,1.0,career
e'twaun moore,2020,2331593.0,base,,2331593.0,2331593.0,,PHX,1,,,2331593.0,,0.0,Active,1.0,career
e'twaun moore,2021,2641691.0,base,,2641691.0,2641691.0,,ORL,1,,,,2641691.0,0.0,Retained,0.0,career
e.j. liddell,2023,1801769.0,base,,1801769.0,1801769.0,,NO,1,,100000,1801769.0,,100000.0,Active;NBA Cup,1.0,career
e.j. liddell,2024,706898.0,base,,706898.0,706898.0,,PHX,1,,,,706898.0,0.0,Retained,0.0,career
e.j. liddell,2025,706898.0,base,,706898.0,706898.0,,PHX;BKN,2,792198.0,85300,85300.0,706898.0,0.0,Retained;Active,1.0,career
e.j. liddell,2026,706898.0,base,,706898.0,706898.0,,PHX,1,,,,706898.0,0.0,Retained,0.0,career
ed davis,2010,1919160.0,base,,1919160.0,1919160.0,,TOR,1,,,1919160.0,,0.0,Active,1.0,career
ed davis,2011,1660496.0,base,,1660496.0,1660496.0,,TOR,1,,,,,,,,career
ed davis,2012,2207040.0,base,,2207040.0,2207040.0,,MEM,1,,,2207040.0,,0.0,Active,1.0,career
ed davis,2013,3153860.0,base,,3153860.0,3153860.0,,MEM,1,,,3153860.0,,0.0,Active,1.0,career
ed davis,2014,981084.0,base,,981084.0,981084.0,,LAL,1,,,981084.0,,0.0,Active,1.0,career
ed davis,2015,6980802.0,base,,6980802.0,6980802.0,,POR,1,,,6980802.0,,0.0,Active,1.0,career
ed davis,2016,6666667.0,base,,6666667.0,6666667.0,,POR,1,,,6666667.0,,0.0,Active,1.0,career
ed davis,2017,6352531.0,base,,6352531.0,6352531.0,,POR,1,,,6352531.0,,0.0,Active,1.0,career
ed davis,2018,4449000.0,base,,4449000.0,4449000.0,,BKN,1,,,4449000.0,,0.0,Active,1.0,career
ed davis,2019,4469063.0,base,,4469063.0,4469063.0,,UTA,1,,,4469063.0,,0.0,Active,1.0,career
ed davis,2020,5005350.0,base,,5005350.0,5005350.0,,MIN,1,,,5005350.0,,0.0,Active,1.0,career
ed davis,2021,2641691.0,base,,2641691.0,2641691.0,,CLE,1,,,2641691.0,,0.0,Active,1.0,career
edmond sumner,2018,449794.0,base,,449794.0,449794.0,,IND,1,,,449794.0,,0.0,Active,1.0,career
edmond sumner,2019,1875000.0,base,,1875000.0,1875000.0,,IND,1,,,1875000.0,,0.0,Active,1.0,career
edmond sumner,2020,2160000.0,base,,2160000.0,2160000.0,,IND,1,,,2160000.0,,0.0,Active,1.0,career
edmond sumner,2021,2320000.0,base,,2320000.0,2320000.0,,BKN,1,,,,2320000.0,0.0,Retained,0.0,career
edmond sumner,2022,1968175.0,base,,1968175.0,1968175.0,,BKN,1,,,1968175.0,,0.0,Active,1.0,career
edmond sumner,2023,40459.0,base,,40459.0,40459.0,,CHA,1,,,,40459.0,0.0,Retained,0.0,career
elfrid payton,2014,2397840.0,base,,2397840.0,2397840.0,,ORL,1,,,2397840.0,,0.0,Active,1.0,career
elfrid payton,2015,2505720.0,base,,2505720.0,2505720.0,,ORL,1,,,2505720.0,,0.0,Active,1.0,career
elfrid payton,2016,2613600.0,base,,2613600.0,2613600.0,,ORL,1,,,2613600.0,,0.0,Active,1.0,career
elfrid payton,2017,2146253.0,base,,2146253.0,2146253.0,,ORL;PHX,2,3332340.0,1186087,1186087.0,2146253.0,0.0,Retained;Active,1.0,career
elfrid payton,2018,3000000.0,base,,3000000.0,3000000.0,,NO,1,,,3000000.0,,0.0,Active,1.0,career
elfrid payton,2019,7500000.0,base,,7500000.0,7500000.0,,NY,1,,,7500000.0,,0.0,Active,1.0,career
elfrid payton,2020,4767000.0,base,,4767000.0,4767000.0,,NY,1,,1000000,4767000.0,1000000.0,0.0,Active;Retained,1.0,career
elfrid payton,2021,2239544.0,base,,2239544.0,2239544.0,,PHX,1,,,2239544.0,,0.0,Active,1.0,career
elfrid payton,2024,171756.0,base,,171756.0,171756.0,,CHA;NO,2,1013360.0,171756;274809;171756;171756;51527,51527.0,961833.0,0.0,Retained;Retained;Retained;Retained;Retained;Active,1.0,career
elie okobo,2018,1238464.0,base,,1238464.0,1238464.0,,PHX,1,,,1238464.0,,0.0,Active,1.0,career
elie okobo,2019,1328299.0,base,,1328299.0,1328299.0,,PHX,1,,,1328299.0,,0.0,Active,1.0,career
elijah hughes,2020,898310.0,base,,898310.0,898310.0,,UTA,1,,,898310.0,,0.0,Active,1.0,career
elijah hughes,2021,514718.0,base,,514718.0,514718.0,,POR;UTA,2,1517981.0,1003263,514718.0,1003263.0,0.0,Active;Retained,1.0,career
emmanuel mudiay,2015,3102240.0,base,,3102240.0,3102240.0,,DEN,1,,,3102240.0,,0.0,Active,1.0,career
emmanuel mudiay,2016,3241800.0,base,,3241800.0,3241800.0,,DEN,1,,,3241800.0,,0.0,Active,1.0,career
emmanuel mudiay,2017,2177902.0,base,,2177902.0,2177902.0,,DEN;NY,2,3381480.0,1203578,1203578.0,2177902.0,0.0,Retained;Active,1.0,career
emmanuel mudiay,2018,4294480.0,base,,4294480.0,4294480.0,,NY,1,,,4294480.0,,0.0,Active,1.0,career
emmanuel mudiay,2019,1628573.0,base,,1628573.0,1628573.0,,UTA,1,,,1628573.0,,0.0,Active,1.0,career
emmanuel mudiay,2021,111457.0,base,,111457.0,111457.0,,SAC,1,,,,111457.0,0.0,Retained,0.0,career
enes freedom,2011,3576363.0,base,,3576363.0,3576363.0,,UTA,1,,,,,,,,career
enes freedom,2012,4319280.0,base,,4319280.0,4319280.0,,UTA,1,,,4319280.0,,0.0,Active,1.0,career
enes freedom,2013,4505280.0,base,,4505280.0,4505280.0,,UTA,1,,,4505280.0,,0.0,Active,1.0,career
enes freedom,2014,5694674.0,base,,5694674.0,5694674.0,,OKC,1,,,5694674.0,,0.0,Active,1.0,career
enes freedom,2015,16407500.0,base,,16407500.0,16407500.0,,OKC,1,,,16407500.0,,0.0,Active,1.0,career
enes freedom,2016,17145838.0,base,,17145838.0,17145838.0,,OKC,1,,,17145838.0,,0.0,Active,1.0,career
enes freedom,2017,17884175.0,base,,17884175.0,20566801.0,,NY;OKC,2,,,20566801.0,2682626.0,0.0,Active;Retained,1.0,career
enes freedom,2018,18622513.0,base,,18622513.0,18622513.0,,NY;POR,2,19276069.0,653556,653556.0,18622513.0,0.0,Retained;Active,1.0,career
enes freedom,2019,4469063.0,base,,4469063.0,4469063.0,,BOS,1,,,4469063.0,,0.0,Active,1.0,career
enes freedom,2020,5005350.0,base,,5005350.0,5005350.0,,POR,1,,,5005350.0,,0.0,Active / Player Exercised,1.0,career
enes freedom,2021,1745945.0,base,,1745945.0,1745945.0,,BOS;HOU,2,2641691.0,895746,,2641691.0,0.0,Retained;Retained,0.0,career
eric bledsoe,2010,1485000.0,base,,1485000.0,1485000.0,,LAC,1,,,1485000.0,,0.0,Active,1.0,career
eric bledsoe,2011,1284875.0,base,,1284875.0,1284875.0,,LAC,1,,,,,,,,career
eric bledsoe,2012,1707720.0,base,,1707720.0,1707720.0,,LAC,1,,,1707720.0,,0.0,Active,1.0,career
eric bledsoe,2013,2626474.0,base,,2626474.0,2626474.0,,PHX,1,,,2626474.0,,0.0,Active,1.0,career
eric bledsoe,2014,13000000.0,base,,13000000.0,13000000.0,,PHX,1,,,13000000.0,,0.0,Active,1.0,career
eric bledsoe,2015,13500000.0,base,,13500000.0,13500000.0,,PHX,1,,,13500000.0,,0.0,Active,1.0,career
eric bledsoe,2016,14000000.0,base,,14000000.0,14000000.0,,PHX,1,,,14000000.0,,0.0,Active,1.0,career
eric bledsoe,2017,12861582.0,base,,12861582.0,12861582.0,,MIL;PHX,2,14500000.0,1638418,12861582.0,1638418.0,0.0,Active;Retained,1.0,career
eric bledsoe,2018,15000000.0,base,,15000000.0,15000000.0,,MIL,1,,,15000000.0,,0.0,Active,1.0,career
eric bledsoe,2019,14648438.0,base,,14648438.0,14648438.0,,MIL,1,,,14648438.0,,0.0,Active,1.0,career
eric bledsoe,2020,16875000.0,base,,16875000.0,16875000.0,,NO,1,,,16875000.0,,0.0,Active,1.0,career
eric bledsoe,2021,11354167.0,base,,11354167.0,11354167.0,,LAC;POR,2,18125000.0,6770833,6770833.0,11354167.0,0.0,Retained;Active,1.0,career
eric bledsoe,2022,1300000.0,base,,1300000.0,1300000.0,,POR,1,,,,1300000.0,0.0,Retained,0.0,career
eric bledsoe,2023,1300000.0,base,,1300000.0,1300000.0,,POR,1,,,,1300000.0,0.0,Retained,0.0,career
eric bledsoe,2024,1300000.0,base,,1300000.0,1300000.0,,POR,1,,,,1300000.0,0.0,Retained,0.0,career
eric gordon,2008,2623200.0,base,,2623200.0,2623200.0,,LAC,1,,,2623200.0,,0.0,Active,1.0,career
eric gordon,2009,2819880.0,base,,2819880.0,2819880.0,,LAC,1,,,2819880.0,,0.0,Active,1.0,career
eric gordon,2010,3016680.0,base,,3016680.0,3016680.0,,LAC,1,,,3016680.0,,0.0,Active,1.0,career
eric gordon,2011,3083635.0,base,,3083635.0,3083635.0,,NOH,1,,,,,,,,career
eric gordon,2012,13668750.0,base,,13668750.0,13668750.0,,NOH,1,,,13668750.0,,0.0,Active,1.0,career
eric gordon,2013,14283844.0,base,,14283844.0,14283844.0,,NO,1,,,14283844.0,,0.0,Active,1.0,career
eric gordon,2014,14898938.0,base,,14898938.0,14898938.0,,NO,1,,,14898938.0,,0.0,Active,1.0,career
eric gordon,2015,15514031.0,base,,15514031.0,15514031.0,,NO,1,,,15514031.0,,0.0,Active,1.0,career
eric gordon,2016,12385364.0,base,,12385364.0,12385364.0,,HOU,1,,,12385364.0,,0.0,Active,1.0,career
eric gordon,2017,12943020.0,base,,12943020.0,12943020.0,,HOU,1,,,12943020.0,,0.0,Active,1.0,career
eric gordon,2018,13500375.0,base,,13500375.0,13500375.0,,HOU,1,,,13500375.0,,0.0,Active,1.0,career
eric gordon,2019,13179122.0,base,,13179122.0,13179122.0,,HOU,1,,,13179122.0,,0.0,Active,1.0,career
eric gordon,2020,16869276.0,base,,16869276.0,16869276.0,,HOU,1,,,16869276.0,,0.0,Active,1.0,career
eric gordon,2021,18218818.0,base,,18218818.0,18218818.0,,HOU,1,,,18218818.0,,0.0,Active,1.0,career
eric gordon,2022,6635249.0,base,,6635249.0,6635249.0,,LAC;HOU,2,19568360.0,12933111,6635249.0,12933111.0,0.0,Active;Retained,1.0,career
eric gordon,2023,50000.0,base,,50000.0,50000.0,,NY;PHX,2,3246448.0,3196448,3196448.0,,50000.0,NBA Cup;Active,1.0,career
eric gordon,2024,3303771.0,base,,3303771.0,3303771.0,,PHI,1,,,3303771.0,,0.0,Active,1.0,career
eric gordon,2025,1378472.0,base,,1378472.0,1378472.0,,MEM;PHI,2,3634153.0,2255681,,3634153.0,0.0,Retained;Retained,0.0,career
eric paschall,2019,842166.0,base,,842166.0,842166.0,,GS,1,,,842166.0,,0.0,Active,1.0,career
eric paschall,2020,1517981.0,base,,1517981.0,1517981.0,,GS,1,,,1517981.0,,0.0,Active,1.0,career
eric paschall,2021,1782621.0,base,,1782621.0,1782621.0,,UTA,1,,,1782621.0,,0.0,Active,1.0,career
eugene omoruyi,2022,269445.0,base,,269445.0,269445.0,,DET;OKC,2,1013119.0,94136;94136;555402,269445.0,743674.0,0.0,Active;Retained;Retained;Retained,1.0,career
eugene omoruyi,2023,900000.0,base,,900000.0,900000.0,,WSH,1,,,900000.0,,0.0,Active,1.0,career
eugene omoruyi,2024,124288.0,base,,124288.0,124288.0,,TOR,1,,,,124288.0,0.0,Retained,0.0,career
evan fournier,2012,1361400.0,base,,1361400.0,1361400.0,,DEN,1,,,1361400.0,,0.0,Active,1.0,career
evan fournier,2013,1422720.0,base,,1422720.0,1422720.0,,DEN,1,,,1422720.0,,0.0,Active,1.0,career
evan fournier,2014,1483920.0,base,,1483920.0,1483920.0,,ORL,1,,,1483920.0,,0.0,Active,1.0,career
evan fournier,2015,2288204.0,base,,2288204.0,2288204.0,,ORL,1,,,2288204.0,,0.0,Active,1.0,career
evan fournier,2016,17000000.0,base,,17000000.0,17000000.0,,ORL,1,,,17000000.0,,0.0,Active,1.0,career
evan fournier,2017,17000000.0,base,,17000000.0,17000000.0,,ORL,1,,,17000000.0,,0.0,Active,1.0,career
evan fournier,2018,17000000.0,base,,17000000.0,17000000.0,,ORL,1,,,17000000.0,,0.0,Active,1.0,career
evan fournier,2019,16078125.0,base,,16078125.0,16228125.0,150000.0,ORL,1,,,16228125.0,,0.0,Active,1.0,career
evan fournier,2020,6225685.0,base,,6225685.0,6675685.0,450000.0,BOS;ORL,2,17150000.0,10924315,6675685.0,10924315.0,0.0,Active / Player Exercised;Retained,1.0,career
evan fournier,2021,17142857.0,base,,17142857.0,17142857.0,,NY,1,,,17142857.0,,0.0,Active,1.0,career
evan fournier,2022,18000000.0,base,,18000000.0,18000000.0,,NY,1,,,18000000.0,,0.0,Active,1.0,career
evan fournier,2023,7152709.0,base,,7152709.0,7152709.0,,DET;NY,2,18907143.0,50000;11704434,7152709.0,11704434.0,50000.0,Active;NBA Cup;Retained,1.0,career
evan mobley,2021,8075160.0,base,,8075160.0,8075160.0,,CLE,1,,,8075160.0,,0.0,Active,1.0,career
evan mobley,2022,8478720.0,base,,8478720.0,8478720.0,,CLE,1,,,8478720.0,,0.0,Active,1.0,career
evan mobley,2023,8882640.0,base,,8882640.0,8882640.0,,CLE,1,,,8882640.0,,0.0,Active / Club Exercised,1.0,career
evan mobley,2024,11227657.0,base,,11227657.0,11227657.0,,CLE,1,,,11227657.0,,0.0,Active / Club Exercised,1.0,career
evan mobley,2025,46394100.0,cap_hit,46394100.0,46394100.0,,,CLE,1,,,46394100.0,,0.0,Active,1.0,contract
evan mobley,2026,50105628.0,cap_hit,50105628.0,50105628.0,,,CLE,1,,,50105628.0,,0.0,Active,1.0,contract
evan mobley,2027,53817156.0,cap_hit,53817156.0,53817156.0,,,CLE,1,,,53817156.0,,0.0,Active,1.0,contract
evan mobley,2028,57528684.0,cap_hit,57528684.0,57528684.0,,,CLE,1,,,57528684.0,,0.0,Active,1.0,contract
evan mobley,2029,61240212.0,cap_hit,61240212.0,61240212.0,,,CLE,1,,,61240212.0,,0.0,Active,1.0,contract
evan turner,2010,4602720.0,base,,4602720.0,4602720.0,,PHI,1,,,4602720.0,,0.0,Active,1.0,career
evan turner,2011,3982408.0,base,,3982408.0,3982408.0,,PHI,1,,,,,,,,career
evan turner,2012,5293080.0,base,,5293080.0,5293080.0,,PHI,1,,,5293080.0,,0.0,Active,1.0,career
evan turner,2013,6679867.0,base,,6679867.0,6679867.0,,IND,1,,,6679867.0,,0.0,Active,1.0,career
evan turner,2014,3278000.0,base,,3278000.0,3278000.0,,BOS,1,,,3278000.0,,0.0,Active,1.0,career
evan turner,2015,3425510.0,base,,3425510.0,3425510.0,,BOS,1,,,3425510.0,,0.0,Active,1.0,career
evan turner,2016,16393443.0,base,,16393443.0,16393443.0,,POR,1,,,16393443.0,,0.0,Active,1.0,career
evan turner,2017,17131148.0,base,,17131148.0,17131148.0,,POR,1,,,17131148.0,,0.0,Active,1.0,career
evan turner,2018,17868852.0,base,,17868852.0,17868852.0,,POR,1,,,17868852.0,,0.0,Active,1.0,career
evan turner,2019,11142910.0,base,,11142910.0,11142910.0,,ATL;MIN,2,16280737.0,5137827,5137827.0,11142910.0,0.0,Retained;Active,1.0,career
facundo campazzo,2020,3100000.0,base,,3100000.0,3200000.0,100000.0,DEN,1,,,3200000.0,,0.0,Active,1.0,career
facundo campazzo,2021,2975000.0,base,,2975000.0,3100000.0,125000.0,DEN,1,,,3100000.0,,0.0,Active,1.0,career
facundo campazzo,2022,464299.0,base,,464299.0,464299.0,,DAL,1,,,,464299.0,0.0,Retained,0.0,career
frank jackson,2017,815615.0,base,,815615.0,815615.0,,NO,1,,,815615.0,,0.0,Active,1.0,career
frank jackson,2018,1378242.0,base,,1378242.0,1378242.0,,NO,1,,,1378242.0,,0.0,Active,1.0,career
frank jackson,2019,1517363.0,base,,1517363.0,1517363.0,,NO,1,,,1517363.0,,0.0,Active,1.0,career
frank jackson,2020,250000.0,base,,250000.0,250000.0,,OKC,1,,,,250000.0,0.0,Retained,0.0,career
frank jackson,2021,3000000.0,base,,3000000.0,3000000.0,,DET,1,,,3000000.0,,0.0,Active,1.0,career
frank jackson,2022,122602.0,base,,122602.0,122602.0,,UTA,1,,,,122602.0,0.0,Retained,0.0,career
frank kaminsky,2015,2612520.0,base,,2612520.0,2612520.0,,CHA,1,,,2612520.0,,0.0,Active,1.0,career
frank kaminsky,2016,2730000.0,base,,2730000.0,2730000.0,,CHA,1,,,2730000.0,,0.0,Active,1.0,career
frank kaminsky,2017,2847600.0,base,,2847600.0,2847600.0,,CHA,1,,,2847600.0,,0.0,Active,1.0,career
frank kaminsky,2018,3627842.0,base,,3627842.0,3627842.0,,CHA,1,,,3627842.0,,0.0,Active,1.0,career
frank kaminsky,2019,4469063.0,base,,4469063.0,4469063.0,,PHX,1,,,4469063.0,,0.0,Active,1.0,career
frank kaminsky,2020,1882867.0,base,,1882867.0,1882867.0,,PHX,1,,,1882867.0,,0.0,Active,1.0,career
frank kaminsky,2021,2089448.0,base,,2089448.0,2089448.0,,PHX,1,,,,2089448.0,0.0,Retained,0.0,career
frank kaminsky,2022,1628169.0,base,,1628169.0,1628169.0,,ATL;HOU,2,2463490.0,835321,835321.0,1628169.0,0.0,Retained;Active,1.0,career
frank ntilikina,2017,3501120.0,base,,3501120.0,3501120.0,,NY,1,,,3501120.0,,0.0,Active,1.0,career
frank ntilikina,2018,4155720.0,base,,4155720.0,4155720.0,,NY,1,,,4155720.0,,0.0,Active,1.0,career
frank ntilikina,2019,4552313.0,base,,4552313.0,4552313.0,,NY,1,,,4552313.0,,0.0,Active,1.0,career
frank ntilikina,2020,6176578.0,base,,6176578.0,6176578.0,,NY,1,,,6176578.0,,0.0,Active,1.0,career
frank ntilikina,2021,1789256.0,base,,1789256.0,1789256.0,,DAL,1,,,1789256.0,,0.0,Active,1.0,career
frank ntilikina,2022,2036318.0,base,,2036318.0,2036318.0,,DAL,1,,,2036318.0,,0.0,Active,1.0,career
frank ntilikina,2023,2528233.0,base,,2528233.0,2528233.0,,CHA,1,,,,2528233.0,0.0,Retained,0.0,career
franz wagner,2021,5007840.0,base,,5007840.0,5007840.0,,ORL,1,,,5007840.0,,0.0,Active,1.0,career
franz wagner,2022,5258280.0,base,,5258280.0,5258280.0,,ORL,1,,,5258280.0,,0.0,Active,1.0,career
franz wagner,2023,5508720.0,base,,5508720.0,5508720.0,,ORL,1,,,5508720.0,,0.0,Active / Club Exercised,1.0,career
franz wagner,2024,7007092.0,base,,7007092.0,7007092.0,,ORL,1,,51497,7007092.0,,51497.0,Active / Club Exercised;NBA Cup,1.0,career
franz wagner,2025,38661750.0,cap_hit,38661750.0,38661750.0,,,ORL,1,,,38661750.0,,106187.0,Active;NBA Cup,1.0,contract
franz wagner,2026,41754690.0,cap_hit,41754690.0,41754690.0,,,ORL,1,,,41754690.0,,0.0,Active,1.0,contract
franz wagner,2027,44847630.0,cap_hit,44847630.0,44847630.0,,,ORL,1,,,44847630.0,,0.0,Active,1.0,contract
franz wagner,2028,47940570.0,cap_hit,47940570.0,47940570.0,,,ORL,1,,,47940570.0,,0.0,Active,1.0,contract
franz wagner,2029,51033510.0,cap_hit,51033510.0,51033510.0,,,ORL,1,,,51033510.0,,0.0,Active,1.0,contract
fred vanvleet,2016,543471.0,base,,543471.0,543471.0,,TOR,1,,,,,,,,career
fred vanvleet,2017,1312611.0,base,,1312611.0,1312611.0,,TOR,1,,,,,,,,career
fred vanvleet,2018,8653847.0,base,,8653847.0,8653847.0,,TOR,1,,,,,,,,career
fred vanvleet,2019,8762018.0,base,,8762018.0,8762018.0,,TOR,1,,,,,,,,career
fred vanvleet,2020,21250000.0,base,,21250000.0,21250000.0,,TOR,1,,,,,,,,career
fred vanvleet,2021,19675926.0,base,,19675926.0,19675926.0,,TOR,1,,,,,,,,career
fred vanvleet,2022,21250000.0,base,,21250000.0,21250000.0,,TOR,1,,,,,,,,career
fred vanvleet,2023,40806300.0,base,,40806300.0,40806300.0,,HOU,1,,,,,,,,career
fred vanvleet,2024,42846615.0,base,,42846615.0,42846615.0,,HOU,1,,102994,,,,,,career
fred vanvleet,2025,25000000.0,cap_hit,25000000.0,25000000.0,,,HOU,1,,,,,,,,contract
fred vanvleet,2026,25000000.0,cap_hit,25000000.0,25000000.0,,,HOU,1,,,,,,,,contract
freddie gillespie,2020,116903.0,base,,116903.0,116903.0,,TOR,1,,61528;61528,116903.0,123056.0,0.0,Active;Retained;Retained,1.0,career
freddie gillespie,2021,85578.0,base,,85578.0,85578.0,,ORL;TOR,2,221156.0,85578;50000,,221156.0,0.0,Retained;Retained;Retained,0.0,career
furkan korkmaz,2017,1465920.0,base,,1465920.0,1465920.0,,PHI,1,,,1465920.0,,0.0,Active,1.0,career
furkan korkmaz,2018,1740000.0,base,,1740000.0,1740000.0,,PHI,1,,,1740000.0,,0.0,Active,1.0,career
furkan korkmaz,2019,1519279.0,base,,1519279.0,1519279.0,,PHI,1,,,1519279.0,,0.0,Active,1.0,career
furkan korkmaz,2020,1762796.0,base,,1762796.0,1762796.0,,PHI,1,,,1762796.0,,0.0,Active,1.0,career
furkan korkmaz,2021,4629630.0,base,,4629630.0,4629630.0,,PHI,1,,,4629630.0,,0.0,Active,1.0,career
furkan korkmaz,2022,5000000.0,base,,5000000.0,5000000.0,,PHI,1,,,5000000.0,,0.0,Active,1.0,career
furkan korkmaz,2023,2037037.0,base,,2037037.0,2037037.0,,IND;PHI,2,5370370.0,3333333,,5370370.0,0.0,Retained;Retained,0.0,career
gabe vincent,2020,50000.0,base,,50000.0,50000.0,,MIA,1,,,50000.0,,0.0,Active,1.0,career
gabe vincent,2021,1669178.0,base,,1669178.0,1669178.0,,MIA,1,,,1669178.0,,0.0,Active,1.0,career
gabe vincent,2022,1815677.0,base,,1815677.0,1815677.0,,MIA,1,,,1815677.0,,0.0,Active,1.0,career
gabe vincent,2023,10500000.0,cap_hit,10500000.0,10500000.0,,,LAL,1,,,10500000.0,,500000.0,Active;NBA Cup,1.0,contract
gabe vincent,2024,11000000.0,cap_hit,11000000.0,11000000.0,,,LAL,1,,,4362069.0,,0.0,Active,1.0,contract
gabe vincent,2025,11500000.0,cap_hit,11500000.0,11500000.0,,,ATL,1,,,11500000.0,7137931.0,53093.0,Active;NBA Cup;Retained,1.0,contract
gabriel deck,2020,3870370.0,base,,3870370.0,3870370.0,,OKC,1,,,3870370.0,,0.0,Active,1.0,career
gabriel deck,2021,1690507.0,base,,1690507.0,1690507.0,,OKC,1,,,,1690507.0,0.0,Retained,0.0,career
garrett temple,2009,59217.0,base,,59217.0,59217.0,,SA,1,,26917,59217.0,26917.0,0.0,Active;Retained,1.0,career
garrett temple,2010,110000.0,base,,110000.0,110000.0,,SA;MIL,2,370063.0,80703;44840;44840;44840;44840,80703.0,289360.0,0.0,Retained;Active;Retained;Retained;Retained;Retained,1.0,career
garrett temple,2012,572943.0,base,,572943.0,572943.0,,WSH,1,,,572943.0,,0.0,Active,1.0,career
garrett temple,2013,916099.0,base,,916099.0,916099.0,,WSH,1,,,916099.0,,0.0,Active,1.0,career
garrett temple,2014,981084.0,base,,981084.0,981084.0,,WSH,1,,,981084.0,,0.0,Active,1.0,career
garrett temple,2015,1100602.0,base,,1100602.0,1100602.0,,WSH,1,,,1100602.0,,0.0,Active,1.0,career
garrett temple,2016,8000000.0,base,,8000000.0,8000000.0,,SAC,1,,,8000000.0,,0.0,Active,1.0,career
garrett temple,2017,8000000.0,base,,8000000.0,8000000.0,,SAC,1,,,8000000.0,,0.0,Active,1.0,career
garrett temple,2018,2847458.0,base,,2847458.0,2847458.0,,LAC;MEM,2,8000000.0,5152542,2847458.0,5152542.0,0.0,Active;Retained,1.0,career
garrett temple,2019,4469063.0,base,,4469063.0,4469063.0,,BKN,1,,,4469063.0,,0.0,Active,1.0,career
garrett temple,2020,4767000.0,base,,4767000.0,4767000.0,,CHI,1,,,4767000.0,,0.0,Active,1.0,career
garrett temple,2021,4910000.0,base,,4910000.0,4910000.0,,NO,1,,,4910000.0,,0.0,Active,1.0,career
garrett temple,2022,5155500.0,base,,5155500.0,5155500.0,,NO,1,,,5155500.0,,0.0,Active,1.0,career
garrett temple,2023,3196448.0,base,,3196448.0,3196448.0,,TOR,1,,,3196448.0,,0.0,Active,1.0,career
garrett temple,2024,3303771.0,base,,3303771.0,3303771.0,,TOR,1,,,3303771.0,,0.0,Active,1.0,career
garrett temple,2025,3634153.0,base,,3634153.0,3634153.0,,TOR,1,,53093;53093,3634153.0,,106186.0,Active;NBA Cup;NBA Cup,1.0,career
garrison mathews,2021,2000000.0,base,,2000000.0,2000000.0,,HOU,1,,,2000000.0,,0.0,Active,1.0,career
garrison mathews,2022,678161.0,base,,678161.0,678161.0,,ATL;HOU,2,2000000.0,1321839,678161.0,1321839.0,0.0,Active;Retained,1.0,career
garrison mathews,2023,2000000.0,base,,2000000.0,2000000.0,,ATL,1,,,2000000.0,,0.0,Active,1.0,career
garrison mathews,2024,2230253.0,base,,2230253.0,2230253.0,,ATL,1,,102994,2230253.0,,102994.0,Active / Club Exercised;NBA Cup,1.0,career
garrison mathews,2025,297355.0,base,,297355.0,297355.0,,IND,1,,165197,,462552.0,0.0,Retained;Retained,0.0,career
gary clark,2018,596872.0,base,,596872.0,596872.0,,HOU,1,,,596872.0,,0.0,Active,1.0,career
gary clark,2019,708426.0,base,,708426.0,708426.0,,HOU;ORL,2,1427191.0,555409;81678;81678,555409.0,871782.0,0.0,Retained;Active;Retained;Retained,1.0,career
gary clark,2020,726027.0,base,,726027.0,726027.0,,DEN;ORL,2,2000000.0,1273973,,2000000.0,0.0,Retained;Retained,0.0,career
gary clark,2021,377645.0,base,,377645.0,377645.0,,NO,1,,,,377645.0,0.0,Retained,0.0,career
gary harris,2014,1519200.0,base,,1519200.0,1519200.0,,DEN,1,,,,,,,,career
gary harris,2015,1587480.0,base,,1587480.0,1587480.0,,DEN,1,,,,,,,,career
gary harris,2016,1655880.0,base,,1655880.0,1655880.0,,DEN,1,,,,,,,,career
gary harris,2017,2550055.0,base,,2550055.0,2550055.0,,DEN,1,,,,,,,,career
gary harris,2018,16517857.0,base,,16517857.0,16517857.0,,DEN,1,,,,,,,,career
gary harris,2019,16724331.0,base,,16724331.0,17174331.0,450000.0,DEN,1,,,,,,,,career
gary harris,2020,6955602.0,base,,6955602.0,6955602.0,,ORL;DEN,2,19160714.0,12205112,,,,,,career
gary harris,2021,20482143.0,base,,20482143.0,20482143.0,,ORL,1,,,,,,,,career
gary harris,2022,13000000.0,base,,13000000.0,13000000.0,,ORL,1,,,,,,,,career
gary harris,2023,13000000.0,base,,13000000.0,13000000.0,,ORL,1,,,,,,,,career
gary harris,2024,7500000.0,base,,7500000.0,7500000.0,,ORL,1,,51497,,,,,,career
gary harris,2025,3634153.0,cap_hit,3634153.0,3634153.0,,,MIL,1,,,,,,,,contract
gary harris,2026,3815861.0,cap_hit,3815861.0,3815861.0,,,DET,1,,,,,,,,contract
gary payton ii,2016,543471.0,base,,543471.0,543471.0,,HOU;MIL,2,578637.0,35166,35166.0,543471.0,0.0,Retained;Active,1.0,career
gary payton ii,2017,100000.0,base,,100000.0,100000.0,,MIL,1,,,,100000.0,0.0,Retained,0.0,career
gary payton ii,2018,85458.0,base,,85458.0,85458.0,,WSH,1,,,,85458.0,0.0,Retained,0.0,career
gary payton ii,2019,1090781.0,base,,1090781.0,1090781.0,,WSH,1,,,1090781.0,,0.0,Active,1.0,career
gary payton ii,2020,118983.0,base,,118983.0,118983.0,,GS,1,,118983;11898,11898.0,237966.0,0.0,Retained;Retained;Active,1.0,career
gary payton ii,2021,1939350.0,base,,1939350.0,1939350.0,,GS,1,,,1939350.0,,0.0,Active,1.0,career
gary payton ii,2022,2814368.0,base,,2814368.0,2814368.0,,GS;POR,2,8300000.0,5485632,2814368.0,5485632.0,0.0,Active;Retained,1.0,career
gary payton ii,2023,8715000.0,base,,8715000.0,8715000.0,,GS,1,,,8715000.0,,0.0,Active,1.0,career
gary payton ii,2024,9130000.0,base,,9130000.0,9130000.0,,GS,1,,51497,9130000.0,,51497.0,Active / Player Exercised;NBA Cup,1.0,career
gary payton ii,2025,3303774.0,base,,3303774.0,3303774.0,,GS,1,,,3303774.0,,0.0,Active,1.0,career
gary payton ii,2026,2449421.0,cap_hit,2449421.0,3876529.0,,,GS,1,,,3876529.0,,0.0,Active,1.0,contract
gary trent jr.,2018,838464.0,base,,838464.0,838464.0,,POR,1,,,838464.0,,0.0,Active,1.0,career
gary trent jr.,2019,1328299.0,base,,1328299.0,1328299.0,,POR,1,,,1328299.0,,0.0,Active,1.0,career
gary trent jr.,2020,604004.0,base,,604004.0,604004.0,,TOR;POR,2,1663861.0,1059857,604004.0,1059857.0,0.0,Active;Retained,1.0,career
gary trent jr.,2021,16000000.0,base,,16000000.0,16225000.0,225000.0,TOR,1,,,16225000.0,,0.0,Active,1.0,career
gary trent jr.,2022,17280000.0,base,,17280000.0,17280000.0,,TOR,1,,,17280000.0,,0.0,Active,1.0,career
gary trent jr.,2023,18560000.0,base,,18560000.0,18560000.0,,TOR,1,,,18560000.0,,0.0,Active / Player Exercised,1.0,career
gary trent jr.,2024,2613120.0,base,,2613120.0,2613120.0,,MIL,1,,514970,2613120.0,,514970.0,Active;NBA Cup,1.0,career
gary trent jr.,2025,3697105.0,base,,3697105.0,3697105.0,,MIL,1,,,3697105.0,,0.0,Active,1.0,career
gary trent jr.,2026,15200000.0,cap_hit,15200000.0,15200000.0,,,MIL,1,,,15200000.0,,0.0,Active,1.0,contract
gary trent jr.,2027,16400000.0,cap_hit,16400000.0,16400000.0,,,MIL,1,,,16400000.0,,0.0,Active,1.0,contract
gary trent jr.,2028,16400000.0,cap_hit,16400000.0,16400000.0,,,MIL,1,,,16400000.0,,0.0,Active,1.0,contract
gary trent jr.,2029,16000000.0,cap_hit,16000000.0,16000000.0,,,MIL,1,,,16000000.0,,0.0,Active,1.0,contract
george hill,2008,1006200.0,base,,1006200.0,1006200.0,,SA,1,,,1006200.0,,0.0,Active,1.0,career
george hill,2009,1081680.0,base,,1081680.0,1081680.0,,SA,1,,,1081680.0,,0.0,Active,1.0,career
george hill,2010,1157160.0,base,,1157160.0,1157160.0,,SA,1,,,1157160.0,,0.0,Active,1.0,career
george hill,2011,1679265.0,base,,1679265.0,1679265.0,,IND,1,,,,,,,,career
george hill,2012,8000000.0,base,,8000000.0,8000000.0,,IND,1,,,8000000.0,,0.0,Active,1.0,career
george hill,2013,8000000.0,base,,8000000.0,8000000.0,,IND,1,,,8000000.0,,0.0,Active,1.0,career
george hill,2014,8000000.0,base,,8000000.0,8000000.0,,IND,1,,,8000000.0,,0.0,Active,1.0,career
george hill,2015,8000000.0,base,,8000000.0,8000000.0,,IND,1,,,8000000.0,,0.0,Active,1.0,career
george hill,2016,8000000.0,base,,8000000.0,8000000.0,,UTA,1,,,8000000.0,,0.0,Active,1.0,career
george hill,2017,7118644.0,base,,7118644.0,7118644.0,,CLE;SAC,2,20000000.0,12881356,7118644.0,12881356.0,0.0,Active;Retained,1.0,career
george hill,2018,5581921.0,base,,5581921.0,5581921.0,,CLE;MIL,2,19000000.0,13418079,13418079.0,5581921.0,0.0,Retained;Active,1.0,career
george hill,2019,8563038.0,base,,8563038.0,8563038.0,,MIL,1,,1000000,8563038.0,1000000.0,0.0,Active;Retained,1.0,career
george hill,2020,6109082.0,base,,6109082.0,6109082.0,,OKC;PHI,2,9590602.0,3481520,3481520.0,6109082.0,0.0,Retained;Active,1.0,career
george hill,2021,4000000.0,cap_hit,4000000.0,4000000.0,,,MIL,1,,,4000000.0,1275491.0,0.0,Active;Retained,1.0,contract
george hill,2022,4000000.0,cap_hit,4000000.0,4000000.0,,,IND,1,,,1356322.0,2643678.0,0.0,Active;Retained,1.0,contract
georges niang,2016,650000.0,base,,650000.0,650000.0,,IND,1,,,650000.0,,0.0,Active,1.0,career
georges niang,2017,100000.0,base,,100000.0,100000.0,,IND,1,,,,100000.0,0.0,Retained,0.0,career
georges niang,2018,1512601.0,base,,1512601.0,1512601.0,,UTA,1,,,1512601.0,,0.0,Active,1.0,career
georges niang,2019,1573926.0,base,,1573926.0,1573926.0,,UTA,1,,,1573926.0,,0.0,Active,1.0,career
georges niang,2020,1783557.0,base,,1783557.0,1783557.0,,UTA,1,,,1783557.0,,0.0,Active,1.0,career
georges niang,2021,3300000.0,base,,3300000.0,3300000.0,,PHI,1,,,3300000.0,,0.0,Active,1.0,career
georges niang,2022,3465000.0,base,,3465000.0,3465000.0,,PHI,1,,,3465000.0,,0.0,Active,1.0,career
georges niang,2023,8800000.0,base,,8800000.0,8800000.0,,CLE,1,,,8800000.0,,0.0,Active,1.0,career
georges niang,2024,3224138.0,base,,3224138.0,3224138.0,,ATL;CLE,2,8500000.0,5275862,3224138.0,5275862.0,0.0,Active;Retained,1.0,career
georges niang,2025,3204598.0,base,,3204598.0,3204598.0,,MEM;UTA,2,8200000.0,4995402,,8200000.0,0.0,Retained;Retained,0.0,career
gerald green,2005,1253040.0,base,,1253040.0,1253040.0,,BOS,1,,,1253040.0,,0.0,Active,1.0,career
gerald green,2006,1347000.0,base,,1347000.0,1347000.0,,BOS,1,,,1347000.0,,0.0,Active,1.0,career
gerald green,2007,1440960.0,base,,1440960.0,1440960.0,,HOU,1,,,1440960.0,,0.0,Active,1.0,career
gerald green,2008,854957.0,base,,854957.0,854957.0,,DAL,1,,,854957.0,,0.0,Active,1.0,career
gerald green,2011,277540.0,base,,277540.0,277540.0,,NJN,1,,97139;55508,,,,,,career
gerald green,2012,3500000.0,base,,3500000.0,3500000.0,,IND,1,,,3500000.0,,0.0,Active,1.0,career
gerald green,2013,3500000.0,base,,3500000.0,3500000.0,,PHX,1,,,3500000.0,,0.0,Active,1.0,career
gerald green,2014,3500000.0,base,,3500000.0,3500000.0,,PHX,1,,,3500000.0,,0.0,Active,1.0,career
gerald green,2015,1356146.0,base,,1356146.0,1356146.0,,MIA,1,,,1356146.0,,0.0,Active,1.0,career
gerald green,2016,1410598.0,base,,1410598.0,1410598.0,,BOS,1,,,1410598.0,,0.0,Active,1.0,career
gerald green,2017,1381404.0,base,,1381404.0,1381404.0,,HOU,1,,,1381404.0,,0.0,Active,1.0,career
gerald green,2018,2393887.0,base,,2393887.0,2393887.0,,HOU,1,,,2393887.0,,0.0,Active,1.0,career
gerald green,2019,1028799.0,base,,1028799.0,1028799.0,,DEN;HOU,2,2564753.0,1535954,,2564753.0,0.0,Retained;Retained,0.0,career
giannis antetokounmpo,2013,1792560.0,base,,1792560.0,1792560.0,,MIL,1,,,,,,,,career
giannis antetokounmpo,2014,1873200.0,base,,1873200.0,1873200.0,,MIL,1,,,,,,,,career
giannis antetokounmpo,2015,1953960.0,base,,1953960.0,1953960.0,,MIL,1,,,,,,,,career
giannis antetokounmpo,2016,2995421.0,base,,2995421.0,2995421.0,,MIL,1,,,,,,,,career
giannis antetokounmpo,2017,22471910.0,base,,22471910.0,22471910.0,,MIL,1,,,,,,,,career
giannis antetokounmpo,2018,24157303.0,base,,24157303.0,24157303.0,,MIL,1,,,,,,,,career
giannis antetokounmpo,2019,24227528.0,base,,24227528.0,24227528.0,,MIL,1,,,,,,,,career
giannis antetokounmpo,2020,27528088.0,base,,27528088.0,27528088.0,,MIL,1,,,,,,,,career
giannis antetokounmpo,2021,39344900.0,base,,39344900.0,39344900.0,,MIL,1,,,,,,,,career
giannis antetokounmpo,2022,42492492.0,base,,42492492.0,42492492.0,,MIL,1,,,,,,,,career
giannis antetokounmpo,2023,45640084.0,base,,45640084.0,45640084.0,,MIL,1,,100000,,,,,,career
giannis antetokounmpo,2024,48787676.0,base,,48787676.0,48787676.0,,MIL,1,,514970,,,,,,career
giannis antetokounmpo,2025,54126450.0,cap_hit,54126450.0,54126450.0,,,MIL,1,,,,,,,,contract
giannis antetokounmpo,2026,58456566.0,cap_hit,58456566.0,58456566.0,,,MIA,1,,,,,,,,contract
giannis antetokounmpo,2027,62786682.0,cap_hit,62786682.0,62786682.0,,,MIA,1,,,,,,,,contract
goga bitadze,2019,2816760.0,base,,2816760.0,2816760.0,,IND,1,,,2816760.0,,0.0,Active,1.0,career
goga bitadze,2020,2957520.0,base,,2957520.0,2957520.0,,IND,1,,,2957520.0,,0.0,Active,1.0,career
goga bitadze,2021,3098400.0,base,,3098400.0,3098400.0,,IND,1,,,3098400.0,,0.0,Active / Club Exercised,1.0,career
goga bitadze,2022,4765339.0,base,,4765339.0,4765339.0,,IND;ORL,2,5377520.0,612181,612181.0,4765339.0,0.0,Retained;Active,1.0,career
goga bitadze,2023,2066585.0,base,,2066585.0,2066585.0,,ORL,1,,,2066585.0,,0.0,Active / Club Exercised,1.0,career
goga bitadze,2024,9057971.0,cap_hit,9057971.0,9057971.0,,,ORL,1,,,9057971.0,,51497.0,Active;NBA Cup,1.0,contract
goga bitadze,2025,8333333.0,cap_hit,8333333.0,8333333.0,,,ORL,1,,,8333333.0,,106187.0,Active;NBA Cup,1.0,contract
goga bitadze,2026,7608696.0,cap_hit,7608696.0,7608696.0,,,ORL,1,,,7608696.0,,0.0,Active,1.0,contract
gordon hayward,2010,2356320.0,base,,2356320.0,2356320.0,,UTA,1,,,2356320.0,,0.0,Active,1.0,career
gordon hayward,2011,2038724.0,base,,2038724.0,2038724.0,,UTA,1,,,,,,,,career
gordon hayward,2012,2709720.0,base,,2709720.0,2709720.0,,UTA,1,,,2709720.0,,0.0,Active,1.0,career
gordon hayward,2013,3452183.0,base,,3452183.0,3452183.0,,UTA,1,,,3452183.0,,0.0,Active,1.0,career
gordon hayward,2014,14746000.0,base,,14746000.0,14746000.0,,UTA,1,,,14746000.0,,0.0,Active,1.0,career
gordon hayward,2015,15409570.0,base,,15409570.0,15409570.0,,UTA,1,,,15409570.0,,0.0,Active,1.0,career
gordon hayward,2016,16073140.0,base,,16073140.0,16073140.0,,UTA,1,,,16073140.0,,0.0,Active,1.0,career
gordon hayward,2017,29727900.0,base,,29727900.0,29727900.0,,BOS,1,,,29727900.0,,0.0,Active,1.0,career
gordon hayward,2018,31214295.0,base,,31214295.0,31214295.0,,BOS,1,,,31214295.0,,0.0,Active,1.0,career
gordon hayward,2019,30656897.0,base,,30656897.0,30656897.0,,BOS,1,,,30656897.0,,0.0,Active,1.0,career
gordon hayward,2020,28500000.0,base,,28500000.0,28500000.0,,CHA,1,,,28500000.0,,0.0,Active,1.0,career
gordon hayward,2021,29925000.0,base,,29925000.0,29925000.0,,CHA,1,,,29925000.0,,0.0,Active,1.0,career
gordon hayward,2022,30075000.0,base,,30075000.0,30075000.0,,CHA,1,,,30075000.0,,0.0,Active,1.0,career
gordon hayward,2023,19551724.0,base,,19551724.0,21371121.0,,CHA;OKC,2,31500000.0,11948276,11948276.0,21371121.0,0.0,Retained;Active,1.0,career
gorgui dieng,2013,1352640.0,base,,1352640.0,1352640.0,,MIN,1,,,1352640.0,,0.0,Active,1.0,career
gorgui dieng,2014,1413480.0,base,,1413480.0,1413480.0,,MIN,1,,,1413480.0,,0.0,Active,1.0,career
gorgui dieng,2015,1474440.0,base,,1474440.0,1474440.0,,MIN,1,,,1474440.0,,0.0,Active,1.0,career
gorgui dieng,2016,2348783.0,base,,2348783.0,2348783.0,,MIN,1,,,2348783.0,,0.0,Active,1.0,career
gorgui dieng,2017,14112360.0,base,,14112360.0,14112360.0,,MIN,1,,,14112360.0,,0.0,Active,1.0,career
gorgui dieng,2018,15170787.0,base,,15170787.0,15170787.0,,MIN,1,,,15170787.0,,0.0,Active,1.0,career
gorgui dieng,2019,4389681.0,base,,4389681.0,4389681.0,,MEM;MIN,2,14200561.0,9810880,4389681.0,9810880.0,0.0,Active;Retained,1.0,career
gorgui dieng,2020,16587688.0,base,,16587688.0,16587688.0,,MEM;SA,2,17587688.0,1000000,1000000.0,16587688.0,0.0,Retained;Active,1.0,career
gorgui dieng,2021,4000000.0,base,,4000000.0,4000000.0,,ATL,1,,,4000000.0,,0.0,Active,1.0,career
gorgui dieng,2022,2641682.0,base,,2641682.0,2641682.0,,SA,1,,895743;151821;151821,895743.0,2945324.0,0.0,Retained;Active;Retained;Retained,1.0,career
gradey dick,2023,4536720.0,cap_hit,4536720.0,4536720.0,,,TOR,1,,,,,,,,contract
gradey dick,2024,4763760.0,cap_hit,4763760.0,4763760.0,,,TOR,1,,,,,,,,contract
gradey dick,2025,4990560.0,cap_hit,4990560.0,4990560.0,,,TOR,1,,,,,,,,contract
gradey dick,2026,7131511.0,cap_hit,7131511.0,7131511.0,,,TOR,1,,,,,,,,contract
grant williams,2019,2379840.0,base,,2379840.0,2379840.0,,BOS,1,,,2379840.0,,0.0,Active,1.0,career
grant williams,2020,2498760.0,base,,2498760.0,2498760.0,,BOS,1,,,2498760.0,,0.0,Active,1.0,career
grant williams,2021,2617800.0,base,,2617800.0,2617800.0,,BOS,1,,,2617800.0,,0.0,Active / Club Exercised,1.0,career
grant williams,2022,4306281.0,base,,4306281.0,4306281.0,,BOS,1,,,4306281.0,,0.0,Active / Club Exercised,1.0,career
grant williams,2023,12405000.0,cap_hit,12405000.0,12405000.0,,,CHA,1,,,4705345.0,7699655.0,0.0,Active;Retained,1.0,contract
grant williams,2024,13025250.0,cap_hit,13025250.0,13025250.0,,,CHA,1,,,13025250.0,,0.0,Active,1.0,contract
grant williams,2025,13645500.0,cap_hit,13645500.0,13645500.0,,,CHA,1,,,13645500.0,,0.0,Active,1.0,contract
grant williams,2026,14265750.0,cap_hit,14265750.0,14265750.0,,,CHA,1,,,14265750.0,,0.0,Active,1.0,contract
grayson allen,2018,2074320.0,base,,2074320.0,2074320.0,,UTA,1,,,,,,,,career
grayson allen,2019,2277563.0,base,,2277563.0,2277563.0,,MEM,1,,,,,,,,career
grayson allen,2020,2545320.0,base,,2545320.0,2545320.0,,MEM,1,,,,,,,,career
grayson allen,2021,4054695.0,base,,4054695.0,4054695.0,,MIL,1,,,,,,,,career
grayson allen,2022,8500000.0,base,,8500000.0,8925000.0,425000.0,MIL,1,,,,,,,,career
grayson allen,2023,8500000.0,base,,8500000.0,8500000.0,,PHX,1,,50000,,,,,,career
grayson allen,2024,15625000.0,cap_hit,15625000.0,15625000.0,,,PHX,1,,,,,,,,contract
grayson allen,2025,16875000.0,cap_hit,16875000.0,16875000.0,,,PHX,1,,,,,,,,contract
grayson allen,2026,18125000.0,cap_hit,18125000.0,18125000.0,,,CHA,1,,,,,,,,contract
grayson allen,2027,19375000.0,cap_hit,19375000.0,19375000.0,,,CHA,1,,,,,,,,contract
guerschon yabusele,2017,2247480.0,base,,2247480.0,2247480.0,,BOS,1,,,2247480.0,,0.0,Active,1.0,career
guerschon yabusele,2018,2667600.0,base,,2667600.0,2667600.0,,BOS,1,,,2667600.0,,0.0,Active,1.0,career
guerschon yabusele,2019,1039080.0,base,,1039080.0,1039080.0,,BOS,1,,,,1039080.0,0.0,Retained,0.0,career
guerschon yabusele,2020,1039080.0,base,,1039080.0,1039080.0,,BOS,1,,,,1039080.0,0.0,Retained,0.0,career
guerschon yabusele,2021,1039080.0,base,,1039080.0,1039080.0,,BOS,1,,,,1039080.0,0.0,Retained,0.0,career
guerschon yabusele,2024,2087519.0,base,,2087519.0,2087519.0,,PHI,1,,,2087519.0,,0.0,Active,1.0,career
guerschon yabusele,2025,2086207.0,base,,2086207.0,2086207.0,,CHI;NY,2,6030933.0,530933;3413793,2086207.0,3413793.0,530933.0,Active;NBA Cup;Retained,1.0,career
gui santos,2023,1029483.0,base,,1029483.0,1029483.0,,GS,1,,,,,,,,career
gui santos,2024,1891857.0,base,,1891857.0,1891857.0,,GS,1,,51497,,,,,,career
gui santos,2025,2221677.0,base,,2221677.0,2221677.0,,GS,1,,,,,,,,career
gui santos,2026,4629630.0,cap_hit,4629630.0,4629630.0,,,GS,1,,,,,,,,contract
gui santos,2027,5000000.0,cap_hit,5000000.0,5000000.0,,,GS,1,,,,,,,,contract
gui santos,2028,5370370.0,cap_hit,5370370.0,5370370.0,,,GS,1,,,,,,,,contract
hamidou diallo,2018,838464.0,base,,838464.0,838464.0,,OKC,1,,,838464.0,,0.0,Active,1.0,career
hamidou diallo,2019,1328299.0,base,,1328299.0,1328299.0,,OKC,1,,,1328299.0,,0.0,Active,1.0,career
hamidou diallo,2020,740760.0,base,,740760.0,740760.0,,DET;OKC,2,1663861.0,923101,740760.0,923101.0,0.0,Active / Club Exercised;Retained,1.0,career
hamidou diallo,2021,5200000.0,base,,5200000.0,5200000.0,,DET,1,,,5200000.0,,0.0,Active,1.0,career
hamidou diallo,2022,5200000.0,base,,5200000.0,5200000.0,,DET,1,,,5200000.0,,0.0,Active / Club Exercised,1.0,career
hamidou diallo,2023,134863.0,base,,134863.0,134863.0,,WSH,1,,,,134863.0,0.0,Retained,0.0,career
harrison barnes,2012,2798040.0,base,,2798040.0,2798040.0,,GS,1,,,2798040.0,,0.0,Active,1.0,career
harrison barnes,2013,2923920.0,base,,2923920.0,2923920.0,,GS,1,,,2923920.0,,0.0,Active,1.0,career
harrison barnes,2014,3049920.0,base,,3049920.0,3049920.0,,GS,1,,,3049920.0,,0.0,Active,1.0,career
harrison barnes,2015,3873398.0,base,,3873398.0,3873398.0,,GS,1,,,3873398.0,,0.0,Active,1.0,career
harrison barnes,2016,22116750.0,base,,22116750.0,22116750.0,,DAL,1,,,22116750.0,,0.0,Active,1.0,career
harrison barnes,2017,23112004.0,base,,23112004.0,23112004.0,,DAL,1,,,23112004.0,,0.0,Active,1.0,career
harrison barnes,2018,8580549.0,base,,8580549.0,8580549.0,,SAC;DAL,2,24107258.0,15526709,8580549.0,16213153.0,0.0,Active;Retained,1.0,career
harrison barnes,2019,22638494.0,base,,22638494.0,22638494.0,,SAC,1,,,22638494.0,,0.0,Active,1.0,career
harrison barnes,2020,22215909.0,base,,22215909.0,22215909.0,,SAC,1,,,22215909.0,,0.0,Active,1.0,career
harrison barnes,2021,20284091.0,base,,20284091.0,20284091.0,,SAC,1,,,20284091.0,,0.0,Active,1.0,career
harrison barnes,2022,18352273.0,base,,18352273.0,18352273.0,,SAC,1,,,18352273.0,,0.0,Active,1.0,career
harrison barnes,2023,17000000.0,base,,17000000.0,17000000.0,,SAC,1,,50000,17000000.0,,50000.0,Active;NBA Cup,1.0,career
harrison barnes,2024,18000000.0,base,,18000000.0,18000000.0,,SA;SAC,2,,,18000000.0,3700000.0,0.0,Active;Retained,1.0,career
harrison barnes,2025,19000000.0,base,,19000000.0,19000000.0,,SA,1,,212373,19000000.0,,212373.0,Active;NBA Cup,1.0,career
harrison barnes,2026,8000000.0,cap_hit,8000000.0,8000000.0,,,SA,1,,,8000000.0,,0.0,Active,1.0,contract
hassan whiteside,2010,730437.0,base,,730437.0,730437.0,,SAC,1,,,730437.0,,0.0,Active,1.0,career
hassan whiteside,2011,762195.0,base,,762195.0,762195.0,,SAC,1,,,,,,,,career
hassan whiteside,2014,21535.0,base,,21535.0,21535.0,,MEM;MIA,2,791416.0,769881,769881.0,21535.0,0.0,Retained;Active,1.0,career
hassan whiteside,2015,981348.0,base,,981348.0,981348.0,,MIA,1,,,981348.0,,0.0,Active,1.0,career
hassan whiteside,2016,22116750.0,base,,22116750.0,22116750.0,,MIA,1,,,22116750.0,,0.0,Active,1.0,career
hassan whiteside,2017,23775506.0,base,,23775506.0,23775506.0,,MIA,1,,,23775506.0,,0.0,Active,1.0,career
hassan whiteside,2018,25434263.0,base,,25434263.0,25434263.0,,MIA,1,,,25434263.0,,0.0,Active,1.0,career
hassan whiteside,2019,25399705.0,base,,25399705.0,25399705.0,,POR,1,,,25399705.0,,0.0,Active,1.0,career
hassan whiteside,2020,2320044.0,base,,2320044.0,2320044.0,,SAC,1,,,2320044.0,,0.0,Active,1.0,career
haywood highsmith,2021,290967.0,base,,290967.0,290967.0,,MIA,1,,85578;85578;85578,290967.0,256734.0,0.0,Active;Retained;Retained;Retained,1.0,career
haywood highsmith,2022,1752638.0,base,,1752638.0,1752638.0,,MIA,1,,,1752638.0,,0.0,Active,1.0,career
haywood highsmith,2023,1902137.0,base,,1902137.0,1902137.0,,MIA,1,,,1902137.0,,0.0,Active,1.0,career
haywood highsmith,2024,5200000.0,base,,5200000.0,5200000.0,,MIA,1,,,5200000.0,,0.0,Active,1.0,career
haywood highsmith,2025,827984.0,cap_hit,827984.0,827984.0,,,PHX,1,,,827984.0,5616000.0,0.0,Retained;Active,1.0,contract
haywood highsmith,2026,3018158.0,cap_hit,3018158.0,3018158.0,,,PHX,1,,,3018158.0,,0.0,Active,1.0,contract
henry ellenson,2016,1704120.0,base,,1704120.0,1704120.0,,DET,1,,,1704120.0,,0.0,Active,1.0,career
henry ellenson,2017,1780800.0,base,,1780800.0,1780800.0,,DET,1,,,1780800.0,,0.0,Active,1.0,career
henry ellenson,2018,1857480.0,base,,1857480.0,1857480.0,,DET;NY,2,2284769.0,341831;85458,341831.0,1942938.0,0.0,Retained;Active;Retained,1.0,career
henry ellenson,2020,118983.0,base,,118983.0,118983.0,,TOR,1,,50000,,168983.0,0.0,Retained;Retained,0.0,career
herb jones,2021,1700000.0,base,,1700000.0,1700000.0,,NO,1,,,,,,,,career
herb jones,2022,1785000.0,base,,1785000.0,1785000.0,,NO,1,,,,,,,,career
herb jones,2023,12015150.0,cap_hit,12015150.0,12015150.0,,,NO,1,,,,,,,,contract
herb jones,2024,12976362.0,cap_hit,12976362.0,12976362.0,,,NO,1,,,,,,,,contract
herb jones,2025,13937574.0,cap_hit,13937574.0,13937574.0,,,NO,1,,,,,,,,contract
herb jones,2026,14898786.0,cap_hit,14898786.0,14898786.0,,,NO,1,,,,,,,,contract
herb jones,2027,20858300.0,cap_hit,20858300.0,20858300.0,,,NO,1,,,,,,,,contract
herb jones,2028,22526964.0,cap_hit,22526964.0,22526964.0,,,NO,1,,,,,,,,contract
herb jones,2029,24195628.0,cap_hit,24195628.0,24195628.0,,,NO,1,,,,,,,,contract
herbert jones,2021,1700000.0,base,,1700000.0,1700000.0,,NO,1,,,,,,,,career
herbert jones,2022,1785000.0,base,,1785000.0,1785000.0,,NO,1,,,,,,,,career
herbert jones,2023,12015150.0,cap_hit,12015150.0,12015150.0,,,NO,1,,,,,,,,contract
herbert jones,2024,12976362.0,cap_hit,12976362.0,12976362.0,,,NO,1,,,,,,,,contract
herbert jones,2025,13937574.0,cap_hit,13937574.0,13937574.0,,,NO,1,,,,,,,,contract
herbert jones,2026,14898786.0,cap_hit,14898786.0,14898786.0,,,NO,1,,,,,,,,contract
herbert jones,2027,20858300.0,cap_hit,20858300.0,20858300.0,,,NO,1,,,,,,,,contract
herbert jones,2028,22526964.0,cap_hit,22526964.0,22526964.0,,,NO,1,,,,,,,,contract
herbert jones,2029,24195628.0,cap_hit,24195628.0,24195628.0,,,NO,1,,,,,,,,contract
hugo gonzalez,2025,2783880.0,cap_hit,2783880.0,2783880.0,,,BOS,1,,,,,,,,contract
hugo gonzalez,2026,2923560.0,cap_hit,2923560.0,2923560.0,,,BOS,1,,,,,,,,contract
hugo gonzalez,2027,3062640.0,cap_hit,3062640.0,3062640.0,,,BOS,1,,,,,,,,contract
hugo gonzalez,2028,5528065.0,cap_hit,5528065.0,5528065.0,,,BOS,1,,,,,,,,contract
hunter tyson,2023,1119563.0,base,,1119563.0,1119563.0,,DEN,1,,,1119563.0,,0.0,Active,1.0,career
hunter tyson,2024,1891857.0,base,,1891857.0,1891857.0,,DEN,1,,,1891857.0,,0.0,Active,1.0,career
hunter tyson,2025,842705.0,base,,842705.0,842705.0,,BKN;DEN,2,2221677.0,1378972,,2221677.0,0.0,Retained;Retained,0.0,career
ian mahinmi,2007,938760.0,base,,938760.0,938760.0,,SA,1,,,938760.0,,0.0,Active,1.0,career
ian mahinmi,2008,1009200.0,base,,1009200.0,1009200.0,,SA,1,,,1009200.0,,0.0,Active,1.0,career
ian mahinmi,2009,1079640.0,base,,1079640.0,1079640.0,,SA,1,,,1079640.0,,0.0,Active,1.0,career
ian mahinmi,2010,762195.0,base,,762195.0,762195.0,,DAL,1,,,762195.0,,0.0,Active,1.0,career
ian mahinmi,2011,711748.0,base,,711748.0,711748.0,,DAL,1,,,,,,,,career
ian mahinmi,2012,4000000.0,base,,4000000.0,4000000.0,,IND,1,,,4000000.0,,0.0,Active,1.0,career
ian mahinmi,2013,4000000.0,base,,4000000.0,4000000.0,,IND,1,,,4000000.0,,0.0,Active,1.0,career
ian mahinmi,2014,4000000.0,base,,4000000.0,4000000.0,,IND,1,,,4000000.0,,0.0,Active,1.0,career
ian mahinmi,2015,4000000.0,base,,4000000.0,4000000.0,,IND,1,,,4000000.0,,0.0,Active,1.0,career
ian mahinmi,2016,15944154.0,base,,15944154.0,15944154.0,,WSH,1,,,15944154.0,,0.0,Active,1.0,career
ian mahinmi,2017,16661641.0,base,,16661641.0,16661641.0,,WSH,1,,,16661641.0,,0.0,Active,1.0,career
ian mahinmi,2018,15944154.0,base,,15944154.0,15944154.0,,WSH,1,,,15944154.0,,0.0,Active,1.0,career
ian mahinmi,2019,14484423.0,base,,14484423.0,14484423.0,,WSH,1,,,14484423.0,,0.0,Active,1.0,career
ignas brazdeikis,2019,842166.0,base,,842166.0,842166.0,,NY,1,,,842166.0,,0.0,Active,1.0,career
ignas brazdeikis,2020,966933.0,base,,966933.0,966933.0,,NY;ORL;PHI,3,1666511.0,99020;49510;551048,49510.0,1617001.0,0.0,Retained;Retained;Active;Retained,1.0,career
iman shumpert,2011,1258121.0,base,,1258121.0,1258121.0,,NY,1,,,,,,,,career
iman shumpert,2012,1633440.0,base,,1633440.0,1633440.0,,NY,1,,,1633440.0,,0.0,Active,1.0,career
iman shumpert,2013,1703760.0,base,,1703760.0,1703760.0,,NY,1,,,1703760.0,,0.0,Active,1.0,career
iman shumpert,2014,2616975.0,base,,2616975.0,2616975.0,,CLE,1,,,2616975.0,,0.0,Active,1.0,career
iman shumpert,2015,8988764.0,base,,8988764.0,8988764.0,,CLE,1,,,8988764.0,,0.0,Active,1.0,career
iman shumpert,2016,9662921.0,base,,9662921.0,9662921.0,,CLE,1,,,9662921.0,,0.0,Active,1.0,career
iman shumpert,2017,6657780.0,base,,6657780.0,6657780.0,,CLE;SAC,2,10337079.0,3679299,3679299.0,6657780.0,0.0,Retained;Active,1.0,career
iman shumpert,2018,3981464.0,base,,3981464.0,3981464.0,,HOU;SAC,2,11011236.0,7029772,3981464.0,7029772.0,0.0,Active;Retained,1.0,career
iman shumpert,2019,419443.0,base,,419443.0,419443.0,,BKN,1,,,,419443.0,0.0,Retained,0.0,career
iman shumpert,2020,447155.0,base,,447155.0,447155.0,,BKN,1,,159698,,606853.0,0.0,Retained;Retained,0.0,career
immanuel quickley,2020,2105520.0,base,,2105520.0,2105520.0,,NY,1,,,2105520.0,,0.0,Active,1.0,career
immanuel quickley,2021,2210640.0,base,,2210640.0,2210640.0,,NY,1,,,2210640.0,,0.0,Active,1.0,career
immanuel quickley,2022,2316240.0,base,,2316240.0,2316240.0,,NY,1,,,2316240.0,,0.0,Active / Club Exercised,1.0,career
immanuel quickley,2023,2565262.0,base,,2565262.0,2565262.0,,TOR;NY,2,4171548.0,1606286,2565262.0,1606286.0,0.0,Active / Club Exercised;Retained,1.0,career
immanuel quickley,2024,32500000.0,cap_hit,32500000.0,32500000.0,,,TOR,1,,,32500000.0,,50000.0,Active;NBA Cup,1.0,contract
immanuel quickley,2025,32500000.0,cap_hit,32500000.0,32500000.0,,,TOR,1,,,32500000.0,,53093.0,Active;NBA Cup,1.0,contract
immanuel quickley,2026,32500000.0,cap_hit,32500000.0,32500000.0,,,TOR,1,,,32500000.0,,0.0,Active,1.0,contract
immanuel quickley,2027,32500000.0,cap_hit,32500000.0,32500000.0,,,TOR,1,,,32500000.0,,0.0,Active,1.0,contract
immanuel quickley,2028,32500000.0,cap_hit,32500000.0,32500000.0,,,TOR,1,,,32500000.0,,0.0,Active,1.0,contract
isaac bonga,2018,1000000.0,base,,1000000.0,1000000.0,,LAL,1,,,1000000.0,,0.0,Active,1.0,career
isaac bonga,2019,1328299.0,base,,1328299.0,1328299.0,,WSH,1,,,1328299.0,,0.0,Active,1.0,career
isaac bonga,2020,1663861.0,base,,1663861.0,1663861.0,,WSH,1,,,1663861.0,,0.0,Active,1.0,career
isaac bonga,2021,1729217.0,base,,1729217.0,1729217.0,,TOR,1,,,1729217.0,,0.0,Active,1.0,career
isaac jones,2024,152957.0,base,,152957.0,152957.0,,SAC,1,,,152957.0,,0.0,Active,1.0,career
isaac jones,2025,1955377.0,base,,1955377.0,1955377.0,,DET,1,,230433,230433.0,1955377.0,0.0,Retained;Active,1.0,career
isaac okoro,2020,6400920.0,base,,6400920.0,6400920.0,,CLE,1,,,6400920.0,,0.0,Active,1.0,career
isaac okoro,2021,6720720.0,base,,6720720.0,6720720.0,,CLE,1,,,6720720.0,,0.0,Active,1.0,career
isaac okoro,2022,7040880.0,base,,7040880.0,7040880.0,,CLE,1,,,7040880.0,,0.0,Active / Club Exercised,1.0,career
isaac okoro,2023,8920795.0,base,,8920795.0,8920795.0,,CLE,1,,,8920795.0,,0.0,Active / Club Exercised,1.0,career
isaac okoro,2024,10185186.0,cap_hit,10185186.0,10185186.0,,,CLE,1,,,10185186.0,,0.0,Active,1.0,contract
isaac okoro,2025,11000000.0,cap_hit,11000000.0,11000000.0,,,CHI,1,,,11000000.0,,0.0,Active,1.0,contract
isaac okoro,2026,11814814.0,cap_hit,11814814.0,11814814.0,,,CHI,1,,,11814814.0,,0.0,Active,1.0,contract
isaiah collier,2024,2512680.0,cap_hit,2512680.0,2512680.0,,,UTA,1,,,,,,,,contract
isaiah collier,2025,2638200.0,cap_hit,2638200.0,2638200.0,,,UTA,1,,,,,,,,contract
isaiah collier,2026,2763960.0,cap_hit,2763960.0,2763960.0,,,UTA,1,,,,,,,,contract
isaiah collier,2027,4988948.0,cap_hit,4988948.0,4988948.0,,,UTA,1,,,,,,,,contract
isaiah crawford,2025,85300.0,base,,85300.0,85300.0,,HOU,1,,,,,,,,career
isaiah crawford,2026,2449421.0,cap_hit,2449421.0,2449421.0,,,HOU,1,,,,,,,,contract
isaiah crawford,2027,2664401.0,cap_hit,2664401.0,2664401.0,,,HOU,1,,,,,,,,contract
isaiah crawford,2028,2888193.0,cap_hit,2888193.0,2888193.0,,,HOU,1,,,,,,,,contract
isaiah crawford,2029,3272766.0,cap_hit,3272766.0,3272766.0,,,HOU,1,,,,,,,,contract
isaiah hartenstein,2018,838464.0,base,,838464.0,838464.0,,HOU,1,,,,,,,,career
isaiah hartenstein,2019,1416852.0,base,,1416852.0,1416852.0,,HOU,1,,,,,,,,career
isaiah hartenstein,2020,588287.0,base,,588287.0,588287.0,,CLE;DEN,2,1620564.0,1032277,,,,,,career
isaiah hartenstein,2021,1729217.0,base,,1729217.0,1729217.0,,LAC,1,,,,,,,,career
isaiah hartenstein,2022,7804879.0,base,,7804879.0,8854879.0,1050000.0,NY,1,,,,,,,,career
isaiah hartenstein,2023,8195121.0,base,,8195121.0,8195121.0,,NY,1,,50000,,,,,,career
isaiah hartenstein,2024,30000000.0,base,,30000000.0,30000000.0,,OKC,1,,205988,,,,,,career
isaiah hartenstein,2025,28500000.0,base,,28500000.0,28500000.0,,OKC,1,,106187,,,,,,career
isaiah hartenstein,2026,23148148.0,cap_hit,23148148.0,23148148.0,,,OKC,1,,,,,,,,contract
isaiah hartenstein,2027,25000000.0,cap_hit,25000000.0,25000000.0,,,OKC,1,,,,,,,,contract
isaiah hartenstein,2028,26851852.0,cap_hit,26851852.0,26851852.0,,,OKC,1,,,,,,,,contract
isaiah jackson,2021,2451240.0,base,,2451240.0,2451240.0,,IND,1,,,2451240.0,,0.0,Active,1.0,career
isaiah jackson,2022,2573760.0,base,,2573760.0,2573760.0,,IND,1,,,2573760.0,,0.0,Active,1.0,career
isaiah jackson,2023,2696280.0,base,,2696280.0,2696280.0,,IND,1,,200000,2696280.0,,200000.0,Active / Club Exercised;NBA Cup,1.0,career
isaiah jackson,2024,4435381.0,base,,4435381.0,4435381.0,,IND,1,,,4435381.0,,0.0,Active / Club Exercised,1.0,career
isaiah jackson,2025,7600000.0,cap_hit,7600000.0,7600000.0,,,LAC,1,,,2882759.0,4717241.0,0.0,Active;Retained,1.0,contract
isaiah jackson,2026,7000000.0,cap_hit,7000000.0,7000000.0,,,LAC,1,,,7000000.0,,0.0,Active,1.0,contract
isaiah jackson,2027,6400000.0,cap_hit,6400000.0,6400000.0,,,LAC,1,,,6400000.0,,0.0,Active,1.0,contract
isaiah joe,2020,898310.0,base,,898310.0,898310.0,,PHI,1,,,,,,,,career
isaiah joe,2021,1517981.0,base,,1517981.0,1517981.0,,PHI,1,,,,,,,,career
isaiah joe,2022,1836090.0,base,,1836090.0,1836090.0,,OKC,1,,,,,,,,career
isaiah joe,2023,1997238.0,base,,1997238.0,1997238.0,,OKC,1,,,,,,,,career
isaiah joe,2024,12991650.0,cap_hit,12991650.0,12991650.0,,,OKC,1,,,,,,,,contract
isaiah joe,2025,12362338.0,cap_hit,12362338.0,12362338.0,,,OKC,1,,,,,,,,contract
isaiah joe,2026,11323006.0,cap_hit,11323006.0,11323006.0,,,DET,1,,,,,,,,contract
isaiah joe,2027,11323006.0,cap_hit,11323006.0,11323006.0,,,DET,1,,,,,,,,contract
isaiah livers,2021,1057260.0,base,,1057260.0,1057260.0,,DET,1,,,1057260.0,,0.0,Active,1.0,career
isaiah livers,2022,1563518.0,base,,1563518.0,1563518.0,,DET,1,,,1563518.0,,0.0,Active,1.0,career
isaiah livers,2023,970809.0,base,,970809.0,970809.0,,WSH;DET,2,1836096.0,865287,,1836096.0,0.0,Retained;Retained,0.0,career
isaiah livers,2025,85300.0,base,,85300.0,85300.0,,PHX,1,,26547,85300.0,,26546.0,Active;NBA Cup,1.0,career
isaiah mobley,2024,12429.0,base,,12429.0,12429.0,,PHI,1,,,,12429.0,0.0,Retained,0.0,career
isaiah roby,2019,796610.0,base,,796610.0,796610.0,,DAL;OKC,2,1500000.0,703390,703390.0,796610.0,0.0,Retained;Active,1.0,career
isaiah roby,2020,1517981.0,base,,1517981.0,1517981.0,,OKC,1,,,1517981.0,,0.0,Active,1.0,career
isaiah roby,2021,1782621.0,base,,1782621.0,1782621.0,,OKC,1,,,1782621.0,,0.0,Active,1.0,career
isaiah roby,2022,400000.0,base,,400000.0,400000.0,,NY;SA,2,2330681.0,1930681,400000.0,1930681.0,0.0,Active;Retained,1.0,career
isaiah stewart,2020,3121080.0,base,,3121080.0,3121080.0,,DET,1,,,,,,,,career
isaiah stewart,2021,3277080.0,base,,3277080.0,3277080.0,,DET,1,,,,,,,,career
isaiah stewart,2022,3433320.0,base,,3433320.0,3433320.0,,DET,1,,,,,,,,career
isaiah stewart,2023,5266713.0,base,,5266713.0,5266713.0,,DET,1,,,,,,,,career
isaiah stewart,2024,15000000.0,cap_hit,15000000.0,15000000.0,,,DET,1,,,,,,,,contract
isaiah stewart,2025,15000000.0,cap_hit,15000000.0,15000000.0,,,DET,1,,,,,,,,contract
isaiah stewart,2026,15000000.0,cap_hit,15000000.0,15000000.0,,,MEM,1,,,,,,,,contract
isaiah stewart,2027,15000000.0,cap_hit,15000000.0,15000000.0,,,MEM,1,,,,,,,,contract
isaiah thomas,2011,381193.0,base,,381193.0,381193.0,,SAC,1,,,,,,,,career
isaiah thomas,2012,762195.0,base,,762195.0,762195.0,,SAC,1,,,762195.0,,0.0,Active,1.0,career
isaiah thomas,2013,884293.0,base,,884293.0,884293.0,,SAC,1,,,884293.0,,0.0,Active,1.0,career
isaiah thomas,2014,7238606.0,base,,7238606.0,7238606.0,,BOS,1,,,7238606.0,,0.0,Active,1.0,career
isaiah thomas,2015,6912869.0,base,,6912869.0,6912869.0,,BOS,1,,,6912869.0,,0.0,Active,1.0,career
isaiah thomas,2016,6587132.0,base,,6587132.0,6587132.0,,BOS,1,,,6587132.0,,0.0,Active,1.0,career
isaiah thomas,2017,4032763.0,base,,4032763.0,4032763.0,,CLE;LAL,2,6261395.0,2228632,2228632.0,4032763.0,0.0,Retained;Active,1.0,career
isaiah thomas,2018,2029463.0,base,,2029463.0,2029463.0,,DEN,1,,,2029463.0,,0.0,Active,1.0,career
isaiah thomas,2019,917532.0,base,,917532.0,917532.0,,LAC;WSH,2,2320044.0,1402512,,2320044.0,0.0,Retained;Retained,0.0,career
isaiah thomas,2020,158907.0,base,,158907.0,158907.0,,NO,1,,,,158907.0,0.0,Retained,0.0,career
isaiah thomas,2021,276039.0,base,,276039.0,276039.0,,CHA;DAL;LAL,3,828115.0,138019;138019;138019;138019,276039.0,552076.0,0.0,Active;Retained;Retained;Retained;Retained,1.0,career
isaiah thomas,2023,183704.0,base,,183704.0,183704.0,,PHX,1,,183704;110222,110222.0,367408.0,0.0,Retained;Retained;Active,1.0,career
isaiah todd,2021,1500000.0,base,,1500000.0,1500000.0,,WSH,1,,,1500000.0,,0.0,Active,1.0,career
isaiah todd,2022,1575000.0,base,,1575000.0,1575000.0,,WSH,1,,,1575000.0,,0.0,Active,1.0,career
isaiah todd,2023,1836096.0,base,,1836096.0,1836096.0,,MEM,1,,,,1836096.0,0.0,Retained,0.0,career
ish smith,2010,473604.0,base,,473604.0,473604.0,,MEM,1,,,,,,,,career
ish smith,2011,522472.0,base,,522472.0,522472.0,,ORL,1,,,,,,,,career
ish smith,2012,910491.0,base,,910491.0,910491.0,,MIL,1,,,,,,,,career
ish smith,2013,951463.0,base,,951463.0,951463.0,,PHX,1,,,,,,,,career
ish smith,2014,981084.0,base,,981084.0,981084.0,,HOU;PHI,2,1904457.0,923373,,,,,,career
ish smith,2015,1100602.0,base,,1100602.0,1100602.0,,PHI,1,,,,,,,,career
ish smith,2016,6000000.0,base,,6000000.0,6000000.0,,DET,1,,,,,,,,career
ish smith,2017,6000000.0,base,,6000000.0,6000000.0,,DET,1,,,,,,,,career
ish smith,2018,6000000.0,base,,6000000.0,6000000.0,,DET,1,,,,,,,,career
ish smith,2019,5625000.0,base,,5625000.0,5625000.0,,WSH,1,,,,,,,,career
ish smith,2020,6000000.0,base,,6000000.0,6000000.0,,WSH,1,,,,,,,,career
ish smith,2021,1525862.0,base,,1525862.0,1525862.0,,WSH,1,,,,,,,,career
ish smith,2022,4725000.0,base,,4725000.0,4725000.0,,DEN,1,,,,,,,,career
ish smith,2023,2019706.0,cap_hit,2019706.0,3196448.0,,,CHA,1,,,,,,,,contract
ish wainright,2021,8558.0,base,,8558.0,8558.0,,PHX;TOR,2,258558.0,250000,8558.0,250000.0,0.0,Active;Retained,1.0,career
ish wainright,2022,474851.0,base,,474851.0,474851.0,,PHX;TOR,2,599851.0,125000,474851.0,125000.0,0.0,Active;Retained,1.0,career
ish wainright,2023,853149.0,base,,853149.0,853149.0,,POR,1,,,,853149.0,0.0,Retained,0.0,career
ivan rabb,2017,950000.0,base,,950000.0,950000.0,,MEM,1,,,950000.0,,0.0,Active,1.0,career
ivan rabb,2018,1378242.0,base,,1378242.0,1378242.0,,MEM,1,,,1378242.0,,0.0,Active,1.0,career
ivan rabb,2019,371758.0,base,,371758.0,371758.0,,MEM,1,,,,371758.0,0.0,Retained,0.0,career
ivica zubac,2016,1034956.0,base,,1034956.0,1034956.0,,LAL,1,,,1034956.0,,0.0,Active,1.0,career
ivica zubac,2017,1312611.0,base,,1312611.0,1312611.0,,LAL,1,,,1312611.0,,0.0,Active,1.0,career
ivica zubac,2018,549898.0,base,,549898.0,549898.0,,LAC;LAL,2,1544951.0,995053,549898.0,995053.0,0.0,Active;Retained,1.0,career
ivica zubac,2019,6076389.0,base,,6076389.0,6076389.0,,LAC,1,,,6076389.0,,0.0,Active,1.0,career
ivica zubac,2020,7000000.0,base,,7000000.0,7000000.0,,LAC,1,,,7000000.0,,0.0,Active,1.0,career
ivica zubac,2021,7518518.0,base,,7518518.0,7518518.0,,LAC,1,,,7518518.0,,0.0,Active,1.0,career
ivica zubac,2022,10123457.0,base,,10123457.0,10123457.0,,LAC,1,,,10123457.0,,0.0,Active,1.0,career
ivica zubac,2023,10933333.0,base,,10933333.0,10933333.0,,LAC,1,,,10933333.0,,0.0,Active,1.0,career
ivica zubac,2024,11743210.0,base,,11743210.0,11743210.0,,LAC,1,,,11743210.0,,0.0,Active,1.0,career
ivica zubac,2025,18893980.0,cap_hit,18893980.0,18102000.0,,,IND,1,,,6866276.0,13611664.0,0.0,Active;Retained,1.0,contract
ivica zubac,2026,20342140.0,cap_hit,20342140.0,19550160.0,,,IND,1,,,19550160.0,,0.0,Active,1.0,contract
ivica zubac,2027,21790300.0,cap_hit,21790300.0,20998320.0,,,IND,1,,,20998320.0,,0.0,Active,1.0,contract
j.d. davison,2023,50000.0,base,,50000.0,50000.0,,BOS,1,,,,,,,,career
j.d. davison,2024,11997.0,base,,11997.0,11997.0,,BOS,1,,,,,,,,career
j.d. davison,2025,82030.0,cap_hit,82030.0,82030.0,,,HOU,1,,,,,,,,contract
j.d. davison,2026,2584539.0,cap_hit,2584539.0,2584539.0,,,HOU,1,,,,,,,,contract
j.p. macura,2019,106184.0,base,,106184.0,106184.0,,CLE,1,,,,106184.0,0.0,Retained,0.0,career
ja morant,2019,8730240.0,base,,8730240.0,8730240.0,,MEM,1,,,8730240.0,,0.0,Active,1.0,career
ja morant,2020,9166800.0,base,,9166800.0,9166800.0,,MEM,1,,,9166800.0,,0.0,Active,1.0,career
ja morant,2021,9603360.0,base,,9603360.0,9603360.0,,MEM,1,,,9603360.0,,0.0,Active / Club Exercised,1.0,career
ja morant,2022,12119440.0,base,,12119440.0,12119440.0,,MEM,1,,,12119440.0,,0.0,Active / Club Exercised,1.0,career
ja morant,2023,34005250.0,cap_hit,34005250.0,34005250.0,,,MEM,1,,,34005250.0,,0.0,Active,1.0,contract
ja morant,2024,36725670.0,cap_hit,36725670.0,36725670.0,,,MEM,1,,,36725670.0,,0.0,Active,1.0,contract
ja morant,2025,39446090.0,cap_hit,39446090.0,39446090.0,,,MEM,1,,,39446090.0,,0.0,Active,1.0,contract
ja morant,2026,42166510.0,cap_hit,42166510.0,42166510.0,,,POR,1,,,42166510.0,,0.0,Active,1.0,contract
ja morant,2027,44886930.0,cap_hit,44886930.0,44886930.0,,,POR,1,,,44886930.0,,0.0,Active,1.0,contract
ja'kobe walter,2024,3465000.0,cap_hit,3465000.0,3465000.0,,,TOR,1,,,,,,,,contract
ja'kobe walter,2025,3638160.0,cap_hit,3638160.0,3638160.0,,,TOR,1,,,,,,,,contract
ja'kobe walter,2026,3811800.0,cap_hit,3811800.0,3811800.0,,,TOR,1,,,,,,,,contract
ja'kobe walter,2027,5870172.0,cap_hit,5870172.0,5870172.0,,,TOR,1,,,,,,,,contract
jabari parker,2014,4930560.0,base,,4930560.0,4930560.0,,MIL,1,,,4930560.0,,0.0,Active,1.0,career
jabari parker,2015,5152440.0,base,,5152440.0,5152440.0,,MIL,1,,,5152440.0,,0.0,Active,1.0,career
jabari parker,2016,5374320.0,base,,5374320.0,5374320.0,,MIL,1,,,5374320.0,,0.0,Active,1.0,career
jabari parker,2017,6782392.0,base,,6782392.0,6782392.0,,MIL,1,,,6782392.0,,0.0,Active,1.0,career
jabari parker,2018,12768362.0,base,,12768362.0,12768362.0,,CHI;WSH,2,20000000.0,7231638,7231638.0,12768362.0,0.0,Retained;Active,1.0,career
jabari parker,2019,3929379.0,base,,3929379.0,3929379.0,,ATL;SAC,2,6093750.0,2164371,2164371.0,3929379.0,0.0,Retained;Active,1.0,career
jabari parker,2020,430729.0,base,,430729.0,430729.0,,BOS;SAC,2,6930729.0,6500000,430729.0,6500000.0,0.0,Active;Retained,1.0,career
jabari parker,2021,1068288.0,base,,1068288.0,1068288.0,,BOS,1,,100000,,1168288.0,0.0,Retained;Retained,0.0,career
jabari smith jr.,2022,8882640.0,base,,8882640.0,8882640.0,,HOU,1,,,8882640.0,,0.0,Active,1.0,career
jabari smith jr.,2023,9326520.0,base,,9326520.0,9326520.0,,HOU,1,,,9326520.0,,0.0,Active,1.0,career
jabari smith jr.,2024,9770880.0,base,,9770880.0,9770880.0,,HOU,1,,102994,9770880.0,,102994.0,Active / Club Exercised;NBA Cup,1.0,career
jabari smith jr.,2025,12350392.0,base,,12350392.0,12350392.0,,HOU,1,,,12350392.0,,0.0,Active / Club Exercised,1.0,career
jabari smith jr.,2026,23643411.0,cap_hit,23643411.0,23643411.0,,,HOU,1,,,23643411.0,,0.0,Active,1.0,contract
jabari smith jr.,2027,21751940.0,cap_hit,21751940.0,21751940.0,,,HOU,1,,,21751940.0,,0.0,Active,1.0,contract
jabari smith jr.,2028,23643411.0,cap_hit,23643411.0,23643411.0,,,HOU,1,,,23643411.0,,0.0,Active,1.0,contract
jabari smith jr.,2029,25534883.0,cap_hit,25534883.0,25534883.0,,,HOU,1,,,25534883.0,,0.0,Active,1.0,contract
jabari smith jr.,2030,27426355.0,cap_hit,27426355.0,27426355.0,,,HOU,1,,,27426355.0,,0.0,Active,1.0,contract
jabari walker,2022,1017781.0,base,,1017781.0,1017781.0,,POR,1,,,1017781.0,,0.0,Active,1.0,career
jabari walker,2023,1719864.0,base,,1719864.0,1719864.0,,POR,1,,,1719864.0,,0.0,Active,1.0,career
jabari walker,2024,2019699.0,base,,2019699.0,2019699.0,,POR,1,,,2019699.0,,0.0,Active,1.0,career
jabari walker,2025,724598.0,cap_hit,724598.0,724598.0,,,PHI,1,,,724598.0,442578.0,0.0,Active;Retained,1.0,contract
jabari walker,2026,2584539.0,cap_hit,2584539.0,2584539.0,,,PHI,1,,,2584539.0,,0.0,Active,1.0,contract
jack white,2023,62130.0,base,,62130.0,62130.0,,MEM;OKC,2,662130.0,600000,,662130.0,0.0,Retained;Retained,0.0,career
jacob evans,2018,1644240.0,base,,1644240.0,1644240.0,,GS,1,,,1644240.0,,0.0,Active,1.0,career
jacob evans,2019,1164233.0,base,,1164233.0,1164233.0,,GS;MIN,2,1805513.0,641280,641280.0,1164233.0,0.0,Retained;Active,1.0,career
jacob evans,2020,2017320.0,base,,2017320.0,2017320.0,,NY,1,,,,2017320.0,0.0,Retained,0.0,career
jaden hardy,2022,1017781.0,base,,1017781.0,1017781.0,,DAL,1,,,,,,,,career
jaden hardy,2023,1719864.0,base,,1719864.0,1719864.0,,DAL,1,,,,,,,,career
jaden hardy,2024,2019699.0,base,,2019699.0,2019699.0,,DAL,1,,51497,,,,,,career
jaden hardy,2025,6000000.0,cap_hit,6000000.0,6000000.0,,,WSH,1,,,,,,,,contract
jaden hardy,2026,6000000.0,cap_hit,6000000.0,6000000.0,,,LAL,1,,,,,,,,contract
jaden hardy,2027,6000000.0,cap_hit,6000000.0,6000000.0,,,LAL,1,,,,,,,,contract
jaden ivey,2022,7252200.0,base,,7252200.0,7252200.0,,DET,1,,,7252200.0,,0.0,Active,1.0,career
jaden ivey,2023,7614480.0,base,,7614480.0,7614480.0,,DET,1,,,7614480.0,,0.0,Active,1.0,career
jaden ivey,2024,7977240.0,base,,7977240.0,7977240.0,,DET,1,,,7977240.0,,0.0,Active / Club Exercised,1.0,career
jaden ivey,2025,3949926.0,base,,3949926.0,3949926.0,,CHI;DET,2,10107163.0,6157237,,10107163.0,0.0,Retained;Retained,0.0,career
jaden mcdaniels,2020,1964760.0,base,,1964760.0,1964760.0,,MIN,1,,,1964760.0,,0.0,Active,1.0,career
jaden mcdaniels,2021,2063280.0,base,,2063280.0,2063280.0,,MIN,1,,,2063280.0,,0.0,Active,1.0,career
jaden mcdaniels,2022,2161440.0,base,,2161440.0,2161440.0,,MIN,1,,,2161440.0,,0.0,Active / Club Exercised,1.0,career
jaden mcdaniels,2023,3901399.0,base,,3901399.0,3901399.0,,MIN,1,,,3901399.0,,0.0,Active / Club Exercised,1.0,career
jaden mcdaniels,2024,22586207.0,cap_hit,22586207.0,22586207.0,,,MIN,1,,,22586207.0,,0.0,Active,1.0,contract
jaden mcdaniels,2025,24393103.0,cap_hit,24393103.0,24393103.0,,,MIN,1,,,24393103.0,,0.0,Active,1.0,contract
jaden mcdaniels,2026,26200000.0,cap_hit,26200000.0,26200000.0,,,MIN,1,,,26200000.0,,0.0,Active,1.0,contract
jaden mcdaniels,2027,28006898.0,cap_hit,28006898.0,28006898.0,,,MIN,1,,,28006898.0,,0.0,Active,1.0,contract
jaden mcdaniels,2028,29813790.0,cap_hit,29813790.0,29813790.0,,,MIN,1,,,29813790.0,,0.0,Active,1.0,contract
jaden springer,2021,2023680.0,base,,2023680.0,2023680.0,,PHI,1,,,2023680.0,,0.0,Active,1.0,career
jaden springer,2022,2125200.0,base,,2125200.0,2125200.0,,PHI,1,,,2125200.0,,0.0,Active,1.0,career
jaden springer,2023,1524207.0,base,,1524207.0,1524207.0,,BOS;PHI,2,4018363.0,2494156,1524207.0,2494156.0,0.0,Active / Club Exercised;Retained,1.0,career
jaden springer,2024,2471062.0,base,,2471062.0,2471062.0,,BOS;UTA;HOU,3,4777088.0,634437;124288;1547301,634437.0,4142651.0,0.0,Retained;Active;Retained;Retained,1.0,career
jaden springer,2025,70732.0,base,,70732.0,70732.0,,NO,1,,,,70732.0,0.0,Retained,0.0,career
jae crowder,2012,600491.0,base,,600491.0,600491.0,,DAL,1,,,600491.0,,0.0,Active,1.0,career
jae crowder,2013,788872.0,base,,788872.0,788872.0,,DAL,1,,,788872.0,,0.0,Active,1.0,career
jae crowder,2014,915243.0,base,,915243.0,915243.0,,BOS,1,,,915243.0,,0.0,Active,1.0,career
jae crowder,2015,6796117.0,base,,6796117.0,6796117.0,,BOS,1,,,6796117.0,,0.0,Active,1.0,career
jae crowder,2016,6286408.0,base,,6286408.0,6286408.0,,BOS,1,,,6286408.0,,0.0,Active,1.0,career
jae crowder,2017,4377160.0,base,,4377160.0,4377160.0,,CLE;UTA,2,6796117.0,2418957,2418957.0,4377160.0,0.0,Retained;Active,1.0,career
jae crowder,2018,7305825.0,base,,7305825.0,7305825.0,,UTA,1,,,7305825.0,,0.0,Active,1.0,career
jae crowder,2019,4724644.0,base,,4724644.0,4724644.0,,MEM;MIA,2,7327062.0,2602418,2602418.0,4724644.0,0.0,Retained;Active,1.0,career
jae crowder,2020,9258000.0,base,,9258000.0,9258000.0,,PHX,1,,,9258000.0,,0.0,Active,1.0,career
jae crowder,2021,9720900.0,base,,9720900.0,9720900.0,,PHX,1,,,9720900.0,,0.0,Active,1.0,career
jae crowder,2022,3453128.0,base,,3453128.0,3453128.0,,MIL;PHX,2,10183800.0,6730672,3453128.0,6730672.0,0.0,Active;Retained,1.0,career
jae crowder,2023,3196448.0,base,,3196448.0,3196448.0,,MIL,1,,100000,3196448.0,,100000.0,Active;NBA Cup,1.0,career
jae crowder,2024,2620232.0,base,,2620232.0,2620232.0,,SAC,1,,,2620232.0,,0.0,Active,1.0,career
jae'sean tate,2020,1445697.0,base,,1445697.0,1445697.0,,HOU,1,,,,,,,,career
jae'sean tate,2021,1517981.0,base,,1517981.0,1517981.0,,HOU,1,,,,,,,,career
jae'sean tate,2022,7065217.0,cap_hit,7065217.0,7065217.0,,,HOU,1,,,,,,,,contract
jae'sean tate,2023,7000000.0,cap_hit,7000000.0,6500000.0,,,HOU,1,,,,,,,,contract
jae'sean tate,2024,7565217.0,cap_hit,7565217.0,7065217.0,,,HOU,1,,,,,,,,contract
jae'sean tate,2025,2667947.0,base,,2667947.0,2667947.0,,HOU,1,,,,,,,,career
jae'sean tate,2026,2449421.0,cap_hit,2449421.0,3066143.0,,,HOU,1,,,,,,,,contract
jae’sean tate,2020,1445697.0,base,,1445697.0,1445697.0,,HOU,1,,,,,,,,career
jae’sean tate,2021,1517981.0,base,,1517981.0,1517981.0,,HOU,1,,,,,,,,career
jae’sean tate,2022,7065217.0,cap_hit,7065217.0,7065217.0,,,HOU,1,,,,,,,,contract
jae’sean tate,2023,7000000.0,cap_hit,7000000.0,6500000.0,,,HOU,1,,,,,,,,contract
jae’sean tate,2024,7565217.0,cap_hit,7565217.0,7065217.0,,,HOU,1,,,,,,,,contract
jae’sean tate,2025,2667947.0,base,,2667947.0,2667947.0,,HOU,1,,,,,,,,career
jae’sean tate,2026,2449421.0,cap_hit,2449421.0,3066143.0,,,HOU,1,,,,,,,,contract
jahlil okafor,2015,4582680.0,base,,4582680.0,4582680.0,,PHI,1,,,4582680.0,,0.0,Active,1.0,career
jahlil okafor,2016,4788840.0,base,,4788840.0,4788840.0,,PHI,1,,,4788840.0,,0.0,Active,1.0,career
jahlil okafor,2017,3527627.0,base,,3527627.0,3527627.0,,BKN;PHI,2,4995120.0,1467493,3527627.0,1467493.0,0.0,Active;Retained,1.0,career
jahlil okafor,2018,1567007.0,base,,1567007.0,1567007.0,,NO,1,,,1567007.0,,0.0,Active,1.0,career
jahlil okafor,2019,1596081.0,base,,1596081.0,1596081.0,,NO,1,,,1596081.0,,0.0,Active,1.0,career
jahlil okafor,2020,1882867.0,base,,1882867.0,1882867.0,,DET,1,,,1882867.0,,0.0,Active,1.0,career
jahlil okafor,2021,2130023.0,base,,2130023.0,2130023.0,,BKN,1,,,,2130023.0,0.0,Retained,0.0,career
jahlil okafor,2024,150179.0,base,,150179.0,150179.0,,IND,1,,,,150179.0,0.0,Retained,0.0,career
jahmi'us ramsey,2020,1000000.0,base,,1000000.0,1000000.0,,SAC,1,,,1000000.0,,0.0,Active,1.0,career
jahmi'us ramsey,2021,1517981.0,base,,1517981.0,1517981.0,,SAC,1,,,,1517981.0,0.0,Retained,0.0,career
jahmi'us ramsey,2023,116075.0,base,,116075.0,116075.0,,TOR,1,,116075,,232150.0,0.0,Retained;Retained,0.0,career
jaime jaquez jr.,2023,3510600.0,cap_hit,3510600.0,3510600.0,,,MIA,1,,,,,,,,contract
jaime jaquez jr.,2024,3685800.0,cap_hit,3685800.0,3685800.0,,,MIA,1,,,,,,,,contract
jaime jaquez jr.,2025,3861600.0,cap_hit,3861600.0,3861600.0,,,MIA,1,,,,,,,,contract
jaime jaquez jr.,2026,5939141.0,cap_hit,5939141.0,5939141.0,,,MIL,1,,,,,,,,contract
jakarr sampson,2014,507336.0,base,,507336.0,507336.0,,PHI,1,,,507336.0,,0.0,Active,1.0,career
jakarr sampson,2015,258489.0,base,,258489.0,258489.0,,DEN,1,,,258489.0,,0.0,Active,1.0,career
jakarr sampson,2018,88531.0,base,,88531.0,88531.0,,CHI,1,,,,88531.0,0.0,Retained,0.0,career
jakarr sampson,2019,1628573.0,base,,1628573.0,1628573.0,,IND,1,,,1628573.0,,0.0,Active,1.0,career
jakarr sampson,2020,1882867.0,base,,1882867.0,1882867.0,,IND,1,,,1882867.0,,0.0,Active,1.0,career
jake laravia,2022,3047640.0,base,,3047640.0,3047640.0,,MEM,1,,,3047640.0,,0.0,Active,1.0,career
jake laravia,2023,3199920.0,base,,3199920.0,3199920.0,,MEM,1,,,3199920.0,,0.0,Active,1.0,career
jake laravia,2024,2080974.0,base,,2080974.0,2080974.0,,MEM;SAC,2,3352680.0,1271706,1271706.0,2080974.0,0.0,Retained;Active / Club Exercised,1.0,career
jake laravia,2025,6000000.0,cap_hit,6000000.0,6000000.0,,,LAL,1,,,6000000.0,,53093.0,Active;NBA Cup,1.0,contract
jake laravia,2026,6000000.0,cap_hit,6000000.0,6000000.0,,,LAL,1,,,6000000.0,,0.0,Active,1.0,contract
jake layman,2016,600000.0,base,,600000.0,600000.0,,POR,1,,,600000.0,,0.0,Active,1.0,career
jake layman,2017,1312611.0,base,,1312611.0,1312611.0,,POR,1,,,1312611.0,,0.0,Active,1.0,career
jake layman,2018,1544951.0,base,,1544951.0,1544951.0,,POR,1,,,1544951.0,,0.0,Active,1.0,career
jake layman,2019,3358112.0,base,,3358112.0,3358112.0,,MIN,1,,,3358112.0,,0.0,Active,1.0,career
jake layman,2020,3761085.0,base,,3761085.0,3761085.0,,MIN,1,,,3761085.0,,0.0,Active,1.0,career
jake layman,2021,3940184.0,base,,3940184.0,3940184.0,,MIN,1,,,3940184.0,,0.0,Active,1.0,career
jakob poeltl,2016,2703960.0,base,,2703960.0,2703960.0,,TOR,1,,,,,,,,career
jakob poeltl,2017,2825640.0,base,,2825640.0,2825640.0,,TOR,1,,,,,,,,career
jakob poeltl,2018,2947320.0,base,,2947320.0,2947320.0,,SA,1,,,,,,,,career
jakob poeltl,2019,3520206.0,base,,3520206.0,3520206.0,,SA,1,,,,,,,,career
jakob poeltl,2020,8101852.0,base,,8101852.0,8101852.0,,SA,1,,,,,,,,career
jakob poeltl,2021,8750000.0,base,,8750000.0,8750000.0,,SA,1,,,,,,,,career
jakob poeltl,2022,3186728.0,base,,3186728.0,3186728.0,,TOR;SA,2,9398148.0,6211420,,,,,,career
jakob poeltl,2023,19500000.0,cap_hit,19500000.0,19500000.0,,,TOR,1,,,,,,,,contract
jakob poeltl,2024,19500000.0,cap_hit,19500000.0,19500000.0,,,TOR,1,,,,,,,,contract
jakob poeltl,2025,19500000.0,cap_hit,19500000.0,19500000.0,,,TOR,1,,,,,,,,contract
jakob poeltl,2026,19500000.0,cap_hit,19500000.0,19500000.0,,,TOR,1,,,,,,,,contract
jakob poeltl,2027,27300000.0,cap_hit,27300000.0,27300000.0,,,TOR,1,,,,,,,,contract
jakob poeltl,2028,29484000.0,cap_hit,29484000.0,29484000.0,,,TOR,1,,,,,,,,contract
jakob poeltl,2029,27300000.0,cap_hit,27300000.0,27300000.0,,,TOR,1,,,,,,,,contract
jalen brunson,2018,1230000.0,base,,1230000.0,1230000.0,,DAL,1,,,,,,,,career
jalen brunson,2019,1328299.0,base,,1328299.0,1328299.0,,DAL,1,,,,,,,,career
jalen brunson,2020,1663861.0,base,,1663861.0,1663861.0,,DAL,1,,,,,,,,career
jalen brunson,2021,1802057.0,base,,1802057.0,1802057.0,,DAL,1,,,,,,,,career
jalen brunson,2022,27733332.0,base,,27733332.0,27733332.0,,NY,1,,,,,,,,career
jalen brunson,2023,26346666.0,base,,26346666.0,26346666.0,,NY,1,,50000,,,,,,career
jalen brunson,2024,24960001.0,base,,24960001.0,24960001.0,,NY,1,,51497,,,,,,career
jalen brunson,2025,34944001.0,cap_hit,34944001.0,34944001.0,,,NY,1,,,,,,,,contract
jalen brunson,2026,37739521.0,cap_hit,37739521.0,37739521.0,,,NY,1,,,,,,,,contract
jalen brunson,2027,40535041.0,cap_hit,40535041.0,40535041.0,,,NY,1,,,,,,,,contract
jalen brunson,2028,43330561.0,cap_hit,43330561.0,43330561.0,,,NY,1,,,,,,,,contract
jalen duren,2022,4124280.0,cap_hit,4124280.0,4124280.0,,,DET,1,,,,,,,,contract
jalen duren,2023,4330680.0,cap_hit,4330680.0,4330680.0,,,DET,1,,,,,,,,contract
jalen duren,2024,4536840.0,cap_hit,4536840.0,4536840.0,,,DET,1,,,,,,,,contract
jalen duren,2025,6483144.0,cap_hit,6483144.0,6483144.0,,,DET,1,,,,,,,,contract
jalen green,2021,8992080.0,base,,8992080.0,8992080.0,,HOU,1,,,,,,,,career
jalen green,2022,9441840.0,base,,9441840.0,9441840.0,,HOU,1,,,,,,,,career
jalen green,2023,9891480.0,base,,9891480.0,9891480.0,,HOU,1,,,,,,,,career
jalen green,2024,12483048.0,base,,12483048.0,12483048.0,,HOU,1,,102994,,,,,,career
jalen green,2025,33584499.0,cap_hit,33584499.0,33333333.0,,,PHX,1,,,,,,,,contract
jalen green,2026,36251166.0,cap_hit,36251166.0,36000000.0,,,PHX,1,,,,,,,,contract
jalen green,2027,36000000.0,cap_hit,36000000.0,36000000.0,,,PHX,1,,,,,,,,contract
jalen hood-schifino,2023,3695040.0,base,,3695040.0,3695040.0,,LAL,1,,500000,3695040.0,,500000.0,Active;NBA Cup,1.0,career
jalen hood-schifino,2024,2296687.0,base,,2296687.0,2296687.0,,LAL;UTA,2,3879840.0,1583153,,3879840.0,0.0,Retained;Retained,0.0,career
jalen johnson,2021,2659680.0,base,,2659680.0,2659680.0,,ATL,1,,,2659680.0,,0.0,Active,1.0,career
jalen johnson,2022,2792640.0,base,,2792640.0,2792640.0,,ATL,1,,,2792640.0,,0.0,Active,1.0,career
jalen johnson,2023,2925360.0,base,,2925360.0,2925360.0,,ATL,1,,,2925360.0,,0.0,Active / Club Exercised,1.0,career
jalen johnson,2024,4510905.0,base,,4510905.0,4510905.0,,ATL,1,,102994,4510905.0,,102994.0,Active / Club Exercised;NBA Cup,1.0,career
jalen johnson,2025,30000000.0,cap_hit,30000000.0,30000000.0,,,ATL,1,,,30000000.0,,0.0,Active,1.0,contract
jalen johnson,2026,30000000.0,cap_hit,30000000.0,30000000.0,,,ATL,1,,,30000000.0,,0.0,Active,1.0,contract
jalen johnson,2027,30000000.0,cap_hit,30000000.0,30000000.0,,,ATL,1,,,30000000.0,,0.0,Active,1.0,contract
jalen johnson,2028,30000000.0,cap_hit,30000000.0,30000000.0,,,ATL,1,,,30000000.0,,0.0,Active,1.0,contract
jalen johnson,2029,30000000.0,cap_hit,30000000.0,30000000.0,,,ATL,1,,,30000000.0,,0.0,Active,1.0,contract
jalen lecque,2019,842166.0,base,,842166.0,842166.0,,PHX,1,,,842166.0,,0.0,Active,1.0,career
jalen lecque,2020,1517981.0,base,,1517981.0,1517981.0,,IND,1,,,,1517981.0,0.0,Retained,0.0,career
jalen mcdaniels,2019,842166.0,base,,842166.0,842166.0,,CHA,1,,,842166.0,,0.0,Active,1.0,career
jalen mcdaniels,2020,1517981.0,base,,1517981.0,1517981.0,,CHA,1,,,1517981.0,,0.0,Active,1.0,career
jalen mcdaniels,2021,1782621.0,base,,1782621.0,1782621.0,,CHA,1,,,1782621.0,,0.0,Active,1.0,career
jalen mcdaniels,2022,1276025.0,base,,1276025.0,1276025.0,,CHA;PHI,2,1930681.0,654656,654656.0,1276025.0,0.0,Retained;Active / Club Exercised,1.0,career
jalen mcdaniels,2023,4516000.0,base,,4516000.0,4516000.0,,TOR,1,,,4516000.0,,0.0,Active,1.0,career
jalen mcdaniels,2024,4741800.0,base,,4741800.0,4741800.0,,SA;WSH,2,4881191.0,139391,,4881191.0,0.0,Retained;Retained,0.0,career
jalen pickett,2023,1708143.0,base,,1708143.0,1708143.0,,DEN,1,,,1708143.0,,0.0,Active,1.0,career
jalen pickett,2024,1891857.0,base,,1891857.0,1891857.0,,DEN,1,,,1891857.0,,0.0,Active,1.0,career
jalen pickett,2025,2221677.0,base,,2221677.0,2221677.0,,DEN,1,,,2221677.0,,0.0,Active,1.0,career
jalen pickett,2026,678882.0,base,,678882.0,678882.0,,LAC,1,,,678882.0,,0.0,Active,1.0,contract
jalen smith,2020,4245720.0,base,,4245720.0,4245720.0,,PHX,1,,,4245720.0,,0.0,Active,1.0,career
jalen smith,2021,1511621.0,base,,1511621.0,1511621.0,,IND;PHX,2,4458000.0,2946379,1511621.0,2946379.0,0.0,Active;Retained,1.0,career
jalen smith,2022,4670160.0,base,,4670160.0,4670160.0,,IND,1,,,4670160.0,,0.0,Active,1.0,career
jalen smith,2023,5043773.0,base,,5043773.0,5043773.0,,IND,1,,200000,5043773.0,,200000.0,Active;NBA Cup,1.0,career
jalen smith,2024,8571429.0,cap_hit,8571429.0,8571429.0,,,CHI,1,,,8571429.0,,0.0,Active,1.0,contract
jalen smith,2025,9000000.0,cap_hit,9000000.0,9000000.0,,,CHI,1,,,9000000.0,,0.0,Active,1.0,contract
jalen smith,2026,9428571.0,cap_hit,9428571.0,9428571.0,,,CHI,1,,,9428571.0,,0.0,Active,1.0,contract
jalen suggs,2021,6592920.0,base,,6592920.0,6592920.0,,ORL,1,,,6592920.0,,0.0,Active,1.0,career
jalen suggs,2022,6922320.0,base,,6922320.0,6922320.0,,ORL,1,,,6922320.0,,0.0,Active,1.0,career
jalen suggs,2023,7252080.0,base,,7252080.0,7252080.0,,ORL,1,,,7252080.0,,0.0,Active / Club Exercised,1.0,career
jalen suggs,2024,9188385.0,base,,9188385.0,9188385.0,,ORL,1,,51497,9188385.0,,51497.0,Active / Club Exercised;NBA Cup,1.0,career
jalen suggs,2025,35000000.0,cap_hit,35000000.0,35000000.0,,,ORL,1,,,35000000.0,,106187.0,Active;NBA Cup,1.0,contract
jalen suggs,2026,32400000.0,cap_hit,32400000.0,32400000.0,,,ORL,1,,,32400000.0,,0.0,Active,1.0,contract
jalen suggs,2027,29600000.0,cap_hit,29600000.0,29600000.0,,,ORL,1,,,29600000.0,,0.0,Active,1.0,contract
jalen suggs,2028,26800000.0,cap_hit,26800000.0,26800000.0,,,ORL,1,,,26800000.0,,0.0,Active,1.0,contract
jalen suggs,2029,26700000.0,cap_hit,26700000.0,26700000.0,,,ORL,1,,,26700000.0,,0.0,Active,1.0,contract
jalen williams,2022,4341480.0,base,,4341480.0,4341480.0,,OKC,1,,,4341480.0,,0.0,Active,1.0,career
jalen williams,2023,4558680.0,base,,4558680.0,4558680.0,,OKC,1,,,4558680.0,,0.0,Active,1.0,career
jalen williams,2024,4775760.0,base,,4775760.0,4775760.0,,OKC,1,,205988,4775760.0,,205988.0,Active / Club Exercised;NBA Cup,1.0,career
jalen williams,2025,6580997.0,base,,6580997.0,6580997.0,,OKC,1,,106187,6580997.0,,106187.0,Active / Club Exercised;NBA Cup,1.0,career
jalen williams,2026,41240250.0,cap_hit,41240250.0,41240250.0,,,OKC,1,,,41240250.0,,0.0,Active,1.0,contract
jalen williams,2027,44539470.0,cap_hit,44539470.0,44539470.0,,,OKC,1,,,44539470.0,,0.0,Active,1.0,contract
jalen williams,2028,47838690.0,cap_hit,47838690.0,47838690.0,,,OKC,1,,,47838690.0,,0.0,Active,1.0,contract
jalen williams,2029,51137910.0,cap_hit,51137910.0,51137910.0,,,OKC,1,,,51137910.0,,0.0,Active,1.0,contract
jalen williams,2030,54437130.0,cap_hit,54437130.0,54437130.0,,,OKC,1,,,54437130.0,,0.0,Active,1.0,contract
jalen wilson,2023,850000.0,base,,850000.0,850000.0,,BKN,1,,,850000.0,,0.0,Active,1.0,career
jalen wilson,2024,1891857.0,base,,1891857.0,1891857.0,,BKN,1,,,1891857.0,,0.0,Active,1.0,career
jalen wilson,2025,2221677.0,base,,2221677.0,2221677.0,,BKN,1,,,2221677.0,,0.0,Active / Club Exercised,1.0,career
jalen wilson,2026,678882.0,base,,678882.0,678882.0,,ATL,1,,,678882.0,,0.0,Active,1.0,contract
jamal crawford,2000,1762320.0,base,,1762320.0,1762320.0,,CHI,1,,,1762320.0,,0.0,Active,1.0,career
jamal crawford,2001,1894560.0,base,,1894560.0,1894560.0,,CHI,1,,,1894560.0,,0.0,Active,1.0,career
jamal crawford,2002,2026680.0,base,,2026680.0,2026680.0,,CHI,1,,,2026680.0,,0.0,Active,1.0,career
jamal crawford,2003,2577937.0,base,,2577937.0,2577937.0,,CHI,1,,,2577937.0,,0.0,Active,1.0,career
jamal crawford,2004,5760000.0,base,,5760000.0,5760000.0,,NY,1,,,5760000.0,,0.0,Active,1.0,career
jamal crawford,2005,6480000.0,base,,6480000.0,6480000.0,,NY,1,,,6480000.0,,0.0,Active,1.0,career
jamal crawford,2006,7200000.0,base,,7200000.0,7200000.0,,NY,1,,,7200000.0,,0.0,Active,1.0,career
jamal crawford,2007,7920000.0,base,,7920000.0,7920000.0,,NY,1,,,7920000.0,,0.0,Active,1.0,career
jamal crawford,2008,8640000.0,base,,8640000.0,8640000.0,,GS,1,,,8640000.0,,0.0,Active,1.0,career
jamal crawford,2009,9360000.0,base,,9360000.0,9360000.0,,ATL,1,,,9360000.0,,0.0,Active,1.0,career
jamal crawford,2010,10080000.0,base,,10080000.0,10080000.0,,ATL,1,,,10080000.0,,0.0,Active,1.0,career
jamal crawford,2011,4024390.0,base,,4024390.0,4024390.0,,POR,1,,,,,,,,career
jamal crawford,2012,5000000.0,base,,5000000.0,5000000.0,,LAC,1,,,5000000.0,,0.0,Active,1.0,career
jamal crawford,2013,5225000.0,base,,5225000.0,5225000.0,,LAC,1,,,5225000.0,,0.0,Active,1.0,career
jamal crawford,2014,5450000.0,base,,5450000.0,5450000.0,,LAC,1,,,5450000.0,,0.0,Active,1.0,career
jamal crawford,2015,5675000.0,base,,5675000.0,5675000.0,,LAC,1,,,5675000.0,,0.0,Active,1.0,career
jamal crawford,2016,13253012.0,base,,13253012.0,13253012.0,,LAC,1,,,13253012.0,,0.0,Active,1.0,career
jamal crawford,2017,10942762.0,base,,10942762.0,10942762.0,,ATL;MIN,2,15270762.0,4328000,4328000.0,10942762.0,0.0,Retained;Active,1.0,career
jamal crawford,2018,2304226.0,base,,2304226.0,2304226.0,,ATL;PHX,2,4698113.0,2393887,2393887.0,2304226.0,0.0,Retained;Active,1.0,career
jamal crawford,2019,289803.0,base,,289803.0,289803.0,,BKN,1,,,289803.0,,0.0,Active,1.0,career
jamal murray,2016,3210840.0,base,,3210840.0,3210840.0,,DEN,1,,,3210840.0,,0.0,Active,1.0,career
jamal murray,2017,3355320.0,base,,3355320.0,3355320.0,,DEN,1,,,3355320.0,,0.0,Active,1.0,career
jamal murray,2018,3499800.0,base,,3499800.0,3499800.0,,DEN,1,,,3499800.0,,0.0,Active,1.0,career
jamal murray,2019,4166949.0,base,,4166949.0,4166949.0,,DEN,1,,,4166949.0,,0.0,Active,1.0,career
jamal murray,2020,27285000.0,base,,27285000.0,27285000.0,,DEN,1,,,27285000.0,,0.0,Active,1.0,career
jamal murray,2021,29467800.0,base,,29467800.0,29467800.0,,DEN,1,,,29467800.0,,0.0,Active,1.0,career
jamal murray,2022,31650600.0,base,,31650600.0,31650600.0,,DEN,1,,,31650600.0,,0.0,Active,1.0,career
jamal murray,2023,33833400.0,base,,33833400.0,33833400.0,,DEN,1,,,33833400.0,,0.0,Active,1.0,career
jamal murray,2024,36016200.0,base,,36016200.0,36016200.0,,DEN,1,,,36016200.0,,0.0,Active,1.0,career
jamal murray,2025,46394100.0,cap_hit,46394100.0,46394100.0,,,DEN,1,,,46394100.0,,0.0,Active,1.0,contract
jamal murray,2026,50105628.0,cap_hit,50105628.0,50105628.0,,,DEN,1,,,50105628.0,,0.0,Active,1.0,contract
jamal murray,2027,53817156.0,cap_hit,53817156.0,53817156.0,,,DEN,1,,,53817156.0,,0.0,Active,1.0,contract
jamal murray,2028,57528684.0,cap_hit,57528684.0,57528684.0,,,DEN,1,,,57528684.0,,0.0,Active,1.0,contract
jamal shead,2024,1862265.0,cap_hit,1862265.0,1862265.0,,,TOR,1,,,,,,,,contract
jamal shead,2025,1955377.0,cap_hit,1955377.0,1955377.0,,,TOR,1,,,,,,,,contract
jamal shead,2026,2296271.0,cap_hit,2296271.0,2296271.0,,,TOR,1,,,,,,,,contract
jamaree bouyea,2022,58493.0,base,,58493.0,58493.0,,MIA;WSH,2,116986.0,58493,,,,,,career
jamaree bouyea,2025,574210.0,cap_hit,574210.0,574210.0,,,PHX,1,,,,,,,,contract
jamaree bouyea,2026,2584539.0,cap_hit,2584539.0,2584539.0,,,PHX,1,,,,,,,,contract
james bouknight,2021,4154400.0,base,,4154400.0,4154400.0,,CHA,1,,,4154400.0,,0.0,Active,1.0,career
james bouknight,2022,4362240.0,base,,4362240.0,4362240.0,,CHA,1,,,4362240.0,,0.0,Active,1.0,career
james bouknight,2023,4570080.0,base,,4570080.0,4570080.0,,CHA,1,,,,4570080.0,0.0,Retained,0.0,career
james harden,2009,4004160.0,base,,4004160.0,4004160.0,,OKC,1,,,,,,,,career
james harden,2010,4304520.0,base,,4304520.0,4304520.0,,OKC,1,,,,,,,,career
james harden,2011,3706270.0,base,,3706270.0,3706270.0,,OKC,1,,,,,,,,career
james harden,2012,5820416.0,base,,5820416.0,5820416.0,,HOU,1,,,,,,,,career
james harden,2013,13701250.0,base,,13701250.0,13701250.0,,HOU,1,,,,,,,,career
james harden,2014,14728844.0,base,,14728844.0,14728844.0,,HOU,1,,,,,,,,career
james harden,2015,15756438.0,base,,15756438.0,15756438.0,,HOU,1,,,,,,,,career
james harden,2016,26540100.0,base,,26540100.0,26540100.0,,HOU,1,,,,,,,,career
james harden,2017,28299399.0,base,,28299399.0,28299399.0,,HOU,1,,,,,,,,career
james harden,2018,30421854.0,base,,30421854.0,30421854.0,,HOU,1,,,,,,,,career
james harden,2019,35811563.0,base,,35811563.0,35811563.0,,HOU,1,,,,,,,,career
james harden,2020,34190721.0,base,,34190721.0,34190721.0,,BKN;HOU,2,41254920.0,7064199,,,,,,career
james harden,2021,15024940.0,base,,15024940.0,15024940.0,,PHI;BKN,2,44310840.0,29285900,,,,,,career
james harden,2022,33000000.0,base,,33000000.0,33000000.0,,PHI,1,,,,,,,,career
james harden,2023,35640000.0,base,,35640000.0,35640000.0,,LAC;PHI,2,36868966.0,1228966,,,,,,career
james harden,2024,33653846.0,base,,33653846.0,33653846.0,,LAC,1,,,,,,,,career
james harden,2025,39446090.0,cap_hit,39446090.0,39182693.0,,,CLE,1,,,,,,,,contract
james harden,2026,42317307.0,cap_hit,42317307.0,42317307.0,,,CLE,1,,,,,,,,contract
james johnson,2009,1594080.0,base,,1594080.0,1594080.0,,CHI,1,,,1594080.0,,0.0,Active,1.0,career
james johnson,2010,1713600.0,base,,1713600.0,1713600.0,,CHI,1,,,1713600.0,,0.0,Active,1.0,career
james johnson,2011,1475438.0,base,,1475438.0,1475438.0,,TOR,1,,,,,,,,career
james johnson,2012,2812006.0,base,,2812006.0,2812006.0,,SAC,1,,,2812006.0,,0.0,Active,1.0,career
james johnson,2013,680263.0,base,,680263.0,680263.0,,MEM,1,,,680263.0,,0.0,Active,1.0,career
james johnson,2014,2500000.0,base,,2500000.0,2500000.0,,TOR,1,,,2500000.0,,0.0,Active,1.0,career
james johnson,2015,2500000.0,base,,2500000.0,2500000.0,,TOR,1,,,2500000.0,,0.0,Active,1.0,career
james johnson,2016,4000000.0,base,,4000000.0,4000000.0,,MIA,1,,,4000000.0,,0.0,Active,1.0,career
james johnson,2017,13734000.0,base,,13734000.0,13954000.0,220000.0,MIA,1,,,13954000.0,,0.0,Active,1.0,career
james johnson,2018,14431700.0,base,,14431700.0,14651700.0,220000.0,MIA,1,,,14651700.0,,0.0,Active,1.0,career
james johnson,2019,9146021.0,base,,9146021.0,9146021.0,242000.0,MIA;MIN,2,14315774.0,5169753,5411753.0,9146021.0,0.0,Retained;Active,1.0,career
james johnson,2020,10221783.0,base,,10221783.0,10221783.0,253000.0,DAL;NO,2,16047100.0,5825317,6078317.0,10221783.0,0.0,Retained;Active / Player Exercised,1.0,career
james johnson,2021,2641691.0,base,,2641691.0,2641691.0,,BKN,1,,,,2641691.0,0.0,Retained,0.0,career
james johnson,2022,2905851.0,base,,2905851.0,2905851.0,,IND,1,,935216,935216.0,2905851.0,0.0,Retained;Active,1.0,career
james johnson,2023,2241188.0,base,,2241188.0,2241188.0,,IND,1,,1230816;183704;183704,1230816.0,2608596.0,0.0,Retained;Active;Retained;Retained,1.0,career
james johnson,2024,2087519.0,cap_hit,2087519.0,3303771.0,,,IND,1,,,3303771.0,,0.0,Active,1.0,contract
james wiseman,2020,8730240.0,base,,8730240.0,8730240.0,,GS,1,,,8730240.0,,0.0,Active,1.0,career
james wiseman,2021,9166800.0,base,,9166800.0,9166800.0,,GS,1,,,9166800.0,,0.0,Active,1.0,career
james wiseman,2022,3256312.0,base,,3256312.0,3256312.0,,DET;GS,2,9603360.0,6347048,3256312.0,6347048.0,0.0,Active / Club Exercised;Retained,1.0,career
james wiseman,2023,12119440.0,base,,12119440.0,12119440.0,,DET,1,,,12119440.0,,0.0,Active / Club Exercised,1.0,career
james wiseman,2024,1388912.0,base,,1388912.0,1388912.0,,IND;TOR,2,2237691.0,848779,,2237691.0,0.0,Retained;Retained,0.0,career
james wiseman,2025,1000000.0,base,,1000000.0,1000000.0,,IND,1,,153330,,1153330.0,0.0,Retained;Retained,0.0,career
jamison battle,2024,1000000.0,cap_hit,1000000.0,1000000.0,,,TOR,1,,,,,,,,contract
jamison battle,2025,1955377.0,cap_hit,1955377.0,1955377.0,,,TOR,1,,,,,,,,contract
jamison battle,2026,2296271.0,cap_hit,2296271.0,2296271.0,,,TOR,1,,,,,,,,contract
jamychal green,2014,134295.0,base,,134295.0,134295.0,,MEM;SA,2,283824.0,29843;29843;60000;29843,134295.0,149529.0,0.0,Active;Retained;Retained;Retained;Retained,1.0,career
jamychal green,2015,845059.0,base,,845059.0,845059.0,,MEM,1,,,845059.0,,0.0,Active,1.0,career
jamychal green,2016,980431.0,base,,980431.0,980431.0,,MEM,1,,,980431.0,,0.0,Active,1.0,career
jamychal green,2017,8533333.0,base,,8533333.0,8533333.0,,MEM,1,,,8533333.0,,0.0,Active,1.0,career
jamychal green,2018,2728814.0,base,,2728814.0,2928814.0,200000.0,LAC;MEM,2,7666667.0,4937853,2928814.0,4937853.0,0.0,Active;Retained,1.0,career
jamychal green,2019,4469063.0,base,,4469063.0,4469063.0,,LAC,1,,,4469063.0,,0.0,Active,1.0,career
jamychal green,2020,7199760.0,base,,7199760.0,7199760.0,,DEN,1,,,7199760.0,,0.0,Active,1.0,career
jamychal green,2021,8200000.0,base,,8200000.0,8200000.0,,DEN,1,,,8200000.0,,0.0,Active,1.0,career
jamychal green,2022,2628597.0,base,,2628597.0,2628597.0,,GS;OKC,2,8200000.0,5571403,2628597.0,5571403.0,0.0,Active;Retained,1.0,career
jarace walker,2023,6059520.0,cap_hit,6059520.0,6059520.0,,,IND,1,,,,,,,,contract
jarace walker,2024,6362520.0,cap_hit,6362520.0,6362520.0,,,IND,1,,,,,,,,contract
jarace walker,2025,6665520.0,cap_hit,6665520.0,6665520.0,,,IND,1,,,,,,,,contract
jarace walker,2026,8478542.0,cap_hit,8478542.0,8478542.0,,,IND,1,,,,,,,,contract
jared butler,2021,925258.0,base,,925258.0,925258.0,,UTA,1,,,925258.0,,0.0,Active,1.0,career
jared butler,2022,1563518.0,base,,1563518.0,1563518.0,,UTA,1,,,,1563518.0,0.0,Retained,0.0,career
jared butler,2023,1250000.0,base,,1250000.0,1250000.0,,WSH,1,,,1250000.0,,0.0,Active,1.0,career
jared butler,2024,745726.0,base,,745726.0,745726.0,,PHI,1,,,745726.0,,0.0,Active,1.0,career
jared dudley,2007,1137000.0,base,,1137000.0,1137000.0,,,0,,,1137000.0,,0.0,Active,1.0,career
jared dudley,2008,1222320.0,base,,1222320.0,1222320.0,,PHX,1,,,1222320.0,,0.0,Active,1.0,career
jared dudley,2009,1307640.0,base,,1307640.0,1307640.0,,PHX,1,,,1307640.0,,0.0,Active,1.0,career
jared dudley,2010,2151068.0,base,,2151068.0,2151068.0,,PHX,1,,,2151068.0,,0.0,Active,1.0,career
jared dudley,2011,3420732.0,base,,3420732.0,3420732.0,,PHX,1,,,,,,,,career
jared dudley,2012,4250000.0,base,,4250000.0,4250000.0,,PHX,1,,,4250000.0,,0.0,Active,1.0,career
jared dudley,2013,4250000.0,base,,4250000.0,4250000.0,,LAC,1,,,4250000.0,,0.0,Active,1.0,career
jared dudley,2014,4250000.0,base,,4250000.0,4250000.0,,MIL,1,,,4250000.0,,0.0,Active,1.0,career
jared dudley,2015,4250000.0,base,,4250000.0,4375000.0,125000.0,WSH,1,,,4375000.0,,0.0,Active,1.0,career
jared dudley,2016,10470000.0,base,,10470000.0,10470000.0,,PHX,1,,,10470000.0,,0.0,Active,1.0,career
jared dudley,2017,10000000.0,base,,10000000.0,10000000.0,,PHX,1,,,10000000.0,,0.0,Active,1.0,career
jared dudley,2018,9530000.0,base,,9530000.0,9530000.0,,BKN,1,,,9530000.0,,0.0,Active,1.0,career
jared dudley,2019,2404456.0,base,,2404456.0,2404456.0,,LAL,1,,,2404456.0,,0.0,Active,1.0,career
jared dudley,2020,2564753.0,base,,2564753.0,2564753.0,,LAL,1,,,2564753.0,,0.0,Active,1.0,career
jared harper,2020,99020.0,base,,99020.0,99020.0,,NY,1,,,,99020.0,0.0,Retained,0.0,career
jared harper,2021,95930.0,base,,95930.0,95930.0,,NO,1,,,,95930.0,0.0,Retained,0.0,career
jared mccain,2024,4020360.0,cap_hit,4020360.0,4020360.0,,,PHI,1,,,,,,,,contract
jared mccain,2025,4221360.0,cap_hit,4221360.0,4221360.0,,,OKC,1,,,,,,,,contract
jared mccain,2026,4422600.0,cap_hit,4422600.0,4422600.0,,,OKC,1,,,,,,,,contract
jared mccain,2027,6784268.0,cap_hit,6784268.0,6784268.0,,,OKC,1,,,,,,,,contract
jaren jackson jr.,2018,5915040.0,base,,5915040.0,5915040.0,,MEM,1,,,,,,,,career
jaren jackson jr.,2019,6494513.0,base,,6494513.0,6494513.0,,MEM,1,,,,,,,,career
jaren jackson jr.,2020,7257360.0,base,,7257360.0,7257360.0,,MEM,1,,,,,,,,career
jaren jackson jr.,2021,9180560.0,base,,9180560.0,9180560.0,,MEM,1,,,,,,,,career
jaren jackson jr.,2022,28946605.0,cap_hit,28946605.0,28946605.0,,,MEM,1,,,,,,,,contract
jaren jackson jr.,2023,27102202.0,cap_hit,27102202.0,27102202.0,,,MEM,1,,,,,,,,contract
jaren jackson jr.,2024,25257798.0,cap_hit,25257798.0,25257798.0,,,MEM,1,,,,,,,,contract
jaren jackson jr.,2025,35000000.0,cap_hit,35000000.0,35000000.0,,,UTA,1,,,,,,,,contract
jaren jackson jr.,2026,49000000.0,cap_hit,49000000.0,49000000.0,,,UTA,1,,,,,,,,contract
jaren jackson jr.,2027,50500000.0,cap_hit,50500000.0,50500000.0,,,UTA,1,,,,,,,,contract
jaren jackson jr.,2028,52000000.0,cap_hit,52000000.0,52000000.0,,,UTA,1,,,,,,,,contract
jaren jackson jr.,2029,53500000.0,cap_hit,53500000.0,53500000.0,,,UTA,1,,,,,,,,contract
jarred vanderbilt,2018,838464.0,base,,838464.0,838464.0,,DEN,1,,,,,,,,career
jarred vanderbilt,2019,848510.0,base,,848510.0,848510.0,,DEN;MIN,2,1416852.0,568342,,,,,,career
jarred vanderbilt,2020,1663861.0,base,,1663861.0,1663861.0,,MIN,1,,,,,,,,career
jarred vanderbilt,2021,4000000.0,base,,4000000.0,4050000.0,50000.0,MIN,1,,,,,,,,career
jarred vanderbilt,2022,1464828.0,base,,1464828.0,1518828.0,54000.0,LAL;UTA,2,4320000.0,2855172,,,,,,career
jarred vanderbilt,2023,4640000.0,base,,4640000.0,4640000.0,,LAL,1,,500000,,,,,,career
jarred vanderbilt,2024,10714286.0,cap_hit,10714286.0,10714286.0,,,LAL,1,,,,,,,,contract
jarred vanderbilt,2025,11571429.0,cap_hit,11571429.0,11571429.0,,,LAL,1,,,,,,,,contract
jarred vanderbilt,2026,12428571.0,cap_hit,12428571.0,12428571.0,,,LAL,1,,,,,,,,contract
jarred vanderbilt,2027,13285714.0,cap_hit,13285714.0,13285714.0,,,LAL,1,,,,,,,,contract
jarrell brantley,2022,105522.0,base,,105522.0,105522.0,,UTA,1,,,,105522.0,0.0,Retained,0.0,career
jarrett allen,2017,1713720.0,base,,1713720.0,1713720.0,,BKN,1,,,1713720.0,,0.0,Active,1.0,career
jarrett allen,2018,2034120.0,base,,2034120.0,2034120.0,,BKN,1,,,2034120.0,,0.0,Active,1.0,career
jarrett allen,2019,2228288.0,base,,2228288.0,2228288.0,,BKN,1,,,2228288.0,,0.0,Active,1.0,career
jarrett allen,2020,3240398.0,base,,3240398.0,3240398.0,,CLE;BKN,2,3909902.0,669504,3240398.0,669504.0,0.0,Active;Retained,1.0,career
jarrett allen,2021,20000000.0,cap_hit,20000000.0,20000000.0,,,CLE,1,,,20000000.0,,0.0,Active,1.0,contract
jarrett allen,2022,20000000.0,cap_hit,20000000.0,20000000.0,,,CLE,1,,,20000000.0,,0.0,Active,1.0,contract
jarrett allen,2023,20000000.0,cap_hit,20000000.0,20000000.0,,,CLE,1,,,20000000.0,,0.0,Active,1.0,contract
jarrett allen,2024,20000000.0,cap_hit,20000000.0,20000000.0,,,CLE,1,,,20000000.0,,0.0,Active,1.0,contract
jarrett allen,2025,20000000.0,cap_hit,20000000.0,20000000.0,,,CLE,1,,,20000000.0,,0.0,Active,1.0,contract
jarrett allen,2026,28000000.0,cap_hit,28000000.0,28000000.0,,,CLE,1,,,28000000.0,,0.0,Active,1.0,contract
jarrett allen,2027,30240000.0,cap_hit,30240000.0,30240000.0,,,CLE,1,,,30240000.0,,0.0,Active,1.0,contract
jarrett allen,2028,32480000.0,cap_hit,32480000.0,32480000.0,,,CLE,1,,,32480000.0,,0.0,Active,1.0,contract
jarrett culver,2019,5813640.0,base,,5813640.0,5813640.0,,MIN,1,,,5813640.0,,0.0,Active,1.0,career
jarrett culver,2020,6104280.0,base,,6104280.0,6104280.0,,MIN,1,,,6104280.0,,0.0,Active,1.0,career
jarrett culver,2021,6395160.0,base,,6395160.0,6395160.0,,MEM,1,,,6395160.0,,0.0,Active / Club Exercised,1.0,career
jase richardson,2025,2983320.0,cap_hit,2983320.0,2983320.0,,,ORL,1,,,,,,,,contract
jase richardson,2026,3132360.0,cap_hit,3132360.0,3132360.0,,,ORL,1,,,,,,,,contract
jase richardson,2027,3282000.0,cap_hit,3282000.0,3282000.0,,,ORL,1,,,,,,,,contract
jase richardson,2028,5910882.0,cap_hit,5910882.0,5910882.0,,,ORL,1,,,,,,,,contract
jason preston,2021,1062303.0,base,,1062303.0,1062303.0,,LAC,1,,,1062303.0,,0.0,Active,1.0,career
jason preston,2022,1563518.0,base,,1563518.0,1563518.0,,LAC,1,,,1563518.0,,0.0,Active,1.0,career
javale mcgee,2008,1392240.0,base,,1392240.0,1392240.0,,WSH,1,,,1392240.0,,0.0,Active,1.0,career
javale mcgee,2009,1496640.0,base,,1496640.0,1496640.0,,WSH,1,,,1496640.0,,0.0,Active,1.0,career
javale mcgee,2010,1601040.0,base,,1601040.0,1601040.0,,WSH,1,,,1601040.0,,0.0,Active,1.0,career
javale mcgee,2011,1981931.0,base,,1981931.0,1981931.0,,DEN,1,,,,,,,,career
javale mcgee,2012,10000000.0,base,,10000000.0,10000000.0,,DEN,1,,,10000000.0,,0.0,Active,1.0,career
javale mcgee,2013,10750000.0,base,,10750000.0,10750000.0,,DEN,1,,,10750000.0,,0.0,Active,1.0,career
javale mcgee,2014,11250000.0,base,,11250000.0,11250000.0,,PHI,1,,,,11250000.0,0.0,Retained,0.0,career
javale mcgee,2015,1270964.0,base,,1270964.0,1270964.0,,DAL;PHI,2,13270964.0,12000000,1270964.0,12000000.0,0.0,Active;Retained,1.0,career
javale mcgee,2016,1403611.0,base,,1403611.0,1403611.0,,GS,1,,,1403611.0,,0.0,Active,1.0,career
javale mcgee,2017,2116955.0,base,,2116955.0,2116955.0,,GS,1,,,2116955.0,,0.0,Active,1.0,career
javale mcgee,2018,2393887.0,base,,2393887.0,2393887.0,,LAL,1,,,2393887.0,,0.0,Active,1.0,career
javale mcgee,2019,3750000.0,base,,3750000.0,3750000.0,,LAL,1,,,3750000.0,,0.0,Active,1.0,career
javale mcgee,2020,2675342.0,base,,2675342.0,2675342.0,,CLE;DEN,2,4200000.0,1524658,1524658.0,2675342.0,0.0,Retained;Active / Player Exercised,1.0,career
javale mcgee,2021,5000000.0,base,,5000000.0,5000000.0,,PHX,1,,,5000000.0,,0.0,Active,1.0,career
javale mcgee,2022,5461219.0,base,,5461219.0,5461219.0,,DAL,1,,,5461219.0,,0.0,Active,1.0,career
javale mcgee,2023,2348324.0,base,,2348324.0,2348324.0,,DAL;SAC,2,5594772.0,3196448;50000,3196448.0,2348324.0,50000.0,Retained;Active;NBA Cup,1.0,career
javale mcgee,2024,2208856.0,base,,2208856.0,2208856.0,,DAL,1,,,,2208856.0,0.0,Retained,0.0,career
javale mcgee,2025,2208856.0,base,,2208856.0,2208856.0,,DAL,1,,,,2208856.0,0.0,Retained,0.0,career
javale mcgee,2026,2208856.0,base,,2208856.0,2208856.0,,DAL,1,,,,2208856.0,0.0,Retained,0.0,career
javale mcgee,2027,2208856.0,base,,2208856.0,2208856.0,,DAL,1,,,,2208856.0,0.0,Retained,0.0,career
javonte green,2019,842166.0,base,,842166.0,842166.0,,BOS,1,,,842166.0,,0.0,Active,1.0,career
javonte green,2020,551048.0,base,,551048.0,551048.0,,CHI;BOS,2,1517981.0,966933,551048.0,966933.0,0.0,Active;Retained,1.0,career
javonte green,2021,1669178.0,base,,1669178.0,1669178.0,,CHI,1,,,1669178.0,,0.0,Active,1.0,career
javonte green,2022,1815677.0,base,,1815677.0,1815677.0,,CHI,1,,,1815677.0,,0.0,Active,1.0,career
javonte green,2023,136868.0,base,,136868.0,136868.0,,CHI,1,,124425,136868.0,124425.0,0.0,Active;Retained,1.0,career
javonte green,2024,2008213.0,base,,2008213.0,2008213.0,,NO;CLE,2,2705168.0,696955,696955.0,2008213.0,0.0,Buyout;Active,1.0,career
javonte green,2025,2874436.0,base,,2874436.0,2874436.0,,DET,1,,,2874436.0,,0.0,Active,1.0,career
javonte green,2026,3943679.0,cap_hit,3943679.0,3943679.0,,,DET,1,,,3943679.0,,0.0,Active,1.0,contract
jaxson hayes,2019,4862040.0,base,,4862040.0,4862040.0,,NO,1,,,,,,,,career
jaxson hayes,2020,5105160.0,base,,5105160.0,5105160.0,,NO,1,,,,,,,,career
jaxson hayes,2021,5348280.0,base,,5348280.0,5348280.0,,NO,1,,,,,,,,career
jaxson hayes,2022,6803012.0,base,,6803012.0,6803012.0,,NO,1,,,,,,,,career
jaxson hayes,2023,2165000.0,base,,2165000.0,2165000.0,,LAL,1,,500000,,,,,,career
jaxson hayes,2024,2463946.0,base,,2463946.0,2463946.0,,LAL,1,,,,,,,,career
jaxson hayes,2025,3449323.0,base,,3449323.0,3449323.0,,LAL,1,,53093,,,,,,career
jaxson hayes,2026,6000000.0,cap_hit,6000000.0,6000000.0,,,UTA,1,,,,,,,,contract
jaxson hayes,2027,6000000.0,cap_hit,6000000.0,6000000.0,,,UTA,1,,,,,,,,contract
jay huff,2024,2088033.0,cap_hit,2088033.0,2088033.0,,,MEM,1,,,,,,,,contract
jay huff,2025,2349578.0,cap_hit,2349578.0,2349578.0,,,IND,1,,,,,,,,contract
jay huff,2026,2667944.0,cap_hit,2667944.0,2667944.0,,,IND,1,,,,,,,,contract
jay huff,2027,3005085.0,cap_hit,3005085.0,3005085.0,,,IND,1,,,,,,,,contract
jaylen adams,2018,236854.0,base,,236854.0,236854.0,,ATL,1,,,236854.0,,0.0,Active,1.0,career
jaylen adams,2019,100000.0,base,,100000.0,100000.0,,ATL;POR,2,263356.0,163356,163356.0,100000.0,0.0,Retained;Active,1.0,career
jaylen brown,2016,4743000.0,base,,4743000.0,4743000.0,,BOS,1,,,4743000.0,,0.0,Active,1.0,career
jaylen brown,2017,4956480.0,base,,4956480.0,4956480.0,,BOS,1,,,4956480.0,,0.0,Active,1.0,career
jaylen brown,2018,5169960.0,base,,5169960.0,5169960.0,,BOS,1,,,5169960.0,,0.0,Active,1.0,career
jaylen brown,2019,6126402.0,base,,6126402.0,6126402.0,,BOS,1,,,6126402.0,,0.0,Active,1.0,career
jaylen brown,2020,22991071.0,base,,22991071.0,23437500.0,446429.0,BOS,1,,,23437500.0,,0.0,Active,1.0,career
jaylen brown,2021,24830357.0,base,,24830357.0,26758929.0,1928572.0,BOS,1,,,26758929.0,,0.0,Active,1.0,career
jaylen brown,2022,26669643.0,base,,26669643.0,29776785.0,3107142.0,BOS,1,,,29776785.0,,0.0,Active,1.0,career
jaylen brown,2023,28508929.0,base,,28508929.0,31830357.0,3321428.0,BOS,1,,50000,31830357.0,,50000.0,Active;NBA Cup,1.0,career
jaylen brown,2024,49205800.0,cap_hit,49205800.0,49205800.0,,,BOS,1,,,49205800.0,,0.0,Active,1.0,contract
jaylen brown,2025,53142264.0,cap_hit,53142264.0,53142264.0,,,BOS,1,,,53142264.0,,0.0,Active,1.0,contract
jaylen brown,2026,57736350.0,cap_hit,57736350.0,57078728.0,,,PHI,1,,,57078728.0,1972866.0,0.0,Retained;Active,1.0,contract
jaylen brown,2027,61672814.0,cap_hit,61672814.0,61015192.0,,,PHI,1,,,61015192.0,,0.0,Active,1.0,contract
jaylen brown,2028,65609278.0,cap_hit,65609278.0,64951656.0,,,PHI,1,,,64951656.0,,0.0,Active,1.0,contract
jaylen clark,2024,492323.0,base,,492323.0,492323.0,,MIN,1,,,492323.0,,0.0,Active,1.0,career
jaylen clark,2025,2191897.0,base,,2191897.0,2191897.0,,MIN,1,,,2191897.0,,0.0,Active,1.0,career
jaylen clark,2026,3086420.0,cap_hit,3086420.0,3086420.0,,,MIN,1,,,3086420.0,,0.0,Active,1.0,contract
jaylen clark,2027,3333334.0,cap_hit,3333334.0,3333334.0,,,MIN,1,,,3333334.0,,0.0,Active,1.0,contract
jaylen clark,2028,3580246.0,cap_hit,3580246.0,3580246.0,,,MIN,1,,,3580246.0,,0.0,Active,1.0,contract
jaylen hoard,2021,95930.0,base,,95930.0,95930.0,,OKC,1,,95930,,191860.0,0.0,Retained;Retained,0.0,career
jaylen nowell,2019,1312500.0,base,,1312500.0,1312500.0,,MIN,1,,,1312500.0,,0.0,Active,1.0,career
jaylen nowell,2020,1517981.0,base,,1517981.0,1517981.0,,MIN,1,,,1517981.0,,0.0,Active,1.0,career
jaylen nowell,2021,1782621.0,base,,1782621.0,1782621.0,,MIN,1,,,1782621.0,,0.0,Active,1.0,career
jaylen nowell,2022,1930681.0,base,,1930681.0,1930681.0,,MIN,1,,,1930681.0,,0.0,Active / Club Exercised,1.0,career
jaylen nowell,2023,124425.0,base,,124425.0,124425.0,,DET;MEM,2,398160.0,24885;124425;124425,,398160.0,0.0,Retained;Retained;Retained;Retained,0.0,career
jaylen nowell,2024,278782.0,base,,278782.0,278782.0,,NO;WSH,2,473929.0,195147,,473929.0,0.0,Retained;Retained,0.0,career
jaylen wells,2024,1157153.0,cap_hit,1157153.0,1157153.0,,,MEM,1,,,,,,,,contract
jaylen wells,2025,1955377.0,cap_hit,1955377.0,1955377.0,,,MEM,1,,,,,,,,contract
jaylen wells,2026,2296271.0,cap_hit,2296271.0,2296271.0,,,MEM,1,,,,,,,,contract
jaylen wells,2027,2486995.0,cap_hit,2486995.0,2486995.0,,,MEM,1,,,,,,,,contract
jaylin williams,2022,2000000.0,base,,2000000.0,2000000.0,,OKC,1,,,,,,,,career
jaylin williams,2023,2000000.0,base,,2000000.0,2000000.0,,OKC,1,,,,,,,,career
jaylin williams,2024,2019699.0,base,,2019699.0,2019699.0,,OKC,1,,205988,,,,,,career
jaylin williams,2025,8450704.0,cap_hit,8450704.0,8450704.0,,,OKC,1,,,,,,,,contract
jaylin williams,2026,7774648.0,cap_hit,7774648.0,7774648.0,,,OKC,1,,,,,,,,contract
jaylin williams,2027,7774648.0,cap_hit,7774648.0,7774648.0,,,OKC,1,,,,,,,,contract
jaylon tyson,2024,3326160.0,cap_hit,3326160.0,3326160.0,,,CLE,1,,,,,,,,contract
jaylon tyson,2025,3492480.0,cap_hit,3492480.0,3492480.0,,,CLE,1,,,,,,,,contract
jaylon tyson,2026,3658560.0,cap_hit,3658560.0,3658560.0,,,CLE,1,,,,,,,,contract
jaylon tyson,2027,5641500.0,cap_hit,5641500.0,5641500.0,,,CLE,1,,,,,,,,contract
jayson tatum,2017,5645400.0,base,,5645400.0,5645400.0,,BOS,1,,,,,,,,career
jayson tatum,2018,6700800.0,base,,6700800.0,6700800.0,,BOS,1,,,,,,,,career
jayson tatum,2019,7340625.0,base,,7340625.0,7340625.0,,BOS,1,,,,,,,,career
jayson tatum,2020,9897120.0,base,,9897120.0,9897120.0,,BOS,1,,,,,,,,career
jayson tatum,2021,28103500.0,base,,28103500.0,28103500.0,,BOS,1,,,,,,,,career
jayson tatum,2022,30351780.0,base,,30351780.0,30351780.0,,BOS,1,,,,,,,,career
jayson tatum,2023,32600060.0,base,,32600060.0,32600060.0,,BOS,1,,50000,,,,,,career
jayson tatum,2024,34848340.0,base,,34848340.0,34848340.0,,BOS,1,,,,,,,,career
jayson tatum,2025,54126450.0,cap_hit,54126450.0,54126450.0,,,BOS,1,,,,,,,,contract
jayson tatum,2026,58456566.0,cap_hit,58456566.0,58456566.0,,,BOS,1,,,,,,,,contract
jayson tatum,2027,62786682.0,cap_hit,62786682.0,62786682.0,,,BOS,1,,,,,,,,contract
jayson tatum,2028,67116798.0,cap_hit,67116798.0,67116798.0,,,BOS,1,,,,,,,,contract
jayson tatum,2029,71446914.0,cap_hit,71446914.0,71446914.0,,,BOS,1,,,,,,,,contract
jd davison,2023,50000.0,base,,50000.0,50000.0,,BOS,1,,,,,,,,career
jd davison,2024,11997.0,base,,11997.0,11997.0,,BOS,1,,,,,,,,career
jd davison,2025,82030.0,cap_hit,82030.0,82030.0,,,HOU,1,,,,,,,,contract
jd davison,2026,2584539.0,cap_hit,2584539.0,2584539.0,,,HOU,1,,,,,,,,contract
jeenathan williams,2022,52644.0,base,,52644.0,52644.0,,POR,1,,,52644.0,,0.0,Active,1.0,career
jeenathan williams,2024,515881.0,base,,515881.0,515881.0,,HOU,1,,51497,515881.0,,51497.0,Active;NBA Cup,1.0,career
jeenathan williams,2025,201172.0,base,,201172.0,201172.0,,GS,1,,,201172.0,,0.0,Active,1.0,career
jeff dowtin,2021,53176.0,base,,53176.0,53176.0,,MIL;ORL,2,106352.0,53176,,106352.0,0.0,Retained;Retained,0.0,career
jeff dowtin,2023,127683.0,base,,127683.0,127683.0,,PHI,1,,,127683.0,,0.0,Active,1.0,career
jeff green,2007,3058200.0,base,,3058200.0,3058200.0,,,0,,,3058200.0,,0.0,Active,1.0,career
jeff green,2008,3287640.0,base,,3287640.0,3287640.0,,OKC,1,,,3287640.0,,0.0,Active,1.0,career
jeff green,2009,3516960.0,base,,3516960.0,3516960.0,,OKC,1,,,3516960.0,,0.0,Active,1.0,career
jeff green,2010,4455988.0,base,,4455988.0,4455988.0,,BOS,1,,,4455988.0,,0.0,Active,1.0,career
jeff green,2012,8100000.0,base,,8100000.0,8100000.0,,BOS,1,,,8100000.0,,0.0,Active,1.0,career
jeff green,2013,8700000.0,base,,8700000.0,8700000.0,,BOS,1,,,8700000.0,,0.0,Active,1.0,career
jeff green,2014,9200000.0,base,,9200000.0,9200000.0,,MEM,1,,,9200000.0,,0.0,Active,1.0,career
jeff green,2015,3138824.0,base,,3138824.0,3238824.0,100000.0,LAC;MEM,2,9200000.0,6061176,3238824.0,6061176.0,0.0,Active;Retained,1.0,career
jeff green,2016,15000000.0,base,,15000000.0,15000000.0,,ORL,1,,,15000000.0,,0.0,Active,1.0,career
jeff green,2017,2328652.0,base,,2328652.0,2328652.0,,CLE,1,,,2328652.0,,0.0,Active,1.0,career
jeff green,2018,2393887.0,base,,2393887.0,2393887.0,,WSH,1,,,2393887.0,,0.0,Active,1.0,career
jeff green,2019,695526.0,base,,695526.0,695526.0,,HOU;UTA,2,3405180.0,144901;2564753,695526.0,2709654.0,0.0,Active;Retained;Retained,1.0,career
jeff green,2020,2564753.0,base,,2564753.0,2564753.0,,BKN,1,,,2564753.0,,0.0,Active,1.0,career
jeff green,2021,4500000.0,base,,4500000.0,4500000.0,,DEN,1,,,4500000.0,,0.0,Active,1.0,career
jeff green,2022,4500000.0,base,,4500000.0,4500000.0,,DEN,1,,,4500000.0,,0.0,Active / Player Exercised,1.0,career
jeff green,2023,8000000.0,base,,8000000.0,8000000.0,,HOU,1,,,8000000.0,,0.0,Active,1.0,career
jeff green,2024,8000000.0,base,,8000000.0,8000000.0,,HOU,1,,102994,8000000.0,,102994.0,Active / Club Exercised;NBA Cup,1.0,career
jeff green,2025,2296274.0,cap_hit,2296274.0,3634153.0,,,HOU,1,,,3634153.0,,0.0,Active,1.0,contract
jeff teague,2009,1373880.0,base,,1373880.0,1373880.0,,ATL,1,,,1373880.0,,0.0,Active,1.0,career
jeff teague,2010,1476840.0,base,,1476840.0,1476840.0,,ATL,1,,,1476840.0,,0.0,Active,1.0,career
jeff teague,2011,1271643.0,base,,1271643.0,1271643.0,,ATL,1,,,,,,,,career
jeff teague,2012,2433077.0,base,,2433077.0,2433077.0,,ATL,1,,,2433077.0,,0.0,Active,1.0,career
jeff teague,2013,8000000.0,base,,8000000.0,8000000.0,,ATL,1,,,8000000.0,,0.0,Active,1.0,career
jeff teague,2014,8000000.0,base,,8000000.0,8000000.0,,ATL,1,,,8000000.0,,0.0,Active,1.0,career
jeff teague,2015,8000000.0,base,,8000000.0,8000000.0,,ATL,1,,,8000000.0,,0.0,Active,1.0,career
jeff teague,2016,8000000.0,base,,8000000.0,800000.0,,ATL;IND,2,,,8000000.0,800000.0,0.0,Retained;Active,1.0,career
jeff teague,2017,19000000.0,base,,19000000.0,19000000.0,,MIN,1,,,19000000.0,,0.0,Active,1.0,career
jeff teague,2018,19000000.0,base,,19000000.0,19000000.0,,MIN,1,,,19000000.0,,0.0,Active,1.0,career
jeff teague,2019,8580862.0,base,,8580862.0,8580862.0,,ATL;MIN,2,17812500.0,9231638,8580862.0,9231638.0,0.0,Active;Retained,1.0,career
jeff teague,2020,1633713.0,base,,1633713.0,1633713.0,,BOS;MIL;ORL,3,3372826.0,808073;931040,808073.0,2564753.0,0.0,Retained;Active;Retained,1.0,career
jerami grant,2014,884879.0,base,,884879.0,884879.0,,PHI,1,,,,,,,,career
jerami grant,2015,845059.0,base,,845059.0,845059.0,,PHI,1,,,,,,,,career
jerami grant,2016,980431.0,base,,980431.0,980431.0,,OKC;PHI,2,1020802.0,40371,,,,,,career
jerami grant,2017,1524305.0,base,,1524305.0,1524305.0,,OKC,1,,,,,,,,career
jerami grant,2018,8653847.0,base,,8653847.0,8653847.0,,OKC,1,,,,,,,,career
jerami grant,2019,8762018.0,base,,8762018.0,8762018.0,,DEN,1,,,,,,,,career
jerami grant,2020,19050000.0,base,,19050000.0,19050000.0,,DET,1,,,,,,,,career
jerami grant,2021,20002500.0,base,,20002500.0,20002500.0,,DET,1,,,,,,,,career
jerami grant,2022,20955000.0,base,,20955000.0,20955000.0,,POR,1,,,,,,,,career
jerami grant,2023,27586207.0,cap_hit,27586207.0,27586207.0,,,POR,1,,,,,,,,contract
jerami grant,2024,29793104.0,cap_hit,29793104.0,29793104.0,,,POR,1,,,,,,,,contract
jerami grant,2025,32000001.0,cap_hit,32000001.0,32000001.0,,,POR,1,,,,,,,,contract
jerami grant,2026,34206898.0,cap_hit,34206898.0,34206898.0,,,MEM,1,,,,,,,,contract
jerami grant,2027,36413790.0,cap_hit,36413790.0,36413790.0,,,MEM,1,,,,,,,,contract
jeremiah fears,2025,7520040.0,cap_hit,7520040.0,7520040.0,,,NO,1,,,,,,,,contract
jeremiah fears,2026,7896240.0,cap_hit,7896240.0,7896240.0,,,NO,1,,,,,,,,contract
jeremiah fears,2027,8271960.0,cap_hit,8271960.0,8271960.0,,,NO,1,,,,,,,,contract
jeremiah fears,2028,10505389.0,cap_hit,10505389.0,10505389.0,,,NO,1,,,,,,,,contract
jeremiah robinson-earl,2021,2000000.0,base,,2000000.0,2000000.0,,OKC,1,,,2000000.0,,0.0,Active,1.0,career
jeremiah robinson-earl,2022,2000000.0,base,,2000000.0,2000000.0,,OKC,1,,,2000000.0,,0.0,Active,1.0,career
jeremiah robinson-earl,2023,648843.0,base,,648843.0,648843.0,,NO;HOU,2,2648843.0,100000;1900000,648843.0,1900000.0,100000.0,Active;NBA Cup;Retained,1.0,career
jeremiah robinson-earl,2024,2196970.0,base,,2196970.0,2196970.0,,NO,1,,,2196970.0,,0.0,Active / Club Exercised,1.0,career
jeremiah robinson-earl,2025,141463.0,base,,141463.0,141463.0,,DAL;IND,2,749754.0,325365;141463;141463,,749754.0,0.0,Retained;Retained;Retained;Retained,0.0,career
jeremy lamb,2012,2020200.0,base,,2020200.0,2020200.0,,OKC,1,,,2020200.0,,0.0,Active,1.0,career
jeremy lamb,2013,2111160.0,base,,2111160.0,2111160.0,,OKC,1,,,2111160.0,,0.0,Active,1.0,career
jeremy lamb,2014,2202000.0,base,,2202000.0,2202000.0,,OKC,1,,,2202000.0,,0.0,Active,1.0,career
jeremy lamb,2015,3034356.0,base,,3034356.0,3034356.0,,CHA,1,,,3034356.0,,0.0,Active,1.0,career
jeremy lamb,2016,6511628.0,base,,6511628.0,6511628.0,,CHA,1,,,6511628.0,,0.0,Active,1.0,career
jeremy lamb,2017,7000000.0,base,,7000000.0,7000000.0,,CHA,1,,,7000000.0,,0.0,Active,1.0,career
jeremy lamb,2018,7488372.0,base,,7488372.0,7488372.0,,CHA,1,,,7488372.0,,0.0,Active,1.0,career
jeremy lamb,2019,9843750.0,base,,9843750.0,9843750.0,,IND,1,,,9843750.0,,0.0,Active,1.0,career
jeremy lamb,2020,10500000.0,base,,10500000.0,10500000.0,,IND,1,,,10500000.0,,0.0,Active,1.0,career
jeremy lamb,2021,3681034.0,base,,3681034.0,3681034.0,,SAC,1,,,3681034.0,,0.0,Active,1.0,career
jeremy sochan,2022,5063520.0,base,,5063520.0,5063520.0,,SA,1,,,5063520.0,,0.0,Active,1.0,career
jeremy sochan,2023,5316960.0,base,,5316960.0,5316960.0,,SA,1,,,5316960.0,,0.0,Active,1.0,career
jeremy sochan,2024,5570040.0,base,,5570040.0,5570040.0,,SA,1,,,5570040.0,,0.0,Active / Club Exercised,1.0,career
jeremy sochan,2025,7096231.0,base,,7096231.0,7096231.0,,SA;NY,2,8115232.0,806628;212373,806628.0,7096231.0,212373.0,Retained;Active;NBA Cup,1.0,career
jeremy sochan,2026,2625627.0,base,,2625627.0,,,POR,1,,,,,,,,contract
jerian grant,2015,1572360.0,base,,1572360.0,1572360.0,,CHI,1,,,1572360.0,,0.0,Active,1.0,career
jerian grant,2016,1643040.0,base,,1643040.0,1643040.0,,CHI,1,,,1643040.0,,0.0,Active,1.0,career
jerian grant,2017,1713840.0,base,,1713840.0,1713840.0,,CHI,1,,,1713840.0,,0.0,Active,1.0,career
jerian grant,2018,2639314.0,base,,2639314.0,2639314.0,,ORL,1,,,2639314.0,,0.0,Active,1.0,career
jerian grant,2019,196288.0,base,,196288.0,196288.0,,WSH,1,,,196288.0,,0.0,Active,1.0,career
jerian grant,2020,50000.0,base,,50000.0,50000.0,,HOU,1,,,,50000.0,0.0,Retained,0.0,career
jericho sims,2022,1637966.0,base,,1637966.0,1637966.0,,NY,1,,,,,,,,career
jericho sims,2023,1927896.0,base,,1927896.0,1927896.0,,NY,1,,50000,,,,,,career
jericho sims,2024,793648.0,base,,793648.0,793648.0,,MIL;NY,2,2143841.0,51497;1298696,,,,,,career
jericho sims,2025,2461463.0,cap_hit,2461463.0,2461463.0,,,MIL,1,,,,,,,,contract
jericho sims,2026,2801346.0,cap_hit,2801346.0,2801346.0,,,MIL,1,,,,,,,,contract
jerome robinson,2018,3046200.0,base,,3046200.0,3046200.0,,LAC,1,,,3046200.0,,0.0,Active,1.0,career
jerome robinson,2019,2156757.0,base,,2156757.0,2156757.0,,LAC;WSH,2,3344738.0,1187981,1187981.0,2156757.0,0.0,Retained;Active,1.0,career
jerome robinson,2020,3737520.0,base,,3737520.0,3737520.0,,WSH,1,,,,3737520.0,0.0,Retained,0.0,career
jett howard,2023,5026800.0,base,,5026800.0,5026800.0,,ORL,1,,,5026800.0,,0.0,Active,1.0,career
jett howard,2024,5278320.0,base,,5278320.0,5278320.0,,ORL,1,,51497,5278320.0,,51497.0,Active;NBA Cup,1.0,career
jett howard,2025,5529720.0,base,,5529720.0,5529720.0,,ORL,1,,106187,5529720.0,,106187.0,Active / Club Exercised;NBA Cup,1.0,career
jett howard,2026,678882.0,base,,678882.0,678882.0,,DAL,1,,,678882.0,,0.0,Active,1.0,contract
jevon carter,2018,838464.0,base,,838464.0,838464.0,,MEM,1,,,838464.0,,0.0,Active,1.0,career
jevon carter,2019,1328299.0,base,,1328299.0,1328299.0,,PHX,1,,,1328299.0,,0.0,Active,1.0,career
jevon carter,2020,3925000.0,base,,3925000.0,3925000.0,,PHX,1,,,3925000.0,,0.0,Active,1.0,career
jevon carter,2021,3650000.0,base,,3650000.0,3650000.0,,BKN;MIL,2,4107149.0,457149,457149.0,3650000.0,0.0,Retained;Active,1.0,career
jevon carter,2022,3925000.0,base,,3925000.0,3925000.0,,BKN;MIL,2,6025000.0,2100000,2100000.0,3925000.0,0.0,Retained;Active,1.0,career
jevon carter,2023,6190476.0,base,,6190476.0,6190476.0,,CHI,1,,,6190476.0,,0.0,Active,1.0,career
jevon carter,2024,6500000.0,base,,6500000.0,6500000.0,,CHI,1,,,6500000.0,,0.0,Active,1.0,career
jevon carter,2025,6809524.0,base,,6809524.0,6809524.0,,CHI;ORL,2,7978149.0,1168625,1168625.0,6809524.0,0.0,Retained;Active,1.0,career
jevon carter,2026,2449421.0,cap_hit,2449421.0,3506659.0,,,ORL,1,,,3506659.0,,0.0,Active,1.0,contract
jimmy butler,2011,821748.0,base,,821748.0,821748.0,,CHI,1,,,,,,,,career
jimmy butler,2012,1066920.0,base,,1066920.0,1066920.0,,CHI,1,,,1066920.0,,0.0,Active,1.0,career
jimmy butler,2013,1112880.0,base,,1112880.0,1112880.0,,CHI,1,,,1112880.0,,0.0,Active,1.0,career
jimmy butler,2014,2008748.0,base,,2008748.0,2008748.0,,CHI,1,,,2008748.0,,0.0,Active,1.0,career
jimmy butler,2015,15257500.0,base,,15257500.0,19857500.0,,CHI,1,,,19857500.0,,0.0,Active,1.0,career
jimmy butler,2016,16402209.0,base,,16402209.0,17006361.0,,CHI,1,,,17006361.0,,0.0,Active,1.0,career
jimmy butler,2017,17546918.0,base,,17546918.0,17546918.0,,MIN;CHI,2,18151070.0,604152,17546918.0,604152.0,0.0,Active;Retained,1.0,career
jimmy butler,2018,16051567.0,base,,16051567.0,16051567.0,,PHI;CHI;MIN,3,19295779.0,604152;2640060,16051567.0,3244212.0,0.0,Active;Retained;Retained,1.0,career
jimmy butler,2019,30695625.0,base,,30695625.0,30695625.0,,MIA,1,,,30695625.0,,0.0,Active,1.0,career
jimmy butler,2020,34379100.0,base,,34379100.0,34379100.0,,MIA,1,,,34379100.0,,0.0,Active,1.0,career
jimmy butler,2021,36016200.0,base,,36016200.0,36016200.0,,MIA,1,,,36016200.0,,0.0,Active,1.0,career
jimmy butler,2022,37653300.0,base,,37653300.0,37653300.0,,MIA,1,,,37653300.0,,0.0,Active / Player Exercised,1.0,career
jimmy butler,2023,45183960.0,base,,45183960.0,45183960.0,,MIA,1,,,45183960.0,,0.0,Active,1.0,career
jimmy butler,2024,18509843.0,base,,18509843.0,18509843.0,,GS;MIA,2,48798677.0,30288834,18509843.0,30288834.0,0.0,Active;Retained,1.0,career
jimmy butler,2025,54126450.0,cap_hit,54126450.0,54126450.0,,,GS,1,,,54126450.0,,0.0,Active,1.0,contract
jimmy butler,2026,56832773.0,cap_hit,56832773.0,56832773.0,,,GS,1,,,56832773.0,,0.0,Active,1.0,contract
joakim noah,2007,2135400.0,base,,2135400.0,2135400.0,,CHI,1,,,2135400.0,,0.0,Active,1.0,career
joakim noah,2008,2295480.0,base,,2295480.0,2295480.0,,CHI,1,,,2295480.0,,0.0,Active,1.0,career
joakim noah,2009,2455680.0,base,,2455680.0,2455680.0,,CHI,1,,,2455680.0,,0.0,Active,1.0,career
joakim noah,2010,3128536.0,base,,3128536.0,3128536.0,,CHI,1,,,3128536.0,,0.0,Active,1.0,career
joakim noah,2011,9658537.0,base,,9658537.0,9658537.0,,CHI,1,,,,,,,,career
joakim noah,2012,11300000.0,base,,11300000.0,11300000.0,,CHI,1,,,11300000.0,,0.0,Active,1.0,career
joakim noah,2013,11100000.0,base,,11100000.0,11100000.0,,CHI,1,,,11100000.0,,0.0,Active,1.0,career
joakim noah,2014,12200000.0,base,,12200000.0,12700000.0,500000.0,CHI,1,,,12700000.0,,0.0,Active,1.0,career
joakim noah,2015,13400000.0,base,,13400000.0,13400000.0,,CHI,1,,,13400000.0,,0.0,Active,1.0,career
joakim noah,2016,17000000.0,base,,17000000.0,17000000.0,,NY,1,,,,,17000000.0,Reserve / reserve-suspended,0.0,career
joakim noah,2017,17765000.0,base,,17765000.0,17765000.0,,NY,1,,,17765000.0,,0.0,Active,1.0,career
joakim noah,2018,1731173.0,base,,1731173.0,1731173.0,,MEM;NY,2,20261173.0,18530000,1731173.0,18530000.0,0.0,Active;Retained,1.0,career
joakim noah,2019,289803.0,base,,289803.0,289803.0,,LAC;NY,2,6866371.0,144901;6431667,289803.0,6576568.0,0.0,Active;Retained;Retained,1.0,career
joakim noah,2020,6431667.0,base,,6431667.0,6431667.0,,NY,1,,,,6431667.0,0.0,Retained,0.0,career
joakim noah,2021,6431666.0,base,,6431666.0,6431666.0,,NY,1,,,,6431666.0,0.0,Retained,0.0,career
joan beringer,2025,4201080.0,cap_hit,4201080.0,4201080.0,,,MIN,1,,,,,,,,contract
joan beringer,2026,4411200.0,cap_hit,4411200.0,4411200.0,,,MIN,1,,,,,,,,contract
joan beringer,2027,4621200.0,cap_hit,4621200.0,4621200.0,,,MIN,1,,,,,,,,contract
joan beringer,2028,7098163.0,cap_hit,7098163.0,7098163.0,,,MIN,1,,,,,,,,contract
jock landale,2021,925258.0,base,,925258.0,925258.0,,SA,1,,,925258.0,,0.0,Active,1.0,career
jock landale,2022,1563518.0,base,,1563518.0,1563518.0,,PHX,1,,,1563518.0,,0.0,Active,1.0,career
jock landale,2023,8000000.0,base,,8000000.0,8000000.0,,HOU,1,,,8000000.0,,0.0,Active,1.0,career
jock landale,2024,8000000.0,base,,8000000.0,8000000.0,,HOU,1,,102994,8000000.0,,102994.0,Active;NBA Cup,1.0,career
jock landale,2025,933658.0,base,,933658.0,933658.0,,ATL;MEM;UTA,3,2461463.0,1499512;28293,933658.0,1527805.0,0.0,Active;Retained;Retained,1.0,career
jock landale,2026,14100000.0,cap_hit,14100000.0,14100000.0,,,ATL,1,,,14100000.0,,0.0,Active,1.0,contract
joe chealey,2019,81678.0,base,,81678.0,81678.0,,CHA,1,,81678,,163356.0,0.0,Retained;Retained,0.0,career
joe harris,2014,884879.0,base,,884879.0,884879.0,,CLE,1,,,884879.0,,0.0,Active,1.0,career
joe harris,2015,845059.0,base,,845059.0,845059.0,,ORL,1,,,,845059.0,0.0,Retained,0.0,career
joe harris,2016,980431.0,base,,980431.0,980431.0,,BKN,1,,,980431.0,,0.0,Active,1.0,career
joe harris,2017,1524305.0,base,,1524305.0,1524305.0,,BKN,1,,,1524305.0,,0.0,Active,1.0,career
joe harris,2018,8333333.0,base,,8333333.0,8333333.0,,BKN,1,,,8333333.0,,0.0,Active,1.0,career
joe harris,2019,7187500.0,base,,7187500.0,7187500.0,,BKN,1,,,7187500.0,,0.0,Active,1.0,career
joe harris,2020,16071429.0,base,,16071429.0,16071429.0,,BKN,1,,,16071429.0,,0.0,Active,1.0,career
joe harris,2021,17357143.0,base,,17357143.0,17357143.0,,BKN,1,,,17357143.0,,0.0,Active,1.0,career
joe harris,2022,18642857.0,base,,18642857.0,18642857.0,,BKN,1,,,18642857.0,,0.0,Active,1.0,career
joe harris,2023,19928571.0,base,,19928571.0,19928571.0,,DET,1,,,,19928571.0,0.0,Retained,0.0,career
joe ingles,2014,507336.0,base,,507336.0,507336.0,,UTA,1,,,507336.0,,0.0,Active,1.0,career
joe ingles,2015,2150000.0,base,,2150000.0,2150000.0,,UTA,1,,,2150000.0,,0.0,Active,1.0,career
joe ingles,2016,2150000.0,base,,2150000.0,2150000.0,,UTA,1,,,2150000.0,,0.0,Active,1.0,career
joe ingles,2017,14136364.0,base,,14136364.0,14136364.0,,UTA,1,,,14136364.0,,0.0,Active,1.0,career
joe ingles,2018,13045455.0,base,,13045455.0,13045455.0,,UTA,1,,,13045455.0,,0.0,Active,1.0,career
joe ingles,2019,11207387.0,base,,11207387.0,11207387.0,,UTA,1,,,11207387.0,,0.0,Active,1.0,career
joe ingles,2020,10363637.0,base,,10363637.0,10863637.0,500000.0,UTA,1,,,10863637.0,,0.0,Active,1.0,career
joe ingles,2021,4288401.0,base,,4288401.0,4888401.0,600000.0,POR;UTA,2,12436364.0,8147963,4888401.0,8147963.0,0.0,Active;Retained,1.0,career
joe ingles,2022,6479000.0,base,,6479000.0,6479000.0,,MIL,1,,,6479000.0,,0.0,Active,1.0,career
joe ingles,2023,11000000.0,base,,11000000.0,11000000.0,,ORL,1,,,11000000.0,,0.0,Active,1.0,career
joe ingles,2024,3303771.0,base,,3303771.0,3303771.0,,MIN,1,,,3303771.0,,0.0,Active,1.0,career
joe ingles,2025,2296274.0,cap_hit,2296274.0,3634153.0,,,MIN,1,,,3634153.0,,0.0,Active,1.0,contract
joe wieskamp,2021,202068.0,base,,202068.0,202068.0,,SA,1,,,202068.0,,0.0,Active,1.0,career
joe wieskamp,2022,2175000.0,base,,2175000.0,2175000.0,,SA;TOR,2,2909261.0,545989;94136;94136,545989.0,2363272.0,0.0,Retained;Active;Retained;Retained,1.0,career
joel embiid,2014,4427640.0,base,,4427640.0,4427640.0,,PHI,1,,,,,,,,career
joel embiid,2015,4626960.0,base,,4626960.0,4626960.0,,PHI,1,,,,,,,,career
joel embiid,2016,4826160.0,base,,4826160.0,4826160.0,,PHI,1,,,,,,,,career
joel embiid,2017,6100266.0,base,,6100266.0,6100266.0,,PHI,1,,,,,,,,career
joel embiid,2018,25467250.0,base,,25467250.0,25467250.0,,PHI,1,,,,,,,,career
joel embiid,2019,25785591.0,base,,25785591.0,25785591.0,,PHI,1,,,,,,,,career
joel embiid,2020,29542010.0,base,,29542010.0,29542010.0,,PHI,1,,,,,,,,career
joel embiid,2021,31579390.0,base,,31579390.0,31579390.0,,PHI,1,,,,,,,,career
joel embiid,2022,33616770.0,base,,33616770.0,34466770.0,850000.0,PHI,1,,,,,,,,career
joel embiid,2023,47607350.0,base,,47607350.0,47607350.0,,PHI,1,,,,,,,,career
joel embiid,2024,51415938.0,base,,51415938.0,51415938.0,,PHI,1,,,,,,,,career
joel embiid,2025,55224526.0,base,,55224526.0,55224526.0,,PHI,1,,,,,,,,career
joel embiid,2026,57985752.0,cap_hit,57985752.0,57985752.0,,,PHI,1,,,,,,,,contract
joel embiid,2027,62624612.0,cap_hit,62624612.0,62624612.0,,,PHI,1,,,,,,,,contract
joel embiid,2028,67263472.0,cap_hit,67263472.0,67263472.0,,,PHI,1,,,,,,,,contract
john collins,2017,1936920.0,base,,1936920.0,1936920.0,,ATL,1,,,1936920.0,,0.0,Active,1.0,career
john collins,2018,2299080.0,base,,2299080.0,2299080.0,,ATL,1,,,2299080.0,,0.0,Active,1.0,career
john collins,2019,2518650.0,base,,2518650.0,2518650.0,,ATL,1,,,2518650.0,,0.0,Active,1.0,career
john collins,2020,4137302.0,base,,4137302.0,4137302.0,,ATL,1,,,4137302.0,,0.0,Active,1.0,career
john collins,2021,23000000.0,base,,23000000.0,23000000.0,,ATL,1,,,23000000.0,,0.0,Active,1.0,career
john collins,2022,23500000.0,base,,23500000.0,23500000.0,,ATL,1,,,23500000.0,,0.0,Active,1.0,career
john collins,2023,25340000.0,base,,25340000.0,25340000.0,,UTA,1,,,25340000.0,,0.0,Active,1.0,career
john collins,2024,26580000.0,base,,26580000.0,26580000.0,,UTA,1,,,26580000.0,,0.0,Active,1.0,career
john collins,2025,26580000.0,base,,26580000.0,26580000.0,,LAC,1,,,26580000.0,,0.0,Active / Player Exercised,1.0,career
john collins,2026,17000000.0,cap_hit,17000000.0,17000000.0,,,DET,1,,,17000000.0,,0.0,Active,1.0,contract
john collins,2027,17000000.0,cap_hit,17000000.0,17000000.0,,,DET,1,,,17000000.0,,0.0,Active,1.0,contract
john collins,2028,17000000.0,cap_hit,17000000.0,17000000.0,,,DET,1,,,17000000.0,,0.0,Active,1.0,contract
john henson,2012,1823280.0,base,,1823280.0,1823280.0,,MIL,1,,,1823280.0,,0.0,Active,1.0,career
john henson,2013,1905360.0,base,,1905360.0,1905360.0,,MIL,1,,,1905360.0,,0.0,Active,1.0,career
john henson,2014,1967320.0,base,,1967320.0,1967320.0,,MIL,1,,,1967320.0,,0.0,Active,1.0,career
john henson,2015,2943221.0,base,,2943221.0,2943221.0,,MIL,1,,,2943221.0,,0.0,Active,1.0,career
john henson,2016,11267606.0,base,,11267606.0,15267606.0,,MIL,1,,,15267606.0,,0.0,Active,1.0,career
john henson,2017,10422536.0,base,,10422536.0,11172536.0,750000.0,MIL,1,,,11172536.0,,0.0,Active,1.0,career
john henson,2018,6763747.0,base,,6763747.0,7513747.0,750000.0,CLE,1,,,7513747.0,,0.0,Active,1.0,career
john henson,2019,5278906.0,base,,5278906.0,5278906.0,,CLE;DET,2,8186621.0,2907715,2907715.0,5278906.0,0.0,Retained;Active,1.0,career
john henson,2020,158907.0,base,,158907.0,158907.0,,NY,1,,,,158907.0,0.0,Retained,0.0,career
john konchar,2020,2100000.0,base,,2100000.0,2100000.0,,MEM,1,,,2100000.0,,0.0,Active,1.0,career
john konchar,2021,2200000.0,base,,2200000.0,2200000.0,,MEM,1,,,2200000.0,,0.0,Active,1.0,career
john konchar,2022,2300000.0,base,,2300000.0,2300000.0,,MEM,1,,,2300000.0,,0.0,Active,1.0,career
john konchar,2023,2400000.0,base,,2400000.0,2400000.0,,MEM,1,,,2400000.0,,0.0,Active,1.0,career
john konchar,2024,6165000.0,cap_hit,6165000.0,6165000.0,,,MEM,1,,,6165000.0,,0.0,Active,1.0,contract
john konchar,2025,6165000.0,cap_hit,6165000.0,6165000.0,,,UTA,1,,,2409310.0,3755690.0,0.0,Active;Retained,1.0,contract
john konchar,2026,6165000.0,cap_hit,6165000.0,6165000.0,,,UTA,1,,,6165000.0,,0.0,Active,1.0,contract
john wall,2010,5144280.0,base,,5144280.0,5144280.0,,WSH,1,,,5144280.0,,0.0,Active,1.0,career
john wall,2011,4451040.0,base,,4451040.0,4451040.0,,WSH,1,,,,,,,,career
john wall,2012,5915880.0,base,,5915880.0,5915880.0,,WSH,1,,,5915880.0,,0.0,Active,1.0,career
john wall,2013,7459925.0,base,,7459925.0,7459925.0,,WSH,1,,,7459925.0,,0.0,Active,1.0,career
john wall,2014,14746000.0,base,,14746000.0,14746000.0,,WSH,1,,,14746000.0,,0.0,Active,1.0,career
john wall,2015,15851950.0,base,,15851950.0,15851950.0,,WSH,1,,,15851950.0,,0.0,Active,1.0,career
john wall,2016,16957900.0,base,,16957900.0,16957900.0,,WSH,1,,,16957900.0,,0.0,Active,1.0,career
john wall,2017,18063850.0,base,,18063850.0,18063850.0,,WSH,1,,,18063850.0,,0.0,Active,1.0,career
john wall,2018,19169800.0,base,,19169800.0,19169800.0,,WSH,1,,,19169800.0,,0.0,Active,1.0,career
john wall,2019,38199000.0,base,,38199000.0,38199000.0,,WSH,1,,,38199000.0,,0.0,Active,1.0,career
john wall,2020,38867483.0,base,,38867483.0,38867483.0,,HOU,1,,,38867483.0,,0.0,Active,1.0,career
john wall,2021,44310840.0,base,,44310840.0,44310840.0,,HOU,1,,,44310840.0,,0.0,Active,1.0,career
john wall,2022,4282098.0,base,,4282098.0,4282098.0,,LAC;HOU,2,47345760.0,40866760;2196902,,47345760.0,0.0,Retained;Retained;Retained,0.0,career
johnathan williams,2019,106181.0,base,,106181.0,106181.0,,WSH,1,,,,106181.0,0.0,Retained,0.0,career
johni broome,2025,1272870.0,cap_hit,1272870.0,1272870.0,,,PHI,1,,,,,,,,contract
johni broome,2026,2150917.0,cap_hit,2150917.0,2150917.0,,,LAC,1,,,,,,,,contract
johni broome,2027,2525901.0,cap_hit,2525901.0,2525901.0,,,LAC,1,,,,,,,,contract
johni broome,2028,2735698.0,cap_hit,2735698.0,2735698.0,,,LAC,1,,,,,,,,contract
johnny davis,2022,4810320.0,base,,4810320.0,4810320.0,,WSH,1,,,4810320.0,,0.0,Active,1.0,career
johnny davis,2023,5050800.0,base,,5050800.0,5050800.0,,WSH,1,,,5050800.0,,0.0,Active,1.0,career
johnny davis,2024,2006992.0,base,,2006992.0,2006992.0,,MEM;WSH,2,5291160.0,3284168,,5291160.0,0.0,Retained;Retained,0.0,career
johnny furphy,2024,1850842.0,cap_hit,1850842.0,1850842.0,,,IND,1,,,,,,,,contract
johnny furphy,2025,1955377.0,cap_hit,1955377.0,1955377.0,,,IND,1,,,,,,,,contract
johnny furphy,2026,2296271.0,cap_hit,2296271.0,2296271.0,,,IND,1,,,,,,,,contract
johnny furphy,2027,2486995.0,cap_hit,2486995.0,2486995.0,,,IND,1,,,,,,,,contract
johnny furphy,2028,3056337.0,cap_hit,3056337.0,,,,,0,,,,,,,,contract
johnny juzang,2024,3087519.0,base,,3087519.0,3087519.0,,UTA,1,,,3087519.0,,0.0,Active,1.0,career
johnny juzang,2025,636435.0,base,,636435.0,636435.0,,MIN,1,,,,636435.0,0.0,Retained,0.0,career
jon leuer,2011,381193.0,base,,381193.0,381193.0,,MIL,1,,,,,,,,career
jon leuer,2012,762195.0,base,,762195.0,762195.0,,MEM,1,,,762195.0,,0.0,Active,1.0,career
jon leuer,2013,900000.0,base,,900000.0,900000.0,,MEM,1,,,900000.0,,0.0,Active,1.0,career
jon leuer,2014,967500.0,base,,967500.0,967500.0,,MEM,1,,,967500.0,,0.0,Active,1.0,career
jon leuer,2015,1035000.0,base,,1035000.0,1035000.0,,PHX,1,,,1035000.0,,0.0,Active,1.0,career
jon leuer,2016,10991957.0,base,,10991957.0,10991957.0,,DET,1,,,10991957.0,,0.0,Active,1.0,career
jon leuer,2017,10497319.0,base,,10497319.0,10497319.0,,DET,1,,,10497319.0,,0.0,Active,1.0,career
jon leuer,2018,10002681.0,base,,10002681.0,10002681.0,,DET,1,,,10002681.0,,0.0,Active,1.0,career
jon leuer,2019,3169348.0,base,,3169348.0,3169348.0,,MIL,1,,,,3169348.0,0.0,Retained,0.0,career
jon leuer,2020,3169348.0,base,,3169348.0,3169348.0,,MIL,1,,,,3169348.0,0.0,Retained,0.0,career
jon leuer,2021,3169347.0,base,,3169347.0,3169347.0,,MIL,1,,,,3169347.0,0.0,Retained,0.0,career
jonah bolden,2018,1690000.0,base,,1690000.0,1690000.0,,PHI,1,,,1690000.0,,0.0,Active,1.0,career
jonah bolden,2019,1698450.0,base,,1698450.0,1698450.0,,PHI;PHX,2,1780128.0,81678,,1780128.0,0.0,Retained;Retained,0.0,career
jonathan isaac,2017,4186320.0,base,,4186320.0,4186320.0,,ORL,1,,,4186320.0,,0.0,Active,1.0,career
jonathan isaac,2018,4969080.0,base,,4969080.0,4969080.0,,ORL,1,,,4969080.0,,0.0,Active,1.0,career
jonathan isaac,2019,5443538.0,base,,5443538.0,5443538.0,,ORL,1,,,5443538.0,,0.0,Active,1.0,career
jonathan isaac,2020,7362566.0,base,,7362566.0,7362566.0,,ORL,1,,,7362566.0,,0.0,Active,1.0,career
jonathan isaac,2021,17400000.0,base,,17400000.0,17400000.0,,ORL,1,,,17400000.0,,0.0,Active,1.0,career
jonathan isaac,2022,17400000.0,base,,17400000.0,17400000.0,,ORL,1,,,17400000.0,,0.0,Active,1.0,career
jonathan isaac,2023,17400000.0,base,,17400000.0,17400000.0,,ORL,1,,,17400000.0,,0.0,Active,1.0,career
jonathan isaac,2024,25000000.0,base,,25000000.0,27600000.0,2600000.0,ORL,1,,51497,27600000.0,,51497.0,Active;NBA Cup,1.0,career
jonathan isaac,2025,15000000.0,base,,15000000.0,15000000.0,,ORL,1,,106187,15000000.0,,106187.0,Active;NBA Cup,1.0,career
jonathan isaac,2026,2449421.0,cap_hit,2449421.0,3524115.0,,,ORL,1,,,3524115.0,8000000.0,0.0,Retained;Active,1.0,contract
jonathan kuminga,2021,5466360.0,base,,5466360.0,5466360.0,,GS,1,,,,,,,,career
jonathan kuminga,2022,5739840.0,base,,5739840.0,5739840.0,,GS,1,,,,,,,,career
jonathan kuminga,2023,6012840.0,base,,6012840.0,6012840.0,,GS,1,,,,,,,,career
jonathan kuminga,2024,7636307.0,base,,7636307.0,7636307.0,,GS,1,,51497,,,,,,career
jonathan kuminga,2025,23799569.0,cap_hit,23799569.0,22500000.0,,,ATL,1,,,,,,,,contract
jonathan kuminga,2026,24300000.0,cap_hit,24300000.0,24300000.0,,,ATL,1,,,,,,,,contract
jonathan mogbo,2024,1862265.0,base,,1862265.0,1862265.0,,TOR,1,,,1862265.0,,0.0,Active,1.0,career
jonathan mogbo,2025,1955377.0,base,,1955377.0,1955377.0,,TOR,1,,53093,1955377.0,,53093.0,Active;NBA Cup,1.0,career
jonathan mogbo,2026,678882.0,base,,678882.0,678882.0,,SAC,1,,,678882.0,,0.0,Active,1.0,contract
jonathan mogbo,2027,716221.0,base,,716221.0,716221.0,,SAC,1,,,716221.0,,0.0,Active,1.0,contract
jonathon simmons,2015,525093.0,base,,525093.0,525093.0,,SA,1,,,525093.0,,0.0,Active,1.0,career
jonathon simmons,2016,874636.0,base,,874636.0,874636.0,,SA,1,,,874636.0,,0.0,Active,1.0,career
jonathon simmons,2017,6300000.0,base,,6300000.0,6300000.0,,ORL,1,,,6300000.0,,0.0,Active,1.0,career
jonathon simmons,2018,3864426.0,base,,3864426.0,3864426.0,,ORL;PHI,2,6000000.0,2135574,2135574.0,3864426.0,0.0,Retained;Active,1.0,career
jonathon simmons,2019,1000000.0,base,,1000000.0,1000000.0,,WSH,1,,,,1000000.0,0.0,Retained,0.0,career
jontay porter,2019,197933.0,base,,197933.0,197933.0,,MEM,1,,,197933.0,,0.0,Active,1.0,career
jontay porter,2020,1900000.0,base,,1900000.0,1900000.0,,MEM,1,,,1900000.0,,0.0,Active,1.0,career
jontay porter,2021,300000.0,base,,300000.0,300000.0,,MEM,1,,,,300000.0,0.0,Retained,0.0,career
jordan bell,2017,815615.0,base,,815615.0,815615.0,,GS,1,,,815615.0,,0.0,Active,1.0,career
jordan bell,2018,1378242.0,base,,1378242.0,1378242.0,,GS,1,,,1378242.0,,0.0,Active,1.0,career
jordan bell,2019,250000.0,base,,250000.0,250000.0,,CLE;HOU;MEM;MIN,4,1870564.0,9156;640901;970507,250000.0,1620564.0,0.0,Active;Retained;Retained;Retained,1.0,career
jordan bell,2020,580062.0,base,,580062.0,580062.0,,LAL;WSH,2,810042.0,114990;114990,,810042.0,0.0,Retained;Retained;Retained,0.0,career
jordan bell,2021,102831.0,base,,102831.0,102831.0,,CHI,1,,,,102831.0,0.0,Retained,0.0,career
jordan clarkson,2014,507336.0,base,,507336.0,507336.0,,LAL,1,,,507336.0,,0.0,Active,1.0,career
jordan clarkson,2015,845059.0,base,,845059.0,845059.0,,LAL,1,,,845059.0,,0.0,Active,1.0,career
jordan clarkson,2016,12500000.0,base,,12500000.0,12500000.0,,LAL,1,,,12500000.0,,0.0,Active,1.0,career
jordan clarkson,2017,4115466.0,base,,4115466.0,4115466.0,,CLE;LAL,2,11562500.0,7447034,4115466.0,7447034.0,0.0,Active;Retained,1.0,career
jordan clarkson,2018,12500000.0,base,,12500000.0,12500000.0,,CLE,1,,,12500000.0,,0.0,Active,1.0,career
jordan clarkson,2019,7050891.0,base,,7050891.0,7050891.0,,UTA;CLE,2,11757812.0,4706921,7050891.0,4706921.0,0.0,Active;Retained,1.0,career
jordan clarkson,2020,11500000.0,base,,11500000.0,11500000.0,,UTA,1,,,11500000.0,,0.0,Active,1.0,career
jordan clarkson,2021,12420000.0,base,,12420000.0,12420000.0,,UTA,1,,,12420000.0,,0.0,Active,1.0,career
jordan clarkson,2022,13340000.0,base,,13340000.0,13340000.0,,UTA,1,,,13340000.0,,0.0,Active,1.0,career
jordan clarkson,2023,23487629.0,base,,23487629.0,23487629.0,,UTA,1,,,23487629.0,,0.0,Active / Player Exercised,1.0,career
jordan clarkson,2024,14092577.0,base,,14092577.0,14092577.0,,UTA,1,,,14092577.0,,0.0,Active,1.0,career
jordan clarkson,2025,10651561.0,base,,10651561.0,10651561.0,,UTA;NY,2,14816647.0,3634153;530933,3634153.0,10651561.0,530933.0,Retained;Active;NBA Cup,1.0,career
jordan clarkson,2026,2449421.0,cap_hit,2449421.0,3876529.0,,,NY,1,,,3876529.0,,0.0,Active,1.0,contract
jordan goodwin,2021,53176.0,base,,53176.0,53176.0,,WSH,1,,,,,,,,career
jordan goodwin,2022,900000.0,base,,900000.0,900000.0,,WSH,1,,,,,,,,career
jordan goodwin,2023,731271.0,base,,731271.0,731271.0,,BKN;MEM;PHX,3,2093971.0,116075;1196625;50000,,,,,,career
jordan goodwin,2024,223718.0,base,,223718.0,223718.0,,LAL,1,,15000,,,,,,career
jordan goodwin,2025,2349578.0,base,,2349578.0,2349578.0,,PHX,1,,53093,,,,,,career
jordan goodwin,2026,5864198.0,cap_hit,5864198.0,5864198.0,,,PHX,1,,,,,,,,contract
jordan goodwin,2027,6333333.0,cap_hit,6333333.0,6333333.0,,,PHX,1,,,,,,,,contract
jordan goodwin,2028,6802469.0,cap_hit,6802469.0,6802469.0,,,PHX,1,,,,,,,,contract
jordan hawkins,2023,4310160.0,cap_hit,4310160.0,4310160.0,,,NO,1,,,,,,,,contract
jordan hawkins,2024,4525680.0,cap_hit,4525680.0,4525680.0,,,NO,1,,,,,,,,contract
jordan hawkins,2025,4741320.0,cap_hit,4741320.0,4741320.0,,,NO,1,,,,,,,,contract
jordan hawkins,2026,7021895.0,cap_hit,7021895.0,7021895.0,,,NO,1,,,,,,,,contract
jordan mclaughlin,2021,2000000.0,base,,2000000.0,2000000.0,,MIN,1,,,,,,,,career
jordan mclaughlin,2022,2160000.0,base,,2160000.0,2160000.0,,MIN,1,,,,,,,,career
jordan mclaughlin,2023,2320000.0,base,,2320000.0,2420000.0,100000.0,MIN,1,,,,,,,,career
jordan mclaughlin,2024,975737.0,base,,975737.0,975737.0,,SA;SAC,2,2425403.0,1449666,,,,,,career
jordan mclaughlin,2025,2874436.0,base,,2874436.0,2874436.0,,SA,1,,212373,,,,,,career
jordan mclaughlin,2026,2449421.0,cap_hit,2449421.0,3286399.0,,,SA,1,,,,,,,,contract
jordan mcrae,2015,111196.0,base,,111196.0,111196.0,,CLE;PHI;PHX,3,210038.0,30888;6178;30888;30888,111196.0,98842.0,0.0,Active;Retained;Retained;Retained;Retained,1.0,career
jordan mcrae,2016,874636.0,base,,874636.0,874636.0,,CLE,1,,,,874636.0,0.0,Retained,0.0,career
jordan mcrae,2018,17092.0,cap_hit,17092.0,17092.0,,,WSH,1,,,17092.0,,0.0,Active,1.0,contract
jordan mcrae,2019,1645357.0,cap_hit,1645357.0,1645357.0,,,DET,1,,,547871.0,994651.0,0.0,Active;Retained,1.0,contract
jordan miller,2024,1050000.0,base,,1050000.0,1050000.0,,LAC,1,,,,,,,,career
jordan miller,2025,712637.0,base,,712637.0,712637.0,,LAC,1,,438921,,,,,,career
jordan miller,2026,5300000.0,cap_hit,5300000.0,5300000.0,,,LAC,1,,,,,,,,contract
jordan miller,2027,5000000.0,cap_hit,5000000.0,5000000.0,,,LAC,1,,,,,,,,contract
jordan miller,2028,5000000.0,cap_hit,5000000.0,5000000.0,,,LAC,1,,,,,,,,contract
jordan nwora,2020,898310.0,base,,898310.0,898310.0,,MIL,1,,,898310.0,,0.0,Active,1.0,career
jordan nwora,2021,1517981.0,base,,1517981.0,1517981.0,,MIL,1,,,1517981.0,,0.0,Active,1.0,career
jordan nwora,2022,949425.0,base,,949425.0,949425.0,,IND;MIL,2,2800000.0,1850575,949425.0,1850575.0,0.0,Active;Retained,1.0,career
jordan nwora,2023,1465517.0,base,,1465517.0,1465517.0,,IND;TOR,2,3200000.0,200000;1534483,1534483.0,1465517.0,200000.0,Retained;NBA Cup;Active,1.0,career
jordan poole,2019,1964760.0,base,,1964760.0,1964760.0,,GS,1,,,1964760.0,,0.0,Active,1.0,career
jordan poole,2020,2063280.0,base,,2063280.0,2063280.0,,GS,1,,,2063280.0,,0.0,Active,1.0,career
jordan poole,2021,2161440.0,base,,2161440.0,2161440.0,,GS,1,,,2161440.0,,0.0,Active / Club Exercised,1.0,career
jordan poole,2022,3901399.0,base,,3901399.0,3901399.0,,GS,1,,,3901399.0,,0.0,Active / Club Exercised,1.0,career
jordan poole,2023,27455357.0,cap_hit,27455357.0,27455357.0,,,WSH,1,,,27455357.0,,0.0,Active,1.0,contract
jordan poole,2024,29651786.0,cap_hit,29651786.0,29651786.0,,,WSH,1,,,29651786.0,,0.0,Active,1.0,contract
jordan poole,2025,31848215.0,cap_hit,31848215.0,31848215.0,,,NO,1,,,31848215.0,,0.0,Active,1.0,contract
jordan poole,2026,34044642.0,cap_hit,34044642.0,34044642.0,,,NO,1,,,34044642.0,,0.0,Active,1.0,contract
jordan walsh,2023,1119563.0,cap_hit,1119563.0,1119563.0,,,BOS,1,,,,,,,,contract
jordan walsh,2024,1891857.0,cap_hit,1891857.0,1891857.0,,,BOS,1,,,,,,,,contract
jordan walsh,2025,2221677.0,cap_hit,2221677.0,2221677.0,,,BOS,1,,,,,,,,contract
jordan walsh,2026,2406205.0,cap_hit,2406205.0,2406205.0,,,BOS,1,,,,,,,,contract
jordan walsh,2027,5000000.0,cap_hit,5000000.0,5000000.0,,,BOS,1,,,,,,,,contract
jordan walsh,2028,5250000.0,cap_hit,5250000.0,5250000.0,,,BOS,1,,,,,,,,contract
jordan walsh,2029,5500000.0,cap_hit,5500000.0,5500000.0,,,BOS,1,,,,,,,,contract
jose alvarado,2021,1500000.0,base,,1500000.0,1500000.0,,NO,1,,,1500000.0,,0.0,Active,1.0,career
jose alvarado,2022,1563518.0,base,,1563518.0,1563518.0,,NO,1,,,1563518.0,,0.0,Active,1.0,career
jose alvarado,2023,1836096.0,base,,1836096.0,1836096.0,,NO,1,,100000,1836096.0,,100000.0,Active;NBA Cup,1.0,career
jose alvarado,2024,1988598.0,base,,1988598.0,1988598.0,,NO,1,,,1988598.0,,0.0,Active / Club Exercised,1.0,career
jose alvarado,2025,1706897.0,base,,1706897.0,1706897.0,,NY;NO,2,4500000.0,2793103,1706897.0,2793103.0,0.0,Active;Retained,1.0,career
jose alvarado,2026,4439656.0,cap_hit,4439656.0,4439656.0,,,NY,1,,,4439656.0,,0.0,Active,1.0,contract
jose alvarado,2027,4794828.0,cap_hit,4794828.0,4794828.0,,,NY,1,,,4794828.0,,0.0,Active,1.0,contract
jose alvarado,2028,5150000.0,cap_hit,5150000.0,5150000.0,,,NY,1,,,5150000.0,,0.0,Active,1.0,contract
josh christopher,2021,2259240.0,base,,2259240.0,2259240.0,,HOU,1,,,2259240.0,,0.0,Active,1.0,career
josh christopher,2022,2372160.0,base,,2372160.0,2372160.0,,HOU,1,,,2372160.0,,0.0,Active,1.0,career
josh christopher,2023,2485200.0,base,,2485200.0,2485200.0,,MEM,1,,,,2485200.0,0.0,Retained,0.0,career
josh giddey,2021,5988000.0,base,,5988000.0,5988000.0,,OKC,1,,,5988000.0,,0.0,Active,1.0,career
josh giddey,2022,6287400.0,base,,6287400.0,6287400.0,,OKC,1,,,6287400.0,,0.0,Active,1.0,career
josh giddey,2023,6587040.0,base,,6587040.0,6587040.0,,OKC,1,,,6587040.0,,0.0,Active / Club Exercised,1.0,career
josh giddey,2024,8352367.0,base,,8352367.0,8352367.0,,CHI,1,,,8352367.0,,0.0,Active / Club Exercised,1.0,career
josh giddey,2025,25000000.0,cap_hit,25000000.0,25000000.0,,,CHI,1,,,25000000.0,,0.0,Active,1.0,contract
josh giddey,2026,25000000.0,cap_hit,25000000.0,25000000.0,,,CHI,1,,,25000000.0,,0.0,Active,1.0,contract
josh giddey,2027,25000000.0,cap_hit,25000000.0,25000000.0,,,CHI,1,,,25000000.0,,0.0,Active,1.0,contract
josh giddey,2028,25000000.0,cap_hit,25000000.0,25000000.0,,,CHI,1,,,25000000.0,,0.0,Active,1.0,contract
josh green,2020,2816760.0,base,,2816760.0,2816760.0,,DAL,1,,,2816760.0,,0.0,Active,1.0,career
josh green,2021,2957520.0,base,,2957520.0,2957520.0,,DAL,1,,,2957520.0,,0.0,Active,1.0,career
josh green,2022,3098400.0,base,,3098400.0,3098400.0,,DAL,1,,,3098400.0,,0.0,Active / Club Exercised,1.0,career
josh green,2023,4765339.0,base,,4765339.0,4765339.0,,DAL,1,,,4765339.0,,0.0,Active / Club Exercised,1.0,career
josh green,2024,12654321.0,cap_hit,12654321.0,12654321.0,,,CHA,1,,,12654321.0,,0.0,Active,1.0,contract
josh green,2025,13666667.0,cap_hit,13666667.0,13666667.0,,,CHA,1,,,13666667.0,,0.0,Active,1.0,contract
josh green,2026,14679012.0,cap_hit,14679012.0,14679012.0,,,MIN,1,,,14679012.0,,0.0,Active,1.0,contract
josh hart,2017,1394520.0,base,,1394520.0,1394520.0,,LAL,1,,,,,,,,career
josh hart,2018,1655160.0,base,,1655160.0,1655160.0,,LAL,1,,,,,,,,career
josh hart,2019,1813275.0,base,,1813275.0,1813275.0,,NO,1,,,,,,,,career
josh hart,2020,3491159.0,base,,3491159.0,3491159.0,,NO,1,,,,,,,,career
josh hart,2021,4206897.0,base,,4206897.0,4206897.0,,POR;NO,2,12000000.0,7793103,,,,,,career
josh hart,2022,4394483.0,base,,4394483.0,4394483.0,,NY;POR,2,12960000.0,8565517,,,,,,career
josh hart,2023,12960000.0,base,,12960000.0,12960000.0,,NY,1,,50000,,,,,,career
josh hart,2024,18144000.0,cap_hit,18144000.0,18144000.0,,,NY,1,,,,,,,,contract
josh hart,2025,19472240.0,cap_hit,19472240.0,19472240.0,,,NY,1,,,,,,,,contract
josh hart,2026,20923760.0,cap_hit,20923760.0,20923760.0,,,NY,1,,,,,,,,contract
josh hart,2027,22375280.0,cap_hit,22375280.0,22375280.0,,,NY,1,,,,,,,,contract
josh jackson,2017,5090040.0,base,,5090040.0,5090040.0,,PHX,1,,,5090040.0,,0.0,Active,1.0,career
josh jackson,2018,6041520.0,base,,6041520.0,6041520.0,,PHX,1,,,6041520.0,,0.0,Active,1.0,career
josh jackson,2019,6618263.0,base,,6618263.0,6618263.0,,MEM,1,,,6618263.0,,0.0,Active,1.0,career
josh jackson,2020,4767000.0,base,,4767000.0,4767000.0,,DET,1,,,4767000.0,,0.0,Active,1.0,career
josh jackson,2021,3308134.0,base,,3308134.0,3308134.0,,DET;SAC,2,5005350.0,1697216,1697216.0,3308134.0,0.0,Retained;Active,1.0,career
josh minott,2022,1017781.0,base,,1017781.0,1017781.0,,MIN,1,,,,,,,,career
josh minott,2023,1719864.0,base,,1719864.0,1719864.0,,MIN,1,,,,,,,,career
josh minott,2024,2019699.0,base,,2019699.0,2019699.0,,MIN,1,,,,,,,,career
josh minott,2025,902330.0,base,,902330.0,902330.0,,BKN;BOS,2,2378870.0,1476540,,,,,,career
josh minott,2026,4500000.0,cap_hit,4500000.0,4500000.0,,,BKN,1,,,,,,,,contract
josh minott,2027,4500000.0,cap_hit,4500000.0,4500000.0,,,BKN,1,,,,,,,,contract
josh okogie,2018,2160720.0,base,,2160720.0,2160720.0,,MIN,1,,,,,,,,career
josh okogie,2019,2372513.0,base,,2372513.0,2372513.0,,MIN,1,,,,,,,,career
josh okogie,2020,2651040.0,base,,2651040.0,2651040.0,,MIN,1,,,,,,,,career
josh okogie,2021,4087904.0,base,,4087904.0,4087904.0,,MIN,1,,,,,,,,career
josh okogie,2022,1968175.0,base,,1968175.0,1968175.0,,PHX,1,,,,,,,,career
josh okogie,2023,2815937.0,base,,2815937.0,2815937.0,,PHX,1,,50000,,,,,,career
josh okogie,2024,4172414.0,base,,4172414.0,4172414.0,,CHA;PHX,2,8250000.0,4077586,,,,,,career
josh okogie,2025,3080921.0,base,,3080921.0,3080921.0,,HOU,1,,,,,,,,career
josh okogie,2026,6000000.0,cap_hit,6000000.0,6000000.0,,,UTA,1,,,,,,,,contract
josh okogie,2027,6000000.0,cap_hit,6000000.0,6000000.0,,,UTA,1,,,,,,,,contract
josh richardson,2015,525093.0,base,,525093.0,525093.0,,MIA,1,,,525093.0,,0.0,Active,1.0,career
josh richardson,2016,874636.0,base,,874636.0,874636.0,,MIA,1,,,874636.0,,0.0,Active,1.0,career
josh richardson,2017,1471382.0,base,,1471382.0,1471382.0,,MIA,1,,,1471382.0,,0.0,Active,1.0,career
josh richardson,2018,9367200.0,base,,9367200.0,9367200.0,,MIA,1,,,9367200.0,,0.0,Active,1.0,career
josh richardson,2019,9484290.0,base,,9484290.0,9484290.0,,PHI,1,,,9484290.0,,0.0,Active,1.0,career
josh richardson,2020,10865952.0,base,,10865952.0,10865952.0,,DAL,1,,,10865952.0,,0.0,Active,1.0,career
josh richardson,2021,7676797.0,base,,7676797.0,7676797.0,,BOS;SA,2,11615328.0,3938531,3938531.0,7676797.0,0.0,Retained;Active / Player Exercised,1.0,career
josh richardson,2022,4135457.0,base,,4135457.0,4135457.0,,NO;SA,2,12196094.0,8060637,4135457.0,8060637.0,0.0,Active;Retained,1.0,career
josh richardson,2023,2891467.0,base,,2891467.0,2891467.0,,MIA,1,,,2891467.0,,0.0,Active,1.0,career
josh richardson,2024,1893819.0,base,,1893819.0,1893819.0,,MIA;UTA,2,3051153.0,1157334,,3051153.0,0.0,Retained;Retained,0.0,career
joshua primo,2021,3946800.0,base,,3946800.0,3946800.0,,SA,1,,,3946800.0,,0.0,Active,1.0,career
joshua primo,2022,4144320.0,base,,4144320.0,4144320.0,,SA,1,,,,4144320.0,0.0,Retained,0.0,career
joshua primo,2023,1764341.0,base,,1764341.0,1764341.0,,LAC;SA,2,6105941.0,4341600,,6105941.0,0.0,Retained;Retained,0.0,career
joshua primo,2024,1000000.0,base,,1000000.0,1000000.0,,LAC,1,,,,1000000.0,0.0,Retained,0.0,career
jrue holiday,2009,1514280.0,base,,1514280.0,1514280.0,,PHI,1,,,,,,,,career
jrue holiday,2010,1627290.0,base,,1627290.0,1627290.0,,PHI,1,,,,,,,,career
jrue holiday,2011,1401647.0,base,,1401647.0,1401647.0,,PHI,1,,,,,,,,career
jrue holiday,2012,2674851.0,base,,2674851.0,2674851.0,,PHI,1,,,,,,,,career
jrue holiday,2013,9213484.0,base,,9213484.0,9713484.0,500000.0,NO,1,,,,,,,,career
jrue holiday,2014,9904495.0,base,,9904495.0,9904495.0,,NO,1,,,,,,,,career
jrue holiday,2015,10595507.0,base,,10595507.0,10595507.0,,NO,1,,,,,,,,career
jrue holiday,2016,11286518.0,base,,11286518.0,11286518.0,,NO,1,,,,,,,,career
jrue holiday,2017,24666667.0,base,,24666667.0,25686667.0,1020000.0,NO,1,,,,,,,,career
jrue holiday,2018,25111111.0,base,,25111111.0,25976111.0,865000.0,NO,1,,,,,,,,career
jrue holiday,2019,25111111.0,base,,25111111.0,26231111.0,1120000.0,NO,1,,,,,,,,career
jrue holiday,2020,25111111.0,base,,25111111.0,27026111.0,1915000.0,MIL,1,,,,,,,,career
jrue holiday,2021,30133333.0,base,,30133333.0,31171333.0,1038000.0,MIL,1,,,,,,,,career
jrue holiday,2022,32544000.0,base,,32544000.0,34319480.0,1775480.0,MIL,1,,,,,,,,career
jrue holiday,2023,34954667.0,base,,34954667.0,37620347.0,2665680.0,BOS,1,,50000,,,,,,career
jrue holiday,2024,30000000.0,cap_hit,30000000.0,30000000.0,,,BOS,1,,,,,,,,contract
jrue holiday,2025,32400000.0,cap_hit,32400000.0,32400000.0,,,POR,1,,,,,,,,contract
jrue holiday,2026,34800000.0,cap_hit,34800000.0,34800000.0,,,POR,1,,,,,,,,contract
jrue holiday,2027,37200000.0,cap_hit,37200000.0,37200000.0,,,POR,1,,,,,,,,contract
jt thor,2021,1250000.0,base,,1250000.0,1250000.0,,CHA,1,,,1250000.0,,0.0,Active,1.0,career
jt thor,2022,1563518.0,base,,1563518.0,1563518.0,,CHA,1,,,1563518.0,,0.0,Active,1.0,career
jt thor,2023,1836096.0,base,,1836096.0,1836096.0,,CHA,1,,,1836096.0,,0.0,Active,1.0,career
juan toscano-anderson,2019,350189.0,base,,350189.0,350189.0,,GS,1,,,350189.0,,0.0,Active,1.0,career
juan toscano-anderson,2020,358295.0,base,,358295.0,358295.0,,GS,1,,,358295.0,,0.0,Active,1.0,career
juan toscano-anderson,2021,1701593.0,base,,1701593.0,1701593.0,,GS,1,,,1701593.0,,0.0,Active,1.0,career
juan toscano-anderson,2022,1257157.0,base,,1257157.0,1257157.0,,LAL;UTA,2,1902133.0,644976,644976.0,1257157.0,0.0,Retained;Active,1.0,career
juan toscano-anderson,2023,323506.0,base,,323506.0,323506.0,,SAC,1,,124425,,447931.0,0.0,Retained;Retained,0.0,career
julian champagnie,2023,3000000.0,base,,3000000.0,3000000.0,,SA,1,,,3000000.0,,0.0,Active,1.0,career
julian champagnie,2024,3000000.0,base,,3000000.0,3000000.0,,SA,1,,,3000000.0,,0.0,Active,1.0,career
julian champagnie,2025,3000000.0,base,,3000000.0,3000000.0,,SA,1,,212373,3000000.0,,212373.0,Active;NBA Cup,1.0,career
julian champagnie,2026,15350000.0,cap_hit,15350000.0,15350000.0,,,SA,1,,,15350000.0,,0.0,Active,1.0,contract
julian champagnie,2027,15000000.0,cap_hit,15000000.0,15000000.0,,,SA,1,,,15000000.0,,0.0,Active,1.0,contract
julian champagnie,2028,14650000.0,cap_hit,14650000.0,14650000.0,,,SA,1,,,14650000.0,,0.0,Active,1.0,contract
julian phillips,2023,1600000.0,base,,1600000.0,1600000.0,,CHI,1,,,1600000.0,,0.0,Active,1.0,career
julian phillips,2024,1891857.0,base,,1891857.0,1891857.0,,CHI,1,,,1891857.0,,0.0,Active,1.0,career
julian phillips,2025,842705.0,base,,842705.0,842705.0,,MIN;CHI,2,2221677.0,1378972,842705.0,1378972.0,0.0,Active;Retained,1.0,career
julian phillips,2026,2537526.0,base,,2537526.0,,,HOU,1,,,,,,,,contract
julian strawther,2023,2431080.0,cap_hit,2431080.0,2431080.0,,,DEN,1,,,,,,,,contract
julian strawther,2024,2552520.0,cap_hit,2552520.0,2552520.0,,,DEN,1,,,,,,,,contract
julian strawther,2025,2674200.0,cap_hit,2674200.0,2674200.0,,,DEN,1,,,,,,,,contract
julian strawther,2026,4826931.0,cap_hit,4826931.0,4826931.0,,,DEN,1,,,,,,,,contract
julius randle,2014,2997360.0,base,,2997360.0,2997360.0,,LAL,1,,,,,,,,career
julius randle,2015,3132240.0,base,,3132240.0,3132240.0,,LAL,1,,,,,,,,career
julius randle,2016,3267120.0,base,,3267120.0,3267120.0,,LAL,1,,,,,,,,career
julius randle,2017,4149242.0,base,,4149242.0,4149242.0,,LAL,1,,,,,,,,career
julius randle,2018,8641000.0,base,,8641000.0,8641000.0,,NO,1,,,,,,,,career
julius randle,2019,16875000.0,base,,16875000.0,16875000.0,,NY,1,,,,,,,,career
julius randle,2020,18900000.0,base,,18900000.0,20790000.0,1890000.0,NY,1,,,,,,,,career
julius randle,2021,19800000.0,base,,19800000.0,19800000.0,,NY,1,,,,,,,,career
julius randle,2022,23760000.0,base,,23760000.0,26136000.0,2376000.0,NY,1,,,,,,,,career
julius randle,2023,25660800.0,base,,25660800.0,26943840.0,1283040.0,NY,1,,,,,,,,career
julius randle,2024,27561600.0,base,,27561600.0,27561600.0,,MIN;NY,2,31745840.0,4134240;50000,,,,,,career
julius randle,2025,30864198.0,cap_hit,30864198.0,30864198.0,,,MIN,1,,,,,,,,contract
julius randle,2026,33333334.0,cap_hit,33333334.0,33333334.0,,,BKN,1,,,,,,,,contract
julius randle,2027,35802468.0,cap_hit,35802468.0,35802468.0,,,BKN,1,,,,,,,,contract
justin anderson,2015,1449000.0,base,,1449000.0,1449000.0,,DAL,1,,,1449000.0,,0.0,Active,1.0,career
justin anderson,2016,1077726.0,base,,1077726.0,1077726.0,,DAL;PHI,2,1514160.0,436434,436434.0,1077726.0,0.0,Retained;Active,1.0,career
justin anderson,2017,1579440.0,base,,1579440.0,1579440.0,,PHI,1,,,1579440.0,,0.0,Active,1.0,career
justin anderson,2018,2516048.0,base,,2516048.0,2516048.0,,ATL,1,,,2516048.0,,0.0,Active,1.0,career
justin anderson,2019,98144.0,base,,98144.0,98144.0,,BKN,1,,196288,196288.0,98144.0,0.0,Retained;Active,1.0,career
justin anderson,2020,125000.0,base,,125000.0,125000.0,,PHI,1,,,,125000.0,0.0,Retained,0.0,career
justin anderson,2021,111457.0,base,,111457.0,111457.0,,CLE;IND,2,445828.0,111457;111457;111457,,445828.0,0.0,Retained;Retained;Retained;Retained,0.0,career
justin champagnie,2022,825000.0,base,,825000.0,825000.0,,TOR;BOS,2,853241.0,28241,,,,,,career
justin champagnie,2023,116075.0,base,,116075.0,116075.0,,WSH,1,,,,,,,,career
justin champagnie,2024,1800000.0,cap_hit,1800000.0,1800000.0,,,WSH,1,,,,,,,,contract
justin champagnie,2025,2349578.0,cap_hit,2349578.0,2349578.0,,,WSH,1,,,,,,,,contract
justin champagnie,2026,2667944.0,cap_hit,2667944.0,2667944.0,,,WSH,1,,,,,,,,contract
justin champagnie,2027,3005085.0,cap_hit,3005085.0,3005085.0,,,WSH,1,,,,,,,,contract
justin edwards,2024,425619.0,base,,425619.0,425619.0,,PHI,1,,,,,,,,career
justin edwards,2025,2048494.0,cap_hit,2048494.0,2048494.0,,,PHI,1,,,,,,,,contract
justin edwards,2026,2411090.0,cap_hit,2411090.0,2411090.0,,,PHI,1,,,,,,,,contract
justin edwards,2027,2616754.0,cap_hit,2616754.0,2616754.0,,,PHI,1,,,,,,,,contract
justin holiday,2012,47360.0,base,,47360.0,47360.0,,PHI,1,,,47360.0,,0.0,Active,1.0,career
justin holiday,2014,816482.0,base,,816482.0,816482.0,,GS,1,,,816482.0,,0.0,Active,1.0,career
justin holiday,2015,640804.0,base,,640804.0,640804.0,,ATL;CHI,2,947276.0,306472,306472.0,640804.0,0.0,Retained;Active,1.0,career
justin holiday,2016,1015696.0,base,,1015696.0,1015696.0,,NY,1,,,1015696.0,,0.0,Active,1.0,career
justin holiday,2017,4615385.0,base,,4615385.0,4615385.0,,CHI,1,,,4615385.0,,0.0,Active,1.0,career
justin holiday,2018,1981747.0,base,,1981747.0,1981747.0,,CHI;MEM,2,4384615.0,2402868,2402868.0,1981747.0,0.0,Retained;Active,1.0,career
justin holiday,2019,4469063.0,base,,4469063.0,4469063.0,,IND,1,,,4469063.0,,0.0,Active,1.0,career
justin holiday,2020,5720400.0,base,,5720400.0,5720400.0,,IND,1,,,5720400.0,,0.0,Active,1.0,career
justin holiday,2021,3900721.0,base,,3900721.0,3900721.0,,IND;SAC,2,6006420.0,2105699,2105699.0,3900721.0,0.0,Retained;Active,1.0,career
justin holiday,2022,4158797.0,base,,4158797.0,4158797.0,,ATL;DAL;HOU,3,7112272.0,819832;2133643,819832.0,6292440.0,0.0,Retained;Active;Retained,1.0,career
justin holiday,2023,2019706.0,cap_hit,2019706.0,3196448.0,,,DEN,1,,,3196448.0,,0.0,Active,1.0,contract
justin jackson,2017,2365560.0,base,,2365560.0,2365560.0,,SAC,1,,,2365560.0,,0.0,Active,1.0,career
justin jackson,2018,999415.0,base,,999415.0,999415.0,,DAL;SAC,2,2807880.0,1808465,999415.0,1808465.0,0.0,Active;Retained,1.0,career
justin jackson,2019,3075863.0,base,,3075863.0,3075863.0,,DAL,1,,,3075863.0,,0.0,Active,1.0,career
justin jackson,2020,5029650.0,base,,5029650.0,5029650.0,,OKC,1,,,,5029650.0,0.0,Retained,0.0,career
justin jackson,2021,102831.0,base,,102831.0,102831.0,,BOS;PHX,2,308493.0,102831;102831,,308493.0,0.0,Retained;Retained;Retained,0.0,career
justin jackson,2022,1409925.0,base,,1409925.0,1409925.0,,BOS;OKC,2,2133278.0,723353,,2133278.0,0.0,Retained;Retained,0.0,career
justin jackson,2023,134863.0,base,,134863.0,134863.0,,MIN,1,,,,134863.0,0.0,Retained,0.0,career
justin james,2019,842166.0,base,,842166.0,842166.0,,SAC,1,,,842166.0,,0.0,Active,1.0,career
justin james,2020,1517981.0,base,,1517981.0,1517981.0,,SAC,1,,,1517981.0,,0.0,Active,1.0,career
justin james,2021,95930.0,base,,95930.0,95930.0,,NO,1,,,,95930.0,0.0,Retained,0.0,career
justin patton,2017,2247480.0,base,,2247480.0,2247480.0,,MIN,1,,,2247480.0,,0.0,Active,1.0,career
justin patton,2018,376780.0,base,,376780.0,376780.0,,MIN;PHI,2,3044380.0,2667600,,3044380.0,0.0,Retained;Retained,0.0,career
justin patton,2019,1620564.0,base,,1620564.0,1620564.0,,DAL;DET;OKC,3,2664318.0,183115;860639,183115.0,2481203.0,0.0,Retained;Active;Retained,1.0,career
justin robinson,2019,395866.0,base,,395866.0,395866.0,,WSH,1,,,,395866.0,0.0,Retained,0.0,career
justin robinson,2020,99020.0,base,,99020.0,99020.0,,OKC,1,,99020,,198040.0,0.0,Retained;Retained,0.0,career
justin robinson,2021,95930.0,base,,95930.0,95930.0,,DET;SAC,2,191860.0,95930,,191860.0,0.0,Retained;Retained,0.0,career
justise winslow,2015,2481720.0,base,,2481720.0,2481720.0,,MIA,1,,,2481720.0,,0.0,Active,1.0,career
justise winslow,2016,2593440.0,base,,2593440.0,2593440.0,,MIA,1,,,2593440.0,,0.0,Active,1.0,career
justise winslow,2017,2705040.0,base,,2705040.0,2705040.0,,MIA,1,,,2705040.0,,0.0,Active,1.0,career
justise winslow,2018,3448926.0,base,,3448926.0,3448926.0,,MIA,1,,,3448926.0,,0.0,Active,1.0,career
justise winslow,2019,4328743.0,base,,4328743.0,4328743.0,,MEM;MIA,2,12187500.0,7858757,4328743.0,7858757.0,0.0,Active;Retained,1.0,career
justise winslow,2020,13000000.0,base,,13000000.0,13000000.0,,MEM,1,,,13000000.0,,0.0,Active,1.0,career
justise winslow,2021,2444631.0,base,,2444631.0,2444631.0,,LAC;POR,2,3902439.0,1457808,1457808.0,2444631.0,0.0,Retained;Active,1.0,career
justise winslow,2022,4097561.0,base,,4097561.0,4097561.0,,POR,1,,,4097561.0,,0.0,Active,1.0,career
justise winslow,2023,166176.0,base,,166176.0,166176.0,,TOR,1,,,,166176.0,0.0,Retained,0.0,career
jusuf nurkic,2014,1762680.0,base,,1762680.0,1762680.0,,DEN,1,,,1762680.0,,0.0,Active,1.0,career
jusuf nurkic,2015,1842000.0,base,,1842000.0,1842000.0,,DEN,1,,,1842000.0,,0.0,Active,1.0,career
jusuf nurkic,2016,666811.0,base,,666811.0,666811.0,,POR;DEN,2,1921320.0,1254509,666811.0,1254509.0,0.0,Active;Retained,1.0,career
jusuf nurkic,2017,2947305.0,base,,2947305.0,2947305.0,,POR,1,,,2947305.0,,0.0,Active,1.0,career
jusuf nurkic,2018,11111111.0,base,,11111111.0,12361111.0,1250000.0,POR,1,,,12361111.0,,0.0,Active,1.0,career
jusuf nurkic,2019,12421875.0,base,,12421875.0,13671875.0,1250000.0,POR,1,,,13671875.0,,0.0,Active,1.0,career
jusuf nurkic,2020,12888889.0,base,,12888889.0,12888889.0,,POR,1,,,12888889.0,,0.0,Active,1.0,career
jusuf nurkic,2021,12000000.0,base,,12000000.0,12000000.0,,POR,1,,,12000000.0,,0.0,Active,1.0,career
jusuf nurkic,2022,15625000.0,base,,15625000.0,15625000.0,,POR,1,,,15625000.0,,0.0,Active,1.0,career
jusuf nurkic,2023,16875000.0,base,,16875000.0,16875000.0,,PHX,1,,50000,16875000.0,,50000.0,Active;NBA Cup,1.0,career
jusuf nurkic,2024,6875000.0,base,,6875000.0,6875000.0,,CHA;PHX,2,18125000.0,11250000,6875000.0,11250000.0,0.0,Active;Retained,1.0,career
jusuf nurkic,2025,19375000.0,base,,19375000.0,19375000.0,,UTA,1,,,19375000.0,,0.0,Active,1.0,career
jusuf nurkic,2026,11458333.0,cap_hit,11458333.0,11458333.0,,,UTA,1,,,11458333.0,,0.0,Active,1.0,contract
jusuf nurkic,2027,10541667.0,cap_hit,10541667.0,10541667.0,,,UTA,1,,,10541667.0,,0.0,Active,1.0,contract
juwan morgan,2019,746054.0,base,,746054.0,746054.0,,UTA,1,,,746054.0,,0.0,Active,1.0,career
juwan morgan,2020,1517981.0,base,,1517981.0,1517981.0,,UTA,1,,,1517981.0,,0.0,Active,1.0,career
juwan morgan,2021,19186.0,base,,19186.0,19186.0,,BOS;TOR,2,211046.0,95930;95930,19186.0,191860.0,0.0,Active;Retained;Retained,1.0,career
juwan morgan,2022,576230.0,base,,576230.0,576230.0,,IND,1,,,,576230.0,0.0,Retained,0.0,career
juwan morgan,2023,576230.0,base,,576230.0,576230.0,,IND,1,,,,576230.0,0.0,Retained,0.0,career
juwan morgan,2024,576229.0,base,,576229.0,576229.0,,IND,1,,,,576229.0,0.0,Retained,0.0,career
kai jones,2021,2770560.0,base,,2770560.0,2770560.0,,CHA,1,,,2770560.0,,0.0,Active,1.0,career
kai jones,2022,2909040.0,base,,2909040.0,2909040.0,,CHA,1,,,2909040.0,,0.0,Active,1.0,career
kai jones,2023,3047880.0,base,,3047880.0,3047880.0,,CHA;LAC;PHI,3,3175563.0,11608;116075,11608.0,3163955.0,0.0,Retained;Active;Retained,1.0,career
karl-anthony towns,2015,5703600.0,base,,5703600.0,5703600.0,,MIN,1,,,,,,,,career
karl-anthony towns,2016,5960160.0,base,,5960160.0,5960160.0,,MIN,1,,,,,,,,career
karl-anthony towns,2017,6216840.0,base,,6216840.0,6216840.0,,MIN,1,,,,,,,,career
karl-anthony towns,2018,7839435.0,base,,7839435.0,7839435.0,,MIN,1,,,,,,,,career
karl-anthony towns,2019,25579688.0,base,,25579688.0,25579688.0,,MIN,1,,,,,,,,career
karl-anthony towns,2020,29467800.0,base,,29467800.0,29467800.0,,MIN,1,,,,,,,,career
karl-anthony towns,2021,31650600.0,base,,31650600.0,31650600.0,,MIN,1,,,,,,,,career
karl-anthony towns,2022,33833400.0,base,,33833400.0,33833400.0,,MIN,1,,,,,,,,career
karl-anthony towns,2023,36016200.0,base,,36016200.0,36016200.0,,MIN,1,,,,,,,,career
karl-anthony towns,2024,49205800.0,cap_hit,49205800.0,49205800.0,,,NY,1,,,,,,,,contract
karl-anthony towns,2025,53142264.0,cap_hit,53142264.0,53142264.0,,,NY,1,,,,,,,,contract
karl-anthony towns,2026,57078728.0,cap_hit,57078728.0,57078728.0,,,NY,1,,,,,,,,contract
karl-anthony towns,2027,61015192.0,cap_hit,61015192.0,61015192.0,,,NY,1,,,,,,,,contract
kasparas jakucionis,2025,3658800.0,cap_hit,3658800.0,3658800.0,,,MIA,1,,,,,,,,contract
kasparas jakucionis,2026,3841680.0,cap_hit,3841680.0,3841680.0,,,MIL,1,,,,,,,,contract
kasparas jakucionis,2027,4024440.0,cap_hit,4024440.0,4024440.0,,,MIL,1,,,,,,,,contract
kasparas jakucionis,2028,6205687.0,cap_hit,6205687.0,6205687.0,,,MIL,1,,,,,,,,contract
kawhi leonard,2011,1394017.0,base,,1394017.0,1394017.0,,SA,1,,,,,,,,career
kawhi leonard,2012,1809840.0,base,,1809840.0,1809840.0,,SA,1,,,1809840.0,,0.0,Active,1.0,career
kawhi leonard,2013,1887840.0,base,,1887840.0,1887840.0,,SA,1,,,1887840.0,,0.0,Active,1.0,career
kawhi leonard,2014,2894059.0,base,,2894059.0,2894059.0,,SA,1,,,2894059.0,,0.0,Active,1.0,career
kawhi leonard,2015,16407500.0,base,,16407500.0,16407500.0,,SA,1,,,16407500.0,,0.0,Active,1.0,career
kawhi leonard,2016,17638063.0,base,,17638063.0,17638063.0,,SA,1,,,17638063.0,,0.0,Active,1.0,career
kawhi leonard,2017,18868625.0,base,,18868625.0,18868625.0,,SA,1,,,18868625.0,,0.0,Active,1.0,career
kawhi leonard,2018,20099188.0,base,,20099188.0,20099188.0,,TOR;SA,2,23114066.0,3014878,20099188.0,3014878.0,0.0,Active;Retained,1.0,career
kawhi leonard,2019,30695625.0,base,,30695625.0,30695625.0,,LAC,1,,,30695625.0,,0.0,Active,1.0,career
kawhi leonard,2020,34379100.0,base,,34379100.0,34379100.0,,LAC,1,,,34379100.0,,0.0,Active,1.0,career
kawhi leonard,2021,39344900.0,base,,39344900.0,39344900.0,,LAC,1,,,39344900.0,,0.0,Active,1.0,career
kawhi leonard,2022,42492492.0,base,,42492492.0,42492492.0,,LAC,1,,,42492492.0,,0.0,Active,1.0,career
kawhi leonard,2023,45640084.0,base,,45640084.0,45640084.0,,LAC,1,,,45640084.0,,0.0,Active,1.0,career
kawhi leonard,2024,49205800.0,cap_hit,49205800.0,49205800.0,,,LAC,1,,,49205800.0,,0.0,Active,1.0,contract
kawhi leonard,2025,50000000.0,cap_hit,50000000.0,50000000.0,,,LAC,1,,,50000000.0,,0.0,Active,1.0,contract
kawhi leonard,2026,50300000.0,cap_hit,50300000.0,50300000.0,,,LAC,1,,,50300000.0,,0.0,Active,1.0,contract
keaton wallace,2024,51497.0,base,,51497.0,51497.0,,ATL,1,,,,,51497.0,NBA Cup,0.0,career
keaton wallace,2025,2296274.0,base,,2296274.0,2296274.0,,ATL,1,,,2296274.0,,0.0,Active,1.0,career
keegan murray,2022,8008440.0,base,,8008440.0,8008440.0,,SAC,1,,,8008440.0,,0.0,Active,1.0,career
keegan murray,2023,8409000.0,base,,8409000.0,8409000.0,,SAC,1,,50000,8409000.0,,50000.0,Active;NBA Cup,1.0,career
keegan murray,2024,8809560.0,base,,8809560.0,8809560.0,,SAC,1,,,8809560.0,,0.0,Active / Club Exercised,1.0,career
keegan murray,2025,11144093.0,base,,11144093.0,11144093.0,,SAC,1,,,11144093.0,,0.0,Active / Club Exercised,1.0,career
keegan murray,2026,24137936.0,cap_hit,24137936.0,24137936.0,,,SAC,1,,,24137936.0,,0.0,Active,1.0,contract
keegan murray,2027,26068965.0,cap_hit,26068965.0,26068965.0,,,SAC,1,,,26068965.0,,0.0,Active,1.0,contract
keegan murray,2028,27999999.0,cap_hit,27999999.0,27999999.0,,,SAC,1,,,27999999.0,,0.0,Active,1.0,contract
keegan murray,2029,29931033.0,cap_hit,29931033.0,29931033.0,,,SAC,1,,,29931033.0,,0.0,Active,1.0,contract
keegan murray,2030,31862067.0,cap_hit,31862067.0,31862067.0,,,SAC,1,,,31862067.0,,0.0,Active,1.0,contract
keita bates-diop,2018,838464.0,base,,838464.0,838464.0,,MIN,1,,,838464.0,,0.0,Active,1.0,career
keita bates-diop,2019,568342.0,base,,568342.0,568342.0,,DEN;MIN,2,1416852.0,848510,568342.0,848510.0,0.0,Active;Retained,1.0,career
keita bates-diop,2021,1729217.0,base,,1729217.0,1729217.0,,SA,1,,,1729217.0,,0.0,Active,1.0,career
keita bates-diop,2022,1878720.0,base,,1878720.0,1878720.0,,SA,1,,,1878720.0,,0.0,Active,1.0,career
keita bates-diop,2023,890095.0,base,,890095.0,890095.0,,BKN;PHX,2,2396614.0,1456519;50000,890095.0,1456519.0,50000.0,Active;Retained;NBA Cup,1.0,career
keita bates-diop,2024,2654644.0,base,,2654644.0,2654644.0,,MIN,1,,,,2654644.0,0.0,Retained,0.0,career
kel'el ware,2024,4231800.0,cap_hit,4231800.0,4231800.0,,,MIA,1,,,,,,,,contract
kel'el ware,2025,4443360.0,cap_hit,4443360.0,4443360.0,,,MIA,1,,,,,,,,contract
kel'el ware,2026,4654920.0,cap_hit,4654920.0,4654920.0,,,MIL,1,,,,,,,,contract
kel'el ware,2027,7135992.0,cap_hit,7135992.0,7135992.0,,,MIL,1,,,,,,,,contract
kelan martin,2020,1445697.0,base,,1445697.0,1445697.0,,IND,1,,,1445697.0,,0.0,Active,1.0,career
kelan martin,2021,95930.0,base,,95930.0,95930.0,,BOS;IND,2,993760.0,95930;801900,,993760.0,0.0,Retained;Retained;Retained,0.0,career
keldon johnson,2019,1828688.0,base,,1828688.0,1828688.0,,SA,1,,,1828688.0,,0.0,Active,1.0,career
keldon johnson,2020,2048040.0,base,,2048040.0,2048040.0,,SA,1,,,2048040.0,,0.0,Active,1.0,career
keldon johnson,2021,2145720.0,base,,2145720.0,2145720.0,,SA,1,,,2145720.0,,0.0,Active / Club Exercised,1.0,career
keldon johnson,2022,3873025.0,base,,3873025.0,3873025.0,,SA,1,,,3873025.0,,0.0,Active / Club Exercised,1.0,career
keldon johnson,2023,20000000.0,cap_hit,20000000.0,20000000.0,,,SA,1,,,20000000.0,,0.0,Active,1.0,contract
keldon johnson,2024,19000000.0,cap_hit,19000000.0,19000000.0,,,SA,1,,,19000000.0,,0.0,Active,1.0,contract
keldon johnson,2025,18000000.0,cap_hit,18000000.0,17500000.0,,,SA,1,,,18000000.0,,212373.0,Active;NBA Cup,1.0,contract
keldon johnson,2026,18000000.0,cap_hit,18000000.0,17500000.0,,,SA,1,,,17500000.0,,0.0,Active,1.0,contract
kelly olynyk,2013,1986360.0,base,,1986360.0,1986360.0,,BOS,1,,,1986360.0,,0.0,Active,1.0,career
kelly olynyk,2014,2075760.0,base,,2075760.0,2075760.0,,BOS,1,,,2075760.0,,0.0,Active,1.0,career
kelly olynyk,2015,2165160.0,base,,2165160.0,2165160.0,,BOS,1,,,2165160.0,,0.0,Active,1.0,career
kelly olynyk,2016,3094014.0,base,,3094014.0,3094014.0,,BOS,1,,,3094014.0,,0.0,Active,1.0,career
kelly olynyk,2017,10607169.0,base,,10607169.0,12007169.0,1400000.0,MIA,1,,,12007169.0,,0.0,Active,1.0,career
kelly olynyk,2018,11137527.0,base,,11137527.0,12137527.0,1000000.0,MIA,1,,,12137527.0,,0.0,Active,1.0,career
kelly olynyk,2019,10938643.0,base,,10938643.0,11876143.0,937500.0,MIA,1,,,11876143.0,,0.0,Active,1.0,career
kelly olynyk,2020,7770114.0,base,,7770114.0,7991521.0,400000.0,MIA;HOU,2,12198244.0,4428130,4828130.0,7991521.0,0.0,Retained;Active / Player Exercised,1.0,career
kelly olynyk,2021,12195122.0,base,,12195122.0,12195122.0,,DET,1,,,12195122.0,,0.0,Active,1.0,career
kelly olynyk,2022,12804878.0,base,,12804878.0,12804878.0,,UTA,1,,,12804878.0,,0.0,Active,1.0,career
kelly olynyk,2023,4625736.0,base,,4625736.0,4625736.0,,TOR;UTA,2,12195122.0,7569386,4625736.0,7569386.0,0.0,Active;Retained,1.0,career
kelly olynyk,2024,12804878.0,cap_hit,12804878.0,12804878.0,,,NO,1,,,4857023.0,7947855.0,0.0,Active;Retained,1.0,contract
kelly olynyk,2025,13445122.0,cap_hit,13445122.0,13445122.0,,,SA,1,,,13445122.0,,212373.0,Active;NBA Cup,1.0,contract
kelly oubre jr.,2015,1920240.0,base,,1920240.0,1920240.0,,WSH,1,,,1920240.0,,0.0,Active,1.0,career
kelly oubre jr.,2016,2006640.0,base,,2006640.0,2006640.0,,WSH,1,,,2006640.0,,0.0,Active,1.0,career
kelly oubre jr.,2017,2093040.0,base,,2093040.0,2093040.0,,WSH,1,,,2093040.0,,0.0,Active,1.0,career
kelly oubre jr.,2018,2120959.0,base,,2120959.0,2120959.0,,PHX;WSH,2,3208630.0,1087671,2120959.0,1087671.0,0.0,Active;Retained,1.0,career
kelly oubre jr.,2019,14648438.0,base,,14648438.0,14648438.0,,PHX,1,,,14648438.0,,0.0,Active,1.0,career
kelly oubre jr.,2020,14375000.0,base,,14375000.0,14375000.0,,GS,1,,,14375000.0,,0.0,Active,1.0,career
kelly oubre jr.,2021,12000000.0,base,,12000000.0,12000000.0,,CHA,1,,,12000000.0,,0.0,Active,1.0,career
kelly oubre jr.,2022,12600000.0,base,,12600000.0,12600000.0,,CHA,1,,,12600000.0,,0.0,Active,1.0,career
kelly oubre jr.,2023,2891467.0,base,,2891467.0,2891467.0,,PHI,1,,,2891467.0,,0.0,Active,1.0,career
kelly oubre jr.,2024,7983000.0,base,,7983000.0,7983000.0,,PHI,1,,,7983000.0,,0.0,Active,1.0,career
kelly oubre jr.,2025,8382150.0,base,,8382150.0,8382150.0,,PHI,1,,,8382150.0,,0.0,Active / Player Exercised,1.0,career
kelly oubre jr.,2026,8050000.0,cap_hit,8050000.0,8050000.0,,,IND,1,,,8050000.0,,0.0,Active,1.0,contract
kelly oubre jr.,2027,8450000.0,cap_hit,8450000.0,8450000.0,,,IND,1,,,8450000.0,,0.0,Active,1.0,contract
kemba walker,2011,1896550.0,base,,1896550.0,1896550.0,,,0,,,,,,,,career
kemba walker,2012,2462400.0,base,,2462400.0,2462400.0,,,0,,,2462400.0,,0.0,Active,1.0,career
kemba walker,2013,2568360.0,base,,2568360.0,2568360.0,,,0,,,2568360.0,,0.0,Active,1.0,career
kemba walker,2014,3272091.0,base,,3272091.0,3272091.0,,CHA,1,,,3272091.0,,0.0,Active,1.0,career
kemba walker,2015,12000000.0,base,,12000000.0,12000000.0,,CHA,1,,,12000000.0,,0.0,Active,1.0,career
kemba walker,2016,12000000.0,base,,12000000.0,12000000.0,,CHA,1,,,12000000.0,,0.0,Active,1.0,career
kemba walker,2017,12000000.0,base,,12000000.0,12000000.0,,CHA,1,,,12000000.0,,0.0,Active,1.0,career
kemba walker,2018,12000000.0,base,,12000000.0,12000000.0,,CHA,1,,,12000000.0,,0.0,Active,1.0,career
kemba walker,2019,30695625.0,base,,30695625.0,30695625.0,,BOS,1,,,30695625.0,,0.0,Active,1.0,career
kemba walker,2020,34379100.0,base,,34379100.0,34379100.0,,BOS,1,,,34379100.0,,0.0,Active,1.0,career
kemba walker,2021,8729020.0,base,,8729020.0,8729020.0,,NY;OKC,2,34967442.0,26238422,8729020.0,26238422.0,0.0,Active;Retained,1.0,career
kemba walker,2022,684712.0,base,,684712.0,684712.0,,DAL;DET;OKC,3,37281261.0,9165471;27431078,,37281261.0,0.0,Retained;Retained;Retained,0.0,career
kendall brown,2023,1100000.0,base,,1100000.0,1100000.0,,IND,1,,100000,1100000.0,,100000.0,Active;NBA Cup,1.0,career
kendrick nunn,2018,4737.0,base,,4737.0,4737.0,,MIA,1,,,,,,,,career
kendrick nunn,2019,1328299.0,base,,1328299.0,1328299.0,,MIA,1,,,,,,,,career
kendrick nunn,2020,1663861.0,base,,1663861.0,1663861.0,,MIA,1,,,,,,,,career
kendrick nunn,2021,5000000.0,cap_hit,5000000.0,5000000.0,,,LAL,1,,,,,,,,contract
kendrick nunn,2022,5250000.0,cap_hit,5250000.0,5250000.0,,,WSH,1,,,,,,,,contract
kennedy chandler,2022,1200000.0,base,,1200000.0,1200000.0,,MEM,1,,,,1200000.0,0.0,Retained,0.0,career
kennedy chandler,2023,1719864.0,base,,1719864.0,1719864.0,,MEM,1,,,,1719864.0,0.0,Retained,0.0,career
kennedy chandler,2024,2019699.0,base,,2019699.0,2019699.0,,MEM,1,,,,2019699.0,0.0,Retained,0.0,career
kennedy chandler,2025,117730.0,base,,117730.0,117730.0,,UTA,1,,117730,,235460.0,0.0,Retained;Retained,0.0,career
kenrich williams,2018,838464.0,base,,838464.0,838464.0,,NO,1,,,838464.0,,0.0,Active,1.0,career
kenrich williams,2019,1328299.0,base,,1328299.0,1328299.0,,NO,1,,,1328299.0,,0.0,Active,1.0,career
kenrich williams,2020,2000000.0,base,,2000000.0,2000000.0,,OKC,1,,,2000000.0,,0.0,Active,1.0,career
kenrich williams,2021,2000000.0,base,,2000000.0,2000000.0,,OKC,1,,,2000000.0,,0.0,Active,1.0,career
kenrich williams,2022,2000000.0,base,,2000000.0,2000000.0,,OKC,1,,,2000000.0,,0.0,Active,1.0,career
kenrich williams,2023,6175000.0,base,,6175000.0,6175000.0,,OKC,1,,,6175000.0,,0.0,Active,1.0,career
kenrich williams,2024,6669000.0,base,,6669000.0,6669000.0,,OKC,1,,205988,6669000.0,,205988.0,Active;NBA Cup,1.0,career
kenrich williams,2025,7163000.0,base,,7163000.0,7163000.0,,OKC,1,,106187,7163000.0,,106187.0,Active;NBA Cup,1.0,career
kenrich williams,2026,5000000.0,cap_hit,5000000.0,5000000.0,,,OKC,1,,,5000000.0,,0.0,Active,1.0,contract
kent bazemore,2012,473604.0,base,,473604.0,473604.0,,GS,1,,,473604.0,,0.0,Active,1.0,career
kent bazemore,2013,788872.0,base,,788872.0,788872.0,,LAL,1,,,788872.0,,0.0,Active,1.0,career
kent bazemore,2014,2000000.0,base,,2000000.0,2000000.0,,ATL,1,,,2000000.0,,0.0,Active,1.0,career
kent bazemore,2015,2000000.0,base,,2000000.0,2000000.0,,ATL,1,,,2000000.0,,0.0,Active,1.0,career
kent bazemore,2016,15730338.0,base,,15730338.0,15730338.0,,ATL,1,,,15730338.0,,0.0,Active,1.0,career
kent bazemore,2017,16910113.0,base,,16910113.0,16910113.0,,ATL,1,,,16910113.0,,0.0,Active,1.0,career
kent bazemore,2018,18089887.0,base,,18089887.0,18089887.0,,ATL,1,,,18089887.0,,0.0,Active,1.0,career
kent bazemore,2019,9907001.0,base,,9907001.0,9907001.0,,POR;SAC,2,18065308.0,8158307,8158307.0,9907001.0,0.0,Retained;Active,1.0,career
kent bazemore,2020,2320044.0,base,,2320044.0,2320044.0,,GS,1,,,2320044.0,,0.0,Active,1.0,career
kent bazemore,2021,2401537.0,base,,2401537.0,2401537.0,,LAL,1,,,2401537.0,,0.0,Active,1.0,career
kentavious caldwell-pope,2013,2653080.0,base,,2653080.0,2653080.0,,DET,1,,,,,,,,career
kentavious caldwell-pope,2014,2772480.0,base,,2772480.0,2772480.0,,DET,1,,,,,,,,career
kentavious caldwell-pope,2015,2891760.0,base,,2891760.0,2891760.0,,DET,1,,,,,,,,career
kentavious caldwell-pope,2016,3678319.0,base,,3678319.0,3678319.0,,DET,1,,,,,,,,career
kentavious caldwell-pope,2017,17745894.0,base,,17745894.0,17745894.0,,LAL,1,,,,,,,,career
kentavious caldwell-pope,2018,12000000.0,base,,12000000.0,12000000.0,,LAL,1,,,,,,,,career
kentavious caldwell-pope,2019,7583702.0,base,,7583702.0,7633702.0,50000.0,LAL,1,,,,,,,,career
kentavious caldwell-pope,2020,12073020.0,base,,12073020.0,12073020.0,,LAL,1,,,,,,,,career
kentavious caldwell-pope,2021,13038862.0,base,,13038862.0,13038862.0,,WSH,1,,,,,,,,career
kentavious caldwell-pope,2022,14004703.0,base,,14004703.0,14004703.0,,DEN,1,,,,,,,,career
kentavious caldwell-pope,2023,14704938.0,base,,14704938.0,14704938.0,,DEN,1,,,,,,,,career
kentavious caldwell-pope,2024,22757000.0,cap_hit,22757000.0,22757000.0,,,ORL,1,,,,,,,,contract
kentavious caldwell-pope,2025,21621500.0,cap_hit,21621500.0,21621500.0,,,MEM,1,,,,,,,,contract
kentavious caldwell-pope,2026,21621500.0,cap_hit,21621500.0,21621500.0,,,MEM,1,,,,,,,,contract
keon ellis,2023,683430.0,base,,683430.0,683430.0,,SAC,1,,50000,,,,,,career
keon ellis,2024,2120693.0,base,,2120693.0,2120693.0,,SAC,1,,,,,,,,career
keon ellis,2025,939153.0,base,,939153.0,939153.0,,CLE;SAC,2,2301587.0,1362434,,,,,,career
keon ellis,2026,9000000.0,cap_hit,9000000.0,9000000.0,,,BKN,1,,,,,,,,contract
keon ellis,2027,9000000.0,cap_hit,9000000.0,9000000.0,,,BKN,1,,,,,,,,contract
keon johnson,2021,1599443.0,base,,1599443.0,1599443.0,,LAC;POR,2,2553240.0,953797,953797.0,1599443.0,0.0,Retained;Active,1.0,career
keon johnson,2022,2681040.0,base,,2681040.0,2681040.0,,POR,1,,,2681040.0,,0.0,Active,1.0,career
keon johnson,2023,2808720.0,base,,2808720.0,2808720.0,,PHX,1,,,,2808720.0,0.0,Retained,0.0,career
keon johnson,2024,2162606.0,base,,2162606.0,2162606.0,,BKN,1,,,2162606.0,,0.0,Active,1.0,career
keon johnson,2025,271614.0,base,,271614.0,271614.0,,BKN,1,,,,271614.0,0.0,Retained,0.0,career
keshad johnson,2024,724883.0,base,,724883.0,724883.0,,MIA,1,,,724883.0,,0.0,Active,1.0,career
keshad johnson,2025,1955377.0,base,,1955377.0,1955377.0,,MIA,1,,53093,1955377.0,,53093.0,Active / Club Exercised;NBA Cup,1.0,career
kessler edwards,2021,5318.0,base,,5318.0,5318.0,,BKN,1,,,5318.0,,0.0,Active,1.0,career
kessler edwards,2022,1063737.0,base,,1063737.0,1063737.0,,BKN;SAC,2,1637966.0,574229,574229.0,1063737.0,0.0,Retained;Active,1.0,career
kessler edwards,2023,1927896.0,base,,1927896.0,1927896.0,,SAC,1,,50000,1927896.0,,50000.0,Active / Club Exercised;NBA Cup,1.0,career
kessler edwards,2024,51497.0,base,,51497.0,51497.0,,DAL,1,,,,,51497.0,NBA Cup,0.0,career
kevin durant,2007,4171200.0,base,,4171200.0,4171200.0,,,0,,,,,,,,career
kevin durant,2008,4484040.0,base,,4484040.0,4484040.0,,OKC,1,,,,,,,,career
kevin durant,2009,4796880.0,base,,4796880.0,4796880.0,,OKC,1,,,,,,,,career
kevin durant,2010,6053663.0,base,,6053663.0,6053663.0,,OKC,1,,,,,,,,career
kevin durant,2011,12480948.0,base,,12480948.0,12480948.0,,OKC,1,,,,,,,,career
kevin durant,2012,16669629.0,base,,16669629.0,16669629.0,,OKC,1,,,,,,,,career
kevin durant,2013,17832627.0,base,,17832627.0,17832627.0,,OKC,1,,,,,,,,career
kevin durant,2014,18995624.0,base,,18995624.0,18995624.0,,OKC,1,,,,,,,,career
kevin durant,2015,20158622.0,base,,20158622.0,20158622.0,,OKC,1,,,,,,,,career
kevin durant,2016,26540100.0,base,,26540100.0,26540100.0,,GS,1,,,,,,,,career
kevin durant,2017,25000000.0,base,,25000000.0,25000000.0,,GS,1,,,,,,,,career
kevin durant,2018,30000000.0,base,,30000000.0,30000000.0,,GS,1,,,,,,,,career
kevin durant,2019,37199000.0,base,,37199000.0,38199000.0,1000000.0,BKN,1,,,,,,,,career
kevin durant,2020,37721513.0,base,,37721513.0,38771513.0,1050000.0,BKN,1,,,,,,,,career
kevin durant,2021,40918900.0,base,,40918900.0,42018900.0,1100000.0,BKN,1,,,,,,,,career
kevin durant,2022,44124845.0,cap_hit,44124845.0,42969845.0,,,PHX,1,,,,,,,,contract
kevin durant,2023,47649433.0,cap_hit,47649433.0,46407433.0,,,PHX,1,,,,,,,,contract
kevin durant,2024,51179021.0,cap_hit,51179021.0,49856021.0,,,PHX,1,,,,,,,,contract
kevin durant,2025,54708609.0,cap_hit,54708609.0,53282608.0,,,HOU,1,,,,,,,,contract
kevin durant,2026,43902439.0,cap_hit,43902439.0,43902439.0,,,HOU,1,,,,,,,,contract
kevin durant,2027,46097561.0,cap_hit,46097561.0,46097561.0,,,HOU,1,,,,,,,,contract
kevin huerter,2018,2250960.0,base,,2250960.0,2250960.0,,ATL,1,,,,,,,,career
kevin huerter,2019,2471513.0,base,,2471513.0,2471513.0,,ATL,1,,,,,,,,career
kevin huerter,2020,2761920.0,base,,2761920.0,2761920.0,,ATL,1,,,,,,,,career
kevin huerter,2021,4253357.0,base,,4253357.0,4253357.0,,ATL,1,,,,,,,,career
kevin huerter,2022,14508929.0,base,,14508929.0,14508929.0,,SAC,1,,,,,,,,career
kevin huerter,2023,15669643.0,base,,15669643.0,15669643.0,,SAC,1,,50000,,,,,,career
kevin huerter,2024,6770833.0,base,,6770833.0,6770833.0,,CHI;SAC,2,16830357.0,10059524,,,,,,career
kevin huerter,2025,7030993.0,base,,7030993.0,7030993.0,,DET;CHI,2,17991071.0,10960078,,,,,,career
kevin huerter,2026,9507042.0,cap_hit,9507042.0,9507042.0,,,DET,1,,,,,,,,contract
kevin huerter,2027,8746479.0,cap_hit,8746479.0,8746479.0,,,DET,1,,,,,,,,contract
kevin huerter,2028,8746479.0,cap_hit,8746479.0,8746479.0,,,DET,1,,,,,,,,contract
kevin knox,2018,3739920.0,base,,3739920.0,3739920.0,,NY,1,,,3739920.0,,0.0,Active,1.0,career
kevin knox,2019,4106363.0,base,,4106363.0,4106363.0,,NY,1,,,4106363.0,,0.0,Active,1.0,career
kevin knox,2020,4588680.0,base,,4588680.0,4588680.0,,NY,1,,,4588680.0,,0.0,Active / Club Exercised,1.0,career
kevin knox,2021,5845978.0,base,,5845978.0,5845978.0,,ATL;NY,2,8768967.0,2922989,5845978.0,2922989.0,0.0,Active / Club Exercised;Retained,1.0,career
kevin knox,2022,1982759.0,base,,1982759.0,1982759.0,,DET;POR,2,3000000.0,1017241,1017241.0,1982759.0,0.0,Retained;Active,1.0,career
kevin knox,2023,1318634.0,base,,1318634.0,1318634.0,,DET;UTA,2,2144320.0,825686,,2144320.0,0.0,Retained;Retained,0.0,career
kevin knox,2024,330394.0,base,,330394.0,330394.0,,GS,1,,150179;150179,330394.0,300358.0,0.0,Active;Retained;Retained,1.0,career
kevin love,2008,3163680.0,base,,3163680.0,3163680.0,,MIN,1,,,3163680.0,,0.0,Active,1.0,career
kevin love,2009,3401040.0,base,,3401040.0,3401040.0,,MIN,1,,,3401040.0,,0.0,Active,1.0,career
kevin love,2010,3638280.0,base,,3638280.0,3638280.0,,MIN,1,,,3638280.0,,0.0,Active,1.0,career
kevin love,2011,3710250.0,base,,3710250.0,3710250.0,,MIN,1,,,,,,,,career
kevin love,2012,13668750.0,base,,13668750.0,13668750.0,,MIN,1,,,13668750.0,,0.0,Active,1.0,career
kevin love,2013,14693906.0,base,,14693906.0,14693906.0,,MIN,1,,,14693906.0,,0.0,Active,1.0,career
kevin love,2014,15719063.0,base,,15719063.0,15719063.0,,CLE,1,,,15719063.0,,0.0,Active,1.0,career
kevin love,2015,19689000.0,base,,19689000.0,19689000.0,,CLE,1,,,19689000.0,,0.0,Active,1.0,career
kevin love,2016,21165675.0,base,,21165675.0,21165675.0,,CLE,1,,,21165675.0,,0.0,Active,1.0,career
kevin love,2017,22642350.0,base,,22642350.0,22642350.0,,CLE,1,,,22642350.0,,0.0,Active,1.0,career
kevin love,2018,24119025.0,base,,24119025.0,24119025.0,,CLE,1,,,24119025.0,,0.0,Active,1.0,career
kevin love,2019,27133903.0,base,,27133903.0,27133903.0,,CLE,1,,,27133903.0,,0.0,Active,1.0,career
kevin love,2020,31258256.0,base,,31258256.0,31258256.0,,CLE,1,,,31258256.0,,0.0,Active,1.0,career
kevin love,2021,31258256.0,base,,31258256.0,31258256.0,,CLE,1,,,31258256.0,,0.0,Active,1.0,career
kevin love,2022,27442830.0,base,,27442830.0,27442830.0,,CLE;MIA,2,30556968.0,3114138,3114138.0,27442830.0,0.0,Buyout;Active,1.0,career
kevin love,2023,3835738.0,base,,3835738.0,3835738.0,,MIA,1,,,3835738.0,,0.0,Active,1.0,career
kevin love,2024,3850000.0,cap_hit,3850000.0,3850000.0,,,MIA,1,,,3850000.0,,0.0,Active,1.0,contract
kevin love,2025,4150000.0,cap_hit,4150000.0,4150000.0,,,UTA,1,,,4150000.0,,0.0,Active,1.0,contract
kevin porter jr.,2019,1290960.0,base,,1290960.0,1290960.0,,CLE,1,,,,,,,,career
kevin porter jr.,2020,364777.0,base,,364777.0,364777.0,,CLE;HOU,2,1717981.0,1353204,,,,,,career
kevin porter jr.,2021,1782621.0,base,,1782621.0,1782621.0,,HOU,1,,,,,,,,career
kevin porter jr.,2022,3217631.0,base,,3217631.0,3217631.0,,HOU,1,,,,,,,,career
kevin porter jr.,2023,15860000.0,base,,15860000.0,15860000.0,,OKC,1,,,,,,,,career
kevin porter jr.,2024,835919.0,base,,835919.0,835919.0,,MIL;OKC;LAC,3,3237691.0,1000000;1401772,,,,,,career
kevin porter jr.,2025,5134000.0,cap_hit,5134000.0,5134000.0,,,MIL,1,,,,,,,,contract
kevin porter jr.,2026,5390700.0,cap_hit,5390700.0,5390700.0,,,MIL,1,,,,,,,,contract
kevon harris,2024,119972.0,base,,119972.0,119972.0,,ATL,1,,,,119972.0,0.0,Retained,0.0,career
kevon harris,2025,25000.0,base,,25000.0,25000.0,,HOU,1,,,,25000.0,0.0,Retained,0.0,career
kevon looney,2015,1131960.0,base,,1131960.0,1131960.0,,GS,1,,,,,,,,career
kevon looney,2016,1182840.0,base,,1182840.0,1182840.0,,GS,1,,,,,,,,career
kevon looney,2017,1471382.0,base,,1471382.0,1471382.0,,GS,1,,,,,,,,career
kevon looney,2018,1567007.0,base,,1567007.0,1567007.0,,GS,1,,,,,,,,career
kevon looney,2019,4185268.0,base,,4185268.0,4185268.0,,GS,1,,,,,,,,career
kevon looney,2020,4821429.0,base,,4821429.0,4821429.0,,GS,1,,,,,,,,career
kevon looney,2021,5178572.0,base,,5178572.0,5178572.0,,GS,1,,,,,,,,career
kevon looney,2022,7000000.0,base,,7000000.0,7000000.0,,GS,1,,,,,,,,career
kevon looney,2023,7500000.0,base,,7500000.0,7500000.0,,GS,1,,,,,,,,career
kevon looney,2024,8000000.0,base,,8000000.0,8000000.0,,GS,1,,51497,,,,,,career
kevon looney,2025,8000000.0,base,,8000000.0,8000000.0,,NO,1,,,,,,,,career
kevon looney,2026,2449421.0,cap_hit,2449421.0,3876529.0,,,LAL,1,,,,,,,,contract
keyonte george,2023,3889800.0,cap_hit,3889800.0,3889800.0,,,UTA,1,,,,,,,,contract
keyonte george,2024,4084200.0,cap_hit,4084200.0,4084200.0,,,UTA,1,,,,,,,,contract
keyonte george,2025,4278960.0,cap_hit,4278960.0,4278960.0,,,UTA,1,,,,,,,,contract
keyonte george,2026,6563925.0,cap_hit,6563925.0,6563925.0,,,UTA,1,,,,,,,,contract
khaman maluach,2025,6016080.0,cap_hit,6016080.0,6016080.0,,,PHX,1,,,,,,,,contract
khaman maluach,2026,6316680.0,cap_hit,6316680.0,6316680.0,,,PHX,1,,,,,,,,contract
khaman maluach,2027,6617160.0,cap_hit,6617160.0,6617160.0,,,PHX,1,,,,,,,,contract
khaman maluach,2028,8436880.0,cap_hit,8436880.0,8436880.0,,,PHX,1,,,,,,,,contract
khem birch,2014,50000.0,base,,50000.0,50000.0,,MIA,1,,,,50000.0,0.0,Retained,0.0,career
khem birch,2017,815615.0,base,,815615.0,815615.0,,ORL,1,,,815615.0,,0.0,Active,1.0,career
khem birch,2018,1378242.0,base,,1378242.0,1378242.0,,ORL,1,,,1378242.0,,0.0,Active,1.0,career
khem birch,2019,2812500.0,base,,2812500.0,2812500.0,,ORL,1,,,2812500.0,,0.0,Active,1.0,career
khem birch,2020,2586036.0,base,,2586036.0,2586036.0,,ORL;TOR,2,3011499.0,425463,425463.0,2586036.0,0.0,Retained;Active,1.0,career
khem birch,2021,6350000.0,base,,6350000.0,6350000.0,,TOR,1,,,6350000.0,,0.0,Active,1.0,career
khem birch,2022,2260819.0,base,,2260819.0,2260819.0,,SA;TOR,2,6667500.0,4406681,2260819.0,4406681.0,0.0,Active;Retained,1.0,career
khem birch,2023,6985000.0,base,,6985000.0,6985000.0,,SA,1,,,,6985000.0,0.0,Retained,0.0,career
khris middleton,2012,473604.0,base,,473604.0,473604.0,,DET,1,,,473604.0,,0.0,Active,1.0,career
khris middleton,2013,788872.0,base,,788872.0,788872.0,,MIL,1,,,788872.0,,0.0,Active,1.0,career
khris middleton,2014,915243.0,base,,915243.0,915243.0,,MIL,1,,,915243.0,,0.0,Active,1.0,career
khris middleton,2015,14700000.0,base,,14700000.0,14700000.0,,MIL,1,,,14700000.0,,0.0,Active,1.0,career
khris middleton,2016,15200000.0,base,,15200000.0,15200000.0,,MIL,1,,,15200000.0,,0.0,Active,1.0,career
khris middleton,2017,14100000.0,base,,14100000.0,14100000.0,,MIL,1,,,14100000.0,,0.0,Active,1.0,career
khris middleton,2018,13000000.0,base,,13000000.0,13000000.0,,MIL,1,,,13000000.0,,0.0,Active,1.0,career
khris middleton,2019,28690733.0,base,,28690733.0,28690733.0,,MIL,1,,,28690733.0,,0.0,Active,1.0,career
khris middleton,2020,33051724.0,base,,33051724.0,33051724.0,,MIL,1,,,33051724.0,,0.0,Active,1.0,career
khris middleton,2021,35500000.0,base,,35500000.0,35500000.0,,MIL,1,,,35500000.0,,0.0,Active,1.0,career
khris middleton,2022,37948276.0,base,,37948276.0,37948276.0,,MIL,1,,,37948276.0,,0.0,Active,1.0,career
khris middleton,2023,28703704.0,base,,28703704.0,28703704.0,,MIL,1,,100000,28703704.0,,100000.0,Active;NBA Cup,1.0,career
khris middleton,2024,11758621.0,base,,11758621.0,11758621.0,,WSH;MIL,2,31514970.0,514970;19241379,11758621.0,19241379.0,514970.0,Active;NBA Cup;Retained,1.0,career
khris middleton,2025,33296296.0,base,,33296296.0,35086419.0,1790123.0,DAL;WSH,2,53580246.0,20283950,35086419.0,20283950.0,0.0,Active / Player Exercised;Retained,1.0,career
khris middleton,2026,5591122.0,cap_hit,5591122.0,5591122.0,,,WSH,1,,,5591122.0,,0.0,Active,1.0,contract
khris middleton,2027,5870678.0,cap_hit,5870678.0,5870678.0,,,WSH,1,,,5870678.0,,0.0,Active,1.0,contract
khris middleton,2028,6150234.0,cap_hit,6150234.0,6150234.0,,,WSH,1,,,6150234.0,,0.0,Active,1.0,contract
khyri thomas,2018,838464.0,base,,838464.0,838464.0,,DET,1,,,838464.0,,0.0,Active,1.0,career
khyri thomas,2019,1328299.0,base,,1328299.0,1328299.0,,DET,1,,,1328299.0,,0.0,Active,1.0,career
khyri thomas,2020,744684.0,base,,744684.0,744684.0,,ATL;HOU,2,1105682.0,250000;110998,250000.0,855682.0,0.0,Retained;Active;Retained,1.0,career
killian hayes,2020,5307120.0,base,,5307120.0,5307120.0,,DET,1,,,5307120.0,,0.0,Active,1.0,career
killian hayes,2021,5572680.0,base,,5572680.0,5572680.0,,DET,1,,,5572680.0,,0.0,Active,1.0,career
killian hayes,2022,5837760.0,base,,5837760.0,5837760.0,,DET,1,,,5837760.0,,0.0,Active / Club Exercised,1.0,career
killian hayes,2023,7413955.0,base,,7413955.0,7413955.0,,DET,1,,,,7413955.0,0.0,Retained,0.0,career
killian hayes,2024,124288.0,base,,124288.0,124288.0,,BKN,1,,,,124288.0,0.0,Retained,0.0,career
killian hayes,2025,444658.0,base,,444658.0,444658.0,,SAC,1,,165197;165197,444658.0,330394.0,0.0,Active;Retained;Retained,1.0,career
killian tillie,2021,1901625.0,base,,1901625.0,1901625.0,,MEM,1,,,1901625.0,,0.0,Active,1.0,career
killian tillie,2022,1901625.0,base,,1901625.0,1901625.0,,MEM,1,,,,1901625.0,0.0,Retained,0.0,career
kj martin,2020,898310.0,base,,898310.0,898310.0,,HOU,1,,,898310.0,,0.0,Active,1.0,career
kj martin,2021,1517981.0,base,,1517981.0,1517981.0,,HOU,1,,,1517981.0,,0.0,Active,1.0,career
kj martin,2022,1782621.0,base,,1782621.0,1782621.0,,HOU,1,,,1782621.0,,0.0,Active,1.0,career
kj martin,2023,77671.0,base,,77671.0,77671.0,,LAC;PHI,2,1930681.0,1853010,1853010.0,77671.0,0.0,Retained;Active / Club Exercised,1.0,career
kj martin,2024,4950000.0,base,,4950000.0,4950000.0,,PHI;UTA,2,7975000.0,3025000,3025000.0,4950000.0,0.0,Retained;Active,1.0,career
klay thompson,2011,1711589.0,base,,1711589.0,1711589.0,,GS,1,,,,,,,,career
klay thompson,2012,2222160.0,base,,2222160.0,2222160.0,,GS,1,,,2222160.0,,0.0,Active,1.0,career
klay thompson,2013,2317920.0,base,,2317920.0,2317920.0,,GS,1,,,2317920.0,,0.0,Active,1.0,career
klay thompson,2014,3075880.0,base,,3075880.0,3075880.0,,GS,1,,,3075880.0,,0.0,Active,1.0,career
klay thompson,2015,15501000.0,base,,15501000.0,15501000.0,,GS,1,,,15501000.0,,0.0,Active,1.0,career
klay thompson,2016,16663575.0,base,,16663575.0,16663575.0,,GS,1,,,16663575.0,,0.0,Active,1.0,career
klay thompson,2017,17826150.0,base,,17826150.0,17826150.0,,GS,1,,,17826150.0,,0.0,Active,1.0,career
klay thompson,2018,18988725.0,base,,18988725.0,18988725.0,,GS,1,,,18988725.0,,0.0,Active,1.0,career
klay thompson,2019,30695625.0,base,,30695625.0,30695625.0,,GS,1,,,30695625.0,,0.0,Active,1.0,career
klay thompson,2020,35361360.0,base,,35361360.0,35361360.0,,GS,1,,,35361360.0,,0.0,Active,1.0,career
klay thompson,2021,37980720.0,base,,37980720.0,37980720.0,,GS,1,,,37980720.0,,0.0,Active,1.0,career
klay thompson,2022,40600080.0,base,,40600080.0,40600080.0,,GS,1,,,40600080.0,,0.0,Active,1.0,career
klay thompson,2023,43219440.0,base,,43219440.0,43219440.0,,GS,1,,,43219440.0,,0.0,Active,1.0,career
klay thompson,2024,15873016.0,cap_hit,15873016.0,15873016.0,,,DAL,1,,,15873016.0,,51497.0,Active;NBA Cup,1.0,contract
klay thompson,2025,16666667.0,cap_hit,16666667.0,16666667.0,,,DAL,1,,,16666667.0,,0.0,Active,1.0,contract
klay thompson,2026,17460317.0,cap_hit,17460317.0,17460317.0,,,DAL,1,,,17460317.0,,0.0,Active,1.0,contract
kobe brown,2023,2413320.0,base,,2413320.0,2413320.0,,LAC,1,,,2413320.0,,0.0,Active,1.0,career
kobe brown,2024,2533920.0,base,,2533920.0,2533920.0,,LAC,1,,,2533920.0,,0.0,Active,1.0,career
kobe brown,2025,1007023.0,base,,1007023.0,1007023.0,,IND;LAC,2,2654880.0,1647857,1007023.0,1647857.0,0.0,Active / Club Exercised;Retained,1.0,career
kobe brown,2026,678882.0,base,,678882.0,678882.0,,IND,1,,,678882.0,,0.0,Active,1.0,contract
kobe bufkin,2023,4094280.0,base,,4094280.0,4094280.0,,ATL,1,,,4094280.0,,0.0,Active,1.0,career
kobe bufkin,2024,4299000.0,base,,4299000.0,4299000.0,,ATL,1,,102994,4299000.0,,102994.0,Active;NBA Cup,1.0,career
kobe bufkin,2025,4503720.0,base,,4503720.0,4503720.0,,BKN;LAL;MEM,3,5612267.0,844607;131970;131970,,5612267.0,0.0,Retained;Retained;Retained;Retained,0.0,career
kobe bufkin,2026,2537526.0,base,,2537526.0,,,NO,1,,,,,,,,contract
kobe sanders,2025,475497.0,base,,475497.0,475497.0,,LAC,1,,398686,475497.0,398686.0,0.0,Active;Retained,1.0,career
kobe sanders,2026,2622139.0,cap_hit,2622139.0,2622139.0,,,LAC,1,,,2622139.0,,0.0,Active,1.0,contract
kobe sanders,2027,2753246.0,cap_hit,2753246.0,2753246.0,,,LAC,1,,,2753246.0,,0.0,Active,1.0,contract
kobe sanders,2028,2884353.0,cap_hit,2884353.0,2884353.0,,,LAC,1,,,2884353.0,,0.0,Active,1.0,contract
kobe sanders,2029,3019474.0,cap_hit,3019474.0,3019474.0,,,LAC,1,,,3019474.0,,0.0,Active,1.0,contract
kobi simmons,2018,76236.0,base,,76236.0,76236.0,,CLE,1,,,,76236.0,0.0,Retained,0.0,career
kobi simmons,2022,32795.0,base,,32795.0,32795.0,,CHA,1,,,32795.0,,0.0,Active,1.0,career
kobi simmons,2023,124425.0,base,,124425.0,124425.0,,TOR,1,,,,124425.0,0.0,Retained,0.0,career
kon knueppel,2025,10015680.0,cap_hit,10015680.0,10015680.0,,,CHA,1,,,,,,,,contract
kon knueppel,2026,10516560.0,cap_hit,10516560.0,10516560.0,,,CHA,1,,,,,,,,contract
kon knueppel,2027,11017560.0,cap_hit,11017560.0,11017560.0,,,CHA,1,,,,,,,,contract
kon knueppel,2028,13937214.0,cap_hit,13937214.0,13937214.0,,,CHA,1,,,,,,,,contract
kris dunn,2016,3872520.0,base,,3872520.0,3872520.0,,MIN,1,,,3872520.0,,0.0,Active,1.0,career
kris dunn,2017,4046760.0,base,,4046760.0,4046760.0,,CHI,1,,,4046760.0,,0.0,Active,1.0,career
kris dunn,2018,4221000.0,base,,4221000.0,4221000.0,,CHI,1,,,4221000.0,,0.0,Active,1.0,career
kris dunn,2019,5013757.0,base,,5013757.0,5013757.0,,CHI,1,,,5013757.0,,0.0,Active,1.0,career
kris dunn,2020,4767000.0,base,,4767000.0,4767000.0,,ATL,1,,,4767000.0,,0.0,Active,1.0,career
kris dunn,2021,5005350.0,base,,5005350.0,5005350.0,,MEM;POR,2,5317429.0,111457;111457;89165,,5317429.0,0.0,Retained;Retained;Retained;Retained,0.0,career
kris dunn,2022,735819.0,base,,735819.0,735819.0,,UTA,1,,132091;132091,735819.0,264182.0,0.0,Active;Retained;Retained,1.0,career
kris dunn,2023,2586665.0,base,,2586665.0,2586665.0,,UTA,1,,,2586665.0,,0.0,Active,1.0,career
kris dunn,2024,5168000.0,cap_hit,5168000.0,5168000.0,,,LAC,1,,,5168000.0,,0.0,Active,1.0,contract
kris dunn,2025,5426400.0,cap_hit,5426400.0,5426400.0,,,LAC,1,,,5426400.0,,0.0,Active,1.0,contract
kris dunn,2026,5684800.0,cap_hit,5684800.0,5684800.0,,,LAC,1,,,5684800.0,,0.0,Active,1.0,contract
kris murray,2023,2847480.0,cap_hit,2847480.0,2847480.0,,,POR,1,,,,,,,,contract
kris murray,2024,2990040.0,cap_hit,2990040.0,2990040.0,,,POR,1,,,,,,,,contract
kris murray,2025,3132000.0,cap_hit,3132000.0,3132000.0,,,POR,1,,,,,,,,contract
kris murray,2026,5315004.0,cap_hit,5315004.0,5315004.0,,,MEM,1,,,,,,,,contract
kyle anderson,2014,1093680.0,base,,1093680.0,1093680.0,,SA,1,,,1093680.0,,0.0,Active,1.0,career
kyle anderson,2015,1142880.0,base,,1142880.0,1142880.0,,SA,1,,,1142880.0,,0.0,Active,1.0,career
kyle anderson,2016,1192080.0,base,,1192080.0,1192080.0,,SA,1,,,1192080.0,,0.0,Active,1.0,career
kyle anderson,2017,2151704.0,base,,2151704.0,2151704.0,,SA,1,,,2151704.0,,0.0,Active,1.0,career
kyle anderson,2018,8641000.0,base,,8641000.0,8641000.0,,MEM,1,,,8641000.0,,0.0,Active,1.0,career
kyle anderson,2019,8505984.0,base,,8505984.0,8505984.0,,MEM,1,,,8505984.0,,0.0,Active,1.0,career
kyle anderson,2020,9505100.0,base,,9505100.0,9505100.0,,MEM,1,,,9505100.0,,0.0,Active,1.0,career
kyle anderson,2021,9937150.0,base,,9937150.0,9937150.0,,MEM,1,,,9937150.0,,0.0,Active,1.0,career
kyle anderson,2022,8780488.0,base,,8780488.0,8780488.0,,MIN,1,,,8780488.0,,0.0,Active,1.0,career
kyle anderson,2023,9219512.0,base,,9219512.0,9219512.0,,MIN,1,,,9219512.0,,0.0,Active,1.0,career
kyle anderson,2024,8780488.0,base,,8780488.0,8780488.0,,MIA;GS,2,8831985.0,51497,8780488.0,,51497.0,Active;NBA Cup,1.0,career
kyle anderson,2025,2684047.0,base,,2684047.0,2684047.0,,MEM;MIN,2,9198626.0,898095;5616484,898095.0,8300531.0,0.0,Buyout;Active;Retained,1.0,career
kyle anderson,2026,2449421.0,cap_hit,2449421.0,3876529.0,,,TOR,1,,,3876529.0,,0.0,Active,1.0,contract
kyle filipowski,2024,3000000.0,cap_hit,3000000.0,3000000.0,,,UTA,1,,,,,,,,contract
kyle filipowski,2025,3000000.0,cap_hit,3000000.0,3000000.0,,,UTA,1,,,,,,,,contract
kyle filipowski,2026,3000000.0,cap_hit,3000000.0,3000000.0,,,UTA,1,,,,,,,,contract
kyle filipowski,2027,3000000.0,cap_hit,3000000.0,3000000.0,,,UTA,1,,,,,,,,contract
kyle guy,2021,95930.0,base,,95930.0,95930.0,,MIA,1,,95930,,191860.0,0.0,Retained;Retained,0.0,career
kyle korver,2003,366931.0,base,,366931.0,366931.0,,PHI,1,,,366931.0,,0.0,Active,1.0,career
kyle korver,2004,620046.0,base,,620046.0,620046.0,,PHI,1,,,620046.0,,0.0,Active,1.0,career
kyle korver,2005,3630363.0,base,,3630363.0,3630363.0,,PHI,1,,,3630363.0,,0.0,Active,1.0,career
kyle korver,2006,4018182.0,base,,4018182.0,4018182.0,,PHI,1,,,4018182.0,,0.0,Active,1.0,career
kyle korver,2007,4400000.0,base,,4400000.0,4400000.0,,UTA,1,,,4400000.0,,0.0,Active,1.0,career
kyle korver,2008,4781818.0,base,,4781818.0,4781818.0,,UTA,1,,,4781818.0,,0.0,Active,1.0,career
kyle korver,2009,5163636.0,base,,5163636.0,5163636.0,,UTA,1,,,5163636.0,,0.0,Active,1.0,career
kyle korver,2010,5000000.0,base,,5000000.0,5000000.0,,CHI,1,,,5000000.0,,0.0,Active,1.0,career
kyle korver,2011,4024390.0,base,,4024390.0,4024390.0,,CHI,1,,,,,,,,career
kyle korver,2012,5000000.0,base,,5000000.0,5000000.0,,ATL,1,,,5000000.0,,0.0,Active,1.0,career
kyle korver,2013,6760563.0,base,,6760563.0,6760563.0,,ATL,1,,,6760563.0,,0.0,Active,1.0,career
kyle korver,2014,6253521.0,base,,6253521.0,6253521.0,,ATL,1,,,6253521.0,,0.0,Active,1.0,career
kyle korver,2015,5746479.0,base,,5746479.0,5746479.0,,ATL,1,,,5746479.0,,0.0,Active,1.0,career
kyle korver,2016,2311516.0,base,,2311516.0,2311516.0,,ATL;CLE,2,7550953.0,5239437,5239437.0,2311516.0,0.0,Retained;Active,1.0,career
kyle korver,2017,7000000.0,base,,7000000.0,7000000.0,,CLE,1,,,7000000.0,,0.0,Active,1.0,career
kyle korver,2018,1836610.0,base,,1836610.0,1836610.0,,CLE;UTA,2,7560000.0,5723390,5723390.0,1836610.0,0.0,Retained;Active,1.0,career
kyle korver,2019,2404456.0,base,,2404456.0,2404456.0,,MIL;PHX,2,5844456.0,3440000,2404456.0,3440000.0,0.0,Active;Retained,1.0,career
kyle kuzma,2017,1423560.0,base,,1423560.0,1423560.0,,LAL,1,,,1423560.0,,0.0,Active,1.0,career
kyle kuzma,2018,1689840.0,base,,1689840.0,1689840.0,,LAL,1,,,1689840.0,,0.0,Active,1.0,career
kyle kuzma,2019,1851188.0,base,,1851188.0,1851188.0,,LAL,1,,,1851188.0,,0.0,Active,1.0,career
kyle kuzma,2020,3562178.0,base,,3562178.0,3562178.0,,LAL,1,,,3562178.0,,0.0,Active,1.0,career
kyle kuzma,2021,13000000.0,base,,13000000.0,13000000.0,,WSH,1,,,13000000.0,,0.0,Active,1.0,career
kyle kuzma,2022,13000000.0,base,,13000000.0,13000000.0,,WSH,1,,,13000000.0,,0.0,Active,1.0,career
kyle kuzma,2023,25568182.0,cap_hit,25568182.0,25568182.0,,,WSH,1,,,25568182.0,,0.0,Active,1.0,contract
kyle kuzma,2024,24456060.0,cap_hit,24456060.0,23522727.0,,,MIL,1,,,9855747.0,15600312.0,0.0,Active;Retained,1.0,contract
kyle kuzma,2025,22560605.0,cap_hit,22560605.0,21477272.0,,,MIL,1,,,22227272.0,,0.0,Active,1.0,contract
kyle kuzma,2026,20490152.0,cap_hit,20490152.0,19431819.0,,,MIL,1,,,19431819.0,,0.0,Active,1.0,contract
kyle lowry,2006,1011720.0,base,,1011720.0,1011720.0,,MEM,1,,,1011720.0,,0.0,Active,1.0,career
kyle lowry,2007,1087680.0,base,,1087680.0,1087680.0,,MEM,1,,,1087680.0,,0.0,Active,1.0,career
kyle lowry,2008,1163520.0,base,,1163520.0,1163520.0,,MEM,1,,,1163520.0,,0.0,Active,1.0,career
kyle lowry,2009,2034997.0,base,,2034997.0,2034997.0,,HOU,1,,,2034997.0,,0.0,Active,1.0,career
kyle lowry,2010,5750000.0,base,,5750000.0,5750000.0,,HOU,1,,,5750000.0,,0.0,Active,1.0,career
kyle lowry,2011,4628049.0,base,,4628049.0,4628049.0,,HOU,1,,,,,,,,career
kyle lowry,2012,5750000.0,base,,5750000.0,5750000.0,,TOR,1,,,5750000.0,,0.0,Active,1.0,career
kyle lowry,2013,6210000.0,base,,6210000.0,6210000.0,,TOR,1,,,6210000.0,,0.0,Active,1.0,career
kyle lowry,2014,12000000.0,base,,12000000.0,12000000.0,,TOR,1,,,12000000.0,,0.0,Active,1.0,career
kyle lowry,2015,12000000.0,base,,12000000.0,12000000.0,,TOR,1,,,12000000.0,,0.0,Active,1.0,career
kyle lowry,2016,12000000.0,base,,12000000.0,12000000.0,,TOR,1,,,12000000.0,,0.0,Active,1.0,career
kyle lowry,2017,28703704.0,base,,28703704.0,28703704.0,,TOR,1,,,28703704.0,,0.0,Active,1.0,career
kyle lowry,2018,31000000.0,base,,31000000.0,32700000.0,1700000.0,TOR,1,,,32700000.0,,0.0,Active,1.0,career
kyle lowry,2019,32809028.0,base,,32809028.0,33009028.0,200000.0,TOR,1,,,33009028.0,,0.0,Active,1.0,career
kyle lowry,2020,30000000.0,base,,30000000.0,30000000.0,,TOR,1,,,30000000.0,,0.0,Active,1.0,career
kyle lowry,2021,26984128.0,base,,26984128.0,26984128.0,,MIA,1,,,26984128.0,,0.0,Active,1.0,career
kyle lowry,2022,28333334.0,base,,28333334.0,28333334.0,,MIA,1,,,28333334.0,,0.0,Active,1.0,career
kyle lowry,2023,13019949.0,base,,13019949.0,13019949.0,,CHA;PHI;MIA,3,31339415.0,2795839;15523627,2795839.0,28543576.0,0.0,Buyout;Active;Retained,1.0,career
kyle lowry,2024,3303771.0,base,,3303771.0,3303771.0,,PHI,1,,,3303771.0,,0.0,Active,1.0,career
kyle lowry,2025,2296274.0,cap_hit,2296274.0,3634153.0,,,PHI,1,,,3634153.0,,0.0,Active,1.0,contract
kyle o'quinn,2012,788872.0,base,,788872.0,788872.0,,ORL,1,,,788872.0,,0.0,Active,1.0,career
kyle o'quinn,2013,788872.0,base,,788872.0,788872.0,,ORL,1,,,788872.0,,0.0,Active,1.0,career
kyle o'quinn,2014,915243.0,base,,915243.0,915243.0,,ORL,1,,,915243.0,,0.0,Active,1.0,career
kyle o'quinn,2015,3750000.0,base,,3750000.0,3750000.0,,NY,1,,,3750000.0,,0.0,Active,1.0,career
kyle o'quinn,2016,3918750.0,base,,3918750.0,3918750.0,,NY,1,,,3918750.0,,0.0,Active,1.0,career
kyle o'quinn,2017,4087500.0,base,,4087500.0,4087500.0,,NY,1,,,4087500.0,,0.0,Active,1.0,career
kyle o'quinn,2018,4449000.0,base,,4449000.0,4449000.0,,IND,1,,,4449000.0,,0.0,Active,1.0,career
kyle o'quinn,2019,1901807.0,base,,1901807.0,1901807.0,,PHI,1,,,1901807.0,,0.0,Active,1.0,career
kyrie irving,2011,4140518.0,base,,4140518.0,4140518.0,,CLE,1,,,,,,,,career
kyrie irving,2012,5375760.0,base,,5375760.0,5375760.0,,CLE,1,,,,,,,,career
kyrie irving,2013,5607240.0,base,,5607240.0,5607240.0,,CLE,1,,,,,,,,career
kyrie irving,2014,7070730.0,base,,7070730.0,7070730.0,,CLE,1,,,,,,,,career
kyrie irving,2015,16407500.0,base,,16407500.0,16407500.0,,CLE,1,,,,,,,,career
kyrie irving,2016,17638063.0,base,,17638063.0,17638063.0,,CLE,1,,,,,,,,career
kyrie irving,2017,18868625.0,base,,18868625.0,18868625.0,,BOS,1,,,,,,,,career
kyrie irving,2018,20099188.0,base,,20099188.0,20099188.0,,BOS,1,,,,,,,,career
kyrie irving,2019,29758125.0,base,,29758125.0,29758125.0,,BKN,1,,,,,,,,career
kyrie irving,2020,33329100.0,base,,33329100.0,33722850.0,393750.0,BKN,1,,,,,,,,career
kyrie irving,2021,34916200.0,base,,34916200.0,35328700.0,412500.0,BKN,1,,,,,,,,career
kyrie irving,2022,13006923.0,base,,13006923.0,13581923.0,575000.0,DAL;BKN,2,36503300.0,23496377,,,,,,career
kyrie irving,2023,37037037.0,base,,37037037.0,38037037.0,1000000.0,DAL,1,,,,,,,,career
kyrie irving,2024,40000000.0,base,,40000000.0,40000000.0,,DAL,1,,51497,,,,,,career
kyrie irving,2025,36566002.0,cap_hit,36566002.0,36566002.0,,,DAL,1,,,,,,,,contract
kyrie irving,2026,39491282.0,cap_hit,39491282.0,39491282.0,,,DAL,1,,,,,,,,contract
kyrie irving,2027,42416562.0,cap_hit,42416562.0,42416562.0,,,DAL,1,,,,,,,,contract
kyshawn george,2024,2825520.0,cap_hit,2825520.0,2825520.0,,,WSH,1,,,,,,,,contract
kyshawn george,2025,2966760.0,cap_hit,2966760.0,2966760.0,,,WSH,1,,,,,,,,contract
kyshawn george,2026,3108000.0,cap_hit,3108000.0,3108000.0,,,WSH,1,,,,,,,,contract
kyshawn george,2027,5435892.0,cap_hit,5435892.0,5435892.0,,,WSH,1,,,,,,,,contract
kz okpala,2019,842166.0,base,,842166.0,842166.0,,MIA,1,,,842166.0,,0.0,Active,1.0,career
kz okpala,2020,1517981.0,base,,1517981.0,1517981.0,,MIA,1,,,1517981.0,,0.0,Active,1.0,career
kz okpala,2021,1167924.0,base,,1167924.0,1167924.0,,MIA;OKC,2,1782621.0,614697,,1782621.0,0.0,Retained;Retained,0.0,career
kz okpala,2022,1902133.0,base,,1902133.0,1902133.0,,SAC,1,,,,1902133.0,0.0,Retained,0.0,career
lamar stevens,2020,652366.0,base,,652366.0,652366.0,,CLE,1,,,652366.0,,0.0,Active,1.0,career
lamar stevens,2021,1517981.0,base,,1517981.0,1517981.0,,CLE,1,,,1517981.0,,0.0,Active,1.0,career
lamar stevens,2022,1782621.0,base,,1782621.0,1782621.0,,CLE,1,,,1782621.0,,0.0,Active,1.0,career
lamar stevens,2023,50000.0,base,,50000.0,50000.0,,BOS;MEM;SA,3,2542354.0,1286677;805677;400000,805677.0,1686677.0,50000.0,NBA Cup;Retained;Active;Retained,1.0,career
lamar stevens,2024,411529.0,base,,411529.0,411529.0,,MEM,1,,128603;128603,411529.0,257206.0,0.0,Active;Retained;Retained,1.0,career
lamarcus aldridge,2006,4027320.0,base,,4027320.0,4027320.0,,POR,1,,,4027320.0,,0.0,Active,1.0,career
lamarcus aldridge,2007,4329360.0,base,,4329360.0,4329360.0,,POR,1,,,4329360.0,,0.0,Active,1.0,career
lamarcus aldridge,2008,4631400.0,base,,4631400.0,4631400.0,,POR,1,,,4631400.0,,0.0,Active,1.0,career
lamarcus aldridge,2009,5844827.0,base,,5844827.0,5844827.0,,POR,1,,,5844827.0,,0.0,Active,1.0,career
lamarcus aldridge,2010,10744000.0,base,,10744000.0,11244000.0,500000.0,POR,1,,,11244000.0,,0.0,Active,1.0,career
lamarcus aldridge,2011,9555512.0,base,,9555512.0,9957951.0,402439.0,POR,1,,,,,,,,career
lamarcus aldridge,2012,13000000.0,base,,13000000.0,13500000.0,500000.0,POR,1,,,13500000.0,,0.0,Active,1.0,career
lamarcus aldridge,2013,14128000.0,base,,14128000.0,14878000.0,750000.0,POR,1,,,14878000.0,,0.0,Active,1.0,career
lamarcus aldridge,2014,15256000.0,base,,15256000.0,16256000.0,1000000.0,POR,1,,,16256000.0,,0.0,Active,1.0,career
lamarcus aldridge,2015,19689000.0,base,,19689000.0,19689000.0,,SA,1,,,19689000.0,,0.0,Active,1.0,career
lamarcus aldridge,2016,20575005.0,base,,20575005.0,20575005.0,,SA,1,,,20575005.0,,0.0,Active,1.0,career
lamarcus aldridge,2017,21461010.0,base,,21461010.0,21461010.0,,SA,1,,,21461010.0,,0.0,Active,1.0,career
lamarcus aldridge,2018,22347015.0,base,,22347015.0,22347015.0,,SA,1,,,22347015.0,,0.0,Active,1.0,career
lamarcus aldridge,2019,24375000.0,base,,24375000.0,24375000.0,,SA,1,,,24375000.0,,0.0,Active,1.0,career
lamarcus aldridge,2020,878340.0,base,,878340.0,878340.0,,BKN;SA,2,17628340.0,16750000,,17628340.0,0.0,Retained;Retained,0.0,career
lamarcus aldridge,2021,2641691.0,base,,2641691.0,2641691.0,,BKN,1,,,2641691.0,,0.0,Active,1.0,career
lamelo ball,2020,7839960.0,base,,7839960.0,7839960.0,,CHA,1,,,7839960.0,,0.0,Active,1.0,career
lamelo ball,2021,8231760.0,base,,8231760.0,8231760.0,,CHA,1,,,8231760.0,,0.0,Active,1.0,career
lamelo ball,2022,8623920.0,base,,8623920.0,8623920.0,,CHA,1,,,8623920.0,,0.0,Active / Club Exercised,1.0,career
lamelo ball,2023,10900635.0,base,,10900635.0,10900635.0,,CHA,1,,,10900635.0,,0.0,Active / Club Exercised,1.0,career
lamelo ball,2024,35147000.0,cap_hit,35147000.0,35147000.0,,,CHA,1,,,35147000.0,,0.0,Active,1.0,contract
lamelo ball,2025,37958760.0,cap_hit,37958760.0,37958760.0,,,CHA,1,,,37958760.0,,0.0,Active,1.0,contract
lamelo ball,2026,40770520.0,cap_hit,40770520.0,40770520.0,,,MIN,1,,,40770520.0,,0.0,Active,1.0,contract
lamelo ball,2027,43582280.0,cap_hit,43582280.0,43582280.0,,,MIN,1,,,43582280.0,,0.0,Active,1.0,contract
lamelo ball,2028,46394040.0,cap_hit,46394040.0,46394040.0,,,MIN,1,,,46394040.0,,0.0,Active,1.0,contract
lance thomas,2011,172224.0,base,,172224.0,172224.0,,NOH,1,,43056;35880;21528,,,,,,career
lance thomas,2012,762195.0,base,,762195.0,762195.0,,NOH,1,,,762195.0,,0.0,Active,1.0,career
lance thomas,2013,88429.0,base,,88429.0,88429.0,,NO,1,,,,88429.0,0.0,Retained,0.0,career
lance thomas,2014,412730.0,base,,412730.0,412730.0,,NY,1,,423885;55774;55774,423885.0,524278.0,0.0,Retained;Active;Retained;Retained,1.0,career
lance thomas,2015,1636842.0,base,,1636842.0,1636842.0,,NY,1,,,1636842.0,,0.0,Active,1.0,career
lance thomas,2016,6191000.0,base,,6191000.0,6191000.0,,NY,1,,,6191000.0,,0.0,Active,1.0,career
lance thomas,2017,6655325.0,base,,6655325.0,6655325.0,,NY,1,,,6655325.0,,0.0,Active,1.0,career
lance thomas,2018,7119650.0,base,,7119650.0,7119650.0,,NY,1,,,7119650.0,,0.0,Active,1.0,career
lance thomas,2019,262152.0,base,,262152.0,262152.0,,BKN,1,,,262152.0,,0.0,Active,1.0,career
landry shamet,2018,616005.0,base,,616005.0,616005.0,,LAC;PHI,2,1703640.0,1087635,,,,,,career
landry shamet,2019,1870425.0,base,,1870425.0,1870425.0,,BKN,1,,,,,,,,career
landry shamet,2020,2090040.0,base,,2090040.0,2090040.0,,BKN,1,,,,,,,,career
landry shamet,2021,3768342.0,base,,3768342.0,3768342.0,,PHX,1,,,,,,,,career
landry shamet,2022,9500000.0,base,,9500000.0,9500000.0,,PHX,1,,,,,,,,career
landry shamet,2023,10250000.0,base,,10250000.0,10250000.0,,WSH,1,,,,,,,,career
landry shamet,2024,1682008.0,base,,1682008.0,1682008.0,,NY,1,,15000,,,,,,career
landry shamet,2025,3080921.0,base,,3080921.0,3080921.0,,NY,1,,530933,,,,,,career
landry shamet,2026,5490967.0,cap_hit,5490967.0,5490967.0,,,NY,1,,,,,,,,contract
landry shamet,2027,5737500.0,cap_hit,5737500.0,5737500.0,,,NY,1,,,,,,,,contract
landry shamet,2028,6162500.0,cap_hit,6162500.0,6162500.0,,,NY,1,,,,,,,,contract
landry shamet,2029,6587500.0,cap_hit,6587500.0,6587500.0,,,NY,1,,,,,,,,contract
langston galloway,2014,235762.0,base,,235762.0,235762.0,,NY,1,,31000;29843;29843,235762.0,90686.0,0.0,Active;Retained;Retained;Retained,1.0,career
langston galloway,2015,845059.0,base,,845059.0,845059.0,,NY,1,,,845059.0,,0.0,Active,1.0,career
langston galloway,2016,3609412.0,base,,3609412.0,3609412.0,,NO;SAC,2,5200000.0,1590588,1590588.0,3609412.0,0.0,Retained;Active,1.0,career
langston galloway,2017,6666667.0,base,,6666667.0,6666667.0,,DET,1,,,6666667.0,,0.0,Active,1.0,career
langston galloway,2018,7000000.0,base,,7000000.0,7000000.0,,DET,1,,,7000000.0,,0.0,Active,1.0,career
langston galloway,2019,6875000.0,base,,6875000.0,6875000.0,,DET,1,,,6875000.0,,0.0,Active,1.0,career
langston galloway,2020,2028594.0,base,,2028594.0,2028594.0,,PHX,1,,,2028594.0,,0.0,Active,1.0,career
langston galloway,2021,128709.0,base,,128709.0,128709.0,,BKN;MIL,2,386127.0,128709;128709,,386127.0,0.0,Retained;Retained;Retained,0.0,career
larry nance jr.,2015,1155600.0,base,,1155600.0,1155600.0,,LAL,1,,,1155600.0,,0.0,Active,1.0,career
larry nance jr.,2016,1207680.0,base,,1207680.0,1207680.0,,LAL,1,,,1207680.0,,0.0,Active,1.0,career
larry nance jr.,2017,523712.0,base,,523712.0,523712.0,,CLE;LAL,2,1471382.0,947670,523712.0,947670.0,0.0,Active;Retained,1.0,career
larry nance jr.,2018,2272391.0,base,,2272391.0,2272391.0,,CLE,1,,,2272391.0,,0.0,Active,1.0,career
larry nance jr.,2019,11931818.0,base,,11931818.0,11931818.0,,CLE,1,,,11931818.0,,0.0,Active,1.0,career
larry nance jr.,2020,11709091.0,base,,11709091.0,11709091.0,,CLE,1,,,11709091.0,,0.0,Active,1.0,career
larry nance jr.,2021,3747962.0,base,,3747962.0,3747962.0,,NO;POR,2,10690909.0,6942947,3747962.0,6942947.0,0.0,Active;Retained,1.0,career
larry nance jr.,2022,9672727.0,base,,9672727.0,9672727.0,,NO,1,,,9672727.0,,0.0,Active,1.0,career
larry nance jr.,2023,10375000.0,base,,10375000.0,10375000.0,,NO,1,,100000,10375000.0,,100000.0,Active;NBA Cup,1.0,career
larry nance jr.,2024,11205000.0,base,,11205000.0,11205000.0,,ATL,1,,102994,11205000.0,,102994.0,Active;NBA Cup,1.0,career
larry nance jr.,2025,3634153.0,base,,3634153.0,3634153.0,,CLE,1,,,3634153.0,,0.0,Active,1.0,career
larry nance jr.,2026,2449421.0,cap_hit,2449421.0,3876529.0,,,IND,1,,,3876529.0,,0.0,Active,1.0,contract
lauri markkanen,2017,3821640.0,base,,3821640.0,3821640.0,,CHI,1,,,3821640.0,,0.0,Active,1.0,career
lauri markkanen,2018,4536120.0,base,,4536120.0,4536120.0,,CHI,1,,,4536120.0,,0.0,Active,1.0,career
lauri markkanen,2019,4969125.0,base,,4969125.0,4969125.0,,CHI,1,,,4969125.0,,0.0,Active,1.0,career
lauri markkanen,2020,6731508.0,base,,6731508.0,6731508.0,,CHI,1,,,6731508.0,,0.0,Active,1.0,career
lauri markkanen,2021,15690909.0,cap_hit,15690909.0,15690909.0,,,CLE,1,,,15690909.0,,0.0,Active,1.0,contract
lauri markkanen,2022,16475454.0,cap_hit,16475454.0,16475454.0,,,UTA,1,,,16475454.0,,0.0,Active,1.0,contract
lauri markkanen,2023,17259999.0,cap_hit,17259999.0,17259999.0,,,UTA,1,,,17259999.0,,0.0,Active,1.0,contract
lauri markkanen,2024,42176400.0,cap_hit,42176400.0,42176400.0,,,UTA,1,,,42176400.0,,0.0,Active,1.0,contract
lauri markkanen,2025,46394100.0,cap_hit,46394100.0,46394100.0,,,UTA,1,,,46394100.0,,0.0,Active,1.0,contract
lauri markkanen,2026,46113154.0,cap_hit,46113154.0,46113154.0,,,UTA,1,,,46113154.0,,0.0,Active,1.0,contract
lauri markkanen,2027,49824681.0,cap_hit,49824681.0,49824681.0,,,UTA,1,,,49824681.0,,0.0,Active,1.0,contract
lauri markkanen,2028,53536209.0,cap_hit,53536209.0,53536209.0,,,UTA,1,,,53536209.0,,0.0,Active,1.0,contract
leandro bolmaro,2021,2353320.0,base,,2353320.0,2353320.0,,MIN,1,,,2353320.0,,0.0,Active,1.0,career
leandro bolmaro,2022,1709300.0,base,,1709300.0,1709300.0,,UTA,1,,,,1709300.0,0.0,Buyout,0.0,career
lebron james,2003,4018290.0,base,,4018290.0,4018290.0,,CLE,1,,,,,,,,career
lebron james,2004,4320360.0,base,,4320360.0,4320360.0,,CLE,1,,,,,,,,career
lebron james,2005,4621800.0,base,,4621800.0,4621800.0,,CLE,1,,,,,,,,career
lebron james,2006,5828090.0,base,,5828090.0,5828090.0,,CLE,1,,,,,,,,career
lebron james,2007,13041250.0,base,,13041250.0,13041250.0,,CLE,1,,,,,,,,career
lebron james,2008,14410581.0,base,,14410581.0,14410581.0,,CLE,1,,,,,,,,career
lebron james,2009,15779912.0,base,,15779912.0,15779912.0,,CLE,1,,,,,,,,career
lebron james,2010,14500000.0,base,,14500000.0,14500000.0,,MIA,1,,,,,,,,career
lebron james,2011,12896159.0,base,,12896159.0,12896159.0,,MIA,1,,,,,,,,career
lebron james,2012,17545000.0,base,,17545000.0,17545000.0,,MIA,1,,,,,,,,career
lebron james,2013,19067500.0,base,,19067500.0,19067500.0,,MIA,1,,,,,,,,career
lebron james,2014,20644400.0,base,,20644400.0,20644400.0,,CLE,1,,,,,,,,career
lebron james,2015,22970500.0,base,,22970500.0,22970500.0,,CLE,1,,,,,,,,career
lebron james,2016,30963450.0,base,,30963450.0,30963450.0,,CLE,1,,,,,,,,career
lebron james,2017,33285709.0,base,,33285709.0,33285709.0,,CLE,1,,,,,,,,career
lebron james,2018,35654150.0,base,,35654150.0,35654150.0,,LAL,1,,,,,,,,career
lebron james,2019,37436858.0,base,,37436858.0,37436858.0,,LAL,1,,,,,,,,career
lebron james,2020,39219566.0,base,,39219566.0,39219566.0,,LAL,1,,,,,,,,career
lebron james,2021,41180544.0,base,,41180544.0,41180544.0,,LAL,1,,,,,,,,career
lebron james,2022,44474988.0,base,,44474988.0,44474988.0,,LAL,1,,,,,,,,career
lebron james,2023,47607350.0,base,,47607350.0,47607350.0,,LAL,1,,500000,,,,,,career
lebron james,2024,48728845.0,base,,48728845.0,48728845.0,,LAL,1,,,,,,,,career
lebron james,2025,52627153.0,base,,52627153.0,52627153.0,,LAL,1,,53093,,,,,,career
lebron james,2026,3876529.0,cap_hit,3876529.0,3876529.0,,,PHI,1,,,,,,,,contract
lebron james,2027,4070355.0,cap_hit,4070355.0,4070355.0,,,PHI,1,,,,,,,,contract
leonard miller,2023,1800000.0,cap_hit,1800000.0,1800000.0,,,MIN,1,,,,,,,,contract
leonard miller,2024,1891857.0,cap_hit,1891857.0,1891857.0,,,MIN,1,,,,,,,,contract
leonard miller,2025,2221677.0,cap_hit,2221677.0,2221677.0,,,CHI,1,,,,,,,,contract
leonard miller,2026,2406205.0,cap_hit,2406205.0,2406205.0,,,CHI,1,,,,,,,,contract
lester quinones,2022,58493.0,base,,58493.0,58493.0,,GS,1,,,,58493.0,0.0,Retained,0.0,career
lester quinones,2023,548815.0,base,,548815.0,548815.0,,GS,1,,,548815.0,,0.0,Active,1.0,career
liam mcneeley,2025,2763960.0,cap_hit,2763960.0,2763960.0,,,CHA,1,,,,,,,,contract
liam mcneeley,2026,2902080.0,cap_hit,2902080.0,2902080.0,,,CHA,1,,,,,,,,contract
liam mcneeley,2027,3040320.0,cap_hit,3040320.0,3040320.0,,,CHA,1,,,,,,,,contract
liam mcneeley,2028,5487778.0,cap_hit,5487778.0,5487778.0,,,CHA,1,,,,,,,,contract
lindy waters iii,2022,1927896.0,base,,1927896.0,1927896.0,,OKC,1,,,1927896.0,,0.0,Active,1.0,career
lindy waters iii,2023,766095.0,base,,766095.0,766095.0,,OKC,1,,,766095.0,,0.0,Active,1.0,career
lindy waters iii,2024,833333.0,base,,833333.0,833333.0,,DET;GS,2,2248467.0,1363637;51497,833333.0,1363637.0,51497.0,Active / Club Exercised;Retained;NBA Cup,1.0,career
lindy waters iii,2025,2296274.0,cap_hit,2296274.0,2461463.0,,,SA,1,,,2461463.0,,212373.0,Active;NBA Cup,1.0,contract
lonzo ball,2017,6286560.0,base,,6286560.0,6286560.0,,LAL,1,,,6286560.0,,0.0,Active,1.0,career
lonzo ball,2018,7461960.0,base,,7461960.0,7461960.0,,LAL,1,,,7461960.0,,0.0,Active,1.0,career
lonzo ball,2019,8174363.0,base,,8174363.0,8174363.0,,NO,1,,,8174363.0,,0.0,Active,1.0,career
lonzo ball,2020,11003782.0,base,,11003782.0,11003782.0,,NO,1,,,11003782.0,,0.0,Active,1.0,career
lonzo ball,2021,18604651.0,base,,18604651.0,18604651.0,,CHI,1,,,18604651.0,,0.0,Active,1.0,career
lonzo ball,2022,19534884.0,base,,19534884.0,19534884.0,,CHI,1,,,19534884.0,,0.0,Active,1.0,career
lonzo ball,2023,20465117.0,base,,20465117.0,20465117.0,,CHI,1,,,20465117.0,,0.0,Active,1.0,career
lonzo ball,2024,21395348.0,base,,21395348.0,21395348.0,,CHI,1,,,21395348.0,,0.0,Active / Player Exercised,1.0,career
lonzo ball,2025,6206897.0,base,,6206897.0,6206897.0,,CLE;UTA,2,10000000.0,3793103,,10000000.0,0.0,Retained;Retained,0.0,career
lou williams,2005,450000.0,base,,450000.0,450000.0,,PHI,1,,,450000.0,,0.0,Active,1.0,career
lou williams,2006,664209.0,base,,664209.0,664209.0,,PHI,1,,,664209.0,,0.0,Active,1.0,career
lou williams,2007,770610.0,base,,770610.0,770610.0,,PHI,1,,,770610.0,,0.0,Active,1.0,career
lou williams,2008,4500000.0,base,,4500000.0,4500000.0,,PHI,1,,,4500000.0,,0.0,Active,1.0,career
lou williams,2009,4972500.0,base,,4972500.0,4972500.0,,PHI,1,,,4972500.0,,0.0,Active,1.0,career
lou williams,2010,5000000.0,base,,5000000.0,5000000.0,,PHI,1,,,5000000.0,,0.0,Active,1.0,career
lou williams,2011,4166049.0,base,,4166049.0,4166049.0,,PHI,1,,,,,,,,career
lou williams,2012,5000000.0,base,,5000000.0,5000000.0,,ATL,1,,,5000000.0,,0.0,Active,1.0,career
lou williams,2013,5225000.0,base,,5225000.0,5225000.0,,ATL,1,,,5225000.0,,0.0,Active,1.0,career
lou williams,2014,5450000.0,base,,5450000.0,5450000.0,,TOR,1,,,5450000.0,,0.0,Active,1.0,career
lou williams,2015,7000000.0,base,,7000000.0,7000000.0,,LAL,1,,,7000000.0,,0.0,Active,1.0,career
lou williams,2016,2058824.0,base,,2058824.0,2058824.0,,HOU;LAL,2,7000000.0,4941176,2058824.0,4941176.0,0.0,Active;Retained,1.0,career
lou williams,2017,7000000.0,base,,7000000.0,7000000.0,,LAC,1,,,7000000.0,,0.0,Active,1.0,career
lou williams,2018,8000000.0,base,,8000000.0,8000000.0,,LAC,1,,,8000000.0,,0.0,Active,1.0,career
lou williams,2019,7500000.0,base,,7500000.0,7500000.0,,LAC,1,,,7500000.0,,0.0,Active,1.0,career
lou williams,2020,2904110.0,base,,2904110.0,2904110.0,,ATL;LAC,2,8000000.0,5095890,2904110.0,5095890.0,0.0,Active;Retained,1.0,career
lou williams,2021,5000000.0,base,,5000000.0,5000000.0,,ATL,1,,,5000000.0,,0.0,Active,1.0,career
luc mbah a moute,2008,757000.0,base,,757000.0,757000.0,,MIL,1,,,757000.0,,0.0,Active,1.0,career
luc mbah a moute,2009,736420.0,base,,736420.0,736420.0,,MIL,1,,,736420.0,,0.0,Active,1.0,career
luc mbah a moute,2010,854389.0,base,,854389.0,854389.0,,MIL,1,,,854389.0,,0.0,Active,1.0,career
luc mbah a moute,2011,3681125.0,base,,3681125.0,5387048.0,,MIL,1,,,,,,,,career
luc mbah a moute,2012,4367711.0,base,,4367711.0,4367711.0,,MIL,1,,,4367711.0,,0.0,Active,1.0,career
luc mbah a moute,2013,4161903.0,base,,4161903.0,4161903.0,,MIN,1,,,4161903.0,,0.0,Active,1.0,career
luc mbah a moute,2014,3956095.0,base,,3956095.0,3956095.0,,PHI,1,,,3956095.0,,0.0,Active,1.0,career
luc mbah a moute,2015,1270964.0,base,,1270964.0,1270964.0,,LAC,1,,,1270964.0,,0.0,Active,1.0,career
luc mbah a moute,2016,2203000.0,base,,2203000.0,2203000.0,,LAC,1,,,2203000.0,,0.0,Active,1.0,career
luc mbah a moute,2017,2116955.0,base,,2116955.0,2116955.0,,HOU,1,,,2116955.0,,0.0,Active,1.0,career
luc mbah a moute,2018,4320500.0,base,,4320500.0,4320500.0,,LAC,1,,,,4320500.0,0.0,Retained,0.0,career
luc mbah a moute,2019,289803.0,base,,289803.0,289803.0,,HOU,1,,,289803.0,,0.0,Active,1.0,career
luca vildoza,2020,3500000.0,base,,3500000.0,3500000.0,,NY,1,,,3500000.0,,0.0,Active,1.0,career
luca vildoza,2021,42789.0,base,,42789.0,42789.0,,MIL,1,,,42789.0,,0.0,Active,1.0,career
luguentz dort,2019,155647.0,base,,155647.0,155647.0,,OKC,1,,,,,,,,career
luguentz dort,2020,1517981.0,base,,1517981.0,1517981.0,,OKC,1,,,,,,,,career
luguentz dort,2021,1782621.0,base,,1782621.0,1782621.0,,OKC,1,,,,,,,,career
luguentz dort,2022,15277778.0,cap_hit,15277778.0,15277778.0,,,OKC,1,,,,,,,,contract
luguentz dort,2023,15277778.0,cap_hit,15277778.0,15277778.0,,,OKC,1,,,,,,,,contract
luguentz dort,2024,17000000.0,cap_hit,17000000.0,16500000.0,,,OKC,1,,,,,,,,contract
luguentz dort,2025,17722222.0,cap_hit,17722222.0,17722222.0,,,OKC,1,,,,,,,,contract
luguentz dort,2026,17722222.0,cap_hit,17722222.0,17722222.0,,,ATL,1,,,,,,,,contract
luka doncic,2018,6560640.0,base,,6560640.0,6560640.0,,DAL,1,,,,,,,,career
luka doncic,2019,7203150.0,base,,7203150.0,7203150.0,,DAL,1,,,,,,,,career
luka doncic,2020,8049360.0,base,,8049360.0,8049360.0,,DAL,1,,,,,,,,career
luka doncic,2021,10174391.0,base,,10174391.0,10174391.0,,DAL,1,,,,,,,,career
luka doncic,2022,37096500.0,base,,37096500.0,37096500.0,,DAL,1,,,,,,,,career
luka doncic,2023,40064220.0,base,,40064220.0,40064220.0,,DAL,1,,,,,,,,career
luka doncic,2024,17559010.0,base,,17559010.0,17559010.0,,LAL;DAL,2,43083437.0,51497;25472930,,,,,,career
luka doncic,2025,45999660.0,base,,45999660.0,45999660.0,,LAL,1,,53093,,,,,,career
luka doncic,2026,49488300.0,cap_hit,49488300.0,49488300.0,,,LAL,1,,,,,,,,contract
luka doncic,2027,53447364.0,cap_hit,53447364.0,53447364.0,,,LAL,1,,,,,,,,contract
luka doncic,2028,57406428.0,cap_hit,57406428.0,57406428.0,,,LAL,1,,,,,,,,contract
luka garza,2021,925258.0,base,,925258.0,925258.0,,DET,1,,,925258.0,,0.0,Active,1.0,career
luka garza,2023,127683.0,base,,127683.0,127683.0,,MIN,1,,,127683.0,,0.0,Active,1.0,career
luka garza,2024,2162606.0,base,,2162606.0,2162606.0,,MIN,1,,,2162606.0,,0.0,Active,1.0,career
luka garza,2025,2461463.0,cap_hit,2461463.0,2461463.0,,,BOS,1,,,2461463.0,,0.0,Active,1.0,contract
luka garza,2026,2801346.0,cap_hit,2801346.0,2801346.0,,,BOS,1,,,2801346.0,,0.0,Active,1.0,contract
luke kennard,2017,2759280.0,base,,2759280.0,2759280.0,,DET,1,,,,,,,,career
luke kennard,2018,3275280.0,base,,3275280.0,3275280.0,,DET,1,,,,,,,,career
luke kennard,2019,3587963.0,base,,3587963.0,3587963.0,,DET,1,,,,,,,,career
luke kennard,2020,5273826.0,base,,5273826.0,5273826.0,,LAC,1,,,,,,,,career
luke kennard,2021,12727273.0,base,,12727273.0,13347727.0,620454.0,LAC,1,,,,,,,,career
luke kennard,2022,4660815.0,base,,4660815.0,4660815.0,,MEM;LAC,2,13745455.0,9084640,,,,,,career
luke kennard,2023,14763636.0,base,,14763636.0,14763636.0,,MEM,1,,,,,,,,career
luke kennard,2024,9250000.0,base,,9250000.0,9250000.0,,MEM,1,,,,,,,,career
luke kennard,2025,6827586.0,base,,6827586.0,6827586.0,,LAL;ATL,2,11000000.0,4172414,,,,,,career
luke kennard,2026,6064000.0,cap_hit,6064000.0,6064000.0,,,PHX,1,,,,,,,,contract
luke kennard,2027,6367200.0,cap_hit,6367200.0,6367200.0,,,PHX,1,,,,,,,,contract
luke kornet,2018,1619260.0,base,,1619260.0,1619260.0,,NY,1,,,,,,,,career
luke kornet,2019,2109375.0,base,,2109375.0,2109375.0,,CHI,1,,,,,,,,career
luke kornet,2020,816781.0,base,,816781.0,816781.0,,BOS;CHI,2,2250000.0,1433219,,,,,,career
luke kornet,2021,606702.0,base,,606702.0,606702.0,,BOS;CLE;MIL,3,812364.0,102831;102831,,,,,,career
luke kornet,2022,2133278.0,base,,2133278.0,2133278.0,,BOS,1,,,,,,,,career
luke kornet,2023,2413304.0,base,,2413304.0,2413304.0,,BOS,1,,50000,,,,,,career
luke kornet,2024,2800834.0,base,,2800834.0,2800834.0,,BOS,1,,,,,,,,career
luke kornet,2025,11000000.0,cap_hit,11000000.0,11000000.0,,,SA,1,,,,,,,,contract
luke kornet,2026,10450000.0,cap_hit,10450000.0,10450000.0,,,SA,1,,,,,,,,contract
luke kornet,2027,9900000.0,cap_hit,9900000.0,9900000.0,,,SA,1,,,,,,,,contract
luke kornet,2028,9350000.0,cap_hit,9350000.0,9350000.0,,,SA,1,,,,,,,,contract
luol deng,2004,2273400.0,base,,2273400.0,2273400.0,,CHI,1,,,2273400.0,,0.0,Active,1.0,career
luol deng,2005,2443920.0,base,,2443920.0,2443920.0,,CHI,1,,,2443920.0,,0.0,Active,1.0,career
luol deng,2006,2614440.0,base,,2614440.0,2614440.0,,CHI,1,,,2614440.0,,0.0,Active,1.0,career
luol deng,2007,3320339.0,base,,3320339.0,3320339.0,,CHI,1,,,3320339.0,,0.0,Active,1.0,career
luol deng,2008,9385000.0,base,,9385000.0,9385000.0,,CHI,1,,,9385000.0,,0.0,Active,1.0,career
luol deng,2009,10370425.0,base,,10370425.0,10370425.0,,CHI,1,,,10370425.0,,0.0,Active,1.0,career
luol deng,2010,11345000.0,base,,11345000.0,11345000.0,,CHI,1,,,11345000.0,,0.0,Active,1.0,career
luol deng,2011,9920122.0,base,,9920122.0,9920122.0,,CHI,1,,,,,,,,career
luol deng,2012,13305000.0,base,,13305000.0,13305000.0,,CHI,1,,,13305000.0,,0.0,Active,1.0,career
luol deng,2013,14275000.0,base,,14275000.0,14275000.0,,CLE,1,,,14275000.0,,0.0,Active,1.0,career
luol deng,2014,9714461.0,base,,9714461.0,9714461.0,,MIA,1,,,9714461.0,,0.0,Active,1.0,career
luol deng,2015,10151612.0,base,,10151612.0,10151612.0,,MIA,1,,,10151612.0,,0.0,Active,1.0,career
luol deng,2016,18000000.0,base,,18000000.0,18000000.0,,LAL,1,,,18000000.0,,0.0,Active,1.0,career
luol deng,2017,17190000.0,base,,17190000.0,17190000.0,,LAL,1,,,17190000.0,,0.0,Active,1.0,career
luol deng,2018,14354067.0,base,,14354067.0,14354067.0,,LAL;MIN,2,16747954.0,2393887,2393887.0,14354067.0,0.0,Retained;Active,1.0,career
luol deng,2019,5000000.0,base,,5000000.0,5000000.0,,LAL,1,,,,5000000.0,0.0,Retained,0.0,career
luol deng,2020,5000000.0,base,,5000000.0,5000000.0,,LAL,1,,,,5000000.0,0.0,Retained,0.0,career
luol deng,2021,5000000.0,base,,5000000.0,5000000.0,,LAL,1,,,,5000000.0,0.0,Retained,0.0,career
mac mcclung,2021,53176.0,base,,53176.0,53176.0,,CHI,1,,53176,,106352.0,0.0,Retained;Retained,0.0,career
mac mcclung,2024,25749.0,base,,25749.0,25749.0,,ORL,1,,,,,25749.0,NBA Cup,0.0,career
mac mcclung,2025,164060.0,base,,164060.0,164060.0,,IND;CHI,2,409124.0,245064,245064.0,164060.0,0.0,Retained;Active,1.0,career
malachi flynn,2020,1950600.0,base,,1950600.0,1950600.0,,TOR,1,,,1950600.0,,0.0,Active,1.0,career
malachi flynn,2021,2048040.0,base,,2048040.0,2048040.0,,TOR,1,,,2048040.0,,0.0,Active,1.0,career
malachi flynn,2022,2145720.0,base,,2145720.0,2145720.0,,TOR,1,,,2145720.0,,0.0,Active / Club Exercised,1.0,career
malachi flynn,2023,1469078.0,base,,1469078.0,1469078.0,,DET;NY;TOR,3,3873025.0,912610;1491337,1469078.0,2403947.0,0.0,Active / Club Exercised;Retained;Retained,1.0,career
malachi flynn,2024,128603.0,base,,128603.0,128603.0,,CHA,1,,,,128603.0,0.0,Retained,0.0,career
malaki branham,2022,2925600.0,base,,2925600.0,2925600.0,,SA,1,,,2925600.0,,0.0,Active,1.0,career
malaki branham,2023,3071880.0,base,,3071880.0,3071880.0,,SA,1,,,3071880.0,,0.0,Active,1.0,career
malaki branham,2024,3217920.0,base,,3217920.0,3217920.0,,SA,1,,,3217920.0,,0.0,Active / Club Exercised,1.0,career
malaki branham,2025,1882150.0,base,,1882150.0,1882150.0,,CHA;DAL;WSH,3,4933515.0,28517;3022848,,4933515.0,0.0,Retained;Retained;Retained,0.0,career
malcolm brogdon,2016,925000.0,base,,925000.0,925000.0,,MIL,1,,,925000.0,,0.0,Active,1.0,career
malcolm brogdon,2017,1312611.0,base,,1312611.0,1312611.0,,MIL,1,,,1312611.0,,0.0,Active,1.0,career
malcolm brogdon,2018,1544951.0,base,,1544951.0,1544951.0,,MIL,1,,,1544951.0,,0.0,Active,1.0,career
malcolm brogdon,2019,18750000.0,base,,18750000.0,18750000.0,,IND,1,,,18750000.0,,0.0,Active,1.0,career
malcolm brogdon,2020,20700000.0,base,,20700000.0,20700000.0,,IND,1,,,20700000.0,,0.0,Active,1.0,career
malcolm brogdon,2021,21700000.0,base,,21700000.0,21700000.0,,IND,1,,,21700000.0,,0.0,Active,1.0,career
malcolm brogdon,2022,22600000.0,base,,22600000.0,22600000.0,,BOS,1,,,22600000.0,,0.0,Active,1.0,career
malcolm brogdon,2023,22500000.0,base,,22500000.0,22500000.0,,POR,1,,,22500000.0,,0.0,Active,1.0,career
malcolm brogdon,2024,22500000.0,base,,22500000.0,22500000.0,,WSH,1,,,22500000.0,,0.0,Active,1.0,career
malcolm hill,2021,53176.0,base,,53176.0,53176.0,,ATL;CHI,2,106352.0,53176,,106352.0,0.0,Retained;Retained,0.0,career
malcolm hill,2023,116075.0,base,,116075.0,116075.0,,NO,1,,,,116075.0,0.0,Retained,0.0,career
malcolm miller,2015,25000.0,base,,25000.0,25000.0,,BOS,1,,,,25000.0,0.0,Retained,0.0,career
malcolm miller,2018,457418.0,base,,457418.0,457418.0,,TOR,1,,,457418.0,,0.0,Active,1.0,career
malcolm miller,2019,1488967.0,base,,1488967.0,1488967.0,,TOR,1,,,1488967.0,,0.0,Active,1.0,career
malik beasley,2016,1627320.0,base,,1627320.0,1627320.0,,DEN,1,,,1627320.0,,0.0,Active,1.0,career
malik beasley,2017,1700640.0,base,,1700640.0,1700640.0,,DEN,1,,,1700640.0,,0.0,Active,1.0,career
malik beasley,2018,1773840.0,base,,1773840.0,1773840.0,,DEN,1,,,1773840.0,,0.0,Active,1.0,career
malik beasley,2019,1635942.0,base,,1635942.0,1635942.0,,DEN;MIN,2,2560982.0,925040,925040.0,1635942.0,0.0,Retained;Active,1.0,career
malik beasley,2020,13325895.0,base,,13325895.0,13625895.0,,MIN,1,,,13625895.0,,0.0,Active,1.0,career
malik beasley,2021,14391964.0,base,,14391964.0,14391964.0,,MIN,1,,,14391964.0,,0.0,Active,1.0,career
malik beasley,2022,5241518.0,base,,5241518.0,5241518.0,,LAL;UTA,2,15458035.0,10216517,5241518.0,10216517.0,0.0,Active;Retained,1.0,career
malik beasley,2023,2709849.0,base,,2709849.0,2709849.0,,MIL,1,,100000,2709849.0,,100000.0,Active;NBA Cup,1.0,career
malik beasley,2024,6000000.0,cap_hit,6000000.0,6000000.0,,,DET,1,,,6000000.0,,0.0,Active,1.0,contract
malik fitts,2020,61528.0,base,,61528.0,61528.0,,LAC,1,,,,61528.0,0.0,Retained,0.0,career
malik fitts,2021,231062.0,base,,231062.0,231062.0,,BOS,1,,85578;85578,231062.0,171156.0,0.0,Active;Retained;Retained,1.0,career
malik fitts,2022,555217.0,base,,555217.0,555217.0,,IND,1,,,,555217.0,0.0,Retained,0.0,career
malik fitts,2023,555217.0,base,,555217.0,555217.0,,IND,1,,,,555217.0,0.0,Retained,0.0,career
malik fitts,2024,555216.0,base,,555216.0,555216.0,,IND,1,,,,555216.0,0.0,Retained,0.0,career
malik monk,2017,2904480.0,base,,2904480.0,2904480.0,,CHA,1,,,,,,,,career
malik monk,2018,3447480.0,base,,3447480.0,3447480.0,,CHA,1,,,,,,,,career
malik monk,2019,3776625.0,base,,3776625.0,3776625.0,,CHA,1,,,,,,,,career
malik monk,2020,5345687.0,base,,5345687.0,5345687.0,,CHA,1,,,,,,,,career
malik monk,2021,1789256.0,base,,1789256.0,1789256.0,,LAL,1,,,,,,,,career
malik monk,2022,9472219.0,base,,9472219.0,9472219.0,,SAC,1,,,,,,,,career
malik monk,2023,9945830.0,base,,9945830.0,9945830.0,,SAC,1,,50000,,,,,,career
malik monk,2024,17405203.0,cap_hit,17405203.0,17405203.0,,,SAC,1,,,,,,,,contract
malik monk,2025,18797619.0,cap_hit,18797619.0,18797619.0,,,SAC,1,,,,,,,,contract
malik monk,2026,20190035.0,cap_hit,20190035.0,20190035.0,,,SAC,1,,,,,,,,contract
malik monk,2027,21582451.0,cap_hit,21582451.0,21582451.0,,,SAC,1,,,,,,,,contract
mamadi diakite,2020,160173.0,base,,160173.0,160173.0,,MIL,1,,,160173.0,,0.0,Active,1.0,career
mamadi diakite,2021,783500.0,base,,783500.0,783500.0,,OKC,1,,85578;85578;85578,,1040234.0,0.0,Retained;Retained;Retained;Retained,0.0,career
mamadi diakite,2023,252525.0,base,,252525.0,252525.0,,NY,1,,120250,252525.0,120250.0,0.0,Active;Retained,1.0,career
mamadi diakite,2024,464050.0,base,,464050.0,464050.0,,MEM,1,,,,464050.0,0.0,Retained,0.0,career
mamadi diakite,2025,464050.0,base,,464050.0,464050.0,,MEM,1,,,,464050.0,0.0,Retained,0.0,career
mamadi diakite,2026,464050.0,base,,464050.0,464050.0,,MEM,1,,,,464050.0,0.0,Retained,0.0,career
marc gasol,2008,3093333.0,base,,3093333.0,3093333.0,,MEM,1,,,3093333.0,,0.0,Active,1.0,career
marc gasol,2009,3240000.0,base,,3240000.0,3240000.0,,MEM,1,,,3240000.0,,0.0,Active,1.0,career
marc gasol,2010,3480000.0,base,,3480000.0,3480000.0,,MEM,1,,,3480000.0,,0.0,Active,1.0,career
marc gasol,2011,10400790.0,base,,10400790.0,10400790.0,,MEM,1,,,,,,,,career
marc gasol,2012,13891359.0,base,,13891359.0,13891359.0,,MEM,1,,,13891359.0,,0.0,Active,1.0,career
marc gasol,2013,14860523.0,base,,14860523.0,14860523.0,,MEM,1,,,14860523.0,,0.0,Active,1.0,career
marc gasol,2014,15829688.0,base,,15829688.0,15829688.0,,MEM,1,,,15829688.0,,0.0,Active,1.0,career
marc gasol,2015,19689000.0,base,,19689000.0,19689000.0,,MEM,1,,,19689000.0,,0.0,Active,1.0,career
marc gasol,2016,21165675.0,base,,21165675.0,21165675.0,,MEM,1,,,21165675.0,,0.0,Active,1.0,career
marc gasol,2017,22642350.0,base,,22642350.0,22642350.0,,MEM,1,,,22642350.0,,0.0,Active,1.0,career
marc gasol,2018,15534287.0,base,,15534287.0,15534287.0,,MEM;TOR,2,24119025.0,8584738,8584738.0,15534287.0,0.0,Retained;Active,1.0,career
marc gasol,2019,23995969.0,base,,23995969.0,23995969.0,,TOR,1,,,23995969.0,,0.0,Active,1.0,career
marc gasol,2020,2564753.0,base,,2564753.0,2564753.0,,LAL,1,,,2564753.0,,0.0,Active,1.0,career
marc gasol,2021,2692991.0,base,,2692991.0,2692991.0,,MEM,1,,,,2692991.0,0.0,Retained,0.0,career
marco belinelli,2007,1345800.0,base,,1345800.0,1345800.0,,GS,1,,,1345800.0,,0.0,Active,1.0,career
marco belinelli,2008,1446720.0,base,,1446720.0,1446720.0,,GS,1,,,1446720.0,,0.0,Active,1.0,career
marco belinelli,2009,1547640.0,base,,1547640.0,1547640.0,,TOR,1,,,1547640.0,,0.0,Active,1.0,career
marco belinelli,2010,2380270.0,base,,2380270.0,2380270.0,,NOH,1,,,2380270.0,,0.0,Active,1.0,career
marco belinelli,2011,3377604.0,base,,3377604.0,3377604.0,,NOH,1,,,,,,,,career
marco belinelli,2012,1957000.0,base,,1957000.0,1957000.0,,CHI,1,,,1957000.0,,0.0,Active,1.0,career
marco belinelli,2013,2750000.0,base,,2750000.0,2750000.0,,SA,1,,,2750000.0,,0.0,Active,1.0,career
marco belinelli,2014,2873750.0,base,,2873750.0,2873750.0,,SA,1,,,2873750.0,,0.0,Active,1.0,career
marco belinelli,2015,6060606.0,base,,6060606.0,6060606.0,,SAC,1,,,6060606.0,,0.0,Active,1.0,career
marco belinelli,2016,6333333.0,base,,6333333.0,6333333.0,,CHA,1,,,6333333.0,,0.0,Active,1.0,career
marco belinelli,2017,6306061.0,base,,6306061.0,6306061.0,,ATL;PHI,2,7082278.0,776217,776217.0,6306061.0,0.0,Retained;Active,1.0,career
marco belinelli,2018,6153846.0,base,,6153846.0,6153846.0,,SA,1,,,6153846.0,,0.0,Active,1.0,career
marco belinelli,2019,5480769.0,base,,5480769.0,5480769.0,,SA,1,,,5480769.0,,0.0,Active,1.0,career
marcus morris,2011,1467518.0,base,,1467518.0,1467518.0,,HOU,1,,,,,,,,career
marcus morris,2012,1905360.0,base,,1905360.0,1905360.0,,PHX,1,,,1905360.0,,0.0,Active,1.0,career
marcus morris,2013,1987320.0,base,,1987320.0,1987320.0,,PHX,1,,,1987320.0,,0.0,Active,1.0,career
marcus morris,2014,2943221.0,base,,2943221.0,2943221.0,,PHX,1,,,2943221.0,,0.0,Active,1.0,career
marcus morris,2015,5000000.0,base,,5000000.0,5000000.0,,DET,1,,,5000000.0,,0.0,Active,1.0,career
marcus morris,2016,4625000.0,base,,4625000.0,4625000.0,,DET,1,,,4625000.0,,0.0,Active,1.0,career
marcus morris,2017,5000000.0,base,,5000000.0,5000000.0,,BOS,1,,,5000000.0,,0.0,Active,1.0,career
marcus morris,2018,5375000.0,base,,5375000.0,5375000.0,,BOS,1,,,5375000.0,,0.0,Active,1.0,career
marcus morris,2019,4994703.0,base,,4994703.0,4994703.0,,LAC;NY,2,14062500.0,9067797,4994703.0,9067797.0,0.0,Active;Retained,1.0,career
marcus morris,2020,14883721.0,base,,14883721.0,14883721.0,,LAC,1,,,14883721.0,,0.0,Active,1.0,career
marcus morris,2021,15627907.0,base,,15627907.0,15627907.0,,LAC,1,,,15627907.0,,0.0,Active,1.0,career
marcus morris,2022,16372093.0,base,,16372093.0,16372093.0,,LAC,1,,,16372093.0,,0.0,Active,1.0,career
marcus morris,2023,312297.0,base,,312297.0,312297.0,,CLE;LAC;PHI;SA,4,17612280.0,183704;688586;10196499;6231194,312297.0,17299983.0,0.0,Active;Retained;Retained;Retained;Retained,1.0,career
marcus sasser,2023,2624040.0,cap_hit,2624040.0,2624040.0,,,DET,1,,,,,,,,contract
marcus sasser,2024,2755080.0,cap_hit,2755080.0,2755080.0,,,DET,1,,,,,,,,contract
marcus sasser,2025,2886720.0,cap_hit,2886720.0,2886720.0,,,DET,1,,,,,,,,contract
marcus sasser,2026,5198983.0,cap_hit,5198983.0,5198983.0,,,DAL,1,,,,,,,,contract
marcus smart,2014,3283320.0,base,,3283320.0,3283320.0,,BOS,1,,,,,,,,career
marcus smart,2015,3431040.0,base,,3431040.0,3431040.0,,BOS,1,,,,,,,,career
marcus smart,2016,3578880.0,base,,3578880.0,3578880.0,,BOS,1,,,,,,,,career
marcus smart,2017,4538020.0,base,,4538020.0,4538020.0,,BOS,1,,,,,,,,career
marcus smart,2018,11160716.0,base,,11160716.0,11660716.0,500000.0,BOS,1,,,,,,,,career
marcus smart,2019,11300129.0,base,,11300129.0,11768879.0,468750.0,BOS,1,,,,,,,,career
marcus smart,2020,12946428.0,base,,12946428.0,13446428.0,500000.0,BOS,1,,,,,,,,career
marcus smart,2021,13839285.0,base,,13839285.0,13839285.0,,BOS,1,,,,,,,,career
marcus smart,2022,16607142.0,base,,16607142.0,17207142.0,600000.0,BOS,1,,,,,,,,career
marcus smart,2023,18583713.0,base,,18583713.0,18583713.0,,MEM,1,,,,,,,,career
marcus smart,2024,7571143.0,base,,7571143.0,7571143.0,,WSH;MEM,2,19960285.0,12389142,,,,,,career
marcus smart,2025,14786855.0,base,,14786855.0,14786855.0,,WSH;LAL,2,19973948.0,5134000;53093,,,,,,career
marcus smart,2026,6064000.0,cap_hit,6064000.0,6064000.0,,,HOU,1,,,,,,,,contract
marcus smart,2027,6367200.0,cap_hit,6367200.0,6367200.0,,,HOU,1,,,,,,,,contract
mario hezonja,2015,3741480.0,base,,3741480.0,3741480.0,,ORL,1,,,3741480.0,,0.0,Active,1.0,career
mario hezonja,2016,3909840.0,base,,3909840.0,3909840.0,,ORL,1,,,3909840.0,,0.0,Active,1.0,career
mario hezonja,2017,4078320.0,base,,4078320.0,4078320.0,,ORL,1,,,4078320.0,,0.0,Active,1.0,career
mario hezonja,2018,6500000.0,base,,6500000.0,6500000.0,,NY,1,,,6500000.0,,0.0,Active,1.0,career
mario hezonja,2019,1628573.0,base,,1628573.0,1628573.0,,POR,1,,,1628573.0,,0.0,Active,1.0,career
mario hezonja,2020,1977011.0,base,,1977011.0,1977011.0,,MEM,1,,,,1977011.0,0.0,Retained,0.0,career
marjon beauchamp,2022,2485200.0,base,,2485200.0,2485200.0,,MIL,1,,,2485200.0,,0.0,Active,1.0,career
marjon beauchamp,2023,2609400.0,base,,2609400.0,2609400.0,,MIL,1,,100000,2609400.0,,100000.0,Active;NBA Cup,1.0,career
marjon beauchamp,2024,1021217.0,base,,1021217.0,1021217.0,,LAC;MIL,2,3248690.0,514970;1712503,,2733720.0,514970.0,Retained;NBA Cup;Retained,0.0,career
mark williams,2022,3722040.0,base,,3722040.0,3722040.0,,CHA,1,,,3722040.0,,0.0,Active,1.0,career
mark williams,2023,3908160.0,base,,3908160.0,3908160.0,,CHA,1,,,3908160.0,,0.0,Active,1.0,career
mark williams,2024,4094280.0,base,,4094280.0,4094280.0,,CHA,1,,,4094280.0,,0.0,Active / Club Exercised,1.0,career
mark williams,2025,6276531.0,base,,6276531.0,6276531.0,,PHX,1,,53093,6276531.0,,53093.0,Active / Club Exercised;NBA Cup,1.0,career
mark williams,2026,11728395.0,cap_hit,11728395.0,11728395.0,,,PHX,1,,,11728395.0,,0.0,Active,1.0,contract
mark williams,2027,12666667.0,cap_hit,12666667.0,12666667.0,,,PHX,1,,,12666667.0,,0.0,Active,1.0,contract
mark williams,2028,13604938.0,cap_hit,13604938.0,13604938.0,,,PHX,1,,,13604938.0,,0.0,Active,1.0,contract
markelle fultz,2017,7026240.0,base,,7026240.0,7026240.0,,PHI,1,,,7026240.0,,0.0,Active,1.0,career
markelle fultz,2018,2968434.0,base,,2968434.0,2968434.0,,ORL;PHI,2,8339880.0,5371446,2968434.0,5371446.0,0.0,Active;Retained,1.0,career
markelle fultz,2019,9136125.0,base,,9136125.0,9136125.0,,ORL,1,,,9136125.0,,0.0,Active,1.0,career
markelle fultz,2020,12288697.0,base,,12288697.0,12288697.0,,ORL,1,,,12288697.0,,0.0,Active,1.0,career
markelle fultz,2021,16500000.0,base,,16500000.0,16500000.0,,ORL,1,,,16500000.0,,0.0,Active,1.0,career
markelle fultz,2022,16500000.0,base,,16500000.0,16500000.0,,ORL,1,,,16500000.0,,0.0,Active,1.0,career
markelle fultz,2023,17000000.0,base,,17000000.0,17000000.0,,ORL,1,,,17000000.0,,0.0,Active,1.0,career
markelle fultz,2024,981902.0,base,,981902.0,981902.0,,SAC,1,,,981902.0,,0.0,Active,1.0,career
markelle fultz,2025,188932.0,base,,188932.0,188932.0,,TOR,1,,,,188932.0,0.0,Retained,0.0,career
markieff morris,2011,1544690.0,base,,1544690.0,1544690.0,,PHX,1,,,,,,,,career
markieff morris,2012,2005560.0,base,,2005560.0,2005560.0,,PHX,1,,,2005560.0,,0.0,Active,1.0,career
markieff morris,2013,2091840.0,base,,2091840.0,2091840.0,,PHX,1,,,2091840.0,,0.0,Active,1.0,career
markieff morris,2014,2989239.0,base,,2989239.0,2989239.0,,PHX,1,,,2989239.0,,0.0,Active,1.0,career
markieff morris,2015,2588235.0,base,,2588235.0,2588235.0,,WSH;PHX,2,8000000.0,5411765,2588235.0,5411765.0,0.0,Active;Retained,1.0,career
markieff morris,2016,7400000.0,base,,7400000.0,7400000.0,,WSH,1,,,7400000.0,,0.0,Active,1.0,career
markieff morris,2017,8000000.0,base,,8000000.0,8000000.0,,WSH,1,,,8000000.0,,0.0,Active,1.0,career
markieff morris,2018,3401130.0,base,,3401130.0,3401130.0,,NO;OKC;WSH,3,9173295.0,573295;5198870,573295.0,8600000.0,0.0,Retained;Active;Retained,1.0,career
markieff morris,2019,2241808.0,base,,2241808.0,2241808.0,,DET;LAL,2,3991808.0,1750000,1750000.0,2241808.0,0.0,Retained;Active,1.0,career
markieff morris,2020,2331593.0,base,,2331593.0,2331593.0,,LAL,1,,,2331593.0,,0.0,Active,1.0,career
markieff morris,2021,2641691.0,base,,2641691.0,2641691.0,,MIA,1,,,2641691.0,,0.0,Active,1.0,career
markieff morris,2022,1035418.0,base,,1035418.0,1035418.0,,DAL;BKN,2,2905851.0,1870433,1035418.0,1870433.0,0.0,Active;Retained,1.0,career
markieff morris,2023,3196448.0,base,,3196448.0,3196448.0,,DAL,1,,,3196448.0,,0.0,Active,1.0,career
markieff morris,2024,1348090.0,base,,1348090.0,1348090.0,,LAL;DAL,2,3355268.0,51497;1955681,1348090.0,1955681.0,51497.0,Active;NBA Cup;Retained,1.0,career
marko guduric,2019,2460938.0,base,,2460938.0,2460938.0,,MEM,1,,,2460938.0,,0.0,Active,1.0,career
marko guduric,2020,2750000.0,base,,2750000.0,2750000.0,,MEM,1,,,,2750000.0,0.0,Retained,0.0,career
marko simonovic,2021,925258.0,base,,925258.0,925258.0,,CHI,1,,,925258.0,,0.0,Active,1.0,career
marko simonovic,2022,1563518.0,base,,1563518.0,1563518.0,,CHI,1,,,1563518.0,,0.0,Active,1.0,career
marquese chriss,2016,2941440.0,base,,2941440.0,2941440.0,,PHX,1,,,2941440.0,,0.0,Active,1.0,career
marquese chriss,2017,3073800.0,base,,3073800.0,3073800.0,,PHX,1,,,3073800.0,,0.0,Active,1.0,career
marquese chriss,2018,1159289.0,base,,1159289.0,1159289.0,,CLE;HOU,2,3206160.0,2046871,1159289.0,2046871.0,0.0,Active;Retained,1.0,career
marquese chriss,2019,758804.0,base,,758804.0,758804.0,,GS,1,,654468,654468.0,758804.0,0.0,Retained;Active,1.0,career
marquese chriss,2020,1161865.0,base,,1161865.0,1161865.0,,GS;SA,2,1824003.0,662138,,1824003.0,0.0,Retained;Retained,0.0,career
marquese chriss,2021,958529.0,base,,958529.0,958529.0,,DAL,1,,111457;111457;111457,958529.0,334371.0,0.0,Active;Retained;Retained;Retained,1.0,career
marquese chriss,2022,2193920.0,base,,2193920.0,2193920.0,,OKC,1,,,,2193920.0,0.0,Retained,0.0,career
marvin bagley iii,2018,7305600.0,base,,7305600.0,7305600.0,,SAC,1,,,7305600.0,,0.0,Active,1.0,career
marvin bagley iii,2019,8021363.0,base,,8021363.0,8021363.0,,SAC,1,,,8021363.0,,0.0,Active,1.0,career
marvin bagley iii,2020,8963640.0,base,,8963640.0,8963640.0,,SAC,1,,,8963640.0,,0.0,Active / Club Exercised,1.0,career
marvin bagley iii,2021,3835717.0,base,,3835717.0,3835717.0,,DET;SAC,2,11312114.0,7476397,3835717.0,7476397.0,0.0,Active / Club Exercised;Retained,1.0,career
marvin bagley iii,2022,12500000.0,base,,12500000.0,12500000.0,,DET,1,,,12500000.0,,0.0,Active,1.0,career
marvin bagley iii,2023,6609195.0,base,,6609195.0,6609195.0,,WSH;DET,2,12500000.0,5890805,6609195.0,5890805.0,0.0,Active;Retained,1.0,career
marvin bagley iii,2024,4741379.0,base,,4741379.0,4741379.0,,MEM;WSH,2,12500000.0,7758621,4741379.0,7758621.0,0.0,Active;Retained,1.0,career
marvin bagley iii,2025,1204038.0,base,,1204038.0,1204038.0,,DAL;WSH,2,3080921.0,1876883,1204038.0,1876883.0,0.0,Active;Retained,1.0,career
marvin bagley iii,2026,2449421.0,cap_hit,2449421.0,3506659.0,,,DEN,1,,,3506659.0,,0.0,Active,1.0,contract
marvin williams,2005,3883560.0,base,,3883560.0,3883560.0,,ATL,1,,,3883560.0,,0.0,Active,1.0,career
marvin williams,2006,4174800.0,base,,4174800.0,4174800.0,,ATL,1,,,4174800.0,,0.0,Active,1.0,career
marvin williams,2007,4466040.0,base,,4466040.0,4466040.0,,ATL,1,,,4466040.0,,0.0,Active,1.0,career
marvin williams,2008,5636143.0,base,,5636143.0,5636143.0,,ATL,1,,,5636143.0,,0.0,Active,1.0,career
marvin williams,2009,7500000.0,base,,7500000.0,7500000.0,,ATL,1,,,7500000.0,,0.0,Active,1.0,career
marvin williams,2010,6712500.0,base,,6712500.0,6712500.0,,ATL,1,,,6712500.0,,0.0,Active,1.0,career
marvin williams,2011,6036585.0,base,,6036585.0,6036585.0,,ATL,1,,,,,,,,career
marvin williams,2012,8287500.0,base,,8287500.0,8287500.0,,UTA,1,,,8287500.0,,0.0,Active,1.0,career
marvin williams,2013,7500000.0,base,,7500000.0,7500000.0,,UTA,1,,,7500000.0,,0.0,Active,1.0,career
marvin williams,2014,7000000.0,base,,7000000.0,7000000.0,,CHA,1,,,7000000.0,,0.0,Active,1.0,career
marvin williams,2015,7000000.0,base,,7000000.0,7000000.0,,CHA,1,,,7000000.0,,0.0,Active,1.0,career
marvin williams,2016,12250000.0,base,,12250000.0,12250000.0,,CHA,1,,,12250000.0,,0.0,Active,1.0,career
marvin williams,2017,13168750.0,base,,13168750.0,13168750.0,,CHA,1,,,13168750.0,,0.0,Active,1.0,career
marvin williams,2018,14087500.0,base,,14087500.0,14087500.0,,CHA,1,,,14087500.0,,0.0,Active,1.0,career
marvin williams,2019,14049901.0,base,,14049901.0,14049901.0,,CHA;MIL,2,15006250.0,956349,956349.0,14049901.0,0.0,Retained;Active,1.0,career
mason plumlee,2013,1298640.0,base,,1298640.0,1298640.0,,BKN,1,,,1298640.0,,0.0,Active,1.0,career
mason plumlee,2014,1357080.0,base,,1357080.0,1357080.0,,BKN,1,,,1357080.0,,0.0,Active,1.0,career
mason plumlee,2015,1415520.0,base,,1415520.0,1415520.0,,POR,1,,,1415520.0,,0.0,Active,1.0,career
mason plumlee,2016,808137.0,base,,808137.0,808137.0,,DEN;POR,2,2328530.0,1520393,808137.0,1520393.0,0.0,Active;Retained,1.0,career
mason plumlee,2017,14041096.0,base,,14041096.0,14041096.0,,DEN,1,,,14041096.0,,0.0,Active,1.0,career
mason plumlee,2018,12917808.0,base,,12917808.0,12917808.0,,DEN,1,,,12917808.0,,0.0,Active,1.0,career
mason plumlee,2019,13163528.0,base,,13163528.0,13163528.0,,DEN,1,,,13163528.0,,0.0,Active,1.0,career
mason plumlee,2020,8000000.0,base,,8000000.0,8000000.0,,DET,1,,,8000000.0,,0.0,Active,1.0,career
mason plumlee,2021,8137500.0,base,,8137500.0,8137500.0,,CHA;DET,2,,,8137500.0,1666250.0,0.0,Active;Retained,1.0,career
mason plumlee,2022,5634339.0,base,,5634339.0,5634339.0,,CHA;LAC,2,8525000.0,2890661,2890661.0,5634339.0,0.0,Retained;Active,1.0,career
mason plumlee,2023,5000000.0,base,,5000000.0,5000000.0,,LAC,1,,,5000000.0,,0.0,Active,1.0,career
mason plumlee,2024,3303771.0,base,,3303771.0,3303771.0,,PHX,1,,,3303771.0,,0.0,Active,1.0,career
mason plumlee,2025,593864.0,cap_hit,593864.0,939867.0,,,SA,1,,,939867.0,3843012.0,0.0,Retained;Retained;Active;Retained,1.0,contract
matas buzelis,2024,5195520.0,cap_hit,5195520.0,5195520.0,,,CHI,1,,,,,,,,contract
matas buzelis,2025,5455560.0,cap_hit,5455560.0,5455560.0,,,CHI,1,,,,,,,,contract
matas buzelis,2026,5715360.0,cap_hit,5715360.0,5715360.0,,,CHI,1,,,,,,,,contract
matas buzelis,2027,7584283.0,cap_hit,7584283.0,7584283.0,,,CHI,1,,,,,,,,contract
matisse thybulle,2019,2582160.0,base,,2582160.0,2582160.0,,PHI,1,,,2582160.0,,0.0,Active,1.0,career
matisse thybulle,2020,2711280.0,base,,2711280.0,2711280.0,,PHI,1,,,2711280.0,,0.0,Active,1.0,career
matisse thybulle,2021,2840160.0,base,,2840160.0,2840160.0,,PHI,1,,,2840160.0,,0.0,Active / Club Exercised,1.0,career
matisse thybulle,2022,1485012.0,base,,1485012.0,1485012.0,,POR;PHI,2,4379527.0,2894515,1485012.0,2894515.0,0.0,Active / Club Exercised;Retained,1.0,career
matisse thybulle,2023,10500000.0,base,,10500000.0,10500000.0,,POR,1,,,10500000.0,,0.0,Active,1.0,career
matisse thybulle,2024,11025000.0,base,,11025000.0,11025000.0,,POR,1,,,11025000.0,,0.0,Active,1.0,career
matisse thybulle,2025,11550000.0,base,,11550000.0,11550000.0,,POR,1,,,11550000.0,,0.0,Active / Player Exercised,1.0,career
matisse thybulle,2026,2449421.0,cap_hit,2449421.0,3286399.0,,,LAL,1,,,3286399.0,,0.0,Active,1.0,contract
matt ryan,2022,442439.0,base,,442439.0,442439.0,,LAL,1,,,,442439.0,0.0,Retained,0.0,career
matt ryan,2023,1500000.0,base,,1500000.0,1500000.0,,NO,1,,50000,1500000.0,,50000.0,Active;NBA Cup,1.0,career
matt ryan,2024,621439.0,base,,621439.0,621439.0,,NY,1,,51497,,621439.0,51497.0,Retained;NBA Cup,0.0,career
matt thomas,2019,842166.0,base,,842166.0,842166.0,,TOR,1,,,842166.0,,0.0,Active,1.0,career
matt thomas,2020,551048.0,base,,551048.0,551048.0,,UTA;TOR,2,1517981.0,966933,551048.0,966933.0,0.0,Active;Retained,1.0,career
matt thomas,2021,1669178.0,base,,1669178.0,1669178.0,,CHI,1,,,1669178.0,,0.0,Active,1.0,career
matthew dellavedova,2013,490180.0,base,,490180.0,490180.0,,CLE,1,,,490180.0,,0.0,Active,1.0,career
matthew dellavedova,2014,816482.0,base,,816482.0,816482.0,,CLE,1,,,816482.0,,0.0,Active,1.0,career
matthew dellavedova,2015,1147276.0,base,,1147276.0,1147276.0,,CLE,1,,,1147276.0,,0.0,Active,1.0,career
matthew dellavedova,2016,9607500.0,base,,9607500.0,9607500.0,,MIL,1,,,9607500.0,,0.0,Active,1.0,career
matthew dellavedova,2017,9607500.0,base,,9607500.0,9607500.0,,MIL,1,,,9607500.0,,0.0,Active,1.0,career
matthew dellavedova,2018,6784958.0,base,,6784958.0,6784958.0,,CLE;MIL,2,9607500.0,2822542,6784958.0,2822542.0,0.0,Active;Retained,1.0,career
matthew dellavedova,2019,9007031.0,base,,9007031.0,9007031.0,,CLE,1,,,9007031.0,,0.0,Active,1.0,career
matthew dellavedova,2020,2174318.0,base,,2174318.0,2174318.0,,CLE,1,,,2174318.0,,0.0,Active,1.0,career
matthew dellavedova,2022,2628597.0,base,,2628597.0,2628597.0,,SAC,1,,,2628597.0,,0.0,Active,1.0,career
maurice harkless,2012,1731960.0,base,,1731960.0,1731960.0,,ORL,1,,,1731960.0,,0.0,Active,1.0,career
maurice harkless,2013,1809840.0,base,,1809840.0,1809840.0,,ORL,1,,,1809840.0,,0.0,Active,1.0,career
maurice harkless,2014,1887840.0,base,,1887840.0,1887840.0,,ORL,1,,,1887840.0,,0.0,Active,1.0,career
maurice harkless,2015,2894059.0,base,,2894059.0,2894059.0,,POR,1,,,2894059.0,,0.0,Active,1.0,career
maurice harkless,2016,8988764.0,base,,8988764.0,9488764.0,500000.0,POR,1,,,9488764.0,,0.0,Active,1.0,career
maurice harkless,2017,9662921.0,base,,9662921.0,10162921.0,500000.0,POR,1,,,10162921.0,,0.0,Active,1.0,career
maurice harkless,2018,10337079.0,base,,10337079.0,10337079.0,,POR,1,,,10337079.0,,0.0,Active,1.0,career
maurice harkless,2019,6656510.0,base,,6656510.0,6656510.0,,LAC;NY,2,10323034.0,3666524,3666524.0,6656510.0,0.0,Retained;Active,1.0,career
maurice harkless,2020,2307801.0,base,,2307801.0,2307801.0,,MIA;SAC,2,3623000.0,1315199,1315199.0,2307801.0,0.0,Retained;Active,1.0,career
maurice harkless,2021,4347600.0,base,,4347600.0,4347600.0,,SAC,1,,,4347600.0,,0.0,Active,1.0,career
maurice harkless,2022,4564980.0,base,,4564980.0,4564980.0,,HOU,1,,,,4564980.0,0.0,Retained,0.0,career
max christie,2022,1017781.0,base,,1017781.0,1017781.0,,LAL,1,,,,,,,,career
max christie,2023,1719864.0,base,,1719864.0,1719864.0,,LAL,1,,500000,,,,,,career
max christie,2024,7142857.0,cap_hit,7142857.0,7142857.0,,,DAL,1,,,,,,,,contract
max christie,2025,7714286.0,cap_hit,7714286.0,7714286.0,,,DAL,1,,,,,,,,contract
max christie,2026,8285714.0,cap_hit,8285714.0,8285714.0,,,DAL,1,,,,,,,,contract
max christie,2027,8857143.0,cap_hit,8857143.0,8857143.0,,,DAL,1,,,,,,,,contract
max strus,2019,415414.0,base,,415414.0,415414.0,,BOS,1,,,,415414.0,0.0,Retained,0.0,career
max strus,2021,1669178.0,base,,1669178.0,1669178.0,,MIA,1,,,1669178.0,,0.0,Active,1.0,career
max strus,2022,1815677.0,base,,1815677.0,1815677.0,,MIA,1,,,1815677.0,,0.0,Active,1.0,career
max strus,2023,14487684.0,cap_hit,14487684.0,14487684.0,,,CLE,1,,,14487684.0,,0.0,Active,1.0,contract
max strus,2024,15212068.0,cap_hit,15212068.0,15212068.0,,,CLE,1,,,15212068.0,,0.0,Active,1.0,contract
max strus,2025,15936452.0,cap_hit,15936452.0,15936452.0,,,CLE,1,,,15936452.0,,0.0,Active,1.0,contract
max strus,2026,16660836.0,cap_hit,16660836.0,16660836.0,,,CLE,1,,,16660836.0,,0.0,Active,1.0,contract
maxi kleber,2017,815615.0,base,,815615.0,815615.0,,DAL,1,,,815615.0,,0.0,Active,1.0,career
maxi kleber,2018,1378242.0,base,,1378242.0,1378242.0,,DAL,1,,,1378242.0,,0.0,Active,1.0,career
maxi kleber,2019,7900000.0,base,,7900000.0,8075000.0,175000.0,DAL,1,,,8075000.0,,0.0,Active,1.0,career
maxi kleber,2020,8150000.0,base,,8150000.0,8475000.0,325000.0,DAL,1,,,8475000.0,,0.0,Active,1.0,career
maxi kleber,2021,8750000.0,base,,8750000.0,8750000.0,,DAL,1,,,8750000.0,,0.0,Active,1.0,career
maxi kleber,2022,9000000.0,base,,9000000.0,9000000.0,,DAL,1,,,9000000.0,,0.0,Active,1.0,career
maxi kleber,2023,11000000.0,base,,11000000.0,11000000.0,,DAL,1,,,11000000.0,,0.0,Active,1.0,career
maxi kleber,2024,4488506.0,base,,4488506.0,4488506.0,,LAL;DAL,2,11051497.0,51497;6511494,4488506.0,6511494.0,51497.0,Active;NBA Cup;Retained,1.0,career
maxi kleber,2025,11000000.0,base,,11000000.0,11000000.0,,LAL,1,,53093,11000000.0,,53093.0,Active;NBA Cup,1.0,career
maxime raynaud,2025,1272870.0,cap_hit,1272870.0,1272870.0,,,SAC,1,,,,,,,,contract
maxime raynaud,2026,2150918.0,cap_hit,2150918.0,2150918.0,,,SAC,1,,,,,,,,contract
maxime raynaud,2027,2525901.0,cap_hit,2525901.0,2525901.0,,,SAC,1,,,,,,,,contract
maxwell lewis,2023,1119563.0,base,,1119563.0,1119563.0,,LAL,1,,500000,1119563.0,,500000.0,Active;NBA Cup,1.0,career
maxwell lewis,2024,1141638.0,base,,1141638.0,1141638.0,,BKN;LAL,2,1891857.0,750219,1141638.0,750219.0,0.0,Active;Retained,1.0,career
maxwell lewis,2025,100000.0,base,,100000.0,100000.0,,BKN,1,,,,100000.0,0.0,Retained,0.0,career
meyers leonard,2012,2126520.0,base,,2126520.0,2126520.0,,POR,1,,,2126520.0,,0.0,Active,1.0,career
meyers leonard,2013,2222160.0,base,,2222160.0,2222160.0,,POR,1,,,2222160.0,,0.0,Active,1.0,career
meyers leonard,2014,2317920.0,base,,2317920.0,2317920.0,,POR,1,,,2317920.0,,0.0,Active,1.0,career
meyers leonard,2015,3075879.0,base,,3075879.0,3075879.0,,POR,1,,,3075879.0,,0.0,Active,1.0,career
meyers leonard,2016,9213483.0,base,,9213483.0,9213483.0,,POR,1,,,9213483.0,,0.0,Active,1.0,career
meyers leonard,2017,9904494.0,base,,9904494.0,9904494.0,,POR,1,,,9904494.0,,0.0,Active,1.0,career
meyers leonard,2018,10595506.0,base,,10595506.0,10595506.0,,POR,1,,,10595506.0,,0.0,Active,1.0,career
meyers leonard,2019,10581110.0,base,,10581110.0,10581110.0,,MIA,1,,,10581110.0,,0.0,Active,1.0,career
meyers leonard,2020,5536986.0,base,,5536986.0,5536986.0,,MIA;OKC,2,9400000.0,3863014,,9400000.0,0.0,Retained;Retained,0.0,career
meyers leonard,2022,409916.0,base,,409916.0,409916.0,,MIL,1,,151821;151821,409916.0,303642.0,0.0,Active;Retained;Retained,1.0,career
mfiondu kabengele,2019,1853438.0,base,,1853438.0,1853438.0,,LAC,1,,,1853438.0,,0.0,Active,1.0,career
mfiondu kabengele,2020,158433.0,base,,158433.0,158433.0,,CLE;LAC;SAC,3,2432353.0,99020;99020;1293870;782010,158433.0,2273920.0,0.0,Active;Retained;Retained;Retained;Retained,1.0,career
mfiondu kabengele,2021,19186.0,base,,19186.0,19186.0,,HOU,1,,,,19186.0,0.0,Retained,0.0,career
micah peavy,2025,1272870.0,cap_hit,1272870.0,1272870.0,,,NO,1,,,,,,,,contract
micah peavy,2026,2150917.0,cap_hit,2150917.0,2150917.0,,,NO,1,,,,,,,,contract
micah peavy,2027,2525901.0,cap_hit,2525901.0,2525901.0,,,NO,1,,,,,,,,contract
micah peavy,2028,2735698.0,cap_hit,2735698.0,2735698.0,,,NO,1,,,,,,,,contract
micah potter,2021,53176.0,base,,53176.0,53176.0,,DET,1,,,,,,,,career
micah potter,2025,1527805.0,cap_hit,1527805.0,1527805.0,,,IND,1,,,,,,,,contract
micah potter,2026,2801346.0,cap_hit,2801346.0,2801346.0,,,POR,1,,,,,,,,contract
michael carter-williams,2013,2200920.0,base,,2200920.0,2200920.0,,PHI,1,,,2200920.0,,0.0,Active,1.0,career
michael carter-williams,2014,2300040.0,base,,2300040.0,2300040.0,,MIL,1,,,2300040.0,,0.0,Active,1.0,career
michael carter-williams,2015,2399040.0,base,,2399040.0,2399040.0,,MIL,1,,,2399040.0,,0.0,Active,1.0,career
michael carter-williams,2016,3183526.0,base,,3183526.0,3183526.0,,CHI,1,,,3183526.0,,0.0,Active,1.0,career
michael carter-williams,2017,2700000.0,base,,2700000.0,2700000.0,,CHA,1,,,2700000.0,,0.0,Active,1.0,career
michael carter-williams,2018,365966.0,base,,365966.0,365966.0,,CHI;HOU;ORL,3,1468083.0,834034;99290;99290;69503,69503.0,1398580.0,0.0,Retained;Retained;Retained;Retained;Active,1.0,career
michael carter-williams,2019,1901807.0,base,,1901807.0,1901807.0,,ORL,1,,,1901807.0,,0.0,Active,1.0,career
michael carter-williams,2020,3300000.0,base,,3300000.0,3300000.0,,ORL,1,,,3300000.0,,0.0,Active,1.0,career
michael carter-williams,2021,3300000.0,base,,3300000.0,3300000.0,,ORL,1,,,,3300000.0,0.0,Retained,0.0,career
michael carter-williams,2022,652829.0,base,,652829.0,652829.0,,ORL,1,,,652829.0,,0.0,Active,1.0,career
michael kidd-gilchrist,2012,4602720.0,base,,4602720.0,4602720.0,,,0,,,4602720.0,,0.0,Active,1.0,career
michael kidd-gilchrist,2013,4809840.0,base,,4809840.0,4809840.0,,,0,,,4809840.0,,0.0,Active,1.0,career
michael kidd-gilchrist,2014,5016960.0,base,,5016960.0,5016960.0,,CHA,1,,,5016960.0,,0.0,Active,1.0,career
michael kidd-gilchrist,2015,6331403.0,base,,6331403.0,6331403.0,,CHA,1,,,6331403.0,,0.0,Active,1.0,career
michael kidd-gilchrist,2016,13000000.0,base,,13000000.0,13000000.0,,CHA,1,,,13000000.0,,0.0,Active,1.0,career
michael kidd-gilchrist,2017,13000000.0,base,,13000000.0,13000000.0,,CHA,1,,,13000000.0,,0.0,Active,1.0,career
michael kidd-gilchrist,2018,13000000.0,base,,13000000.0,13000000.0,,CHA,1,,,13000000.0,,0.0,Active,1.0,career
michael kidd-gilchrist,2019,12189237.0,base,,12189237.0,12189237.0,,CHA;DAL,2,13000000.0,810763,810763.0,12189237.0,0.0,Retained;Active,1.0,career
michael porter jr.,2018,2894160.0,base,,2894160.0,2894160.0,,DEN,1,,,2894160.0,,0.0,Active,1.0,career
michael porter jr.,2019,3177563.0,base,,3177563.0,3177563.0,,DEN,1,,,3177563.0,,0.0,Active,1.0,career
michael porter jr.,2020,3550800.0,base,,3550800.0,3550800.0,,DEN,1,,,3550800.0,,0.0,Active / Club Exercised,1.0,career
michael porter jr.,2021,5258735.0,base,,5258735.0,5258735.0,,DEN,1,,,5258735.0,,0.0,Active / Club Exercised,1.0,career
michael porter jr.,2022,30913750.0,cap_hit,30913750.0,30913750.0,,,DEN,1,,,30913750.0,,0.0,Active,1.0,contract
michael porter jr.,2023,33386850.0,cap_hit,33386850.0,33386850.0,,,DEN,1,,,33386850.0,,0.0,Active,1.0,contract
michael porter jr.,2024,35859950.0,cap_hit,35859950.0,35859950.0,,,DEN,1,,,35859950.0,,0.0,Active,1.0,contract
michael porter jr.,2025,38333050.0,cap_hit,38333050.0,38333050.0,,,BKN,1,,,38333050.0,,0.0,Active,1.0,contract
michael porter jr.,2026,40806150.0,cap_hit,40806150.0,40806150.0,,,BKN,1,,,40806150.0,,0.0,Active,1.0,contract
mikal bridges,2018,3552960.0,base,,3552960.0,3552960.0,,PHX,1,,,,,,,,career
mikal bridges,2019,3900938.0,base,,3900938.0,3900938.0,,PHX,1,,,,,,,,career
mikal bridges,2020,4359000.0,base,,4359000.0,4359000.0,,PHX,1,,,,,,,,career
mikal bridges,2021,5557725.0,base,,5557725.0,5557725.0,,PHX,1,,,,,,,,career
mikal bridges,2022,21000000.0,cap_hit,21000000.0,21000000.0,,,BKN,1,,,,,,,,contract
mikal bridges,2023,21700000.0,cap_hit,21700000.0,21700000.0,,,BKN,1,,,,,,,,contract
mikal bridges,2024,23300000.0,cap_hit,23300000.0,23300000.0,,,NY,1,,,,,,,,contract
mikal bridges,2025,24900000.0,cap_hit,24900000.0,24900000.0,,,NY,1,,,,,,,,contract
mikal bridges,2026,33482145.0,cap_hit,33482145.0,33482145.0,,,NY,1,,,,,,,,contract
mikal bridges,2027,36160714.0,cap_hit,36160714.0,36160714.0,,,NY,1,,,,,,,,contract
mikal bridges,2028,38839285.0,cap_hit,38839285.0,38839285.0,,,NY,1,,,,,,,,contract
mikal bridges,2029,41517856.0,cap_hit,41517856.0,41517856.0,,,NY,1,,,,,,,,contract
mike conley,2007,3377160.0,base,,3377160.0,3377160.0,,MEM,1,,,3377160.0,,0.0,Active,1.0,career
mike conley,2008,3630480.0,base,,3630480.0,3630480.0,,MEM,1,,,3630480.0,,0.0,Active,1.0,career
mike conley,2009,3883800.0,base,,3883800.0,3883800.0,,MEM,1,,,3883800.0,,0.0,Active,1.0,career
mike conley,2010,4913007.0,base,,4913007.0,4913007.0,,MEM,1,,,4913007.0,,0.0,Active,1.0,career
mike conley,2011,5321508.0,base,,5321508.0,5321508.0,,MEM,1,,,,,,,,career
mike conley,2012,7305786.0,base,,7305786.0,7505786.0,200000.0,MEM,1,,,7505786.0,,0.0,Active,1.0,career
mike conley,2013,8000001.0,base,,8000001.0,8600001.0,600000.0,MEM,1,,,8600001.0,,0.0,Active,1.0,career
mike conley,2014,8694216.0,base,,8694216.0,8694216.0,,MEM,1,,,8694216.0,,0.0,Active,1.0,career
mike conley,2015,9388426.0,base,,9388426.0,9588426.0,200000.0,MEM,1,,,9588426.0,,0.0,Active,1.0,career
mike conley,2016,26540100.0,base,,26540100.0,26540100.0,,MEM,1,,,26540100.0,,0.0,Active,1.0,career
mike conley,2017,28530608.0,base,,28530608.0,28530608.0,,MEM,1,,,28530608.0,,0.0,Active,1.0,career
mike conley,2018,30521115.0,base,,30521115.0,30521115.0,,MEM,1,,,30521115.0,,0.0,Active,1.0,career
mike conley,2019,30479647.0,base,,30479647.0,30479647.0,,UTA,1,,,30479647.0,,0.0,Active,1.0,career
mike conley,2020,34502132.0,base,,34502132.0,34502132.0,,UTA,1,,,34502132.0,,0.0,Active,1.0,career
mike conley,2021,21000000.0,base,,21000000.0,21000000.0,,UTA,1,,,21000000.0,,0.0,Active,1.0,career
mike conley,2022,7690345.0,base,,7690345.0,7690345.0,,MIN;UTA,2,22680000.0,14989655,7690345.0,14989655.0,0.0,Active;Retained,1.0,career
mike conley,2023,24360000.0,base,,24360000.0,24360000.0,,MIN,1,,,24360000.0,,0.0,Active,1.0,career
mike conley,2024,9975962.0,base,,9975962.0,9975962.0,,MIN,1,,,9975962.0,,0.0,Active,1.0,career
mike conley,2025,3352740.0,base,,3352740.0,3352740.0,,CHA;MIN,2,11064961.0,1148727;6563494,1148727.0,9916234.0,0.0,Buyout;Active;Retained,1.0,career
mike conley,2026,2449421.0,cap_hit,2449421.0,3876529.0,,,BOS,1,,,3876529.0,,0.0,Active,1.0,contract
mike muscala,2013,161471.0,base,,161471.0,161471.0,,ATL,1,,,161471.0,,0.0,Active,1.0,career
mike muscala,2014,816482.0,base,,816482.0,816482.0,,ATL,1,,,816482.0,,0.0,Active,1.0,career
mike muscala,2015,947276.0,base,,947276.0,947276.0,,ATL,1,,,947276.0,,0.0,Active,1.0,career
mike muscala,2016,1015696.0,base,,1015696.0,1015696.0,,ATL,1,,,1015696.0,,0.0,Active,1.0,career
mike muscala,2017,5000000.0,base,,5000000.0,5000000.0,,ATL,1,,,5000000.0,,0.0,Active,1.0,career
mike muscala,2018,28249.0,base,,28249.0,28249.0,,LAC;LAL;PHI,3,5000000.0,1779661;3192090,1779661.0,3220339.0,0.0,Retained;Active;Retained,1.0,career
mike muscala,2019,1901807.0,base,,1901807.0,1901807.0,,OKC,1,,,1901807.0,,0.0,Active,1.0,career
mike muscala,2020,2283034.0,base,,2283034.0,2283034.0,,OKC,1,,,2283034.0,,0.0,Active / Player Exercised,1.0,career
mike muscala,2021,3500000.0,base,,3500000.0,3500000.0,,OKC,1,,,3500000.0,,0.0,Active,1.0,career
mike muscala,2022,1186782.0,base,,1186782.0,1186782.0,,BOS;OKC,2,3500000.0,2313218,1186782.0,2313218.0,0.0,Active;Retained,1.0,career
mike muscala,2023,1850575.0,base,,1850575.0,1850575.0,,DET;OKC;WSH,3,4308297.0,808297;1649425,808297.0,3500000.0,0.0,Retained;Active;Retained,1.0,career
mike scott,2012,473604.0,base,,473604.0,473604.0,,ATL,1,,,473604.0,,0.0,Active,1.0,career
mike scott,2013,788872.0,base,,788872.0,788872.0,,ATL,1,,,788872.0,,0.0,Active,1.0,career
mike scott,2014,3333333.0,base,,3333333.0,3333333.0,,ATL,1,,,3333333.0,,0.0,Active,1.0,career
mike scott,2015,3333333.0,base,,3333333.0,3333333.0,,ATL,1,,,3333333.0,,0.0,Active,1.0,career
mike scott,2016,2372549.0,base,,2372549.0,2372549.0,,ATL;PHX,2,3333334.0,960785,,3333334.0,0.0,Retained;Retained,0.0,career
mike scott,2017,1709538.0,base,,1709538.0,1709538.0,,WSH,1,,,1709538.0,,0.0,Active,1.0,career
mike scott,2018,1562215.0,base,,1562215.0,1562215.0,,LAC;PHI,2,5882715.0,4320500,4320500.0,1562215.0,0.0,Retained;Active,1.0,career
mike scott,2019,4481708.0,base,,4481708.0,4481708.0,,PHI,1,,,4481708.0,,0.0,Active,1.0,career
mike scott,2020,5005350.0,base,,5005350.0,5019512.0,,PHI,1,,,5019512.0,,0.0,Active,1.0,career
miles bridges,2018,3206640.0,base,,3206640.0,3206640.0,,CHA,1,,,3206640.0,,0.0,Active,1.0,career
miles bridges,2019,3520688.0,base,,3520688.0,3520688.0,,CHA,1,,,3520688.0,,0.0,Active,1.0,career
miles bridges,2020,3934320.0,base,,3934320.0,3934320.0,,CHA,1,,,3934320.0,,0.0,Active / Club Exercised,1.0,career
miles bridges,2021,5421493.0,base,,5421493.0,5421493.0,,CHA,1,,,5421493.0,,0.0,Active / Club Exercised,1.0,career
miles bridges,2023,7921300.0,base,,7921300.0,7921300.0,,CHA,1,,,7921300.0,,0.0,Active,1.0,career
miles bridges,2024,27173913.0,cap_hit,27173913.0,27173913.0,,,CHA,1,,,27173913.0,,0.0,Active,1.0,contract
miles bridges,2025,25000000.0,cap_hit,25000000.0,25000000.0,,,CHA,1,,,25000000.0,,0.0,Active,1.0,contract
miles bridges,2026,22826087.0,cap_hit,22826087.0,22826087.0,,,PHX,1,,,22826087.0,,0.0,Active,1.0,contract
miles mcbride,2021,925258.0,base,,925258.0,925258.0,,NY,1,,,925258.0,,0.0,Active,1.0,career
miles mcbride,2022,1563518.0,base,,1563518.0,1563518.0,,NY,1,,,1563518.0,,0.0,Active,1.0,career
miles mcbride,2023,1836096.0,base,,1836096.0,1836096.0,,NY,1,,50000,1836096.0,,50000.0,Active / Club Exercised;NBA Cup,1.0,career
miles mcbride,2024,4710144.0,cap_hit,4710144.0,4710144.0,,,NY,1,,,4710144.0,,51497.0,Active;NBA Cup,1.0,contract
miles mcbride,2025,4333333.0,cap_hit,4333333.0,4333333.0,,,NY,1,,,4333333.0,,530933.0,Active;NBA Cup,1.0,contract
miles mcbride,2026,3956523.0,cap_hit,3956523.0,3956523.0,,,NY,1,,,3956523.0,,0.0,Active,1.0,contract
miles plumlee,2012,1073280.0,base,,1073280.0,1073280.0,,IND,1,,,1073280.0,,0.0,Active,1.0,career
miles plumlee,2013,1121520.0,base,,1121520.0,1121520.0,,PHX,1,,,1121520.0,,0.0,Active,1.0,career
miles plumlee,2014,1169880.0,base,,1169880.0,1169880.0,,MIL,1,,,1169880.0,,0.0,Active,1.0,career
miles plumlee,2015,2109293.0,base,,2109293.0,2109293.0,,MIL,1,,,2109293.0,,0.0,Active,1.0,career
miles plumlee,2016,7132353.0,base,,7132353.0,7132353.0,,CHA;MIL,2,12279412.0,5147059,7132353.0,5147059.0,0.0,Active;Retained,1.0,career
miles plumlee,2017,12500000.0,base,,12500000.0,12500000.0,,ATL,1,,,12500000.0,,0.0,Active,1.0,career
miles plumlee,2018,12500000.0,base,,12500000.0,12500000.0,,ATL,1,,,12500000.0,,0.0,Active,1.0,career
miles plumlee,2019,12500000.0,base,,12500000.0,12500000.0,,MEM,1,,,,12500000.0,0.0,Retained,0.0,career
mitchell robinson,2018,1485440.0,base,,1485440.0,1485440.0,,NY,1,,,,,,,,career
mitchell robinson,2019,1462230.0,base,,1462230.0,1462230.0,,NY,1,,,,,,,,career
mitchell robinson,2020,1663861.0,base,,1663861.0,1663861.0,,NY,1,,,,,,,,career
mitchell robinson,2021,1802057.0,base,,1802057.0,1802057.0,,NY,1,,,,,,,,career
mitchell robinson,2022,17045454.0,base,,17045454.0,17045454.0,,NY,1,,,,,,,,career
mitchell robinson,2023,15681818.0,base,,15681818.0,15681818.0,,NY,1,,50000,,,,,,career
mitchell robinson,2024,14318182.0,base,,14318182.0,14318182.0,,NY,1,,51497,,,,,,career
mitchell robinson,2025,12954546.0,base,,12954546.0,12954546.0,,NY,1,,530933,,,,,,career
mitchell robinson,2026,15044000.0,cap_hit,15044000.0,15044000.0,,,BOS,1,,,,,,,,contract
mitchell robinson,2027,15796200.0,cap_hit,15796200.0,15796200.0,,,BOS,1,,,,,,,,contract
mitchell robinson,2028,16548400.0,cap_hit,16548400.0,16548400.0,,,BOS,1,,,,,,,,contract
miye oni,2019,842166.0,base,,842166.0,842166.0,,UTA,1,,,842166.0,,0.0,Active,1.0,career
miye oni,2020,1517981.0,base,,1517981.0,1517981.0,,UTA,1,,,1517981.0,,0.0,Active,1.0,career
miye oni,2021,95930.0,base,,95930.0,95930.0,,NO;OKC;UTA,3,946261.0,51225;799106,,946261.0,0.0,Retained;Retained;Retained,0.0,career
mo bamba,2018,4865040.0,base,,4865040.0,4865040.0,,ORL,1,,,,,,,,career
mo bamba,2019,5341500.0,base,,5341500.0,5341500.0,,ORL,1,,,,,,,,career
mo bamba,2020,5969040.0,base,,5969040.0,5969040.0,,ORL,1,,,,,,,,career
mo bamba,2021,7568743.0,base,,7568743.0,7568743.0,,ORL,1,,,,,,,,career
mo bamba,2022,3492529.0,base,,3492529.0,3492529.0,,LAL;ORL,2,10300000.0,6807471,,,,,,career
mo bamba,2023,2346614.0,base,,2346614.0,2346614.0,,PHI,1,,,,,,,,career
mo bamba,2024,1066273.0,base,,1066273.0,1066273.0,,UTA;NO;LAC,3,2763299.0,150179;1546847,,,,,,career
mo bamba,2025,194771.0,base,,194771.0,194771.0,,TOR;UTA,2,548899.0,177064;177064,,,,,,career
mo bamba,2026,3506659.0,cap_hit,3506659.0,3506659.0,,,UTA,1,,,,,,,,contract
mo bamba,2027,3700320.0,cap_hit,3700320.0,3700320.0,,,UTA,1,,,,,,,,contract
mohamed bamba,2018,4865040.0,base,,4865040.0,4865040.0,,ORL,1,,,,,,,,career
mohamed bamba,2019,5341500.0,base,,5341500.0,5341500.0,,ORL,1,,,,,,,,career
mohamed bamba,2020,5969040.0,base,,5969040.0,5969040.0,,ORL,1,,,,,,,,career
mohamed bamba,2021,7568743.0,base,,7568743.0,7568743.0,,ORL,1,,,,,,,,career
mohamed bamba,2022,3492529.0,base,,3492529.0,3492529.0,,LAL;ORL,2,10300000.0,6807471,,,,,,career
mohamed bamba,2023,2346614.0,base,,2346614.0,2346614.0,,PHI,1,,,,,,,,career
mohamed bamba,2024,1066273.0,base,,1066273.0,1066273.0,,UTA;NO;LAC,3,2763299.0,150179;1546847,,,,,,career
mohamed bamba,2025,194771.0,base,,194771.0,194771.0,,TOR;UTA,2,548899.0,177064;177064,,,,,,career
mohamed bamba,2026,3506659.0,cap_hit,3506659.0,3506659.0,,,UTA,1,,,,,,,,contract
mohamed bamba,2027,3700320.0,cap_hit,3700320.0,3700320.0,,,UTA,1,,,,,,,,contract
mohamed diawara,2025,1272870.0,base,,1272870.0,1272870.0,,NY,1,,530933,,,,,,career
mohamed diawara,2026,2622139.0,cap_hit,2622139.0,2622139.0,,,NY,1,,,,,,,,contract
mohamed diawara,2027,2753246.0,cap_hit,2753246.0,2753246.0,,,NY,1,,,,,,,,contract
mohamed diawara,2028,2884353.0,cap_hit,2884353.0,2884353.0,,,NY,1,,,,,,,,contract
mohamed diawara,2029,3019000.0,cap_hit,3019000.0,3019000.0,,,NY,1,,,,,,,,contract
monte morris,2018,1349383.0,base,,1349383.0,1349383.0,,DEN,1,,,1349383.0,,0.0,Active,1.0,career
monte morris,2019,1488967.0,base,,1488967.0,1488967.0,,DEN,1,,,1488967.0,,0.0,Active,1.0,career
monte morris,2020,1723707.0,base,,1723707.0,1723707.0,,DEN,1,,,1723707.0,,0.0,Active,1.0,career
monte morris,2021,8849071.0,base,,8849071.0,8849071.0,,DEN,1,,,8849071.0,,0.0,Active,1.0,career
monte morris,2022,9125000.0,base,,9125000.0,9125000.0,,WSH,1,,,9125000.0,,0.0,Active,1.0,career
monte morris,2023,6027006.0,base,,6027006.0,6027006.0,,DET;MIN,2,9800926.0,3773920,3773920.0,6027006.0,0.0,Retained;Active,1.0,career
monte morris,2024,2800834.0,base,,2800834.0,2800834.0,,PHX,1,,,2800834.0,,0.0,Active,1.0,career
monte morris,2025,321184.0,base,,321184.0,321184.0,,IND,1,,,,321184.0,0.0,Retained,0.0,career
montrezl harrell,2015,1000000.0,base,,1000000.0,1000000.0,,HOU,1,,,1000000.0,,0.0,Active,1.0,career
montrezl harrell,2016,1045000.0,base,,1045000.0,1045000.0,,HOU,1,,,1045000.0,,0.0,Active,1.0,career
montrezl harrell,2017,1471382.0,base,,1471382.0,1471382.0,,LAC,1,,,1471382.0,,0.0,Active,1.0,career
montrezl harrell,2018,6000000.0,base,,6000000.0,6000000.0,,LAC,1,,,6000000.0,,0.0,Active,1.0,career
montrezl harrell,2019,5625000.0,base,,5625000.0,5625000.0,,LAC,1,,,5625000.0,,0.0,Active,1.0,career
montrezl harrell,2020,9258000.0,base,,9258000.0,9258000.0,,LAL,1,,,9258000.0,,0.0,Active,1.0,career
montrezl harrell,2021,3296167.0,base,,3296167.0,3296167.0,,CHA;WSH,2,9720900.0,6424733,3296167.0,6424733.0,0.0,Active / Player Exercised;Retained,1.0,career
montrezl harrell,2022,2463490.0,base,,2463490.0,2463490.0,,PHI,1,,,2463490.0,,0.0,Active,1.0,career
montrezl harrell,2023,2891467.0,base,,2891467.0,2891467.0,,PHI,1,,,,2891467.0,0.0,Retained,0.0,career
moritz wagner,2018,1762080.0,base,,1762080.0,1762080.0,,LAL,1,,,,,,,,career
moritz wagner,2019,1934550.0,base,,1934550.0,1934550.0,,WSH,1,,,,,,,,career
moritz wagner,2020,784807.0,base,,784807.0,784807.0,,BOS;ORL;WSH,3,2383915.0,221995;1377113,,,,,,career
moritz wagner,2021,1729217.0,base,,1729217.0,1729217.0,,ORL,1,,,,,,,,career
moritz wagner,2022,1878720.0,base,,1878720.0,1878720.0,,ORL,1,,,,,,,,career
moritz wagner,2023,8000000.0,base,,8000000.0,8000000.0,,ORL,1,,,,,,,,career
moritz wagner,2024,11000000.0,base,,11000000.0,11000000.0,,ORL,1,,51497,,,,,,career
moritz wagner,2025,5000000.0,base,,5000000.0,5000000.0,,ORL,1,,106187,,,,,,career
moritz wagner,2026,9000000.0,cap_hit,9000000.0,9000000.0,,,BKN,1,,,,,,,,contract
moritz wagner,2027,9450000.0,cap_hit,9450000.0,9450000.0,,,BKN,1,,,,,,,,contract
moses brown,2020,1250000.0,base,,1250000.0,1250000.0,,OKC,1,,,1250000.0,,0.0,Active,1.0,career
moses brown,2021,95930.0,base,,95930.0,95930.0,,CLE;DAL,2,1912639.0,95930;19186;1701593,19186.0,1893453.0,0.0,Retained;Retained;Active;Retained,1.0,career
moses brown,2022,109318.0,base,,109318.0,109318.0,,BKN,1,,109318,,218636.0,0.0,Retained;Retained,0.0,career
moses brown,2023,2165000.0,base,,2165000.0,2165000.0,,POR,1,,,2165000.0,,0.0,Active,1.0,career
moses brown,2024,139391.0,base,,139391.0,139391.0,,DAL;IND,2,446051.0,306660,,446051.0,0.0,Retained;Retained,0.0,career
moses moody,2021,3562200.0,base,,3562200.0,3562200.0,,GS,1,,,3562200.0,,0.0,Active,1.0,career
moses moody,2022,3740160.0,base,,3740160.0,3740160.0,,GS,1,,,3740160.0,,0.0,Active,1.0,career
moses moody,2023,3918480.0,base,,3918480.0,3918480.0,,GS,1,,,3918480.0,,0.0,Active / Club Exercised,1.0,career
moses moody,2024,5803269.0,base,,5803269.0,5803269.0,,GS,1,,51497,5803269.0,,51497.0,Active / Club Exercised;NBA Cup,1.0,career
moses moody,2025,11574075.0,cap_hit,11574075.0,11574075.0,,,GS,1,,,11574075.0,,0.0,Active,1.0,contract
moses moody,2026,12500000.0,cap_hit,12500000.0,12500000.0,,,GS,1,,,12500000.0,,0.0,Active,1.0,contract
moses moody,2027,13425925.0,cap_hit,13425925.0,13425925.0,,,GS,1,,,13425925.0,,0.0,Active,1.0,contract
mouhamadou gueye,2023,64343.0,base,,64343.0,64343.0,,TOR,1,,,,64343.0,0.0,Retained,0.0,career
mouhamadou gueye,2025,47092.0,base,,47092.0,47092.0,,CHI,1,,,47092.0,,0.0,Active,1.0,career
mouhamed gueye,2023,1119563.0,cap_hit,1119563.0,1119563.0,,,ATL,1,,,,,,,,contract
mouhamed gueye,2024,1891857.0,cap_hit,1891857.0,1891857.0,,,ATL,1,,,,,,,,contract
mouhamed gueye,2025,2221677.0,cap_hit,2221677.0,2221677.0,,,ATL,1,,,,,,,,contract
mouhamed gueye,2026,2406205.0,cap_hit,2406205.0,2406205.0,,,ATL,1,,,,,,,,contract
moussa cisse,2025,85300.0,base,,85300.0,85300.0,,DAL,1,,,,,,,,career
moussa cisse,2026,2185116.0,cap_hit,2185116.0,2185116.0,,,DAL,1,,,,,,,,contract
moussa cisse,2027,2571895.0,cap_hit,2571895.0,2571895.0,,,DAL,1,,,,,,,,contract
mychal mulder,2019,187782.0,base,,187782.0,187782.0,,GS,1,,50752,187782.0,50752.0,0.0,Active;Retained,1.0,career
mychal mulder,2020,1517981.0,base,,1517981.0,1517981.0,,GS,1,,,1517981.0,,0.0,Active,1.0,career
myles turner,2015,2357760.0,base,,2357760.0,2357760.0,,IND,1,,,,,,,,career
myles turner,2016,2463840.0,base,,2463840.0,2463840.0,,IND,1,,,,,,,,career
myles turner,2017,2569920.0,base,,2569920.0,2569920.0,,IND,1,,,,,,,,career
myles turner,2018,3410284.0,base,,3410284.0,3410284.0,,IND,1,,,,,,,,career
myles turner,2019,16875000.0,base,,16875000.0,17375000.0,500000.0,IND,1,,,,,,,,career
myles turner,2020,17500000.0,base,,17500000.0,18000000.0,500000.0,IND,1,,,,,,,,career
myles turner,2021,17500000.0,base,,17500000.0,18000000.0,500000.0,IND,1,,,,,,,,career
myles turner,2022,34569500.0,base,,34569500.0,35069500.0,500000.0,IND,1,,,,,,,,career
myles turner,2023,20975000.0,base,,20975000.0,20975000.0,,IND,1,,200000,,,,,,career
myles turner,2024,19928500.0,base,,19928500.0,19928500.0,,IND,1,,,,,,,,career
myles turner,2025,25318251.0,cap_hit,25318251.0,25318251.0,,,MIL,1,,,,,,,,contract
myles turner,2026,26584164.0,cap_hit,26584164.0,26584164.0,,,MIL,1,,,,,,,,contract
myles turner,2027,27850077.0,cap_hit,27850077.0,27850077.0,,,MIL,1,,,,,,,,contract
myles turner,2028,29115990.0,cap_hit,29115990.0,29115990.0,,,MIL,1,,,,,,,,contract
myron gardner,2025,395029.0,cap_hit,395029.0,395029.0,,,MIA,1,,,,,,,,contract
myron gardner,2026,2584539.0,cap_hit,2584539.0,2584539.0,,,MIA,1,,,,,,,,contract
myron gardner,2027,2525901.0,cap_hit,2525901.0,2525901.0,,,MIA,1,,,,,,,,contract
n'faly dante,2024,51497.0,base,,51497.0,51497.0,,HOU,1,,,,,51497.0,NBA Cup,0.0,career
n'faly dante,2025,2048494.0,base,,2048494.0,2048494.0,,ATL,1,,,,2048494.0,0.0,Retained,0.0,career
nae'qwan tomlin,2024,66503.0,base,,66503.0,66503.0,,CLE,1,,,,,,,,career
nae'qwan tomlin,2025,718150.0,cap_hit,718150.0,718150.0,,,CLE,1,,,,,,,,contract
nae'qwan tomlin,2026,2411090.0,cap_hit,2411090.0,2411090.0,,,CLE,1,,,,,,,,contract
nah'shon hyland,2021,2096880.0,base,,2096880.0,2096880.0,,DEN,1,,,2096880.0,,0.0,Active,1.0,career
nah'shon hyland,2022,746492.0,base,,746492.0,746492.0,,LAC;DEN,2,2201520.0,1455028,746492.0,1455028.0,0.0,Active;Retained,1.0,career
nah'shon hyland,2023,2306400.0,base,,2306400.0,2306400.0,,LAC,1,,,2306400.0,,0.0,Active / Club Exercised,1.0,career
nah'shon hyland,2024,1577339.0,base,,1577339.0,1577339.0,,ATL;LAC,2,4158440.0,2581101,,4158440.0,0.0,Retained;Retained,0.0,career
nah'shon hyland,2025,2461463.0,base,,2461463.0,2461463.0,,MIN,1,,,2461463.0,,0.0,Active,1.0,career
nah'shon hyland,2026,2845883.0,cap_hit,2845883.0,2845883.0,,,MIN,1,,,2845883.0,,0.0,Active,1.0,contract
naji marshall,2020,120000.0,base,,120000.0,120000.0,,NO,1,,,120000.0,,0.0,Active,1.0,career
naji marshall,2021,1517981.0,base,,1517981.0,1517981.0,,NO,1,,,1517981.0,,0.0,Active,1.0,career
naji marshall,2022,1782621.0,base,,1782621.0,1782621.0,,NO,1,,,1782621.0,,0.0,Active,1.0,career
naji marshall,2023,1930681.0,base,,1930681.0,1930681.0,,NO,1,,100000,1930681.0,,100000.0,Active / Club Exercised;NBA Cup,1.0,career
naji marshall,2024,8571429.0,cap_hit,8571429.0,8571429.0,,,DAL,1,,,8571429.0,,51497.0,Active;NBA Cup,1.0,contract
naji marshall,2025,9000000.0,cap_hit,9000000.0,9000000.0,,,DAL,1,,,9000000.0,,0.0,Active,1.0,contract
naji marshall,2026,9428571.0,cap_hit,9428571.0,9428571.0,,,DAL,1,,,9428571.0,,0.0,Active,1.0,contract
nassir little,2019,1973925.0,base,,1973925.0,1973925.0,,POR,1,,,1973925.0,,0.0,Active,1.0,career
nassir little,2020,2210640.0,base,,2210640.0,2210640.0,,POR,1,,,2210640.0,,0.0,Active,1.0,career
nassir little,2021,2316240.0,base,,2316240.0,2316240.0,,POR,1,,,2316240.0,,0.0,Active / Club Exercised,1.0,career
nassir little,2022,4171548.0,base,,4171548.0,4171548.0,,POR,1,,,4171548.0,,0.0,Active / Club Exercised,1.0,career
nassir little,2023,6250000.0,base,,6250000.0,6250000.0,,PHX,1,,50000,6250000.0,,50000.0,Active;NBA Cup,1.0,career
nassir little,2024,3107143.0,base,,3107143.0,3107143.0,,PHX,1,,,,3107143.0,0.0,Retained,0.0,career
nassir little,2025,3107143.0,base,,3107143.0,3107143.0,,PHX,1,,,,3107143.0,0.0,Retained,0.0,career
nassir little,2026,3107143.0,base,,3107143.0,3107143.0,,PHX,1,,,,3107143.0,0.0,Retained,0.0,career
nassir little,2027,3107143.0,base,,3107143.0,3107143.0,,PHX,1,,,,3107143.0,0.0,Retained,0.0,career
nassir little,2028,3107143.0,base,,3107143.0,3107143.0,,PHX,1,,,,3107143.0,0.0,Retained,0.0,career
nassir little,2029,3107143.0,base,,3107143.0,3107143.0,,PHX,1,,,,3107143.0,0.0,Retained,0.0,career
nassir little,2030,3107143.0,base,,3107143.0,3107143.0,,PHX,1,,,,3107143.0,0.0,Retained,0.0,career
nate hinton,2021,85578.0,base,,85578.0,85578.0,,IND,1,,,,85578.0,0.0,Retained,0.0,career
nathan knight,2022,1836090.0,base,,1836090.0,1836090.0,,MIN,1,,,1836090.0,,0.0,Active,1.0,career
nathan knight,2023,25000.0,base,,25000.0,25000.0,,BOS,1,,,,,25000.0,NBA Cup,0.0,career
naz reid,2019,842166.0,base,,842166.0,842166.0,,MIN,1,,,,,,,,career
naz reid,2020,1517981.0,base,,1517981.0,1517981.0,,MIN,1,,,,,,,,career
naz reid,2021,1782621.0,base,,1782621.0,1782621.0,,MIN,1,,,,,,,,career
naz reid,2022,1930681.0,base,,1930681.0,1930681.0,,MIN,1,,,,,,,,career
naz reid,2023,12950400.0,base,,12950400.0,12950400.0,,MIN,1,,,,,,,,career
naz reid,2024,13986432.0,base,,13986432.0,13986432.0,,MIN,1,,,,,,,,career
naz reid,2025,21551724.0,cap_hit,21551724.0,21551724.0,,,MIN,1,,,,,,,,contract
naz reid,2026,23275862.0,cap_hit,23275862.0,23275862.0,,,CHA,1,,,,,,,,contract
naz reid,2027,25000000.0,cap_hit,25000000.0,25000000.0,,,CHA,1,,,,,,,,contract
naz reid,2028,26724138.0,cap_hit,26724138.0,26724138.0,,,CHA,1,,,,,,,,contract
naz reid,2029,28448276.0,cap_hit,28448276.0,28448276.0,,,CHA,1,,,,,,,,contract
neemias queta,2023,250000.0,base,,250000.0,250000.0,,SAC;BOS,2,356253.0,81253;25000,,,,,,career
neemias queta,2024,2162606.0,cap_hit,2162606.0,2162606.0,,,BOS,1,,,,,,,,contract
neemias queta,2025,2349578.0,cap_hit,2349578.0,2349578.0,,,BOS,1,,,,,,,,contract
neemias queta,2026,2667944.0,cap_hit,2667944.0,2667944.0,,,BOS,1,,,,,,,,contract
neemias queta,2027,12500000.0,cap_hit,12500000.0,12500000.0,,,BOS,1,,,,,,,,contract
neemias queta,2028,13500000.0,cap_hit,13500000.0,13500000.0,,,BOS,1,,,,,,,,contract
neemias queta,2029,14500000.0,cap_hit,14500000.0,14500000.0,,,BOS,1,,,,,,,,contract
neemias queta,2030,15500000.0,cap_hit,15500000.0,15500000.0,,,BOS,1,,,,,,,,contract
nemanja bjelica,2015,3950001.0,base,,3950001.0,3950001.0,,MIN,1,,,3950001.0,,0.0,Active,1.0,career
nemanja bjelica,2016,3800000.0,base,,3800000.0,3800000.0,,MIN,1,,,3800000.0,,0.0,Active,1.0,career
nemanja bjelica,2017,3949999.0,base,,3949999.0,3949999.0,,MIN,1,,,3949999.0,,0.0,Active,1.0,career
nemanja bjelica,2018,6500000.0,base,,6500000.0,6500000.0,,SAC,1,,,6500000.0,,0.0,Active,1.0,career
nemanja bjelica,2019,6398438.0,base,,6398438.0,6398438.0,,SAC,1,,,6398438.0,,0.0,Active,1.0,career
nemanja bjelica,2020,2595548.0,base,,2595548.0,2546575.0,,MIA;SAC,2,7150000.0,4554452,2546575.0,4554452.0,0.0,Active;Retained,1.0,career
nemanja bjelica,2021,2089448.0,base,,2089448.0,2089448.0,,GS,1,,,2089448.0,,0.0,Active,1.0,career
nerlens noel,2013,3172320.0,base,,3172320.0,3172320.0,,PHI,1,,,3172320.0,,0.0,Active,1.0,career
nerlens noel,2014,3315120.0,base,,3315120.0,3315120.0,,PHI,1,,,3315120.0,,0.0,Active,1.0,career
nerlens noel,2015,3457800.0,base,,3457800.0,3457800.0,,PHI,1,,,3457800.0,,0.0,Active,1.0,career
nerlens noel,2016,1263765.0,base,,1263765.0,1263765.0,,DAL;PHI,2,4384490.0,3120725,1263765.0,3120725.0,0.0,Active;Retained,1.0,career
nerlens noel,2017,4187598.0,base,,4187598.0,4187598.0,,DAL,1,,,4187598.0,,0.0,Active,1.0,career
nerlens noel,2018,1757429.0,base,,1757429.0,1757429.0,,OKC,1,,,1757429.0,,0.0,Active,1.0,career
nerlens noel,2019,1901807.0,base,,1901807.0,1901807.0,,OKC,1,,,1901807.0,,0.0,Active,1.0,career
nerlens noel,2020,5000000.0,base,,5000000.0,5000000.0,,NY,1,,,5000000.0,,0.0,Active,1.0,career
nerlens noel,2021,8800000.0,base,,8800000.0,8800000.0,,NY,1,,,8800000.0,,0.0,Active,1.0,career
nerlens noel,2022,151821.0,base,,151821.0,151821.0,,BKN;DET,2,9391821.0,9240000,,9391821.0,0.0,Retained;Buyout,0.0,career
nerlens noel,2023,300000.0,base,,300000.0,300000.0,,SAC,1,,,,300000.0,0.0,Retained,0.0,career
nic claxton,2019,842166.0,base,,842166.0,842166.0,,BKN,1,,,842166.0,,0.0,Active,1.0,career
nic claxton,2020,1517981.0,base,,1517981.0,1517981.0,,BKN,1,,,1517981.0,,0.0,Active,1.0,career
nic claxton,2021,1782621.0,base,,1782621.0,1782621.0,,BKN,1,,,1782621.0,,0.0,Active,1.0,career
nic claxton,2022,8500000.0,base,,8500000.0,9350000.0,850000.0,BKN,1,,,9350000.0,,0.0,Active,1.0,career
nic claxton,2023,8750000.0,base,,8750000.0,8750000.0,,BKN,1,,,8750000.0,,0.0,Active,1.0,career
nic claxton,2024,27556817.0,cap_hit,27556817.0,27556817.0,,,BKN,1,,,27556817.0,,0.0,Active,1.0,contract
nic claxton,2025,25541760.0,cap_hit,25541760.0,25352272.0,,,BKN,1,,,25541760.0,,0.0,Active,1.0,contract
nic claxton,2026,23320738.0,cap_hit,23320738.0,23147727.0,,,CHI,1,,,23147727.0,,0.0,Active,1.0,contract
nic claxton,2027,21099720.0,cap_hit,21099720.0,20943184.0,,,CHI,1,,,20943184.0,,0.0,Active,1.0,contract
nick richards,2020,1000000.0,base,,1000000.0,1000000.0,,CHA,1,,,1000000.0,,0.0,Active,1.0,career
nick richards,2021,1517981.0,base,,1517981.0,1517981.0,,CHA,1,,,1517981.0,,0.0,Active,1.0,career
nick richards,2022,1782621.0,base,,1782621.0,1782621.0,,CHA,1,,,1782621.0,,0.0,Active,1.0,career
nick richards,2023,5000000.0,base,,5000000.0,5000000.0,,CHA,1,,,5000000.0,,0.0,Active,1.0,career
nick richards,2024,2528736.0,base,,2528736.0,2528736.0,,PHX;CHA,2,5000000.0,2471264,2528736.0,2471264.0,0.0,Active;Retained,1.0,career
nick richards,2025,1896552.0,base,,1896552.0,1896552.0,,CHI;PHX,2,5053093.0,53093;3103448,1896552.0,3103448.0,53093.0,Active;NBA Cup;Retained,1.0,career
nick smith jr.,2023,2463960.0,base,,2463960.0,2463960.0,,CHA,1,,,2463960.0,,0.0,Active,1.0,career
nick smith jr.,2024,2587200.0,base,,2587200.0,2587200.0,,CHA,1,,,2587200.0,,0.0,Active,1.0,career
nick smith jr.,2025,2710680.0,base,,2710680.0,2710680.0,,CHA;LAL,2,3383201.0,13197;26547;632777,13197.0,3343457.0,26546.0,Retained;Active;NBA Cup;Retained,1.0,career
nickeil alexander-walker,2019,2964840.0,base,,2964840.0,2964840.0,,NO,1,,,,,,,,career
nickeil alexander-walker,2020,3113160.0,base,,3113160.0,3113160.0,,NO,1,,,,,,,,career
nickeil alexander-walker,2021,1105904.0,base,,1105904.0,1105904.0,,UTA;NO;POR,3,3242736.0,2118088;18744,,,,,,career
nickeil alexander-walker,2022,1727460.0,base,,1727460.0,1727460.0,,MIN;UTA,2,3883036.0,2155576,,,,,,career
nickeil alexander-walker,2023,4687500.0,base,,4687500.0,4687500.0,,MIN,1,,,,,,,,career
nickeil alexander-walker,2024,4312500.0,base,,4312500.0,4312500.0,,MIN,1,,,,,,,,career
nickeil alexander-walker,2025,15161800.0,cap_hit,15161800.0,15161800.0,,,ATL,1,,,,,,,,contract
nickeil alexander-walker,2026,14403710.0,cap_hit,14403710.0,14403710.0,,,ATL,1,,,,,,,,contract
nickeil alexander-walker,2027,15161800.0,cap_hit,15161800.0,15161800.0,,,ATL,1,,,,,,,,contract
nickeil alexander-walker,2028,15919890.0,cap_hit,15919890.0,15919890.0,,,ATL,1,,,,,,,,contract
nicolas batum,2008,1040640.0,base,,1040640.0,1040640.0,,POR,1,,,1040640.0,,0.0,Active,1.0,career
nicolas batum,2009,1118760.0,base,,1118760.0,1118760.0,,POR,1,,,1118760.0,,0.0,Active,1.0,career
nicolas batum,2010,1196760.0,base,,1196760.0,1196760.0,,POR,1,,,1196760.0,,0.0,Active,1.0,career
nicolas batum,2011,1734805.0,base,,1734805.0,1734805.0,,POR,1,,,,,,,,career
nicolas batum,2012,10450000.0,base,,10450000.0,10825000.0,,POR,1,,,10825000.0,,0.0,Active,1.0,career
nicolas batum,2013,10920250.0,base,,10920250.0,11295250.0,,POR,1,,,11295250.0,,0.0,Active,1.0,career
nicolas batum,2014,11390500.0,base,,11390500.0,12655057.0,,POR,1,,,12655057.0,,0.0,Active,1.0,career
nicolas batum,2015,11860750.0,base,,11860750.0,13125307.0,,CHA,1,,,13125307.0,,0.0,Active,1.0,career
nicolas batum,2016,20869565.0,base,,20869565.0,20869565.0,,CHA,1,,,20869565.0,,0.0,Active,1.0,career
nicolas batum,2017,22434783.0,base,,22434783.0,22434783.0,,CHA,1,,,22434783.0,,0.0,Active,1.0,career
nicolas batum,2018,24000000.0,base,,24000000.0,24000000.0,,CHA,1,,,24000000.0,,0.0,Active,1.0,career
nicolas batum,2019,23967391.0,base,,23967391.0,23967391.0,,CHA,1,,,23967391.0,,0.0,Active,1.0,career
nicolas batum,2020,8856969.0,base,,8856969.0,8856969.0,,CHA;LAC,2,11421722.0,2564753,2564753.0,8856969.0,0.0,Retained;Active,1.0,career
nicolas batum,2021,8856969.0,base,,8856969.0,8856969.0,,CHA;LAC,2,12026998.0,3170029,3170029.0,8856969.0,0.0,Retained;Active,1.0,career
nicolas batum,2022,10843350.0,base,,10843350.0,10843350.0,,LAC;CHA,2,19700319.0,8856969,10843350.0,8856969.0,0.0,Active;Retained,1.0,career
nicolas batum,2023,11239693.0,base,,11239693.0,11239693.0,,PHI;LAC,2,11710818.0,471125,11239693.0,471125.0,0.0,Active;Retained,1.0,career
nicolas batum,2024,4668000.0,base,,4668000.0,4668000.0,,LAC,1,,,4668000.0,,0.0,Active,1.0,career
nicolas batum,2025,5601600.0,base,,5601600.0,5601600.0,,LAC,1,,,5601600.0,,0.0,Active,1.0,career
nicolas claxton,2019,842166.0,base,,842166.0,842166.0,,BKN,1,,,842166.0,,0.0,Active,1.0,career
nicolas claxton,2020,1517981.0,base,,1517981.0,1517981.0,,BKN,1,,,1517981.0,,0.0,Active,1.0,career
nicolas claxton,2021,1782621.0,base,,1782621.0,1782621.0,,BKN,1,,,1782621.0,,0.0,Active,1.0,career
nicolas claxton,2022,8500000.0,base,,8500000.0,9350000.0,850000.0,BKN,1,,,9350000.0,,0.0,Active,1.0,career
nicolas claxton,2023,8750000.0,base,,8750000.0,8750000.0,,BKN,1,,,8750000.0,,0.0,Active,1.0,career
nicolas claxton,2024,27556817.0,cap_hit,27556817.0,27556817.0,,,BKN,1,,,27556817.0,,0.0,Active,1.0,contract
nicolas claxton,2025,25541760.0,cap_hit,25541760.0,25352272.0,,,BKN,1,,,25541760.0,,0.0,Active,1.0,contract
nicolas claxton,2026,23320738.0,cap_hit,23320738.0,23147727.0,,,CHI,1,,,23147727.0,,0.0,Active,1.0,contract
nicolas claxton,2027,21099720.0,cap_hit,21099720.0,20943184.0,,,CHI,1,,,20943184.0,,0.0,Active,1.0,contract
nik stauskas,2014,2745840.0,base,,2745840.0,2745840.0,,SAC,1,,,2745840.0,,0.0,Active,1.0,career
nik stauskas,2015,2869440.0,base,,2869440.0,2869440.0,,PHI,1,,,2869440.0,,0.0,Active,1.0,career
nik stauskas,2016,2993040.0,base,,2993040.0,2993040.0,,PHI,1,,,2993040.0,,0.0,Active,1.0,career
nik stauskas,2017,2688663.0,base,,2688663.0,2688663.0,,BKN;PHI,2,3807147.0,1118484,2688663.0,1118484.0,0.0,Active;Retained,1.0,career
nik stauskas,2018,540472.0,base,,540472.0,540472.0,,CLE;HOU;IND;POR,4,2092783.0,17457;47891;538383;948580,540472.0,1552311.0,0.0,Active;Retained;Retained;Retained;Retained,1.0,career
nik stauskas,2021,423536.0,base,,423536.0,423536.0,,BOS;MIA,2,534993.0,111457,423536.0,111457.0,0.0,Active;Retained,1.0,career
nik stauskas,2022,702311.0,base,,702311.0,702311.0,,IND,1,,,,702311.0,0.0,Retained,0.0,career
nik stauskas,2023,702311.0,base,,702311.0,702311.0,,IND,1,,,,702311.0,0.0,Retained,0.0,career
nik stauskas,2024,702310.0,base,,702310.0,702310.0,,IND,1,,,,702310.0,0.0,Retained,0.0,career
nikola jokic,2015,1300000.0,base,,1300000.0,1300000.0,,DEN,1,,,,,,,,career
nikola jokic,2016,1358500.0,base,,1358500.0,1358500.0,,DEN,1,,,,,,,,career
nikola jokic,2017,1471382.0,base,,1471382.0,1471382.0,,DEN,1,,,,,,,,career
nikola jokic,2018,24605180.0,base,,24605180.0,25467250.0,862070.0,DEN,1,,,,,,,,career
nikola jokic,2019,25785591.0,base,,25785591.0,26716627.0,931036.0,DEN,1,,,,,,,,career
nikola jokic,2020,28542009.0,base,,28542009.0,29542010.0,1000001.0,DEN,1,,,,,,,,career
nikola jokic,2021,30510423.0,base,,30510423.0,31044906.0,534483.0,DEN,1,,,,,,,,career
nikola jokic,2022,32478838.0,base,,32478838.0,33616770.0,1137932.0,DEN,1,,,,,,,,career
nikola jokic,2023,47607350.0,cap_hit,47607350.0,47607350.0,,,DEN,1,,,,,,,,contract
nikola jokic,2024,51415938.0,cap_hit,51415938.0,51415938.0,,,DEN,1,,,,,,,,contract
nikola jokic,2025,55224526.0,cap_hit,55224526.0,55224526.0,,,DEN,1,,,,,,,,contract
nikola jokic,2026,59033114.0,cap_hit,59033114.0,59033114.0,,,DEN,1,,,,,,,,contract
nikola jokic,2027,62841702.0,cap_hit,62841702.0,62841702.0,,,DEN,1,,,,,,,,contract
nikola vucevic,2011,1324379.0,base,,1324379.0,1324379.0,,PHI,1,,,,,,,,career
nikola vucevic,2012,1719480.0,base,,1719480.0,1719480.0,,ORL,1,,,1719480.0,,0.0,Active,1.0,career
nikola vucevic,2013,1793520.0,base,,1793520.0,1793520.0,,ORL,1,,,1793520.0,,0.0,Active,1.0,career
nikola vucevic,2014,2751260.0,base,,2751260.0,2751260.0,,ORL,1,,,2751260.0,,0.0,Active,1.0,career
nikola vucevic,2015,11250000.0,base,,11250000.0,11250000.0,,ORL,1,,,11250000.0,,0.0,Active,1.0,career
nikola vucevic,2016,11750000.0,base,,11750000.0,11750000.0,,ORL,1,,,11750000.0,,0.0,Active,1.0,career
nikola vucevic,2017,12250000.0,base,,12250000.0,12250000.0,,ORL,1,,,12250000.0,,0.0,Active,1.0,career
nikola vucevic,2018,12750000.0,base,,12750000.0,13250000.0,500000.0,ORL,1,,,13250000.0,,0.0,Active,1.0,career
nikola vucevic,2019,26250000.0,base,,26250000.0,26250000.0,,ORL,1,,,26250000.0,,0.0,Active,1.0,career
nikola vucevic,2020,9438356.0,base,,9438356.0,9438356.0,,CHI;ORL,2,26000000.0,16561644,9438356.0,16561644.0,0.0,Active;Retained,1.0,career
nikola vucevic,2021,24000000.0,base,,24000000.0,24000000.0,,CHI,1,,,24000000.0,,0.0,Active,1.0,career
nikola vucevic,2022,22000000.0,base,,22000000.0,22000000.0,,CHI,1,,,22000000.0,,0.0,Active,1.0,career
nikola vucevic,2023,18518519.0,base,,18518519.0,18518519.0,,CHI,1,,,18518519.0,,0.0,Active,1.0,career
nikola vucevic,2024,20000000.0,base,,20000000.0,20000000.0,,CHI,1,,,20000000.0,,0.0,Active,1.0,career
nikola vucevic,2025,8148148.0,base,,8148148.0,8148148.0,,BOS;CHI,2,21481481.0,13333333,8148148.0,13333333.0,0.0,Active;Retained,1.0,career
nikola vucevic,2026,2449421.0,cap_hit,2449421.0,3876529.0,,,ORL,1,,,3876529.0,,0.0,Active,1.0,contract
nique clifford,2025,3108120.0,cap_hit,3108120.0,3108120.0,,,SAC,1,,,,,,,,contract
nique clifford,2026,3263400.0,cap_hit,3263400.0,3263400.0,,,SAC,1,,,,,,,,contract
nique clifford,2027,3418800.0,cap_hit,3418800.0,3418800.0,,,SAC,1,,,,,,,,contract
nique clifford,2028,5979481.0,cap_hit,5979481.0,5979481.0,,,SAC,1,,,,,,,,contract
noa essengue,2025,5429520.0,cap_hit,5429520.0,5429520.0,,,CHI,1,,,,,,,,contract
noa essengue,2026,5701200.0,cap_hit,5701200.0,5701200.0,,,CHI,1,,,,,,,,contract
noa essengue,2027,5972760.0,cap_hit,5972760.0,5972760.0,,,CHI,1,,,,,,,,contract
noa essengue,2028,8230464.0,cap_hit,8230464.0,8230464.0,,,CHI,1,,,,,,,,contract
noah clowney,2023,3089520.0,cap_hit,3089520.0,3089520.0,,,BKN,1,,,,,,,,contract
noah clowney,2024,3244080.0,cap_hit,3244080.0,3244080.0,,,BKN,1,,,,,,,,contract
noah clowney,2025,3398640.0,cap_hit,3398640.0,3398640.0,,,BKN,1,,,,,,,,contract
noah clowney,2026,5414034.0,cap_hit,5414034.0,5414034.0,,,BKN,1,,,,,,,,contract
noah penda,2025,1272870.0,cap_hit,1272870.0,1272870.0,,,ORL,1,,,,,,,,contract
noah penda,2026,2150917.0,cap_hit,2150917.0,2150917.0,,,ORL,1,,,,,,,,contract
noah penda,2027,2525901.0,cap_hit,2525901.0,2525901.0,,,ORL,1,,,,,,,,contract
noah penda,2028,2735698.0,cap_hit,2735698.0,2735698.0,,,ORL,1,,,,,,,,contract
noah vonleh,2014,2524200.0,base,,2524200.0,2524200.0,,CHA,1,,,2524200.0,,0.0,Active,1.0,career
noah vonleh,2015,2637720.0,base,,2637720.0,2637720.0,,POR,1,,,2637720.0,,0.0,Active,1.0,career
noah vonleh,2016,2751360.0,base,,2751360.0,2751360.0,,POR,1,,,2751360.0,,0.0,Active,1.0,career
noah vonleh,2017,1247625.0,base,,1247625.0,1247625.0,,CHI;POR,2,3505233.0,2257608,1247625.0,2257608.0,0.0,Active;Retained,1.0,career
noah vonleh,2018,1621415.0,base,,1621415.0,1621415.0,,NY,1,,,1621415.0,,0.0,Active,1.0,career
noah vonleh,2019,677260.0,base,,677260.0,677260.0,,DEN;MIN,2,1875000.0,1197740,677260.0,1197740.0,0.0,Active;Retained,1.0,career
noah vonleh,2020,263995.0,base,,263995.0,263995.0,,BKN;CHI,2,361256.0,97261,,361256.0,0.0,Retained;Retained,0.0,career
noah vonleh,2022,1132639.0,base,,1132639.0,1132639.0,,BOS;SA,2,1160955.0,28316,,1160955.0,0.0,Retained;Retained,0.0,career
nolan traore,2025,3811560.0,cap_hit,3811560.0,3811560.0,,,BKN,1,,,,,,,,contract
nolan traore,2026,4002000.0,cap_hit,4002000.0,4002000.0,,,BKN,1,,,,,,,,contract
nolan traore,2027,4193040.0,cap_hit,4193040.0,4193040.0,,,BKN,1,,,,,,,,contract
nolan traore,2028,6457282.0,cap_hit,6457282.0,6457282.0,,,BKN,1,,,,,,,,contract
norman powell,2015,650000.0,base,,650000.0,650000.0,,TOR,1,,,,,,,,career
norman powell,2016,874636.0,base,,874636.0,874636.0,,TOR,1,,,,,,,,career
norman powell,2017,1471382.0,base,,1471382.0,1471382.0,,TOR,1,,,,,,,,career
norman powell,2018,9367200.0,base,,9367200.0,9367200.0,,TOR,1,,,,,,,,career
norman powell,2019,9484290.0,base,,9484290.0,9484290.0,,TOR,1,,,,,,,,career
norman powell,2020,3944489.0,base,,3944489.0,3944489.0,,POR;TOR,2,10865952.0,6921463,,,,,,career
norman powell,2021,5796671.0,base,,5796671.0,5796671.0,,LAC;POR,2,15517242.0,9720571,,,,,,career
norman powell,2022,16758621.0,base,,16758621.0,16758621.0,,LAC,1,,,,,,,,career
norman powell,2023,18000000.0,base,,18000000.0,18000000.0,,LAC,1,,,,,,,,career
norman powell,2024,19241379.0,base,,19241379.0,19241379.0,,LAC,1,,,,,,,,career
norman powell,2025,20482758.0,base,,20482758.0,20482758.0,,MIA,1,,53093,,,,,,career
norman powell,2026,21500000.0,cap_hit,21500000.0,21500000.0,,,CHI,1,,,,,,,,contract
norman powell,2027,22575000.0,cap_hit,22575000.0,22575000.0,,,CHI,1,,,,,,,,contract
norvel pelle,2019,350189.0,base,,350189.0,350189.0,,PHI,1,,,350189.0,,0.0,Active,1.0,career
norvel pelle,2020,217845.0,base,,217845.0,217845.0,,BKN;NY;SAC,3,1014905.0,500000;99020;99020;99020,500000.0,514905.0,0.0,Retained;Active;Retained;Retained;Retained,1.0,career
norvel pelle,2021,95930.0,base,,95930.0,95930.0,,BOS;UTA,2,191860.0,95930,,191860.0,0.0,Retained;Retained,0.0,career
obi toppin,2020,4862040.0,base,,4862040.0,4862040.0,,NY,1,,,4862040.0,,0.0,Active,1.0,career
obi toppin,2021,5105160.0,base,,5105160.0,5105160.0,,NY,1,,,5105160.0,,0.0,Active,1.0,career
obi toppin,2022,5348280.0,base,,5348280.0,5348280.0,,NY,1,,,5348280.0,,0.0,Active / Club Exercised,1.0,career
obi toppin,2023,6803012.0,base,,6803012.0,6803012.0,,IND,1,,200000,6803012.0,,200000.0,Active / Club Exercised;NBA Cup,1.0,career
obi toppin,2024,12975000.0,cap_hit,12975000.0,12975000.0,,,IND,1,,,12975000.0,,0.0,Active,1.0,contract
obi toppin,2025,14000000.0,cap_hit,14000000.0,14000000.0,,,IND,1,,,14000000.0,,0.0,Active,1.0,contract
obi toppin,2026,15000000.0,cap_hit,15000000.0,15000000.0,,,IND,1,,,15000000.0,,0.0,Active,1.0,contract
obi toppin,2027,16025000.0,cap_hit,16025000.0,16025000.0,,,IND,1,,,16025000.0,,0.0,Active,1.0,contract
ochai agbaji,2022,3918360.0,base,,3918360.0,3918360.0,,UTA,1,,,3918360.0,,0.0,Active,1.0,career
ochai agbaji,2023,1560559.0,base,,1560559.0,1560559.0,,TOR;UTA,2,4114200.0,2553641,1560559.0,2553641.0,0.0,Active;Retained,1.0,career
ochai agbaji,2024,4310280.0,base,,4310280.0,4310280.0,,TOR,1,,,4310280.0,,0.0,Active / Club Exercised,1.0,career
ochai agbaji,2025,2421337.0,base,,2421337.0,2421337.0,,BKN;TOR,2,6436618.0,53093;3962188,2421337.0,3962188.0,53093.0,Active / Club Exercised;NBA Cup;Retained,1.0,career
og anunoby,2017,1645200.0,base,,1645200.0,1645200.0,,TOR,1,,,,,,,,career
og anunoby,2018,1952760.0,base,,1952760.0,1952760.0,,TOR,1,,,,,,,,career
og anunoby,2019,2139188.0,base,,2139188.0,2139188.0,,TOR,1,,,,,,,,career
og anunoby,2020,3872215.0,base,,3872215.0,3872215.0,,TOR,1,,,,,,,,career
og anunoby,2021,16071429.0,base,,16071429.0,16071429.0,,TOR,1,,,,,,,,career
og anunoby,2022,17357143.0,base,,17357143.0,17357143.0,,TOR,1,,,,,,,,career
og anunoby,2023,11464286.0,base,,11464286.0,11464286.0,,NY;TOR,2,18642857.0,7178571,,,,,,career
og anunoby,2024,36637932.0,cap_hit,36637932.0,36637932.0,,,NY,1,,,,,,,,contract
og anunoby,2025,39568966.0,cap_hit,39568966.0,39568966.0,,,NY,1,,,,,,,,contract
og anunoby,2026,42500000.0,cap_hit,42500000.0,42500000.0,,,NY,1,,,,,,,,contract
og anunoby,2027,45431034.0,cap_hit,45431034.0,45431034.0,,,NY,1,,,,,,,,contract
og anunoby,2028,48362068.0,cap_hit,48362068.0,48362068.0,,,NY,1,,,,,,,,contract
olivier-maxence prosper,2023,2733720.0,base,,2733720.0,2733720.0,,DAL,1,,,,,,,,career
olivier-maxence prosper,2024,2870400.0,base,,2870400.0,2870400.0,,DAL,1,,51497,,,,,,career
olivier-maxence prosper,2025,527879.0,cap_hit,527879.0,527879.0,,,MEM,1,,,,,,,,contract
olivier-maxence prosper,2026,2497812.0,cap_hit,2497812.0,2497812.0,,,MEM,1,,,,,,,,contract
olivier-maxence prosper,2027,1002360.0,base,,1002360.0,1002360.0,,DAL,1,,,,,,,,career
omari spellman,2018,1620480.0,base,,1620480.0,1620480.0,,ATL,1,,,1620480.0,,0.0,Active,1.0,career
omari spellman,2019,1147258.0,base,,1147258.0,1147258.0,,GS;MIN,2,1779188.0,631930,631930.0,1147258.0,0.0,Retained;Active,1.0,career
omari spellman,2020,1988280.0,base,,1988280.0,1988280.0,,NY,1,,,,1988280.0,0.0,Retained,0.0,career
omer yurtseven,2020,18458.0,base,,18458.0,18458.0,,MIA,1,,,18458.0,,0.0,Active,1.0,career
omer yurtseven,2021,1489065.0,base,,1489065.0,1489065.0,,MIA,1,,,1489065.0,,0.0,Active,1.0,career
omer yurtseven,2022,1752638.0,base,,1752638.0,1752638.0,,MIA,1,,,1752638.0,,0.0,Active,1.0,career
omer yurtseven,2023,2800000.0,base,,2800000.0,2800000.0,,UTA,1,,,2800000.0,,0.0,Active,1.0,career
omer yurtseven,2025,141463.0,base,,141463.0,141463.0,,GS,1,,141463,,282926.0,0.0,Retained;Retained,0.0,career
onyeka okongwu,2020,5813640.0,base,,5813640.0,5813640.0,,ATL,1,,,5813640.0,,0.0,Active,1.0,career
onyeka okongwu,2021,6104280.0,base,,6104280.0,6104280.0,,ATL,1,,,6104280.0,,0.0,Active,1.0,career
onyeka okongwu,2022,6395160.0,base,,6395160.0,6395160.0,,ATL,1,,,6395160.0,,0.0,Active / Club Exercised,1.0,career
onyeka okongwu,2023,8109063.0,base,,8109063.0,8109063.0,,ATL,1,,,8109063.0,,0.0,Active / Club Exercised,1.0,career
onyeka okongwu,2024,14000000.0,cap_hit,14000000.0,14000000.0,,,ATL,1,,,14000000.0,,102994.0,Active;NBA Cup,1.0,contract
onyeka okongwu,2025,15000000.0,cap_hit,15000000.0,15000000.0,,,ATL,1,,,15000000.0,,0.0,Active,1.0,contract
onyeka okongwu,2026,16100000.0,cap_hit,16100000.0,16100000.0,,,ATL,1,,,16100000.0,,0.0,Active,1.0,contract
onyeka okongwu,2027,16880000.0,cap_hit,16880000.0,16880000.0,,,ATL,1,,,16880000.0,,0.0,Active,1.0,contract
orlando robinson,2023,1801769.0,base,,1801769.0,1801769.0,,MIA,1,,,1801769.0,,0.0,Active,1.0,career
orlando robinson,2024,959779.0,base,,959779.0,959779.0,,SAC;TOR,2,1691610.0,491887;119972;119972,,1691610.0,0.0,Retained;Retained;Retained;Retained,0.0,career
orlando robinson,2025,53094.0,base,,53094.0,53093.0,,ORL,1,,636435,,636435.0,53093.0,NBA Cup;Retained,0.0,career
oshae brissett,2020,757453.0,base,,757453.0,757453.0,,IND;TOR,2,1255493.0,99020;99020;300000,757453.0,498040.0,0.0,Active;Retained;Retained;Retained,1.0,career
oshae brissett,2021,1701593.0,base,,1701593.0,1701593.0,,IND,1,,,1701593.0,,0.0,Active,1.0,career
oshae brissett,2022,1846738.0,base,,1846738.0,1846738.0,,IND,1,,,1846738.0,,0.0,Active / Club Exercised,1.0,career
oshae brissett,2023,2165000.0,base,,2165000.0,2165000.0,,BOS,1,,50000,2165000.0,,50000.0,Active;NBA Cup,1.0,career
oshae brissett,2024,139391.0,base,,139391.0,139391.0,,PHI,1,,,,139391.0,0.0,Retained,0.0,career
oso ighodaro,2024,1157153.0,cap_hit,1157153.0,1157153.0,,,PHX,1,,,,,,,,contract
oso ighodaro,2025,1955377.0,cap_hit,1955377.0,1955377.0,,,PHX,1,,,,,,,,contract
oso ighodaro,2026,2296271.0,cap_hit,2296271.0,2296271.0,,,PHX,1,,,,,,,,contract
oso ighodaro,2027,2486995.0,cap_hit,2486995.0,2486995.0,,,PHX,1,,,,,,,,contract
ousmane dieng,2022,4569840.0,base,,4569840.0,4569840.0,,OKC,1,,,,,,,,career
ousmane dieng,2023,4798440.0,base,,4798440.0,4798440.0,,OKC,1,,,,,,,,career
ousmane dieng,2024,5027040.0,base,,5027040.0,5027040.0,,OKC,1,,205988,,,,,,career
ousmane dieng,2025,2530335.0,base,,2530335.0,2530335.0,,MIL;OKC;CHI,3,6738731.0,106187;4063871;38338,,,,,,career
ousmane dieng,2026,5750000.0,cap_hit,5750000.0,5750000.0,,,MIL,1,,,,,,,,contract
ousmane dieng,2027,5750000.0,cap_hit,5750000.0,5750000.0,,,MIL,1,,,,,,,,contract
ousmane dieng,2028,5750000.0,cap_hit,5750000.0,5750000.0,,,MIL,1,,,,,,,,contract
p.j. tucker,2006,412718.0,base,,412718.0,412718.0,,TOR,1,,,412718.0,,0.0,Active,1.0,career
p.j. tucker,2012,762195.0,base,,762195.0,762195.0,,PHX,1,,,762195.0,,0.0,Active,1.0,career
p.j. tucker,2013,884293.0,base,,884293.0,884293.0,,PHX,1,,,884293.0,,0.0,Active,1.0,career
p.j. tucker,2014,5700000.0,base,,5700000.0,5700000.0,,PHX,1,,,5700000.0,,0.0,Active,1.0,career
p.j. tucker,2015,5500000.0,base,,5500000.0,5500000.0,,PHX,1,,,5500000.0,,0.0,Active,1.0,career
p.j. tucker,2016,3772353.0,base,,3772353.0,3772353.0,,PHX;TOR,2,5300000.0,1527647,1527647.0,3772353.0,0.0,Retained;Active,1.0,career
p.j. tucker,2017,7590035.0,base,,7590035.0,7590035.0,,HOU,1,,,7590035.0,,0.0,Active,1.0,career
p.j. tucker,2018,7969537.0,base,,7969537.0,7969537.0,,HOU,1,,,7969537.0,,0.0,Active,1.0,career
p.j. tucker,2019,7827224.0,base,,7827224.0,7827224.0,,HOU,1,,,7827224.0,,0.0,Active,1.0,career
p.j. tucker,2020,3220566.0,base,,3220566.0,3220566.0,,MIL;HOU,2,7969537.0,4748971,3220566.0,4748971.0,0.0,Active;Retained,1.0,career
p.j. tucker,2021,7000000.0,base,,7000000.0,7000000.0,,MIA,1,,,7000000.0,,0.0,Active,1.0,career
p.j. tucker,2022,10490000.0,base,,10490000.0,10490000.0,,PHI,1,,,10490000.0,,0.0,Active,1.0,career
p.j. tucker,2023,10571388.0,base,,10571388.0,10571388.0,,LAC;PHI,2,11014500.0,443112,10571388.0,443112.0,0.0,Active;Retained,1.0,career
p.j. tucker,2024,6830557.0,base,,6830557.0,6830557.0,,LAC;NY;TOR,3,12165577.0,246833;189872;189872;4708443,246833.0,11918744.0,0.0,Retained;Active;Retained;Retained;Retained,1.0,career
p.j. washington,2019,3592350.0,base,,3592350.0,3592350.0,,CHA,1,,,3592350.0,,0.0,Active,1.0,career
p.j. washington,2020,4023600.0,base,,4023600.0,4023600.0,,CHA,1,,,4023600.0,,0.0,Active,1.0,career
p.j. washington,2021,4215120.0,base,,4215120.0,4215120.0,,CHA,1,,,4215120.0,,0.0,Active / Club Exercised,1.0,career
p.j. washington,2022,5808435.0,base,,5808435.0,5808435.0,,CHA,1,,,5808435.0,,0.0,Active / Club Exercised,1.0,career
p.j. washington,2023,16847826.0,cap_hit,16847826.0,16847826.0,,,DAL,1,,,6390555.0,10457271.0,0.0,Active;Retained,1.0,contract
p.j. washington,2024,15500000.0,cap_hit,15500000.0,15500000.0,,,DAL,1,,,15500000.0,,51497.0,Active;NBA Cup,1.0,contract
p.j. washington,2025,14152174.0,cap_hit,14152174.0,14152174.0,,,DAL,1,,,14152174.0,,0.0,Active,1.0,contract
p.j. washington,2026,19813044.0,cap_hit,19813044.0,19813044.0,,,DAL,1,,,19813044.0,,0.0,Active,1.0,contract
p.j. washington,2027,21398087.0,cap_hit,21398087.0,21398087.0,,,DAL,1,,,21398087.0,,0.0,Active,1.0,contract
p.j. washington,2028,22983132.0,cap_hit,22983132.0,22983132.0,,,DAL,1,,,22983132.0,,0.0,Active,1.0,contract
p.j. washington,2029,24568176.0,cap_hit,24568176.0,24568176.0,,,DAL,1,,,24568176.0,,0.0,Active,1.0,contract
paolo banchero,2022,11055120.0,base,,11055120.0,11055120.0,,ORL,1,,,,,,,,career
paolo banchero,2023,11608080.0,base,,11608080.0,11608080.0,,ORL,1,,,,,,,,career
paolo banchero,2024,12160800.0,base,,12160800.0,12160800.0,,ORL,1,,51497,,,,,,career
paolo banchero,2025,15334769.0,base,,15334769.0,15334769.0,,ORL,1,,106187,,,,,,career
paolo banchero,2026,41240250.0,cap_hit,41240250.0,41240250.0,,,ORL,1,,,,,,,,contract
paolo banchero,2027,44539470.0,cap_hit,44539470.0,44539470.0,,,ORL,1,,,,,,,,contract
paolo banchero,2028,47838690.0,cap_hit,47838690.0,47838690.0,,,ORL,1,,,,,,,,contract
paolo banchero,2029,51137910.0,cap_hit,51137910.0,51137910.0,,,ORL,1,,,,,,,,contract
paolo banchero,2030,54437130.0,cap_hit,54437130.0,54437130.0,,,ORL,1,,,,,,,,contract
pascal siakam,2016,1196040.0,base,,1196040.0,1196040.0,,TOR,1,,,1196040.0,,0.0,Active,1.0,career
pascal siakam,2017,1312611.0,base,,1312611.0,1312611.0,,TOR,1,,,1312611.0,,0.0,Active,1.0,career
pascal siakam,2018,1544951.0,base,,1544951.0,1544951.0,,TOR,1,,,1544951.0,,0.0,Active,1.0,career
pascal siakam,2019,2204849.0,base,,2204849.0,2204849.0,,TOR,1,,,2204849.0,,0.0,Active,1.0,career
pascal siakam,2020,30559200.0,base,,30559200.0,30559200.0,,TOR,1,,,30559200.0,,0.0,Active,1.0,career
pascal siakam,2021,33003936.0,base,,33003936.0,33003936.0,,TOR,1,,,33003936.0,,0.0,Active,1.0,career
pascal siakam,2022,35448672.0,base,,35448672.0,35448672.0,,TOR,1,,,35448672.0,,0.0,Active,1.0,career
pascal siakam,2023,19382260.0,base,,19382260.0,19382260.0,,IND;TOR,2,37893408.0,18511148,19382260.0,18511148.0,0.0,Active;Retained,1.0,career
pascal siakam,2024,42176400.0,cap_hit,42176400.0,42176400.0,,,IND,1,,,42176400.0,,0.0,Active,1.0,contract
pascal siakam,2025,45550512.0,cap_hit,45550512.0,45550512.0,,,IND,1,,,45550512.0,,0.0,Active,1.0,contract
pascal siakam,2026,48924624.0,cap_hit,48924624.0,48924624.0,,,IND,1,,,48924624.0,,0.0,Active,1.0,contract
pascal siakam,2027,52298736.0,cap_hit,52298736.0,52298736.0,,,IND,1,,,52298736.0,,0.0,Active,1.0,contract
pat connaughton,2015,625093.0,base,,625093.0,625093.0,,POR,1,,,,,,,,career
pat connaughton,2016,874636.0,base,,874636.0,874636.0,,POR,1,,,,,,,,career
pat connaughton,2017,1471382.0,base,,1471382.0,1471382.0,,POR,1,,,,,,,,career
pat connaughton,2018,1641000.0,base,,1641000.0,1641000.0,,MIL,1,,,,,,,,career
pat connaughton,2019,1615359.0,base,,1615359.0,1615359.0,,MIL,1,,,,,,,,career
pat connaughton,2020,4938273.0,base,,4938273.0,4938273.0,,MIL,1,,,,,,,,career
pat connaughton,2021,5333334.0,base,,5333334.0,5333334.0,,MIL,1,,,,,,,,career
pat connaughton,2022,5728393.0,base,,5728393.0,5728393.0,,MIL,1,,,,,,,,career
pat connaughton,2023,9423869.0,base,,9423869.0,9423869.0,,MIL,1,,100000,,,,,,career
pat connaughton,2024,9423869.0,base,,9423869.0,9423869.0,,MIL,1,,514970,,,,,,career
pat connaughton,2025,1315814.0,cap_hit,1315814.0,1315814.0,,,CHA,1,,,,,,,,contract
pat connaughton,2026,3815861.0,cap_hit,3815861.0,3815861.0,,,CHA,1,,,,,,,,contract
pat spencer,2024,438810.0,base,,438810.0,438810.0,,GS,1,,25749,438810.0,,25749.0,Active;NBA Cup,1.0,career
pat spencer,2025,857804.0,base,,857804.0,857804.0,,GS,1,,636435,857804.0,,636435.0,Active;Reserve,1.0,career
pat spencer,2026,678882.0,base,,678882.0,678882.0,,PHX,1,,,678882.0,,0.0,Active,1.0,contract
patrick baldwin jr.,2022,2226000.0,base,,2226000.0,2226000.0,,GS,1,,,2226000.0,,0.0,Active,1.0,career
patrick baldwin jr.,2023,2337720.0,base,,2337720.0,2337720.0,,WSH,1,,,2337720.0,,0.0,Active,1.0,career
patrick baldwin jr.,2024,928870.0,base,,928870.0,928870.0,,SA;WSH,2,2448840.0,1519970,,2448840.0,0.0,Retained;Retained,0.0,career
patrick baldwin jr.,2025,182884.0,base,,182884.0,182884.0,,SAC,1,,,182884.0,273434.0,0.0,Retained;Retained;Active,1.0,contract
patrick beverley,2011,788872.0,base,,788872.0,788872.0,,MIA,1,,,,,,,,career
patrick beverley,2012,281376.0,base,,281376.0,281376.0,,HOU,1,,,281376.0,,0.0,Active,1.0,career
patrick beverley,2013,788872.0,base,,788872.0,788872.0,,HOU,1,,,788872.0,,0.0,Active,1.0,career
patrick beverley,2014,915243.0,base,,915243.0,915243.0,,HOU,1,,,915243.0,,0.0,Active,1.0,career
patrick beverley,2015,6486486.0,base,,6486486.0,6486486.0,,HOU,1,,,6486486.0,,0.0,Active,1.0,career
patrick beverley,2016,6000000.0,base,,6000000.0,6000000.0,,HOU,1,,,6000000.0,,0.0,Active,1.0,career
patrick beverley,2017,5513513.0,base,,5513513.0,5513513.0,,LAC,1,,,5513513.0,,0.0,Active,1.0,career
patrick beverley,2018,5027027.0,base,,5027027.0,5027027.0,,LAC,1,,,5027027.0,,0.0,Active,1.0,career
patrick beverley,2019,11574075.0,base,,11574075.0,11574075.0,,LAC,1,,,11574075.0,,0.0,Active,1.0,career
patrick beverley,2020,13333333.0,base,,13333333.0,13333333.0,,LAC,1,,,13333333.0,,0.0,Active,1.0,career
patrick beverley,2021,14320987.0,base,,14320987.0,14320987.0,,MIN,1,,,14320987.0,,0.0,Active,1.0,career
patrick beverley,2022,801614.0,base,,801614.0,801614.0,,CHI;LAL;ORL,3,13801614.0,8591954;4408046,801614.0,13000000.0,0.0,Active;Retained;Retained,1.0,career
patrick beverley,2023,1212446.0,base,,1212446.0,1212446.0,,MIL;PHI,2,3196448.0,1984002,1212446.0,1984002.0,0.0,Active;Retained,1.0,career
patrick mccaw,2016,543471.0,base,,543471.0,543471.0,,GS,1,,,543471.0,,0.0,Active,1.0,career
patrick mccaw,2017,1312611.0,base,,1312611.0,1312611.0,,GS,1,,,1312611.0,,0.0,Active,1.0,career
patrick mccaw,2018,323529.0,base,,323529.0,323529.0,,CLE;TOR,2,1109740.0,786211,786211.0,323529.0,0.0,Retained;Active,1.0,career
patrick mccaw,2019,3750000.0,base,,3750000.0,3750000.0,,TOR,1,,,3750000.0,,0.0,Active,1.0,career
patrick mccaw,2020,4000000.0,base,,4000000.0,4000000.0,,TOR,1,,,,4000000.0,0.0,Retained,0.0,career
patrick patterson,2010,1823280.0,base,,1823280.0,1823280.0,,HOU,1,,,1823280.0,,0.0,Active,1.0,career
patrick patterson,2011,1577529.0,base,,1577529.0,1577529.0,,HOU,1,,,,,,,,career
patrick patterson,2012,2096760.0,base,,2096760.0,2096760.0,,SAC,1,,,2096760.0,,0.0,Active,1.0,career
patrick patterson,2013,3105301.0,base,,3105301.0,3105301.0,,TOR,1,,,3105301.0,,0.0,Active,1.0,career
patrick patterson,2014,5831326.0,base,,5831326.0,5831326.0,,TOR,1,,,5831326.0,,0.0,Active,1.0,career
patrick patterson,2015,6268675.0,base,,6268675.0,6268675.0,,TOR,1,,,6268675.0,,0.0,Active,1.0,career
patrick patterson,2016,6050000.0,base,,6050000.0,6050000.0,,TOR,1,,,6050000.0,,0.0,Active,1.0,career
patrick patterson,2017,5192000.0,base,,5192000.0,5192000.0,,OKC,1,,,5192000.0,,0.0,Active,1.0,career
patrick patterson,2018,5451600.0,base,,5451600.0,5451600.0,,OKC,1,,,5451600.0,,0.0,Active,1.0,career
patrick patterson,2019,2185868.0,base,,2185868.0,2185868.0,,LAC;OKC,2,2922935.0,737067,2185868.0,737067.0,0.0,Active;Retained,1.0,career
patrick patterson,2020,3077704.0,base,,3077704.0,3077704.0,,LAC;OKC,2,3814771.0,737067,3077704.0,737067.0,0.0,Active;Retained,1.0,career
patrick patterson,2021,737066.0,base,,737066.0,737066.0,,OKC,1,,,,737066.0,0.0,Retained,0.0,career
patrick williams,2020,7068360.0,base,,7068360.0,7068360.0,,CHI,1,,,,,,,,career
patrick williams,2021,7422000.0,base,,7422000.0,7422000.0,,CHI,1,,,,,,,,career
patrick williams,2022,7775400.0,base,,7775400.0,7775400.0,,CHI,1,,,,,,,,career
patrick williams,2023,9835881.0,base,,9835881.0,9835881.0,,CHI,1,,,,,,,,career
patrick williams,2024,18000000.0,cap_hit,18000000.0,18000000.0,,,CHI,1,,,,,,,,contract
patrick williams,2025,18000000.0,cap_hit,18000000.0,18000000.0,,,CHI,1,,,,,,,,contract
patrick williams,2026,18000000.0,cap_hit,18000000.0,18000000.0,,,CHI,1,,,,,,,,contract
patrick williams,2027,18000000.0,cap_hit,18000000.0,18000000.0,,,CHI,1,,,,,,,,contract
patrick williams,2028,18000000.0,cap_hit,18000000.0,18000000.0,,,CHI,1,,,,,,,,contract
patty mills,2009,457588.0,base,,457588.0,457588.0,,POR,1,,,457588.0,,0.0,Active,1.0,career
patty mills,2010,937195.0,base,,937195.0,937195.0,,POR,1,,,937195.0,,0.0,Active,1.0,career
patty mills,2011,261829.0,base,,261829.0,261829.0,,SA,1,,,,,,,,career
patty mills,2012,1085120.0,base,,1085120.0,1085120.0,,SA,1,,,1085120.0,,0.0,Active,1.0,career
patty mills,2013,1133950.0,base,,1133950.0,1133950.0,,SA,1,,,1133950.0,,0.0,Active,1.0,career
patty mills,2014,3508772.0,base,,3508772.0,3842105.0,333333.0,SA,1,,,3842105.0,,0.0,Active,1.0,career
patty mills,2015,3245614.0,base,,3245614.0,3578947.0,333333.0,SA,1,,,3578947.0,,0.0,Active,1.0,career
patty mills,2016,3245614.0,base,,3245614.0,3578948.0,333334.0,SA,1,,,3578948.0,,0.0,Active,1.0,career
patty mills,2017,10714286.0,base,,10714286.0,10714286.0,,SA,1,,,10714286.0,,0.0,Active,1.0,career
patty mills,2018,11571429.0,base,,11571429.0,11571429.0,,SA,1,,,11571429.0,,0.0,Active,1.0,career
patty mills,2019,11651785.0,base,,11651785.0,11651785.0,,SA,1,,,11651785.0,,0.0,Active,1.0,career
patty mills,2020,13285714.0,base,,13285714.0,13535714.0,250000.0,SA,1,,,13535714.0,,0.0,Active,1.0,career
patty mills,2021,5890000.0,base,,5890000.0,5890000.0,,BKN,1,,,5890000.0,,0.0,Active,1.0,career
patty mills,2022,6479000.0,base,,6479000.0,6479000.0,,BKN,1,,,6479000.0,,0.0,Active,1.0,career
patty mills,2023,6802950.0,base,,6802950.0,6802950.0,,ATL;MIA,2,7537766.0,734816,734816.0,6802950.0,0.0,Retained;Active,1.0,career
patty mills,2024,2087519.0,cap_hit,2087519.0,3303771.0,,,LAC,1,,,1348090.0,1955681.0,0.0,Active;Retained,1.0,contract
pau gasol,2001,2970840.0,base,,2970840.0,2970840.0,,MEM,1,,,2970840.0,,0.0,Active,1.0,career
pau gasol,2002,3193680.0,base,,3193680.0,3193680.0,,MEM,1,,,3193680.0,,0.0,Active,1.0,career
pau gasol,2003,2618395.0,base,,2618395.0,2618395.0,,MEM,1,,,2618395.0,,0.0,Active,1.0,career
pau gasol,2004,4318481.0,base,,4318481.0,4318481.0,,MEM,1,,,4318481.0,,0.0,Active,1.0,career
pau gasol,2005,10993000.0,base,,10993000.0,10993000.0,,MEM,1,,,10993000.0,,0.0,Active,1.0,career
pau gasol,2006,12364000.0,base,,12364000.0,12364000.0,,MEM,1,,,12364000.0,,0.0,Active,1.0,career
pau gasol,2007,13735000.0,base,,13735000.0,13735000.0,,LAL,1,,,13735000.0,,0.0,Active,1.0,career
pau gasol,2008,15106000.0,base,,15106000.0,15106000.0,,LAL,1,,,15106000.0,,0.0,Active,1.0,career
pau gasol,2009,16452000.0,base,,16452000.0,16452000.0,,LAL,1,,,16452000.0,,0.0,Active,1.0,career
pau gasol,2010,17823000.0,base,,17823000.0,17823000.0,,LAL,1,,,17823000.0,,0.0,Active,1.0,career
pau gasol,2011,15062609.0,base,,15062609.0,15062609.0,,LAL,1,,,,,,,,career
pau gasol,2012,19000000.0,base,,19000000.0,19000000.0,,LAL,1,,,19000000.0,,0.0,Active,1.0,career
pau gasol,2013,19285850.0,base,,19285850.0,19285850.0,,LAL,1,,,19285850.0,,0.0,Active,1.0,career
pau gasol,2014,7128000.0,base,,7128000.0,7128000.0,,CHI,1,,,7128000.0,,0.0,Active,1.0,career
pau gasol,2015,7448760.0,base,,7448760.0,7448760.0,,CHI,1,,,7448760.0,,0.0,Active,1.0,career
pau gasol,2016,15500000.0,base,,15500000.0,15500000.0,,SA,1,,,15500000.0,,0.0,Active,1.0,career
pau gasol,2017,16000000.0,base,,16000000.0,16000000.0,,SA,1,,,16000000.0,,0.0,Active,1.0,career
pau gasol,2018,527467.0,base,,527467.0,527467.0,,MIL;SA,2,16452611.0,15925144,527467.0,15925144.0,0.0,Active;Retained,1.0,career
pau gasol,2019,463684.0,base,,463684.0,463684.0,,POR;SA,2,5538540.0,5074856,,5538540.0,0.0,Retained;Retained,0.0,career
paul george,2010,2238660.0,base,,2238660.0,2238660.0,,IND,1,,,,,,,,career
paul george,2011,1936730.0,base,,1936730.0,1936730.0,,IND,1,,,,,,,,career
paul george,2012,2574120.0,base,,2574120.0,2574120.0,,IND,1,,,,,,,,career
paul george,2013,3282003.0,base,,3282003.0,3282003.0,,IND,1,,,,,,,,career
paul george,2014,15925680.0,base,,15925680.0,15925680.0,,IND,1,,,,,,,,career
paul george,2015,17120106.0,base,,17120106.0,17120106.0,,IND,1,,,,,,,,career
paul george,2016,18314532.0,base,,18314532.0,18314532.0,,IND,1,,,,,,,,career
paul george,2017,19508958.0,base,,19508958.0,19508958.0,,OKC,1,,,,,,,,career
paul george,2018,30560700.0,base,,30560700.0,30560700.0,,OKC,1,,,,,,,,career
paul george,2019,33005556.0,base,,33005556.0,33005556.0,,LAC,1,,,,,,,,career
paul george,2020,33387565.0,base,,33387565.0,33387565.0,,LAC,1,,,,,,,,career
paul george,2021,39344900.0,base,,39344900.0,39344900.0,,LAC,1,,,,,,,,career
paul george,2022,42492492.0,base,,42492492.0,42492492.0,,LAC,1,,,,,,,,career
paul george,2023,45640084.0,base,,45640084.0,45640084.0,,LAC,1,,,,,,,,career
paul george,2024,49205800.0,cap_hit,49205800.0,49205800.0,,,PHI,1,,,,,,,,contract
paul george,2025,51666090.0,cap_hit,51666090.0,51666090.0,,,PHI,1,,,,,,,,contract
paul george,2026,54126380.0,cap_hit,54126380.0,54126380.0,,,BOS,1,,,,,,,,contract
paul george,2027,56586670.0,cap_hit,56586670.0,56586670.0,,,BOS,1,,,,,,,,contract
paul millsap,2006,625000.0,base,,625000.0,625000.0,,UTA,1,,,625000.0,,0.0,Active,1.0,career
paul millsap,2007,687456.0,base,,687456.0,687456.0,,UTA,1,,,687456.0,,0.0,Active,1.0,career
paul millsap,2008,797581.0,base,,797581.0,797581.0,,UTA,1,,,797581.0,,0.0,Active,1.0,career
paul millsap,2009,6292932.0,base,,6292932.0,7692932.0,,UTA,1,,,7692932.0,,0.0,Active,1.0,career
paul millsap,2010,6200000.0,base,,6200000.0,7600000.0,,UTA,1,,,7600000.0,,0.0,Active,1.0,career
paul millsap,2011,5395448.0,base,,5395448.0,6795448.0,,UTA,1,,,,,,,,career
paul millsap,2012,7203633.0,base,,7203633.0,8603633.0,,UTA,1,,,8603633.0,,0.0,Active,1.0,career
paul millsap,2013,9500000.0,base,,9500000.0,9500000.0,,ATL,1,,,9500000.0,,0.0,Active,1.0,career
paul millsap,2014,9500000.0,base,,9500000.0,9500000.0,,ATL,1,,,9500000.0,,0.0,Active,1.0,career
paul millsap,2015,18671659.0,base,,18671659.0,18671659.0,,ATL,1,,,18671659.0,,0.0,Active,1.0,career
paul millsap,2016,20072033.0,base,,20072033.0,20072033.0,,ATL,1,,,20072033.0,,0.0,Active,1.0,career
paul millsap,2017,30769231.0,base,,30769231.0,30769231.0,,DEN,1,,,30769231.0,,0.0,Active,1.0,career
paul millsap,2018,29230769.0,base,,29230769.0,29580769.0,350000.0,DEN,1,,,29580769.0,,0.0,Active,1.0,career
paul millsap,2019,28453125.0,base,,28453125.0,29003125.0,550000.0,DEN,1,,,29003125.0,,0.0,Active,1.0,career
paul millsap,2020,10000000.0,base,,10000000.0,10000000.0,,DEN,1,,,10000000.0,,0.0,Active,1.0,career
paul millsap,2021,1745945.0,base,,1745945.0,1745945.0,,BKN;PHI,2,2641691.0,895746,895746.0,1745945.0,0.0,Retained;Active,1.0,career
paul reed,2020,609128.0,base,,609128.0,609128.0,,PHI,1,,,609128.0,,0.0,Active,1.0,career
paul reed,2021,1517981.0,base,,1517981.0,1517981.0,,PHI,1,,,1517981.0,,0.0,Active,1.0,career
paul reed,2022,1782621.0,base,,1782621.0,1782621.0,,PHI,1,,,1782621.0,,0.0,Active,1.0,career
paul reed,2023,7723000.0,base,,7723000.0,7723000.0,,PHI,1,,,7723000.0,,0.0,Active,1.0,career
paul reed,2024,2485563.0,base,,2485563.0,2485563.0,,DET,1,,1530375,1530375.0,2485563.0,0.0,Retained;Active,1.0,career
paul reed,2025,5335894.0,cap_hit,5335894.0,5335894.0,,,DET,1,,,5335894.0,,0.0,Active,1.0,contract
paul reed,2026,5602689.0,cap_hit,5602689.0,5602689.0,,,DET,1,,,5602689.0,,0.0,Active,1.0,contract
paul watson,2019,50752.0,base,,50752.0,50752.0,,ATL,1,,,,50752.0,0.0,Retained,0.0,career
paul watson,2020,1445697.0,base,,1445697.0,1445697.0,,TOR,1,,,1445697.0,,0.0,Active,1.0,career
payton pritchard,2020,2035800.0,base,,2035800.0,2035800.0,,BOS,1,,,2035800.0,,0.0,Active,1.0,career
payton pritchard,2021,2137440.0,base,,2137440.0,2137440.0,,BOS,1,,,2137440.0,,0.0,Active,1.0,career
payton pritchard,2022,2239200.0,base,,2239200.0,2239200.0,,BOS,1,,,2239200.0,,0.0,Active / Club Exercised,1.0,career
payton pritchard,2023,4037278.0,base,,4037278.0,4037278.0,,BOS,1,,50000,4037278.0,,50000.0,Active / Club Exercised;NBA Cup,1.0,career
payton pritchard,2024,6696429.0,cap_hit,6696429.0,6696429.0,,,BOS,1,,,6696429.0,,0.0,Active,1.0,contract
payton pritchard,2025,7232143.0,cap_hit,7232143.0,7232143.0,,,BOS,1,,,7232143.0,,0.0,Active,1.0,contract
payton pritchard,2026,7767857.0,cap_hit,7767857.0,7767857.0,,,BOS,1,,,7767857.0,,0.0,Active,1.0,contract
payton pritchard,2027,8303571.0,cap_hit,8303571.0,8303571.0,,,BOS,1,,,8303571.0,,0.0,Active,1.0,contract
pelle larsson,2024,1157153.0,cap_hit,1157153.0,1157153.0,,,MIA,1,,,,,,,,contract
pelle larsson,2025,1955377.0,cap_hit,1955377.0,1955377.0,,,MIA,1,,,,,,,,contract
pelle larsson,2026,2296271.0,cap_hit,2296271.0,2296271.0,,,MIA,1,,,,,,,,contract
pete nance,2023,64343.0,base,,64343.0,64343.0,,CLE,1,,,,,,,,career
pete nance,2025,600000.0,base,,600000.0,600000.0,,MIL,1,,559624,,,,,,career
pete nance,2026,2537526.0,cap_hit,2537526.0,2537526.0,,,MIL,1,,,,,,,,contract
pete nance,2027,2756912.0,cap_hit,2756912.0,2756912.0,,,MIL,1,,,,,,,,contract
peyton watson,2022,2193960.0,base,,2193960.0,2193960.0,,DEN,1,,,,,,,,career
peyton watson,2023,2303520.0,base,,2303520.0,2303520.0,,DEN,1,,,,,,,,career
peyton watson,2024,2413560.0,base,,2413560.0,2413560.0,,DEN,1,,,,,,,,career
peyton watson,2025,4356476.0,base,,4356476.0,4356476.0,,DEN,1,,,,,,,,career
peyton watson,2026,20465116.0,cap_hit,20465116.0,20465116.0,,,CLE,1,,,,,,,,contract
peyton watson,2027,21488372.0,cap_hit,21488372.0,21488372.0,,,CLE,1,,,,,,,,contract
peyton watson,2028,22511628.0,cap_hit,22511628.0,22511628.0,,,CLE,1,,,,,,,,contract
peyton watson,2029,23534884.0,cap_hit,23534884.0,23534884.0,,,DEN,1,,,,,,,,contract
pj dozier,2019,183115.0,base,,183115.0,183115.0,,DEN,1,,,183115.0,,0.0,Active,1.0,career
pj dozier,2020,1762796.0,base,,1762796.0,1762796.0,,DEN,1,,,1762796.0,,0.0,Active,1.0,career
pj dozier,2021,241603.0,base,,241603.0,241603.0,,BOS;DEN;ORL,3,1910860.0,1021322;647935,,1910860.0,0.0,Retained;Retained;Retained,0.0,career
pj dozier,2022,539450.0,base,,539450.0,539450.0,,SAC,1,,122602;122602,539450.0,245204.0,0.0,Active;Retained;Retained,1.0,career
pj dozier,2024,1051255.0,base,,1051255.0,1051255.0,,MIN,1,,,,1051255.0,0.0,Retained,0.0,career
pj washington,2019,3592350.0,base,,3592350.0,3592350.0,,CHA,1,,,3592350.0,,0.0,Active,1.0,career
pj washington,2020,4023600.0,base,,4023600.0,4023600.0,,CHA,1,,,4023600.0,,0.0,Active,1.0,career
pj washington,2021,4215120.0,base,,4215120.0,4215120.0,,CHA,1,,,4215120.0,,0.0,Active / Club Exercised,1.0,career
pj washington,2022,5808435.0,base,,5808435.0,5808435.0,,CHA,1,,,5808435.0,,0.0,Active / Club Exercised,1.0,career
pj washington,2023,16847826.0,cap_hit,16847826.0,16847826.0,,,DAL,1,,,6390555.0,10457271.0,0.0,Active;Retained,1.0,contract
pj washington,2024,15500000.0,cap_hit,15500000.0,15500000.0,,,DAL,1,,,15500000.0,,51497.0,Active;NBA Cup,1.0,contract
pj washington,2025,14152174.0,cap_hit,14152174.0,14152174.0,,,DAL,1,,,14152174.0,,0.0,Active,1.0,contract
pj washington,2026,19813044.0,cap_hit,19813044.0,19813044.0,,,DAL,1,,,19813044.0,,0.0,Active,1.0,contract
pj washington,2027,21398087.0,cap_hit,21398087.0,21398087.0,,,DAL,1,,,21398087.0,,0.0,Active,1.0,contract
pj washington,2028,22983132.0,cap_hit,22983132.0,22983132.0,,,DAL,1,,,22983132.0,,0.0,Active,1.0,contract
pj washington,2029,24568176.0,cap_hit,24568176.0,24568176.0,,,DAL,1,,,24568176.0,,0.0,Active,1.0,contract
precious achiuwa,2020,2582160.0,base,,2582160.0,2582160.0,,MIA,1,,,2582160.0,,0.0,Active,1.0,career
precious achiuwa,2021,2711280.0,base,,2711280.0,2711280.0,,TOR,1,,,2711280.0,,0.0,Active,1.0,career
precious achiuwa,2022,2840160.0,base,,2840160.0,2840160.0,,TOR,1,,,2840160.0,,0.0,Active / Club Exercised,1.0,career
precious achiuwa,2023,2693157.0,base,,2693157.0,2693157.0,,NY;TOR,2,4379527.0,1686370,2693157.0,1686370.0,0.0,Active / Club Exercised;Retained,1.0,career
precious achiuwa,2024,6000000.0,base,,6000000.0,6000000.0,,NY,1,,51497,6000000.0,,51497.0,Active;NBA Cup,1.0,career
precious achiuwa,2025,2453285.0,base,,2453285.0,2453285.0,,SAC,1,,,2453285.0,,0.0,Active,1.0,career
precious achiuwa,2026,5477000.0,cap_hit,5477000.0,5477000.0,,,SAC,1,,,5477000.0,,0.0,Active,1.0,contract
precious achiuwa,2027,5750850.0,cap_hit,5750850.0,5750850.0,,,SAC,1,,,5750850.0,,0.0,Active,1.0,contract
quentin grimes,2021,2168640.0,base,,2168640.0,2168640.0,,NY,1,,,,,,,,career
quentin grimes,2022,2277000.0,base,,2277000.0,2277000.0,,NY,1,,,,,,,,career
quentin grimes,2023,904928.0,base,,904928.0,904928.0,,DET;NY,2,2435720.0,1480792;50000,,,,,,career
quentin grimes,2024,1679163.0,base,,1679163.0,1679163.0,,PHI;DAL,2,4348179.0,51497;2617519,,,,,,career
quentin grimes,2025,8741209.0,base,,8741209.0,8741209.0,,PHI,1,,,,,,,,career
quentin grimes,2026,13953489.0,cap_hit,13953489.0,13953489.0,,,LAL,1,,,,,,,,contract
quentin grimes,2027,14651163.0,cap_hit,14651163.0,14651163.0,,,LAL,1,,,,,,,,contract
quentin grimes,2028,15348837.0,cap_hit,15348837.0,15348837.0,,,LAL,1,,,,,,,,contract
quentin grimes,2029,16046511.0,cap_hit,16046511.0,16046511.0,,,LAL,1,,,,,,,,contract
quinn cook,2016,31969.0,base,,31969.0,31969.0,,DAL;NO,2,111891.0,31969;31969;15984,15984.0,95907.0,0.0,Retained;Retained;Retained;Active,1.0,career
quinn cook,2017,100000.0,base,,100000.0,100000.0,,ATL;GS;NO,3,139832.0,14832;25000,14832.0,125000.0,0.0,Retained;Active;Retained,1.0,career
quinn cook,2018,1544951.0,base,,1544951.0,1544951.0,,GS,1,,,1544951.0,,0.0,Active,1.0,career
quinn cook,2019,2812500.0,base,,2812500.0,2812500.0,,LAL,1,,,2812500.0,,0.0,Active,1.0,career
quinn cook,2020,118983.0,base,,118983.0,118983.0,,CLE;LAL,2,2035149.0,118983;1000000;797183,,2035149.0,0.0,Retained;Retained;Retained;Retained,0.0,career
quinndary weatherspoon,2021,95930.0,base,,95930.0,95930.0,,GS,1,,,,95930.0,0.0,Retained,0.0,career
quinten post,2024,438920.0,base,,438920.0,438920.0,,GS,1,,25749,,,,,,career
quinten post,2025,1955377.0,base,,1955377.0,1955377.0,,GS,1,,,,,,,,career
quinten post,2026,9000000.0,cap_hit,9000000.0,9000000.0,,,MEM,1,,,,,,,,contract
quinten post,2027,8550000.0,cap_hit,8550000.0,8550000.0,,,MEM,1,,,,,,,,contract
quinten post,2028,8550000.0,cap_hit,8550000.0,8550000.0,,,MEM,1,,,,,,,,contract
r.j. barrett,2019,7839960.0,base,,7839960.0,7839960.0,,NY,1,,,7839960.0,,0.0,Active,1.0,career
r.j. barrett,2020,8231760.0,base,,8231760.0,8231760.0,,NY,1,,,8231760.0,,0.0,Active,1.0,career
r.j. barrett,2021,8623920.0,base,,8623920.0,8623920.0,,NY,1,,,8623920.0,,0.0,Active / Club Exercised,1.0,career
r.j. barrett,2022,10900635.0,base,,10900635.0,10900635.0,,NY,1,,,10900635.0,,0.0,Active / Club Exercised,1.0,career
r.j. barrett,2023,23883929.0,cap_hit,23883929.0,23883929.0,,,TOR,1,,,14687244.0,9196685.0,50000.0,Active;Retained;NBA Cup,1.0,contract
r.j. barrett,2024,25794643.0,cap_hit,25794643.0,25794643.0,,,TOR,1,,,25794643.0,,0.0,Active,1.0,contract
r.j. barrett,2025,27705357.0,cap_hit,27705357.0,27705357.0,,,TOR,1,,,27705357.0,,53093.0,Active;NBA Cup,1.0,contract
r.j. barrett,2026,29616071.0,cap_hit,29616071.0,29616071.0,,,TOR,1,,,29616071.0,,0.0,Active,1.0,contract
r.j. hampton,2020,1397217.0,base,,1397217.0,1397217.0,,DEN;ORL,2,2193480.0,796263,796263.0,1397217.0,0.0,Retained;Active,1.0,career
r.j. hampton,2021,2303040.0,base,,2303040.0,2303040.0,,ORL,1,,,2303040.0,,0.0,Active,1.0,career
r.j. hampton,2022,485403.0,base,,485403.0,485403.0,,DET;ORL,2,2898243.0,2412840,485403.0,2412840.0,0.0,Active;Retained,1.0,career
r.j. hampton,2023,120250.0,base,,120250.0,120250.0,,WSH,1,,,,120250.0,0.0,Retained,0.0,career
rajon rondo,2006,1143600.0,base,,1143600.0,1143600.0,,BOS,1,,,1143600.0,,0.0,Active,1.0,career
rajon rondo,2007,1229280.0,base,,1229280.0,1229280.0,,BOS,1,,,1229280.0,,0.0,Active,1.0,career
rajon rondo,2008,1315080.0,base,,1315080.0,1315080.0,,BOS,1,,,1315080.0,,0.0,Active,1.0,career
rajon rondo,2009,2094922.0,base,,2094922.0,2094922.0,,BOS,1,,,2094922.0,,0.0,Active,1.0,career
rajon rondo,2010,9090911.0,base,,9090911.0,9090911.0,,BOS,1,,,9090911.0,,0.0,Active,1.0,career
rajon rondo,2011,8085366.0,base,,8085366.0,8085366.0,,BOS,1,,,,,,,,career
rajon rondo,2012,11000000.0,base,,11000000.0,11000000.0,,BOS,1,,,11000000.0,,0.0,Active,1.0,career
rajon rondo,2013,11954545.0,base,,11954545.0,11954545.0,,BOS,1,,,11954545.0,,0.0,Active,1.0,career
rajon rondo,2014,12909090.0,base,,12909090.0,12909090.0,,DAL,1,,,12909090.0,,0.0,Active,1.0,career
rajon rondo,2015,9500000.0,base,,9500000.0,9500000.0,,SAC,1,,,9500000.0,,0.0,Active,1.0,career
rajon rondo,2016,14000000.0,base,,14000000.0,14000000.0,,CHI,1,,,14000000.0,,0.0,Active,1.0,career
rajon rondo,2017,3000000.0,base,,3000000.0,3000000.0,,CHI;NO,2,6300000.0,3300000,3300000.0,3000000.0,0.0,Retained;Active,1.0,career
rajon rondo,2018,9000000.0,base,,9000000.0,9000000.0,,LAL,1,,,9000000.0,,0.0,Active,1.0,career
rajon rondo,2019,2404456.0,base,,2404456.0,2404456.0,,LAL,1,,,2404456.0,,0.0,Active,1.0,career
rajon rondo,2020,4777397.0,base,,4777397.0,4777397.0,750000.0,ATL;LAC,2,7500000.0,2722603,3472603.0,4777397.0,0.0,Retained;Active,1.0,career
rajon rondo,2021,1487859.0,base,,1487859.0,1487859.0,,CLE;LAL;MEM,3,7500000.0,1153832;4858309,1487859.0,6012141.0,0.0,Active;Retained;Retained,1.0,career
rasheer fleming,2025,1272870.0,cap_hit,1272870.0,1272870.0,,,PHX,1,,,,,,,,contract
rasheer fleming,2026,2150917.0,cap_hit,2150917.0,2150917.0,,,PHX,1,,,,,,,,contract
rasheer fleming,2027,2525901.0,cap_hit,2525901.0,2525901.0,,,PHX,1,,,,,,,,contract
rasheer fleming,2028,2735698.0,cap_hit,2735698.0,2735698.0,,,PHX,1,,,,,,,,contract
raul neto,2015,840000.0,base,,840000.0,900000.0,60000.0,UTA,1,,,900000.0,,0.0,Active,1.0,career
raul neto,2016,877800.0,base,,877800.0,937800.0,60000.0,UTA,1,,,937800.0,,0.0,Active,1.0,career
raul neto,2017,1471382.0,base,,1471382.0,1471382.0,,UTA,1,,,1471382.0,,0.0,Active,1.0,career
raul neto,2018,2100000.0,base,,2100000.0,2150000.0,50000.0,UTA,1,,,2150000.0,,0.0,Active,1.0,career
raul neto,2019,1628573.0,base,,1628573.0,1628573.0,,PHI,1,,,1628573.0,,0.0,Active,1.0,career
raul neto,2020,1882867.0,base,,1882867.0,1882867.0,,WSH,1,,,1882867.0,,0.0,Active,1.0,career
raul neto,2021,2089448.0,base,,2089448.0,2089448.0,,WSH,1,,,2089448.0,,0.0,Active,1.0,career
raul neto,2022,2463490.0,base,,2463490.0,2463490.0,,CLE,1,,,2463490.0,,0.0,Active,1.0,career
rayan rupert,2023,1119563.0,base,,1119563.0,1119563.0,,POR,1,,,1119563.0,,0.0,Active,1.0,career
rayan rupert,2024,1891857.0,base,,1891857.0,1891857.0,,POR,1,,,1891857.0,,0.0,Active,1.0,career
rayan rupert,2025,2221677.0,base,,2221677.0,2221677.0,,POR;MEM,2,2499954.0,131970;146307,146307.0,2353647.0,0.0,Retained;Retained;Active,1.0,career
rayan rupert,2026,678882.0,base,,678882.0,678882.0,,PHI,1,,,678882.0,,0.0,Active,1.0,contract
rayjon tucker,2019,578573.0,base,,578573.0,578573.0,,UTA,1,,,578573.0,,0.0,Active,1.0,career
rayjon tucker,2020,340000.0,base,,340000.0,340000.0,,CLE,1,,,,340000.0,0.0,Retained,0.0,career
rayjon tucker,2021,95930.0,base,,95930.0,95930.0,,DEN;MIL;MIN,3,220639.0,28779;95930,28779.0,191860.0,0.0,Retained;Active;Retained,1.0,career
reed sheppard,2024,10098960.0,cap_hit,10098960.0,10098960.0,,,HOU,1,,,,,,,,contract
reed sheppard,2025,10603560.0,cap_hit,10603560.0,10603560.0,,,HOU,1,,,,,,,,contract
reed sheppard,2026,11108880.0,cap_hit,11108880.0,11108880.0,,,HOU,1,,,,,,,,contract
reed sheppard,2027,14041625.0,cap_hit,14041625.0,14041625.0,,,HOU,1,,,,,,,,contract
reggie bullock,2013,1149000.0,base,,1149000.0,1149000.0,,LAC,1,,,1149000.0,,0.0,Active,1.0,career
reggie bullock,2014,1200720.0,base,,1200720.0,1200720.0,,PHX,1,,,1200720.0,,0.0,Active,1.0,career
reggie bullock,2015,1252440.0,base,,1252440.0,1252440.0,,DET,1,,,1252440.0,,0.0,Active,1.0,career
reggie bullock,2016,2255644.0,base,,2255644.0,2255644.0,,DET,1,,,2255644.0,,0.0,Active,1.0,career
reggie bullock,2017,2500000.0,base,,2500000.0,2500000.0,,DET,1,,,2500000.0,,0.0,Active,1.0,career
reggie bullock,2018,1596045.0,base,,1596045.0,1596045.0,,DET;LAL,2,2500000.0,903955,903955.0,1596045.0,0.0,Retained;Active,1.0,career
reggie bullock,2019,3750000.0,base,,3750000.0,3750000.0,,NY,1,,,3750000.0,,0.0,Active,1.0,career
reggie bullock,2020,4200000.0,base,,4200000.0,4200000.0,,NY,1,,,4200000.0,,0.0,Active,1.0,career
reggie bullock,2021,9536000.0,base,,9536000.0,9536000.0,,DAL,1,,,9536000.0,,0.0,Active,1.0,career
reggie bullock,2022,10012800.0,base,,10012800.0,10012800.0,,DAL,1,,,10012800.0,,0.0,Active,1.0,career
reggie bullock,2023,10489600.0,base,,10489600.0,524480.0,,DAL;SA;HOU,3,13686048.0,3196448,3196448.0,11538560.0,0.0,Retained;Retained;Active,1.0,career
reggie jackson,2011,930697.0,base,,930697.0,930697.0,,OKC,1,,,,,,,,career
reggie jackson,2012,1208400.0,base,,1208400.0,1208400.0,,OKC,1,,,1208400.0,,0.0,Active,1.0,career
reggie jackson,2013,1260360.0,base,,1260360.0,1260360.0,,OKC,1,,,1260360.0,,0.0,Active,1.0,career
reggie jackson,2014,2204370.0,base,,2204370.0,2204370.0,,DET,1,,,2204370.0,,0.0,Active,1.0,career
reggie jackson,2015,13913043.0,base,,13913043.0,13913043.0,,DET,1,,,13913043.0,,0.0,Active,1.0,career
reggie jackson,2016,14956522.0,base,,14956522.0,14956522.0,,DET,1,,,14956522.0,,0.0,Active,1.0,career
reggie jackson,2017,16000000.0,base,,16000000.0,16000000.0,,DET,1,,,16000000.0,,0.0,Active,1.0,career
reggie jackson,2018,17043478.0,base,,17043478.0,17043478.0,,DET,1,,,17043478.0,,0.0,Active,1.0,career
reggie jackson,2019,17286956.0,base,,17286956.0,17286956.0,,DET;LAC,2,18020981.0,734025,734025.0,17286956.0,0.0,Retained;Active,1.0,career
reggie jackson,2020,2331593.0,base,,2331593.0,2331593.0,,LAC,1,,,2331593.0,,0.0,Active,1.0,career
reggie jackson,2021,10384500.0,base,,10384500.0,10384500.0,,LAC,1,,,10384500.0,,0.0,Active,1.0,career
reggie jackson,2022,3464460.0,base,,3464460.0,3464460.0,,CHA;DEN;LAC,3,11795360.0,918516;7412384,918516.0,10876844.0,0.0,Retained;Active;Retained,1.0,career
reggie jackson,2023,5000000.0,base,,5000000.0,5000000.0,,DEN,1,,,5000000.0,,0.0,Active,1.0,career
reggie jackson,2024,1946229.0,base,,1946229.0,1946229.0,,CHA;PHI;WSH,3,5250000.0,2050616;1253155,,5250000.0,0.0,Buyout;Retained;Retained,0.0,career
reggie perry,2021,85578.0,base,,85578.0,85578.0,,IND;POR,2,273850.0,85578;17116;85578,,273850.0,0.0,Retained;Retained;Retained;Retained,0.0,career
richaun holmes,2015,1074169.0,base,,1074169.0,1074169.0,,PHI,1,,,1074169.0,,0.0,Active,1.0,career
richaun holmes,2016,1025831.0,base,,1025831.0,1025831.0,,PHI,1,,,1025831.0,,0.0,Active,1.0,career
richaun holmes,2017,1471382.0,base,,1471382.0,1471382.0,,PHI,1,,,1471382.0,,0.0,Active,1.0,career
richaun holmes,2018,1600520.0,base,,1600520.0,1600520.0,,PHX,1,,,1600520.0,,0.0,Active,1.0,career
richaun holmes,2019,4469063.0,base,,4469063.0,4469063.0,,SAC,1,,,4469063.0,,0.0,Active,1.0,career
richaun holmes,2020,5005350.0,base,,5005350.0,5005350.0,,SAC,1,,,5005350.0,,0.0,Active,1.0,career
richaun holmes,2021,10384500.0,base,,10384500.0,10384500.0,,SAC,1,,,10384500.0,,0.0,Active,1.0,career
richaun holmes,2022,11215260.0,base,,11215260.0,11215260.0,,SAC,1,,,11215260.0,,0.0,Active,1.0,career
richaun holmes,2023,7476840.0,base,,7476840.0,7476840.0,,DAL;WSH,2,12046020.0,4569180,4569180.0,7476840.0,0.0,Retained;Active,1.0,career
richaun holmes,2024,12648321.0,base,,12648321.0,12648321.0,,WSH,1,,,12648321.0,,0.0,Active,1.0,career
richaun holmes,2025,250000.0,base,,250000.0,250000.0,,WSH,1,,,,250000.0,0.0,Retained,0.0,career
ricky rubio,2011,2801072.0,base,,2801072.0,2801072.0,,MIN,1,,,,,,,,career
ricky rubio,2012,3526499.0,base,,3526499.0,3526499.0,,MIN,1,,,3526499.0,,0.0,Active,1.0,career
ricky rubio,2013,3678358.0,base,,3678358.0,3678358.0,,MIN,1,,,3678358.0,,0.0,Active,1.0,career
ricky rubio,2014,4660479.0,base,,4660479.0,4660479.0,,MIN,1,,,4660479.0,,0.0,Active,1.0,career
ricky rubio,2015,12700000.0,base,,12700000.0,12700000.0,,MIN,1,,,12700000.0,,0.0,Active,1.0,career
ricky rubio,2016,13400000.0,base,,13400000.0,13575000.0,175000.0,MIN,1,,,13575000.0,,0.0,Active,1.0,career
ricky rubio,2017,14100000.0,base,,14100000.0,14275000.0,175000.0,UTA,1,,,14275000.0,,0.0,Active,1.0,career
ricky rubio,2018,14800000.0,base,,14800000.0,14975000.0,175000.0,UTA,1,,,14975000.0,,0.0,Active,1.0,career
ricky rubio,2019,15187500.0,base,,15187500.0,15187500.0,,PHX,1,,,15187500.0,,0.0,Active,1.0,career
ricky rubio,2020,17000000.0,base,,17000000.0,17000000.0,,MIN,1,,,17000000.0,,0.0,Active,1.0,career
ricky rubio,2021,11355172.0,base,,11355172.0,11355172.0,,CLE;IND,2,17800000.0,6444828,6444828.0,11355172.0,0.0,Retained;Active,1.0,career
ricky rubio,2022,5853659.0,base,,5853659.0,5853659.0,,CLE,1,,,5853659.0,,0.0,Active,1.0,career
ricky rubio,2023,3695311.0,base,,3695311.0,3695311.0,,CLE,1,,,,3695311.0,0.0,Buyout,0.0,career
ricky rubio,2024,424672.0,base,,424672.0,424672.0,,CLE,1,,,,424672.0,0.0,Buyout,0.0,career
ricky rubio,2025,424672.0,base,,424672.0,424672.0,,CLE,1,,,,424672.0,0.0,Buyout,0.0,career
ricky rubio,2026,424672.0,base,,424672.0,424672.0,,CLE,1,,,,424672.0,0.0,Buyout,0.0,career
rj barrett,2019,7839960.0,base,,7839960.0,7839960.0,,NY,1,,,7839960.0,,0.0,Active,1.0,career
rj barrett,2020,8231760.0,base,,8231760.0,8231760.0,,NY,1,,,8231760.0,,0.0,Active,1.0,career
rj barrett,2021,8623920.0,base,,8623920.0,8623920.0,,NY,1,,,8623920.0,,0.0,Active / Club Exercised,1.0,career
rj barrett,2022,10900635.0,base,,10900635.0,10900635.0,,NY,1,,,10900635.0,,0.0,Active / Club Exercised,1.0,career
rj barrett,2023,23883929.0,cap_hit,23883929.0,23883929.0,,,TOR,1,,,14687244.0,9196685.0,50000.0,Active;Retained;NBA Cup,1.0,contract
rj barrett,2024,25794643.0,cap_hit,25794643.0,25794643.0,,,TOR,1,,,25794643.0,,0.0,Active,1.0,contract
rj barrett,2025,27705357.0,cap_hit,27705357.0,27705357.0,,,TOR,1,,,27705357.0,,53093.0,Active;NBA Cup,1.0,contract
rj barrett,2026,29616071.0,cap_hit,29616071.0,29616071.0,,,TOR,1,,,29616071.0,,0.0,Active,1.0,contract
rob dillingham,2024,6262920.0,cap_hit,6262920.0,6262920.0,,,MIN,1,,,,,,,,contract
rob dillingham,2025,6576120.0,cap_hit,6576120.0,6576120.0,,,CHI,1,,,,,,,,contract
rob dillingham,2026,6889320.0,cap_hit,6889320.0,6889320.0,,,CHI,1,,,,,,,,contract
rob dillingham,2027,8763216.0,cap_hit,8763216.0,8763216.0,,,CHI,1,,,,,,,,contract
robert covington,2013,490180.0,base,,490180.0,490180.0,,HOU,1,,,490180.0,,0.0,Active,1.0,career
robert covington,2014,150000.0,base,,150000.0,150000.0,,HOU;PHI,2,1150000.0,1000000,1000000.0,150000.0,0.0,Retained;Active,1.0,career
robert covington,2015,1000000.0,base,,1000000.0,1000000.0,,PHI,1,,,1000000.0,,0.0,Active,1.0,career
robert covington,2016,1015696.0,base,,1015696.0,1015696.0,,PHI,1,,,1015696.0,,0.0,Active,1.0,career
robert covington,2017,16698103.0,base,,16698103.0,16698103.0,,PHI,1,,,16698103.0,,0.0,Active,1.0,career
robert covington,2018,8986113.0,base,,8986113.0,8986113.0,,MIN;PHI,2,10464092.0,1477979,8986113.0,1477979.0,0.0,Active;Retained,1.0,career
robert covington,2019,3826931.0,base,,3826931.0,3826931.0,,HOU;MIN,2,10594893.0,6767962,3826931.0,6767962.0,0.0,Active;Retained,1.0,career
robert covington,2020,12138345.0,base,,12138345.0,12138345.0,,POR,1,,,12138345.0,,0.0,Active,1.0,career
robert covington,2021,4847159.0,base,,4847159.0,4847159.0,,LAC;POR,2,12975471.0,8128312,4847159.0,8128312.0,0.0,Active;Retained,1.0,career
robert covington,2022,12307692.0,base,,12307692.0,12307692.0,,LAC,1,,,12307692.0,,0.0,Active,1.0,career
robert covington,2023,470380.0,base,,470380.0,470380.0,,LAC;PHI,2,11692308.0,11221928,11221928.0,470380.0,0.0,Retained;Active,1.0,career
robert franks,2020,99020.0,base,,99020.0,99020.0,,ORL,1,,99020,,198040.0,0.0,Retained;Retained,0.0,career
robin lopez,2008,1623720.0,base,,1623720.0,1623720.0,,PHX,1,,,1623720.0,,0.0,Active,1.0,career
robin lopez,2009,1745520.0,base,,1745520.0,1745520.0,,PHX,1,,,1745520.0,,0.0,Active,1.0,career
robin lopez,2010,1867320.0,base,,1867320.0,1867320.0,,PHX,1,,,1867320.0,,0.0,Active,1.0,career
robin lopez,2011,2304046.0,base,,2304046.0,2304046.0,,PHX,1,,,,,,,,career
robin lopez,2012,4899293.0,base,,4899293.0,4899293.0,,NOH,1,,,4899293.0,,0.0,Active,1.0,career
robin lopez,2013,5119761.0,base,,5119761.0,5904261.0,784500.0,POR,1,,,5904261.0,,0.0,Active,1.0,career
robin lopez,2014,5340229.0,base,,5340229.0,6124729.0,784500.0,POR,1,,,6124729.0,,0.0,Active,1.0,career
robin lopez,2015,12650000.0,base,,12650000.0,12650000.0,,NY,1,,,,12650000.0,0.0,Retained,0.0,career
robin lopez,2016,13219250.0,base,,13219250.0,13219250.0,,CHI,1,,,13219250.0,,0.0,Active,1.0,career
robin lopez,2017,13788500.0,base,,13788500.0,13788500.0,,CHI,1,,,13788500.0,,0.0,Active,1.0,career
robin lopez,2018,14357750.0,base,,14357750.0,14357750.0,,CHI,1,,,14357750.0,,0.0,Active,1.0,career
robin lopez,2019,4469063.0,base,,4469063.0,4469063.0,,MIL,1,,,4469063.0,,0.0,Active,1.0,career
robin lopez,2020,7300000.0,base,,7300000.0,7300000.0,,WSH,1,,,7300000.0,,0.0,Active,1.0,career
robin lopez,2021,5000000.0,base,,5000000.0,5000000.0,,ORL,1,,,5000000.0,,0.0,Active,1.0,career
robin lopez,2022,2905851.0,base,,2905851.0,2905851.0,,CLE,1,,,2905851.0,,0.0,Active,1.0,career
robin lopez,2023,1984002.0,base,,1984002.0,1984002.0,,MIL;SAC,2,3296448.0,100000;1212446,,3196448.0,100000.0,Retained;NBA Cup;Retained,0.0,career
rodions kurucs,2018,1618320.0,base,,1618320.0,1618320.0,,BKN,1,,,1618320.0,,0.0,Active,1.0,career
rodions kurucs,2019,1593034.0,base,,1593034.0,1593034.0,,BKN,1,,,1593034.0,,0.0,Active,1.0,career
rodions kurucs,2020,304821.0,base,,304821.0,304821.0,,BKN;MIL,2,1792345.0,719376;768148,,1792345.0,0.0,Retained;Retained;Retained,0.0,career
rodney hood,2014,1290360.0,base,,1290360.0,1290360.0,,UTA,1,,,1290360.0,,0.0,Active,1.0,career
rodney hood,2015,1348440.0,base,,1348440.0,1348440.0,,UTA,1,,,1348440.0,,0.0,Active,1.0,career
rodney hood,2016,1406520.0,base,,1406520.0,1406520.0,,UTA,1,,,1406520.0,,0.0,Active,1.0,career
rodney hood,2017,849562.0,base,,849562.0,849562.0,,CLE;UTA,2,2386864.0,1537302,849562.0,1537302.0,0.0,Active;Retained,1.0,career
rodney hood,2018,2177912.0,base,,2177912.0,2177912.0,,CLE;POR,2,3472887.0,1294975,1294975.0,2177912.0,0.0,Retained;Active,1.0,career
rodney hood,2019,5360625.0,base,,5360625.0,5360625.0,,POR,1,,,5360625.0,,0.0,Active,1.0,career
rodney hood,2020,6400088.0,base,,6400088.0,6400088.0,,POR;TOR,2,10047450.0,3647362,3647362.0,6400088.0,0.0,Retained;Active,1.0,career
rodney hood,2021,759386.0,base,,759386.0,759386.0,,LAC;MIL,2,2239544.0,1480158,759386.0,1480158.0,0.0,Active;Retained,1.0,career
rodney mcgruder,2016,543471.0,base,,543471.0,543471.0,,MIA,1,,,543471.0,,0.0,Active,1.0,career
rodney mcgruder,2017,1312611.0,base,,1312611.0,1312611.0,,MIA,1,,,1312611.0,,0.0,Active,1.0,career
rodney mcgruder,2018,8729.0,base,,8729.0,8729.0,,LAC;MIA,2,1544951.0,1536222,8729.0,1536222.0,0.0,Active;Retained,1.0,career
rodney mcgruder,2019,4507212.0,base,,4507212.0,4507212.0,,LAC,1,,,4507212.0,,0.0,Active,1.0,career
rodney mcgruder,2020,5192307.0,base,,5192307.0,5192307.0,,DET,1,,,5192307.0,,0.0,Active,1.0,career
rodney mcgruder,2021,1939350.0,base,,1939350.0,1939350.0,,DET,1,,,1939350.0,,0.0,Active,1.0,career
rodney mcgruder,2022,2298385.0,base,,2298385.0,2298385.0,,DET,1,,,2298385.0,,0.0,Active,1.0,career
romeo langford,2019,3242250.0,base,,3242250.0,3242250.0,,BOS,1,,,3242250.0,,0.0,Active,1.0,career
romeo langford,2020,3631200.0,base,,3631200.0,3631200.0,,BOS,1,,,3631200.0,,0.0,Active,1.0,career
romeo langford,2021,2514376.0,base,,2514376.0,2514376.0,,BOS;SA,2,3804360.0,1289984,1289984.0,2514376.0,0.0,Retained;Active / Club Exercised,1.0,career
romeo langford,2022,5634257.0,base,,5634257.0,5634257.0,,SA,1,,,5634257.0,,0.0,Active / Club Exercised,1.0,career
ron harper jr.,2025,123045.0,base,,123045.0,123045.0,,BOS,1,,603516,,,,,,career
ron harper jr.,2026,3150752.0,cap_hit,3150752.0,3150752.0,,,BOS,1,,,,,,,,contract
ron harper jr.,2027,3308290.0,cap_hit,3308290.0,3308290.0,,,BOS,1,,,,,,,,contract
ron harper jr.,2028,3465828.0,cap_hit,3465828.0,3465828.0,,,BOS,1,,,,,,,,contract
ron harper jr.,2029,3779359.0,cap_hit,3779359.0,3779359.0,,,BOS,1,,,,,,,,contract
rondae hollis-jefferson,2015,1335480.0,base,,1335480.0,1335480.0,,BKN,1,,,1335480.0,,0.0,Active,1.0,career
rondae hollis-jefferson,2016,1395600.0,base,,1395600.0,1395600.0,,BKN,1,,,1395600.0,,0.0,Active,1.0,career
rondae hollis-jefferson,2017,1471382.0,base,,1471382.0,1471382.0,,BKN,1,,,1471382.0,,0.0,Active,1.0,career
rondae hollis-jefferson,2018,2470357.0,base,,2470357.0,2470357.0,,BKN,1,,,2470357.0,,0.0,Active,1.0,career
rondae hollis-jefferson,2019,2343750.0,base,,2343750.0,2343750.0,,TOR,1,,,2343750.0,,0.0,Active,1.0,career
rondae hollis-jefferson,2020,245031.0,base,,245031.0,245031.0,,POR,1,,128963;128963,245031.0,257926.0,0.0,Active;Retained;Retained,1.0,career
royce o'neale,2017,815615.0,base,,815615.0,815615.0,,UTA,1,,,815615.0,,0.0,Active,1.0,career
royce o'neale,2018,1378242.0,base,,1378242.0,1378242.0,,UTA,1,,,1378242.0,,0.0,Active,1.0,career
royce o'neale,2019,1517363.0,base,,1517363.0,1517363.0,,UTA,1,,,1517363.0,,0.0,Active,1.0,career
royce o'neale,2020,8500000.0,base,,8500000.0,8500000.0,,UTA,1,,,8500000.0,,0.0,Active,1.0,career
royce o'neale,2021,8800000.0,base,,8800000.0,8800000.0,,UTA,1,,,8800000.0,,0.0,Active,1.0,career
royce o'neale,2022,9200000.0,base,,9200000.0,9200000.0,,BKN,1,,,9200000.0,,0.0,Active,1.0,career
royce o'neale,2023,3603448.0,base,,3603448.0,3603448.0,,PHX,1,,,3603448.0,,0.0,Active,1.0,career
royce o'neale,2024,9375000.0,cap_hit,9375000.0,9375000.0,,,PHX,1,,,9375000.0,,0.0,Active,1.0,contract
royce o'neale,2025,10125000.0,cap_hit,10125000.0,10125000.0,,,PHX,1,,,10125000.0,,53093.0,Active;NBA Cup,1.0,contract
royce o'neale,2026,10875000.0,cap_hit,10875000.0,10875000.0,,,CHA,1,,,10875000.0,,0.0,Active,1.0,contract
royce o'neale,2027,11625000.0,cap_hit,11625000.0,11625000.0,,,CHA,1,,,11625000.0,,0.0,Active,1.0,contract
rudy gay,2006,2242290.0,base,,2242290.0,2242290.0,,MEM,1,,,2242290.0,,0.0,Active,1.0,career
rudy gay,2007,2411160.0,base,,2411160.0,2411160.0,,MEM,1,,,2411160.0,,0.0,Active,1.0,career
rudy gay,2008,2579400.0,base,,2579400.0,2579400.0,,MEM,1,,,2579400.0,,0.0,Active,1.0,career
rudy gay,2009,3280997.0,base,,3280997.0,3280997.0,,MEM,1,,,3280997.0,,0.0,Active,1.0,career
rudy gay,2010,13603750.0,base,,13603750.0,13603750.0,,MEM,1,,,13603750.0,,0.0,Active,1.0,career
rudy gay,2011,12099043.0,base,,12099043.0,12099043.0,,MEM,1,,,,,,,,career
rudy gay,2012,16460538.0,base,,16460538.0,16460538.0,,TOR,1,,,16460538.0,,0.0,Active,1.0,career
rudy gay,2013,17888932.0,base,,17888932.0,17888932.0,,SAC,1,,,17888932.0,,0.0,Active,1.0,career
rudy gay,2014,19317326.0,base,,19317326.0,19317326.0,,SAC,1,,,19317326.0,,0.0,Active,1.0,career
rudy gay,2015,12403101.0,base,,12403101.0,12403101.0,,SAC,1,,,12403101.0,,0.0,Active,1.0,career
rudy gay,2016,13333333.0,base,,13333333.0,13333333.0,,SAC,1,,,13333333.0,,0.0,Active,1.0,career
rudy gay,2017,8406000.0,base,,8406000.0,8406000.0,,SA,1,,,8406000.0,,0.0,Active,1.0,career
rudy gay,2018,10087200.0,base,,10087200.0,10087200.0,,SA,1,,,10087200.0,,0.0,Active,1.0,career
rudy gay,2019,13593750.0,base,,13593750.0,14093750.0,500000.0,SA,1,,,14093750.0,,0.0,Active,1.0,career
rudy gay,2020,14000000.0,base,,14000000.0,14500000.0,500000.0,SA,1,,,14500000.0,,0.0,Active,1.0,career
rudy gay,2021,5890000.0,base,,5890000.0,5890000.0,,UTA,1,,,5890000.0,,0.0,Active,1.0,career
rudy gay,2022,6184500.0,base,,6184500.0,6184500.0,,UTA,1,,,6184500.0,,0.0,Active,1.0,career
rudy gay,2023,6479000.0,base,,6479000.0,6479000.0,,OKC,1,,,,6479000.0,0.0,Retained,0.0,career
rudy gobert,2013,1078800.0,base,,1078800.0,1078800.0,,UTA,1,,,,,,,,career
rudy gobert,2014,1127400.0,base,,1127400.0,1127400.0,,UTA,1,,,,,,,,career
rudy gobert,2015,1175880.0,base,,1175880.0,1175880.0,,UTA,1,,,,,,,,career
rudy gobert,2016,2121287.0,base,,2121287.0,2121287.0,,UTA,1,,,,,,,,career
rudy gobert,2017,21224719.0,base,,21224719.0,21974719.0,750000.0,UTA,1,,,,,,,,career
rudy gobert,2018,22741573.0,base,,22741573.0,23491573.0,750000.0,UTA,1,,,,,,,,career
rudy gobert,2019,23445400.0,base,,23445400.0,24195400.0,750000.0,UTA,1,,,,,,,,career
rudy gobert,2020,25775281.0,base,,25775281.0,27525281.0,1750000.0,UTA,1,,,,,,,,career
rudy gobert,2021,35344828.0,base,,35344828.0,35344828.0,,UTA,1,,,,,,,,career
rudy gobert,2022,38172414.0,base,,38172414.0,38172414.0,,MIN,1,,,,,,,,career
rudy gobert,2023,41000000.0,base,,41000000.0,41000000.0,,MIN,1,,,,,,,,career
rudy gobert,2024,43827586.0,base,,43827586.0,43827586.0,,MIN,1,,,,,,,,career
rudy gobert,2025,35000000.0,cap_hit,35000000.0,35000000.0,,,MIN,1,,,,,,,,contract
rudy gobert,2026,36500000.0,cap_hit,36500000.0,36500000.0,,,MIN,1,,,,,,,,contract
rudy gobert,2027,38000000.0,cap_hit,38000000.0,38000000.0,,,MIN,1,,,,,,,,contract
rui hachimura,2019,4189838.0,base,,4189838.0,4189838.0,,WSH,1,,,,,,,,career
rui hachimura,2020,4692840.0,base,,4692840.0,4692840.0,,WSH,1,,,,,,,,career
rui hachimura,2021,4916160.0,base,,4916160.0,4916160.0,,WSH,1,,,,,,,,career
rui hachimura,2022,2735645.0,base,,2735645.0,2735645.0,,LAL;WSH,2,6263188.0,3527543,,,,,,career
rui hachimura,2023,15740741.0,base,,15740741.0,15740741.0,,LAL,1,,500000,,,,,,career
rui hachimura,2024,17000000.0,base,,17000000.0,17000000.0,,LAL,1,,,,,,,,career
rui hachimura,2025,18259259.0,base,,18259259.0,18259259.0,,LAL,1,,53093,,,,,,career
rui hachimura,2026,14000000.0,cap_hit,14000000.0,14000000.0,,,LAC,1,,,,,,,,contract
rui hachimura,2027,14000000.0,cap_hit,14000000.0,14000000.0,,,LAC,1,,,,,,,,contract
russell westbrook,2008,3493680.0,base,,3493680.0,3493680.0,,OKC,1,,,3493680.0,,0.0,Active,1.0,career
russell westbrook,2009,3755640.0,base,,3755640.0,3755640.0,,OKC,1,,,3755640.0,,0.0,Active,1.0,career
russell westbrook,2010,4017720.0,base,,4017720.0,4017720.0,,OKC,1,,,4017720.0,,0.0,Active,1.0,career
russell westbrook,2011,4090724.0,base,,4090724.0,4090724.0,,OKC,1,,,,,,,,career
russell westbrook,2012,13668750.0,base,,13668750.0,13668750.0,,OKC,1,,,13668750.0,,0.0,Active,1.0,career
russell westbrook,2013,14693906.0,base,,14693906.0,14693906.0,,OKC,1,,,14693906.0,,0.0,Active,1.0,career
russell westbrook,2014,15719062.0,base,,15719062.0,15719062.0,,OKC,1,,,15719062.0,,0.0,Active,1.0,career
russell westbrook,2015,16744218.0,base,,16744218.0,16744218.0,,OKC,1,,,16744218.0,,0.0,Active,1.0,career
russell westbrook,2016,26540100.0,base,,26540100.0,26540100.0,,OKC,1,,,26540100.0,,0.0,Active,1.0,career
russell westbrook,2017,28530608.0,base,,28530608.0,28530608.0,,OKC,1,,,28530608.0,,0.0,Active,1.0,career
russell westbrook,2018,35654150.0,base,,35654150.0,35654150.0,,OKC,1,,,35654150.0,,0.0,Active,1.0,career
russell westbrook,2019,37303152.0,base,,37303152.0,37303152.0,,HOU,1,,,37303152.0,,0.0,Active,1.0,career
russell westbrook,2020,40158814.0,base,,40158814.0,40158814.0,,WSH,1,,,40158814.0,,0.0,Active,1.0,career
russell westbrook,2021,44211146.0,base,,44211146.0,44211146.0,,LAL,1,,,44211146.0,,0.0,Active,1.0,career
russell westbrook,2022,15958306.0,base,,15958306.0,15958306.0,,UTA;LAC;LAL,3,47848392.0,784914;31105172,784914.0,47063478.0,0.0,Buyout;Active;Retained,1.0,career
russell westbrook,2023,3835738.0,base,,3835738.0,3835738.0,,LAC,1,,,3835738.0,,0.0,Active,1.0,career
russell westbrook,2024,3303771.0,base,,3303771.0,3303771.0,,DEN;UTA,2,5631296.0,2327525,3303771.0,2327525.0,0.0,Active;Buyout,1.0,career
russell westbrook,2025,2296274.0,cap_hit,2296274.0,3634153.0,,,SAC,1,,,3634153.0,,0.0,Active,1.0,contract
ryan anderson,2008,1225200.0,base,,1225200.0,1225200.0,,NJN,1,,,1225200.0,,0.0,Active,1.0,career
ryan anderson,2009,1317720.0,base,,1317720.0,1317720.0,,ORL,1,,,1317720.0,,0.0,Active,1.0,career
ryan anderson,2010,1409040.0,base,,1409040.0,1409040.0,,ORL,1,,,1409040.0,,0.0,Active,1.0,career
ryan anderson,2011,1806629.0,base,,1806629.0,1806629.0,,ORL,1,,,,,,,,career
ryan anderson,2012,8700000.0,base,,8700000.0,8700000.0,,NOH,1,,,8700000.0,,0.0,Active,1.0,career
ryan anderson,2013,8308500.0,base,,8308500.0,8308500.0,,NO,1,,,8308500.0,,0.0,Active,1.0,career
ryan anderson,2014,8491500.0,base,,8491500.0,8491500.0,,NO,1,,,8491500.0,,0.0,Active,1.0,career
ryan anderson,2015,8500000.0,base,,8500000.0,8500000.0,,NO,1,,,8500000.0,,0.0,Active,1.0,career
ryan anderson,2016,18735363.0,base,,18735363.0,18735363.0,,HOU,1,,,18735363.0,,0.0,Active,1.0,career
ryan anderson,2017,19578454.0,base,,19578454.0,19578454.0,,HOU,1,,,19578454.0,,0.0,Active,1.0,career
ryan anderson,2018,7384062.0,base,,7384062.0,7384062.0,,MIA;PHX,2,20421546.0,13037484,7384062.0,13037484.0,0.0,Active;Retained,1.0,career
ryan anderson,2019,500000.0,base,,500000.0,500000.0,,HOU;MIA,2,5714583.0,5214583,,5714583.0,0.0,Retained;Retained,0.0,career
ryan anderson,2020,5214583.0,base,,5214583.0,5214583.0,,MIA,1,,,,5214583.0,0.0,Retained,0.0,career
ryan anderson,2021,5214584.0,base,,5214584.0,5214584.0,,MIA,1,,,,5214584.0,0.0,Retained,0.0,career
ryan arcidiacono,2016,75000.0,base,,75000.0,75000.0,,SA,1,,,,75000.0,0.0,Retained,0.0,career
ryan arcidiacono,2018,1349383.0,base,,1349383.0,1349383.0,,CHI,1,,,1349383.0,,0.0,Active,1.0,career
ryan arcidiacono,2019,2812500.0,base,,2812500.0,2812500.0,,CHI,1,,,2812500.0,,0.0,Active,1.0,career
ryan arcidiacono,2020,3000000.0,base,,3000000.0,3000000.0,,CHI,1,,,3000000.0,,0.0,Active,1.0,career
ryan arcidiacono,2021,586136.0,base,,586136.0,586136.0,,NY,1,,102831;102831,586136.0,205662.0,0.0,Active;Retained;Retained,1.0,career
ryan arcidiacono,2022,1409925.0,base,,1409925.0,1409925.0,,NY;POR,2,2133278.0,723353,,2133278.0,0.0,Retained;Retained,0.0,career
ryan arcidiacono,2023,958985.0,base,,958985.0,958985.0,,DET;NY,2,2578233.0,50000;1569248,,2528233.0,50000.0,Retained;NBA Cup;Retained,0.0,career
ryan broekhoff,2018,838464.0,base,,838464.0,838464.0,,DAL,1,,,838464.0,,0.0,Active,1.0,career
ryan broekhoff,2019,1416852.0,base,,1416852.0,1416852.0,,DAL,1,,163356,163356.0,1416852.0,0.0,Retained;Active,1.0,career
ryan dunn,2024,2530800.0,cap_hit,2530800.0,2530800.0,,,PHX,1,,,,,,,,contract
ryan dunn,2025,2657760.0,cap_hit,2657760.0,2657760.0,,,PHX,1,,,,,,,,contract
ryan dunn,2026,2784240.0,cap_hit,2784240.0,2784240.0,,,PHX,1,,,,,,,,contract
ryan dunn,2027,5025553.0,cap_hit,5025553.0,5025553.0,,,PHX,1,,,,,,,,contract
ryan kalkbrenner,2025,2296274.0,cap_hit,2296274.0,2296274.0,,,CHA,1,,,,,,,,contract
ryan kalkbrenner,2026,2411090.0,cap_hit,2411090.0,2411090.0,,,CHA,1,,,,,,,,contract
ryan kalkbrenner,2027,2525901.0,cap_hit,2525901.0,2525901.0,,,CHA,1,,,,,,,,contract
ryan kalkbrenner,2028,2735698.0,cap_hit,2735698.0,2735698.0,,,CHA,1,,,,,,,,contract
ryan rollins,2022,1017781.0,base,,1017781.0,1017781.0,,GS,1,,,,,,,,career
ryan rollins,2023,1719864.0,base,,1719864.0,1719864.0,,WSH,1,,,,,,,,career
ryan rollins,2024,600000.0,base,,600000.0,600000.0,,WSH;MIL,2,1349372.0,491887;257485,,,,,,career
ryan rollins,2025,4000000.0,cap_hit,4000000.0,4000000.0,,,MIL,1,,,,,,,,contract
ryan rollins,2026,4000000.0,cap_hit,4000000.0,4000000.0,,,MIL,1,,,,,,,,contract
ryan rollins,2027,4000000.0,cap_hit,4000000.0,4000000.0,,,MIL,1,,,,,,,,contract
saben lee,2021,1489065.0,base,,1489065.0,1489065.0,,DET,1,,,1489065.0,,0.0,Active,1.0,career
saben lee,2022,105522.0,base,,105522.0,105522.0,,PHX;TOR;UTA,3,1974174.0,105522;10492;1752638,,1974174.0,0.0,Retained;Retained;Retained;Retained,0.0,career
saben lee,2023,25000.0,base,,25000.0,25000.0,,PHX,1,,,,,25000.0,NBA Cup,0.0,career
saddiq bey,2020,2689920.0,base,,2689920.0,2689920.0,,DET,1,,,2689920.0,,0.0,Active,1.0,career
saddiq bey,2021,2824320.0,base,,2824320.0,2824320.0,,DET,1,,,2824320.0,,0.0,Active,1.0,career
saddiq bey,2022,1003366.0,base,,1003366.0,1003366.0,,ATL;DET,2,2959080.0,1955714,1003366.0,1955714.0,0.0,Active / Club Exercised;Retained,1.0,career
saddiq bey,2023,4556983.0,base,,4556983.0,4556983.0,,ATL,1,,,4556983.0,,0.0,Active / Club Exercised,1.0,career
saddiq bey,2024,6440678.0,cap_hit,6440678.0,6440678.0,,,WSH,1,,,6440678.0,,0.0,Active,1.0,contract
saddiq bey,2025,6229755.0,cap_hit,6229755.0,6118644.0,,,NO,1,,,6229755.0,,0.0,Active,1.0,contract
saddiq bey,2026,6557080.0,cap_hit,6557080.0,6440678.0,,,NO,1,,,6440678.0,,0.0,Active,1.0,contract
sam hauser,2021,313737.0,base,,313737.0,313737.0,,BOS,1,,,,,,,,career
sam hauser,2022,1637966.0,cap_hit,1637966.0,1637966.0,,,BOS,1,,,,,,,,contract
sam hauser,2023,1927896.0,cap_hit,1927896.0,1927896.0,,,BOS,1,,,,,,,,contract
sam hauser,2024,2092344.0,cap_hit,2092344.0,2092344.0,,,BOS,1,,,,,,,,contract
sam hauser,2025,10044644.0,cap_hit,10044644.0,10044644.0,,,BOS,1,,,,,,,,contract
sam hauser,2026,10848215.0,cap_hit,10848215.0,10848215.0,,,BOS,1,,,,,,,,contract
sam hauser,2027,11651785.0,cap_hit,11651785.0,11651785.0,,,BOS,1,,,,,,,,contract
sam hauser,2028,12455356.0,cap_hit,12455356.0,12455356.0,,,BOS,1,,,,,,,,contract
sam merrill,2020,898310.0,base,,898310.0,898310.0,,MIL,1,,,898310.0,,0.0,Active,1.0,career
sam merrill,2021,1517981.0,base,,1517981.0,1517981.0,,MEM,1,,,,1517981.0,0.0,Retained,0.0,career
sam merrill,2022,850000.0,base,,850000.0,850000.0,,CLE;SAC,2,1105522.0,150000;105522,850000.0,255522.0,0.0,Active;Retained;Retained,1.0,career
sam merrill,2023,1997238.0,base,,1997238.0,1997238.0,,CLE,1,,,1997238.0,,0.0,Active,1.0,career
sam merrill,2024,2164993.0,base,,2164993.0,2164993.0,,CLE,1,,,2164993.0,,0.0,Active,1.0,career
sam merrill,2025,8482144.0,cap_hit,8482144.0,8482144.0,,,CLE,1,,,8482144.0,,0.0,Active,1.0,contract
sam merrill,2026,9160715.0,cap_hit,9160715.0,9160715.0,,,CLE,1,,,9160715.0,,0.0,Active,1.0,contract
sam merrill,2027,9839285.0,cap_hit,9839285.0,9839285.0,,,CLE,1,,,9839285.0,,0.0,Active,1.0,contract
sam merrill,2028,10517856.0,cap_hit,10517856.0,10517856.0,,,CLE,1,,,10517856.0,,0.0,Active,1.0,contract
sandro mamukelashvili,2022,357717.0,base,,357717.0,357717.0,,SA,1,,,,,,,,career
sandro mamukelashvili,2023,2019706.0,base,,2019706.0,2019706.0,,SA,1,,,,,,,,career
sandro mamukelashvili,2024,2162606.0,base,,2162606.0,2162606.0,,SA,1,,,,,,,,career
sandro mamukelashvili,2025,2461463.0,base,,2461463.0,2461463.0,,TOR,1,,53093,,,,,,career
sandro mamukelashvili,2026,13000000.0,cap_hit,13000000.0,13000000.0,,,LAL,1,,,,,,,,contract
sandro mamukelashvili,2027,12350000.0,cap_hit,12350000.0,12350000.0,,,LAL,1,,,,,,,,contract
sandro mamukelashvili,2028,13000000.0,cap_hit,13000000.0,13000000.0,,,LAL,1,,,,,,,,contract
sandro mamukelashvili,2029,13650000.0,cap_hit,13650000.0,13650000.0,,,LAL,1,,,,,,,,contract
santi aldama,2021,1994520.0,base,,1994520.0,1994520.0,,MEM,1,,,,,,,,career
santi aldama,2022,2094120.0,base,,2094120.0,2094120.0,,MEM,1,,,,,,,,career
santi aldama,2023,2194200.0,base,,2194200.0,2194200.0,,MEM,1,,,,,,,,career
santi aldama,2024,3960531.0,base,,3960531.0,3960531.0,,MEM,1,,,,,,,,career
santi aldama,2025,18485916.0,cap_hit,18485916.0,18485916.0,,,MEM,1,,,,,,,,contract
santi aldama,2026,17007043.0,cap_hit,17007043.0,17007043.0,,,DAL,1,,,,,,,,contract
santi aldama,2027,17007043.0,cap_hit,17007043.0,17007043.0,,,DAL,1,,,,,,,,contract
scoot henderson,2023,9770880.0,cap_hit,9770880.0,9770880.0,,,POR,1,,,,,,,,contract
scoot henderson,2024,10259160.0,cap_hit,10259160.0,10259160.0,,,POR,1,,,,,,,,contract
scoot henderson,2025,10748040.0,cap_hit,10748040.0,10748040.0,,,POR,1,,,,,,,,contract
scoot henderson,2026,13585523.0,cap_hit,13585523.0,13585523.0,,,POR,1,,,,,,,,contract
scottie barnes,2021,7280400.0,base,,7280400.0,7280400.0,,TOR,1,,,7280400.0,,0.0,Active,1.0,career
scottie barnes,2022,7644600.0,base,,7644600.0,7644600.0,,TOR,1,,,7644600.0,,0.0,Active,1.0,career
scottie barnes,2023,8008680.0,base,,8008680.0,8008680.0,,TOR,1,,,8008680.0,,0.0,Active / Club Exercised,1.0,career
scottie barnes,2024,10130980.0,base,,10130980.0,10130980.0,,TOR,1,,,10130980.0,,0.0,Active / Club Exercised,1.0,career
scottie barnes,2025,38661750.0,cap_hit,38661750.0,38661750.0,,,TOR,1,,,38661750.0,,53093.0,Active;NBA Cup,1.0,contract
scottie barnes,2026,41754690.0,cap_hit,41754690.0,41754690.0,,,TOR,1,,,41754690.0,,0.0,Active,1.0,contract
scottie barnes,2027,44847630.0,cap_hit,44847630.0,44847630.0,,,TOR,1,,,44847630.0,,0.0,Active,1.0,contract
scottie barnes,2028,47940570.0,cap_hit,47940570.0,47940570.0,,,TOR,1,,,47940570.0,,0.0,Active,1.0,contract
scottie barnes,2029,51033510.0,cap_hit,51033510.0,51033510.0,,,TOR,1,,,51033510.0,,0.0,Active,1.0,contract
scotty pippen jr.,2024,2087519.0,cap_hit,2087519.0,2087519.0,,,MEM,1,,,,,,,,contract
scotty pippen jr.,2025,2270735.0,cap_hit,2270735.0,2270735.0,,,MEM,1,,,,,,,,contract
scotty pippen jr.,2026,2461462.0,cap_hit,2461462.0,2461462.0,,,MEM,1,,,,,,,,contract
scotty pippen jr.,2027,2789215.0,cap_hit,2789215.0,2789215.0,,,MEM,1,,,,,,,,contract
sekou doumbouya,2019,3079800.0,base,,3079800.0,3079800.0,,DET,1,,,3079800.0,,0.0,Active,1.0,career
sekou doumbouya,2020,3449400.0,base,,3449400.0,3449400.0,,DET,1,,,3449400.0,,0.0,Active,1.0,career
sekou doumbouya,2021,3613680.0,base,,3613680.0,3613680.0,,HOU,1,,,,3613680.0,0.0,Retained,0.0,career
semi ojeleye,2017,1291892.0,base,,1291892.0,1291892.0,,BOS,1,,,1291892.0,,0.0,Active,1.0,career
semi ojeleye,2018,1378242.0,base,,1378242.0,1378242.0,,BOS,1,,,1378242.0,,0.0,Active,1.0,career
semi ojeleye,2019,1517363.0,base,,1517363.0,1517363.0,,BOS,1,,,1517363.0,,0.0,Active,1.0,career
semi ojeleye,2020,1752950.0,base,,1752950.0,1752950.0,,BOS,1,,,1752950.0,,0.0,Active / Club Exercised,1.0,career
semi ojeleye,2021,1789256.0,base,,1789256.0,1789256.0,,LAC;MIL,2,2971810.0,1182554,,2971810.0,0.0,Retained;Retained,0.0,career
serge ibaka,2009,1120200.0,base,,1120200.0,1120200.0,,OKC,1,,,1120200.0,,0.0,Active,1.0,career
serge ibaka,2010,1204200.0,base,,1204200.0,1204200.0,,OKC,1,,,1204200.0,,0.0,Active,1.0,career
serge ibaka,2011,1036844.0,base,,1036844.0,1036844.0,,OKC,1,,,,,,,,career
serge ibaka,2012,2253061.0,base,,2253061.0,2253061.0,,OKC,1,,,2253061.0,,0.0,Active,1.0,career
serge ibaka,2013,12250000.0,base,,12250000.0,12350000.0,100000.0,OKC,1,,,12350000.0,,0.0,Active,1.0,career
serge ibaka,2014,12250000.0,base,,12250000.0,12350000.0,100000.0,OKC,1,,,12350000.0,,0.0,Active,1.0,career
serge ibaka,2015,12250000.0,base,,12250000.0,12250000.0,,OKC,1,,,12250000.0,,0.0,Active,1.0,career
serge ibaka,2016,8070588.0,base,,8070588.0,8070588.0,,ORL;TOR,2,12250000.0,4179412,4179412.0,8070588.0,0.0,Retained;Active,1.0,career
serge ibaka,2017,20061728.0,base,,20061728.0,20061728.0,,TOR,1,,,20061728.0,,0.0,Active,1.0,career
serge ibaka,2018,21666667.0,base,,21666667.0,21666667.0,,TOR,1,,,21666667.0,,0.0,Active,1.0,career
serge ibaka,2019,21817130.0,base,,21817130.0,21817130.0,,TOR,1,,,21817130.0,,0.0,Active,1.0,career
serge ibaka,2020,9258000.0,base,,9258000.0,9258000.0,,LAC,1,,,9258000.0,,0.0,Active,1.0,career
serge ibaka,2021,6424733.0,base,,6424733.0,6927538.0,,LAC;MIL,2,9720900.0,3296167,3798972.0,6927538.0,0.0,Retained;Active / Player Exercised,1.0,career
serge ibaka,2022,985317.0,base,,985317.0,985317.0,,IND;MIL,2,2905851.0,1920534,,2905851.0,0.0,Retained;Retained,0.0,career
seth curry,2013,75000.0,base,,75000.0,75000.0,,GS;MEM;CLE,3,147085.0,43251;28834,,147085.0,0.0,Retained;Retained;Retained,0.0,career
seth curry,2014,150000.0,base,,150000.0,150000.0,,ORL;PHX,2,198028.0,48028,,198028.0,0.0,Retained;Retained,0.0,career
seth curry,2015,947276.0,base,,947276.0,947276.0,,SAC,1,,,947276.0,,0.0,Active,1.0,career
seth curry,2016,2898000.0,base,,2898000.0,2898000.0,,DAL,1,,,2898000.0,,0.0,Active,1.0,career
seth curry,2017,3028410.0,base,,3028410.0,3028410.0,,DAL,1,,,3028410.0,,0.0,Active,1.0,career
seth curry,2018,2795000.0,base,,2795000.0,2795000.0,,POR,1,,,2795000.0,,0.0,Active,1.0,career
seth curry,2019,6995044.0,base,,6995044.0,6995044.0,,DAL,1,,,6995044.0,,0.0,Active,1.0,career
seth curry,2020,7834449.0,base,,7834449.0,7834449.0,,PHI,1,,,7834449.0,,0.0,Active,1.0,career
seth curry,2021,2783009.0,base,,2783009.0,2783009.0,,BKN;PHI,2,8207518.0,5424509,2783009.0,5424509.0,0.0,Active;Retained,1.0,career
seth curry,2022,8496653.0,base,,8496653.0,8496653.0,,BKN,1,,,8496653.0,,0.0,Active,1.0,career
seth curry,2023,1517241.0,base,,1517241.0,1517241.0,,CHA;DAL,2,4000000.0,2482759,1517241.0,2482759.0,0.0,Active;Retained,1.0,career
seth curry,2024,3303771.0,base,,3303771.0,3303771.0,,CHA,1,,,3303771.0,,0.0,Active,1.0,career
seth curry,2025,1755198.0,cap_hit,1755198.0,2777830.0,,,GS,1,,,2777830.0,,0.0,Active,1.0,contract
shabazz napier,2014,1238640.0,base,,1238640.0,1238640.0,,MIA,1,,,1238640.0,,0.0,Active,1.0,career
shabazz napier,2015,215740.0,base,,215740.0,215740.0,,MIA;ORL,2,1294440.0,1078700,1078700.0,215740.0,0.0,Retained;Active,1.0,career
shabazz napier,2016,1350120.0,base,,1350120.0,1350120.0,,POR,1,,,1350120.0,,0.0,Active,1.0,career
shabazz napier,2017,2361360.0,base,,2361360.0,2361360.0,,POR,1,,,2361360.0,,0.0,Active,1.0,career
shabazz napier,2018,1942422.0,base,,1942422.0,1942422.0,,BKN,1,,,1942422.0,,0.0,Active,1.0,career
shabazz napier,2019,10425.0,base,,10425.0,10425.0,,DEN;MIN;WSH,3,1845301.0,1105096;729780,729780.0,1115521.0,0.0,Retained;Retained;Active,1.0,career
shaedon sharpe,2022,6012960.0,base,,6012960.0,6012960.0,,POR,1,,,6012960.0,,0.0,Active,1.0,career
shaedon sharpe,2023,6313800.0,base,,6313800.0,6313800.0,,POR,1,,,6313800.0,,0.0,Active,1.0,career
shaedon sharpe,2024,6614160.0,base,,6614160.0,6614160.0,,POR,1,,,6614160.0,,0.0,Active / Club Exercised,1.0,career
shaedon sharpe,2025,8399983.0,base,,8399983.0,8399983.0,,POR,1,,,8399983.0,,0.0,Active / Club Exercised,1.0,career
shaedon sharpe,2026,20089287.0,cap_hit,20089287.0,20089287.0,,,POR,1,,,20089287.0,,0.0,Active,1.0,contract
shaedon sharpe,2027,21696429.0,cap_hit,21696429.0,21696429.0,,,POR,1,,,21696429.0,,0.0,Active,1.0,contract
shaedon sharpe,2028,23303571.0,cap_hit,23303571.0,23303571.0,,,POR,1,,,23303571.0,,0.0,Active,1.0,contract
shaedon sharpe,2029,24910713.0,cap_hit,24910713.0,24910713.0,,,POR,1,,,24910713.0,,0.0,Active,1.0,contract
shai gilgeous-alexander,2018,3375360.0,base,,3375360.0,3375360.0,,LAC,1,,,,,,,,career
shai gilgeous-alexander,2019,3705863.0,base,,3705863.0,3705863.0,,OKC,1,,,,,,,,career
shai gilgeous-alexander,2020,4141320.0,base,,4141320.0,4141320.0,,OKC,1,,,,,,,,career
shai gilgeous-alexander,2021,5495532.0,base,,5495532.0,5495532.0,,OKC,1,,,,,,,,career
shai gilgeous-alexander,2022,30913750.0,cap_hit,30913750.0,30913750.0,,,OKC,1,,,,,,,,contract
shai gilgeous-alexander,2023,33386850.0,cap_hit,33386850.0,33386850.0,,,OKC,1,,,,,,,,contract
shai gilgeous-alexander,2024,35859950.0,cap_hit,35859950.0,35859950.0,,,OKC,1,,,,,,,,contract
shai gilgeous-alexander,2025,38333050.0,cap_hit,38333050.0,38333050.0,,,OKC,1,,,,,,,,contract
shai gilgeous-alexander,2026,40806150.0,cap_hit,40806150.0,40806150.0,,,OKC,1,,,,,,,,contract
shai gilgeous-alexander,2027,60637500.0,cap_hit,60637500.0,60637500.0,,,OKC,1,,,,,,,,contract
shai gilgeous-alexander,2028,65488500.0,cap_hit,65488500.0,65488500.0,,,OKC,1,,,,,,,,contract
shai gilgeous-alexander,2029,70339500.0,cap_hit,70339500.0,70339500.0,,,OKC,1,,,,,,,,contract
shai gilgeous-alexander,2030,75190500.0,cap_hit,75190500.0,75190500.0,,,OKC,1,,,,,,,,contract
shake milton,2019,1355341.0,base,,1355341.0,1355341.0,,PHI,1,,,1355341.0,,0.0,Active,1.0,career
shake milton,2020,1701593.0,base,,1701593.0,1701593.0,,PHI,1,,,1701593.0,,0.0,Active,1.0,career
shake milton,2021,1846738.0,base,,1846738.0,1846738.0,,PHI,1,,,1846738.0,,0.0,Active,1.0,career
shake milton,2022,1997718.0,base,,1997718.0,1997718.0,,PHI,1,,,1997718.0,,0.0,Active / Club Exercised,1.0,career
shake milton,2023,1925287.0,base,,1925287.0,1925287.0,,DET;MIN;NY,3,5552938.0,3074713;552938,552938.0,5000000.0,0.0,Retained;Retained;Active,1.0,career
shake milton,2024,1140086.0,base,,1140086.0,1140086.0,,BKN;LAL,2,2875000.0,1734914,1734914.0,1140086.0,0.0,Retained;Active,1.0,career
shaquille harrison,2017,175000.0,base,,175000.0,175000.0,,PHX,1,,46080;46080,175000.0,92160.0,0.0,Active;Retained;Retained,1.0,career
shaquille harrison,2018,1311264.0,base,,1311264.0,1311264.0,,CHI;PHX,2,1361264.0,50000,1311264.0,50000.0,0.0,Active;Retained,1.0,career
shaquille harrison,2019,842166.0,base,,842166.0,842166.0,,CHI,1,,,842166.0,,0.0,Active,1.0,career
shaquille harrison,2020,770433.0,base,,770433.0,770433.0,,UTA,1,,,,770433.0,0.0,Retained,0.0,career
shaquille harrison,2021,102831.0,base,,102831.0,102831.0,,BKN;MEM,2,308493.0,102831;102831,,308493.0,0.0,Retained;Retained;Retained,0.0,career
shaquille harrison,2022,12260.0,base,,12260.0,12260.0,,LAL;POR,2,134862.0,122602,12260.0,122602.0,0.0,Active;Retained,1.0,career
shaquille harrison,2023,145301.0,base,,145301.0,145301.0,,MEM,1,,,,145301.0,0.0,Retained,0.0,career
shaun livingston,2004,3027840.0,base,,3027840.0,3027840.0,,LAC,1,,,3027840.0,,0.0,Active,1.0,career
shaun livingston,2005,3254880.0,base,,3254880.0,3254880.0,,LAC,1,,,3254880.0,,0.0,Active,1.0,career
shaun livingston,2006,3481920.0,base,,3481920.0,3481920.0,,LAC,1,,,3481920.0,,0.0,Active,1.0,career
shaun livingston,2007,4404629.0,base,,4404629.0,4404629.0,,LAC,1,,,4404629.0,,0.0,Active,1.0,career
shaun livingston,2008,370000.0,base,,370000.0,370000.0,,MEM,1,,,370000.0,,0.0,Active,1.0,career
shaun livingston,2009,296695.0,base,,296695.0,296695.0,,OKC,1,,,296695.0,,0.0,Active,1.0,career
shaun livingston,2010,3500000.0,base,,3500000.0,3500000.0,,,0,,,3500000.0,,0.0,Active,1.0,career
shaun livingston,2011,2817073.0,base,,2817073.0,2817073.0,,MIL,1,,,,,,,,career
shaun livingston,2012,1108044.0,base,,1108044.0,1108044.0,,CLE;HOU,2,2108044.0,1000000,1108044.0,1000000.0,0.0,Active;Retained,1.0,career
shaun livingston,2013,1272279.0,base,,1272279.0,1272279.0,,BKN,1,,,1272279.0,,0.0,Active,1.0,career
shaun livingston,2014,5305000.0,base,,5305000.0,5305000.0,,GS,1,,,5305000.0,,0.0,Active,1.0,career
shaun livingston,2015,5543725.0,base,,5543725.0,5543725.0,,GS,1,,,5543725.0,,0.0,Active,1.0,career
shaun livingston,2016,5782450.0,base,,5782450.0,5782450.0,,GS,1,,,5782450.0,,0.0,Active,1.0,career
shaun livingston,2017,7692308.0,base,,7692308.0,7692308.0,,GS,1,,,7692308.0,,0.0,Active,1.0,career
shaun livingston,2018,8307692.0,base,,8307692.0,8307692.0,,GS,1,,,8307692.0,,0.0,Active,1.0,career
shaun livingston,2019,666667.0,base,,666667.0,666667.0,,GS,1,,,,666667.0,0.0,Retained,0.0,career
shaun livingston,2020,666667.0,base,,666667.0,666667.0,,GS,1,,,,666667.0,0.0,Retained,0.0,career
shaun livingston,2021,666667.0,base,,666667.0,666667.0,,GS,1,,,,666667.0,0.0,Retained,0.0,career
sidy cissoko,2023,855605.0,base,,855605.0,855605.0,,SA,1,,,855605.0,,0.0,Active,1.0,career
sidy cissoko,2024,626835.0,base,,626835.0,626835.0,,WSH;SA;SAC,3,1618543.0,972997;18711,,1618543.0,0.0,Retained;Retained;Retained,0.0,career
sidy cissoko,2025,686243.0,cap_hit,686243.0,686243.0,,,POR,1,,,686243.0,446236.0,0.0,Active;Retained,1.0,contract
sidy cissoko,2026,2497812.0,cap_hit,2497812.0,2497812.0,,,POR,1,,,2497812.0,,0.0,Active,1.0,contract
simone fontecchio,2022,3205128.0,base,,3205128.0,3205128.0,,UTA,1,,,3205128.0,,0.0,Active,1.0,career
simone fontecchio,2023,1172451.0,base,,1172451.0,1172451.0,,DET;UTA,2,3044872.0,1872421,1172451.0,1872421.0,0.0,Active;Retained,1.0,career
simone fontecchio,2024,7692308.0,base,,7692308.0,7692308.0,,DET,1,,,7692308.0,,0.0,Active,1.0,career
simone fontecchio,2025,8307692.0,base,,8307692.0,8307692.0,,MIA,1,,53093,8307692.0,,53093.0,Active;NBA Cup,1.0,career
simone fontecchio,2026,2449421.0,cap_hit,2449421.0,2625627.0,,,MIA,1,,,2625627.0,,0.0,Active,1.0,contract
sindarius thornwell,2017,815615.0,base,,815615.0,815615.0,,LAC,1,,,815615.0,,0.0,Active,1.0,career
sindarius thornwell,2018,1378242.0,base,,1378242.0,1378242.0,,LAC,1,,,1378242.0,,0.0,Active,1.0,career
sindarius thornwell,2019,183115.0,base,,183115.0,183115.0,,NO,1,,,183115.0,,0.0,Active,1.0,career
sindarius thornwell,2020,747435.0,base,,747435.0,747435.0,,NO,1,,114990;114990,,977415.0,0.0,Retained;Retained;Retained,0.0,career
sion james,2025,2296274.0,cap_hit,2296274.0,2296274.0,,,CHA,1,,,,,,,,contract
sion james,2026,2411090.0,cap_hit,2411090.0,2411090.0,,,CHA,1,,,,,,,,contract
sion james,2027,2525901.0,cap_hit,2525901.0,2525901.0,,,CHA,1,,,,,,,,contract
sion james,2028,2735698.0,cap_hit,2735698.0,2735698.0,,,CHA,1,,,,,,,,contract
skylar mays,2021,34231.0,base,,34231.0,34231.0,,ATL,1,,,34231.0,,0.0,Active,1.0,career
skylar mays,2022,105522.0,base,,105522.0,105522.0,,POR,1,,10552,,116074.0,0.0,Retained;Retained,0.0,career
skylar mays,2023,850000.0,base,,850000.0,850000.0,,POR,1,,,,850000.0,0.0,Retained,0.0,career
solomon hill,2013,1246680.0,base,,1246680.0,1246680.0,,IND,1,,,1246680.0,,0.0,Active,1.0,career
solomon hill,2014,1302840.0,base,,1302840.0,1302840.0,,IND,1,,,1302840.0,,0.0,Active,1.0,career
solomon hill,2015,1358880.0,base,,1358880.0,1358880.0,,IND,1,,,1358880.0,,0.0,Active,1.0,career
solomon hill,2016,11241218.0,base,,11241218.0,11241218.0,,NO,1,,,11241218.0,,0.0,Active,1.0,career
solomon hill,2017,11747073.0,base,,11747073.0,12236535.0,489462.0,NO,1,,,12236535.0,,0.0,Active,1.0,career
solomon hill,2018,12252928.0,base,,12252928.0,12252928.0,,NO,1,,,12252928.0,,0.0,Active,1.0,career
solomon hill,2019,7712935.0,base,,7712935.0,7712935.0,,MEM;MIA,2,11961357.0,4248422,4248422.0,7712935.0,0.0,Retained;Active,1.0,career
solomon hill,2020,2174318.0,base,,2174318.0,2174318.0,,ATL,1,,,2174318.0,,0.0,Active,1.0,career
solomon hill,2021,1194821.0,base,,1194821.0,1194821.0,,ATL;NY,2,2389642.0,1194821,,2389642.0,0.0,Retained;Retained,0.0,career
spencer dinwiddie,2014,700000.0,base,,700000.0,700000.0,,DET,1,,,700000.0,,0.0,Active,1.0,career
spencer dinwiddie,2015,845059.0,base,,845059.0,845059.0,,CHI;DET,2,1690118.0,845059,845059.0,845059.0,0.0,Active;Retained,1.0,career
spencer dinwiddie,2016,726672.0,base,,726672.0,726672.0,,BKN,1,,,726672.0,,0.0,Active,1.0,career
spencer dinwiddie,2017,1524305.0,base,,1524305.0,1524305.0,,BKN,1,,,1524305.0,,0.0,Active,1.0,career
spencer dinwiddie,2018,1656092.0,base,,1656092.0,1656092.0,,BKN,1,,,1656092.0,,0.0,Active,1.0,career
spencer dinwiddie,2019,9942750.0,base,,9942750.0,9942750.0,,BKN,1,,,,,9942750.0,Reserve,0.0,career
spencer dinwiddie,2020,11454048.0,base,,11454048.0,11454048.0,,BKN,1,,,11454048.0,,0.0,Active,1.0,career
spencer dinwiddie,2021,5812808.0,base,,5812808.0,7984235.0,2171427.0,DAL;WSH,2,17142857.0,11330049,7984235.0,11330049.0,0.0,Active;Retained,1.0,career
spencer dinwiddie,2022,6413793.0,base,,6413793.0,7913793.0,1500000.0,BKN;DAL,2,18000000.0,11586207,7913793.0,11586207.0,0.0,Active;Retained,1.0,career
spencer dinwiddie,2023,11704434.0,base,,11704434.0,11704434.0,,BKN;LAL;TOR,3,20411807.0,1554664;7152709,1554664.0,18857143.0,0.0,Retained;Active;Retained,1.0,career
spencer dinwiddie,2024,3303771.0,base,,3303771.0,3303771.0,,DAL,1,,51497,3303771.0,,51497.0,Active;NBA Cup,1.0,career
spencer dinwiddie,2025,3634153.0,base,,3634153.0,3634153.0,,CHA,1,,,,3634153.0,0.0,Retained,0.0,career
spencer jones,2025,623967.0,base,,623967.0,623967.0,,DEN,1,,442578,623967.0,442578.0,0.0,Active;Retained,1.0,career
spencer jones,2026,6000000.0,cap_hit,6000000.0,6000000.0,,,DEN,1,,,6000000.0,,0.0,Active,1.0,contract
spencer jones,2027,5750000.0,cap_hit,5750000.0,5750000.0,,,DEN,1,,,5750000.0,,0.0,Active,1.0,contract
stanley johnson,2015,2841960.0,base,,2841960.0,2841960.0,,DET,1,,,2841960.0,,0.0,Active,1.0,career
stanley johnson,2016,2969880.0,base,,2969880.0,2969880.0,,DET,1,,,2969880.0,,0.0,Active,1.0,career
stanley johnson,2017,3097800.0,base,,3097800.0,3097800.0,,DET,1,,,3097800.0,,0.0,Active,1.0,career
stanley johnson,2018,2537886.0,base,,2537886.0,2537886.0,,DET;NO,2,3940402.0,1402516,1402516.0,2537886.0,0.0,Retained;Active,1.0,career
stanley johnson,2019,3396563.0,base,,3396563.0,3396563.0,,TOR,1,,,3396563.0,,0.0,Active,1.0,career
stanley johnson,2020,3804150.0,base,,3804150.0,3804150.0,,TOR,1,,,3804150.0,,0.0,Active / Player Exercised,1.0,career
stanley johnson,2021,120083.0,base,,120083.0,120083.0,,CHI;LAL,2,1368948.0,888616;120083;120083;120083,888616.0,480332.0,0.0,Retained;Active;Retained;Retained;Retained,1.0,career
stanley johnson,2022,1670643.0,base,,1670643.0,1670643.0,,SA;UTA,2,4022164.0,2351521,,4022164.0,0.0,Retained;Retained,0.0,career
stanley umude,2022,58493.0,base,,58493.0,58493.0,,DET,1,,,,58493.0,0.0,Retained,0.0,career
stanley umude,2023,538460.0,base,,538460.0,538460.0,,DET,1,,,538460.0,,0.0,Active,1.0,career
stanley umude,2024,257485.0,base,,257485.0,257485.0,,MIL,1,,,,,257485.0,NBA Cup,0.0,career
stanley umude,2025,234091.0,base,,234091.0,234091.0,,SA,1,,,,234091.0,0.0,Retained,0.0,career
stephen curry,2009,2710560.0,base,,2710560.0,2710560.0,,GS,1,,,2710560.0,,0.0,Active,1.0,career
stephen curry,2010,2913840.0,base,,2913840.0,2913840.0,,GS,1,,,2913840.0,,0.0,Active,1.0,career
stephen curry,2011,2508901.0,base,,2508901.0,2508901.0,,GS,1,,,,,,,,career
stephen curry,2012,3958742.0,base,,3958742.0,3958742.0,,GS,1,,,3958742.0,,0.0,Active,1.0,career
stephen curry,2013,9887642.0,base,,9887642.0,9887642.0,,GS,1,,,9887642.0,,0.0,Active,1.0,career
stephen curry,2014,10629213.0,base,,10629213.0,10629213.0,,GS,1,,,10629213.0,,0.0,Active,1.0,career
stephen curry,2015,11370786.0,base,,11370786.0,11370786.0,,GS,1,,,11370786.0,,0.0,Active,1.0,career
stephen curry,2016,12112359.0,base,,12112359.0,12112359.0,,GS,1,,,12112359.0,,0.0,Active,1.0,career
stephen curry,2017,34682550.0,base,,34682550.0,34682550.0,,GS,1,,,34682550.0,,0.0,Active,1.0,career
stephen curry,2018,37457154.0,base,,37457154.0,37457154.0,,GS,1,,,37457154.0,,0.0,Active,1.0,career
stephen curry,2019,40231758.0,base,,40231758.0,40231758.0,,GS,1,,,40231758.0,,0.0,Active,1.0,career
stephen curry,2020,40491877.0,base,,40491877.0,40491877.0,,GS,1,,,40491877.0,,0.0,Active,1.0,career
stephen curry,2021,45780966.0,base,,45780966.0,45780966.0,,GS,1,,,45780966.0,,0.0,Active,1.0,career
stephen curry,2022,48070014.0,cap_hit,48070014.0,48070014.0,,,GS,1,,,48070014.0,,0.0,Active,1.0,contract
stephen curry,2023,51915615.0,cap_hit,51915615.0,51915615.0,,,GS,1,,,51915615.0,,0.0,Active,1.0,contract
stephen curry,2024,55761216.0,cap_hit,55761216.0,55761216.0,,,GS,1,,,55761216.0,,51497.0,Active;NBA Cup,1.0,contract
stephen curry,2025,59606817.0,cap_hit,59606817.0,59606817.0,,,GS,1,,,59606817.0,,0.0,Active,1.0,contract
stephen curry,2026,62587158.0,cap_hit,62587158.0,62587158.0,,,GS,1,,,62587158.0,,0.0,Active,1.0,contract
stephon castle,2024,9105120.0,cap_hit,9105120.0,9105120.0,,,SA,1,,,,,,,,contract
stephon castle,2025,9560520.0,cap_hit,9560520.0,9560520.0,,,SA,1,,,,,,,,contract
stephon castle,2026,10015920.0,cap_hit,10015920.0,10015920.0,,,SA,1,,,,,,,,contract
stephon castle,2027,12670139.0,cap_hit,12670139.0,12670139.0,,,SA,1,,,,,,,,contract
sterling brown,2017,815615.0,base,,815615.0,815615.0,,MIL,1,,,815615.0,,0.0,Active,1.0,career
sterling brown,2018,1378242.0,base,,1378242.0,1378242.0,,MIL,1,,,1378242.0,,0.0,Active,1.0,career
sterling brown,2019,1517363.0,base,,1517363.0,1517363.0,,MIL,1,,,1517363.0,,0.0,Active,1.0,career
sterling brown,2020,1678854.0,base,,1678854.0,1678854.0,,HOU,1,,,1678854.0,,0.0,Active,1.0,career
sterling brown,2021,3000000.0,base,,3000000.0,3000000.0,,DAL,1,,,3000000.0,,0.0,Active,1.0,career
sterling brown,2022,122602.0,base,,122602.0,122602.0,,LAL;OKC,2,3122602.0,3000000,,3122602.0,0.0,Retained;Retained,0.0,career
steven adams,2013,2090880.0,base,,2090880.0,2090880.0,,OKC,1,,,2090880.0,,0.0,Active,1.0,career
steven adams,2014,2184960.0,base,,2184960.0,2184960.0,,OKC,1,,,2184960.0,,0.0,Active,1.0,career
steven adams,2015,2279040.0,base,,2279040.0,2279040.0,,OKC,1,,,2279040.0,,0.0,Active,1.0,career
steven adams,2016,3140517.0,base,,3140517.0,3140517.0,,OKC,1,,,3140517.0,,0.0,Active,1.0,career
steven adams,2017,22471910.0,base,,22471910.0,22471910.0,,OKC,1,,,22471910.0,,0.0,Active,1.0,career
steven adams,2018,24157303.0,base,,24157303.0,24157303.0,,OKC,1,,,24157303.0,,0.0,Active,1.0,career
steven adams,2019,24227528.0,base,,24227528.0,24227528.0,,OKC,1,,,24227528.0,,0.0,Active,1.0,career
steven adams,2020,27528088.0,base,,27528088.0,27528088.0,,NO;OKC,2,,,27528088.0,2064606.0,0.0,Active;Retained,1.0,career
steven adams,2021,17073171.0,base,,17073171.0,17073171.0,,MEM,1,,,17073171.0,,0.0,Active,1.0,career
steven adams,2022,17926829.0,base,,17926829.0,17926829.0,,MEM,1,,,17926829.0,,0.0,Active,1.0,career
steven adams,2023,7313793.0,base,,7313793.0,7313793.0,,MEM;HOU,2,19913793.0,12600000,12600000.0,7313793.0,0.0,Retained;Active,1.0,career
steven adams,2024,5286207.0,base,,5286207.0,5286207.0,,HOU,1,,102994,5286207.0,,102994.0,Active;NBA Cup,1.0,career
steven adams,2025,14130435.0,cap_hit,14130435.0,14130434.0,,,HOU,1,,,14130435.0,,0.0,Active,1.0,contract
steven adams,2026,13000000.0,cap_hit,13000000.0,13000000.0,,,HOU,1,,,13000000.0,,0.0,Active,1.0,contract
steven adams,2027,11869565.0,cap_hit,11869565.0,11869565.0,,,HOU,1,,,11869565.0,,0.0,Active,1.0,contract
svi mykhailiuk,2018,537923.0,base,,537923.0,537923.0,,DET;LAL,2,1487694.0,949771,,,,,,career
svi mykhailiuk,2019,1328299.0,base,,1328299.0,1328299.0,,DET,1,,,,,,,,career
svi mykhailiuk,2020,740760.0,base,,740760.0,740760.0,,OKC;DET,2,1663861.0,923101,,,,,,career
svi mykhailiuk,2021,1729217.0,base,,1729217.0,1729217.0,,TOR,1,,,,,,,,career
svi mykhailiuk,2022,667370.0,base,,667370.0,667370.0,,CHA;TOR;NY,3,3846895.0,1878720;1300805,,,,,,career
svi mykhailiuk,2023,2346614.0,base,,2346614.0,2346614.0,,BOS,1,,50000,,,,,,career
svi mykhailiuk,2024,3500000.0,cap_hit,3500000.0,3500000.0,,,UTA,1,,,,,,,,contract
svi mykhailiuk,2025,3675000.0,cap_hit,3675000.0,3675000.0,,,UTA,1,,,,,,,,contract
svi mykhailiuk,2026,3850000.0,cap_hit,3850000.0,3850000.0,,,UTA,1,,,,,,,,contract
svi mykhailiuk,2027,4025000.0,cap_hit,4025000.0,4025000.0,,,UTA,1,,,,,,,,contract
sviatoslav mykhailiuk,2018,537923.0,base,,537923.0,537923.0,,DET;LAL,2,1487694.0,949771,,,,,,career
sviatoslav mykhailiuk,2019,1328299.0,base,,1328299.0,1328299.0,,DET,1,,,,,,,,career
sviatoslav mykhailiuk,2020,740760.0,base,,740760.0,740760.0,,OKC;DET,2,1663861.0,923101,,,,,,career
sviatoslav mykhailiuk,2021,1729217.0,base,,1729217.0,1729217.0,,TOR,1,,,,,,,,career
sviatoslav mykhailiuk,2022,667370.0,base,,667370.0,667370.0,,CHA;TOR;NY,3,3846895.0,1878720;1300805,,,,,,career
sviatoslav mykhailiuk,2023,2346614.0,base,,2346614.0,2346614.0,,BOS,1,,50000,,,,,,career
sviatoslav mykhailiuk,2024,3500000.0,cap_hit,3500000.0,3500000.0,,,UTA,1,,,,,,,,contract
sviatoslav mykhailiuk,2025,3675000.0,cap_hit,3675000.0,3675000.0,,,UTA,1,,,,,,,,contract
sviatoslav mykhailiuk,2026,3850000.0,cap_hit,3850000.0,3850000.0,,,UTA,1,,,,,,,,contract
sviatoslav mykhailiuk,2027,4025000.0,cap_hit,4025000.0,4025000.0,,,UTA,1,,,,,,,,contract
t.j. mcconnell,2015,525093.0,base,,525093.0,525093.0,,PHI,1,,,,,,,,career
t.j. mcconnell,2016,874636.0,base,,874636.0,874636.0,,PHI,1,,,,,,,,career
t.j. mcconnell,2017,1471382.0,base,,1471382.0,1471382.0,,PHI,1,,,,,,,,career
t.j. mcconnell,2018,1600520.0,base,,1600520.0,1600520.0,,PHI,1,,,,,,,,career
t.j. mcconnell,2019,3281250.0,base,,3281250.0,3281250.0,,IND,1,,,,,,,,career
t.j. mcconnell,2020,3500000.0,base,,3500000.0,3500000.0,,IND,1,,,,,,,,career
t.j. mcconnell,2021,7500000.0,cap_hit,7500000.0,7500000.0,,,IND,1,,,,,,,,contract
t.j. mcconnell,2022,8100000.0,cap_hit,8100000.0,8100000.0,,,IND,1,,,,,,,,contract
t.j. mcconnell,2023,8700000.0,cap_hit,8700000.0,8700000.0,,,IND,1,,,,,,,,contract
t.j. mcconnell,2024,9500000.0,cap_hit,9500000.0,9300000.0,,,IND,1,,,,,,,,contract
t.j. mcconnell,2025,10200000.0,cap_hit,10200000.0,10200000.0,,,IND,1,,,,,,,,contract
t.j. mcconnell,2026,11000000.0,cap_hit,11000000.0,11000000.0,,,IND,1,,,,,,,,contract
t.j. mcconnell,2027,11800000.0,cap_hit,11800000.0,11800000.0,,,IND,1,,,,,,,,contract
t.j. mcconnell,2028,11800000.0,cap_hit,11800000.0,11800000.0,,,IND,1,,,,,,,,contract
t.j. warren,2014,1953120.0,base,,1953120.0,1953120.0,,PHX,1,,,1953120.0,,0.0,Active,1.0,career
t.j. warren,2015,2041080.0,base,,2041080.0,2041080.0,,PHX,1,,,2041080.0,,0.0,Active,1.0,career
t.j. warren,2016,2128920.0,base,,2128920.0,2128920.0,,PHX,1,,,2128920.0,,0.0,Active,1.0,career
t.j. warren,2017,3152931.0,base,,3152931.0,3152931.0,,PHX,1,,,3152931.0,,0.0,Active,1.0,career
t.j. warren,2018,11750000.0,base,,11750000.0,11750000.0,,PHX,1,,,11750000.0,,0.0,Active,1.0,career
t.j. warren,2019,10134375.0,base,,10134375.0,10134375.0,,IND,1,,,10134375.0,,0.0,Active,1.0,career
t.j. warren,2020,11750000.0,base,,11750000.0,11750000.0,,IND,1,,,11750000.0,,0.0,Active,1.0,career
t.j. warren,2021,12690000.0,base,,12690000.0,12690000.0,,IND,1,,,12690000.0,,0.0,Active,1.0,career
t.j. warren,2022,1737291.0,base,,1737291.0,1737291.0,,BKN;PHX,2,2628597.0,891306,891306.0,1737291.0,0.0,Retained;Active,1.0,career
t.j. warren,2023,317307.0,base,,317307.0,317307.0,,MIN,1,,167003;167003,317307.0,334006.0,0.0,Active;Retained;Retained,1.0,career
taj gibson,2009,1039800.0,base,,1039800.0,1039800.0,,CHI,1,,,1039800.0,,0.0,Active,1.0,career
taj gibson,2010,1117680.0,base,,1117680.0,1117680.0,,CHI,1,,,1117680.0,,0.0,Active,1.0,career
taj gibson,2011,962377.0,base,,962377.0,962377.0,,CHI,1,,,,,,,,career
taj gibson,2012,2155811.0,base,,2155811.0,2155811.0,,CHI,1,,,2155811.0,,0.0,Active,1.0,career
taj gibson,2013,7550000.0,base,,7550000.0,7550000.0,,CHI,1,,,7550000.0,,0.0,Active,1.0,career
taj gibson,2014,8000000.0,base,,8000000.0,8000000.0,,CHI,1,,,8000000.0,,0.0,Active,1.0,career
taj gibson,2015,8500000.0,base,,8500000.0,8500000.0,,CHI,1,,,8500000.0,,0.0,Active,1.0,career
taj gibson,2016,6370294.0,base,,6370294.0,6370294.0,,CHI;OKC,2,8950000.0,2579706,2579706.0,6370294.0,0.0,Retained;Active,1.0,career
taj gibson,2017,14000000.0,base,,14000000.0,14000000.0,,MIN,1,,,14000000.0,,0.0,Active,1.0,career
taj gibson,2018,14000000.0,base,,14000000.0,14000000.0,,MIN,1,,,14000000.0,,0.0,Active,1.0,career
taj gibson,2019,8437500.0,base,,8437500.0,8437500.0,,NY,1,,,8437500.0,,0.0,Active,1.0,career
taj gibson,2020,2283684.0,base,,2283684.0,2283684.0,,NY,1,,1000000,2283684.0,1000000.0,0.0,Active;Retained,1.0,career
taj gibson,2021,4910000.0,base,,4910000.0,4910000.0,,NY,1,,,4910000.0,,0.0,Active,1.0,career
taj gibson,2022,2905851.0,base,,2905851.0,2905851.0,,WSH,1,,,2905851.0,,0.0,Active,1.0,career
taj gibson,2023,551112.0,base,,551112.0,551112.0,,DET;NY;WSH,3,4776302.0,183704;477630;183704;183704;3196448,551112.0,4225190.0,0.0,Active;Retained;Retained;Retained;Retained;Retained,1.0,career
taj gibson,2024,3303771.0,base,,3303771.0,3303771.0,,CHA,1,,,3303771.0,,0.0,Active,1.0,career
taj gibson,2025,960753.0,cap_hit,960753.0,960753.0,,,MEM,1,,,960753.0,,0.0,Active,1.0,contract
taj gibson,2026,3815861.0,cap_hit,3815861.0,3815861.0,,,MEM,1,,,3815861.0,,0.0,Active,1.0,contract
talen horton-tucker,2019,842166.0,base,,842166.0,842166.0,,LAL,1,,,842166.0,,0.0,Active,1.0,career
talen horton-tucker,2020,1517981.0,base,,1517981.0,1517981.0,,LAL,1,,,1517981.0,,0.0,Active,1.0,career
talen horton-tucker,2021,9500000.0,base,,9500000.0,9500000.0,,LAL,1,,,9500000.0,,0.0,Active,1.0,career
talen horton-tucker,2022,10260000.0,base,,10260000.0,10260000.0,,UTA,1,,,10260000.0,,0.0,Active,1.0,career
talen horton-tucker,2023,11020000.0,base,,11020000.0,11020000.0,,UTA,1,,,11020000.0,,0.0,Active / Player Exercised,1.0,career
talen horton-tucker,2024,2425403.0,base,,2425403.0,2425403.0,,CHI,1,,,2425403.0,,0.0,Active,1.0,career
tari eason,2022,3359160.0,base,,3359160.0,3359160.0,,HOU,1,,,,,,,,career
tari eason,2023,3527160.0,base,,3527160.0,3527160.0,,HOU,1,,,,,,,,career
tari eason,2024,3695160.0,base,,3695160.0,3695160.0,,HOU,1,,102994,,,,,,career
tari eason,2025,5675766.0,base,,5675766.0,5675766.0,,HOU,1,,,,,,,,career
tari eason,2026,14053356.0,cap_hit,14053356.0,14053356.0,,,HOU,1,,,,,,,,contract
tari eason,2027,15117624.0,cap_hit,15117624.0,15117624.0,,,HOU,1,,,,,,,,contract
tari eason,2028,16301892.0,cap_hit,16301892.0,16301892.0,,,HOU,1,,,,,,,,contract
tari eason,2029,17426160.0,cap_hit,17426160.0,17426160.0,,,HOU,1,,,,,,,,contract
tari eason,2030,18550428.0,cap_hit,18550428.0,18550428.0,,,HOU,1,,,,,,,,contract
taurean prince,2016,2318280.0,base,,2318280.0,2318280.0,,ATL,1,,,,,,,,career
taurean prince,2017,2422560.0,base,,2422560.0,2422560.0,,ATL,1,,,,,,,,career
taurean prince,2018,2526840.0,base,,2526840.0,2526840.0,,ATL,1,,,,,,,,career
taurean prince,2019,3264362.0,base,,3264362.0,3264362.0,,BKN,1,,,,,,,,career
taurean prince,2020,10152397.0,base,,10152397.0,10152397.0,,CLE;BKN,2,12250000.0,2097603,,,,,,career
taurean prince,2021,13000000.0,base,,13000000.0,13334375.0,334375.0,MIN,1,,,,,,,,career
taurean prince,2022,7100000.0,base,,7100000.0,7100000.0,,MIN,1,,,,,,,,career
taurean prince,2023,4516000.0,base,,4516000.0,4516000.0,,LAL,1,,500000,,,,,,career
taurean prince,2024,2988550.0,base,,2988550.0,2988550.0,,MIL,1,,514970,,,,,,career
taurean prince,2025,3303774.0,cap_hit,3303774.0,3303774.0,,,MIL,1,,,,,,,,contract
taurean prince,2026,3815861.0,cap_hit,3815861.0,3815861.0,,,DET,1,,,,,,,,contract
taylor hendricks,2023,5569920.0,cap_hit,5569920.0,5569920.0,,,UTA,1,,,,,,,,contract
taylor hendricks,2024,5848680.0,cap_hit,5848680.0,5848680.0,,,UTA,1,,,,,,,,contract
taylor hendricks,2025,6127080.0,cap_hit,6127080.0,6127080.0,,,MEM,1,,,,,,,,contract
taylor hendricks,2026,7805900.0,cap_hit,7805900.0,7805900.0,,,MEM,1,,,,,,,,contract
terance mann,2019,937500.0,base,,937500.0,937500.0,,LAC,1,,,937500.0,,0.0,Active,1.0,career
terance mann,2020,1517981.0,base,,1517981.0,1517981.0,,LAC,1,,,1517981.0,,0.0,Active,1.0,career
terance mann,2021,1782621.0,base,,1782621.0,1782621.0,,LAC,1,,,1782621.0,,0.0,Active,1.0,career
terance mann,2022,1930681.0,base,,1930681.0,1930681.0,,LAC,1,,,1930681.0,,0.0,Active / Club Exercised,1.0,career
terance mann,2023,10576923.0,cap_hit,10576923.0,10576923.0,,,LAC,1,,,10576923.0,,0.0,Active,1.0,contract
terance mann,2024,11423077.0,cap_hit,11423077.0,11423077.0,,,ATL,1,,,4332891.0,7090186.0,0.0,Active;Retained,1.0,contract
terance mann,2025,15500000.0,cap_hit,15500000.0,15500000.0,,,BKN,1,,,15500000.0,,0.0,Active,1.0,contract
terance mann,2026,15500000.0,cap_hit,15500000.0,15500000.0,,,BKN,1,,,15500000.0,,0.0,Active,1.0,contract
terance mann,2027,16000000.0,cap_hit,16000000.0,16000000.0,,,BKN,1,,,16000000.0,,0.0,Active,1.0,contract
terence davis,2019,842166.0,base,,842166.0,842166.0,,TOR,1,,,842166.0,,0.0,Active,1.0,career
terence davis,2020,551048.0,base,,551048.0,551048.0,,SAC;TOR,2,1517981.0,966933,551048.0,966933.0,0.0,Active;Retained,1.0,career
terence davis,2021,4000000.0,base,,4000000.0,4000000.0,,SAC,1,,,4000000.0,,0.0,Active,1.0,career
terence davis,2022,4000000.0,base,,4000000.0,4000000.0,,SAC,1,,,4000000.0,,0.0,Active,1.0,career
terence davis,2024,64301.0,base,,64301.0,64301.0,,SAC,1,,,64301.0,,0.0,Active,1.0,career
terrance ferguson,2017,1785000.0,base,,1785000.0,1785000.0,,OKC,1,,,1785000.0,,0.0,Active,1.0,career
terrance ferguson,2018,2118840.0,base,,2118840.0,2118840.0,,OKC,1,,,2118840.0,,0.0,Active,1.0,career
terrance ferguson,2019,2321100.0,base,,2321100.0,2321100.0,,OKC,1,,,2321100.0,,0.0,Active,1.0,career
terrance ferguson,2020,1431731.0,base,,1431731.0,1431731.0,,NY;PHI,2,3944013.0,2512282,,3944013.0,0.0,Retained;Retained,0.0,career
terrence ross,2012,2563320.0,base,,2563320.0,2563320.0,,TOR,1,,,2563320.0,,0.0,Active,1.0,career
terrence ross,2013,2678640.0,base,,2678640.0,2678640.0,,TOR,1,,,2678640.0,,0.0,Active,1.0,career
terrence ross,2014,2793960.0,base,,2793960.0,2793960.0,,TOR,1,,,2793960.0,,0.0,Active,1.0,career
terrence ross,2015,3553917.0,base,,3553917.0,3553917.0,,TOR,1,,,3553917.0,,0.0,Active,1.0,career
terrence ross,2016,3411765.0,base,,3411765.0,3411765.0,,ORL;TOR,2,10000000.0,6588235,3411765.0,6588235.0,0.0,Active;Retained,1.0,career
terrence ross,2017,10500000.0,base,,10500000.0,10500000.0,,ORL,1,,,10500000.0,,0.0,Active,1.0,career
terrence ross,2018,10500000.0,base,,10500000.0,10500000.0,,ORL,1,,,10500000.0,,0.0,Active,1.0,career
terrence ross,2019,11718750.0,base,,11718750.0,11718750.0,,ORL,1,,,11718750.0,,0.0,Active,1.0,career
terrence ross,2020,13500000.0,base,,13500000.0,13500000.0,,ORL,1,,,13500000.0,,0.0,Active,1.0,career
terrence ross,2021,12500000.0,base,,12500000.0,12500000.0,,ORL,1,,,12500000.0,,0.0,Active,1.0,career
terrence ross,2022,10581484.0,base,,10581484.0,10581484.0,,ORL;PHX,2,11500000.0,918516,918516.0,10581484.0,0.0,Retained;Active,1.0,career
terrence shannon jr.,2024,2546640.0,cap_hit,2546640.0,2546640.0,,,MIN,1,,,,,,,,contract
terrence shannon jr.,2025,2674080.0,cap_hit,2674080.0,2674080.0,,,MIN,1,,,,,,,,contract
terrence shannon jr.,2026,2801640.0,cap_hit,2801640.0,2801640.0,,,MIN,1,,,,,,,,contract
terrence shannon jr.,2027,5054159.0,cap_hit,5054159.0,5054159.0,,,MIN,1,,,,,,,,contract
terry rozier,2015,1824360.0,base,,1824360.0,1824360.0,,BOS,1,,,1824360.0,,0.0,Active,1.0,career
terry rozier,2016,1906440.0,base,,1906440.0,1906440.0,,BOS,1,,,1906440.0,,0.0,Active,1.0,career
terry rozier,2017,1988520.0,base,,1988520.0,1988520.0,,BOS,1,,,1988520.0,,0.0,Active,1.0,career
terry rozier,2018,3050390.0,base,,3050390.0,3050390.0,,BOS,1,,,3050390.0,,0.0,Active,1.0,career
terry rozier,2019,18651316.0,base,,18651316.0,18651316.0,,CHA,1,,,18651316.0,,0.0,Active,1.0,career
terry rozier,2020,18900000.0,base,,18900000.0,18900000.0,,CHA,1,,,18900000.0,,0.0,Active,1.0,career
terry rozier,2021,17905263.0,base,,17905263.0,17905263.0,,CHA,1,,,17905263.0,,0.0,Active,1.0,career
terry rozier,2022,21486316.0,base,,21486316.0,21486316.0,,CHA,1,,,21486316.0,,0.0,Active,1.0,career
terry rozier,2023,11069157.0,base,,11069157.0,11069157.0,,MIA;CHA,2,23205221.0,12136064,11069157.0,12136064.0,0.0,Active;Retained,1.0,career
terry rozier,2024,24924126.0,base,,24924126.0,24924126.0,,MIA,1,,,24924126.0,,0.0,Active,1.0,career
terry rozier,2025,26643031.0,base,,26643031.0,26643031.0,,MIA,1,,53093,,26643031.0,53093.0,Retained;NBA Cup,0.0,career
terry taylor,2021,600000.0,base,,600000.0,600000.0,,IND,1,,,600000.0,,0.0,Active,1.0,career
terry taylor,2022,1563518.0,base,,1563518.0,1563518.0,,IND,1,,,,1563518.0,0.0,Retained,0.0,career
terry taylor,2023,2019706.0,base,,2019706.0,2019706.0,,CHI,1,,,,2019706.0,0.0,Retained,0.0,career
terry taylor,2024,124288.0,base,,124288.0,124288.0,,SAC,1,,,,124288.0,0.0,Retained,0.0,career
thabo sefolosha,2006,1679280.0,base,,1679280.0,1679280.0,,CHI,1,,,1679280.0,,0.0,Active,1.0,career
thabo sefolosha,2007,1805160.0,base,,1805160.0,1805160.0,,CHI,1,,,1805160.0,,0.0,Active,1.0,career
thabo sefolosha,2008,1931160.0,base,,1931160.0,1931160.0,,OKC,1,,,1931160.0,,0.0,Active,1.0,career
thabo sefolosha,2009,2759628.0,base,,2759628.0,2759628.0,,OKC,1,,,2759628.0,,0.0,Active,1.0,career
thabo sefolosha,2010,3250000.0,base,,3250000.0,3250000.0,,OKC,1,,,3250000.0,,0.0,Active,1.0,career
thabo sefolosha,2011,2656098.0,base,,2656098.0,2656098.0,,OKC,1,,,,,,,,career
thabo sefolosha,2012,3600000.0,base,,3600000.0,3600000.0,,OKC,1,,,3600000.0,,0.0,Active,1.0,career
thabo sefolosha,2013,3900000.0,base,,3900000.0,3900000.0,,OKC,1,,,3900000.0,,0.0,Active,1.0,career
thabo sefolosha,2014,4150000.0,base,,4150000.0,4150000.0,,ATL,1,,,4150000.0,,0.0,Active,1.0,career
thabo sefolosha,2015,4000000.0,base,,4000000.0,4000000.0,,ATL,1,,,4000000.0,,0.0,Active,1.0,career
thabo sefolosha,2016,3850000.0,base,,3850000.0,3850000.0,,ATL,1,,,3850000.0,,0.0,Active,1.0,career
thabo sefolosha,2017,5250000.0,base,,5250000.0,5250000.0,,UTA,1,,,5250000.0,,0.0,Active,1.0,career
thabo sefolosha,2018,5250000.0,base,,5250000.0,5250000.0,,UTA,1,,,5250000.0,,0.0,Active,1.0,career
thabo sefolosha,2019,2404456.0,base,,2404456.0,2404456.0,,HOU,1,,,,,2404456.0,Reserve,0.0,career
thaddeus young,2007,1830720.0,base,,1830720.0,1830720.0,,PHI,1,,,1830720.0,,0.0,Active,1.0,career
thaddeus young,2008,1968120.0,base,,1968120.0,1968120.0,,PHI,1,,,1968120.0,,0.0,Active,1.0,career
thaddeus young,2009,2105400.0,base,,2105400.0,2105400.0,,PHI,1,,,2105400.0,,0.0,Active,1.0,career
thaddeus young,2010,2901241.0,base,,2901241.0,2901241.0,,PHI,1,,,2901241.0,,0.0,Active,1.0,career
thaddeus young,2011,6019088.0,base,,6019088.0,6019088.0,,PHI,1,,,,,,,,career
thaddeus young,2012,8039130.0,base,,8039130.0,8289130.0,250000.0,PHI,1,,,8289130.0,,0.0,Active,1.0,career
thaddeus young,2013,8600000.0,base,,8600000.0,8850000.0,250000.0,PHI,1,,,8850000.0,,0.0,Active,1.0,career
thaddeus young,2014,9160869.0,base,,9160869.0,9660869.0,500000.0,BKN,1,,,9660869.0,,0.0,Active,1.0,career
thaddeus young,2015,11235955.0,base,,11235955.0,11235955.0,,BKN,1,,,11235955.0,,0.0,Active,1.0,career
thaddeus young,2016,12078652.0,base,,12078652.0,14153652.0,200000.0,IND,1,,,14153652.0,,0.0,Active,1.0,career
thaddeus young,2017,12921348.0,base,,12921348.0,14796348.0,,IND,1,,,14796348.0,,0.0,Active,1.0,career
thaddeus young,2018,13764045.0,base,,13764045.0,13764045.0,,IND,1,,,13764045.0,,0.0,Active,1.0,career
thaddeus young,2019,12093750.0,base,,12093750.0,12093750.0,,CHI,1,,,12093750.0,,0.0,Active,1.0,career
thaddeus young,2020,13545000.0,base,,13545000.0,13545000.0,,CHI,1,,,13545000.0,,0.0,Active,1.0,career
thaddeus young,2021,9378448.0,base,,9378448.0,9378448.0,,SA;TOR,2,14190000.0,4811552,4811552.0,9378448.0,0.0,Retained;Active,1.0,career
thaddeus young,2022,8000000.0,base,,8000000.0,8000000.0,,TOR,1,,,8000000.0,,0.0,Active,1.0,career
thaddeus young,2023,3034483.0,base,,3034483.0,3034483.0,,BKN;PHX;TOR,3,9010371.0,1010371;4965517,1010371.0,8000000.0,0.0,Retained;Active;Retained,1.0,career
thanasis antetokounmpo,2015,75000.0,base,,75000.0,75000.0,,NY,1,,30888,,105888.0,0.0,Retained;Retained,0.0,career
thanasis antetokounmpo,2019,1355341.0,base,,1355341.0,1355341.0,,MIL,1,,,1355341.0,,0.0,Active,1.0,career
thanasis antetokounmpo,2020,1701593.0,base,,1701593.0,1701593.0,,MIL,1,,,1701593.0,,0.0,Active,1.0,career
thanasis antetokounmpo,2021,1729217.0,base,,1729217.0,1729217.0,,MIL,1,,,1729217.0,,0.0,Active,1.0,career
thanasis antetokounmpo,2022,1878720.0,base,,1878720.0,1878720.0,,MIL,1,,,1878720.0,,0.0,Active / Player Exercised,1.0,career
thanasis antetokounmpo,2023,2346614.0,base,,2346614.0,2346614.0,,MIL,1,,100000,2346614.0,,100000.0,Active;NBA Cup,1.0,career
thanasis antetokounmpo,2025,2296274.0,cap_hit,2296274.0,2874436.0,,,MIL,1,,,2874436.0,,0.0,Active,1.0,contract
theo pinson,2018,4737.0,base,,4737.0,4737.0,,BKN,1,,,4737.0,,0.0,Active,1.0,career
theo pinson,2019,1355341.0,base,,1355341.0,1355341.0,,NY,1,,,1355341.0,,0.0,Active,1.0,career
theo pinson,2021,99380.0,base,,99380.0,99380.0,,DAL,1,,99380,,198760.0,0.0,Retained;Retained,0.0,career
theo pinson,2022,1968175.0,base,,1968175.0,1968175.0,,DAL,1,,,1968175.0,,0.0,Active,1.0,career
thomas bryant,2017,815615.0,base,,815615.0,815615.0,,LAL,1,,,815615.0,,0.0,Active,1.0,career
thomas bryant,2018,1378242.0,base,,1378242.0,1378242.0,,WSH,1,,,1378242.0,,0.0,Active,1.0,career
thomas bryant,2019,7500000.0,base,,7500000.0,7500000.0,,WSH,1,,,7500000.0,,0.0,Active,1.0,career
thomas bryant,2020,8333333.0,base,,8333333.0,8333333.0,,WSH,1,,,8333333.0,,0.0,Active,1.0,career
thomas bryant,2021,8666667.0,base,,8666667.0,8666667.0,,WSH,1,,,8666667.0,,0.0,Active,1.0,career
thomas bryant,2022,723353.0,base,,723353.0,723353.0,,DEN;LAL,2,2133278.0,1409925,723353.0,1409925.0,0.0,Active;Retained,1.0,career
thomas bryant,2023,2528233.0,base,,2528233.0,2528233.0,,MIA,1,,,2528233.0,,0.0,Active,1.0,career
thomas bryant,2024,1947706.0,base,,1947706.0,1947706.0,,IND;MIA,2,2800834.0,853128,1947706.0,853128.0,0.0,Active;Retained,1.0,career
thomas bryant,2025,3287409.0,base,,3287409.0,3287409.0,,CLE,1,,,3287409.0,,0.0,Active,1.0,career
thomas bryant,2026,2449421.0,cap_hit,2449421.0,3524115.0,,,CLE,1,,,3524115.0,,0.0,Active,1.0,contract
thomas sorber,2025,4655040.0,cap_hit,4655040.0,4655040.0,,,OKC,1,,,,,,,,contract
thomas sorber,2026,4887720.0,cap_hit,4887720.0,4887720.0,,,OKC,1,,,,,,,,contract
thomas sorber,2027,5120400.0,cap_hit,5120400.0,5120400.0,,,OKC,1,,,,,,,,contract
thomas sorber,2028,7849573.0,cap_hit,7849573.0,7849573.0,,,OKC,1,,,,,,,,contract
thon maker,2016,2568600.0,base,,2568600.0,2568600.0,,MIL,1,,,2568600.0,,0.0,Active,1.0,career
thon maker,2017,2684160.0,base,,2684160.0,2684160.0,,MIL,1,,,2684160.0,,0.0,Active,1.0,career
thon maker,2018,1012328.0,base,,1012328.0,1012328.0,,DET;MIL,2,2799720.0,1787392,1012328.0,1787392.0,0.0,Active;Retained,1.0,career
thon maker,2019,3346540.0,base,,3346540.0,3346540.0,,DET,1,,,3346540.0,,0.0,Active,1.0,career
thon maker,2020,309355.0,base,,309355.0,309355.0,,CLE,1,,,,309355.0,0.0,Retained,0.0,career
tim frazier,2014,29843.0,base,,29843.0,29843.0,,PHI;POR,2,110420.0,29843;50734,50734.0,59686.0,0.0,Retained;Retained;Active,1.0,career
tim frazier,2015,94448.0,base,,94448.0,94448.0,,NO;POR,2,989226.0,49709;845069,94448.0,894778.0,0.0,Active;Retained;Retained,1.0,career
tim frazier,2016,2090000.0,base,,2090000.0,2090000.0,,NO,1,,,2090000.0,,0.0,Active,1.0,career
tim frazier,2017,2000000.0,base,,2000000.0,2000000.0,,WSH,1,,,2000000.0,,0.0,Active,1.0,career
tim frazier,2018,210692.0,base,,210692.0,210692.0,,MIL;NO,2,1832107.0,1621415,210692.0,1621415.0,0.0,Active;Retained,1.0,career
tim frazier,2019,1882867.0,base,,1882867.0,1882867.0,,DET,1,,,,1882867.0,0.0,Retained,0.0,career
tim frazier,2020,296616.0,base,,296616.0,296616.0,,MEM,1,,128963;128963,296616.0,257926.0,0.0,Active;Retained;Retained,1.0,career
tim frazier,2021,128709.0,base,,128709.0,128709.0,,CLE;ORL,2,386127.0,128709;128709,,386127.0,0.0,Retained;Retained;Retained,0.0,career
tim hardaway jr.,2013,1196760.0,base,,1196760.0,1196760.0,,NY,1,,,1196760.0,,0.0,Active,1.0,career
tim hardaway jr.,2014,1250640.0,base,,1250640.0,1250640.0,,NY,1,,,1250640.0,,0.0,Active,1.0,career
tim hardaway jr.,2015,1304520.0,base,,1304520.0,1304520.0,,ATL,1,,,1304520.0,,0.0,Active,1.0,career
tim hardaway jr.,2016,2281605.0,base,,2281605.0,2281605.0,,ATL,1,,,2281605.0,,0.0,Active,1.0,career
tim hardaway jr.,2017,16500000.0,base,,16500000.0,16500000.0,,NY,1,,,16500000.0,,0.0,Active,1.0,career
tim hardaway jr.,2018,6851695.0,base,,6851695.0,6851695.0,,DAL;NY,2,17325000.0,10473305,6851695.0,14223559.0,0.0,Active;Retained,1.0,career
tim hardaway jr.,2019,17015625.0,base,,17015625.0,17015625.0,,DAL,1,,,17015625.0,,0.0,Active,1.0,career
tim hardaway jr.,2020,18975000.0,base,,18975000.0,18975000.0,,DAL,1,,,18975000.0,,0.0,Active / Player Exercised,1.0,career
tim hardaway jr.,2021,21306816.0,base,,21306816.0,21306816.0,,DAL,1,,,21306816.0,,0.0,Active,1.0,career
tim hardaway jr.,2022,19602273.0,base,,19602273.0,19602273.0,,DAL,1,,,19602273.0,,0.0,Active,1.0,career
tim hardaway jr.,2023,17897728.0,base,,17897728.0,17897728.0,,DAL,1,,,17897728.0,,0.0,Active,1.0,career
tim hardaway jr.,2024,16193183.0,base,,16193183.0,16193183.0,,DET,1,,,16193183.0,,0.0,Active,1.0,career
tim hardaway jr.,2025,3634153.0,base,,3634153.0,3634153.0,,DEN,1,,,3634153.0,,0.0,Active,1.0,career
tim hardaway jr.,2026,6065000.0,cap_hit,6065000.0,6065000.0,,,MIA,1,,,6065000.0,,0.0,Active,1.0,contract
timofey mozgov,2010,3567096.0,base,,3567096.0,3567096.0,,DEN,1,,,3567096.0,,0.0,Active,1.0,career
timofey mozgov,2011,2691428.0,base,,2691428.0,2691428.0,,DEN,1,,,,,,,,career
timofey mozgov,2012,3140429.0,base,,3140429.0,3140429.0,,DEN,1,,,3140429.0,,0.0,Active,1.0,career
timofey mozgov,2013,4400000.0,base,,4400000.0,4400000.0,,DEN,1,,,4400000.0,,0.0,Active,1.0,career
timofey mozgov,2014,4650000.0,base,,4650000.0,4650000.0,,CLE,1,,,4650000.0,,0.0,Active,1.0,career
timofey mozgov,2015,4950000.0,base,,4950000.0,4950000.0,,CLE,1,,,4950000.0,,0.0,Active,1.0,career
timofey mozgov,2016,16000000.0,base,,16000000.0,16000000.0,,LAL,1,,,16000000.0,,0.0,Active,1.0,career
timofey mozgov,2017,15280000.0,base,,15280000.0,15280000.0,,BKN,1,,,15280000.0,,0.0,Active,1.0,career
timofey mozgov,2018,16000000.0,base,,16000000.0,16000000.0,,ORL,1,,,16000000.0,,0.0,Active,1.0,career
timofey mozgov,2019,5573333.0,base,,5573333.0,5573333.0,,ORL,1,,,,5573333.0,0.0,Retained,0.0,career
timofey mozgov,2020,5573333.0,base,,5573333.0,5573333.0,,ORL,1,,,,5573333.0,0.0,Retained,0.0,career
timofey mozgov,2021,5573334.0,base,,5573334.0,5573334.0,,ORL,1,,,,5573334.0,0.0,Retained,0.0,career
tobias harris,2011,1141446.0,base,,1141446.0,1141446.0,,MIL,1,,,,,,,,career
tobias harris,2012,1482000.0,base,,1482000.0,1482000.0,,ORL,1,,,1482000.0,,0.0,Active,1.0,career
tobias harris,2013,1545840.0,base,,1545840.0,1545840.0,,ORL,1,,,1545840.0,,0.0,Active,1.0,career
tobias harris,2014,2380594.0,base,,2380594.0,2380594.0,,ORL,1,,,2380594.0,,0.0,Active,1.0,career
tobias harris,2015,5364706.0,base,,5364706.0,5364706.0,,DET;ORL,2,16000000.0,10635294,5364706.0,10635294.0,0.0,Active;Retained,1.0,career
tobias harris,2016,17200000.0,base,,17200000.0,17200000.0,,DET,1,,,17200000.0,,0.0,Active,1.0,career
tobias harris,2017,6508475.0,base,,6508475.0,6508475.0,,LAC;DET,2,16000000.0,9491525,6508475.0,9491525.0,0.0,Active;Retained,1.0,career
tobias harris,2018,5351412.0,base,,5351412.0,5351412.0,,PHI;LAC,2,14800000.0,9448588,5351412.0,9448588.0,0.0,Active;Retained,1.0,career
tobias harris,2019,30695625.0,base,,30695625.0,30695625.0,,PHI,1,,,30695625.0,,0.0,Active,1.0,career
tobias harris,2020,34358850.0,base,,34358850.0,34358850.0,,PHI,1,,,34358850.0,,0.0,Active,1.0,career
tobias harris,2021,35995950.0,base,,35995950.0,35995950.0,,PHI,1,,,35995950.0,,0.0,Active,1.0,career
tobias harris,2022,37633050.0,base,,37633050.0,37633050.0,,PHI,1,,,37633050.0,,0.0,Active,1.0,career
tobias harris,2023,39270150.0,base,,39270150.0,39270150.0,,PHI,1,,,39270150.0,,0.0,Active,1.0,career
tobias harris,2024,25365854.0,base,,25365854.0,25365854.0,,DET,1,,,25365854.0,,0.0,Active,1.0,career
tobias harris,2025,26634146.0,base,,26634146.0,26634146.0,,DET,1,,,26634146.0,,0.0,Active,1.0,career
tobias harris,2026,15044000.0,cap_hit,15044000.0,15044000.0,,,SA,1,,,15044000.0,,0.0,Active,1.0,contract
tobias harris,2027,15796200.0,cap_hit,15796200.0,15796200.0,,,SA,1,,,15796200.0,,0.0,Active,1.0,contract
tony bradley,2017,1414920.0,base,,1414920.0,1414920.0,,UTA,1,,,1414920.0,,0.0,Active,1.0,career
tony bradley,2018,1679520.0,base,,1679520.0,1679520.0,,UTA,1,,,1679520.0,,0.0,Active,1.0,career
tony bradley,2019,1839713.0,base,,1839713.0,1839713.0,,UTA,1,,,1839713.0,,0.0,Active,1.0,career
tony bradley,2020,1285816.0,base,,1285816.0,1285816.0,,OKC;PHI,2,3542060.0,2256244,1285816.0,2256244.0,0.0,Active;Retained,1.0,career
tony bradley,2021,1789256.0,base,,1789256.0,1789256.0,,CHI,1,,,1789256.0,,0.0,Active,1.0,career
tony bradley,2022,2036318.0,base,,2036318.0,2036318.0,,CHI,1,,,,2036318.0,0.0,Retained,0.0,career
tony bradley,2024,330394.0,base,,330394.0,330394.0,,IND,1,,150179;150179,330394.0,300358.0,0.0,Active;Retained;Retained,1.0,career
tony bradley,2025,92379.0,cap_hit,92379.0,123945.0,,,ATL,1,,,123945.0,1689353.0,0.0,Retained;Retained;Retained;Active,1.0,contract
tony snell,2013,1409040.0,base,,1409040.0,1409040.0,,CHI,1,,,1409040.0,,0.0,Active,1.0,career
tony snell,2014,1472400.0,base,,1472400.0,1472400.0,,CHI,1,,,1472400.0,,0.0,Active,1.0,career
tony snell,2015,1535880.0,base,,1535880.0,1535880.0,,CHI,1,,,1535880.0,,0.0,Active,1.0,career
tony snell,2016,2368327.0,base,,2368327.0,2368327.0,,MIL,1,,,2368327.0,,0.0,Active,1.0,career
tony snell,2017,9821429.0,base,,9821429.0,9821429.0,,MIL,1,,,9821429.0,,0.0,Active,1.0,career
tony snell,2018,10607143.0,base,,10607143.0,10807143.0,200000.0,MIL,1,,,10807143.0,,0.0,Active,1.0,career
tony snell,2019,10680803.0,base,,10680803.0,10680803.0,,DET,1,,,10680803.0,,0.0,Active,1.0,career
tony snell,2020,12178571.0,base,,12178571.0,12178571.0,,ATL,1,,,12178571.0,,0.0,Active / Player Exercised,1.0,career
tony snell,2021,837748.0,base,,837748.0,837748.0,,NO;POR,2,2389641.0,1551893,837748.0,1551893.0,0.0,Active;Retained,1.0,career
torrey craig,2018,2000000.0,base,,2000000.0,2000000.0,,DEN,1,,,2000000.0,,0.0,Active,1.0,career
torrey craig,2019,1875000.0,base,,1875000.0,1875000.0,,DEN,1,,,1875000.0,,0.0,Active,1.0,career
torrey craig,2020,988914.0,base,,988914.0,988914.0,,MIL;PHX,2,1678854.0,689940,689940.0,988914.0,0.0,Retained;Active,1.0,career
torrey craig,2021,3223998.0,base,,3223998.0,3223998.0,,IND;PHX,2,4878049.0,1654051,1654051.0,3223998.0,0.0,Retained;Active,1.0,career
torrey craig,2022,5121951.0,base,,5121951.0,5121951.0,,PHX,1,,,5121951.0,,0.0,Active,1.0,career
torrey craig,2023,2528233.0,base,,2528233.0,2528233.0,,CHI,1,,,2528233.0,,0.0,Active,1.0,career
torrey craig,2024,1046289.0,base,,1046289.0,1046289.0,,BOS;CHI,2,3891631.0,2845342,1046289.0,2845342.0,0.0,Active;Retained,1.0,career
toumani camara,2023,1119563.0,base,,1119563.0,1119563.0,,POR,1,,,1119563.0,,0.0,Active,1.0,career
toumani camara,2024,1891857.0,base,,1891857.0,1891857.0,,POR,1,,,1891857.0,,0.0,Active,1.0,career
toumani camara,2025,2221677.0,base,,2221677.0,2221677.0,,POR,1,,,2221677.0,,0.0,Active,1.0,career
toumani camara,2026,18080358.0,cap_hit,18080358.0,18080358.0,,,POR,1,,,18080358.0,,0.0,Active,1.0,contract
toumani camara,2027,19526786.0,cap_hit,19526786.0,19526786.0,,,POR,1,,,19526786.0,,0.0,Active,1.0,contract
toumani camara,2028,20973214.0,cap_hit,20973214.0,20973214.0,,,POR,1,,,20973214.0,,0.0,Active,1.0,contract
toumani camara,2029,22419642.0,cap_hit,22419642.0,22419642.0,,,POR,1,,,22419642.0,,0.0,Active,1.0,contract
trae young,2018,5356440.0,base,,5356440.0,5356440.0,,ATL,1,,,,,,,,career
trae young,2019,5880938.0,base,,5880938.0,5880938.0,,ATL,1,,,,,,,,career
trae young,2020,6571800.0,base,,6571800.0,6571800.0,,ATL,1,,,,,,,,career
trae young,2021,8326471.0,base,,8326471.0,8326471.0,,ATL,1,,,,,,,,career
trae young,2022,37096500.0,base,,37096500.0,37096500.0,,ATL,1,,,,,,,,career
trae young,2023,40064220.0,base,,40064220.0,40064220.0,,ATL,1,,,,,,,,career
trae young,2024,43031940.0,base,,43031940.0,43031940.0,,ATL,1,,102994,,,,,,career
trae young,2025,24850391.0,base,,24850391.0,24850391.0,,WSH;ATL,2,45999660.0,21149269,,,,,,career
trae young,2026,49488300.0,cap_hit,49488300.0,49488300.0,,,WSH,1,,,,,,,,contract
trae young,2027,50478066.0,cap_hit,50478066.0,50478066.0,,,WSH,1,,,,,,,,contract
trae young,2028,54437130.0,cap_hit,54437130.0,54437130.0,,,WSH,1,,,,,,,,contract
trae young,2029,58396194.0,cap_hit,58396194.0,58396194.0,,,WSH,1,,,,,,,,contract
trayce jackson-davis,2023,1119563.0,cap_hit,1119563.0,1119563.0,,,GS,1,,,,,,,,contract
trayce jackson-davis,2024,1891857.0,cap_hit,1891857.0,1891857.0,,,GS,1,,,,,,,,contract
trayce jackson-davis,2025,2221677.0,cap_hit,2221677.0,2221677.0,,,TOR,1,,,,,,,,contract
trayce jackson-davis,2026,2406205.0,cap_hit,2406205.0,2406205.0,,,TOR,1,,,,,,,,contract
tre johnson,2025,8237640.0,cap_hit,8237640.0,8237640.0,,,WSH,1,,,,,,,,contract
tre johnson,2026,8649600.0,cap_hit,8649600.0,8649600.0,,,WSH,1,,,,,,,,contract
tre johnson,2027,9061680.0,cap_hit,9061680.0,9061680.0,,,WSH,1,,,,,,,,contract
tre johnson,2028,11490211.0,cap_hit,11490211.0,11490211.0,,,WSH,1,,,,,,,,contract
tre jones,2020,898310.0,base,,898310.0,898310.0,,SA,1,,,,,,,,career
tre jones,2021,1517981.0,base,,1517981.0,1517981.0,,SA,1,,,,,,,,career
tre jones,2022,1782621.0,base,,1782621.0,1782621.0,,SA,1,,,,,,,,career
tre jones,2023,9895833.0,base,,9895833.0,9895833.0,,SA,1,,,,,,,,career
tre jones,2024,3662596.0,base,,3662596.0,3662596.0,,CHI;SA,2,9104167.0,5441571,,,,,,career
tre jones,2025,8000000.0,cap_hit,8000000.0,8000000.0,,,CHI,1,,,,,,,,contract
tre jones,2026,8000000.0,cap_hit,8000000.0,8000000.0,,,CHI,1,,,,,,,,contract
tre jones,2027,8000000.0,cap_hit,8000000.0,8000000.0,,,CHI,1,,,,,,,,contract
tre mann,2021,2901240.0,base,,2901240.0,2901240.0,,OKC,1,,,,,,,,career
tre mann,2022,3046200.0,base,,3046200.0,3046200.0,,OKC,1,,,,,,,,career
tre mann,2023,1210531.0,base,,1210531.0,1210531.0,,CHA,1,,,,,,,,career
tre mann,2024,4908373.0,base,,4908373.0,4908373.0,,CHA,1,,,,,,,,career
tre mann,2025,8000000.0,cap_hit,8000000.0,8000000.0,,,CHA,1,,,,,,,,contract
tre mann,2026,8000000.0,cap_hit,8000000.0,8000000.0,,,CHA,1,,,,,,,,contract
tre mann,2027,8000000.0,cap_hit,8000000.0,8000000.0,,,CHA,1,,,,,,,,contract
tremont waters,2021,95930.0,base,,95930.0,95930.0,,TOR;WSH,2,191860.0,95930,,191860.0,0.0,Retained;Retained,0.0,career
trendon watford,2021,436482.0,base,,436482.0,436482.0,,POR,1,,,,,,,,career
trendon watford,2022,1563518.0,base,,1563518.0,1563518.0,,POR,1,,,,,,,,career
trendon watford,2023,2019706.0,base,,2019706.0,2019706.0,,BKN,1,,,,,,,,career
trendon watford,2024,2726603.0,base,,2726603.0,2726603.0,,BKN,1,,,,,,,,career
trendon watford,2025,2461463.0,cap_hit,2461463.0,2461463.0,,,PHI,1,,,,,,,,contract
trendon watford,2026,2801346.0,cap_hit,2801346.0,2801346.0,,,PHI,1,,,,,,,,contract
trent forrest,2021,8558.0,base,,8558.0,8558.0,,UTA,1,,,8558.0,,0.0,Active,1.0,career
trent forrest,2023,553151.0,base,,553151.0,553151.0,,ATL,1,,,553151.0,,0.0,Active,1.0,career
trevelin queen,2022,330000.0,base,,330000.0,330000.0,,PHI,1,,,,330000.0,0.0,Retained,0.0,career
trevelin queen,2024,25749.0,base,,25749.0,25749.0,,ORL,1,,,,,25749.0,NBA Cup,0.0,career
treveon graham,2015,75000.0,base,,75000.0,75000.0,,UTA,1,,,,75000.0,0.0,Retained,0.0,career
treveon graham,2016,543471.0,base,,543471.0,543471.0,,CHA,1,,,543471.0,,0.0,Active,1.0,career
treveon graham,2017,1312611.0,base,,1312611.0,1312611.0,,CHA,1,,,1312611.0,,0.0,Active,1.0,career
treveon graham,2018,1512601.0,base,,1512601.0,1512601.0,,BKN,1,,,1512601.0,,0.0,Active,1.0,career
treveon graham,2019,845918.0,base,,845918.0,845918.0,,ATL;MIN,2,1645357.0,799439,845918.0,799439.0,0.0,Active;Retained,1.0,career
trevor ariza,2004,385227.0,base,,385227.0,385227.0,,NY,1,,,385227.0,,0.0,Active,1.0,career
trevor ariza,2005,682051.0,base,,682051.0,682051.0,,NY,1,,,682051.0,,0.0,Active,1.0,career
trevor ariza,2006,3100000.0,base,,3100000.0,3100000.0,,ORL,1,,,3100000.0,,0.0,Active,1.0,career
trevor ariza,2007,3100000.0,base,,3100000.0,3100000.0,,LAL,1,,,3100000.0,,0.0,Active,1.0,career
trevor ariza,2008,3100000.0,base,,3100000.0,3100000.0,,LAL,1,,,3100000.0,,0.0,Active,1.0,career
trevor ariza,2009,5854000.0,base,,5854000.0,5854000.0,,HOU,1,,,5854000.0,,0.0,Active,1.0,career
trevor ariza,2010,6322320.0,base,,6322320.0,6322320.0,,NOH,1,,,6322320.0,,0.0,Active,1.0,career
trevor ariza,2011,5465637.0,base,,5465637.0,5465637.0,,WSH,1,,,,,,,,career
trevor ariza,2012,7258960.0,base,,7258960.0,7258960.0,,WSH,1,,,7258960.0,,0.0,Active,1.0,career
trevor ariza,2013,7727280.0,base,,7727280.0,7727280.0,,WSH,1,,,7727280.0,,0.0,Active,1.0,career
trevor ariza,2014,8579089.0,base,,8579089.0,8579089.0,,HOU,1,,,8579089.0,,0.0,Active,1.0,career
trevor ariza,2015,8193030.0,base,,8193030.0,8193030.0,,HOU,1,,,8193030.0,,0.0,Active,1.0,career
trevor ariza,2016,7806971.0,base,,7806971.0,7806971.0,,HOU,1,,,7806971.0,,0.0,Active,1.0,career
trevor ariza,2017,7420912.0,base,,7420912.0,7420912.0,,HOU,1,,,7420912.0,,0.0,Active,1.0,career
trevor ariza,2018,5084746.0,base,,5084746.0,5084746.0,,PHX;WSH,2,15000000.0,9915254,9915254.0,5084746.0,0.0,Retained;Active,1.0,career
trevor ariza,2019,5165184.0,base,,5165184.0,5165184.0,,POR;SAC,2,11437500.0,6272316,5165184.0,6272316.0,0.0,Active;Retained,1.0,career
trevor ariza,2020,5260274.0,base,,5260274.0,5260274.0,,MIA;OKC,2,12800000.0,7539726,5260274.0,7539726.0,0.0,Active;Retained,1.0,career
trevor ariza,2021,2641691.0,base,,2641691.0,2641691.0,,LAL,1,,,,2641691.0,0.0,Retained,0.0,career
trey burke,2013,2438760.0,base,,2438760.0,2438760.0,,UTA,1,,,2438760.0,,0.0,Active,1.0,career
trey burke,2014,2548560.0,base,,2548560.0,2548560.0,,UTA,1,,,2548560.0,,0.0,Active,1.0,career
trey burke,2015,2658240.0,base,,2658240.0,2658240.0,,UTA,1,,,2658240.0,,0.0,Active,1.0,career
trey burke,2016,3386598.0,base,,3386598.0,3386598.0,,WSH,1,,,3386598.0,,0.0,Active,1.0,career
trey burke,2017,784160.0,base,,784160.0,784160.0,,NY,1,,,784160.0,,0.0,Active,1.0,career
trey burke,2018,709893.0,base,,709893.0,709893.0,,DAL;NY,2,1795015.0,1085122,709893.0,1085122.0,0.0,Active;Retained,1.0,career
trey burke,2019,229220.0,base,,229220.0,229220.0,,DAL;PHI,2,2257814.0,2028594,229220.0,2028594.0,0.0,Active;Retained,1.0,career
trey burke,2020,3000000.0,base,,3000000.0,3000000.0,,DAL,1,,,3000000.0,,0.0,Active,1.0,career
trey burke,2021,3150000.0,base,,3150000.0,3150000.0,,DAL,1,,,3150000.0,,0.0,Active,1.0,career
trey burke,2022,3300000.0,base,,3300000.0,123750.0,,DAL;OKC,2,,,,3423750.0,0.0,Retained;Retained,0.0,career
trey jemison,2023,64343.0,base,,64343.0,64343.0,,MEM,1,,64343,,128686.0,0.0,Retained;Retained,0.0,career
trey jemison,2025,85300.0,base,,85300.0,85300.0,,NY,1,,265467,85300.0,,265466.0,Active;NBA Cup,1.0,career
trey jemison,2026,678882.0,base,,678882.0,678882.0,,TOR,1,,,678882.0,,0.0,Active,1.0,contract
trey lyles,2015,2239800.0,base,,2239800.0,2239800.0,,UTA,1,,,2239800.0,,0.0,Active,1.0,career
trey lyles,2016,2340600.0,base,,2340600.0,2340600.0,,UTA,1,,,2340600.0,,0.0,Active,1.0,career
trey lyles,2017,2441400.0,base,,2441400.0,2441400.0,,DEN,1,,,2441400.0,,0.0,Active,1.0,career
trey lyles,2018,3364249.0,base,,3364249.0,3364249.0,,DEN,1,,,3364249.0,,0.0,Active,1.0,career
trey lyles,2019,5156250.0,base,,5156250.0,5156250.0,,SA,1,,,5156250.0,,0.0,Active,1.0,career
trey lyles,2020,5500000.0,base,,5500000.0,5500000.0,,SA,1,,,5500000.0,,0.0,Active,1.0,career
trey lyles,2021,847701.0,base,,847701.0,847701.0,,SAC;DET,2,2500000.0,1652299,847701.0,1652299.0,0.0,Active;Retained,1.0,career
trey lyles,2022,2625000.0,base,,2625000.0,2625000.0,,SAC,1,,,2625000.0,,0.0,Active / Player Exercised,1.0,career
trey lyles,2023,8000000.0,base,,8000000.0,8000000.0,,SAC,1,,50000,8000000.0,,50000.0,Active;NBA Cup,1.0,career
trey lyles,2024,8000000.0,base,,8000000.0,8000000.0,,SAC,1,,,8000000.0,,0.0,Active,1.0,career
trey lyles,2026,2449421.0,cap_hit,2449421.0,3876529.0,,,MIN,1,,,3876529.0,,0.0,Active,1.0,contract
trey murphy iii,2021,3053760.0,base,,3053760.0,3053760.0,,NO,1,,,3053760.0,,0.0,Active,1.0,career
trey murphy iii,2022,3206520.0,base,,3206520.0,3206520.0,,NO,1,,,3206520.0,,0.0,Active,1.0,career
trey murphy iii,2023,3359280.0,base,,3359280.0,3359280.0,,NO,1,,100000,3359280.0,,100000.0,Active / Club Exercised;NBA Cup,1.0,career
trey murphy iii,2024,5159855.0,base,,5159855.0,5159855.0,,NO,1,,,5159855.0,,0.0,Active / Club Exercised,1.0,career
trey murphy iii,2025,25000000.0,cap_hit,25000000.0,25000000.0,,,NO,1,,,25000000.0,,0.0,Active,1.0,contract
trey murphy iii,2026,27000000.0,cap_hit,27000000.0,27000000.0,,,NO,1,,,27000000.0,,0.0,Active,1.0,contract
trey murphy iii,2027,29000000.0,cap_hit,29000000.0,29000000.0,,,NO,1,,,29000000.0,,0.0,Active,1.0,contract
trey murphy iii,2028,31000000.0,cap_hit,31000000.0,31000000.0,,,NO,1,,,31000000.0,,0.0,Active,1.0,contract
tristan da silva,2024,3628440.0,cap_hit,3628440.0,3628440.0,,,ORL,1,,,,,,,,contract
tristan da silva,2025,3809520.0,cap_hit,3809520.0,3809520.0,,,ORL,1,,,,,,,,contract
tristan da silva,2026,3991200.0,cap_hit,3991200.0,3991200.0,,,ORL,1,,,,,,,,contract
tristan da silva,2027,6138466.0,cap_hit,6138466.0,6138466.0,,,ORL,1,,,,,,,,contract
tristan thompson,2011,2999459.0,base,,2999459.0,2999459.0,,CLE,1,,,,,,,,career
tristan thompson,2012,3894240.0,base,,3894240.0,3894240.0,,CLE,1,,,3894240.0,,0.0,Active,1.0,career
tristan thompson,2013,4062000.0,base,,4062000.0,4062000.0,,CLE,1,,,4062000.0,,0.0,Active,1.0,career
tristan thompson,2014,5138430.0,base,,5138430.0,5138430.0,,CLE,1,,,5138430.0,,0.0,Active,1.0,career
tristan thompson,2015,14260870.0,base,,14260870.0,14260870.0,,CLE,1,,,14260870.0,,0.0,Active,1.0,career
tristan thompson,2016,15330435.0,base,,15330435.0,15330435.0,,CLE,1,,,15330435.0,,0.0,Active,1.0,career
tristan thompson,2017,16400000.0,base,,16400000.0,16400000.0,,CLE,1,,,16400000.0,,0.0,Active,1.0,career
tristan thompson,2018,17469565.0,base,,17469565.0,17469565.0,,CLE,1,,,17469565.0,,0.0,Active,1.0,career
tristan thompson,2019,17380434.0,base,,17380434.0,17380434.0,,CLE,1,,,17380434.0,,0.0,Active,1.0,career
tristan thompson,2020,9258000.0,base,,9258000.0,9258000.0,,BOS,1,,,9258000.0,,0.0,Active,1.0,career
tristan thompson,2021,1000000.0,base,,1000000.0,1000000.0,,CHI;IND;SAC,3,9946611.0,2633613;6312998,1000000.0,8946611.0,0.0,Active;Retained;Retained,1.0,career
tristan thompson,2022,16700.0,base,,16700.0,16700.0,,LAL,1,,,16700.0,,0.0,Active,1.0,career
tristan thompson,2023,3196448.0,base,,3196448.0,3196448.0,,CLE,1,,,3196448.0,,0.0,Active,1.0,career
tristan thompson,2024,2087519.0,cap_hit,2087519.0,3303771.0,,,CLE,1,,,3303771.0,,0.0,Active,1.0,contract
troy daniels,2013,158588.0,base,,158588.0,158588.0,,HOU,1,,,158588.0,,0.0,Active,1.0,career
troy daniels,2014,816482.0,base,,816482.0,816482.0,,CHA,1,,,816482.0,,0.0,Active,1.0,career
troy daniels,2015,947276.0,base,,947276.0,947276.0,,CHA,1,,,947276.0,,0.0,Active,1.0,career
troy daniels,2016,3332940.0,base,,3332940.0,3332940.0,,MEM,1,,,3332940.0,,0.0,Active,1.0,career
troy daniels,2017,3408520.0,base,,3408520.0,3408520.0,,PHX,1,,,3408520.0,,0.0,Active,1.0,career
troy daniels,2018,3258549.0,base,,3258549.0,3258549.0,,PHX,1,,,3258549.0,,0.0,Active,1.0,career
troy daniels,2019,481361.0,base,,481361.0,481361.0,,DEN;LAL,2,2509955.0,2028594,481361.0,2028594.0,0.0,Active;Retained,1.0,career
troy williams,2016,76725.0,base,,76725.0,76725.0,,HOU;MEM,2,652165.0,31969;543471,76725.0,575440.0,0.0,Active;Retained;Retained,1.0,career
troy williams,2017,1471382.0,base,,1471382.0,1471382.0,,HOU;NY,2,1842176.0,222476;74159;74159,222476.0,1619700.0,0.0,Retained;Active;Retained;Retained,1.0,career
troy williams,2018,122741.0,base,,122741.0,122741.0,,HOU;NO,2,156924.0,34183,,156924.0,0.0,Retained;Retained,0.0,career
troy williams,2019,122741.0,base,,122741.0,122741.0,,HOU,1,,,,122741.0,0.0,Retained,0.0,career
troy williams,2020,122741.0,base,,122741.0,122741.0,,HOU,1,,,,122741.0,0.0,Retained,0.0,career
troy williams,2021,122741.0,base,,122741.0,122741.0,,HOU,1,,,,122741.0,0.0,Retained,0.0,career
troy williams,2022,122741.0,base,,122741.0,122741.0,,HOU,1,,,,122741.0,0.0,Retained,0.0,career
ty jerome,2019,2056388.0,base,,2056388.0,2056388.0,,PHX,1,,,,,,,,career
ty jerome,2020,2303040.0,base,,2303040.0,2303040.0,,OKC,1,,,,,,,,career
ty jerome,2021,2412840.0,base,,2412840.0,2412840.0,,OKC,1,,,,,,,,career
ty jerome,2022,4220057.0,base,,4220057.0,4220057.0,,HOU,1,,,,,,,,career
ty jerome,2023,2439025.0,base,,2439025.0,2439025.0,,CLE,1,,,,,,,,career
ty jerome,2024,2560975.0,base,,2560975.0,2560975.0,,CLE,1,,,,,,,,career
ty jerome,2025,8781000.0,cap_hit,8781000.0,8781000.0,,,MEM,1,,,,,,,,contract
ty jerome,2026,9220050.0,cap_hit,9220050.0,9220050.0,,,MEM,1,,,,,,,,contract
ty jerome,2027,9659100.0,cap_hit,9659100.0,9659100.0,,,MEM,1,,,,,,,,contract
tyler cook,2019,50752.0,base,,50752.0,50752.0,,CLE,1,,50752;50000,,151504.0,0.0,Retained;Retained;Retained,0.0,career
tyler cook,2020,99020.0,base,,99020.0,99020.0,,BKN;DET,2,693141.0,396081;99020;99020,396081.0,297060.0,0.0,Retained;Active;Retained;Retained,1.0,career
tyler herro,2019,3412688.0,base,,3412688.0,3412688.0,,MIA,1,,,3412688.0,,0.0,Active,1.0,career
tyler herro,2020,3822240.0,base,,3822240.0,3822240.0,,MIA,1,,,3822240.0,,0.0,Active,1.0,career
tyler herro,2021,4004280.0,base,,4004280.0,4004280.0,,MIA,1,,,4004280.0,,0.0,Active / Club Exercised,1.0,career
tyler herro,2022,5722116.0,base,,5722116.0,5722116.0,,MIA,1,,,5722116.0,,0.0,Active / Club Exercised,1.0,career
tyler herro,2023,27000000.0,cap_hit,27000000.0,27000000.0,,,MIA,1,,,27000000.0,,0.0,Active,1.0,contract
tyler herro,2024,29000000.0,cap_hit,29000000.0,29000000.0,,,MIA,1,,,29000000.0,,0.0,Active,1.0,contract
tyler herro,2025,31000000.0,cap_hit,31000000.0,31000000.0,,,MIA,1,,,31000000.0,,53093.0,Active;NBA Cup,1.0,contract
tyler herro,2026,33000000.0,cap_hit,33000000.0,33000000.0,,,MIL,1,,,33000000.0,,0.0,Active,1.0,contract
tyler johnson,2014,199950.0,base,,199950.0,199950.0,,MIA,1,,75000;29843;29843,199950.0,134686.0,0.0,Active;Retained;Retained;Retained,1.0,career
tyler johnson,2015,845059.0,base,,845059.0,845059.0,,MIA,1,,,845059.0,,0.0,Active,1.0,career
tyler johnson,2016,5628000.0,base,,5628000.0,5628000.0,,MIA,1,,,5628000.0,,0.0,Active,1.0,career
tyler johnson,2017,5881260.0,base,,5881260.0,5881260.0,,MIA,1,,,5881260.0,,0.0,Active,1.0,career
tyler johnson,2018,12286592.0,base,,12286592.0,13330409.0,1043817.0,MIA;PHX,2,19245370.0,6958778,6958778.0,13330409.0,0.0,Retained;Active,1.0,career
tyler johnson,2019,212753.0,base,,212753.0,212753.0,,BKN;PHX,2,19458123.0,19245370,212753.0,19245370.0,0.0,Active;Retained,1.0,career
tyler johnson,2020,2028594.0,base,,2028594.0,2028594.0,,BKN,1,,,2028594.0,,0.0,Active,1.0,career
tyler johnson,2021,128709.0,base,,128709.0,128709.0,,PHI;SA,2,257418.0,128709,,257418.0,0.0,Retained;Retained,0.0,career
tyler kolek,2024,2087519.0,cap_hit,2087519.0,2087519.0,,,NY,1,,,,,,,,contract
tyler kolek,2025,2191897.0,cap_hit,2191897.0,2191897.0,,,NY,1,,,,,,,,contract
tyler kolek,2026,2296271.0,cap_hit,2296271.0,2296271.0,,,NY,1,,,,,,,,contract
tyler kolek,2027,2486995.0,cap_hit,2486995.0,2486995.0,,,NY,1,,,,,,,,contract
tyler lydon,2017,1579440.0,base,,1579440.0,1579440.0,,DEN,1,,,1579440.0,,0.0,Active,1.0,career
tyler lydon,2018,1874640.0,base,,1874640.0,1874640.0,,DEN,1,,,1874640.0,,0.0,Active,1.0,career
tyler lydon,2019,50000.0,base,,50000.0,50000.0,,SAC,1,,,,50000.0,0.0,Retained,0.0,career
tyler smith,2024,1157153.0,base,,1157153.0,1157153.0,,MIL,1,,514970,1157153.0,,514970.0,Active;NBA Cup,1.0,career
tyler smith,2025,1955377.0,base,,1955377.0,1955377.0,,MIL;HOU;DAL,3,2197957.0,85300;157280,157280.0,2040677.0,0.0,Retained;Retained;Active,1.0,career
tyler ulis,2016,918369.0,base,,918369.0,918369.0,,PHX,1,,,918369.0,,0.0,Active,1.0,career
tyler ulis,2017,1312611.0,base,,1312611.0,1312611.0,,PHX,1,,,1312611.0,,0.0,Active,1.0,career
tyler ulis,2019,50000.0,base,,50000.0,50000.0,,SAC,1,,,,50000.0,0.0,Retained,0.0,career
tyler zeller,2012,1563120.0,base,,1563120.0,1563120.0,,CLE,1,,,1563120.0,,0.0,Active,1.0,career
tyler zeller,2013,1633440.0,base,,1633440.0,1633440.0,,CLE,1,,,1633440.0,,0.0,Active,1.0,career
tyler zeller,2014,1703760.0,base,,1703760.0,1703760.0,,BOS,1,,,1703760.0,,0.0,Active,1.0,career
tyler zeller,2015,2616975.0,base,,2616975.0,2616975.0,,BOS,1,,,2616975.0,,0.0,Active,1.0,career
tyler zeller,2016,8000000.0,base,,8000000.0,8000000.0,,BOS,1,,,8000000.0,,0.0,Active,1.0,career
tyler zeller,2017,1081742.0,base,,1081742.0,1081742.0,,BKN;MIL,2,1709538.0,627796,627796.0,1081742.0,0.0,Retained;Active,1.0,career
tyler zeller,2018,106974.0,base,,106974.0,106974.0,,ATL;MEM,2,171159.0,64185,64185.0,106974.0,0.0,Retained;Active,1.0,career
tyler zeller,2019,245686.0,base,,245686.0,245686.0,,SA,1,,,245686.0,,0.0,Active,1.0,career
tyrell terry,2020,1289846.0,base,,1289846.0,1289846.0,,DAL,1,,,1289846.0,,0.0,Active,1.0,career
tyrell terry,2021,1517981.0,base,,1517981.0,1517981.0,,DAL;MEM,2,1603559.0,85578,,1603559.0,0.0,Retained;Retained,0.0,career
tyrell terry,2022,1782621.0,base,,1782621.0,1782621.0,,DAL,1,,,,1782621.0,0.0,Retained,0.0,career
tyrese haliburton,2020,3831840.0,base,,3831840.0,3831840.0,,SAC,1,,,3831840.0,,0.0,Active,1.0,career
tyrese haliburton,2021,1410572.0,base,,1410572.0,1410572.0,,IND;SAC,2,4023600.0,2613028,1410572.0,2613028.0,0.0,Active;Retained,1.0,career
tyrese haliburton,2022,4215120.0,base,,4215120.0,4215120.0,,IND,1,,,4215120.0,,0.0,Active / Club Exercised,1.0,career
tyrese haliburton,2023,5808435.0,base,,5808435.0,5808435.0,,IND,1,,200000,5808435.0,,200000.0,Active / Club Exercised;NBA Cup,1.0,career
tyrese haliburton,2024,42176400.0,cap_hit,42176400.0,42176400.0,,,IND,1,,,42176400.0,,0.0,Active,1.0,contract
tyrese haliburton,2025,45550512.0,cap_hit,45550512.0,45550512.0,,,IND,1,,,45550512.0,,0.0,Active,1.0,contract
tyrese haliburton,2026,48924624.0,cap_hit,48924624.0,48924624.0,,,IND,1,,,48924624.0,,0.0,Active,1.0,contract
tyrese haliburton,2027,52298736.0,cap_hit,52298736.0,52298736.0,,,IND,1,,,52298736.0,,0.0,Active,1.0,contract
tyrese haliburton,2028,55672848.0,cap_hit,55672848.0,55672848.0,,,IND,1,,,55672848.0,,0.0,Active,1.0,contract
tyrese martin,2022,1017781.0,base,,1017781.0,1017781.0,,ATL,1,,,1017781.0,,0.0,Active,1.0,career
tyrese martin,2024,635853.0,base,,635853.0,635853.0,,BKN,1,,,635853.0,,0.0,Active,1.0,career
tyrese martin,2025,2191897.0,base,,2191897.0,2191897.0,,BKN;PHI,2,2385754.0,193857,193857.0,2191897.0,0.0,Retained;Active,1.0,career
tyrese maxey,2020,2478840.0,cap_hit,2478840.0,2478840.0,,,PHI,1,,,,,,,,contract
tyrese maxey,2021,2602920.0,cap_hit,2602920.0,2602920.0,,,PHI,1,,,,,,,,contract
tyrese maxey,2022,2726880.0,cap_hit,2726880.0,2726880.0,,,PHI,1,,,,,,,,contract
tyrese maxey,2023,4343920.0,cap_hit,4343920.0,4343920.0,,,PHI,1,,,,,,,,contract
tyrese maxey,2024,35147000.0,cap_hit,35147000.0,35147000.0,,,PHI,1,,,,,,,,contract
tyrese maxey,2025,37958760.0,cap_hit,37958760.0,37958760.0,,,PHI,1,,,,,,,,contract
tyrese maxey,2026,40770520.0,cap_hit,40770520.0,40770520.0,,,PHI,1,,,,,,,,contract
tyrese maxey,2027,43582280.0,cap_hit,43582280.0,43582280.0,,,PHI,1,,,,,,,,contract
tyrese maxey,2028,46394040.0,cap_hit,46394040.0,46394040.0,,,PHI,1,,,,,,,,contract
tyrese proctor,2025,1272870.0,cap_hit,1272870.0,1272870.0,,,CLE,1,,,,,,,,contract
tyrese proctor,2026,2150917.0,cap_hit,2150917.0,2150917.0,,,CLE,1,,,,,,,,contract
tyrese proctor,2027,2525901.0,cap_hit,2525901.0,2525901.0,,,CLE,1,,,,,,,,contract
tyrese proctor,2028,2735698.0,cap_hit,2735698.0,2735698.0,,,CLE,1,,,,,,,,contract
tyrone wallace,2018,1349383.0,base,,1349383.0,1349383.0,,LAC,1,,,1349383.0,,0.0,Active,1.0,career
tyrone wallace,2019,502491.0,base,,502491.0,502491.0,,ATL,1,,,,502491.0,0.0,Retained,0.0,career
tyrone wallace,2021,95930.0,base,,95930.0,95930.0,,NO,1,,95930,,191860.0,0.0,Retained;Retained,0.0,career
tyson chandler,2001,3308160.0,base,,3308160.0,3308160.0,,CHI,1,,,3308160.0,,0.0,Active,1.0,career
tyson chandler,2002,3556200.0,base,,3556200.0,3556200.0,,CHI,1,,,3556200.0,,0.0,Active,1.0,career
tyson chandler,2003,3804360.0,base,,3804360.0,3804360.0,,CHI,1,,,3804360.0,,0.0,Active,1.0,career
tyson chandler,2004,4801102.0,base,,4801102.0,4801102.0,,CHI,1,,,4801102.0,,0.0,Active,1.0,career
tyson chandler,2005,9000000.0,base,,9000000.0,9000000.0,,CHI,1,,,9000000.0,,0.0,Active,1.0,career
tyson chandler,2006,9150000.0,base,,9150000.0,9150000.0,,NOH,1,,,9150000.0,,0.0,Active,1.0,career
tyson chandler,2007,10250000.0,base,,10250000.0,10250000.0,,NOH,1,,,10250000.0,,0.0,Active,1.0,career
tyson chandler,2008,11350000.0,base,,11350000.0,11350000.0,,NOH,1,,,11350000.0,,0.0,Active,1.0,career
tyson chandler,2009,11850000.0,base,,11850000.0,11850000.0,,,0,,,11850000.0,,0.0,Active,1.0,career
tyson chandler,2010,12750000.0,base,,12750000.0,12750000.0,,DAL,1,,,12750000.0,,0.0,Active,1.0,career
tyson chandler,2011,10550211.0,base,,10550211.0,10550211.0,,NY,1,,,,,,,,career
tyson chandler,2012,13604188.0,base,,13604188.0,13604188.0,,NY,1,,,13604188.0,,0.0,Active,1.0,career
tyson chandler,2013,14100537.0,base,,14100537.0,14350537.0,,NY,1,,,14350537.0,,0.0,Active,1.0,career
tyson chandler,2014,14596887.0,base,,14596887.0,14846887.0,,DAL,1,,,14846887.0,,0.0,Active,1.0,career
tyson chandler,2015,13000000.0,base,,13000000.0,13000000.0,,PHX,1,,,13000000.0,,0.0,Active,1.0,career
tyson chandler,2016,12415000.0,base,,12415000.0,12415000.0,,PHX,1,,,12415000.0,,0.0,Active,1.0,career
tyson chandler,2017,13000000.0,base,,13000000.0,13000000.0,,PHX,1,,,13000000.0,,0.0,Active,1.0,career
tyson chandler,2018,2109867.0,base,,2109867.0,2109867.0,,LAL;PHX,2,13585000.0,11475133,2109867.0,11475133.0,0.0,Active;Retained,1.0,career
tyson chandler,2019,2404456.0,base,,2404456.0,2404456.0,,HOU,1,,,2404456.0,,0.0,Active,1.0,career
tyus jones,2015,1282080.0,base,,1282080.0,1282080.0,,MIN,1,,,1282080.0,,0.0,Active,1.0,career
tyus jones,2016,1339680.0,base,,1339680.0,1339680.0,,MIN,1,,,1339680.0,,0.0,Active,1.0,career
tyus jones,2017,1471382.0,base,,1471382.0,1471382.0,,MIN,1,,,1471382.0,,0.0,Active,1.0,career
tyus jones,2018,2444053.0,base,,2444053.0,2444053.0,,MIN,1,,,2444053.0,,0.0,Active,1.0,career
tyus jones,2019,7821375.0,base,,7821375.0,8679375.0,858000.0,MEM,1,,,8679375.0,,0.0,Active,1.0,career
tyus jones,2020,7965100.0,base,,7965100.0,8817143.0,852043.0,MEM,1,,,8817143.0,,0.0,Active,1.0,career
tyus jones,2021,7600000.0,base,,7600000.0,8376286.0,776286.0,MEM,1,,,8376286.0,,0.0,Active,1.0,career
tyus jones,2022,15000000.0,base,,15000000.0,15000000.0,,MEM,1,,,15000000.0,,0.0,Active,1.0,career
tyus jones,2023,14000000.0,base,,14000000.0,14000000.0,,WSH,1,,,14000000.0,,0.0,Active,1.0,career
tyus jones,2024,3003427.0,base,,3003427.0,3003427.0,,PHX,1,,,3003427.0,,0.0,Active,1.0,career
tyus jones,2025,2655172.0,base,,2655172.0,2655172.0,,DAL;DEN;ORL;CHA,4,7960969.0,814552;106187;4344828;40230,814552.0,7040230.0,106187.0,Retained;Active;NBA Cup;Retained;Retained,1.0,career
tyus jones,2026,2449421.0,cap_hit,2449421.0,3876529.0,,,DEN,1,,,3876529.0,,0.0,Active,1.0,contract
udoka azubuike,2020,1977000.0,base,,1977000.0,1977000.0,,UTA,1,,,1977000.0,,0.0,Active,1.0,career
udoka azubuike,2021,2075880.0,base,,2075880.0,2075880.0,,UTA,1,,,2075880.0,,0.0,Active,1.0,career
udoka azubuike,2022,2174880.0,base,,2174880.0,2174880.0,,UTA,1,,,2174880.0,,0.0,Active / Club Exercised,1.0,career
udoka azubuike,2023,50000.0,base,,50000.0,50000.0,,PHX,1,,,,,50000.0,NBA Cup,0.0,career
udonis haslem,2003,366931.0,base,,366931.0,366931.0,,MIA,1,,,366931.0,,0.0,Active,1.0,career
udonis haslem,2004,620046.0,base,,620046.0,620046.0,,MIA,1,,,620046.0,,0.0,Active,1.0,career
udonis haslem,2005,5000000.0,base,,5000000.0,5000000.0,,MIA,1,,,5000000.0,,0.0,Active,1.0,career
udonis haslem,2006,5525000.0,base,,5525000.0,5525000.0,,MIA,1,,,5525000.0,,0.0,Active,1.0,career
udonis haslem,2007,6050000.0,base,,6050000.0,6050000.0,,MIA,1,,,6050000.0,,0.0,Active,1.0,career
udonis haslem,2008,6575000.0,base,,6575000.0,6575000.0,,MIA,1,,,6575000.0,,0.0,Active,1.0,career
udonis haslem,2009,7100000.0,base,,7100000.0,7100000.0,,MIA,1,,,7100000.0,,0.0,Active,1.0,career
udonis haslem,2010,3500000.0,base,,3500000.0,3500000.0,,MIA,1,,,3500000.0,,0.0,Active,1.0,career
udonis haslem,2011,3042439.0,base,,3042439.0,3042439.0,,MIA,1,,,,,,,,career
udonis haslem,2012,4060000.0,base,,4060000.0,4060000.0,,MIA,1,,,4060000.0,,0.0,Active,1.0,career
udonis haslem,2013,4340000.0,base,,4340000.0,4340000.0,,MIA,1,,,4340000.0,,0.0,Active,1.0,career
udonis haslem,2014,2732000.0,base,,2732000.0,2732000.0,,MIA,1,,,2732000.0,,0.0,Active,1.0,career
udonis haslem,2015,2854940.0,base,,2854940.0,2854940.0,,MIA,1,,,2854940.0,,0.0,Active,1.0,career
udonis haslem,2016,4000000.0,base,,4000000.0,4000000.0,,MIA,1,,,4000000.0,,0.0,Active,1.0,career
udonis haslem,2017,2328652.0,base,,2328652.0,2328652.0,,MIA,1,,,2328652.0,,0.0,Active,1.0,career
udonis haslem,2018,2393887.0,base,,2393887.0,2393887.0,,MIA,1,,,2393887.0,,0.0,Active,1.0,career
udonis haslem,2019,2404456.0,base,,2404456.0,2404456.0,,MIA,1,,,2404456.0,,0.0,Active,1.0,career
udonis haslem,2020,2564753.0,base,,2564753.0,2564753.0,,MIA,1,,,2564753.0,,0.0,Active,1.0,career
udonis haslem,2021,2641691.0,base,,2641691.0,2641691.0,,MIA,1,,,2641691.0,,0.0,Active,1.0,career
udonis haslem,2022,2905851.0,base,,2905851.0,2905851.0,,MIA,1,,,2905851.0,,0.0,Active,1.0,career
usman garuba,2021,2353320.0,base,,2353320.0,2353320.0,,HOU,1,,,2353320.0,,0.0,Active,1.0,career
usman garuba,2022,2471160.0,base,,2471160.0,2471160.0,,HOU,1,,,2471160.0,,0.0,Active,1.0,career
usman garuba,2023,11608.0,base,,11608.0,11608.0,,GS;OKC,2,2600008.0,2588400,11608.0,2588400.0,0.0,Active;Retained,1.0,career
victor oladipo,2013,4763760.0,base,,4763760.0,4763760.0,,ORL,1,,,4763760.0,,0.0,Active,1.0,career
victor oladipo,2014,4978200.0,base,,4978200.0,4978200.0,,ORL,1,,,4978200.0,,0.0,Active,1.0,career
victor oladipo,2015,5192520.0,base,,5192520.0,5192520.0,,ORL,1,,,5192520.0,,0.0,Active,1.0,career
victor oladipo,2016,6552960.0,base,,6552960.0,6552960.0,,OKC,1,,,6552960.0,,0.0,Active,1.0,career
victor oladipo,2017,21000000.0,base,,21000000.0,21000000.0,,IND,1,,,21000000.0,,0.0,Active,1.0,career
victor oladipo,2018,21000000.0,base,,21000000.0,21000000.0,,IND,1,,,21000000.0,,0.0,Active,1.0,career
victor oladipo,2019,19687500.0,base,,19687500.0,19687500.0,,IND,1,,,19687500.0,,0.0,Active,1.0,career
victor oladipo,2020,3595890.0,base,,3595890.0,3595890.0,,IND;MIA;HOU,3,21000000.0,7623288;9780822,7623288.0,13376712.0,0.0,Retained;Active;Retained,1.0,career
victor oladipo,2021,2389641.0,base,,2389641.0,2389641.0,,MIA,1,,,2389641.0,,0.0,Active,1.0,career
victor oladipo,2022,8750000.0,base,,8750000.0,8750000.0,,MIA,1,,,8750000.0,,0.0,Active,1.0,career
victor oladipo,2023,3964655.0,base,,3964655.0,3964655.0,,MEM;HOU,2,9450000.0,5485345,,9450000.0,0.0,Retained;Retained,0.0,career
victor wembanyama,2023,12160680.0,cap_hit,12160680.0,12160680.0,,,SA,1,,,,,,,,contract
victor wembanyama,2024,12768960.0,cap_hit,12768960.0,12768960.0,,,SA,1,,,,,,,,contract
victor wembanyama,2025,13376880.0,cap_hit,13376880.0,13376880.0,,,SA,1,,,,,,,,contract
victor wembanyama,2026,16868246.0,cap_hit,16868246.0,16868246.0,,,SA,1,,,,,,,,contract
victor wembanyama,2027,43500000.0,cap_hit,43500000.0,43500000.0,,,SA,1,,,,,,,,contract
victor wembanyama,2028,46980000.0,cap_hit,46980000.0,46980000.0,,,SA,1,,,,,,,,contract
victor wembanyama,2029,50460000.0,cap_hit,50460000.0,50460000.0,,,SA,1,,,,,,,,contract
victor wembanyama,2030,53940000.0,cap_hit,53940000.0,53940000.0,,,SA,1,,,,,,,,contract
victor wembanyama,2031,57420000.0,cap_hit,57420000.0,57420000.0,,,SA,1,,,,,,,,contract
vince carter,1998,1760000.0,base,,1760000.0,1760000.0,,TOR,1,,,,,,,,career
vince carter,1999,2267280.0,base,,2267280.0,2267280.0,,TOR,1,,,2267280.0,,0.0,Active,1.0,career
vince carter,2000,2425440.0,base,,2425440.0,2425440.0,,TOR,1,,,2425440.0,,0.0,Active,1.0,career
vince carter,2001,3073032.0,base,,3073032.0,3073032.0,,TOR,1,,,3073032.0,,0.0,Active,1.0,career
vince carter,2002,10067750.0,base,,10067750.0,10067750.0,,TOR,1,,,10067750.0,,0.0,Active,1.0,career
vince carter,2003,11326219.0,base,,11326219.0,11326219.0,,TOR,1,,,11326219.0,,0.0,Active,1.0,career
vince carter,2004,12584688.0,base,,12584688.0,12584688.0,,NJN,1,,,12584688.0,,0.0,Active,1.0,career
vince carter,2005,13843156.0,base,,13843156.0,13843156.0,,NJN,1,,,13843156.0,,0.0,Active,1.0,career
vince carter,2006,15101625.0,base,,15101625.0,15101625.0,,NJN,1,,,15101625.0,,0.0,Active,1.0,career
vince carter,2007,13320000.0,base,,13320000.0,13320000.0,,NJN,1,,,13320000.0,,0.0,Active,1.0,career
vince carter,2008,14724125.0,base,,14724125.0,14724125.0,,NJN,1,,,14724125.0,,0.0,Active,1.0,career
vince carter,2009,16123250.0,base,,16123250.0,16123250.0,,ORL,1,,,16123250.0,,0.0,Active,1.0,career
vince carter,2010,17522375.0,base,,17522375.0,17522375.0,,PHX,1,,,17522375.0,,0.0,Active,1.0,career
vince carter,2011,2414634.0,base,,2414634.0,2414634.0,,DAL;PHX,2,6414634.0,4000000,,,,,,career
vince carter,2012,3090000.0,base,,3090000.0,3090000.0,,DAL,1,,,3090000.0,,0.0,Active,1.0,career
vince carter,2013,3180000.0,base,,3180000.0,3180000.0,,DAL,1,,,3180000.0,,0.0,Active,1.0,career
vince carter,2014,3911981.0,base,,3911981.0,3911981.0,,MEM,1,,,3911981.0,,0.0,Active,1.0,career
vince carter,2015,4088019.0,base,,4088019.0,4088019.0,,MEM,1,,,4088019.0,,0.0,Active,1.0,career
vince carter,2016,4264057.0,base,,4264057.0,4264057.0,,MEM,1,,,4264057.0,,0.0,Active,1.0,career
vince carter,2017,8000000.0,base,,8000000.0,8000000.0,,SAC,1,,,8000000.0,,0.0,Active,1.0,career
vince carter,2018,2393887.0,base,,2393887.0,2393887.0,,ATL,1,,,2393887.0,,0.0,Active,1.0,career
vince carter,2019,1620564.0,cap_hit,1620564.0,2564753.0,,,ATL,1,,,2404456.0,,0.0,Active,1.0,contract
vince williams jr.,2023,2232308.0,base,,2232308.0,2232308.0,,MEM,1,,,2232308.0,,0.0,Active,1.0,career
vince williams jr.,2024,2120693.0,base,,2120693.0,2120693.0,,MEM,1,,,2120693.0,,0.0,Active,1.0,career
vince williams jr.,2025,899471.0,base,,899471.0,899471.0,,UTA;MEM,2,2301587.0,1402116,,2301587.0,0.0,Retained;Retained,0.0,career
vincent poirier,2019,2349181.0,base,,2349181.0,2349181.0,,BOS,1,,,2349181.0,,0.0,Active,1.0,career
vincent poirier,2020,932868.0,base,,932868.0,932868.0,,NY;PHI,2,2619207.0,1686339,,2619207.0,0.0,Retained;Retained,0.0,career
vj edgecombe,2025,11108880.0,cap_hit,11108880.0,11108880.0,,,PHI,1,,,,,,,,contract
vj edgecombe,2026,11663880.0,cap_hit,11663880.0,11663880.0,,,PHI,1,,,,,,,,contract
vj edgecombe,2027,12219840.0,cap_hit,12219840.0,12219840.0,,,PHI,1,,,,,,,,contract
vj edgecombe,2028,15445878.0,cap_hit,15445878.0,15445878.0,,,PHI,1,,,,,,,,contract
walker kessler,2022,2696400.0,base,,2696400.0,2696400.0,,UTA,1,,,,,,,,career
walker kessler,2023,2831160.0,base,,2831160.0,2831160.0,,UTA,1,,,,,,,,career
walker kessler,2024,2965920.0,base,,2965920.0,2965920.0,,UTA,1,,,,,,,,career
walker kessler,2025,4878938.0,base,,4878938.0,4878938.0,,UTA,1,,,,,,,,career
walker kessler,2026,30108821.0,cap_hit,30108821.0,30108821.0,,,LAL,1,,,,,,,,contract
walker kessler,2027,31614262.0,cap_hit,31614262.0,31614262.0,,,LAL,1,,,,,,,,contract
walker kessler,2028,33119703.0,cap_hit,33119703.0,33119703.0,,,LAL,1,,,,,,,,contract
walker kessler,2029,34625144.0,cap_hit,34625144.0,34625144.0,,,LAL,1,,,,,,,,contract
wayne ellington,2009,1003560.0,base,,1003560.0,1003560.0,,MIN,1,,,1003560.0,,0.0,Active,1.0,career
wayne ellington,2010,1078800.0,base,,1078800.0,1078800.0,,MIN,1,,,1078800.0,,0.0,Active,1.0,career
wayne ellington,2011,929151.0,base,,929151.0,929151.0,,MIN,1,,,,,,,,career
wayne ellington,2012,2083042.0,base,,2083042.0,2083042.0,,CLE,1,,,2083042.0,,0.0,Active,1.0,career
wayne ellington,2013,2652000.0,base,,2652000.0,2652000.0,,DAL,1,,,2652000.0,,0.0,Active,1.0,career
wayne ellington,2014,1063384.0,base,,1063384.0,1063384.0,,LAL;SAC,2,1946014.0,882630,1063384.0,882630.0,0.0,Active;Retained,1.0,career
wayne ellington,2015,1500000.0,base,,1500000.0,1500000.0,,BKN;SAC,2,2382630.0,882630,1500000.0,882630.0,0.0,Active;Retained,1.0,career
wayne ellington,2016,6000000.0,base,,6000000.0,6000000.0,,MIA;SAC,2,6882630.0,882630,6000000.0,882630.0,0.0,Active;Retained,1.0,career
wayne ellington,2017,6270000.0,base,,6270000.0,6270000.0,,MIA,1,,,6270000.0,,0.0,Active,1.0,career
wayne ellington,2018,2267119.0,base,,2267119.0,2267119.0,,PHX;DET;MIA,3,8653076.0,2383076;4002881,2383076.0,6270000.0,0.0,Retained;Active;Retained,1.0,career
wayne ellington,2019,7500000.0,base,,7500000.0,7500000.0,,NY,1,,,7500000.0,,0.0,Active,1.0,career
wayne ellington,2020,2564753.0,base,,2564753.0,2564753.0,,DET;NY,2,3564753.0,1000000,2564753.0,1000000.0,0.0,Active;Retained,1.0,career
wayne ellington,2021,2641691.0,base,,2641691.0,2641691.0,,LAL,1,,,2641691.0,,0.0,Active,1.0,career
wendell carter jr.,2018,4441200.0,base,,4441200.0,4441200.0,,CHI,1,,,,,,,,career
wendell carter jr.,2019,4876313.0,base,,4876313.0,4876313.0,,CHI,1,,,,,,,,career
wendell carter jr.,2020,1978004.0,base,,1978004.0,1978004.0,,ORL;CHI,2,5448840.0,3470836,,,,,,career
wendell carter jr.,2021,6920027.0,base,,6920027.0,6920027.0,,ORL,1,,,,,,,,career
wendell carter jr.,2022,14150000.0,cap_hit,14150000.0,14150000.0,,,ORL,1,,,,,,,,contract
wendell carter jr.,2023,13050000.0,cap_hit,13050000.0,13050000.0,,,ORL,1,,,,,,,,contract
wendell carter jr.,2024,11950000.0,cap_hit,11950000.0,11950000.0,,,ORL,1,,,,,,,,contract
wendell carter jr.,2025,10850000.0,cap_hit,10850000.0,10850000.0,,,ORL,1,,,,,,,,contract
wendell carter jr.,2026,18102000.0,cap_hit,18102000.0,18102000.0,,,ORL,1,,,,,,,,contract
wendell carter jr.,2027,19550160.0,cap_hit,19550160.0,19550160.0,,,ORL,1,,,,,,,,contract
wendell carter jr.,2028,20998320.0,cap_hit,20998320.0,20998320.0,,,ORL,1,,,,,,,,contract
wenyen gabriel,2019,702429.0,base,,702429.0,702429.0,,POR;SAC,2,1445697.0,743268,702429.0,743268.0,0.0,Active;Retained,1.0,career
wenyen gabriel,2020,1620564.0,base,,1620564.0,1620564.0,,NO,1,,,1620564.0,,0.0,Active,1.0,career
wenyen gabriel,2021,99380.0,base,,99380.0,99380.0,,BKN;LAC;LAL;NO,4,427334.0,99380;99380;29814;99380,29814.0,397520.0,0.0,Retained;Retained;Retained;Active;Retained,1.0,career
wenyen gabriel,2022,1878720.0,base,,1878720.0,1878720.0,,LAL,1,,,1878720.0,,0.0,Active / Club Exercised,1.0,career
wenyen gabriel,2023,134863.0,base,,134863.0,134863.0,,MEM,1,,,,134863.0,0.0,Retained,0.0,career
wes iwundu,2017,1050000.0,base,,1050000.0,1050000.0,,ORL,1,,,1050000.0,,0.0,Active,1.0,career
wes iwundu,2018,1378242.0,base,,1378242.0,1378242.0,,ORL,1,,,1378242.0,,0.0,Active,1.0,career
wes iwundu,2019,1517363.0,base,,1517363.0,1517363.0,,ORL,1,,,1517363.0,,0.0,Active,1.0,career
wes iwundu,2020,1069407.0,base,,1069407.0,1069407.0,,DAL;NO,2,1678854.0,609447,609447.0,1069407.0,0.0,Retained;Active,1.0,career
wes iwundu,2021,102831.0,base,,102831.0,102831.0,,ATL;CHA,2,1926834.0,1824003,,1926834.0,0.0,Retained;Retained,0.0,career
wesley matthews,2009,457588.0,base,,457588.0,457588.0,,UTA,1,,,457588.0,,0.0,Active,1.0,career
wesley matthews,2010,4627000.0,base,,4627000.0,10317000.0,,POR,1,,,10317000.0,,0.0,Active,1.0,career
wesley matthews,2011,4022104.0,base,,4022104.0,4022104.0,,POR,1,,,,,,,,career
wesley matthews,2012,5367320.0,base,,5367320.0,5367320.0,,POR,1,,,5367320.0,,0.0,Active,1.0,career
wesley matthews,2013,5737480.0,base,,5737480.0,5737480.0,,POR,1,,,5737480.0,,0.0,Active,1.0,career
wesley matthews,2014,6107640.0,base,,6107640.0,6107640.0,,POR,1,,,6107640.0,,0.0,Active,1.0,career
wesley matthews,2015,16407500.0,base,,16407500.0,16407500.0,,DAL,1,,,16407500.0,,0.0,Active,1.0,career
wesley matthews,2016,17145838.0,base,,17145838.0,17145838.0,,DAL,1,,,17145838.0,,0.0,Active,1.0,career
wesley matthews,2017,17884175.0,base,,17884175.0,17884175.0,,DAL,1,,,17884175.0,,0.0,Active,1.0,career
wesley matthews,2018,11257677.0,base,,11257677.0,11257677.0,,DAL;IND;NY,3,19360228.0,737715;7364836,737715.0,18622513.0,0.0,Retained;Active;Retained,1.0,career
wesley matthews,2019,2404456.0,base,,2404456.0,2404456.0,,MIL,1,,,2404456.0,,0.0,Active,1.0,career
wesley matthews,2020,3623000.0,base,,3623000.0,3623000.0,,LAL,1,,,3623000.0,,0.0,Active,1.0,career
wesley matthews,2021,1958501.0,base,,1958501.0,1958501.0,,MIL,1,,,1958501.0,,0.0,Active,1.0,career
wesley matthews,2022,2905851.0,base,,2905851.0,2905851.0,,MIL,1,,,2905851.0,,0.0,Active,1.0,career
wesley matthews,2023,3196448.0,base,,3196448.0,3196448.0,,ATL,1,,,3196448.0,,0.0,Active,1.0,career
will barton,2012,550000.0,base,,550000.0,550000.0,,POR,1,,,550000.0,,0.0,Active,1.0,career
will barton,2013,788872.0,base,,788872.0,788872.0,,POR,1,,,788872.0,,0.0,Active,1.0,career
will barton,2014,915243.0,base,,915243.0,915243.0,,DEN,1,,,915243.0,,0.0,Active,1.0,career
will barton,2015,3533333.0,base,,3533333.0,3533333.0,,DEN,1,,,3533333.0,,0.0,Active,1.0,career
will barton,2016,3533333.0,base,,3533333.0,3533333.0,,DEN,1,,,3533333.0,,0.0,Active,1.0,career
will barton,2017,3533333.0,base,,3533333.0,3533333.0,,DEN,1,,,3533333.0,,0.0,Active,1.0,career
will barton,2018,11830358.0,base,,11830358.0,11830358.0,,DEN,1,,,11830358.0,,0.0,Active,1.0,career
will barton,2019,11978237.0,base,,11978237.0,11978237.0,,DEN,1,,,11978237.0,,0.0,Active,1.0,career
will barton,2020,13723214.0,base,,13723214.0,13723214.0,,DEN,1,,,13723214.0,,0.0,Active,1.0,career
will barton,2021,15625000.0,base,,15625000.0,15625000.0,,DEN,1,,,15625000.0,,0.0,Active,1.0,career
will barton,2022,684712.0,base,,684712.0,684712.0,,TOR;WSH,2,15059712.0,14375000,684712.0,14375000.0,0.0,Active;Buyout,1.0,career
will richard,2025,1272870.0,cap_hit,1272870.0,1272870.0,,,GS,1,,,,,,,,contract
will richard,2026,2150917.0,cap_hit,2150917.0,2150917.0,,,GS,1,,,,,,,,contract
will richard,2027,2525901.0,cap_hit,2525901.0,2525901.0,,,GS,1,,,,,,,,contract
will richard,2028,2735698.0,cap_hit,2735698.0,2735698.0,,,GS,1,,,,,,,,contract
will riley,2025,3512520.0,cap_hit,3512520.0,3512520.0,,,WSH,1,,,,,,,,contract
will riley,2026,3688320.0,cap_hit,3688320.0,3688320.0,,,WSH,1,,,,,,,,contract
will riley,2027,3864000.0,cap_hit,3864000.0,3864000.0,,,WSH,1,,,,,,,,contract
will riley,2028,6155352.0,cap_hit,6155352.0,6155352.0,,,WSH,1,,,,,,,,contract
willie cauley-stein,2015,3398280.0,base,,3398280.0,3398280.0,,SAC,1,,,3398280.0,,0.0,Active,1.0,career
willie cauley-stein,2016,3551160.0,base,,3551160.0,3551160.0,,SAC,1,,,3551160.0,,0.0,Active,1.0,career
willie cauley-stein,2017,3704160.0,base,,3704160.0,3704160.0,,SAC,1,,,3704160.0,,0.0,Active,1.0,career
willie cauley-stein,2018,4696875.0,base,,4696875.0,4696875.0,,SAC,1,,,4696875.0,,0.0,Active,1.0,career
willie cauley-stein,2019,872684.0,base,,872684.0,872684.0,,DAL;GS,2,2041390.0,1168706,,1168706.0,872684.0,Reserve;Retained,0.0,career
willie cauley-stein,2020,4100000.0,base,,4100000.0,4100000.0,,DAL,1,,,4100000.0,,0.0,Active,1.0,career
willie cauley-stein,2021,4100000.0,base,,4100000.0,4100000.0,,DAL;PHI,2,4220083.0,120083,,4220083.0,0.0,Retained;Retained,0.0,career
willie cauley-stein,2022,141580.0,base,,141580.0,141580.0,,HOU,1,,14158,14158.0,141580.0,0.0,Retained;Active,1.0,career
wilson chandler,2007,1091640.0,base,,1091640.0,1091640.0,,NY,1,,,1091640.0,,0.0,Active,1.0,career
wilson chandler,2008,1173480.0,base,,1173480.0,1173480.0,,NY,1,,,1173480.0,,0.0,Active,1.0,career
wilson chandler,2009,1255440.0,base,,1255440.0,1255440.0,,NY,1,,,1255440.0,,0.0,Active,1.0,career
wilson chandler,2010,2130481.0,base,,2130481.0,2130481.0,,DEN,1,,,2130481.0,,0.0,Active,1.0,career
wilson chandler,2011,4440242.0,base,,4440242.0,4440242.0,,DEN,1,,,,,,,,career
wilson chandler,2012,5930414.0,base,,5930414.0,5930414.0,,DEN,1,,,5930414.0,,0.0,Active,1.0,career
wilson chandler,2013,6344164.0,base,,6344164.0,6344164.0,,DEN,1,,,6344164.0,,0.0,Active,1.0,career
wilson chandler,2014,6757913.0,base,,6757913.0,6757913.0,,DEN,1,,,6757913.0,,0.0,Active,1.0,career
wilson chandler,2015,10449438.0,base,,10449438.0,10449438.0,,DEN,1,,,10449438.0,,0.0,Active,1.0,career
wilson chandler,2016,11233146.0,base,,11233146.0,11233146.0,,DEN,1,,,11233146.0,,0.0,Active,1.0,career
wilson chandler,2017,12016854.0,base,,12016854.0,12016854.0,,DEN,1,,,12016854.0,,0.0,Active,1.0,career
wilson chandler,2018,4628452.0,base,,4628452.0,4628452.0,,LAC;PHI,2,12800562.0,8172110,4628452.0,8172110.0,0.0,Active;Retained,1.0,career
wilson chandler,2019,2404456.0,base,,2404456.0,2404456.0,,BKN,1,,,,,2404456.0,Reserve,0.0,career
xavier cooks,2022,140384.0,base,,140384.0,140384.0,,WSH,1,,,140384.0,,0.0,Active,1.0,career
xavier cooks,2023,1719864.0,base,,1719864.0,1719864.0,,WSH,1,,,,1719864.0,0.0,Retained,0.0,career
xavier sneed,2021,53176.0,base,,53176.0,53176.0,,MEM,1,,,,53176.0,0.0,Retained,0.0,career
xavier sneed,2022,94136.0,base,,94136.0,94136.0,,CHA,1,,,,94136.0,0.0,Retained,0.0,career
yang hansen,2025,4422360.0,cap_hit,4422360.0,4422360.0,,,POR,1,,,,,,,,contract
yang hansen,2026,4643520.0,cap_hit,4643520.0,4643520.0,,,POR,1,,,,,,,,contract
yang hansen,2027,4864920.0,cap_hit,4864920.0,4864920.0,,,POR,1,,,,,,,,contract
yang hansen,2028,7462788.0,cap_hit,7462788.0,7462788.0,,,POR,1,,,,,,,,contract
yante maten,2018,14211.0,base,,14211.0,14211.0,,MIA,1,,,14211.0,,0.0,Active,1.0,career
yante maten,2019,100000.0,base,,100000.0,100000.0,,MIA,1,,,,100000.0,0.0,Retained,0.0,career
yogi ferrell,2016,102300.0,base,,102300.0,102300.0,,BKN;DAL,2,442067.0,100000;207798;31969,207798.0,234269.0,0.0,Retained;Retained;Active;Retained,1.0,career
yogi ferrell,2017,1312611.0,base,,1312611.0,1312611.0,,DAL,1,,,1312611.0,,0.0,Active,1.0,career
yogi ferrell,2018,3000000.0,base,,3000000.0,3000000.0,,SAC,1,,,3000000.0,,0.0,Active,1.0,career
yogi ferrell,2019,2953125.0,base,,2953125.0,2953125.0,,SAC,1,,,2953125.0,,0.0,Active,1.0,career
yogi ferrell,2020,118983.0,base,,118983.0,118983.0,,CLE;LAC,2,452135.0,214169;118983,214169.0,237966.0,0.0,Retained;Active;Retained,1.0,career
yuta watanabe,2020,321893.0,base,,321893.0,321893.0,,TOR,1,,,321893.0,,0.0,Active,1.0,career
yuta watanabe,2021,1762796.0,base,,1762796.0,1762796.0,,TOR,1,,,1762796.0,,0.0,Active,1.0,career
yuta watanabe,2022,1968175.0,base,,1968175.0,1968175.0,,BKN,1,,,1968175.0,,0.0,Active,1.0,career
yuta watanabe,2023,890095.0,base,,890095.0,890095.0,,MEM;PHX,2,2396614.0,1456519;50000,890095.0,1456519.0,50000.0,Active;Retained;NBA Cup,1.0,career
yves missi,2024,3193200.0,cap_hit,3193200.0,3193200.0,,,NO,1,,,,,,,,contract
yves missi,2025,3353040.0,cap_hit,3353040.0,3353040.0,,,NO,1,,,,,,,,contract
yves missi,2026,3512760.0,cap_hit,3512760.0,3512760.0,,,NO,1,,,,,,,,contract
yves missi,2027,5595827.0,cap_hit,5595827.0,5595827.0,,,NO,1,,,,,,,,contract
zaccharie risacher,2024,12569040.0,cap_hit,12569040.0,12569040.0,,,ATL,1,,,,,,,,contract
zaccharie risacher,2025,13197720.0,cap_hit,13197720.0,13197720.0,,,ATL,1,,,,,,,,contract
zaccharie risacher,2026,13826040.0,cap_hit,13826040.0,13826040.0,,,DAL,1,,,,,,,,contract
zaccharie risacher,2027,17434637.0,cap_hit,17434637.0,17434637.0,,,DAL,1,,,,,,,,contract
zach collins,2017,3057240.0,base,,3057240.0,3057240.0,,POR,1,,,,,,,,career
zach collins,2018,3628920.0,base,,3628920.0,3628920.0,,POR,1,,,,,,,,career
zach collins,2019,3975188.0,base,,3975188.0,3975188.0,,POR,1,,,,,,,,career
zach collins,2020,5406255.0,base,,5406255.0,5406255.0,,POR,1,,,,,,,,career
zach collins,2021,7000000.0,base,,7000000.0,7000000.0,,SA,1,,,,,,,,career
zach collins,2022,7350000.0,base,,7350000.0,7350000.0,,SA,1,,,,,,,,career
zach collins,2023,7700000.0,base,,7700000.0,7700000.0,,SA,1,,,,,,,,career
zach collins,2024,6734966.0,base,,6734966.0,6734966.0,,CHI;SA,2,16741200.0,10006234,,,,,,career
zach collins,2025,18080496.0,base,,18080496.0,18080496.0,,CHI,1,,,,,,,,career
zach collins,2026,8500000.0,cap_hit,8500000.0,8500000.0,,,CHI,1,,,,,,,,contract
zach collins,2027,8500000.0,cap_hit,8500000.0,8500000.0,,,CHI,1,,,,,,,,contract
zach edey,2024,5756880.0,cap_hit,5756880.0,5756880.0,,,MEM,1,,,,,,,,contract
zach edey,2025,6045000.0,cap_hit,6045000.0,6045000.0,,,MEM,1,,,,,,,,contract
zach edey,2026,6332760.0,cap_hit,6332760.0,6332760.0,,,MEM,1,,,,,,,,contract
zach edey,2027,8067937.0,cap_hit,8067937.0,8067937.0,,,MEM,1,,,,,,,,contract
zach lavine,2014,2055840.0,base,,2055840.0,2055840.0,,MIN,1,,,,,,,,career
zach lavine,2015,2148360.0,base,,2148360.0,2148360.0,,MIN,1,,,,,,,,career
zach lavine,2016,2240880.0,base,,2240880.0,2240880.0,,MIN,1,,,,,,,,career
zach lavine,2017,3202218.0,base,,3202218.0,3202218.0,,CHI,1,,,,,,,,career
zach lavine,2018,19500000.0,base,,19500000.0,19500000.0,,CHI,1,,,,,,,,career
zach lavine,2019,18281250.0,base,,18281250.0,18281250.0,,CHI,1,,,,,,,,career
zach lavine,2020,19500000.0,base,,19500000.0,19500000.0,,CHI,1,,,,,,,,career
zach lavine,2021,19500000.0,base,,19500000.0,19500000.0,,CHI,1,,,,,,,,career
zach lavine,2022,37096500.0,cap_hit,37096500.0,37096500.0,,,CHI,1,,,,,,,,contract
zach lavine,2023,40064220.0,cap_hit,40064220.0,40064220.0,,,CHI,1,,,,,,,,contract
zach lavine,2024,44531940.0,cap_hit,44531940.0,43031940.0,,,SAC,1,,,,,,,,contract
zach lavine,2025,47499660.0,cap_hit,47499660.0,45999660.0,,,SAC,1,,,,,,,,contract
zach lavine,2026,48967380.0,cap_hit,48967380.0,48967380.0,,,SAC,1,,,,,,,,contract
zeke nnaji,2020,2379840.0,base,,2379840.0,2379840.0,,DEN,1,,,,,,,,career
zeke nnaji,2021,2498760.0,base,,2498760.0,2498760.0,,DEN,1,,,,,,,,career
zeke nnaji,2022,2617800.0,base,,2617800.0,2617800.0,,DEN,1,,,,,,,,career
zeke nnaji,2023,4306281.0,base,,4306281.0,4306281.0,,DEN,1,,,,,,,,career
zeke nnaji,2024,8888889.0,cap_hit,8888889.0,8888889.0,,,DEN,1,,,,,,,,contract
zeke nnaji,2025,8177778.0,cap_hit,8177778.0,8177778.0,,,DEN,1,,,,,,,,contract
zeke nnaji,2026,7466667.0,cap_hit,7466667.0,7466667.0,,,DEN,1,,,,,,,,contract
zeke nnaji,2027,7466667.0,cap_hit,7466667.0,7466667.0,,,DEN,1,,,,,,,,contract
zhaire smith,2018,2611800.0,base,,2611800.0,2611800.0,,PHI,1,,,2611800.0,,0.0,Active,1.0,career
zhaire smith,2019,2867625.0,base,,2867625.0,2867625.0,,PHI,1,,,2867625.0,,0.0,Active,1.0,career
zhaire smith,2020,1068200.0,base,,1068200.0,1068200.0,,DET,1,,,,1068200.0,0.0,Retained,0.0,career
zhaire smith,2021,1068200.0,base,,1068200.0,1068200.0,,DET,1,,,,1068200.0,0.0,Retained,0.0,career
zhaire smith,2022,1068200.0,base,,1068200.0,1068200.0,,DET,1,,,,1068200.0,0.0,Retained,0.0,career
zhaire smith,2023,139290.0,base,,139290.0,139290.0,,CLE,1,,,,139290.0,0.0,Retained,0.0,career
ziaire williams,2021,4373040.0,base,,4373040.0,4373040.0,,MEM,1,,,4373040.0,,0.0,Active,1.0,career
ziaire williams,2022,4591680.0,base,,4591680.0,4591680.0,,MEM,1,,,4591680.0,,0.0,Active,1.0,career
ziaire williams,2023,4810200.0,base,,4810200.0,4810200.0,,MEM,1,,,4810200.0,,0.0,Active / Club Exercised,1.0,career
ziaire williams,2024,6133005.0,base,,6133005.0,6133005.0,,BKN,1,,,6133005.0,,0.0,Active / Club Exercised,1.0,career
ziaire williams,2025,6250000.0,base,,6250000.0,6250000.0,,BKN,1,,,6250000.0,,0.0,Active,1.0,career
ziaire williams,2026,2449421.0,cap_hit,2449421.0,2845883.0,,,LAL,1,,,2845883.0,,0.0,Active,1.0,contract
zion williamson,2019,9147600.0,base,,9147600.0,9147600.0,,NO,1,,,9147600.0,,0.0,Active,1.0,career
zion williamson,2020,10245480.0,base,,10245480.0,10245480.0,,NO,1,,,10245480.0,,0.0,Active,1.0,career
zion williamson,2021,10733400.0,base,,10733400.0,10733400.0,,NO,1,,,10733400.0,,0.0,Active / Club Exercised,1.0,career
zion williamson,2022,13534817.0,base,,13534817.0,13534817.0,,NO,1,,,13534817.0,,0.0,Active / Club Exercised,1.0,career
zion williamson,2023,34005250.0,cap_hit,34005250.0,34005250.0,,,NO,1,,,34005250.0,,100000.0,Active;NBA Cup,1.0,contract
zion williamson,2024,36725670.0,cap_hit,36725670.0,36725670.0,,,NO,1,,,36725670.0,,0.0,Active,1.0,contract
zion williamson,2025,39446090.0,cap_hit,39446090.0,39446090.0,,,NO,1,,,39446090.0,,0.0,Active,1.0,contract
zion williamson,2026,42166510.0,cap_hit,42166510.0,42166510.0,,,NO,1,,,42166510.0,,0.0,Active,1.0,contract
zion williamson,2027,44886930.0,cap_hit,44886930.0,44886930.0,,,NO,1,,,44886930.0,,0.0,Active,1.0,contract
zylan cheatham,2020,1445697.0,base,,1445697.0,1445697.0,,OKC,1,,,,1445697.0,0.0,Retained,0.0,career
zylan cheatham,2021,85578.0,base,,85578.0,85578.0,,MIA;NO;UTA,3,263692.0,89057;89057,,263692.0,0.0,Retained;Retained;Retained,0.0,career
