frame,player_name_norm,season,salary,year_in_contract,games,availability_3yr_coverage,missing_count,missing_fields,missingness_class
full,a.j. green,2023,1901769,1,35.0,0.5,1,laker_z,partial_impact
full,a.j. green,2024,2120693,2,56.0,0.8,1,laker_z,partial_impact
full,a.j. green,2025,2301587,3,73.0,1.0,1,laker_z,partial_impact
full,a.j. green,2026,10044644,1,78.0,1.0,1,laker_z,partial_impact
full,a.j. lawson,2023,1000000,1,14.0,0.5,0,,complete
full,aaron gordon,2019,19863636,1,78.0,0.5,0,,complete
full,aaron gordon,2020,18136364,2,62.0,0.8,0,,complete
full,aaron gordon,2021,16409091,3,25.0,1.0,0,,complete
full,aaron gordon,2022,19690909,1,75.0,1.0,0,,complete
full,aaron gordon,2023,22266182,2,68.0,1.0,0,,complete
full,aaron gordon,2024,22841455,3,73.0,1.0,0,,complete
full,aaron gordon,2025,22841455,4,51.0,1.0,0,,complete
full,aaron gordon,2026,33658037,1,36.0,1.0,0,,complete
full,aaron holiday,2019,2239200,1,50.0,0.5,0,,complete
full,aaron holiday,2020,2345640,2,66.0,0.8,0,,complete
full,aaron holiday,2021,3980551,1,66.0,1.0,0,,complete
full,aaron holiday,2022,1836090,1,41.0,1.0,0,,complete
full,aaron holiday,2023,2019706,2,63.0,1.0,0,,complete
full,aaron holiday,2024,4668000,1,78.0,1.0,0,,complete
full,aaron holiday,2025,2296274,1,62.0,1.0,0,,complete
full,aaron nesmith,2021,3631200,2,46.0,0.5,0,,complete
full,aaron nesmith,2022,3804360,3,52.0,0.8,0,,complete
full,aaron nesmith,2023,5634257,1,73.0,1.0,0,,complete
full,aaron nesmith,2024,11000000,1,72.0,1.0,0,,complete
full,aaron nesmith,2025,11000000,2,45.0,1.0,0,,complete
full,aaron nesmith,2026,11000000,3,45.0,1.0,0,,complete
full,aaron wiggins,2022,1563518,1,50.0,0.5,0,,complete
full,aaron wiggins,2023,1836096,1,70.0,0.8,1,laker_z,partial_impact
full,aaron wiggins,2024,10514017,1,78.0,1.0,0,,complete
full,aaron wiggins,2025,10102803,2,76.0,1.0,0,,complete
full,aaron wiggins,2026,9224300,3,65.0,1.0,0,,complete
full,abdel nader,2019,1618520,1,61.0,0.5,0,,complete
full,abdel nader,2020,1752950,1,55.0,0.8,0,,complete
full,abdel nader,2021,2000000,2,24.0,1.0,0,,complete
full,ace bailey,2026,9523080,2,72.0,0.5,0,,complete
full,adem bona,2025,1955377,1,58.0,0.5,0,,complete
full,adem bona,2026,2296271,1,71.0,0.8,0,,complete
full,admiral schofield,2020,1517981,1,33.0,0.5,0,,complete
full,admiral schofield,2022,506508,1,38.0,0.7,0,,complete
full,adou thiero,2026,2150917,1,25.0,0.5,0,,complete
full,aj griffin,2023,3712920,2,72.0,0.5,0,,complete
full,aj griffin,2024,250000,1,20.0,0.8,0,,complete
full,aj johnson,2025,3090480,2,22.0,0.5,0,,complete
full,aj johnson,2026,3237120,3,23.0,0.8,0,,complete
full,ajay mitchell,2025,3000000,2,36.0,0.5,0,,complete
full,ajay mitchell,2026,2850000,3,57.0,0.8,0,,complete
full,al horford,2019,28000000,1,68.0,0.5,0,,complete
full,al horford,2020,27500000,2,67.0,0.8,0,,complete
full,al horford,2021,27000000,3,28.0,1.0,0,,complete
full,al horford,2022,26500000,4,69.0,1.0,0,,complete
full,al horford,2023,10000000,1,63.0,1.0,0,,complete
full,al horford,2024,9500000,2,65.0,1.0,0,,complete
full,al horford,2025,5685000,1,60.0,1.0,0,,complete
full,al horford,2026,6822000,1,45.0,1.0,0,,complete
full,al-farouq aminu,2019,9258000,1,81.0,0.5,0,,complete
full,al-farouq aminu,2020,9720900,1,18.0,0.8,0,,complete
full,al-farouq aminu,2021,151821,1,17.0,1.0,0,,complete
full,alec burks,2019,2320044,1,34.0,0.5,0,,complete
full,alec burks,2020,6000000,1,48.0,0.8,0,,complete
full,alec burks,2021,9536000,1,49.0,1.0,0,,complete
full,alec burks,2022,10012800,1,81.0,1.0,0,,complete
full,alec burks,2023,10489600,1,51.0,1.0,0,,complete
full,alec burks,2024,2087519,1,43.0,1.0,0,,complete
full,aleksej pokusevski,2021,3113160,2,45.0,0.5,0,,complete
full,aleksej pokusevski,2022,3261480,3,61.0,0.8,0,,complete
full,aleksej pokusevski,2023,565176,1,34.0,1.0,0,,complete
full,alex caruso,2019,2750000,1,25.0,0.5,0,,complete
full,alex caruso,2020,2750000,2,64.0,0.8,0,,complete
full,alex caruso,2021,8604651,1,58.0,1.0,0,,complete
full,alex caruso,2022,9030000,2,41.0,1.0,0,,complete
full,alex caruso,2023,9460000,3,67.0,1.0,0,,complete
full,alex caruso,2024,9890000,4,71.0,1.0,0,,complete
full,alex caruso,2025,18102000,1,54.0,1.0,0,,complete
full,alex caruso,2026,19550160,2,56.0,1.0,0,,complete
full,alex len,2019,4160000,1,77.0,0.5,0,,complete
full,alex len,2020,2258000,1,40.0,0.8,0,,complete
full,alex len,2021,3732000,1,57.0,1.0,0,,complete
full,alex len,2022,3918600,2,39.0,1.0,0,,complete
full,alex len,2023,2019706,1,26.0,1.0,0,,complete
full,alex len,2024,743829,1,48.0,1.0,0,,complete
full,alex sarr,2025,11808240,2,67.0,0.5,0,,complete
full,alex sarr,2026,12370680,3,48.0,0.8,0,,complete
full,alfonzo mckinnie,2019,2391985,1,72.0,0.5,0,,complete
full,alfonzo mckinnie,2020,1762796,1,40.0,0.8,0,,complete
full,alfonzo mckinnie,2021,1293926,1,39.0,1.0,0,,complete
full,alize johnson,2019,1416852,1,14.0,0.5,0,,complete
full,alize johnson,2020,621587,1,17.0,0.8,0,,complete
full,alize johnson,2021,705598,1,18.0,1.0,0,,complete
full,alize johnson,2022,192293,1,16.0,1.0,0,,complete
full,allen crabbe,2019,17818456,1,43.0,0.5,0,,complete
full,allonzo trier,2019,3551100,1,64.0,0.5,0,,complete
full,alondes williams,2025,131970,1,1.0,0.5,0,,complete
full,amen thompson,2024,9249960,2,62.0,0.5,0,,complete
full,amen thompson,2025,9690600,3,69.0,0.8,0,,complete
full,amen thompson,2026,12258609,1,79.0,1.0,0,,complete
full,amile jefferson,2019,1519851,1,12.0,0.5,0,,complete
full,amir coffey,2021,153488,1,44.0,0.5,0,,complete
full,amir coffey,2022,3395062,1,69.0,0.8,0,,complete
full,amir coffey,2023,3666667,2,50.0,1.0,0,,complete
full,amir coffey,2024,3938271,3,70.0,1.0,0,,complete
full,amir coffey,2025,2296274,1,72.0,1.0,0,,complete
full,andre drummond,2019,27093019,1,79.0,0.5,0,,complete
full,andre drummond,2020,27957238,2,49.0,0.8,0,,complete
full,andre drummond,2021,2401537,1,25.0,1.0,0,,complete
full,andre drummond,2022,3200000,1,49.0,1.0,0,,complete
full,andre drummond,2023,3360000,2,67.0,1.0,0,,complete
full,andre drummond,2024,5000000,1,79.0,1.0,0,,complete
full,andre drummond,2025,5000000,2,40.0,1.0,0,,complete
full,andre drummond,2026,2449421,1,63.0,1.0,0,,complete
full,andre iguodala,2019,17185185,1,68.0,0.5,0,,complete
full,andre iguodala,2020,15000000,1,21.0,0.8,0,,complete
full,andre iguodala,2021,2641691,1,63.0,1.0,0,,complete
full,andre iguodala,2022,1836090,1,31.0,1.0,0,,complete
full,andre jackson jr.,2024,1891857,1,57.0,0.5,0,,complete
full,andre jackson jr.,2025,2221677,1,67.0,0.8,0,,complete
full,andre jackson jr.,2026,2406205,2,48.0,1.0,0,,complete
full,andre roberson,2019,10740741,1,0.0,0.5,4,lebron_z|laker_z|usage_pct|ast_pct,did_not_play
full,andre roberson,2020,274816,1,7.0,0.8,0,,complete
full,andrew nembhard,2023,2131905,2,75.0,0.5,0,,complete
full,andrew nembhard,2024,2019699,3,68.0,0.8,0,,complete
full,andrew nembhard,2025,18102000,1,65.0,1.0,0,,complete
full,andrew nembhard,2026,19550160,2,57.0,1.0,0,,complete
full,andrew wiggins,2019,27504630,1,73.0,0.5,0,,complete
full,andrew wiggins,2020,29542010,2,42.0,0.8,0,,complete
full,andrew wiggins,2021,31579390,3,71.0,1.0,0,,complete
full,andrew wiggins,2022,33616770,4,73.0,1.0,0,,complete
full,andrew wiggins,2023,24330357,1,37.0,1.0,0,,complete
full,andrew wiggins,2024,26276786,2,71.0,1.0,0,,complete
full,andrew wiggins,2025,28223215,3,43.0,1.0,0,,complete
full,andrew wiggins,2026,30169644,4,68.0,1.0,0,,complete
full,anfernee simons,2019,2149560,1,20.0,0.5,0,,complete
full,anfernee simons,2020,2252040,2,70.0,0.8,0,,complete
full,anfernee simons,2021,3938818,1,64.0,1.0,0,,complete
full,anfernee simons,2022,22321429,1,57.0,1.0,0,,complete
full,anfernee simons,2023,24107143,2,62.0,1.0,0,,complete
full,anfernee simons,2024,25892857,3,46.0,1.0,0,,complete
full,anfernee simons,2025,27678571,4,70.0,1.0,0,,complete
full,anfernee simons,2026,6000000,1,49.0,1.0,0,,complete
full,anthony black,2024,7607760,2,69.0,0.5,0,,complete
full,anthony black,2025,7970280,3,78.0,0.8,0,,complete
full,anthony black,2026,10106316,1,64.0,1.0,0,,complete
full,anthony davis,2019,27093019,1,56.0,0.5,0,,complete
full,anthony davis,2020,32742000,1,62.0,0.8,0,,complete
full,anthony davis,2021,35361360,2,36.0,1.0,0,,complete
full,anthony davis,2022,37980720,3,40.0,1.0,0,,complete
full,anthony davis,2023,40600080,4,56.0,1.0,0,,complete
full,anthony davis,2024,43219440,5,76.0,1.0,0,,complete
full,anthony davis,2025,54126450,1,42.0,1.0,0,,complete
full,anthony davis,2026,58456566,2,20.0,1.0,0,,complete
full,anthony edwards,2021,10245480,2,72.0,0.5,0,,complete
full,anthony edwards,2022,10733400,3,72.0,0.8,0,,complete
full,anthony edwards,2023,13534817,1,79.0,1.0,0,,complete
full,anthony edwards,2024,42176400,1,79.0,1.0,0,,complete
full,anthony edwards,2025,45550512,2,79.0,1.0,0,,complete
full,anthony edwards,2026,48924624,3,61.0,1.0,0,,complete
full,anthony gill,2021,1517981,1,26.0,0.5,0,,complete
full,anthony gill,2022,1836090,1,44.0,0.8,0,,complete
full,anthony gill,2023,1997238,2,59.0,1.0,0,,complete
full,anthony gill,2024,2237691,3,50.0,1.0,0,,complete
full,anthony gill,2025,2296274,4,51.0,1.0,0,,complete
full,anthony lamb,2021,85578,1,24.0,0.5,0,,complete
full,anthony lamb,2022,253254,1,2.0,0.8,0,,complete
full,anthony tolliver,2019,434704,1,65.0,0.5,0,,complete
full,anthony tolliver,2020,485498,1,33.0,0.8,0,,complete
full,antonio blakeney,2019,1488231,1,57.0,0.5,0,,complete
full,ariel hukporti,2025,1955377,1,25.0,0.5,0,,complete
full,ariel hukporti,2026,3400000,1,54.0,0.8,0,,complete
full,armoni brooks,2021,1489065,1,20.0,0.5,0,,complete
full,armoni brooks,2022,50000,1,41.0,0.8,0,,complete
full,aron baynes,2019,5453280,1,51.0,0.5,0,,complete
full,aron baynes,2020,7000000,1,42.0,0.8,0,,complete
full,asa newell,2026,3399480,2,44.0,0.5,0,,complete
full,ausar thompson,2024,8376000,2,63.0,0.5,0,,complete
full,ausar thompson,2025,8775000,3,59.0,0.8,0,,complete
full,ausar thompson,2026,11117925,1,73.0,1.0,0,,complete
full,austin reaves,2022,1563518,1,61.0,0.5,0,,complete
full,austin reaves,2023,12015150,1,64.0,0.8,0,,complete
full,austin reaves,2024,12976362,2,82.0,1.0,0,,complete
full,austin reaves,2025,13937574,3,73.0,1.0,0,,complete
full,austin reaves,2026,41240250,1,51.0,1.0,0,,complete
full,austin rivers,2019,2174318,1,47.0,0.5,0,,complete
full,austin rivers,2020,299694,1,68.0,0.8,0,,complete
full,austin rivers,2021,2401537,1,21.0,1.0,0,,complete
full,austin rivers,2022,1836090,1,67.0,1.0,0,,complete
full,avery bradley,2019,4767000,1,49.0,0.5,0,,complete
full,avery bradley,2020,5635000,1,49.0,0.8,0,,complete
full,avery bradley,2021,2641691,1,17.0,1.0,0,,complete
full,ayo dosunmu,2022,1563518,1,77.0,0.5,0,,complete
full,ayo dosunmu,2023,6481482,1,80.0,0.8,1,laker_z,partial_impact
full,ayo dosunmu,2024,7000000,2,76.0,1.0,0,,complete
full,ayo dosunmu,2025,7518518,3,46.0,1.0,0,,complete
full,ayo dosunmu,2026,19310345,1,45.0,1.0,0,,complete
full,bam adebayo,2019,3454080,1,82.0,0.5,0,,complete
full,bam adebayo,2020,5115492,1,72.0,0.8,0,,complete
full,bam adebayo,2021,28103550,1,64.0,1.0,0,,complete
full,bam adebayo,2022,30351780,2,56.0,1.0,0,,complete
full,bam adebayo,2023,32600060,3,75.0,1.0,0,,complete
full,bam adebayo,2024,34848340,4,71.0,1.0,0,,complete
full,bam adebayo,2025,37096620,5,78.0,1.0,0,,complete
full,bam adebayo,2026,49488300,1,73.0,1.0,0,,complete
full,baylor scheierman,2025,2619000,2,31.0,0.5,0,,complete
full,baylor scheierman,2026,2744040,3,77.0,0.8,0,,complete
full,ben mclemore,2019,2028594,1,19.0,0.5,0,,complete
full,ben mclemore,2020,2283034,2,71.0,0.8,0,,complete
full,ben mclemore,2021,2389641,1,32.0,1.0,0,,complete
full,ben saraf,2026,3028560,2,44.0,0.5,0,,complete
full,ben sheppard,2024,2663880,2,57.0,0.5,0,,complete
full,ben sheppard,2025,2790720,3,63.0,0.8,0,,complete
full,ben sheppard,2026,5031669,1,65.0,1.0,0,,complete
full,ben simmons,2019,8113930,1,79.0,0.5,0,,complete
full,ben simmons,2020,30559200,1,57.0,0.8,0,,complete
full,ben simmons,2021,33003936,1,58.0,1.0,0,,complete
full,ben simmons,2022,35448672,2,0.0,1.0,4,lebron_z|laker_z|usage_pct|ast_pct,did_not_play
full,ben simmons,2023,37893408,3,42.0,1.0,0,,complete
full,ben simmons,2024,39256083,4,15.0,1.0,0,,complete
full,bennedict mathurin,2023,6916080,2,78.0,0.5,0,,complete
full,bennedict mathurin,2024,7245720,3,59.0,0.8,0,,complete
full,bennedict mathurin,2025,9187573,1,72.0,1.0,0,,complete
full,bilal coulibaly,2024,6945240,2,63.0,0.5,0,,complete
full,bilal coulibaly,2025,7275600,3,59.0,0.8,0,,complete
full,bilal coulibaly,2026,9240012,1,56.0,1.0,0,,complete
full,bismack biyombo,2019,17000000,1,54.0,0.5,0,,complete
full,bismack biyombo,2020,3500000,1,53.0,0.8,0,,complete
full,bismack biyombo,2021,1518213,1,66.0,1.0,0,,complete
full,bismack biyombo,2022,1836090,1,36.0,1.0,0,,complete
full,bismack biyombo,2023,5000000,1,61.0,1.0,0,,complete
full,bismack biyombo,2024,503884,1,30.0,1.0,0,,complete
full,bismack biyombo,2025,2296274,1,28.0,1.0,0,,complete
full,blake griffin,2019,34234964,1,75.0,0.5,0,,complete
full,blake griffin,2020,776983,1,18.0,0.8,0,,complete
full,blake griffin,2021,2641691,1,20.0,1.0,0,,complete
full,blake griffin,2022,1836090,1,56.0,1.0,0,,complete
full,blake wesley,2023,2504640,2,37.0,0.5,0,,complete
full,blake wesley,2024,2624280,3,61.0,0.8,0,,complete
full,blake wesley,2025,2296274,1,58.0,1.0,0,,complete
full,bobby portis,2019,15000000,1,28.0,0.5,0,,complete
full,bobby portis,2020,3623000,1,66.0,0.8,0,,complete
full,bobby portis,2021,4347600,1,66.0,1.0,0,,complete
full,bobby portis,2022,10843350,1,72.0,1.0,0,,complete
full,bobby portis,2023,11710818,2,70.0,1.0,0,,complete
full,bobby portis,2024,12578286,3,82.0,1.0,0,,complete
full,bobby portis,2025,13445754,4,49.0,1.0,0,,complete
full,bobby portis,2026,14521414,5,67.0,1.0,0,,complete
full,bobi klintman,2025,1955377,1,8.0,0.5,1,laker_z,partial_impact
full,bol bol,2020,2058240,1,7.0,0.5,0,,complete
full,bol bol,2021,2161152,1,32.0,0.8,0,,complete
full,bol bol,2022,2200000,2,14.0,1.0,0,,complete
full,bol bol,2023,2019706,1,70.0,1.0,1,laker_z,partial_impact
full,bol bol,2024,2087519,2,43.0,1.0,0,,complete
full,bones hyland,2022,2201520,2,69.0,0.5,0,,complete
full,bones hyland,2023,2306400,3,42.0,0.8,0,,complete
full,bones hyland,2024,4158439,1,37.0,1.0,0,,complete
full,bones hyland,2025,2296274,1,20.0,1.0,0,,complete
full,bones hyland,2026,2845883,1,71.0,1.0,0,,complete
full,brad wanamaker,2019,1355341,1,36.0,0.5,0,,complete
full,brad wanamaker,2020,2250000,1,71.0,0.8,0,,complete
full,brad wanamaker,2021,715538,1,39.0,1.0,0,,complete
full,bradley beal,2019,25399705,1,82.0,0.5,0,,complete
full,bradley beal,2020,28751774,2,57.0,0.8,0,,complete
full,bradley beal,2021,33724200,1,60.0,1.0,0,,complete
full,bradley beal,2022,43279250,1,40.0,1.0,0,,complete
full,bradley beal,2023,46741590,2,50.0,1.0,0,,complete
full,bradley beal,2024,50203930,3,53.0,1.0,0,,complete
full,bradley beal,2025,19383010,1,53.0,1.0,0,,complete
full,bradley beal,2026,19383010,2,6.0,1.0,0,,complete
full,branden carlson,2026,2449421,1,42.0,0.5,0,,complete
full,brandin podziemski,2024,3519960,2,74.0,0.5,0,,complete
full,brandin podziemski,2025,3687960,3,64.0,0.8,0,,complete
full,brandin podziemski,2026,5679459,1,82.0,1.0,0,,complete
full,brandon clarke,2020,2602920,2,58.0,0.5,0,,complete
full,brandon clarke,2021,2726880,3,59.0,0.8,0,,complete
full,brandon clarke,2022,4343920,1,64.0,1.0,0,,complete
full,brandon clarke,2023,12500000,1,56.0,1.0,0,,complete
full,brandon clarke,2024,12500000,2,6.0,1.0,1,lebron_z,partial_impact
full,brandon clarke,2025,12500000,3,64.0,1.0,0,,complete
full,brandon clarke,2026,12500000,4,2.0,1.0,0,,complete
full,brandon goodwin,2019,522738,1,16.0,0.5,0,,complete
full,brandon goodwin,2020,1701593,1,34.0,0.8,0,,complete
full,brandon goodwin,2021,99380,1,47.0,1.0,0,,complete
full,brandon ingram,2019,7265485,1,52.0,0.5,0,,complete
full,brandon ingram,2020,27285000,1,62.0,0.8,0,,complete
full,brandon ingram,2021,29467800,2,61.0,1.0,0,,complete
full,brandon ingram,2022,31650600,3,55.0,1.0,0,,complete
full,brandon ingram,2023,33833400,4,45.0,1.0,0,,complete
full,brandon ingram,2024,36016200,5,64.0,1.0,0,,complete
full,brandon ingram,2025,38095238,6,18.0,1.0,0,,complete
full,brandon ingram,2026,40000000,7,77.0,1.0,0,,complete
full,brandon knight,2019,15643750,1,27.0,0.5,0,,complete
full,brandon miller,2024,11424600,2,74.0,0.5,0,,complete
full,brandon miller,2025,11968800,3,27.0,0.8,0,,complete
full,brandon miller,2026,15104626,1,65.0,1.0,0,,complete
full,brandon williams,2024,47989,1,17.0,0.5,0,,complete
full,brandon williams,2025,2270735,1,33.0,0.8,0,,complete
full,braxton key,2024,11997,1,20.0,0.5,0,,complete
full,brice sensabaugh,2024,2571480,2,32.0,0.5,0,,complete
full,brice sensabaugh,2025,2693760,3,71.0,0.8,0,,complete
full,brice sensabaugh,2026,4862237,1,75.0,1.0,0,,complete
full,bronny james,2025,1955377,1,27.0,0.5,0,,complete
full,bronny james,2026,2296271,1,42.0,0.8,0,,complete
full,brook lopez,2019,12093024,1,81.0,0.5,0,,complete
full,brook lopez,2020,12697675,2,68.0,0.8,0,,complete
full,brook lopez,2021,13302325,3,70.0,1.0,0,,complete
full,brook lopez,2022,13906976,4,13.0,1.0,0,,complete
full,brook lopez,2023,25000000,1,78.0,1.0,0,,complete
full,brook lopez,2024,23000000,2,79.0,1.0,0,,complete
full,brook lopez,2025,8750000,1,80.0,1.0,0,,complete
full,brook lopez,2026,9187500,2,75.0,1.0,0,,complete
full,bruce brown,2019,1416852,1,74.0,0.5,0,,complete
full,bruce brown,2020,1663861,1,58.0,0.8,0,,complete
full,bruce brown,2021,4736102,1,65.0,1.0,0,,complete
full,bruce brown,2022,6479000,1,72.0,1.0,0,,complete
full,bruce brown,2023,22000000,1,80.0,1.0,0,,complete
full,bruce brown,2024,23000000,2,34.0,1.0,0,,complete
full,bruce brown,2025,2296274,1,23.0,1.0,0,,complete
full,bruno caboclo,2019,1845301,1,34.0,0.5,2,lebron_z|laker_z,partial_impact
full,bruno caboclo,2020,361256,1,30.0,0.8,2,lebron_z|laker_z,partial_impact
full,bryce mcgowens,2023,1719864,1,46.0,0.5,0,,complete
full,bryce mcgowens,2025,724598,1,13.0,0.7,0,,complete
full,bryce mcgowens,2026,2584539,1,42.0,0.8,0,,complete
full,bub carrington,2025,4677600,2,82.0,0.5,0,,complete
full,bub carrington,2026,4900560,3,82.0,0.8,0,,complete
full,buddy hield,2019,4861208,1,82.0,0.5,0,,complete
full,buddy hield,2020,24701834,1,72.0,0.8,0,,complete
full,buddy hield,2021,22477273,2,71.0,1.0,0,,complete
full,buddy hield,2022,21177750,3,55.0,1.0,0,,complete
full,buddy hield,2023,19845098,4,80.0,1.0,0,,complete
full,buddy hield,2024,8780488,1,52.0,1.0,0,,complete
full,buddy hield,2025,9219512,2,82.0,1.0,0,,complete
full,buddy hield,2026,9658536,3,44.0,1.0,0,,complete
full,cade cunningham,2022,10552800,2,64.0,0.5,0,,complete
full,cade cunningham,2023,11055360,3,12.0,0.8,0,,complete
full,cade cunningham,2024,13940809,1,62.0,1.0,0,,complete
full,cade cunningham,2025,46394100,1,70.0,1.0,0,,complete
full,cade cunningham,2026,50105628,2,64.0,1.0,0,,complete
full,caleb houstan,2023,2000000,2,51.0,0.5,0,,complete
full,caleb houstan,2024,2019699,3,59.0,0.8,0,,complete
full,caleb houstan,2025,699440,1,58.0,1.0,0,,complete
full,caleb martin,2020,1517981,1,18.0,0.5,0,,complete
full,caleb martin,2021,527615,1,53.0,0.8,0,,complete
full,caleb martin,2022,6479000,1,60.0,1.0,0,,complete
full,caleb martin,2023,6802950,2,71.0,1.0,0,,complete
full,caleb martin,2024,9186594,1,64.0,1.0,0,,complete
full,caleb martin,2025,9594044,2,31.0,1.0,0,,complete
full,caleb martin,2026,10001493,3,58.0,1.0,0,,complete
full,cam christie,2025,1955377,1,13.0,0.5,0,,complete
full,cam christie,2026,2296271,1,55.0,0.8,0,,complete
full,cam spencer,2025,2537989,1,25.0,0.5,0,,complete
full,cam spencer,2026,2411090,2,72.0,0.8,0,,complete
full,cam thomas,2022,2138160,2,67.0,0.5,0,,complete
full,cam thomas,2023,2240160,3,57.0,0.8,0,,complete
full,cam thomas,2024,4041249,1,66.0,1.0,0,,complete
full,cam thomas,2025,5993172,1,25.0,1.0,0,,complete
full,cam whitmore,2024,3379080,2,47.0,0.5,0,,complete
full,cam whitmore,2025,3539760,3,51.0,0.8,0,,complete
full,cam whitmore,2026,5458310,1,21.0,1.0,0,,complete
full,cameron johnson,2020,4235160,2,57.0,0.5,0,,complete
full,cameron johnson,2021,4437000,3,60.0,0.8,0,,complete
full,cameron johnson,2022,5887899,1,66.0,1.0,0,,complete
full,cameron johnson,2023,25679348,1,25.0,1.0,0,,complete
full,cameron johnson,2024,22500000,1,58.0,1.0,1,laker_z,partial_impact
full,cameron johnson,2025,21057065,2,57.0,1.0,0,,complete
full,cameron johnson,2026,23062500,3,54.0,1.0,0,,complete
full,cameron payne,2019,196288,1,31.0,0.5,0,,complete
full,cameron payne,2020,1977011,1,8.0,0.8,0,,complete
full,cameron payne,2021,6500000,1,60.0,1.0,0,,complete
full,cameron payne,2022,6000000,2,58.0,1.0,0,,complete
full,cameron payne,2023,6500000,3,48.0,1.0,1,laker_z,partial_impact
full,cameron payne,2024,2087519,1,47.0,1.0,0,,complete
full,cameron payne,2025,712637,1,72.0,1.0,0,,complete
full,caris levert,2019,2625718,1,40.0,0.5,0,,complete
full,caris levert,2020,16203704,1,45.0,0.8,0,,complete
full,caris levert,2021,17500000,2,35.0,1.0,0,,complete
full,caris levert,2022,18796296,3,39.0,1.0,0,,complete
full,caris levert,2023,15384616,1,74.0,1.0,0,,complete
full,caris levert,2024,16615384,2,68.0,1.0,0,,complete
full,caris levert,2025,14104000,1,38.0,1.0,0,,complete
full,caris levert,2026,14809200,2,60.0,1.0,0,,complete
full,carter bryant,2026,5145360,2,71.0,0.5,0,,complete
full,cason wallace,2024,5555880,2,82.0,0.5,0,,complete
full,cason wallace,2025,5820240,3,68.0,0.8,0,,complete
full,cason wallace,2026,7420806,1,77.0,1.0,0,,complete
full,cedric coward,2026,6001080,2,62.0,0.5,0,,complete
full,charles bassey,2022,2600000,1,23.0,0.5,0,,complete
full,charles bassey,2023,2600000,2,35.0,0.8,1,laker_z,partial_impact
full,charles bassey,2024,2087519,1,19.0,1.0,0,,complete
full,charles bassey,2025,263940,1,36.0,1.0,0,,complete
full,charles bassey,2026,2449421,1,5.0,1.0,0,,complete
full,chaz lanier,2026,2150917,1,34.0,0.5,0,,complete
full,chet holmgren,2023,10386000,2,0.0,0.5,4,lebron_z|laker_z|usage_pct|ast_pct,did_not_play
full,chet holmgren,2024,10880640,3,82.0,0.8,0,,complete
full,chet holmgren,2025,13731368,1,32.0,1.0,0,,complete
full,chet holmgren,2026,41240250,1,69.0,1.0,0,,complete
full,chris boucher,2019,1488967,1,28.0,0.5,0,,complete
full,chris boucher,2020,6500000,1,62.0,0.8,0,,complete
full,chris boucher,2021,7020000,2,60.0,1.0,0,,complete
full,chris boucher,2022,12690000,1,80.0,1.0,0,,complete
full,chris boucher,2023,11750000,2,76.0,1.0,0,,complete
full,chris boucher,2024,10810000,3,50.0,1.0,0,,complete
full,chris boucher,2025,2296274,1,50.0,1.0,0,,complete
full,chris paul,2019,38506482,1,58.0,0.5,0,,complete
full,chris paul,2020,41358814,2,70.0,0.8,0,,complete
full,chris paul,2021,30800000,1,70.0,1.0,0,,complete
full,chris paul,2022,28400000,2,65.0,1.0,0,,complete
full,chris paul,2023,30800000,3,59.0,1.0,0,,complete
full,chris paul,2024,10460000,1,58.0,1.0,0,,complete
full,chris paul,2025,2296274,1,82.0,1.0,0,,complete
full,christian braun,2023,2949120,2,76.0,0.5,0,,complete
full,christian braun,2024,3089640,3,82.0,0.8,0,,complete
full,christian braun,2025,4921797,1,79.0,1.0,0,,complete
full,christian braun,2026,21551726,1,44.0,1.0,0,,complete
full,christian koloko,2023,1719864,2,58.0,0.5,0,,complete
full,christian koloko,2025,263940,1,37.0,0.7,0,,complete
full,cj mccollum,2019,27556959,1,70.0,0.5,0,,complete
full,cj mccollum,2020,29354152,2,70.0,0.8,0,,complete
full,cj mccollum,2021,30864198,3,47.0,1.0,0,,complete
full,cj mccollum,2022,33333333,4,36.0,1.0,0,,complete
full,cj mccollum,2023,35802469,5,75.0,1.0,0,,complete
full,cj mccollum,2024,33333333,6,66.0,1.0,0,,complete
full,cj mccollum,2025,30666666,7,56.0,1.0,0,,complete
full,cj mccollum,2026,21000000,1,41.0,1.0,0,,complete
full,clint capela,2019,14896552,1,67.0,0.5,0,,complete
full,clint capela,2020,16000000,2,39.0,0.8,0,,complete
full,clint capela,2021,17103448,3,63.0,1.0,0,,complete
full,clint capela,2022,18706897,4,74.0,1.0,0,,complete
full,clint capela,2023,20616000,5,65.0,1.0,0,,complete
full,clint capela,2024,22265280,6,73.0,1.0,0,,complete
full,clint capela,2025,6700000,1,55.0,1.0,0,,complete
full,clint capela,2026,7035000,2,75.0,1.0,0,,complete
full,coby white,2020,5572680,2,65.0,0.5,0,,complete
full,coby white,2021,5837760,3,69.0,0.8,0,,complete
full,coby white,2022,7413955,1,61.0,1.0,0,,complete
full,coby white,2023,11111111,1,74.0,1.0,0,,complete
full,coby white,2024,12000000,2,79.0,1.0,0,,complete
full,coby white,2025,12888889,3,74.0,1.0,0,,complete
full,coby white,2026,22839506,1,29.0,1.0,0,,complete
full,cody williams,2025,5742480,2,50.0,0.5,0,,complete
full,cody williams,2026,6015600,3,67.0,0.8,0,,complete
full,cole anthony,2021,3449400,2,47.0,0.5,0,,complete
full,cole anthony,2022,3613680,3,65.0,0.8,0,,complete
full,cole anthony,2023,5539771,1,60.0,1.0,0,,complete
full,cole anthony,2024,12900000,1,81.0,1.0,0,,complete
full,cole anthony,2025,2296274,1,67.0,1.0,0,,complete
full,cole anthony,2026,3700000,1,35.0,1.0,0,,complete
full,collin gillespie,2025,2296274,1,33.0,0.5,0,,complete
full,collin gillespie,2026,10714286,1,80.0,0.8,0,,complete
full,collin murray-boyles,2026,6649560,2,57.0,0.5,0,,complete
full,collin sexton,2019,4764960,1,82.0,0.5,0,,complete
full,collin sexton,2020,4991880,2,65.0,0.8,0,,complete
full,collin sexton,2021,6349671,1,60.0,1.0,0,,complete
full,collin sexton,2022,16500000,1,11.0,1.0,0,,complete
full,collin sexton,2023,17325000,2,48.0,1.0,1,laker_z,partial_impact
full,collin sexton,2024,18350000,3,78.0,1.0,0,,complete
full,collin sexton,2025,18975000,4,63.0,1.0,0,,complete
full,collin sexton,2026,9366000,1,42.0,1.0,0,,complete
full,cooper flagg,2026,14517480,2,70.0,0.5,0,,complete
full,corey kispert,2022,3552840,2,77.0,0.5,0,,complete
full,corey kispert,2023,3722040,3,74.0,0.8,1,laker_z,partial_impact
full,corey kispert,2024,5705887,1,80.0,1.0,0,,complete
full,corey kispert,2025,13975000,1,61.0,1.0,0,,complete
full,corey kispert,2026,13975000,2,39.0,1.0,0,,complete
full,craig porter jr.,2024,1891857,1,51.0,0.5,0,,complete
full,craig porter jr.,2025,2221677,1,51.0,0.8,0,,complete
full,craig porter jr.,2026,2406205,2,64.0,1.0,0,,complete
full,d'angelo russell,2019,27285000,1,81.0,0.5,0,,complete
full,d'angelo russell,2020,28649250,2,33.0,0.8,0,,complete
full,d'angelo russell,2021,30013500,3,42.0,1.0,0,,complete
full,d'angelo russell,2022,31377750,4,65.0,1.0,0,,complete
full,d'angelo russell,2023,17307693,1,54.0,1.0,0,,complete
full,d'angelo russell,2024,18692307,2,76.0,1.0,0,,complete
full,d'angelo russell,2025,5685000,1,29.0,1.0,0,,complete
full,d'angelo russell,2026,5969250,2,26.0,1.0,0,,complete
full,dalano banton,2022,1563518,1,64.0,0.5,0,,complete
full,dalano banton,2023,2019706,1,31.0,0.8,0,,complete
full,dalano banton,2024,2196970,2,30.0,1.0,0,,complete
full,dalano banton,2025,131970,1,67.0,1.0,0,,complete
full,dalen terry,2023,3350760,2,38.0,0.5,0,,complete
full,dalen terry,2024,3510480,3,59.0,0.8,0,,complete
full,dalen terry,2025,5399118,1,73.0,1.0,0,,complete
full,dalen terry,2026,2584539,1,34.0,1.0,0,,complete
full,dalton knecht,2025,4010160,2,78.0,0.5,0,,complete
full,dalton knecht,2026,4201080,3,54.0,0.8,0,,complete
full,damian lillard,2019,29802321,1,80.0,0.5,0,,complete
full,damian lillard,2020,31626953,2,66.0,0.8,0,,complete
full,damian lillard,2021,39344900,1,67.0,1.0,0,,complete
full,damian lillard,2022,42492492,2,29.0,1.0,0,,complete
full,damian lillard,2023,45640084,3,58.0,1.0,0,,complete
full,damian lillard,2024,48787676,4,73.0,1.0,0,,complete
full,damian lillard,2025,14104000,1,58.0,1.0,0,,complete
full,damian lillard,2026,13398800,2,0.0,1.0,4,lebron_z|laker_z|usage_pct|ast_pct,did_not_play
full,damyean dotson,2019,1618520,1,73.0,0.5,0,,complete
full,damyean dotson,2020,2000000,1,48.0,0.8,0,,complete
full,damyean dotson,2021,205662,1,46.0,1.0,0,,complete
full,daniel gafford,2020,1517981,1,43.0,0.5,0,,complete
full,daniel gafford,2021,1782621,1,23.0,0.8,0,,complete
full,daniel gafford,2022,1930681,2,72.0,1.0,0,,complete
full,daniel gafford,2023,12402000,1,78.0,1.0,0,,complete
full,daniel gafford,2024,13394160,2,45.0,1.0,0,,complete
full,daniel gafford,2025,14386320,3,57.0,1.0,0,,complete
full,daniel gafford,2026,17263584,1,55.0,1.0,0,,complete
full,daniel oturu,2021,1517981,1,30.0,0.5,0,,complete
full,daniel theis,2019,5000000,1,66.0,0.5,0,,complete
full,daniel theis,2020,5000000,1,65.0,0.8,0,,complete
full,daniel theis,2021,8280351,1,42.0,1.0,0,,complete
full,daniel theis,2022,8694369,1,26.0,1.0,0,,complete
full,daniel theis,2023,6928876,1,7.0,1.0,0,,complete
full,daniel theis,2024,2087519,1,59.0,1.0,0,,complete
full,danilo gallinari,2019,22615559,1,68.0,0.5,0,,complete
full,danilo gallinari,2020,19500000,1,62.0,0.8,0,,complete
full,danilo gallinari,2021,20475000,2,51.0,1.0,0,,complete
full,danilo gallinari,2022,6479000,1,66.0,1.0,0,,complete
full,danilo gallinari,2023,6802950,1,0.0,1.0,4,lebron_z|laker_z|usage_pct|ast_pct,did_not_play
full,daniss jenkins,2025,3809524,1,7.0,0.5,0,,complete
full,daniss jenkins,2026,4000000,2,72.0,0.8,0,,complete
full,danny green,2019,14634146,1,80.0,0.5,0,,complete
full,danny green,2020,15365853,1,68.0,0.8,0,,complete
full,danny green,2021,10000000,1,69.0,1.0,0,,complete
full,danny green,2022,2000000,1,62.0,1.0,0,,complete
full,danny green,2023,200000,1,8.0,1.0,0,,complete
full,danny wolf,2026,2941440,2,57.0,0.5,0,,complete
full,dariq whitehead,2024,3114240,2,2.0,0.5,0,,complete
full,dariq whitehead,2025,3262560,3,20.0,0.8,0,,complete
full,darius bazley,2020,2399160,2,61.0,0.5,0,,complete
full,darius bazley,2021,2513040,3,55.0,0.8,0,,complete
full,darius bazley,2022,4264629,1,69.0,1.0,0,,complete
full,darius bazley,2023,116075,1,36.0,1.0,0,,complete
full,darius garland,2020,6720720,2,59.0,0.5,0,,complete
full,darius garland,2021,7040880,3,54.0,0.8,0,,complete
full,darius garland,2022,8920795,1,68.0,1.0,0,,complete
full,darius garland,2023,34005250,1,69.0,1.0,0,,complete
full,darius garland,2024,36725670,2,57.0,1.0,0,,complete
full,darius garland,2025,39446090,3,75.0,1.0,0,,complete
full,darius garland,2026,42166510,4,26.0,1.0,0,,complete
full,darius miller,2019,7250000,1,69.0,0.5,0,,complete
full,darius miller,2020,7000000,1,0.0,0.8,4,lebron_z|laker_z|usage_pct|ast_pct,did_not_play
full,david nwaba,2019,1678854,1,51.0,0.5,0,,complete
full,david nwaba,2020,1824003,1,20.0,0.8,0,,complete
full,david nwaba,2021,4650000,1,30.0,1.0,0,,complete
full,david nwaba,2022,5022000,1,46.0,1.0,0,,complete
full,david roddy,2023,2718240,1,70.0,0.5,0,,complete
full,david roddy,2024,2847240,1,48.0,0.8,0,,complete
full,davion mitchell,2022,4833600,2,75.0,0.5,0,,complete
full,davion mitchell,2023,5063640,3,80.0,0.8,0,,complete
full,davion mitchell,2024,6451077,1,72.0,1.0,0,,complete
full,davion mitchell,2025,11600000,1,44.0,1.0,0,,complete
full,davion mitchell,2026,12400000,2,70.0,1.0,0,,complete
full,davon reed,2022,1902133,1,48.0,0.5,0,,complete
full,day'ron sharpe,2022,2109480,2,32.0,0.5,0,,complete
full,day'ron sharpe,2023,2210040,3,48.0,0.8,0,,complete
full,day'ron sharpe,2024,3989122,1,61.0,1.0,1,laker_z,partial_impact
full,day'ron sharpe,2025,6250000,1,50.0,1.0,0,,complete
full,day'ron sharpe,2026,10000000,1,62.0,1.0,0,,complete
full,de'aaron fox,2019,6392760,1,81.0,0.5,0,,complete
full,de'aaron fox,2020,8099627,1,51.0,0.8,0,,complete
full,de'aaron fox,2021,28103500,1,58.0,1.0,0,,complete
full,de'aaron fox,2022,30351780,2,59.0,1.0,0,,complete
full,de'aaron fox,2023,32600060,3,73.0,1.0,0,,complete
full,de'aaron fox,2024,34848340,4,74.0,1.0,0,,complete
full,de'aaron fox,2025,37096620,5,45.0,1.0,0,,complete
full,de'aaron fox,2026,49488300,1,72.0,1.0,0,,complete
full,de'andre hunter,2020,7422000,2,63.0,0.5,0,,complete
full,de'andre hunter,2021,7775400,3,23.0,0.8,0,,complete
full,de'andre hunter,2022,9835881,1,53.0,1.0,0,,complete
full,de'andre hunter,2023,20089286,1,67.0,1.0,1,laker_z,partial_impact
full,de'andre hunter,2024,21696429,2,57.0,1.0,0,,complete
full,de'andre hunter,2025,23303571,3,37.0,1.0,0,,complete
full,de'andre hunter,2026,24910714,4,43.0,1.0,0,,complete
full,de'anthony melton,2019,1416852,1,50.0,0.5,0,,complete
full,de'anthony melton,2020,9571712,1,60.0,0.8,0,,complete
full,de'anthony melton,2021,8805976,2,52.0,1.0,0,,complete
full,de'anthony melton,2022,8250000,3,73.0,1.0,0,,complete
full,de'anthony melton,2023,8000000,4,77.0,1.0,0,,complete
full,de'anthony melton,2024,12822000,1,38.0,1.0,0,,complete
full,de'anthony melton,2025,3080921,1,6.0,1.0,0,,complete
full,de'anthony melton,2026,3451779,2,49.0,1.0,0,,complete
full,dean wade,2020,1517981,1,12.0,0.5,0,,complete
full,dean wade,2021,1782621,1,63.0,0.8,0,,complete
full,dean wade,2022,1930681,2,51.0,1.0,0,,complete
full,dean wade,2023,5709877,1,44.0,1.0,1,laker_z,partial_impact
full,dean wade,2024,6166667,2,54.0,1.0,0,,complete
full,dean wade,2025,6623456,3,59.0,1.0,0,,complete
full,dean wade,2026,9000000,1,59.0,1.0,0,,complete
full,deandre ayton,2019,9562920,1,71.0,0.5,0,,complete
full,deandre ayton,2020,10018200,2,38.0,0.8,0,,complete
full,deandre ayton,2021,12632950,1,69.0,1.0,0,,complete
full,deandre ayton,2022,30913750,1,58.0,1.0,0,,complete
full,deandre ayton,2023,32459438,2,67.0,1.0,0,,complete
full,deandre ayton,2024,34005126,3,55.0,1.0,0,,complete
full,deandre ayton,2025,8104000,1,40.0,1.0,0,,complete
full,deandre ayton,2026,8104000,2,72.0,1.0,0,,complete
full,deandre jordan,2019,9881598,1,50.0,0.5,0,,complete
full,deandre jordan,2020,10375678,2,56.0,0.8,0,,complete
full,deandre jordan,2021,7875533,1,57.0,1.0,0,,complete
full,deandre jordan,2022,7827907,2,32.0,1.0,0,,complete
full,deandre jordan,2023,2019706,1,39.0,1.0,0,,complete
full,deandre jordan,2024,2087519,2,36.0,1.0,0,,complete
full,deandre jordan,2025,2269880,3,56.0,1.0,0,,complete
full,deandre jordan,2026,3876529,1,12.0,1.0,0,,complete
full,deandre' bembry,2019,2603982,1,82.0,0.5,0,,complete
full,deandre' bembry,2020,1737145,1,43.0,0.8,0,,complete
full,deandre' bembry,2021,1939350,1,51.0,1.0,0,,complete
full,deividas sirvydis,2021,1603559,1,20.0,0.5,0,,complete
full,dejounte murray,2019,2321735,1,0.0,0.5,4,lebron_z|laker_z|usage_pct|ast_pct,did_not_play
full,dejounte murray,2020,14286000,1,66.0,0.8,0,,complete
full,dejounte murray,2021,15428880,2,67.0,1.0,0,,complete
full,dejounte murray,2022,16571120,3,68.0,1.0,0,,complete
full,dejounte murray,2023,18214000,4,74.0,1.0,0,,complete
full,dejounte murray,2024,29517135,1,78.0,1.0,0,,complete
full,dejounte murray,2025,30801103,2,31.0,1.0,0,,complete
full,dejounte murray,2026,32785071,3,14.0,1.0,0,,complete
full,delon wright,2019,9473684,1,49.0,0.5,0,,complete
full,delon wright,2020,9000000,1,73.0,0.8,0,,complete
full,delon wright,2021,8526316,1,36.0,1.0,0,,complete
full,delon wright,2022,7804878,1,77.0,1.0,0,,complete
full,delon wright,2023,661628,1,50.0,1.0,0,,complete
full,delon wright,2024,2087519,1,33.0,1.0,0,,complete
full,demar derozan,2019,27739975,1,77.0,0.5,0,,complete
full,demar derozan,2020,27739975,2,68.0,0.8,0,,complete
full,demar derozan,2021,26000000,3,61.0,1.0,0,,complete
full,demar derozan,2022,27300000,4,76.0,1.0,0,,complete
full,demar derozan,2023,28600000,5,74.0,1.0,0,,complete
full,demar derozan,2024,23400000,1,79.0,1.0,0,,complete
full,demar derozan,2025,24570000,2,77.0,1.0,0,,complete
full,demarcus cousins,2019,3500000,1,30.0,0.5,0,,complete
full,demarcus cousins,2020,1620564,1,0.0,0.8,4,lebron_z|laker_z|usage_pct|ast_pct,did_not_play
full,demarcus cousins,2021,1138659,1,25.0,1.0,0,,complete
full,demarre carroll,2019,811447,1,67.0,0.5,0,,complete
full,demarre carroll,2020,6119676,1,9.0,0.8,0,,complete
full,demetrius jackson,2019,92857,1,6.0,0.5,0,,complete
full,deni avdija,2021,4692840,2,54.0,0.5,0,,complete
full,deni avdija,2022,4916160,3,82.0,0.8,0,,complete
full,deni avdija,2023,6263188,1,76.0,1.0,1,laker_z,partial_impact
full,deni avdija,2024,15625000,1,75.0,1.0,0,,complete
full,deni avdija,2025,14375000,2,72.0,1.0,0,,complete
full,deni avdija,2026,13125000,3,66.0,1.0,0,,complete
full,denzel valentine,2019,3377569,1,0.0,0.5,4,lebron_z|laker_z|usage_pct|ast_pct,did_not_play
full,denzel valentine,2020,4642800,1,36.0,0.8,0,,complete
full,denzel valentine,2021,902801,1,62.0,1.0,0,,complete
full,deonte burton,2019,1416852,1,32.0,0.5,1,lebron_z,partial_impact
full,dereck lively ii,2024,5014560,2,55.0,0.5,0,,complete
full,dereck lively ii,2025,5253360,3,36.0,0.8,0,,complete
full,dereck lively ii,2026,7239131,1,7.0,1.0,0,,complete
full,derik queen,2026,5416080,2,81.0,0.5,0,,complete
full,derrick favors,2019,17650000,1,76.0,0.5,0,,complete
full,derrick favors,2020,9258000,1,51.0,0.8,0,,complete
full,derrick favors,2021,9720900,1,68.0,1.0,0,,complete
full,derrick favors,2022,105522,1,39.0,1.0,0,,complete
full,derrick jones jr.,2019,1645357,1,60.0,0.5,0,,complete
full,derrick jones jr.,2020,9258000,1,59.0,0.8,0,,complete
full,derrick jones jr.,2021,9720900,2,58.0,1.0,0,,complete
full,derrick jones jr.,2022,3200000,1,51.0,1.0,0,,complete
full,derrick jones jr.,2023,3360000,2,64.0,1.0,0,,complete
full,derrick jones jr.,2024,9523810,1,76.0,1.0,0,,complete
full,derrick jones jr.,2025,10000000,2,77.0,1.0,0,,complete
full,derrick jones jr.,2026,10476190,3,50.0,1.0,0,,complete
full,derrick rose,2019,7317073,1,51.0,0.5,0,,complete
full,derrick rose,2020,7682926,1,50.0,0.8,0,,complete
full,derrick rose,2021,13445120,1,35.0,1.0,0,,complete
full,derrick rose,2022,14520730,2,26.0,1.0,0,,complete
full,derrick rose,2023,3196448,1,27.0,1.0,0,,complete
full,derrick white,2019,1948080,1,67.0,0.5,0,,complete
full,derrick white,2020,3516284,1,68.0,0.8,0,,complete
full,derrick white,2021,15178571,1,36.0,1.0,0,,complete
full,derrick white,2022,16892857,2,49.0,1.0,0,,complete
full,derrick white,2023,18357143,3,82.0,1.0,0,,complete
full,derrick white,2024,20071429,4,73.0,1.0,0,,complete
full,derrick white,2025,28100000,1,76.0,1.0,0,,complete
full,derrick white,2026,30348000,2,77.0,1.0,0,,complete
full,desmond bane,2021,2033160,2,68.0,0.5,0,,complete
full,desmond bane,2022,2130240,3,76.0,0.8,0,,complete
full,desmond bane,2023,3845083,1,58.0,1.0,0,,complete
full,desmond bane,2024,34005250,1,42.0,1.0,0,,complete
full,desmond bane,2025,36725670,2,69.0,1.0,0,,complete
full,desmond bane,2026,39446090,3,82.0,1.0,0,,complete
full,devin booker,2019,27285000,1,64.0,0.5,0,,complete
full,devin booker,2020,29467800,2,70.0,0.8,0,,complete
full,devin booker,2021,31650600,3,67.0,1.0,0,,complete
full,devin booker,2022,33833400,4,68.0,1.0,0,,complete
full,devin booker,2023,36016200,5,53.0,1.0,0,,complete
full,devin booker,2024,49205800,1,68.0,1.0,0,,complete
full,devin booker,2025,53142264,2,75.0,1.0,0,,complete
full,devin booker,2026,57078728,3,64.0,1.0,0,,complete
full,devin cannady,2021,185578,1,8.0,0.5,0,,complete
full,devin carter,2025,4923720,2,36.0,0.5,0,,complete
full,devin carter,2026,5158080,3,38.0,0.8,0,,complete
full,devin vassell,2021,4235160,2,62.0,0.5,0,,complete
full,devin vassell,2022,4437000,3,71.0,0.8,0,,complete
full,devin vassell,2023,5887899,1,38.0,1.0,0,,complete
full,devin vassell,2024,29347826,1,68.0,1.0,0,,complete
full,devin vassell,2025,27000000,2,64.0,1.0,0,,complete
full,devin vassell,2026,27000000,3,67.0,1.0,0,,complete
full,devontae cacok,2021,364533,1,20.0,0.5,0,,complete
full,devonte' graham,2019,1416852,1,46.0,0.5,0,,complete
full,devonte' graham,2020,1663861,1,63.0,0.8,0,,complete
full,devonte' graham,2021,11000000,1,55.0,1.0,0,,complete
full,devonte' graham,2022,11550000,1,76.0,1.0,0,,complete
full,devonte' graham,2023,12100000,2,20.0,1.0,0,,complete
full,devonte' graham,2024,2850000,1,23.0,1.0,0,,complete
full,dewayne dedmon,2019,13333333,1,64.0,0.5,0,,complete
full,dewayne dedmon,2020,2866667,1,34.0,0.8,0,,complete
full,dewayne dedmon,2021,2866667,2,16.0,1.0,0,,complete
full,dewayne dedmon,2022,2748674,3,67.0,1.0,0,,complete
full,dewayne dedmon,2023,2748674,4,30.0,1.0,0,,complete
full,didi louzada,2021,1786878,1,3.0,0.5,0,,complete
full,didi louzada,2022,268032,1,7.0,0.8,0,,complete
full,dillon brooks,2019,1618520,1,18.0,0.5,0,,complete
full,dillon brooks,2020,11400000,1,73.0,0.8,0,,complete
full,dillon brooks,2021,12200000,2,67.0,1.0,0,,complete
full,dillon brooks,2022,11400000,3,32.0,1.0,0,,complete
full,dillon brooks,2023,22627671,1,73.0,1.0,1,laker_z,partial_impact
full,dillon brooks,2024,22255493,2,72.0,1.0,0,,complete
full,dillon brooks,2025,21124110,3,75.0,1.0,0,,complete
full,dillon brooks,2026,19992727,4,56.0,1.0,0,,complete
full,dillon jones,2025,2753280,2,54.0,0.5,0,,complete
full,dion waiters,2019,503656,1,44.0,0.5,0,,complete
full,dion waiters,2020,12650000,1,7.0,0.8,0,,complete
full,domantas sabonis,2019,3529555,1,74.0,0.5,0,,complete
full,domantas sabonis,2020,19800000,1,62.0,0.8,0,,complete
full,domantas sabonis,2021,18500000,2,62.0,1.0,0,,complete
full,domantas sabonis,2022,18500000,3,47.0,1.0,0,,complete
full,domantas sabonis,2023,30600000,1,79.0,1.0,0,,complete
full,domantas sabonis,2024,40500000,1,82.0,1.0,0,,complete
full,domantas sabonis,2025,42336000,2,70.0,1.0,0,,complete
full,domantas sabonis,2026,45472000,3,19.0,1.0,0,,complete
full,dominick barlow,2023,455620,1,28.0,0.5,0,,complete
full,dominick barlow,2024,491887,2,33.0,0.8,0,,complete
full,dominick barlow,2025,3415000,1,35.0,1.0,0,,complete
full,dominick barlow,2026,3415000,2,71.0,1.0,0,,complete
full,donovan clingan,2025,7178400,2,67.0,0.5,0,,complete
full,donovan clingan,2026,7519920,3,77.0,0.8,0,,complete
full,donovan mitchell,2019,3635760,1,77.0,0.5,0,,complete
full,donovan mitchell,2020,5195501,1,69.0,0.8,0,,complete
full,donovan mitchell,2021,28103500,1,53.0,1.0,0,,complete
full,donovan mitchell,2022,30913750,2,67.0,1.0,0,,complete
full,donovan mitchell,2023,33162030,3,68.0,1.0,0,,complete
full,donovan mitchell,2024,35410310,4,55.0,1.0,0,,complete
full,donovan mitchell,2025,46394100,1,71.0,1.0,0,,complete
full,donovan mitchell,2026,50105628,2,70.0,1.0,0,,complete
full,donta hall,2020,277256,1,5.0,0.5,0,,complete
full,donte divincenzo,2019,2905800,1,27.0,0.5,0,,complete
full,donte divincenzo,2020,3044160,2,66.0,0.8,0,,complete
full,donte divincenzo,2021,4675830,1,66.0,1.0,0,,complete
full,donte divincenzo,2022,4500000,2,25.0,1.0,0,,complete
full,donte divincenzo,2023,10900000,1,72.0,1.0,0,,complete
full,donte divincenzo,2024,11445000,2,81.0,1.0,0,,complete
full,donte divincenzo,2025,11990000,3,62.0,1.0,0,,complete
full,donte divincenzo,2026,12535000,4,82.0,1.0,0,,complete
full,dorian finney-smith,2019,4000000,1,81.0,0.5,0,,complete
full,dorian finney-smith,2020,4000000,2,71.0,0.8,0,,complete
full,dorian finney-smith,2021,4000000,3,60.0,1.0,0,,complete
full,dorian finney-smith,2022,12939848,1,80.0,1.0,0,,complete
full,dorian finney-smith,2023,13932008,2,26.0,1.0,0,,complete
full,dorian finney-smith,2024,14924167,3,68.0,1.0,0,,complete
full,dorian finney-smith,2025,12700000,1,43.0,1.0,0,,complete
full,dorian finney-smith,2026,13335000,2,37.0,1.0,0,,complete
full,doug mcdermott,2019,7333334,1,77.0,0.5,0,,complete
full,doug mcdermott,2020,7333333,2,69.0,0.8,0,,complete
full,doug mcdermott,2021,13750000,1,66.0,1.0,0,,complete
full,doug mcdermott,2022,13750000,2,51.0,1.0,0,,complete
full,doug mcdermott,2023,13750000,3,64.0,1.0,0,,complete
full,doug mcdermott,2024,2087519,1,46.0,1.0,0,,complete
full,doug mcdermott,2025,2296274,2,42.0,1.0,0,,complete
full,dragan bender,2019,189702,1,46.0,0.5,0,,complete
full,drake powell,2026,3540600,2,63.0,0.5,0,,complete
full,draymond green,2019,18539130,1,66.0,0.5,0,,complete
full,draymond green,2020,22246956,1,43.0,0.8,0,,complete
full,draymond green,2021,24026712,2,63.0,1.0,0,,complete
full,draymond green,2022,25806468,3,46.0,1.0,0,,complete
full,draymond green,2023,22321429,1,73.0,1.0,0,,complete
full,draymond green,2024,24107143,2,55.0,1.0,0,,complete
full,draymond green,2025,25892857,3,68.0,1.0,0,,complete
full,draymond green,2026,27678571,4,68.0,1.0,0,,complete
full,drew eubanks,2020,1620564,1,22.0,0.5,0,,complete
full,drew eubanks,2021,1762796,2,54.0,0.8,0,,complete
full,drew eubanks,2022,1836090,3,22.0,1.0,0,,complete
full,drew eubanks,2023,2346614,1,78.0,1.0,1,laker_z,partial_impact
full,drew eubanks,2024,5000000,1,75.0,1.0,0,,complete
full,drew eubanks,2025,2296274,1,37.0,1.0,0,,complete
full,drew timme,2025,1955377,1,9.0,0.5,0,,complete
full,dru smith,2023,1801769,1,10.0,0.5,0,,complete
full,dru smith,2025,2378870,1,14.0,0.7,0,,complete
full,dru smith,2026,2584539,2,70.0,0.8,0,,complete
full,duncan robinson,2019,1416852,1,15.0,0.5,0,,complete
full,duncan robinson,2020,1663861,1,73.0,0.8,0,,complete
full,duncan robinson,2021,15560000,1,72.0,1.0,0,,complete
full,duncan robinson,2022,16902000,2,79.0,1.0,0,,complete
full,duncan robinson,2023,18154000,3,42.0,1.0,0,,complete
full,duncan robinson,2024,19406000,4,68.0,1.0,1,laker_z,partial_impact
full,duncan robinson,2025,16834692,1,74.0,1.0,0,,complete
full,duncan robinson,2026,15992957,2,77.0,1.0,0,,complete
full,duop reath,2024,2048780,2,68.0,0.5,0,,complete
full,duop reath,2025,2221677,3,46.0,0.8,0,,complete
full,dusty hannahs,2019,81678,1,2.0,0.5,0,,complete
full,dwayne bacon,2019,1618520,1,43.0,0.5,0,,complete
full,dwayne bacon,2020,1678854,1,39.0,0.8,0,,complete
full,dwight howard,2019,2564753,1,9.0,0.5,0,,complete
full,dwight howard,2020,1620564,1,69.0,0.8,0,,complete
full,dwight howard,2021,2641691,1,69.0,1.0,0,,complete
full,dwight powell,2019,10259375,1,77.0,0.5,0,,complete
full,dwight powell,2020,11080125,2,40.0,0.8,0,,complete
full,dwight powell,2021,11080125,3,58.0,1.0,0,,complete
full,dwight powell,2022,11080125,4,82.0,1.0,0,,complete
full,dwight powell,2023,4000000,1,76.0,1.0,0,,complete
full,dwight powell,2024,4000000,2,63.0,1.0,0,,complete
full,dwight powell,2025,4000000,3,55.0,1.0,0,,complete
full,dylan harper,2026,12989040,2,69.0,0.5,0,,complete
full,dylan windler,2020,2137440,2,0.0,0.5,4,lebron_z|laker_z|usage_pct|ast_pct,did_not_play
full,dylan windler,2021,2239200,3,31.0,0.8,0,,complete
full,dylan windler,2022,4037278,1,50.0,1.0,0,,complete
full,dylan windler,2023,2019706,1,3.0,1.0,0,,complete
full,dyson daniels,2023,5784120,2,59.0,0.5,0,,complete
full,dyson daniels,2024,6059520,3,61.0,0.8,0,,complete
full,dyson daniels,2025,7707709,1,76.0,1.0,0,,complete
full,dyson daniels,2026,25000000,1,76.0,1.0,0,,complete
full,e'twaun moore,2019,8664928,1,53.0,0.5,0,,complete
full,e'twaun moore,2020,1620564,1,56.0,0.8,0,,complete
full,e'twaun moore,2021,2641691,1,27.0,1.0,0,,complete
full,e.j. liddell,2023,1801769,1,0.0,0.5,4,lebron_z|laker_z|usage_pct|ast_pct,did_not_play
full,e.j. liddell,2024,706898,1,8.0,0.8,0,,complete
full,e.j. liddell,2025,706898,2,12.0,1.0,0,,complete
full,e.j. liddell,2026,706898,3,26.0,1.0,0,,complete
full,ed davis,2019,4767000,1,81.0,0.5,0,,complete
full,ed davis,2020,5005350,1,28.0,0.8,0,,complete
full,ed davis,2021,2641691,1,23.0,1.0,0,,complete
full,edmond sumner,2019,2000000,1,23.0,0.5,0,,complete
full,edmond sumner,2020,2160000,2,31.0,0.8,0,,complete
full,edmond sumner,2021,2320000,1,53.0,1.0,0,,complete
full,elfrid payton,2019,8000000,1,42.0,0.5,0,,complete
full,elfrid payton,2020,5767000,1,45.0,0.8,0,,complete
full,elfrid payton,2021,2239544,1,63.0,1.0,0,,complete
full,elie okobo,2019,1416852,1,53.0,0.5,0,,complete
full,elijah hughes,2021,1517981,1,18.0,0.5,0,,complete
full,emmanuel mudiay,2019,1737145,1,59.0,0.5,0,,complete
full,enes freedom,2019,4767000,1,44.0,0.5,0,,complete
full,enes freedom,2020,5005350,1,58.0,0.8,0,,complete
full,enes freedom,2021,2641691,1,72.0,1.0,0,,complete
full,eric bledsoe,2019,15625000,1,78.0,0.5,0,,complete
full,eric bledsoe,2020,16875000,1,61.0,0.8,0,,complete
full,eric bledsoe,2021,18125000,1,71.0,1.0,0,,complete
full,eric bledsoe,2022,1300000,1,54.0,1.0,0,,complete
full,eric gordon,2019,14057730,1,68.0,0.5,0,,complete
full,eric gordon,2020,16869276,1,36.0,0.8,0,,complete
full,eric gordon,2021,18218818,2,27.0,1.0,0,,complete
full,eric gordon,2022,19568360,3,57.0,1.0,0,,complete
full,eric gordon,2023,3196448,1,22.0,1.0,0,,complete
full,eric gordon,2024,3303771,2,68.0,1.0,1,laker_z,partial_impact
full,eric gordon,2025,2296274,1,39.0,1.0,0,,complete
full,eric paschall,2020,1517981,1,60.0,0.5,0,,complete
full,eric paschall,2021,1782621,1,40.0,0.8,0,,complete
full,eugene omoruyi,2022,269445,1,4.0,0.5,0,,complete
full,eugene omoruyi,2023,900000,1,23.0,0.8,0,,complete
full,evan fournier,2019,17000000,1,81.0,0.5,0,,complete
full,evan fournier,2020,17450000,1,66.0,0.8,0,,complete
full,evan fournier,2021,17142857,1,26.0,1.0,0,,complete
full,evan fournier,2022,18000000,2,80.0,1.0,0,,complete
full,evan fournier,2023,18857143,1,27.0,1.0,0,,complete
full,evan mobley,2022,8478720,2,69.0,0.5,0,,complete
full,evan mobley,2023,8882640,3,79.0,0.8,0,,complete
full,evan mobley,2024,11227657,1,50.0,1.0,0,,complete
full,evan mobley,2025,46394100,1,71.0,1.0,0,,complete
full,evan mobley,2026,50105628,2,65.0,1.0,0,,complete
full,evan turner,2019,18606557,1,73.0,0.5,0,,complete
full,facundo campazzo,2021,2975000,2,65.0,0.5,0,,complete
full,facundo campazzo,2022,464299,1,65.0,0.8,0,,complete
full,frank jackson,2019,1618520,1,61.0,0.5,1,lebron_z,partial_impact
full,frank jackson,2020,250000,1,59.0,0.8,1,lebron_z,partial_impact
full,frank jackson,2021,3000000,1,40.0,1.0,1,lebron_z,partial_impact
full,frank jackson,2022,105522,1,53.0,1.0,1,lebron_z,partial_impact
full,frank kaminsky,2019,4767000,1,47.0,0.5,0,,complete
full,frank kaminsky,2020,1620564,1,39.0,0.8,0,,complete
full,frank kaminsky,2021,2089448,1,47.0,1.0,0,,complete
full,frank kaminsky,2022,1836090,1,9.0,1.0,0,,complete
full,frank ntilikina,2019,4855800,1,43.0,0.5,0,,complete
full,frank ntilikina,2020,6176578,1,57.0,0.8,0,,complete
full,frank ntilikina,2021,1789256,1,33.0,1.0,0,,complete
full,frank ntilikina,2022,2036318,2,58.0,1.0,0,,complete
full,frank ntilikina,2023,2019706,1,47.0,1.0,0,,complete
full,franz wagner,2022,5258280,2,79.0,0.5,0,,complete
full,franz wagner,2023,5508720,3,80.0,0.8,0,,complete
full,franz wagner,2024,7007092,1,72.0,1.0,0,,complete
full,franz wagner,2025,38661750,1,60.0,1.0,0,,complete
full,franz wagner,2026,41754690,2,34.0,1.0,0,,complete
full,fred vanvleet,2019,9346153,1,64.0,0.5,0,,complete
full,fred vanvleet,2020,21250000,1,54.0,0.8,0,,complete
full,fred vanvleet,2021,19675926,2,52.0,1.0,0,,complete
full,fred vanvleet,2022,21250000,3,65.0,1.0,0,,complete
full,fred vanvleet,2023,40806300,1,69.0,1.0,0,,complete
full,fred vanvleet,2024,42846615,2,73.0,1.0,0,,complete
full,fred vanvleet,2025,25000000,1,60.0,1.0,0,,complete
full,fred vanvleet,2026,25000000,2,0.0,1.0,4,lebron_z|laker_z|usage_pct|ast_pct,did_not_play
full,freddie gillespie,2021,171156,1,20.0,0.5,0,,complete
full,furkan korkmaz,2019,1620564,1,48.0,0.5,0,,complete
full,furkan korkmaz,2020,1762796,2,72.0,0.8,0,,complete
full,furkan korkmaz,2021,4629630,1,55.0,1.0,0,,complete
full,furkan korkmaz,2022,5000000,2,67.0,1.0,0,,complete
full,furkan korkmaz,2023,5370370,1,37.0,1.0,0,,complete
full,gabe vincent,2021,1669178,1,50.0,0.5,0,,complete
full,gabe vincent,2022,1815677,2,68.0,0.8,0,,complete
full,gabe vincent,2023,10500000,1,68.0,1.0,0,,complete
full,gabe vincent,2024,11000000,2,11.0,1.0,0,,complete
full,gabe vincent,2025,11500000,3,72.0,1.0,0,,complete
full,gabriel deck,2021,1690507,1,10.0,0.5,0,,complete
full,garrett temple,2019,4767000,1,49.0,0.5,0,,complete
full,garrett temple,2020,4767000,2,62.0,0.8,0,,complete
full,garrett temple,2021,4910000,3,56.0,1.0,0,,complete
full,garrett temple,2022,5155500,4,59.0,1.0,0,,complete
full,garrett temple,2023,2019706,1,25.0,1.0,0,,complete
full,garrett temple,2024,2087519,2,27.0,1.0,0,,complete
full,garrett temple,2025,2296274,3,28.0,1.0,0,,complete
full,garrison mathews,2021,2000000,1,64.0,0.5,0,,complete
full,garrison mathews,2022,2000000,2,65.0,0.8,0,,complete
full,garrison mathews,2023,2000000,3,54.0,1.0,1,laker_z,partial_impact
full,garrison mathews,2024,2230253,4,66.0,1.0,0,,complete
full,garrison mathews,2025,429325,1,47.0,1.0,0,,complete
full,gary clark,2019,708426,1,51.0,0.5,0,,complete
full,gary clark,2020,2000000,1,24.0,0.8,0,,complete
full,gary clark,2021,377645,1,35.0,1.0,0,,complete
full,gary harris,2019,17839286,1,57.0,0.5,0,,complete
full,gary harris,2020,19160714,2,56.0,0.8,0,,complete
full,gary harris,2021,20482143,3,19.0,1.0,0,,complete
full,gary harris,2022,13000000,1,61.0,1.0,0,,complete
full,gary harris,2023,13000000,2,48.0,1.0,0,,complete
full,gary harris,2024,7500000,1,54.0,1.0,0,,complete
full,gary harris,2025,3634153,1,48.0,1.0,0,,complete
full,gary harris,2026,3815861,2,48.0,1.0,0,,complete
full,gary payton ii,2019,1090781,1,3.0,0.5,0,,complete
full,gary payton ii,2020,233894,1,29.0,0.8,0,,complete
full,gary payton ii,2021,1939350,1,10.0,1.0,0,,complete
full,gary payton ii,2022,8300000,1,71.0,1.0,0,,complete
full,gary payton ii,2023,8715000,2,15.0,1.0,0,,complete
full,gary payton ii,2024,9130000,3,44.0,1.0,0,,complete
full,gary payton ii,2025,2296274,1,62.0,1.0,0,,complete
full,gary trent jr.,2019,1416852,1,15.0,0.5,1,laker_z,partial_impact
full,gary trent jr.,2020,1663861,1,61.0,0.8,1,laker_z,partial_impact
full,gary trent jr.,2021,16000000,1,58.0,1.0,1,laker_z,partial_impact
full,gary trent jr.,2022,17505000,2,70.0,1.0,1,laker_z,partial_impact
full,gary trent jr.,2023,18560000,3,66.0,1.0,1,laker_z,partial_impact
full,gary trent jr.,2024,2087519,1,71.0,1.0,1,laker_z,partial_impact
full,gary trent jr.,2025,3697105,1,74.0,1.0,1,laker_z,partial_impact
full,gary trent jr.,2026,15200000,1,65.0,1.0,1,laker_z,partial_impact
full,george hill,2019,10133907,1,47.0,0.5,0,,complete
full,george hill,2020,9590602,1,59.0,0.8,0,,complete
full,george hill,2021,4000000,1,14.0,1.0,0,,complete
full,george hill,2022,4000000,1,54.0,1.0,0,,complete
full,georges niang,2019,1678854,1,59.0,0.5,0,,complete
full,georges niang,2020,1783557,2,66.0,0.8,0,,complete
full,georges niang,2021,3300000,1,72.0,1.0,0,,complete
full,georges niang,2022,3465000,2,76.0,1.0,0,,complete
full,georges niang,2023,8800000,1,78.0,1.0,0,,complete
full,georges niang,2024,8500000,2,82.0,1.0,0,,complete
full,georges niang,2025,8200000,3,51.0,1.0,0,,complete
full,gerald green,2019,2564753,1,73.0,0.5,0,,complete
full,giannis antetokounmpo,2019,25842697,1,72.0,0.5,0,,complete
full,giannis antetokounmpo,2020,27528088,2,63.0,0.8,0,,complete
full,giannis antetokounmpo,2021,39344970,1,61.0,1.0,0,,complete
full,giannis antetokounmpo,2022,42492492,2,67.0,1.0,0,,complete
full,giannis antetokounmpo,2023,45640084,3,63.0,1.0,0,,complete
full,giannis antetokounmpo,2024,48787676,4,73.0,1.0,0,,complete
full,giannis antetokounmpo,2025,54126450,5,67.0,1.0,0,,complete
full,giannis antetokounmpo,2026,58456566,6,36.0,1.0,0,,complete
full,goga bitadze,2020,2957520,2,54.0,0.5,0,,complete
full,goga bitadze,2021,3098400,3,45.0,0.8,0,,complete
full,goga bitadze,2022,4765339,1,50.0,1.0,0,,complete
full,goga bitadze,2023,2066585,1,17.0,1.0,0,,complete
full,goga bitadze,2024,9057971,1,62.0,1.0,0,,complete
full,goga bitadze,2025,8333333,2,70.0,1.0,0,,complete
full,goga bitadze,2026,7608696,3,64.0,1.0,0,,complete
full,gordon hayward,2019,32700690,1,72.0,0.5,0,,complete
full,gordon hayward,2020,28500000,1,52.0,0.8,0,,complete
full,gordon hayward,2021,29925000,2,44.0,1.0,0,,complete
full,gordon hayward,2022,30075000,3,49.0,1.0,0,,complete
full,gordon hayward,2023,33319397,1,50.0,1.0,0,,complete
full,gorgui dieng,2019,16229213,1,76.0,0.5,0,,complete
full,gorgui dieng,2020,16587688,2,46.0,0.8,0,,complete
full,gorgui dieng,2021,4000000,1,22.0,1.0,0,,complete
full,gorgui dieng,2022,1836090,1,44.0,1.0,0,,complete
full,gradey dick,2024,4763760,2,60.0,0.5,0,,complete
full,gradey dick,2025,4990560,3,54.0,0.8,0,,complete
full,gradey dick,2026,7131511,1,76.0,1.0,0,,complete
full,grant williams,2020,2498760,2,69.0,0.5,0,,complete
full,grant williams,2021,2617800,3,63.0,0.8,0,,complete
full,grant williams,2022,4306281,1,77.0,1.0,0,,complete
full,grant williams,2023,12405000,1,79.0,1.0,1,laker_z,partial_impact
full,grant williams,2024,13025250,2,47.0,1.0,0,,complete
full,grant williams,2025,13645500,3,16.0,1.0,0,,complete
full,grant williams,2026,14265750,4,36.0,1.0,0,,complete
full,grayson allen,2019,2277563,1,38.0,0.5,0,,complete
full,grayson allen,2020,2545320,2,38.0,0.8,0,,complete
full,grayson allen,2021,4054695,1,50.0,1.0,0,,complete
full,grayson allen,2022,8500000,1,66.0,1.0,0,,complete
full,grayson allen,2023,8925000,2,72.0,1.0,0,,complete
full,grayson allen,2024,15625000,1,75.0,1.0,0,,complete
full,grayson allen,2025,16875000,2,64.0,1.0,0,,complete
full,grayson allen,2026,18125000,3,51.0,1.0,0,,complete
full,guerschon yabusele,2019,1039080,1,41.0,0.5,0,,complete
full,guerschon yabusele,2025,5500000,1,70.0,0.5,0,,complete
full,gui santos,2024,1891857,1,23.0,0.5,0,,complete
full,gui santos,2025,2221677,1,56.0,0.8,0,,complete
full,gui santos,2026,4629630,1,68.0,1.0,0,,complete
full,hamidou diallo,2019,1416852,1,51.0,0.5,0,,complete
full,hamidou diallo,2020,1663861,1,46.0,0.8,0,,complete
full,hamidou diallo,2021,5200000,1,32.0,1.0,0,,complete
full,hamidou diallo,2022,5200000,2,58.0,1.0,0,,complete
full,hamidou diallo,2023,116075,1,56.0,1.0,0,,complete
full,harrison barnes,2019,24147727,1,49.0,0.5,0,,complete
full,harrison barnes,2020,22215909,2,72.0,0.8,0,,complete
full,harrison barnes,2021,20284091,3,58.0,1.0,0,,complete
full,harrison barnes,2022,18352273,4,77.0,1.0,0,,complete
full,harrison barnes,2023,17000000,5,82.0,1.0,0,,complete
full,harrison barnes,2024,18000000,6,82.0,1.0,0,,complete
full,harrison barnes,2025,19000000,7,82.0,1.0,0,,complete
full,harrison barnes,2026,8000000,1,77.0,1.0,0,,complete
full,hassan whiteside,2019,27093018,1,72.0,0.5,0,,complete
full,hassan whiteside,2020,1620564,1,67.0,0.8,0,,complete
full,hassan whiteside,2021,2401537,1,36.0,1.0,0,,complete
full,haywood highsmith,2022,1752638,1,19.0,0.5,0,,complete
full,haywood highsmith,2023,1902137,2,54.0,0.8,0,,complete
full,haywood highsmith,2024,5200000,1,66.0,1.0,0,,complete
full,haywood highsmith,2025,5616000,2,74.0,1.0,0,,complete
full,haywood highsmith,2026,3018158,1,7.0,1.0,0,,complete
full,henry ellenson,2020,160998,1,5.0,0.5,0,,complete
full,herbert jones,2022,1785000,2,78.0,0.5,0,,complete
full,herbert jones,2023,12015150,1,66.0,0.8,0,,complete
full,herbert jones,2024,12976362,2,76.0,1.0,0,,complete
full,herbert jones,2025,13937574,3,20.0,1.0,0,,complete
full,herbert jones,2026,14898786,4,56.0,1.0,0,,complete
full,hugo gonzalez,2026,2923560,2,74.0,0.5,0,,complete
full,hunter tyson,2024,1891857,1,18.0,0.5,0,,complete
full,hunter tyson,2025,2221677,1,51.0,0.8,0,,complete
full,ian mahinmi,2019,15450051,1,34.0,0.5,0,,complete
full,ignas brazdeikis,2020,148530,1,9.0,0.5,0,,complete
full,iman shumpert,2019,419443,1,42.0,0.5,0,,complete
full,iman shumpert,2020,558153,1,13.0,0.8,0,,complete
full,immanuel quickley,2021,2210640,2,64.0,0.5,0,,complete
full,immanuel quickley,2022,2316240,3,78.0,0.8,0,,complete
full,immanuel quickley,2023,4171548,1,81.0,1.0,0,,complete
full,immanuel quickley,2024,32500000,1,38.0,1.0,0,,complete
full,immanuel quickley,2025,32500000,2,33.0,1.0,0,,complete
full,immanuel quickley,2026,32500000,3,70.0,1.0,0,,complete
full,isaac bonga,2019,1416852,1,22.0,0.5,0,,complete
full,isaac bonga,2020,1663861,1,66.0,0.8,0,,complete
full,isaac bonga,2021,1729217,1,40.0,1.0,0,,complete
full,isaac jones,2025,1955377,1,40.0,0.5,0,,complete
full,isaac okoro,2021,6720720,2,67.0,0.5,0,,complete
full,isaac okoro,2022,7040880,3,67.0,0.8,0,,complete
full,isaac okoro,2023,8920795,1,76.0,1.0,0,,complete
full,isaac okoro,2024,10185186,2,69.0,1.0,0,,complete
full,isaac okoro,2025,11000000,3,55.0,1.0,0,,complete
full,isaac okoro,2026,11814814,4,63.0,1.0,0,,complete
full,isaiah collier,2025,2638200,2,71.0,0.5,0,,complete
full,isaiah collier,2026,2763960,3,59.0,0.8,0,,complete
full,isaiah hartenstein,2019,1416852,1,28.0,0.5,0,,complete
full,isaiah hartenstein,2020,1620564,2,23.0,0.8,0,,complete
full,isaiah hartenstein,2021,1729217,3,16.0,1.0,0,,complete
full,isaiah hartenstein,2022,7804879,1,68.0,1.0,0,,complete
full,isaiah hartenstein,2023,9245121,1,82.0,1.0,1,laker_z,partial_impact
full,isaiah hartenstein,2024,30000000,1,75.0,1.0,0,,complete
full,isaiah hartenstein,2025,28500000,2,57.0,1.0,0,,complete
full,isaiah hartenstein,2026,23148148,1,47.0,1.0,0,,complete
full,isaiah jackson,2022,2573760,2,36.0,0.5,0,,complete
full,isaiah jackson,2023,2696280,3,63.0,0.8,1,laker_z,partial_impact
full,isaiah jackson,2024,4435381,1,59.0,1.0,0,,complete
full,isaiah jackson,2025,7600000,1,5.0,1.0,0,,complete
full,isaiah jackson,2026,7000000,2,38.0,1.0,0,,complete
full,isaiah joe,2021,1517981,1,41.0,0.5,0,,complete
full,isaiah joe,2022,1836090,1,55.0,0.8,0,,complete
full,isaiah joe,2023,1997238,2,73.0,1.0,0,,complete
full,isaiah joe,2024,12991650,1,78.0,1.0,0,,complete
full,isaiah joe,2025,12362338,2,74.0,1.0,0,,complete
full,isaiah joe,2026,11323006,3,71.0,1.0,0,,complete
full,isaiah livers,2022,1563518,1,19.0,0.5,0,,complete
full,isaiah livers,2023,1836096,1,52.0,0.8,0,,complete
full,isaiah mobley,2024,11997,1,10.0,0.5,0,,complete
full,isaiah roby,2020,1517981,2,3.0,0.5,0,,complete
full,isaiah roby,2021,1782621,1,61.0,0.8,0,,complete
full,isaiah roby,2022,400000,1,45.0,1.0,0,,complete
full,isaiah stewart,2021,3277080,2,68.0,0.5,0,,complete
full,isaiah stewart,2022,3433320,3,71.0,0.8,0,,complete
full,isaiah stewart,2023,5266713,1,50.0,1.0,0,,complete
full,isaiah stewart,2024,15000000,1,46.0,1.0,0,,complete
full,isaiah stewart,2025,15000000,2,72.0,1.0,0,,complete
full,isaiah stewart,2026,15000000,3,58.0,1.0,0,,complete
full,isaiah thomas,2019,2320044,1,12.0,0.5,0,,complete
full,isaiah thomas,2020,110998,1,40.0,0.8,0,,complete
full,isaiah thomas,2021,552077,1,3.0,1.0,0,,complete
full,isaiah todd,2022,1575000,2,12.0,0.5,0,,complete
full,isaiah todd,2023,1836096,1,6.0,0.8,0,,complete
full,ish smith,2019,6000000,1,56.0,0.5,0,,complete
full,ish smith,2020,6000000,2,68.0,0.8,0,,complete
full,ish smith,2021,4500000,1,44.0,1.0,0,,complete
full,ish smith,2022,4725000,1,28.0,1.0,0,,complete
full,ish smith,2023,2019706,1,43.0,1.0,0,,complete
full,ish wainright,2022,474851,1,45.0,0.5,0,,complete
full,ish wainright,2023,1927896,1,60.0,0.8,0,,complete
full,ivan rabb,2019,371758,1,49.0,0.5,0,,complete
full,ivica zubac,2019,6481482,1,26.0,0.5,0,,complete
full,ivica zubac,2020,7000000,2,72.0,0.8,0,,complete
full,ivica zubac,2021,7518518,3,72.0,1.0,0,,complete
full,ivica zubac,2022,10123457,1,76.0,1.0,0,,complete
full,ivica zubac,2023,10933333,2,76.0,1.0,1,laker_z,partial_impact
full,ivica zubac,2024,11743210,3,68.0,1.0,1,laker_z,partial_impact
full,ivica zubac,2025,18893980,1,80.0,1.0,0,,complete
full,ivica zubac,2026,20342140,2,43.0,1.0,0,,complete
full,j.j. barea,2019,2564753,1,38.0,0.5,0,,complete
full,j.j. barea,2020,1620564,1,29.0,0.8,0,,complete
full,j.p. macura,2019,106184,1,2.0,0.5,1,laker_z,partial_impact
full,ja morant,2020,9166800,2,67.0,0.5,0,,complete
full,ja morant,2021,9603360,3,63.0,0.8,0,,complete
full,ja morant,2022,12119440,1,57.0,1.0,0,,complete
full,ja morant,2023,34005250,1,61.0,1.0,0,,complete
full,ja morant,2024,36725670,2,9.0,1.0,0,,complete
full,ja morant,2025,39446090,3,50.0,1.0,0,,complete
full,ja morant,2026,42166510,4,20.0,1.0,0,,complete
full,ja'kobe walter,2025,3638160,2,52.0,0.5,0,,complete
full,ja'kobe walter,2026,3811800,3,72.0,0.8,0,,complete
full,jabari parker,2019,6500000,1,39.0,0.5,0,,complete
full,jabari parker,2020,430729,1,32.0,0.8,0,,complete
full,jabari parker,2021,1168288,1,10.0,1.0,0,,complete
full,jabari smith jr.,2023,9326520,2,79.0,0.5,1,laker_z,partial_impact
full,jabari smith jr.,2024,9770880,3,76.0,0.8,1,laker_z,partial_impact
full,jabari smith jr.,2025,12350392,1,57.0,1.0,1,laker_z,partial_impact
full,jabari smith jr.,2026,23643411,1,77.0,1.0,1,laker_z,partial_impact
full,jabari walker,2023,1719864,1,56.0,0.5,0,,complete
full,jabari walker,2024,2019699,1,72.0,0.8,0,,complete
full,jabari walker,2025,724598,1,60.0,1.0,0,,complete
full,jabari walker,2026,2584539,1,64.0,1.0,0,,complete
full,jack white,2023,62130,1,17.0,0.5,1,laker_z,partial_impact
full,jacob evans,2019,1925880,1,30.0,0.5,0,,complete
full,jacob evans,2020,2017320,1,27.0,0.8,0,,complete
full,jaden hardy,2023,1719864,1,48.0,0.5,1,laker_z,partial_impact
full,jaden hardy,2024,2019699,1,73.0,0.8,0,,complete
full,jaden hardy,2025,6000000,1,57.0,1.0,0,,complete
full,jaden hardy,2026,6000000,2,23.0,1.0,0,,complete
full,jaden ivey,2023,7614480,2,74.0,0.5,0,,complete
full,jaden ivey,2024,7977240,3,77.0,0.8,0,,complete
full,jaden ivey,2025,10107163,1,30.0,1.0,0,,complete
full,jaden mcdaniels,2021,2063280,2,63.0,0.5,0,,complete
full,jaden mcdaniels,2022,2161440,3,70.0,0.8,0,,complete
full,jaden mcdaniels,2023,3901399,1,79.0,1.0,0,,complete
full,jaden mcdaniels,2024,23017242,1,72.0,1.0,0,,complete
full,jaden mcdaniels,2025,24393104,2,82.0,1.0,0,,complete
full,jaden mcdaniels,2026,26200001,3,73.0,1.0,0,,complete
full,jaden springer,2022,2125200,2,2.0,0.5,0,,complete
full,jaden springer,2023,2226240,1,16.0,0.8,0,,complete
full,jaden springer,2024,4018363,1,32.0,1.0,0,,complete
full,jaden springer,2025,70732,1,17.0,1.0,0,,complete
full,jae crowder,2019,7815533,1,80.0,0.5,0,,complete
full,jae crowder,2020,9258000,1,45.0,0.8,0,,complete
full,jae crowder,2021,9720900,2,60.0,1.0,0,,complete
full,jae crowder,2022,10183800,1,67.0,1.0,0,,complete
full,jae crowder,2023,2019706,1,18.0,1.0,0,,complete
full,jae crowder,2024,1655619,1,50.0,1.0,0,,complete
full,jae'sean tate,2021,1517981,2,70.0,0.5,0,,complete
full,jae'sean tate,2022,7065217,1,78.0,0.8,0,,complete
full,jae'sean tate,2023,6500000,2,31.0,1.0,1,laker_z,partial_impact
full,jae'sean tate,2024,7565217,1,65.0,1.0,0,,complete
full,jae'sean tate,2025,2296274,1,52.0,1.0,0,,complete
full,jahlil okafor,2019,1702486,1,59.0,0.5,0,,complete
full,jahlil okafor,2020,1882867,1,30.0,0.8,0,,complete
full,jahlil okafor,2021,2130023,1,27.0,1.0,0,,complete
full,jahmi'us ramsey,2021,1517981,1,13.0,0.5,0,,complete
full,jaime jaquez jr.,2024,3685800,2,75.0,0.5,0,,complete
full,jaime jaquez jr.,2025,3861600,3,66.0,0.8,0,,complete
full,jaime jaquez jr.,2026,5939141,1,75.0,1.0,0,,complete
full,jakarr sampson,2019,1737145,1,4.0,0.5,0,,complete
full,jakarr sampson,2020,1620564,2,34.0,0.8,0,,complete
full,jake laravia,2023,3199920,2,35.0,0.5,0,,complete
full,jake laravia,2024,3352680,3,35.0,0.8,0,,complete
full,jake laravia,2025,6000000,1,47.0,1.0,0,,complete
full,jake laravia,2026,6000000,2,82.0,1.0,0,,complete
full,jake layman,2019,3581986,1,71.0,0.5,0,,complete
full,jake layman,2020,3761085,2,23.0,0.8,0,,complete
full,jake layman,2021,3940184,3,45.0,1.0,0,,complete
full,jakob poeltl,2019,3754886,1,77.0,0.5,0,,complete
full,jakob poeltl,2020,8101852,1,66.0,0.8,0,,complete
full,jakob poeltl,2021,8750000,2,69.0,1.0,0,,complete
full,jakob poeltl,2022,9398148,3,68.0,1.0,0,,complete
full,jakob poeltl,2023,19500000,1,26.0,1.0,0,,complete
full,jakob poeltl,2024,19500000,2,50.0,1.0,1,laker_z,partial_impact
full,jakob poeltl,2025,19500000,3,57.0,1.0,0,,complete
full,jakob poeltl,2026,19500000,4,46.0,1.0,0,,complete
full,jalen brunson,2019,1416852,1,73.0,0.5,0,,complete
full,jalen brunson,2020,1663861,1,57.0,0.8,0,,complete
full,jalen brunson,2021,1802057,2,68.0,1.0,0,,complete
full,jalen brunson,2022,27733332,1,79.0,1.0,0,,complete
full,jalen brunson,2023,26346666,2,68.0,1.0,0,,complete
full,jalen brunson,2024,24960001,3,77.0,1.0,0,,complete
full,jalen brunson,2025,34944001,1,65.0,1.0,0,,complete
full,jalen brunson,2026,37739521,2,74.0,1.0,0,,complete
full,jalen duren,2023,4330680,2,67.0,0.5,1,laker_z,partial_impact
full,jalen duren,2024,4536840,3,61.0,0.8,0,,complete
full,jalen duren,2025,6483144,1,78.0,1.0,0,,complete
full,jalen green,2022,9441840,2,67.0,0.5,0,,complete
full,jalen green,2023,9891480,3,76.0,0.8,1,laker_z,partial_impact
full,jalen green,2024,12483048,1,82.0,1.0,0,,complete
full,jalen green,2025,33584499,1,82.0,1.0,0,,complete
full,jalen green,2026,36251166,2,32.0,1.0,0,,complete
full,jalen hood-schifino,2024,3879840,1,21.0,0.5,0,,complete
full,jalen johnson,2022,2792640,2,22.0,0.5,0,,complete
full,jalen johnson,2023,2925360,3,70.0,0.8,0,,complete
full,jalen johnson,2024,4510905,1,56.0,1.0,0,,complete
full,jalen johnson,2025,30000000,1,36.0,1.0,0,,complete
full,jalen johnson,2026,30000000,2,72.0,1.0,0,,complete
full,jalen lecque,2020,1517981,1,5.0,0.5,0,,complete
full,jalen mcdaniels,2020,1517981,1,16.0,0.5,0,,complete
full,jalen mcdaniels,2021,1782621,1,47.0,0.8,0,,complete
full,jalen mcdaniels,2022,1930681,1,55.0,1.0,0,,complete
full,jalen mcdaniels,2023,4516000,1,24.0,1.0,0,,complete
full,jalen mcdaniels,2024,4741800,1,50.0,1.0,0,,complete
full,jalen pickett,2024,1891857,2,27.0,0.5,0,,complete
full,jalen pickett,2025,2221677,1,49.0,0.8,0,,complete
full,jalen pickett,2026,2406205,2,50.0,1.0,0,,complete
full,jalen smith,2021,4458000,2,27.0,0.5,0,,complete
full,jalen smith,2022,4670160,3,22.0,0.8,0,,complete
full,jalen smith,2023,5043773,4,68.0,1.0,0,,complete
full,jalen smith,2024,8571429,1,61.0,1.0,0,,complete
full,jalen smith,2025,9000000,2,64.0,1.0,0,,complete
full,jalen smith,2026,9428571,3,53.0,1.0,0,,complete
full,jalen suggs,2022,6922320,2,48.0,0.5,0,,complete
full,jalen suggs,2023,7252080,3,53.0,0.8,0,,complete
full,jalen suggs,2024,9188385,1,75.0,1.0,0,,complete
full,jalen suggs,2025,35000000,1,35.0,1.0,0,,complete
full,jalen suggs,2026,32400000,2,57.0,1.0,0,,complete
full,jalen williams,2023,4558680,2,75.0,0.5,0,,complete
full,jalen williams,2024,4775760,3,71.0,0.8,0,,complete
full,jalen williams,2025,6580997,1,69.0,1.0,0,,complete
full,jalen williams,2026,41240250,1,33.0,1.0,0,,complete
full,jalen wilson,2024,1891857,1,43.0,0.5,0,,complete
full,jalen wilson,2025,2221677,1,79.0,0.8,0,,complete
full,jamal crawford,2019,289803,1,64.0,0.5,0,,complete
full,jamal murray,2019,4444746,1,75.0,0.5,0,,complete
full,jamal murray,2020,27285000,1,59.0,0.8,0,,complete
full,jamal murray,2021,29467800,2,48.0,1.0,0,,complete
full,jamal murray,2022,31650600,3,0.0,1.0,4,lebron_z|laker_z|usage_pct|ast_pct,did_not_play
full,jamal murray,2023,33833400,4,65.0,1.0,0,,complete
full,jamal murray,2024,36016200,5,59.0,1.0,0,,complete
full,jamal murray,2025,46394100,1,67.0,1.0,0,,complete
full,jamal murray,2026,50105628,2,75.0,1.0,0,,complete
full,jamal shead,2025,1955377,2,75.0,0.5,0,,complete
full,jamal shead,2026,2296271,1,82.0,0.8,0,,complete
full,jamaree bouyea,2026,2584539,1,46.0,0.5,0,,complete
full,james bouknight,2022,4362240,2,31.0,0.5,0,,complete
full,james bouknight,2023,4570080,3,34.0,0.8,0,,complete
full,james harden,2019,38199000,1,78.0,0.5,0,,complete
full,james harden,2020,41254920,2,68.0,0.8,0,,complete
full,james harden,2021,44310840,3,36.0,1.0,0,,complete
full,james harden,2022,33000000,1,44.0,1.0,0,,complete
full,james harden,2023,35680595,2,58.0,1.0,0,,complete
full,james harden,2024,33653846,3,72.0,1.0,0,,complete
full,james harden,2025,39182693,1,79.0,1.0,0,,complete
full,james harden,2026,42317307,2,44.0,1.0,0,,complete
full,james johnson,2019,15349400,1,55.0,0.5,0,,complete
full,james johnson,2020,16047100,1,14.0,0.8,0,,complete
full,james johnson,2021,2641691,1,22.0,1.0,0,,complete
full,james johnson,2022,1836090,1,62.0,1.0,0,,complete
full,james johnson,2023,2241188,1,18.0,1.0,0,,complete
full,james johnson,2024,2087519,2,9.0,1.0,0,,complete
full,james wiseman,2021,9166800,2,39.0,0.5,0,,complete
full,james wiseman,2022,9603360,3,0.0,0.8,4,lebron_z|laker_z|usage_pct|ast_pct,did_not_play
full,james wiseman,2023,12119440,1,24.0,1.0,0,,complete
full,james wiseman,2024,2237691,1,63.0,1.0,0,,complete
full,james wiseman,2025,1131970,1,1.0,1.0,0,,complete
full,jamison battle,2025,1955377,1,59.0,0.5,0,,complete
full,jamison battle,2026,2296271,1,61.0,0.8,0,,complete
full,jamychal green,2019,4767000,1,41.0,0.5,0,,complete
full,jamychal green,2020,7199760,1,63.0,0.8,0,,complete
full,jamychal green,2021,8200000,2,58.0,1.0,0,,complete
full,jamychal green,2022,1836090,1,67.0,1.0,0,,complete
full,jarace walker,2024,6362520,2,33.0,0.5,0,,complete
full,jarace walker,2025,6665520,3,75.0,0.8,0,,complete
full,jarace walker,2026,8478542,1,76.0,1.0,0,,complete
full,jared butler,2022,1563518,1,42.0,0.5,0,,complete
full,jared butler,2023,1250000,1,6.0,0.8,1,laker_z,partial_impact
full,jared butler,2024,745726,1,40.0,1.0,0,,complete
full,jared dudley,2019,2564753,1,59.0,0.5,0,,complete
full,jared dudley,2020,1620564,1,45.0,0.8,0,,complete
full,jared harper,2020,99020,1,3.0,0.5,1,laker_z,partial_impact
full,jared harper,2021,95930,1,8.0,0.8,1,laker_z,partial_impact
full,jared mccain,2025,4221360,2,23.0,0.5,0,,complete
full,jared mccain,2026,4422600,3,37.0,0.8,0,,complete
full,jaren jackson jr.,2019,6927480,1,58.0,0.5,1,laker_z,partial_impact
full,jaren jackson jr.,2020,7257360,2,57.0,0.8,1,laker_z,partial_impact
full,jaren jackson jr.,2021,9180560,1,11.0,1.0,1,laker_z,partial_impact
full,jaren jackson jr.,2022,28946605,1,78.0,1.0,1,laker_z,partial_impact
full,jaren jackson jr.,2023,27102202,2,63.0,1.0,1,laker_z,partial_impact
full,jaren jackson jr.,2024,25257798,3,66.0,1.0,1,laker_z,partial_impact
full,jaren jackson jr.,2025,35000000,1,74.0,1.0,1,laker_z,partial_impact
full,jaren jackson jr.,2026,49000000,1,48.0,1.0,1,laker_z,partial_impact
full,jarred vanderbilt,2019,1416852,1,17.0,0.5,0,,complete
full,jarred vanderbilt,2020,1663861,1,9.0,0.8,0,,complete
full,jarred vanderbilt,2021,4000000,1,64.0,1.0,0,,complete
full,jarred vanderbilt,2022,4374000,2,74.0,1.0,0,,complete
full,jarred vanderbilt,2023,4698000,3,52.0,1.0,0,,complete
full,jarred vanderbilt,2024,10714286,1,29.0,1.0,1,laker_z,partial_impact
full,jarred vanderbilt,2025,11571429,2,36.0,1.0,0,,complete
full,jarred vanderbilt,2026,12428571,3,65.0,1.0,0,,complete
full,jarrell brantley,2021,84414,1,28.0,0.5,0,,complete
full,jarrett allen,2019,2376840,1,80.0,0.5,0,,complete
full,jarrett allen,2020,3909902,1,70.0,0.8,0,,complete
full,jarrett allen,2021,20000000,1,51.0,1.0,0,,complete
full,jarrett allen,2022,20000000,2,56.0,1.0,0,,complete
full,jarrett allen,2023,20000000,3,68.0,1.0,0,,complete
full,jarrett allen,2024,20000000,4,77.0,1.0,0,,complete
full,jarrett allen,2025,20000000,5,82.0,1.0,0,,complete
full,jarrett allen,2026,28000000,1,56.0,1.0,0,,complete
full,jarrett culver,2020,6104280,2,63.0,0.5,0,,complete
full,jarrett culver,2021,6395160,1,34.0,0.8,0,,complete
full,jase richardson,2026,3132360,2,54.0,0.5,0,,complete
full,jason preston,2022,1563518,1,0.0,0.5,4,lebron_z|laker_z|usage_pct|ast_pct,did_not_play
full,javale mcgee,2019,4000000,1,75.0,0.5,0,,complete
full,javale mcgee,2020,4200000,2,68.0,0.8,0,,complete
full,javale mcgee,2021,5000000,1,33.0,1.0,0,,complete
full,javale mcgee,2022,5461219,2,74.0,1.0,0,,complete
full,javale mcgee,2023,2348324,1,42.0,1.0,0,,complete
full,javale mcgee,2024,2208856,2,46.0,1.0,0,,complete
full,javonte green,2020,1517981,1,48.0,0.5,0,,complete
full,javonte green,2021,1669178,2,25.0,0.8,0,,complete
full,javonte green,2022,1815677,3,65.0,1.0,0,,complete
full,javonte green,2023,127683,1,32.0,1.0,0,,complete
full,javonte green,2024,1728488,1,9.0,1.0,1,lebron_z,partial_impact
full,javonte green,2025,2296274,1,50.0,1.0,0,,complete
full,javonte green,2026,3943679,1,82.0,1.0,0,,complete
full,jaxson hayes,2020,5105160,2,64.0,0.5,0,,complete
full,jaxson hayes,2021,5348280,3,60.0,0.8,0,,complete
full,jaxson hayes,2022,6803012,1,70.0,1.0,0,,complete
full,jaxson hayes,2023,2165000,1,47.0,1.0,0,,complete
full,jaxson hayes,2024,2463946,2,70.0,1.0,0,,complete
full,jaxson hayes,2025,3449323,1,56.0,1.0,0,,complete
full,jaxson hayes,2026,6000000,1,66.0,1.0,0,,complete
full,jay huff,2024,2088033,1,20.0,0.5,0,,complete
full,jay huff,2025,2349578,2,64.0,0.8,0,,complete
full,jay huff,2026,2667944,3,82.0,1.0,0,,complete
full,jaylen adams,2019,100000,1,34.0,0.5,0,,complete
full,jaylen brown,2019,6534829,1,74.0,0.5,0,,complete
full,jaylen brown,2020,23437500,1,57.0,0.8,0,,complete
full,jaylen brown,2021,24830357,2,58.0,1.0,0,,complete
full,jaylen brown,2022,28741071,1,66.0,1.0,0,,complete
full,jaylen brown,2023,31830357,2,67.0,1.0,0,,complete
full,jaylen brown,2024,49205800,1,70.0,1.0,0,,complete
full,jaylen brown,2025,53142264,2,63.0,1.0,0,,complete
full,jaylen brown,2026,57078728,3,71.0,1.0,0,,complete
full,jaylen clark,2024,492323,1,0.0,0.5,4,lebron_z|laker_z|usage_pct|ast_pct,did_not_play
full,jaylen clark,2025,2191897,1,40.0,0.8,0,,complete
full,jaylen clark,2026,3086420,1,68.0,1.0,0,,complete
full,jaylen hoard,2021,191860,1,19.0,0.5,0,,complete
full,jaylen nowell,2020,1517981,2,15.0,0.5,0,,complete
full,jaylen nowell,2021,1782621,1,42.0,0.8,0,,complete
full,jaylen nowell,2022,1930681,2,62.0,1.0,0,,complete
full,jaylen nowell,2023,116075,1,65.0,1.0,1,laker_z,partial_impact
full,jaylen nowell,2024,278782,1,9.0,1.0,0,,complete
full,jaylen wells,2025,1955377,1,79.0,0.5,0,,complete
full,jaylen wells,2026,2296271,1,69.0,0.8,0,,complete
full,jaylin williams,2023,2000000,2,49.0,0.5,0,,complete
full,jaylin williams,2024,2019699,3,69.0,0.8,0,,complete
full,jaylin williams,2025,8450704,1,47.0,1.0,0,,complete
full,jaylin williams,2026,7774648,2,65.0,1.0,0,,complete
full,jaylon tyson,2025,3492480,2,47.0,0.5,0,,complete
full,jaylon tyson,2026,3658560,3,66.0,0.8,0,,complete
full,jayson tatum,2019,7830000,1,79.0,0.5,0,,complete
full,jayson tatum,2020,9897120,1,66.0,0.8,0,,complete
full,jayson tatum,2021,28103550,1,64.0,1.0,0,,complete
full,jayson tatum,2022,30351780,2,76.0,1.0,0,,complete
full,jayson tatum,2023,32600060,3,74.0,1.0,0,,complete
full,jayson tatum,2024,34848340,4,74.0,1.0,0,,complete
full,jayson tatum,2025,54126450,1,72.0,1.0,0,,complete
full,jayson tatum,2026,58456566,2,16.0,1.0,0,,complete
full,jd davison,2024,11997,1,8.0,0.5,0,,complete
full,jd davison,2025,2270735,1,16.0,0.8,0,,complete
full,jd davison,2026,2584539,1,28.0,1.0,0,,complete
full,jeenathan williams,2024,515881,1,22.0,0.5,1,lebron_z,partial_impact
full,jeff dowtin,2023,2196970,1,25.0,0.5,0,,complete
full,jeff green,2019,2564753,1,77.0,0.5,0,,complete
full,jeff green,2020,2564753,2,30.0,0.8,0,,complete
full,jeff green,2021,4500000,1,68.0,1.0,0,,complete
full,jeff green,2022,4500000,2,75.0,1.0,0,,complete
full,jeff green,2023,9600000,1,56.0,1.0,0,,complete
full,jeff green,2024,8000000,1,78.0,1.0,0,,complete
full,jeff green,2025,2296274,1,32.0,1.0,0,,complete
full,jeff teague,2019,19000000,1,42.0,0.5,0,,complete
full,jeff teague,2020,510589,1,34.0,0.8,0,,complete
full,jemerrio jones,2019,199000,1,6.0,0.5,0,,complete
full,jerami grant,2019,9346153,1,80.0,0.5,0,,complete
full,jerami grant,2020,19050000,1,71.0,0.8,0,,complete
full,jerami grant,2021,20002500,2,54.0,1.0,0,,complete
full,jerami grant,2022,20955000,3,47.0,1.0,0,,complete
full,jerami grant,2023,27586207,1,63.0,1.0,0,,complete
full,jerami grant,2024,29793104,2,54.0,1.0,0,,complete
full,jerami grant,2025,32000001,3,47.0,1.0,0,,complete
full,jerami grant,2026,34206898,4,57.0,1.0,0,,complete
full,jeremiah fears,2026,7896240,2,82.0,0.5,0,,complete
full,jeremiah robinson-earl,2022,2000000,2,49.0,0.5,0,,complete
full,jeremiah robinson-earl,2023,1900000,3,43.0,0.8,1,laker_z,partial_impact
full,jeremiah robinson-earl,2024,2196970,1,39.0,1.0,0,,complete
full,jeremiah robinson-earl,2025,131970,1,66.0,1.0,0,,complete
full,jeremy lamb,2019,10500000,1,79.0,0.5,0,,complete
full,jeremy lamb,2020,10500000,2,46.0,0.8,0,,complete
full,jeremy lamb,2021,10500000,1,36.0,1.0,0,,complete
full,jeremy sochan,2023,5316960,2,56.0,0.5,0,,complete
full,jeremy sochan,2024,5570040,3,74.0,0.8,0,,complete
full,jeremy sochan,2025,7096231,1,54.0,1.0,0,,complete
full,jerian grant,2019,196288,1,60.0,0.5,0,,complete
full,jerian grant,2020,50000,1,6.0,0.8,0,,complete
full,jericho sims,2022,1639842,1,41.0,0.5,0,,complete
full,jericho sims,2023,1927896,1,52.0,0.8,0,,complete
full,jericho sims,2024,2092344,2,45.0,1.0,0,,complete
full,jericho sims,2025,2461463,1,39.0,1.0,0,,complete
full,jericho sims,2026,2801346,2,67.0,1.0,0,,complete
full,jerome robinson,2019,3567720,1,33.0,0.5,0,,complete
full,jerome robinson,2020,3737520,2,21.0,0.8,0,,complete
full,jett howard,2024,5278320,2,18.0,0.5,0,,complete
full,jett howard,2025,5529720,3,60.0,0.8,0,,complete
full,jett howard,2026,7337939,1,55.0,1.0,0,,complete
full,jevon carter,2019,1416852,1,39.0,0.5,0,,complete
full,jevon carter,2020,3925000,1,58.0,0.8,0,,complete
full,jevon carter,2021,3650000,2,60.0,1.0,0,,complete
full,jevon carter,2022,3925000,3,46.0,1.0,0,,complete
full,jevon carter,2023,6190476,1,81.0,1.0,1,laker_z,partial_impact
full,jevon carter,2024,6500000,2,72.0,1.0,0,,complete
full,jevon carter,2025,871000,1,36.0,1.0,0,,complete
full,jevon carter,2026,2449421,1,30.0,1.0,0,,complete
full,jimmy butler,2019,32742000,1,55.0,0.5,0,,complete
full,jimmy butler,2020,34379100,2,58.0,0.8,0,,complete
full,jimmy butler,2021,36016200,3,52.0,1.0,0,,complete
full,jimmy butler,2022,37653300,4,57.0,1.0,0,,complete
full,jimmy butler,2023,45183960,1,64.0,1.0,0,,complete
full,jimmy butler,2024,48798677,2,60.0,1.0,0,,complete
full,jimmy butler,2025,54126450,3,30.0,1.0,0,,complete
full,jimmy butler,2026,56832773,4,38.0,1.0,0,,complete
full,joakim noah,2019,434704,1,42.0,0.5,0,,complete
full,joakim noah,2020,6431667,1,5.0,0.8,0,,complete
full,joan beringer,2026,4411200,2,40.0,0.5,0,,complete
full,jock landale,2022,1563518,1,54.0,0.5,0,,complete
full,jock landale,2023,8000000,1,69.0,0.8,1,laker_z,partial_impact
full,jock landale,2024,8000000,2,56.0,1.0,0,,complete
full,jock landale,2025,2296274,1,42.0,1.0,0,,complete
full,jock landale,2026,14100000,1,45.0,1.0,0,,complete
full,joe chealey,2019,163356,1,1.0,0.5,0,,complete
full,joe harris,2019,7666667,1,76.0,0.5,0,,complete
full,joe harris,2020,16071429,1,69.0,0.8,0,,complete
full,joe harris,2021,17357143,2,69.0,1.0,0,,complete
full,joe harris,2022,18642857,3,14.0,1.0,0,,complete
full,joe harris,2023,19928571,1,74.0,1.0,1,laker_z,partial_impact
full,joe ingles,2019,11207387,1,82.0,0.5,0,,complete
full,joe ingles,2020,10863637,2,72.0,0.8,0,,complete
full,joe ingles,2021,12436364,3,67.0,1.0,0,,complete
full,joe ingles,2022,6479000,1,45.0,1.0,0,,complete
full,joe ingles,2023,11000000,1,46.0,1.0,0,,complete
full,joe ingles,2024,2087519,1,68.0,1.0,0,,complete
full,joe ingles,2025,2296274,2,19.0,1.0,0,,complete
full,joe wieskamp,2022,2175000,1,29.0,0.5,0,,complete
full,joel embiid,2019,27504630,1,64.0,0.5,0,,complete
full,joel embiid,2020,29542010,2,51.0,0.8,0,,complete
full,joel embiid,2021,31579390,3,51.0,1.0,0,,complete
full,joel embiid,2022,33616770,4,68.0,1.0,0,,complete
full,joel embiid,2023,47607350,1,66.0,1.0,0,,complete
full,joel embiid,2024,51415938,2,39.0,1.0,0,,complete
full,joel embiid,2025,55224526,3,19.0,1.0,0,,complete
full,joel embiid,2026,58100000,4,38.0,1.0,0,,complete
full,john collins,2019,2686560,1,61.0,0.5,0,,complete
full,john collins,2020,4137302,1,41.0,0.8,0,,complete
full,john collins,2021,23000000,1,63.0,1.0,0,,complete
full,john collins,2022,23500000,2,54.0,1.0,0,,complete
full,john collins,2023,25340000,3,71.0,1.0,1,laker_z,partial_impact
full,john collins,2024,26580000,4,68.0,1.0,0,,complete
full,john collins,2025,26580000,5,40.0,1.0,0,,complete
full,john collins,2026,17000000,1,69.0,1.0,0,,complete
full,john henson,2019,9732396,1,14.0,0.5,0,,complete
full,john henson,2020,110998,1,29.0,0.8,0,,complete
full,john konchar,2020,2100000,1,19.0,0.5,1,lebron_z,partial_impact
full,john konchar,2021,2200000,2,43.0,0.8,1,lebron_z,partial_impact
full,john konchar,2022,2300000,3,72.0,1.0,1,lebron_z,partial_impact
full,john konchar,2023,2400000,4,72.0,1.0,1,lebron_z,partial_impact
full,john konchar,2024,6165000,1,55.0,1.0,1,lebron_z,partial_impact
full,john konchar,2025,6165000,2,46.0,1.0,0,,complete
full,john konchar,2026,6165000,3,26.0,1.0,0,,complete
full,john wall,2019,38199000,1,32.0,0.5,0,,complete
full,john wall,2020,41254920,1,0.0,0.8,4,lebron_z|laker_z|usage_pct|ast_pct,did_not_play
full,john wall,2021,44310840,2,40.0,1.0,0,,complete
full,john wall,2022,40866760,3,0.0,1.0,4,lebron_z|laker_z|usage_pct|ast_pct,did_not_play
full,john wall,2023,6802950,1,34.0,1.0,0,,complete
full,johnathan williams,2019,106181,1,24.0,0.5,0,,complete
full,johni broome,2026,2150917,1,11.0,0.5,1,laker_z,partial_impact
full,johnny davis,2023,5050800,2,28.0,0.5,0,,complete
full,johnny davis,2024,5291160,1,50.0,0.8,0,,complete
full,johnny furphy,2025,1955377,2,50.0,0.5,0,,complete
full,johnny furphy,2026,2296271,1,35.0,0.8,0,,complete
full,johnny juzang,2024,3087519,1,20.0,0.5,0,,complete
full,jon leuer,2019,3169348,1,41.0,0.5,0,,complete
full,jonah bolden,2019,1698450,1,44.0,0.5,0,,complete
full,jonathan isaac,2019,5806440,1,75.0,0.5,0,,complete
full,jonathan isaac,2020,7362566,1,34.0,0.8,0,,complete
full,jonathan isaac,2021,17400000,1,0.0,1.0,4,lebron_z|laker_z|usage_pct|ast_pct,did_not_play
full,jonathan isaac,2022,17400000,2,0.0,1.0,4,lebron_z|laker_z|usage_pct|ast_pct,did_not_play
full,jonathan isaac,2023,17400000,3,11.0,1.0,0,,complete
full,jonathan isaac,2024,25000000,1,58.0,1.0,0,,complete
full,jonathan isaac,2025,15000000,1,71.0,1.0,0,,complete
full,jonathan isaac,2026,10449421,1,52.0,1.0,0,,complete
full,jonathan kuminga,2022,5739840,2,70.0,0.5,0,,complete
full,jonathan kuminga,2023,6012840,3,67.0,0.8,1,laker_z,partial_impact
full,jonathan kuminga,2024,7636307,1,74.0,1.0,0,,complete
full,jonathan kuminga,2025,23799569,1,47.0,1.0,0,,complete
full,jonathan kuminga,2026,24300000,2,20.0,1.0,0,,complete
full,jonathan mogbo,2025,1955377,2,63.0,0.5,0,,complete
full,jonathon simmons,2019,1000000,1,41.0,0.5,0,,complete
full,jontay porter,2020,1900000,1,0.0,0.5,4,lebron_z|laker_z|usage_pct|ast_pct,did_not_play
full,jontay porter,2021,300000,1,11.0,0.8,0,,complete
full,jordan bell,2019,250000,1,68.0,0.5,0,,complete
full,jordan bell,2020,580062,1,27.0,0.8,0,,complete
full,jordan bell,2021,102831,1,5.0,1.0,0,,complete
full,jordan clarkson,2019,13437500,1,81.0,0.5,0,,complete
full,jordan clarkson,2020,11500000,1,42.0,0.8,0,,complete
full,jordan clarkson,2021,12420000,2,68.0,1.0,0,,complete
full,jordan clarkson,2022,13340000,3,79.0,1.0,0,,complete
full,jordan clarkson,2023,23487629,1,61.0,1.0,1,laker_z,partial_impact
full,jordan clarkson,2024,14092577,1,55.0,1.0,0,,complete
full,jordan clarkson,2025,10651561,1,37.0,1.0,0,,complete
full,jordan clarkson,2026,2449421,1,72.0,1.0,0,,complete
full,jordan goodwin,2022,900000,1,2.0,0.5,0,,complete
full,jordan goodwin,2023,1927896,1,62.0,0.8,1,laker_z,partial_impact
full,jordan goodwin,2024,223718,1,40.0,1.0,0,,complete
full,jordan goodwin,2025,2349578,1,29.0,1.0,0,,complete
full,jordan goodwin,2026,5864198,1,70.0,1.0,0,,complete
full,jordan hawkins,2024,4525680,2,67.0,0.5,0,,complete
full,jordan hawkins,2025,4741320,3,56.0,0.8,0,,complete
full,jordan hawkins,2026,7021895,1,51.0,1.0,0,,complete
full,jordan mclaughlin,2021,2000000,1,51.0,0.5,0,,complete
full,jordan mclaughlin,2022,2160000,2,62.0,0.8,0,,complete
full,jordan mclaughlin,2023,2320000,3,43.0,1.0,0,,complete
full,jordan mclaughlin,2024,2087519,1,56.0,1.0,0,,complete
full,jordan mclaughlin,2025,2296274,2,28.0,1.0,0,,complete
full,jordan mclaughlin,2026,2449421,1,44.0,1.0,0,,complete
full,jordan mcrae,2019,1645357,1,27.0,0.5,0,,complete
full,jordan miller,2024,1050000,1,8.0,0.5,0,,complete
full,jordan miller,2025,712637,1,37.0,0.8,0,,complete
full,jordan miller,2026,5300000,1,60.0,1.0,0,,complete
full,jordan nwora,2021,1517981,1,30.0,0.5,0,,complete
full,jordan nwora,2022,2800000,1,62.0,0.8,0,,complete
full,jordan nwora,2023,3000000,1,38.0,1.0,0,,complete
full,jordan poole,2020,2063280,2,57.0,0.5,0,,complete
full,jordan poole,2021,2161440,3,51.0,0.8,0,,complete
full,jordan poole,2022,3901399,1,76.0,1.0,0,,complete
full,jordan poole,2023,27455357,1,82.0,1.0,0,,complete
full,jordan poole,2024,29651786,2,78.0,1.0,0,,complete
full,jordan poole,2025,31848215,3,68.0,1.0,0,,complete
full,jordan poole,2026,34044642,4,39.0,1.0,0,,complete
full,jordan walsh,2024,1891857,1,9.0,0.5,0,,complete
full,jordan walsh,2025,2221677,1,52.0,0.8,0,,complete
full,jordan walsh,2026,2406205,2,68.0,1.0,0,,complete
full,jose alvarado,2022,1563518,2,54.0,0.5,0,,complete
full,jose alvarado,2023,1836096,1,61.0,0.8,1,laker_z,partial_impact
full,jose alvarado,2024,1988598,2,56.0,1.0,0,,complete
full,jose alvarado,2025,4500000,1,56.0,1.0,0,,complete
full,jose alvarado,2026,4500000,2,41.0,1.0,0,,complete
full,josh christopher,2022,2372160,2,74.0,0.5,0,,complete
full,josh christopher,2023,2485200,1,64.0,0.8,0,,complete
full,josh giddey,2022,6287400,2,54.0,0.5,0,,complete
full,josh giddey,2023,6587040,3,76.0,0.8,0,,complete
full,josh giddey,2024,8352367,1,80.0,1.0,0,,complete
full,josh giddey,2025,25000000,1,70.0,1.0,0,,complete
full,josh giddey,2026,25000000,2,54.0,1.0,0,,complete
full,josh gray,2020,1620564,1,2.0,0.5,0,,complete
full,josh green,2021,2957520,2,39.0,0.5,0,,complete
full,josh green,2022,3098400,3,67.0,0.8,0,,complete
full,josh green,2023,4765339,1,60.0,1.0,0,,complete
full,josh green,2024,12654321,1,57.0,1.0,0,,complete
full,josh green,2025,13666667,2,68.0,1.0,0,,complete
full,josh green,2026,14679012,3,58.0,1.0,0,,complete
full,josh hart,2019,1934160,1,67.0,0.5,0,,complete
full,josh hart,2020,3491159,1,65.0,0.8,0,,complete
full,josh hart,2021,12000000,1,47.0,1.0,0,,complete
full,josh hart,2022,12960000,2,41.0,1.0,0,,complete
full,josh hart,2023,12960000,3,51.0,1.0,0,,complete
full,josh hart,2024,18144000,1,81.0,1.0,0,,complete
full,josh hart,2025,19472240,2,77.0,1.0,0,,complete
full,josh hart,2026,20923760,3,66.0,1.0,0,,complete
full,josh jackson,2019,7059480,1,79.0,0.5,0,,complete
full,josh jackson,2020,4767000,1,22.0,0.8,0,,complete
full,josh jackson,2021,5005350,1,62.0,1.0,0,,complete
full,josh minott,2023,1719864,1,15.0,0.5,0,,complete
full,josh minott,2024,2019699,1,32.0,0.8,0,,complete
full,josh minott,2025,2378870,1,46.0,1.0,0,,complete
full,josh minott,2026,4500000,1,33.0,1.0,0,,complete
full,josh okogie,2019,2530680,1,74.0,0.5,0,,complete
full,josh okogie,2020,2651040,2,62.0,0.8,0,,complete
full,josh okogie,2021,4087904,1,59.0,1.0,0,,complete
full,josh okogie,2022,1836090,1,49.0,1.0,0,,complete
full,josh okogie,2023,2815937,1,72.0,1.0,0,,complete
full,josh okogie,2024,8250000,1,60.0,1.0,0,,complete
full,josh okogie,2025,2296274,1,25.0,1.0,0,,complete
full,josh okogie,2026,6000000,1,78.0,1.0,0,,complete
full,josh richardson,2019,10116576,1,73.0,0.5,0,,complete
full,josh richardson,2020,10865952,1,55.0,0.8,0,,complete
full,josh richardson,2021,11615328,1,59.0,1.0,0,,complete
full,josh richardson,2022,12196094,1,44.0,1.0,0,,complete
full,josh richardson,2023,2891467,1,42.0,1.0,0,,complete
full,josh richardson,2024,3051153,1,43.0,1.0,0,,complete
full,joshua primo,2022,4144320,2,50.0,0.5,0,,complete
full,joshua primo,2023,1764341,1,4.0,0.8,0,,complete
full,joshua primo,2024,1000000,1,2.0,1.0,0,,complete
full,jrue holiday,2019,26131111,1,67.0,0.5,0,,complete
full,jrue holiday,2020,25876111,2,61.0,0.8,0,,complete
full,jrue holiday,2021,30133333,1,59.0,1.0,0,,complete
full,jrue holiday,2022,33665040,2,67.0,1.0,0,,complete
full,jrue holiday,2023,36861707,3,67.0,1.0,0,,complete
full,jrue holiday,2024,30000000,1,69.0,1.0,0,,complete
full,jrue holiday,2025,32400000,2,62.0,1.0,0,,complete
full,jrue holiday,2026,34800000,3,53.0,1.0,0,,complete
full,jt thor,2022,1563518,1,33.0,0.5,0,,complete
full,jt thor,2023,1836096,1,69.0,0.8,0,,complete
full,juan toscano-anderson,2020,358295,2,13.0,0.5,0,,complete
full,juan toscano-anderson,2021,1701593,1,53.0,0.8,0,,complete
full,juan toscano-anderson,2022,1836090,1,73.0,1.0,0,,complete
full,juan toscano-anderson,2023,323506,1,30.0,1.0,0,,complete
full,julian champagnie,2023,3000000,1,2.0,0.5,0,,complete
full,julian champagnie,2024,3000000,2,74.0,0.8,0,,complete
full,julian champagnie,2025,3000000,3,82.0,1.0,0,,complete
full,julian champagnie,2026,13888889,1,82.0,1.0,0,,complete
full,julian phillips,2024,1891857,1,40.0,0.5,0,,complete
full,julian phillips,2025,2221677,1,79.0,0.8,0,,complete
full,julian phillips,2026,2406205,2,35.0,1.0,0,,complete
full,julian strawther,2024,2552520,2,50.0,0.5,0,,complete
full,julian strawther,2025,2674200,3,65.0,0.8,0,,complete
full,julian strawther,2026,4826931,1,57.0,1.0,0,,complete
full,julius randle,2019,18000000,1,73.0,0.5,0,,complete
full,julius randle,2020,18900000,2,64.0,0.8,0,,complete
full,julius randle,2021,19800000,3,71.0,1.0,0,,complete
full,julius randle,2022,23760000,1,72.0,1.0,0,,complete
full,julius randle,2023,28226880,1,77.0,1.0,0,,complete
full,julius randle,2024,33073920,1,46.0,1.0,0,,complete
full,julius randle,2025,30864198,2,69.0,1.0,0,,complete
full,julius randle,2026,33333334,3,79.0,1.0,0,,complete
full,justin anderson,2019,294432,1,48.0,0.5,0,,complete
full,justin anderson,2020,125000,1,10.0,0.8,0,,complete
full,justin champagnie,2022,825000,1,36.0,0.5,0,,complete
full,justin champagnie,2023,116075,1,2.0,0.8,0,,complete
full,justin champagnie,2024,1800000,1,15.0,1.0,0,,complete
full,justin champagnie,2025,2349578,1,62.0,1.0,0,,complete
full,justin champagnie,2026,2667944,2,69.0,1.0,0,,complete
full,justin edwards,2025,2048494,1,44.0,0.5,0,,complete
full,justin edwards,2026,2411090,1,64.0,0.8,0,,complete
full,justin holiday,2019,4767000,1,38.0,0.5,0,,complete
full,justin holiday,2020,5720400,1,73.0,0.8,0,,complete
full,justin holiday,2021,6006420,1,72.0,1.0,0,,complete
full,justin holiday,2022,569821,1,49.0,1.0,0,,complete
full,justin holiday,2023,2019706,1,28.0,1.0,0,,complete
full,justin jackson,2019,3280920,1,52.0,0.5,0,,complete
full,justin jackson,2020,5029650,1,65.0,0.8,0,,complete
full,justin jackson,2021,102831,1,33.0,1.0,0,,complete
full,justin jackson,2022,1836090,1,6.0,1.0,0,,complete
full,justin jackson,2023,116075,1,23.0,1.0,0,,complete
full,justin james,2020,1517981,1,36.0,0.5,0,,complete
full,justin james,2021,95930,1,36.0,0.8,0,,complete
full,justin patton,2019,1620564,1,3.0,0.5,0,,complete
full,justin robinson,2020,198040,1,9.0,0.5,0,,complete
full,justin robinson,2021,95930,1,9.0,0.8,0,,complete
full,justise winslow,2019,13000000,1,66.0,0.5,0,,complete
full,justise winslow,2020,13000000,2,11.0,0.8,0,,complete
full,justise winslow,2021,3902439,1,26.0,1.0,0,,complete
full,justise winslow,2022,4097561,2,37.0,1.0,0,,complete
full,justise winslow,2023,116075,1,29.0,1.0,0,,complete
full,juwan morgan,2020,1517981,1,21.0,0.5,0,,complete
full,juwan morgan,2021,115116,1,29.0,0.8,0,,complete
full,juwan morgan,2022,576230,1,1.0,1.0,0,,complete
full,kai jones,2022,2909040,2,21.0,0.5,0,,complete
full,kai jones,2023,3047880,3,46.0,0.8,0,,complete
full,karl-anthony towns,2019,27285000,1,77.0,0.5,0,,complete
full,karl-anthony towns,2020,29467800,2,35.0,0.8,0,,complete
full,karl-anthony towns,2021,31650600,3,50.0,1.0,0,,complete
full,karl-anthony towns,2022,33833400,4,74.0,1.0,0,,complete
full,karl-anthony towns,2023,36016200,5,29.0,1.0,0,,complete
full,karl-anthony towns,2024,49205800,1,62.0,1.0,0,,complete
full,karl-anthony towns,2025,53142264,2,72.0,1.0,0,,complete
full,karl-anthony towns,2026,57078728,3,75.0,1.0,0,,complete
full,kasparas jakucionis,2026,3841680,2,53.0,0.5,0,,complete
full,kawhi leonard,2019,32742000,1,60.0,0.5,0,,complete
full,kawhi leonard,2020,34379100,2,57.0,0.8,0,,complete
full,kawhi leonard,2021,39344900,3,52.0,1.0,0,,complete
full,kawhi leonard,2022,42492492,4,0.0,1.0,4,lebron_z|laker_z|usage_pct|ast_pct,did_not_play
full,kawhi leonard,2023,45640084,5,52.0,1.0,0,,complete
full,kawhi leonard,2024,49205800,6,68.0,1.0,0,,complete
full,kawhi leonard,2025,50000000,7,37.0,1.0,0,,complete
full,kawhi leonard,2026,50300000,8,65.0,1.0,0,,complete
full,keaton wallace,2025,2296274,1,31.0,0.5,0,,complete
full,keegan murray,2023,8409000,2,80.0,0.5,0,,complete
full,keegan murray,2024,8809560,3,77.0,0.8,0,,complete
full,keegan murray,2025,11144093,1,76.0,1.0,0,,complete
full,keegan murray,2026,24137936,1,23.0,1.0,0,,complete
full,keita bates-diop,2019,1416852,1,30.0,0.5,0,,complete
full,keita bates-diop,2021,1729217,1,30.0,0.7,0,,complete
full,keita bates-diop,2022,1878720,2,59.0,0.8,0,,complete
full,keita bates-diop,2023,2346614,1,67.0,1.0,0,,complete
full,keita bates-diop,2024,2654644,1,39.0,1.0,0,,complete
full,kel'el ware,2025,4443360,2,64.0,0.5,0,,complete
full,kel'el ware,2026,4654920,3,77.0,0.8,0,,complete
full,kelan martin,2020,801900,1,31.0,0.5,0,,complete
full,kelan martin,2021,191860,1,35.0,0.8,0,,complete
full,keldon johnson,2020,2048040,2,17.0,0.5,0,,complete
full,keldon johnson,2021,2145720,3,69.0,0.8,0,,complete
full,keldon johnson,2022,3873025,1,75.0,1.0,0,,complete
full,keldon johnson,2023,20000000,1,63.0,1.0,1,laker_z,partial_impact
full,keldon johnson,2024,19000000,2,69.0,1.0,0,,complete
full,keldon johnson,2025,17500000,3,77.0,1.0,0,,complete
full,keldon johnson,2026,17500000,4,82.0,1.0,0,,complete
full,kelly olynyk,2019,11667885,1,79.0,0.5,0,,complete
full,kelly olynyk,2020,12819649,2,67.0,0.8,0,,complete
full,kelly olynyk,2021,12195122,3,43.0,1.0,0,,complete
full,kelly olynyk,2022,12804878,4,40.0,1.0,0,,complete
full,kelly olynyk,2023,12195122,5,68.0,1.0,1,laker_z,partial_impact
full,kelly olynyk,2024,12804878,6,50.0,1.0,0,,complete
full,kelly olynyk,2025,13445122,7,20.0,1.0,0,,complete
full,kelly oubre jr.,2019,15625000,1,40.0,0.5,0,,complete
full,kelly oubre jr.,2020,14375000,2,56.0,0.8,0,,complete
full,kelly oubre jr.,2021,12000000,1,55.0,1.0,0,,complete
full,kelly oubre jr.,2022,12600000,2,76.0,1.0,0,,complete
full,kelly oubre jr.,2023,2019706,1,48.0,1.0,0,,complete
full,kelly oubre jr.,2024,7983000,1,68.0,1.0,1,laker_z,partial_impact
full,kelly oubre jr.,2025,8382150,2,60.0,1.0,0,,complete
full,kelly oubre jr.,2026,8050000,1,50.0,1.0,0,,complete
full,kemba walker,2019,32742000,1,82.0,0.5,0,,complete
full,kemba walker,2020,34379100,2,56.0,0.8,0,,complete
full,kemba walker,2021,8729020,1,43.0,1.0,0,,complete
full,kemba walker,2022,684712,1,37.0,1.0,0,,complete
full,kendall brown,2023,1100000,1,6.0,0.5,0,,complete
full,kendrick nunn,2020,1663861,1,67.0,0.5,0,,complete
full,kendrick nunn,2021,5000000,1,56.0,0.8,0,,complete
full,kendrick nunn,2022,5250000,1,0.0,1.0,4,lebron_z|laker_z|usage_pct|ast_pct,did_not_play
full,kennedy chandler,2023,1719864,1,36.0,0.5,0,,complete
full,kenrich williams,2019,1416852,1,46.0,0.5,0,,complete
full,kenrich williams,2020,2000000,1,39.0,0.8,0,,complete
full,kenrich williams,2021,2000000,2,66.0,1.0,0,,complete
full,kenrich williams,2022,2000000,3,49.0,1.0,0,,complete
full,kenrich williams,2023,6175000,1,53.0,1.0,0,,complete
full,kenrich williams,2024,6669000,2,69.0,1.0,0,,complete
full,kenrich williams,2025,7163000,3,69.0,1.0,0,,complete
full,kenrich williams,2026,5000000,1,56.0,1.0,0,,complete
full,kent bazemore,2019,19269662,1,67.0,0.5,0,,complete
full,kent bazemore,2020,1620564,1,43.0,0.8,0,,complete
full,kent bazemore,2021,2401537,1,67.0,1.0,0,,complete
full,kentavious caldwell-pope,2019,8089282,1,82.0,0.5,0,,complete
full,kentavious caldwell-pope,2020,12073020,1,69.0,0.8,0,,complete
full,kentavious caldwell-pope,2021,13038862,2,67.0,1.0,0,,complete
full,kentavious caldwell-pope,2022,14004703,3,77.0,1.0,0,,complete
full,kentavious caldwell-pope,2023,14704938,4,76.0,1.0,0,,complete
full,kentavious caldwell-pope,2024,22757000,1,76.0,1.0,0,,complete
full,kentavious caldwell-pope,2025,21621500,2,77.0,1.0,0,,complete
full,kentavious caldwell-pope,2026,21621500,3,51.0,1.0,0,,complete
full,keon ellis,2023,683430,1,16.0,0.5,0,,complete
full,keon ellis,2024,2120693,1,57.0,0.8,0,,complete
full,keon ellis,2025,2301587,2,80.0,1.0,0,,complete
full,keon ellis,2026,8780488,1,43.0,1.0,0,,complete
full,keon johnson,2022,2681040,2,22.0,0.5,0,,complete
full,keon johnson,2023,2808720,3,40.0,0.8,0,,complete
full,keon johnson,2024,2162606,1,5.0,1.0,0,,complete
full,keon johnson,2025,2349578,2,79.0,1.0,0,,complete
full,keshad johnson,2025,1955377,1,16.0,0.5,0,,complete
full,kessler edwards,2022,1637966,1,48.0,0.5,0,,complete
full,kessler edwards,2023,1927896,1,14.0,0.8,0,,complete
full,kevin durant,2019,37199000,1,78.0,0.5,0,,complete
full,kevin durant,2020,39058950,2,0.0,0.8,4,lebron_z|laker_z|usage_pct|ast_pct,did_not_play
full,kevin durant,2021,40918900,3,35.0,1.0,0,,complete
full,kevin durant,2022,44119845,4,55.0,1.0,0,,complete
full,kevin durant,2023,47649433,5,39.0,1.0,0,,complete
full,kevin durant,2024,51179021,6,75.0,1.0,0,,complete
full,kevin durant,2025,54708609,7,62.0,1.0,0,,complete
full,kevin durant,2026,43902439,1,78.0,1.0,0,,complete
full,kevin huerter,2019,2636280,1,75.0,0.5,0,,complete
full,kevin huerter,2020,2761920,2,56.0,0.8,0,,complete
full,kevin huerter,2021,4253357,1,69.0,1.0,0,,complete
full,kevin huerter,2022,14508929,1,74.0,1.0,0,,complete
full,kevin huerter,2023,15669643,2,75.0,1.0,0,,complete
full,kevin huerter,2024,16830357,3,64.0,1.0,0,,complete
full,kevin huerter,2025,17991071,4,43.0,1.0,0,,complete
full,kevin huerter,2026,8333333,1,44.0,1.0,0,,complete
full,kevin knox,2019,4380120,1,75.0,0.5,0,,complete
full,kevin knox,2020,4588680,2,65.0,0.8,0,,complete
full,kevin knox,2021,5845978,1,42.0,1.0,0,,complete
full,kevin knox,2022,3000000,1,17.0,1.0,0,,complete
full,kevin knox,2023,1845593,1,42.0,1.0,0,,complete
full,kevin knox,2024,263939,1,31.0,1.0,0,,complete
full,kevin love,2019,28942830,1,22.0,0.5,0,,complete
full,kevin love,2020,31258256,2,56.0,0.8,0,,complete
full,kevin love,2021,31258256,3,25.0,1.0,0,,complete
full,kevin love,2022,27442830,1,74.0,1.0,0,,complete
full,kevin love,2023,3835738,1,62.0,1.0,1,laker_z,partial_impact
full,kevin love,2024,3850000,2,55.0,1.0,0,,complete
full,kevin love,2025,4150000,3,23.0,1.0,0,,complete
full,kevin porter jr.,2020,1717981,1,50.0,0.5,0,,complete
full,kevin porter jr.,2021,1782621,2,26.0,0.8,0,,complete
full,kevin porter jr.,2022,3217631,1,61.0,1.0,0,,complete
full,kevin porter jr.,2023,15860000,1,59.0,1.0,1,laker_z,partial_impact
full,kevin porter jr.,2025,5134000,1,45.0,0.7,0,,complete
full,kevin porter jr.,2026,5390700,2,38.0,0.8,0,,complete
full,kevon harris,2024,119972,1,2.0,0.5,0,,complete
full,kevon looney,2019,4464286,1,80.0,0.5,0,,complete
full,kevon looney,2020,4821429,2,20.0,0.8,0,,complete
full,kevon looney,2021,5178572,3,61.0,1.0,0,,complete
full,kevon looney,2022,8000000,1,82.0,1.0,0,,complete
full,kevon looney,2023,7500000,2,82.0,1.0,0,,complete
full,kevon looney,2024,8000000,3,74.0,1.0,0,,complete
full,kevon looney,2025,8000000,4,76.0,1.0,0,,complete
full,kevon looney,2026,2449421,1,21.0,1.0,0,,complete
full,keyonte george,2024,4084200,2,75.0,0.5,0,,complete
full,keyonte george,2025,4278960,3,67.0,0.8,0,,complete
full,keyonte george,2026,6563925,1,54.0,1.0,0,,complete
full,khaman maluach,2026,6316680,2,46.0,0.5,0,,complete
full,khem birch,2019,3000000,1,50.0,0.5,0,,complete
full,khem birch,2020,2586036,1,48.0,0.8,0,,complete
full,khem birch,2021,6350000,1,48.0,1.0,0,,complete
full,khem birch,2022,6667500,1,55.0,1.0,0,,complete
full,khem birch,2023,6985000,2,20.0,1.0,0,,complete
full,khris middleton,2019,30603448,1,77.0,0.5,0,,complete
full,khris middleton,2020,33051724,2,62.0,0.8,0,,complete
full,khris middleton,2021,35500000,3,68.0,1.0,0,,complete
full,khris middleton,2022,37948276,4,66.0,1.0,0,,complete
full,khris middleton,2023,29320988,1,33.0,1.0,0,,complete
full,khris middleton,2024,31000000,2,55.0,1.0,0,,complete
full,khris middleton,2025,33296296,3,23.0,1.0,0,,complete
full,khris middleton,2026,5591122,1,34.0,1.0,0,,complete
full,khyri thomas,2019,1416852,1,26.0,0.5,0,,complete
full,khyri thomas,2020,744684,1,8.0,0.8,0,,complete
full,killian hayes,2021,5572680,2,26.0,0.5,0,,complete
full,killian hayes,2022,5837760,3,66.0,0.8,0,,complete
full,killian hayes,2023,7413955,1,76.0,1.0,0,,complete
full,killian hayes,2024,119972,1,42.0,1.0,0,,complete
full,killian hayes,2025,263940,1,6.0,1.0,0,,complete
full,killian tillie,2021,1901625,1,18.0,0.5,0,,complete
full,killian tillie,2022,1901625,2,36.0,0.8,0,,complete
full,kj martin,2023,1930681,1,82.0,0.5,0,,complete
full,kj martin,2024,7975000,1,58.0,0.8,0,,complete
full,klay thompson,2019,32742000,1,78.0,0.5,0,,complete
full,klay thompson,2020,35361360,2,0.0,0.8,4,lebron_z|laker_z|usage_pct|ast_pct,did_not_play
full,klay thompson,2021,37980720,3,0.0,1.0,4,lebron_z|laker_z|usage_pct|ast_pct,did_not_play
full,klay thompson,2022,40600080,4,32.0,1.0,0,,complete
full,klay thompson,2023,43219440,5,69.0,1.0,0,,complete
full,klay thompson,2024,15873016,1,77.0,1.0,0,,complete
full,klay thompson,2025,16666667,2,72.0,1.0,0,,complete
full,klay thompson,2026,17460317,3,69.0,1.0,0,,complete
full,kobe brown,2024,2533920,2,44.0,0.5,0,,complete
full,kobe brown,2025,2654880,3,40.0,0.8,0,,complete
full,kobe bufkin,2024,4299000,2,17.0,0.5,0,,complete
full,kobe bufkin,2025,4503720,3,10.0,0.8,0,,complete
full,kobe sanders,2026,2622139,1,68.0,0.5,0,,complete
full,kobi simmons,2023,116075,1,5.0,0.5,0,,complete
full,kon knueppel,2026,10516560,2,81.0,0.5,0,,complete
full,kris dunn,2019,5348007,1,46.0,0.5,0,,complete
full,kris dunn,2020,4767000,1,51.0,0.8,0,,complete
full,kris dunn,2021,5005350,2,4.0,1.0,0,,complete
full,kris dunn,2022,735819,1,14.0,1.0,0,,complete
full,kris dunn,2023,2586665,1,22.0,1.0,0,,complete
full,kris dunn,2024,5168000,1,66.0,1.0,0,,complete
full,kris dunn,2025,5426400,2,74.0,1.0,0,,complete
full,kris dunn,2026,5684800,3,82.0,1.0,0,,complete
full,kris murray,2024,2990040,2,62.0,0.5,0,,complete
full,kris murray,2025,3132000,3,69.0,0.8,0,,complete
full,kris murray,2026,5315004,1,57.0,1.0,0,,complete
full,kyle anderson,2019,9073050,1,43.0,0.5,0,,complete
full,kyle anderson,2020,9505100,2,67.0,0.8,0,,complete
full,kyle anderson,2021,9937150,3,69.0,1.0,0,,complete
full,kyle anderson,2022,8780488,1,69.0,1.0,0,,complete
full,kyle anderson,2023,9219512,2,69.0,1.0,0,,complete
full,kyle anderson,2024,8780488,3,79.0,1.0,0,,complete
full,kyle anderson,2025,9219512,4,36.0,1.0,0,,complete
full,kyle anderson,2026,2449421,1,20.0,1.0,0,,complete
full,kyle filipowski,2025,3000000,2,72.0,0.5,0,,complete
full,kyle filipowski,2026,3000000,3,77.0,0.8,0,,complete
full,kyle guy,2021,191860,1,31.0,0.5,0,,complete
full,kyle korver,2019,2564753,1,54.0,0.5,0,,complete
full,kyle kuzma,2019,1974600,1,70.0,0.5,0,,complete
full,kyle kuzma,2020,3562178,1,61.0,0.8,0,,complete
full,kyle kuzma,2021,13000000,1,68.0,1.0,0,,complete
full,kyle kuzma,2022,13000000,2,66.0,1.0,0,,complete
full,kyle kuzma,2023,25568182,1,64.0,1.0,1,laker_z,partial_impact
full,kyle kuzma,2024,24456061,2,70.0,1.0,0,,complete
full,kyle kuzma,2025,22410605,3,33.0,1.0,0,,complete
full,kyle kuzma,2026,20345152,4,69.0,1.0,0,,complete
full,kyle lowry,2019,33296296,1,65.0,0.5,0,,complete
full,kyle lowry,2020,30500000,2,58.0,0.8,0,,complete
full,kyle lowry,2021,26984128,1,46.0,1.0,0,,complete
full,kyle lowry,2022,28333334,2,63.0,1.0,0,,complete
full,kyle lowry,2023,29682540,3,55.0,1.0,1,laker_z,partial_impact
full,kyle lowry,2024,2087519,1,37.0,1.0,0,,complete
full,kyle lowry,2025,2296274,2,35.0,1.0,0,,complete
full,kyle o'quinn,2019,2028594,1,45.0,0.5,0,,complete
full,kyrie irving,2019,31742000,1,67.0,0.5,0,,complete
full,kyrie irving,2020,33460350,2,20.0,0.8,0,,complete
full,kyrie irving,2021,34916200,3,54.0,1.0,0,,complete
full,kyrie irving,2022,38917057,4,29.0,1.0,0,,complete
full,kyrie irving,2023,37037037,5,40.0,1.0,0,,complete
full,kyrie irving,2024,41000000,6,58.0,1.0,0,,complete
full,kyrie irving,2025,36566002,1,50.0,1.0,0,,complete
full,kyrie irving,2026,39491282,2,0.0,1.0,4,lebron_z|laker_z|usage_pct|ast_pct,did_not_play
full,kyshawn george,2025,2966760,2,68.0,0.5,0,,complete
full,kyshawn george,2026,3108000,3,48.0,0.8,0,,complete
full,kz okpala,2020,1517981,1,5.0,0.5,0,,complete
full,kz okpala,2021,1782621,1,37.0,0.8,0,,complete
full,kz okpala,2022,1902133,1,21.0,1.0,0,,complete
full,lamar stevens,2021,1517981,1,40.0,0.5,0,,complete
full,lamar stevens,2022,1782621,1,63.0,0.8,0,,complete
full,lamar stevens,2023,2019706,1,62.0,1.0,0,,complete
full,lamar stevens,2024,383912,1,19.0,1.0,0,,complete
full,lamarcus aldridge,2019,26000000,1,81.0,0.5,0,,complete
full,lamarcus aldridge,2020,554988,1,53.0,0.8,0,,complete
full,lamarcus aldridge,2021,2641691,1,21.0,1.0,0,,complete
full,lamelo ball,2021,8231760,2,51.0,0.5,0,,complete
full,lamelo ball,2022,8623920,3,75.0,0.8,0,,complete
full,lamelo ball,2023,10900635,1,36.0,1.0,0,,complete
full,lamelo ball,2024,35147000,1,22.0,1.0,0,,complete
full,lamelo ball,2025,37958760,2,47.0,1.0,0,,complete
full,lamelo ball,2026,40770520,3,72.0,1.0,0,,complete
full,lance thomas,2019,262152,1,46.0,0.5,0,,complete
full,landry shamet,2019,1995120,1,54.0,0.5,0,,complete
full,landry shamet,2020,2090040,2,53.0,0.8,0,,complete
full,landry shamet,2021,3768342,1,61.0,1.0,0,,complete
full,landry shamet,2022,9500000,1,69.0,1.0,0,,complete
full,landry shamet,2023,10250000,2,40.0,1.0,0,,complete
full,landry shamet,2024,1343690,1,46.0,1.0,0,,complete
full,landry shamet,2025,2296274,1,50.0,1.0,0,,complete
full,landry shamet,2026,5357143,1,51.0,1.0,0,,complete
full,langston galloway,2019,7333333,1,80.0,0.5,0,,complete
full,langston galloway,2020,1620564,1,66.0,0.8,0,,complete
full,langston galloway,2021,257418,1,40.0,1.0,0,,complete
full,larry nance jr.,2019,12727273,1,67.0,0.5,0,,complete
full,larry nance jr.,2020,11709091,2,56.0,0.8,0,,complete
full,larry nance jr.,2021,10690909,3,35.0,1.0,0,,complete
full,larry nance jr.,2022,9672727,4,37.0,1.0,0,,complete
full,larry nance jr.,2023,10375000,5,65.0,1.0,0,,complete
full,larry nance jr.,2024,11205000,6,61.0,1.0,0,,complete
full,larry nance jr.,2025,2296274,1,24.0,1.0,0,,complete
full,larry nance jr.,2026,2449421,1,35.0,1.0,0,,complete
full,lauri markkanen,2019,5300400,1,52.0,0.5,0,,complete
full,lauri markkanen,2020,6731508,1,50.0,0.8,0,,complete
full,lauri markkanen,2021,15690909,1,51.0,1.0,0,,complete
full,lauri markkanen,2022,16475454,2,61.0,1.0,0,,complete
full,lauri markkanen,2023,17259999,3,66.0,1.0,0,,complete
full,lauri markkanen,2024,42176400,1,55.0,1.0,0,,complete
full,lauri markkanen,2025,46394100,2,47.0,1.0,0,,complete
full,lauri markkanen,2026,46113154,3,42.0,1.0,0,,complete
full,leandro bolmaro,2022,2471160,1,35.0,0.5,0,,complete
full,lebron james,2019,37436858,1,55.0,0.5,0,,complete
full,lebron james,2020,39219566,2,67.0,0.8,0,,complete
full,lebron james,2021,41180544,3,45.0,1.0,0,,complete
full,lebron james,2022,44474988,4,56.0,1.0,0,,complete
full,lebron james,2023,47607350,5,55.0,1.0,0,,complete
full,lebron james,2024,48728845,6,71.0,1.0,0,,complete
full,lebron james,2025,52627153,7,70.0,1.0,0,,complete
full,leonard miller,2024,1891857,2,17.0,0.5,0,,complete
full,leonard miller,2025,2221677,1,13.0,0.8,0,,complete
full,leonard miller,2026,2406205,2,27.0,1.0,0,,complete
full,lester quinones,2023,548815,1,4.0,0.5,0,,complete
full,liam mcneeley,2026,2902080,2,31.0,0.5,0,,complete
full,lindy waters iii,2022,1927896,1,25.0,0.5,0,,complete
full,lindy waters iii,2023,766095,1,41.0,0.8,0,,complete
full,lindy waters iii,2024,2196970,1,38.0,1.0,0,,complete
full,lindy waters iii,2025,2296274,2,38.0,1.0,0,,complete
full,lonzo ball,2019,8719320,1,47.0,0.5,0,,complete
full,lonzo ball,2020,11003782,1,63.0,0.8,0,,complete
full,lonzo ball,2021,18604651,1,55.0,1.0,0,,complete
full,lonzo ball,2022,19534884,2,35.0,1.0,0,,complete
full,lonzo ball,2023,20465117,3,0.0,1.0,4,lebron_z|laker_z|usage_pct|ast_pct,did_not_play
full,lonzo ball,2024,21395348,4,0.0,1.0,4,lebron_z|laker_z|usage_pct|ast_pct,did_not_play
full,lonzo ball,2025,10000000,1,35.0,1.0,0,,complete
full,lou williams,2019,8000000,1,75.0,0.5,0,,complete
full,lou williams,2020,8000000,1,65.0,0.8,0,,complete
full,lou williams,2021,5000000,1,42.0,1.0,0,,complete
full,luc mbah a moute,2019,289803,1,4.0,0.5,0,,complete
full,luca vildoza,2021,42789,1,0.0,0.5,4,lebron_z|laker_z|usage_pct|ast_pct,did_not_play
full,luguentz dort,2020,1517981,1,36.0,0.5,0,,complete
full,luguentz dort,2021,1782621,1,52.0,0.8,0,,complete
full,luguentz dort,2022,15277778,1,51.0,1.0,0,,complete
full,luguentz dort,2023,15277778,2,74.0,1.0,1,laker_z,partial_impact
full,luguentz dort,2024,16500000,3,79.0,1.0,0,,complete
full,luguentz dort,2025,18222222,4,71.0,1.0,0,,complete
full,luguentz dort,2026,18222222,5,69.0,1.0,0,,complete
full,luka doncic,2019,7683360,1,72.0,0.5,0,,complete
full,luka doncic,2020,8049360,2,61.0,0.8,0,,complete
full,luka doncic,2021,10174391,1,66.0,1.0,0,,complete
full,luka doncic,2022,37096500,1,65.0,1.0,0,,complete
full,luka doncic,2023,40064220,2,66.0,1.0,0,,complete
full,luka doncic,2024,43031940,3,70.0,1.0,0,,complete
full,luka doncic,2025,45999660,4,28.0,1.0,0,,complete
full,luka doncic,2026,49800000,5,64.0,1.0,0,,complete
full,luka garza,2023,127683,1,28.0,0.5,0,,complete
full,luka garza,2024,2162606,1,25.0,0.8,1,laker_z,partial_impact
full,luka garza,2025,2461463,2,39.0,1.0,0,,complete
full,luka garza,2026,2801346,3,69.0,1.0,0,,complete
full,luke kennard,2019,3827160,1,63.0,0.5,0,,complete
full,luke kennard,2020,5273826,1,28.0,0.8,0,,complete
full,luke kennard,2021,12727273,1,63.0,1.0,0,,complete
full,luke kennard,2022,14415545,2,70.0,1.0,0,,complete
full,luke kennard,2023,14763636,3,35.0,1.0,0,,complete
full,luke kennard,2024,9250000,1,39.0,1.0,0,,complete
full,luke kennard,2025,11000000,1,65.0,1.0,0,,complete
full,luke kennard,2026,6064000,1,46.0,1.0,0,,complete
full,luke kornet,2019,2250000,1,46.0,0.5,0,,complete
full,luke kornet,2020,2250000,2,36.0,0.8,0,,complete
full,luke kornet,2021,606702,1,18.0,1.0,0,,complete
full,luke kornet,2022,2133278,1,12.0,1.0,0,,complete
full,luke kornet,2023,2413304,2,69.0,1.0,1,laker_z,partial_impact
full,luke kornet,2024,2087519,1,63.0,1.0,0,,complete
full,luke kornet,2025,11000000,1,73.0,1.0,0,,complete
full,luke kornet,2026,10450000,2,68.0,1.0,0,,complete
full,luol deng,2019,5000000,1,22.0,0.5,0,,complete
full,mac mcclung,2025,164060,1,2.0,0.5,0,,complete
full,malachi flynn,2021,2048040,2,47.0,0.5,0,,complete
full,malachi flynn,2022,2145720,3,44.0,0.8,0,,complete
full,malachi flynn,2023,3873025,1,53.0,1.0,0,,complete
full,malachi flynn,2024,119972,1,31.0,1.0,0,,complete
full,malaki branham,2023,3071880,2,66.0,0.5,0,,complete
full,malaki branham,2024,3217920,3,75.0,0.8,0,,complete
full,malaki branham,2025,4962033,1,47.0,1.0,0,,complete
full,malcolm brogdon,2019,20000000,1,64.0,0.5,0,,complete
full,malcolm brogdon,2020,20700000,2,54.0,0.8,0,,complete
full,malcolm brogdon,2021,21700000,3,56.0,1.0,0,,complete
full,malcolm brogdon,2022,22600000,1,36.0,1.0,0,,complete
full,malcolm brogdon,2023,22500000,1,67.0,1.0,0,,complete
full,malcolm hill,2023,116075,1,5.0,0.5,2,lebron_z|laker_z,partial_impact
full,malcolm miller,2019,1588231,1,10.0,0.5,0,,complete
full,malik beasley,2019,2731714,1,81.0,0.5,0,,complete
full,malik beasley,2020,13425895,1,41.0,0.8,0,,complete
full,malik beasley,2021,14391964,2,37.0,1.0,0,,complete
full,malik beasley,2022,15558035,1,79.0,1.0,0,,complete
full,malik beasley,2023,2019706,1,81.0,1.0,1,laker_z,partial_impact
full,malik beasley,2024,6000000,1,79.0,1.0,0,,complete
full,malik fitts,2021,402218,1,3.0,0.5,1,laker_z,partial_impact
full,malik fitts,2022,555217,1,15.0,0.8,1,laker_z,partial_impact
full,malik monk,2019,4028400,1,73.0,0.5,0,,complete
full,malik monk,2020,5345687,1,55.0,0.8,0,,complete
full,malik monk,2021,1789256,1,42.0,1.0,0,,complete
full,malik monk,2022,9472219,1,76.0,1.0,0,,complete
full,malik monk,2023,9945830,2,77.0,1.0,0,,complete
full,malik monk,2024,17405203,1,72.0,1.0,0,,complete
full,malik monk,2025,18797619,2,65.0,1.0,0,,complete
full,malik monk,2026,20190035,3,62.0,1.0,0,,complete
full,mamadi diakite,2021,1040234,1,14.0,0.5,0,,complete
full,mamadi diakite,2023,252525,1,22.0,0.7,0,,complete
full,mamadi diakite,2024,464050,1,3.0,0.8,0,,complete
full,marc gasol,2019,25595700,1,53.0,0.5,0,,complete
full,marc gasol,2020,2564753,1,44.0,0.8,0,,complete
full,marc gasol,2021,2692991,1,52.0,1.0,0,,complete
full,marco belinelli,2019,5846154,1,79.0,0.5,0,,complete
full,marcus morris,2019,15000000,1,75.0,0.5,0,,complete
full,marcus morris,2020,14883721,2,43.0,0.8,0,,complete
full,marcus morris,2021,15627907,3,57.0,1.0,0,,complete
full,marcus morris,2022,16372093,4,54.0,1.0,0,,complete
full,marcus sasser,2024,2755080,2,71.0,0.5,0,,complete
full,marcus sasser,2025,2886720,3,57.0,0.8,0,,complete
full,marcus sasser,2026,5198983,1,38.0,1.0,0,,complete
full,marcus smart,2019,11768879,1,80.0,0.5,0,,complete
full,marcus smart,2020,13446428,2,60.0,0.8,0,,complete
full,marcus smart,2021,13839285,3,48.0,1.0,0,,complete
full,marcus smart,2022,17457142,1,71.0,1.0,0,,complete
full,marcus smart,2023,18833713,2,61.0,1.0,0,,complete
full,marcus smart,2024,20210284,3,20.0,1.0,0,,complete
full,marcus smart,2025,5134000,1,19.0,1.0,0,,complete
full,marcus smart,2026,6064000,1,62.0,1.0,0,,complete
full,mario hezonja,2019,1737145,1,58.0,0.5,0,,complete
full,mario hezonja,2020,1977011,1,53.0,0.8,0,,complete
full,marjon beauchamp,2023,2609400,2,52.0,0.5,0,,complete
full,marjon beauchamp,2024,2733720,1,48.0,0.8,0,,complete
full,mark williams,2023,3908160,2,43.0,0.5,0,,complete
full,mark williams,2024,4094280,3,19.0,0.8,0,,complete
full,mark williams,2025,6276531,1,44.0,1.0,0,,complete
full,mark williams,2026,11728395,1,60.0,1.0,0,,complete
full,markelle fultz,2019,9745200,1,19.0,0.5,0,,complete
full,markelle fultz,2020,12288697,1,72.0,0.8,0,,complete
full,markelle fultz,2021,16500000,1,8.0,1.0,0,,complete
full,markelle fultz,2022,16500000,2,18.0,1.0,0,,complete
full,markelle fultz,2023,17000000,3,60.0,1.0,0,,complete
full,markelle fultz,2024,731831,1,43.0,1.0,0,,complete
full,markieff morris,2019,2241808,1,34.0,0.5,0,,complete
full,markieff morris,2020,1620564,1,44.0,0.8,0,,complete
full,markieff morris,2021,2641691,1,61.0,1.0,0,,complete
full,markieff morris,2022,1836090,1,17.0,1.0,0,,complete
full,markieff morris,2023,2019706,2,27.0,1.0,0,,complete
full,markieff morris,2024,2087519,1,26.0,1.0,0,,complete
full,marko guduric,2020,2750000,2,44.0,0.5,0,,complete
full,marko simonovic,2022,1563518,1,9.0,0.5,1,laker_z,partial_impact
full,marquese chriss,2019,1413272,1,27.0,0.5,0,,complete
full,marquese chriss,2020,1824003,1,59.0,0.8,0,,complete
full,marquese chriss,2021,1292900,1,2.0,1.0,0,,complete
full,marquese chriss,2022,2193920,1,34.0,1.0,0,,complete
full,marvin bagley iii,2019,8556120,1,62.0,0.5,0,,complete
full,marvin bagley iii,2020,8963640,2,13.0,0.8,0,,complete
full,marvin bagley iii,2021,11312114,1,43.0,1.0,0,,complete
full,marvin bagley iii,2022,12500000,2,30.0,1.0,0,,complete
full,marvin bagley iii,2023,12500000,3,42.0,1.0,0,,complete
full,marvin bagley iii,2024,12500000,4,24.0,1.0,0,,complete
full,marvin bagley iii,2025,2296274,1,19.0,1.0,0,,complete
full,marvin bagley iii,2026,2449421,1,38.0,1.0,0,,complete
full,marvin williams,2019,14049901,1,75.0,0.5,0,,complete
full,mason plumlee,2019,14041096,1,82.0,0.5,0,,complete
full,mason plumlee,2020,8000000,1,61.0,0.8,0,,complete
full,mason plumlee,2021,8137500,2,56.0,1.0,0,,complete
full,mason plumlee,2022,9080417,3,73.0,1.0,0,,complete
full,mason plumlee,2023,5000000,1,56.0,1.0,0,,complete
full,mason plumlee,2024,2087519,1,46.0,1.0,0,,complete
full,mason plumlee,2025,2296274,2,74.0,1.0,0,,complete
full,matas buzelis,2025,5455560,2,80.0,0.5,0,,complete
full,matas buzelis,2026,5715360,3,77.0,0.8,0,,complete
full,matisse thybulle,2020,2711280,2,65.0,0.5,0,,complete
full,matisse thybulle,2021,2840160,3,65.0,0.8,0,,complete
full,matisse thybulle,2022,4379527,1,66.0,1.0,0,,complete
full,matisse thybulle,2023,10500000,1,22.0,1.0,0,,complete
full,matisse thybulle,2024,11025000,2,65.0,1.0,0,,complete
full,matisse thybulle,2025,11550000,3,15.0,1.0,0,,complete
full,matt ryan,2022,442439,1,1.0,0.5,0,,complete
full,matt ryan,2023,1500000,1,22.0,0.8,0,,complete
full,matt ryan,2024,621439,1,28.0,1.0,0,,complete
full,matt thomas,2020,1517981,1,41.0,0.5,0,,complete
full,matt thomas,2021,1669178,1,26.0,0.8,0,,complete
full,matthew dellavedova,2019,9607500,1,36.0,0.5,0,,complete
full,matthew dellavedova,2020,1620564,1,57.0,0.8,0,,complete
full,maurice harkless,2019,11511234,1,60.0,0.5,0,,complete
full,maurice harkless,2020,3623000,1,50.0,0.8,0,,complete
full,maurice harkless,2021,4347600,1,26.0,1.0,0,,complete
full,maurice harkless,2022,4564980,1,47.0,1.0,0,,complete
full,max christie,2023,1719864,1,41.0,0.5,0,,complete
full,max christie,2024,7142857,1,67.0,0.8,0,,complete
full,max christie,2025,7714286,2,46.0,1.0,0,,complete
full,max christie,2026,8285714,3,77.0,1.0,0,,complete
full,max strus,2021,1669178,1,39.0,0.5,0,,complete
full,max strus,2022,1815677,2,68.0,0.8,0,,complete
full,max strus,2023,14487684,1,80.0,1.0,0,,complete
full,max strus,2024,15212068,2,70.0,1.0,0,,complete
full,max strus,2025,15936452,3,50.0,1.0,0,,complete
full,max strus,2026,16660836,4,12.0,1.0,0,,complete
full,maxi kleber,2019,8000000,1,71.0,0.5,0,,complete
full,maxi kleber,2020,8325000,2,74.0,0.8,0,,complete
full,maxi kleber,2021,8750000,3,50.0,1.0,0,,complete
full,maxi kleber,2022,9000000,4,59.0,1.0,0,,complete
full,maxi kleber,2023,11000000,1,37.0,1.0,0,,complete
full,maxi kleber,2024,11000000,2,43.0,1.0,0,,complete
full,maxi kleber,2025,11000000,3,34.0,1.0,0,,complete
full,maxime raynaud,2026,2150917,1,74.0,0.5,0,,complete
full,maxwell lewis,2024,1891857,1,34.0,0.5,0,,complete
full,meyers leonard,2019,11286515,1,61.0,0.5,0,,complete
full,meyers leonard,2020,9400000,1,51.0,0.8,0,,complete
full,mfiondu kabengele,2020,356473,1,12.0,0.5,0,,complete
full,mfiondu kabengele,2021,19186,1,16.0,0.8,0,,complete
full,micah peavy,2026,2150917,1,61.0,0.5,0,,complete
full,micah potter,2025,1527805,1,38.0,0.5,0,,complete
full,micah potter,2026,2801346,1,47.0,0.8,0,,complete
full,michael carter-williams,2019,2028594,1,12.0,0.5,0,,complete
full,michael carter-williams,2020,3300000,1,45.0,0.8,0,,complete
full,michael carter-williams,2021,3300000,2,31.0,1.0,0,,complete
full,michael carter-williams,2022,652829,1,0.0,1.0,4,lebron_z|laker_z|usage_pct|ast_pct,did_not_play
full,michael kidd-gilchrist,2019,12189237,1,64.0,0.5,0,,complete
full,michael porter jr.,2019,3389400,1,0.0,0.5,4,lebron_z|laker_z|usage_pct|ast_pct,did_not_play
full,michael porter jr.,2020,3550800,2,55.0,0.8,0,,complete
full,michael porter jr.,2021,5258735,1,61.0,1.0,0,,complete
full,michael porter jr.,2022,30913750,1,9.0,1.0,0,,complete
full,michael porter jr.,2023,33386850,2,62.0,1.0,0,,complete
full,michael porter jr.,2024,35859950,3,81.0,1.0,0,,complete
full,michael porter jr.,2025,38333050,4,77.0,1.0,0,,complete
full,michael porter jr.,2026,40806150,5,52.0,1.0,0,,complete
full,mikal bridges,2019,4161000,1,82.0,0.5,0,,complete
full,mikal bridges,2020,4359000,2,73.0,0.8,0,,complete
full,mikal bridges,2021,5557725,1,72.0,1.0,0,,complete
full,mikal bridges,2022,20100000,1,82.0,1.0,0,,complete
full,mikal bridges,2023,21700000,2,56.0,1.0,0,,complete
full,mikal bridges,2024,23300000,3,82.0,1.0,0,,complete
full,mikal bridges,2025,24900000,4,82.0,1.0,0,,complete
full,mikal bridges,2026,33482145,1,82.0,1.0,0,,complete
full,mike conley,2019,32511623,1,70.0,0.5,0,,complete
full,mike conley,2020,34504132,2,47.0,0.8,0,,complete
full,mike conley,2021,21000000,1,51.0,1.0,0,,complete
full,mike conley,2022,22680000,2,72.0,1.0,0,,complete
full,mike conley,2023,24360000,3,43.0,1.0,0,,complete
full,mike conley,2024,9975962,1,76.0,1.0,0,,complete
full,mike conley,2025,725834,1,71.0,1.0,0,,complete
full,mike conley,2026,2449421,1,54.0,1.0,0,,complete
full,mike muscala,2019,2028594,1,47.0,0.5,0,,complete
full,mike muscala,2020,2283034,2,47.0,0.8,0,,complete
full,mike muscala,2021,3500000,1,35.0,1.0,0,,complete
full,mike muscala,2022,3500000,1,43.0,1.0,0,,complete
full,mike muscala,2023,3500000,1,20.0,1.0,0,,complete
full,mike scott,2019,4767000,1,52.0,0.5,0,,complete
full,mike scott,2020,5005350,2,68.0,0.8,0,,complete
full,miles bridges,2019,3755400,1,80.0,0.5,0,,complete
full,miles bridges,2020,3934320,2,65.0,0.8,0,,complete
full,miles bridges,2021,5421493,1,66.0,1.0,0,,complete
full,miles bridges,2024,27173913,1,69.0,0.5,0,,complete
full,miles bridges,2025,25000000,2,64.0,0.8,0,,complete
full,miles bridges,2026,22826087,3,77.0,1.0,0,,complete
full,miles mcbride,2022,1563518,1,40.0,0.5,0,,complete
full,miles mcbride,2023,1836096,1,64.0,0.8,0,,complete
full,miles mcbride,2024,4710144,1,68.0,1.0,0,,complete
full,miles mcbride,2025,4333333,2,64.0,1.0,0,,complete
full,miles mcbride,2026,3956523,3,41.0,1.0,0,,complete
full,miles plumlee,2019,12500000,1,18.0,0.5,0,,complete
full,mitchell robinson,2019,1559712,1,66.0,0.5,0,,complete
full,mitchell robinson,2020,1663861,2,61.0,0.8,0,,complete
full,mitchell robinson,2021,1802057,3,31.0,1.0,0,,complete
full,mitchell robinson,2022,17045454,1,72.0,1.0,0,,complete
full,mitchell robinson,2023,15681818,2,59.0,1.0,0,,complete
full,mitchell robinson,2024,14318182,3,31.0,1.0,1,laker_z,partial_impact
full,mitchell robinson,2025,12954546,4,17.0,1.0,0,,complete
full,mitchell robinson,2026,15044000,1,60.0,1.0,0,,complete
full,miye oni,2020,1517981,1,10.0,0.5,0,,complete
full,miye oni,2021,95930,1,54.0,0.8,0,,complete
full,mo bamba,2019,5697600,1,47.0,0.5,0,,complete
full,mo bamba,2020,5969040,2,62.0,0.8,0,,complete
full,mo bamba,2021,7568742,1,46.0,1.0,0,,complete
full,mo bamba,2022,10300000,1,71.0,1.0,0,,complete
full,mo bamba,2023,2019706,1,40.0,1.0,0,,complete
full,mo bamba,2024,2087519,2,57.0,1.0,0,,complete
full,mo bamba,2025,194771,1,28.0,1.0,0,,complete
full,mo bamba,2026,3286399,1,2.0,1.0,0,,complete
full,mohamed diawara,2026,2232143,1,69.0,0.5,0,,complete
full,monte morris,2019,1588231,1,82.0,0.5,0,,complete
full,monte morris,2020,1723707,2,73.0,0.8,0,,complete
full,monte morris,2021,8849071,1,47.0,1.0,0,,complete
full,monte morris,2022,9125000,2,75.0,1.0,0,,complete
full,monte morris,2023,9800926,3,62.0,1.0,0,,complete
full,monte morris,2024,2087519,1,27.0,1.0,0,,complete
full,monte morris,2025,321184,1,45.0,1.0,0,,complete
full,montrezl harrell,2019,6000000,1,82.0,0.5,0,,complete
full,montrezl harrell,2020,9258000,1,63.0,0.8,0,,complete
full,montrezl harrell,2021,9720900,1,69.0,1.0,0,,complete
full,montrezl harrell,2022,2463490,1,46.0,1.0,0,,complete
full,montrezl harrell,2023,2019706,1,57.0,1.0,1,laker_z,partial_impact
full,moritz wagner,2019,2063520,1,43.0,0.5,0,,complete
full,moritz wagner,2020,2161920,2,45.0,0.8,0,,complete
full,moritz wagner,2021,1729217,1,25.0,1.0,0,,complete
full,moritz wagner,2022,1878720,2,63.0,1.0,0,,complete
full,moritz wagner,2023,8000000,1,57.0,1.0,0,,complete
full,moritz wagner,2024,11000000,1,80.0,1.0,0,,complete
full,moritz wagner,2025,5000000,1,30.0,1.0,0,,complete
full,moses brown,2020,1250000,1,9.0,0.5,0,,complete
full,moses brown,2021,211046,1,43.0,0.8,0,,complete
full,moses brown,2022,105522,1,14.0,1.0,0,,complete
full,moses brown,2023,2019706,1,34.0,1.0,0,,complete
full,moses brown,2024,119972,1,22.0,1.0,0,,complete
full,moses moody,2022,3740160,2,52.0,0.5,0,,complete
full,moses moody,2023,3918480,3,63.0,0.8,0,,complete
full,moses moody,2024,5803269,1,66.0,1.0,0,,complete
full,moses moody,2025,11574075,1,74.0,1.0,0,,complete
full,moses moody,2026,12500000,2,60.0,1.0,0,,complete
full,mouhamadou gueye,2026,2411090,1,2.0,0.5,0,,complete
full,mouhamed gueye,2024,1891857,1,6.0,0.5,1,laker_z,partial_impact
full,mouhamed gueye,2025,2221677,1,33.0,0.8,0,,complete
full,mouhamed gueye,2026,2406205,2,77.0,1.0,0,,complete
full,mychal mulder,2020,1517981,1,7.0,0.5,0,,complete
full,myles turner,2019,17500000,1,74.0,0.5,0,,complete
full,myles turner,2020,17500000,2,62.0,0.8,0,,complete
full,myles turner,2021,17500000,3,47.0,1.0,0,,complete
full,myles turner,2022,35069500,1,42.0,1.0,0,,complete
full,myles turner,2023,20975000,1,62.0,1.0,0,,complete
full,myles turner,2024,19928500,2,77.0,1.0,0,,complete
full,myles turner,2025,25318251,1,72.0,1.0,0,,complete
full,myles turner,2026,26584164,2,71.0,1.0,0,,complete
full,myron gardner,2026,2150917,1,45.0,0.5,0,,complete
full,n'faly dante,2025,2048494,1,4.0,0.5,1,laker_z,partial_impact
full,nae'qwan tomlin,2025,718150,1,5.0,0.5,0,,complete
full,nae'qwan tomlin,2026,2411090,1,64.0,0.8,0,,complete
full,naji marshall,2021,1517981,1,32.0,0.5,0,,complete
full,naji marshall,2022,1782621,1,55.0,0.8,0,,complete
full,naji marshall,2023,1930681,2,77.0,1.0,1,laker_z,partial_impact
full,naji marshall,2024,8571429,1,66.0,1.0,0,,complete
full,naji marshall,2025,9000000,2,69.0,1.0,0,,complete
full,naji marshall,2026,9428571,3,74.0,1.0,0,,complete
full,nassir little,2020,2210640,2,48.0,0.5,0,,complete
full,nassir little,2021,2316240,3,48.0,0.8,0,,complete
full,nassir little,2022,4171548,1,42.0,1.0,0,,complete
full,nassir little,2023,6250000,1,54.0,1.0,0,,complete
full,nassir little,2024,3107143,1,45.0,1.0,0,,complete
full,nate hinton,2021,85578,1,21.0,0.5,0,,complete
full,nathan knight,2022,1836090,1,37.0,0.5,0,,complete
full,naz reid,2020,1517981,1,30.0,0.5,0,,complete
full,naz reid,2021,1782621,1,70.0,0.8,0,,complete
full,naz reid,2022,1930681,2,77.0,1.0,0,,complete
full,naz reid,2023,12950400,1,68.0,1.0,1,laker_z,partial_impact
full,naz reid,2024,13986432,2,81.0,1.0,0,,complete
full,naz reid,2025,21551724,1,80.0,1.0,0,,complete
full,naz reid,2026,23275862,2,77.0,1.0,0,,complete
full,neemias queta,2023,250000,1,5.0,0.5,0,,complete
full,neemias queta,2024,2162606,1,28.0,0.8,0,,complete
full,neemias queta,2025,2349578,2,62.0,1.0,0,,complete
full,neemias queta,2026,2667944,3,76.0,1.0,0,,complete
full,nemanja bjelica,2019,6825000,1,77.0,0.5,0,,complete
full,nemanja bjelica,2020,7150000,1,72.0,0.8,0,,complete
full,nemanja bjelica,2021,2089448,1,26.0,1.0,0,,complete
full,nerlens noel,2019,2028594,1,77.0,0.5,0,,complete
full,nerlens noel,2020,5000000,1,61.0,0.8,0,,complete
full,nerlens noel,2021,8800000,1,64.0,1.0,0,,complete
full,nerlens noel,2022,105522,1,25.0,1.0,0,,complete
full,nerlens noel,2023,300000,1,14.0,1.0,0,,complete
full,nic claxton,2020,1517981,1,15.0,0.5,0,,complete
full,nic claxton,2021,1782621,1,32.0,0.8,0,,complete
full,nic claxton,2022,8500000,1,47.0,1.0,0,,complete
full,nic claxton,2023,9625000,2,76.0,1.0,0,,complete
full,nic claxton,2024,27556817,1,71.0,1.0,0,,complete
full,nic claxton,2025,25352272,2,70.0,1.0,0,,complete
full,nic claxton,2026,23147727,3,69.0,1.0,0,,complete
full,nick richards,2021,1517981,1,18.0,0.5,0,,complete
full,nick richards,2022,1782621,1,50.0,0.8,0,,complete
full,nick richards,2023,5000000,1,65.0,1.0,1,laker_z,partial_impact
full,nick richards,2024,5000000,2,67.0,1.0,0,,complete
full,nick richards,2025,5000000,3,36.0,1.0,0,,complete
full,nick smith jr.,2024,2587200,2,51.0,0.5,0,,complete
full,nick smith jr.,2025,2710680,3,60.0,0.8,0,,complete
full,nickeil alexander-walker,2020,3113160,2,47.0,0.5,0,,complete
full,nickeil alexander-walker,2021,3261480,3,46.0,0.8,0,,complete
full,nickeil alexander-walker,2022,5009633,1,50.0,1.0,0,,complete
full,nickeil alexander-walker,2023,4687500,2,36.0,1.0,0,,complete
full,nickeil alexander-walker,2024,4312500,3,82.0,1.0,0,,complete
full,nickeil alexander-walker,2025,15161800,1,82.0,1.0,0,,complete
full,nickeil alexander-walker,2026,14403710,2,78.0,1.0,0,,complete
full,nicolas batum,2019,25565217,1,75.0,0.5,0,,complete
full,nicolas batum,2020,8856969,1,22.0,0.8,0,,complete
full,nicolas batum,2021,8856969,2,67.0,1.0,0,,complete
full,nicolas batum,2022,10843350,1,59.0,1.0,0,,complete
full,nicolas batum,2023,11710818,2,78.0,1.0,0,,complete
full,nicolas batum,2024,4668000,1,57.0,1.0,0,,complete
full,nicolas batum,2025,5601600,1,78.0,1.0,0,,complete
full,nicolas batum,2026,5881680,2,74.0,1.0,0,,complete
full,nik stauskas,2022,702311,1,2.0,0.5,0,,complete
full,nikola jokic,2019,26573595,1,80.0,0.5,0,,complete
full,nikola jokic,2020,29542010,2,73.0,0.8,0,,complete
full,nikola jokic,2021,30510423,3,72.0,1.0,0,,complete
full,nikola jokic,2022,33047803,4,74.0,1.0,0,,complete
full,nikola jokic,2023,47607350,1,69.0,1.0,0,,complete
full,nikola jokic,2024,51415938,2,79.0,1.0,0,,complete
full,nikola jokic,2025,55224526,3,70.0,1.0,0,,complete
full,nikola jokic,2026,59033114,4,65.0,1.0,0,,complete
full,nique clifford,2026,3263400,2,75.0,0.5,0,,complete
full,noa essengue,2026,5701200,2,2.0,0.5,1,laker_z,partial_impact
full,noah clowney,2024,3244080,2,23.0,0.5,0,,complete
full,noah clowney,2025,3398640,3,46.0,0.8,0,,complete
full,noah clowney,2026,5414034,1,66.0,1.0,0,,complete
full,noah penda,2026,2150917,1,59.0,0.5,0,,complete
full,noah vonleh,2019,2000000,1,68.0,0.5,0,,complete
full,noah vonleh,2020,263995,1,29.0,0.8,0,,complete
full,nolan traore,2026,4002000,2,56.0,0.5,0,,complete
full,norman powell,2019,10116576,1,60.0,0.5,0,,complete
full,norman powell,2020,10865952,2,52.0,0.8,0,,complete
full,norman powell,2021,15517242,1,42.0,1.0,0,,complete
full,norman powell,2022,16758621,2,40.0,1.0,0,,complete
full,norman powell,2023,18000000,3,60.0,1.0,0,,complete
full,norman powell,2024,19241379,4,76.0,1.0,0,,complete
full,norman powell,2025,20482758,5,60.0,1.0,0,,complete
full,norman powell,2026,21500000,1,58.0,1.0,0,,complete
full,norvel pelle,2020,217845,1,24.0,0.5,0,,complete
full,norvel pelle,2021,95930,1,9.0,0.8,0,,complete
full,obi toppin,2021,5105160,2,62.0,0.5,0,,complete
full,obi toppin,2022,5348280,3,72.0,0.8,0,,complete
full,obi toppin,2023,6803012,1,67.0,1.0,0,,complete
full,obi toppin,2024,12975000,1,82.0,1.0,0,,complete
full,obi toppin,2025,14000000,2,79.0,1.0,0,,complete
full,obi toppin,2026,15000000,3,24.0,1.0,0,,complete
full,ochai agbaji,2023,4114200,2,59.0,0.5,0,,complete
full,ochai agbaji,2024,4310280,3,51.0,0.8,0,,complete
full,ochai agbaji,2025,6383525,1,64.0,1.0,0,,complete
full,og anunoby,2019,2281800,1,67.0,0.5,0,,complete
full,og anunoby,2020,3872215,1,69.0,0.8,0,,complete
full,og anunoby,2021,16071429,1,43.0,1.0,0,,complete
full,og anunoby,2022,17357143,2,48.0,1.0,0,,complete
full,og anunoby,2023,18642857,1,67.0,1.0,0,,complete
full,og anunoby,2024,36637932,1,27.0,1.0,0,,complete
full,og anunoby,2025,39568966,2,74.0,1.0,0,,complete
full,og anunoby,2026,42500000,3,67.0,1.0,0,,complete
full,olivier-maxence prosper,2024,2870400,2,40.0,0.5,0,,complete
full,olivier-maxence prosper,2025,1002360,1,52.0,0.8,0,,complete
full,olivier-maxence prosper,2026,2497812,1,53.0,1.0,0,,complete
full,omari spellman,2019,1897800,1,46.0,0.5,0,,complete
full,omari spellman,2020,1988280,1,49.0,0.8,0,,complete
full,omer yurtseven,2021,1489065,1,0.0,0.5,4,lebron_z|laker_z|usage_pct|ast_pct,did_not_play
full,omer yurtseven,2022,1752638,1,56.0,0.8,0,,complete
full,omer yurtseven,2023,2800000,1,9.0,1.0,1,laker_z,partial_impact
full,onyeka okongwu,2021,6104280,2,50.0,0.5,0,,complete
full,onyeka okongwu,2022,6395160,3,48.0,0.8,0,,complete
full,onyeka okongwu,2023,8109063,1,80.0,1.0,0,,complete
full,onyeka okongwu,2024,14000000,1,55.0,1.0,0,,complete
full,onyeka okongwu,2025,15000000,2,74.0,1.0,0,,complete
full,onyeka okongwu,2026,16120000,3,74.0,1.0,0,,complete
full,orlando robinson,2023,1801769,1,31.0,0.5,0,,complete
full,orlando robinson,2024,959779,1,36.0,0.8,0,,complete
full,oshae brissett,2020,955493,1,19.0,0.5,0,,complete
full,oshae brissett,2021,1701593,1,21.0,0.8,0,,complete
full,oshae brissett,2022,1846738,2,67.0,1.0,0,,complete
full,oshae brissett,2023,2165000,1,65.0,1.0,0,,complete
full,oshae brissett,2024,119972,1,55.0,1.0,0,,complete
full,oso ighodaro,2025,1955377,1,61.0,0.5,0,,complete
full,oso ighodaro,2026,2296271,1,82.0,0.8,0,,complete
full,ousmane dieng,2023,4798440,2,39.0,0.5,0,,complete
full,ousmane dieng,2024,5027040,3,33.0,0.8,0,,complete
full,ousmane dieng,2025,6670882,1,37.0,1.0,0,,complete
full,ousmane dieng,2026,5750000,1,30.0,1.0,0,,complete
full,p.j. tucker,2019,8349039,1,82.0,0.5,0,,complete
full,p.j. tucker,2020,7969537,1,72.0,0.8,0,,complete
full,p.j. tucker,2021,7000000,1,32.0,1.0,0,,complete
full,p.j. tucker,2022,10490000,1,71.0,1.0,0,,complete
full,p.j. tucker,2023,11014500,1,75.0,1.0,0,,complete
full,p.j. tucker,2024,246833,1,28.0,1.0,0,,complete
full,p.j. washington,2020,4023600,2,58.0,0.5,0,,complete
full,p.j. washington,2021,4215120,3,64.0,0.8,0,,complete
full,p.j. washington,2022,5808435,1,65.0,1.0,0,,complete
full,p.j. washington,2023,16847826,1,73.0,1.0,1,laker_z,partial_impact
full,p.j. washington,2024,15500000,2,44.0,1.0,0,,complete
full,p.j. washington,2025,14152174,3,57.0,1.0,0,,complete
full,p.j. washington,2026,19813044,1,56.0,1.0,0,,complete
full,paolo banchero,2023,11608080,2,72.0,0.5,1,laker_z,partial_impact
full,paolo banchero,2024,12160800,3,80.0,0.8,0,,complete
full,paolo banchero,2025,15334769,1,46.0,1.0,0,,complete
full,paolo banchero,2026,41240250,1,72.0,1.0,0,,complete
full,pascal siakam,2019,2351839,1,80.0,0.5,0,,complete
full,pascal siakam,2020,30559200,1,60.0,0.8,0,,complete
full,pascal siakam,2021,33003936,2,56.0,1.0,0,,complete
full,pascal siakam,2022,35448672,3,68.0,1.0,0,,complete
full,pascal siakam,2023,37893408,4,71.0,1.0,0,,complete
full,pascal siakam,2024,42176400,5,39.0,1.0,0,,complete
full,pascal siakam,2025,45550512,6,78.0,1.0,0,,complete
full,pascal siakam,2026,48924624,7,62.0,1.0,0,,complete
full,pat connaughton,2019,1723050,1,61.0,0.5,0,,complete
full,pat connaughton,2020,4938273,1,67.0,0.8,0,,complete
full,pat connaughton,2021,5333333,2,69.0,1.0,0,,complete
full,pat connaughton,2022,5728393,3,65.0,1.0,0,,complete
full,pat connaughton,2023,9423869,1,61.0,1.0,0,,complete
full,pat connaughton,2024,9423869,2,76.0,1.0,0,,complete
full,pat connaughton,2025,10739683,3,41.0,1.0,0,,complete
full,pat connaughton,2026,3815861,1,42.0,1.0,0,,complete
full,pat spencer,2024,438810,1,6.0,0.5,0,,complete
full,pat spencer,2025,857804,1,39.0,0.8,0,,complete
full,patrick baldwin jr.,2023,2337720,2,31.0,0.5,0,,complete
full,patrick baldwin jr.,2024,2448840,3,38.0,0.8,0,,complete
full,patrick baldwin jr.,2025,131970,1,22.0,1.0,0,,complete
full,patrick beverley,2019,12345679,1,78.0,0.5,0,,complete
full,patrick beverley,2020,13333333,2,51.0,0.8,0,,complete
full,patrick beverley,2021,14320988,1,37.0,1.0,0,,complete
full,patrick beverley,2022,506508,1,58.0,1.0,0,,complete
full,patrick beverley,2023,2019706,1,67.0,1.0,1,laker_z,partial_impact
full,patrick mccaw,2019,4000000,1,26.0,0.5,0,,complete
full,patrick mccaw,2020,4000000,2,37.0,0.8,0,,complete
full,patrick patterson,2019,2331593,1,63.0,0.5,0,,complete
full,patrick patterson,2020,3077704,1,59.0,0.8,0,,complete
full,patrick patterson,2021,737066,1,38.0,1.0,0,,complete
full,patrick williams,2021,7422000,2,71.0,0.5,0,,complete
full,patrick williams,2022,7775400,3,17.0,0.8,0,,complete
full,patrick williams,2023,9835881,1,82.0,1.0,1,laker_z,partial_impact
full,patrick williams,2024,18000000,1,43.0,1.0,0,,complete
full,patrick williams,2025,18000000,2,63.0,1.0,0,,complete
full,patrick williams,2026,18000000,3,72.0,1.0,0,,complete
full,patty mills,2019,12428571,1,82.0,0.5,0,,complete
full,patty mills,2020,13535714,2,66.0,0.8,0,,complete
full,patty mills,2021,5890000,1,68.0,1.0,0,,complete
full,patty mills,2022,6479000,2,81.0,1.0,0,,complete
full,patty mills,2023,6802950,1,40.0,1.0,0,,complete
full,patty mills,2024,2087519,1,13.0,1.0,0,,complete
full,pau gasol,2019,463684,1,27.0,0.5,0,,complete
full,paul george,2019,33005556,1,77.0,0.5,0,,complete
full,paul george,2020,35450412,2,48.0,0.8,0,,complete
full,paul george,2021,39344970,3,54.0,1.0,0,,complete
full,paul george,2022,42492492,4,31.0,1.0,0,,complete
full,paul george,2023,45640084,5,56.0,1.0,0,,complete
full,paul george,2024,49205800,6,74.0,1.0,0,,complete
full,paul george,2025,51666090,7,41.0,1.0,0,,complete
full,paul george,2026,54126380,8,37.0,1.0,0,,complete
full,paul millsap,2019,30500000,1,70.0,0.5,0,,complete
full,paul millsap,2020,10000000,1,51.0,0.8,0,,complete
full,paul millsap,2021,2641691,1,56.0,1.0,0,,complete
full,paul reed,2021,1517981,1,26.0,0.5,0,,complete
full,paul reed,2022,1782621,1,38.0,0.8,0,,complete
full,paul reed,2023,7723000,1,69.0,1.0,0,,complete
full,paul reed,2024,2485563,1,82.0,1.0,0,,complete
full,paul reed,2025,5335894,1,45.0,1.0,0,,complete
full,paul reed,2026,5602689,2,65.0,1.0,0,,complete
full,paul watson,2020,1445697,1,8.0,0.5,0,,complete
full,payton pritchard,2021,2137440,2,66.0,0.5,0,,complete
full,payton pritchard,2022,2239200,3,71.0,0.8,0,,complete
full,payton pritchard,2023,4037277,1,48.0,1.0,0,,complete
full,payton pritchard,2024,6696429,1,82.0,1.0,0,,complete
full,payton pritchard,2025,7232143,2,80.0,1.0,0,,complete
full,payton pritchard,2026,7767857,3,79.0,1.0,0,,complete
full,pelle larsson,2025,1955377,1,55.0,0.5,0,,complete
full,pelle larsson,2026,2296271,1,70.0,0.8,0,,complete
full,pete nance,2026,2537526,1,47.0,0.5,0,,complete
full,peyton watson,2023,2303520,2,23.0,0.5,0,,complete
full,peyton watson,2024,2413560,3,80.0,0.8,0,,complete
full,peyton watson,2025,4356476,1,68.0,1.0,0,,complete
full,pj dozier,2019,183115,1,6.0,0.5,0,,complete
full,pj dozier,2020,1762796,1,29.0,0.8,0,,complete
full,pj dozier,2021,1910860,1,50.0,1.0,0,,complete
full,pj dozier,2022,539450,1,18.0,1.0,0,,complete
full,precious achiuwa,2021,2711280,2,61.0,0.5,0,,complete
full,precious achiuwa,2022,2840160,3,73.0,0.8,0,,complete
full,precious achiuwa,2023,4379527,1,55.0,1.0,0,,complete
full,precious achiuwa,2024,6000000,1,49.0,1.0,0,,complete
full,precious achiuwa,2025,2111516,1,57.0,1.0,0,,complete
full,precious achiuwa,2026,5477000,1,73.0,1.0,0,,complete
full,quentin grimes,2022,2277000,2,46.0,0.5,0,,complete
full,quentin grimes,2023,2385720,3,71.0,0.8,0,,complete
full,quentin grimes,2024,4296682,1,45.0,1.0,0,,complete
full,quentin grimes,2025,8741209,1,47.0,1.0,0,,complete
full,quentin grimes,2026,13953489,1,75.0,1.0,0,,complete
full,quinn cook,2019,3000000,1,74.0,0.5,0,,complete
full,quinn cook,2020,221996,1,44.0,0.8,0,,complete
full,quinndary weatherspoon,2021,95930,1,20.0,0.5,0,,complete
full,quinten post,2025,1955377,1,42.0,0.5,0,,complete
full,quinten post,2026,8285714,1,67.0,0.8,0,,complete
full,r.j. hampton,2021,2303040,2,26.0,0.5,0,,complete
full,r.j. hampton,2022,485403,1,64.0,0.8,0,,complete
full,r.j. hampton,2023,116075,1,21.0,1.0,0,,complete
full,rajon rondo,2019,2564753,1,46.0,0.5,0,,complete
full,rajon rondo,2020,8250000,1,48.0,0.8,0,,complete
full,rajon rondo,2021,2641691,1,27.0,1.0,0,,complete
full,rasheer fleming,2026,2150917,1,55.0,0.5,0,,complete
full,raul neto,2019,1737145,1,37.0,0.5,0,,complete
full,raul neto,2020,1620564,1,54.0,0.8,0,,complete
full,raul neto,2021,2089448,1,64.0,1.0,0,,complete
full,raul neto,2022,1836090,1,70.0,1.0,0,,complete
full,rayan rupert,2024,1891857,1,39.0,0.5,0,,complete
full,rayan rupert,2025,2221677,1,52.0,0.8,0,,complete
full,rayjon tucker,2020,340000,1,20.0,0.5,0,,complete
full,rayjon tucker,2021,95930,1,14.0,0.8,0,,complete
full,reed sheppard,2025,10603560,2,52.0,0.5,0,,complete
full,reed sheppard,2026,11108880,3,82.0,0.8,0,,complete
full,reggie bullock,2019,4000000,1,44.0,0.5,0,,complete
full,reggie bullock,2020,4200000,2,29.0,0.8,0,,complete
full,reggie bullock,2021,9536000,1,65.0,1.0,0,,complete
full,reggie bullock,2022,10012800,2,68.0,1.0,0,,complete
full,reggie bullock,2023,2019706,1,78.0,1.0,0,,complete
full,reggie jackson,2019,17286956,1,82.0,0.5,0,,complete
full,reggie jackson,2020,1620564,1,14.0,0.8,0,,complete
full,reggie jackson,2021,10384500,1,67.0,1.0,0,,complete
full,reggie jackson,2022,10876844,1,75.0,1.0,0,,complete
full,reggie jackson,2023,5000000,1,52.0,1.0,0,,complete
full,reggie jackson,2024,1946229,1,82.0,1.0,0,,complete
full,reggie perry,2021,85578,1,26.0,0.5,0,,complete
full,richaun holmes,2019,4767000,1,70.0,0.5,0,,complete
full,richaun holmes,2020,5005350,2,44.0,0.8,0,,complete
full,richaun holmes,2021,10384500,1,61.0,1.0,0,,complete
full,richaun holmes,2022,11215260,2,45.0,1.0,0,,complete
full,richaun holmes,2023,12046020,1,42.0,1.0,0,,complete
full,ricky rubio,2019,16200000,1,68.0,0.5,0,,complete
full,ricky rubio,2020,17000000,2,65.0,0.8,0,,complete
full,ricky rubio,2021,17800000,3,68.0,1.0,0,,complete
full,ricky rubio,2022,5853659,1,34.0,1.0,0,,complete
full,ricky rubio,2023,3695311,1,33.0,1.0,0,,complete
full,ricky rubio,2024,424672,1,0.0,1.0,4,lebron_z|laker_z|usage_pct|ast_pct,did_not_play
full,rj barrett,2020,8231760,2,56.0,0.5,0,,complete
full,rj barrett,2021,8623920,3,72.0,0.8,0,,complete
full,rj barrett,2022,10900635,1,70.0,1.0,0,,complete
full,rj barrett,2023,23883929,1,73.0,1.0,0,,complete
full,rj barrett,2024,25794643,2,32.0,1.0,0,,complete
full,rj barrett,2025,27705357,3,58.0,1.0,0,,complete
full,rj barrett,2026,29616071,4,57.0,1.0,0,,complete
full,rob dillingham,2025,6576120,2,49.0,0.5,0,,complete
full,rob dillingham,2026,6889320,3,30.0,0.8,0,,complete
full,robert covington,2019,11301219,1,22.0,0.5,0,,complete
full,robert covington,2020,12138345,1,48.0,0.8,0,,complete
full,robert covington,2021,12975471,1,70.0,1.0,0,,complete
full,robert covington,2022,12307692,2,48.0,1.0,0,,complete
full,robert covington,2023,11692308,1,48.0,1.0,0,,complete
full,robert franks,2020,198040,1,0.0,0.5,4,lebron_z|laker_z|usage_pct|ast_pct,did_not_play
full,robin lopez,2019,4767000,1,74.0,0.5,0,,complete
full,robin lopez,2020,7300000,1,66.0,0.8,0,,complete
full,robin lopez,2021,5000000,1,71.0,1.0,0,,complete
full,robin lopez,2022,1836090,1,36.0,1.0,0,,complete
full,robin lopez,2023,2019706,1,37.0,1.0,0,,complete
full,rodions kurucs,2019,1699236,1,63.0,0.5,0,,complete
full,rodions kurucs,2020,1780152,1,47.0,0.8,0,,complete
full,rodney hood,2019,5718000,1,45.0,0.5,0,,complete
full,rodney hood,2020,10047450,1,21.0,0.8,0,,complete
full,rodney hood,2021,2239544,1,38.0,1.0,0,,complete
full,rodney mcgruder,2019,4807693,1,66.0,0.5,0,,complete
full,rodney mcgruder,2020,5192307,1,56.0,0.8,0,,complete
full,rodney mcgruder,2021,1939350,1,16.0,1.0,0,,complete
full,rodney mcgruder,2022,1836090,2,51.0,1.0,0,,complete
full,romeo langford,2020,3631200,2,32.0,0.5,0,,complete
full,romeo langford,2021,3804360,1,18.0,0.8,0,,complete
full,romeo langford,2022,5634257,1,44.0,1.0,0,,complete
full,rondae hollis-jefferson,2019,2500000,1,59.0,0.5,0,,complete
full,rondae hollis-jefferson,2020,432891,1,60.0,0.8,0,,complete
full,royce o'neale,2019,1618520,1,82.0,0.5,0,,complete
full,royce o'neale,2020,8500000,1,71.0,0.8,0,,complete
full,royce o'neale,2021,8800000,2,71.0,1.0,0,,complete
full,royce o'neale,2022,9200000,3,77.0,1.0,0,,complete
full,royce o'neale,2023,9500000,4,76.0,1.0,1,laker_z,partial_impact
full,royce o'neale,2024,9375000,5,49.0,1.0,0,,complete
full,royce o'neale,2025,10125000,6,75.0,1.0,0,,complete
full,royce o'neale,2026,10875000,7,78.0,1.0,0,,complete
full,rudy gay,2019,14000000,1,69.0,0.5,0,,complete
full,rudy gay,2020,14500000,2,67.0,0.8,0,,complete
full,rudy gay,2021,5890000,1,63.0,1.0,0,,complete
full,rudy gay,2022,6184500,2,55.0,1.0,0,,complete
full,rudy gay,2023,6479000,1,56.0,1.0,0,,complete
full,rudy gobert,2019,25008427,1,81.0,0.5,0,,complete
full,rudy gobert,2020,27525281,2,68.0,0.8,0,,complete
full,rudy gobert,2021,35344828,1,71.0,1.0,0,,complete
full,rudy gobert,2022,38172414,2,66.0,1.0,0,,complete
full,rudy gobert,2023,41000000,3,70.0,1.0,0,,complete
full,rudy gobert,2024,43827586,4,76.0,1.0,0,,complete
full,rudy gobert,2025,35000000,1,72.0,1.0,0,,complete
full,rudy gobert,2026,36500000,2,76.0,1.0,0,,complete
full,rui hachimura,2020,4692840,2,48.0,0.5,0,,complete
full,rui hachimura,2021,4916160,3,57.0,0.8,0,,complete
full,rui hachimura,2022,6263188,1,42.0,1.0,0,,complete
full,rui hachimura,2023,15740741,1,30.0,1.0,0,,complete
full,rui hachimura,2024,17000000,2,68.0,1.0,0,,complete
full,rui hachimura,2025,18259259,3,59.0,1.0,0,,complete
full,rui hachimura,2026,14000000,1,68.0,1.0,0,,complete
full,russell westbrook,2019,38506482,1,73.0,0.5,0,,complete
full,russell westbrook,2020,41358814,2,57.0,0.8,0,,complete
full,russell westbrook,2021,44211146,3,65.0,1.0,0,,complete
full,russell westbrook,2022,46295265,4,78.0,1.0,0,,complete
full,russell westbrook,2023,3835738,1,21.0,1.0,0,,complete
full,russell westbrook,2024,3303771,1,68.0,1.0,0,,complete
full,russell westbrook,2025,2296274,1,75.0,1.0,0,,complete
full,ryan anderson,2019,500000,1,15.0,0.5,0,,complete
full,ryan anderson,2020,5214583,1,2.0,0.8,0,,complete
full,ryan arcidiacono,2019,3000000,1,81.0,0.5,0,,complete
full,ryan arcidiacono,2020,3000000,2,58.0,0.8,0,,complete
full,ryan arcidiacono,2021,791798,1,44.0,1.0,0,,complete
full,ryan arcidiacono,2022,1836090,1,10.0,1.0,0,,complete
full,ryan arcidiacono,2023,2019706,1,9.0,1.0,0,,complete
full,ryan broekhoff,2019,1416852,1,42.0,0.5,0,,complete
full,ryan dunn,2025,2657760,2,74.0,0.5,0,,complete
full,ryan dunn,2026,2784240,3,70.0,0.8,0,,complete
full,ryan kalkbrenner,2026,2411090,2,69.0,0.5,0,,complete
full,ryan rollins,2023,1719864,1,12.0,0.5,0,,complete
full,ryan rollins,2024,600000,1,10.0,0.8,0,,complete
full,ryan rollins,2025,4000000,1,56.0,1.0,0,,complete
full,ryan rollins,2026,4000000,2,74.0,1.0,0,,complete
full,saben lee,2021,1489065,1,48.0,0.5,0,,complete
full,saben lee,2022,105522,1,37.0,0.8,0,,complete
full,saddiq bey,2021,2824320,2,70.0,0.5,0,,complete
full,saddiq bey,2022,2959080,3,82.0,0.8,0,,complete
full,saddiq bey,2023,4556983,1,52.0,1.0,0,,complete
full,saddiq bey,2024,6440678,1,63.0,1.0,0,,complete
full,saddiq bey,2025,6118644,2,0.0,1.0,4,lebron_z|laker_z|usage_pct|ast_pct,did_not_play
full,saddiq bey,2026,6440678,3,72.0,1.0,0,,complete
full,sam hauser,2022,1637966,1,26.0,0.5,0,,complete
full,sam hauser,2023,1927896,1,80.0,0.8,0,,complete
full,sam hauser,2024,2092344,2,79.0,1.0,0,,complete
full,sam hauser,2025,10044644,1,71.0,1.0,0,,complete
full,sam hauser,2026,10848215,2,78.0,1.0,0,,complete
full,sam merrill,2021,1517981,1,30.0,0.5,0,,complete
full,sam merrill,2022,850000,1,6.0,0.8,0,,complete
full,sam merrill,2023,1997238,1,5.0,1.0,0,,complete
full,sam merrill,2024,2164993,2,61.0,1.0,0,,complete
full,sam merrill,2025,8482144,1,71.0,1.0,0,,complete
full,sam merrill,2026,9160715,2,52.0,1.0,0,,complete
full,sandro mamukelashvili,2022,357717,1,41.0,0.5,0,,complete
full,sandro mamukelashvili,2023,2019706,1,19.0,0.8,0,,complete
full,sandro mamukelashvili,2024,2087519,2,46.0,1.0,0,,complete
full,sandro mamukelashvili,2025,2461463,1,61.0,1.0,0,,complete
full,sandro mamukelashvili,2026,13000000,1,80.0,1.0,0,,complete
full,santi aldama,2022,2094120,2,32.0,0.5,0,,complete
full,santi aldama,2023,2194200,3,77.0,0.8,0,,complete
full,santi aldama,2024,3960531,1,61.0,1.0,0,,complete
full,santi aldama,2025,18485916,1,65.0,1.0,0,,complete
full,santi aldama,2026,17007043,2,43.0,1.0,0,,complete
full,scoot henderson,2024,10259160,2,62.0,0.5,0,,complete
full,scoot henderson,2025,10748040,3,66.0,0.8,0,,complete
full,scoot henderson,2026,13585523,1,30.0,1.0,0,,complete
full,scottie barnes,2022,7644600,2,74.0,0.5,0,,complete
full,scottie barnes,2023,8008680,3,77.0,0.8,0,,complete
full,scottie barnes,2024,10130980,1,60.0,1.0,0,,complete
full,scottie barnes,2025,38661750,1,65.0,1.0,0,,complete
full,scottie barnes,2026,41754690,2,80.0,1.0,0,,complete
full,scotty pippen jr.,2024,2087519,1,21.0,0.5,0,,complete
full,scotty pippen jr.,2025,2270735,2,79.0,0.8,0,,complete
full,scotty pippen jr.,2026,2461462,3,10.0,1.0,0,,complete
full,sekou doumbouya,2020,3449400,2,38.0,0.5,0,,complete
full,sekou doumbouya,2021,3613680,1,56.0,0.8,0,,complete
full,semi ojeleye,2019,1618520,1,56.0,0.5,0,,complete
full,semi ojeleye,2020,1752950,2,69.0,0.8,0,,complete
full,semi ojeleye,2021,1789256,1,56.0,1.0,0,,complete
full,serge ibaka,2019,23271604,1,74.0,0.5,0,,complete
full,serge ibaka,2020,9258000,1,55.0,0.8,0,,complete
full,serge ibaka,2021,9720900,1,41.0,1.0,0,,complete
full,serge ibaka,2022,1836090,1,35.0,1.0,0,,complete
full,seth curry,2019,7461380,1,74.0,0.5,0,,complete
full,seth curry,2020,7834449,2,64.0,0.8,0,,complete
full,seth curry,2021,8207518,3,57.0,1.0,0,,complete
full,seth curry,2022,8496653,4,45.0,1.0,0,,complete
full,seth curry,2023,4000000,1,61.0,1.0,1,laker_z,partial_impact
full,seth curry,2024,2087519,1,36.0,1.0,0,,complete
full,seth curry,2025,1755198,1,68.0,1.0,0,,complete
full,shabazz napier,2019,1845301,1,56.0,0.5,0,,complete
full,shaedon sharpe,2023,6313800,2,80.0,0.5,0,,complete
full,shaedon sharpe,2024,6614160,3,32.0,0.8,0,,complete
full,shaedon sharpe,2025,8399983,1,72.0,1.0,0,,complete
full,shaedon sharpe,2026,20089287,1,50.0,1.0,0,,complete
full,shai gilgeous-alexander,2019,3952920,1,82.0,0.5,0,,complete
full,shai gilgeous-alexander,2020,4141320,2,70.0,0.8,0,,complete
full,shai gilgeous-alexander,2021,5495532,1,35.0,1.0,0,,complete
full,shai gilgeous-alexander,2022,30913750,1,56.0,1.0,0,,complete
full,shai gilgeous-alexander,2023,33386850,2,68.0,1.0,0,,complete
full,shai gilgeous-alexander,2024,35859950,3,75.0,1.0,0,,complete
full,shai gilgeous-alexander,2025,38333050,4,76.0,1.0,0,,complete
full,shai gilgeous-alexander,2026,40806150,5,68.0,1.0,0,,complete
full,shake milton,2019,1445697,1,20.0,0.5,0,,complete
full,shake milton,2020,1701593,1,40.0,0.8,0,,complete
full,shake milton,2021,1846738,2,63.0,1.0,0,,complete
full,shake milton,2022,1997718,3,55.0,1.0,0,,complete
full,shake milton,2023,5000000,1,76.0,1.0,1,laker_z,partial_impact
full,shake milton,2024,2875000,1,38.0,1.0,0,,complete
full,shaquille harrison,2019,898310,1,73.0,0.5,0,,complete
full,shaquille harrison,2020,770433,1,43.0,0.8,0,,complete
full,shaquille harrison,2021,205662,1,17.0,1.0,0,,complete
full,shaquille harrison,2022,12260,1,2.0,1.0,0,,complete
full,shaquille harrison,2023,116075,1,5.0,1.0,0,,complete
full,shaun livingston,2019,666667,1,64.0,0.5,0,,complete
full,sidy cissoko,2024,1891857,1,12.0,0.5,0,,complete
full,sidy cissoko,2025,686243,1,5.0,0.8,0,,complete
full,sidy cissoko,2026,2497812,1,75.0,1.0,0,,complete
full,simone fontecchio,2023,3044872,2,52.0,0.5,0,,complete
full,simone fontecchio,2024,7692308,1,50.0,0.8,0,,complete
full,simone fontecchio,2025,8307692,2,75.0,1.0,0,,complete
full,simone fontecchio,2026,2449421,1,70.0,1.0,0,,complete
full,sindarius thornwell,2019,183115,1,64.0,0.5,0,,complete
full,sindarius thornwell,2020,943480,1,2.0,0.8,0,,complete
full,sion james,2026,2411090,2,82.0,0.5,0,,complete
full,skylar mays,2021,34231,1,33.0,0.5,0,,complete
full,skylar mays,2022,105522,1,28.0,0.8,0,,complete
full,skylar mays,2023,1799163,1,6.0,1.0,0,,complete
full,solomon hill,2019,12758781,1,44.0,0.5,0,,complete
full,solomon hill,2020,1620564,1,48.0,0.8,0,,complete
full,solomon hill,2021,2389641,1,71.0,1.0,0,,complete
full,spencer dinwiddie,2019,10605600,1,68.0,0.5,0,,complete
full,spencer dinwiddie,2020,11454048,2,64.0,0.8,0,,complete
full,spencer dinwiddie,2021,17142857,1,3.0,1.0,0,,complete
full,spencer dinwiddie,2022,19500000,1,44.0,1.0,0,,complete
full,spencer dinwiddie,2023,1554654,1,53.0,1.0,0,,complete
full,spencer dinwiddie,2024,2087519,1,48.0,1.0,0,,complete
full,spencer jones,2025,623967,1,20.0,0.5,0,,complete
full,stanley johnson,2019,3623000,1,48.0,0.5,0,,complete
full,stanley johnson,2020,3804150,2,25.0,0.8,0,,complete
full,stanley johnson,2021,120083,1,61.0,1.0,0,,complete
full,stanley johnson,2022,1245164,1,48.0,1.0,0,,complete
full,stanley umude,2023,538460,1,1.0,0.5,0,,complete
full,stephen curry,2019,40231758,1,69.0,0.5,0,,complete
full,stephen curry,2020,43006362,2,5.0,0.8,0,,complete
full,stephen curry,2021,45780966,3,63.0,1.0,0,,complete
full,stephen curry,2022,48070014,4,64.0,1.0,0,,complete
full,stephen curry,2023,51915615,5,56.0,1.0,0,,complete
full,stephen curry,2024,55761216,6,74.0,1.0,0,,complete
full,stephen curry,2025,59606817,7,70.0,1.0,0,,complete
full,stephen curry,2026,62587158,8,43.0,1.0,0,,complete
full,stephon castle,2025,9560520,2,81.0,0.5,0,,complete
full,stephon castle,2026,10015920,3,68.0,0.8,0,,complete
full,sterling brown,2019,1618520,1,58.0,0.5,0,,complete
full,sterling brown,2020,1620564,1,52.0,0.8,0,,complete
full,sterling brown,2021,3000000,1,51.0,1.0,0,,complete
full,sterling brown,2022,105522,1,49.0,1.0,0,,complete
full,steven adams,2019,25842697,1,80.0,0.5,0,,complete
full,steven adams,2020,29592695,2,63.0,0.8,0,,complete
full,steven adams,2021,17073171,1,58.0,1.0,0,,complete
full,steven adams,2022,17926829,2,76.0,1.0,0,,complete
full,steven adams,2023,12600000,1,42.0,1.0,0,,complete
full,steven adams,2024,12600000,2,0.0,1.0,4,lebron_z|laker_z|usage_pct|ast_pct,did_not_play
full,steven adams,2025,14130434,3,58.0,1.0,0,,complete
full,steven adams,2026,13000000,4,32.0,1.0,0,,complete
full,svi mykhailiuk,2019,1416852,1,39.0,0.5,0,,complete
full,svi mykhailiuk,2020,1663861,1,56.0,0.8,0,,complete
full,svi mykhailiuk,2021,1729217,2,30.0,1.0,0,,complete
full,svi mykhailiuk,2022,1878720,3,56.0,1.0,0,,complete
full,svi mykhailiuk,2023,2019706,4,19.0,1.0,0,,complete
full,svi mykhailiuk,2024,3500000,1,41.0,1.0,0,,complete
full,svi mykhailiuk,2025,3675000,2,38.0,1.0,0,,complete
full,svi mykhailiuk,2026,3850000,3,50.0,1.0,0,,complete
full,t.j. mcconnell,2019,3500000,1,76.0,0.5,0,,complete
full,t.j. mcconnell,2020,3500000,2,71.0,0.8,0,,complete
full,t.j. mcconnell,2021,7500000,1,69.0,1.0,0,,complete
full,t.j. mcconnell,2022,8100000,2,27.0,1.0,0,,complete
full,t.j. mcconnell,2023,8700000,3,75.0,1.0,0,,complete
full,t.j. mcconnell,2024,9300000,4,71.0,1.0,0,,complete
full,t.j. mcconnell,2025,10200000,5,79.0,1.0,0,,complete
full,t.j. mcconnell,2026,11000000,6,56.0,1.0,0,,complete
full,t.j. warren,2019,10810000,1,43.0,0.5,0,,complete
full,t.j. warren,2020,12000000,2,67.0,0.8,0,,complete
full,t.j. warren,2021,12690000,3,4.0,1.0,0,,complete
full,t.j. warren,2022,1836090,1,0.0,1.0,4,lebron_z|laker_z|usage_pct|ast_pct,did_not_play
full,t.j. warren,2023,220543,1,16.0,1.0,0,,complete
full,taj gibson,2019,9800000,1,70.0,0.5,0,,complete
full,taj gibson,2020,2442968,1,62.0,0.8,0,,complete
full,taj gibson,2021,4910000,1,45.0,1.0,0,,complete
full,taj gibson,2022,1836090,1,52.0,1.0,0,,complete
full,taj gibson,2023,348225,1,49.0,1.0,0,,complete
full,taj gibson,2024,2087519,1,16.0,1.0,0,,complete
full,talen horton-tucker,2020,1517981,1,6.0,0.5,0,,complete
full,talen horton-tucker,2021,9500000,1,65.0,0.8,0,,complete
full,talen horton-tucker,2022,10260000,1,60.0,1.0,0,,complete
full,talen horton-tucker,2023,11020000,2,65.0,1.0,1,laker_z,partial_impact
full,talen horton-tucker,2024,2087519,1,51.0,1.0,0,,complete
full,tari eason,2023,3527160,2,82.0,0.5,0,,complete
full,tari eason,2024,3695160,3,22.0,0.8,0,,complete
full,tari eason,2025,5675766,1,57.0,1.0,0,,complete
full,tari eason,2026,14051724,1,60.0,1.0,0,,complete
full,taurean prince,2019,3481986,1,55.0,0.5,0,,complete
full,taurean prince,2020,12250000,1,64.0,0.8,0,,complete
full,taurean prince,2021,13000000,2,29.0,1.0,0,,complete
full,taurean prince,2022,7295000,1,69.0,1.0,0,,complete
full,taurean prince,2023,4516000,1,54.0,1.0,0,,complete
full,taurean prince,2024,2087519,1,78.0,1.0,0,,complete
full,taurean prince,2025,3303774,1,80.0,1.0,0,,complete
full,taurean prince,2026,3815861,1,26.0,1.0,0,,complete
full,taylor hendricks,2024,5848680,2,40.0,0.5,0,,complete
full,taylor hendricks,2025,6127080,3,3.0,0.8,0,,complete
full,taylor hendricks,2026,7805900,1,26.0,1.0,0,,complete
full,terance mann,2020,1517984,1,41.0,0.5,0,,complete
full,terance mann,2021,1782621,1,67.0,0.8,0,,complete
full,terance mann,2022,1930681,2,81.0,1.0,0,,complete
full,terance mann,2023,10576923,1,81.0,1.0,0,,complete
full,terance mann,2024,11423077,2,75.0,1.0,0,,complete
full,terance mann,2025,15500000,1,37.0,1.0,0,,complete
full,terance mann,2026,15500000,2,63.0,1.0,0,,complete
full,terence davis,2020,1517981,1,72.0,0.5,0,,complete
full,terence davis,2021,4000000,1,27.0,0.8,0,,complete
full,terence davis,2022,4000000,2,30.0,1.0,0,,complete
full,terrance ferguson,2019,2475840,1,74.0,0.5,0,,complete
full,terrance ferguson,2020,3944013,1,56.0,0.8,0,,complete
full,terrence ross,2019,12500000,1,81.0,0.5,0,,complete
full,terrence ross,2020,13500000,2,69.0,0.8,0,,complete
full,terrence ross,2021,12500000,3,46.0,1.0,0,,complete
full,terrence ross,2022,10581484,1,63.0,1.0,0,,complete
full,terrence shannon jr.,2025,2674080,2,32.0,0.5,0,,complete
full,terrence shannon jr.,2026,2801640,3,43.0,0.8,0,,complete
full,terry rozier,2019,19894737,1,79.0,0.5,0,,complete
full,terry rozier,2020,18900000,2,63.0,0.8,0,,complete
full,terry rozier,2021,17905263,3,69.0,1.0,0,,complete
full,terry rozier,2022,21486316,1,73.0,1.0,0,,complete
full,terry rozier,2023,23205221,2,63.0,1.0,0,,complete
full,terry rozier,2024,24924126,3,30.0,1.0,0,,complete
full,terry rozier,2025,26643031,4,64.0,1.0,0,,complete
full,terry taylor,2022,1563518,1,33.0,0.5,0,,complete
full,terry taylor,2023,2019706,1,26.0,0.8,0,,complete
full,terry taylor,2024,119972,1,31.0,1.0,0,,complete
full,thabo sefolosha,2019,2564753,1,50.0,0.5,0,,complete
full,thaddeus young,2019,12900000,1,81.0,0.5,0,,complete
full,thaddeus young,2020,13545000,2,64.0,0.8,0,,complete
full,thaddeus young,2021,14190000,1,68.0,1.0,0,,complete
full,thaddeus young,2022,8000000,1,26.0,1.0,0,,complete
full,thaddeus young,2023,8000000,1,54.0,1.0,0,,complete
full,thanasis antetokounmpo,2020,1701593,1,20.0,0.5,0,,complete
full,thanasis antetokounmpo,2021,1729217,2,57.0,0.8,0,,complete
full,thanasis antetokounmpo,2022,1878720,3,48.0,1.0,0,,complete
full,thanasis antetokounmpo,2023,2019706,4,37.0,1.0,0,,complete
full,theo pinson,2019,1445697,1,18.0,0.5,0,,complete
full,theo pinson,2021,197076,1,17.0,0.7,0,,complete
full,theo pinson,2022,1836090,1,19.0,0.8,0,,complete
full,thomas bryant,2019,8000000,1,72.0,0.5,0,,complete
full,thomas bryant,2020,8333333,2,46.0,0.8,0,,complete
full,thomas bryant,2021,8666667,3,10.0,1.0,0,,complete
full,thomas bryant,2022,1836090,1,27.0,1.0,0,,complete
full,thomas bryant,2023,2528233,1,41.0,1.0,0,,complete
full,thomas bryant,2024,2087519,1,38.0,1.0,0,,complete
full,thomas bryant,2025,2296274,2,56.0,1.0,0,,complete
full,thomas bryant,2026,2449421,1,60.0,1.0,0,,complete
full,thomas sorber,2026,4887720,2,0.0,0.5,4,lebron_z|laker_z|usage_pct|ast_pct,did_not_play
full,thon maker,2019,3569643,1,29.0,0.5,0,,complete
full,thon maker,2020,309355,1,60.0,0.8,0,,complete
full,tim frazier,2019,1882867,1,47.0,0.5,0,,complete
full,tim frazier,2020,518612,1,27.0,0.8,0,,complete
full,tim frazier,2021,128709,1,5.0,1.0,0,,complete
full,tim hardaway jr.,2019,18150000,1,65.0,0.5,1,laker_z,partial_impact
full,tim hardaway jr.,2020,18975000,2,71.0,0.8,1,laker_z,partial_impact
full,tim hardaway jr.,2021,21306816,3,70.0,1.0,1,laker_z,partial_impact
full,tim hardaway jr.,2022,19602273,4,42.0,1.0,1,laker_z,partial_impact
full,tim hardaway jr.,2023,17897728,5,71.0,1.0,1,laker_z,partial_impact
full,tim hardaway jr.,2024,16193183,6,79.0,1.0,1,laker_z,partial_impact
full,tim hardaway jr.,2025,2296274,1,77.0,1.0,1,laker_z,partial_impact
full,tim hardaway jr.,2026,6500000,1,80.0,1.0,1,laker_z,partial_impact
full,timofey mozgov,2019,5573333,1,0.0,0.5,4,lebron_z|laker_z|usage_pct|ast_pct,did_not_play
full,tobias harris,2019,32742000,1,55.0,0.5,0,,complete
full,tobias harris,2020,34358850,2,72.0,0.8,0,,complete
full,tobias harris,2021,35995950,3,62.0,1.0,0,,complete
full,tobias harris,2022,37633050,4,73.0,1.0,0,,complete
full,tobias harris,2023,39270150,5,74.0,1.0,0,,complete
full,tobias harris,2024,25365854,1,70.0,1.0,0,,complete
full,tobias harris,2025,26634146,2,73.0,1.0,0,,complete
full,tobias harris,2026,15044000,1,63.0,1.0,0,,complete
full,tony bradley,2019,1962360,1,3.0,0.5,0,,complete
full,tony bradley,2020,3542060,1,58.0,0.8,0,,complete
full,tony bradley,2021,1789256,1,22.0,1.0,0,,complete
full,tony bradley,2022,2036318,2,55.0,1.0,0,,complete
full,tony bradley,2025,3204816,1,14.0,0.5,0,,complete
full,tony snell,2019,11392857,1,74.0,0.5,0,,complete
full,tony snell,2020,12178571,1,59.0,0.8,0,,complete
full,tony snell,2021,2389641,1,47.0,1.0,0,,complete
full,torrey craig,2019,2000000,1,75.0,0.5,0,,complete
full,torrey craig,2020,1620564,1,58.0,0.8,0,,complete
full,torrey craig,2021,4878049,1,32.0,1.0,0,,complete
full,torrey craig,2022,5121951,2,51.0,1.0,0,,complete
full,torrey craig,2023,2528233,1,79.0,1.0,1,laker_z,partial_impact
full,torrey craig,2024,779820,1,53.0,1.0,0,,complete
full,toumani camara,2024,1891857,1,70.0,0.5,0,,complete
full,toumani camara,2025,2221677,1,78.0,0.8,0,,complete
full,toumani camara,2026,18080358,1,82.0,1.0,0,,complete
full,trae young,2019,6273000,1,81.0,0.5,0,,complete
full,trae young,2020,6571800,2,60.0,0.8,0,,complete
full,trae young,2021,8326471,1,63.0,1.0,0,,complete
full,trae young,2022,37096500,1,76.0,1.0,0,,complete
full,trae young,2023,40064220,2,73.0,1.0,0,,complete
full,trae young,2024,43031940,3,54.0,1.0,0,,complete
full,trae young,2025,46394100,4,76.0,1.0,0,,complete
full,trae young,2026,49488300,1,10.0,1.0,0,,complete
full,trayce jackson-davis,2024,1891857,1,68.0,0.5,0,,complete
full,trayce jackson-davis,2025,2221677,1,62.0,0.8,0,,complete
full,trayce jackson-davis,2026,2406205,2,36.0,1.0,0,,complete
full,tre johnson,2026,8649600,2,60.0,0.5,0,,complete
full,tre jones,2021,1517981,1,37.0,0.5,0,,complete
full,tre jones,2022,1782621,1,69.0,0.8,0,,complete
full,tre jones,2023,9895833,1,68.0,1.0,0,,complete
full,tre jones,2024,9104167,2,77.0,1.0,0,,complete
full,tre jones,2025,8000000,1,18.0,1.0,0,,complete
full,tre jones,2026,8000000,2,65.0,1.0,0,,complete
full,tre mann,2022,3046200,2,60.0,0.5,0,,complete
full,tre mann,2023,3191400,3,67.0,0.8,0,,complete
full,tre mann,2024,4908373,1,28.0,1.0,0,,complete
full,tre mann,2025,8000000,1,13.0,1.0,0,,complete
full,tre mann,2026,8000000,2,53.0,1.0,0,,complete
full,tremont waters,2021,95930,1,26.0,0.5,0,,complete
full,trendon watford,2022,1563518,1,48.0,0.5,0,,complete
full,trendon watford,2023,2019706,1,62.0,0.8,0,,complete
full,trendon watford,2024,2726603,1,63.0,1.0,0,,complete
full,trendon watford,2025,2461463,2,44.0,1.0,0,,complete
full,trendon watford,2026,2801346,3,53.0,1.0,0,,complete
full,trent forrest,2021,8558,1,30.0,0.5,0,,complete
full,trent forrest,2023,533945,1,23.0,0.7,0,,complete
full,trevelin queen,2022,330000,1,10.0,0.5,0,,complete
full,treveon graham,2019,1645357,1,35.0,0.5,0,,complete
full,trevor ariza,2019,12200000,1,43.0,0.5,0,,complete
full,trevor ariza,2020,12800000,1,32.0,0.8,0,,complete
full,trevor ariza,2021,2641691,1,30.0,1.0,0,,complete
full,trey burke,2019,229220,1,33.0,0.5,0,,complete
full,trey burke,2020,3000000,1,25.0,0.8,0,,complete
full,trey burke,2021,3150000,2,62.0,1.0,0,,complete
full,trey burke,2022,3423750,1,42.0,1.0,0,,complete
full,trey lyles,2019,5500000,1,64.0,0.5,0,,complete
full,trey lyles,2020,5500000,2,63.0,0.8,0,,complete
full,trey lyles,2021,2500000,1,23.0,1.0,0,,complete
full,trey lyles,2022,2625000,2,51.0,1.0,0,,complete
full,trey lyles,2023,8000000,1,74.0,1.0,1,laker_z,partial_impact
full,trey lyles,2024,8000000,2,58.0,1.0,0,,complete
full,trey lyles,2026,2449421,1,0.0,0.7,4,lebron_z|laker_z|usage_pct|ast_pct,did_not_play
full,trey murphy iii,2022,3206520,2,62.0,0.5,0,,complete
full,trey murphy iii,2023,3359280,3,79.0,0.8,0,,complete
full,trey murphy iii,2024,5159854,1,57.0,1.0,0,,complete
full,trey murphy iii,2025,25000000,1,53.0,1.0,0,,complete
full,trey murphy iii,2026,27000000,2,66.0,1.0,0,,complete
full,tristan da silva,2025,3809520,2,74.0,0.5,0,,complete
full,tristan da silva,2026,3991200,3,77.0,0.8,0,,complete
full,tristan thompson,2019,18539130,1,43.0,0.5,0,,complete
full,tristan thompson,2020,9258000,1,57.0,0.8,0,,complete
full,tristan thompson,2021,1000000,1,54.0,1.0,0,,complete
full,tristan thompson,2022,10552,1,30.0,1.0,0,,complete
full,tristan thompson,2023,2019706,1,0.0,1.0,4,lebron_z|laker_z|usage_pct|ast_pct,did_not_play
full,tristan thompson,2024,2087519,2,49.0,1.0,0,,complete
full,troy daniels,2019,481000,1,51.0,0.5,0,,complete
full,troy williams,2019,122741,1,21.0,0.5,0,,complete
full,ty jerome,2020,2303040,2,31.0,0.5,0,,complete
full,ty jerome,2021,2412840,3,33.0,0.8,0,,complete
full,ty jerome,2022,4220057,1,48.0,1.0,0,,complete
full,ty jerome,2023,2439025,1,45.0,1.0,1,laker_z,partial_impact
full,ty jerome,2024,2560975,2,2.0,1.0,0,,complete
full,ty jerome,2025,8781000,1,70.0,1.0,0,,complete
full,ty jerome,2026,9220050,2,15.0,1.0,0,,complete
full,tyler cook,2020,99020,1,11.0,0.5,0,,complete
full,tyler herro,2020,3822240,2,55.0,0.5,0,,complete
full,tyler herro,2021,4004280,3,54.0,0.8,0,,complete
full,tyler herro,2022,5722116,1,66.0,1.0,0,,complete
full,tyler herro,2023,27000000,1,67.0,1.0,0,,complete
full,tyler herro,2024,29000000,2,42.0,1.0,0,,complete
full,tyler herro,2025,31000000,3,77.0,1.0,0,,complete
full,tyler herro,2026,33000000,4,33.0,1.0,0,,complete
full,tyler johnson,2019,212753,1,44.0,0.5,0,,complete
full,tyler johnson,2020,1620564,1,31.0,0.8,0,,complete
full,tyler johnson,2021,128709,1,39.0,1.0,0,,complete
full,tyler kolek,2025,2191897,2,41.0,0.5,0,,complete
full,tyler kolek,2026,2296271,3,62.0,0.8,0,,complete
full,tyler lydon,2019,50000,1,25.0,0.5,0,,complete
full,tyler smith,2025,1955377,1,23.0,0.5,0,,complete
full,tyler ulis,2019,50000,1,1.0,0.5,0,,complete
full,tyler zeller,2019,245686,1,4.0,0.5,0,,complete
full,tyrell terry,2021,1517981,1,11.0,0.5,1,laker_z,partial_impact
full,tyrese haliburton,2021,4023600,2,58.0,0.5,0,,complete
full,tyrese haliburton,2022,4215120,3,51.0,0.8,0,,complete
full,tyrese haliburton,2023,5808435,1,56.0,1.0,0,,complete
full,tyrese haliburton,2024,42176400,1,69.0,1.0,0,,complete
full,tyrese haliburton,2025,45550512,2,73.0,1.0,0,,complete
full,tyrese haliburton,2026,48924624,3,0.0,1.0,4,lebron_z|laker_z|usage_pct|ast_pct,did_not_play
full,tyrese martin,2025,2191897,1,60.0,0.5,0,,complete
full,tyrese maxey,2021,2602920,2,61.0,0.5,0,,complete
full,tyrese maxey,2022,2726880,3,75.0,0.8,0,,complete
full,tyrese maxey,2023,4343920,1,60.0,1.0,0,,complete
full,tyrese maxey,2024,35147000,1,70.0,1.0,0,,complete
full,tyrese maxey,2025,37958760,2,52.0,1.0,0,,complete
full,tyrese maxey,2026,40770520,3,70.0,1.0,0,,complete
full,tyrese proctor,2026,2150917,1,50.0,0.5,0,,complete
full,tyrone wallace,2019,502491,1,62.0,0.5,0,,complete
full,tyson chandler,2019,2564753,1,48.0,0.5,0,,complete
full,tyus jones,2019,8400000,1,68.0,0.5,0,,complete
full,tyus jones,2020,7965100,2,65.0,0.8,0,,complete
full,tyus jones,2021,7600000,3,70.0,1.0,0,,complete
full,tyus jones,2022,15000000,1,73.0,1.0,0,,complete
full,tyus jones,2023,14000000,2,80.0,1.0,0,,complete
full,tyus jones,2024,2087519,1,66.0,1.0,0,,complete
full,tyus jones,2025,7000000,1,81.0,1.0,0,,complete
full,tyus jones,2026,2449421,1,48.0,1.0,0,,complete
full,udoka azubuike,2021,2075880,2,15.0,0.5,0,,complete
full,udoka azubuike,2022,2174880,3,17.0,0.8,0,,complete
full,udonis haslem,2019,2564753,1,10.0,0.5,0,,complete
full,udonis haslem,2020,1620564,1,4.0,0.8,0,,complete
full,udonis haslem,2021,2641691,1,1.0,1.0,0,,complete
full,udonis haslem,2022,1836090,1,13.0,1.0,0,,complete
full,usman garuba,2022,2471160,2,24.0,0.5,0,,complete
full,usman garuba,2023,11608,1,75.0,0.8,0,,complete
full,victor oladipo,2019,21000000,1,36.0,0.5,0,,complete
full,victor oladipo,2020,21000000,1,19.0,0.8,0,,complete
full,victor oladipo,2021,2389641,1,20.0,1.0,0,,complete
full,victor oladipo,2022,8750000,1,8.0,1.0,0,,complete
full,victor oladipo,2023,9450000,1,42.0,1.0,1,laker_z,partial_impact
full,victor wembanyama,2024,12768960,2,71.0,0.5,0,,complete
full,victor wembanyama,2025,13376880,3,46.0,0.8,0,,complete
full,victor wembanyama,2026,16868246,1,64.0,1.0,0,,complete
full,vince carter,2019,2564753,1,76.0,0.5,0,,complete
full,vince williams jr.,2023,2232308,1,15.0,0.5,0,,complete
full,vince williams jr.,2024,2120693,2,52.0,0.8,0,,complete
full,vince williams jr.,2025,2301587,3,27.0,1.0,0,,complete
full,vincent poirier,2020,2619207,1,22.0,0.5,0,,complete
full,vj edgecombe,2026,11663880,2,75.0,0.5,0,,complete
full,walker kessler,2023,2831160,2,74.0,0.5,0,,complete
full,walker kessler,2024,2965920,3,64.0,0.8,0,,complete
full,walker kessler,2025,4878938,1,58.0,1.0,0,,complete
full,walker kessler,2026,30232558,1,5.0,1.0,0,,complete
full,wayne ellington,2019,8000000,1,28.0,0.5,0,,complete
full,wayne ellington,2020,2564753,1,36.0,0.8,0,,complete
full,wayne ellington,2021,2641691,1,46.0,1.0,0,,complete
full,wendell carter jr.,2019,5201400,1,44.0,0.5,0,,complete
full,wendell carter jr.,2020,5448840,2,43.0,0.8,0,,complete
full,wendell carter jr.,2021,6920027,1,32.0,1.0,0,,complete
full,wendell carter jr.,2022,14150000,1,62.0,1.0,0,,complete
full,wendell carter jr.,2023,13050000,2,57.0,1.0,1,laker_z,partial_impact
full,wendell carter jr.,2024,11950000,3,55.0,1.0,0,,complete
full,wendell carter jr.,2025,10850000,4,68.0,1.0,0,,complete
full,wendell carter jr.,2026,18102000,1,78.0,1.0,0,,complete
full,wenyen gabriel,2019,1445697,1,0.0,0.5,4,lebron_z|laker_z|usage_pct|ast_pct,did_not_play
full,wenyen gabriel,2020,1620564,1,19.0,0.8,0,,complete
full,wenyen gabriel,2021,99380,1,21.0,1.0,0,,complete
full,wenyen gabriel,2022,1878720,1,19.0,1.0,0,,complete
full,wenyen gabriel,2023,116075,1,68.0,1.0,0,,complete
full,wes iwundu,2019,1618520,1,68.0,0.5,0,,complete
full,wes iwundu,2020,1678854,1,52.0,0.8,0,,complete
full,wes iwundu,2021,102831,1,23.0,1.0,0,,complete
full,wesley matthews,2019,2564753,1,44.0,0.5,0,,complete
full,wesley matthews,2020,3623000,1,67.0,0.8,0,,complete
full,wesley matthews,2021,1958501,1,58.0,1.0,0,,complete
full,wesley matthews,2022,1836090,2,49.0,1.0,0,,complete
full,wesley matthews,2023,2019706,1,52.0,1.0,0,,complete
full,will barton,2019,12776786,1,43.0,0.5,0,,complete
full,will barton,2020,13723214,2,58.0,0.8,0,,complete
full,will barton,2021,15625000,3,56.0,1.0,0,,complete
full,will barton,2022,432642,1,71.0,1.0,0,,complete
full,will richard,2026,2150917,1,69.0,0.5,0,,complete
full,will riley,2026,3688320,2,74.0,0.5,0,,complete
full,willie cauley-stein,2019,2177483,1,81.0,0.5,0,,complete
full,willie cauley-stein,2020,4100000,1,41.0,0.8,0,,complete
full,willie cauley-stein,2021,4100000,2,53.0,1.0,0,,complete
full,willie cauley-stein,2022,105522,1,18.0,1.0,0,,complete
full,wilson chandler,2019,2564753,1,36.0,0.5,0,,complete
full,xavier cooks,2023,1719864,1,10.0,0.5,1,lebron_z,partial_impact
full,xavier sneed,2022,94136,1,7.0,0.5,0,,complete
full,yang hansen,2026,4643520,2,43.0,0.5,0,,complete
full,yante maten,2019,100000,1,2.0,0.5,1,laker_z,partial_impact
full,yogi ferrell,2019,3150000,1,71.0,0.5,0,,complete
full,yogi ferrell,2020,110998,1,50.0,0.8,0,,complete
full,yuta watanabe,2020,321893,1,18.0,0.5,0,,complete
full,yuta watanabe,2021,1762796,1,50.0,0.8,0,,complete
full,yuta watanabe,2022,1836090,1,38.0,1.0,0,,complete
full,yuta watanabe,2023,2346614,1,58.0,1.0,1,laker_z,partial_impact
full,yves missi,2025,3353040,2,73.0,0.5,0,,complete
full,yves missi,2026,3512760,3,66.0,0.8,0,,complete
full,zaccharie risacher,2025,13197720,2,75.0,0.5,0,,complete
full,zaccharie risacher,2026,13826040,3,67.0,0.8,0,,complete
full,zach collins,2019,4240200,1,77.0,0.5,0,,complete
full,zach collins,2020,5406255,1,11.0,0.8,0,,complete
full,zach collins,2021,7000000,1,0.0,1.0,4,lebron_z|laker_z|usage_pct|ast_pct,did_not_play
full,zach collins,2022,7350000,2,28.0,1.0,0,,complete
full,zach collins,2023,7700000,3,63.0,1.0,0,,complete
full,zach collins,2024,16741200,1,69.0,1.0,0,,complete
full,zach collins,2025,18080496,2,28.0,1.0,0,,complete
full,zach collins,2026,8292683,1,10.0,1.0,0,,complete
full,zach edey,2025,6045000,2,66.0,0.5,0,,complete
full,zach edey,2026,6332760,3,11.0,0.8,0,,complete
full,zach lavine,2019,19500000,1,63.0,0.5,0,,complete
full,zach lavine,2020,19500000,2,60.0,0.8,0,,complete
full,zach lavine,2021,19500000,3,58.0,1.0,0,,complete
full,zach lavine,2022,37096500,1,67.0,1.0,0,,complete
full,zach lavine,2023,40064220,2,77.0,1.0,0,,complete
full,zach lavine,2024,44531940,3,25.0,1.0,0,,complete
full,zach lavine,2025,47499660,4,42.0,1.0,0,,complete
full,zach lavine,2026,48967380,5,39.0,1.0,0,,complete
full,zeke nnaji,2021,2498760,2,42.0,0.5,0,,complete
full,zeke nnaji,2022,2617800,3,41.0,0.8,0,,complete
full,zeke nnaji,2023,4306281,1,53.0,1.0,0,,complete
full,zeke nnaji,2024,8888889,1,58.0,1.0,0,,complete
full,zeke nnaji,2025,8177778,2,57.0,1.0,0,,complete
full,zeke nnaji,2026,7466667,3,52.0,1.0,0,,complete
full,zhaire smith,2019,3058800,1,6.0,0.5,0,,complete
full,ziaire williams,2022,4591680,2,62.0,0.5,0,,complete
full,ziaire williams,2023,4810200,3,37.0,0.8,0,,complete
full,ziaire williams,2024,6133005,1,51.0,1.0,0,,complete
full,ziaire williams,2025,6250000,2,63.0,1.0,0,,complete
full,ziaire williams,2026,2449421,1,56.0,1.0,0,,complete
full,zion williamson,2020,10245480,2,24.0,0.5,0,,complete
full,zion williamson,2021,10733400,3,61.0,0.8,0,,complete
full,zion williamson,2022,13534817,1,0.0,1.0,4,lebron_z|laker_z|usage_pct|ast_pct,did_not_play
full,zion williamson,2023,34005250,1,29.0,1.0,0,,complete
full,zion williamson,2024,36725670,2,70.0,1.0,0,,complete
full,zion williamson,2025,39446090,3,30.0,1.0,0,,complete
full,zion williamson,2026,42166510,4,62.0,1.0,0,,complete
full,zylan cheatham,2020,1445697,1,4.0,0.5,0,,complete
evaluation,a.j. green,2023,1901769,1,35.0,0.5,1,laker_z,partial_impact
evaluation,a.j. green,2026,10044644,1,78.0,1.0,1,laker_z,partial_impact
evaluation,aaron gordon,2022,19690909,1,75.0,1.0,0,,complete
evaluation,aaron gordon,2026,33658037,1,36.0,1.0,0,,complete
evaluation,aaron holiday,2022,1836090,1,41.0,1.0,0,,complete
evaluation,aaron holiday,2024,4668000,1,78.0,1.0,0,,complete
evaluation,aaron holiday,2025,2296274,1,62.0,1.0,0,,complete
evaluation,aaron nesmith,2024,11000000,1,72.0,1.0,0,,complete
evaluation,aaron wiggins,2024,10514017,1,78.0,1.0,0,,complete
evaluation,al horford,2019,28000000,1,68.0,0.5,0,,complete
evaluation,al horford,2023,10000000,1,63.0,1.0,0,,complete
evaluation,al horford,2025,5685000,1,60.0,1.0,0,,complete
evaluation,al horford,2026,6822000,1,45.0,1.0,0,,complete
evaluation,al-farouq aminu,2019,9258000,1,81.0,0.5,0,,complete
evaluation,al-farouq aminu,2020,9720900,1,18.0,0.8,0,,complete
evaluation,alec burks,2019,2320044,1,34.0,0.5,0,,complete
evaluation,alec burks,2020,6000000,1,48.0,0.8,0,,complete
evaluation,alec burks,2021,9536000,1,49.0,1.0,0,,complete
evaluation,alec burks,2024,2087519,1,43.0,1.0,0,,complete
evaluation,alex caruso,2019,2750000,1,25.0,0.5,0,,complete
evaluation,alex caruso,2021,8604651,1,58.0,1.0,0,,complete
evaluation,alex caruso,2025,18102000,1,54.0,1.0,0,,complete
evaluation,alex len,2020,2258000,1,40.0,0.8,0,,complete
evaluation,alex len,2021,3732000,1,57.0,1.0,0,,complete
evaluation,alex len,2023,2019706,1,26.0,1.0,0,,complete
evaluation,alfonzo mckinnie,2019,2391985,1,72.0,0.5,0,,complete
evaluation,allen crabbe,2019,17818456,1,43.0,0.5,0,,complete
evaluation,allonzo trier,2019,3551100,1,64.0,0.5,0,,complete
evaluation,amile jefferson,2019,1519851,1,12.0,0.5,0,,complete
evaluation,amir coffey,2022,3395062,1,69.0,0.8,0,,complete
evaluation,amir coffey,2025,2296274,1,72.0,1.0,0,,complete
evaluation,andre drummond,2021,2401537,1,25.0,1.0,0,,complete
evaluation,andre drummond,2022,3200000,1,49.0,1.0,0,,complete
evaluation,andre drummond,2024,5000000,1,79.0,1.0,0,,complete
evaluation,andre drummond,2026,2449421,1,63.0,1.0,0,,complete
evaluation,andre iguodala,2020,15000000,1,21.0,0.8,0,,complete
evaluation,andre iguodala,2022,1836090,1,31.0,1.0,0,,complete
evaluation,andre jackson jr.,2024,1891857,1,57.0,0.5,0,,complete
evaluation,andre jackson jr.,2025,2221677,1,67.0,0.8,0,,complete
evaluation,andrew nembhard,2025,18102000,1,65.0,1.0,0,,complete
evaluation,andrew wiggins,2023,24330357,1,37.0,1.0,0,,complete
evaluation,anfernee simons,2022,22321429,1,57.0,1.0,0,,complete
evaluation,anfernee simons,2026,6000000,1,49.0,1.0,0,,complete
evaluation,anthony davis,2020,32742000,1,62.0,0.8,0,,complete
evaluation,anthony davis,2025,54126450,1,42.0,1.0,0,,complete
evaluation,anthony edwards,2024,42176400,1,79.0,1.0,0,,complete
evaluation,anthony gill,2022,1836090,1,44.0,0.8,0,,complete
evaluation,ariel hukporti,2026,3400000,1,54.0,0.8,0,,complete
evaluation,armoni brooks,2021,1489065,1,20.0,0.5,0,,complete
evaluation,aron baynes,2020,7000000,1,42.0,0.8,0,,complete
evaluation,austin reaves,2023,12015150,1,64.0,0.8,0,,complete
evaluation,austin reaves,2026,41240250,1,51.0,1.0,0,,complete
evaluation,austin rivers,2019,2174318,1,47.0,0.5,0,,complete
evaluation,austin rivers,2021,2401537,1,21.0,1.0,0,,complete
evaluation,austin rivers,2022,1836090,1,67.0,1.0,0,,complete
evaluation,avery bradley,2019,4767000,1,49.0,0.5,0,,complete
evaluation,avery bradley,2020,5635000,1,49.0,0.8,0,,complete
evaluation,avery bradley,2021,2641691,1,17.0,1.0,0,,complete
evaluation,ayo dosunmu,2023,6481482,1,80.0,0.8,1,laker_z,partial_impact
evaluation,ayo dosunmu,2026,19310345,1,45.0,1.0,0,,complete
evaluation,bam adebayo,2021,28103550,1,64.0,1.0,0,,complete
evaluation,bam adebayo,2026,49488300,1,73.0,1.0,0,,complete
evaluation,ben mclemore,2019,2028594,1,19.0,0.5,0,,complete
evaluation,ben mclemore,2021,2389641,1,32.0,1.0,0,,complete
evaluation,ben simmons,2020,30559200,1,57.0,0.8,0,,complete
evaluation,bismack biyombo,2020,3500000,1,53.0,0.8,0,,complete
evaluation,bismack biyombo,2021,1518213,1,66.0,1.0,0,,complete
evaluation,bismack biyombo,2022,1836090,1,36.0,1.0,0,,complete
evaluation,bismack biyombo,2023,5000000,1,61.0,1.0,0,,complete
evaluation,bismack biyombo,2025,2296274,1,28.0,1.0,0,,complete
evaluation,blake griffin,2021,2641691,1,20.0,1.0,0,,complete
evaluation,blake griffin,2022,1836090,1,56.0,1.0,0,,complete
evaluation,bobby portis,2019,15000000,1,28.0,0.5,0,,complete
evaluation,bobby portis,2020,3623000,1,66.0,0.8,0,,complete
evaluation,bobby portis,2021,4347600,1,66.0,1.0,0,,complete
evaluation,bobby portis,2022,10843350,1,72.0,1.0,0,,complete
evaluation,bobi klintman,2025,1955377,1,8.0,0.5,1,laker_z,partial_impact
evaluation,bol bol,2020,2058240,1,7.0,0.5,0,,complete
evaluation,bol bol,2023,2019706,1,70.0,1.0,1,laker_z,partial_impact
evaluation,bones hyland,2025,2296274,1,20.0,1.0,0,,complete
evaluation,bones hyland,2026,2845883,1,71.0,1.0,0,,complete
evaluation,brad wanamaker,2019,1355341,1,36.0,0.5,0,,complete
evaluation,brad wanamaker,2020,2250000,1,71.0,0.8,0,,complete
evaluation,bradley beal,2021,33724200,1,60.0,1.0,0,,complete
evaluation,bradley beal,2022,43279250,1,40.0,1.0,0,,complete
evaluation,bradley beal,2025,19383010,1,53.0,1.0,0,,complete
evaluation,branden carlson,2026,2449421,1,42.0,0.5,0,,complete
evaluation,brandon clarke,2023,12500000,1,56.0,1.0,0,,complete
evaluation,brandon ingram,2020,27285000,1,62.0,0.8,0,,complete
evaluation,brandon williams,2025,2270735,1,33.0,0.8,0,,complete
evaluation,brook lopez,2019,12093024,1,81.0,0.5,0,,complete
evaluation,brook lopez,2023,25000000,1,78.0,1.0,0,,complete
evaluation,brook lopez,2025,8750000,1,80.0,1.0,0,,complete
evaluation,bruce brown,2019,1416852,1,74.0,0.5,0,,complete
evaluation,bruce brown,2020,1663861,1,58.0,0.8,0,,complete
evaluation,bruce brown,2021,4736102,1,65.0,1.0,0,,complete
evaluation,bruce brown,2022,6479000,1,72.0,1.0,0,,complete
evaluation,bruce brown,2023,22000000,1,80.0,1.0,0,,complete
evaluation,bruce brown,2025,2296274,1,23.0,1.0,0,,complete
evaluation,buddy hield,2020,24701834,1,72.0,0.8,0,,complete
evaluation,buddy hield,2024,8780488,1,52.0,1.0,0,,complete
evaluation,cade cunningham,2025,46394100,1,70.0,1.0,0,,complete
evaluation,caleb martin,2022,6479000,1,60.0,1.0,0,,complete
evaluation,caleb martin,2024,9186594,1,64.0,1.0,0,,complete
evaluation,cam christie,2025,1955377,1,13.0,0.5,0,,complete
evaluation,cam christie,2026,2296271,1,55.0,0.8,0,,complete
evaluation,cam spencer,2025,2537989,1,25.0,0.5,0,,complete
evaluation,cam thomas,2025,5993172,1,25.0,1.0,0,,complete
evaluation,cameron johnson,2023,25679348,1,25.0,1.0,0,,complete
evaluation,cameron payne,2021,6500000,1,60.0,1.0,0,,complete
evaluation,cameron payne,2024,2087519,1,47.0,1.0,0,,complete
evaluation,caris levert,2020,16203704,1,45.0,0.8,0,,complete
evaluation,caris levert,2023,15384616,1,74.0,1.0,0,,complete
evaluation,caris levert,2025,14104000,1,38.0,1.0,0,,complete
evaluation,charles bassey,2022,2600000,1,23.0,0.5,0,,complete
evaluation,charles bassey,2024,2087519,1,19.0,1.0,0,,complete
evaluation,charles bassey,2026,2449421,1,5.0,1.0,0,,complete
evaluation,chet holmgren,2026,41240250,1,69.0,1.0,0,,complete
evaluation,chris boucher,2020,6500000,1,62.0,0.8,0,,complete
evaluation,chris boucher,2022,12690000,1,80.0,1.0,0,,complete
evaluation,chris boucher,2025,2296274,1,50.0,1.0,0,,complete
evaluation,chris paul,2021,30800000,1,70.0,1.0,0,,complete
evaluation,chris paul,2024,10460000,1,58.0,1.0,0,,complete
evaluation,chris paul,2025,2296274,1,82.0,1.0,0,,complete
evaluation,christian braun,2026,21551726,1,44.0,1.0,0,,complete
evaluation,cj mccollum,2026,21000000,1,41.0,1.0,0,,complete
evaluation,clint capela,2019,14896552,1,67.0,0.5,0,,complete
evaluation,clint capela,2025,6700000,1,55.0,1.0,0,,complete
evaluation,coby white,2023,11111111,1,74.0,1.0,0,,complete
evaluation,coby white,2026,22839506,1,29.0,1.0,0,,complete
evaluation,cole anthony,2024,12900000,1,81.0,1.0,0,,complete
evaluation,cole anthony,2025,2296274,1,67.0,1.0,0,,complete
evaluation,cole anthony,2026,3700000,1,35.0,1.0,0,,complete
evaluation,collin gillespie,2025,2296274,1,33.0,0.5,0,,complete
evaluation,collin gillespie,2026,10714286,1,80.0,0.8,0,,complete
evaluation,collin sexton,2022,16500000,1,11.0,1.0,0,,complete
evaluation,collin sexton,2026,9366000,1,42.0,1.0,0,,complete
evaluation,corey kispert,2025,13975000,1,61.0,1.0,0,,complete
evaluation,d'angelo russell,2019,27285000,1,81.0,0.5,0,,complete
evaluation,d'angelo russell,2023,17307693,1,54.0,1.0,0,,complete
evaluation,d'angelo russell,2025,5685000,1,29.0,1.0,0,,complete
evaluation,dalano banton,2023,2019706,1,31.0,0.8,0,,complete
evaluation,damian lillard,2021,39344900,1,67.0,1.0,0,,complete
evaluation,damian lillard,2025,14104000,1,58.0,1.0,0,,complete
evaluation,damyean dotson,2020,2000000,1,48.0,0.8,0,,complete
evaluation,daniel gafford,2023,12402000,1,78.0,1.0,0,,complete
evaluation,daniel gafford,2026,17263584,1,55.0,1.0,0,,complete
evaluation,daniel oturu,2021,1517981,1,30.0,0.5,0,,complete
evaluation,daniel theis,2019,5000000,1,66.0,0.5,0,,complete
evaluation,daniel theis,2021,8280351,1,42.0,1.0,0,,complete
evaluation,daniel theis,2024,2087519,1,59.0,1.0,0,,complete
evaluation,danilo gallinari,2020,19500000,1,62.0,0.8,0,,complete
evaluation,danilo gallinari,2022,6479000,1,66.0,1.0,0,,complete
evaluation,daniss jenkins,2025,3809524,1,7.0,0.5,0,,complete
evaluation,danny green,2019,14634146,1,80.0,0.5,0,,complete
evaluation,danny green,2021,10000000,1,69.0,1.0,0,,complete
evaluation,darius garland,2023,34005250,1,69.0,1.0,0,,complete
evaluation,darius miller,2019,7250000,1,69.0,0.5,0,,complete
evaluation,david nwaba,2019,1678854,1,51.0,0.5,0,,complete
evaluation,david nwaba,2021,4650000,1,30.0,1.0,0,,complete
evaluation,davion mitchell,2025,11600000,1,44.0,1.0,0,,complete
evaluation,davon reed,2022,1902133,1,48.0,0.5,0,,complete
evaluation,day'ron sharpe,2025,6250000,1,50.0,1.0,0,,complete
evaluation,day'ron sharpe,2026,10000000,1,62.0,1.0,0,,complete
evaluation,de'aaron fox,2021,28103500,1,58.0,1.0,0,,complete
evaluation,de'aaron fox,2026,49488300,1,72.0,1.0,0,,complete
evaluation,de'andre hunter,2023,20089286,1,67.0,1.0,1,laker_z,partial_impact
evaluation,de'anthony melton,2020,9571712,1,60.0,0.8,0,,complete
evaluation,de'anthony melton,2024,12822000,1,38.0,1.0,0,,complete
evaluation,de'anthony melton,2025,3080921,1,6.0,1.0,0,,complete
evaluation,dean wade,2020,1517981,1,12.0,0.5,0,,complete
evaluation,dean wade,2021,1782621,1,63.0,0.8,0,,complete
evaluation,dean wade,2023,5709877,1,44.0,1.0,1,laker_z,partial_impact
evaluation,dean wade,2026,9000000,1,59.0,1.0,0,,complete
evaluation,deandre ayton,2022,30913750,1,58.0,1.0,0,,complete
evaluation,deandre ayton,2025,8104000,1,40.0,1.0,0,,complete
evaluation,deandre jordan,2019,9881598,1,50.0,0.5,0,,complete
evaluation,deandre jordan,2021,7875533,1,57.0,1.0,0,,complete
evaluation,deandre jordan,2023,2019706,1,39.0,1.0,0,,complete
evaluation,deandre jordan,2026,3876529,1,12.0,1.0,0,,complete
evaluation,deandre' bembry,2020,1737145,1,43.0,0.8,0,,complete
evaluation,deandre' bembry,2021,1939350,1,51.0,1.0,0,,complete
evaluation,deividas sirvydis,2021,1603559,1,20.0,0.5,0,,complete
evaluation,dejounte murray,2020,14286000,1,66.0,0.8,0,,complete
evaluation,dejounte murray,2024,29517135,1,78.0,1.0,0,,complete
evaluation,delon wright,2019,9473684,1,49.0,0.5,0,,complete
evaluation,delon wright,2022,7804878,1,77.0,1.0,0,,complete
evaluation,delon wright,2024,2087519,1,33.0,1.0,0,,complete
evaluation,demar derozan,2024,23400000,1,79.0,1.0,0,,complete
evaluation,demarcus cousins,2019,3500000,1,30.0,0.5,0,,complete
evaluation,demarcus cousins,2020,1620564,1,0.0,0.8,4,lebron_z|laker_z|usage_pct|ast_pct,did_not_play
evaluation,deni avdija,2024,15625000,1,75.0,1.0,0,,complete
evaluation,denzel valentine,2020,4642800,1,36.0,0.8,0,,complete
evaluation,deonte burton,2019,1416852,1,32.0,0.5,1,lebron_z,partial_impact
evaluation,derrick favors,2020,9258000,1,51.0,0.8,0,,complete
evaluation,derrick jones jr.,2020,9258000,1,59.0,0.8,0,,complete
evaluation,derrick jones jr.,2022,3200000,1,51.0,1.0,0,,complete
evaluation,derrick jones jr.,2024,9523810,1,76.0,1.0,0,,complete
evaluation,derrick rose,2019,7317073,1,51.0,0.5,0,,complete
evaluation,derrick rose,2021,13445120,1,35.0,1.0,0,,complete
evaluation,derrick rose,2023,3196448,1,27.0,1.0,0,,complete
evaluation,derrick white,2021,15178571,1,36.0,1.0,0,,complete
evaluation,derrick white,2025,28100000,1,76.0,1.0,0,,complete
evaluation,desmond bane,2024,34005250,1,42.0,1.0,0,,complete
evaluation,devin booker,2019,27285000,1,64.0,0.5,0,,complete
evaluation,devin booker,2024,49205800,1,68.0,1.0,0,,complete
evaluation,devin vassell,2024,29347826,1,68.0,1.0,0,,complete
evaluation,devonte' graham,2021,11000000,1,55.0,1.0,0,,complete
evaluation,devonte' graham,2024,2850000,1,23.0,1.0,0,,complete
evaluation,dewayne dedmon,2019,13333333,1,64.0,0.5,0,,complete
evaluation,didi louzada,2021,1786878,1,3.0,0.5,0,,complete
evaluation,dillon brooks,2020,11400000,1,73.0,0.8,0,,complete
evaluation,dillon brooks,2023,22627671,1,73.0,1.0,1,laker_z,partial_impact
evaluation,domantas sabonis,2020,19800000,1,62.0,0.8,0,,complete
evaluation,domantas sabonis,2023,30600000,1,79.0,1.0,0,,complete
evaluation,domantas sabonis,2024,40500000,1,82.0,1.0,0,,complete
evaluation,donovan mitchell,2021,28103500,1,53.0,1.0,0,,complete
evaluation,donovan mitchell,2025,46394100,1,71.0,1.0,0,,complete
evaluation,donte divincenzo,2023,10900000,1,72.0,1.0,0,,complete
evaluation,dorian finney-smith,2019,4000000,1,81.0,0.5,0,,complete
evaluation,dorian finney-smith,2022,12939848,1,80.0,1.0,0,,complete
evaluation,dorian finney-smith,2025,12700000,1,43.0,1.0,0,,complete
evaluation,doug mcdermott,2021,13750000,1,66.0,1.0,0,,complete
evaluation,doug mcdermott,2024,2087519,1,46.0,1.0,0,,complete
evaluation,draymond green,2020,22246956,1,43.0,0.8,0,,complete
evaluation,draymond green,2023,22321429,1,73.0,1.0,0,,complete
evaluation,drew eubanks,2020,1620564,1,22.0,0.5,0,,complete
evaluation,drew eubanks,2023,2346614,1,78.0,1.0,1,laker_z,partial_impact
evaluation,drew eubanks,2024,5000000,1,75.0,1.0,0,,complete
evaluation,drew eubanks,2025,2296274,1,37.0,1.0,0,,complete
evaluation,drew timme,2025,1955377,1,9.0,0.5,0,,complete
evaluation,dru smith,2023,1801769,1,10.0,0.5,0,,complete
evaluation,dru smith,2025,2378870,1,14.0,0.7,0,,complete
evaluation,duncan robinson,2019,1416852,1,15.0,0.5,0,,complete
evaluation,duncan robinson,2020,1663861,1,73.0,0.8,0,,complete
evaluation,duncan robinson,2021,15560000,1,72.0,1.0,0,,complete
evaluation,duncan robinson,2025,16834692,1,74.0,1.0,0,,complete
evaluation,dwayne bacon,2020,1678854,1,39.0,0.8,0,,complete
evaluation,dwight howard,2019,2564753,1,9.0,0.5,0,,complete
evaluation,dwight howard,2020,1620564,1,69.0,0.8,0,,complete
evaluation,dwight howard,2021,2641691,1,69.0,1.0,0,,complete
evaluation,dwight powell,2023,4000000,1,76.0,1.0,0,,complete
evaluation,dylan windler,2023,2019706,1,3.0,1.0,0,,complete
evaluation,dyson daniels,2026,25000000,1,76.0,1.0,0,,complete
evaluation,e'twaun moore,2020,1620564,1,56.0,0.8,0,,complete
evaluation,e'twaun moore,2021,2641691,1,27.0,1.0,0,,complete
evaluation,e.j. liddell,2023,1801769,1,0.0,0.5,4,lebron_z|laker_z|usage_pct|ast_pct,did_not_play
evaluation,ed davis,2019,4767000,1,81.0,0.5,0,,complete
evaluation,ed davis,2021,2641691,1,23.0,1.0,0,,complete
evaluation,edmond sumner,2019,2000000,1,23.0,0.5,0,,complete
evaluation,elfrid payton,2019,8000000,1,42.0,0.5,0,,complete
evaluation,elfrid payton,2020,5767000,1,45.0,0.8,0,,complete
evaluation,elfrid payton,2021,2239544,1,63.0,1.0,0,,complete
evaluation,elie okobo,2019,1416852,1,53.0,0.5,0,,complete
evaluation,emmanuel mudiay,2019,1737145,1,59.0,0.5,0,,complete
evaluation,enes freedom,2019,4767000,1,44.0,0.5,0,,complete
evaluation,enes freedom,2021,2641691,1,72.0,1.0,0,,complete
evaluation,eric bledsoe,2019,15625000,1,78.0,0.5,0,,complete
evaluation,eric gordon,2020,16869276,1,36.0,0.8,0,,complete
evaluation,eric gordon,2023,3196448,1,22.0,1.0,0,,complete
evaluation,eric gordon,2025,2296274,1,39.0,1.0,0,,complete
evaluation,evan fournier,2021,17142857,1,26.0,1.0,0,,complete
evaluation,evan mobley,2025,46394100,1,71.0,1.0,0,,complete
evaluation,frank jackson,2021,3000000,1,40.0,1.0,1,lebron_z,partial_impact
evaluation,frank kaminsky,2019,4767000,1,47.0,0.5,0,,complete
evaluation,frank kaminsky,2020,1620564,1,39.0,0.8,0,,complete
evaluation,frank kaminsky,2021,2089448,1,47.0,1.0,0,,complete
evaluation,frank kaminsky,2022,1836090,1,9.0,1.0,0,,complete
evaluation,frank ntilikina,2021,1789256,1,33.0,1.0,0,,complete
evaluation,frank ntilikina,2023,2019706,1,47.0,1.0,0,,complete
evaluation,franz wagner,2025,38661750,1,60.0,1.0,0,,complete
evaluation,fred vanvleet,2020,21250000,1,54.0,0.8,0,,complete
evaluation,fred vanvleet,2023,40806300,1,69.0,1.0,0,,complete
evaluation,fred vanvleet,2025,25000000,1,60.0,1.0,0,,complete
evaluation,furkan korkmaz,2021,4629630,1,55.0,1.0,0,,complete
evaluation,gabe vincent,2021,1669178,1,50.0,0.5,0,,complete
evaluation,gabe vincent,2023,10500000,1,68.0,1.0,0,,complete
evaluation,gabriel deck,2021,1690507,1,10.0,0.5,0,,complete
evaluation,garrett temple,2019,4767000,1,49.0,0.5,0,,complete
evaluation,garrett temple,2023,2019706,1,25.0,1.0,0,,complete
evaluation,garrison mathews,2021,2000000,1,64.0,0.5,0,,complete
evaluation,gary clark,2020,2000000,1,24.0,0.8,0,,complete
evaluation,gary harris,2022,13000000,1,61.0,1.0,0,,complete
evaluation,gary harris,2024,7500000,1,54.0,1.0,0,,complete
evaluation,gary harris,2025,3634153,1,48.0,1.0,0,,complete
evaluation,gary payton ii,2022,8300000,1,71.0,1.0,0,,complete
evaluation,gary payton ii,2025,2296274,1,62.0,1.0,0,,complete
evaluation,gary trent jr.,2021,16000000,1,58.0,1.0,1,laker_z,partial_impact
evaluation,gary trent jr.,2024,2087519,1,71.0,1.0,1,laker_z,partial_impact
evaluation,gary trent jr.,2025,3697105,1,74.0,1.0,1,laker_z,partial_impact
evaluation,gary trent jr.,2026,15200000,1,65.0,1.0,1,laker_z,partial_impact
evaluation,george hill,2019,10133907,1,47.0,0.5,0,,complete
evaluation,george hill,2021,4000000,1,14.0,1.0,0,,complete
evaluation,georges niang,2021,3300000,1,72.0,1.0,0,,complete
evaluation,georges niang,2023,8800000,1,78.0,1.0,0,,complete
evaluation,gerald green,2019,2564753,1,73.0,0.5,0,,complete
evaluation,giannis antetokounmpo,2021,39344970,1,61.0,1.0,0,,complete
evaluation,goga bitadze,2023,2066585,1,17.0,1.0,0,,complete
evaluation,goga bitadze,2024,9057971,1,62.0,1.0,0,,complete
evaluation,gordon hayward,2020,28500000,1,52.0,0.8,0,,complete
evaluation,gorgui dieng,2021,4000000,1,22.0,1.0,0,,complete
evaluation,gorgui dieng,2022,1836090,1,44.0,1.0,0,,complete
evaluation,grant williams,2023,12405000,1,79.0,1.0,1,laker_z,partial_impact
evaluation,grayson allen,2022,8500000,1,66.0,1.0,0,,complete
evaluation,grayson allen,2024,15625000,1,75.0,1.0,0,,complete
evaluation,guerschon yabusele,2025,5500000,1,70.0,0.5,0,,complete
evaluation,gui santos,2026,4629630,1,68.0,1.0,0,,complete
evaluation,hamidou diallo,2020,1663861,1,46.0,0.8,0,,complete
evaluation,hamidou diallo,2021,5200000,1,32.0,1.0,0,,complete
evaluation,harrison barnes,2019,24147727,1,49.0,0.5,0,,complete
evaluation,harrison barnes,2026,8000000,1,77.0,1.0,0,,complete
evaluation,hassan whiteside,2020,1620564,1,67.0,0.8,0,,complete
evaluation,hassan whiteside,2021,2401537,1,36.0,1.0,0,,complete
evaluation,haywood highsmith,2022,1752638,1,19.0,0.5,0,,complete
evaluation,haywood highsmith,2024,5200000,1,66.0,1.0,0,,complete
evaluation,herbert jones,2023,12015150,1,66.0,0.8,0,,complete
evaluation,hunter tyson,2024,1891857,1,18.0,0.5,0,,complete
evaluation,hunter tyson,2025,2221677,1,51.0,0.8,0,,complete
evaluation,immanuel quickley,2024,32500000,1,38.0,1.0,0,,complete
evaluation,isaac bonga,2021,1729217,1,40.0,1.0,0,,complete
evaluation,isaac jones,2025,1955377,1,40.0,0.5,0,,complete
evaluation,isaiah hartenstein,2022,7804879,1,68.0,1.0,0,,complete
evaluation,isaiah hartenstein,2024,30000000,1,75.0,1.0,0,,complete
evaluation,isaiah hartenstein,2026,23148148,1,47.0,1.0,0,,complete
evaluation,isaiah jackson,2025,7600000,1,5.0,1.0,0,,complete
evaluation,isaiah joe,2022,1836090,1,55.0,0.8,0,,complete
evaluation,isaiah joe,2024,12991650,1,78.0,1.0,0,,complete
evaluation,isaiah livers,2022,1563518,1,19.0,0.5,0,,complete
evaluation,isaiah livers,2023,1836096,1,52.0,0.8,0,,complete
evaluation,isaiah roby,2021,1782621,1,61.0,0.8,0,,complete
evaluation,isaiah stewart,2024,15000000,1,46.0,1.0,0,,complete
evaluation,isaiah thomas,2019,2320044,1,12.0,0.5,0,,complete
evaluation,isaiah todd,2023,1836096,1,6.0,0.8,0,,complete
evaluation,ish smith,2019,6000000,1,56.0,0.5,0,,complete
evaluation,ish smith,2021,4500000,1,44.0,1.0,0,,complete
evaluation,ish smith,2022,4725000,1,28.0,1.0,0,,complete
evaluation,ish smith,2023,2019706,1,43.0,1.0,0,,complete
evaluation,ish wainright,2023,1927896,1,60.0,0.8,0,,complete
evaluation,ivica zubac,2019,6481482,1,26.0,0.5,0,,complete
evaluation,ivica zubac,2022,10123457,1,76.0,1.0,0,,complete
evaluation,ivica zubac,2025,18893980,1,80.0,1.0,0,,complete
evaluation,j.j. barea,2019,2564753,1,38.0,0.5,0,,complete
evaluation,j.j. barea,2020,1620564,1,29.0,0.8,0,,complete
evaluation,ja morant,2023,34005250,1,61.0,1.0,0,,complete
evaluation,jabari parker,2019,6500000,1,39.0,0.5,0,,complete
evaluation,jabari smith jr.,2026,23643411,1,77.0,1.0,1,laker_z,partial_impact
evaluation,jaden hardy,2025,6000000,1,57.0,1.0,0,,complete
evaluation,jaden mcdaniels,2024,23017242,1,72.0,1.0,0,,complete
evaluation,jae crowder,2020,9258000,1,45.0,0.8,0,,complete
evaluation,jae crowder,2023,2019706,1,18.0,1.0,0,,complete
evaluation,jae'sean tate,2022,7065217,1,78.0,0.8,0,,complete
evaluation,jae'sean tate,2024,7565217,1,65.0,1.0,0,,complete
evaluation,jae'sean tate,2025,2296274,1,52.0,1.0,0,,complete
evaluation,jahlil okafor,2020,1882867,1,30.0,0.8,0,,complete
evaluation,jahlil okafor,2021,2130023,1,27.0,1.0,0,,complete
evaluation,jahmi'us ramsey,2021,1517981,1,13.0,0.5,0,,complete
evaluation,jakarr sampson,2019,1737145,1,4.0,0.5,0,,complete
evaluation,jake layman,2019,3581986,1,71.0,0.5,0,,complete
evaluation,jakob poeltl,2020,8101852,1,66.0,0.8,0,,complete
evaluation,jakob poeltl,2023,19500000,1,26.0,1.0,0,,complete
evaluation,jalen brunson,2022,27733332,1,79.0,1.0,0,,complete
evaluation,jalen brunson,2025,34944001,1,65.0,1.0,0,,complete
evaluation,jalen green,2025,33584499,1,82.0,1.0,0,,complete
evaluation,jalen johnson,2025,30000000,1,36.0,1.0,0,,complete
evaluation,jalen lecque,2020,1517981,1,5.0,0.5,0,,complete
evaluation,jalen mcdaniels,2023,4516000,1,24.0,1.0,0,,complete
evaluation,jalen pickett,2025,2221677,1,49.0,0.8,0,,complete
evaluation,jalen smith,2024,8571429,1,61.0,1.0,0,,complete
evaluation,jalen suggs,2025,35000000,1,35.0,1.0,0,,complete
evaluation,jalen williams,2026,41240250,1,33.0,1.0,0,,complete
evaluation,jamal murray,2020,27285000,1,59.0,0.8,0,,complete
evaluation,jamal murray,2025,46394100,1,67.0,1.0,0,,complete
evaluation,jamal shead,2026,2296271,1,82.0,0.8,0,,complete
evaluation,james harden,2019,38199000,1,78.0,0.5,0,,complete
evaluation,james harden,2022,33000000,1,44.0,1.0,0,,complete
evaluation,james harden,2025,39182693,1,79.0,1.0,0,,complete
evaluation,james johnson,2021,2641691,1,22.0,1.0,0,,complete
evaluation,james johnson,2022,1836090,1,62.0,1.0,0,,complete
evaluation,james johnson,2023,2241188,1,18.0,1.0,0,,complete
evaluation,james wiseman,2024,2237691,1,63.0,1.0,0,,complete
evaluation,jamychal green,2019,4767000,1,41.0,0.5,0,,complete
evaluation,jamychal green,2020,7199760,1,63.0,0.8,0,,complete
evaluation,jamychal green,2022,1836090,1,67.0,1.0,0,,complete
evaluation,jared dudley,2019,2564753,1,59.0,0.5,0,,complete
evaluation,jared dudley,2020,1620564,1,45.0,0.8,0,,complete
evaluation,jaren jackson jr.,2022,28946605,1,78.0,1.0,1,laker_z,partial_impact
evaluation,jaren jackson jr.,2025,35000000,1,74.0,1.0,1,laker_z,partial_impact
evaluation,jaren jackson jr.,2026,49000000,1,48.0,1.0,1,laker_z,partial_impact
evaluation,jarred vanderbilt,2021,4000000,1,64.0,1.0,0,,complete
evaluation,jarred vanderbilt,2024,10714286,1,29.0,1.0,1,laker_z,partial_impact
evaluation,jarrett allen,2021,20000000,1,51.0,1.0,0,,complete
evaluation,jarrett allen,2026,28000000,1,56.0,1.0,0,,complete
evaluation,jason preston,2022,1563518,1,0.0,0.5,4,lebron_z|laker_z|usage_pct|ast_pct,did_not_play
evaluation,javale mcgee,2019,4000000,1,75.0,0.5,0,,complete
evaluation,javale mcgee,2021,5000000,1,33.0,1.0,0,,complete
evaluation,javale mcgee,2023,2348324,1,42.0,1.0,0,,complete
evaluation,javonte green,2024,1728488,1,9.0,1.0,1,lebron_z,partial_impact
evaluation,javonte green,2025,2296274,1,50.0,1.0,0,,complete
evaluation,javonte green,2026,3943679,1,82.0,1.0,0,,complete
evaluation,jaxson hayes,2023,2165000,1,47.0,1.0,0,,complete
evaluation,jaxson hayes,2025,3449323,1,56.0,1.0,0,,complete
evaluation,jaxson hayes,2026,6000000,1,66.0,1.0,0,,complete
evaluation,jay huff,2024,2088033,1,20.0,0.5,0,,complete
evaluation,jaylen brown,2020,23437500,1,57.0,0.8,0,,complete
evaluation,jaylen brown,2024,49205800,1,70.0,1.0,0,,complete
evaluation,jaylen clark,2026,3086420,1,68.0,1.0,0,,complete
evaluation,jaylin williams,2025,8450704,1,47.0,1.0,0,,complete
evaluation,jayson tatum,2021,28103550,1,64.0,1.0,0,,complete
evaluation,jayson tatum,2025,54126450,1,72.0,1.0,0,,complete
evaluation,jd davison,2025,2270735,1,16.0,0.8,0,,complete
evaluation,jeff dowtin,2023,2196970,1,25.0,0.5,0,,complete
evaluation,jeff green,2019,2564753,1,77.0,0.5,0,,complete
evaluation,jeff green,2021,4500000,1,68.0,1.0,0,,complete
evaluation,jeff green,2023,9600000,1,56.0,1.0,0,,complete
evaluation,jeff green,2025,2296274,1,32.0,1.0,0,,complete
evaluation,jerami grant,2020,19050000,1,71.0,0.8,0,,complete
evaluation,jerami grant,2023,27586207,1,63.0,1.0,0,,complete
evaluation,jeremiah robinson-earl,2024,2196970,1,39.0,1.0,0,,complete
evaluation,jeremy lamb,2019,10500000,1,79.0,0.5,0,,complete
evaluation,jericho sims,2022,1639842,1,41.0,0.5,0,,complete
evaluation,jericho sims,2025,2461463,1,39.0,1.0,0,,complete
evaluation,jevon carter,2019,1416852,1,39.0,0.5,0,,complete
evaluation,jevon carter,2020,3925000,1,58.0,0.8,0,,complete
evaluation,jevon carter,2023,6190476,1,81.0,1.0,1,laker_z,partial_impact
evaluation,jevon carter,2026,2449421,1,30.0,1.0,0,,complete
evaluation,jimmy butler,2019,32742000,1,55.0,0.5,0,,complete
evaluation,jimmy butler,2023,45183960,1,64.0,1.0,0,,complete
evaluation,joakim noah,2020,6431667,1,5.0,0.8,0,,complete
evaluation,jock landale,2023,8000000,1,69.0,0.8,1,laker_z,partial_impact
evaluation,jock landale,2025,2296274,1,42.0,1.0,0,,complete
evaluation,jock landale,2026,14100000,1,45.0,1.0,0,,complete
evaluation,joe harris,2020,16071429,1,69.0,0.8,0,,complete
evaluation,joe ingles,2022,6479000,1,45.0,1.0,0,,complete
evaluation,joe ingles,2023,11000000,1,46.0,1.0,0,,complete
evaluation,joe ingles,2024,2087519,1,68.0,1.0,0,,complete
evaluation,joe wieskamp,2022,2175000,1,29.0,0.5,0,,complete
evaluation,joel embiid,2023,47607350,1,66.0,1.0,0,,complete
evaluation,john collins,2021,23000000,1,63.0,1.0,0,,complete
evaluation,john collins,2026,17000000,1,69.0,1.0,0,,complete
evaluation,john konchar,2020,2100000,1,19.0,0.5,1,lebron_z,partial_impact
evaluation,john wall,2019,38199000,1,32.0,0.5,0,,complete
evaluation,johnny juzang,2024,3087519,1,20.0,0.5,0,,complete
evaluation,jonah bolden,2019,1698450,1,44.0,0.5,0,,complete
evaluation,jonathan isaac,2021,17400000,1,0.0,1.0,4,lebron_z|laker_z|usage_pct|ast_pct,did_not_play
evaluation,jonathan isaac,2024,25000000,1,58.0,1.0,0,,complete
evaluation,jonathan isaac,2025,15000000,1,71.0,1.0,0,,complete
evaluation,jonathan isaac,2026,10449421,1,52.0,1.0,0,,complete
evaluation,jonathan kuminga,2025,23799569,1,47.0,1.0,0,,complete
evaluation,jontay porter,2020,1900000,1,0.0,0.5,4,lebron_z|laker_z|usage_pct|ast_pct,did_not_play
evaluation,jordan clarkson,2020,11500000,1,42.0,0.8,0,,complete
evaluation,jordan clarkson,2023,23487629,1,61.0,1.0,1,laker_z,partial_impact
evaluation,jordan clarkson,2024,14092577,1,55.0,1.0,0,,complete
evaluation,jordan clarkson,2026,2449421,1,72.0,1.0,0,,complete
evaluation,jordan goodwin,2026,5864198,1,70.0,1.0,0,,complete
evaluation,jordan mclaughlin,2021,2000000,1,51.0,0.5,0,,complete
evaluation,jordan mclaughlin,2024,2087519,1,56.0,1.0,0,,complete
evaluation,jordan mclaughlin,2026,2449421,1,44.0,1.0,0,,complete
evaluation,jordan mcrae,2019,1645357,1,27.0,0.5,0,,complete
evaluation,jordan miller,2026,5300000,1,60.0,1.0,0,,complete
evaluation,jordan nwora,2022,2800000,1,62.0,0.8,0,,complete
evaluation,jordan poole,2023,27455357,1,82.0,1.0,0,,complete
evaluation,jose alvarado,2025,4500000,1,56.0,1.0,0,,complete
evaluation,josh giddey,2025,25000000,1,70.0,1.0,0,,complete
evaluation,josh gray,2020,1620564,1,2.0,0.5,0,,complete
evaluation,josh green,2024,12654321,1,57.0,1.0,0,,complete
evaluation,josh hart,2021,12000000,1,47.0,1.0,0,,complete
evaluation,josh hart,2024,18144000,1,81.0,1.0,0,,complete
evaluation,josh minott,2025,2378870,1,46.0,1.0,0,,complete
evaluation,josh minott,2026,4500000,1,33.0,1.0,0,,complete
evaluation,josh okogie,2022,1836090,1,49.0,1.0,0,,complete
evaluation,josh okogie,2023,2815937,1,72.0,1.0,0,,complete
evaluation,josh okogie,2024,8250000,1,60.0,1.0,0,,complete
evaluation,josh okogie,2025,2296274,1,25.0,1.0,0,,complete
evaluation,josh okogie,2026,6000000,1,78.0,1.0,0,,complete
evaluation,josh richardson,2022,12196094,1,44.0,1.0,0,,complete
evaluation,josh richardson,2023,2891467,1,42.0,1.0,0,,complete
evaluation,jrue holiday,2021,30133333,1,59.0,1.0,0,,complete
evaluation,juan toscano-anderson,2021,1701593,1,53.0,0.8,0,,complete
evaluation,juan toscano-anderson,2022,1836090,1,73.0,1.0,0,,complete
evaluation,julian champagnie,2023,3000000,1,2.0,0.5,0,,complete
evaluation,julian phillips,2024,1891857,1,40.0,0.5,0,,complete
evaluation,julian phillips,2025,2221677,1,79.0,0.8,0,,complete
evaluation,julius randle,2019,18000000,1,73.0,0.5,0,,complete
evaluation,julius randle,2022,23760000,1,72.0,1.0,0,,complete
evaluation,justin champagnie,2024,1800000,1,15.0,1.0,0,,complete
evaluation,justin edwards,2025,2048494,1,44.0,0.5,0,,complete
evaluation,justin holiday,2019,4767000,1,38.0,0.5,0,,complete
evaluation,justin holiday,2020,5720400,1,73.0,0.8,0,,complete
evaluation,justin holiday,2023,2019706,1,28.0,1.0,0,,complete
evaluation,justin jackson,2022,1836090,1,6.0,1.0,0,,complete
evaluation,justin james,2020,1517981,1,36.0,0.5,0,,complete
evaluation,justise winslow,2019,13000000,1,66.0,0.5,0,,complete
evaluation,justise winslow,2021,3902439,1,26.0,1.0,0,,complete
evaluation,karl-anthony towns,2019,27285000,1,77.0,0.5,0,,complete
evaluation,karl-anthony towns,2024,49205800,1,62.0,1.0,0,,complete
evaluation,kawhi leonard,2019,32742000,1,60.0,0.5,0,,complete
evaluation,keaton wallace,2025,2296274,1,31.0,0.5,0,,complete
evaluation,keegan murray,2026,24137936,1,23.0,1.0,0,,complete
evaluation,keita bates-diop,2019,1416852,1,30.0,0.5,0,,complete
evaluation,keita bates-diop,2021,1729217,1,30.0,0.7,0,,complete
evaluation,keita bates-diop,2023,2346614,1,67.0,1.0,0,,complete
evaluation,keita bates-diop,2024,2654644,1,39.0,1.0,0,,complete
evaluation,keldon johnson,2023,20000000,1,63.0,1.0,1,laker_z,partial_impact
evaluation,kelly oubre jr.,2019,15625000,1,40.0,0.5,0,,complete
evaluation,kelly oubre jr.,2021,12000000,1,55.0,1.0,0,,complete
evaluation,kelly oubre jr.,2023,2019706,1,48.0,1.0,0,,complete
evaluation,kelly oubre jr.,2024,7983000,1,68.0,1.0,1,laker_z,partial_impact
evaluation,kelly oubre jr.,2026,8050000,1,50.0,1.0,0,,complete
evaluation,kemba walker,2019,32742000,1,82.0,0.5,0,,complete
evaluation,kemba walker,2021,8729020,1,43.0,1.0,0,,complete
evaluation,kendrick nunn,2020,1663861,1,67.0,0.5,0,,complete
evaluation,kendrick nunn,2021,5000000,1,56.0,0.8,0,,complete
evaluation,kennedy chandler,2023,1719864,1,36.0,0.5,0,,complete
evaluation,kenrich williams,2020,2000000,1,39.0,0.8,0,,complete
evaluation,kenrich williams,2023,6175000,1,53.0,1.0,0,,complete
evaluation,kenrich williams,2026,5000000,1,56.0,1.0,0,,complete
evaluation,kent bazemore,2020,1620564,1,43.0,0.8,0,,complete
evaluation,kent bazemore,2021,2401537,1,67.0,1.0,0,,complete
evaluation,kentavious caldwell-pope,2019,8089282,1,82.0,0.5,0,,complete
evaluation,kentavious caldwell-pope,2020,12073020,1,69.0,0.8,0,,complete
evaluation,kentavious caldwell-pope,2024,22757000,1,76.0,1.0,0,,complete
evaluation,keon ellis,2026,8780488,1,43.0,1.0,0,,complete
evaluation,keshad johnson,2025,1955377,1,16.0,0.5,0,,complete
evaluation,kessler edwards,2022,1637966,1,48.0,0.5,0,,complete
evaluation,kevin durant,2019,37199000,1,78.0,0.5,0,,complete
evaluation,kevin durant,2026,43902439,1,78.0,1.0,0,,complete
evaluation,kevin huerter,2022,14508929,1,74.0,1.0,0,,complete
evaluation,kevin huerter,2026,8333333,1,44.0,1.0,0,,complete
evaluation,kevin knox,2022,3000000,1,17.0,1.0,0,,complete
evaluation,kevin knox,2023,1845593,1,42.0,1.0,0,,complete
evaluation,kevin love,2019,28942830,1,22.0,0.5,0,,complete
evaluation,kevin love,2023,3835738,1,62.0,1.0,1,laker_z,partial_impact
evaluation,kevin porter jr.,2023,15860000,1,59.0,1.0,1,laker_z,partial_impact
evaluation,kevin porter jr.,2025,5134000,1,45.0,0.7,0,,complete
evaluation,kevon looney,2019,4464286,1,80.0,0.5,0,,complete
evaluation,kevon looney,2022,8000000,1,82.0,1.0,0,,complete
evaluation,kevon looney,2026,2449421,1,21.0,1.0,0,,complete
evaluation,khem birch,2019,3000000,1,50.0,0.5,0,,complete
evaluation,khem birch,2021,6350000,1,48.0,1.0,0,,complete
evaluation,khris middleton,2019,30603448,1,77.0,0.5,0,,complete
evaluation,khris middleton,2023,29320988,1,33.0,1.0,0,,complete
evaluation,khris middleton,2026,5591122,1,34.0,1.0,0,,complete
evaluation,killian tillie,2021,1901625,1,18.0,0.5,0,,complete
evaluation,kj martin,2023,1930681,1,82.0,0.5,0,,complete
evaluation,kj martin,2024,7975000,1,58.0,0.8,0,,complete
evaluation,klay thompson,2019,32742000,1,78.0,0.5,0,,complete
evaluation,klay thompson,2024,15873016,1,77.0,1.0,0,,complete
evaluation,kobe sanders,2026,2622139,1,68.0,0.5,0,,complete
evaluation,kris dunn,2020,4767000,1,51.0,0.8,0,,complete
evaluation,kris dunn,2024,5168000,1,66.0,1.0,0,,complete
evaluation,kyle anderson,2022,8780488,1,69.0,1.0,0,,complete
evaluation,kyle anderson,2026,2449421,1,20.0,1.0,0,,complete
evaluation,kyle korver,2019,2564753,1,54.0,0.5,0,,complete
evaluation,kyle kuzma,2021,13000000,1,68.0,1.0,0,,complete
evaluation,kyle kuzma,2023,25568182,1,64.0,1.0,1,laker_z,partial_impact
evaluation,kyle lowry,2021,26984128,1,46.0,1.0,0,,complete
evaluation,kyle lowry,2024,2087519,1,37.0,1.0,0,,complete
evaluation,kyle o'quinn,2019,2028594,1,45.0,0.5,0,,complete
evaluation,kyrie irving,2019,31742000,1,67.0,0.5,0,,complete
evaluation,kyrie irving,2025,36566002,1,50.0,1.0,0,,complete
evaluation,kz okpala,2022,1902133,1,21.0,1.0,0,,complete
evaluation,lamarcus aldridge,2019,26000000,1,81.0,0.5,0,,complete
evaluation,lamarcus aldridge,2021,2641691,1,21.0,1.0,0,,complete
evaluation,lamelo ball,2024,35147000,1,22.0,1.0,0,,complete
evaluation,landry shamet,2022,9500000,1,69.0,1.0,0,,complete
evaluation,landry shamet,2025,2296274,1,50.0,1.0,0,,complete
evaluation,landry shamet,2026,5357143,1,51.0,1.0,0,,complete
evaluation,langston galloway,2020,1620564,1,66.0,0.8,0,,complete
evaluation,larry nance jr.,2019,12727273,1,67.0,0.5,0,,complete
evaluation,larry nance jr.,2025,2296274,1,24.0,1.0,0,,complete
evaluation,larry nance jr.,2026,2449421,1,35.0,1.0,0,,complete
evaluation,lauri markkanen,2021,15690909,1,51.0,1.0,0,,complete
evaluation,lauri markkanen,2024,42176400,1,55.0,1.0,0,,complete
evaluation,lonzo ball,2021,18604651,1,55.0,1.0,0,,complete
evaluation,lonzo ball,2025,10000000,1,35.0,1.0,0,,complete
evaluation,lou williams,2019,8000000,1,75.0,0.5,0,,complete
evaluation,lou williams,2020,8000000,1,65.0,0.8,0,,complete
evaluation,lou williams,2021,5000000,1,42.0,1.0,0,,complete
evaluation,luguentz dort,2022,15277778,1,51.0,1.0,0,,complete
evaluation,luka doncic,2022,37096500,1,65.0,1.0,0,,complete
evaluation,luka garza,2024,2162606,1,25.0,0.8,1,laker_z,partial_impact
evaluation,luke kennard,2021,12727273,1,63.0,1.0,0,,complete
evaluation,luke kennard,2024,9250000,1,39.0,1.0,0,,complete
evaluation,luke kennard,2025,11000000,1,65.0,1.0,0,,complete
evaluation,luke kennard,2026,6064000,1,46.0,1.0,0,,complete
evaluation,luke kornet,2019,2250000,1,46.0,0.5,0,,complete
evaluation,luke kornet,2022,2133278,1,12.0,1.0,0,,complete
evaluation,luke kornet,2024,2087519,1,63.0,1.0,0,,complete
evaluation,luke kornet,2025,11000000,1,73.0,1.0,0,,complete
evaluation,malcolm brogdon,2019,20000000,1,64.0,0.5,0,,complete
evaluation,malcolm brogdon,2023,22500000,1,67.0,1.0,0,,complete
evaluation,malik beasley,2020,13425895,1,41.0,0.8,0,,complete
evaluation,malik beasley,2023,2019706,1,81.0,1.0,1,laker_z,partial_impact
evaluation,malik beasley,2024,6000000,1,79.0,1.0,0,,complete
evaluation,malik monk,2021,1789256,1,42.0,1.0,0,,complete
evaluation,malik monk,2022,9472219,1,76.0,1.0,0,,complete
evaluation,malik monk,2024,17405203,1,72.0,1.0,0,,complete
evaluation,marc gasol,2020,2564753,1,44.0,0.8,0,,complete
evaluation,marcus morris,2019,15000000,1,75.0,0.5,0,,complete
evaluation,marcus smart,2022,17457142,1,71.0,1.0,0,,complete
evaluation,marcus smart,2025,5134000,1,19.0,1.0,0,,complete
evaluation,marcus smart,2026,6064000,1,62.0,1.0,0,,complete
evaluation,mario hezonja,2019,1737145,1,58.0,0.5,0,,complete
evaluation,mario hezonja,2020,1977011,1,53.0,0.8,0,,complete
evaluation,mark williams,2026,11728395,1,60.0,1.0,0,,complete
evaluation,markelle fultz,2021,16500000,1,8.0,1.0,0,,complete
evaluation,markieff morris,2019,2241808,1,34.0,0.5,0,,complete
evaluation,markieff morris,2020,1620564,1,44.0,0.8,0,,complete
evaluation,markieff morris,2021,2641691,1,61.0,1.0,0,,complete
evaluation,markieff morris,2022,1836090,1,17.0,1.0,0,,complete
evaluation,markieff morris,2024,2087519,1,26.0,1.0,0,,complete
evaluation,marvin bagley iii,2025,2296274,1,19.0,1.0,0,,complete
evaluation,marvin bagley iii,2026,2449421,1,38.0,1.0,0,,complete
evaluation,mason plumlee,2020,8000000,1,61.0,0.8,0,,complete
evaluation,mason plumlee,2023,5000000,1,56.0,1.0,0,,complete
evaluation,mason plumlee,2024,2087519,1,46.0,1.0,0,,complete
evaluation,matisse thybulle,2023,10500000,1,22.0,1.0,0,,complete
evaluation,matthew dellavedova,2020,1620564,1,57.0,0.8,0,,complete
evaluation,maurice harkless,2020,3623000,1,50.0,0.8,0,,complete
evaluation,maurice harkless,2021,4347600,1,26.0,1.0,0,,complete
evaluation,max christie,2024,7142857,1,67.0,0.8,0,,complete
evaluation,max strus,2021,1669178,1,39.0,0.5,0,,complete
evaluation,max strus,2023,14487684,1,80.0,1.0,0,,complete
evaluation,maxi kleber,2019,8000000,1,71.0,0.5,0,,complete
evaluation,maxi kleber,2023,11000000,1,37.0,1.0,0,,complete
evaluation,maxwell lewis,2024,1891857,1,34.0,0.5,0,,complete
evaluation,meyers leonard,2020,9400000,1,51.0,0.8,0,,complete
evaluation,micah peavy,2026,2150917,1,61.0,0.5,0,,complete
evaluation,michael carter-williams,2019,2028594,1,12.0,0.5,0,,complete
evaluation,michael carter-williams,2020,3300000,1,45.0,0.8,0,,complete
evaluation,michael kidd-gilchrist,2019,12189237,1,64.0,0.5,0,,complete
evaluation,michael porter jr.,2022,30913750,1,9.0,1.0,0,,complete
evaluation,mikal bridges,2022,20100000,1,82.0,1.0,0,,complete
evaluation,mikal bridges,2026,33482145,1,82.0,1.0,0,,complete
evaluation,mike conley,2021,21000000,1,51.0,1.0,0,,complete
evaluation,mike conley,2024,9975962,1,76.0,1.0,0,,complete
evaluation,mike conley,2026,2449421,1,54.0,1.0,0,,complete
evaluation,mike muscala,2019,2028594,1,47.0,0.5,0,,complete
evaluation,mike muscala,2021,3500000,1,35.0,1.0,0,,complete
evaluation,mike muscala,2022,3500000,1,43.0,1.0,0,,complete
evaluation,mike scott,2019,4767000,1,52.0,0.5,0,,complete
evaluation,miles bridges,2024,27173913,1,69.0,0.5,0,,complete
evaluation,miles mcbride,2024,4710144,1,68.0,1.0,0,,complete
evaluation,miles plumlee,2019,12500000,1,18.0,0.5,0,,complete
evaluation,mitchell robinson,2019,1559712,1,66.0,0.5,0,,complete
evaluation,mitchell robinson,2022,17045454,1,72.0,1.0,0,,complete
evaluation,mitchell robinson,2026,15044000,1,60.0,1.0,0,,complete
evaluation,miye oni,2020,1517981,1,10.0,0.5,0,,complete
evaluation,mo bamba,2022,10300000,1,71.0,1.0,0,,complete
evaluation,mo bamba,2023,2019706,1,40.0,1.0,0,,complete
evaluation,mo bamba,2026,3286399,1,2.0,1.0,0,,complete
evaluation,mohamed diawara,2026,2232143,1,69.0,0.5,0,,complete
evaluation,monte morris,2021,8849071,1,47.0,1.0,0,,complete
evaluation,monte morris,2024,2087519,1,27.0,1.0,0,,complete
evaluation,montrezl harrell,2020,9258000,1,63.0,0.8,0,,complete
evaluation,montrezl harrell,2022,2463490,1,46.0,1.0,0,,complete
evaluation,montrezl harrell,2023,2019706,1,57.0,1.0,1,laker_z,partial_impact
evaluation,moritz wagner,2023,8000000,1,57.0,1.0,0,,complete
evaluation,moritz wagner,2024,11000000,1,80.0,1.0,0,,complete
evaluation,moritz wagner,2025,5000000,1,30.0,1.0,0,,complete
evaluation,moses brown,2023,2019706,1,34.0,1.0,0,,complete
evaluation,moses moody,2025,11574075,1,74.0,1.0,0,,complete
evaluation,mychal mulder,2020,1517981,1,7.0,0.5,0,,complete
evaluation,myles turner,2019,17500000,1,74.0,0.5,0,,complete
evaluation,myles turner,2022,35069500,1,42.0,1.0,0,,complete
evaluation,myles turner,2023,20975000,1,62.0,1.0,0,,complete
evaluation,myles turner,2025,25318251,1,72.0,1.0,0,,complete
evaluation,n'faly dante,2025,2048494,1,4.0,0.5,1,laker_z,partial_impact
evaluation,naji marshall,2024,8571429,1,66.0,1.0,0,,complete
evaluation,nassir little,2023,6250000,1,54.0,1.0,0,,complete
evaluation,nassir little,2024,3107143,1,45.0,1.0,0,,complete
evaluation,nathan knight,2022,1836090,1,37.0,0.5,0,,complete
evaluation,naz reid,2023,12950400,1,68.0,1.0,1,laker_z,partial_impact
evaluation,naz reid,2025,21551724,1,80.0,1.0,0,,complete
evaluation,neemias queta,2024,2162606,1,28.0,0.8,0,,complete
evaluation,nemanja bjelica,2021,2089448,1,26.0,1.0,0,,complete
evaluation,nerlens noel,2020,5000000,1,61.0,0.8,0,,complete
evaluation,nerlens noel,2021,8800000,1,64.0,1.0,0,,complete
evaluation,nic claxton,2020,1517981,1,15.0,0.5,0,,complete
evaluation,nic claxton,2021,1782621,1,32.0,0.8,0,,complete
evaluation,nic claxton,2022,8500000,1,47.0,1.0,0,,complete
evaluation,nic claxton,2024,27556817,1,71.0,1.0,0,,complete
evaluation,nick richards,2021,1517981,1,18.0,0.5,0,,complete
evaluation,nick richards,2022,1782621,1,50.0,0.8,0,,complete
evaluation,nick richards,2023,5000000,1,65.0,1.0,1,laker_z,partial_impact
evaluation,nickeil alexander-walker,2025,15161800,1,82.0,1.0,0,,complete
evaluation,nicolas batum,2020,8856969,1,22.0,0.8,0,,complete
evaluation,nicolas batum,2022,10843350,1,59.0,1.0,0,,complete
evaluation,nicolas batum,2024,4668000,1,57.0,1.0,0,,complete
evaluation,nicolas batum,2025,5601600,1,78.0,1.0,0,,complete
evaluation,nikola jokic,2023,47607350,1,69.0,1.0,0,,complete
evaluation,noah vonleh,2019,2000000,1,68.0,0.5,0,,complete
evaluation,norman powell,2021,15517242,1,42.0,1.0,0,,complete
evaluation,norman powell,2026,21500000,1,58.0,1.0,0,,complete
evaluation,obi toppin,2024,12975000,1,82.0,1.0,0,,complete
evaluation,og anunoby,2021,16071429,1,43.0,1.0,0,,complete
evaluation,og anunoby,2024,36637932,1,27.0,1.0,0,,complete
evaluation,omer yurtseven,2021,1489065,1,0.0,0.5,4,lebron_z|laker_z|usage_pct|ast_pct,did_not_play
evaluation,omer yurtseven,2023,2800000,1,9.0,1.0,1,laker_z,partial_impact
evaluation,onyeka okongwu,2024,14000000,1,55.0,1.0,0,,complete
evaluation,orlando robinson,2023,1801769,1,31.0,0.5,0,,complete
evaluation,oshae brissett,2023,2165000,1,65.0,1.0,0,,complete
evaluation,ousmane dieng,2026,5750000,1,30.0,1.0,0,,complete
evaluation,p.j. tucker,2019,8349039,1,82.0,0.5,0,,complete
evaluation,p.j. tucker,2020,7969537,1,72.0,0.8,0,,complete
evaluation,p.j. tucker,2021,7000000,1,32.0,1.0,0,,complete
evaluation,p.j. tucker,2022,10490000,1,71.0,1.0,0,,complete
evaluation,p.j. tucker,2023,11014500,1,75.0,1.0,0,,complete
evaluation,p.j. washington,2023,16847826,1,73.0,1.0,1,laker_z,partial_impact
evaluation,p.j. washington,2026,19813044,1,56.0,1.0,0,,complete
evaluation,paolo banchero,2026,41240250,1,72.0,1.0,0,,complete
evaluation,pascal siakam,2020,30559200,1,60.0,0.8,0,,complete
evaluation,pat connaughton,2020,4938273,1,67.0,0.8,0,,complete
evaluation,pat connaughton,2023,9423869,1,61.0,1.0,0,,complete
evaluation,patrick beverley,2019,12345679,1,78.0,0.5,0,,complete
evaluation,patrick beverley,2023,2019706,1,67.0,1.0,1,laker_z,partial_impact
evaluation,patrick mccaw,2019,4000000,1,26.0,0.5,0,,complete
evaluation,patrick patterson,2019,2331593,1,63.0,0.5,0,,complete
evaluation,patrick patterson,2020,3077704,1,59.0,0.8,0,,complete
evaluation,patrick williams,2024,18000000,1,43.0,1.0,0,,complete
evaluation,patty mills,2021,5890000,1,68.0,1.0,0,,complete
evaluation,patty mills,2024,2087519,1,13.0,1.0,0,,complete
evaluation,paul millsap,2020,10000000,1,51.0,0.8,0,,complete
evaluation,paul millsap,2021,2641691,1,56.0,1.0,0,,complete
evaluation,paul reed,2021,1517981,1,26.0,0.5,0,,complete
evaluation,paul reed,2022,1782621,1,38.0,0.8,0,,complete
evaluation,paul reed,2023,7723000,1,69.0,1.0,0,,complete
evaluation,paul reed,2025,5335894,1,45.0,1.0,0,,complete
evaluation,paul watson,2020,1445697,1,8.0,0.5,0,,complete
evaluation,payton pritchard,2024,6696429,1,82.0,1.0,0,,complete
evaluation,pelle larsson,2025,1955377,1,55.0,0.5,0,,complete
evaluation,pelle larsson,2026,2296271,1,70.0,0.8,0,,complete
evaluation,pete nance,2026,2537526,1,47.0,0.5,0,,complete
evaluation,pj dozier,2020,1762796,1,29.0,0.8,0,,complete
evaluation,pj dozier,2021,1910860,1,50.0,1.0,0,,complete
evaluation,precious achiuwa,2024,6000000,1,49.0,1.0,0,,complete
evaluation,precious achiuwa,2025,2111516,1,57.0,1.0,0,,complete
evaluation,precious achiuwa,2026,5477000,1,73.0,1.0,0,,complete
evaluation,quentin grimes,2025,8741209,1,47.0,1.0,0,,complete
evaluation,quentin grimes,2026,13953489,1,75.0,1.0,0,,complete
evaluation,quinn cook,2019,3000000,1,74.0,0.5,0,,complete
evaluation,quinten post,2026,8285714,1,67.0,0.8,0,,complete
evaluation,rajon rondo,2019,2564753,1,46.0,0.5,0,,complete
evaluation,rajon rondo,2020,8250000,1,48.0,0.8,0,,complete
evaluation,rajon rondo,2021,2641691,1,27.0,1.0,0,,complete
evaluation,raul neto,2019,1737145,1,37.0,0.5,0,,complete
evaluation,raul neto,2020,1620564,1,54.0,0.8,0,,complete
evaluation,raul neto,2021,2089448,1,64.0,1.0,0,,complete
evaluation,raul neto,2022,1836090,1,70.0,1.0,0,,complete
evaluation,reggie bullock,2019,4000000,1,44.0,0.5,0,,complete
evaluation,reggie bullock,2021,9536000,1,65.0,1.0,0,,complete
evaluation,reggie bullock,2023,2019706,1,78.0,1.0,0,,complete
evaluation,reggie jackson,2020,1620564,1,14.0,0.8,0,,complete
evaluation,reggie jackson,2021,10384500,1,67.0,1.0,0,,complete
evaluation,reggie jackson,2023,5000000,1,52.0,1.0,0,,complete
evaluation,reggie jackson,2024,1946229,1,82.0,1.0,0,,complete
evaluation,richaun holmes,2019,4767000,1,70.0,0.5,0,,complete
evaluation,richaun holmes,2021,10384500,1,61.0,1.0,0,,complete
evaluation,ricky rubio,2019,16200000,1,68.0,0.5,0,,complete
evaluation,ricky rubio,2022,5853659,1,34.0,1.0,0,,complete
evaluation,rj barrett,2023,23883929,1,73.0,1.0,0,,complete
evaluation,robin lopez,2019,4767000,1,74.0,0.5,0,,complete
evaluation,robin lopez,2020,7300000,1,66.0,0.8,0,,complete
evaluation,robin lopez,2021,5000000,1,71.0,1.0,0,,complete
evaluation,robin lopez,2022,1836090,1,36.0,1.0,0,,complete
evaluation,robin lopez,2023,2019706,1,37.0,1.0,0,,complete
evaluation,rodions kurucs,2019,1699236,1,63.0,0.5,0,,complete
evaluation,rodions kurucs,2020,1780152,1,47.0,0.8,0,,complete
evaluation,rodney hood,2019,5718000,1,45.0,0.5,0,,complete
evaluation,rodney hood,2020,10047450,1,21.0,0.8,0,,complete
evaluation,rodney hood,2021,2239544,1,38.0,1.0,0,,complete
evaluation,rodney mcgruder,2019,4807693,1,66.0,0.5,0,,complete
evaluation,rondae hollis-jefferson,2019,2500000,1,59.0,0.5,0,,complete
evaluation,royce o'neale,2020,8500000,1,71.0,0.8,0,,complete
evaluation,rudy gay,2019,14000000,1,69.0,0.5,0,,complete
evaluation,rudy gay,2021,5890000,1,63.0,1.0,0,,complete
evaluation,rudy gobert,2021,35344828,1,71.0,1.0,0,,complete
evaluation,rudy gobert,2025,35000000,1,72.0,1.0,0,,complete
evaluation,rui hachimura,2023,15740741,1,30.0,1.0,0,,complete
evaluation,rui hachimura,2026,14000000,1,68.0,1.0,0,,complete
evaluation,russell westbrook,2023,3835738,1,21.0,1.0,0,,complete
evaluation,russell westbrook,2024,3303771,1,68.0,1.0,0,,complete
evaluation,russell westbrook,2025,2296274,1,75.0,1.0,0,,complete
evaluation,ryan anderson,2020,5214583,1,2.0,0.8,0,,complete
evaluation,ryan arcidiacono,2019,3000000,1,81.0,0.5,0,,complete
evaluation,ryan arcidiacono,2022,1836090,1,10.0,1.0,0,,complete
evaluation,ryan arcidiacono,2023,2019706,1,9.0,1.0,0,,complete
evaluation,ryan rollins,2025,4000000,1,56.0,1.0,0,,complete
evaluation,saben lee,2021,1489065,1,48.0,0.5,0,,complete
evaluation,saddiq bey,2024,6440678,1,63.0,1.0,0,,complete
evaluation,sam hauser,2022,1637966,1,26.0,0.5,0,,complete
evaluation,sam hauser,2025,10044644,1,71.0,1.0,0,,complete
evaluation,sam merrill,2025,8482144,1,71.0,1.0,0,,complete
evaluation,sandro mamukelashvili,2023,2019706,1,19.0,0.8,0,,complete
evaluation,sandro mamukelashvili,2025,2461463,1,61.0,1.0,0,,complete
evaluation,sandro mamukelashvili,2026,13000000,1,80.0,1.0,0,,complete
evaluation,santi aldama,2025,18485916,1,65.0,1.0,0,,complete
evaluation,scottie barnes,2025,38661750,1,65.0,1.0,0,,complete
evaluation,scotty pippen jr.,2024,2087519,1,21.0,0.5,0,,complete
evaluation,semi ojeleye,2021,1789256,1,56.0,1.0,0,,complete
evaluation,serge ibaka,2020,9258000,1,55.0,0.8,0,,complete
evaluation,serge ibaka,2022,1836090,1,35.0,1.0,0,,complete
evaluation,seth curry,2019,7461380,1,74.0,0.5,0,,complete
evaluation,seth curry,2023,4000000,1,61.0,1.0,1,laker_z,partial_impact
evaluation,seth curry,2024,2087519,1,36.0,1.0,0,,complete
evaluation,shabazz napier,2019,1845301,1,56.0,0.5,0,,complete
evaluation,shaedon sharpe,2026,20089287,1,50.0,1.0,0,,complete
evaluation,shai gilgeous-alexander,2022,30913750,1,56.0,1.0,0,,complete
evaluation,shake milton,2019,1445697,1,20.0,0.5,0,,complete
evaluation,shake milton,2020,1701593,1,40.0,0.8,0,,complete
evaluation,shake milton,2023,5000000,1,76.0,1.0,1,laker_z,partial_impact
evaluation,shake milton,2024,2875000,1,38.0,1.0,0,,complete
evaluation,simone fontecchio,2024,7692308,1,50.0,0.8,0,,complete
evaluation,simone fontecchio,2026,2449421,1,70.0,1.0,0,,complete
evaluation,skylar mays,2023,1799163,1,6.0,1.0,0,,complete
evaluation,solomon hill,2020,1620564,1,48.0,0.8,0,,complete
evaluation,solomon hill,2021,2389641,1,71.0,1.0,0,,complete
evaluation,spencer dinwiddie,2019,10605600,1,68.0,0.5,0,,complete
evaluation,spencer dinwiddie,2021,17142857,1,3.0,1.0,0,,complete
evaluation,spencer dinwiddie,2024,2087519,1,48.0,1.0,0,,complete
evaluation,stanley johnson,2019,3623000,1,48.0,0.5,0,,complete
evaluation,sterling brown,2020,1620564,1,52.0,0.8,0,,complete
evaluation,sterling brown,2021,3000000,1,51.0,1.0,0,,complete
evaluation,steven adams,2021,17073171,1,58.0,1.0,0,,complete
evaluation,steven adams,2023,12600000,1,42.0,1.0,0,,complete
evaluation,svi mykhailiuk,2019,1416852,1,39.0,0.5,0,,complete
evaluation,svi mykhailiuk,2020,1663861,1,56.0,0.8,0,,complete
evaluation,svi mykhailiuk,2024,3500000,1,41.0,1.0,0,,complete
evaluation,t.j. mcconnell,2019,3500000,1,76.0,0.5,0,,complete
evaluation,t.j. mcconnell,2021,7500000,1,69.0,1.0,0,,complete
evaluation,t.j. warren,2019,10810000,1,43.0,0.5,0,,complete
evaluation,t.j. warren,2022,1836090,1,0.0,1.0,4,lebron_z|laker_z|usage_pct|ast_pct,did_not_play
evaluation,taj gibson,2019,9800000,1,70.0,0.5,0,,complete
evaluation,taj gibson,2020,2442968,1,62.0,0.8,0,,complete
evaluation,taj gibson,2021,4910000,1,45.0,1.0,0,,complete
evaluation,taj gibson,2022,1836090,1,52.0,1.0,0,,complete
evaluation,taj gibson,2024,2087519,1,16.0,1.0,0,,complete
evaluation,talen horton-tucker,2020,1517981,1,6.0,0.5,0,,complete
evaluation,talen horton-tucker,2021,9500000,1,65.0,0.8,0,,complete
evaluation,talen horton-tucker,2022,10260000,1,60.0,1.0,0,,complete
evaluation,talen horton-tucker,2024,2087519,1,51.0,1.0,0,,complete
evaluation,tari eason,2026,14051724,1,60.0,1.0,0,,complete
evaluation,taurean prince,2020,12250000,1,64.0,0.8,0,,complete
evaluation,taurean prince,2022,7295000,1,69.0,1.0,0,,complete
evaluation,taurean prince,2023,4516000,1,54.0,1.0,0,,complete
evaluation,taurean prince,2024,2087519,1,78.0,1.0,0,,complete
evaluation,taurean prince,2025,3303774,1,80.0,1.0,0,,complete
evaluation,terance mann,2025,15500000,1,37.0,1.0,0,,complete
evaluation,terence davis,2021,4000000,1,27.0,0.8,0,,complete
evaluation,terrence ross,2019,12500000,1,81.0,0.5,0,,complete
evaluation,terry rozier,2019,19894737,1,79.0,0.5,0,,complete
evaluation,terry rozier,2022,21486316,1,73.0,1.0,0,,complete
evaluation,terry taylor,2023,2019706,1,26.0,0.8,0,,complete
evaluation,thabo sefolosha,2019,2564753,1,50.0,0.5,0,,complete
evaluation,thaddeus young,2019,12900000,1,81.0,0.5,0,,complete
evaluation,thaddeus young,2022,8000000,1,26.0,1.0,0,,complete
evaluation,theo pinson,2019,1445697,1,18.0,0.5,0,,complete
evaluation,theo pinson,2022,1836090,1,19.0,0.8,0,,complete
evaluation,thomas bryant,2019,8000000,1,72.0,0.5,0,,complete
evaluation,thomas bryant,2022,1836090,1,27.0,1.0,0,,complete
evaluation,thomas bryant,2023,2528233,1,41.0,1.0,0,,complete
evaluation,thomas bryant,2024,2087519,1,38.0,1.0,0,,complete
evaluation,thomas bryant,2026,2449421,1,60.0,1.0,0,,complete
evaluation,tim frazier,2019,1882867,1,47.0,0.5,0,,complete
evaluation,tim hardaway jr.,2025,2296274,1,77.0,1.0,1,laker_z,partial_impact
evaluation,tim hardaway jr.,2026,6500000,1,80.0,1.0,1,laker_z,partial_impact
evaluation,tobias harris,2019,32742000,1,55.0,0.5,0,,complete
evaluation,tobias harris,2024,25365854,1,70.0,1.0,0,,complete
evaluation,tobias harris,2026,15044000,1,63.0,1.0,0,,complete
evaluation,tony bradley,2021,1789256,1,22.0,1.0,0,,complete
evaluation,tony snell,2021,2389641,1,47.0,1.0,0,,complete
evaluation,torrey craig,2020,1620564,1,58.0,0.8,0,,complete
evaluation,torrey craig,2021,4878049,1,32.0,1.0,0,,complete
evaluation,torrey craig,2023,2528233,1,79.0,1.0,1,laker_z,partial_impact
evaluation,toumani camara,2026,18080358,1,82.0,1.0,0,,complete
evaluation,trae young,2022,37096500,1,76.0,1.0,0,,complete
evaluation,trae young,2026,49488300,1,10.0,1.0,0,,complete
evaluation,tre jones,2023,9895833,1,68.0,1.0,0,,complete
evaluation,tre jones,2025,8000000,1,18.0,1.0,0,,complete
evaluation,tre mann,2025,8000000,1,13.0,1.0,0,,complete
evaluation,trendon watford,2023,2019706,1,62.0,0.8,0,,complete
evaluation,trendon watford,2024,2726603,1,63.0,1.0,0,,complete
evaluation,trevor ariza,2019,12200000,1,43.0,0.5,0,,complete
evaluation,trevor ariza,2021,2641691,1,30.0,1.0,0,,complete
evaluation,trey burke,2020,3000000,1,25.0,0.8,0,,complete
evaluation,trey lyles,2019,5500000,1,64.0,0.5,0,,complete
evaluation,trey lyles,2021,2500000,1,23.0,1.0,0,,complete
evaluation,trey lyles,2023,8000000,1,74.0,1.0,1,laker_z,partial_impact
evaluation,trey lyles,2026,2449421,1,0.0,0.7,4,lebron_z|laker_z|usage_pct|ast_pct,did_not_play
evaluation,trey murphy iii,2025,25000000,1,53.0,1.0,0,,complete
evaluation,tristan thompson,2020,9258000,1,57.0,0.8,0,,complete
evaluation,tristan thompson,2023,2019706,1,0.0,1.0,4,lebron_z|laker_z|usage_pct|ast_pct,did_not_play
evaluation,ty jerome,2023,2439025,1,45.0,1.0,1,laker_z,partial_impact
evaluation,ty jerome,2025,8781000,1,70.0,1.0,0,,complete
evaluation,tyler herro,2023,27000000,1,67.0,1.0,0,,complete
evaluation,tyler johnson,2020,1620564,1,31.0,0.8,0,,complete
evaluation,tyler smith,2025,1955377,1,23.0,0.5,0,,complete
evaluation,tyrell terry,2021,1517981,1,11.0,0.5,1,laker_z,partial_impact
evaluation,tyrese haliburton,2024,42176400,1,69.0,1.0,0,,complete
evaluation,tyrese martin,2025,2191897,1,60.0,0.5,0,,complete
evaluation,tyrese maxey,2024,35147000,1,70.0,1.0,0,,complete
evaluation,tyson chandler,2019,2564753,1,48.0,0.5,0,,complete
evaluation,tyus jones,2019,8400000,1,68.0,0.5,0,,complete
evaluation,tyus jones,2022,15000000,1,73.0,1.0,0,,complete
evaluation,tyus jones,2024,2087519,1,66.0,1.0,0,,complete
evaluation,tyus jones,2025,7000000,1,81.0,1.0,0,,complete
evaluation,tyus jones,2026,2449421,1,48.0,1.0,0,,complete
evaluation,udonis haslem,2019,2564753,1,10.0,0.5,0,,complete
evaluation,udonis haslem,2020,1620564,1,4.0,0.8,0,,complete
evaluation,udonis haslem,2021,2641691,1,1.0,1.0,0,,complete
evaluation,udonis haslem,2022,1836090,1,13.0,1.0,0,,complete
evaluation,victor oladipo,2021,2389641,1,20.0,1.0,0,,complete
evaluation,victor oladipo,2022,8750000,1,8.0,1.0,0,,complete
evaluation,vince carter,2019,2564753,1,76.0,0.5,0,,complete
evaluation,vince williams jr.,2023,2232308,1,15.0,0.5,0,,complete
evaluation,walker kessler,2026,30232558,1,5.0,1.0,0,,complete
evaluation,wayne ellington,2019,8000000,1,28.0,0.5,0,,complete
evaluation,wayne ellington,2020,2564753,1,36.0,0.8,0,,complete
evaluation,wayne ellington,2021,2641691,1,46.0,1.0,0,,complete
evaluation,wendell carter jr.,2022,14150000,1,62.0,1.0,0,,complete
evaluation,wendell carter jr.,2026,18102000,1,78.0,1.0,0,,complete
evaluation,wenyen gabriel,2019,1445697,1,0.0,0.5,4,lebron_z|laker_z|usage_pct|ast_pct,did_not_play
evaluation,wenyen gabriel,2020,1620564,1,19.0,0.8,0,,complete
evaluation,wenyen gabriel,2022,1878720,1,19.0,1.0,0,,complete
evaluation,wes iwundu,2019,1618520,1,68.0,0.5,0,,complete
evaluation,wes iwundu,2020,1678854,1,52.0,0.8,0,,complete
evaluation,wesley matthews,2019,2564753,1,44.0,0.5,0,,complete
evaluation,wesley matthews,2020,3623000,1,67.0,0.8,0,,complete
evaluation,wesley matthews,2021,1958501,1,58.0,1.0,0,,complete
evaluation,wesley matthews,2023,2019706,1,52.0,1.0,0,,complete
evaluation,willie cauley-stein,2019,2177483,1,81.0,0.5,0,,complete
evaluation,willie cauley-stein,2020,4100000,1,41.0,0.8,0,,complete
evaluation,wilson chandler,2019,2564753,1,36.0,0.5,0,,complete
evaluation,xavier cooks,2023,1719864,1,10.0,0.5,1,lebron_z,partial_impact
evaluation,yuta watanabe,2022,1836090,1,38.0,1.0,0,,complete
evaluation,yuta watanabe,2023,2346614,1,58.0,1.0,1,laker_z,partial_impact
evaluation,zach collins,2021,7000000,1,0.0,1.0,4,lebron_z|laker_z|usage_pct|ast_pct,did_not_play
evaluation,zach collins,2024,16741200,1,69.0,1.0,0,,complete
evaluation,zach collins,2026,8292683,1,10.0,1.0,0,,complete
evaluation,zach lavine,2022,37096500,1,67.0,1.0,0,,complete
evaluation,zeke nnaji,2024,8888889,1,58.0,1.0,0,,complete
evaluation,ziaire williams,2026,2449421,1,56.0,1.0,0,,complete
evaluation,zion williamson,2023,34005250,1,29.0,1.0,0,,complete
evaluation,zylan cheatham,2020,1445697,1,4.0,0.5,0,,complete
