player_name_norm,season,age,cap_pct,max_eligible_pct,is_max_contract,pred_xgb,pred_tobit_latent,pred_hybrid,cap,actual_$M,xgb_$M,tobit_$M,hybrid_$M
anthony davis,2025,31,0.383310082,0.35,TRUE,0.312104344,0.331587984,0.331587984,141208000,54.13,44.07,46.82,46.82
jayson tatum,2025,26,0.383310082,0.25,TRUE,0.333767354,0.392642907,0.392642907,141208000,54.13,47.13,55.44,55.44
john wall,2020,,0.378,0.25,TRUE,0.124388076,0.135519296,0.135519296,109140000,41.25,13.58,14.79,14.79
stephen curry,2019,30,0.368625234,0.35,TRUE,0.288898677,0.260384257,0.288898677,109140000,40.23,31.53,28.42,31.53
chris paul,2019,33,0.352817317,0.35,TRUE,0.256807119,0.221124139,0.256807119,109140000,38.51,28.03,24.13,28.03
russell westbrook,2019,30,0.352817317,0.35,TRUE,0.308082372,0.274659619,0.308082372,109140000,38.51,33.62,29.98,33.62
giannis antetokounmpo,2021,26,0.350000623,0.25,TRUE,0.326341838,0.45538889,0.45538889,112414000,39.34,36.69,51.19,51.19
bradley beal,2022,28,0.35,0.3,TRUE,0.226819173,0.236610716,0.236610716,123655000,43.28,28.05,29.26,29.26
damian lillard,2021,30,0.35,0.35,TRUE,0.317553639,0.293685226,0.317553639,112414000,39.34,35.7,33.01,35.7
devin booker,2024,27,0.35,0.3,TRUE,0.319382191,0.27819329,0.319382191,140588000,49.21,44.9,39.11,44.9
james harden,2019,29,0.35,0.3,TRUE,0.317398131,0.309227309,0.317398131,109140000,38.2,34.64,33.75,34.64
jaylen brown,2024,27,0.35,0.3,TRUE,0.309806317,0.237090429,0.309806317,140588000,49.21,43.56,33.33,43.56
joel embiid,2023,28,0.35,0.3,TRUE,0.347670019,0.38496507,0.38496507,136021000,47.61,47.29,52.36,52.36
john wall,2019,28,0.35,0.3,TRUE,0.209935769,0.189986479,0.209935769,109140000,38.2,22.91,20.74,22.91
karl-anthony towns,2024,28,0.35,0.3,TRUE,0.285984188,0.237439022,0.285984188,140588000,49.21,40.21,33.38,40.21
nikola jokic,2023,27,0.35,0.3,TRUE,0.315449119,0.483648649,0.483648649,136021000,47.61,42.91,65.79,65.79
lebron james,2019,34,0.343016841,0.35,TRUE,0.303747296,0.279879975,0.303747296,109140000,37.44,33.15,30.55,33.15
kevin durant,2019,30,0.340837456,0.35,TRUE,0.310520411,0.257430729,0.310520411,109140000,37.2,33.89,28.1,33.89
jimmy butler,2023,33,0.332183707,0.35,TRUE,0.264136106,0.241586875,0.264136106,136021000,45.18,35.93,32.86,35.93
cade cunningham,2025,23,0.328551498,0.25,TRUE,0.268213868,0.224624908,0.268213868,141208000,46.39,37.87,31.72,37.87
donovan mitchell,2025,28,0.328551498,0.3,TRUE,0.303399503,0.283806972,0.303399503,141208000,46.39,42.84,40.08,42.84
evan mobley,2025,23,0.328551498,0.25,TRUE,0.278017104,0.230998134,0.278017104,141208000,46.39,39.26,32.62,39.26
jamal murray,2025,27,0.328551498,0.3,TRUE,0.275331914,0.218468952,0.275331914,141208000,46.39,38.88,30.85,38.88
bam adebayo,2026,28,0.325490196,0.3,TRUE,0.288757384,0.269375934,0.288757384,153000000,49.8,44.18,41.21,44.18
de'aaron fox,2026,28,0.325490196,0.3,TRUE,0.230651394,0.213425732,0.230651394,153000000,49.8,35.29,32.65,35.29
jaren jackson jr.,2026,26,0.320261438,0.25,TRUE,0.136374772,0.185521743,0.185521743,153000000,49,20.87,28.38,28.38
rudy gobert,2021,28,0.314416603,0.3,TRUE,0.229735821,0.2639191,0.2639191,112414000,35.34,25.83,29.67,29.67
blake griffin,2019,29,0.313679,0.3,TRUE,0.292221636,0.223318075,0.292221636,109140000,34.23,31.89,24.37,31.89
paul george,2019,28,0.302414843,0.3,TRUE,0.304966062,0.264202329,0.304966062,109140000,33.01,33.28,28.84,33.28
anthony davis,2020,26,0.3,0.25,TRUE,0.331523299,0.283721146,0.331523299,109140000,32.74,36.18,30.97,36.18
anthony edwards,2024,22,0.3,0.25,TRUE,0.296812862,0.252262287,0.296812862,140588000,42.18,41.73,35.47,41.73
bradley beal,2021,27,0.3,0.3,TRUE,0.285807073,0.249961481,0.285807073,112414000,33.72,32.13,28.1,32.13
fred vanvleet,2023,28,0.3,0.3,TRUE,0.240375653,0.212959846,0.240375653,136021000,40.81,32.7,28.97,32.7
jimmy butler,2019,29,0.3,0.3,TRUE,0.229772553,0.171132683,0.229772553,109140000,32.74,25.08,18.68,25.08
kawhi leonard,2019,27,0.3,0.3,TRUE,0.31125927,0.267817686,0.31125927,109140000,32.74,33.97,29.23,33.97
kemba walker,2019,28,0.3,0.3,TRUE,0.284381658,0.228465063,0.284381658,109140000,32.74,31.04,24.93,31.04
klay thompson,2019,28,0.3,0.3,TRUE,0.178042486,0.163711231,0.178042486,109140000,32.74,19.43,17.87,19.43
lauri markkanen,2024,26,0.3,0.25,TRUE,0.265823305,0.208428661,0.265823305,140588000,42.18,37.37,29.3,37.37
luka doncic,2022,22,0.3,0.25,TRUE,0.306741327,0.321960781,0.321960781,123655000,37.1,37.93,39.81,39.81
tobias harris,2019,26,0.3,0.25,TRUE,0.183467835,0.148791026,0.183467835,109140000,32.74,20.02,16.24,20.02
trae young,2022,23,0.3,0.25,TRUE,0.292557359,0.246831154,0.292557359,123655000,37.1,36.18,30.52,36.18
tyrese haliburton,2024,23,0.3,0.25,TRUE,0.294683665,0.211986264,0.294683665,140588000,42.18,41.43,29.8,41.43
zach lavine,2022,26,0.3,0.25,TRUE,0.205682993,0.190014835,0.205682993,123655000,37.1,25.43,23.5,25.43
gordon hayward,2019,28,0.299621,0.3,TRUE,0.090857632,0.114423056,0.114423056,109140000,32.7,9.92,12.49,12.49
ben simmons,2021,24,0.293593,0.25,TRUE,0.288940132,0.238916462,0.288940132,112414000,33,32.48,26.86,32.48
kyrie irving,2019,26,0.290837456,0.25,TRUE,0.276623309,0.231625311,0.276623309,109140000,31.74,30.19,25.28,30.19
domantas sabonis,2024,27,0.288075796,0.3,TRUE,0.259844333,0.221691435,0.259844333,140588000,40.5,36.53,31.17,36.53
myles turner,2022,25,0.283607618,0.25,TRUE,0.123219408,0.149613815,0.149613815,123655000,35.07,15.24,18.5,18.5
khris middleton,2019,27,0.280405424,0.3,TRUE,0.21656774,0.191454642,0.21656774,109140000,30.6,23.64,20.9,23.64
ben simmons,2020,23,0.28,0.25,TRUE,0.191202536,0.17815051,0.191202536,109140000,30.56,20.87,19.44,20.87
pascal siakam,2020,25,0.28,0.25,TRUE,0.231884435,0.183081539,0.231884435,109140000,30.56,25.31,19.98,25.31
franz wagner,2025,23,0.273792915,0.25,TRUE,0.277640045,0.220792626,0.277640045,141208000,38.66,39.2,31.18,39.2
scottie barnes,2025,23,0.273792915,0.25,TRUE,0.21875897,0.187300258,0.21875897,141208000,38.66,30.89,26.45,30.89
damian lillard,2019,28,0.273065063,0.3,TRUE,0.310417026,0.250065687,0.310417026,109140000,29.8,33.88,27.29,33.88
chet holmgren,2026,23,0.27124183,0.25,TRUE,0.229975179,0.209496532,0.229975179,153000000,41.5,35.19,32.05,35.19
jalen williams,2026,24,0.27124183,0.25,TRUE,0.146047771,0.176328198,0.176328198,153000000,41.5,22.35,26.98,26.98
paolo banchero,2026,23,0.27124183,0.25,TRUE,0.219083443,0.193544822,0.219083443,153000000,41.5,33.52,29.61,33.52
og anunoby,2024,26,0.260605,0.25,TRUE,0.187543631,0.173812202,0.187543631,140588000,36.64,26.37,24.44,26.37
andrew wiggins,2019,23,0.252012369,0.25,TRUE,0.170636788,0.129382111,0.170636788,109140000,27.5,18.62,14.12,18.62
joel embiid,2019,24,0.252012369,0.25,TRUE,0.293978095,0.279906983,0.293978095,109140000,27.5,32.08,30.55,32.08
bam adebayo,2021,23,0.250000445,0.25,TRUE,0.26462993,0.203452898,0.26462993,112414000,28.1,29.75,22.87,29.75
jayson tatum,2021,22,0.250000445,0.25,TRUE,0.306126356,0.257318531,0.306126356,112414000,28.1,34.41,28.93,34.41
brandon ingram,2020,22,0.25,0.25,TRUE,0.20463109,0.172693963,0.20463109,109140000,27.28,22.33,18.85,22.33
d'angelo russell,2019,22,0.25,0.25,TRUE,0.186967939,0.18573751,0.186967939,109140000,27.28,20.41,20.27,20.41
darius garland,2023,23,0.25,0.25,TRUE,0.242870644,0.207565492,0.242870644,136021000,34.01,33.04,28.23,33.04
de'aaron fox,2021,23,0.25,0.25,TRUE,0.21826753,0.194704993,0.21826753,112414000,28.1,24.54,21.89,24.54
deandre ayton,2022,23,0.25,0.25,TRUE,0.197497576,0.1787333,0.197497576,123655000,30.91,24.42,22.1,24.42
devin booker,2019,22,0.25,0.25,TRUE,0.202196762,0.178937997,0.202196762,109140000,27.28,22.07,19.53,22.07
donovan mitchell,2021,24,0.25,0.25,TRUE,0.260528773,0.229160684,0.260528773,112414000,28.1,29.29,25.76,29.29
ja morant,2023,23,0.25,0.25,TRUE,0.293013781,0.273939256,0.293013781,136021000,34.01,39.86,37.26,39.86
jamal murray,2020,22,0.25,0.25,TRUE,0.234850332,0.187034348,0.234850332,109140000,27.28,25.63,20.41,25.63
karl-anthony towns,2019,23,0.25,0.25,TRUE,0.276427686,0.241316464,0.276427686,109140000,27.28,30.17,26.34,30.17
lamelo ball,2024,22,0.25,0.25,TRUE,0.216772988,0.227152573,0.227152573,140588000,35.15,30.48,31.93,31.93
michael porter jr.,2022,23,0.25,0.25,TRUE,0.122180849,0.138378795,0.138378795,123655000,30.91,15.11,17.11,17.11
shai gilgeous-alexander,2022,23,0.25,0.25,TRUE,0.250979424,0.203626862,0.250979424,123655000,30.91,31.03,25.18,31.03
tyrese maxey,2024,23,0.25,0.25,TRUE,0.243234634,0.198707022,0.243234634,140588000,35.15,34.2,27.94,34.2
zion williamson,2023,22,0.25,0.25,TRUE,0.272027999,0.22306821,0.272027999,136021000,34.01,37,30.34,37
andre drummond,2019,25,0.248240966,0.25,TRUE,0.191355601,0.162368139,0.191355601,109140000,27.09,20.88,17.72,20.88
anthony davis,2019,25,0.248240966,0.25,TRUE,0.287497997,0.248139524,0.287497997,109140000,27.09,31.38,27.08,31.38
jalen suggs,2025,23,0.247861311,0.25,TRUE,0.184024185,0.175168038,0.184024185,141208000,35,25.99,24.74,25.99
jaren jackson jr.,2025,26,0.247861311,0.25,TRUE,0.174349397,0.202638844,0.202638844,141208000,35,24.62,28.61,28.61
nikola jokic,2019,23,0.243481721,0.25,TRUE,0.274273366,0.261974435,0.274273366,109140000,26.57,29.93,28.59,29.93
desmond bane,2024,25,0.241878752,0.25,TRUE,0.24172771,0.178863482,0.24172771,140588000,34.01,33.98,25.15,33.98
jalen green,2025,22,0.237837084,0.25,TRUE,0.170174927,0.160758323,0.170174927,141208000,33.58,24.03,22.7,24.03
giannis antetokounmpo,2019,24,0.236784836,0.25,TRUE,0.300181329,0.304907074,0.304907074,109140000,25.84,32.76,33.28,33.28
steven adams,2019,25,0.236784836,0.25,TRUE,0.182434872,0.172056159,0.182434872,109140000,25.84,19.91,18.78,19.91
jaren jackson jr.,2022,,0.234091666,0.25,TRUE,0.123768456,0.13098643,0.13098643,123655000,28.95,15.3,16.2,16.2
bradley beal,2019,25,0.232725903,0.25,TRUE,0.273347497,0.218007963,0.273347497,109140000,25.4,29.83,23.79,29.83
jaylen brown,2022,25,0.23242951,0.25,TRUE,0.288408071,0.249858919,0.288408071,123655000,28.74,35.66,30.9,35.66
immanuel quickley,2024,24,0.231171935,0.25,TRUE,0.136640355,0.147743712,0.147743712,140588000,32.5,19.21,20.77,20.77
rudy gobert,2019,26,0.229140801,0.25,TRUE,0.207277775,0.208107964,0.208107964,109140000,25.01,22.62,22.71,22.71
kyle lowry,2019,32,0.305078761,0.35,FALSE,0.234482244,0.195629249,0.234482244,109140000,33.3,25.59,21.35,25.59
mike conley,2019,31,0.297889161,0.35,FALSE,0.294963777,0.223403428,0.294963777,109140000,32.51,32.19,24.38,32.19
kevin durant,2026,37,0.286944046,0.35,FALSE,0.279711127,0.280956231,0.279711127,153000000,43.9,42.8,42.99,42.8
paul millsap,2019,33,0.279458,0.35,FALSE,0.134201437,0.13680885,0.134201437,109140000,30.5,14.65,14.93,14.65
james harden,2025,35,0.277482104,0.35,FALSE,0.309415162,0.298349449,0.309415162,141208000,39.18,43.69,42.13,43.69
chris paul,2021,35,0.273987226,0.35,FALSE,0.275402188,0.262457887,0.275402188,112414000,30.8,30.96,29.5,30.96
jrue holiday,2021,30,0.268056763,0.35,FALSE,0.283512443,0.220207184,0.283512443,112414000,30.13,31.87,24.75,31.87
james harden,2022,32,0.266871538,0.35,FALSE,0.293383092,0.293684404,0.293383092,123655000,33,36.28,36.32,36.28
kevin love,2019,30,0.26518994,0.35,FALSE,0.125057727,0.167638014,0.125057727,109140000,28.94,13.65,18.3,13.65
gordon hayward,2020,29,0.261132,0.3,FALSE,0.247824267,0.202828905,0.247824267,109140000,28.5,27.05,22.14,27.05
kyrie irving,2025,32,0.258951348,0.35,FALSE,0.266038686,0.225947197,0.266038686,141208000,36.57,37.57,31.91,37.57
al horford,2019,32,0.256551219,0.35,FALSE,0.115912914,0.14526623,0.115912914,109140000,28,12.65,15.85,12.65
demar derozan,2019,29,0.254168728,0.3,FALSE,0.193004593,0.151254548,0.193004593,109140000,27.74,21.06,16.51,21.06
cj mccollum,2019,27,0.252491836,0.3,FALSE,0.265798628,0.184526287,0.265798628,109140000,27.56,29.01,20.14,29.01
hassan whiteside,2019,29,0.248241,0.3,FALSE,0.11843615,0.128322715,0.11843615,109140000,27.09,12.93,14.01,12.93
rudy gobert,2025,32,0.247861311,0.35,FALSE,0.206885889,0.32652494,0.206885889,141208000,35,29.21,46.11,29.21
jalen brunson,2025,28,0.24746474,0.3,FALSE,0.264578253,0.24873083,0.264578253,141208000,34.94,37.36,35.12,37.36
gordon hayward,2023,32,0.244958,0.35,FALSE,0.093177214,0.121994804,0.093177214,136021000,33.32,12.67,16.59,12.67
kyle lowry,2021,34,0.240042415,0.35,FALSE,0.226918504,0.204226276,0.226918504,112414000,26.98,25.51,22.96,25.51
jrue holiday,2019,28,0.239427442,0.3,FALSE,0.311621696,0.229528596,0.311621696,109140000,26.13,34.01,25.05,34.01
lamarcus aldridge,2019,33,0.238226,0.35,FALSE,0.265535891,0.206120067,0.265535891,109140000,26,28.98,22.5,28.98
julius randle,2024,29,0.235254218,0.3,FALSE,0.262838364,0.252589976,0.262838364,140588000,33.07,36.95,35.51,36.95
marc gasol,2019,34,0.234522,0.35,FALSE,0.204850942,0.170704962,0.204850942,109140000,25.6,22.36,18.63,22.36
nicolas batum,2019,30,0.234242413,0.35,FALSE,0.094836511,0.093886941,0.094836511,109140000,25.57,10.35,10.25,10.35
buddy hield,2020,27,0.226331629,0.3,FALSE,0.150945976,0.144724668,0.150945976,109140000,24.7,16.47,15.8,16.47
domantas sabonis,2023,26,0.224965263,0.25,FALSE,0.230794057,0.189098345,0.230794057,136021000,30.6,31.39,25.72,31.39
jalen brunson,2022,25,0.224279908,0.25,FALSE,0.145992056,0.139947289,0.145992056,123655000,27.73,18.05,17.31,18.05
kevin love,2022,33,0.221930613,0.35,FALSE,0.080264695,0.134237118,0.080264695,123655000,27.44,9.93,16.6,9.93
harrison barnes,2019,26,0.2212546,0.25,FALSE,0.129414409,0.111776915,0.129414409,109140000,24.15,14.12,12.2,14.12
aaron gordon,2026,30,0.21998717,0.35,FALSE,0.15464896,0.155172433,0.15464896,153000000,33.66,23.66,23.74,23.66
mikal bridges,2026,29,0.218837549,0.3,FALSE,0.159438342,0.153903082,0.159438342,153000000,33.48,24.39,23.55,24.39
khris middleton,2023,31,0.215562215,0.35,FALSE,0.136899248,0.179403816,0.136899248,136021000,29.32,18.62,24.4,18.62
jaylen brown,2020,23,0.214747114,0.25,FALSE,0.244484872,0.173885125,0.244484872,109140000,23.44,26.68,18.98,26.68
isaiah hartenstein,2024,25,0.213389478,0.25,FALSE,0.090068161,0.119342709,0.090068161,140588000,30,12.66,16.78,12.66
jrue holiday,2024,33,0.213389478,0.35,FALSE,0.160986587,0.200494958,0.160986587,140588000,30,22.63,28.19,22.63
serge ibaka,2019,29,0.213227,0.3,FALSE,0.118685246,0.131626587,0.118685246,109140000,23.27,12.95,14.37,12.95
jalen johnson,2025,23,0.212452552,0.25,FALSE,0.208976358,0.166531601,0.208976358,141208000,30,29.51,23.52,29.51
dejounte murray,2024,27,0.209954868,0.3,FALSE,0.210462898,0.166109575,0.210462898,140588000,29.52,29.59,23.35,29.59
devin vassell,2024,23,0.208750576,0.25,FALSE,0.13930361,0.111541231,0.13930361,140588000,29.35,19.58,15.68,19.58
julius randle,2023,28,0.207518545,0.3,FALSE,0.20915851,0.229048671,0.20915851,136021000,28.23,28.45,31.16,28.45
danilo gallinari,2019,30,0.207216,0.35,FALSE,0.182964027,0.160859004,0.182964027,109140000,22.62,19.97,17.56,19.97
john collins,2021,23,0.20460085,0.25,FALSE,0.161400184,0.148726947,0.161400184,112414000,23,18.14,16.72,18.14
draymond green,2020,29,0.203838703,0.3,FALSE,0.124026954,0.15196544,0.124026954,109140000,22.25,13.54,16.59,13.54
jerami grant,2023,28,0.202808441,0.3,FALSE,0.120624162,0.138918357,0.120624162,136021000,27.59,16.41,18.9,16.41
jordan poole,2023,23,0.201846458,0.25,FALSE,0.128102988,0.127911723,0.128102988,136021000,27.46,17.42,17.4,17.42
derrick white,2025,30,0.198997224,0.35,FALSE,0.279768378,0.206909537,0.279768378,141208000,28.1,39.51,29.22,39.51
tyler herro,2023,23,0.198498761,0.25,FALSE,0.22342658,0.171583444,0.22342658,136021000,27,30.39,23.34,30.39
nic claxton,2024,24,0.19601116,0.25,FALSE,0.098800138,0.102974106,0.098800138,140588000,27.56,13.89,14.48,13.89
fred vanvleet,2020,25,0.19470405,0.25,FALSE,0.180081025,0.15179207,0.180081025,109140000,21.25,19.65,16.57,19.65
miles bridges,2024,25,0.193287571,0.25,FALSE,0.194175869,0.130706891,0.194175869,140588000,27.17,27.3,18.38,27.3
victor oladipo,2019,26,0.192413,0.25,FALSE,0.245049492,0.208162639,0.245049492,109140000,21,26.74,22.72,26.74
victor oladipo,2020,27,0.192413,0.3,FALSE,0.177182734,0.172523027,0.177182734,109140000,21,19.34,18.83,19.34
julius randle,2022,27,0.192147507,0.3,FALSE,0.176584214,0.191067603,0.176584214,123655000,23.76,21.84,23.63,21.84
cameron johnson,2023,26,0.188789584,0.25,FALSE,0.167497113,0.147213002,0.167497113,136021000,25.68,22.78,20.02,22.78
kyle kuzma,2023,,0.187972313,0.25,FALSE,0.05310661,0.065379756,0.05310661,136021000,25.57,7.22,8.89,7.22
mike conley,2021,33,0.186809472,0.35,FALSE,0.264212191,0.214078202,0.264212191,112414000,21,29.7,24.07,29.7
brook lopez,2023,34,0.183795149,0.35,FALSE,0.171910301,0.177839811,0.171910301,136021000,25,23.38,24.19,23.38
malcolm brogdon,2019,26,0.183251,0.25,FALSE,0.100843951,0.121550232,0.100843951,109140000,20,11.01,13.27,11.01
jarrett allen,2026,27,0.183006536,0.3,FALSE,0.191437751,0.171687743,0.191437751,153000000,28,29.29,26.27,29.29
malcolm brogdon,2022,29,0.182767,0.3,FALSE,0.148323253,0.154181201,0.148323253,123655000,22.6,18.34,19.07,18.34
terry rozier,2019,24,0.182286394,0.25,FALSE,0.049159493,0.074373751,0.049159493,109140000,19.89,5.37,8.12,5.37
aaron gordon,2019,23,0.182001429,0.25,FALSE,0.202938914,0.167373467,0.202938914,109140000,19.86,22.15,18.27,22.15
domantas sabonis,2020,23,0.181418362,0.25,FALSE,0.223561659,0.177700497,0.223561659,109140000,19.8,24.4,19.39,24.4
anfernee simons,2022,22,0.18051376,0.25,FALSE,0.107257858,0.103827247,0.107257858,123655000,22.32,13.26,12.84,13.26
tobias harris,2024,31,0.180426879,0.35,FALSE,0.16029726,0.170022248,0.16029726,140588000,25.37,22.54,23.9,22.54
myles turner,2025,28,0.179297568,0.3,FALSE,0.200167075,0.178674659,0.200167075,141208000,25.32,28.27,25.23,28.27
andrew wiggins,2023,27,0.178872064,0.3,FALSE,0.225035802,0.184937984,0.225035802,136021000,24.33,30.61,25.16,30.61
danilo gallinari,2020,31,0.17867,0.35,FALSE,0.214883149,0.188614292,0.214883149,109140000,19.5,23.45,20.59,23.45
zach lavine,2019,23,0.178669599,0.25,FALSE,0.188674271,0.163922092,0.188674271,109140000,19.5,20.59,17.89,20.59
jarrett allen,2021,22,0.177913783,0.25,FALSE,0.104808025,0.10477537,0.104808025,112414000,20,11.78,11.78,11.78
jonathan isaac,2024,26,0.177824565,0.25,FALSE,0.15197666,0.132810714,0.15197666,140588000,25,21.37,18.67,21.37
fred vanvleet,2025,30,0.177043794,0.35,FALSE,0.160322562,0.170612305,0.160322562,141208000,25,22.64,24.09,22.64
josh giddey,2025,22,0.177043794,0.25,FALSE,0.171822011,0.156863354,0.171822011,141208000,25,24.26,22.15,24.26
trey murphy iii,2025,24,0.177043794,0.25,FALSE,0.168770418,0.121912037,0.168770418,141208000,25,23.83,17.21,23.83
kent bazemore,2019,29,0.176559,0.3,FALSE,0.049382377,0.062937852,0.049382377,109140000,19.27,5.39,6.87,5.39
rj barrett,2023,22,0.175590012,0.25,FALSE,0.193960547,0.136987356,0.193960547,136021000,23.88,26.38,18.63,26.38
jerami grant,2020,25,0.174546454,0.25,FALSE,0.054681305,0.080394061,0.054681305,109140000,19.05,5.97,8.77,5.97
jeff teague,2019,30,0.174088,0.35,FALSE,0.070655227,0.110173905,0.070655227,109140000,19,7.71,12.02,7.71
terry rozier,2022,27,0.173760188,0.3,FALSE,0.187996492,0.163231568,0.187996492,123655000,21.49,23.25,20.18,23.25
jordan clarkson,2023,,0.172676491,0.25,FALSE,0.0803179,0.083922646,0.0803179,136021000,23.49,10.92,11.42,10.92
evan turner,2019,30,0.170483,0.35,FALSE,0.026461981,0.038570791,0.026461981,109140000,18.61,2.89,4.21,2.89
tristan thompson,2019,27,0.169866,0.3,FALSE,0.055988703,0.083558195,0.055988703,109140000,18.54,6.11,9.12,6.11
draymond green,2019,28,0.169865585,0.3,FALSE,0.157228947,0.140234972,0.157228947,109140000,18.54,17.16,15.31,17.16
jonathan kuminga,2025,22,0.168542639,0.25,FALSE,0.086499326,0.121944244,0.086499326,141208000,23.8,12.21,17.22,12.21
demar derozan,2024,34,0.166443793,0.35,FALSE,0.161401123,0.208877071,0.161401123,140588000,23.4,22.69,29.37,22.69
dillon brooks,2023,,0.166354247,0.25,FALSE,0.069717579,0.082566757,0.069717579,136021000,22.63,9.48,11.23,9.48
tim hardaway jr.,2019,,0.166300165,0.25,FALSE,0.046792306,0.05527049,0.046792306,109140000,18.15,5.11,6.03,5.11
lonzo ball,2021,23,0.165501192,0.25,FALSE,0.147039682,0.145118347,0.147039682,112414000,18.6,16.53,16.31,16.53
malcolm brogdon,2023,30,0.165416,0.35,FALSE,0.09331584,0.128831011,0.09331584,136021000,22.5,12.69,17.52,12.69
julius randle,2019,24,0.164925783,0.25,FALSE,0.163391158,0.146969658,0.163391158,109140000,18,17.83,16.04,17.83
draymond green,2023,32,0.164102815,0.35,FALSE,0.153172866,0.179176945,0.153172866,136021000,22.32,20.83,24.37,20.83
jaden mcdaniels,2024,23,0.163721242,0.25,FALSE,0.100389071,0.096114963,0.100389071,140588000,23.02,14.11,13.51,14.11
gary harris,2019,24,0.163453234,0.25,FALSE,0.107335068,0.113866061,0.107335068,109140000,17.84,11.71,12.43,11.71
dyson daniels,2026,22,0.163398693,0.25,FALSE,0.182361811,0.163200843,0.182361811,153000000,25,27.9,24.97,27.9
allen crabbe,2019,26,0.163262,0.25,FALSE,0.044128757,0.071103,0.044128757,109140000,17.82,4.82,7.76,4.82
mikal bridges,2022,25,0.162549028,0.25,FALSE,0.176826432,0.139993138,0.176826432,123655000,20.1,21.87,17.31,21.87
kentavious caldwell-pope,2024,30,0.161870145,0.35,FALSE,0.159011841,0.128688099,0.159011841,140588000,22.76,22.36,18.09,22.36
bruce brown,2023,26,0.161739731,0.25,FALSE,0.088308282,0.099984266,0.088308282,136021000,22,12.01,13.6,12.01
derrick favors,2019,27,0.161719,0.3,FALSE,0.169772431,0.135299538,0.169772431,109140000,17.65,18.53,14.77,18.53
eric bledsoe,2021,31,0.161234,0.35,FALSE,0.111641422,0.12717163,0.111641422,112414000,18.12,12.55,14.3,12.55
myles turner,2019,22,0.160344512,0.25,FALSE,0.168476388,0.16070309,0.168476388,109140000,17.5,18.39,17.54,18.39
cameron johnson,2024,,0.160042109,0.25,FALSE,0.096603252,0.103921452,0.096603252,140588000,22.5,13.58,14.61,13.58
evan fournier,2020,27,0.159886,0.3,FALSE,0.174163967,0.151176764,0.174163967,109140000,17.45,19.01,16.5,19.01
aaron gordon,2022,26,0.159240702,0.25,FALSE,0.1427093,0.153335778,0.1427093,123655000,19.69,17.65,18.96,17.65
reggie jackson,2019,28,0.158392,0.3,FALSE,0.119614832,0.133190026,0.119614832,109140000,17.29,13.05,14.54,13.05
keegan murray,2026,25,0.157764288,0.25,FALSE,0.151349112,0.124238111,0.151349112,153000000,24.14,23.16,19.01,23.16
spencer dinwiddie,2022,28,0.157697,0.3,FALSE,0.091702357,0.1346605,0.091702357,123655000,19.5,11.34,16.65,11.34
andre iguodala,2019,35,0.15746,0.35,FALSE,0.100491971,0.105205698,0.100491971,109140000,17.19,10.97,11.48,10.97
bismack biyombo,2019,26,0.15576324,0.25,FALSE,0.028131714,0.01775018,0.028131714,109140000,17,3.07,1.94,3.07
evan fournier,2019,26,0.155763,0.25,FALSE,0.148908272,0.130082102,0.148908272,109140000,17,16.25,14.2,16.25
jonathan isaac,2021,,0.154784991,0.25,FALSE,0.112689421,0.108736954,0.112689421,112414000,17.4,12.67,12.22,12.67
eric bledsoe,2020,30,0.154618,0.35,FALSE,0.15232715,0.188775295,0.15232715,109140000,16.88,16.62,20.6,16.62
eric gordon,2020,31,0.154565476,0.35,FALSE,0.070379786,0.105861398,0.070379786,109140000,16.87,7.68,11.55,7.68
jabari smith jr.,2026,23,0.154532098,0.25,FALSE,0.070469923,0.087408746,0.070469923,153000000,23.64,10.78,13.37,10.78
myles turner,2023,26,0.15420413,0.25,FALSE,0.145137087,0.180545085,0.145137087,136021000,20.98,19.74,24.56,19.74
naz reid,2025,25,0.152623959,0.25,FALSE,0.09668763,0.131131406,0.09668763,141208000,21.55,13.65,18.52,13.65
evan fournier,2021,28,0.152498,0.3,FALSE,0.159977138,0.150754405,0.159977138,112414000,17.14,17.98,16.95,17.98
spencer dinwiddie,2021,27,0.152498,0.3,FALSE,0.054885048,0.080410838,0.054885048,112414000,17.14,6.17,9.04,6.17
steven adams,2021,27,0.151877622,0.3,FALSE,0.089977704,0.126509058,0.089977704,112414000,17.07,10.11,14.22,10.11
gorgui dieng,2019,29,0.148701,0.3,FALSE,0.050235189,0.067581953,0.050235189,109140000,16.23,5.48,7.38,5.48
caris levert,2020,25,0.148467143,0.25,FALSE,0.120365687,0.159123224,0.120365687,109140000,16.2,13.14,17.37,13.14
ricky rubio,2019,28,0.148433205,0.3,FALSE,0.174339294,0.181579891,0.174339294,109140000,16.2,19.03,19.82,19.03
de'andre hunter,2023,,0.147692533,0.25,FALSE,0.049261097,0.052201392,0.049261097,136021000,20.09,6.7,7.1,6.7
joe harris,2020,28,0.147255,0.3,FALSE,0.106647089,0.100428575,0.106647089,109140000,16.07,11.64,10.96,11.64
keldon johnson,2023,,0.147036119,0.25,FALSE,0.039823297,0.049822535,0.039823297,136021000,20,5.42,6.78,5.42
james johnson,2020,32,0.147032,0.35,FALSE,0.046358276,0.081117175,0.046358276,109140000,16.05,5.06,8.85,5.06
markelle fultz,2021,22,0.146779,0.25,FALSE,0.049346939,0.118442051,0.049346939,112414000,16.5,5.55,13.31,5.55
joe harris,2023,,0.146511,0.25,FALSE,0.06018918,0.067600155,0.06018918,136021000,19.93,8.19,9.2,8.19
jakob poeltl,2023,27,0.143360216,0.3,FALSE,0.172057196,0.152883413,0.172057196,136021000,19.5,23.4,20.8,23.4
brandon knight,2019,27,0.143337,0.3,FALSE,0.031043775,0.019200926,0.031043775,109140000,15.64,3.39,2.1,3.39
eric bledsoe,2019,29,0.143165,0.3,FALSE,0.225800917,0.19142651,0.225800917,109140000,15.63,24.64,20.89,24.64
kelly oubre jr.,2019,23,0.143164743,0.25,FALSE,0.105812579,0.117197275,0.105812579,109140000,15.62,11.55,12.79,11.55
og anunoby,2021,23,0.142966,0.25,FALSE,0.16628544,0.141796273,0.16628544,112414000,16.07,18.69,15.94,18.69
gary trent jr.,2021,,0.142331026,0.25,FALSE,0.023963643,0.016597171,0.023963643,112414000,16,2.69,1.87,2.69
ian mahinmi,2019,32,0.141562,0.35,FALSE,0.025884915,0.040979893,0.025884915,109140000,15.45,2.83,4.47,2.83
marcus smart,2022,27,0.141176192,0.3,FALSE,0.225597516,0.180783152,0.225597516,123655000,17.46,27.9,22.35,27.9
christian braun,2026,24,0.140860954,0.25,FALSE,0.116976008,0.102917032,0.116976008,153000000,21.55,17.9,15.75,17.9
danny green,2020,32,0.14079,0.35,FALSE,0.120375879,0.121601353,0.120375879,109140000,15.37,13.14,13.27,13.14
james johnson,2019,31,0.14064,0.35,FALSE,0.049467605,0.069116204,0.049467605,109140000,15.35,5.4,7.54,5.4
lauri markkanen,2021,23,0.139581449,0.25,FALSE,0.07068558,0.103229684,0.07068558,112414000,15.69,7.95,11.6,7.95
evan fournier,2023,30,0.138634,0.35,FALSE,0.037029471,0.048599044,0.037029471,136021000,18.86,5.04,6.61,5.04
duncan robinson,2021,26,0.138416923,0.25,FALSE,0.095130973,0.111413514,0.095130973,112414000,15.56,10.69,12.52,10.69
norman powell,2021,27,0.138036561,0.3,FALSE,0.113030694,0.130100802,0.113030694,112414000,15.52,12.71,14.63,12.71
mitchell robinson,2022,23,0.137846864,0.25,FALSE,0.07549452,0.107967428,0.07549452,123655000,17.05,9.34,13.35,9.34
bobby portis,2019,23,0.137438153,0.25,FALSE,0.058619779,0.098156044,0.058619779,109140000,15,6.4,10.71,6.4
andre iguodala,2020,36,0.137438,0.35,FALSE,0.040953793,0.063796061,0.040953793,109140000,15,4.47,6.96,4.47
marcus morris,2019,29,0.137438,0.3,FALSE,0.081703849,0.086769931,0.081703849,109140000,15,8.92,9.47,8.92
bradley beal,2025,31,0.137265665,0.35,FALSE,0.122798823,0.145952727,0.122798823,141208000,19.38,17.34,20.61,17.34
cj mccollum,2026,34,0.137254902,0.35,FALSE,0.090776756,0.162246666,0.090776756,153000000,21,13.89,24.82,13.89
og anunoby,2023,25,0.137059,0.25,FALSE,0.181232587,0.176149875,0.181232587,136021000,18.64,24.65,23.96,24.65
clint capela,2019,24,0.136490306,0.25,FALSE,0.173191294,0.151532953,0.173191294,109140000,14.9,18.9,16.54,18.9
derrick white,2021,26,0.135023849,0.25,FALSE,0.17450209,0.148072701,0.17450209,112414000,15.18,19.62,16.65,19.62
danny green,2019,31,0.134086,0.35,FALSE,0.136774734,0.126663634,0.136774734,109140000,14.63,14.93,13.82,14.93
ivica zubac,2025,27,0.133802476,0.3,FALSE,0.254003793,0.185161386,0.254003793,141208000,18.89,35.87,26.15,35.87
collin sexton,2022,23,0.133435769,0.25,FALSE,0.047023226,0.09204397,0.047023226,123655000,16.5,5.81,11.38,5.81
shaedon sharpe,2026,22,0.131302529,0.25,FALSE,0.139017686,0.142299503,0.139017686,153000000,20.09,21.27,21.77,21.27
santi aldama,2025,24,0.130912668,0.25,FALSE,0.07393273,0.103570053,0.07393273,141208000,18.49,10.44,14.62,10.44
dejounte murray,2020,23,0.130896097,0.25,FALSE,0.058522314,0.094667245,0.058522314,109140000,14.29,6.39,10.33,6.39
p.j. washington,2026,27,0.12949702,0.3,FALSE,0.12189988,0.102192871,0.12189988,153000000,19.81,18.65,15.64,18.65
josh hart,2024,28,0.129057957,0.3,FALSE,0.146012291,0.115813621,0.146012291,140588000,18.14,20.53,16.28,20.53
eric gordon,2019,30,0.128804563,0.35,FALSE,0.154121965,0.141383982,0.154121965,109140000,14.06,16.82,15.43,16.82
marvin williams,2019,32,0.128733,0.35,FALSE,0.064291634,0.085345429,0.064291634,109140000,14.05,7.02,9.31,7.02
mason plumlee,2019,28,0.128652153,0.3,FALSE,0.063513681,0.093391211,0.063513681,109140000,14.04,6.93,10.19,6.93
rudy gay,2019,32,0.128276,0.35,FALSE,0.118034609,0.117132625,0.118034609,109140000,14,12.88,12.78,12.88
alex caruso,2025,30,0.12819387,0.35,FALSE,0.099506944,0.121671703,0.099506944,141208000,18.1,14.05,17.18,14.05
andrew nembhard,2025,25,0.12819387,0.25,FALSE,0.096577018,0.098771386,0.096577018,141208000,18.1,13.64,13.95,13.64
patrick williams,2024,22,0.128033687,0.25,FALSE,0.079911813,0.089756086,0.079911813,140588000,18,11.23,12.62,11.23
patrick beverley,2021,32,0.127395,0.35,FALSE,0.100256383,0.107661246,0.100256383,112414000,14.32,11.27,12.1,11.27
d'angelo russell,2023,26,0.127242801,0.25,FALSE,0.164305285,0.171883698,0.164305285,136021000,17.31,22.35,23.38,22.35
thaddeus young,2021,32,0.12623,0.35,FALSE,0.112762116,0.133620606,0.112762116,112414000,14.19,12.68,15.02,12.68
malik beasley,2022,25,0.125818,0.25,FALSE,0.074231543,0.09557542,0.074231543,123655000,15.56,9.18,11.82,9.18
p.j. washington,2023,,0.123861948,0.25,FALSE,0.063846678,0.062870218,0.063846678,136021000,16.85,8.68,8.55,8.68
malik monk,2024,25,0.123802906,0.25,FALSE,0.093834043,0.114079859,0.093834043,140588000,17.41,13.19,16.04,13.19
luguentz dort,2022,22,0.12355164,0.25,FALSE,0.083582222,0.085368922,0.083582222,123655000,15.28,10.34,10.56,10.34
jordan clarkson,2019,26,0.123121679,0.25,FALSE,0.074250668,0.102637167,0.074250668,109140000,13.44,8.1,11.2,8.1
malik beasley,2020,23,0.123015,0.25,FALSE,0.028793367,0.058025148,0.028793367,109140000,13.43,3.14,6.33,3.14
doug mcdermott,2021,29,0.122315726,0.3,FALSE,0.079856277,0.085974614,0.079856277,112414000,13.75,8.98,9.66,8.98
dewayne dedmon,2019,29,0.122167,0.3,FALSE,0.077164717,0.09882827,0.077164717,109140000,13.33,8.42,10.79,8.42
tyus jones,2022,25,0.121305244,0.25,FALSE,0.086754382,0.093747987,0.086754382,123655000,15,10.73,11.59,10.73
derrick rose,2021,32,0.119604,0.35,FALSE,0.081391923,0.120699632,0.081391923,112414000,13.45,9.15,13.57,9.15
duncan robinson,2025,30,0.119219109,0.35,FALSE,0.054757379,0.061615455,0.054757379,141208000,16.83,7.73,8.7,7.73
justise winslow,2019,22,0.119113,0.25,FALSE,0.146048307,0.135106267,0.146048307,109140000,13,15.94,14.75,15.94
zach collins,2024,26,0.119079865,0.25,FALSE,0.05300054,0.063356415,0.05300054,140588000,16.74,7.45,8.91,7.45
wendell carter jr.,2026,26,0.118313725,0.25,FALSE,0.125222251,0.121612519,0.125222251,153000000,18.1,19.16,18.61,19.16
thaddeus young,2019,30,0.118197,0.35,FALSE,0.17173247,0.148935946,0.17173247,109140000,12.9,18.74,16.25,18.74
toumani camara,2026,25,0.118172275,0.25,FALSE,0.110062435,0.11947025,0.110062435,153000000,18.08,16.84,18.28,16.84
kevin huerter,2022,23,0.117333945,0.25,FALSE,0.12347509,0.099817829,0.12347509,123655000,14.51,15.27,12.34,15.27
trevor ariza,2020,34,0.117281,0.35,FALSE,0.048263911,0.046504824,0.048263911,109140000,12.8,5.27,5.08,5.27
will barton,2019,28,0.117068,0.3,FALSE,0.042786971,0.071454388,0.042786971,109140000,12.78,4.67,7.8,4.67
solomon hill,2019,27,0.116903,0.3,FALSE,0.031448152,0.017964165,0.031448152,109140000,12.76,3.43,1.96,3.43
larry nance jr.,2019,26,0.116614193,0.25,FALSE,0.080856256,0.10711915,0.080856256,109140000,12.73,8.82,11.69,8.82
kevin porter jr.,2023,,0.116599643,0.25,FALSE,0.05524715,0.06631504,0.05524715,136021000,15.86,7.51,9.02,7.51
dion waiters,2020,28,0.115906,0.3,FALSE,0.023550326,0.06203105,0.023550326,109140000,12.65,2.57,6.77,2.57
rui hachimura,2023,24,0.115722874,0.25,FALSE,0.055425253,0.079806495,0.055425253,136021000,15.74,7.54,10.86,7.54
kyle kuzma,2021,25,0.115643959,0.25,FALSE,0.071200676,0.087589312,0.071200676,112414000,13,8,9.85,8
robert covington,2021,30,0.115426,0.35,FALSE,0.128900334,0.119748168,0.128900334,112414000,12.98,14.49,13.46,14.49
miles plumlee,2019,30,0.114532,0.35,FALSE,0.017737925,0.007075501,0.017737925,109140000,12.5,1.94,0.77,1.94
terrence ross,2019,27,0.114532,0.3,FALSE,0.118932046,0.122488219,0.118932046,109140000,12.5,12.98,13.37,12.98
wendell carter jr.,2022,22,0.114431281,0.25,FALSE,0.140806481,0.137588382,0.140806481,123655000,14.15,17.41,17.01,17.41
patty mills,2019,30,0.113877,0.35,FALSE,0.076675676,0.093707402,0.076675676,109140000,12.43,8.37,10.23,8.37
luke kennard,2021,24,0.113217864,0.25,FALSE,0.038196266,0.044603484,0.038196266,112414000,12.73,4.29,5.01,4.29
patrick beverley,2019,30,0.113118,0.35,FALSE,0.07675717,0.100617424,0.07675717,109140000,12.35,8.38,10.98,8.38
caris levert,2023,28,0.113104712,0.3,FALSE,0.119684137,0.108883469,0.119684137,136021000,15.38,16.28,14.81,16.28
klay thompson,2024,33,0.112904487,0.35,FALSE,0.122598909,0.144478219,0.122598909,140588000,15.87,17.24,20.31,17.24
daniel gafford,2026,27,0.112833882,0.3,FALSE,0.053215031,0.071716773,0.053215031,153000000,17.26,8.14,10.97,8.14
taurean prince,2020,25,0.112241158,0.25,FALSE,0.103111386,0.101356768,0.103111386,109140000,12.25,11.25,11.06,11.25
trevor ariza,2019,33,0.111783,0.35,FALSE,0.076698117,0.091554319,0.076698117,109140000,12.2,8.37,9.99,8.37
michael kidd-gilchrist,2019,25,0.111684,0.25,FALSE,0.042833652,0.067492893,0.042833652,109140000,12.19,4.67,7.37,4.67
tony snell,2020,28,0.111587,0.3,FALSE,0.042957079,0.04983448,0.042957079,109140000,12.18,4.69,5.44,4.69
robert covington,2020,29,0.111218,0.3,FALSE,0.128361657,0.137906744,0.128361657,109140000,12.14,14.01,15.05,14.01
deni avdija,2024,23,0.111140353,0.25,FALSE,0.124757901,0.122750969,0.124757901,140588000,15.62,17.54,17.26,17.54
grayson allen,2024,28,0.111140353,0.3,FALSE,0.165400639,0.118023183,0.165400639,140588000,15.62,23.25,16.59,23.25
brook lopez,2019,30,0.110802859,0.35,FALSE,0.173808694,0.16518874,0.173808694,109140000,12.09,18.97,18.03,18.97
kentavious caldwell-pope,2020,26,0.110619571,0.25,FALSE,0.070046119,0.086237267,0.070046119,109140000,12.07,7.64,9.41,7.64
terance mann,2025,28,0.109767152,0.3,FALSE,0.025433309,0.026170629,0.025433309,141208000,15.5,3.59,3.7,3.59
marcus smart,2019,24,0.107832866,0.25,FALSE,0.095901586,0.114616492,0.095901586,109140000,11.77,10.47,12.51,10.47
nickeil alexander-walker,2025,26,0.107372104,0.25,FALSE,0.077776544,0.088561665,0.077776544,141208000,15.16,10.98,12.51,10.98
kelly olynyk,2019,27,0.106907504,0.3,FALSE,0.095863663,0.118913087,0.095863663,109140000,11.67,10.46,12.98,10.46
josh hart,2021,25,0.10674827,0.25,FALSE,0.074700445,0.072699216,0.074700445,112414000,12,8.4,8.17,8.4
kelly oubre jr.,2021,25,0.10674827,0.25,FALSE,0.116030827,0.102294211,0.116030827,112414000,12,13.04,11.5,13.04
isaiah stewart,2024,22,0.106694739,0.25,FALSE,0.109725088,0.083456699,0.109725088,140588000,15,15.43,11.73,15.43
max strus,2023,26,0.106510642,0.25,FALSE,0.061247181,0.067268323,0.061247181,136021000,14.49,8.33,9.15,8.33
jonathan isaac,2025,27,0.106226276,0.3,FALSE,0.101366438,0.115831267,0.101366438,141208000,15,14.31,16.36,14.31
maurice harkless,2019,25,0.105472,0.25,FALSE,0.09442158,0.109201248,0.09442158,109140000,11.51,10.31,11.92,10.31
jordan clarkson,2020,27,0.105369251,0.3,FALSE,0.086000234,0.121012785,0.086000234,109140000,11.5,9.39,13.21,9.39
gary harris,2022,27,0.105131212,0.3,FALSE,0.063932255,0.077115587,0.063932255,123655000,13,7.91,9.54,7.91
dorian finney-smith,2022,28,0.104644762,0.3,FALSE,0.123527631,0.111577004,0.123527631,123655000,12.94,15.27,13.8,15.27
dillon brooks,2020,24,0.104452996,0.25,FALSE,0.047835492,0.099077457,0.047835492,109140000,11.4,5.22,10.81,5.22
tony snell,2019,27,0.104388,0.3,FALSE,0.050528616,0.039419724,0.050528616,109140000,11.39,5.51,4.3,5.51
robert covington,2019,28,0.103548,0.3,FALSE,0.163860112,0.134670929,0.163860112,109140000,11.3,17.88,14.7,17.88
meyers leonard,2019,26,0.103413,0.25,FALSE,0.028998839,0.037976016,0.028998839,109140000,11.29,3.16,4.14,3.16
josh richardson,2021,27,0.103326,0.3,FALSE,0.098405294,0.085740003,0.098405294,112414000,11.62,11.06,9.64,11.06
joe ingles,2019,31,0.102688171,0.35,FALSE,0.14118804,0.132413406,0.14118804,109140000,11.21,15.41,14.45,15.41
chris boucher,2022,29,0.102624237,0.3,FALSE,0.069537446,0.091949912,0.069537446,123655000,12.69,8.6,11.37,8.6
jordan clarkson,2024,31,0.100240255,0.35,FALSE,0.085804619,0.107114046,0.085804619,140588000,14.09,12.06,15.06,12.06
caris levert,2025,30,0.099881027,0.35,FALSE,0.077468522,0.081568808,0.077468522,141208000,14.1,10.94,11.52,10.94
damian lillard,2025,34,0.099881027,0.35,FALSE,0.266407609,0.268425387,0.266407609,141208000,14.1,37.62,37.9,37.62
onyeka okongwu,2024,23,0.099581757,0.25,FALSE,0.066110469,0.093319906,0.066110469,140588000,14,9.29,13.12,9.29
josh richardson,2020,26,0.09956,0.25,FALSE,0.121304363,0.115818032,0.121304363,109140000,10.87,13.24,12.64,13.24
t.j. warren,2019,25,0.099047,0.25,FALSE,0.115709364,0.105143957,0.115709364,109140000,10.81,12.63,11.48,12.63
corey kispert,2025,25,0.098967481,0.25,FALSE,0.043231092,0.050523294,0.043231092,141208000,13.97,6.1,7.13,6.1
josh richardson,2022,28,0.09863,0.3,FALSE,0.070598751,0.076107464,0.070598751,123655000,12.2,8.73,9.41,8.73
andre roberson,2019,,0.098413,0.25,FALSE,0.130414918,0.117245598,0.130414918,109140000,10.74,14.23,12.8,14.23
devonte' graham,2021,25,0.097853,0.25,FALSE,0.110207625,0.11631445,0.110207625,112414000,11,12.39,13.08,12.39
spencer dinwiddie,2019,25,0.097174,0.25,FALSE,0.089611337,0.118719219,0.089611337,109140000,10.61,9.78,12.96,9.78
jeremy lamb,2019,26,0.096207,0.25,FALSE,0.157822013,0.138458419,0.157822013,109140000,10.5,17.22,15.11,17.22
naz reid,2023,,0.095208828,0.25,FALSE,0.025295233,0.037075662,0.025295233,136021000,12.95,3.44,5.04,3.44
dwight powell,2019,27,0.09400197,0.3,FALSE,0.094138362,0.120351678,0.094138362,109140000,10.26,10.27,13.14,10.27
devonte' graham,2022,26,0.093405,0.25,FALSE,0.087011449,0.092723278,0.087011449,123655000,11.55,10.76,11.47,10.76
jeremy lamb,2021,28,0.093405,0.3,FALSE,0.094270065,0.092214465,0.094270065,112414000,10.5,10.6,10.37,10.6
george hill,2019,32,0.092852,0.35,FALSE,0.051528133,0.078074727,0.051528133,109140000,10.13,5.62,8.52,5.62
josh richardson,2019,25,0.092694,0.25,FALSE,0.173994258,0.147036135,0.173994258,109140000,10.12,18.99,16.05,18.99
norman powell,2019,25,0.092693568,0.25,FALSE,0.023002783,0.057541919,0.023002783,109140000,10.12,2.51,6.28,2.51
steven adams,2023,29,0.092632755,0.3,FALSE,0.138241142,0.150919644,0.138241142,136021000,12.6,18.8,20.53,18.8
isaiah joe,2024,24,0.092409381,0.25,FALSE,0.042783845,0.073773308,0.042783845,140588000,12.99,6.01,10.37,6.01
reggie jackson,2021,30,0.092377,0.35,FALSE,0.075235836,0.097979113,0.075235836,112414000,10.38,8.46,11.01,8.46
richaun holmes,2021,27,0.092377,0.3,FALSE,0.107507348,0.126182273,0.107507348,112414000,10.38,12.09,14.18,12.09
obi toppin,2024,25,0.092290949,0.25,FALSE,0.070896141,0.084936476,0.070896141,140588000,12.97,9.97,11.94,9.97
rodney hood,2020,27,0.09206,0.3,FALSE,0.071919248,0.065172967,0.071919248,109140000,10.05,7.85,7.11,7.85
brandon clarke,2023,26,0.091897575,0.25,FALSE,0.06798619,0.091376072,0.06798619,136021000,12.5,9.25,12.43,9.25
cole anthony,2024,23,0.091757476,0.25,FALSE,0.061393723,0.093092085,0.061393723,140588000,12.9,8.63,13.09,8.63
paul millsap,2020,34,0.091625,0.35,FALSE,0.117084935,0.141961631,0.117084935,109140000,10,12.78,15.49,12.78
de'anthony melton,2024,25,0.091202663,0.25,FALSE,0.098208487,0.115965197,0.098208487,140588000,12.82,13.81,16.3,13.81
grant williams,2023,,0.091199153,0.25,FALSE,0.059562299,0.073052306,0.059562299,136021000,12.4,8.1,9.94,8.1
daniel gafford,2023,24,0.091177098,0.25,FALSE,0.03511389,0.063104299,0.03511389,136021000,12.4,4.78,8.58,4.78
deandre jordan,2019,30,0.090540572,0.35,FALSE,0.07972651,0.085539035,0.07972651,109140000,9.88,8.7,9.34,8.7
josh green,2024,23,0.090009965,0.25,FALSE,0.061854601,0.075669464,0.061854601,140588000,12.65,8.7,10.64,8.7
dorian finney-smith,2025,31,0.089938247,0.35,FALSE,0.071901985,0.076089312,0.071901985,141208000,12.7,10.15,10.74,10.15
taj gibson,2019,33,0.089793,0.35,FALSE,0.068343699,0.080235503,0.068343699,109140000,9.8,7.46,8.76,7.46
john henson,2019,28,0.089174,0.3,FALSE,0.017921491,0.037502853,0.017921491,109140000,9.73,1.96,4.09,1.96
al-farouq aminu,2020,29,0.089068,0.3,FALSE,0.067994401,0.075032512,0.067994401,109140000,9.72,7.42,8.19,7.42
danny green,2021,33,0.088957,0.35,FALSE,0.13508752,0.124609916,0.13508752,112414000,10,15.19,14.01,15.19
richaun holmes,2023,29,0.08856,0.3,FALSE,0.022265527,0.010420158,0.022265527,136021000,12.05,3.03,1.42,3.03
austin reaves,2023,24,0.088333052,0.25,FALSE,0.056125768,0.087126858,0.056125768,136021000,12.02,7.63,11.85,7.63
herbert jones,2023,24,0.088333052,0.25,FALSE,0.116289109,0.124052054,0.116289109,136021000,12.02,15.82,16.87,15.82
matthew dellavedova,2019,28,0.088029,0.3,FALSE,0.01923467,0.038830141,0.01923467,109140000,9.61,2.1,4.24,2.1
reggie jackson,2022,31,0.087961,0.35,FALSE,0.138865694,0.127747033,0.138865694,123655000,10.88,17.17,15.8,17.17
george hill,2020,33,0.087874,0.35,FALSE,0.074570365,0.100787135,0.074570365,109140000,9.59,8.14,11,8.14
de'anthony melton,2020,21,0.087701228,0.25,FALSE,0.025939295,0.076298976,0.025939295,109140000,9.57,2.83,8.33,2.83
bobby portis,2022,26,0.087690348,0.25,FALSE,0.118008599,0.133893139,0.118008599,123655000,10.84,14.59,16.56,14.59
nicolas batum,2022,33,0.087690348,0.35,FALSE,0.076513402,0.08230058,0.076513402,123655000,10.84,9.46,10.18,9.46
delon wright,2019,26,0.086803,0.25,FALSE,0.047215756,0.075936503,0.047215756,109140000,9.47,5.15,8.29,5.15
derrick favors,2021,29,0.086474,0.3,FALSE,0.043848433,0.061908283,0.043848433,112414000,9.72,4.93,6.96,4.93
montrezl harrell,2021,27,0.086474,0.3,FALSE,0.099685714,0.11352023,0.099685714,112414000,9.72,11.21,12.76,11.21
serge ibaka,2021,31,0.086474,0.35,FALSE,0.104591966,0.126745176,0.104591966,112414000,9.72,11.76,14.25,11.76
meyers leonard,2020,27,0.086128,0.3,FALSE,0.06011064,0.064015785,0.06011064,109140000,9.4,6.56,6.99,6.56
robert covington,2023,32,0.08596,0.35,FALSE,0.056415156,0.079967615,0.056415156,136021000,11.69,7.67,10.88,7.67
fred vanvleet,2019,24,0.085634534,0.25,FALSE,0.082979456,0.104292485,0.082979456,109140000,9.35,9.06,11.38,9.06
jerami grant,2019,24,0.085634534,0.25,FALSE,0.099003345,0.122167344,0.099003345,109140000,9.35,10.81,13.33,10.81
terrence ross,2022,30,0.085573,0.35,FALSE,0.048757929,0.025368819,0.048757929,123655000,10.58,6.03,3.14,6.03
p.j. tucker,2022,36,0.084833,0.35,FALSE,0.0576098,0.063216571,0.0576098,123655000,10.49,7.12,7.82,7.12
alec burks,2021,29,0.084829,0.3,FALSE,0.072357491,0.108866098,0.072357491,112414000,9.54,8.13,12.24,8.13
reggie bullock,2021,29,0.084829,0.3,FALSE,0.074112937,0.071622298,0.074112937,112414000,9.54,8.33,8.05,8.33
al-farouq aminu,2019,28,0.084827,0.3,FALSE,0.113625608,0.126017085,0.113625608,109140000,9.26,12.4,13.75,12.4
derrick favors,2020,28,0.084827,0.3,FALSE,0.143179953,0.135383732,0.143179953,109140000,9.26,15.63,14.78,15.63
jae crowder,2020,29,0.084827,0.3,FALSE,0.102660663,0.106110319,0.102660663,109140000,9.26,11.2,11.58,11.2
montrezl harrell,2020,26,0.084827,0.25,FALSE,0.117059939,0.130054383,0.117059939,109140000,9.26,12.78,14.19,12.78
serge ibaka,2020,30,0.084827,0.35,FALSE,0.109403335,0.152656683,0.109403335,109140000,9.26,11.94,16.66,11.94
tristan thompson,2020,28,0.084827,0.3,FALSE,0.094612703,0.090037881,0.094612703,109140000,9.26,10.33,9.83,10.33
derrick jones jr.,2020,22,0.084826828,0.25,FALSE,0.051589869,0.076234722,0.051589869,109140000,9.26,5.63,8.32,5.63
talen horton-tucker,2021,20,0.084509,0.25,FALSE,0.027421121,0.072991431,0.027421121,112414000,9.5,3.08,8.21,3.08
mo bamba,2022,23,0.083296268,0.25,FALSE,0.066246577,0.101534593,0.066246577,123655000,10.3,8.19,12.56,8.19
kyle anderson,2019,25,0.083132216,0.25,FALSE,0.096351549,0.097863035,0.096351549,109140000,9.07,10.52,10.68,10.52
talen horton-tucker,2022,21,0.082973,0.25,FALSE,0.051360909,0.07438071,0.051360909,123655000,10.26,6.35,9.2,6.35
delon wright,2020,27,0.082463,0.3,FALSE,0.07020133,0.067968177,0.07020133,109140000,9,7.66,7.42,7.66
jae crowder,2022,31,0.082357,0.35,FALSE,0.085529894,0.113014619,0.085529894,123655000,10.18,10.58,13.97,10.58
davion mitchell,2025,26,0.08214832,0.25,FALSE,0.044888265,0.06352946,0.044888265,141208000,11.6,6.34,8.97,6.34
moses moody,2025,22,0.081964726,0.25,FALSE,0.071964547,0.084438003,0.071964547,141208000,11.57,10.16,11.92,10.16
ivica zubac,2022,24,0.081868562,0.25,FALSE,0.070302613,0.093355082,0.070302613,123655000,10.12,8.69,11.54,8.69
coby white,2023,22,0.081686732,0.25,FALSE,0.089810185,0.100940254,0.089810185,136021000,11.11,12.22,13.73,12.22
nicolas batum,2020,31,0.081152364,0.35,FALSE,0.063580863,0.068661015,0.063580863,109140000,8.86,6.94,7.49,6.94
p.j. tucker,2023,37,0.080976,0.35,FALSE,0.037986811,0.014285938,0.037986811,136021000,11.01,5.17,1.94,5.17
alec burks,2022,30,0.080974,0.35,FALSE,0.100030333,0.121906714,0.100030333,123655000,10.01,12.37,15.07,12.37
joe ingles,2023,35,0.080869866,0.35,FALSE,0.047694393,0.036401979,0.047694393,136021000,11,6.49,4.95,6.49
maxi kleber,2023,31,0.080869866,0.35,FALSE,0.039012406,0.04173022,0.039012406,136021000,11,5.31,5.68,5.31
donte divincenzo,2023,26,0.080134685,0.25,FALSE,0.069809169,0.084321792,0.069809169,136021000,10.9,9.5,11.47,9.5
e'twaun moore,2019,29,0.079393,0.3,FALSE,0.069860406,0.0742308,0.069860406,109140000,8.66,7.62,8.1,7.62
monte morris,2021,25,0.078718585,0.25,FALSE,0.054242402,0.072414234,0.054242402,112414000,8.85,6.1,8.14,6.1
nerlens noel,2021,26,0.078282,0.25,FALSE,0.072417162,0.073574279,0.072417162,112414000,8.8,8.14,8.27,8.14
aaron nesmith,2024,24,0.078242809,0.25,FALSE,0.091546468,0.088232367,0.091546468,140588000,11,12.87,12.4,12.87
moritz wagner,2024,26,0.078242809,0.25,FALSE,0.071861379,0.096449543,0.071861379,140588000,11,10.1,13.56,10.1
luke kennard,2025,28,0.077899269,0.3,FALSE,0.048665673,0.055402378,0.048665673,141208000,11,6.87,7.82,6.87
luke kornet,2025,29,0.077899269,0.3,FALSE,0.047403261,0.071398187,0.047403261,141208000,11,6.69,10.08,6.69
royce o'neale,2020,26,0.07788162,0.25,FALSE,0.06748274,0.055235147,0.06748274,109140000,8.5,7.37,6.03,7.37
terance mann,2023,26,0.077759486,0.25,FALSE,0.065040343,0.079478176,0.065040343,136021000,10.58,8.85,10.81,8.85
kemba walker,2021,30,0.077651,0.35,FALSE,0.237754628,0.211006722,0.237754628,112414000,8.73,26.73,23.72,26.73
gabe vincent,2023,26,0.077193963,0.25,FALSE,0.029137122,0.045386288,0.029137122,136021000,10.5,3.96,6.17,3.96
matisse thybulle,2023,25,0.077193963,0.25,FALSE,0.085940674,0.093356711,0.085940674,136021000,10.5,11.69,12.7,11.69
alec burks,2023,31,0.077118,0.35,FALSE,0.087548472,0.110512548,0.087548472,136021000,10.49,11.91,15.03,11.91
tyus jones,2019,22,0.076965366,0.25,FALSE,0.064873099,0.083498106,0.064873099,109140000,8.4,7.08,9.11,7.08
landry shamet,2022,24,0.076826655,0.25,FALSE,0.031775407,0.041478123,0.031775407,123655000,9.5,3.93,5.13,3.93
malik monk,2022,23,0.076601989,0.25,FALSE,0.092954114,0.094616441,0.092954114,123655000,9.47,11.49,11.7,11.49
alex caruso,2021,26,0.076544301,0.25,FALSE,0.060290348,0.070330915,0.060290348,112414000,8.6,6.78,7.91,6.78
p.j. tucker,2019,33,0.076498,0.35,FALSE,0.099158376,0.087764778,0.099158376,109140000,8.35,10.82,9.58,10.82
jarred vanderbilt,2024,,0.07621053,0.25,FALSE,0.062583081,0.074251355,0.062583081,140588000,10.71,8.8,10.44,8.8
delon wright,2021,28,0.075847,0.3,FALSE,0.105760679,0.105537128,0.105760679,112414000,8.53,11.89,11.86,11.89
rajon rondo,2020,33,0.075591,0.35,FALSE,0.018335178,0.023259295,0.018335178,109140000,8.25,2,2.54,2
jordan clarkson,2025,32,0.075431711,0.35,FALSE,0.05634363,0.091085201,0.05634363,141208000,10.65,7.96,12.86,7.96
aaron wiggins,2024,25,0.07478602,0.25,FALSE,0.026982345,0.0427013,0.026982345,140588000,10.51,3.79,6,3.79
chris paul,2024,38,0.074401798,0.35,FALSE,0.082310855,0.149240413,0.082310855,140588000,10.46,11.57,20.98,11.57
jakob poeltl,2020,24,0.074233572,0.25,FALSE,0.095293313,0.10462869,0.095293313,109140000,8.1,10.4,11.42,10.4
kentavious caldwell-pope,2019,25,0.074118398,0.25,FALSE,0.075571887,0.086153764,0.075571887,109140000,8.09,8.25,9.4,8.25
daniel theis,2021,28,0.073659,0.3,FALSE,0.052992985,0.067916558,0.052992985,112414000,8.28,5.96,7.63,5.96
al horford,2023,36,0.07351806,0.35,FALSE,0.082409553,0.121781909,0.082409553,136021000,10,11.21,16.56,11.21
mason plumlee,2020,29,0.073300348,0.3,FALSE,0.070316993,0.095063307,0.070316993,109140000,8,7.67,10.38,7.67
maxi kleber,2019,27,0.073300348,0.3,FALSE,0.048802901,0.061110383,0.048802901,109140000,8,5.33,6.67,5.33
thomas bryant,2019,21,0.073300348,0.25,FALSE,0.05245357,0.089138671,0.05245357,109140000,8,5.72,9.73,5.72
elfrid payton,2019,24,0.0733,0.25,FALSE,0.097188421,0.113272457,0.097188421,109140000,8,10.61,12.36,10.61
lou williams,2019,32,0.0733,0.35,FALSE,0.095088147,0.128635859,0.095088147,109140000,8,10.38,14.04,10.38
lou williams,2020,33,0.0733,0.35,FALSE,0.094870836,0.106503483,0.094870836,109140000,8,10.35,11.62,10.35
wayne ellington,2019,31,0.0733,0.35,FALSE,0.054432794,0.083258898,0.054432794,109140000,8,5.94,9.09,5.94
p.j. tucker,2020,34,0.073021,0.35,FALSE,0.084603526,0.068662575,0.084603526,109140000,7.97,9.23,7.49,9.23
tre jones,2023,23,0.072752244,0.25,FALSE,0.079127729,0.104593448,0.079127729,136021000,9.9,10.76,14.23,10.76
jae crowder,2019,28,0.07161,0.3,FALSE,0.113803469,0.116375545,0.113803469,109140000,7.82,12.42,12.7,12.42
sam hauser,2025,27,0.071133675,0.3,FALSE,0.056083992,0.062737728,0.056083992,141208000,10.04,7.92,8.86,7.92
kyle anderson,2022,28,0.07100795,0.3,FALSE,0.087427355,0.09610905,0.087427355,123655000,8.78,10.81,11.88,10.81
mike conley,2024,36,0.070958844,0.35,FALSE,0.085453779,0.119610057,0.085453779,140588000,9.98,12.01,16.82,12.01
lonzo ball,2025,27,0.070817517,0.3,FALSE,0.139718235,0.118647352,0.139718235,141208000,10,19.73,16.75,19.73
victor oladipo,2022,29,0.070761,0.3,FALSE,0.028496452,0.082342599,0.028496452,123655000,8.75,3.52,10.18,3.52
jeff green,2023,36,0.070577337,0.35,FALSE,0.033553217,-0.010424607,0.033553217,136021000,9.6,4.56,-1.42,4.56
derrick rose,2020,31,0.070395,0.35,FALSE,0.088090062,0.134755339,0.088090062,109140000,7.68,9.61,14.71,9.61
daniel theis,2022,29,0.070312,0.3,FALSE,0.031142851,0.048293296,0.031142851,123655000,8.69,3.85,5.97,3.85
joe harris,2019,27,0.070246,0.3,FALSE,0.091341995,0.085607094,0.091341995,109140000,7.67,9.97,9.34,9.97
deandre jordan,2021,32,0.070058293,0.35,FALSE,0.040845305,0.054194341,0.040845305,112414000,7.88,4.59,6.09,4.59
victor oladipo,2023,,0.069475,0.25,FALSE,0.05419185,0.066757354,0.05419185,136021000,9.45,7.37,9.08,7.37
pat connaughton,2023,30,0.069282456,0.35,FALSE,0.046083849,0.051965341,0.046083849,136021000,9.42,6.27,7.07,6.27
grayson allen,2022,26,0.068739639,0.25,FALSE,0.073411673,0.078046841,0.073411673,123655000,8.5,9.08,9.65,9.08
nic claxton,2022,22,0.068739639,0.25,FALSE,0.030480294,0.055372203,0.030480294,123655000,8.5,3.77,6.85,3.77
seth curry,2019,28,0.068365219,0.3,FALSE,0.041843243,0.039254036,0.041843243,109140000,7.46,4.57,4.28,4.57
isaiah hartenstein,2023,,0.067968336,0.25,FALSE,0.086527616,0.107752113,0.086527616,136021000,9.25,11.77,14.66,11.77
derrick jones jr.,2024,26,0.067742695,0.25,FALSE,0.05521813,0.067687931,0.05521813,140588000,9.52,7.76,9.52,7.76
langston galloway,2019,27,0.067192,0.3,FALSE,0.040930156,0.040636867,0.040930156,109140000,7.33,4.47,4.44,4.47
doug mcdermott,2019,27,0.067191992,0.3,FALSE,0.052405421,0.052001723,0.052405421,109140000,7.33,5.72,5.68,5.72
gary payton ii,2022,29,0.067122235,0.3,FALSE,0.043301683,0.060642451,0.043301683,123655000,8.3,5.35,7.5,5.35
derrick rose,2019,30,0.067043,0.35,FALSE,0.089450434,0.108972214,0.089450434,109140000,7.32,9.76,11.89,9.76
robin lopez,2020,31,0.066887,0.35,FALSE,0.046842311,0.023427089,0.046842311,109140000,7.3,5.11,2.56,5.11
t.j. mcconnell,2021,28,0.066717669,0.3,FALSE,0.079831436,0.083554102,0.079831436,112414000,7.5,8.97,9.39,8.97
darius miller,2019,28,0.066428,0.3,FALSE,0.047097005,0.045736257,0.047097005,109140000,7.25,5.14,4.99,5.14
jamychal green,2020,29,0.065968,0.3,FALSE,0.038218401,0.038190346,0.038218401,109140000,7.2,4.17,4.17,4.17
luke kennard,2024,27,0.065795089,0.3,FALSE,0.069055744,0.078072553,0.069055744,140588000,9.25,9.71,10.98,9.71
a.j. green,2026,26,0.065651268,0.25,FALSE,0.030259557,0.037408056,0.030259557,153000000,10.04,4.63,5.72,4.63
nemanja bjelica,2020,31,0.065512,0.35,FALSE,0.097832106,0.113890199,0.097832106,109140000,7.15,10.68,12.43,10.68
caleb martin,2024,28,0.065344083,0.3,FALSE,0.073354982,0.082512537,0.073354982,140588000,9.19,10.31,11.6,10.31
kevon looney,2022,25,0.06469613,0.25,FALSE,0.091879107,0.102123341,0.091879107,123655000,8,11.36,12.63,11.36
thaddeus young,2022,33,0.064696,0.35,FALSE,0.046631198,0.061473449,0.046631198,123655000,8,5.77,7.6,5.77
georges niang,2023,29,0.064695893,0.3,FALSE,0.043796044,0.043489432,0.043796044,136021000,8.8,5.96,5.92,5.96
goga bitadze,2024,24,0.06442919,0.25,FALSE,0.024531147,0.060474889,0.024531147,140588000,9.06,3.45,8.5,3.45
aron baynes,2020,33,0.064138,0.35,FALSE,0.0421976,0.064717554,0.0421976,109140000,7,4.61,7.06,4.61
darius miller,2020,,0.064138,0.25,FALSE,0.029814903,0.047271913,0.029814903,109140000,7,3.25,5.16,3.25
zeke nnaji,2024,23,0.063226513,0.25,FALSE,0.023090966,-0.014610791,0.023090966,140588000,8.89,3.25,-2.05,3.25
isaiah hartenstein,2022,23,0.063118184,0.25,FALSE,0.07430613,0.118024946,0.07430613,123655000,7.8,9.19,14.59,9.19
delon wright,2022,29,0.063118,0.3,FALSE,0.061988853,0.060793132,0.061988853,123655000,7.8,7.67,7.52,7.67
nemanja bjelica,2019,30,0.062534,0.35,FALSE,0.087729871,0.105706195,0.087729871,109140000,6.82,9.57,11.54,9.57
buddy hield,2024,31,0.062455459,0.35,FALSE,0.070102289,0.103668513,0.070102289,140588000,8.78,9.86,14.57,9.86
p.j. tucker,2021,35,0.06227,0.35,FALSE,0.05161852,0.024404682,0.05161852,112414000,7,5.8,2.74,5.8
zach collins,2021,,0.062269824,0.25,FALSE,0.061096106,0.067549254,0.061096106,112414000,7,6.87,7.59,6.87
ty jerome,2025,27,0.062184862,0.3,FALSE,0.125772119,0.117467695,0.125772119,141208000,8.78,17.76,16.59,17.76
brook lopez,2025,36,0.061965328,0.35,FALSE,0.108466476,0.157349472,0.108466476,141208000,8.75,15.32,22.22,15.32
quentin grimes,2025,24,0.061903072,0.25,FALSE,0.053157777,0.07507907,0.053157777,141208000,8.74,7.51,10.6,7.51
jalen smith,2024,23,0.060968425,0.25,FALSE,0.041765105,0.073617551,0.041765105,140588000,8.57,5.87,10.35,5.87
naji marshall,2024,26,0.060968425,0.25,FALSE,0.019742545,0.032978911,0.019742545,140588000,8.57,2.78,4.64,2.78
sam merrill,2025,28,0.060068438,0.3,FALSE,0.0377094,0.045193953,0.0377094,141208000,8.48,5.32,6.38,5.32
jaylin williams,2025,22,0.059845788,0.25,FALSE,0.041414339,0.075314564,0.041414339,141208000,8.45,5.85,10.64,5.85
jabari parker,2019,23,0.059557,0.25,FALSE,0.080232456,0.113805853,0.080232456,109140000,6.5,8.76,12.42,8.76
chris boucher,2020,27,0.059556533,0.3,FALSE,0.021803146,0.051621412,0.021803146,109140000,6.5,2.38,5.63,2.38
ivica zubac,2019,21,0.059386861,0.25,FALSE,0.021849627,0.073783817,0.021849627,109140000,6.48,2.38,8.05,2.38
taurean prince,2022,27,0.058994784,0.3,FALSE,0.05377562,0.052430536,0.05377562,123655000,7.29,6.65,6.48,6.65
joakim noah,2020,34,0.05893,0.35,FALSE,0.015760552,-0.01387511,0.015760552,109140000,6.43,1.72,-1.51,1.72
jock landale,2023,,0.058814448,0.25,FALSE,0.038309455,0.057160968,0.038309455,136021000,8,5.21,7.78,5.21
moritz wagner,2023,25,0.058814448,0.25,FALSE,0.052564014,0.086157775,0.052564014,136021000,8,7.15,11.72,7.15
thaddeus young,2023,34,0.058814,0.35,FALSE,0.029297568,0.006006829,0.029297568,136021000,8,3.99,0.82,3.99
trey lyles,2023,,0.058814,0.25,FALSE,0.046889067,0.072720917,0.046889067,136021000,8,6.38,9.89,6.38
josh okogie,2024,25,0.058682107,0.25,FALSE,0.044157535,0.046464899,0.044157535,140588000,8.25,6.21,6.53,6.21
cameron payne,2021,26,0.057821979,0.25,FALSE,0.030459944,0.084985502,0.030459944,112414000,6.5,3.42,9.55,3.42
deandre ayton,2025,26,0.057390516,0.25,FALSE,0.115942709,0.131279618,0.115942709,141208000,8.1,16.37,18.54,16.37
jae'sean tate,2022,26,0.057136525,0.25,FALSE,0.066416793,0.088701907,0.066416793,123655000,7.07,8.21,10.97,8.21
jeff green,2024,37,0.056903861,0.35,FALSE,0.033424396,-0.008459678,0.033424396,140588000,8,4.7,-1.19,4.7
kelly oubre jr.,2024,,0.05678294,0.25,FALSE,0.048341464,0.061770819,0.048341464,140588000,7.98,6.8,8.68,6.8
paul reed,2023,23,0.056777998,0.25,FALSE,0.022314787,0.055867728,0.022314787,136021000,7.72,3.04,7.6,3.04
kj martin,2024,23,0.056726,0.25,FALSE,0.015680363,0.007767737,0.015680363,140588000,7.97,2.2,1.09,2.2
tre jones,2025,25,0.056654014,0.25,FALSE,0.049729697,0.083320964,0.049729697,141208000,8,7.02,11.77,7.02
tre mann,2025,23,0.056654014,0.25,FALSE,0.047601093,0.079112009,0.047601093,141208000,8,6.72,11.17,6.72
khem birch,2021,28,0.056488,0.3,FALSE,0.037381239,0.038318233,0.037381239,112414000,6.35,4.2,4.31,4.2
demarre carroll,2020,33,0.056072,0.35,FALSE,0.012762233,0.001934865,0.012762233,109140000,6.12,1.39,0.21,1.39
alec burks,2020,28,0.054975,0.3,FALSE,0.085153386,0.092562387,0.085153386,109140000,6,9.29,10.1,9.29
ish smith,2019,30,0.054975,0.35,FALSE,0.047424685,0.0666837,0.047424685,109140000,6,5.18,7.28,5.18
montrezl harrell,2019,25,0.054975,0.25,FALSE,0.121869713,0.140252293,0.121869713,109140000,6,13.3,15.31,13.3
simone fontecchio,2024,28,0.054715253,0.3,FALSE,0.037589032,0.040734642,0.037589032,140588000,7.69,5.28,5.73,5.28
khem birch,2022,29,0.05392,0.3,FALSE,0.027928596,0.028666778,0.027928596,123655000,6.67,3.45,3.54,3.45
isaiah jackson,2025,23,0.053821313,0.25,FALSE,0.049337644,0.073679976,0.049337644,141208000,7.6,6.97,10.4,6.97
jae'sean tate,2024,28,0.053811257,0.3,FALSE,0.036568299,0.024490134,0.036568299,140588000,7.57,5.14,3.44,5.14
marco belinelli,2019,32,0.053566,0.35,FALSE,0.057421554,0.055442138,0.057421554,109140000,5.85,6.27,6.05,6.27
justin holiday,2021,31,0.053431,0.35,FALSE,0.083324194,0.074130713,0.083324194,112414000,6.01,9.37,8.33,9.37
gary harris,2024,29,0.05334737,0.3,FALSE,0.069013111,0.064782476,0.069013111,140588000,7.5,9.7,9.11,9.7
elfrid payton,2020,25,0.05284,0.25,FALSE,0.11934267,0.134298461,0.11934267,109140000,5.77,13.03,14.66,13.03
justin holiday,2020,30,0.052413,0.35,FALSE,0.070430055,0.07175603,0.070430055,109140000,5.72,7.69,7.83,7.69
danilo gallinari,2022,33,0.052396,0.35,FALSE,0.075465143,0.094733181,0.075465143,123655000,6.48,9.33,11.71,9.33
patty mills,2021,32,0.052396,0.35,FALSE,0.069422409,0.076174217,0.069422409,112414000,5.89,7.8,8.56,7.8
rudy gay,2021,34,0.052396,0.35,FALSE,0.080343537,0.110610497,0.080343537,112414000,5.89,9.03,12.43,9.03
bruce brown,2022,25,0.052395779,0.25,FALSE,0.065715455,0.086728207,0.065715455,123655000,6.48,8.13,10.72,8.13
caleb martin,2022,26,0.052395779,0.25,FALSE,0.047875229,0.066352695,0.047875229,123655000,6.48,5.92,8.2,5.92
joe ingles,2022,34,0.052395779,0.35,FALSE,0.073533773,0.072104382,0.073533773,123655000,6.48,9.09,8.92,9.09
rodney hood,2019,26,0.052391,0.25,FALSE,0.064966768,0.079136367,0.064966768,109140000,5.72,7.09,8.64,7.09
kevin knox,2021,21,0.052004,0.25,FALSE,0.016880773,0.02840728,0.016880773,112414000,5.85,1.9,3.19,1.9
avery bradley,2020,29,0.051631,0.3,FALSE,0.057821672,0.056887762,0.057821672,109140000,5.64,6.31,6.21,6.31
timofey mozgov,2019,,0.051066,0.25,FALSE,0.021821186,0.032565839,0.021821186,109140000,5.57,2.38,3.55,2.38
daniel theis,2023,30,0.05094,0.35,FALSE,0.01615138,0.030767594,0.01615138,136021000,6.93,2.2,4.19,2.2
max christie,2024,20,0.050807018,0.25,FALSE,0.013527652,0.00123293,0.013527652,140588000,7.14,1.9,0.17,1.9
trey lyles,2019,23,0.050394,0.25,FALSE,0.04374614,0.076828929,0.04374614,109140000,5.5,4.77,8.39,4.77
danilo gallinari,2023,,0.050014,0.25,FALSE,0.045251045,0.04892575,0.045251045,136021000,6.8,6.16,6.65,6.16
john wall,2023,32,0.050014,0.35,FALSE,0.066035025,0.124634611,0.066035025,136021000,6.8,8.98,16.95,8.98
patty mills,2023,34,0.050014,0.35,FALSE,0.018421616,0.004146016,0.018421616,136021000,6.8,2.51,0.56,2.51
aron baynes,2019,32,0.049966,0.35,FALSE,0.024616702,0.03901686,0.024616702,109140000,5.45,2.69,4.26,2.69
tyus jones,2025,28,0.049572262,0.3,FALSE,0.05646858,0.055913031,0.05646858,141208000,7,7.97,7.9,7.97
ryan anderson,2020,31,0.047779,0.35,FALSE,0.016377244,0.012166903,0.016377244,109140000,5.21,1.79,1.33,1.79
ayo dosunmu,2023,,0.047650598,0.25,FALSE,0.032789771,0.026084024,0.032789771,136021000,6.48,4.46,3.55,4.46
rudy gay,2023,36,0.047632,0.35,FALSE,0.034611639,0.019684154,0.034611639,136021000,6.48,4.71,2.68,4.71
payton pritchard,2024,26,0.047631583,0.25,FALSE,0.076319382,0.088604001,0.076319382,140588000,6.7,10.73,12.46,10.73
rodney mcgruder,2020,28,0.047575,0.3,FALSE,0.019294402,-0.018229454,0.019294402,109140000,5.19,2.11,-1.99,2.11
clint capela,2025,30,0.047447737,0.35,FALSE,0.075968854,0.092505781,0.075968854,141208000,6.7,10.73,13.06,10.73
ricky rubio,2022,31,0.047338636,0.35,FALSE,0.109731138,0.150267991,0.109731138,123655000,5.85,13.57,18.58,13.57
hamidou diallo,2021,22,0.046258,0.25,FALSE,0.030889021,0.043368715,0.030889021,112414000,5.2,3.47,4.88,3.47
nassir little,2023,22,0.045948787,0.25,FALSE,0.019987233,0.022840132,0.019987233,136021000,6.25,2.72,3.11,2.72
ed davis,2020,30,0.045862,0.35,FALSE,0.023757495,-0.009104672,0.023757495,109140000,5.01,2.59,-0.99,2.59
enes freedom,2020,27,0.045862,0.3,FALSE,0.047332361,0.065258995,0.047332361,109140000,5.01,5.17,7.12,5.17
daniel theis,2019,26,0.045813,0.25,FALSE,0.032319769,0.043637579,0.032319769,109140000,5,3.53,4.76,3.53
daniel theis,2020,27,0.045813,0.3,FALSE,0.07981731,0.08565392,0.07981731,109140000,5,8.71,9.35,8.71
luol deng,2019,33,0.045813,0.35,FALSE,0.028989971,0.041340846,0.028989971,109140000,5,3.16,4.51,3.16
nerlens noel,2020,25,0.045813,0.25,FALSE,0.058620777,0.074032486,0.058620777,109140000,5,6.4,8.08,6.4
saddiq bey,2024,24,0.045812431,0.25,FALSE,0.147646889,0.105894747,0.147646889,140588000,6.44,20.76,14.89,20.76
jevon carter,2023,,0.045511178,0.25,FALSE,0.069620647,0.064361837,0.069620647,136021000,6.19,9.47,8.75,9.47
kenrich williams,2023,28,0.045397402,0.3,FALSE,0.053083368,0.067638089,0.053083368,136021000,6.18,7.22,9.2,7.22
pat connaughton,2020,27,0.045247141,0.3,FALSE,0.032555223,0.035729342,0.032555223,109140000,4.94,3.55,3.9,3.55
josh jackson,2021,23,0.044526,0.25,FALSE,0.087046176,0.114570357,0.087046176,112414000,5.01,9.79,12.88,9.79
javale mcgee,2021,33,0.044478446,0.35,FALSE,0.034414101,0.069240112,0.034414101,112414000,5,3.87,7.78,3.87
kendrick nunn,2021,25,0.044478,0.25,FALSE,0.088438526,0.098671399,0.088438526,112414000,5,9.94,11.09,9.94
lou williams,2021,34,0.044478,0.35,FALSE,0.040960513,0.053047373,0.040960513,112414000,5,4.6,5.96,4.6
robin lopez,2021,32,0.044478,0.35,FALSE,0.056650635,0.0679725,0.056650635,112414000,5,6.37,7.64,6.37
day'ron sharpe,2025,23,0.044260948,0.25,FALSE,0.048817091,0.098991669,0.048817091,141208000,6.25,6.89,13.98,6.89
rodney mcgruder,2019,27,0.044051,0.3,FALSE,0.034339976,0.043986252,0.034339976,109140000,4.81,3.75,4.8,3.75
john konchar,2024,27,0.043851538,0.3,FALSE,0.04641993,0.039001646,0.04641993,140588000,6.16,6.53,5.48,6.53
avery bradley,2019,28,0.043678,0.3,FALSE,0.074395187,0.037939929,0.074395187,109140000,4.77,8.12,4.14,8.12
ed davis,2019,29,0.043678,0.3,FALSE,0.066758372,0.082290014,0.066758372,109140000,4.77,7.29,8.98,7.29
enes freedom,2019,26,0.043678,0.25,FALSE,0.080007955,0.113333161,0.080007955,109140000,4.77,8.73,12.37,8.73
frank kaminsky,2019,25,0.043678,0.25,FALSE,0.057738572,0.101125086,0.057738572,109140000,4.77,6.3,11.04,6.3
jamychal green,2019,28,0.043678,0.3,FALSE,0.045128971,0.075739206,0.045128971,109140000,4.77,4.93,8.27,4.93
justin holiday,2019,29,0.043678,0.3,FALSE,0.109470367,0.077647411,0.109470367,109140000,4.77,11.95,8.47,11.95
mike scott,2019,30,0.043678,0.35,FALSE,0.019128479,0.004931453,0.019128479,109140000,4.77,2.09,0.54,2.09
richaun holmes,2019,25,0.043678,0.25,FALSE,0.0382796,0.070662709,0.0382796,109140000,4.77,4.18,7.71,4.18
robin lopez,2019,30,0.043678,0.35,FALSE,0.079075575,0.091491681,0.079075575,109140000,4.77,8.63,9.99,8.63
taj gibson,2021,35,0.043678,0.35,FALSE,0.042714845,0.031698766,0.042714845,112414000,4.91,4.8,3.56,4.8
garrett temple,2019,32,0.043677845,0.35,FALSE,0.052880816,0.045779777,0.052880816,109140000,4.77,5.77,5,5.77
kris dunn,2020,25,0.043677845,0.25,FALSE,0.066258945,0.083374689,0.066258945,109140000,4.77,7.23,9.1,7.23
torrey craig,2021,30,0.043394,0.35,FALSE,0.018002084,0.013933609,0.018002084,112414000,4.88,2.02,1.57,2.02
malik beasley,2024,27,0.042678,0.3,FALSE,0.092630558,0.081970841,0.092630558,140588000,6,13.02,11.52,13.02
precious achiuwa,2024,24,0.042677896,0.25,FALSE,0.048157517,0.05285602,0.048157517,140588000,6,6.77,7.43,6.77
denzel valentine,2020,26,0.04254,0.25,FALSE,0.032181438,0.040927085,0.032181438,109140000,4.64,3.51,4.47,3.51
jaden hardy,2025,22,0.04249051,0.25,FALSE,0.019786002,0.036739455,0.019786002,141208000,6,2.79,5.19,2.79
kendrick nunn,2022,,0.042457,0.25,FALSE,0.040820327,0.048692568,0.040820327,123655000,5.25,5.05,6.02,5.05
cam thomas,2025,23,0.042442156,0.25,FALSE,0.124327347,0.146932268,0.124327347,141208000,5.99,17.56,20.75,17.56
bruce brown,2021,24,0.042130891,0.25,FALSE,0.054559082,0.085263574,0.054559082,112414000,4.74,6.13,9.58,6.13
dean wade,2023,,0.041977908,0.25,FALSE,0.038008787,0.045114337,0.038008787,136021000,5.71,5.17,6.14,5.17
david nwaba,2021,28,0.041365,0.3,FALSE,0.043409374,0.066849937,0.043409374,112414000,4.65,4.88,7.51,4.88
furkan korkmaz,2021,23,0.041184,0.25,FALSE,0.047056738,0.086137589,0.047056738,112414000,4.63,5.29,9.68,5.29
kevon looney,2019,22,0.040904215,0.25,FALSE,0.0792083,0.105975861,0.0792083,109140000,4.46,8.64,11.57,8.64
david nwaba,2022,29,0.040613,0.3,FALSE,0.032436538,0.050146349,0.032436538,123655000,5.02,4.01,6.2,4.01
al horford,2025,38,0.040259759,0.35,FALSE,0.05532036,0.08911061,0.05532036,141208000,5.68,7.81,12.58,7.81
d'angelo russell,2025,28,0.040259759,0.3,FALSE,0.061561633,0.119907203,0.061561633,141208000,5.68,8.69,16.93,8.69
kevin knox,2019,19,0.040133,0.25,FALSE,0.084535301,0.113840236,0.084535301,109140000,4.38,9.23,12.42,9.23
ish smith,2021,32,0.040031,0.35,FALSE,0.030290376,0.044171463,0.030290376,112414000,4.5,3.41,4.97,3.41
jeff green,2021,34,0.040030601,0.35,FALSE,0.04205969,0.066205638,0.04205969,112414000,4.5,4.73,7.44,4.73
nicolas batum,2025,36,0.039669141,0.35,FALSE,0.040754784,0.014645703,0.040754784,141208000,5.6,5.75,2.07,5.75
furkan korkmaz,2023,25,0.039482,0.25,FALSE,0.020758076,0.01117536,0.020758076,136021000,5.37,2.82,1.52,2.82
guerschon yabusele,2025,29,0.038949635,0.3,FALSE,0.043208521,0.070718852,0.043208521,141208000,5.5,6.1,9.99,6.1
maurice harkless,2021,27,0.038675,0.3,FALSE,0.045292299,0.054244702,0.045292299,112414000,4.35,5.09,6.1,5.09
bobby portis,2021,25,0.038674898,0.25,FALSE,0.056980617,0.091166275,0.056980617,112414000,4.35,6.41,10.25,6.41
ish smith,2022,33,0.038211,0.35,FALSE,0.024605358,0.030306687,0.024605358,123655000,4.72,3.04,3.75,3.04
alex len,2019,25,0.038116,0.25,FALSE,0.064468645,0.093188017,0.064468645,109140000,4.16,7.04,10.17,7.04
paul reed,2025,25,0.037787477,0.25,FALSE,0.048157159,0.056516212,0.048157159,141208000,5.34,6.8,7.98,6.8
willie cauley-stein,2020,26,0.037566,0.25,FALSE,0.075980112,0.094196504,0.075980112,109140000,4.1,8.29,10.28,8.29
haywood highsmith,2024,27,0.03698751,0.3,FALSE,0.039059978,0.038750186,0.039059978,140588000,5.2,5.49,5.45,5.49
maurice harkless,2022,28,0.036917,0.3,FALSE,0.027938897,0.030886824,0.027938897,123655000,4.56,3.45,3.82,3.45
kris dunn,2024,29,0.036759894,0.3,FALSE,0.015691886,0.046641341,0.015691886,140588000,5.17,2.21,6.56,2.21
bismack biyombo,2023,30,0.03675903,0.35,FALSE,0.021063751,0.033875207,0.021063751,136021000,5,2.87,4.61,2.87
mason plumlee,2023,32,0.03675903,0.35,FALSE,0.088591553,0.105751408,0.088591553,136021000,5,12.05,14.38,12.05
nick richards,2023,,0.03675903,0.25,FALSE,0.029308125,0.046737195,0.029308125,136021000,5,3.99,6.36,3.99
reggie jackson,2023,32,0.036759,0.35,FALSE,0.053126246,0.057957268,0.053126246,136021000,5,7.23,7.88,7.23
shake milton,2023,,0.036759,0.25,FALSE,0.023400966,0.029877598,0.023400966,136021000,5,3.18,4.06,3.18
dorian finney-smith,2019,25,0.036650174,0.25,FALSE,0.048804108,0.065161839,0.048804108,109140000,4,5.33,7.11,5.33
javale mcgee,2019,31,0.036650174,0.35,FALSE,0.09948156,0.09379648,0.09948156,109140000,4,10.86,10.24,10.86
patrick mccaw,2019,23,0.03665,0.25,FALSE,0.013012393,-0.02006285,0.013012393,109140000,4,1.42,-2.19,1.42
reggie bullock,2019,27,0.03665,0.3,FALSE,0.083332501,0.084356977,0.083332501,109140000,4,9.09,9.21,9.09
kevin porter jr.,2025,24,0.036357713,0.25,FALSE,0.082883954,0.116364323,0.082883954,141208000,5.13,11.7,16.43,11.7
marcus smart,2025,30,0.036357713,0.35,FALSE,0.070296764,0.137565694,0.070296764,141208000,5.13,9.93,19.43,9.93
jevon carter,2020,24,0.035962983,0.25,FALSE,0.02403032,0.049806452,0.02403032,109140000,3.92,2.62,5.44,2.62
george hill,2021,34,0.035583,0.35,FALSE,0.046698619,0.055832126,0.046698619,112414000,4,5.25,6.28,5.25
gorgui dieng,2021,31,0.035583,0.35,FALSE,0.058784556,0.065132555,0.058784556,112414000,4,6.61,7.32,6.61
terence davis,2021,23,0.035583,0.25,FALSE,0.032298487,0.063261689,0.032298487,112414000,4,3.63,7.11,3.63
jarred vanderbilt,2021,21,0.035582757,0.25,FALSE,0.040083464,0.074160409,0.040083464,112414000,4,4.51,8.34,4.51
andre drummond,2024,30,0.035564913,0.35,FALSE,0.057853356,0.096755796,0.057853356,140588000,5,8.13,13.6,8.13
drew eubanks,2024,26,0.035564913,0.25,FALSE,0.013387775,-0.001055694,0.013387775,140588000,5,1.88,-0.15,1.88
moritz wagner,2025,27,0.035408759,0.3,FALSE,0.072162792,0.118369986,0.072162792,141208000,5,10.19,16.71,10.19
justise winslow,2021,24,0.034715,0.25,FALSE,0.04009283,0.052189657,0.04009283,112414000,3.9,4.51,5.87,4.51
jalen mcdaniels,2024,26,0.033728,0.25,FALSE,0.010720914,0.002750107,0.010720914,140588000,4.74,1.51,0.39,1.51
miles mcbride,2024,23,0.033503172,0.25,FALSE,0.030693334,0.053759754,0.030693334,140588000,4.71,4.32,7.56,4.32
aaron holiday,2024,27,0.033203403,0.3,FALSE,0.033846062,0.035860276,0.033846062,140588000,4.67,4.76,5.04,4.76
nicolas batum,2024,35,0.033203403,0.35,FALSE,0.052481797,0.036114434,0.052481797,140588000,4.67,7.38,5.08,7.38
jalen mcdaniels,2023,25,0.033201,0.25,FALSE,0.017881878,0.045901105,0.017881878,136021000,4.52,2.43,6.24,2.43
taurean prince,2023,28,0.033200756,0.3,FALSE,0.04444547,0.049052035,0.04444547,136021000,4.52,6.05,6.67,6.05
alex len,2021,27,0.033199,0.3,FALSE,0.029639821,0.062650665,0.029639821,112414000,3.73,3.33,7.04,3.33
maurice harkless,2020,26,0.033196,0.25,FALSE,0.088384286,0.052401526,0.088384286,109140000,3.62,9.65,5.72,9.65
stanley johnson,2019,22,0.033196,0.25,FALSE,0.038315311,0.041879199,0.038315311,109140000,3.62,4.18,4.57,4.18
wesley matthews,2020,33,0.033196,0.35,FALSE,0.04208152,0.041519003,0.04208152,109140000,3.62,4.59,4.53,4.59
bobby portis,2020,24,0.033195895,0.25,FALSE,0.050068207,0.068781155,0.050068207,109140000,3.62,5.46,7.51,5.46
jake layman,2019,24,0.03282,0.25,FALSE,0.028079603,0.044546436,0.028079603,109140000,3.58,3.06,4.86,3.06
allonzo trier,2019,23,0.032537,0.25,FALSE,0.031846784,0.029680762,0.031846784,109140000,3.55,3.48,3.24,3.48
george hill,2022,35,0.032348,0.35,FALSE,0.048907578,0.04881773,0.048907578,123655000,4,6.05,6.04,6.05
demarcus cousins,2019,28,0.032069,0.3,FALSE,0.16232343,0.161093732,0.16232343,109140000,3.5,17.72,17.58,17.72
bismack biyombo,2020,27,0.032068902,0.3,FALSE,0.070241518,0.066064719,0.070241518,109140000,3.5,7.67,7.21,7.67
t.j. mcconnell,2019,26,0.032068902,0.25,FALSE,0.029844966,0.036050788,0.029844966,109140000,3.5,3.26,3.93,3.26
jose alvarado,2025,26,0.031867883,0.25,FALSE,0.042672146,0.072092236,0.042672146,141208000,4.5,6.03,10.18,6.03
mike muscala,2021,29,0.031135,0.3,FALSE,0.022352872,0.06552542,0.022352872,112414000,3.5,2.51,7.37,2.51
gui santos,2026,23,0.03025902,0.25,FALSE,0.059767663,0.080453803,0.059767663,153000000,4.63,9.14,12.31,9.14
michael carter-williams,2020,28,0.030236,0.3,FALSE,0.039748885,0.080520188,0.039748885,109140000,3.3,4.34,8.79,4.34
dwight powell,2023,31,0.029407224,0.35,FALSE,0.073591106,0.097332194,0.073591106,136021000,4,10.01,13.24,10.01
seth curry,2023,,0.029407224,0.25,FALSE,0.024704786,0.022672327,0.024704786,136021000,4,3.36,3.08,3.36
georges niang,2021,27,0.029355774,0.3,FALSE,0.03948449,0.047129706,0.03948449,112414000,3.3,4.44,5.3,4.44
jon leuer,2019,29,0.029039,0.3,FALSE,0.015656354,-0.016203998,0.015656354,109140000,3.17,1.71,-1.77,1.71
yogi ferrell,2019,25,0.028862,0.25,FALSE,0.026768668,0.028571101,0.026768668,109140000,3.15,2.92,3.12,2.92
ryan rollins,2025,22,0.028327007,0.25,FALSE,0.01263521,0.033174317,0.01263521,141208000,4,1.78,4.68,1.78
mike muscala,2022,30,0.028305,0.35,FALSE,0.023649774,0.076258413,0.023649774,123655000,3.5,2.92,9.43,2.92
patrick patterson,2020,30,0.0282,0.35,FALSE,0.029387325,0.009024145,0.029387325,109140000,3.08,3.21,0.98,3.21
kevin love,2023,,0.028199602,0.25,FALSE,0.093388923,0.09785904,0.093388923,136021000,3.84,12.7,13.31,12.7
russell westbrook,2023,34,0.028199602,0.35,FALSE,0.101742387,0.189406138,0.101742387,136021000,3.84,13.84,25.76,13.84
trey burke,2022,29,0.027688,0.3,FALSE,0.019252358,0.013453025,0.019252358,123655000,3.42,2.38,1.66,2.38
khem birch,2019,26,0.027488,0.25,FALSE,0.028241513,0.039880035,0.028241513,109140000,3,3.08,4.35,3.08
quinn cook,2019,25,0.027488,0.25,FALSE,0.027274525,0.018292036,0.027274525,109140000,3,2.98,2,2.98
ryan arcidiacono,2019,24,0.027488,0.25,FALSE,0.02978491,0.037156241,0.02978491,109140000,3,3.25,4.06,3.25
trey burke,2020,27,0.027488,0.3,FALSE,0.01366095,0.041874865,0.01366095,109140000,3,1.49,4.57,1.49
amir coffey,2022,24,0.027455922,0.25,FALSE,0.027697138,0.035413186,0.027697138,123655000,3.4,3.42,4.38,3.42
ricky rubio,2023,32,0.027167209,0.35,FALSE,0.020079697,0.030177194,0.020079697,136021000,3.7,2.73,4.1,2.73
daniss jenkins,2025,23,0.026978103,0.25,FALSE,0.00765756,0.011571867,0.00765756,141208000,3.81,1.08,1.63,1.08
frank jackson,2021,22,0.026687,0.25,FALSE,0.022201125,0.058981205,0.022201125,112414000,3,2.5,6.63,2.5
sterling brown,2021,25,0.026687,0.25,FALSE,0.033316366,0.037595847,0.033316366,112414000,3,3.75,4.23,3.75
dewayne dedmon,2020,30,0.026266,0.35,FALSE,0.05161776,0.073681555,0.05161776,109140000,2.87,5.63,8.04,5.63
gary trent jr.,2025,27,0.02618198,0.3,FALSE,0.038102396,0.054991751,0.038102396,141208000,3.7,5.38,7.77,5.38
andre drummond,2022,28,0.025878452,0.3,FALSE,0.04529991,0.084730948,0.04529991,123655000,3.2,5.6,10.48,5.6
derrick jones jr.,2022,24,0.025878452,0.25,FALSE,0.038088966,0.055150247,0.038088966,123655000,3.2,4.71,6.82,4.71
gary harris,2025,30,0.025736169,0.35,FALSE,0.038163953,0.017451443,0.038163953,141208000,3.63,5.39,2.46,5.39
mike muscala,2023,31,0.025731,0.35,FALSE,0.019941581,0.050432454,0.019941581,136021000,3.5,2.71,6.86,2.71
alex caruso,2019,24,0.025196995,0.25,FALSE,0.025122987,0.049899037,0.025122987,109140000,2.75,2.74,5.45,2.74
pat connaughton,2026,33,0.024940268,0.35,FALSE,0.015330646,-0.030539422,0.015330646,153000000,3.82,2.35,-4.67,2.35
taurean prince,2026,31,0.024940268,0.35,FALSE,0.033254445,0.035986226,0.033254445,153000000,3.82,5.09,5.51,5.09
svi mykhailiuk,2024,26,0.024895439,0.25,FALSE,0.01492516,0.006833484,0.01492516,140588000,3.5,2.1,0.96,2.1
jaxson hayes,2025,24,0.024427249,0.25,FALSE,0.042852264,0.053239664,0.042852264,141208000,3.45,6.05,7.52,6.05
kevin knox,2022,22,0.024261,0.25,FALSE,0.013907513,0.026939756,0.013907513,123655000,3,1.72,3.33,1.72
dominick barlow,2025,21,0.024184182,0.25,FALSE,0.007585922,-0.006825921,0.007585922,141208000,3.41,1.07,-0.96,1.07
cole anthony,2026,25,0.024183007,0.25,FALSE,0.024740579,0.049457548,0.024740579,153000000,3.7,3.79,7.57,3.79
vincent poirier,2020,26,0.023999,0.25,FALSE,0.012389098,-0.032306605,0.012389098,109140000,2.62,1.35,-3.53,1.35
marc gasol,2021,36,0.023956,0.35,FALSE,0.026452256,0.037872883,0.026452256,112414000,2.69,2.97,4.26,2.97
deandre' bembry,2019,24,0.023859,0.25,FALSE,0.068458423,0.070036886,0.068458423,109140000,2.6,7.47,7.64,7.47
khem birch,2020,27,0.023695,0.3,FALSE,0.02077199,0.017436152,0.02077199,109140000,2.59,2.27,1.9,2.27
andre iguodala,2021,37,0.0235,0.35,FALSE,0.0483744,0.039323165,0.0483744,112414000,2.64,5.44,4.42,5.44
avery bradley,2021,30,0.0235,0.35,FALSE,0.027355004,0.01755831,0.027355004,112414000,2.64,3.08,1.97,3.08
blake griffin,2021,31,0.0235,0.35,FALSE,0.106793366,0.12132998,0.106793366,112414000,2.64,12.01,13.64,12.01
derrick rose,2023,34,0.0235,0.35,FALSE,0.020659128,0.031862434,0.020659128,136021000,3.2,2.81,4.33,2.81
dwight howard,2019,33,0.0235,0.35,FALSE,0.052301768,0.078875819,0.052301768,109140000,2.56,5.71,8.61,5.71
dwight howard,2021,35,0.0235,0.35,FALSE,0.025711,0.043855598,0.025711,112414000,2.64,2.89,4.93,2.89
e'twaun moore,2021,31,0.0235,0.35,FALSE,0.015561056,-0.007481238,0.015561056,112414000,2.64,1.75,-0.84,1.75
ed davis,2021,31,0.0235,0.35,FALSE,0.020494767,0.001991741,0.020494767,112414000,2.64,2.3,0.22,2.3
enes freedom,2021,28,0.0235,0.3,FALSE,0.083804503,0.086212341,0.083804503,112414000,2.64,9.42,9.69,9.42
gerald green,2019,33,0.0235,0.35,FALSE,0.041546781,0.036227438,0.041546781,109140000,2.56,4.53,3.95,4.53
j.j. barea,2019,34,0.0235,0.35,FALSE,0.073509246,0.111786133,0.073509246,109140000,2.56,8.02,12.2,8.02
james johnson,2021,33,0.0235,0.35,FALSE,0.057150397,0.070695633,0.057150397,112414000,2.64,6.42,7.95,6.42
jared dudley,2019,33,0.0235,0.35,FALSE,0.050239302,0.047767785,0.050239302,109140000,2.56,5.48,5.21,5.48
kyle korver,2019,37,0.0235,0.35,FALSE,0.036866762,0.04629757,0.036866762,109140000,2.56,4.02,5.05,4.02
lamarcus aldridge,2021,35,0.0235,0.35,FALSE,0.030683169,0.090277321,0.030683169,112414000,2.64,3.45,10.15,3.45
marc gasol,2020,35,0.0235,0.35,FALSE,0.115875788,0.124807723,0.115875788,109140000,2.56,12.65,13.62,12.65
markieff morris,2021,31,0.0235,0.35,FALSE,0.030937891,0.02326913,0.030937891,112414000,2.64,3.48,2.62,3.48
paul millsap,2021,35,0.0235,0.35,FALSE,0.085675888,0.111772947,0.085675888,112414000,2.64,9.63,12.56,9.63
rajon rondo,2019,32,0.0235,0.35,FALSE,0.061778098,0.041944369,0.061778098,109140000,2.56,6.74,4.58,6.74
rajon rondo,2021,34,0.0235,0.35,FALSE,0.017546209,0.011236733,0.017546209,112414000,2.64,1.97,1.26,1.97
thabo sefolosha,2019,34,0.0235,0.35,FALSE,0.035094485,0.036818828,0.035094485,109140000,2.56,3.83,4.02,3.83
trevor ariza,2021,35,0.0235,0.35,FALSE,0.053019773,0.089241163,0.053019773,112414000,2.64,5.96,10.03,5.96
tyson chandler,2019,36,0.0235,0.35,FALSE,0.022210166,0.006026416,0.022210166,109140000,2.56,2.42,0.66,2.42
udonis haslem,2019,38,0.0235,0.35,FALSE,0.019359533,-0.050293334,0.019359533,109140000,2.56,2.11,-5.49,2.11
udonis haslem,2021,40,0.0235,0.35,FALSE,0.012994545,-0.076341874,0.012994545,112414000,2.64,1.46,-8.58,1.46
vince carter,2019,42,0.0235,0.35,FALSE,0.031919882,0.001076927,0.031919882,109140000,2.56,3.48,0.12,3.48
wayne ellington,2020,32,0.0235,0.35,FALSE,0.024430711,0.031061656,0.024430711,109140000,2.56,2.67,3.39,2.67
wayne ellington,2021,33,0.0235,0.35,FALSE,0.036334995,0.040112688,0.036334995,112414000,2.64,4.08,4.51,4.08
wesley matthews,2019,32,0.0235,0.35,FALSE,0.057094976,0.065117963,0.057094976,109140000,2.56,6.23,7.11,6.23
wilson chandler,2019,31,0.0235,0.35,FALSE,0.037584681,0.03466735,0.037584681,109140000,2.56,4.1,3.78,4.1
russell westbrook,2024,35,0.023499666,0.35,FALSE,0.062301993,0.098288458,0.062301993,140588000,3.3,8.76,13.82,8.76
eric gordon,2023,34,0.023499665,0.35,FALSE,0.046396106,0.05915861,0.046396106,136021000,3.2,6.31,8.05,6.31
jeff green,2019,32,0.023499661,0.35,FALSE,0.078703403,0.078103151,0.078703403,109140000,2.56,8.59,8.52,8.59
taurean prince,2025,30,0.023396507,0.35,FALSE,0.061365023,0.044540049,0.061365023,141208000,3.3,8.67,6.29,8.67
rondae hollis-jefferson,2019,24,0.022906,0.25,FALSE,0.061248261,0.089659462,0.061248261,109140000,2.5,6.68,9.79,6.68
tony bradley,2025,27,0.022695711,0.3,FALSE,0.033188544,0.041291814,0.033188544,141208000,3.2,4.69,5.83,4.69
jordan nwora,2022,23,0.022644,0.25,FALSE,0.01510238,0.009698129,0.01510238,123655000,2.8,1.87,1.2,1.87
taj gibson,2020,34,0.022384,0.35,FALSE,0.032417461,0.018074841,0.032417461,109140000,2.44,3.54,1.97,3.54
trey lyles,2021,25,0.022239,0.25,FALSE,0.026094249,0.009755082,0.026094249,112414000,2.5,2.93,1.1,2.93
nassir little,2024,23,0.022101054,0.25,FALSE,0.017677957,-0.017495394,0.017677957,140588000,3.11,2.49,-2.46,2.49
julian champagnie,2023,21,0.022055418,0.25,FALSE,0.009367389,-0.039575875,0.009367389,136021000,3,1.27,-5.38,1.27
jordan nwora,2023,24,0.022055,0.25,FALSE,0.013149089,0.000966683,0.013149089,136021000,3,1.79,0.13,1.79
johnny juzang,2024,22,0.021961,0.25,FALSE,0.011590662,0.007979997,0.011590662,140588000,3.09,1.63,1.12,1.63
alfonzo mckinnie,2019,26,0.021917,0.25,FALSE,0.027444763,-0.00127144,0.027444763,109140000,2.39,3,-0.14,3
de'anthony melton,2025,26,0.021818318,0.25,FALSE,0.057838812,0.0831275,0.057838812,141208000,3.08,8.17,11.74,8.17
josh richardson,2024,30,0.021703,0.35,FALSE,0.030466365,0.022631841,0.030466365,140588000,3.05,4.28,3.18,4.28
andre drummond,2021,27,0.021363327,0.3,FALSE,0.130802721,0.196943043,0.130802721,112414000,2.4,14.7,22.14,14.7
austin rivers,2021,28,0.021363,0.3,FALSE,0.029433463,0.040201088,0.029433463,112414000,2.4,3.31,4.52,3.31
hassan whiteside,2021,31,0.021363,0.35,FALSE,0.022505211,0.050556639,0.022505211,112414000,2.4,2.53,5.68,2.53
kent bazemore,2021,31,0.021363,0.35,FALSE,0.04641515,0.061305265,0.04641515,112414000,2.4,5.22,6.89,5.22
patrick patterson,2019,29,0.021363,0.3,FALSE,0.031140421,0.002290944,0.031140421,109140000,2.33,3.4,0.25,3.4
alec burks,2019,27,0.021258,0.3,FALSE,0.067033187,0.068967134,0.067033187,109140000,2.32,7.32,7.53,7.32
ben mclemore,2021,27,0.021258,0.3,FALSE,0.022896316,0.049874467,0.022896316,112414000,2.39,2.57,5.61,2.57
isaiah thomas,2019,29,0.021258,0.3,FALSE,0.014193117,0.023913121,0.014193117,109140000,2.32,1.55,2.61,1.55
josh richardson,2023,29,0.021258,0.3,FALSE,0.07303077,0.0770772,0.07303077,136021000,2.89,9.93,10.48,9.93
solomon hill,2021,29,0.021258,0.3,FALSE,0.030177072,0.008739987,0.030177072,112414000,2.39,3.39,0.98,3.39
tony snell,2021,29,0.021258,0.3,FALSE,0.040192507,0.007811217,0.040192507,112414000,2.39,4.52,0.88,4.52
victor oladipo,2021,28,0.021258,0.3,FALSE,0.173864231,0.16550352,0.173864231,112414000,2.39,19.54,18.6,19.54
charles bassey,2022,21,0.021026242,0.25,FALSE,0.010576547,0.005914014,0.010576547,123655000,2.6,1.31,0.73,1.31
josh okogie,2023,24,0.020702222,0.25,FALSE,0.070986308,0.092783073,0.070986308,136021000,2.82,9.66,12.62,9.66
alex len,2020,26,0.020689,0.25,FALSE,0.040372021,0.071405977,0.040372021,109140000,2.26,4.41,7.79,4.41
edmond sumner,2021,25,0.020638,0.25,FALSE,0.012372703,0.019685355,0.012372703,112414000,2.32,1.39,2.21,1.39
brad wanamaker,2020,30,0.020616,0.35,FALSE,0.024745127,0.014639533,0.024745127,109140000,2.25,2.7,1.6,2.7
luke kornet,2019,23,0.020615723,0.25,FALSE,0.019080635,0.065915139,0.019080635,109140000,2.25,2.08,7.19,2.08
omer yurtseven,2023,,0.020585,0.25,FALSE,0.025923256,0.046267317,0.025923256,136021000,2.8,3.53,6.29,3.53
markieff morris,2019,29,0.020541,0.3,FALSE,0.065833643,0.089489434,0.065833643,109140000,2.24,7.19,9.77,7.19
shake milton,2024,27,0.02045,0.3,FALSE,0.015150717,-0.003693128,0.015150717,140588000,2.88,2.13,-0.52,2.13
devonte' graham,2024,28,0.020272,0.3,FALSE,0.030350067,0.028532725,0.030350067,140588000,2.85,4.27,4.01,4.27
willie cauley-stein,2019,25,0.019951,0.25,FALSE,0.145269975,0.14346397,0.145269975,109140000,2.18,15.85,15.66,15.85
austin rivers,2019,26,0.019922,0.25,FALSE,0.061916512,0.05401212,0.061916512,109140000,2.17,6.76,5.89,6.76
elfrid payton,2021,26,0.019922,0.25,FALSE,0.052738532,0.062261882,0.052738532,112414000,2.24,5.93,7,5.93
montrezl harrell,2022,28,0.019922,0.3,FALSE,0.132477775,0.139312828,0.132477775,123655000,2.46,16.38,17.23,16.38
rodney hood,2021,28,0.019922,0.3,FALSE,0.03219787,0.01750554,0.03219787,112414000,2.24,3.62,1.97,3.62
haywood highsmith,2026,29,0.019726523,0.3,FALSE,0.019560501,-0.000367727,0.019560501,153000000,3.02,2.99,-0.06,2.99
trendon watford,2024,23,0.01939428,0.25,FALSE,0.019029917,0.032416524,0.019029917,140588000,2.73,2.68,4.56,2.68
john konchar,2020,23,0.019241341,0.25,FALSE,0.012239442,-0.005631519,0.012239442,109140000,2.1,1.34,-0.61,1.34
bol bol,2021,21,0.019225,0.25,FALSE,0.010411005,0.022019674,0.010411005,112414000,2.16,1.17,2.48,1.17
kris dunn,2023,28,0.019016659,0.3,FALSE,0.030274086,0.070742456,0.030274086,136021000,2.59,4.12,9.62,4.12
jahlil okafor,2021,25,0.018948,0.25,FALSE,0.01381373,-0.001542394,0.01381373,112414000,2.13,1.55,-0.17,1.55
keita bates-diop,2024,28,0.018882,0.3,FALSE,0.018561088,0.013434287,0.018561088,140588000,2.65,2.61,1.89,2.61
bol bol,2020,20,0.018859,0.25,FALSE,0.014625484,0.065932257,0.014625484,109140000,2.06,1.6,7.2,1.6
thomas bryant,2023,25,0.018587078,0.25,FALSE,0.020849278,0.042548616,0.020849278,136021000,2.53,2.84,5.79,2.84
ben mclemore,2019,25,0.018587,0.25,FALSE,0.02193011,0.016141518,0.02193011,109140000,2.03,2.39,1.76,2.39
frank kaminsky,2021,27,0.018587,0.3,FALSE,0.017729124,0.048299522,0.017729124,112414000,2.09,1.99,5.43,1.99
kyle o'quinn,2019,28,0.018587,0.3,FALSE,0.018144364,0.03729394,0.018144364,109140000,2.03,1.98,4.07,1.98
michael carter-williams,2019,27,0.018587,0.3,FALSE,0.032730427,0.059653664,0.032730427,109140000,2.03,3.57,6.51,3.57
mike muscala,2019,27,0.018587,0.3,FALSE,0.043029886,0.067374846,0.043029886,109140000,2.03,4.7,7.35,4.7
nemanja bjelica,2021,32,0.018587,0.35,FALSE,0.03199194,0.062371235,0.03199194,112414000,2.09,3.6,7.01,3.6
nerlens noel,2019,24,0.018587,0.25,FALSE,0.057773978,0.054092313,0.057773978,109140000,2.03,6.31,5.9,6.31
raul neto,2021,28,0.018587,0.3,FALSE,0.037364028,0.050072008,0.037364028,112414000,2.09,4.2,5.63,4.2
torrey craig,2023,,0.018587,0.25,FALSE,0.023964865,0.020394162,0.023964865,136021000,2.53,3.26,2.77,3.26
kenrich williams,2020,25,0.018325087,0.25,FALSE,0.022050446,0.024508911,0.022050446,109140000,2,2.41,2.67,2.41
damyean dotson,2020,25,0.018325,0.25,FALSE,0.016230984,0.018534677,0.016230984,109140000,2,1.77,2.02,1.77
edmond sumner,2019,23,0.018325,0.25,FALSE,0.011517135,0.00207857,0.011517135,109140000,2,1.26,0.23,1.26
gary clark,2020,25,0.018325,0.25,FALSE,0.013998251,0.001933361,0.013998251,109140000,2,1.53,0.21,1.53
noah vonleh,2019,23,0.018325,0.25,FALSE,0.071589477,0.084622495,0.071589477,109140000,2,7.81,9.24,7.81
torrey craig,2019,28,0.018325,0.3,FALSE,0.050111949,0.043825019,0.050111949,109140000,2,5.47,4.78,5.47
micah potter,2026,27,0.018309451,0.3,FALSE,0.022432875,0.046868349,0.022432875,153000000,2.8,3.43,7.17,3.43
cameron payne,2020,25,0.018114449,0.25,FALSE,0.028834838,0.052246982,0.028834838,109140000,1.98,3.15,5.7,3.15
mario hezonja,2020,24,0.018114,0.25,FALSE,0.013370893,-0.00510818,0.013370893,109140000,1.98,1.46,-0.56,1.46
cam spencer,2025,24,0.017973408,0.25,FALSE,0.006958997,-0.002086557,0.006958997,141208000,2.54,0.98,-0.29,0.98
ty jerome,2023,,0.017931239,0.25,FALSE,0.041062076,0.029333195,0.041062076,136021000,2.44,5.59,3.99,5.59
jordan mclaughlin,2021,24,0.017791378,0.25,FALSE,0.014935105,0.028881356,0.014935105,112414000,2,1.68,3.25,1.68
garrison mathews,2021,24,0.017791,0.25,FALSE,0.017031915,0.009723347,0.017031915,112414000,2,1.91,1.09,1.91
marquese chriss,2022,24,0.017742,0.25,FALSE,0.016067043,0.020076275,0.016067043,123655000,2.19,1.99,2.48,1.99
paul reed,2024,24,0.017679766,0.25,FALSE,0.056068812,0.086721973,0.056068812,140588000,2.49,7.88,12.19,7.88
joe wieskamp,2022,22,0.017589,0.25,FALSE,0.011200625,-0.020715113,0.011200625,123655000,2.17,1.39,-2.56,1.39
jericho sims,2025,26,0.01743147,0.25,FALSE,0.011693351,-0.031347842,0.011693351,141208000,2.46,1.65,-4.43,1.65
sandro mamukelashvili,2025,25,0.01743147,0.25,FALSE,0.020236474,0.058723572,0.020236474,141208000,2.46,2.86,8.29,2.86
wesley matthews,2021,34,0.017422,0.35,FALSE,0.031884175,0.016569151,0.031884175,112414000,1.96,3.58,1.86,3.58
jontay porter,2020,,0.017409,0.25,FALSE,0.030069625,0.019313181,0.030069625,109140000,1.9,3.28,2.11,3.28
javale mcgee,2023,35,0.017264422,0.35,FALSE,0.027821044,0.004331996,0.027821044,136021000,2.35,3.78,0.59,3.78
deandre' bembry,2021,26,0.017252,0.25,FALSE,0.033511348,0.043364804,0.033511348,112414000,1.94,3.77,4.87,3.77
jahlil okafor,2020,24,0.017252,0.25,FALSE,0.017815063,0.043602953,0.017815063,109140000,1.88,1.94,4.76,1.94
keita bates-diop,2023,27,0.017252,0.3,FALSE,0.047235589,0.067959838,0.047235589,136021000,2.35,6.43,9.24,6.43
rodney mcgruder,2021,29,0.017252,0.3,FALSE,0.014659506,0.001819904,0.014659506,112414000,1.94,1.65,0.2,1.65
tim frazier,2019,28,0.017252,0.3,FALSE,0.016475325,0.005814155,0.016475325,109140000,1.88,1.8,0.63,1.8
yuta watanabe,2023,,0.017252,0.25,FALSE,0.028446469,0.032716352,0.028446469,136021000,2.35,3.87,4.45,3.87
gary payton ii,2021,28,0.017251855,0.3,FALSE,0.010122868,-0.033047728,0.010122868,112414000,1.94,1.14,-3.72,1.14
luke kornet,2022,26,0.017251854,0.25,FALSE,0.011259932,-0.008810793,0.011259932,123655000,2.13,1.39,-1.09,1.39
drew eubanks,2023,,0.017251851,0.25,FALSE,0.023169123,0.044835813,0.023169123,136021000,2.35,3.15,6.1,3.15
pj dozier,2021,24,0.016998,0.25,FALSE,0.024717409,0.040957192,0.024717409,112414000,1.91,2.78,4.6,2.78
killian tillie,2021,22,0.016916,0.25,FALSE,0.009735153,-0.00259882,0.009735153,112414000,1.9,1.09,-0.29,1.09
bruno caboclo,2019,,0.016908,0.25,FALSE,0.06097237,0.066686734,0.06097237,109140000,1.85,6.65,7.28,6.65
shabazz napier,2019,27,0.016908,0.3,FALSE,0.05360708,0.085947319,0.05360708,109140000,1.85,5.85,9.38,5.85
bryce mcgowens,2026,23,0.016892412,0.25,FALSE,0.017540304,0.017883592,0.017540304,153000000,2.58,2.68,2.74,2.68
jabari walker,2026,23,0.016892412,0.25,FALSE,0.013143755,0.014646158,0.013143755,153000000,2.58,2.01,2.24,2.01
dru smith,2025,27,0.016846567,0.3,FALSE,0.012084964,-7.07E-05,0.012084964,141208000,2.38,1.71,-0.01,1.71
josh minott,2025,22,0.016846567,0.25,FALSE,0.023071164,0.03840533,0.023071164,141208000,2.38,3.26,5.42,3.26
david nwaba,2020,27,0.016713,0.3,FALSE,0.020526446,0.021312142,0.020526446,109140000,1.82,2.24,2.33,2.24
marquese chriss,2020,22,0.016713,0.25,FALSE,0.037265442,0.070790069,0.037265442,109140000,1.82,4.07,7.73,4.07
jordan goodwin,2025,26,0.016639128,0.25,FALSE,0.016322479,0.02080998,0.016322479,141208000,2.35,2.3,2.94,2.3
justin champagnie,2025,23,0.016639128,0.25,FALSE,0.026882453,0.038934406,0.026882453,141208000,2.35,3.8,5.5,3.8
james johnson,2023,35,0.016477,0.35,FALSE,0.013875903,-0.020329094,0.013875903,136021000,2.24,1.89,-2.77,1.89
vince williams jr.,2023,22,0.016411495,0.25,FALSE,0.010600234,0.008376306,0.010600234,136021000,2.23,1.44,1.14,1.44
jordan miller,2026,26,0.016325569,0.25,FALSE,0.034087058,0.058414218,0.034087058,153000000,2.5,5.22,8.94,5.22
sidy cissoko,2026,21,0.016325569,0.25,FALSE,0.015685543,0.041883215,0.015685543,153000000,2.5,2.4,6.41,2.4
rodions kurucs,2020,21,0.016311,0.25,FALSE,0.019743392,0.034476843,0.019743392,109140000,1.78,2.15,3.76,2.15
aaron holiday,2025,28,0.016261642,0.3,FALSE,0.036731508,0.027315607,0.036731508,141208000,2.3,5.19,3.86,5.19
amir coffey,2025,27,0.016261642,0.3,FALSE,0.038142629,0.015283178,0.038142629,141208000,2.3,5.39,2.16,5.39
bismack biyombo,2025,32,0.016261642,0.35,FALSE,0.015343907,-0.004728977,0.015343907,141208000,2.3,2.17,-0.67,2.17
bones hyland,2025,24,0.016261642,0.25,FALSE,0.031763293,0.06743428,0.031763293,141208000,2.3,4.49,9.52,4.49
bruce brown,2025,28,0.016261642,0.3,FALSE,0.041138656,0.028414252,0.041138656,141208000,2.3,5.81,4.01,5.81
chris boucher,2025,32,0.016261642,0.35,FALSE,0.083549857,0.095328673,0.083549857,141208000,2.3,11.8,13.46,11.8
chris paul,2025,39,0.016261642,0.35,FALSE,0.068361618,0.120147996,0.068361618,141208000,2.3,9.65,16.97,9.65
cole anthony,2025,24,0.016261642,0.25,FALSE,0.069875084,0.108571585,0.069875084,141208000,2.3,9.87,15.33,9.87
collin gillespie,2025,25,0.016261642,0.25,FALSE,0.013071573,0.047863179,0.013071573,141208000,2.3,1.85,6.76,1.85
drew eubanks,2025,27,0.016261642,0.3,FALSE,0.016490057,0.012933615,0.016490057,141208000,2.3,2.33,1.83,2.33
eric gordon,2025,36,0.016261642,0.35,FALSE,0.021163421,0.007697496,0.021163421,141208000,2.3,2.99,1.09,2.99
gary payton ii,2025,32,0.016261642,0.35,FALSE,0.025283532,0.043192999,0.025283532,141208000,2.3,3.57,6.1,3.57
jae'sean tate,2025,29,0.016261642,0.3,FALSE,0.038478747,0.015946634,0.038478747,141208000,2.3,5.43,2.25,5.43
javonte green,2025,31,0.016261642,0.35,FALSE,0.039785154,0.031818108,0.039785154,141208000,2.3,5.62,4.49,5.62
jeff green,2025,38,0.016261642,0.35,FALSE,0.020886756,-0.043322611,0.020886756,141208000,2.3,2.95,-6.12,2.95
jock landale,2025,29,0.016261642,0.3,FALSE,0.024955601,0.020895756,0.024955601,141208000,2.3,3.52,2.95,3.52
josh okogie,2025,26,0.016261642,0.25,FALSE,0.064033076,0.081998321,0.064033076,141208000,2.3,9.04,11.58,9.04
keaton wallace,2025,25,0.016261642,0.25,FALSE,0.009112048,0.013022457,0.009112048,141208000,2.3,1.29,1.84,1.29
landry shamet,2025,27,0.016261642,0.3,FALSE,0.01734074,0.019275078,0.01734074,141208000,2.3,2.45,2.72,2.45
larry nance jr.,2025,32,0.016261642,0.35,FALSE,0.052346066,0.051551499,0.052346066,141208000,2.3,7.39,7.28,7.39
marvin bagley iii,2025,25,0.016261642,0.25,FALSE,0.045713201,0.060814562,0.045713201,141208000,2.3,6.46,8.59,6.46
russell westbrook,2025,36,0.016261642,0.35,FALSE,0.059026621,0.09322844,0.059026621,141208000,2.3,8.34,13.16,8.34
tim hardaway jr.,2025,34,0.016261642,0.35,FALSE,0.062121496,0.043622056,0.062121496,141208000,2.3,8.77,6.16,8.77
danny green,2022,34,0.016174,0.35,FALSE,0.072564043,0.0787671,0.072564043,123655000,2,8.97,9.74,8.97
alfonzo mckinnie,2020,27,0.016152,0.3,FALSE,0.017581247,-0.014094499,0.017581247,109140000,1.76,1.92,-1.54,1.92
jeff dowtin,2023,,0.016152,0.25,FALSE,0.022534216,0.017506519,0.022534216,136021000,2.2,3.07,2.38,3.07
pj dozier,2020,23,0.016152,0.25,FALSE,0.007884981,0.011835055,0.007884981,109140000,1.76,0.86,1.29,0.86
brandon williams,2025,25,0.016080782,0.25,FALSE,0.006522649,0.041331379,0.006522649,141208000,2.27,0.92,5.84,0.92
jd davison,2025,22,0.016080782,0.25,FALSE,0.005339306,0.004740094,0.005339306,141208000,2.27,0.75,0.67,0.75
abdel nader,2020,26,0.016061,0.25,FALSE,0.01503922,0.009673384,0.01503922,109140000,1.75,1.64,1.06,1.64
deandre' bembry,2020,25,0.015917,0.25,FALSE,0.045438025,0.041742573,0.045438025,109140000,1.74,4.96,4.56,4.96
emmanuel mudiay,2019,22,0.015917,0.25,FALSE,0.07038004,0.085249385,0.07038004,109140000,1.74,7.68,9.3,7.68
frank ntilikina,2021,22,0.015917,0.25,FALSE,0.027507383,0.026687304,0.027507383,112414000,1.79,3.09,3,3.09
jakarr sampson,2019,25,0.015917,0.25,FALSE,0.084496886,0.086253295,0.084496886,109140000,1.74,9.22,9.41,9.22
mario hezonja,2019,23,0.015917,0.25,FALSE,0.025598774,0.07219531,0.025598774,109140000,1.74,2.79,7.88,2.79
oshae brissett,2023,24,0.015917,0.25,FALSE,0.013235915,0.030541486,0.013235915,136021000,2.17,1.8,4.15,1.8
raul neto,2019,26,0.015917,0.25,FALSE,0.014032461,0.039404261,0.014032461,109140000,1.74,1.53,4.3,1.53
semi ojeleye,2021,26,0.015917,0.25,FALSE,0.019787109,-0.001653619,0.019787109,112414000,1.79,2.22,-0.19,2.22
malik monk,2021,22,0.015916665,0.25,FALSE,0.068017669,0.078796879,0.068017669,112414000,1.79,7.65,8.86,7.65
tony bradley,2021,23,0.015916665,0.25,FALSE,0.032402601,0.071017264,0.032402601,112414000,1.79,3.64,7.98,3.64
jaxson hayes,2023,22,0.01591666,0.25,FALSE,0.035064373,0.062509028,0.035064373,136021000,2.16,4.77,8.5,4.77
james wiseman,2024,22,0.015916657,0.25,FALSE,0.0386381,0.027760607,0.0386381,140588000,2.24,5.43,3.9,5.43
didi louzada,2021,21,0.015895511,0.25,FALSE,0.018851034,0.038382984,0.018851034,112414000,1.79,2.12,4.31,2.12
eric paschall,2021,24,0.015858,0.25,FALSE,0.029179759,0.03944839,0.029179759,112414000,1.78,3.28,4.43,3.28
isaiah roby,2021,22,0.015858,0.25,FALSE,0.033463016,0.0358361,0.033463016,112414000,1.78,3.76,4.03,3.76
jalen mcdaniels,2021,23,0.015858,0.25,FALSE,0.013253766,0.030244282,0.013253766,112414000,1.78,1.49,3.4,1.49
jaylen nowell,2021,21,0.015858,0.25,FALSE,0.014021794,0.05505702,0.014021794,112414000,1.78,1.58,6.19,1.58
kz okpala,2021,21,0.015858,0.25,FALSE,0.009911635,-0.000370586,0.009911635,112414000,1.78,1.11,-0.04,1.11
daniel gafford,2021,22,0.015857642,0.25,FALSE,0.059127215,0.100058815,0.059127215,112414000,1.78,6.65,11.25,6.65
dean wade,2021,24,0.015857642,0.25,FALSE,0.0180544,0.040297023,0.0180544,112414000,1.78,2.03,4.53,2.03
luguentz dort,2021,21,0.015857642,0.25,FALSE,0.042419013,0.066099491,0.042419013,112414000,1.78,4.77,7.43,4.77
naz reid,2021,21,0.015857642,0.25,FALSE,0.023432303,0.067771103,0.023432303,112414000,1.78,2.63,7.62,2.63
nic claxton,2021,21,0.015857642,0.25,FALSE,0.015372779,0.04878275,0.015372779,112414000,1.78,1.73,5.48,1.73
terance mann,2021,24,0.015857642,0.25,FALSE,0.020287761,0.050753013,0.020287761,112414000,1.78,2.28,5.71,2.28
pat connaughton,2019,26,0.015787521,0.25,FALSE,0.036874924,0.052695376,0.036874924,109140000,1.72,4.02,5.75,4.02
justin edwards,2026,22,0.015758758,0.25,FALSE,0.014725987,0.014466775,0.014725987,153000000,2.41,2.25,2.21,2.25
nae'qwan tomlin,2026,25,0.015758758,0.25,FALSE,0.011123469,0.018816197,0.011123469,153000000,2.41,1.7,2.88,1.7
andre jackson jr.,2025,23,0.015733365,0.25,FALSE,0.015199508,-0.021658603,0.015199508,141208000,2.22,2.15,-3.06,2.15
craig porter jr.,2025,24,0.015733365,0.25,FALSE,0.012200967,0.003789843,0.012200967,141208000,2.22,1.72,0.54,1.72
gui santos,2025,22,0.015733365,0.25,FALSE,0.012873331,0.01740476,0.012873331,141208000,2.22,1.82,2.46,1.82
hunter tyson,2025,24,0.015733365,0.25,FALSE,0.010719564,-0.016507629,0.010719564,141208000,2.22,1.51,-2.33,1.51
jalen pickett,2025,25,0.015733365,0.25,FALSE,0.010986032,-0.008747938,0.010986032,141208000,2.22,1.55,-1.24,1.55
jalen wilson,2025,24,0.015733365,0.25,FALSE,0.02393779,0.037681574,0.02393779,141208000,2.22,3.38,5.32,3.38
jordan walsh,2025,20,0.015733365,0.25,FALSE,0.010337758,-0.012150451,0.010337758,141208000,2.22,1.46,-1.72,1.46
julian phillips,2025,21,0.015733365,0.25,FALSE,0.016122205,0.017321575,0.016122205,141208000,2.22,2.28,2.45,2.28
leonard miller,2025,21,0.015733365,0.25,FALSE,0.021491542,0.029792019,0.021491542,141208000,2.22,3.03,4.21,3.03
mouhamed gueye,2025,22,0.015733365,0.25,FALSE,0.025801132,0.056205857,0.025801132,141208000,2.22,3.64,7.94,3.64
rayan rupert,2025,20,0.015733365,0.25,FALSE,0.010619656,-0.02674505,0.010619656,141208000,2.22,1.5,-3.78,1.5
toumani camara,2025,24,0.015733365,0.25,FALSE,0.083738148,0.103970542,0.083738148,141208000,2.22,11.82,14.68,11.82
trayce jackson-davis,2025,24,0.015733365,0.25,FALSE,0.025074134,0.04913083,0.025074134,141208000,2.22,3.54,6.94,3.54
yuta watanabe,2021,26,0.015681,0.25,FALSE,0.010719094,0.008827774,0.010719094,112414000,1.76,1.2,0.99,1.2
jeremiah robinson-earl,2024,23,0.015627009,0.25,FALSE,0.020064674,0.012828563,0.020064674,140588000,2.2,2.82,1.8,2.82
lindy waters iii,2024,26,0.015627009,0.25,FALSE,0.014138337,0.005776777,0.014138337,140588000,2.2,1.99,0.81,1.99
jalen mcdaniels,2022,24,0.015613,0.25,FALSE,0.013589374,0.018837345,0.013589374,123655000,1.93,1.68,2.33,1.68
jahlil okafor,2019,23,0.015599,0.25,FALSE,0.032105885,0.049442893,0.032105885,109140000,1.7,3.5,5.4,3.5
brandon goodwin,2020,24,0.015591,0.25,FALSE,0.007733622,0.010787401,0.007733622,109140000,1.7,0.84,1.18,0.84
shake milton,2020,23,0.015591,0.25,FALSE,0.017185152,0.049573374,0.017185152,109140000,1.7,1.88,5.41,1.88
lindy waters iii,2022,24,0.015590926,0.25,FALSE,0.016639842,0.046172509,0.016639842,123655000,1.93,2.06,5.71,2.06
thanasis antetokounmpo,2020,27,0.01559092,0.3,FALSE,0.011814788,0.002484115,0.011814788,109140000,1.7,1.29,0.27,1.29
rodions kurucs,2019,20,0.015569,0.25,FALSE,0.030928832,0.064593056,0.030928832,109140000,1.7,3.38,7.05,3.38
jonah bolden,2019,23,0.015562,0.25,FALSE,0.017185124,0.027732165,0.017185124,109140000,1.7,1.88,3.03,1.88
jaylen clark,2025,23,0.01552247,0.25,FALSE,0.011960929,-0.009669594,0.011960929,141208000,2.19,1.69,-1.37,1.69
tyrese martin,2025,25,0.01552247,0.25,FALSE,0.029674914,0.043379238,0.029674914,141208000,2.19,4.19,6.13,4.19
david nwaba,2019,26,0.015383,0.25,FALSE,0.030235436,0.045434482,0.030235436,109140000,1.68,3.3,4.96,3.3
davon reed,2022,26,0.015383,0.25,FALSE,0.018828437,0.013329715,0.018828437,123655000,1.9,2.33,1.65,2.33
dwayne bacon,2020,24,0.015383,0.25,FALSE,0.013348436,0.017163459,0.013348436,109140000,1.68,1.46,1.87,1.46
isaac bonga,2021,21,0.015383,0.25,FALSE,0.015949685,0.015987341,0.015949685,112414000,1.73,1.79,1.8,1.79
keita bates-diop,2021,25,0.015383,0.25,FALSE,0.009581013,-0.012159036,0.009581013,112414000,1.73,1.08,-1.37,1.08
kz okpala,2022,22,0.015383,0.25,FALSE,0.011417028,-0.013374784,0.011417028,123655000,1.9,1.41,-1.65,1.41
wes iwundu,2020,25,0.015383,0.25,FALSE,0.026922211,0.037595113,0.026922211,109140000,1.68,2.94,4.1,2.94
luka garza,2024,,0.015382579,0.25,FALSE,0.030755883,0.055592707,0.030755883,140588000,2.16,4.32,7.82,4.32
neemias queta,2024,24,0.015382579,0.25,FALSE,0.012142294,0.037069628,0.012142294,140588000,2.16,1.71,5.21,1.71
georges niang,2019,25,0.015382573,0.25,FALSE,0.017719759,-0.000262021,0.017719759,109140000,1.68,1.93,-0.03,1.93
bruce brown,2020,23,0.015245199,0.25,FALSE,0.047410257,0.068106128,0.047410257,109140000,1.66,5.17,7.43,5.17
duncan robinson,2020,25,0.015245199,0.25,FALSE,0.081816182,0.101011341,0.081816182,109140000,1.66,8.93,11.02,8.93
gary trent jr.,2020,,0.015245199,0.25,FALSE,0.029600697,0.045613911,0.029600697,109140000,1.66,3.23,4.98,3.23
jalen brunson,2020,23,0.015245199,0.25,FALSE,0.03385089,0.068013295,0.03385089,109140000,1.66,3.69,7.42,3.69
jarred vanderbilt,2020,20,0.015245199,0.25,FALSE,0.00891862,-0.005613168,0.00891862,109140000,1.66,0.97,-0.61,0.97
svi mykhailiuk,2020,22,0.015245199,0.25,FALSE,0.030492673,0.061923003,0.030492673,109140000,1.66,3.33,6.76,3.33
devonte' graham,2020,24,0.015245,0.25,FALSE,0.149755299,0.136422279,0.149755299,109140000,1.66,16.34,14.89,16.34
hamidou diallo,2020,21,0.015245,0.25,FALSE,0.022381173,0.013218819,0.022381173,109140000,1.66,2.44,1.44,2.44
isaac bonga,2020,20,0.015245,0.25,FALSE,0.032742098,0.070301868,0.032742098,109140000,1.66,3.57,7.67,3.57
kendrick nunn,2020,24,0.015245,0.25,FALSE,0.083283991,0.08882448,0.083283991,109140000,1.66,9.09,9.69,9.09
goga bitadze,2023,23,0.015193132,0.25,FALSE,0.027126377,0.061103819,0.027126377,136021000,2.07,3.69,8.31,3.69
wenyen gabriel,2022,24,0.015193,0.25,FALSE,0.009530616,0.005645552,0.009530616,123655000,1.88,1.18,0.7,1.18
juan toscano-anderson,2021,27,0.015137,0.3,FALSE,0.027607843,0.020141095,0.027607843,112414000,1.7,3.1,2.26,3.1
oshae brissett,2021,22,0.015137,0.25,FALSE,0.029050346,0.060699092,0.029050346,112414000,1.7,3.27,6.82,3.27
keon ellis,2024,24,0.015084452,0.25,FALSE,0.016829379,0.040526893,0.016829379,140588000,2.12,2.37,5.7,2.37
jordan mcrae,2019,27,0.015076,0.3,FALSE,0.014522687,0.018758267,0.014522687,109140000,1.65,1.59,2.05,1.59
treveon graham,2019,25,0.015076,0.25,FALSE,0.017604277,0.021681155,0.017604277,109140000,1.65,1.92,2.37,1.92
derrick jones jr.,2019,21,0.015075655,0.25,FALSE,0.038139567,0.07053431,0.038139567,109140000,1.65,4.16,7.7,4.16
gabriel deck,2021,25,0.015038,0.25,FALSE,0.023768352,0.037824019,0.023768352,112414000,1.69,2.67,4.25,2.67
adem bona,2026,22,0.015008307,0.25,FALSE,0.018676385,0.034167718,0.018676385,153000000,2.3,2.86,5.23,2.86
bronny james,2026,21,0.015008307,0.25,FALSE,0.007945577,-0.025304069,0.007945577,153000000,2.3,1.22,-3.87,1.22
cam christie,2026,20,0.015008307,0.25,FALSE,0.009143717,-0.018856197,0.009143717,153000000,2.3,1.4,-2.88,1.4
jamal shead,2026,23,0.015008307,0.25,FALSE,0.048876077,0.070081655,0.048876077,153000000,2.3,7.48,10.72,7.48
jamison battle,2026,24,0.015008307,0.25,FALSE,0.014566558,-0.03530454,0.014566558,153000000,2.3,2.23,-5.4,2.23
jaylen wells,2026,22,0.015008307,0.25,FALSE,0.054982364,0.075672724,0.054982364,153000000,2.3,8.41,11.58,8.41
johnny furphy,2026,21,0.015008307,0.25,FALSE,0.014697393,0.040716465,0.014697393,153000000,2.3,2.25,6.23,2.25
jonathan mogbo,2026,24,0.015008307,0.25,FALSE,0.018721441,-0.007299513,0.018721441,153000000,2.3,2.86,-1.12,2.86
oso ighodaro,2026,23,0.015008307,0.25,FALSE,0.051975284,0.07591245,0.051975284,153000000,2.3,7.95,11.61,7.95
pelle larsson,2026,24,0.015008307,0.25,FALSE,0.039054949,0.067976346,0.039054949,153000000,2.3,5.98,10.4,5.98
precious achiuwa,2025,25,0.014953232,0.25,FALSE,0.038948588,0.043752571,0.038948588,141208000,2.11,5.5,6.18,5.5
jay huff,2024,25,0.014852142,0.25,FALSE,0.012642614,-0.017911323,0.012642614,140588000,2.09,1.78,-2.52,1.78
aaron holiday,2022,25,0.01484849,0.25,FALSE,0.034869269,0.044235731,0.034869269,123655000,1.84,4.31,5.47,4.31
anthony gill,2022,29,0.01484849,0.3,FALSE,0.013350971,-0.011016056,0.013350971,123655000,1.84,1.65,-1.36,1.65
bismack biyombo,2022,29,0.01484849,0.3,FALSE,0.017604552,0.02582808,0.017604552,123655000,1.84,2.18,3.19,2.18
isaiah joe,2022,22,0.01484849,0.25,FALSE,0.011954698,-0.00608052,0.011954698,123655000,1.84,1.48,-0.75,1.48
josh okogie,2022,23,0.01484849,0.25,FALSE,0.036664966,0.027776662,0.036664966,123655000,1.84,4.53,3.43,4.53
thomas bryant,2022,24,0.01484849,0.25,FALSE,0.017177232,0.053789454,0.017177232,123655000,1.84,2.12,6.65,2.12
gabe vincent,2021,24,0.014848489,0.25,FALSE,0.011054492,0.013974056,0.011054492,112414000,1.67,1.24,1.57,1.24
max strus,2021,24,0.014848489,0.25,FALSE,0.01552248,0.031337488,0.01552248,112414000,1.67,1.74,3.52,1.74
drew eubanks,2020,22,0.014848488,0.25,FALSE,0.01091898,0.023099888,0.01091898,109140000,1.62,1.19,2.52,1.19
dalano banton,2023,23,0.014848487,0.25,FALSE,0.016330523,0.059714203,0.016330523,136021000,2.02,2.22,8.12,2.22
deandre jordan,2023,34,0.014848487,0.35,FALSE,0.020482698,-0.017006713,0.020482698,136021000,2.02,2.79,-2.31,2.79
garrett temple,2023,36,0.014848487,0.35,FALSE,0.015998162,-0.072788862,0.015998162,136021000,2.02,2.18,-9.9,2.18
kelly oubre jr.,2023,27,0.014848487,0.3,FALSE,0.151825711,0.132809279,0.151825711,136021000,2.02,20.65,18.06,20.65
mo bamba,2023,24,0.014848487,0.25,FALSE,0.044862024,0.071408388,0.044862024,136021000,2.02,6.1,9.71,6.1
sandro mamukelashvili,2023,23,0.014848487,0.25,FALSE,0.027112562,0.050036181,0.027112562,136021000,2.02,3.69,6.81,3.69
trendon watford,2023,22,0.014848487,0.25,FALSE,0.013203169,0.027275144,0.013203169,136021000,2.02,1.8,3.71,1.8
cameron payne,2024,29,0.014848486,0.3,FALSE,0.024261404,0.029065157,0.024261404,140588000,2.09,3.41,4.09,3.41
charles bassey,2024,23,0.014848486,0.25,FALSE,0.020739054,0.029363559,0.020739054,140588000,2.09,2.92,4.13,2.92
doug mcdermott,2024,32,0.014848486,0.35,FALSE,0.041815121,0.012884057,0.041815121,140588000,2.09,5.88,1.81,5.88
gary trent jr.,2024,,0.014848486,0.25,FALSE,0.0548038,0.056704893,0.0548038,140588000,2.09,7.7,7.97,7.7
joe ingles,2024,36,0.014848486,0.35,FALSE,0.022702254,-0.000177611,0.022702254,140588000,2.09,3.19,-0.02,3.19
jordan mclaughlin,2024,27,0.014848486,0.3,FALSE,0.034407593,0.025610494,0.034407593,140588000,2.09,4.84,3.6,4.84
kyle lowry,2024,37,0.014848486,0.35,FALSE,0.042155799,0.070443221,0.042155799,140588000,2.09,5.93,9.9,5.93
luke kornet,2024,28,0.014848486,0.3,FALSE,0.029997895,0.0447604,0.029997895,140588000,2.09,4.22,6.29,4.22
mason plumlee,2024,33,0.014848486,0.35,FALSE,0.029632127,0.032302167,0.029632127,140588000,2.09,4.17,4.54,4.17
monte morris,2024,28,0.014848486,0.3,FALSE,0.022070188,0.034055751,0.022070188,140588000,2.09,3.1,4.79,3.1
scotty pippen jr.,2024,23,0.014848486,0.25,FALSE,0.031320684,0.077174258,0.031320684,140588000,2.09,4.4,10.85,4.4
seth curry,2024,33,0.014848486,0.35,FALSE,0.013390824,-0.020276844,0.013390824,140588000,2.09,1.88,-2.85,1.88
taurean prince,2024,29,0.014848486,0.3,FALSE,0.059305761,0.05517072,0.059305761,140588000,2.09,8.34,7.76,8.34
thomas bryant,2024,26,0.014848486,0.25,FALSE,0.016977709,0.038965684,0.016977709,140588000,2.09,2.39,5.48,2.39
tyus jones,2024,27,0.014848486,0.3,FALSE,0.089123696,0.079127367,0.089123696,140588000,2.09,12.53,11.12,12.53
alec burks,2024,32,0.014848,0.35,FALSE,0.061927237,0.062029401,0.061927237,140588000,2.09,8.71,8.72,8.71
alex len,2023,29,0.014848,0.3,FALSE,0.017676773,0.007250274,0.017676773,136021000,2.02,2.4,0.99,2.4
andre iguodala,2022,38,0.014848,0.35,FALSE,0.02336752,0.031336715,0.02336752,123655000,1.84,2.89,3.87,2.89
austin rivers,2022,29,0.014848,0.3,FALSE,0.039027955,0.020929981,0.039027955,123655000,1.84,4.83,2.59,4.83
blake griffin,2022,32,0.014848,0.35,FALSE,0.016949587,0.032970502,0.016949587,123655000,1.84,2.1,4.08,2.1
bol bol,2023,,0.014848,0.25,FALSE,0.04215955,0.069541,0.04215955,136021000,2.02,5.73,9.46,5.73
daniel theis,2024,31,0.014848,0.35,FALSE,0.015631242,0.000427414,0.015631242,140588000,2.09,2.2,0.06,2.2
delon wright,2024,31,0.014848,0.35,FALSE,0.02325304,0.027957433,0.02325304,140588000,2.09,3.27,3.93,3.27
demarcus cousins,2020,,0.014848,0.25,FALSE,0.092362754,0.080232637,0.092362754,109140000,1.62,10.08,8.76,10.08
dwight howard,2020,34,0.014848,0.35,FALSE,0.046115037,0.062487464,0.046115037,109140000,1.62,5.03,6.82,5.03
dylan windler,2023,26,0.014848,0.25,FALSE,0.02461073,0.007833137,0.02461073,136021000,2.02,3.35,1.07,3.35
e'twaun moore,2020,30,0.014848,0.35,FALSE,0.032198001,0.049800896,0.032198001,109140000,1.62,3.51,5.44,3.51
frank kaminsky,2020,26,0.014848,0.25,FALSE,0.041815765,0.075423528,0.041815765,109140000,1.62,4.56,8.23,4.56
frank kaminsky,2022,28,0.014848,0.3,FALSE,0.03687793,0.046313576,0.03687793,123655000,1.84,4.56,5.73,4.56
frank ntilikina,2023,24,0.014848,0.25,FALSE,0.017250046,0.017984315,0.017250046,136021000,2.02,2.35,2.45,2.35
gorgui dieng,2022,32,0.014848,0.35,FALSE,0.021681195,0.010930073,0.021681195,123655000,1.84,2.68,1.35,2.68
hassan whiteside,2020,30,0.014848,0.35,FALSE,0.157562152,0.164700949,0.157562152,109140000,1.62,17.2,17.98,17.2
ish smith,2023,34,0.014848,0.35,FALSE,0.012764805,-0.039934882,0.012764805,136021000,2.02,1.74,-5.43,1.74
j.j. barea,2020,35,0.014848,0.35,FALSE,0.020820159,0.047317227,0.020820159,109140000,1.62,2.27,5.16,2.27
jae crowder,2023,32,0.014848,0.35,FALSE,0.035003655,0.049737259,0.035003655,136021000,2.02,4.76,6.77,4.76
james johnson,2022,34,0.014848,0.35,FALSE,0.019653354,0.011260091,0.019653354,123655000,1.84,2.43,1.39,2.43
jamychal green,2022,31,0.014848,0.35,FALSE,0.025278276,0.028576307,0.025278276,123655000,1.84,3.13,3.53,3.13
jared dudley,2020,34,0.014848,0.35,FALSE,0.021380398,-0.042211289,0.021380398,109140000,1.62,2.33,-4.61,2.33
josh gray,2020,26,0.014848,0.25,FALSE,0.009943844,-0.022612445,0.009943844,109140000,1.62,1.09,-2.47,1.09
juan toscano-anderson,2022,28,0.014848,0.3,FALSE,0.021336844,0.012648975,0.021336844,123655000,1.84,2.64,1.56,2.64
justin holiday,2023,33,0.014848,0.35,FALSE,0.016537661,-0.030052411,0.016537661,136021000,2.02,2.25,-4.09,2.25
justin jackson,2022,26,0.014848,0.25,FALSE,0.010887079,-0.007837715,0.010887079,123655000,1.84,1.35,-0.97,1.35
kent bazemore,2020,30,0.014848,0.35,FALSE,0.058496315,0.067482124,0.058496315,109140000,1.62,6.38,7.36,6.38
lamar stevens,2023,25,0.014848,0.25,FALSE,0.016556062,0.005591451,0.016556062,136021000,2.02,2.25,0.76,2.25
langston galloway,2020,28,0.014848,0.3,FALSE,0.044797666,0.04703767,0.044797666,109140000,1.62,4.89,5.13,4.89
malik beasley,2023,,0.014848,0.25,FALSE,0.042627048,0.033998044,0.042627048,136021000,2.02,5.8,4.62,5.8
markieff morris,2020,30,0.014848,0.35,FALSE,0.039719939,0.056854851,0.039719939,109140000,1.62,4.34,6.21,4.34
markieff morris,2022,32,0.014848,0.35,FALSE,0.022539597,0.025409687,0.022539597,123655000,1.84,2.79,3.14,2.79
markieff morris,2024,34,0.014848,0.35,FALSE,0.015813984,-0.053990597,0.015813984,140588000,2.09,2.22,-7.59,2.22
matt thomas,2021,26,0.014848,0.25,FALSE,0.008538635,-0.024714054,0.008538635,112414000,1.67,0.96,-2.78,0.96
matthew dellavedova,2020,29,0.014848,0.3,FALSE,0.020806147,0.018939666,0.020806147,109140000,1.62,2.27,2.07,2.27
montrezl harrell,2023,,0.014848,0.25,FALSE,0.045331143,0.05958386,0.045331143,136021000,2.02,6.17,8.1,6.17
moses brown,2023,23,0.014848,0.25,FALSE,0.016589124,0.03226486,0.016589124,136021000,2.02,2.26,4.39,2.26
nathan knight,2022,24,0.014848,0.25,FALSE,0.011323646,0.020712567,0.011323646,123655000,1.84,1.4,2.56,1.4
patrick beverley,2023,,0.014848,0.25,FALSE,0.039342131,0.054849256,0.039342131,136021000,2.02,5.35,7.46,5.35
patty mills,2024,35,0.014848,0.35,FALSE,0.016317956,0.013838642,0.016317956,140588000,2.09,2.29,1.95,2.29
raul neto,2020,27,0.014848,0.3,FALSE,0.020821493,0.026217837,0.020821493,109140000,1.62,2.27,2.86,2.27
raul neto,2022,29,0.014848,0.3,FALSE,0.037472714,0.045898305,0.037472714,123655000,1.84,4.63,5.68,4.63
reggie bullock,2023,31,0.014848,0.35,FALSE,0.074162968,0.052906007,0.074162968,136021000,2.02,10.09,7.2,10.09
reggie jackson,2020,29,0.014848,0.3,FALSE,0.097656883,0.139225162,0.097656883,109140000,1.62,10.66,15.2,10.66
robin lopez,2022,33,0.014848,0.35,FALSE,0.035220303,0.048476509,0.035220303,123655000,1.84,4.36,5.99,4.36
robin lopez,2023,34,0.014848,0.35,FALSE,0.017646132,-0.036122236,0.017646132,136021000,2.02,2.4,-4.91,2.4
ryan arcidiacono,2022,27,0.014848,0.3,FALSE,0.009840881,-0.039879474,0.009840881,123655000,1.84,1.22,-4.93,1.22
ryan arcidiacono,2023,28,0.014848,0.3,FALSE,0.013774169,-0.013831044,0.013774169,136021000,2.02,1.87,-1.88,1.87
serge ibaka,2022,32,0.014848,0.35,FALSE,0.031693757,0.047546429,0.031693757,123655000,1.84,3.92,5.88,3.92
solomon hill,2020,28,0.014848,0.3,FALSE,0.048871551,0.038904785,0.048871551,109140000,1.62,5.33,4.25,5.33
spencer dinwiddie,2024,30,0.014848,0.35,FALSE,0.061439462,0.097659398,0.061439462,140588000,2.09,8.64,13.73,8.64
sterling brown,2020,24,0.014848,0.25,FALSE,0.016143525,0.009368707,0.016143525,109140000,1.62,1.76,1.02,1.76
t.j. warren,2022,,0.014848,0.25,FALSE,0.08764828,0.08134233,0.08764828,123655000,1.84,10.84,10.06,10.84
taj gibson,2022,36,0.014848,0.35,FALSE,0.037253119,0.032299356,0.037253119,123655000,1.84,4.61,3.99,4.61
taj gibson,2024,38,0.014848,0.35,FALSE,0.016922064,-0.042484115,0.016922064,140588000,2.09,2.38,-5.97,2.38
talen horton-tucker,2024,23,0.014848,0.25,FALSE,0.03666183,0.088313447,0.03666183,140588000,2.09,5.15,12.42,5.15
terry taylor,2023,23,0.014848,0.25,FALSE,0.006906739,-0.016160246,0.006906739,136021000,2.02,0.94,-2.2,0.94
theo pinson,2022,26,0.014848,0.25,FALSE,0.008801469,-0.042074134,0.008801469,123655000,1.84,1.09,-5.2,1.09
torrey craig,2020,29,0.014848,0.3,FALSE,0.026922658,0.011474277,0.026922658,109140000,1.62,2.94,1.25,2.94
tristan thompson,2023,,0.014848,0.25,FALSE,0.040394027,0.056696408,0.040394027,136021000,2.02,5.49,7.71,5.49
tyler johnson,2020,27,0.014848,0.3,FALSE,0.012121578,-0.004886673,0.012121578,109140000,1.62,1.32,-0.53,1.32
udonis haslem,2020,39,0.014848,0.35,FALSE,0.014399379,-0.078741881,0.014399379,109140000,1.62,1.57,-8.59,1.57
udonis haslem,2022,41,0.014848,0.35,FALSE,0.016584655,-0.075538729,0.016584655,123655000,1.84,2.05,-9.34,2.05
wenyen gabriel,2020,22,0.014848,0.25,FALSE,0.012205442,-0.006309525,0.012205442,109140000,1.62,1.33,-0.69,1.33
wesley matthews,2023,36,0.014848,0.35,FALSE,0.01727239,-0.02431884,0.01727239,136021000,2.02,2.35,-3.31,2.35
yuta watanabe,2022,27,0.014848,0.3,FALSE,0.011961089,-0.001811584,0.011961089,123655000,1.84,1.48,-0.22,1.48
abdel nader,2019,25,0.01483,0.25,FALSE,0.014224906,-0.013468379,0.014224906,109140000,1.62,1.55,-1.47,1.55
damyean dotson,2019,24,0.01483,0.25,FALSE,0.043450817,0.06078374,0.043450817,109140000,1.62,4.74,6.63,4.74
dwayne bacon,2019,23,0.01483,0.25,FALSE,0.015219899,0.031422862,0.015219899,109140000,1.62,1.66,3.43,1.66
frank jackson,2019,20,0.01483,0.25,FALSE,0.027290909,0.044719015,0.027290909,109140000,1.62,2.98,4.88,2.98
semi ojeleye,2019,24,0.01483,0.25,FALSE,0.016918615,0.003173735,0.016918615,109140000,1.62,1.85,0.35,1.85
sterling brown,2019,23,0.01483,0.25,FALSE,0.018826064,0.020817619,0.018826064,109140000,1.62,2.05,2.27,2.05
wes iwundu,2019,24,0.01483,0.25,FALSE,0.031249048,0.038552813,0.031249048,109140000,1.62,3.41,4.21,3.41
dillon brooks,2019,23,0.01482976,0.25,FALSE,0.012981301,0.042514951,0.012981301,109140000,1.62,1.42,4.64,1.42
royce o'neale,2019,25,0.01482976,0.25,FALSE,0.040471736,0.030372439,0.040471736,109140000,1.62,4.42,3.31,4.42
sam merrill,2023,26,0.014683306,0.25,FALSE,0.009383416,0.003528115,0.009383416,136021000,2,1.28,0.48,1.28
monte morris,2019,23,0.014552236,0.25,FALSE,0.05868046,0.078141366,0.05868046,109140000,1.59,6.4,8.53,6.4
malcolm miller,2019,25,0.014552,0.25,FALSE,0.009531809,-0.013640337,0.009531809,109140000,1.59,1.04,-1.49,1.04
justin edwards,2025,21,0.014506926,0.25,FALSE,0.027988886,0.031833837,0.027988886,141208000,2.05,3.95,4.5,3.95
n'faly dante,2025,24,0.014506926,0.25,FALSE,0.020748813,0.038572863,0.020748813,141208000,2.05,2.93,5.45,2.93
naji marshall,2022,24,0.014416085,0.25,FALSE,0.011094073,0.041967628,0.011094073,123655000,1.78,1.37,5.19,1.37
nick richards,2022,24,0.014416085,0.25,FALSE,0.009912218,-0.013432888,0.009912218,123655000,1.78,1.23,-1.66,1.23
paul reed,2022,22,0.014416085,0.25,FALSE,0.011520782,0.029862225,0.011520782,123655000,1.78,1.42,3.69,1.42
tre jones,2022,22,0.014416085,0.25,FALSE,0.013572588,0.044429283,0.013572588,123655000,1.78,1.68,5.49,1.68
lamar stevens,2022,24,0.014416,0.25,FALSE,0.013488342,0.000127962,0.013488342,123655000,1.78,1.67,0.02,1.67
jabari walker,2024,21,0.014366084,0.25,FALSE,0.022544246,0.021207659,0.022544246,140588000,2.02,3.17,2.98,3.17
jaden hardy,2024,21,0.014366084,0.25,FALSE,0.018949192,0.042997741,0.018949192,140588000,2.02,2.66,6.04,2.66
josh minott,2024,21,0.014366084,0.25,FALSE,0.011072579,0.003295103,0.011072579,140588000,2.02,1.56,0.46,1.56
mitchell robinson,2019,20,0.014290929,0.25,FALSE,0.062231392,0.08687533,0.062231392,109140000,1.56,6.79,9.48,6.79
deividas sirvydis,2021,20,0.014265,0.25,FALSE,0.01133846,-0.013654034,0.01133846,112414000,1.6,1.27,-1.53,1.27
kj martin,2023,22,0.014194,0.25,FALSE,0.061227381,0.081422699,0.061227381,136021000,1.93,8.33,11.08,8.33
ish wainright,2023,28,0.014174,0.3,FALSE,0.025274618,0.021451887,0.025274618,136021000,1.93,3.44,2.92,3.44
kessler edwards,2023,22,0.014174,0.25,FALSE,0.009001476,-0.002132402,0.009001476,136021000,1.93,1.22,-0.29,1.22
omer yurtseven,2022,23,0.014174,0.25,FALSE,0.016243525,0.039552296,0.016243525,123655000,1.75,2.01,4.89,2.01
haywood highsmith,2022,25,0.014173612,0.25,FALSE,0.010344564,-0.042117232,0.010344564,123655000,1.75,1.28,-5.21,1.28
jericho sims,2023,24,0.014173517,0.25,FALSE,0.012135498,-0.006133213,0.012135498,136021000,1.93,1.65,-0.83,1.65
jordan goodwin,2023,,0.014173517,0.25,FALSE,0.032925319,0.039894818,0.032925319,136021000,1.93,4.48,5.43,4.48
sam hauser,2023,25,0.014173517,0.25,FALSE,0.020469882,0.03378493,0.020469882,136021000,1.93,2.78,4.6,2.78
adou thiero,2026,21,0.014058281,0.25,FALSE,0.009590125,-0.018576182,0.009590125,153000000,2.15,1.47,-2.84,1.47
amari williams,2026,24,0.014058281,0.25,FALSE,0.010842971,-0.046082505,0.010842971,153000000,2.15,1.66,-7.05,1.66
chaz lanier,2026,24,0.014058281,0.25,FALSE,0.008853361,-0.04779754,0.008853361,153000000,2.15,1.35,-7.31,1.35
johni broome,2026,23,0.014058281,0.25,FALSE,0.024828339,0.015103933,0.024828339,153000000,2.15,3.8,2.31,3.8
kobe sanders,2026,23,0.014058281,0.25,FALSE,0.02839409,0.042591418,0.02839409,153000000,2.15,4.34,6.52,4.34
maxime raynaud,2026,22,0.014058281,0.25,FALSE,0.049353272,0.063549982,0.049353272,153000000,2.15,7.55,9.72,7.55
micah peavy,2026,24,0.014058281,0.25,FALSE,0.017136849,0.015173809,0.017136849,153000000,2.15,2.62,2.32,2.62
myron gardner,2026,24,0.014058281,0.25,FALSE,0.010657591,0.009021475,0.010657591,153000000,2.15,1.63,1.38,1.63
noah penda,2026,21,0.014058281,0.25,FALSE,0.015599586,0.02631093,0.015599586,153000000,2.15,2.39,4.03,2.39
rasheer fleming,2026,21,0.014058281,0.25,FALSE,0.014174892,0.011663054,0.014174892,153000000,2.15,2.17,1.78,2.17
tyrese proctor,2026,21,0.014058281,0.25,FALSE,0.017322816,0.03108049,0.017322816,153000000,2.15,2.65,4.76,2.65
will richard,2026,23,0.014058281,0.25,FALSE,0.029272171,0.035896989,0.029272171,153000000,2.15,4.48,5.49,4.48
a.j. green,2023,,0.013981437,0.25,FALSE,0.022698767,0.026489284,0.022698767,136021000,1.9,3.09,3.6,3.09
amile jefferson,2019,25,0.013926,0.25,FALSE,0.012200091,-0.023819034,0.012200091,109140000,1.52,1.33,-2.6,1.33
admiral schofield,2020,22,0.013909,0.25,FALSE,0.010812679,-0.014688173,0.010812679,109140000,1.52,1.18,-1.6,1.18
eric paschall,2020,23,0.013909,0.25,FALSE,0.059440415,0.083212682,0.059440415,109140000,1.52,6.49,9.08,6.49
jalen lecque,2020,19,0.013909,0.25,FALSE,0.008290678,-0.006472647,0.008290678,109140000,1.52,0.9,-0.71,0.9
jalen mcdaniels,2020,22,0.013909,0.25,FALSE,0.01237241,0.007531683,0.01237241,109140000,1.52,1.35,0.82,1.35
justin james,2020,23,0.013909,0.25,FALSE,0.010288484,0.008569266,0.010288484,109140000,1.52,1.12,0.94,1.12
juwan morgan,2020,22,0.013909,0.25,FALSE,0.009927497,-0.025491171,0.009927497,109140000,1.52,1.08,-2.78,1.08
kz okpala,2020,20,0.013909,0.25,FALSE,0.013729129,-0.010494382,0.013729129,109140000,1.52,1.5,-1.15,1.5
matt thomas,2020,25,0.013909,0.25,FALSE,0.014540916,0.00656521,0.014540916,109140000,1.52,1.59,0.72,1.59
miye oni,2020,22,0.013909,0.25,FALSE,0.014474712,0.023315272,0.014474712,109140000,1.52,1.58,2.54,1.58
mychal mulder,2020,25,0.013909,0.25,FALSE,0.041973542,0.045125749,0.041973542,109140000,1.52,4.58,4.93,4.58
talen horton-tucker,2020,19,0.013909,0.25,FALSE,0.011579451,0.02609824,0.011579451,109140000,1.52,1.26,2.85,1.26
terence davis,2020,22,0.013909,0.25,FALSE,0.038699728,0.06215526,0.038699728,109140000,1.52,4.22,6.78,4.22
terance mann,2020,23,0.013908594,0.25,FALSE,0.011873511,-0.007532175,0.011873511,109140000,1.52,1.3,-0.82,1.3
caleb martin,2020,24,0.013908567,0.25,FALSE,0.014199588,0.023804524,0.014199588,109140000,1.52,1.55,2.6,1.55
daniel gafford,2020,21,0.013908567,0.25,FALSE,0.013666936,0.034693179,0.013666936,109140000,1.52,1.49,3.79,1.49
dean wade,2020,23,0.013908567,0.25,FALSE,0.009085942,-0.042889957,0.009085942,109140000,1.52,0.99,-4.68,0.99
javonte green,2020,26,0.013908567,0.25,FALSE,0.019540843,-0.000481904,0.019540843,109140000,1.52,2.13,-0.05,2.13
luguentz dort,2020,20,0.013908567,0.25,FALSE,0.021020202,0.026454978,0.021020202,109140000,1.52,2.29,2.89,2.29
naz reid,2020,20,0.013908567,0.25,FALSE,0.012219871,0.054633634,0.012219871,109140000,1.52,1.33,5.96,1.33
nic claxton,2020,20,0.013908567,0.25,FALSE,0.01647363,0.037978972,0.01647363,109140000,1.52,1.8,4.15,1.8
adem bona,2025,21,0.013847494,0.25,FALSE,0.016143575,0.042180824,0.016143575,141208000,1.96,2.28,5.96,2.28
ariel hukporti,2025,22,0.013847494,0.25,FALSE,0.009668509,-0.025052851,0.009668509,141208000,1.96,1.37,-3.54,1.37
bobi klintman,2025,23,0.013847494,0.25,FALSE,0.047139671,0.071568222,0.047139671,141208000,1.96,6.66,10.11,6.66
bronny james,2025,20,0.013847494,0.25,FALSE,0.007023837,0.004511889,0.007023837,141208000,1.96,0.99,0.64,0.99
cam christie,2025,19,0.013847494,0.25,FALSE,0.010275007,0.01470088,0.010275007,141208000,1.96,1.45,2.08,1.45
drew timme,2025,24,0.013847494,0.25,FALSE,0.031568367,0.04185315,0.031568367,141208000,1.96,4.46,5.91,4.46
isaac jones,2025,24,0.013847494,0.25,FALSE,0.009212102,-0.013105241,0.009212102,141208000,1.96,1.3,-1.85,1.3
jamison battle,2025,23,0.013847494,0.25,FALSE,0.017895743,-0.002335122,0.017895743,141208000,1.96,2.53,-0.33,2.53
jaylen wells,2025,21,0.013847494,0.25,FALSE,0.045306824,0.067207031,0.045306824,141208000,1.96,6.4,9.49,6.4
keshad johnson,2025,23,0.013847494,0.25,FALSE,0.007847023,-0.025494559,0.007847023,141208000,1.96,1.11,-3.6,1.11
oso ighodaro,2025,22,0.013847494,0.25,FALSE,0.023503583,0.037540782,0.023503583,141208000,1.96,3.32,5.3,3.32
pelle larsson,2025,23,0.013847494,0.25,FALSE,0.020891003,0.033649323,0.020891003,141208000,1.96,2.95,4.75,2.95
quinten post,2025,24,0.013847494,0.25,FALSE,0.015501528,0.053093119,0.015501528,141208000,1.96,2.19,7.5,2.19
tyler smith,2025,20,0.013847494,0.25,FALSE,0.015689155,0.029435042,0.015689155,141208000,1.96,2.22,4.16,2.22
reggie jackson,2024,33,0.013843,0.35,FALSE,0.060863886,0.022337218,0.060863886,140588000,1.95,8.56,3.14,8.56
chris boucher,2019,26,0.013642725,0.25,FALSE,0.020575006,0.031270423,0.020575006,109140000,1.49,2.25,3.41,2.25
antonio blakeney,2019,22,0.013636,0.25,FALSE,0.019916695,0.017776198,0.019916695,109140000,1.49,2.17,1.94,2.17
kevin knox,2023,23,0.013568,0.25,FALSE,0.012206984,0.025416797,0.012206984,136021000,1.85,1.66,3.46,1.66
bismack biyombo,2021,28,0.013505551,0.3,FALSE,0.031151395,0.024141509,0.031151395,112414000,1.52,3.5,2.71,3.5
anthony gill,2021,28,0.013503487,0.3,FALSE,0.014100022,-0.016873758,0.014100022,112414000,1.52,1.59,-1.9,1.59
isaiah joe,2021,21,0.013503487,0.25,FALSE,0.011642933,0.020032823,0.011642933,112414000,1.52,1.31,2.25,1.31
naji marshall,2021,23,0.013503487,0.25,FALSE,0.017745541,0.033045857,0.017745541,112414000,1.52,1.99,3.71,1.99
nick richards,2021,23,0.013503487,0.25,FALSE,0.010642347,-0.020155545,0.010642347,112414000,1.52,1.2,-2.27,1.2
paul reed,2021,21,0.013503487,0.25,FALSE,0.016660582,0.039044539,0.016660582,112414000,1.52,1.87,4.39,1.87
sam merrill,2021,24,0.013503487,0.25,FALSE,0.008246373,-0.023126572,0.008246373,112414000,1.52,0.93,-2.6,0.93
tre jones,2021,21,0.013503487,0.25,FALSE,0.00843317,-0.025246855,0.00843317,112414000,1.52,0.95,-2.84,0.95
daniel oturu,2021,21,0.013503,0.25,FALSE,0.012690592,-0.013145633,0.012690592,112414000,1.52,1.43,-1.48,1.43
elijah hughes,2021,22,0.013503,0.25,FALSE,0.010948001,0.015882668,0.010948001,112414000,1.52,1.23,1.79,1.23
jahmi'us ramsey,2021,19,0.013503,0.25,FALSE,0.009249977,0.008332396,0.009249977,112414000,1.52,1.04,0.94,1.04
jordan nwora,2021,22,0.013503,0.25,FALSE,0.012234342,0.0298266,0.012234342,112414000,1.52,1.38,3.35,1.38
lamar stevens,2021,23,0.013503,0.25,FALSE,0.011479791,0.023089037,0.011479791,112414000,1.52,1.29,2.6,1.29
tyrell terry,2021,,0.013503,0.25,FALSE,0.032675859,0.041360217,0.032675859,112414000,1.52,3.67,4.65,3.67
isaiah livers,2023,24,0.013499,0.25,FALSE,0.020854572,0.02291867,0.020854572,136021000,1.84,2.84,3.12,2.84
isaiah todd,2023,21,0.013499,0.25,FALSE,0.014996916,0.002217237,0.014996916,136021000,1.84,2.04,0.3,2.04
jt thor,2023,20,0.013499,0.25,FALSE,0.014809848,-0.011609531,0.014809848,136021000,1.84,2.01,-1.58,2.01
aaron wiggins,2023,,0.013498622,0.25,FALSE,0.031365804,0.040431127,0.031365804,136021000,1.84,4.27,5.5,4.27
jose alvarado,2023,,0.013498622,0.25,FALSE,0.037542842,0.051043487,0.037542842,136021000,1.84,5.11,6.94,5.11
miles mcbride,2023,22,0.013498622,0.25,FALSE,0.014705296,0.025616245,0.014705296,136021000,1.84,2,3.48,2
maxwell lewis,2024,21,0.013457,0.25,FALSE,0.010568492,-0.017672973,0.010568492,140588000,1.89,1.49,-2.48,1.49
andre jackson jr.,2024,22,0.013456746,0.25,FALSE,0.012332306,-0.01545434,0.012332306,140588000,1.89,1.73,-2.17,1.73
craig porter jr.,2024,23,0.013456746,0.25,FALSE,0.012484877,0.039263714,0.012484877,140588000,1.89,1.76,5.52,1.76
gui santos,2024,21,0.013456746,0.25,FALSE,0.011511198,0.006034251,0.011511198,140588000,1.89,1.62,0.85,1.62
hunter tyson,2024,23,0.013456746,0.25,FALSE,0.012719767,-0.010299257,0.012719767,140588000,1.89,1.79,-1.45,1.79
jalen wilson,2024,23,0.013456746,0.25,FALSE,0.012399474,0.010825011,0.012399474,140588000,1.89,1.74,1.52,1.74
jordan walsh,2024,19,0.013456746,0.25,FALSE,0.013894999,-0.012764097,0.013894999,140588000,1.89,1.95,-1.79,1.95
julian phillips,2024,20,0.013456746,0.25,FALSE,0.01053747,-0.014135212,0.01053747,140588000,1.89,1.48,-1.99,1.48
mouhamed gueye,2024,,0.013456746,0.25,FALSE,0.031356044,0.029076519,0.031356044,140588000,1.89,4.41,4.09,4.41
rayan rupert,2024,19,0.013456746,0.25,FALSE,0.011342871,0.005848652,0.011342871,140588000,1.89,1.59,0.82,1.59
sidy cissoko,2024,19,0.013456746,0.25,FALSE,0.010502238,0.005032324,0.010502238,140588000,1.89,1.48,0.71,1.48
toumani camara,2024,23,0.013456746,0.25,FALSE,0.054570891,0.069870487,0.054570891,140588000,1.89,7.67,9.82,7.67
trayce jackson-davis,2024,23,0.013456746,0.25,FALSE,0.042344954,0.06672152,0.042344954,140588000,1.89,5.95,9.38,5.95
jericho sims,2022,23,0.013261429,0.25,FALSE,0.011108356,-0.006644995,0.011108356,123655000,1.64,1.37,-0.82,1.37
sam hauser,2022,24,0.013246258,0.25,FALSE,0.012159437,-0.011486344,0.012159437,123655000,1.64,1.5,-1.42,1.5
dru smith,2023,25,0.013246256,0.25,FALSE,0.004504402,-0.009813101,0.004504402,136021000,1.8,0.61,-1.33,0.61
e.j. liddell,2023,,0.013246256,0.25,FALSE,0.031883828,0.039268793,0.031883828,136021000,1.8,4.34,5.34,4.34
armoni brooks,2021,22,0.013246,0.25,FALSE,0.023710385,0.038214621,0.023710385,112414000,1.49,2.67,4.3,2.67
kessler edwards,2022,21,0.013246,0.25,FALSE,0.018572045,0.015816072,0.018572045,123655000,1.64,2.3,1.96,2.3
omer yurtseven,2021,,0.013246,0.25,FALSE,0.024664592,0.012526641,0.024664592,112414000,1.49,2.77,1.41,2.77
orlando robinson,2023,22,0.013246,0.25,FALSE,0.010908506,0.025481528,0.010908506,136021000,1.8,1.48,3.47,1.48
paul watson,2020,25,0.013246,0.25,FALSE,0.010875151,-0.011209205,0.010875151,109140000,1.45,1.19,-1.22,1.19
saben lee,2021,21,0.013246,0.25,FALSE,0.00976038,0.044434351,0.00976038,112414000,1.49,1.1,5,1.1
shake milton,2019,22,0.013246,0.25,FALSE,0.010263123,-0.003327057,0.010263123,109140000,1.45,1.12,-0.36,1.12
theo pinson,2019,23,0.013246,0.25,FALSE,0.008937393,0.015291129,0.008937393,109140000,1.45,0.98,1.67,0.98
wenyen gabriel,2019,,0.013246,0.25,FALSE,0.034685258,0.041156986,0.034685258,109140000,1.45,3.79,4.49,3.79
zylan cheatham,2020,24,0.013246,0.25,FALSE,0.008371673,-0.017148015,0.008371673,109140000,1.45,0.91,-1.87,0.91
skylar mays,2023,25,0.013227,0.25,FALSE,0.059796058,0.091550314,0.059796058,136021000,1.8,8.13,12.45,8.13
alize johnson,2019,22,0.012982,0.25,FALSE,0.010220411,-0.030928157,0.010220411,109140000,1.42,1.12,-3.38,1.12
deonte burton,2019,25,0.012982,0.25,FALSE,0.00974445,-0.019293896,0.00974445,109140000,1.42,1.06,-2.11,1.06
devonte' graham,2019,23,0.012982,0.25,FALSE,0.010506203,0.021863617,0.010506203,109140000,1.42,1.15,2.39,1.15
elie okobo,2019,21,0.012982,0.25,FALSE,0.016608983,0.027982883,0.016608983,109140000,1.42,1.81,3.05,1.81
hamidou diallo,2019,20,0.012982,0.25,FALSE,0.012730009,-0.006740688,0.012730009,109140000,1.42,1.39,-0.74,1.39
isaac bonga,2019,19,0.012982,0.25,FALSE,0.014721883,0.031314006,0.014721883,109140000,1.42,1.61,3.42,1.61
keita bates-diop,2019,23,0.012982,0.25,FALSE,0.011597941,0.016570346,0.011597941,109140000,1.42,1.27,1.81,1.27
khyri thomas,2019,22,0.012982,0.25,FALSE,0.009753736,-0.001723162,0.009753736,109140000,1.42,1.06,-0.19,1.06
ryan broekhoff,2019,28,0.012982,0.3,FALSE,0.018286556,0.002184875,0.018286556,109140000,1.42,2,0.24,2
bruce brown,2019,22,0.012981968,0.25,FALSE,0.036574833,0.036862609,0.036574833,109140000,1.42,3.99,4.02,3.99
de'anthony melton,2019,20,0.012981968,0.25,FALSE,0.020465763,0.044197206,0.020465763,109140000,1.42,2.23,4.82,2.23
duncan robinson,2019,24,0.012981968,0.25,FALSE,0.009622651,-0.012910617,0.009622651,109140000,1.42,1.05,-1.41,1.05
gary trent jr.,2019,,0.012981968,0.25,FALSE,0.02557946,0.014949008,0.02557946,109140000,1.42,2.79,1.63,2.79
isaiah hartenstein,2019,20,0.012981968,0.25,FALSE,0.012698546,0.005623622,0.012698546,109140000,1.42,1.39,0.61,1.39
jalen brunson,2019,22,0.012981968,0.25,FALSE,0.042138282,0.075363369,0.042138282,109140000,1.42,4.6,8.23,4.6
jarred vanderbilt,2019,19,0.012981968,0.25,FALSE,0.011927287,0.004687031,0.011927287,109140000,1.42,1.3,0.51,1.3
jevon carter,2019,23,0.012981968,0.25,FALSE,0.01189555,0.023645168,0.01189555,109140000,1.42,1.3,2.58,1.3
kenrich williams,2019,24,0.012981968,0.25,FALSE,0.030411866,0.049998007,0.030411866,109140000,1.42,3.32,5.46,3.32
svi mykhailiuk,2019,21,0.012981968,0.25,FALSE,0.010718012,-0.000624742,0.010718012,109140000,1.42,1.17,-0.07,1.17
justin champagnie,2024,22,0.012803369,0.25,FALSE,0.008309153,0.02404818,0.008309153,140588000,1.8,1.17,3.38,1.17
aaron wiggins,2022,23,0.012644196,0.25,FALSE,0.028755173,0.03530101,0.028755173,123655000,1.56,3.56,4.37,3.56
austin reaves,2022,23,0.012644196,0.25,FALSE,0.043902602,0.052552284,0.043902602,123655000,1.56,5.43,6.5,5.43
ayo dosunmu,2022,22,0.012644196,0.25,FALSE,0.044308625,0.053131303,0.044308625,123655000,1.56,5.48,6.57,5.48
dalano banton,2022,22,0.012644196,0.25,FALSE,0.015696242,0.026145445,0.015696242,123655000,1.56,1.94,3.23,1.94
jock landale,2022,26,0.012644196,0.25,FALSE,0.018585684,0.025731311,0.018585684,123655000,1.56,2.3,3.18,2.3
miles mcbride,2022,21,0.012644196,0.25,FALSE,0.008927024,-0.010185563,0.008927024,123655000,1.56,1.1,-1.26,1.1
trendon watford,2022,21,0.012644196,0.25,FALSE,0.017066972,0.040794912,0.017066972,123655000,1.56,2.11,5.04,2.11
jabari walker,2023,20,0.012644106,0.25,FALSE,0.01460929,-0.009206413,0.01460929,136021000,1.72,1.99,-1.25,1.99
jaden hardy,2023,,0.012644106,0.25,FALSE,0.045800176,0.061814423,0.045800176,136021000,1.72,6.23,8.41,6.23
josh minott,2023,20,0.012644106,0.25,FALSE,0.014459756,0.019188363,0.014459756,136021000,1.72,1.97,2.61,1.97
max christie,2023,19,0.012644106,0.25,FALSE,0.012352724,-0.000827073,0.012352724,136021000,1.72,1.68,-0.11,1.68
ryan rollins,2023,20,0.012644106,0.25,FALSE,0.013134426,0.028779787,0.013134426,136021000,1.72,1.79,3.91,1.79
bryce mcgowens,2023,20,0.012644,0.25,FALSE,0.014762359,-0.000959203,0.014762359,136021000,1.72,2.01,-0.13,2.01
isaiah livers,2022,23,0.012644,0.25,FALSE,0.018993201,0.0180859,0.018993201,123655000,1.56,2.35,2.24,2.35
jared butler,2022,21,0.012644,0.25,FALSE,0.011612562,0.026139706,0.011612562,123655000,1.56,1.44,3.23,1.44
jason preston,2022,,0.012644,0.25,FALSE,0.030804554,0.034446659,0.030804554,123655000,1.56,3.81,4.26,3.81
jt thor,2022,19,0.012644,0.25,FALSE,0.012800437,-0.003104273,0.012800437,123655000,1.56,1.58,-0.38,1.58
kennedy chandler,2023,20,0.012644,0.25,FALSE,0.007096427,0.007344171,0.007096427,136021000,1.72,0.97,1,0.97
marko simonovic,2022,,0.012644,0.25,FALSE,0.023608735,0.043526981,0.023608735,123655000,1.56,2.92,5.38,2.92
terry taylor,2022,22,0.012644,0.25,FALSE,0.024482179,0.036716971,0.024482179,123655000,1.56,3.03,4.54,3.03
xavier cooks,2023,27,0.012644,0.3,FALSE,0.013853539,-0.011792559,0.013853539,136021000,1.72,1.88,-1.6,1.88
seth curry,2025,34,0.012429876,0.35,FALSE,0.013330339,-0.019009312,0.013330339,141208000,1.76,1.88,-2.68,1.88
brad wanamaker,2019,29,0.012418,0.3,FALSE,0.010756177,-0.002168013,0.010756177,109140000,1.36,1.17,-0.24,1.17
javonte green,2024,30,0.012294705,0.35,FALSE,0.076950237,0.078577014,0.076950237,140588000,1.73,10.82,11.05,10.82
jae crowder,2024,33,0.011776,0.35,FALSE,0.029464854,0.014611844,0.029464854,140588000,1.66,4.14,2.05,4.14
alfonzo mckinnie,2021,28,0.01151,0.3,FALSE,0.015376846,-0.017888951,0.015376846,112414000,1.29,1.73,-2.01,1.73
marquese chriss,2021,23,0.011501,0.25,FALSE,0.022692177,0.076883799,0.022692177,112414000,1.29,2.55,8.64,2.55
moses brown,2020,20,0.011453,0.25,FALSE,0.010046558,0.010866143,0.010046558,109140000,1.25,1.1,1.19,1.1
spencer dinwiddie,2023,29,0.01143,0.3,FALSE,0.149103507,0.159598802,0.149103507,136021000,1.55,20.28,21.71,20.28
matt ryan,2023,25,0.011028,0.25,FALSE,0.009443107,-0.025875412,0.009443107,136021000,1.5,1.28,-3.52,1.28
micah potter,2025,26,0.010819536,0.25,FALSE,0.015484761,-0.009421301,0.015484761,141208000,1.53,2.19,-1.33,2.19
eric bledsoe,2022,32,0.010513,0.35,FALSE,0.075381503,0.110367436,0.075381503,123655000,1.3,9.32,13.65,9.32
jabari parker,2021,25,0.010393,0.25,FALSE,0.021133592,0.054376242,0.021133592,112414000,1.17,2.38,6.11,2.38
demarcus cousins,2021,30,0.010129,0.35,FALSE,0.051381879,0.082879721,0.051381879,112414000,1.14,5.78,9.32,5.78
stanley johnson,2022,25,0.01007,0.25,FALSE,0.035506263,0.042913361,0.035506263,123655000,1.25,4.39,5.31,4.39
gary payton ii,2019,26,0.009994328,0.25,FALSE,0.009826673,0.004125115,0.009826673,109140000,1.09,1.07,0.45,1.07
landry shamet,2024,26,0.009557644,0.25,FALSE,0.028175274,0.03036725,0.028175274,140588000,1.34,3.96,4.27,3.96
mamadi diakite,2021,24,0.009253598,0.25,FALSE,0.011445393,-0.031474013,0.011445393,112414000,1.04,1.29,-3.54,1.29
jared butler,2023,,0.00919,0.25,FALSE,0.023482068,0.02700513,0.023482068,136021000,1.25,3.19,3.67,3.19
jonathon simmons,2019,29,0.009163,0.3,FALSE,0.02953054,0.016195181,0.02953054,109140000,1,3.22,1.77,3.22
tristan thompson,2021,29,0.008896,0.3,FALSE,0.057390947,0.082228157,0.057390947,112414000,1,6.45,9.24,6.45
oshae brissett,2020,21,0.008755,0.25,FALSE,0.009797321,-0.009394404,0.009797321,109140000,0.96,1.07,-1.03,1.07
sindarius thornwell,2020,25,0.008645,0.25,FALSE,0.011128284,0.0341553,0.011128284,109140000,0.94,1.21,3.73,1.21
shaquille harrison,2019,25,0.008231,0.25,FALSE,0.048118982,0.045343769,0.048118982,109140000,0.9,5.25,4.95,5.25
kendall brown,2023,19,0.008087,0.25,FALSE,0.011271682,-0.018982993,0.011271682,136021000,1.1,1.53,-2.58,1.53
denzel valentine,2021,27,0.008031,0.3,FALSE,0.030692376,0.039411112,0.030692376,112414000,0.9,3.45,4.43,3.45
james wiseman,2025,23,0.008016331,0.25,FALSE,0.024469819,0.065514905,0.024469819,141208000,1.13,3.46,9.25,3.46
jordan miller,2024,24,0.007468632,0.25,FALSE,0.009026877,-0.027045695,0.009026877,140588000,1.05,1.27,-3.8,1.27
demarre carroll,2019,32,0.007435,0.35,FALSE,0.072792545,0.078211859,0.072792545,109140000,0.81,7.94,8.54,7.94
a.j. lawson,2023,22,0.007352,0.25,FALSE,0.013581601,0.022010205,0.013581601,136021000,1,1.85,2.99,1.85
kelan martin,2020,24,0.007347,0.25,FALSE,0.012070373,0.018186063,0.012070373,109140000,0.8,1.32,1.98,1.32
jordan goodwin,2022,23,0.007278315,0.25,FALSE,0.008956339,-0.010032966,0.008956339,123655000,0.9,1.11,-1.24,1.11
blake griffin,2020,30,0.007119,0.35,FALSE,0.146664158,0.196654943,0.146664158,109140000,0.78,16.01,21.46,16.01
shaquille harrison,2020,26,0.007059,0.25,FALSE,0.03070472,0.040163754,0.03070472,109140000,0.77,3.35,4.38,3.35
ryan arcidiacono,2021,26,0.007044,0.25,FALSE,0.017727993,-0.002228047,0.017727993,112414000,0.79,1.99,-0.25,1.99
sam merrill,2022,25,0.006873964,0.25,FALSE,0.008707182,0.00122303,0.008707182,123655000,0.85,1.08,0.15,1.08
orlando robinson,2024,23,0.006827,0.25,FALSE,0.009435875,0.009058325,0.009435875,140588000,0.96,1.33,1.27,1.33
khyri thomas,2020,23,0.006823,0.25,FALSE,0.00780084,-0.0206867,0.00780084,109140000,0.74,0.85,-2.26,0.85
justin champagnie,2022,20,0.006671788,0.25,FALSE,0.011118932,-0.006091562,0.011118932,123655000,0.82,1.37,-0.75,1.37
eugene omoruyi,2023,25,0.006617,0.25,FALSE,0.007468498,0.008502479,0.007468498,136021000,0.9,1.02,1.16,1.02
patrick patterson,2021,31,0.006557,0.35,FALSE,0.028470628,0.015963227,0.028470628,112414000,0.74,3.2,1.79,3.2
gary clark,2019,24,0.006491,0.25,FALSE,0.013991947,0.003894545,0.013991947,109140000,0.71,1.53,0.43,1.53
brad wanamaker,2021,31,0.006365,0.35,FALSE,0.015712876,-0.004073993,0.015712876,112414000,0.72,1.77,-0.46,1.77
alize johnson,2021,24,0.006277,0.25,FALSE,0.008110389,0.022240211,0.008110389,112414000,0.71,0.91,2.5,0.91
jevon carter,2025,29,0.006168206,0.3,FALSE,0.024867479,0.039975685,0.024867479,141208000,0.87,3.51,5.64,3.51
shaun livingston,2019,33,0.006108,0.35,FALSE,0.022530712,-0.005554092,0.022530712,109140000,0.67,2.46,-0.61,2.46
pat spencer,2025,28,0.006074755,0.3,FALSE,0.007177401,-0.007572699,0.007177401,141208000,0.86,1.01,-1.07,1.01
kris dunn,2022,27,0.00595058,0.3,FALSE,0.034087762,0.059731464,0.034087762,123655000,0.74,4.22,7.39,4.22
alize johnson,2020,23,0.005695,0.25,FALSE,0.00852449,-0.018329621,0.00852449,109140000,0.62,0.93,-2,0.93
nik stauskas,2022,28,0.00568,0.3,FALSE,0.019815832,0.016855342,0.019815832,123655000,0.7,2.45,2.08,2.45
lindy waters iii,2023,25,0.005632182,0.25,FALSE,0.018662738,0.029522603,0.018662738,136021000,0.77,2.54,4.02,2.54
torrey craig,2024,33,0.005547,0.35,FALSE,0.022627901,-0.011358104,0.022627901,140588000,0.78,3.18,-1.6,3.18
kemba walker,2022,31,0.005537,0.35,FALSE,0.040672809,0.054708524,0.040672809,123655000,0.68,5.03,6.76,5.03
luke kornet,2021,25,0.005397032,0.25,FALSE,0.028258195,0.046854657,0.028258195,112414000,0.61,3.18,5.27,3.18
jordan bell,2020,25,0.005315,0.25,FALSE,0.012638107,0.011626414,0.012638107,109140000,0.58,1.38,1.27,1.38
jared butler,2024,23,0.005304,0.25,FALSE,0.018339386,0.045758737,0.018339386,140588000,0.75,2.58,6.43,2.58
alex len,2024,30,0.005291,0.35,FALSE,0.024594773,0.040321436,0.024594773,140588000,0.74,3.46,5.67,3.46
michael carter-williams,2022,,0.005279,0.25,FALSE,0.066472702,0.07324369,0.066472702,123655000,0.65,8.22,9.06,8.22
markelle fultz,2024,25,0.005206,0.25,FALSE,0.062033895,0.072712471,0.062033895,140588000,0.73,8.72,10.22,8.72
mike conley,2025,37,0.005140176,0.35,FALSE,0.05344215,0.070970704,0.05344215,141208000,0.73,7.55,10.02,7.55
bryce mcgowens,2025,22,0.005131423,0.25,FALSE,0.010336932,0.018113613,0.010336932,141208000,0.72,1.46,2.56,1.46
jabari walker,2025,22,0.005131423,0.25,FALSE,0.01755118,0.011842041,0.01755118,141208000,0.72,2.48,1.67,2.48
iman shumpert,2020,29,0.005114,0.3,FALSE,0.018101586,-0.001418153,0.018101586,109140000,0.56,1.98,-0.15,1.98
nae'qwan tomlin,2025,24,0.00508576,0.25,FALSE,0.009949531,0.003150722,0.009949531,141208000,0.72,1.4,0.44,1.4
lamarcus aldridge,2020,34,0.005085,0.35,FALSE,0.19357121,0.177622891,0.19357121,109140000,0.55,21.13,19.39,21.13
cameron payne,2025,30,0.005046718,0.35,FALSE,0.027943533,0.05283964,0.027943533,141208000,0.71,3.95,7.46,3.95
jordan miller,2025,25,0.005046718,0.25,FALSE,0.008843593,-0.005175081,0.008843593,141208000,0.71,1.25,-0.73,1.25
e.j. liddell,2024,23,0.005028153,0.25,FALSE,0.012537797,-0.005577525,0.012537797,140588000,0.71,1.76,-0.78,1.76
keon ellis,2023,23,0.005024445,0.25,FALSE,0.009416948,-0.028372863,0.009416948,136021000,0.68,1.28,-3.86,1.28
caleb houstan,2025,22,0.00495326,0.25,FALSE,0.018152744,0.009361252,0.018152744,141208000,0.7,2.56,1.32,2.56
isaiah thomas,2021,31,0.004911,0.35,FALSE,0.011654086,0.023492126,0.011654086,112414000,0.55,1.31,2.64,1.31
delon wright,2023,30,0.004864,0.35,FALSE,0.08774703,0.083157432,0.08774703,136021000,0.66,11.94,11.31,11.94
sidy cissoko,2025,20,0.004859803,0.25,FALSE,0.009783986,0.003893799,0.009783986,141208000,0.69,1.38,0.55,1.38
brandon goodwin,2019,23,0.00479,0.25,FALSE,0.00615457,-0.011731138,0.00615457,109140000,0.52,0.67,-1.28,0.67
tim frazier,2020,29,0.004752,0.3,FALSE,0.009153698,-0.01444961,0.009153698,109140000,0.52,1,-1.58,1
caleb martin,2021,25,0.004693,0.25,FALSE,0.01090976,0.020317087,0.01090976,112414000,0.53,1.23,2.28,1.23
jeff teague,2020,31,0.004678,0.35,FALSE,0.060159203,0.084836956,0.060159203,109140000,0.51,6.57,9.26,6.57
juwan morgan,2022,24,0.00466,0.25,FALSE,0.019355994,-0.014425985,0.019355994,123655000,0.58,2.39,-1.78,2.39
dion waiters,2019,27,0.004615,0.3,FALSE,0.039279208,0.065249742,0.039279208,109140000,0.5,4.29,7.12,4.29
justin holiday,2022,32,0.004608,0.35,FALSE,0.06650693,0.059375755,0.06650693,123655000,0.57,8.22,7.34,8.22
tyrone wallace,2019,24,0.004604,0.25,FALSE,0.015330892,0.003754819,0.015330892,109140000,0.5,1.67,0.41,1.67
ryan anderson,2019,30,0.004581,0.35,FALSE,0.018695857,0.010871446,0.018695857,109140000,0.5,2.04,1.19,2.04
malik fitts,2022,,0.00449,0.25,FALSE,0.025102179,0.016498118,0.025102179,123655000,0.56,3.1,2.04,3.1
anthony tolliver,2020,34,0.004448,0.35,FALSE,0.016754329,-0.005882314,0.016754329,109140000,0.49,1.83,-0.64,1.83
matt ryan,2024,26,0.00442,0.25,FALSE,0.011189263,-0.029348653,0.011189263,140588000,0.62,1.57,-4.13,1.57
spencer jones,2025,23,0.004418779,0.25,FALSE,0.009768438,-0.048587019,0.009768438,141208000,0.62,1.38,-6.86,1.38
troy daniels,2019,27,0.004407,0.3,FALSE,0.017093651,0.010724139,0.017093651,109140000,0.48,1.87,1.17,1.87
pj dozier,2022,25,0.004363,0.25,FALSE,0.013601933,0.00652075,0.013601933,123655000,0.54,1.68,0.81,1.68
ryan rollins,2024,21,0.00426779,0.25,FALSE,0.018071286,0.049846497,0.018071286,140588000,0.6,2.54,7.01,2.54
pau gasol,2019,38,0.004249,0.35,FALSE,0.015796589,-0.000769227,0.015796589,109140000,0.46,1.72,-0.08,1.72
admiral schofield,2022,24,0.004096,0.25,FALSE,0.010105541,-0.031123696,0.010105541,123655000,0.51,1.25,-3.85,1.25
patrick beverley,2022,33,0.004096,0.35,FALSE,0.103976063,0.128838018,0.103976063,123655000,0.51,12.86,15.93,12.86
lester quinones,2023,22,0.004035,0.25,FALSE,0.008639928,0.025889963,0.008639928,136021000,0.55,1.18,3.52,1.18
anthony tolliver,2019,33,0.003983,0.35,FALSE,0.020590208,0.01692926,0.020590208,109140000,0.43,2.25,1.85,2.25
joakim noah,2019,33,0.003983,0.35,FALSE,0.026812142,0.072709129,0.026812142,109140000,0.43,2.93,7.94,2.93
rondae hollis-jefferson,2020,25,0.003966,0.25,FALSE,0.050580915,0.080927099,0.050580915,109140000,0.43,5.52,8.83,5.52
stanley umude,2023,23,0.003959,0.25,FALSE,0.006864035,0.001132514,0.006864035,136021000,0.54,0.93,0.15,0.93
jabari parker,2020,24,0.003947,0.25,FALSE,0.074282221,0.119700577,0.074282221,109140000,0.43,8.11,13.06,8.11
trent forrest,2023,24,0.003925,0.25,FALSE,0.00845939,-0.046594263,0.00845939,136021000,0.53,1.15,-6.34,1.15
iman shumpert,2019,28,0.003843,0.3,FALSE,0.043948449,0.047451631,0.043948449,109140000,0.42,4.8,5.18,4.8
ish wainright,2022,27,0.00384,0.3,FALSE,0.01383091,-0.01398845,0.01383091,123655000,0.47,1.71,-1.73,1.71
facundo campazzo,2022,30,0.003755,0.35,FALSE,0.023803119,0.019144254,0.023803119,123655000,0.46,2.94,2.37,2.94
jeenathan williams,2024,,0.003669,0.25,FALSE,0.023779759,0.019380002,0.023779759,140588000,0.52,3.34,2.72,3.34
bismack biyombo,2024,31,0.003584118,0.35,FALSE,0.028353311,0.020191922,0.028353311,140588000,0.5,3.99,2.84,3.99
malik fitts,2021,,0.003578,0.25,FALSE,0.028219603,0.019484445,0.028219603,112414000,0.4,3.17,2.19,3.17
matt ryan,2022,24,0.003578,0.25,FALSE,0.012438441,0.057021662,0.012438441,123655000,0.44,1.54,7.05,1.54
jaylen clark,2024,,0.003501885,0.25,FALSE,0.02285257,0.031352381,0.02285257,140588000,0.49,3.21,4.41,3.21
will barton,2022,31,0.003499,0.35,FALSE,0.115978457,0.119388341,0.115978457,123655000,0.43,14.34,14.76,14.34
ivan rabb,2019,21,0.003406,0.25,FALSE,0.024842922,0.050861027,0.024842922,109140000,0.37,2.71,5.55,2.71
gary clark,2021,26,0.003359,0.25,FALSE,0.013902355,-0.005466226,0.013902355,112414000,0.38,1.56,-0.61,1.56
dominick barlow,2023,19,0.00334963,0.25,FALSE,0.012177478,-0.00043795,0.012177478,136021000,0.46,1.66,-0.06,1.66
bruno caboclo,2020,,0.00331,0.25,FALSE,0.050405145,0.061505419,0.050405145,109140000,0.36,5.5,6.71,5.5
mamadi diakite,2024,27,0.00330078,0.3,FALSE,0.008190506,-0.038650752,0.008190506,140588000,0.46,1.15,-5.43,1.15
devontae cacok,2021,24,0.003243,0.25,FALSE,0.009900672,-0.011721339,0.009900672,112414000,0.36,1.11,-1.32,1.11
isaiah roby,2022,23,0.003235,0.25,FALSE,0.024937866,0.051689376,0.024937866,123655000,0.4,3.08,6.39,3.08
pat spencer,2024,27,0.003121248,0.3,FALSE,0.009006878,-0.071452408,0.009006878,140588000,0.44,1.27,-10.05,1.27
rayjon tucker,2020,22,0.003115,0.25,FALSE,0.008358877,-0.012563503,0.008358877,109140000,0.34,0.91,-1.37,0.91
garrison mathews,2025,28,0.003040373,0.3,FALSE,0.021302953,0.024419075,0.021302953,141208000,0.43,3.01,3.45,3.01
ricky rubio,2024,,0.003020685,0.25,FALSE,0.031332605,0.018303792,0.031332605,140588000,0.42,4.4,2.57,4.4
yuta watanabe,2020,25,0.002949,0.25,FALSE,0.010094415,-0.0203463,0.010094415,109140000,0.32,1.1,-2.22,1.1
sandro mamukelashvili,2022,22,0.002892863,0.25,FALSE,0.011595981,0.015759048,0.011595981,123655000,0.36,1.43,1.95,1.43
thon maker,2020,22,0.002834,0.25,FALSE,0.02695002,0.020576645,0.02695002,109140000,0.31,2.94,2.25,2.94
austin rivers,2020,27,0.002746,0.3,FALSE,0.05632266,0.057949545,0.05632266,109140000,0.3,6.15,6.32,6.15
lamar stevens,2024,26,0.002731,0.25,FALSE,0.011420834,-0.000360384,0.011420834,140588000,0.38,1.61,-0.05,1.61
justin anderson,2019,25,0.002698,0.25,FALSE,0.0295265,0.025720277,0.0295265,109140000,0.29,3.22,2.81,3.22
jontay porter,2021,21,0.002669,0.25,FALSE,0.014326322,-0.000711313,0.014326322,112414000,0.3,1.61,-0.08,1.61
trevelin queen,2022,24,0.002669,0.25,FALSE,0.012407757,0.021744933,0.012407757,123655000,0.33,1.53,2.69,1.53
jamal crawford,2019,38,0.002655,0.35,FALSE,0.024412705,-0.031067212,0.024412705,109140000,0.29,2.66,-3.39,2.66
luc mbah a moute,2019,32,0.002655,0.35,FALSE,0.028390888,0.031349837,0.028390888,109140000,0.29,3.1,3.42,3.1
taj gibson,2023,37,0.00256,0.35,FALSE,0.019835424,-0.011938968,0.019835424,136021000,0.35,2.7,-1.62,2.7
donta hall,2020,22,0.00254,0.25,FALSE,0.010761532,-0.012577596,0.010761532,109140000,0.28,1.17,-1.37,1.17
andre roberson,2020,28,0.002518,0.3,FALSE,0.08668723,0.086643295,0.08668723,109140000,0.27,9.46,9.46,9.46
noah vonleh,2020,24,0.002419,0.25,FALSE,0.017466754,0.018785408,0.017466754,109140000,0.26,1.91,2.05,1.91
lance thomas,2019,30,0.002402,0.35,FALSE,0.018768858,-0.018361934,0.018768858,109140000,0.26,2.05,-2,2.05
juan toscano-anderson,2023,29,0.002378,0.3,FALSE,0.015048479,-0.043491869,0.015048479,136021000,0.32,2.05,-5.92,2.05
frank jackson,2020,21,0.002291,0.25,FALSE,0.027305972,0.019286866,0.027305972,109140000,0.25,2.98,2.1,2.98
jordan bell,2019,24,0.002291,0.25,FALSE,0.023050008,0.026618023,0.023050008,109140000,0.25,2.52,2.91,2.52
langston galloway,2021,29,0.00229,0.3,FALSE,0.016043385,-0.0112208,0.016043385,112414000,0.26,1.8,-1.26,1.8
monte morris,2025,29,0.002274545,0.3,FALSE,0.021833403,0.03557232,0.021833403,141208000,0.32,3.08,5.02,3.08
tyler zeller,2019,29,0.002251,0.3,FALSE,0.035775334,0.059290304,0.035775334,109140000,0.25,3.9,6.47,3.9
nerlens noel,2023,28,0.002206,0.3,FALSE,0.007425768,-0.001462695,0.007425768,136021000,0.3,1.01,-0.2,1.01
eugene omoruyi,2022,24,0.002179,0.25,FALSE,0.010326931,-0.029470183,0.010326931,123655000,0.27,1.28,-3.64,1.28
didi louzada,2022,22,0.002167579,0.25,FALSE,0.016126374,0.020924636,0.016126374,123655000,0.27,1.99,2.59,1.99
gary payton ii,2020,27,0.002143064,0.3,FALSE,0.010619632,-0.000603134,0.010619632,109140000,0.23,1.16,-0.07,1.16
trey burke,2019,26,0.0021,0.25,FALSE,0.044374697,0.093248616,0.044374697,109140000,0.23,4.84,10.18,4.84
anthony lamb,2022,24,0.002048,0.25,FALSE,0.008198248,-0.044194406,0.008198248,123655000,0.25,1.01,-5.46,1.01
quinn cook,2020,26,0.002034,0.25,FALSE,0.018380413,-0.008535748,0.018380413,109140000,0.22,2.01,-0.93,2.01
norvel pelle,2020,26,0.001996,0.25,FALSE,0.013868595,-0.022413647,0.013868595,109140000,0.22,1.51,-2.45,1.51
jaylen nowell,2024,24,0.001983,0.25,FALSE,0.013209378,0.020725174,0.013209378,140588000,0.28,1.86,2.91,1.86
tyler johnson,2019,26,0.001949,0.25,FALSE,0.042825982,0.063862187,0.042825982,109140000,0.21,4.67,6.97,4.67
kevin knox,2024,24,0.001877,0.25,FALSE,0.012045218,0.033456263,0.012045218,140588000,0.26,1.69,4.7,1.69
moses brown,2021,21,0.001877,0.25,FALSE,0.028104873,0.067699967,0.028104873,112414000,0.21,3.16,7.61,3.16
charles bassey,2025,24,0.001869158,0.25,FALSE,0.018751143,0.03203909,0.018751143,141208000,0.26,2.65,4.52,2.65
christian koloko,2025,24,0.001869158,0.25,FALSE,0.013270516,0.001625454,0.013270516,141208000,0.26,1.87,0.23,1.87
killian hayes,2025,23,0.001869158,0.25,FALSE,0.02006416,0.061398854,0.02006416,141208000,0.26,2.83,8.67,2.83
mamadi diakite,2023,26,0.001856515,0.25,FALSE,0.010082237,-0.054133237,0.010082237,136021000,0.25,1.37,-7.36,1.37
neemias queta,2023,23,0.001837951,0.25,FALSE,0.010512125,-0.009234581,0.010512125,136021000,0.25,1.43,-1.26,1.43
damyean dotson,2021,26,0.00183,0.25,FALSE,0.021797908,0.008645121,0.021797908,112414000,0.21,2.45,0.97,2.45
shaquille harrison,2021,27,0.00183,0.3,FALSE,0.017013473,0.006467112,0.017013473,112414000,0.21,1.91,0.73,1.91
jemerrio jones,2019,23,0.001823,0.25,FALSE,0.026498845,0.026204419,0.026498845,109140000,0.2,2.89,2.86,2.89
justin robinson,2020,22,0.001815,0.25,FALSE,0.006519638,-0.03577985,0.006519638,109140000,0.2,0.71,-3.91,0.71
robert franks,2020,,0.001815,0.25,FALSE,0.024049342,0.031050827,0.024049342,109140000,0.2,2.62,3.39,2.62
cameron payne,2019,24,0.001798497,0.25,FALSE,0.01888987,0.032302998,0.01888987,109140000,0.2,2.06,3.53,2.06
jerian grant,2019,26,0.001798,0.25,FALSE,0.016689714,0.01154573,0.016689714,109140000,0.2,1.82,1.26,1.82
p.j. tucker,2024,38,0.001756,0.35,FALSE,0.022982119,-0.039277315,0.022982119,140588000,0.25,3.23,-5.52,3.23
theo pinson,2021,25,0.001753,0.25,FALSE,0.008268676,-0.049138382,0.008268676,112414000,0.2,0.93,-5.52,0.93
jaylen hoard,2021,21,0.001707,0.25,FALSE,0.013213951,0.031415832,0.013213951,112414000,0.19,1.49,3.53,1.49
kelan martin,2021,25,0.001707,0.25,FALSE,0.009827813,0.001355575,0.009827813,112414000,0.19,1.1,0.15,1.1
kyle guy,2021,23,0.001707,0.25,FALSE,0.008101415,-0.000649504,0.008101415,112414000,0.19,0.91,-0.07,0.91
pj dozier,2019,22,0.001678,0.25,FALSE,0.009541174,0.000131889,0.009541174,109140000,0.18,1.04,0.01,1.04
sindarius thornwell,2019,24,0.001678,0.25,FALSE,0.018397298,-0.006522809,0.018397298,109140000,0.18,2.01,-0.71,2.01
devin cannady,2021,24,0.001651,0.25,FALSE,0.009221933,0.000323293,0.009221933,112414000,0.19,1.04,0.04,1.04
t.j. warren,2023,29,0.001621,0.3,FALSE,0.027690489,0.018139381,0.027690489,136021000,0.22,3.77,2.47,3.77
jordan goodwin,2024,25,0.001591302,0.25,FALSE,0.013831444,0.023617235,0.013831444,140588000,0.22,1.94,3.32,1.94
alize johnson,2022,25,0.001555,0.25,FALSE,0.009193967,-0.035857546,0.009193967,123655000,0.19,1.14,-4.43,1.14
freddie gillespie,2021,23,0.001523,0.25,FALSE,0.019700475,-0.009099229,0.019700475,112414000,0.17,2.21,-1.02,2.21
joe chealey,2019,23,0.001497,0.25,FALSE,0.010355751,-0.008869921,0.010355751,109140000,0.16,1.13,-0.97,1.13
henry ellenson,2020,23,0.001475,0.25,FALSE,0.021511486,-0.000697167,0.021511486,109140000,0.16,2.35,-0.08,2.35
danny green,2023,35,0.00147,0.35,FALSE,0.017386964,0.01564846,0.017386964,136021000,0.2,2.36,2.13,2.36
mo bamba,2025,26,0.00137932,0.25,FALSE,0.011319548,0.019635003,0.011319548,141208000,0.19,1.6,2.77,1.6
amir coffey,2021,23,0.001365,0.25,FALSE,0.011763738,-0.003443347,0.011763738,112414000,0.15,1.32,-0.39,1.32
ignas brazdeikis,2020,21,0.001361,0.25,FALSE,0.010721708,0.026150293,0.010721708,109140000,0.15,1.17,2.85,1.17
al-farouq aminu,2021,30,0.001351,0.35,FALSE,0.062526278,0.072000306,0.062526278,112414000,0.15,7.03,8.09,7.03
mac mcclung,2025,26,0.001161832,0.25,FALSE,0.005841413,-0.039916402,0.005841413,141208000,0.16,0.82,-5.64,0.82
justin anderson,2020,26,0.001145,0.25,FALSE,0.014680715,0.006105121,0.014680715,109140000,0.12,1.6,0.67,1.6
tim frazier,2021,30,0.001145,0.35,FALSE,0.009578126,-0.008288237,0.009578126,112414000,0.13,1.08,-0.93,1.08
tyler johnson,2021,28,0.001145,0.3,FALSE,0.014573865,-0.010354794,0.014573865,112414000,0.13,1.64,-1.16,1.64
troy williams,2019,24,0.001125,0.25,FALSE,0.015436965,0.026089459,0.015436965,109140000,0.12,1.68,2.85,1.68
stanley johnson,2021,24,0.001068,0.25,FALSE,0.027884852,0.018446346,0.027884852,112414000,0.12,3.13,2.07,3.13
juwan morgan,2021,23,0.001024,0.25,FALSE,0.009822571,-0.048300547,0.009822571,112414000,0.12,1.1,-5.43,1.1
isaiah thomas,2020,30,0.001017,0.35,FALSE,0.034296244,0.015866777,0.034296244,109140000,0.11,3.74,1.73,3.74
john henson,2020,29,0.001017,0.3,FALSE,0.031080004,0.062876055,0.031080004,109140000,0.11,3.39,6.86,3.39
yogi ferrell,2020,26,0.001017,0.25,FALSE,0.017579451,0.016160784,0.017579451,109140000,0.11,1.92,1.76,1.92
j.p. macura,2019,,0.000973,0.25,FALSE,0.023864921,0.031073977,0.023864921,109140000,0.11,2.6,3.39,2.6
johnathan williams,2019,23,0.000973,0.25,FALSE,0.013382922,0.028382571,0.013382922,109140000,0.11,1.46,3.1,1.46
javonte green,2023,29,0.000938701,0.3,FALSE,0.027021326,0.039595757,0.027021326,136021000,0.13,3.68,5.39,3.68
luka garza,2023,24,0.000938701,0.25,FALSE,0.01246071,0.047366935,0.01246071,136021000,0.13,1.69,6.44,1.69
alondes williams,2025,25,0.000934579,0.25,FALSE,0.014200014,-0.014222873,0.014200014,141208000,0.13,2.01,-2.01,2.01
dalano banton,2025,25,0.000934579,0.25,FALSE,0.018430686,0.051802259,0.018430686,141208000,0.13,2.6,7.31,2.6
jeremiah robinson-earl,2025,24,0.000934579,0.25,FALSE,0.023623923,0.036871625,0.023623923,141208000,0.13,3.34,5.21,3.34
jaylen adams,2019,22,0.000916,0.25,FALSE,0.006461954,-0.005348782,0.006461954,109140000,0.1,0.71,-0.58,0.71
yante maten,2019,,0.000916,0.25,FALSE,0.025454324,0.022035695,0.025454324,109140000,0.1,2.78,2.4,2.78
jordan bell,2021,26,0.000915,0.25,FALSE,0.012645003,0.008087459,0.012645003,112414000,0.1,1.42,0.91,1.42
justin jackson,2021,25,0.000915,0.25,FALSE,0.017693758,0.042289712,0.017693758,112414000,0.1,1.99,4.75,1.99
wes iwundu,2021,26,0.000915,0.25,FALSE,0.015794605,-0.030820676,0.015794605,112414000,0.1,1.78,-3.46,1.78
jared harper,2020,,0.000907,0.25,FALSE,0.020138964,0.02199304,0.020138964,109140000,0.1,2.2,2.4,2.2
tyler cook,2020,22,0.000907,0.25,FALSE,0.009196908,-0.026700058,0.009196908,109140000,0.1,1,-2.91,1
brandon goodwin,2021,25,0.000884,0.25,FALSE,0.008220332,-0.002326004,0.008220332,112414000,0.1,0.92,-0.26,0.92
wenyen gabriel,2021,23,0.000884,0.25,FALSE,0.013022778,-0.004508827,0.013022778,112414000,0.1,1.46,-0.51,1.46
justin champagnie,2023,21,0.000853361,0.25,FALSE,0.011243049,0.029369505,0.011243049,136021000,0.12,1.53,3.99,1.53
killian hayes,2024,22,0.000853359,0.25,FALSE,0.038802043,0.049856953,0.038802043,140588000,0.12,5.46,7.01,5.46
darius bazley,2023,22,0.000853,0.25,FALSE,0.029375555,0.019882592,0.029375555,136021000,0.12,4,2.7,4
derrick favors,2022,30,0.000853,0.35,FALSE,0.026009502,0.039800325,0.026009502,123655000,0.11,3.22,4.92,3.22
frank jackson,2022,23,0.000853,0.25,FALSE,0.034078196,0.057851468,0.034078196,123655000,0.11,4.21,7.15,4.21
hamidou diallo,2023,24,0.000853,0.25,FALSE,0.032860059,0.068010777,0.032860059,136021000,0.12,4.47,9.25,4.47
jared harper,2021,,0.000853,0.25,FALSE,0.01681621,0.011189623,0.01681621,112414000,0.1,1.89,1.26,1.89
jaylen nowell,2023,,0.000853,0.25,FALSE,0.027384007,0.016986873,0.027384007,136021000,0.12,3.72,2.31,3.72
justin jackson,2023,27,0.000853,0.3,FALSE,0.011156157,-0.049341714,0.011156157,136021000,0.12,1.52,-6.71,1.52
justin james,2021,24,0.000853,0.25,FALSE,0.010173691,-0.00070601,0.010173691,112414000,0.1,1.14,-0.08,1.14
justin robinson,2021,23,0.000853,0.25,FALSE,0.005233088,-0.044693873,0.005233088,112414000,0.1,0.59,-5.02,0.59
justise winslow,2023,26,0.000853,0.25,FALSE,0.053922806,0.069616925,0.053922806,136021000,0.12,7.33,9.47,7.33
kevon harris,2024,26,0.000853,0.25,FALSE,0.00770329,0.020927277,0.00770329,140588000,0.12,1.08,2.94,1.08
kobi simmons,2023,25,0.000853,0.25,FALSE,0.00809755,-0.031856599,0.00809755,136021000,0.12,1.1,-4.33,1.1
malachi flynn,2024,25,0.000853,0.25,FALSE,0.01720137,0.018013143,0.01720137,140588000,0.12,2.42,2.53,2.42
malcolm hill,2023,,0.000853,0.25,FALSE,0.036549885,0.042165051,0.036549885,136021000,0.12,4.97,5.74,4.97
miye oni,2021,23,0.000853,0.25,FALSE,0.010992709,-0.01848461,0.010992709,112414000,0.1,1.24,-2.08,1.24
moses brown,2022,22,0.000853,0.25,FALSE,0.014298524,0.041540348,0.014298524,123655000,0.11,1.77,5.14,1.77
moses brown,2024,24,0.000853,0.25,FALSE,0.008946874,0.017106857,0.008946874,140588000,0.12,1.26,2.41,1.26
nerlens noel,2022,27,0.000853,0.3,FALSE,0.056091383,0.049201473,0.056091383,123655000,0.11,6.94,6.08,6.94
norvel pelle,2021,27,0.000853,0.3,FALSE,0.010383323,-0.07041265,0.010383323,112414000,0.1,1.17,-7.92,1.17
oshae brissett,2024,25,0.000853,0.25,FALSE,0.018191867,0.00662038,0.018191867,140588000,0.12,2.56,0.93,2.56
quinndary weatherspoon,2021,24,0.000853,0.25,FALSE,0.009485947,-0.012884682,0.009485947,112414000,0.1,1.07,-1.45,1.07
rayjon tucker,2021,23,0.000853,0.25,FALSE,0.007016918,-0.024348824,0.007016918,112414000,0.1,0.79,-2.74,0.79
saben lee,2022,22,0.000853,0.25,FALSE,0.019012611,0.065117647,0.019012611,123655000,0.11,2.35,8.05,2.35
shaquille harrison,2023,29,0.000853,0.3,FALSE,0.041745275,0.047997917,0.041745275,136021000,0.12,5.68,6.53,5.68
skylar mays,2022,24,0.000853,0.25,FALSE,0.008741458,-0.016539906,0.008741458,123655000,0.11,1.08,-2.05,1.08
sterling brown,2022,26,0.000853,0.25,FALSE,0.017864631,0.00697137,0.017864631,123655000,0.11,2.21,0.86,2.21
terry taylor,2024,24,0.000853,0.25,FALSE,0.00716151,-0.042441224,0.00716151,140588000,0.12,1.01,-5.97,1.01
tremont waters,2021,23,0.000853,0.25,FALSE,0.019795809,0.043376675,0.019795809,112414000,0.1,2.23,4.88,2.23
wenyen gabriel,2023,25,0.000853,0.25,FALSE,0.011487331,0.012842596,0.011487331,136021000,0.12,1.56,1.75,1.56
willie cauley-stein,2022,28,0.000853,0.3,FALSE,0.070649937,0.041879738,0.070649937,123655000,0.11,8.74,5.18,8.74
demetrius jackson,2019,24,0.000851,0.25,FALSE,0.012442117,0.000422876,0.012442117,109140000,0.09,1.36,0.05,1.36
anthony lamb,2021,23,0.000761,0.25,FALSE,0.011727833,0.014138571,0.011727833,112414000,0.09,1.32,1.59,1.32
nate hinton,2021,21,0.000761,0.25,FALSE,0.011692351,0.017534462,0.011692351,112414000,0.09,1.31,1.97,1.31
reggie perry,2021,20,0.000761,0.25,FALSE,0.011071783,0.011648124,0.011071783,112414000,0.09,1.24,1.31,1.24
xavier sneed,2022,24,0.000761,0.25,FALSE,0.007831005,-0.046256982,0.007831005,123655000,0.09,0.97,-5.72,0.97
jarrell brantley,2021,24,0.000751,0.25,FALSE,0.013230625,0.006903884,0.013230625,112414000,0.08,1.49,0.78,1.49
dusty hannahs,2019,25,0.000748,0.25,FALSE,0.0095104,0.022301847,0.0095104,109140000,0.08,1.04,2.43,1.04
jaden springer,2025,22,0.000500906,0.25,FALSE,0.018561047,0.024313448,0.018561047,141208000,0.07,2.62,3.43,2.62
jerian grant,2020,27,0.000458,0.3,FALSE,0.012270917,0.009906179,0.012270917,109140000,0.05,1.34,1.08,1.34
tyler ulis,2019,23,0.000458,0.25,FALSE,0.006863427,-0.07984617,0.006863427,109140000,0.05,0.75,-8.71,0.75
jack white,2023,,0.000457,0.25,FALSE,0.036960024,0.043050772,0.036960024,136021000,0.06,5.03,5.86,5.03
armoni brooks,2022,23,0.000404,0.25,FALSE,0.009033068,0.011664668,0.009033068,123655000,0.05,1.12,1.44,1.12
luca vildoza,2021,,0.000381,0.25,FALSE,0.030124089,0.02520086,0.030124089,112414000,0.04,3.39,2.83,3.39
brandon williams,2024,24,0.000341345,0.25,FALSE,0.00719791,0.008329121,0.00719791,140588000,0.05,1.01,1.17,1.01
skylar mays,2021,23,0.000305,0.25,FALSE,0.015379645,0.032884019,0.015379645,112414000,0.03,1.73,3.7,1.73
shaquille harrison,2022,28,9.90E-05,0.3,FALSE,0.015292212,0.003483807,0.015292212,123655000,0.01,1.89,0.43,1.89
jd davison,2024,21,8.53E-05,0.25,FALSE,0.01976517,0.016795683,0.01976517,140588000,0.01,2.78,2.36,2.78
braxton key,2024,26,8.50E-05,0.25,FALSE,0.013360963,-0.0288401,0.013360963,140588000,0.01,1.88,-4.05,1.88
isaiah mobley,2024,24,8.50E-05,0.25,FALSE,0.00991305,-0.002764768,0.00991305,140588000,0.01,1.39,-0.39,1.39
tristan thompson,2022,30,8.50E-05,0.35,FALSE,0.016448913,0.063645487,0.016448913,123655000,0.01,2.03,7.87,2.03
trent forrest,2021,22,7.60E-05,0.25,FALSE,0.009592918,-0.009376524,0.009592918,112414000,0.01,1.08,-1.05,1.08
