player_name,team,season,salary,cap_pct,predicted_cap_pct,residual,predicted_salary,actual_salary,darko_dpm_z,lebron_z,rapm_z,age,age_squared,minutes,availability_3yr,usage_pct,height_inches,experience_years,cba_era,max_eligible_pct,contrib_darko_dpm_z,contrib_lebron_z,contrib_rapm_z,contrib_age,contrib_age_squared,contrib_minutes,contrib_availability_3yr,contrib_usage_pct,contrib_height_inches,contrib_experience_years,contrib_cba_era,contrib_max_eligible_pct,contrib_intercept
Victor Wembanyama,SAS,2026,16868246,0.110249974,0.3254,0.2152,49786200,16868246,3.9609,4.4371,2.9449,22,484,1866,0.7317,32.4,88,2,1,0.25,0.1644,0.0021,-0.0218,0.0513,-0.0456,0.0254,-0.0049,0.0702,0.0075,-0.0019,-0.0054,-0.0008,0.0848
De'Anthony Melton,GSW,2026,3451779,0.022560647,0.1969,0.1743,30125700,3451779,0.4057,0.3783,-0.0856,28,784,1125,0.4134,25.4,74,7,1,0.3,0.0158,0.0002,0.0009,-0.0075,0.0069,-0.0049,0.0146,0.0337,-0.0034,0.0361,-0.0054,0.0253,0.0848
Ryan Rollins,MIL,2026,4000000,0.026143791,0.1851,0.1589,28320299,4000000,0.7458,-0.6364,0.3079,23,529,2376,0.6805,24.2,75,3,1,0.25,0.03,-0.0003,-0.0021,0.0415,-0.0377,0.0463,-0.0017,0.0274,-0.0027,0.0057,-0.0054,-0.0008,0.0848
Ty Jerome,MEM,2026,9220050,0.060261765,0.2036,0.1433,31150800,9220050,1.4506,1.5516,2.0365,28,784,339,0.3524,32.7,77,6,1,0.25,0.0594,0.0007,-0.015,-0.0075,0.0069,-0.0372,0.0184,0.0718,-0.0011,0.0285,-0.0054,-0.0008,0.0848
Marcus Smart,LAL,2026,5390700,0.035233333,0.1767,0.1414,27035100,5390700,0.6345,0.1402,0.2384,32,1024,1769,0.4963,15.4,75,7,1,0.3,0.0253,0.0001,-0.0016,-0.0467,0.0489,0.0215,0.0095,-0.0185,-0.0027,0.0361,-0.0054,0.0253,0.0848
Deni Avdija,POR,2026,13125000,0.085784314,0.2035,0.1177,31135499,13125000,0.6345,1.2186,0.7321,25,625,2199,0.8488,29.3,80,5,1,0.25,0.0253,0.0006,-0.0052,0.0219,-0.0209,0.0391,-0.012,0.054,0.0013,0.0209,-0.0054,-0.0008,0.0848
Sandro Mamukelashvili,TOR,2026,2801346,0.018309451,0.136,0.1177,20808000,2801346,0.9251,1.0687,0.7033,27,729,1751,0.8232,18.8,81,4,1,0.25,0.0375,0.0005,-0.005,0.0023,-0.0027,0.0207,-0.0105,-0.0007,0.002,0.0133,-0.0054,-0.0008,0.0848
Donte DiVincenzo,MIN,2026,12535000,0.081928105,0.1947,0.1128,29789100,12535000,0.9189,0.1233,0.6815,29,841,2494,0.9244,16.9,76,7,1,0.3,0.0372,0,-0.0049,-0.0173,0.0169,0.0512,-0.0167,-0.0106,-0.0019,0.0361,-0.0054,0.0253,0.0848
Julian Champagnie,SAS,2026,3000000,0.019607843,0.1321,0.1125,20211300,3000000,1.1662,0.8521,0.7117,24,576,2266,0.9805,15.2,79,3,1,0.25,0.0476,0.0004,-0.0051,0.0317,-0.0295,0.0418,-0.0201,-0.0195,0.0005,0.0057,-0.0054,-0.0008,0.0848
Deandre Ayton,LAL,2026,8104000,0.05296732,0.1639,0.111,25076700,8104000,0.1337,-0.3183,-0.183,27,729,1958,0.7195,16.7,84,7,1,0.3,0.0044,-0.0002,0.0016,0.0023,-0.0027,0.0292,-0.0041,-0.0117,0.0044,0.0361,-0.0054,0.0253,0.0848
Stephon Castle,SAS,2026,10015920,0.065463529,0.1731,0.1077,26484300,10015920,1.2713,0.7988,0.7071,21,441,2038,0.8887,24.9,78,1,1,0.25,0.052,0.0004,-0.0051,0.0611,-0.0531,0.0325,-0.0145,0.0311,-0.0003,-0.0095,-0.0054,-0.0008,0.0848
Kevin Porter Jr.,MIL,2026,5390700,0.035233333,0.138,0.1028,21114000,5390700,0.3068,0.5314,0.8881,26,676,1261,,24.3,77,6,1,0.25,0.0116,0.0002,-0.0064,0.0121,-0.012,0.0006,-0.0022,0.028,-0.0011,0.0285,-0.0054,-0.0008,0.0848
Kris Dunn,LAC,2026,5684800,0.037155556,0.1376,0.1004,21052800,5684800,0.2202,0.3892,0.0345,32,1024,2230,0.9317,12.4,75,7,1,0.3,0.008,0.0002,0,-0.0467,0.0489,0.0404,-0.0171,-0.0341,-0.0027,0.0361,-0.0054,0.0253,0.0848
Payton Pritchard,BOS,2026,7767857,0.050770307,0.1492,0.0985,22827600,7767857,0.3192,1.4255,0.7106,28,784,2556,0.9744,21.4,73,5,1,0.25,0.0121,0.0007,-0.0051,-0.0075,0.0069,0.0537,-0.0197,0.0128,-0.0042,0.0209,-0.0054,-0.0008,0.0848
Shai Gilgeous-Alexander,OKC,2026,40806150,0.266706863,0.3646,0.0979,55783800,40806150,3.5034,3.4755,3.4695,27,729,2259,0.8756,33.4,78,7,1,0.3,0.1453,0.0016,-0.0257,0.0023,-0.0027,0.0415,-0.0137,0.0754,-0.0003,0.0361,-0.0054,0.0253,0.0848
Saddiq Bey,NOP,2026,6440678,0.042095935,0.1396,0.0975,21358800,6440678,-0.2435,0.0314,0.3016,27,729,2246,,21.6,80,5,1,0.25,-0.0114,0,-0.002,0.0023,-0.0027,0.041,-0.0022,0.0139,0.0013,0.0209,-0.0054,-0.0008,0.0848
D'Angelo Russell,WAS,2026,5969250,0.039014706,0.1356,0.0966,20746800,5969250,-0.7134,-0.3071,-1.3261,30,900,495,0.45,26,75,7,1,0.3,-0.031,-0.0002,0.0101,-0.0271,0.0272,-0.0308,0.0124,0.0368,-0.0027,0.0361,-0.0054,0.0253,0.0848
Ajay Mitchell,OKC,2026,2850000,0.018627451,0.1111,0.0925,16998300,2850000,0.6159,1.1931,1.4904,24,576,1473,0.5991,21.8,76,1,1,0.25,0.0245,0.0005,-0.0109,0.0317,-0.0295,0.0093,0.0033,0.0149,-0.0019,-0.0095,-0.0054,-0.0008,0.0848
Nickeil Alexander-Walker,ATL,2026,14403710,0.094141895,0.1827,0.0885,27953100,14403710,0.5541,0.4054,0.9436,27,729,2603,0.9756,23.9,77,6,1,0.25,0.022,0.0002,-0.0068,0.0023,-0.0027,0.0556,-0.0198,0.0259,-0.0011,0.0285,-0.0054,-0.0008,0.0848
Brandin Podziemski,GSW,2026,5679459,0.037120647,0.1256,0.0885,19216800,5679459,0.3748,0.2645,0.316,23,529,2333,0.9146,20.1,76,2,1,0.25,0.0145,0.0001,-0.0021,0.0415,-0.0377,0.0446,-0.0161,0.006,-0.0019,-0.0019,-0.0054,-0.0008,0.0848
Neemias Queta,BOS,2026,2667944,0.017437542,0.1047,0.0873,16019100,2667944,0.6592,2.0315,1.4553,26,676,1926,0.7585,14.7,84,3,1,0.25,0.0264,0.0009,-0.0106,0.0121,-0.012,0.0279,-0.0065,-0.0221,0.0044,0.0057,-0.0054,-0.0008,0.0848
Brice Sensabaugh,UTA,2026,4862237,0.031779327,0.119,0.0872,18207000,4862237,-0.2868,-1.1783,-0.9199,22,484,1762,0.7951,24.9,78,2,1,0.25,-0.0132,-0.0006,0.0071,0.0513,-0.0456,0.0212,-0.0087,0.0311,-0.0003,-0.0019,-0.0054,-0.0008,0.0848
Kyle Filipowski,UTA,2026,3000000,0.019607843,0.1065,0.0869,16294500,3000000,0.313,-0.3227,-0.5368,22,484,1801,0.9162,20,83,1,1,0.25,0.0119,-0.0002,0.0042,0.0513,-0.0456,0.0228,-0.0162,0.0055,0.0036,-0.0095,-0.0054,-0.0008,0.0848
Amen Thompson,HOU,2026,12258609,0.080121627,0.1663,0.0862,25443900,12258609,0.7891,0.8326,1.1123,23,529,2953,0.8854,20,79,2,1,0.25,0.0318,0.0004,-0.0081,0.0415,-0.0377,0.07,-0.0143,0.0055,0.0005,-0.0019,-0.0054,-0.0008,0.0848
Svi Mykhailiuk,UTA,2026,3850000,0.025163399,0.1113,0.0861,17028900,3850000,-0.3424,-1.3234,-0.6725,29,841,1156,0.5439,14.8,79,7,1,0.3,-0.0155,-0.0006,0.0052,-0.0173,0.0169,-0.0037,0.0066,-0.0216,0.0005,0.0361,-0.0054,0.0253,0.0848
Justin Champagnie,WAS,2026,2667944,0.017437542,0.1033,0.0859,15804900,2667944,0.4676,-0.3971,0.0813,24,576,1377,0.6841,16.7,78,4,1,0.25,0.0183,-0.0002,-0.0004,0.0317,-0.0295,0.0054,-0.002,-0.0117,-0.0003,0.0133,-0.0054,-0.0008,0.0848
Day'Ron Sharpe,BRK,2026,6250000,0.040849673,0.1247,0.0839,19079100,6250000,0.8076,0.2965,0.5975,24,576,1160,,19.9,82,4,1,0.25,0.0326,0.0001,-0.0042,0.0317,-0.0295,-0.0035,-0.0022,0.005,0.0028,0.0133,-0.0054,-0.0008,0.0848
Derrick Jones Jr.,LAC,2026,10476190,0.06847183,0.1488,0.0803,22766400,10476190,0.82,-0.0965,0.1927,29,841,1350,0.772,15.1,78,7,1,0.3,0.0331,-0.0001,-0.0012,-0.0173,0.0169,0.0043,-0.0073,-0.02,-0.0003,0.0361,-0.0054,0.0253,0.0848
Paul Reed,DET,2026,5602689,0.036618882,0.115,0.0784,17595000,5602689,0.9684,1.5221,1.8994,27,729,901,0.761,20.6,81,5,1,0.25,0.0393,0.0007,-0.014,0.0023,-0.0027,-0.0141,-0.0067,0.0087,0.002,0.0209,-0.0054,-0.0008,0.0848
Miles McBride,NYK,2026,3956523,0.025859627,0.1039,0.0781,15896700,3956523,0.7643,0.4885,0.8301,25,625,1080,0.65,18.2,74,4,1,0.25,0.0308,0.0002,-0.006,0.0219,-0.0209,-0.0068,0.0001,-0.0039,-0.0034,0.0133,-0.0054,-0.0008,0.0848
Al Horford,GSW,2026,5969250,0.039014706,0.1165,0.0775,17824500,5969250,-0.6701,0.72,-0.3594,40,1600,969,0.6524,16.5,80,7,1,0.3,-0.0292,0.0003,0.0029,-0.1252,0.1497,-0.0113,0,-0.0127,0.0013,0.0361,-0.0054,0.0253,0.0848
CJ McCollum,ATL,2026,21000000,0.137254902,0.2122,0.075,32466600,21000000,0.7396,0.1579,0.3631,34,1156,1182,0.6159,26.9,75,7,1,0.3,0.0297,0.0001,-0.0025,-0.0663,0.072,-0.0026,0.0022,0.0415,-0.0027,0.0361,-0.0054,0.0253,0.0848
Luka Garza,BOS,2026,2801346,0.018309451,0.0929,0.0746,14213700,2801346,0.5912,0.5496,0.5174,27,729,1118,,17.7,82,3,1,0.25,0.0235,0.0002,-0.0036,0.0023,-0.0027,-0.0052,-0.0022,-0.0065,0.0028,0.0057,-0.0054,-0.0008,0.0848
Keyonte George,UTA,2026,6563925,0.042901471,0.1167,0.0738,17855100,6563925,-0.633,-0.6513,-0.1991,22,484,1786,0.7573,27.9,76,2,1,0.25,-0.0277,-0.0003,0.0017,0.0513,-0.0456,0.0222,-0.0064,0.0467,-0.0019,-0.0019,-0.0054,-0.0008,0.0848
Jalen Brunson,NYK,2026,37739521,0.246663536,0.3201,0.0734,48975300,37739521,2.1246,1.1679,0.8498,29,841,2590,0.8768,30.4,74,7,1,0.3,0.0876,0.0005,-0.0061,-0.0173,0.0169,0.0551,-0.0137,0.0598,-0.0034,0.0361,-0.0054,0.0253,0.0848
Jay Huff,IND,2026,2667944,0.017437542,0.0901,0.0727,13785300,2667944,-0.0209,0.0976,-0.533,27,729,1719,0.7829,18,85,2,1,0.25,-0.0021,0,0.0042,0.0023,-0.0027,0.0194,-0.008,-0.0049,0.0052,-0.0019,-0.0054,-0.0008,0.0848
Brook Lopez,LAC,2026,9187500,0.06004902,0.1324,0.0724,20257200,9187500,-0.565,0.1498,-0.6732,38,1444,1635,0.9427,17.2,85,7,1,0.3,-0.0248,0.0001,0.0053,-0.1056,0.1224,0.016,-0.0178,-0.0091,0.0052,0.0361,-0.0054,0.0253,0.0848
Scotty Pippen Jr.,MEM,2026,2461462,0.016087987,0.0885,0.0724,13540500,2461462,0.1028,-0.385,-0.106,25,625,212,0.4012,26.1,74,2,1,0.25,0.0031,-0.0002,0.001,0.0219,-0.0209,-0.0424,0.0154,0.0374,-0.0034,-0.0019,-0.0054,-0.0008,0.0848
Brandon Miller,CHO,2026,15104626,0.098723046,0.1689,0.0701,25841700,15104626,0.4676,0.8278,0.9391,23,529,1968,0.6756,28.1,79,2,1,0.25,0.0183,0.0004,-0.0068,0.0415,-0.0377,0.0296,-0.0014,0.0478,0.0005,-0.0019,-0.0054,-0.0008,0.0848
Clint Capela,HOU,2026,7035000,0.045980392,0.1151,0.0691,17610300,7035000,0.585,0.2014,0.3413,32,1024,926,0.8366,13.7,82,7,1,0.3,0.0233,0.0001,-0.0023,-0.0467,0.0489,-0.0131,-0.0113,-0.0273,0.0028,0.0361,-0.0054,0.0253,0.0848
Bub Carrington,WAS,2026,4900560,0.032029804,0.1004,0.0684,15361200,4900560,,-2.947,-1.9941,20,400,2271,1,18,76,1,1,0.25,-0.007,-0.0014,0.0151,0.0709,-0.0603,0.042,-0.0213,-0.0049,-0.0019,-0.0095,-0.0054,-0.0008,0.0848
Dillon Brooks,PHO,2026,19992727,0.130671418,0.1986,0.0679,30385800,19992727,-0.1013,-0.537,-0.2884,30,900,1702,0.7915,28.6,79,7,1,0.3,-0.0054,-0.0003,0.0024,-0.0271,0.0272,0.0187,-0.0085,0.0504,0.0005,0.0361,-0.0054,0.0253,0.0848
Kenrich Williams,OKC,2026,7163000,0.046816993,0.1147,0.0679,17549100,7163000,-0.0209,-0.164,-0.0747,31,961,855,0.7622,18.3,79,7,1,0.3,-0.0021,-0.0001,0.0008,-0.0369,0.0379,-0.016,-0.0067,-0.0033,0.0005,0.0361,-0.0054,0.0253,0.0848
Gui Santos,GSW,2026,4629630,0.03025902,0.0977,0.0674,14948100,4629630,0.3934,0.1378,0.0869,24,576,1395,0.6756,18.7,79,2,1,0.25,0.0152,0.0001,-0.0004,0.0317,-0.0295,0.0061,-0.0014,-0.0013,0.0005,-0.0019,-0.0054,-0.0008,0.0848
Duncan Robinson,DET,2026,15992957,0.104529131,0.171,0.0665,26163000,15992957,0.381,0.6606,0.6221,32,1024,2113,,15.8,79,7,1,0.3,0.0147,0.0003,-0.0044,-0.0467,0.0489,0.0356,-0.0022,-0.0164,0.0005,0.0361,-0.0054,0.0253,0.0848
Onyeka Okongwu,ATL,2026,16120000,0.105359477,0.1714,0.066,26224200,16120000,0.8447,0.6685,0.0191,25,625,2297,0.8561,19.5,82,5,1,0.25,0.0341,0.0003,0.0001,0.0219,-0.0209,0.0431,-0.0125,0.0029,0.0028,0.0209,-0.0054,-0.0008,0.0848
Matas Buzelis,CHI,2026,5715360,0.037355294,0.1027,0.0654,15713100,5715360,-0.4784,-0.6073,-0.3805,21,441,2248,0.9527,22.8,80,1,1,0.25,-0.0212,-0.0003,0.0031,0.0611,-0.0531,0.0411,-0.0184,0.0201,0.0013,-0.0095,-0.0054,-0.0008,0.0848
Jaime Jaquez Jr.,MIA,2026,5939141,0.038817915,0.1034,0.0646,15820200,5939141,-0.2682,-0.4786,0.1224,25,625,2121,0.8817,22.3,78,2,1,0.25,-0.0124,-0.0002,-0.0007,0.0219,-0.0209,0.0359,-0.014,0.0175,-0.0003,-0.0019,-0.0054,-0.0008,0.0848
Austin Reaves,LAL,2026,14898786,0.097377686,0.1616,0.0643,24724800,14898786,0.6592,1.0165,1.2824,28,784,1762,0.778,26.7,77,4,1,0.25,0.0264,0.0005,-0.0093,-0.0075,0.0069,0.0212,-0.0077,0.0405,-0.0011,0.0133,-0.0054,-0.0008,0.0848
Olivier-Maxence Prosper,DAL,2026,1002360,0.006551373,0.0707,0.0642,10817100,1002360,-0.0147,-1.063,-0.0375,23,529,984,0.611,18.9,79,2,1,0.25,-0.0018,-0.0005,0.0005,0.0415,-0.0377,-0.0107,0.0025,-0.0002,0.0005,-0.0019,-0.0054,-0.0008,0.0848
Jordan Miller,LAC,2026,2497812,0.016325569,0.0788,0.0624,12056400,2497812,-0.0271,-0.0807,0.1579,26,676,1325,0.5207,18,77,2,1,0.25,-0.0023,0,-0.001,0.0121,-0.012,0.0033,0.0081,-0.0049,-0.0011,-0.0019,-0.0054,-0.0008,0.0848
Jalen Smith,CHI,2026,9428571,0.061624647,0.1231,0.0614,18834300,9428571,0.7582,0.6917,-0.0414,26,676,1095,0.7061,19,80,5,1,0.25,0.0305,0.0003,0.0005,0.0121,-0.012,-0.0062,-0.0033,0.0003,0.0013,0.0209,-0.0054,-0.0008,0.0848
Donovan Clingan,POR,2026,7519920,0.049149804,0.1099,0.0608,16814700,7519920,0.5974,1.9843,0.6906,22,484,2094,0.8933,16.9,86,1,1,0.25,0.0238,0.0009,-0.0049,0.0513,-0.0456,0.0348,-0.0148,-0.0106,0.006,-0.0095,-0.0054,-0.0008,0.0848
Anthony Black,ORL,2026,10106316,0.066054353,0.1241,0.0581,18987300,10106316,0.2264,0.2886,-0.0129,22,484,1910,0.8439,22.2,79,2,1,0.25,0.0083,0.0001,0.0003,0.0513,-0.0456,0.0272,-0.0117,0.017,0.0005,-0.0019,-0.0054,-0.0008,0.0848
Kyshawn George,WAS,2026,3108000,0.020313725,0.0783,0.058,11979900,3108000,-0.6392,-0.6939,-0.7677,22,484,1391,0.6768,22.8,80,1,1,0.25,-0.0279,-0.0003,0.006,0.0513,-0.0456,0.006,-0.0015,0.0201,0.0013,-0.0095,-0.0054,-0.0008,0.0848
Sidy Cissoko,POR,2026,2497812,0.016325569,0.0742,0.0579,11352600,2497812,0.0657,-0.7284,-1.0063,22,484,1435,0.5049,12.5,78,2,1,0.25,0.0015,-0.0004,0.0077,0.0513,-0.0456,0.0078,0.009,-0.0336,-0.0003,-0.0019,-0.0054,-0.0008,0.0848
Mouhamed Gueye,ATL,2026,2406205,0.01572683,0.0721,0.0563,11031300,2406205,0.6654,0.3383,-0.0023,23,529,1179,,12.4,83,2,1,0.25,0.0266,0.0001,0.0002,0.0415,-0.0377,-0.0027,-0.0022,-0.0341,0.0036,-0.0019,-0.0054,-0.0008,0.0848
Kawhi Leonard,LAC,2026,50300000,0.32875817,0.385,0.0562,58905000,50300000,3.6641,2.9921,2.9948,34,1156,2085,0.6976,33.5,78,7,1,0.3,0.152,0.0014,-0.0221,-0.0663,0.072,0.0344,-0.0028,0.076,-0.0003,0.0361,-0.0054,0.0253,0.0848
Jeremiah Fears,NOP,2026,7896240,0.051609412,0.1075,0.0559,16447500,7896240,-0.4599,-0.405,-0.9438,19,361,2112,1,25.5,75,0,1,0.25,-0.0204,-0.0002,0.0073,0.0807,-0.0671,0.0355,-0.0213,0.0342,-0.0027,-0.0171,-0.0054,-0.0008,0.0848
Wendell Carter Jr.,ORL,2026,18102000,0.118313725,0.1741,0.0558,26637300,18102000,0.4428,0.0804,-0.0941,27,729,2288,0.8585,15.6,82,7,1,0.3,0.0173,0,0.0009,0.0023,-0.0027,0.0427,-0.0126,-0.0174,0.0028,0.0361,-0.0054,0.0253,0.0848
Cason Wallace,OKC,2026,7420806,0.048502,0.1039,0.0554,15896700,7420806,0.9869,1.0329,1.3368,22,484,2046,0.9183,14.5,75,2,1,0.25,0.0401,0.0005,-0.0098,0.0513,-0.0456,0.0328,-0.0163,-0.0232,-0.0027,-0.0019,-0.0054,-0.0008,0.0848
Derik Queen,NOP,2026,5416080,0.035399216,0.0905,0.0551,13846500,5416080,-0.2868,-0.0566,-0.7719,21,441,2023,0.9878,21.8,81,0,1,0.25,-0.0132,0,0.006,0.0611,-0.0531,0.0319,-0.0205,0.0149,0.002,-0.0171,-0.0054,-0.0008,0.0848
Grayson Allen,PHO,2026,18125000,0.118464052,0.1727,0.0543,26423100,18125000,0.2759,0.6594,0.8182,30,900,1467,0.728,23.8,75,7,1,0.3,0.0103,0.0003,-0.0059,-0.0271,0.0272,0.0091,-0.0046,0.0254,-0.0027,0.0361,-0.0054,0.0253,0.0848
Bobby Portis,MIL,2026,14521414,0.094911203,0.1487,0.0538,22751100,14521414,-0.5464,-1.0346,-0.0698,31,961,1619,0.7878,23.1,81,7,1,0.3,-0.0241,-0.0005,0.0007,-0.0369,0.0379,0.0153,-0.0083,0.0217,0.002,0.0361,-0.0054,0.0253,0.0848
Tre Jones,CHI,2026,8000000,0.052287582,0.1059,0.0536,16202700,8000000,-0.126,0.3945,0.7627,26,676,1752,0.65,19.2,73,5,1,0.25,-0.0065,0.0002,-0.0055,0.0121,-0.012,0.0208,0.0001,0.0014,-0.0042,0.0209,-0.0054,-0.0008,0.0848
Josh Minott,BRK,2026,2584539,0.016892412,0.0694,0.0525,10618200,2584539,0.752,0.0326,0.8909,23,529,526,0.4476,13.8,80,3,1,0.25,0.0302,0,-0.0064,0.0415,-0.0377,-0.0295,0.0125,-0.0268,0.0013,0.0057,-0.0054,-0.0008,0.0848
T.J. McConnell,IND,2026,11000000,0.071895425,0.124,0.0521,18972000,11000000,-0.262,0.4553,1.0592,34,1156,963,0.8037,23.2,73,7,1,0.3,-0.0122,0.0002,-0.0077,-0.0663,0.072,-0.0116,-0.0093,0.0222,-0.0042,0.0361,-0.0054,0.0253,0.0848
Cole Anthony,MEM,2026,3700000,0.024183007,0.0758,0.0516,11597400,3700000,-0.936,-1.0663,-1.8957,26,676,527,0.6561,25.8,74,5,1,0.25,-0.0403,-0.0005,0.0144,0.0121,-0.012,-0.0295,-0.0002,0.0358,-0.0034,0.0209,-0.0054,-0.0008,0.0848
Jaylen Wells,MEM,2026,2296271,0.015008307,0.0663,0.0513,10143900,2296271,-0.5403,-1.1412,-0.5442,22,484,1821,0.8872,19.3,79,1,1,0.25,-0.0238,-0.0005,0.0043,0.0513,-0.0456,0.0236,-0.0144,0.0019,0.0005,-0.0095,-0.0054,-0.0008,0.0848
Taurean Prince,MIL,2026,3815861,0.024940268,0.0757,0.0507,11582100,3815861,-0.7443,-1.1804,-0.7174,32,1024,611,0.6415,16.2,78,7,1,0.3,-0.0323,-0.0006,0.0056,-0.0467,0.0489,-0.026,0.0007,-0.0143,-0.0003,0.0361,-0.0054,0.0253,0.0848
Noah Clowney,BRK,2026,5414034,0.035385843,0.0859,0.0505,13142700,5414034,-0.8803,-1.6446,-0.7863,21,441,1780,0.6268,20.4,82,2,1,0.25,-0.038,-0.0008,0.0061,0.0611,-0.0531,0.0219,0.0016,0.0076,0.0028,-0.0019,-0.0054,-0.0008,0.0848
Cooper Flagg,DAL,2026,14517480,0.09488549,0.1453,0.0504,22230900,14517480,-0.0518,-0.0116,0.3867,19,361,2344,0.8537,26.9,81,0,1,0.25,-0.0034,0,-0.0027,0.0807,-0.0671,0.045,-0.0123,0.0415,0.002,-0.0171,-0.0054,-0.0008,0.0848
Devin Carter,SAC,2026,5158080,0.033712941,0.0823,0.0486,12591900,5158080,-0.1322,0.1975,-0.9866,24,576,700,0.4543,23.5,74,1,1,0.25,-0.0067,0.0001,0.0076,0.0317,-0.0295,-0.0224,0.0121,0.0238,-0.0034,-0.0095,-0.0054,-0.0008,0.0848
Gary Trent Jr.,MIL,2026,3881960,0.025372288,0.0737,0.0483,11276100,3881960,-1.3131,-1.9997,,27,729,,,,77,7,1,0.3,-0.0561,-0.0009,0,0.0023,-0.0027,-0.0014,-0.0022,-0.0049,-0.0011,0.0361,-0.0054,0.0253,0.0848
Dominick Barlow,PHI,2026,3415000,0.022320261,0.0704,0.048,10771200,3415000,-0.126,-0.475,0.0114,23,529,1689,0.6415,12.8,81,3,1,0.25,-0.0065,-0.0002,0.0001,0.0415,-0.0377,0.0182,0.0007,-0.032,0.002,0.0057,-0.0054,-0.0008,0.0848
Kon Knueppel,CHO,2026,10516560,0.068735686,0.1166,0.0478,17839800,10516560,0.0471,0.5659,0.9341,20,400,2551,0.9878,22.3,78,0,1,0.25,0.0008,0.0003,-0.0067,0.0709,-0.0603,0.0535,-0.0205,0.0175,-0.0003,-0.0171,-0.0054,-0.0008,0.0848
Ivica Zubac,IND,2026,20342140,0.132955163,0.1807,0.0477,27647100,20342140,0.7829,0.1643,-0.3502,29,841,1328,,19,84,7,1,0.3,0.0315,0.0001,0.0028,-0.0173,0.0169,0.0034,-0.0022,0.0003,0.0044,0.0361,-0.0054,0.0253,0.0848
Jakob Poeltl,TOR,2026,19500000,0.12745098,0.1744,0.0469,26683200,19500000,1.395,-0.2468,0.3937,30,900,1149,,15.3,84,7,1,0.3,0.0571,-0.0001,-0.0027,-0.0271,0.0272,-0.004,-0.0022,-0.019,0.0044,0.0361,-0.0054,0.0253,0.0848
Oso Ighodaro,PHO,2026,2296271,0.015008307,0.0615,0.0465,9409500,2296271,0.4119,0.2511,0.5163,23,529,1808,0.904,12.2,83,1,1,0.25,0.016,0.0001,-0.0036,0.0415,-0.0377,0.0231,-0.0154,-0.0352,0.0036,-0.0095,-0.0054,-0.0008,0.0848
Brandon Clarke,MEM,2026,12500000,0.081699346,0.1281,0.0464,19599300,12500000,0.7458,-0.2862,0.2152,29,841,20,0.261,22.4,80,6,1,0.25,0.03,-0.0001,-0.0014,-0.0173,0.0169,-0.0502,0.0239,0.018,0.0013,0.0285,-0.0054,-0.0008,0.0848
Kel'el Ware,MIA,2026,4654920,0.030424314,0.0761,0.0457,11643300,4654920,-0.0023,0.7739,0.3093,22,484,1704,0.8796,18,84,1,1,0.25,-0.0013,0.0004,-0.0021,0.0513,-0.0456,0.0188,-0.0139,-0.0049,0.0044,-0.0095,-0.0054,-0.0008,0.0848
Royce O'Neale,PHO,2026,10875000,0.071078431,0.1158,0.0447,17717400,10875000,-0.7443,-0.8305,-0.2617,33,1089,2213,0.8695,14.3,78,7,1,0.3,-0.0323,-0.0004,0.0022,-0.0565,0.0603,0.0397,-0.0133,-0.0242,-0.0003,0.0361,-0.0054,0.0253,0.0848
Buddy Hield,ATL,2026,9658536,0.063127686,0.1059,0.0427,16202700,9658536,-0.4908,-0.4427,-0.4244,33,1089,768,0.6951,19.7,76,7,1,0.3,-0.0217,-0.0002,0.0034,-0.0565,0.0603,-0.0196,-0.0026,0.004,-0.0019,0.0361,-0.0054,0.0253,0.0848
Aaron Nesmith,IND,2026,11000000,0.071895425,0.114,0.0421,17442000,11000000,-0.0271,-0.7463,-1.0056,26,676,1335,0.6146,19.8,77,5,1,0.25,-0.0023,-0.0004,0.0077,0.0121,-0.012,0.0037,0.0023,0.0045,-0.0011,0.0209,-0.0054,-0.0008,0.0848
Jose Alvarado,NYK,2026,4500000,0.029411765,0.0712,0.0418,10893600,4500000,0.1955,-0.1595,-0.7108,28,784,896,0.5915,15.7,72,4,1,0.25,0.007,-0.0001,0.0055,-0.0075,0.0069,-0.0143,0.0037,-0.0169,-0.005,0.0133,-0.0054,-0.0008,0.0848
Miles Bridges,CHO,2026,22826087,0.149190111,0.1909,0.0417,29207699,22826087,0.1151,0.6453,0.6309,28,784,2387,0.872,22.3,79,7,1,0.3,0.0036,0.0003,-0.0045,-0.0075,0.0069,0.0468,-0.0135,0.0175,0.0005,0.0361,-0.0054,0.0253,0.0848
E.J. Liddell,PHO,2026,706898,0.004620248,0.0462,0.0416,7068600,706898,-0.5588,-0.6632,-0.729,25,625,349,0.222,17.2,78,3,1,0.25,-0.0246,-0.0003,0.0057,0.0219,-0.0209,-0.0368,0.0263,-0.0091,-0.0003,0.0057,-0.0054,-0.0008,0.0848
Cedric Coward,MEM,2026,6001080,0.039222745,0.0806,0.0414,12331800,6001080,-0.126,-0.9609,0.0282,22,484,1598,0.7561,21.5,77,0,1,0.25,-0.0065,-0.0005,0,0.0513,-0.0456,0.0144,-0.0064,0.0134,-0.0011,-0.0171,-0.0054,-0.0008,0.0848
Pelle Larsson,MIA,2026,2296271,0.015008307,0.0563,0.0413,8613900,2296271,-0.398,-0.0126,0.0591,25,625,1849,0.7851,16.8,77,1,1,0.25,-0.0178,0,-0.0002,0.0219,-0.0209,0.0247,-0.0081,-0.0112,-0.0011,-0.0095,-0.0054,-0.0008,0.0848
Jordan Walsh,BOS,2026,2406205,0.01572683,0.0563,0.0406,8613900,2406205,0.381,0.0742,0.425,22,484,1212,0.6268,11.7,78,2,1,0.25,0.0147,0,-0.0029,0.0513,-0.0456,-0.0014,0.0016,-0.0378,-0.0003,-0.0019,-0.0054,-0.0008,0.0848
Cam Spencer,MEM,2026,2411090,0.015758758,0.0556,0.0399,8506800,2411090,-0.33,-0.2926,0.7279,26,676,1714,0.6631,17.2,75,1,1,0.25,-0.015,-0.0001,-0.0052,0.0121,-0.012,0.0192,-0.0007,-0.0091,-0.0027,-0.0095,-0.0054,-0.0008,0.0848
Leonard Miller,CHI,2026,2406205,0.01572683,0.0553,0.0396,8460900,2406205,-0.5588,-0.3627,0.1287,22,484,624,0.2537,18.3,82,2,1,0.25,-0.0246,-0.0002,-0.0007,0.0513,-0.0456,-0.0255,0.0244,-0.0033,0.0028,-0.0019,-0.0054,-0.0008,0.0848
Steven Adams,HOU,2026,13000000,0.08496732,0.1241,0.0391,18987300,13000000,0.9251,-0.4767,0.1301,32,1024,730,,12.1,83,7,1,0.3,0.0375,-0.0002,-0.0007,-0.0467,0.0489,-0.0211,-0.0022,-0.0357,0.0036,0.0361,-0.0054,0.0253,0.0848
Kevin Durant,HOU,2026,43902439,0.286944046,0.3256,0.0386,49816800,43902439,1.9885,1.0451,1.1583,37,1369,2840,0.8854,27.1,83,7,1,0.3,0.0819,0.0005,-0.0084,-0.0957,0.1093,0.0654,-0.0143,0.0426,0.0036,0.0361,-0.0054,0.0253,0.0848
Damian Lillard,POR,2026,13398800,0.087573856,0.1261,0.0385,19293300,13398800,-0.2249,,,35,1225,,,,74,7,1,0.3,-0.0106,-0.0001,0,-0.0761,0.0841,-0.0014,-0.0022,-0.0049,-0.0034,0.0361,-0.0054,0.0253,0.0848
Jarred Vanderbilt,LAL,2026,12428571,0.08123249,0.1195,0.0382,18283500,12428571,0.4181,-0.3337,-0.3555,27,729,1128,,12.4,80,7,1,0.3,0.0163,-0.0002,0.0029,0.0023,-0.0027,-0.0048,-0.0022,-0.0341,0.0013,0.0361,-0.0054,0.0253,0.0848
Luke Kornet,SAS,2026,10450000,0.068300654,0.105,0.0367,16065000,10450000,0.2944,0.6029,0.5177,30,900,1430,0.8354,10.3,85,7,1,0.3,0.0111,0.0003,-0.0036,-0.0271,0.0272,0.0076,-0.0112,-0.0451,0.0052,0.0361,-0.0054,0.0253,0.0848
Dylan Harper,SAS,2026,12989040,0.084895686,0.1214,0.0365,18574200,12989040,1.0178,0.6259,1.023,20,400,1558,0.8415,21.8,77,0,1,0.25,0.0414,0.0003,-0.0074,0.0709,-0.0603,0.0128,-0.0116,0.0149,-0.0011,-0.0171,-0.0054,-0.0008,0.0848
Micah Potter,IND,2026,2801346,0.018309451,0.0529,0.0346,8093700,2801346,-0.1693,0.0578,-0.2434,28,784,908,0.532,18,81,1,1,0.25,-0.0083,0,0.002,-0.0075,0.0069,-0.0138,0.0074,-0.0049,0.002,-0.0095,-0.0054,-0.0008,0.0848
Ziaire Williams,BRK,2026,6250000,0.040849673,0.0752,0.0343,11505600,6250000,-0.4722,-0.5348,-0.1946,24,576,1281,0.6963,18.9,81,4,1,0.25,-0.021,-0.0003,0.0017,0.0317,-0.0295,0.0014,-0.0027,-0.0002,0.002,0.0133,-0.0054,-0.0008,0.0848
Jake LaRavia,LAL,2026,6000000,0.039215686,0.0733,0.0341,11214900,6000000,-0.3857,-0.5774,-0.0515,24,576,2061,0.7573,14.4,79,3,1,0.25,-0.0173,-0.0003,0.0006,0.0317,-0.0295,0.0334,-0.0064,-0.0237,0.0005,0.0057,-0.0054,-0.0008,0.0848
Goga Bitadze,ORL,2026,7608696,0.049730039,0.0836,0.0339,12790799,7608696,0.6592,1.3065,0.7855,26,676,972,0.7976,13.5,83,6,1,0.25,0.0264,0.0006,-0.0056,0.0121,-0.012,-0.0112,-0.0089,-0.0284,0.0036,0.0285,-0.0054,-0.0008,0.0848
Alex Sarr,WAS,2026,12370680,0.080854118,0.1146,0.0337,17533800,12370680,,-0.2079,-0.4715,21,441,1305,0.6723,25.7,84,1,1,0.25,-0.007,-0.0001,0.0037,0.0611,-0.0531,0.0024,-0.0012,0.0353,0.0044,-0.0095,-0.0054,-0.0008,0.0848
Naji Marshall,DAL,2026,9428571,0.061624647,0.0938,0.0321,14351400,9428571,-0.8432,-0.5207,0.2616,28,784,2184,0.8646,20.5,78,5,1,0.25,-0.0365,-0.0003,-0.0017,-0.0075,0.0069,0.0385,-0.013,0.0081,-0.0003,0.0209,-0.0054,-0.0008,0.0848
Maxime Raynaud,SAC,2026,2150917,0.014058281,0.0441,0.0301,6747300,2150917,-1.0287,-1.191,-1.0646,23,529,1964,0.9024,18.2,85,0,1,0.25,-0.0442,-0.0006,0.0082,0.0415,-0.0377,0.0294,-0.0153,-0.0039,0.0052,-0.0171,-0.0054,-0.0008,0.0848
Reed Sheppard,HOU,2026,11108880,0.072607059,0.1022,0.0296,15636600,11108880,0.0409,-0.3758,1.0996,22,484,2147,0.8628,21.7,74,1,1,0.25,0.0005,-0.0002,-0.008,0.0513,-0.0456,0.0369,-0.0129,0.0144,-0.0034,-0.0095,-0.0054,-0.0008,0.0848
Isaiah Collier,UTA,2026,2763960,0.018065098,0.0471,0.029,7206300,2763960,-1.0596,-0.8241,-0.8425,21,441,1517,0.7744,20.4,76,1,1,0.25,-0.0455,-0.0004,0.0065,0.0611,-0.0531,0.0111,-0.0075,0.0076,-0.0019,-0.0095,-0.0054,-0.0008,0.0848
Jamal Shead,TOR,2026,2296271,0.015008307,0.0437,0.0287,6686100,2296271,-0.2744,0.1506,-0.1928,24,576,1852,0.968,15.5,73,1,1,0.25,-0.0127,0.0001,0.0017,0.0317,-0.0295,0.0249,-0.0193,-0.018,-0.0042,-0.0095,-0.0054,-0.0008,0.0848
Daniss Jenkins,DET,2026,4000000,0.026143791,0.0545,0.0284,8338500,4000000,-0.9978,0.2164,-0.1851,24,576,1455,0.5808,21.5,76,1,1,0.25,-0.0429,0.0001,0.0016,0.0317,-0.0295,0.0086,0.0044,0.0134,-0.0019,-0.0095,-0.0054,-0.0008,0.0848
Ryan Kalkbrenner,CHO,2026,2411090,0.015758758,0.044,0.0282,6732000,2411090,0.4305,0.0766,0.2204,24,576,1479,0.8415,11.6,85,0,1,0.25,0.0168,0,-0.0014,0.0317,-0.0295,0.0096,-0.0116,-0.0383,0.0052,-0.0171,-0.0054,-0.0008,0.0848
Alex Caruso,OKC,2026,19550160,0.127778824,0.1556,0.0278,23806800,19550160,1.2899,1.219,1.3397,32,1024,1020,0.7122,15.7,77,7,1,0.3,0.0527,0.0006,-0.0098,-0.0467,0.0489,-0.0093,-0.0037,-0.0169,-0.0011,0.0361,-0.0054,0.0253,0.0848
Derrick White,BOS,2026,30348000,0.198352941,0.2259,0.0276,34562700,30348000,0.9807,2.4932,1.4609,31,961,2625,0.9256,22,76,7,1,0.3,0.0398,0.0012,-0.0107,-0.0369,0.0379,0.0565,-0.0167,0.016,-0.0019,0.0361,-0.0054,0.0253,0.0848
Danny Wolf,BRK,2026,2941440,0.019225098,0.0469,0.0276,7175700,2941440,-0.7999,-0.546,-0.9536,22,484,1187,0.6951,20.6,83,0,1,0.25,-0.0347,-0.0003,0.0073,0.0513,-0.0456,-0.0024,-0.0026,0.0087,0.0036,-0.0171,-0.0054,-0.0008,0.0848
Klay Thompson,DAL,2026,17460317,0.114119719,0.1416,0.0275,21664800,17460317,-0.7257,-0.9589,-0.8942,36,1296,1497,0.872,22.7,77,7,1,0.3,-0.0316,-0.0005,0.0069,-0.0859,0.0965,0.0103,-0.0135,0.0196,-0.0011,0.0361,-0.0054,0.0253,0.0848
Jaylon Tyson,CLE,2026,3658560,0.023912157,0.0512,0.0273,7833600,3658560,-0.9112,0.4736,0.2897,23,529,1777,0.718,19.3,78,1,1,0.25,-0.0393,0.0002,-0.0019,0.0415,-0.0377,0.0218,-0.004,0.0019,-0.0003,-0.0095,-0.0054,-0.0008,0.0848
Isaiah Jackson,LAC,2026,7000000,0.045751634,0.0725,0.0268,11092500,7000000,-0.0704,0.3367,-0.7196,24,576,638,0.3939,16,80,4,1,0.25,-0.0041,0.0001,0.0056,0.0317,-0.0295,-0.0249,0.0158,-0.0153,0.0013,0.0133,-0.0054,-0.0008,0.0848
Cam Whitmore,WAS,2026,5458310,0.035675229,0.0624,0.0268,9547200,5458310,-0.7505,-0.8225,-1.1911,21,441,354,0.4293,23.7,78,2,1,0.25,-0.0326,-0.0004,0.0091,0.0611,-0.0531,-0.0366,0.0136,0.0248,-0.0003,-0.0019,-0.0054,-0.0008,0.0848
Sam Merrill,CLE,2026,9160715,0.059873954,0.0861,0.0263,13173300,9160715,0.0657,0.7356,0.5996,30,900,1377,0.7256,17,76,5,1,0.25,0.0015,0.0003,-0.0043,-0.0271,0.0272,0.0054,-0.0045,-0.0101,-0.0019,0.0209,-0.0054,-0.0008,0.0848
Shaedon Sharpe,POR,2026,20089287,0.131302529,0.1569,0.0256,24005700,20089287,0.0471,-0.452,0.0985,23,529,1471,0.6463,30.5,77,3,1,0.25,0.0008,-0.0002,-0.0005,0.0415,-0.0377,0.0092,0.0004,0.0603,-0.0011,0.0057,-0.0054,-0.0008,0.0848
Gary Harris,MIL,2026,3815861,0.024940268,0.0506,0.0256,7741800,3815861,-0.4784,-1.4861,-1.0207,31,961,661,0.6,8.5,76,7,1,0.3,-0.0212,-0.0007,0.0078,-0.0369,0.0379,-0.024,0.0032,-0.0545,-0.0019,0.0361,-0.0054,0.0253,0.0848
Ja'Kobe Walter,TOR,2026,3811800,0.024913725,0.0502,0.0253,7680600,3811800,0.0657,-0.1335,0.2777,21,441,1474,0.7866,14,76,1,1,0.25,0.0015,-0.0001,-0.0018,0.0611,-0.0531,0.0094,-0.0082,-0.0258,-0.0019,-0.0095,-0.0054,-0.0008,0.0848
Dru Smith,MIA,2026,2584539,0.016892412,0.0422,0.0253,6456600,2584539,-0.3486,0.6174,1.0923,28,784,1141,0.5024,15.2,74,3,1,0.25,-0.0158,0.0003,-0.0079,-0.0075,0.0069,-0.0043,0.0092,-0.0195,-0.0034,0.0057,-0.0054,-0.0008,0.0848
VJ Edgecombe,PHI,2026,11663880,0.07623451,0.1013,0.0251,15498900,11663880,-0.2682,-0.1557,0.4113,20,400,2623,0.9146,20.1,76,0,1,0.25,-0.0124,-0.0001,-0.0028,0.0709,-0.0603,0.0565,-0.0161,0.006,-0.0019,-0.0171,-0.0054,-0.0008,0.0848
Jarrett Allen,CLE,2026,28000000,0.183006536,0.2077,0.0247,31778100,28000000,1.6485,1.3717,1.1365,28,784,1519,0.8293,19.9,81,7,1,0.3,0.0677,0.0006,-0.0083,-0.0075,0.0069,0.0112,-0.0108,0.005,0.002,0.0361,-0.0054,0.0253,0.0848
Ausar Thompson,DET,2026,11117925,0.072666176,0.097,0.0243,14841000,11117925,0.5479,1.6041,1.7062,23,529,1896,0.8146,16.9,79,2,1,0.25,0.0217,0.0007,-0.0125,0.0415,-0.0377,0.0267,-0.0099,-0.0106,0.0005,-0.0019,-0.0054,-0.0008,0.0848
Max Christie,DAL,2026,8285714,0.054154993,0.0777,0.0235,11888100,8285714,-0.7319,-1.2064,-0.5066,23,529,2244,0.8012,16.5,77,3,1,0.25,-0.0318,-0.0006,0.004,0.0415,-0.0377,0.0409,-0.0091,-0.0127,-0.0011,0.0057,-0.0054,-0.0008,0.0848
Moses Moody,GSW,2026,12500000,0.081699346,0.1049,0.0232,16049699,12500000,0.3748,0.0876,0.3603,24,576,1540,0.7976,18.3,77,4,1,0.25,0.0145,0,-0.0025,0.0317,-0.0295,0.0121,-0.0089,-0.0033,-0.0011,0.0133,-0.0054,-0.0008,0.0848
Trendon Watford,PHI,2026,2801346,0.018309451,0.0412,0.0229,6303600,2801346,-0.9545,-1.1319,-1.1627,25,625,864,0.6378,17.9,80,4,1,0.25,-0.0411,-0.0005,0.0089,0.0219,-0.0209,-0.0156,0.0009,-0.0054,0.0013,0.0133,-0.0054,-0.0008,0.0848
Collin Murray-Boyles,TOR,2026,6649560,0.043461176,0.0661,0.0226,10113300,6649560,0.5232,0.5558,0.601,21,441,1246,0.6951,15.5,79,0,1,0.25,0.0207,0.0002,-0.0043,0.0611,-0.0531,0,-0.0026,-0.018,0.0005,-0.0171,-0.0054,-0.0008,0.0848
Jaden Hardy,WAS,2026,6000000,0.039215686,0.0603,0.0211,9225900,6000000,-1.072,-1.1578,-1.5629,23,529,470,0.5268,25.4,75,3,1,0.25,-0.046,-0.0006,0.0119,0.0415,-0.0377,-0.0318,0.0077,0.0337,-0.0027,0.0057,-0.0054,-0.0008,0.0848
Jarace Walker,IND,2026,8478542,0.055415307,0.0756,0.0202,11566800,8478542,-0.9916,-1.1511,-1.0281,22,484,1953,0.8183,20.7,79,2,1,0.25,-0.0427,-0.0005,0.0079,0.0513,-0.0456,0.029,-0.0102,0.0092,0.0005,-0.0019,-0.0054,-0.0008,0.0848
Nicolas Batum,LAC,2026,5881680,0.038442353,0.0573,0.0189,8766900,5881680,-0.9731,-0.8467,-0.6644,37,1369,1295,0.8756,9.6,79,7,1,0.3,-0.0419,-0.0004,0.0052,-0.0957,0.1093,0.002,-0.0137,-0.0487,0.0005,0.0361,-0.0054,0.0253,0.0848
Nae'Qwan Tomlin,CLE,2026,2411090,0.015758758,0.0339,0.0181,5186700,2411090,-0.4166,-0.0343,-0.0241,25,625,1004,0.5107,15.5,80,1,1,0.25,-0.0186,0,0.0004,0.0219,-0.0209,-0.0099,0.0087,-0.018,0.0013,-0.0095,-0.0054,-0.0008,0.0848
Jaylin Williams,OKC,2026,7774648,0.050814693,0.0688,0.018,10526400,7774648,0.0842,0.8377,0.3895,23,529,1277,0.7366,15.6,81,3,1,0.25,0.0023,0.0004,-0.0027,0.0415,-0.0377,0.0013,-0.0052,-0.0174,0.002,0.0057,-0.0054,-0.0008,0.0848
Josh Hart,NYK,2026,20923760,0.136756601,0.1539,0.0172,23546700,20923760,0.3563,0.85,0.7964,31,961,1994,0.8817,16.7,77,7,1,0.3,0.0137,0.0004,-0.0057,-0.0369,0.0379,0.0307,-0.014,-0.0117,-0.0011,0.0361,-0.0054,0.0253,0.0848
Herbert Jones,NOP,2026,14898786,0.097377686,0.1141,0.0168,17457300,14898786,0.5479,-0.1989,-0.3534,27,729,1588,0.6,15.2,79,4,1,0.25,0.0217,-0.0001,0.0029,0.0023,-0.0027,0.014,0.0032,-0.0195,0.0005,0.0133,-0.0054,-0.0008,0.0848
Aaron Wiggins,OKC,2026,9224300,0.060289542,0.077,0.0167,11781000,9224300,-0.2991,-0.029,-0.158,27,729,1414,0.8646,19.9,77,4,1,0.25,-0.0137,0,0.0014,0.0023,-0.0027,0.0069,-0.013,0.005,-0.0011,0.0133,-0.0054,-0.0008,0.0848
Isaiah Joe,OKC,2026,11323006,0.074006575,0.0905,0.0165,13846500,11323006,0.1831,0.7637,0.9879,26,676,1507,0.8939,18.4,76,5,1,0.25,0.0065,0.0003,-0.0072,0.0121,-0.012,0.0107,-0.0148,-0.0028,-0.0019,0.0209,-0.0054,-0.0008,0.0848
Zach Edey,MEM,2026,6332760,0.041390588,0.0578,0.0164,8843400,6332760,0.0471,0.1237,0.6326,24,576,284,0.3857,20.2,87,1,1,0.25,0.0008,0,-0.0045,0.0317,-0.0295,-0.0394,0.0163,0.0066,0.0067,-0.0095,-0.0054,-0.0008,0.0848
Tristan Da Silva,ORL,2026,3991200,0.026086275,0.0421,0.016,6441300,3991200,-0.565,-0.2627,0.0321,25,625,1899,0.9253,16.2,80,1,1,0.25,-0.0248,-0.0001,0,0.0219,-0.0209,0.0268,-0.0167,-0.0143,0.0013,-0.0095,-0.0054,-0.0008,0.0848
Taylor Hendricks,MEM,2026,7805900,0.051018954,0.0667,0.0157,10205100,7805900,-0.2373,-1.1739,0.0788,22,484,626,0.2671,18.2,81,2,1,0.25,-0.0111,-0.0006,-0.0004,0.0513,-0.0456,-0.0254,0.0236,-0.0039,0.002,-0.0019,-0.0054,-0.0008,0.0848
Will Riley,WAS,2026,3688320,0.024106667,0.0383,0.0142,5859900,3688320,-1.208,-2.3206,-1.285,20,400,1633,0.9024,20.2,81,0,1,0.25,-0.0517,-0.0011,0.0098,0.0709,-0.0603,0.0159,-0.0153,0.0066,0.002,-0.0171,-0.0054,-0.0008,0.0848
Sam Hauser,BOS,2026,10848215,0.070903366,0.085,0.0141,13005000,10848215,0.2079,0.6294,0.4,28,784,1934,0.928,14.5,79,4,1,0.25,0.0075,0.0003,-0.0028,-0.0075,0.0069,0.0282,-0.0169,-0.0232,0.0005,0.0133,-0.0054,-0.0008,0.0848
Ryan Dunn,PHO,2026,2784240,0.018197647,0.0318,0.0136,4865400,2784240,-0.1198,0.1369,-0.0902,23,529,1355,0.872,13.7,79,1,1,0.25,-0.0062,0.0001,0.0009,0.0415,-0.0377,0.0045,-0.0135,-0.0273,0.0005,-0.0095,-0.0054,-0.0008,0.0848
Malik Monk,SAC,2026,20190035,0.131961013,0.1445,0.0126,22108500,20190035,-0.4475,-0.5906,-0.5723,28,784,1364,0.7915,24,75,7,1,0.3,-0.0199,-0.0003,0.0045,-0.0075,0.0069,0.0049,-0.0085,0.0264,-0.0027,0.0361,-0.0054,0.0253,0.0848
Tyrese Proctor,CLE,2026,2150917,0.014058281,0.0254,0.0114,3886200,2150917,-0.8432,-0.0521,-0.8724,22,484,545,0.6098,22,76,0,1,0.25,-0.0365,0,0.0067,0.0513,-0.0456,-0.0287,0.0026,0.016,-0.0019,-0.0171,-0.0054,-0.0008,0.0848
Joan Beringer,MIN,2026,4411200,0.028831373,0.0402,0.0113,6150600,4411200,0.1893,0.2017,0.8382,19,361,314,0.4878,16.8,83,0,1,0.25,0.0067,0.0001,-0.006,0.0807,-0.0671,-0.0382,0.0101,-0.0112,0.0036,-0.0171,-0.0054,-0.0008,0.0848
Kris Murray,POR,2026,5315004,0.034738588,0.0456,0.0109,6976800,5315004,0.2821,-0.6271,-0.2873,25,625,1333,0.7512,10.6,80,2,1,0.25,0.0106,-0.0003,0.0024,0.0219,-0.0209,0.0036,-0.0061,-0.0435,0.0013,-0.0019,-0.0054,-0.0008,0.0848
Kevon Looney,NOP,2026,8000000,0.052287582,0.0623,0.01,9531900,8000000,-0.1446,-0.0121,-1.0787,30,900,308,0.5866,9.9,81,7,1,0.3,-0.0072,0,0.0083,-0.0271,0.0272,-0.0384,0.004,-0.0472,0.002,0.0361,-0.0054,0.0253,0.0848
Pat Connaughton,CHO,2026,3815861,0.024940268,0.0346,0.0097,5293800,3815861,-1.276,-0.2629,-0.2525,33,1089,297,0.5915,14.9,77,7,1,0.3,-0.0546,-0.0001,0.0021,-0.0565,0.0603,-0.0389,0.0037,-0.0211,-0.0011,0.0361,-0.0054,0.0253,0.0848
Bilal Coulibaly,WAS,2026,9240012,0.060392235,0.0698,0.0094,10679400,9240012,-0.6515,-1.0299,-0.3798,21,441,1468,0.711,19.9,79,2,1,0.25,-0.0284,-0.0005,0.0031,0.0611,-0.0531,0.0091,-0.0036,0.005,0.0005,-0.0019,-0.0054,-0.0008,0.0848
Asa Newell,ATL,2026,3399480,0.022218824,0.0317,0.0094,4850100,3399480,-0.3177,-0.5841,-0.5839,20,400,500,0.5366,17.1,82,0,1,0.25,-0.0145,-0.0003,0.0046,0.0709,-0.0603,-0.0306,0.0071,-0.0096,0.0028,-0.0171,-0.0054,-0.0008,0.0848
Jabari Walker,PHI,2026,2584539,0.016892412,0.0263,0.0094,4023900,2584539,-0.4042,-0.4984,-0.5913,23,529,762,0.7854,15,79,3,1,0.25,-0.0181,-0.0002,0.0046,0.0415,-0.0377,-0.0198,-0.0082,-0.0206,0.0005,0.0057,-0.0054,-0.0008,0.0848
James Harden,CLE,2026,42317307,0.276583706,0.2854,0.0088,43666200,42317307,1.6609,1.4281,0.7897,36,1296,1559,0.7329,31.2,77,7,1,0.3,0.0682,0.0007,-0.0057,-0.0859,0.0965,0.0128,-0.0049,0.064,-0.0011,0.0361,-0.0054,0.0253,0.0848
Craig Porter Jr.,CLE,2026,2406205,0.01572683,0.0239,0.0082,3656700,2406205,,1.1228,0.0974,26,676,1148,0.7012,12.3,73,2,1,0.25,-0.007,0.0005,-0.0005,0.0121,-0.012,-0.004,-0.003,-0.0346,-0.0042,-0.0019,-0.0054,-0.0008,0.0848
Bryce McGowens,NOP,2026,2584539,0.016892412,0.0239,0.007,3656700,2584539,-0.905,-0.646,-0.2118,23,529,880,0.4159,14,78,3,1,0.25,-0.039,-0.0003,0.0018,0.0415,-0.0377,-0.015,0.0145,-0.0258,-0.0003,0.0057,-0.0054,-0.0008,0.0848
Kobe Sanders,LAC,2026,2150917,0.014058281,0.0207,0.0067,3167100,2150917,-0.6454,-0.7539,-0.5857,24,576,1351,0.8293,16.3,80,0,1,0.25,-0.0282,-0.0004,0.0046,0.0317,-0.0295,0.0043,-0.0108,-0.0138,0.0013,-0.0171,-0.0054,-0.0008,0.0848
Tyler Kolek,NYK,2026,2296271,0.015008307,0.0216,0.0066,3304800,2296271,-0.5464,-0.2803,-0.4718,25,625,727,0.6601,18.4,74,1,1,0.25,-0.0241,-0.0001,0.0037,0.0219,-0.0209,-0.0213,-0.0005,-0.0028,-0.0034,-0.0095,-0.0054,-0.0008,0.0848
Adem Bona,PHI,2026,2296271,0.015008307,0.0208,0.0058,3182400,2296271,-0.2435,-0.4527,-0.9828,23,529,1234,0.8064,11.1,82,1,1,0.25,-0.0114,-0.0002,0.0076,0.0415,-0.0377,-0.0005,-0.0094,-0.0409,0.0028,-0.0095,-0.0054,-0.0008,0.0848
Grant Williams,CHO,2026,14265750,0.093240196,0.0976,0.0044,14932800,14265750,0.6469,0.2429,0.594,27,729,711,0.3927,14.1,79,6,1,0.25,0.0258,0.0001,-0.0042,0.0023,-0.0027,-0.0219,0.0159,-0.0253,0.0005,0.0285,-0.0054,-0.0008,0.0848
Johnny Furphy,IND,2026,2296271,0.015008307,0.019,0.004,2907000,2296271,-0.4104,-0.5079,-0.8271,21,441,643,0.4954,12.8,80,1,1,0.25,-0.0184,-0.0002,0.0064,0.0611,-0.0531,-0.0247,0.0096,-0.032,0.0013,-0.0095,-0.0054,-0.0008,0.0848
Thomas Sorber,OKC,2026,4887720,0.031945882,0.0351,0.0031,5370300,4887720,-0.6454,,,20,400,,,,,0,1,0.25,-0.0282,-0.0001,0,0.0709,-0.0603,-0.0014,-0.0022,-0.0049,-0.0003,-0.0171,-0.0054,-0.0008,0.0848
Jonathan Isaac,ORL,2026,14500000,0.094771242,0.0978,0.003,14963400,14500000,0.4552,0.3178,-0.6043,28,784,521,0.7183,12.4,82,7,1,0.3,0.0178,0.0001,0.0047,-0.0075,0.0069,-0.0297,-0.004,-0.0341,0.0028,0.0361,-0.0054,0.0253,0.0848
Keldon Johnson,SAS,2026,17500000,0.114379085,0.1161,0.0017,17763300,17500000,-0.1198,0.4132,0.6491,26,676,1911,0.95,21,78,6,1,0.25,-0.0062,0.0002,-0.0046,0.0121,-0.012,0.0273,-0.0182,0.0107,-0.0003,0.0285,-0.0054,-0.0008,0.0848
Nique Clifford,SAC,2026,3263400,0.021329412,0.0229,0.0016,3503700,3263400,-1.0905,-0.7605,-0.9852,24,576,1882,0.9146,17,77,0,1,0.25,-0.0468,-0.0004,0.0076,0.0317,-0.0295,0.0261,-0.0161,-0.0101,-0.0011,-0.0171,-0.0054,-0.0008,0.0848
Toumani Camara,POR,2026,18080358,0.118172275,0.1195,0.0013,18283500,18080358,0.381,0.0027,0.1656,26,676,2731,0.9561,16.3,79,2,1,0.25,0.0147,0,-0.001,0.0121,-0.012,0.0609,-0.0186,-0.0138,0.0005,-0.0019,-0.0054,-0.0008,0.0848
Justin Edwards,PHI,2026,2411090,0.015758758,0.0154,-0.0003,2356200,2411090,-0.7628,-0.674,-0.1907,22,484,977,0.689,16.1,79,1,1,0.25,-0.0331,-0.0003,0.0016,0.0513,-0.0456,-0.011,-0.0023,-0.0148,0.0005,-0.0095,-0.0054,-0.0008,0.0848
Donovan Mitchell,CLE,2026,50105628,0.327487765,0.3267,-0.0008,49985100,50105628,2.4214,2.0994,2.041,29,841,2342,0.8207,32.2,74,7,1,0.3,0.1,0.001,-0.015,-0.0173,0.0169,0.0449,-0.0103,0.0692,-0.0034,0.0361,-0.0054,0.0253,0.0848
Baylor Scheierman,BOS,2026,2744040,0.017934902,0.0162,-0.0018,2478600,2744040,-0.4042,0.1754,0.2531,25,625,1429,0.7287,11.9,78,1,1,0.25,-0.0181,0.0001,-0.0017,0.0219,-0.0209,0.0075,-0.0047,-0.0367,-0.0003,-0.0095,-0.0054,-0.0008,0.0848
A.J. Green,MIL,2026,10044644,0.065651268,0.0636,-0.002,9730800,10044644,-0.2187,,,26,676,,,,76,3,1,0.25,-0.0104,-0.0001,0,0.0121,-0.012,-0.0014,-0.0022,-0.0049,-0.0019,0.0057,-0.0054,-0.0008,0.0848
Jared McCain,OKC,2026,4422600,0.028905882,0.0263,-0.0026,4023900,4422600,-0.8989,-1.1015,-0.6616,22,484,620,0.3872,18.5,75,1,1,0.25,-0.0388,-0.0005,0.0052,0.0513,-0.0456,-0.0256,0.0162,-0.0023,-0.0027,-0.0095,-0.0054,-0.0008,0.0848
Will Richard,GSW,2026,2150917,0.014058281,0.0111,-0.0029,1698300,2150917,-0.33,-0.3866,-0.0927,23,529,1377,0.8415,13,75,0,1,0.25,-0.015,-0.0002,0.0009,0.0415,-0.0377,0.0054,-0.0116,-0.031,-0.0027,-0.0171,-0.0054,-0.0008,0.0848
Kobe Brown,IND,2026,4792059,0.031320647,0.0283,-0.003,4329900,4792059,-0.5774,-1.3936,-0.7642,26,676,668,0.4183,15.2,79,2,1,0.25,-0.0253,-0.0007,0.0059,0.0121,-0.012,-0.0237,0.0143,-0.0195,0.0005,-0.0019,-0.0054,-0.0008,0.0848
Ace Bailey,UTA,2026,9523080,0.062242353,0.0591,-0.0031,9042300,9523080,-1.3317,-1.5914,-1.3342,19,361,1988,0.878,21.4,81,0,1,0.25,-0.0569,-0.0008,0.0102,0.0807,-0.0671,0.0304,-0.0138,0.0128,0.002,-0.0171,-0.0054,-0.0008,0.0848
Davion Mitchell,MIA,2026,12400000,0.081045752,0.0775,-0.0035,11857500,12400000,-0.0827,-0.1924,0.0894,27,729,2000,0.7634,13.6,72,4,1,0.25,-0.0047,-0.0001,-0.0004,0.0023,-0.0027,0.0309,-0.0068,-0.0279,-0.005,0.0133,-0.0054,-0.0008,0.0848
Yves Missi,NOP,2026,3512760,0.022959216,0.0187,-0.0042,2861100,3512760,-0.5403,-0.0148,-0.8253,22,484,1297,0.8369,12.6,83,1,1,0.25,-0.0238,0,0.0064,0.0513,-0.0456,0.0021,-0.0113,-0.0331,0.0036,-0.0095,-0.0054,-0.0008,0.0848
Andre Jackson Jr.,MIL,2026,2406205,0.01572683,0.0102,-0.0055,1560600,2406205,-0.9421,-0.4573,-1.8764,24,576,408,0.6768,17.8,78,2,1,0.25,-0.0406,-0.0002,0.0142,0.0317,-0.0295,-0.0343,-0.0015,-0.006,-0.0003,-0.0019,-0.0054,-0.0008,0.0848
Jalen Johnson,ATL,2026,30000000,0.196078431,0.1903,-0.0058,29115900,30000000,0.2759,1.0002,1.0041,24,576,2532,0.7073,27,80,4,1,0.25,0.0103,0.0005,-0.0073,0.0317,-0.0295,0.0527,-0.0034,0.042,0.0013,0.0133,-0.0054,-0.0008,0.0848
Noah Penda,ORL,2026,2150917,0.014058281,0.0081,-0.0059,1239300,2150917,-0.5032,-0.2388,-0.8127,21,441,757,0.7195,14.8,79,0,1,0.25,-0.0222,-0.0001,0.0063,0.0611,-0.0531,-0.02,-0.0041,-0.0216,0.0005,-0.0171,-0.0054,-0.0008,0.0848
Julian Strawther,DEN,2026,4826931,0.031548569,0.0256,-0.006,3916800,4826931,-0.9174,-0.7659,-0.4574,24,576,861,0.7073,19.4,78,2,1,0.25,-0.0396,-0.0004,0.0036,0.0317,-0.0295,-0.0158,-0.0034,0.0024,-0.0003,-0.0019,-0.0054,-0.0008,0.0848
Tre Mann,CHO,2026,8000000,0.052287582,0.0458,-0.0065,7007400,8000000,-1.7212,-0.7897,-2.135,25,625,669,0.439,23.3,76,4,1,0.25,-0.0732,-0.0004,0.0162,0.0219,-0.0209,-0.0236,0.0131,0.0227,-0.0019,0.0133,-0.0054,-0.0008,0.0848
John Konchar,UTA,2026,6165000,0.040294118,0.0337,-0.0066,5156100,6165000,-0.1569,0.1381,0.7714,30,900,680,0.461,9.8,77,6,1,0.25,-0.0078,0.0001,-0.0055,-0.0271,0.0272,-0.0232,0.0117,-0.0477,-0.0011,0.0285,-0.0054,-0.0008,0.0848
LaMelo Ball,CHO,2026,40770520,0.266473987,0.2596,-0.0068,39718800,40770520,1.6299,1.7555,1.2771,24,576,2017,0.6646,32,79,5,1,0.25,0.0669,0.0008,-0.0093,0.0317,-0.0295,0.0316,-0.0008,0.0681,0.0005,0.0209,-0.0054,-0.0008,0.0848
Isaiah Hartenstein,OKC,2026,28500000,0.18627451,0.1788,-0.0075,27356399,28500000,1.531,1.6516,1.1699,28,784,1137,0.678,16.1,84,7,1,0.3,0.0628,0.0008,-0.0085,-0.0075,0.0069,-0.0045,-0.0016,-0.0148,0.0044,0.0361,-0.0054,0.0253,0.0848
Naz Reid,MIN,2026,23275862,0.152129817,0.1445,-0.0076,22108500,23275862,0.1584,0.7373,-0.0505,26,676,2007,0.9598,22.1,81,6,1,0.25,0.0054,0.0003,0.0006,0.0121,-0.012,0.0312,-0.0188,0.0165,0.002,0.0285,-0.0054,-0.0008,0.0848
Andrew Nembhard,IND,2026,19550160,0.127778824,0.1202,-0.0076,18390600,19550160,-0.1013,0.1496,-0.3204,26,676,1786,0.7512,23.6,76,3,1,0.25,-0.0054,0.0001,0.0026,0.0121,-0.012,0.0222,-0.0061,0.0243,-0.0019,0.0057,-0.0054,-0.0008,0.0848
Dereck Lively II,DAL,2026,7239131,0.047314582,0.0394,-0.0079,6028200,7239131,0.3192,0.2521,-0.2575,22,484,115,0.3085,11.8,85,2,1,0.25,0.0121,0.0001,0.0021,0.0513,-0.0456,-0.0464,0.021,-0.0373,0.0052,-0.0019,-0.0054,-0.0008,0.0848
Brandon Ingram,TOR,2026,40000000,0.261437908,0.2533,-0.0081,38754900,40000000,0.4243,-0.2084,-0.0568,28,784,2604,0.6915,26.9,80,7,1,0.3,0.0165,-0.0001,0.0006,-0.0075,0.0069,0.0557,-0.0024,0.0415,0.0013,0.0361,-0.0054,0.0253,0.0848
Fred VanVleet,HOU,2026,25000000,0.163398693,0.1537,-0.0097,23516100,25000000,0.6098,,,32,1024,,,,72,7,1,0.3,0.0243,-0.0001,0,-0.0467,0.0489,-0.0014,-0.0022,-0.0049,-0.005,0.0361,-0.0054,0.0253,0.0848
DeMar DeRozan,SAC,2026,25740000,0.168235294,0.1582,-0.0101,24204600,25740000,-0.9607,-0.3545,0.1895,36,1296,2406,0.9439,22.8,78,7,1,0.3,-0.0414,-0.0002,-0.0012,-0.0859,0.0965,0.0476,-0.0179,0.0201,-0.0003,0.0361,-0.0054,0.0253,0.0848
Jericho Sims,MIL,2026,2801346,0.018309451,0.0079,-0.0104,1208700,2801346,-1.1956,-1.748,-1.4273,27,729,1318,0.661,9.8,82,4,1,0.25,-0.0512,-0.0008,0.0109,0.0023,-0.0027,0.003,-0.0005,-0.0477,0.0028,0.0133,-0.0054,-0.0008,0.0848
Obi Toppin,IND,2026,15000000,0.098039216,0.0875,-0.0105,13387500,15000000,-0.1384,0.6218,0.6491,28,784,424,0.6354,24.8,81,5,1,0.25,-0.007,0.0003,-0.0046,-0.0075,0.0069,-0.0337,0.001,0.0306,0.002,0.0209,-0.0054,-0.0008,0.0848
Julius Randle,MIN,2026,33333334,0.217864928,0.2067,-0.0112,31625100,33333334,-0.33,0.0315,0.7742,31,961,2610,0.8463,26.5,81,7,1,0.3,-0.015,0,-0.0056,-0.0369,0.0379,0.0559,-0.0119,0.0394,0.002,0.0361,-0.0054,0.0253,0.0848
Scoot Henderson,POR,2026,13585523,0.088794268,0.0767,-0.0121,11735100,13585523,-0.5032,-0.2727,-0.4328,22,484,748,0.5756,25,75,2,1,0.25,-0.0222,-0.0001,0.0035,0.0513,-0.0456,-0.0204,0.0047,0.0316,-0.0027,-0.0019,-0.0054,-0.0008,0.0848
Terrence Shannon Jr.,MIN,2026,2801640,0.018311373,0.006,-0.0123,918000,2801640,-1.0967,-0.8973,-1.0766,25,625,538,0.4741,17.7,78,1,1,0.25,-0.0471,-0.0004,0.0083,0.0219,-0.0209,-0.029,0.0109,-0.0065,-0.0003,-0.0095,-0.0054,-0.0008,0.0848
Ben Sheppard,IND,2026,5031669,0.032886725,0.0205,-0.0124,3136500,5031669,-0.837,-0.9633,-0.8295,24,576,1390,0.7659,13.8,78,2,1,0.25,-0.0362,-0.0005,0.0064,0.0317,-0.0295,0.0059,-0.007,-0.0268,-0.0003,-0.0019,-0.0054,-0.0008,0.0848
Myles Turner,MIL,2026,26584164,0.173752706,0.1594,-0.0144,24388199,26584164,0.01,-0.2369,-0.567,30,900,1912,0.8841,18.6,83,7,1,0.3,-0.0008,-0.0001,0.0045,-0.0271,0.0272,0.0273,-0.0142,-0.0018,0.0036,0.0361,-0.0054,0.0253,0.0848
Noa Essengue,CHI,2026,5701200,0.037262745,0.0227,-0.0146,3473100,5701200,-1.0534,0.1384,,19,361,,,,80,0,1,0.25,-0.0453,0.0001,0,0.0807,-0.0671,-0.0014,-0.0022,-0.0049,0.0013,-0.0171,-0.0054,-0.0008,0.0848
OG Anunoby,NYK,2026,42500000,0.277777778,0.263,-0.0148,40239000,42500000,2.2482,1.0002,1.2771,28,784,2224,0.7451,19.7,79,7,1,0.3,0.0928,0.0005,-0.0093,-0.0075,0.0069,0.0401,-0.0057,0.004,0.0005,0.0361,-0.0054,0.0253,0.0848
Bradley Beal,PHO,2026,19383010,0.12668634,0.1117,-0.015,17090100,19383010,-0.8432,-0.3339,-2.4425,32,1024,121,0.3598,22.2,76,7,1,0.3,-0.0365,-0.0002,0.0185,-0.0467,0.0489,-0.0461,0.0179,0.017,-0.0019,0.0361,-0.0054,0.0253,0.0848
Draymond Green,GSW,2026,27678571,0.180905693,0.1654,-0.0155,25306200,27678571,0.1955,-0.5844,-0.7487,36,1296,1869,0.7976,16.1,78,7,1,0.3,0.007,-0.0003,0.0058,-0.0859,0.0965,0.0256,-0.0089,-0.0148,-0.0003,0.0361,-0.0054,0.0253,0.0848
Haywood Highsmith,PHO,2026,3018158,0.019726523,0.0033,-0.0164,504900,3018158,-0.0951,-0.1892,1.3892,29,841,91,0.4744,12.2,77,4,1,0.25,-0.0052,-0.0001,-0.0101,-0.0173,0.0169,-0.0473,0.0109,-0.0352,-0.0011,0.0133,-0.0054,-0.0008,0.0848
Rasheer Fleming,PHO,2026,2150917,0.014058281,-0.0023,-0.0164,-351900,2150917,-0.9236,-0.6895,-0.5987,21,441,673,0.6707,16.3,81,0,1,0.25,-0.0398,-0.0003,0.0047,0.0611,-0.0531,-0.0235,-0.0011,-0.0138,0.002,-0.0171,-0.0054,-0.0008,0.0848
RJ Barrett,TOR,2026,29616071,0.193569092,0.1763,-0.0172,26973900,29616071,0.4119,0.5578,0.4576,26,676,1726,0.6378,25.8,78,6,1,0.25,0.016,0.0002,-0.0032,0.0121,-0.012,0.0197,0.0009,0.0358,-0.0003,0.0285,-0.0054,-0.0008,0.0848
Santi Aldama,MEM,2026,17007043,0.111157144,0.094,-0.0172,14382000,17007043,-0.1136,-0.5233,0.2837,25,625,1198,0.6488,20.2,84,4,1,0.25,-0.006,-0.0003,-0.0019,0.0219,-0.0209,-0.002,0.0002,0.0066,0.0044,0.0133,-0.0054,-0.0008,0.0848
Marcus Sasser,DET,2026,5198983,0.033980281,0.0165,-0.0175,2524500,5198983,-0.769,-0.9653,-0.4251,25,625,457,0.6134,19.6,73,2,1,0.25,-0.0334,-0.0005,0.0034,0.0219,-0.0209,-0.0323,0.0024,0.0034,-0.0042,-0.0019,-0.0054,-0.0008,0.0848
Dalton Knecht,LAL,2026,4201080,0.027458039,0.0099,-0.0175,1514700,4201080,-0.701,-1.5801,-1.7646,25,625,553,0.7683,17.7,78,1,1,0.25,-0.0305,-0.0007,0.0134,0.0219,-0.0209,-0.0284,-0.0071,-0.0065,-0.0003,-0.0095,-0.0054,-0.0008,0.0848
Ben Saraf,BRK,2026,3028560,0.01979451,0.0013,-0.0185,198900,3028560,-2.0551,-1.9117,-1.7428,20,400,916,0.5366,21,78,0,1,0.25,-0.0871,-0.0009,0.0132,0.0709,-0.0603,-0.0135,0.0071,0.0107,-0.0003,-0.0171,-0.0054,-0.0008,0.0848
Micah Peavy,NOP,2026,2150917,0.014058281,-0.0048,-0.0189,-734399,2150917,-0.6948,-0.7579,-0.8615,24,576,913,0.7439,14,79,0,1,0.25,-0.0303,-0.0004,0.0067,0.0317,-0.0295,-0.0136,-0.0056,-0.0258,0.0005,-0.0171,-0.0054,-0.0008,0.0848
P.J. Washington,DAL,2026,19813044,0.12949702,0.1093,-0.0202,16722900,19813044,-0.6145,-0.2446,-0.411,27,729,1736,0.6573,20.1,79,6,1,0.25,-0.0269,-0.0001,0.0033,0.0023,-0.0027,0.0201,-0.0003,0.006,0.0005,0.0285,-0.0054,-0.0008,0.0848
Isaac Okoro,CHI,2026,11814814,0.077221007,0.0568,-0.0205,8690400,11814814,-0.7381,-1.521,-0.8527,25,625,1695,0.7537,13.6,76,5,1,0.25,-0.0321,-0.0007,0.0066,0.0219,-0.0209,0.0184,-0.0062,-0.0279,-0.0019,0.0209,-0.0054,-0.0008,0.0848
Trayce Jackson-Davis,TOR,2026,2406205,0.01572683,-0.0055,-0.0213,-841500,2406205,-0.837,-0.002,-0.6654,26,676,411,0.6122,14.8,81,2,1,0.25,-0.0362,0,0.0052,0.0121,-0.012,-0.0342,0.0025,-0.0216,0.002,-0.0019,-0.0054,-0.0008,0.0848
Julian Phillips,MIN,2026,2406205,0.01572683,-0.0057,-0.0214,-872100,2406205,-0.5712,-1.0089,-0.7136,22,484,334,0.6,12.5,78,2,1,0.25,-0.0251,-0.0005,0.0056,0.0513,-0.0456,-0.0374,0.0032,-0.0336,-0.0003,-0.0019,-0.0054,-0.0008,0.0848
Dorian Finney-Smith,HOU,2026,13335000,0.087156863,0.0654,-0.0218,10006200,13335000,-0.6268,-1.5836,-1.4203,33,1089,620,0.5488,10.7,79,7,1,0.3,-0.0274,-0.0008,0.0108,-0.0565,0.0603,-0.0256,0.0063,-0.043,0.0005,0.0361,-0.0054,0.0253,0.0848
AJ Johnson,DAL,2026,3237120,0.021157647,-0.0007,-0.0218,-107100,3237120,-1.9747,-0.6093,-2.3075,21,441,240,0.2759,20.5,77,1,1,0.25,-0.0838,-0.0003,0.0175,0.0611,-0.0531,-0.0412,0.023,0.0081,-0.0011,-0.0095,-0.0054,-0.0008,0.0848
Aaron Gordon,DEN,2026,33658037,0.21998717,0.1976,-0.0223,30232800,33658037,1.3332,0.2839,1.2191,30,900,1005,0.5841,21.9,80,7,1,0.3,0.0545,0.0001,-0.0089,-0.0271,0.0272,-0.0099,0.0042,0.0154,0.0013,0.0361,-0.0054,0.0253,0.0848
Josh Giddey,CHI,2026,25000000,0.163398693,0.1405,-0.0229,21496500,25000000,0.1213,0.1121,0.0479,23,529,1731,0.7805,24.4,79,4,1,0.25,0.0039,0,-0.0001,0.0415,-0.0377,0.0199,-0.0079,0.0285,0.0005,0.0133,-0.0054,-0.0008,0.0848
Liam McNeeley,CHO,2026,2902080,0.018967843,-0.0039,-0.0229,-596700,2902080,-0.9421,-0.028,-0.9051,20,400,368,0.378,14.4,79,0,1,0.25,-0.0406,0,0.007,0.0709,-0.0603,-0.036,0.0168,-0.0237,0.0005,-0.0171,-0.0054,-0.0008,0.0848
Michael Porter Jr.,BRK,2026,40806150,0.266706863,0.2437,-0.023,37286100,40806150,0.8633,0.0718,0.5725,27,729,1689,0.7963,30.5,82,7,1,0.3,0.0349,0,-0.0041,0.0023,-0.0027,0.0182,-0.0088,0.0603,0.0028,0.0361,-0.0054,0.0253,0.0848
Cam Christie,LAC,2026,2296271,0.015008307,-0.0086,-0.0236,-1315800,2296271,-1.5419,-0.6229,-1.3338,20,400,480,0.4787,16.9,77,1,1,0.25,-0.0657,-0.0003,0.0102,0.0709,-0.0603,-0.0314,0.0106,-0.0106,-0.0011,-0.0095,-0.0054,-0.0008,0.0848
Rob Dillingham,CHI,2026,6889320,0.045028235,0.0212,-0.0238,3243600,6889320,-1.7212,-1.4471,-1.8792,21,441,644,0.4527,22.7,74,1,1,0.25,-0.0732,-0.0007,0.0143,0.0611,-0.0531,-0.0247,0.0122,0.0196,-0.0034,-0.0095,-0.0054,-0.0008,0.0848
Myron Gardner,MIA,2026,2150917,0.014058281,-0.0105,-0.0245,-1606500,2150917,-0.4228,0.4736,0.665,25,625,411,0.5488,15,77,0,1,0.25,-0.0189,0.0002,-0.0047,0.0219,-0.0209,-0.0342,0.0063,-0.0206,-0.0011,-0.0171,-0.0054,-0.0008,0.0848
Yang Hansen,POR,2026,4643520,0.030349804,0.0055,-0.0249,841500,4643520,-1.7274,-1.4445,-4.1028,21,441,300,0.5244,19.9,85,0,1,0.25,-0.0734,-0.0007,0.0309,0.0611,-0.0531,-0.0388,0.0078,0.005,0.0052,-0.0171,-0.0054,-0.0008,0.0848
Khaman Maluach,PHO,2026,6316680,0.04128549,0.0157,-0.0256,2402100,6316680,-0.5403,-0.0923,-1.2456,19,361,411,0.561,14.8,85,0,1,0.25,-0.0238,-0.0001,0.0095,0.0807,-0.0671,-0.0342,0.0056,-0.0216,0.0052,-0.0171,-0.0054,-0.0008,0.0848
Daniel Gafford,DAL,2026,17263584,0.112833882,0.0868,-0.026,13280400,17263584,-0.058,0.3502,0.1245,27,729,1195,0.6537,15.8,82,6,1,0.25,-0.0036,0.0002,-0.0007,0.0023,-0.0027,-0.0021,-0.0001,-0.0164,0.0028,0.0285,-0.0054,-0.0008,0.0848
Johni Broome,PHI,2026,2150917,0.014058281,-0.0124,-0.0264,-1897200,2150917,-1.6903,-0.2367,,23,529,,,,82,0,1,0.25,-0.0719,-0.0001,0,0.0415,-0.0377,-0.0014,-0.0022,-0.0049,0.0028,-0.0171,-0.0054,-0.0008,0.0848
Sion James,CHO,2026,2411090,0.015758758,-0.0111,-0.0269,-1698300,2411090,-0.905,0.0794,-0.2276,23,529,1843,1,11,77,0,1,0.25,-0.039,0,0.0019,0.0415,-0.0377,0.0245,-0.0213,-0.0414,-0.0011,-0.0171,-0.0054,-0.0008,0.0848
Bronny James,LAL,2026,2296271,0.015008307,-0.0119,-0.0269,-1820700,2296271,-1.3749,-1.3251,-1.0977,21,441,375,0.4436,16.7,74,1,1,0.25,-0.0587,-0.0006,0.0084,0.0611,-0.0531,-0.0357,0.0128,-0.0117,-0.0034,-0.0095,-0.0054,-0.0008,0.0848
Caris LeVert,DET,2026,14809200,0.096792157,0.0695,-0.0273,10633500,14809200,-1.5913,-0.5523,-0.3762,31,961,1154,0.6707,18.4,79,7,1,0.3,-0.0677,-0.0003,0.003,-0.0369,0.0379,-0.0038,-0.0011,-0.0028,0.0005,0.0361,-0.0054,0.0253,0.0848
Trey Murphy III,NOP,2026,27000000,0.176470588,0.1489,-0.0276,22781700,27000000,0.0719,0.5641,0.8154,26,676,2341,0.7354,22.7,80,4,1,0.25,0.0018,0.0003,-0.0059,0.0121,-0.012,0.0449,-0.0051,0.0196,0.0013,0.0133,-0.0054,-0.0008,0.0848
Kyle Kuzma,MIL,2026,20345152,0.13297485,0.1053,-0.0277,16110900,20345152,-1.7521,-1.187,-0.501,30,900,1806,0.7122,21.8,80,7,1,0.3,-0.0745,-0.0006,0.004,-0.0271,0.0272,0.023,-0.0037,0.0149,0.0013,0.0361,-0.0054,0.0253,0.0848
Adou Thiero,LAL,2026,2150917,0.014058281,-0.0145,-0.0286,-2218500,2150917,-1.0658,-0.3368,-1.3229,22,484,149,0.3049,14.6,79,0,1,0.25,-0.0458,-0.0002,0.0101,0.0513,-0.0456,-0.045,0.0213,-0.0226,0.0005,-0.0171,-0.0054,-0.0008,0.0848
Tyrese Maxey,PHI,2026,40770520,0.266473987,0.2378,-0.0287,36383400,40770520,1.1353,1.4292,1.4321,25,625,2661,0.7878,29.4,74,5,1,0.25,0.0463,0.0007,-0.0105,0.0219,-0.0209,0.058,-0.0083,0.0546,-0.0034,0.0209,-0.0054,-0.0008,0.0848
Gradey Dick,TOR,2026,7131511,0.046611183,0.0175,-0.0291,2677500,7131511,-1.1647,-1.1026,-0.385,22,484,1067,0.8073,18.7,79,2,1,0.25,-0.0499,-0.0005,0.0031,0.0513,-0.0456,-0.0073,-0.0095,-0.0013,0.0005,-0.0019,-0.0054,-0.0008,0.0848
Cameron Johnson,DEN,2026,23062500,0.150735294,0.1195,-0.0312,18283500,23062500,0.4985,-0.0193,0.4053,30,900,1647,,15.1,80,6,1,0.25,0.0196,0,-0.0028,-0.0271,0.0272,0.0165,-0.0022,-0.02,0.0013,0.0285,-0.0054,-0.0008,0.0848
Jalen Pickett,DEN,2026,2406205,0.01572683,-0.0158,-0.0315,-2417400,2406205,-1.4677,-1.3843,-0.9631,26,676,807,0.55,14.8,74,2,1,0.25,-0.0626,-0.0007,0.0074,0.0121,-0.012,-0.018,0.0063,-0.0216,-0.0034,-0.0019,-0.0054,-0.0008,0.0848
Tre Johnson,WAS,2026,8649600,0.056533333,0.0235,-0.033,3595500,8649600,-1.8572,-2.4102,-1.4006,20,400,1443,0.7317,22.5,77,0,1,0.25,-0.0789,-0.0011,0.0107,0.0709,-0.0603,0.0081,-0.0049,0.0186,-0.0011,-0.0171,-0.0054,-0.0008,0.0848
Jamal Murray,DEN,2026,50105628,0.327487765,0.2937,-0.0338,44936100,50105628,1.7598,0.8187,1.3748,29,841,2652,0.8463,27.9,76,7,1,0.3,0.0724,0.0004,-0.01,-0.0173,0.0169,0.0577,-0.0119,0.0467,-0.0019,0.0361,-0.0054,0.0253,0.0848
Cody Williams,UTA,2026,6015600,0.039317647,0.0053,-0.034,810900,6015600,-1.8263,-1.746,-1.3426,21,441,1631,0.7393,16,80,1,1,0.25,-0.0776,-0.0008,0.0102,0.0611,-0.0531,0.0158,-0.0053,-0.0153,0.0013,-0.0095,-0.0054,-0.0008,0.0848
Jase Richardson,ORL,2026,3132360,0.020472941,-0.0149,-0.0353,-2279700,3132360,-1.1029,-0.9507,-0.45,20,400,587,0.6585,16.8,73,0,1,0.25,-0.0473,-0.0005,0.0036,0.0709,-0.0603,-0.027,-0.0004,-0.0112,-0.0042,-0.0171,-0.0054,-0.0008,0.0848
Nic Claxton,BRK,2026,23147727,0.151292333,0.1152,-0.036,17625600,23147727,,-0.9476,-0.417,27,729,1920,0.85,17.7,83,6,1,0.25,-0.007,-0.0005,0.0033,0.0023,-0.0027,0.0276,-0.0121,-0.0065,0.0036,0.0285,-0.0054,-0.0008,0.0848
Devin Vassell,SAS,2026,27000000,0.176470588,0.1402,-0.0363,21450600,27000000,0.7149,-0.1716,0.8463,25,625,2044,0.8085,18,77,5,1,0.25,0.0287,-0.0001,-0.0061,0.0219,-0.0209,0.0327,-0.0096,-0.0049,-0.0011,0.0209,-0.0054,-0.0008,0.0848
Giannis Antetokounmpo,MIL,2026,58456566,0.382069059,0.3444,-0.0376,52693200,58456566,3.2066,2.386,2.8714,31,961,1039,0.6427,37,83,7,1,0.3,0.1329,0.0011,-0.0212,-0.0369,0.0379,-0.0085,0.0006,0.0942,0.0036,0.0361,-0.0054,0.0253,0.0848
Andrew Wiggins,MIA,2026,30169644,0.197187216,0.1591,-0.0381,24342300,30169644,-0.2744,0.2047,0.2338,31,961,2063,0.7451,19.7,78,7,1,0.3,-0.0127,0.0001,-0.0015,-0.0369,0.0379,0.0335,-0.0057,0.004,-0.0003,0.0361,-0.0054,0.0253,0.0848
Jaden McDaniels,MIN,2026,26200001,0.171241837,0.1323,-0.0389,20241900,26200001,0.2017,-0.7398,0.3297,25,625,2316,0.9207,18.5,81,5,1,0.25,0.0072,-0.0004,-0.0022,0.0219,-0.0209,0.0439,-0.0164,-0.0023,0.002,0.0209,-0.0054,-0.0008,0.0848
Kentavious Caldwell-Pope,MEM,2026,21621500,0.141316993,0.1019,-0.0394,15590700,21621500,-0.5774,-0.9434,-0.631,33,1089,1088,0.778,17.7,77,7,1,0.3,-0.0253,-0.0005,0.0049,-0.0565,0.0603,-0.0065,-0.0077,-0.0065,-0.0011,0.0361,-0.0054,0.0253,0.0848
Rudy Gobert,MIN,2026,36500000,0.238562092,0.1985,-0.04,30370500,36500000,1.2219,0.8126,0.3561,34,1156,2380,0.9122,12.9,85,7,1,0.3,0.0499,0.0004,-0.0024,-0.0663,0.072,0.0465,-0.0159,-0.0315,0.0052,0.0361,-0.0054,0.0253,0.0848
Luguentz Dort,OKC,2026,18222222,0.11909949,0.0783,-0.0408,11979900,18222222,-0.361,-0.4572,-0.5161,27,729,1849,0.8732,14.1,76,6,1,0.25,-0.0163,-0.0002,0.0041,0.0023,-0.0027,0.0247,-0.0135,-0.0253,-0.0019,0.0285,-0.0054,-0.0008,0.0848
Jonathan Mogbo,TOR,2026,2296271,0.015008307,-0.026,-0.041,-3978000,2296271,-0.5774,-0.7319,-0.5748,24,576,249,0.593,11.1,81,1,1,0.25,-0.0253,-0.0004,0.0045,0.0317,-0.0295,-0.0409,0.0036,-0.0409,0.002,-0.0095,-0.0054,-0.0008,0.0848
Jrue Holiday,POR,2026,34800000,0.22745098,0.1858,-0.0417,28427400,34800000,0.2141,0.6982,0.6207,36,1296,1560,0.7183,23.5,76,7,1,0.3,0.0077,0.0003,-0.0044,-0.0859,0.0965,0.0129,-0.004,0.0238,-0.0019,0.0361,-0.0054,0.0253,0.0848
Dyson Daniels,ATL,2026,25000000,0.163398693,0.1211,-0.0423,18528300,25000000,0.4985,1.1763,1.3621,23,529,2520,0.8902,16,79,3,1,0.25,0.0196,0.0005,-0.0099,0.0415,-0.0377,0.0522,-0.0146,-0.0153,0.0005,0.0057,-0.0054,-0.0008,0.0848
Scottie Barnes,TOR,2026,41754690,0.272906471,0.2294,-0.0435,35098200,41754690,1.8092,1.575,1.3442,24,576,2681,0.872,23.4,80,4,1,0.25,0.0744,0.0007,-0.0098,0.0317,-0.0295,0.0588,-0.0135,0.0233,0.0013,0.0133,-0.0054,-0.0008,0.0848
Mikal Bridges,NYK,2026,33482145,0.218837549,0.174,-0.0449,26622000,33482145,0.3192,1.0903,1.1193,29,841,2692,1,17.3,78,7,1,0.3,0.0121,0.0005,-0.0081,-0.0173,0.0169,0.0593,-0.0213,-0.0086,-0.0003,0.0361,-0.0054,0.0253,0.0848
Max Strus,CLE,2026,16660836,0.108894353,0.0639,-0.045,9776700,16660836,-0.0889,-0.1016,-0.4848,30,900,288,0.4268,17.4,77,5,1,0.25,-0.0049,-0.0001,0.0038,-0.0271,0.0272,-0.0393,0.0138,-0.008,-0.0011,0.0209,-0.0054,-0.0008,0.0848
Immanuel Quickley,TOR,2026,32500000,0.212418301,0.1661,-0.0463,25413300,32500000,0.5727,1.1818,0.7286,27,729,2231,0.6402,21.1,74,5,1,0.25,0.0227,0.0005,-0.0052,0.0023,-0.0027,0.0404,0.0007,0.0113,-0.0034,0.0209,-0.0054,-0.0008,0.0848
Carter Bryant,SAS,2026,5145360,0.033629804,-0.0126,-0.0463,-1927800,5145360,-1.1091,-0.431,-1.0049,20,400,818,0.8659,16.3,78,0,1,0.25,-0.0476,-0.0002,0.0077,0.0709,-0.0603,-0.0175,-0.0131,-0.0138,-0.0003,-0.0171,-0.0054,-0.0008,0.0848
Jett Howard,ORL,2026,7337939,0.047960386,0.0012,-0.0467,183599,7337939,-1.4553,-0.6949,-1.0871,22,484,695,0.5988,17.2,80,2,1,0.25,-0.0621,-0.0003,0.0083,0.0513,-0.0456,-0.0226,0.0033,-0.0091,0.0013,-0.0019,-0.0054,-0.0008,0.0848
Caleb Martin,DAL,2026,10001493,0.065369235,0.0183,-0.0471,2799900,10001493,-1.0967,-0.769,-0.9575,30,900,856,0.6232,12.5,77,6,1,0.25,-0.0471,-0.0004,0.0074,-0.0271,0.0272,-0.016,0.0018,-0.0336,-0.0011,0.0285,-0.0054,-0.0008,0.0848
Dejounte Murray,NOP,2026,32785071,0.21428151,0.1666,-0.0477,25489800,32785071,0.2759,0.6808,0.4963,29,841,389,0.389,26.6,76,7,1,0.3,0.0103,0.0003,-0.0035,-0.0173,0.0169,-0.0351,0.0161,0.04,-0.0019,0.0361,-0.0054,0.0253,0.0848
Anthony Edwards,MIN,2026,48924624,0.319768784,0.2717,-0.0481,41570100,48924624,2.242,0.6136,1.4669,24,576,2137,0.8537,31.5,76,5,1,0.25,0.0925,0.0003,-0.0107,0.0317,-0.0295,0.0365,-0.0123,0.0655,-0.0019,0.0209,-0.0054,-0.0008,0.0848
Zeke Nnaji,DEN,2026,7466667,0.048801745,-0.0002,-0.049,-30600,7466667,-1.4059,-1.1267,-1.4044,25,625,626,0.6671,13.7,82,5,1,0.25,-0.06,-0.0005,0.0107,0.0219,-0.0209,-0.0254,-0.0009,-0.0273,0.0028,0.0209,-0.0054,-0.0008,0.0848
Drake Powell,BRK,2026,3540600,0.023141176,-0.027,-0.0502,-4131000,3540600,-2.0118,-2.6241,-1.798,20,400,1320,0.7683,14.9,77,0,1,0.25,-0.0853,-0.0012,0.0136,0.0709,-0.0603,0.003,-0.0071,-0.0211,-0.0011,-0.0171,-0.0054,-0.0008,0.0848
Jerami Grant,POR,2026,34206898,0.223574497,0.1715,-0.0521,26239500,34206898,-0.3115,0.0318,0.2377,32,1024,1695,0.6512,23.8,79,7,1,0.3,-0.0142,0,-0.0016,-0.0467,0.0489,0.0184,0.0001,0.0254,0.0005,0.0361,-0.0054,0.0253,0.0848
Jamison Battle,TOR,2026,2296271,0.015008307,-0.0375,-0.0525,-5737500,2296271,-1.2637,-1.6207,-0.8956,25,625,517,0.7348,14.1,79,1,1,0.25,-0.054,-0.0008,0.0069,0.0219,-0.0209,-0.0299,-0.0051,-0.0253,0.0005,-0.0095,-0.0054,-0.0008,0.0848
Isaiah Stewart,DET,2026,15000000,0.098039216,0.0448,-0.0532,6854400,15000000,-1.1153,-0.0336,-0.6324,25,625,1317,0.7293,16.6,80,5,1,0.25,-0.0478,0,0.0049,0.0219,-0.0209,0.0029,-0.0047,-0.0122,0.0013,0.0209,-0.0054,-0.0008,0.0848
Corey Kispert,ATL,2026,13975000,0.091339869,0.0367,-0.0546,5615100,13975000,-1.0596,-0.3222,-1.306,27,729,710,0.6561,19.6,78,4,1,0.25,-0.0455,-0.0002,0.01,0.0023,-0.0027,-0.022,-0.0002,0.0034,-0.0003,0.0133,-0.0054,-0.0008,0.0848
Josh Green,CHO,2026,14679012,0.095941255,0.0392,-0.0567,5997600,14679012,0.146,-0.4865,0.406,25,625,908,0.7415,10.6,78,5,1,0.25,0.0049,-0.0002,-0.0028,0.0219,-0.0209,-0.0138,-0.0055,-0.0435,-0.0003,0.0209,-0.0054,-0.0008,0.0848
Lauri Markkanen,UTA,2026,46113154,0.301393163,0.2411,-0.0602,36888300,46113154,1.024,0.5281,1.0483,29,841,1443,0.5622,28.1,85,7,1,0.3,0.0416,0.0002,-0.0076,-0.0173,0.0169,0.0081,0.0055,0.0478,0.0052,0.0361,-0.0054,0.0253,0.0848
Cade Cunningham,DET,2026,50105628,0.327487765,0.2671,-0.0604,40866300,50105628,2.2791,2.8877,1.5761,24,576,2172,0.7976,30.5,78,4,1,0.25,0.0941,0.0013,-0.0115,0.0317,-0.0295,0.038,-0.0089,0.0603,-0.0003,0.0133,-0.0054,-0.0008,0.0848
Jalen Suggs,ORL,2026,32400000,0.211764706,0.1507,-0.0611,23057100,32400000,0.7767,0.9654,0.9102,25,625,1574,0.6585,22.9,77,4,1,0.25,0.0313,0.0004,-0.0066,0.0219,-0.0209,0.0135,-0.0004,0.0207,-0.0011,0.0133,-0.0054,-0.0008,0.0848
De'Andre Hunter,SAC,2026,24910714,0.162815124,0.1004,-0.0624,15361200,24910714,-0.837,-0.2352,-0.9009,28,784,1125,0.5366,22.9,79,6,1,0.25,-0.0362,-0.0001,0.007,-0.0075,0.0069,-0.0049,0.0071,0.0207,0.0005,0.0285,-0.0054,-0.0008,0.0848
Jaylen Brown,BOS,2026,57078728,0.373063582,0.3079,-0.0652,47108700,57078728,1.1291,1.1894,0.9261,29,841,2443,0.8341,36.2,78,7,1,0.3,0.046,0.0005,-0.0067,-0.0173,0.0169,0.0491,-0.0111,0.09,-0.0003,0.0361,-0.0054,0.0253,0.0848
Chet Holmgren,OKC,2026,41500000,0.27124183,0.206,-0.0652,31518000,41500000,2.0627,2.6168,1.7617,24,576,1997,0.7378,21.9,85,3,1,0.25,0.085,0.0012,-0.0129,0.0317,-0.0295,0.0308,-0.0052,0.0154,0.0052,0.0057,-0.0054,-0.0008,0.0848
Chaz Lanier,DET,2026,2150917,0.014058281,-0.0511,-0.0652,-7818300,2150917,-1.8139,-1.2087,-1.5478,24,576,262,0.4146,15,75,0,1,0.25,-0.0771,-0.0006,0.0118,0.0317,-0.0295,-0.0403,0.0145,-0.0206,-0.0027,-0.0171,-0.0054,-0.0008,0.0848
Christian Braun,DEN,2026,21551726,0.140860954,0.0754,-0.0655,11536200,21551726,0.3872,-0.3272,0.3891,25,625,1399,0.7573,14.8,78,3,1,0.25,0.015,-0.0002,-0.0027,0.0219,-0.0209,0.0063,-0.0064,-0.0216,-0.0003,0.0057,-0.0054,-0.0008,0.0848
Pascal Siakam,IND,2026,48924624,0.319768784,0.2532,-0.0666,38739600,48924624,0.6901,0.4338,0.5497,32,1024,2057,0.7585,30.1,80,7,1,0.3,0.0277,0.0002,-0.0039,-0.0467,0.0489,0.0333,-0.0065,0.0582,0.0013,0.0361,-0.0054,0.0253,0.0848
Bam Adebayo,MIA,2026,49800000,0.325490196,0.2582,-0.0673,39504600,49800000,1.4259,1.9238,0.756,28,784,2365,0.9037,25,81,7,1,0.3,0.0584,0.0009,-0.0054,-0.0075,0.0069,0.0459,-0.0154,0.0316,0.002,0.0361,-0.0054,0.0253,0.0848
Amari Williams,BOS,2026,2150917,0.014058281,-0.0537,-0.0678,-8216100,2150917,-1.6965,-0.5753,-1.8303,24,576,146,0.2683,11.1,83,0,1,0.25,-0.0721,-0.0003,0.0139,0.0317,-0.0295,-0.0451,0.0235,-0.0409,0.0036,-0.0171,-0.0054,-0.0008,0.0848
Terance Mann,BRK,2026,15500000,0.10130719,0.0326,-0.0687,4987800,15500000,-1.3749,-1.5573,-0.7115,29,841,1529,0.7024,13.5,78,6,1,0.25,-0.0587,-0.0007,0.0055,-0.0173,0.0169,0.0116,-0.0031,-0.0284,-0.0003,0.0285,-0.0054,-0.0008,0.0848
Jabari Smith Jr.,HOU,2026,23643411,0.154532098,0.0828,-0.0718,12668400,23643411,0.0162,0.2024,,23,529,,,,83,3,1,0.25,-0.0005,0.0001,0,0.0415,-0.0377,-0.0014,-0.0022,-0.0049,0.0036,0.0057,-0.0054,-0.0008,0.0848
Tyler Herro,MIA,2026,33000000,0.215686275,0.1434,-0.0723,21940200,33000000,0.3686,-0.019,0.3466,26,676,1033,0.5854,24.7,77,6,1,0.25,0.0142,0,-0.0024,0.0121,-0.012,-0.0087,0.0041,0.03,-0.0011,0.0285,-0.0054,-0.0008,0.0848
Karl-Anthony Towns,NYK,2026,57078728,0.373063582,0.2988,-0.0743,45716400,57078728,2.2359,1.6919,0.8986,30,900,2322,0.872,25.9,84,7,1,0.3,0.0923,0.0008,-0.0065,-0.0271,0.0272,0.0441,-0.0135,0.0363,0.0044,0.0361,-0.0054,0.0253,0.0848
Zaccharie Risacher,ATL,2026,13826040,0.090366275,0.0161,-0.0743,2463300,13826040,-1.3502,-0.1335,-0.5347,21,441,1503,0.8537,17.6,80,1,1,0.25,-0.0577,-0.0001,0.0042,0.0611,-0.0531,0.0105,-0.0123,-0.007,0.0013,-0.0095,-0.0054,-0.0008,0.0848
Desmond Bane,ORL,2026,39446090,0.257817582,0.1832,-0.0747,28029600,39446090,0.4799,0.6903,0.9507,28,784,2756,0.8549,23.3,78,5,1,0.25,0.0189,0.0003,-0.0069,-0.0075,0.0069,0.0619,-0.0124,0.0227,-0.0003,0.0209,-0.0054,-0.0008,0.0848
De'Aaron Fox,SAS,2026,49800000,0.325490196,0.2495,-0.076,38173500,49800000,1.3641,1.1294,1.0743,28,784,2231,0.7841,24.9,75,7,1,0.3,0.0558,0.0005,-0.0078,-0.0075,0.0069,0.0404,-0.0081,0.0311,-0.0027,0.0361,-0.0054,0.0253,0.0848
Jordan Hawkins,NOP,2026,7021895,0.045894739,-0.0325,-0.0784,-4972500,7021895,-2.3086,-1.8192,-2.173,24,576,692,0.6793,18.2,77,2,1,0.25,-0.0977,-0.0009,0.0164,0.0317,-0.0295,-0.0227,-0.0017,-0.0039,-0.0011,-0.0019,-0.0054,-0.0008,0.0848
Joel Embiid,PHI,2026,58100000,0.379738562,0.2993,-0.0804,45792900,58100000,1.6299,1.1038,0.7352,32,1024,1201,0.3963,33.5,84,7,1,0.3,0.0669,0.0005,-0.0053,-0.0467,0.0489,-0.0018,0.0157,0.076,0.0044,0.0361,-0.0054,0.0253,0.0848
Jonathan Kuminga,ATL,2026,24300000,0.158823529,0.0781,-0.0808,11949300,24300000,-0.7752,-0.079,-1.2874,23,529,476,0.4744,24,79,4,1,0.25,-0.0336,0,0.0098,0.0415,-0.0377,-0.0316,0.0109,0.0264,0.0005,0.0133,-0.0054,-0.0008,0.0848
Ja Morant,MEM,2026,42166510,0.275598105,0.1946,-0.081,29773800,42166510,0.5788,0.354,-0.6071,26,676,569,0.3268,32.5,74,6,1,0.25,0.023,0.0002,0.0048,0.0121,-0.012,-0.0277,0.0199,0.0707,-0.0034,0.0285,-0.0054,-0.0008,0.0848
Patrick Williams,CHI,2026,18000000,0.117647059,0.0328,-0.0848,5018400,18000000,-1.6408,-1.4642,-1.6104,24,576,1474,0.7744,16.6,78,5,1,0.25,-0.0698,-0.0007,0.0122,0.0317,-0.0295,0.0094,-0.0075,-0.0122,-0.0003,0.0209,-0.0054,-0.0008,0.0848
Paolo Banchero,ORL,2026,41500000,0.27124183,0.1841,-0.0871,28167300,41500000,0.2079,0.5218,0.2988,23,529,2502,0.8024,27.6,82,3,1,0.25,0.0075,0.0002,-0.002,0.0415,-0.0377,0.0515,-0.0092,0.0452,0.0028,0.0057,-0.0054,-0.0008,0.0848
Keegan Murray,SAC,2026,24137936,0.157764288,0.0695,-0.0883,10633500,24137936,-0.1075,-0.249,-0.7428,25,625,793,0.6061,18.7,80,3,1,0.25,-0.0057,-0.0001,0.0058,0.0219,-0.0209,-0.0186,0.0028,-0.0013,0.0013,0.0057,-0.0054,-0.0008,0.0848
Zion Williamson,NOP,2026,42166510,0.275598105,0.1818,-0.0938,27815400,42166510,0.5727,0.1417,1.1063,25,625,1841,0.6585,25.7,78,6,1,0.25,0.0227,0.0001,-0.008,0.0219,-0.0209,0.0244,-0.0004,0.0353,-0.0003,0.0285,-0.0054,-0.0008,0.0848
Devin Booker,PHO,2026,57078728,0.373063582,0.2787,-0.0943,42641100,57078728,1.259,1.2263,1.0585,29,841,2146,0.8305,32.2,77,7,1,0.3,0.0514,0.0006,-0.0077,-0.0173,0.0169,0.0369,-0.0109,0.0692,-0.0011,0.0361,-0.0054,0.0253,0.0848
Jalen Green,PHO,2026,36251166,0.236935725,0.1419,-0.095,21710700,36251166,0.0409,-0.2882,-0.1608,24,576,828,0.6951,31.9,76,4,1,0.25,0.0005,-0.0001,0.0014,0.0317,-0.0295,-0.0171,-0.0026,0.0676,-0.0019,0.0133,-0.0054,-0.0008,0.0848
Franz Wagner,ORL,2026,41754690,0.272906471,0.1672,-0.1057,25581599,41754690,1.0055,0.9223,0.944,24,576,1019,0.6024,27,82,4,1,0.25,0.0408,0.0004,-0.0068,0.0317,-0.0295,-0.0093,0.003,0.042,0.0028,0.0133,-0.0054,-0.0008,0.0848
Kyrie Irving,DAL,2026,39491282,0.258112954,0.1445,-0.1136,22108500,39491282,0.2697,,,34,1156,,,,74,7,1,0.3,0.0101,-0.0001,0,-0.0663,0.072,-0.0014,-0.0022,-0.0049,-0.0034,0.0361,-0.0054,0.0253,0.0848
Darius Garland,LAC,2026,42166510,0.275598105,0.1536,-0.122,23500799,42166510,0.6221,0.2366,-0.4465,26,676,792,0.572,25.8,73,6,1,0.25,0.0248,0.0001,0.0036,0.0121,-0.012,-0.0186,0.0049,0.0358,-0.0042,0.0285,-0.0054,-0.0008,0.0848
Jayson Tatum,BOS,2026,58456566,0.382069059,0.2535,-0.1286,38785500,58456566,2.1369,2.0394,1.6187,28,784,522,0.5415,30,80,7,1,0.3,0.0881,0.0009,-0.0119,-0.0075,0.0069,-0.0297,0.0068,0.0577,0.0013,0.0361,-0.0054,0.0253,0.0848
Jalen Williams,OKC,2026,41500000,0.27124183,0.1348,-0.1364,20624400,41500000,0.8447,0.7245,1.4398,25,625,936,0.6268,26.2,77,3,1,0.25,0.0341,0.0003,-0.0105,0.0219,-0.0209,-0.0127,0.0016,0.0379,-0.0011,0.0057,-0.0054,-0.0008,0.0848
Jordan Poole,NOP,2026,34044642,0.222514,0.0861,-0.1364,13173300,34044642,-1.1214,-0.6139,-1.5548,27,729,933,0.6768,25.1,76,6,1,0.25,-0.0481,-0.0003,0.0118,0.0023,-0.0027,-0.0128,-0.0015,0.0321,-0.0019,0.0285,-0.0054,-0.0008,0.0848
Stephen Curry,GSW,2026,62587158,0.409066392,0.2688,-0.1402,41126400,62587158,1.259,1.5049,1.2117,38,1444,1329,0.6988,32.5,74,7,1,0.3,0.0514,0.0007,-0.0088,-0.1056,0.1224,0.0034,-0.0029,0.0707,-0.0034,0.0361,-0.0054,0.0253,0.0848
Evan Mobley,CLE,2026,50105628,0.327487765,0.1818,-0.1457,27815400,50105628,1.1477,1.7366,1.0501,25,625,2074,0.778,22.6,83,4,1,0.25,0.0468,0.0008,-0.0076,0.0219,-0.0209,0.034,-0.0077,0.0191,0.0036,0.0133,-0.0054,-0.0008,0.0848
Jaren Jackson Jr.,UTA,2026,49000000,0.320261438,0.1714,-0.1488,26224200,49000000,0.9004,-0.4126,,26,676,,,,82,7,1,0.3,0.0364,-0.0002,0,0.0121,-0.012,-0.0014,-0.0022,-0.0049,0.0028,0.0361,-0.0054,0.0253,0.0848
Paul George,PHI,2026,54126380,0.35376719,0.197,-0.1568,30141000,54126380,0.6901,0.8937,1.074,36,1296,1135,0.5561,23.3,80,7,1,0.3,0.0277,0.0004,-0.0078,-0.0859,0.0965,-0.0045,0.0059,0.0227,0.0013,0.0361,-0.0054,0.0253,0.0848
Jimmy Butler,GSW,2026,56832773,0.371456033,0.2141,-0.1574,32757300,56832773,1.2157,,2.2705,36,1296,1182,0.4878,23.3,78,7,1,0.3,0.0496,-0.0001,-0.0167,-0.0859,0.0965,-0.0026,0.0101,0.0227,-0.0003,0.0361,-0.0054,0.0253,0.0848
Tyrese Haliburton,IND,2026,48924624,0.319768784,0.1572,-0.1626,24051600,48924624,1.6361,,,26,676,,,,77,5,1,0.25,0.0672,-0.0001,0,0.0121,-0.012,-0.0014,-0.0022,-0.0049,-0.0011,0.0209,-0.0054,-0.0008,0.0848
Domantas Sabonis,SAC,2026,45472000,0.297202614,0.1286,-0.1686,19675800,45472000,-0.4166,0.8749,-0.6447,30,900,564,0.572,23,82,7,1,0.3,-0.0186,0.0004,0.005,-0.0271,0.0272,-0.0279,0.0049,0.0212,0.0028,0.0361,-0.0054,0.0253,0.0848
Anthony Davis,WAS,2026,58456566,0.382069059,0.2129,-0.1692,32573700,58456566,1.0117,1.0163,0.9644,33,1089,626,0.461,27.5,82,7,1,0.3,0.0411,0.0005,-0.007,-0.0565,0.0603,-0.0254,0.0117,0.0447,0.0028,0.0361,-0.0054,0.0253,0.0848
Zach LaVine,SAC,2026,48967380,0.320048235,0.1213,-0.1987,18558900,48967380,-1.3997,-0.614,-0.5769,31,961,1224,0.4524,23.7,77,7,1,0.3,-0.0597,-0.0003,0.0045,-0.0369,0.0379,-0.0009,0.0122,0.0248,-0.0011,0.0361,-0.0054,0.0253,0.0848
Victor Wembanyama,SAS,2025,13376880,0.094731743,0.2695,0.1748,38055556,13376880,2.9869,2.7105,1.0574,22,484,1527,0.6753,30.4,88,1,1,0.25,0.1237,0.0013,-0.0077,0.0513,-0.0456,0.0115,-0.0014,0.0598,0.0075,-0.0095,-0.0054,-0.0008,0.0848
Jalen Williams,OKC,2025,6580997,0.046604987,0.2024,0.1558,28580499,6580997,1.5409,2.3289,1.4898,25,625,2237,0.8634,27.5,77,2,1,0.25,0.0632,0.0011,-0.0109,0.0219,-0.0209,0.0406,-0.0129,0.0447,-0.0011,-0.0019,-0.0054,-0.0008,0.0848
Chris Boucher,UTA,2025,2296274,0.016261642,0.1484,0.1321,20955267,2296274,1.1089,0.6262,0.5638,33,1089,862,0.6732,21.2,80,6,1,0.25,0.0452,0.0003,-0.004,-0.0565,0.0603,-0.0157,-0.0013,0.0118,0.0013,0.0285,-0.0054,-0.0008,0.0848
James Wiseman,IND,2025,1131970,0.008016331,0.1392,0.1312,19656153,1131970,-1.0399,-0.1396,0.6801,25,625,5,0.2951,42.2,83,4,1,0.25,-0.0447,-0.0001,-0.0049,0.0219,-0.0209,-0.0509,0.0219,0.1213,0.0036,0.0133,-0.0054,-0.0008,0.0848
Russell Westbrook,SAC,2025,2296274,0.016261642,0.1446,0.1284,20418676,2296274,-0.7346,0.0001,-0.5243,37,1369,2092,0.7573,23.8,76,6,1,0.25,-0.0319,0,0.0041,-0.0957,0.1093,0.0347,-0.0064,0.0254,-0.0019,0.0285,-0.0054,-0.0008,0.0848
Chris Paul,TOR,2025,2296274,0.016261642,0.1385,0.1222,19557308,2296274,0.1814,0.1917,0.525,41,1681,2292,0.8561,14,72,6,1,0.25,0.0064,0.0001,-0.0037,-0.135,0.1639,0.0429,-0.0125,-0.0258,-0.005,0.0285,-0.0054,-0.0008,0.0848
Damian Lillard,POR,2025,14104000,0.099881027,0.2217,0.1218,31305813,14104000,1.0512,1.7769,1.0709,35,1225,2093,0.7622,27.8,74,6,1,0.25,0.0427,0.0008,-0.0078,-0.0761,0.0841,0.0347,-0.0067,0.0462,-0.0034,0.0285,-0.0054,-0.0008,0.0848
Ivica Zubac,IND,2025,18893980,0.133802476,0.2394,0.1056,33805195,18893980,1.9154,1.898,1.1923,29,841,2624,,19.5,84,6,1,0.25,0.0789,0.0009,-0.0087,-0.0173,0.0169,0.0565,-0.0022,0.0029,0.0044,0.0285,-0.0054,-0.0008,0.0848
Cole Anthony,PHO,2025,2296274,0.016261642,0.1215,0.1052,17156772,2296274,0.3369,0.0971,-0.3882,26,676,1234,0.8512,24.6,74,4,1,0.25,0.0129,0,0.0031,0.0121,-0.012,-0.0005,-0.0122,0.0295,-0.0034,0.0133,-0.0054,-0.0008,0.0848
Payton Pritchard,BOS,2025,7232143,0.051216241,0.1543,0.1031,21788394,7232143,1.1665,1.718,1.109,28,784,2271,0.9049,19,73,4,1,0.25,0.0476,0.0008,-0.0081,-0.0075,0.0069,0.042,-0.0155,0.0003,-0.0042,0.0133,-0.0054,-0.0008,0.0848
Moritz Wagner,ORL,2025,5000000,0.035408759,0.1377,0.1023,19444341,5000000,0.4176,1.073,0.6644,29,841,564,0.6146,26.8,83,6,1,0.25,0.0163,0.0005,-0.0047,-0.0173,0.0169,-0.0279,0.0023,0.041,0.0036,0.0285,-0.0054,-0.0008,0.0848
Cam Thomas,BRK,2025,5993172,0.042442156,0.1445,0.102,20404556,5993172,0.0777,0.0595,0.1615,24,576,781,0.5329,32.6,75,3,1,0.25,0.002,0,-0.001,0.0317,-0.0295,-0.019,0.0073,0.0713,-0.0027,0.0057,-0.0054,-0.0008,0.0848
Brook Lopez,LAC,2025,8750000,0.061965328,0.1618,0.0998,22847454,8750000,0.3772,0.3758,0.0001,38,1444,2546,0.9671,15.8,85,6,1,0.25,0.0146,0.0002,0.0002,-0.1056,0.1224,0.0533,-0.0193,-0.0164,0.0052,0.0285,-0.0054,-0.0008,0.0848
Mike Conley,MIN,2025,725834,0.005140176,0.1034,0.0982,14600907,725834,0.0489,0.781,0.6721,38,1444,1756,0.8159,14.4,73,6,1,0.25,0.0008,0.0004,-0.0048,-0.1056,0.1224,0.0209,-0.01,-0.0237,-0.0042,0.0285,-0.0054,-0.0008,0.0848
Josh Okogie,HOU,2025,2296274,0.016261642,0.1135,0.0973,16027108,2296274,1.1319,0.6431,0.436,27,729,351,0.5476,18.1,76,6,1,0.25,0.0461,0.0003,-0.003,0.0023,-0.0027,-0.0367,0.0064,-0.0044,-0.0019,0.0285,-0.0054,-0.0008,0.0848
Kevin Porter Jr.,MIL,2025,5134000,0.036357713,0.1311,0.0947,18512368,5134000,0.2332,0.4204,-0.5756,26,676,884,,25.9,77,5,1,0.25,0.0085,0.0002,0.0045,0.0121,-0.012,-0.0148,-0.0022,0.0363,-0.0011,0.0209,-0.0054,-0.0008,0.0848
Cameron Payne,PHI,2025,712637,0.005046718,0.0995,0.0945,14050196,712637,-0.1067,0.4634,0.1362,31,961,1090,,20.8,74,6,1,0.25,-0.0057,0.0002,-0.0008,-0.0369,0.0379,-0.0064,-0.0022,0.0097,-0.0034,0.0285,-0.0054,-0.0008,0.0848
Ty Jerome,MEM,2025,8781000,0.062184862,0.1562,0.0941,22056689,8781000,1.0628,1.4907,1.8592,28,784,1393,,23.6,77,5,1,0.25,0.0432,0.0007,-0.0137,-0.0075,0.0069,0.006,-0.0022,0.0243,-0.0011,0.0209,-0.0054,-0.0008,0.0848
Monte Morris,IND,2025,321184,0.002274545,0.0929,0.0906,13118223,321184,0.2735,-0.0572,-0.3872,30,900,571,0.5244,18.1,74,6,1,0.25,0.0102,0,0.0031,-0.0271,0.0272,-0.0277,0.0078,-0.0044,-0.0034,0.0285,-0.0054,-0.0008,0.0848
Kris Dunn,LAC,2025,5426400,0.038428418,0.1287,0.0903,18173469,5426400,1.0512,0.68,0.658,32,1024,1783,0.7463,12.7,75,6,1,0.25,0.0427,0.0003,-0.0047,-0.0467,0.0489,0.022,-0.0058,-0.0326,-0.0027,0.0285,-0.0054,-0.0008,0.0848
Christian Braun,DEN,2025,4921797,0.034854944,0.1249,0.09,17636879,4921797,0.8035,0.2636,1.0949,25,625,2675,0.9671,15.8,78,2,1,0.25,0.0324,0.0001,-0.008,0.0219,-0.0209,0.0586,-0.0193,-0.0164,-0.0003,-0.0019,-0.0054,-0.0008,0.0848
Scotty Pippen Jr.,MEM,2025,2270735,0.016080782,0.1059,0.0899,14953927,2270735,0.671,0.8858,0.6923,25,625,1683,0.6982,19.3,74,1,1,0.25,0.0269,0.0004,-0.0049,0.0219,-0.0209,0.0179,-0.0028,0.0019,-0.0034,-0.0095,-0.0054,-0.0008,0.0848
Bones Hyland,MIN,2025,2296274,0.016261642,0.1061,0.0898,14982168,2296274,,0.5248,0.1016,25,625,222,0.3598,29.6,74,3,1,0.25,-0.007,0.0002,-0.0005,0.0219,-0.0209,-0.042,0.0179,0.0556,-0.0034,0.0057,-0.0054,-0.0008,0.0848
Marvin Bagley III,DAL,2025,2296274,0.016261642,0.1055,0.0892,14897444,2296274,-0.1067,0.2995,-0.2174,27,729,166,0.3061,23.3,82,6,1,0.25,-0.0057,0.0001,0.0018,0.0023,-0.0027,-0.0443,0.0212,0.0227,0.0028,0.0285,-0.0054,-0.0008,0.0848
Toumani Camara,POR,2025,2221677,0.015733365,0.1038,0.088,14657390,2221677,0.5731,-0.393,0.3152,26,676,2548,0.9146,14.4,79,1,1,0.25,0.0228,-0.0002,-0.0021,0.0121,-0.012,0.0534,-0.0161,-0.0237,0.0005,-0.0095,-0.0054,-0.0008,0.0848
Gary Payton II,GSW,2025,2296274,0.016261642,0.1033,0.0871,14586786,2296274,0.6768,0.2031,1.1151,33,1089,927,0.5756,16.1,74,6,1,0.25,0.0271,0.0001,-0.0081,-0.0565,0.0603,-0.0131,0.0047,-0.0148,-0.0034,0.0285,-0.0054,-0.0008,0.0848
Shai Gilgeous-Alexander,OKC,2025,38333050,0.271465144,0.3575,0.0861,50481860,38333050,3.6091,4.7172,3.1811,27,729,2598,0.9037,34.8,78,6,1,0.25,0.1497,0.0022,-0.0235,0.0023,-0.0027,0.0554,-0.0154,0.0827,-0.0003,0.0285,-0.0054,-0.0008,0.0848
Al Horford,GSW,2025,5685000,0.040259759,0.1256,0.0853,17735724,5685000,0.2851,0.8161,0.3168,40,1600,1659,0.7573,13.8,80,6,1,0.25,0.0107,0.0004,-0.0021,-0.1252,0.1497,0.0169,-0.0064,-0.0268,0.0013,0.0285,-0.0054,-0.0008,0.0848
Tari Eason,HOU,2025,5675766,0.040194366,0.1238,0.0836,17481550,5675766,1.0858,1.122,1.493,25,625,1420,0.628,19.4,80,2,1,0.25,0.0442,0.0005,-0.0109,0.0219,-0.0209,0.0071,0.0015,0.0024,0.0013,-0.0019,-0.0054,-0.0008,0.0848
Shaedon Sharpe,POR,2025,8399983,0.059486594,0.1421,0.0826,20065656,8399983,-0.0836,-0.6022,-0.0166,23,529,2252,0.7512,25.1,77,2,1,0.25,-0.0047,-0.0003,0.0003,0.0415,-0.0377,0.0413,-0.0061,0.0321,-0.0011,-0.0019,-0.0054,-0.0008,0.0848
De'Anthony Melton,GSW,2025,3080921,0.021818318,0.1041,0.0823,14699752,3080921,0.2563,-0.2191,0.5321,28,784,121,0.3634,23.5,74,6,1,0.25,0.0095,-0.0001,-0.0037,-0.0075,0.0069,-0.0461,0.0177,0.0238,-0.0034,0.0285,-0.0054,-0.0008,0.0848
Jalen Duren,DET,2025,6483144,0.045912016,0.127,0.0811,17933416,6483144,0.7402,1.3854,0.764,22,484,2034,,16.4,82,2,1,0.25,0.0297,0.0006,-0.0055,0.0513,-0.0456,0.0323,-0.0022,-0.0133,0.0028,-0.0019,-0.0054,-0.0008,0.0848
Aaron Wiggins,OKC,2025,10102803,0.071545543,0.1517,0.0802,21421253,10102803,1.2241,0.657,0.9264,27,729,1744,,20.3,77,3,1,0.25,0.05,0.0003,-0.0067,0.0023,-0.0027,0.0204,-0.0022,0.0071,-0.0011,0.0057,-0.0054,-0.0008,0.0848
Deni Avdija,POR,2025,14375000,0.101800181,0.1815,0.0797,25629252,14375000,0.8554,0.6934,0.7089,25,625,2161,,23.2,80,4,1,0.25,0.0346,0.0003,-0.0051,0.0219,-0.0209,0.0375,-0.0022,0.0222,0.0013,0.0133,-0.0054,-0.0008,0.0848
Austin Reaves,LAL,2025,13937574,0.098702439,0.1784,0.0797,25191507,13937574,1.0052,1.0729,1.1859,28,784,2550,0.9012,23.7,77,3,1,0.25,0.0408,0.0005,-0.0086,-0.0075,0.0069,0.0535,-0.0152,0.0248,-0.0011,0.0057,-0.0054,-0.0008,0.0848
Dalano Banton,BOS,2025,131970,0.000934579,0.0805,0.0795,11367244,131970,-0.8153,-0.0869,-0.615,26,676,1120,0.5939,24.1,80,3,1,0.25,-0.0353,-0.0001,0.0048,0.0121,-0.012,-0.0052,0.0036,0.0269,0.0013,0.0057,-0.0054,-0.0008,0.0848
Guerschon Yabusele,CHI,2025,5500000,0.038949635,0.1171,0.0782,16535456,5500000,-0.0087,-1.0047,-0.3501,30,900,1895,0.721,16.3,79,6,1,0.25,-0.0016,-0.0005,0.0028,-0.0271,0.0272,0.0266,-0.0042,-0.0138,0.0005,0.0285,-0.0054,-0.0008,0.0848
Tony Bradley,IND,2025,3204816,0.022695711,0.0996,0.0769,14064316,3204816,0.4118,0.1385,0.6333,28,784,113,0.3402,20.1,82,6,1,0.25,0.016,0.0001,-0.0045,-0.0075,0.0069,-0.0464,0.0191,0.006,0.0028,0.0285,-0.0054,-0.0008,0.0848
Coby White,CHO,2025,12888889,0.091275912,0.1681,0.0768,23737064,12888889,0.2735,0.0138,0.2076,26,676,2450,0.9207,24.4,76,5,1,0.25,0.0102,0,-0.0013,0.0121,-0.012,0.0494,-0.0164,0.0285,-0.0019,0.0209,-0.0054,-0.0008,0.0848
Gary Trent Jr.,MIL,2025,3697105,0.02618198,0.1028,0.0767,14516182,3697105,0.1698,-0.3295,,27,729,,,,77,6,1,0.25,0.0059,-0.0002,0,0.0023,-0.0027,-0.0014,-0.0022,-0.0049,-0.0011,0.0285,-0.0054,-0.0008,0.0848
Javonte Green,DET,2025,2296274,0.016261642,0.0929,0.0766,13118223,2296274,0.5904,-1.0612,-0.3782,32,1024,1092,0.4159,10.9,77,5,1,0.25,0.0235,-0.0005,0.003,-0.0467,0.0489,-0.0063,0.0145,-0.042,-0.0011,0.0209,-0.0054,-0.0008,0.0848
Paolo Banchero,ORL,2025,15334769,0.108597027,0.185,0.0764,26123480,15334769,0.4233,1.1173,0.4876,23,529,1582,,33.6,82,2,1,0.25,0.0165,0.0005,-0.0034,0.0415,-0.0377,0.0138,-0.0022,0.0765,0.0028,-0.0019,-0.0054,-0.0008,0.0848
Amen Thompson,HOU,2025,9690600,0.068626423,0.145,0.0764,20475160,9690600,1.4545,1.2056,1.5728,23,529,2225,0.8095,17.5,79,1,1,0.25,0.0596,0.0006,-0.0115,0.0415,-0.0377,0.0401,-0.0096,-0.0075,0.0005,-0.0095,-0.0054,-0.0008,0.0848
Jevon Carter,ORL,2025,871000,0.006168206,0.0815,0.0754,11508452,871000,0.1353,0.3529,-0.5131,30,900,321,,21,72,6,1,0.25,0.0045,0.0002,0.0041,-0.0271,0.0272,-0.0379,-0.0022,0.0107,-0.005,0.0285,-0.0054,-0.0008,0.0848
Keon Johnson,BRK,2025,2349578,0.016639128,0.0914,0.0748,12906411,2349578,-1.0399,-1.3233,-0.7402,24,576,1925,0.5976,21.7,77,3,1,0.25,-0.0447,-0.0006,0.0058,0.0317,-0.0295,0.0278,0.0033,0.0144,-0.0011,0.0057,-0.0054,-0.0008,0.0848
Mason Plumlee,OKC,2025,2296274,0.016261642,0.0888,0.0726,12539270,2296274,0.2735,0.5347,-0.3545,36,1296,1300,0.7561,10.8,84,6,1,0.25,0.0102,0.0002,0.0029,-0.0859,0.0965,0.0022,-0.0064,-0.0425,0.0044,0.0285,-0.0054,-0.0008,0.0848
Keon Ellis,CLE,2025,2301587,0.016299268,0.0879,0.0716,12412183,2301587,0.7056,0.6124,0.9302,26,676,1948,0.7354,12.7,76,2,1,0.25,0.0283,0.0003,-0.0067,0.0121,-0.012,0.0288,-0.0051,-0.0326,-0.0019,-0.0019,-0.0054,-0.0008,0.0848
Bryce McGowens,NOP,2025,724598,0.005131423,0.0765,0.0713,10802412,724598,-1.0226,0.1915,-3.7146,23,529,32,0.3095,26.8,78,2,1,0.25,-0.044,0.0001,0.028,0.0415,-0.0377,-0.0498,0.021,0.041,-0.0003,-0.0019,-0.0054,-0.0008,0.0848
D'Angelo Russell,WAS,2025,5685000,0.040259759,0.1112,0.071,15702329,5685000,0.1065,0.6509,-0.2943,30,900,763,0.5866,22.1,75,6,1,0.25,0.0032,0.0003,0.0024,-0.0271,0.0272,-0.0198,0.004,0.0165,-0.0027,0.0285,-0.0054,-0.0008,0.0848
Kelly Oubre Jr.,PHI,2025,8382150,0.059360305,0.1301,0.0707,18371160,8382150,-0.1873,-1.008,0.1128,30,900,2078,,18.9,80,6,1,0.25,-0.009,-0.0005,-0.0006,-0.0271,0.0272,0.0341,-0.0022,-0.0002,0.0013,0.0285,-0.0054,-0.0008,0.0848
Dyson Daniels,ATL,2025,7707709,0.054584082,0.1252,0.0706,17679241,7707709,0.3542,0.8271,1.2736,23,529,2571,0.8305,18.2,79,2,1,0.25,0.0136,0.0004,-0.0093,0.0415,-0.0377,0.0543,-0.0109,-0.0039,0.0005,-0.0019,-0.0054,-0.0008,0.0848
Sandro Mamukelashvili,TOR,2025,2461463,0.01743147,0.0871,0.0697,12299216,2461463,0.3599,0.8615,0.519,27,729,681,0.5866,20.8,81,3,1,0.25,0.0138,0.0004,-0.0037,0.0023,-0.0027,-0.0231,0.004,0.0097,0.002,0.0057,-0.0054,-0.0008,0.0848
Julian Champagnie,SAS,2025,3000000,0.021245255,0.0887,0.0675,12525149,3000000,-0.0491,-0.7905,-0.1665,24,576,1932,0.7756,17.2,79,2,1,0.25,-0.0033,-0.0004,0.0015,0.0317,-0.0295,0.0281,-0.0076,-0.0091,0.0005,-0.0019,-0.0054,-0.0008,0.0848
Jose Alvarado,NYK,2025,4500000,0.031867883,0.0984,0.0665,13894867,4500000,0.2793,-0.6405,-0.2809,28,784,1366,,19.8,72,3,1,0.25,0.0105,-0.0003,0.0023,-0.0075,0.0069,0.0049,-0.0022,0.0045,-0.005,0.0057,-0.0054,-0.0008,0.0848
Marcus Smart,LAL,2025,5134000,0.036357713,0.0984,0.062,13894867,5134000,0.0719,-0.003,0.0551,32,1024,400,0.3378,20,75,6,1,0.25,0.0018,0,-0.0002,-0.0467,0.0489,-0.0347,0.0192,0.0055,-0.0027,0.0285,-0.0054,-0.0008,0.0848
Justin Champagnie,WAS,2025,2349578,0.016639128,0.0776,0.0609,10957740,2349578,-0.0836,-0.7634,0.4491,24,576,1340,0.4378,15.6,78,3,1,0.25,-0.0047,-0.0004,-0.0031,0.0317,-0.0295,0.0039,0.0131,-0.0174,-0.0003,0.0057,-0.0054,-0.0008,0.0848
Leonard Miller,CHI,2025,2221677,0.015733365,0.0765,0.0607,10802412,2221677,-0.5272,-0.1513,0.4882,22,484,32,0.1768,27.8,82,1,1,0.25,-0.0232,-0.0001,-0.0034,0.0513,-0.0456,-0.0498,0.0291,0.0462,0.0028,-0.0095,-0.0054,-0.0008,0.0848
Cam Whitmore,WAS,2025,3539760,0.025067702,0.0853,0.0602,12045042,3539760,-0.0087,-0.057,0.2412,21,441,827,0.6037,23.9,78,1,1,0.25,-0.0016,0,-0.0016,0.0611,-0.0531,-0.0172,0.003,0.0259,-0.0003,-0.0095,-0.0054,-0.0008,0.0848
Kenrich Williams,OKC,2025,7163000,0.050726588,0.1101,0.0594,15547000,7163000,0.913,0.0322,0.4498,31,961,1132,0.8024,15.4,79,6,1,0.25,0.037,0,-0.0031,-0.0369,0.0379,-0.0047,-0.0092,-0.0185,0.0005,0.0285,-0.0054,-0.0008,0.0848
Day'Ron Sharpe,BRK,2025,6250000,0.044260948,0.1032,0.0589,14572665,6250000,0.7171,0.6855,0.6003,24,576,908,,19.9,82,3,1,0.25,0.0288,0.0003,-0.0043,0.0317,-0.0295,-0.0138,-0.0022,0.005,0.0028,0.0057,-0.0054,-0.0008,0.0848
Clint Capela,HOU,2025,6700000,0.047447737,0.1062,0.0588,14996289,6700000,0.3139,0.2931,-0.4067,32,1024,1176,0.761,16.7,82,6,1,0.25,0.0119,0.0001,0.0033,-0.0467,0.0489,-0.0029,-0.0067,-0.0117,0.0028,0.0285,-0.0054,-0.0008,0.0848
Tim Hardaway Jr.,DEN,2025,2296274,0.016261642,0.0741,0.0578,10463512,2296274,-0.6597,-0.6769,,34,1156,,,,77,6,1,0.25,-0.0288,-0.0003,0,-0.0663,0.072,-0.0014,-0.0022,-0.0049,-0.0011,0.0285,-0.0054,-0.0008,0.0848
Goga Bitadze,ORL,2025,8333333,0.059014595,0.1164,0.0573,16436611,8333333,0.913,1.39,0.7252,26,676,1430,0.6951,14.3,83,5,1,0.25,0.037,0.0006,-0.0052,0.0121,-0.012,0.0076,-0.0026,-0.0242,0.0036,0.0209,-0.0054,-0.0008,0.0848
Svi Mykhailiuk,UTA,2025,3675000,0.026025438,0.0827,0.0567,11677901,3675000,-0.7116,-1.0762,-0.7902,29,841,760,0.428,20.3,79,6,1,0.25,-0.031,-0.0005,0.0061,-0.0173,0.0169,-0.0199,0.0137,0.0071,0.0005,0.0285,-0.0054,-0.0008,0.0848
Josh Minott,BRK,2025,2378870,0.016846567,0.0734,0.0566,10364667,2378870,0.7862,-0.1206,0.6269,23,529,276,0.4341,17.2,80,2,1,0.25,0.0317,-0.0001,-0.0045,0.0415,-0.0377,-0.0398,0.0134,-0.0091,0.0013,-0.0019,-0.0054,-0.0008,0.0848
Jeremiah Robinson-Earl,DAL,2025,131970,0.000934579,0.0574,0.0565,8105339,131970,-0.2219,-1.555,-0.9673,25,625,1239,,14.4,81,3,1,0.25,-0.0105,-0.0007,0.0074,0.0219,-0.0209,-0.0003,-0.0022,-0.0237,0.002,0.0057,-0.0054,-0.0008,0.0848
Derrick Jones Jr.,LAC,2025,10000000,0.070817517,0.1272,0.0564,17961657,10000000,0.6941,-0.0845,0.6407,29,841,1873,0.9037,16.5,78,6,1,0.25,0.0278,-0.0001,-0.0046,-0.0173,0.0169,0.0257,-0.0154,-0.0127,-0.0003,0.0285,-0.0054,-0.0008,0.0848
Brice Sensabaugh,UTA,2025,2693760,0.01907654,0.0754,0.0563,10647083,2693760,-0.4466,-1.2378,-0.303,22,484,1432,0.6875,21.5,78,1,1,0.25,-0.0199,-0.0006,0.0025,0.0513,-0.0456,0.0076,-0.0022,0.0134,-0.0003,-0.0095,-0.0054,-0.0008,0.0848
Walker Kessler,UTA,2025,4878938,0.034551428,0.0901,0.0555,12722840,4878938,0.5213,0.5022,0.2227,24,576,1740,0.7683,13.7,86,2,1,0.25,0.0206,0.0002,-0.0014,0.0317,-0.0295,0.0203,-0.0071,-0.0273,0.006,-0.0019,-0.0054,-0.0008,0.0848
Jalen Smith,CHI,2025,9000000,0.063735766,0.1189,0.0552,16789631,9000000,0.7978,1.4574,-0.1646,26,676,962,0.7793,21,80,4,1,0.25,0.0322,0.0007,0.0015,0.0121,-0.012,-0.0116,-0.0078,0.0107,0.0013,0.0133,-0.0054,-0.0008,0.0848
Buddy Hield,ATL,2025,9219512,0.065290295,0.1202,0.0549,16973201,9219512,-0.1816,-0.0133,-0.0855,33,1089,1863,0.8854,20.5,76,6,1,0.25,-0.0088,0,0.0009,-0.0565,0.0603,0.0253,-0.0143,0.0081,-0.0019,0.0285,-0.0054,-0.0008,0.0848
Thomas Bryant,CLE,2025,2296274,0.016261642,0.0705,0.0542,9955163,2296274,-0.4869,0.3746,-0.2648,28,784,848,0.5805,17.6,81,6,1,0.25,-0.0216,0.0002,0.0022,-0.0075,0.0069,-0.0163,0.0044,-0.007,0.002,0.0285,-0.0054,-0.0008,0.0848
Bub Carrington,WAS,2025,4677600,0.033125602,0.0859,0.0527,12129767,4677600,,-2.9197,-1.5743,20,400,2458,1,15.8,76,0,1,0.25,-0.007,-0.0014,0.012,0.0709,-0.0603,0.0497,-0.0213,-0.0164,-0.0019,-0.0171,-0.0054,-0.0008,0.0848
Brandon Williams,DAL,2025,2270735,0.016080782,0.0685,0.0524,9672748,2270735,-0.0087,0.0395,0.387,26,676,487,0.3293,22.6,73,1,1,0.25,-0.0016,0,-0.0027,0.0121,-0.012,-0.0311,0.0198,0.0191,-0.0042,-0.0095,-0.0054,-0.0008,0.0848
Kevin Love,UTA,2025,4150000,0.02938927,0.0812,0.0518,11466089,4150000,-0.6597,1.2204,0.1147,37,1369,251,,24.6,82,6,1,0.25,-0.0288,0.0006,-0.0006,-0.0957,0.1093,-0.0408,-0.0022,0.0295,0.0028,0.0285,-0.0054,-0.0008,0.0848
Wendell Carter Jr.,ORL,2025,10850000,0.076837006,0.1282,0.0513,18102865,10850000,0.3542,0.1182,-0.1761,27,729,1758,,16,82,6,1,0.25,0.0136,0,0.0015,0.0023,-0.0027,0.021,-0.0022,-0.0153,0.0028,0.0285,-0.0054,-0.0008,0.0848
Landry Shamet,NYK,2025,2296274,0.016261642,0.0675,0.0512,9531540,2296274,-0.0721,-1.4253,-0.4051,29,841,762,0.5707,14.8,77,6,1,0.25,-0.0042,-0.0007,0.0032,-0.0173,0.0169,-0.0198,0.005,-0.0216,-0.0011,0.0285,-0.0054,-0.0008,0.0848
Luka Garza,BOS,2025,2461463,0.01743147,0.0681,0.0507,9616264,2461463,-0.1355,-0.0978,-0.2841,27,729,219,,26.2,82,2,1,0.25,-0.0069,-0.0001,0.0023,0.0023,-0.0027,-0.0421,-0.0022,0.0379,0.0028,-0.0019,-0.0054,-0.0008,0.0848
P.J. Washington,DAL,2025,14152174,0.100222183,0.1503,0.0501,21223562,14152174,0.5443,-0.2355,0.0635,27,729,1835,,20.4,79,5,1,0.25,0.0216,-0.0001,-0.0002,0.0023,-0.0027,0.0242,-0.0022,0.0076,0.0005,0.0209,-0.0054,-0.0008,0.0848
James Harden,CLE,2025,39182693,0.277482104,0.3275,0.05,46245620,39182693,2.7104,2.59,0.9664,36,1296,2789,0.8866,29.6,77,6,1,0.25,0.1121,0.0012,-0.007,-0.0859,0.0965,0.0633,-0.0143,0.0556,-0.0011,0.0285,-0.0054,-0.0008,0.0848
Jared McCain,OKC,2025,4221360,0.029894624,0.079,0.0491,11155432,4221360,-0.2795,-0.7976,-0.2021,22,484,592,0.2805,24.7,75,0,1,0.25,-0.0129,-0.0004,0.0017,0.0513,-0.0456,-0.0268,0.0228,0.03,-0.0027,-0.0171,-0.0054,-0.0008,0.0848
Taurean Prince,MIL,2025,3303774,0.023396507,0.0719,0.0485,10152855,3303774,-0.6021,-0.7529,-0.096,32,1024,2166,0.9049,12.5,78,6,1,0.25,-0.0264,-0.0004,0.0009,-0.0467,0.0489,0.0377,-0.0155,-0.0336,-0.0003,0.0285,-0.0054,-0.0008,0.0848
T.J. McConnell,IND,2025,10200000,0.072233868,0.1203,0.0481,16987322,10200000,0.0604,0.5342,0.4796,34,1156,1415,0.9244,23.4,73,6,1,0.25,0.0013,0.0002,-0.0034,-0.0663,0.072,0.0069,-0.0167,0.0233,-0.0042,0.0285,-0.0054,-0.0008,0.0848
Brandin Podziemski,GSW,2025,3687960,0.026117217,0.0741,0.048,10463512,3687960,0.118,0.5703,0.8547,23,529,1716,0.8262,18.3,76,1,1,0.25,0.0037,0.0003,-0.0062,0.0415,-0.0377,0.0193,-0.0106,-0.0033,-0.0019,-0.0095,-0.0054,-0.0008,0.0848
Stephon Castle,SAS,2025,9560520,0.067705229,0.1151,0.0474,16253040,9560520,-0.2392,-0.96,-0.4699,21,441,2162,0.9878,26,78,0,1,0.25,-0.0112,-0.0005,0.0037,0.0611,-0.0531,0.0376,-0.0205,0.0368,-0.0003,-0.0171,-0.0054,-0.0008,0.0848
Trendon Watford,PHI,2025,2461463,0.01743147,0.0647,0.0473,9136157,2461463,-0.8153,-0.9591,-0.5929,25,625,913,0.65,23.3,80,3,1,0.25,-0.0353,-0.0005,0.0047,0.0219,-0.0209,-0.0136,0.0001,0.0227,0.0013,0.0057,-0.0054,-0.0008,0.0848
Norman Powell,MIA,2025,20482758,0.145053807,0.1894,0.0443,26744795,20482758,0.769,0.7001,1.1298,33,1089,1958,0.7902,26.1,75,6,1,0.25,0.0309,0.0003,-0.0082,-0.0565,0.0603,0.0292,-0.0084,0.0374,-0.0027,0.0285,-0.0054,-0.0008,0.0848
Deandre Ayton,LAL,2025,8104000,0.057390516,0.1017,0.0443,14360853,8104000,-0.3313,0.0297,-0.2729,27,729,1206,0.6085,19.4,84,6,1,0.25,-0.0151,0,0.0023,0.0023,-0.0027,-0.0016,0.0027,0.0024,0.0044,0.0285,-0.0054,-0.0008,0.0848
Aaron Holiday,HOU,2025,2296274,0.016261642,0.0603,0.044,8514842,2296274,-0.0548,-0.7437,-0.2828,29,841,792,0.8171,16.8,72,6,1,0.25,-0.0035,-0.0004,0.0023,-0.0173,0.0169,-0.0186,-0.0101,-0.0112,-0.005,0.0285,-0.0054,-0.0008,0.0848
Jay Huff,IND,2025,2349578,0.016639128,0.06,0.0433,8472480,2349578,0.0143,0.8833,0.19,27,729,748,0.5793,19.6,85,1,1,0.25,-0.0006,0.0004,-0.0012,0.0023,-0.0027,-0.0204,0.0045,0.0034,0.0052,-0.0095,-0.0054,-0.0008,0.0848
Jordan McLaughlin,SAS,2025,2296274,0.016261642,0.0592,0.043,8359513,2296274,0.6249,0.0084,-0.8597,30,900,190,0.4805,14,71,4,1,0.25,0.0249,0,0.0066,-0.0271,0.0272,-0.0433,0.0105,-0.0258,-0.0058,0.0133,-0.0054,-0.0008,0.0848
Bobi Klintman,DET,2025,1955377,0.013847494,0.0566,0.0427,7992372,1955377,-0.026,0.127,,23,529,,,,81,0,1,0.25,-0.0023,0,0,0.0415,-0.0377,-0.0014,-0.0022,-0.0049,0.002,-0.0171,-0.0054,-0.0008,0.0848
Neemias Queta,BOS,2025,2349578,0.016639128,0.0581,0.0414,8204184,2349578,0.2793,0.0617,0.0798,26,676,863,0.4927,13.7,84,2,1,0.25,0.0105,0,-0.0004,0.0121,-0.012,-0.0157,0.0098,-0.0273,0.0044,-0.0019,-0.0054,-0.0008,0.0848
Jakob Poeltl,TOR,2025,19500000,0.138094159,0.1793,0.0412,25318594,19500000,1.4315,0.2276,0.7909,30,900,1686,,18.7,84,6,1,0.25,0.0586,0.0001,-0.0057,-0.0271,0.0272,0.0181,-0.0022,-0.0013,0.0044,0.0285,-0.0054,-0.0008,0.0848
Andre Drummond,PHI,2025,5000000,0.035408759,0.0766,0.0412,10816532,5000000,-0.5042,-0.091,-1.0679,32,1024,751,0.6963,19.1,83,6,1,0.25,-0.0223,-0.0001,0.0082,-0.0467,0.0489,-0.0203,-0.0027,0.0008,0.0036,0.0285,-0.0054,-0.0008,0.0848
Keyonte George,UTA,2025,4278960,0.030302532,0.0715,0.0412,10096372,4278960,-1.3856,-1.1267,-0.9308,22,484,2109,0.8537,24.3,76,1,1,0.25,-0.0591,-0.0005,0.0072,0.0513,-0.0456,0.0354,-0.0123,0.028,-0.0019,-0.0095,-0.0054,-0.0008,0.0848
JD Davison,BOS,2025,2270735,0.016080782,0.057,0.041,8048856,2270735,-0.8556,-0.2903,-2.4129,23,529,93,0.1585,23.6,73,1,1,0.25,-0.037,-0.0001,0.0182,0.0415,-0.0377,-0.0473,0.0302,0.0243,-0.0042,-0.0095,-0.0054,-0.0008,0.0848
Larry Nance Jr.,CLE,2025,2296274,0.016261642,0.0567,0.0405,8006493,2296274,-0.268,0.3098,0.0529,33,1089,463,0.528,15.7,78,6,1,0.25,-0.0124,0.0001,-0.0002,-0.0565,0.0603,-0.0321,0.0076,-0.0169,-0.0003,0.0285,-0.0054,-0.0008,0.0848
Garrison Mathews,IND,2025,429325,0.003040373,0.0434,0.0403,6128427,429325,-0.3486,-0.222,-0.5028,29,841,830,,15.9,77,4,1,0.25,-0.0158,-0.0001,0.004,-0.0173,0.0169,-0.017,-0.0022,-0.0159,-0.0011,0.0133,-0.0054,-0.0008,0.0848
Bobby Portis,MIL,2025,13445754,0.095219492,0.1346,0.0394,19006596,13445754,0.2102,0.7461,0.4475,31,961,1244,0.7695,24.1,81,6,1,0.25,0.0076,0.0003,-0.0031,-0.0369,0.0379,-0.0001,-0.0072,0.0269,0.002,0.0285,-0.0054,-0.0008,0.0848
Miles McBride,NYK,2025,4333333,0.030687589,0.0698,0.0391,9856318,4333333,-0.026,0.1805,0.5814,25,625,1593,0.7951,16.8,74,3,1,0.25,-0.0023,0.0001,-0.0041,0.0219,-0.0209,0.0142,-0.0087,-0.0112,-0.0034,0.0057,-0.0054,-0.0008,0.0848
Brandon Clarke,MEM,2025,12500000,0.088521897,0.1273,0.0388,17975778,12500000,1.201,0.3203,1.0978,29,841,1207,0.5488,15.3,80,5,1,0.25,0.049,0.0001,-0.008,-0.0173,0.0169,-0.0016,0.0063,-0.019,0.0013,0.0209,-0.0054,-0.0008,0.0848
Seth Curry,GSW,2025,1755198,0.012429876,0.051,0.0386,7201608,1755198,-0.8037,-1.5604,-0.2831,35,1225,1062,,15.7,73,6,1,0.25,-0.0348,-0.0007,0.0023,-0.0761,0.0841,-0.0075,-0.0022,-0.0169,-0.0042,0.0285,-0.0054,-0.0008,0.0848
Patrick Baldwin Jr.,PHI,2025,131970,0.000934579,0.0394,0.0385,5563595,131970,-0.0664,0.1514,0.0907,23,529,101,0.3488,16.5,84,2,1,0.25,-0.004,0.0001,-0.0005,0.0415,-0.0377,-0.0469,0.0186,-0.0127,0.0044,-0.0019,-0.0054,-0.0008,0.0848
Saddiq Bey,NOP,2025,6118644,0.043330718,0.0816,0.0383,11522572,6118644,-0.0318,,,27,729,,,,80,4,1,0.25,-0.0025,-0.0001,0,0.0023,-0.0027,-0.0014,-0.0022,-0.0049,0.0013,0.0133,-0.0054,-0.0008,0.0848
Jaden Springer,NOP,2025,70732,0.000500906,0.0387,0.0382,5464749,70732,-0.2104,-0.0836,-0.7226,23,529,224,0.2598,14.1,76,3,1,0.25,-0.01,-0.0001,0.0056,0.0415,-0.0377,-0.0419,0.024,-0.0253,-0.0019,0.0057,-0.0054,-0.0008,0.0848
Dwight Powell,DAL,2025,4000000,0.028327007,0.0663,0.038,9362090,4000000,0.9936,-0.3996,-0.5362,34,1156,551,0.7512,7.6,82,6,1,0.25,0.0403,-0.0002,0.0042,-0.0663,0.072,-0.0285,-0.0061,-0.0592,0.0028,0.0285,-0.0054,-0.0008,0.0848
Ziaire Williams,BRK,2025,6250000,0.044260948,0.0821,0.0378,11593176,6250000,-0.3544,-0.668,-0.2588,24,576,1541,0.661,18.2,81,3,1,0.25,-0.016,-0.0003,0.0022,0.0317,-0.0295,0.0121,-0.0005,-0.0039,0.002,0.0057,-0.0054,-0.0008,0.0848
Kyle Filipowski,UTA,2025,3000000,0.021245255,0.0578,0.0365,8161822,3000000,-0.3025,-0.586,-0.6175,22,484,1522,0.878,18.7,83,0,1,0.25,-0.0139,-0.0003,0.0048,0.0513,-0.0456,0.0113,-0.0138,-0.0013,0.0036,-0.0171,-0.0054,-0.0008,0.0848
Onyeka Okongwu,ATL,2025,15000000,0.106226276,0.1423,0.036,20093898,15000000,0.8842,0.8722,0.3838,25,625,2064,0.8476,17.3,82,4,1,0.25,0.0358,0.0004,-0.0026,0.0219,-0.0209,0.0335,-0.012,-0.0086,0.0028,0.0133,-0.0054,-0.0008,0.0848
Naji Marshall,DAL,2025,9000000,0.063735766,0.0997,0.036,14078437,9000000,-0.4523,-0.5174,0.28,28,784,1919,,20,78,4,1,0.25,-0.0201,-0.0003,-0.0019,-0.0075,0.0069,0.0276,-0.0022,0.0055,-0.0003,0.0133,-0.0054,-0.0008,0.0848
Daniss Jenkins,DET,2025,3809524,0.026978103,0.0626,0.0357,8839620,3809524,-0.6712,0.1424,-4.0609,24,576,23,0.0854,21.8,76,0,1,0.25,-0.0293,0.0001,0.0305,0.0317,-0.0295,-0.0501,0.0347,0.0149,-0.0019,-0.0171,-0.0054,-0.0008,0.0848
Collin Sexton,CHI,2025,18975000,0.134376239,0.1694,0.035,23920635,18975000,0.1698,-1.166,0.14,27,729,1758,,27,75,6,1,0.25,0.0059,-0.0006,-0.0008,0.0023,-0.0027,0.021,-0.0022,0.042,-0.0027,0.0285,-0.0054,-0.0008,0.0848
Jarrett Allen,CLE,2025,20000000,0.141635035,0.1764,0.0348,24909091,20000000,1.6561,2.2587,1.4133,28,784,2296,0.9476,15.9,81,6,1,0.25,0.068,0.001,-0.0103,-0.0075,0.0069,0.0431,-0.0181,-0.0159,0.002,0.0285,-0.0054,-0.0008,0.0848
Charles Bassey,PHI,2025,263940,0.001869158,0.0365,0.0346,5154092,263940,-0.2507,0.4814,-0.6665,25,625,376,,17.5,82,3,1,0.25,-0.0117,0.0002,0.0052,0.0219,-0.0209,-0.0357,-0.0022,-0.0075,0.0028,0.0057,-0.0054,-0.0008,0.0848
Lonzo Ball,UTA,2025,10000000,0.070817517,0.1049,0.0341,14812719,10000000,0.9591,0.6826,0.3556,28,784,777,,15.9,77,6,1,0.25,0.0389,0.0003,-0.0024,-0.0075,0.0069,-0.0192,-0.0022,-0.0159,-0.0011,0.0285,-0.0054,-0.0008,0.0848
Luke Kornet,SAS,2025,11000000,0.077899269,0.1116,0.0337,15758812,11000000,1.0916,1.4226,1.2512,30,900,1361,,11.4,85,6,1,0.25,0.0444,0.0007,-0.0091,-0.0271,0.0272,0.0047,-0.0022,-0.0393,0.0052,0.0285,-0.0054,-0.0008,0.0848
Mark Williams,PHO,2025,6276531,0.044448834,0.0779,0.0335,11000103,6276531,-0.5791,0.8817,0.5337,24,576,1171,0.4427,21.4,85,2,1,0.25,-0.0254,0.0004,-0.0038,0.0317,-0.0295,-0.0031,0.0128,0.0128,0.0052,-0.0019,-0.0054,-0.0008,0.0848
Jalen Wilson,BRK,2025,2221677,0.015733365,0.0481,0.0324,6792104,2221677,-0.8901,-1.8699,-0.8629,25,625,2031,0.7988,16.6,78,1,1,0.25,-0.0384,-0.0009,0.0067,0.0219,-0.0209,0.0322,-0.009,-0.0122,-0.0003,-0.0095,-0.0054,-0.0008,0.0848
Tyler Smith,MIL,2025,1955377,0.013847494,0.0463,0.0324,6537930,1955377,-0.4869,-0.0224,-0.3946,21,441,122,0.2805,22.1,81,0,1,0.25,-0.0216,0,0.0032,0.0611,-0.0531,-0.0461,0.0228,0.0165,0.002,-0.0171,-0.0054,-0.0008,0.0848
Kevon Looney,NOP,2025,8000000,0.056654014,0.0887,0.0321,12525149,8000000,0.7978,0.8428,0.3178,30,900,1142,0.9341,13.3,81,6,1,0.25,0.0322,0.0004,-0.0021,-0.0271,0.0272,-0.0042,-0.0173,-0.0294,0.002,0.0285,-0.0054,-0.0008,0.0848
Ryan Rollins,MIL,2025,4000000,0.028327007,0.06,0.0317,8472480,4000000,-0.2277,-0.2524,0.2582,23,529,820,0.4073,18.4,75,2,1,0.25,-0.0107,-0.0001,-0.0017,0.0415,-0.0377,-0.0174,0.015,-0.0028,-0.0027,-0.0019,-0.0054,-0.0008,0.0848
Donte DiVincenzo,MIN,2025,11990000,0.084910203,0.116,0.0311,16380128,11990000,0.3196,0.691,0.878,29,841,1606,0.85,19.4,76,6,1,0.25,0.0122,0.0003,-0.0063,-0.0173,0.0169,0.0148,-0.0121,0.0024,-0.0019,0.0285,-0.0054,-0.0008,0.0848
Mo Bamba,TOR,2025,194771,0.00137932,0.0325,0.0311,4589260,194771,-1.1148,0.7757,-1.0013,28,784,352,0.4768,16.5,84,6,1,0.25,-0.0478,0.0004,0.0077,-0.0075,0.0069,-0.0366,0.0107,-0.0127,0.0044,0.0285,-0.0054,-0.0008,0.0848
Precious Achiuwa,SAC,2025,2111516,0.014953232,0.0454,0.0304,6410843,2111516,-0.6424,-0.1815,-0.6367,26,676,1170,0.661,14.9,80,4,1,0.25,-0.0281,-0.0001,0.005,0.0121,-0.012,-0.0031,-0.0005,-0.0211,0.0013,0.0133,-0.0054,-0.0008,0.0848
Alex Sarr,WAS,2025,11808240,0.083623024,0.1137,0.0301,16055349,11808240,,-1.2489,-1.3661,21,441,1814,0.8171,23.5,84,0,1,0.25,-0.007,-0.0006,0.0104,0.0611,-0.0531,0.0233,-0.0101,0.0238,0.0044,-0.0171,-0.0054,-0.0008,0.0848
Chet Holmgren,OKC,2025,13731368,0.097242139,0.1264,0.0291,17848691,13731368,1.1722,1.4381,0.6782,24,576,877,,22,85,2,1,0.25,0.0478,0.0007,-0.0048,0.0317,-0.0295,-0.0151,-0.0022,0.016,0.0052,-0.0019,-0.0054,-0.0008,0.0848
Keegan Murray,SAC,2025,11144093,0.0789197,0.108,0.0291,15250464,11144093,0.262,-0.1692,-0.1873,25,625,2610,0.9402,15,80,2,1,0.25,0.0098,-0.0001,0.0016,0.0219,-0.0209,0.0559,-0.0176,-0.0206,0.0013,-0.0019,-0.0054,-0.0008,0.0848
DeMar DeRozan,SAC,2025,24570000,0.17399864,0.2029,0.0289,28651103,24570000,0.3715,0.546,0.7659,36,1296,2768,0.939,25,78,6,1,0.25,0.0143,0.0002,-0.0055,-0.0859,0.0965,0.0624,-0.0176,0.0316,-0.0003,0.0285,-0.0054,-0.0008,0.0848
Dean Wade,CLE,2025,6623456,0.046905671,0.0753,0.0284,10632962,6623456,0.5501,0.1724,0.1926,29,841,1252,,10.4,81,5,1,0.25,0.0218,0.0001,-0.0012,-0.0173,0.0169,0.0003,-0.0022,-0.0446,0.002,0.0209,-0.0054,-0.0008,0.0848
Dereck Lively II,DAL,2025,5253360,0.037202991,0.0656,0.0284,9263244,5253360,0.6998,0.8123,0.7973,22,484,833,0.5259,13.6,85,1,1,0.25,0.0281,0.0004,-0.0057,0.0513,-0.0456,-0.0169,0.0077,-0.0279,0.0052,-0.0095,-0.0054,-0.0008,0.0848
Anthony Black,ORL,2025,7970280,0.056443544,0.0848,0.0283,11974438,7970280,-0.1412,-0.3971,-0.3497,22,484,1887,0.9101,19.6,79,1,1,0.25,-0.0071,-0.0002,0.0028,0.0513,-0.0456,0.0263,-0.0158,0.0034,0.0005,-0.0095,-0.0054,-0.0008,0.0848
Tyus Jones,DAL,2025,7000000,0.049572262,0.0778,0.0282,10985982,7000000,-0.7173,-0.0648,0.0148,30,900,2174,0.9305,16.2,72,6,1,0.25,-0.0312,0,0.0001,-0.0271,0.0272,0.0381,-0.017,-0.0143,-0.005,0.0285,-0.0054,-0.0008,0.0848
Royce O'Neale,PHO,2025,10125000,0.071702736,0.0996,0.0279,14064316,10125000,-0.3313,0.2283,0.0407,33,1089,1837,,15.5,78,6,1,0.25,-0.0151,0.0001,-0.0001,-0.0565,0.0603,0.0242,-0.0022,-0.018,-0.0003,0.0285,-0.0054,-0.0008,0.0848
Jaime Jaquez Jr.,MIA,2025,3861600,0.027346893,0.0552,0.0279,7794681,3861600,-0.3429,-0.1718,-0.1505,25,625,1368,0.846,20.2,78,1,1,0.25,-0.0155,-0.0001,0.0013,0.0219,-0.0209,0.005,-0.0119,0.0066,-0.0003,-0.0095,-0.0054,-0.0008,0.0848
Gary Harris,MIL,2025,3634153,0.025736169,0.0532,0.0275,7512265,3634153,0.3484,-1.3281,-0.3308,31,961,711,0.6073,9.5,76,6,1,0.25,0.0134,-0.0006,0.0027,-0.0369,0.0379,-0.0219,0.0027,-0.0493,-0.0019,0.0285,-0.0054,-0.0008,0.0848
Jaxson Hayes,LAL,2025,3449323,0.024427249,0.0508,0.0263,7173366,3449323,-0.1873,0.1717,0.0616,26,676,1093,0.7122,12.4,84,5,1,0.25,-0.009,0.0001,-0.0002,0.0121,-0.012,-0.0063,-0.0037,-0.0341,0.0044,0.0209,-0.0054,-0.0008,0.0848
Noah Clowney,BRK,2025,3398640,0.024068325,0.0503,0.0263,7102762,3398640,-1.0284,-0.9634,-1.4558,21,441,1042,0.4558,19,82,1,1,0.25,-0.0442,-0.0005,0.0111,0.0611,-0.0531,-0.0083,0.012,0.0003,0.0028,-0.0095,-0.0054,-0.0008,0.0848
Bennedict Mathurin,LAC,2025,9187573,0.065064111,0.0908,0.0257,12821686,9187573,-0.7749,-0.4863,-0.162,24,576,2149,0.8451,22.8,77,2,1,0.25,-0.0336,-0.0002,0.0014,0.0317,-0.0295,0.037,-0.0118,0.0201,-0.0011,-0.0019,-0.0054,-0.0008,0.0848
Jordan Clarkson,UTA,2025,10651561,0.075431711,0.1011,0.0256,14276128,10651561,-1.063,-0.273,-0.336,34,1156,962,,27.8,77,6,1,0.25,-0.0457,-0.0001,0.0027,-0.0663,0.072,-0.0116,-0.0022,0.0462,-0.0011,0.0285,-0.0054,-0.0008,0.0848
Myles Turner,MIL,2025,25318251,0.179297568,0.2044,0.0251,28862915,25318251,1.443,1.0238,0.0081,30,900,2174,0.872,20.7,83,6,1,0.25,0.0591,0.0005,0.0002,-0.0271,0.0272,0.0381,-0.0135,0.0092,0.0036,0.0285,-0.0054,-0.0008,0.0848
Cam Christie,LAC,2025,1955377,0.013847494,0.0388,0.0249,5478870,1955377,-0.5906,0.0307,-0.4968,20,400,59,0.1585,20.5,77,0,1,0.25,-0.0259,0,0.0039,0.0709,-0.0603,-0.0486,0.0302,0.0081,-0.0011,-0.0171,-0.0054,-0.0008,0.0848
Jonathan Isaac,ORL,2025,15000000,0.106226276,0.1306,0.0244,18441764,15000000,1.1549,1.7119,0.666,28,784,1090,0.672,16.2,82,6,1,0.25,0.0471,0.0008,-0.0047,-0.0075,0.0069,-0.0064,-0.0012,-0.0143,0.0028,0.0285,-0.0054,-0.0008,0.0848
A.J. Green,MIL,2025,2301587,0.016299268,0.0405,0.0242,5718924,2301587,-0.5906,,,26,676,,,,76,2,1,0.25,-0.0259,-0.0001,0,0.0121,-0.012,-0.0014,-0.0022,-0.0049,-0.0019,-0.0019,-0.0054,-0.0008,0.0848
Pat Spencer,GSW,2025,857804,0.006074755,0.0296,0.0235,4179756,857804,-0.7346,-0.1694,-0.6899,29,841,250,0.3247,21.2,74,1,1,0.25,-0.0319,-0.0001,0.0054,-0.0173,0.0169,-0.0408,0.02,0.0118,-0.0034,-0.0095,-0.0054,-0.0008,0.0848
Paul Reed,DET,2025,5335894,0.037787477,0.0612,0.0234,8641929,5335894,0.5097,1.5667,1.3133,27,729,438,0.7427,18,81,4,1,0.25,0.0201,0.0007,-0.0096,0.0023,-0.0027,-0.0331,-0.0055,-0.0049,0.002,0.0133,-0.0054,-0.0008,0.0848
Jaylen Wells,MEM,2025,1955377,0.013847494,0.037,0.0231,5224696,1955377,-0.6828,-0.7081,-0.1857,22,484,2043,0.9634,15.9,79,0,1,0.25,-0.0298,-0.0003,0.0016,0.0513,-0.0456,0.0327,-0.019,-0.0159,0.0005,-0.0171,-0.0054,-0.0008,0.0848
Steven Adams,HOU,2025,14130434,0.100068226,0.1228,0.0227,17340342,14130434,1.4027,-0.1432,-0.1101,32,1024,794,,13.6,83,6,1,0.25,0.0574,-0.0001,0.001,-0.0467,0.0489,-0.0185,-0.0022,-0.0279,0.0036,0.0285,-0.0054,-0.0008,0.0848
Josh Hart,NYK,2025,19472240,0.13789757,0.1603,0.0224,22635642,19472240,0.648,1.1194,1.0001,31,961,2897,0.8902,15.3,77,6,1,0.25,0.0259,0.0005,-0.0072,-0.0369,0.0379,0.0677,-0.0146,-0.019,-0.0011,0.0285,-0.0054,-0.0008,0.0848
Eric Gordon,MEM,2025,2296274,0.016261642,0.0386,0.0223,5450628,2296274,-0.8671,-1.0957,-0.5028,37,1369,768,,14.4,75,6,1,0.25,-0.0375,-0.0005,0.004,-0.0957,0.1093,-0.0196,-0.0022,-0.0237,-0.0027,0.0285,-0.0054,-0.0008,0.0848
Cason Wallace,OKC,2025,5820240,0.041217495,0.0634,0.0221,8952587,5820240,0.4752,0.6342,0.9395,22,484,1876,0.8933,12.8,75,1,1,0.25,0.0187,0.0003,-0.0068,0.0513,-0.0456,0.0258,-0.0148,-0.032,-0.0027,-0.0095,-0.0054,-0.0008,0.0848
Collin Gillespie,PHO,2025,2296274,0.016261642,0.0384,0.0221,5422387,2296274,0.1814,0.9491,0.2883,27,729,461,0.4024,17.7,73,0,1,0.25,0.0064,0.0004,-0.0019,0.0023,-0.0027,-0.0322,0.0153,-0.0065,-0.0042,-0.0171,-0.0054,-0.0008,0.0848
Jae'Sean Tate,HOU,2025,2296274,0.016261642,0.038,0.0217,5365904,2296274,0.2678,-0.7238,0.4648,30,900,588,,13.3,76,4,1,0.25,0.01,-0.0003,-0.0032,-0.0271,0.0272,-0.027,-0.0022,-0.0294,-0.0019,0.0133,-0.0054,-0.0008,0.0848
Tyler Herro,MIA,2025,31000000,0.219534304,0.2411,0.0216,34045248,31000000,1.2241,0.9903,1.0401,26,676,2725,0.7866,28,77,5,1,0.25,0.05,0.0005,-0.0075,0.0121,-0.012,0.0606,-0.0082,0.0473,-0.0011,0.0209,-0.0054,-0.0008,0.0848
Ausar Thompson,DET,2025,8775000,0.062142372,0.0837,0.0216,11819109,8775000,0.5558,0.9697,1.5151,23,529,1328,0.7378,19.1,79,1,1,0.25,0.022,0.0004,-0.0111,0.0415,-0.0377,0.0034,-0.0052,0.0008,0.0005,-0.0095,-0.0054,-0.0008,0.0848
Lindy Waters III,SAS,2025,2296274,0.016261642,0.0378,0.0215,5337662,2296274,-0.3313,-0.5542,-0.8071,28,784,655,0.4707,14.6,77,3,1,0.25,-0.0151,-0.0003,0.0063,-0.0075,0.0069,-0.0242,0.0111,-0.0226,-0.0011,0.0057,-0.0054,-0.0008,0.0848
Aaron Nesmith,IND,2025,11000000,0.077899269,0.0988,0.0209,13951350,11000000,0.7574,-0.2283,0.7643,26,676,1122,0.7159,17.4,77,4,1,0.25,0.0305,-0.0001,-0.0055,0.0121,-0.012,-0.0051,-0.0039,-0.008,-0.0011,0.0133,-0.0054,-0.0008,0.0848
Trayce Jackson-Davis,TOR,2025,2221677,0.015733365,0.0358,0.02,5055246,2221677,-0.1758,0.3116,-0.2376,26,676,967,0.7835,17.1,81,1,1,0.25,-0.0086,0.0001,0.002,0.0121,-0.012,-0.0114,-0.008,-0.0096,0.002,-0.0095,-0.0054,-0.0008,0.0848
Haywood Highsmith,BRK,2025,5616000,0.039771118,0.0592,0.0194,8359513,5616000,0.1238,-0.6397,0.075,29,841,1818,0.8244,11.3,77,3,1,0.25,0.004,-0.0003,-0.0003,-0.0173,0.0169,0.0235,-0.0105,-0.0399,-0.0011,0.0057,-0.0054,-0.0008,0.0848
Quinten Post,GSW,2025,1955377,0.013847494,0.0323,0.0185,4561018,1955377,-0.5445,0.1256,-0.1258,26,676,686,0.5122,19.6,84,0,1,0.25,-0.024,0,0.0012,0.0121,-0.012,-0.0229,0.0086,0.0034,0.0044,-0.0171,-0.0054,-0.0008,0.0848
Jaden Hardy,WAS,2025,6000000,0.04249051,0.0608,0.0183,8585446,6000000,-0.9823,-1.5136,-1.1605,23,529,907,,25.3,75,2,1,0.25,-0.0423,-0.0007,0.0089,0.0415,-0.0377,-0.0139,-0.0022,0.0332,-0.0027,-0.0019,-0.0054,-0.0008,0.0848
Tre Mann,CHO,2025,8000000,0.056654014,0.0745,0.0178,10519996,8000000,-0.7576,-0.8013,-0.8629,25,625,319,0.3451,26,76,3,1,0.25,-0.0329,-0.0004,0.0067,0.0219,-0.0209,-0.038,0.0188,0.0368,-0.0019,0.0057,-0.0054,-0.0008,0.0848
Isaiah Joe,OKC,2025,12362338,0.087547009,0.1049,0.0173,14812719,12362338,0.769,0.5432,0.8338,26,676,1604,0.9146,17.2,76,4,1,0.25,0.0309,0.0002,-0.006,0.0121,-0.012,0.0147,-0.0161,-0.0091,-0.0019,0.0133,-0.0054,-0.0008,0.0848
Killian Hayes,SAC,2025,263940,0.001869158,0.0189,0.017,2668831,263940,-0.6943,0.1479,-0.2741,24,576,162,0.3756,15.5,76,4,1,0.25,-0.0302,0.0001,0.0023,0.0317,-0.0295,-0.0444,0.0169,-0.018,-0.0019,0.0133,-0.0054,-0.0008,0.0848
Klay Thompson,DAL,2025,16666667,0.118029198,0.1349,0.0169,19048959,16666667,-0.2795,-0.5922,-0.1825,36,1296,1965,0.889,21.8,77,6,1,0.25,-0.0129,-0.0003,0.0016,-0.0859,0.0965,0.0295,-0.0145,0.0149,-0.0011,0.0285,-0.0054,-0.0008,0.0848
Jock Landale,ATL,2025,2296274,0.016261642,0.0328,0.0165,4631622,2296274,-0.1643,-0.6328,-0.3488,30,900,500,,15.7,83,3,1,0.25,-0.0081,-0.0003,0.0028,-0.0271,0.0272,-0.0306,-0.0022,-0.0169,0.0036,0.0057,-0.0054,-0.0008,0.0848
Sam Merrill,CLE,2025,8482144,0.060068438,0.0764,0.0164,10788291,8482144,0.2159,0.3364,0.4117,30,900,1401,0.6683,14.3,76,4,1,0.25,0.0078,0.0001,-0.0028,-0.0271,0.0272,0.0064,-0.001,-0.0242,-0.0019,0.0133,-0.0054,-0.0008,0.0848
Quentin Grimes,PHI,2025,8741209,0.061903072,0.0769,0.015,10858895,8741209,0.0661,-0.226,-0.0669,26,676,1070,0.6244,18.5,76,3,1,0.25,0.0016,-0.0001,0.0007,0.0121,-0.012,-0.0072,0.0017,-0.0023,-0.0019,0.0057,-0.0054,-0.0008,0.0848
Kyshawn George,WAS,2025,2966760,0.021009858,0.0358,0.0148,5055246,2966760,-0.7749,-1.704,-0.728,22,484,1802,0.8293,15.9,80,0,1,0.25,-0.0336,-0.0008,0.0057,0.0513,-0.0456,0.0228,-0.0108,-0.0159,0.0013,-0.0171,-0.0054,-0.0008,0.0848
Dorian Finney-Smith,HOU,2025,12700000,0.089938247,0.1047,0.0147,14784477,12700000,0.7056,-0.8637,0.0632,33,1089,1239,0.5744,11.5,79,6,1,0.25,0.0283,-0.0004,-0.0002,-0.0565,0.0603,-0.0003,0.0048,-0.0388,0.0005,0.0285,-0.0054,-0.0008,0.0848
Derrick White,BOS,2025,28100000,0.198997224,0.2134,0.0144,30133787,28100000,1.8059,1.8934,1.3511,31,961,2574,0.9305,19.8,76,6,1,0.25,0.0743,0.0009,-0.0099,-0.0369,0.0379,0.0545,-0.017,0.0045,-0.0019,0.0285,-0.0054,-0.0008,0.0848
Dalton Knecht,LAL,2025,4010160,0.028398958,0.0428,0.0144,6043702,4010160,-0.2565,-0.4569,-0.3968,25,625,1494,0.9512,18.5,78,0,1,0.25,-0.0119,-0.0002,0.0032,0.0219,-0.0209,0.0102,-0.0183,-0.0023,-0.0003,-0.0171,-0.0054,-0.0008,0.0848
Naz Reid,MIN,2025,21551724,0.152623959,0.1665,0.0139,23511132,21551724,0.4233,1.0526,0.3527,26,676,2200,,21.5,81,5,1,0.25,0.0165,0.0005,-0.0024,0.0121,-0.012,0.0391,-0.0022,0.0134,0.002,0.0209,-0.0054,-0.0008,0.0848
Aaron Gordon,DEN,2025,22841455,0.161757514,0.1752,0.0134,24739641,22841455,1.6504,-0.2341,0.5539,30,900,1447,0.7439,19,80,6,1,0.25,0.0678,-0.0001,-0.0039,-0.0271,0.0272,0.0083,-0.0056,0.0003,0.0013,0.0285,-0.0054,-0.0008,0.0848
Isaiah Collier,UTA,2025,2638200,0.018683077,0.032,0.0133,4518656,2638200,-1.2876,-1.7889,-1.2021,21,441,1839,0.8659,18.9,76,0,1,0.25,-0.055,-0.0008,0.0092,0.0611,-0.0531,0.0243,-0.0131,-0.0002,-0.0019,-0.0171,-0.0054,-0.0008,0.0848
Jordan Miller,LAC,2025,712637,0.005046718,0.0174,0.0124,2457019,712637,-0.9305,-0.959,-0.9292,26,676,420,0.3186,18.2,77,1,1,0.25,-0.0401,-0.0005,0.0072,0.0121,-0.012,-0.0338,0.0204,-0.0039,-0.0011,-0.0095,-0.0054,-0.0008,0.0848
Jalen Brunson,NYK,2025,34944001,0.24746474,0.2597,0.0123,36671717,34944001,1.829,1.3655,0.8399,29,841,2301,0.8439,29.5,74,6,1,0.25,0.0753,0.0006,-0.006,-0.0173,0.0169,0.0433,-0.0117,0.0551,-0.0034,0.0285,-0.0054,-0.0008,0.0848
Gradey Dick,TOR,2025,4990560,0.035341907,0.0475,0.0121,6707380,4990560,-1.2588,-1.3867,-0.5099,22,484,1587,0.686,21,79,1,1,0.25,-0.0538,-0.0007,0.004,0.0513,-0.0456,0.014,-0.0021,0.0107,0.0005,-0.0095,-0.0054,-0.0008,0.0848
Marcus Sasser,DET,2025,2886720,0.020443034,0.0319,0.0114,4504535,2886720,-0.2392,-0.1108,0.1339,25,625,811,0.7591,19.4,73,1,1,0.25,-0.0112,-0.0001,-0.0008,0.0219,-0.0209,-0.0178,-0.0065,0.0024,-0.0042,-0.0095,-0.0054,-0.0008,0.0848
Amir Coffey,PHO,2025,2296274,0.016261642,0.0276,0.0114,3897340,2296274,-1.3913,-0.782,-0.4968,29,841,1748,0.8171,15.3,79,4,1,0.25,-0.0594,-0.0004,0.0039,-0.0173,0.0169,0.0206,-0.0101,-0.019,0.0005,0.0133,-0.0054,-0.0008,0.0848
DeAndre Jordan,NOP,2025,2269880,0.016074727,0.0269,0.0108,3798495,2269880,-1.2992,-0.1079,-1.0224,37,1369,691,0.5683,12.8,83,6,1,0.25,-0.0555,-0.0001,0.0079,-0.0957,0.1093,-0.0227,0.0051,-0.032,0.0036,0.0285,-0.0054,-0.0008,0.0848
Ja'Kobe Walter,TOR,2025,3638160,0.025764546,0.0364,0.0107,5139971,3638160,-0.5618,-1.0916,-0.3257,21,441,1103,0.6341,18.2,76,0,1,0.25,-0.0247,-0.0005,0.0027,0.0611,-0.0531,-0.0058,0.0011,-0.0039,-0.0019,-0.0171,-0.0054,-0.0008,0.0848
Nae'Qwan Tomlin,CLE,2025,718150,0.00508576,0.0152,0.0102,2146361,718150,-1.9329,-0.13,-1.1153,25,625,63,0.061,26.1,80,0,1,0.25,-0.082,-0.0001,0.0086,0.0219,-0.0209,-0.0485,0.0362,0.0374,0.0013,-0.0171,-0.0054,-0.0008,0.0848
Daniel Gafford,DAL,2025,14386320,0.101880347,0.1118,0.0099,15787054,14386320,0.4291,1.3817,0.9017,27,729,1226,0.7024,19.5,82,5,1,0.25,0.0167,0.0006,-0.0065,0.0023,-0.0027,-0.0008,-0.0031,0.0029,0.0028,0.0209,-0.0054,-0.0008,0.0848
Nicolas Batum,LAC,2025,5601600,0.039669141,0.0492,0.0095,6947433,5601600,-0.2392,-0.1026,0.0539,37,1369,1367,0.8744,9,79,6,1,0.25,-0.0112,-0.0001,-0.0002,-0.0957,0.1093,0.005,-0.0136,-0.0519,0.0005,0.0285,-0.0054,-0.0008,0.0848
Tyrese Martin,BRK,2025,2191897,0.01552247,0.0233,0.0078,3290146,2191897,-0.942,-1.1954,-0.8353,27,729,1315,0.7317,18.8,78,0,1,0.25,-0.0406,-0.0006,0.0065,0.0023,-0.0027,0.0028,-0.0049,-0.0007,-0.0003,-0.0171,-0.0054,-0.0008,0.0848
N'Faly Dante,ATL,2025,2048494,0.014506926,0.0215,0.007,3035971,2048494,-0.8613,-0.2058,,24,576,,,,83,0,1,0.25,-0.0372,-0.0001,0,0.0317,-0.0295,-0.0014,-0.0022,-0.0049,0.0036,-0.0171,-0.0054,-0.0008,0.0848
Sidy Cissoko,POR,2025,686243,0.004859803,0.0116,0.0068,1638012,686243,-1.2012,0.0397,-2.7691,22,484,60,0.093,15.5,78,1,1,0.25,-0.0514,0,0.0209,0.0513,-0.0456,-0.0486,0.0342,-0.018,-0.0003,-0.0095,-0.0054,-0.0008,0.0848
Doug McDermott,SAC,2025,2296274,0.016261642,0.0227,0.0064,3205421,2296274,-1.086,-0.9794,-0.7812,34,1156,342,0.5805,15.7,79,6,1,0.25,-0.0466,-0.0005,0.0061,-0.0663,0.072,-0.037,0.0044,-0.0169,0.0005,0.0285,-0.0054,-0.0008,0.0848
Zach Edey,MEM,2025,6045000,0.042809189,0.0487,0.0059,6876829,6045000,-0.0952,0.5196,0.1916,24,576,1416,0.8049,16.4,87,0,1,0.25,-0.0052,0.0002,-0.0012,0.0317,-0.0295,0.007,-0.0093,-0.0133,0.0067,-0.0171,-0.0054,-0.0008,0.0848
Vince Williams Jr.,UTA,2025,2301587,0.016299268,0.0222,0.0059,3134817,2301587,-0.8095,-0.6282,-0.8401,25,625,499,0.3915,17,76,2,1,0.25,-0.0351,-0.0003,0.0065,0.0219,-0.0209,-0.0306,0.016,-0.0101,-0.0019,-0.0019,-0.0054,-0.0008,0.0848
Nickeil Alexander-Walker,ATL,2025,15161800,0.107372104,0.113,0.0056,15956504,15161800,0.3196,-0.1326,0.1945,27,729,2073,0.8878,16,77,5,1,0.25,0.0122,-0.0001,-0.0012,0.0023,-0.0027,0.0339,-0.0144,-0.0153,-0.0011,0.0209,-0.0054,-0.0008,0.0848
Kel'el Ware,MIA,2025,4443360,0.031466772,0.0369,0.0054,5210575,4443360,-0.5675,0.5954,0.0772,22,484,1422,0.7805,17.2,84,0,1,0.25,-0.0249,0.0003,-0.0004,0.0513,-0.0456,0.0072,-0.0079,-0.0091,0.0044,-0.0171,-0.0054,-0.0008,0.0848
Malik Monk,SAC,2025,18797619,0.133120071,0.1382,0.005,19514945,18797619,-0.3198,0.4939,0.305,28,784,2054,0.8476,24.6,75,6,1,0.25,-0.0146,0.0002,-0.0021,-0.0075,0.0069,0.0331,-0.012,0.0295,-0.0027,0.0285,-0.0054,-0.0008,0.0848
Mouhamed Gueye,ATL,2025,2221677,0.015733365,0.0207,0.0049,2923005,2221677,-0.0952,1.1295,0.4123,23,529,533,,15.7,83,1,1,0.25,-0.0052,0.0005,-0.0029,0.0415,-0.0377,-0.0292,-0.0022,-0.0169,0.0036,-0.0095,-0.0054,-0.0008,0.0848
Matas Buzelis,CHI,2025,5455560,0.038634922,0.0434,0.0048,6128427,5455560,-0.4638,-0.3155,-0.4487,21,441,1511,0.9756,18.7,80,0,1,0.25,-0.0206,-0.0002,0.0036,0.0611,-0.0531,0.0109,-0.0198,-0.0013,0.0013,-0.0171,-0.0054,-0.0008,0.0848
Moses Moody,GSW,2025,11574075,0.081964726,0.0867,0.0047,12242733,11574075,0.1698,-0.0213,0.1922,24,576,1649,0.8463,17.4,77,3,1,0.25,0.0059,0,-0.0012,0.0317,-0.0295,0.0165,-0.0119,-0.008,-0.0011,0.0057,-0.0054,-0.0008,0.0848
Georges Niang,MEM,2025,8200000,0.058070364,0.0626,0.0046,8839620,8200000,-0.4754,-0.6964,-0.4016,33,1089,1053,0.8012,16.5,78,6,1,0.25,-0.0211,-0.0003,0.0032,-0.0565,0.0603,-0.0079,-0.0091,-0.0127,-0.0003,0.0285,-0.0054,-0.0008,0.0848
Garrett Temple,TOR,2025,2296274,0.016261642,0.0209,0.0046,2951247,2296274,-1.4835,-0.3467,-0.2434,40,1600,227,0.3305,13.9,77,6,1,0.25,-0.0632,-0.0002,0.002,-0.1252,0.1497,-0.0418,0.0197,-0.0263,-0.0011,0.0285,-0.0054,-0.0008,0.0848
Jaden Ivey,CHI,2025,10107163,0.071576419,0.0761,0.0045,10745928,10107163,-0.5503,-0.4657,-0.1425,24,576,898,0.6451,26,75,2,1,0.25,-0.0242,-0.0002,0.0013,0.0317,-0.0295,-0.0143,0.0004,0.0368,-0.0027,-0.0019,-0.0054,-0.0008,0.0848
Craig Porter Jr.,CLE,2025,2221677,0.015733365,0.0202,0.0045,2852401,2221677,,-0.7444,-0.8581,26,676,513,0.622,15.9,73,1,1,0.25,-0.007,-0.0004,0.0066,0.0121,-0.012,-0.03,0.0019,-0.0159,-0.0042,-0.0095,-0.0054,-0.0008,0.0848
Kobe Bufkin,BRK,2025,4503720,0.031894227,0.0357,0.0038,5041125,4503720,-0.9881,0.0893,-1.4497,22,484,124,0.154,20.8,76,1,1,0.25,-0.0425,0,0.011,0.0513,-0.0456,-0.046,0.0305,0.0097,-0.0019,-0.0095,-0.0054,-0.0008,0.0848
Kelly Olynyk,SAS,2025,13445122,0.095215016,0.0989,0.0037,13965471,13445122,0.3196,-0.1729,-0.4551,35,1225,508,,18.2,84,6,1,0.25,0.0122,-0.0001,0.0036,-0.0761,0.0841,-0.0302,-0.0022,-0.0039,0.0044,0.0285,-0.0054,-0.0008,0.0848
Gui Santos,GSW,2025,2221677,0.015733365,0.0194,0.0036,2739435,2221677,-0.2277,-0.6554,-0.1114,24,576,762,0.532,13.2,79,1,1,0.25,-0.0107,-0.0003,0.0011,0.0317,-0.0295,-0.0198,0.0074,-0.03,0.0005,-0.0095,-0.0054,-0.0008,0.0848
Jeremy Sochan,SAS,2025,7096231,0.050253746,0.0534,0.0032,7540507,7096231,-0.6655,-0.6033,-0.1057,23,529,1364,0.7366,19,80,2,1,0.25,-0.029,-0.0003,0.001,0.0415,-0.0377,0.0049,-0.0052,0.0003,0.0013,-0.0019,-0.0054,-0.0008,0.0848
Duop Reath,ATL,2025,2221677,0.015733365,0.0189,0.0032,2668831,2221677,-0.3774,-0.1118,-0.9474,30,900,469,0.6616,17,81,1,1,0.25,-0.017,-0.0001,0.0073,-0.0271,0.0272,-0.0318,-0.0006,-0.0101,0.002,-0.0095,-0.0054,-0.0008,0.0848
Joe Ingles,MIN,2025,2296274,0.016261642,0.0189,0.0027,2668831,2296274,-1.23,-0.5591,-2.3005,38,1444,114,0.4768,12.2,80,6,1,0.25,-0.0526,-0.0003,0.0174,-0.1056,0.1224,-0.0464,0.0107,-0.0352,0.0013,0.0285,-0.0054,-0.0008,0.0848
Adem Bona,PHI,2025,1955377,0.013847494,0.0154,0.0015,2174603,1955377,-0.3717,-0.4671,-0.7456,23,529,905,0.7073,14.3,82,0,1,0.25,-0.0167,-0.0002,0.0058,0.0415,-0.0377,-0.014,-0.0034,-0.0242,0.0028,-0.0171,-0.0054,-0.0008,0.0848
Bronny James,LAL,2025,1955377,0.013847494,0.0153,0.0015,2160482,1955377,-1.2012,-0.1617,-1.9036,21,441,181,0.3293,20.9,74,0,1,0.25,-0.0514,-0.0001,0.0144,0.0611,-0.0531,-0.0436,0.0198,0.0102,-0.0034,-0.0171,-0.0054,-0.0008,0.0848
Scoot Henderson,POR,2025,10748040,0.076114951,0.0772,0.0011,10901257,10748040,-0.6655,-0.5047,-0.3648,22,484,1759,0.7866,22.5,75,1,1,0.25,-0.029,-0.0002,0.0029,0.0513,-0.0456,0.021,-0.0082,0.0186,-0.0027,-0.0095,-0.0054,-0.0008,0.0848
Dariq Whitehead,BRK,2025,3262560,0.02310464,0.0237,0.0006,3346629,3262560,-1.3164,-0.6667,-1.0909,21,441,246,0.1616,20.1,78,1,1,0.25,-0.0562,-0.0003,0.0084,0.0611,-0.0531,-0.041,0.03,0.006,-0.0003,-0.0095,-0.0054,-0.0008,0.0848
Drew Eubanks,SAC,2025,2296274,0.016261642,0.0166,0.0004,2344052,2296274,-0.8959,0.174,-0.6258,29,841,568,,14.8,82,5,1,0.25,-0.0387,0.0001,0.0049,-0.0173,0.0169,-0.0278,-0.0022,-0.0216,0.0028,0.0209,-0.0054,-0.0008,0.0848
Nick Richards,CHI,2025,5000000,0.035408759,0.0356,0.0002,5027004,5000000,-0.8959,-0.1791,-1.2271,28,784,816,,17,83,4,1,0.25,-0.0387,-0.0001,0.0094,-0.0075,0.0069,-0.0176,-0.0022,-0.0101,0.0036,0.0133,-0.0054,-0.0008,0.0848
Bismack Biyombo,SAS,2025,2296274,0.016261642,0.0163,0.0001,2301690,2296274,-1.2819,-0.6639,-1.2735,33,1089,528,0.4293,12.3,80,6,1,0.25,-0.0548,-0.0003,0.0097,-0.0565,0.0603,-0.0294,0.0136,-0.0346,0.0013,0.0285,-0.0054,-0.0008,0.0848
Luguentz Dort,OKC,2025,18222222,0.129045252,0.1288,-0.0003,18187590,18222222,0.7978,0.4433,0.6525,27,729,2073,,13.6,76,5,1,0.25,0.0322,0.0002,-0.0046,0.0023,-0.0027,0.0339,-0.0022,-0.0279,-0.0019,0.0209,-0.0054,-0.0008,0.0848
Miles Bridges,CHO,2025,25000000,0.177043794,0.1758,-0.0012,24824366,25000000,0.0373,-0.2605,0.2336,28,784,2029,0.8037,28,79,6,1,0.25,0.0004,-0.0001,-0.0015,-0.0075,0.0069,0.0321,-0.0093,0.0473,0.0005,0.0285,-0.0054,-0.0008,0.0848
Luke Kennard,LAL,2025,11000000,0.077899269,0.0766,-0.0013,10816532,11000000,-0.2853,-0.1458,0.5795,30,900,1472,0.6244,14.5,77,6,1,0.25,-0.0131,-0.0001,-0.0041,-0.0271,0.0272,0.0093,0.0017,-0.0232,-0.0011,0.0285,-0.0054,-0.0008,0.0848
Jabari Walker,PHI,2025,724598,0.005131423,0.0038,-0.0013,536590,724598,-0.798,-0.1499,0.2195,23,529,749,0.7659,16.3,79,2,1,0.25,-0.0346,-0.0001,-0.0014,0.0415,-0.0377,-0.0204,-0.007,-0.0138,0.0005,-0.0019,-0.0054,-0.0008,0.0848
Jordan Hawkins,NOP,2025,4741320,0.033576851,0.0313,-0.0023,4419810,4741320,-1.3625,-1.8109,-1.4724,24,576,1321,0.7332,21,77,1,1,0.25,-0.0582,-0.0009,0.0112,0.0317,-0.0295,0.0031,-0.005,0.0107,-0.0011,-0.0095,-0.0054,-0.0008,0.0848
Cameron Johnson,DEN,2025,21057065,0.149120907,0.1467,-0.0024,20715213,21057065,0.262,0.0098,0.7099,30,900,1800,,22.9,80,5,1,0.25,0.0098,0,-0.0051,-0.0271,0.0272,0.0227,-0.0022,0.0207,0.0013,0.0209,-0.0054,-0.0008,0.0848
Pelle Larsson,MIA,2025,1955377,0.013847494,0.0113,-0.0026,1595650,1955377,-0.1528,-0.5411,-0.1793,25,625,782,0.6707,14.4,77,0,1,0.25,-0.0076,-0.0003,0.0016,0.0219,-0.0209,-0.019,-0.0011,-0.0237,-0.0011,-0.0171,-0.0054,-0.0008,0.0848
Isaiah Jackson,LAC,2025,7600000,0.053821313,0.0511,-0.0027,7215728,7600000,0.5097,-0.138,0.0183,24,576,84,,17.6,80,3,1,0.25,0.0201,-0.0001,0.0001,0.0317,-0.0295,-0.0476,-0.0022,-0.007,0.0013,0.0057,-0.0054,-0.0008,0.0848
Jamal Shead,TOR,2025,1955377,0.013847494,0.011,-0.0028,1553288,1955377,-1.0803,-1.2973,-0.9465,24,576,1467,0.9146,18.6,73,0,1,0.25,-0.0464,-0.0006,0.0073,0.0317,-0.0295,0.0091,-0.0161,-0.0018,-0.0042,-0.0171,-0.0054,-0.0008,0.0848
Dillon Brooks,PHO,2025,21124110,0.149595703,0.1467,-0.0029,20715213,21124110,0.0892,-0.6093,0.2175,30,900,2388,,17.7,79,6,1,0.25,0.0025,-0.0003,-0.0014,-0.0271,0.0272,0.0468,-0.0022,-0.0065,0.0005,0.0285,-0.0054,-0.0008,0.0848
Sam Hauser,BOS,2025,10044644,0.071133675,0.0681,-0.003,9616264,10044644,0.4118,0.4722,0.56,28,784,1541,0.9171,14.3,79,3,1,0.25,0.016,0.0002,-0.004,-0.0075,0.0069,0.0121,-0.0162,-0.0242,0.0005,0.0057,-0.0054,-0.0008,0.0848
Alex Caruso,OKC,2025,18102000,0.12819387,0.125,-0.0032,17651000,18102000,1.564,1.3941,1.9085,32,1024,1041,0.7524,15.2,77,6,1,0.25,0.0642,0.0006,-0.014,-0.0467,0.0489,-0.0084,-0.0061,-0.0195,-0.0011,0.0285,-0.0054,-0.0008,0.0848
Jordan Goodwin,PHO,2025,2349578,0.016639128,0.0132,-0.0034,1863945,2349578,-0.3141,-0.2033,-0.3321,27,729,543,,14.1,75,3,1,0.25,-0.0143,-0.0001,0.0027,0.0023,-0.0027,-0.0288,-0.0022,-0.0253,-0.0027,0.0057,-0.0054,-0.0008,0.0848
Julian Phillips,MIN,2025,2221677,0.015733365,0.0123,-0.0034,1736858,2221677,-0.435,-0.8003,-0.2754,22,484,1123,0.7851,12.9,78,1,1,0.25,-0.0194,-0.0004,0.0023,0.0513,-0.0456,-0.005,-0.0081,-0.0315,-0.0003,-0.0095,-0.0054,-0.0008,0.0848
Bruce Brown,DEN,2025,2296274,0.016261642,0.0128,-0.0035,1807462,2296274,-1.6679,-0.9102,-1.468,29,841,569,0.4598,15.9,76,6,1,0.25,-0.0709,-0.0004,0.0112,-0.0173,0.0169,-0.0277,0.0118,-0.0159,-0.0019,0.0285,-0.0054,-0.0008,0.0848
Giannis Antetokounmpo,MIL,2025,54126450,0.383310082,0.3796,-0.0037,53602556,54126450,4.0296,3.7031,2.4216,31,961,2289,0.8293,35.2,83,6,1,0.25,0.1673,0.0017,-0.0179,-0.0369,0.0379,0.0428,-0.0108,0.0848,0.0036,0.0285,-0.0054,-0.0008,0.0848
Ryan Dunn,PHO,2025,2657760,0.018821597,0.0147,-0.0041,2075757,2657760,-0.8153,-0.3581,-0.597,23,529,1410,0.9024,16.7,79,0,1,0.25,-0.0353,-0.0002,0.0047,0.0415,-0.0377,0.0067,-0.0153,-0.0117,0.0005,-0.0171,-0.0054,-0.0008,0.0848
Draymond Green,GSW,2025,25892857,0.183366785,0.1792,-0.0042,25304473,25892857,1.4315,0.806,0.4197,36,1296,1983,0.7939,15.9,78,6,1,0.25,0.0586,0.0004,-0.0029,-0.0859,0.0965,0.0302,-0.0087,-0.0159,-0.0003,0.0285,-0.0054,-0.0008,0.0848
Fred VanVleet,HOU,2025,25000000,0.177043794,0.1717,-0.0053,24245413,25000000,1.2759,0.9518,0.7063,32,1024,2111,0.8012,17.7,72,6,1,0.25,0.0521,0.0004,-0.005,-0.0467,0.0489,0.0355,-0.0091,-0.0065,-0.005,0.0285,-0.0054,-0.0008,0.0848
Terrence Shannon Jr.,MIN,2025,2674080,0.018937171,0.0133,-0.0056,1878066,2674080,-0.5618,-1.0414,-0.4996,25,625,339,0.3902,17.7,78,0,1,0.25,-0.0247,-0.0005,0.004,0.0219,-0.0209,-0.0372,0.016,-0.0065,-0.0003,-0.0171,-0.0054,-0.0008,0.0848
Brandon Miller,CHO,2025,11968800,0.08476007,0.079,-0.0057,11155432,11968800,-0.7634,-0.3935,0.0484,23,529,924,0.5442,27.7,79,1,1,0.25,-0.0331,-0.0002,-0.0001,0.0415,-0.0377,-0.0132,0.0066,0.0457,0.0005,-0.0095,-0.0054,-0.0008,0.0848
Tyler Kolek,NYK,2025,2191897,0.01552247,0.0097,-0.0058,1369717,2191897,-0.2161,-0.2345,-0.9138,25,625,296,0.5,15.8,74,0,1,0.25,-0.0102,-0.0001,0.007,0.0219,-0.0209,-0.0389,0.0093,-0.0164,-0.0034,-0.0171,-0.0054,-0.0008,0.0848
Tre Jones,CHI,2025,8000000,0.056654014,0.0507,-0.006,7159245,8000000,0.2908,0.3608,0.8723,26,676,455,0.5573,16,73,4,1,0.25,0.011,0.0002,-0.0063,0.0121,-0.012,-0.0324,0.0058,-0.0153,-0.0042,0.0133,-0.0054,-0.0008,0.0848
Blake Wesley,POR,2025,2296274,0.016261642,0.0103,-0.006,1454442,2296274,-0.8383,-1.0132,-0.5189,23,529,683,0.6671,16.7,76,2,1,0.25,-0.0363,-0.0005,0.0041,0.0415,-0.0377,-0.0231,-0.0009,-0.0117,-0.0019,-0.0019,-0.0054,-0.0008,0.0848
Jarred Vanderbilt,LAL,2025,11571429,0.081945987,0.0754,-0.0066,10647083,11571429,0.792,-0.0059,0.2259,27,729,581,,12.5,80,6,1,0.25,0.0319,0,-0.0015,0.0023,-0.0027,-0.0272,-0.0022,-0.0336,0.0013,0.0285,-0.0054,-0.0008,0.0848
Jabari Smith Jr.,HOU,2025,12350392,0.08746241,0.0807,-0.0068,11395485,12350392,0.1526,-0.2464,,23,529,,,,83,2,1,0.25,0.0052,-0.0001,0,0.0415,-0.0377,-0.0014,-0.0022,-0.0049,0.0036,-0.0019,-0.0054,-0.0008,0.0848
Kris Murray,POR,2025,3132000,0.022180046,0.015,-0.0072,2118120,3132000,-0.3602,-1.1197,-0.6143,25,625,1040,0.8095,13.9,80,1,1,0.25,-0.0163,-0.0005,0.0048,0.0219,-0.0209,-0.0084,-0.0096,-0.0263,0.0013,-0.0095,-0.0054,-0.0008,0.0848
Kyle Lowry,PHI,2025,2296274,0.016261642,0.0083,-0.0079,1172026,2296274,-1.1724,-0.2604,-0.5551,40,1600,659,,10.1,72,6,1,0.25,-0.0502,-0.0001,0.0044,-0.1252,0.1497,-0.024,-0.0022,-0.0461,-0.005,0.0285,-0.0054,-0.0008,0.0848
Grayson Allen,PHO,2025,16875000,0.119504561,0.1114,-0.0081,15730571,16875000,0.3369,-0.0504,-0.0083,30,900,1544,0.8402,17.6,75,6,1,0.25,0.0129,0,0.0003,-0.0271,0.0272,0.0122,-0.0115,-0.007,-0.0027,0.0285,-0.0054,-0.0008,0.0848
Jarace Walker,IND,2025,6665520,0.047203558,0.0384,-0.0088,5422387,6665520,-0.5906,-0.2412,-0.6979,22,484,1187,0.7226,17.1,79,1,1,0.25,-0.0259,-0.0001,0.0054,0.0513,-0.0456,-0.0024,-0.0043,-0.0096,0.0005,-0.0095,-0.0054,-0.0008,0.0848
Ayo Dosunmu,MIN,2025,7518518,0.053244278,0.0442,-0.009,6241393,7518518,-0.7116,-0.5206,-0.1316,26,676,1394,,16.6,76,3,1,0.25,-0.031,-0.0003,0.0012,0.0121,-0.012,0.0061,-0.0022,-0.0122,-0.0019,0.0057,-0.0054,-0.0008,0.0848
Justin Edwards,PHI,2025,2048494,0.014506926,0.0055,-0.009,776644,2048494,-1.3971,-1.4994,-0.7037,22,484,1155,0.5366,16.9,79,0,1,0.25,-0.0596,-0.0007,0.0055,0.0513,-0.0456,-0.0037,0.0071,-0.0106,0.0005,-0.0171,-0.0054,-0.0008,0.0848
Obi Toppin,IND,2025,14000000,0.099144524,0.0896,-0.0096,12652236,14000000,-0.0606,0.4547,0.1131,28,784,1545,0.9451,20.1,81,4,1,0.25,-0.0037,0.0002,-0.0006,-0.0075,0.0069,0.0123,-0.0179,0.006,0.002,0.0133,-0.0054,-0.0008,0.0848
Ochai Agbaji,BRK,2025,6383525,0.045206539,0.0356,-0.0096,5027004,6383525,-0.7692,-1.342,-0.0313,26,676,1739,0.7207,14.6,77,2,1,0.25,-0.0334,-0.0006,0.0005,0.0121,-0.012,0.0202,-0.0042,-0.0226,-0.0011,-0.0019,-0.0054,-0.0008,0.0848
Jake LaRavia,LAL,2025,6000000,0.04249051,0.0329,-0.0096,4645743,6000000,-0.389,-0.2837,0.601,24,576,982,0.5,14.5,79,2,1,0.25,-0.0175,-0.0001,-0.0043,0.0317,-0.0295,-0.0108,0.0093,-0.0232,0.0005,-0.0019,-0.0054,-0.0008,0.0848
Yves Missi,NOP,2025,3353040,0.023745397,0.0134,-0.0104,1892187,3353040,-1.3049,-1.5104,-1.1345,22,484,1956,0.8902,14.3,83,0,1,0.25,-0.0558,-0.0007,0.0087,0.0513,-0.0456,0.0291,-0.0146,-0.0242,0.0036,-0.0171,-0.0054,-0.0008,0.0848
Oso Ighodaro,PHO,2025,1955377,0.013847494,0.0033,-0.0105,465986,1955377,-0.268,-0.728,-0.6511,23,529,1045,0.7439,10.5,83,0,1,0.25,-0.0124,-0.0004,0.0051,0.0415,-0.0377,-0.0082,-0.0056,-0.044,0.0036,-0.0171,-0.0054,-0.0008,0.0848
Mitchell Robinson,NYK,2025,12954546,0.091740879,0.0809,-0.0108,11423727,12954546,1.4487,0.3881,1.0046,28,784,290,,11.1,84,6,1,0.25,0.0594,0.0002,-0.0073,-0.0075,0.0069,-0.0392,-0.0022,-0.0409,0.0044,0.0285,-0.0054,-0.0008,0.0848
Kentavious Caldwell-Pope,MEM,2025,21621500,0.153118095,0.1414,-0.0117,19966811,21621500,1.0628,-0.7373,0.3373,33,1089,2279,0.9329,12.4,77,6,1,0.25,0.0432,-0.0004,-0.0023,-0.0565,0.0603,0.0424,-0.0172,-0.0341,-0.0011,0.0285,-0.0054,-0.0008,0.0848
Drew Timme,BRK,2025,1955377,0.013847494,0.0016,-0.0122,225932,1955377,-1.8061,-0.3094,-1.1944,25,625,254,0.1098,21.3,81,0,1,0.25,-0.0767,-0.0002,0.0091,0.0219,-0.0209,-0.0407,0.0332,0.0123,0.002,-0.0171,-0.0054,-0.0008,0.0848
Caleb Houstan,ATL,2025,699440,0.00495326,-0.0072,-0.0122,-1016697,699440,-0.7461,-1.0649,-0.375,23,529,788,0.6939,11.7,80,2,1,0.25,-0.0324,-0.0005,0.003,0.0415,-0.0377,-0.0188,-0.0026,-0.0378,0.0013,-0.0019,-0.0054,-0.0008,0.0848
Dru Smith,MIA,2025,2378870,0.016846567,0.0045,-0.0124,635436,2378870,-0.5445,-0.2916,1.068,28,784,268,0.1524,13.8,74,2,1,0.25,-0.024,-0.0001,-0.0077,-0.0075,0.0069,-0.0401,0.0306,-0.0268,-0.0034,-0.0019,-0.0054,-0.0008,0.0848
Duncan Robinson,DET,2025,16834692,0.119219109,0.1063,-0.013,15010410,16834692,-0.5848,-0.5497,-0.1143,32,1024,1786,,19.2,79,6,1,0.25,-0.0257,-0.0003,0.0011,-0.0467,0.0489,0.0222,-0.0022,0.0014,0.0005,0.0285,-0.0054,-0.0008,0.0848
Ousmane Dieng,MIL,2025,6670882,0.04724153,0.0332,-0.014,4688105,6670882,-0.3717,-0.7857,-0.81,23,529,405,0.4415,15.7,81,2,1,0.25,-0.0167,-0.0004,0.0063,0.0415,-0.0377,-0.0345,0.0129,-0.0169,0.002,-0.0019,-0.0054,-0.0008,0.0848
Anthony Gill,WAS,2025,2296274,0.016261642,0.0018,-0.0144,254174,2296274,-0.8268,-1.1242,-1.1041,33,1089,397,0.6378,12.7,79,4,1,0.25,-0.0358,-0.0005,0.0085,-0.0565,0.0603,-0.0348,0.0009,-0.0326,0.0005,0.0133,-0.0054,-0.0008,0.0848
Jordan Walsh,BOS,2025,2221677,0.015733365,0.0012,-0.0145,169449,2221677,-0.4927,-1.1614,-1.2149,22,484,403,0.4375,11.5,78,1,1,0.25,-0.0218,-0.0006,0.0093,0.0513,-0.0456,-0.0345,0.0131,-0.0388,-0.0003,-0.0095,-0.0054,-0.0008,0.0848
Jaylin Williams,OKC,2025,8450704,0.059845788,0.0452,-0.0147,6382601,8450704,0.2908,1.2306,0.9578,23,529,784,0.6585,14.6,81,2,1,0.25,0.011,0.0006,-0.0069,0.0415,-0.0377,-0.0189,-0.0004,-0.0226,0.002,-0.0019,-0.0054,-0.0008,0.0848
Rui Hachimura,LAL,2025,18259259,0.129307539,0.1144,-0.0149,16154195,18259259,0.239,-0.3061,0.2723,28,784,1869,0.6817,15.8,80,5,1,0.25,0.0088,-0.0002,-0.0018,-0.0075,0.0069,0.0256,-0.0018,-0.0164,0.0013,0.0209,-0.0054,-0.0008,0.0848
Julian Strawther,DEN,2025,2674200,0.018938021,0.004,-0.0149,564832,2674200,-1.6333,-1.173,-1.0093,24,576,1384,0.7241,17.8,78,1,1,0.25,-0.0695,-0.0006,0.0078,0.0317,-0.0295,0.0057,-0.0044,-0.006,-0.0003,-0.0095,-0.0054,-0.0008,0.0848
Kyle Anderson,MEM,2025,9219512,0.065290295,0.0501,-0.0152,7074520,9219512,-0.2737,0.2596,0.1195,32,1024,541,0.6768,15.7,80,6,1,0.25,-0.0127,0.0001,-0.0007,-0.0467,0.0489,-0.0289,-0.0015,-0.0169,0.0013,0.0285,-0.0054,-0.0008,0.0848
Olivier-Maxence Prosper,DAL,2025,1002360,0.007098465,-0.0086,-0.0157,-1214388,1002360,-1.1782,-0.1255,-0.6428,23,529,584,0.5793,16.3,79,1,1,0.25,-0.0505,-0.0001,0.005,0.0415,-0.0377,-0.0271,0.0045,-0.0138,0.0005,-0.0095,-0.0054,-0.0008,0.0848
Johnny Furphy,IND,2025,1955377,0.013847494,-0.002,-0.0159,-282416,1955377,-0.2795,-0.68,-0.5567,21,441,379,0.6098,13,80,0,1,0.25,-0.0129,-0.0003,0.0044,0.0611,-0.0531,-0.0355,0.0026,-0.031,0.0013,-0.0171,-0.0054,-0.0008,0.0848
Bilal Coulibaly,WAS,2025,7275600,0.051523993,0.0355,-0.016,5012884,7275600,-1.5008,-2.1368,-0.6114,21,441,1948,0.7378,17.9,79,1,1,0.25,-0.064,-0.001,0.0048,0.0611,-0.0531,0.0288,-0.0052,-0.0054,0.0005,-0.0095,-0.0054,-0.0008,0.0848
Christian Koloko,MEM,2025,263940,0.001869158,-0.0141,-0.016,-1991032,263940,-0.654,-0.3654,-0.9484,26,676,342,0.5473,10.8,83,2,1,0.25,-0.0285,-0.0002,0.0073,0.0121,-0.012,-0.037,0.0064,-0.0425,0.0036,-0.0019,-0.0054,-0.0008,0.0848
Isaac Okoro,CHI,2025,11000000,0.077899269,0.0618,-0.0161,8726654,11000000,0.5558,-0.4269,0.3117,25,625,1053,0.7732,12.5,76,4,1,0.25,0.022,-0.0002,-0.0021,0.0219,-0.0209,-0.0079,-0.0074,-0.0336,-0.0019,0.0133,-0.0054,-0.0008,0.0848
Bradley Beal,PHO,2025,19383010,0.137265665,0.1209,-0.0164,17072047,19383010,-0.5215,-0.405,-0.0582,32,1024,1702,0.639,22.1,76,6,1,0.25,-0.023,-0.0002,0.0007,-0.0467,0.0489,0.0187,0.0008,0.0165,-0.0019,0.0285,-0.0054,-0.0008,0.0848
Baylor Scheierman,BOS,2025,2619000,0.018547108,0.0019,-0.0167,268295,2619000,-0.4293,-0.1957,-0.0586,25,625,384,0.378,14.5,78,0,1,0.25,-0.0192,-0.0001,0.0007,0.0219,-0.0209,-0.0353,0.0168,-0.0232,-0.0003,-0.0171,-0.0054,-0.0008,0.0848
Peyton Watson,DEN,2025,4356476,0.030851482,0.0134,-0.0175,1892187,4356476,-1.2761,-0.3923,-0.3257,23,529,1656,0.7634,13.9,80,2,1,0.25,-0.0546,-0.0002,0.0027,0.0415,-0.0377,0.0168,-0.0068,-0.0263,0.0013,-0.0019,-0.0054,-0.0008,0.0848
Mikal Bridges,NYK,2025,24900000,0.176335618,0.1587,-0.0177,22409709,24900000,-0.0433,-0.1892,0.5702,29,841,3036,0.9366,19.6,78,6,1,0.25,-0.003,-0.0001,-0.004,-0.0173,0.0169,0.0734,-0.0174,0.0034,-0.0003,0.0285,-0.0054,-0.0008,0.0848
Dalen Terry,NOP,2025,5399118,0.038235213,0.02,-0.0183,2824160,5399118,-0.6482,-0.9162,-0.8312,23,529,987,0.7537,14.9,78,2,1,0.25,-0.0283,-0.0004,0.0064,0.0415,-0.0377,-0.0106,-0.0062,-0.0211,-0.0003,-0.0019,-0.0054,-0.0008,0.0848
Jonathan Mogbo,TOR,2025,1955377,0.013847494,-0.0044,-0.0183,-621315,1955377,-1.1206,-0.7834,-0.5445,24,576,1286,0.7683,15,81,0,1,0.25,-0.0481,-0.0004,0.0043,0.0317,-0.0295,0.0017,-0.0071,-0.0206,0.002,-0.0171,-0.0054,-0.0008,0.0848
Devin Carter,SAC,2025,4923720,0.034868563,0.0165,-0.0184,2329932,4923720,-0.4869,0.3558,-0.6153,24,576,396,0.439,17.9,74,0,1,0.25,-0.0216,0.0002,0.0048,0.0317,-0.0295,-0.0348,0.0131,-0.0054,-0.0034,-0.0171,-0.0054,-0.0008,0.0848
Keaton Wallace,ATL,2025,2296274,0.016261642,-0.0025,-0.0187,-353020,2296274,-0.9132,-0.3645,-0.7332,27,729,501,0.378,16.4,75,0,1,0.25,-0.0394,-0.0002,0.0057,0.0023,-0.0027,-0.0305,0.0168,-0.0133,-0.0027,-0.0171,-0.0054,-0.0008,0.0848
Herbert Jones,NOP,2025,13937574,0.098702439,0.0799,-0.0188,11282519,13937574,0.9706,-1.1254,0.2646,27,729,648,0.561,14.6,79,3,1,0.25,0.0394,-0.0005,-0.0018,0.0023,-0.0027,-0.0245,0.0056,-0.0226,0.0005,0.0057,-0.0054,-0.0008,0.0848
Tristan Da Silva,ORL,2025,3809520,0.026978075,0.0081,-0.0189,1143784,3809520,-0.9478,-1.0935,-0.6137,25,625,1629,0.9024,15.2,80,0,1,0.25,-0.0408,-0.0005,0.0048,0.0219,-0.0209,0.0157,-0.0153,-0.0195,0.0013,-0.0171,-0.0054,-0.0008,0.0848
Hunter Tyson,BRK,2025,2221677,0.015733365,-0.0035,-0.0192,-494228,2221677,-1.0803,-1.0766,-1.9061,26,676,400,0.471,15.5,80,1,1,0.25,-0.0464,-0.0005,0.0145,0.0121,-0.012,-0.0347,0.0111,-0.018,0.0013,-0.0095,-0.0054,-0.0008,0.0848
Anthony Edwards,MIN,2025,45550512,0.322577418,0.3021,-0.0205,42658936,45550512,2.5433,1.8735,1.198,24,576,2871,0.9634,31.4,76,4,1,0.25,0.1051,0.0009,-0.0087,0.0317,-0.0295,0.0666,-0.019,0.065,-0.0019,0.0133,-0.0054,-0.0008,0.0848
Donovan Clingan,POR,2025,7178400,0.050835647,0.0303,-0.0206,4278602,7178400,-0.2622,0.7052,-0.0435,22,484,1324,0.8171,14.2,86,0,1,0.25,-0.0122,0.0003,0.0005,0.0513,-0.0456,0.0032,-0.0101,-0.0247,0.006,-0.0171,-0.0054,-0.0008,0.0848
Dominick Barlow,PHI,2025,3415000,0.024184182,0.0032,-0.021,451865,3415000,-0.8901,-0.0906,-0.3318,23,529,375,0.4024,14.5,81,2,1,0.25,-0.0384,-0.0001,0.0027,0.0415,-0.0377,-0.0357,0.0153,-0.0232,0.002,-0.0019,-0.0054,-0.0008,0.0848
Nick Smith Jr.,CHO,2025,2710680,0.019196363,-0.0018,-0.021,-254174,2710680,-2.2843,-2.4771,-1.6185,22,484,1369,0.6905,20.8,74,1,1,0.25,-0.0967,-0.0012,0.0123,0.0513,-0.0456,0.0051,-0.0023,0.0097,-0.0034,-0.0095,-0.0054,-0.0008,0.0848
Donovan Mitchell,CLE,2025,46394100,0.328551498,0.3074,-0.0211,43407339,46394100,2.9466,2.562,1.7413,29,841,2232,0.8,30.9,74,6,1,0.25,0.122,0.0012,-0.0128,-0.0173,0.0169,0.0404,-0.009,0.0624,-0.0034,0.0285,-0.0054,-0.0008,0.0848
Kobe Brown,IND,2025,2654880,0.018801201,-0.0049,-0.0237,-691919,2654880,-0.6367,-0.3583,-1.3341,26,676,272,0.5061,14,79,1,1,0.25,-0.0278,-0.0002,0.0102,0.0121,-0.012,-0.0399,0.0089,-0.0258,0.0005,-0.0095,-0.0054,-0.0008,0.0848
Jaden McDaniels,MIN,2025,24393104,0.172745907,0.1481,-0.0246,20912904,24393104,0.8035,0.5964,0.4591,25,625,2614,0.9561,16.3,81,4,1,0.25,0.0324,0.0003,-0.0032,0.0219,-0.0209,0.0561,-0.0186,-0.0138,0.002,0.0133,-0.0054,-0.0008,0.0848
Kyrie Irving,DAL,2025,36566002,0.258951348,0.2342,-0.0247,33070913,36566002,1.5755,0.4528,1.2823,34,1156,1804,0.6146,27.4,74,6,1,0.25,0.0647,0.0002,-0.0093,-0.0663,0.072,0.0229,0.0023,0.0441,-0.0034,0.0285,-0.0054,-0.0008,0.0848
Caris LeVert,DET,2025,14104000,0.099881027,0.0747,-0.0252,10548237,14104000,-0.1758,0.2741,0.9037,31,961,904,0.661,18.1,79,6,1,0.25,-0.0086,0.0001,-0.0065,-0.0369,0.0379,-0.014,-0.0005,-0.0044,0.0005,0.0285,-0.0054,-0.0008,0.0848
De'Andre Hunter,SAC,2025,23303571,0.165030105,0.1383,-0.0268,19529066,23303571,0.5501,0.1333,0.1343,28,784,1064,,24.2,79,5,1,0.25,0.0218,0.0001,-0.0008,-0.0075,0.0069,-0.0074,-0.0022,0.0274,0.0005,0.0209,-0.0054,-0.0008,0.0848
Alondes Williams,WAS,2025,131970,0.000934579,-0.0264,-0.0273,-3727891,131970,-0.5445,0.1298,8.2229,27,729,4,0.0122,21.1,76,0,1,0.25,-0.024,0,-0.0612,0.0023,-0.0027,-0.0509,0.0392,0.0113,-0.0019,-0.0171,-0.0054,-0.0008,0.0848
Harrison Barnes,SAS,2025,19000000,0.134553283,0.1061,-0.0285,14982168,19000000,-0.1931,-0.996,-0.0224,34,1156,2230,1,15.7,79,6,1,0.25,-0.0093,-0.0005,0.0004,-0.0663,0.072,0.0404,-0.0213,-0.0169,0.0005,0.0285,-0.0054,-0.0008,0.0848
John Konchar,UTA,2025,6165000,0.043658999,0.0149,-0.0287,2103999,6165000,0.1814,0.0597,0.6183,30,900,558,0.6573,8,77,5,1,0.25,0.0064,0,-0.0044,-0.0271,0.0272,-0.0282,-0.0003,-0.0571,-0.0011,0.0209,-0.0054,-0.0008,0.0848
Malaki Branham,CHO,2025,4962033,0.035139886,0.0064,-0.0288,903731,4962033,-1.5872,-1.3297,-1.0996,23,529,427,0.722,23.8,76,2,1,0.25,-0.0676,-0.0006,0.0084,0.0415,-0.0377,-0.0336,-0.0043,0.0254,-0.0019,-0.0019,-0.0054,-0.0008,0.0848
Keldon Johnson,SAS,2025,17500000,0.123930655,0.0942,-0.0297,13301793,17500000,-0.9823,-0.5951,-0.1684,26,676,1838,,21.6,78,5,1,0.25,-0.0423,-0.0003,0.0015,0.0121,-0.012,0.0243,-0.0022,0.0139,-0.0003,0.0209,-0.0054,-0.0008,0.0848
Jaylon Tyson,CLE,2025,3492480,0.024732876,-0.0059,-0.0306,-833127,3492480,-0.965,-0.9583,-0.8863,23,529,453,0.5732,17.4,78,0,1,0.25,-0.0416,-0.0005,0.0068,0.0415,-0.0377,-0.0325,0.0048,-0.008,-0.0003,-0.0171,-0.0054,-0.0008,0.0848
Ajay Mitchell,OKC,2025,3000000,0.021245255,-0.0112,-0.0324,-1581529,3000000,-1.0226,-1.179,0.1131,24,576,597,0.439,16.2,76,0,1,0.25,-0.044,-0.0006,-0.0006,0.0317,-0.0295,-0.0266,0.0131,-0.0143,-0.0019,-0.0171,-0.0054,-0.0008,0.0848
Max Christie,DAL,2025,7714286,0.054630658,0.0219,-0.0327,3092455,7714286,-0.7116,-0.7892,-0.2748,23,529,1154,0.6256,13.9,77,2,1,0.25,-0.031,-0.0004,0.0023,0.0415,-0.0377,-0.0038,0.0016,-0.0263,-0.0011,-0.0019,-0.0054,-0.0008,0.0848
Isaac Jones,DET,2025,1955377,0.013847494,-0.0189,-0.0327,-2668831,1955377,-1.1033,-0.4519,-0.9455,25,625,304,0.4878,16.3,80,0,1,0.25,-0.0473,-0.0002,0.0073,0.0219,-0.0209,-0.0386,0.0101,-0.0138,0.0013,-0.0171,-0.0054,-0.0008,0.0848
Mac McClung,IND,2025,164060,0.001161832,-0.0318,-0.0329,-4490414,164060,-1.0054,0.1726,-2.5705,27,729,10,0.0244,8.7,74,0,1,0.25,-0.0432,0.0001,0.0194,0.0023,-0.0027,-0.0507,0.0384,-0.0534,-0.0034,-0.0171,-0.0054,-0.0008,0.0848
Josh Green,CHO,2025,13666667,0.096783943,0.0637,-0.0331,8994949,13666667,-0.3025,-2.5028,-0.5458,25,625,1887,0.7695,11.8,78,4,1,0.25,-0.0139,-0.0012,0.0043,0.0219,-0.0209,0.0263,-0.0072,-0.0373,-0.0003,0.0133,-0.0054,-0.0008,0.0848
Simone Fontecchio,MIA,2025,8307692,0.058833012,0.0256,-0.0332,3614924,8307692,-0.7404,-0.7858,-0.5932,30,900,1237,0.7671,15.8,79,2,1,0.25,-0.0322,-0.0004,0.0047,-0.0271,0.0272,-0.0004,-0.007,-0.0164,0.0005,-0.0019,-0.0054,-0.0008,0.0848
Kevin Huerter,DET,2025,17991071,0.127408298,0.0937,-0.0337,13231189,17991071,0.2332,-0.1603,-0.4775,27,729,899,0.6793,17.2,78,6,1,0.25,0.0085,-0.0001,0.0038,0.0023,-0.0027,-0.0142,-0.0017,-0.0091,-0.0003,0.0285,-0.0054,-0.0008,0.0848
Ben Sheppard,IND,2025,2790720,0.019763186,-0.0142,-0.034,-2005153,2790720,-1.0169,-0.9293,-0.631,24,576,1229,0.7409,11.3,78,1,1,0.25,-0.0437,-0.0004,0.0049,0.0317,-0.0295,-0.0007,-0.0054,-0.0399,-0.0003,-0.0095,-0.0054,-0.0008,0.0848
Cam Spencer,MEM,2025,2537989,0.017973408,-0.0165,-0.0345,-2329932,2537989,-0.7576,0.0129,0.6442,26,676,252,0.3049,15.4,75,0,1,0.25,-0.0329,0,-0.0046,0.0121,-0.012,-0.0407,0.0213,-0.0185,-0.0027,-0.0171,-0.0054,-0.0008,0.0848
AJ Johnson,DAL,2025,3090480,0.021886012,-0.0133,-0.0352,-1878066,3090480,-1.8695,-1.6989,-1.5519,21,441,595,0.2683,17,77,0,1,0.25,-0.0794,-0.0008,0.0118,0.0611,-0.0531,-0.0267,0.0235,-0.0101,-0.0011,-0.0171,-0.0054,-0.0008,0.0848
Jeff Green,HOU,2025,2296274,0.016261642,-0.019,-0.0353,-2682952,2296274,-2.2612,-0.8143,-0.3728,39,1521,396,0.6171,14.7,80,6,1,0.25,-0.0958,-0.0004,0.003,-0.1154,0.1359,-0.0348,0.0022,-0.0221,0.0013,0.0285,-0.0054,-0.0008,0.0848
Josh Giddey,CHI,2025,25000000,0.177043794,0.1415,-0.0355,19980932,25000000,0.527,0.9779,0.4318,23,529,2117,0.9049,21.7,79,3,1,0.25,0.0208,0.0004,-0.003,0.0415,-0.0377,0.0357,-0.0155,0.0144,0.0005,0.0057,-0.0054,-0.0008,0.0848
Davion Mitchell,MIA,2025,11600000,0.08214832,0.0455,-0.0366,6424964,11600000,0.0661,-0.9493,-0.9554,27,729,1080,0.7268,13.1,72,3,1,0.25,0.0016,-0.0005,0.0074,0.0023,-0.0027,-0.0068,-0.0046,-0.0305,-0.005,0.0057,-0.0054,-0.0008,0.0848
Matisse Thybulle,POR,2025,11550000,0.081794233,0.0452,-0.0366,6382601,11550000,0.2332,0.8256,2.2025,29,841,312,0.3829,14.4,77,5,1,0.25,0.0085,0.0004,-0.0162,-0.0173,0.0169,-0.0383,0.0165,-0.0237,-0.0011,0.0209,-0.0054,-0.0008,0.0848
Corey Kispert,ATL,2025,13975000,0.098967481,0.062,-0.037,8754896,13975000,-0.6943,-2.1403,-0.6057,27,729,1602,,17.5,78,3,1,0.25,-0.0302,-0.001,0.0047,0.0023,-0.0027,0.0146,-0.0022,-0.0075,-0.0003,0.0057,-0.0054,-0.0008,0.0848
Jayson Tatum,BOS,2025,54126450,0.383310082,0.3461,-0.0372,48872088,54126450,3.4362,3.1158,1.5738,28,784,2624,0.8902,31.2,80,6,1,0.25,0.1425,0.0014,-0.0115,-0.0075,0.0069,0.0565,-0.0146,0.064,0.0013,0.0285,-0.0054,-0.0008,0.0848
Tobias Harris,DET,2025,26634146,0.18861641,0.1513,-0.0373,21364770,26634146,0.504,0.2977,0.4642,33,1089,2306,0.8817,17.6,80,6,1,0.25,0.0199,0.0001,-0.0032,-0.0565,0.0603,0.0435,-0.014,-0.007,0.0013,0.0285,-0.0054,-0.0008,0.0848
E.J. Liddell,PHO,2025,706898,0.005006076,-0.0332,-0.0382,-4688105,706898,-0.9593,0.1225,-0.9084,25,625,53,,14.1,78,2,1,0.25,-0.0413,0,0.007,0.0219,-0.0209,-0.0489,-0.0022,-0.0253,-0.0003,-0.0019,-0.0054,-0.0008,0.0848
Julius Randle,MIN,2025,30864198,0.218572588,0.1802,-0.0383,25445681,30864198,0.2159,0.4098,0.3066,31,961,2226,0.7768,25,81,6,1,0.25,0.0078,0.0002,-0.0021,-0.0369,0.0379,0.0402,-0.0076,0.0316,0.002,0.0285,-0.0054,-0.0008,0.0848
Ja Morant,MEM,2025,39446090,0.279347417,0.2409,-0.0385,34017007,39446090,1.4372,1.0774,0.7262,26,676,1519,0.4866,32.2,74,5,1,0.25,0.0589,0.0005,-0.0052,0.0121,-0.012,0.0112,0.0101,0.0692,-0.0034,0.0209,-0.0054,-0.0008,0.0848
Max Strus,CLE,2025,15936452,0.112857997,0.0744,-0.0385,10505875,15936452,0.3542,0.1525,0.4126,30,900,1273,0.7561,14.7,77,4,1,0.25,0.0136,0.0001,-0.0029,-0.0271,0.0272,0.0011,-0.0064,-0.0221,-0.0011,0.0133,-0.0054,-0.0008,0.0848
Caleb Martin,DAL,2025,9594044,0.067942638,0.0295,-0.0385,4165636,9594044,-0.9017,-1.2402,-0.5307,30,900,943,0.5963,14.2,77,5,1,0.25,-0.0389,-0.0006,0.0042,-0.0271,0.0272,-0.0124,0.0034,-0.0247,-0.0011,0.0209,-0.0054,-0.0008,0.0848
Santi Aldama,MEM,2025,18485916,0.130912668,0.0922,-0.0387,13019377,18485916,0.0892,0.9793,0.7819,25,625,1660,0.8073,18.5,84,3,1,0.25,0.0025,0.0004,-0.0056,0.0219,-0.0209,0.017,-0.0095,-0.0023,0.0044,0.0057,-0.0054,-0.0008,0.0848
Keshad Johnson,MIA,2025,1955377,0.013847494,-0.0254,-0.0393,-3586683,1955377,-0.9535,0.0348,1.2323,25,625,98,0.1951,15.4,78,0,1,0.25,-0.0411,0,-0.009,0.0219,-0.0209,-0.047,0.028,-0.0185,-0.0003,-0.0171,-0.0054,-0.0008,0.0848
Isaiah Hartenstein,OKC,2025,28500000,0.201829925,0.1623,-0.0396,22918058,28500000,1.345,1.6044,0.6532,28,784,1590,,16.7,84,6,1,0.25,0.055,0.0007,-0.0047,-0.0075,0.0069,0.0141,-0.0022,-0.0117,0.0044,0.0285,-0.0054,-0.0008,0.0848
Rob Dillingham,CHI,2025,6576120,0.046570449,0.007,-0.0396,988456,6576120,-1.4144,-1.4001,-1.1608,21,441,516,0.5976,22.7,74,0,1,0.25,-0.0603,-0.0007,0.0089,0.0611,-0.0531,-0.0299,0.0033,0.0196,-0.0034,-0.0171,-0.0054,-0.0008,0.0848
Zaccharie Risacher,ATL,2025,13197720,0.093462977,0.0516,-0.0419,7286332,13197720,-0.9823,-0.901,-0.6278,21,441,1843,0.9146,20.9,80,0,1,0.25,-0.0423,-0.0004,0.0049,0.0611,-0.0531,0.0245,-0.0161,0.0102,0.0013,-0.0171,-0.0054,-0.0008,0.0848
Gabe Vincent,ATL,2025,11500000,0.081440145,0.0393,-0.0421,5549474,11500000,-0.9247,-1.1881,-0.9859,30,900,1527,0.6451,13.5,74,4,1,0.25,-0.0399,-0.0006,0.0076,-0.0271,0.0272,0.0115,0.0004,-0.0284,-0.0034,0.0133,-0.0054,-0.0008,0.0848
Jericho Sims,MIL,2025,2461463,0.01743147,-0.0252,-0.0426,-3558441,2461463,-0.8556,-1.1688,-1.516,27,729,422,0.5293,7.5,82,3,1,0.25,-0.037,-0.0006,0.0115,0.0023,-0.0027,-0.0338,0.0075,-0.0597,0.0028,0.0057,-0.0054,-0.0008,0.0848
Rayan Rupert,POR,2025,2221677,0.015733365,-0.0269,-0.0426,-3798495,2221677,-1.7485,-1.4768,-1.5099,22,484,460,0.5747,16.8,79,1,1,0.25,-0.0743,-0.0007,0.0115,0.0513,-0.0456,-0.0322,0.0047,-0.0112,0.0005,-0.0095,-0.0054,-0.0008,0.0848
Pat Connaughton,CHO,2025,10739683,0.076055769,0.0331,-0.043,4673984,10739683,-0.8153,-0.3036,-0.5096,33,1089,603,0.6768,15.6,77,6,1,0.25,-0.0353,-0.0002,0.004,-0.0565,0.0603,-0.0263,-0.0015,-0.0174,-0.0011,0.0285,-0.0054,-0.0008,0.0848
Jett Howard,ORL,2025,5529720,0.039160104,-0.0048,-0.0439,-677798,5529720,-1.8349,-1.3331,-1.5493,22,484,701,0.5396,19.2,80,1,1,0.25,-0.0779,-0.0006,0.0118,0.0513,-0.0456,-0.0223,0.0069,0.0014,0.0013,-0.0095,-0.0054,-0.0008,0.0848
Jalen Pickett,DEN,2025,2221677,0.015733365,-0.0284,-0.0441,-4010307,2221677,-1.2358,-0.6924,-0.4061,26,676,666,0.497,13.2,74,1,1,0.25,-0.0529,-0.0003,0.0033,0.0121,-0.012,-0.0238,0.0095,-0.03,-0.0034,-0.0095,-0.0054,-0.0008,0.0848
Jamison Battle,TOR,2025,1955377,0.013847494,-0.0304,-0.0442,-4292723,1955377,-1.5584,-1.3086,-0.6544,25,625,1042,0.7195,15.3,79,0,1,0.25,-0.0664,-0.0006,0.0051,0.0219,-0.0209,-0.0083,-0.0041,-0.019,0.0005,-0.0171,-0.0054,-0.0008,0.0848
Jonathan Kuminga,ATL,2025,23799569,0.168542639,0.1241,-0.0445,17523912,23799569,-0.0548,0.2252,-0.1213,23,529,1144,,27.4,79,3,1,0.25,-0.0035,0.0001,0.0011,0.0415,-0.0377,-0.0042,-0.0022,0.0441,0.0005,0.0057,-0.0054,-0.0008,0.0848
Micah Potter,IND,2025,1527805,0.010819536,-0.034,-0.0449,-4801072,1527805,-1.207,-1.2972,-1.4436,28,784,705,0.4634,10.3,81,0,1,0.25,-0.0517,-0.0006,0.011,-0.0075,0.0069,-0.0222,0.0116,-0.0451,0.002,-0.0171,-0.0054,-0.0008,0.0848
CJ McCollum,ATL,2025,30666666,0.217173715,0.1717,-0.0455,24245413,30666666,-0.0087,-1.1855,-0.4391,34,1156,1832,0.7659,27.2,75,6,1,0.25,-0.0016,-0.0006,0.0035,-0.0663,0.072,0.024,-0.007,0.0431,-0.0027,0.0285,-0.0054,-0.0008,0.0848
Jalen Green,PHO,2025,33584499,0.237837084,0.1919,-0.0459,27097815,33584499,0.1986,0.2611,0.1461,24,576,2697,,27.3,76,3,1,0.25,0.0071,0.0001,-0.0009,0.0317,-0.0295,0.0595,-0.0022,0.0436,-0.0019,0.0057,-0.0054,-0.0008,0.0848
Andrew Nembhard,IND,2025,18102000,0.12819387,0.0818,-0.0464,11550814,18102000,0.2044,-0.2398,0.2758,26,676,1881,0.828,16.3,76,2,1,0.25,0.0073,-0.0001,-0.0018,0.0121,-0.012,0.026,-0.0108,-0.0138,-0.0019,-0.0019,-0.0054,-0.0008,0.0848
Ariel Hukporti,NYK,2025,1955377,0.013847494,-0.0326,-0.0465,-4603380,1955377,-1.4893,-1.0484,-2.9782,24,576,217,0.3049,11.6,84,0,1,0.25,-0.0635,-0.0005,0.0225,0.0317,-0.0295,-0.0422,0.0213,-0.0383,0.0044,-0.0171,-0.0054,-0.0008,0.0848
Taylor Hendricks,MEM,2025,6127080,0.043390459,-0.0035,-0.0469,-494228,6127080,-0.6424,0.4697,-0.4904,22,484,75,0.2058,12.1,81,1,1,0.25,-0.0281,0.0002,0.0039,0.0513,-0.0456,-0.048,0.0273,-0.0357,0.002,-0.0095,-0.0054,-0.0008,0.0848
Rudy Gobert,MIN,2025,35000000,0.247861311,0.2007,-0.0472,28340445,35000000,2.094,1.239,0.7915,34,1156,2389,0.8878,13,85,6,1,0.25,0.0863,0.0006,-0.0057,-0.0663,0.072,0.0469,-0.0144,-0.031,0.0052,0.0285,-0.0054,-0.0008,0.0848
LaMelo Ball,CHO,2025,37958760,0.268814515,0.2214,-0.0474,31263451,37958760,0.4579,0.4457,0.3642,24,576,1505,0.4549,35.9,79,4,1,0.25,0.0179,0.0002,-0.0025,0.0317,-0.0295,0.0106,0.0121,0.0885,0.0005,0.0133,-0.0054,-0.0008,0.0848
Jaylen Clark,MIN,2025,2191897,0.01552247,-0.0323,-0.0478,-4561018,2191897,-0.6424,-0.7439,0.8351,24,576,522,,12,77,1,1,0.25,-0.0281,-0.0004,-0.006,0.0317,-0.0295,-0.0297,-0.0022,-0.0362,-0.0011,-0.0095,-0.0054,-0.0008,0.0848
Bam Adebayo,MIA,2025,37096620,0.262709053,0.2144,-0.0483,30274995,37096620,1.0397,1.0964,0.4235,28,784,2674,0.9183,23.5,81,6,1,0.25,0.0423,0.0005,-0.0029,-0.0075,0.0069,0.0586,-0.0163,0.0238,0.002,0.0285,-0.0054,-0.0008,0.0848
RJ Barrett,TOR,2025,27705357,0.19620246,0.1478,-0.0484,20870542,27705357,-0.5906,-0.2454,0.322,26,676,1869,0.6488,28.7,78,5,1,0.25,-0.0259,-0.0001,-0.0022,0.0121,-0.012,0.0256,0.0002,0.0509,-0.0003,0.0209,-0.0054,-0.0008,0.0848
Spencer Jones,DEN,2025,623967,0.004418779,-0.046,-0.0504,-6495568,623967,-1.8292,-0.7698,-2.3033,25,625,125,0.2439,13.7,79,0,1,0.25,-0.0777,-0.0004,0.0174,0.0219,-0.0209,-0.0459,0.025,-0.0273,0.0005,-0.0171,-0.0054,-0.0008,0.0848
John Collins,LAC,2025,26580000,0.188232961,0.1373,-0.0509,19387858,26580000,0.262,-0.0295,0.7195,28,784,1220,,24.2,81,6,1,0.25,0.0098,0,-0.0051,-0.0075,0.0069,-0.0011,-0.0022,0.0274,0.002,0.0285,-0.0054,-0.0008,0.0848
Franz Wagner,ORL,2025,38661750,0.273792915,0.2227,-0.0511,31447021,38661750,1.4833,1.2005,1.6676,24,576,2023,0.8244,31,82,3,1,0.25,0.0608,0.0005,-0.0122,0.0317,-0.0295,0.0319,-0.0105,0.0629,0.0028,0.0057,-0.0054,-0.0008,0.0848
Grant Williams,CHO,2025,13645500,0.096634043,0.0451,-0.0515,6368480,13645500,0.0719,-0.6224,0.125,27,729,479,,14.8,79,5,1,0.25,0.0018,-0.0003,-0.0007,0.0023,-0.0027,-0.0314,-0.0022,-0.0216,0.0005,0.0209,-0.0054,-0.0008,0.0848
Reed Sheppard,HOU,2025,10603560,0.07509178,0.0231,-0.052,3261904,10603560,-0.3947,-0.7026,-0.8318,22,484,654,0.6341,17.8,74,0,1,0.25,-0.0177,-0.0003,0.0064,0.0513,-0.0456,-0.0243,0.0011,-0.006,-0.0034,-0.0171,-0.0054,-0.0008,0.0848
Anfernee Simons,CHI,2025,27678571,0.196012768,0.1414,-0.0546,19966811,27678571,-0.6424,-0.2301,0.1839,27,729,2292,0.7463,24.6,75,6,1,0.25,-0.0281,-0.0001,-0.0011,0.0023,-0.0027,0.0429,-0.0058,0.0295,-0.0027,0.0285,-0.0054,-0.0008,0.0848
Isaiah Stewart,DET,2025,15000000,0.106226276,0.0482,-0.058,6806225,15000000,-0.3947,0.2958,-0.3356,25,625,1434,0.7293,12.4,80,4,1,0.25,-0.0177,0.0001,0.0027,0.0219,-0.0209,0.0077,-0.0047,-0.0341,0.0013,0.0133,-0.0054,-0.0008,0.0848
Andre Jackson Jr.,MIL,2025,2221677,0.015733365,-0.0439,-0.0596,-6199031,2221677,-1.5411,-1.4999,-0.8276,24,576,980,0.7713,11.9,78,1,1,0.25,-0.0656,-0.0007,0.0064,0.0317,-0.0295,-0.0109,-0.0073,-0.0367,-0.0003,-0.0095,-0.0054,-0.0008,0.0848
Zeke Nnaji,DEN,2025,8177778,0.057912994,-0.0017,-0.0597,-240053,8177778,-0.8786,-0.4792,-0.5429,25,625,608,0.689,12.2,82,4,1,0.25,-0.0379,-0.0002,0.0043,0.0219,-0.0209,-0.0261,-0.0023,-0.0352,0.0028,0.0133,-0.0054,-0.0008,0.0848
Maxi Kleber,LAL,2025,11000000,0.077899269,0.0169,-0.061,2386415,11000000,-1.0054,-1.658,-1.5272,34,1156,637,0.4549,8.7,82,6,1,0.25,-0.0432,-0.0008,0.0116,-0.0663,0.072,-0.025,0.0121,-0.0534,0.0028,0.0285,-0.0054,-0.0008,0.0848
Patrick Williams,CHI,2025,18000000,0.127471531,0.0664,-0.0611,9376211,18000000,-0.8325,-0.9647,-1.0871,24,576,1576,,16.9,78,4,1,0.25,-0.036,-0.0005,0.0083,0.0317,-0.0295,0.0135,-0.0022,-0.0106,-0.0003,0.0133,-0.0054,-0.0008,0.0848
Darius Garland,LAC,2025,39446090,0.279347417,0.2181,-0.0612,30797464,39446090,1.3623,1.777,1.2458,26,676,2301,0.8341,27.2,73,5,1,0.25,0.0558,0.0008,-0.0091,0.0121,-0.012,0.0433,-0.0111,0.0431,-0.0042,0.0209,-0.0054,-0.0008,0.0848
OG Anunoby,NYK,2025,39568966,0.280217594,0.2178,-0.0624,30755102,39568966,1.3566,0.6787,0.7108,28,784,2706,0.7134,19.7,79,6,1,0.25,0.0555,0.0003,-0.0051,-0.0075,0.0069,0.0599,-0.0037,0.004,0.0005,0.0285,-0.0054,-0.0008,0.0848
Dillon Jones,WAS,2025,2753280,0.019498045,-0.0436,-0.0631,-6156668,2753280,-1.2819,-1.1379,-0.9545,24,576,552,0.6585,13.3,77,0,1,0.25,-0.0548,-0.0005,0.0074,0.0317,-0.0295,-0.0284,-0.0004,-0.0294,-0.0011,-0.0171,-0.0054,-0.0008,0.0848
Trey Murphy III,NOP,2025,25000000,0.177043794,0.1125,-0.0645,15885900,25000000,-0.3544,-0.5149,0.3287,26,676,1854,0.7244,23.7,80,3,1,0.25,-0.016,-0.0003,-0.0022,0.0121,-0.012,0.0249,-0.0044,0.0248,0.0013,0.0057,-0.0054,-0.0008,0.0848
Jalen Johnson,ATL,2025,30000000,0.212452552,0.1461,-0.0664,20630488,30000000,0.9764,0.7473,0.7393,24,576,1284,0.5951,22.5,80,3,1,0.25,0.0396,0.0003,-0.0053,0.0317,-0.0295,0.0016,0.0035,0.0186,0.0013,0.0057,-0.0054,-0.0008,0.0848
Zach Collins,CHI,2025,18080496,0.128041584,0.0586,-0.0694,8274788,18080496,-0.3083,0.4126,0.3803,28,784,552,0.5768,17.1,81,6,1,0.25,-0.0141,0.0002,-0.0026,-0.0075,0.0069,-0.0284,0.0046,-0.0096,0.002,0.0285,-0.0054,-0.0008,0.0848
Zion Williamson,NOP,2025,39446090,0.279347417,0.2031,-0.0762,28679344,39446090,0.9476,1.1463,1.501,25,625,857,0.5098,34.7,78,5,1,0.25,0.0384,0.0005,-0.011,0.0219,-0.0209,-0.0159,0.0087,0.0822,-0.0003,0.0209,-0.0054,-0.0008,0.0848
Kawhi Leonard,LAC,2025,50000000,0.354087587,0.2767,-0.0773,39072253,50000000,3.1885,1.2891,1.9844,34,1156,1180,0.6012,27.7,78,6,1,0.25,0.1321,0.0006,-0.0146,-0.0663,0.072,-0.0027,0.0031,0.0457,-0.0003,0.0285,-0.0054,-0.0008,0.0848
LeBron James,LAL,2025,52627153,0.372692432,0.2951,-0.0776,41670480,52627153,1.6561,1.6807,1.2115,41,1681,2444,0.8207,30.1,81,6,1,0.25,0.068,0.0008,-0.0088,-0.135,0.1639,0.0491,-0.0103,0.0582,0.002,0.0285,-0.0054,-0.0008,0.0848
Tyrese Maxey,PHI,2025,37958760,0.268814515,0.1902,-0.0786,26857761,37958760,0.5961,0.4651,0.7028,25,625,1960,0.7195,29.8,74,4,1,0.25,0.0237,0.0002,-0.005,0.0219,-0.0209,0.0293,-0.0041,0.0567,-0.0034,0.0133,-0.0054,-0.0008,0.0848
Nic Claxton,BRK,2025,25352272,0.179538496,0.1004,-0.0792,14177283,25352272,,-0.3312,-0.4212,27,729,1882,0.872,16.8,83,5,1,0.25,-0.007,-0.0002,0.0034,0.0023,-0.0027,0.0261,-0.0135,-0.0112,0.0036,0.0209,-0.0054,-0.0008,0.0848
Desmond Bane,ORL,2025,36725670,0.260082078,0.1804,-0.0797,25473923,36725670,0.936,1.0254,0.9959,28,784,2205,0.7159,23.3,78,4,1,0.25,0.0379,0.0005,-0.0072,-0.0075,0.0069,0.0393,-0.0039,0.0227,-0.0003,0.0133,-0.0054,-0.0008,0.0848
Andrew Wiggins,MIA,2025,28223215,0.199869802,0.1201,-0.0797,16959080,28223215,-0.291,0.2188,0.387,31,961,1296,0.6122,23.5,78,6,1,0.25,-0.0134,0.0001,-0.0027,-0.0369,0.0379,0.0021,0.0025,0.0238,-0.0003,0.0285,-0.0054,-0.0008,0.0848
Devin Vassell,SAS,2025,27000000,0.191207297,0.1106,-0.0806,15617604,27000000,-0.5215,-0.5036,0.0045,25,625,1983,0.7317,22.1,77,4,1,0.25,-0.023,-0.0002,0.0002,0.0219,-0.0209,0.0302,-0.0049,0.0165,-0.0011,0.0133,-0.0054,-0.0008,0.0848
Cody Williams,UTA,2025,5742480,0.040666818,-0.0418,-0.0824,-5902494,5742480,-2.0826,-2.3729,-2.0468,21,441,1060,0.6098,12.5,80,0,1,0.25,-0.0883,-0.0011,0.0155,0.0611,-0.0531,-0.0076,0.0026,-0.0336,0.0013,-0.0171,-0.0054,-0.0008,0.0848
Jordan Poole,NOP,2025,31848215,0.225541152,0.1413,-0.0843,19952690,31848215,-0.5503,-1.0631,-0.0368,27,729,2001,0.9,29,76,5,1,0.25,-0.0242,-0.0005,0.0005,0.0023,-0.0027,0.031,-0.0152,0.0525,-0.0019,0.0209,-0.0054,-0.0008,0.0848
Jalen Suggs,ORL,2025,35000000,0.247861311,0.1609,-0.087,22720367,35000000,0.9706,0.4019,-0.0131,25,625,1002,0.6171,27.5,77,3,1,0.25,0.0394,0.0002,0.0003,0.0219,-0.0209,-0.01,0.0022,0.0447,-0.0011,0.0057,-0.0054,-0.0008,0.0848
Cade Cunningham,DET,2025,46394100,0.328551498,0.241,-0.0875,34031128,46394100,0.9245,1.2409,0.7201,24,576,2452,0.6829,33.2,78,3,1,0.25,0.0375,0.0006,-0.0052,0.0317,-0.0295,0.0495,-0.0019,0.0744,-0.0003,0.0057,-0.0054,-0.0008,0.0848
Pascal Siakam,IND,2025,45550512,0.322577418,0.2345,-0.088,33113275,45550512,1.4315,1.0826,1.0321,32,1024,2548,0.7915,24.2,80,6,1,0.25,0.0586,0.0005,-0.0075,-0.0467,0.0489,0.0534,-0.0085,0.0274,0.0013,0.0285,-0.0054,-0.0008,0.0848
Michael Porter Jr.,BRK,2025,38333050,0.271465144,0.183,-0.0885,25841064,38333050,0.7747,0.2708,0.4892,27,729,2593,0.9171,20.2,82,6,1,0.25,0.0312,0.0001,-0.0034,0.0023,-0.0027,0.0552,-0.0162,0.0066,0.0028,0.0285,-0.0054,-0.0008,0.0848
De'Aaron Fox,SAS,2025,37096620,0.262709053,0.1736,-0.0891,24513708,37096620,0.2044,0.8119,0.5353,28,784,1663,0.7232,29.1,75,6,1,0.25,0.0073,0.0004,-0.0038,-0.0075,0.0069,0.0171,-0.0043,0.053,-0.0027,0.0285,-0.0054,-0.0008,0.0848
Jaren Jackson Jr.,UTA,2025,35000000,0.247861311,0.1587,-0.0891,22409709,35000000,1.3796,1.4996,,26,676,,,,82,6,1,0.25,0.0565,0.0007,0,0.0121,-0.012,-0.0014,-0.0022,-0.0049,0.0028,0.0285,-0.0054,-0.0008,0.0848
Terance Mann,BRK,2025,15500000,0.109767152,0.0205,-0.0893,2894764,15500000,-0.7404,-0.7104,-0.4785,29,841,732,0.6976,14,78,5,1,0.25,-0.0322,-0.0003,0.0038,-0.0173,0.0169,-0.0211,-0.0028,-0.0258,-0.0003,0.0209,-0.0054,-0.0008,0.0848
Trae Young,WAS,2025,46394100,0.328551498,0.2384,-0.0902,33663987,46394100,0.769,1.0246,0.2537,27,729,2739,0.839,29.6,74,6,1,0.25,0.0309,0.0005,-0.0017,0.0023,-0.0027,0.0612,-0.0114,0.0556,-0.0034,0.0285,-0.0054,-0.0008,0.0848
Jrue Holiday,POR,2025,32400000,0.229448756,0.1374,-0.092,19401979,32400000,0.5846,0.4701,0.4908,36,1296,1896,0.7939,15.8,76,6,1,0.25,0.0232,0.0002,-0.0034,-0.0859,0.0965,0.0267,-0.0087,-0.0164,-0.0019,0.0285,-0.0054,-0.0008,0.0848
Jamal Murray,DEN,2025,46394100,0.328551498,0.2336,-0.0949,32986188,46394100,1.6504,0.8901,0.8172,29,841,2418,0.7829,24,76,6,1,0.25,0.0678,0.0004,-0.0059,-0.0173,0.0169,0.0481,-0.008,0.0264,-0.0019,0.0285,-0.0054,-0.0008,0.0848
Immanuel Quickley,TOR,2025,32500000,0.230156932,0.1316,-0.0986,18582972,32500000,0.5155,0.7204,0.4136,27,729,918,0.5378,25.1,74,4,1,0.25,0.0203,0.0003,-0.0029,0.0023,-0.0027,-0.0134,0.007,0.0321,-0.0034,0.0133,-0.0054,-0.0008,0.0848
Scottie Barnes,TOR,2025,38661750,0.273792915,0.1735,-0.1003,24499588,38661750,0.5155,0.5351,0.5792,24,576,2134,0.8037,27,80,3,1,0.25,0.0203,0.0002,-0.0041,0.0317,-0.0295,0.0364,-0.0093,0.042,0.0013,0.0057,-0.0054,-0.0008,0.0848
Dejounte Murray,NOP,2025,30801103,0.218125765,0.1172,-0.101,16549577,30801103,-0.533,0.2851,-0.2181,29,841,1012,0.6549,27.3,76,6,1,0.25,-0.0235,0.0001,0.0019,-0.0173,0.0169,-0.0096,-0.0002,0.0436,-0.0019,0.0285,-0.0054,-0.0008,0.0848
Tyrese Haliburton,IND,2025,45550512,0.322577418,0.2181,-0.1045,30797464,45550512,2.0997,2.6514,1.7432,26,676,2451,0.8341,21.6,77,4,1,0.25,0.0866,0.0012,-0.0128,0.0121,-0.012,0.0494,-0.0111,0.0139,-0.0011,0.0133,-0.0054,-0.0008,0.0848
Karl-Anthony Towns,NYK,2025,53142264,0.376340321,0.2669,-0.1094,37688415,53142264,1.7195,1.9789,1.0154,30,900,2517,0.7366,27.4,84,6,1,0.25,0.0707,0.0009,-0.0074,-0.0271,0.0272,0.0521,-0.0052,0.0441,0.0044,0.0285,-0.0054,-0.0008,0.0848
Terry Rozier,MIA,2025,26643031,0.188679331,0.0782,-0.1105,11042465,26643031,-1.4144,-0.6701,-1.2226,32,1024,1658,0.6537,20.4,73,6,1,0.25,-0.0603,-0.0003,0.0094,-0.0467,0.0489,0.0169,-0.0001,0.0076,-0.0042,0.0285,-0.0054,-0.0008,0.0848
Kyle Kuzma,MIL,2025,22410605,0.158706341,0.046,-0.1127,6495568,22410605,-1.6909,-1.1945,-0.9631,30,900,1049,,21.4,80,6,1,0.25,-0.0719,-0.0006,0.0074,-0.0271,0.0272,-0.0081,-0.0022,0.0128,0.0013,0.0285,-0.0054,-0.0008,0.0848
Brandon Ingram,TOR,2025,38095238,0.269781018,0.156,-0.1138,22028448,38095238,0.0489,-0.7444,-0.4436,28,784,595,0.4537,30.2,80,6,1,0.25,0.0008,-0.0004,0.0035,-0.0075,0.0069,-0.0267,0.0122,0.0587,0.0013,0.0285,-0.0054,-0.0008,0.0848
Evan Mobley,CLE,2025,46394100,0.328551498,0.2139,-0.1147,30204391,46394100,2.0594,2.4727,1.5706,25,625,2167,0.8085,23.2,83,3,1,0.25,0.0849,0.0011,-0.0115,0.0219,-0.0209,0.0378,-0.0096,0.0222,0.0036,0.0057,-0.0054,-0.0008,0.0848
Domantas Sabonis,SAC,2025,42336000,0.299813042,0.1811,-0.1187,25572768,42336000,0.7574,1.5234,0.8547,30,900,2429,0.9195,21.6,82,6,1,0.25,0.0305,0.0007,-0.0062,-0.0271,0.0272,0.0485,-0.0164,0.0139,0.0028,0.0285,-0.0054,-0.0008,0.0848
Devin Booker,PHO,2025,53142264,0.376340321,0.2535,-0.1228,35796228,53142264,1.1146,0.4574,0.5728,29,841,2795,0.8354,29.3,77,6,1,0.25,0.0454,0.0002,-0.0041,-0.0173,0.0169,0.0635,-0.0112,0.054,-0.0011,0.0285,-0.0054,-0.0008,0.0848
Joel Embiid,PHI,2025,55224526,0.391086383,0.268,-0.1231,37843744,55224526,2.1055,1.4775,-0.0361,32,1024,574,0.4195,34.2,84,6,1,0.25,0.0868,0.0007,0.0005,-0.0467,0.0489,-0.0275,0.0142,0.0796,0.0044,0.0285,-0.0054,-0.0008,0.0848
Anthony Davis,WAS,2025,54126450,0.383310082,0.2602,-0.1231,36742321,54126450,2.1861,2.811,1.4453,33,1089,1440,0.6707,30.2,82,6,1,0.25,0.0902,0.0013,-0.0106,-0.0565,0.0603,0.008,-0.0011,0.0587,0.0028,0.0285,-0.0054,-0.0008,0.0848
Stephen Curry,GSW,2025,59606817,0.42212068,0.2984,-0.1237,42136467,59606817,2.3993,2.1101,1.2349,38,1444,2252,0.8341,29.8,74,6,1,0.25,0.0991,0.001,-0.009,-0.1056,0.1224,0.0413,-0.0111,0.0567,-0.0034,0.0285,-0.0054,-0.0008,0.0848
Kevin Durant,HOU,2025,54708609,0.387432787,0.2624,-0.125,37052979,54708609,1.3796,0.6086,0.7627,37,1369,2265,0.7476,28.7,83,6,1,0.25,0.0565,0.0003,-0.0055,-0.0957,0.1093,0.0418,-0.0058,0.0509,0.0036,0.0285,-0.0054,-0.0008,0.0848
Khris Middleton,DAL,2025,33296296,0.235796102,0.1104,-0.1254,15589363,33296296,0.1238,0.3508,1.0885,34,1156,534,0.422,22,79,6,1,0.25,0.004,0.0002,-0.0079,-0.0663,0.072,-0.0292,0.0141,0.016,0.0005,0.0285,-0.0054,-0.0008,0.0848
Jaylen Brown,BOS,2025,53142264,0.376340321,0.2389,-0.1374,33734591,53142264,1.4603,1.1868,1.0978,29,841,2158,0.8037,28.9,78,6,1,0.25,0.0599,0.0005,-0.008,-0.0173,0.0169,0.0374,-0.0093,0.052,-0.0003,0.0285,-0.0054,-0.0008,0.0848
Jerami Grant,POR,2025,32000001,0.226616063,0.085,-0.1416,12002680,32000001,-1.0169,-0.3969,-0.5685,32,1024,1524,0.6378,19.4,79,6,1,0.25,-0.0437,-0.0002,0.0045,-0.0467,0.0489,0.0114,0.0009,0.0024,0.0005,0.0285,-0.0054,-0.0008,0.0848
Lauri Markkanen,UTA,2025,46394100,0.328551498,0.1709,-0.1577,24132447,46394100,0.5846,-0.2115,0.0529,29,841,1476,0.6488,24,85,6,1,0.25,0.0232,-0.0001,-0.0002,-0.0173,0.0169,0.0094,0.0002,0.0264,0.0052,0.0285,-0.0054,-0.0008,0.0848
Paul George,PHI,2025,51666090,0.365886423,0.1991,-0.1668,28114512,51666090,1.3278,-0.1539,0.1929,36,1296,1334,0.6573,23.5,80,6,1,0.25,0.0543,-0.0001,-0.0012,-0.0859,0.0965,0.0036,-0.0003,0.0238,0.0013,0.0285,-0.0054,-0.0008,0.0848
Zach LaVine,SAC,2025,47499660,0.3363808,0.16,-0.1764,22593280,47499660,0.1526,-0.3081,0.9421,31,961,1432,0.5354,26.6,77,6,1,0.25,0.0052,-0.0002,-0.0068,-0.0369,0.0379,0.0076,0.0072,0.04,-0.0011,0.0285,-0.0054,-0.0008,0.0848
Jimmy Butler,GSW,2025,54126450,0.383310082,0.1669,-0.2164,23567615,54126450,1.5294,1.8075,2.3854,36,1296,980,0.5585,20.6,78,6,1,0.25,0.0627,0.0008,-0.0176,-0.0859,0.0965,-0.0109,0.0057,0.0087,-0.0003,0.0285,-0.0054,-0.0008,0.0848
Giannis Antetokounmpo,,2024,48787676,0.347025891,0.354,0.0069,49768152,48787676,3.6075,4.1213,2.2922,,,2567,0.839,33,83,5,1,0.25,0.1496,0.0019,-0.0169,0.0121,-0.012,0.0542,-0.0114,0.0733,0.0036,0.0209,-0.0054,-0.0008,0.0848
Joel Embiid,,2024,51415938,0.365720673,0.3469,-0.0189,48769977,51415938,3.5741,3.6636,2.4267,,,1309,0.6451,39.6,84,5,1,0.25,0.1482,0.0017,-0.0179,0.0121,-0.012,0.0026,0.0004,0.1078,0.0044,0.0209,-0.0054,-0.0008,0.0848
Kevin Durant,,2024,51179021,0.364035487,0.3175,-0.0466,44636690,51179021,2.6772,1.7167,1.1139,,,2791,0.7341,29,83,5,1,0.25,0.1107,0.0008,-0.0081,0.0121,-0.012,0.0633,-0.005,0.0525,0.0036,0.0209,-0.0054,-0.0008,0.0848
Jayson Tatum,,2024,34848340,0.247875637,0.3143,0.0664,44186808,34848340,2.978,2.4491,1.5725,,,2645,0.9073,30.2,80,5,1,0.25,0.1233,0.0011,-0.0115,0.0121,-0.012,0.0574,-0.0156,0.0587,0.0013,0.0209,-0.0054,-0.0008,0.0848
Shai Gilgeous-Alexander,,2024,35859950,0.255071201,0.3074,0.0523,43216751,35859950,2.7218,3.4256,2.7578,,,2553,0.8427,32.8,78,5,1,0.25,0.1126,0.0016,-0.0204,0.0121,-0.012,0.0536,-0.0117,0.0723,-0.0003,0.0209,-0.0054,-0.0008,0.0848
LeBron James,,2024,48728845,0.346607427,0.2976,-0.049,41838988,48728845,2.6438,2.0646,1.6684,,,2504,0.7707,29.2,81,5,1,0.25,0.1093,0.001,-0.0122,0.0121,-0.012,0.0516,-0.0073,0.0535,0.002,0.0209,-0.0054,-0.0008,0.0848
Kawhi Leonard,,2024,49205800,0.35,0.2953,-0.0547,41515636,49205800,3.1396,2.3698,2.2931,,,2330,,26.5,78,5,1,0.25,0.1301,0.0011,-0.0169,0.0121,-0.012,0.0445,-0.0022,0.0394,-0.0003,0.0209,-0.0054,-0.0008,0.0848
Jalen Brunson,,2024,24960001,0.177540053,0.2905,0.113,40840814,24960001,2.1536,2.2965,1.526,,,2726,0.911,32.5,74,5,1,0.25,0.0888,0.0011,-0.0112,0.0121,-0.012,0.0607,-0.0158,0.0707,-0.0034,0.0209,-0.0054,-0.0008,0.0848
Victor Wembanyama,,2024,12768960,0.090825391,0.2879,0.1971,40475285,12768960,3.1563,2.2782,0.6193,,,2106,0.8659,32.2,88,0,1,0.25,0.1308,0.0011,-0.0044,0.0121,-0.012,0.0353,-0.0131,0.0692,0.0075,-0.0171,-0.0054,-0.0008,0.0848
Paul George,,2024,49205800,0.35,0.2878,-0.0622,40461226,49205800,2.6661,1.6984,1.4726,,,2502,0.7317,26.6,80,5,1,0.25,0.1103,0.0008,-0.0108,0.0121,-0.012,0.0515,-0.0049,0.04,0.0013,0.0209,-0.0054,-0.0008,0.0848
Donovan Mitchell,,2024,35410310,0.251872919,0.2865,0.0346,40278462,35410310,2.8109,2.4186,2.0145,,,1942,0.7476,31.4,74,5,1,0.25,0.1163,0.0011,-0.0148,0.0121,-0.012,0.0285,-0.0058,0.065,-0.0034,0.0209,-0.0054,-0.0008,0.0848
Anthony Davis,,2024,43219440,0.307419125,0.2855,-0.0219,40137874,43219440,2.382,3.1265,1.3622,,,2700,0.7659,26.7,82,5,1,0.25,0.0984,0.0014,-0.0099,0.0121,-0.012,0.0596,-0.007,0.0405,0.0028,0.0209,-0.0054,-0.0008,0.0848
De'Aaron Fox,,2024,34848340,0.247875637,0.2777,0.0299,39041287,34848340,1.9586,2.0768,1.2191,,,2659,0.8622,31,75,5,1,0.25,0.0807,0.001,-0.0089,0.0121,-0.012,0.0579,-0.0129,0.0629,-0.0027,0.0209,-0.0054,-0.0008,0.0848
Anthony Edwards,,2024,42176400,0.3,0.2759,-0.0241,38788229,42176400,2.1313,1.2041,1.2792,,,2770,0.9463,32.3,76,3,1,0.25,0.0879,0.0006,-0.0093,0.0121,-0.012,0.0625,-0.018,0.0697,-0.0019,0.0057,-0.0054,-0.0008,0.0848
Devin Booker,,2024,49205800,0.35,0.2738,-0.0762,38492994,49205800,2.0366,2.1317,1.1075,,,2447,0.7744,29.8,77,5,1,0.25,0.0839,0.001,-0.008,0.0121,-0.012,0.0492,-0.0075,0.0567,-0.0011,0.0209,-0.0054,-0.0008,0.0848
Stephen Curry,,2024,55761216,0.39662856,0.2707,-0.1259,38057171,55761216,1.8528,1.8266,0.7605,,,2421,0.8122,31.3,74,5,1,0.25,0.0763,0.0008,-0.0055,0.0121,-0.012,0.0482,-0.0098,0.0645,-0.0034,0.0209,-0.0054,-0.0008,0.0848
Kyrie Irving,,2024,41000000,0.291632287,0.2574,-0.0342,36187351,41000000,2.148,2.5406,1.8319,,,2030,0.5707,28.1,74,5,1,0.25,0.0886,0.0012,-0.0135,0.0121,-0.012,0.0322,0.005,0.0478,-0.0034,0.0209,-0.0054,-0.0008,0.0848
Damian Lillard,,2024,48787676,0.347025891,0.2552,-0.0918,35878057,48787676,1.6021,1.7167,0.9527,,,2579,0.728,28.4,74,5,1,0.25,0.0658,0.0008,-0.0069,0.0121,-0.012,0.0547,-0.0046,0.0493,-0.0034,0.0209,-0.0054,-0.0008,0.0848
Karl-Anthony Towns,NYK,2024,49205800,0.35,0.2496,-0.1004,35090764,49205800,1.8138,0.6426,0.6638,,,2026,0.6646,27.4,84,5,1,0.25,0.0746,0.0003,-0.0047,0.0121,-0.012,0.032,-0.0008,0.0441,0.0044,0.0209,-0.0054,-0.0008,0.0848
Jaylen Brown,,2024,49205800,0.35,0.243,-0.107,34162884,49205800,1.6132,0.7708,1.2074,,,2343,0.8329,28.9,78,5,1,0.25,0.0662,0.0003,-0.0088,0.0121,-0.012,0.045,-0.0111,0.052,-0.0003,0.0209,-0.0054,-0.0008,0.0848
Jimmy Butler,,2024,48798677,0.347104141,0.2278,-0.1193,32025946,48798677,2.0867,1.8327,1.6582,,,2042,0.739,24,78,5,1,0.25,0.086,0.0008,-0.0122,0.0121,-0.012,0.0326,-0.0053,0.0264,-0.0003,0.0209,-0.0054,-0.0008,0.0848
James Harden,,2024,33653846,0.239379222,0.2262,-0.0132,31801005,33653846,1.9642,2.3392,0.9275,,,2470,0.7585,20.6,77,5,1,0.25,0.0809,0.0011,-0.0067,0.0121,-0.012,0.0502,-0.0065,0.0087,-0.0011,0.0209,-0.0054,-0.0008,0.0848
Tyrese Maxey,,2024,35147000,0.25,0.2178,-0.0322,30620066,35147000,1.2289,1.375,0.9716,,,2626,0.8293,28,74,3,1,0.25,0.0502,0.0006,-0.007,0.0121,-0.012,0.0566,-0.0108,0.0473,-0.0034,0.0057,-0.0054,-0.0008,0.0848
Julius Randle,,2024,33073920,0.235254218,0.2161,-0.0192,30381066,33073920,1.2122,0.5755,0.4326,,,1630,0.7378,29.9,81,5,1,0.25,0.0495,0.0003,-0.003,0.0121,-0.012,0.0158,-0.0052,0.0572,0.002,0.0209,-0.0054,-0.0008,0.0848
Bam Adebayo,,2024,34848340,0.247875637,0.2144,-0.0334,30142067,34848340,1.1787,1.6008,0.4814,,,2416,0.8439,24.9,81,5,1,0.25,0.0481,0.0007,-0.0034,0.0121,-0.012,0.048,-0.0117,0.0311,0.002,0.0209,-0.0054,-0.0008,0.0848
Jamal Murray,,2024,36016200,0.256182604,0.214,-0.0422,30085832,36016200,1.318,0.9783,1.0849,,,1861,,27.9,76,5,1,0.25,0.0539,0.0004,-0.0079,0.0121,-0.012,0.0252,-0.0022,0.0467,-0.0019,0.0209,-0.0054,-0.0008,0.0848
Michael Porter Jr.,,2024,35859950,0.255071201,0.2091,-0.0459,29396950,35859950,1.318,0.7403,0.7372,,,2565,0.7427,20.7,82,5,1,0.25,0.0539,0.0003,-0.0053,0.0121,-0.012,0.0541,-0.0055,0.0092,0.0028,0.0209,-0.0054,-0.0008,0.0848
Tyrese Haliburton,,2024,42176400,0.3,0.2087,-0.0913,29340715,42176400,1.7803,2.6017,1.7267,,,2224,0.75,24.6,77,3,1,0.25,0.0732,0.0012,-0.0127,0.0121,-0.012,0.0401,-0.006,0.0295,-0.0011,0.0057,-0.0054,-0.0008,0.0848
Zion Williamson,,2024,36725670,0.261229052,0.2073,-0.054,29143892,36725670,0.7275,0.8379,1.0204,,,2207,,29.7,78,4,1,0.25,0.0292,0.0004,-0.0074,0.0121,-0.012,0.0394,-0.0022,0.0561,-0.0003,0.0133,-0.0054,-0.0008,0.0848
Domantas Sabonis,,2024,40500000,0.288075796,0.2069,-0.0812,29087657,40500000,0.9726,2.2904,0.924,,,2928,0.9037,22.2,82,5,1,0.25,0.0395,0.0011,-0.0067,0.0121,-0.012,0.069,-0.0154,0.017,0.0028,0.0209,-0.0054,-0.0008,0.0848
Fred VanVleet,,2024,42846615,0.304767228,0.2045,-0.1002,28750246,42846615,1.6132,1.497,1.028,,,2684,0.8561,19.7,72,5,1,0.25,0.0662,0.0007,-0.0075,0.0121,-0.012,0.059,-0.0125,0.004,-0.005,0.0209,-0.0054,-0.0008,0.0848
Rudy Gobert,,2024,43827586,0.311744857,0.2029,-0.1088,28525305,43827586,1.9475,1.8571,0.7968,,,2593,0.8805,15.4,85,5,1,0.25,0.0802,0.0009,-0.0057,0.0121,-0.012,0.0552,-0.014,-0.0185,0.0052,0.0209,-0.0054,-0.0008,0.0848
DeMar DeRozan,,2024,23400000,0.166443793,0.2028,0.0364,28511246,23400000,0.5437,1.0027,1.136,,,2989,0.9378,25.8,78,5,1,0.25,0.0215,0.0005,-0.0083,0.0121,-0.012,0.0715,-0.0175,0.0358,-0.0003,0.0209,-0.0054,-0.0008,0.0848
Brandon Ingram,,2024,36016200,0.256182604,0.2022,-0.054,28426893,36016200,0.7777,0.3741,0.8534,,,2103,0.689,27.2,80,5,1,0.25,0.0313,0.0002,-0.0061,0.0121,-0.012,0.0351,-0.0023,0.0431,0.0013,0.0209,-0.0054,-0.0008,0.0848
Paolo Banchero,,2024,12160800,0.086499559,0.2021,0.1156,28412834,12160800,0.3654,0.7952,0.3033,,,2799,,29.7,82,1,1,0.25,0.0141,0.0004,-0.002,0.0121,-0.012,0.0637,-0.0022,0.0561,0.0028,-0.0095,-0.0054,-0.0008,0.0848
Lauri Markkanen,,2024,42176400,0.3,0.1966,-0.1034,27639600,42176400,1.2177,1.8815,1.2885,,,1820,0.7256,25,85,5,1,0.25,0.0497,0.0009,-0.0094,0.0121,-0.012,0.0235,-0.0045,0.0316,0.0052,0.0209,-0.0054,-0.0008,0.0848
Myles Turner,,2024,19928500,0.141751074,0.1954,0.0536,27470895,19928500,1.1007,1.6801,0.2688,,,2076,0.7988,23.4,83,5,1,0.25,0.0448,0.0008,-0.0018,0.0121,-0.012,0.034,-0.009,0.0233,0.0036,0.0209,-0.0054,-0.0008,0.0848
Trae Young,,2024,43031940,0.306085441,0.1915,-0.1146,26922602,43031940,0.4434,1.1492,0.4921,,,1942,0.7817,30.5,74,5,1,0.25,0.0173,0.0005,-0.0034,0.0121,-0.012,0.0285,-0.0079,0.0603,-0.0034,0.0209,-0.0054,-0.0008,0.0848
Chet Holmgren,,2024,10880640,0.077393803,0.1904,0.113,26767955,10880640,1.4907,1.7411,0.7576,,,2413,,21.6,85,1,1,0.25,0.0611,0.0008,-0.0054,0.0121,-0.012,0.0479,-0.0022,0.0139,0.0052,-0.0095,-0.0054,-0.0008,0.0848
Dejounte Murray,,2024,29517135,0.209954868,0.1901,-0.0198,26725778,29517135,0.2485,0.5267,0.5798,,,2783,0.9122,26.6,76,5,1,0.25,0.0092,0.0002,-0.0041,0.0121,-0.012,0.063,-0.0159,0.04,-0.0019,0.0209,-0.0054,-0.0008,0.0848
Cade Cunningham,,2024,13940809,0.099160732,0.1881,0.089,26444602,13940809,0.2707,0.0628,-0.1192,,,2074,0.578,30.8,78,2,1,0.25,0.0101,0,0.0011,0.0121,-0.012,0.034,0.0045,0.0619,-0.0003,-0.0019,-0.0054,-0.0008,0.0848
LaMelo Ball,,2024,35147000,0.25,0.1877,-0.0623,26388367,35147000,0.8724,1.5825,0.5479,,,711,0.4488,34.3,79,3,1,0.25,0.0353,0.0007,-0.0039,0.0121,-0.012,-0.0219,0.0125,0.0801,0.0005,0.0057,-0.0054,-0.0008,0.0848
Collin Sexton,,2024,18350000,0.130523231,0.1855,0.055,26079074,18350000,0.4657,0.8196,0.9124,,,2075,,27.5,75,5,1,0.25,0.0183,0.0004,-0.0066,0.0121,-0.012,0.034,-0.0022,0.0447,-0.0027,0.0209,-0.0054,-0.0008,0.0848
Jalen Green,,2024,12483048,0.088791703,0.1842,0.0954,25896309,12483048,0.3153,-0.4498,0.0298,,,2601,,27.4,76,2,1,0.25,0.012,-0.0002,0,0.0121,-0.012,0.0556,-0.0022,0.0441,-0.0019,-0.0019,-0.0054,-0.0008,0.0848
Jarrett Allen,,2024,20000000,0.142259652,0.1815,0.0392,25516722,20000000,1.1342,1.7045,0.8615,,,2442,0.8549,19.4,81,5,1,0.25,0.0462,0.0008,-0.0062,0.0121,-0.012,0.049,-0.0124,0.0024,0.002,0.0209,-0.0054,-0.0008,0.0848
Derrick White,,2024,20071429,0.142767726,0.1807,0.0379,25404251,20071429,1.4963,1.7228,1.5025,,,2381,0.8646,18.6,76,5,1,0.25,0.0614,0.0008,-0.011,0.0121,-0.012,0.0465,-0.013,-0.0018,-0.0019,0.0209,-0.0054,-0.0008,0.0848
D'Angelo Russell,,2024,18692307,0.132958055,0.1798,0.0468,25277722,18692307,0.5938,0.2154,0.3777,,,2484,0.8195,23,75,5,1,0.25,0.0236,0.0001,-0.0026,0.0121,-0.012,0.0508,-0.0102,0.0212,-0.0027,0.0209,-0.0054,-0.0008,0.0848
Mikal Bridges,,2024,23300000,0.165732495,0.1797,0.0139,25263663,23300000,0.1426,0.2337,0.4224,,,2854,0.9049,24.3,78,5,1,0.25,0.0048,0.0001,-0.0029,0.0121,-0.012,0.0659,-0.0155,0.028,-0.0003,0.0209,-0.0054,-0.0008,0.0848
Pascal Siakam,,2024,42176400,0.3,0.1783,-0.1217,25066840,42176400,1.084,1.1919,0.5851,,,1354,0.6634,25.3,80,5,1,0.25,0.0441,0.0005,-0.0041,0.0121,-0.012,0.0044,-0.0007,0.0332,0.0013,0.0209,-0.0054,-0.0008,0.0848
Desmond Bane,,2024,34005250,0.241878752,0.1783,-0.0636,25066840,34005250,1.0116,0.5083,0.705,,,1443,0.6537,28.5,78,3,1,0.25,0.0411,0.0002,-0.005,0.0121,-0.012,0.0081,-0.0001,0.0499,-0.0003,0.0057,-0.0054,-0.0008,0.0848
Franz Wagner,,2024,7007092,0.049841324,0.1778,0.128,24996546,7007092,1.0562,1.8205,1.2313,,,2337,0.9244,25.7,82,2,1,0.25,0.043,0.0008,-0.009,0.0121,-0.012,0.0447,-0.0167,0.0353,0.0028,-0.0019,-0.0054,-0.0008,0.0848
Coby White,,2024,12000000,0.085355791,0.1774,0.0921,24940311,12000000,0.3654,-0.2179,-0.2267,,,2881,0.9012,22.7,76,4,1,0.25,0.0141,-0.0001,0.0019,0.0121,-0.012,0.067,-0.0152,0.0196,-0.0019,0.0133,-0.0054,-0.0008,0.0848
Khris Middleton,,2024,31000000,0.220502461,0.1736,-0.0469,24406076,31000000,1.0228,0.5816,0.8636,,,1487,0.6171,23.9,79,5,1,0.25,0.0416,0.0003,-0.0062,0.0121,-0.012,0.0099,0.0022,0.0259,0.0005,0.0209,-0.0054,-0.0008,0.0848
Aaron Gordon,,2024,22841455,0.162470872,0.1728,0.0104,24293606,22841455,1.3069,0.9844,0.746,,,2297,0.8768,17.8,80,5,1,0.25,0.0534,0.0004,-0.0053,0.0121,-0.012,0.0431,-0.0137,-0.006,0.0013,0.0209,-0.0054,-0.0008,0.0848
Ja Morant,,2024,36725670,0.261229052,0.1707,-0.0905,23998371,36725670,1.2456,1.1919,0.7596,,,318,0.4171,30.4,74,4,1,0.25,0.0509,0.0005,-0.0054,0.0121,-0.012,-0.038,0.0144,0.0598,-0.0034,0.0133,-0.0054,-0.0008,0.0848
Donte DiVincenzo,,2024,11445000,0.081408086,0.1695,0.0881,23829666,11445000,0.7665,0.9417,1.0131,,,2360,0.8183,21.3,76,5,1,0.25,0.0308,0.0004,-0.0073,0.0121,-0.012,0.0457,-0.0102,0.0123,-0.0019,0.0209,-0.0054,-0.0008,0.0848
CJ McCollum,,2024,33333333,0.237099418,0.169,-0.0681,23759372,33333333,0.3877,0.8867,0.5595,,,2159,0.7646,24.7,75,5,1,0.25,0.015,0.0004,-0.004,0.0121,-0.012,0.0374,-0.0069,0.03,-0.0027,0.0209,-0.0054,-0.0008,0.0848
Brook Lopez,,2024,23000000,0.1635986,0.167,0.0034,23478196,23000000,0.9615,0.7586,0.1122,,,2411,0.7988,16,85,5,1,0.25,0.039,0.0003,-0.0006,0.0121,-0.012,0.0478,-0.009,-0.0153,0.0052,0.0209,-0.0054,-0.0008,0.0848
Cam Thomas,,2024,4041249,0.028745334,0.1647,0.136,23154843,4041249,0.1148,-0.462,-0.017,,,2075,0.7744,30.5,75,2,1,0.25,0.0036,-0.0002,0.0004,0.0121,-0.012,0.034,-0.0075,0.0603,-0.0027,-0.0019,-0.0054,-0.0008,0.0848
Darius Garland,,2024,36725670,0.261229052,0.1625,-0.0987,22845550,36725670,0.5381,0.3192,-0.0007,,,1901,0.7659,25.3,73,4,1,0.25,0.0213,0.0001,0.0002,0.0121,-0.012,0.0269,-0.007,0.0332,-0.0042,0.0133,-0.0054,-0.0008,0.0848
Kyle Kuzma,,2024,24456061,0.173955537,0.1601,-0.0139,22508138,24456061,-0.9771,-0.8587,-0.6774,,,2281,,29.7,80,5,1,0.25,-0.0421,-0.0004,0.0053,0.0121,-0.012,0.0424,-0.0022,0.0561,0.0013,0.0209,-0.0054,-0.0008,0.0848
Miles Bridges,,2024,27173913,0.193287571,0.1601,-0.0332,22508138,27173913,-0.2863,-1.3225,-0.0603,,,2581,0.8428,24.7,79,5,1,0.25,-0.0132,-0.0006,0.0007,0.0121,-0.012,0.0547,-0.0117,0.03,0.0005,0.0209,-0.0054,-0.0008,0.0848
Jalen Williams,,2024,4775760,0.033969898,0.1595,0.1255,22423786,4775760,1.201,0.545,1.1781,,,2223,0.8841,23.7,77,1,1,0.25,0.049,0.0002,-0.0086,0.0121,-0.012,0.0401,-0.0142,0.0248,-0.0011,-0.0095,-0.0054,-0.0008,0.0848
Jrue Holiday,,2024,30000000,0.213389478,0.1579,-0.0554,22198845,30000000,1.123,0.5389,0.4154,,,2263,0.8293,16.3,76,5,1,0.25,0.0458,0.0002,-0.0029,0.0121,-0.012,0.0417,-0.0108,-0.0138,-0.0019,0.0209,-0.0054,-0.0008,0.0848
OG Anunoby,NYK,2024,36637932,0.260605,0.1577,-0.1029,22170727,36637932,1.7246,-0.3827,0.4041,,,900,0.5268,18.2,79,5,1,0.25,0.0709,-0.0002,-0.0028,0.0121,-0.012,-0.0142,0.0077,-0.0039,0.0005,0.0209,-0.0054,-0.0008,0.0848
Tyler Herro,,2024,29000000,0.206276496,0.1569,-0.0494,22058257,29000000,0.41,0.2459,0.3385,,,1407,0.6622,27.8,77,4,1,0.25,0.0159,0.0001,-0.0023,0.0121,-0.012,0.0066,-0.0006,0.0462,-0.0011,0.0133,-0.0054,-0.0008,0.0848
Tobias Harris,,2024,25365854,0.180426879,0.1556,-0.0248,21875492,25365854,0.4601,0.7891,0.7224,,,2368,0.8756,20.7,80,5,1,0.25,0.018,0.0004,-0.0052,0.0121,-0.012,0.046,-0.0137,0.0092,0.0013,0.0209,-0.0054,-0.0008,0.0848
Mitchell Robinson,,2024,14318182,0.10184498,0.1547,0.0529,21748963,14318182,1.4405,0.3863,,,,,,,84,5,1,0.25,0.059,0.0002,0,0.0121,-0.012,-0.0014,-0.0022,-0.0049,0.0044,0.0209,-0.0054,-0.0008,0.0848
Bradley Beal,,2024,50203930,0.357099681,0.1528,-0.2043,21481846,50203930,0.3989,0.1239,0.6278,,,1767,0.6037,22.7,76,5,1,0.25,0.0155,0,-0.0045,0.0121,-0.012,0.0214,0.003,0.0196,-0.0019,0.0209,-0.0054,-0.0008,0.0848
Klay Thompson,,2024,15873016,0.112904487,0.1525,0.0396,21439670,15873016,-0.1025,0.429,0.2531,,,2284,0.8,24.2,77,5,1,0.25,-0.0055,0.0002,-0.0017,0.0121,-0.012,0.0426,-0.009,0.0274,-0.0011,0.0209,-0.0054,-0.0008,0.0848
Scottie Barnes,,2024,10130980,0.072061485,0.1501,0.078,21102258,10130980,0.5771,1.021,0.8261,,,2094,0.828,24.8,80,2,1,0.25,0.0229,0.0005,-0.0059,0.0121,-0.012,0.0348,-0.0108,0.0306,0.0013,-0.0019,-0.0054,-0.0008,0.0848
T.J. McConnell,,2024,9300000,0.066150738,0.1494,0.0832,21003847,9300000,1.045,0.6365,1.1119,,,1291,0.7732,23.7,73,5,1,0.25,0.0425,0.0003,-0.0081,0.0121,-0.012,0.0019,-0.0074,0.0248,-0.0042,0.0209,-0.0054,-0.0008,0.0848
Jakob Poeltl,,2024,19500000,0.138703161,0.1492,0.0105,20975729,19500000,1.3013,1.0454,,,,,,,84,5,1,0.25,0.0532,0.0005,0,0.0121,-0.012,-0.0014,-0.0022,-0.0049,0.0044,0.0209,-0.0054,-0.0008,0.0848
Anfernee Simons,,2024,25892857,0.184175442,0.1447,-0.0394,20343083,25892857,-0.303,0.1239,0.0057,,,1582,0.6463,28,75,5,1,0.25,-0.0139,0,0.0002,0.0121,-0.012,0.0138,0.0004,0.0473,-0.0027,0.0209,-0.0054,-0.0008,0.0848
Deni Avdija,,2024,15625000,0.111140353,0.1446,0.0335,20329024,15625000,0.3599,-0.3095,0.1067,,,2257,,20.2,80,3,1,0.25,0.0138,-0.0002,-0.0006,0.0121,-0.012,0.0415,-0.0022,0.0066,0.0013,0.0057,-0.0054,-0.0008,0.0848
Alex Caruso,,2024,9890000,0.070347398,0.1424,0.072,20019731,9890000,1.1676,0.6853,0.9452,,,2040,0.778,14.7,77,5,1,0.25,0.0476,0.0003,-0.0068,0.0121,-0.012,0.0326,-0.0077,-0.0221,-0.0011,0.0209,-0.0054,-0.0008,0.0848
Isaiah Hartenstein,,2024,30000000,0.213389478,0.1423,-0.0711,20005672,30000000,1.4183,1.2773,1.1897,,,1896,,12,84,5,1,0.25,0.0581,0.0006,-0.0087,0.0121,-0.012,0.0267,-0.0022,-0.0362,0.0044,0.0209,-0.0054,-0.0008,0.0848
Kentavious Caldwell-Pope,,2024,22757000,0.161870145,0.1406,-0.0213,19766672,22757000,1.1954,0.2215,0.7968,,,2402,0.9293,12.9,77,5,1,0.25,0.0488,0.0001,-0.0057,0.0121,-0.012,0.0474,-0.017,-0.0315,-0.0011,0.0209,-0.0054,-0.0008,0.0848
Austin Reaves,,2024,12976362,0.092300637,0.1388,0.0465,19513614,12976362,0.41,0.1971,0.3765,,,2629,0.8829,20.3,77,2,1,0.25,0.0159,0.0001,-0.0026,0.0121,-0.012,0.0567,-0.0141,0.0071,-0.0011,-0.0019,-0.0054,-0.0008,0.0848
Caris LeVert,,2024,16615384,0.118184938,0.138,0.0198,19401144,16615384,-0.0078,0.6121,0.547,,,1958,0.7805,23.1,79,5,1,0.25,-0.0015,0.0003,-0.0039,0.0121,-0.012,0.0292,-0.0079,0.0217,0.0005,0.0209,-0.0054,-0.0008,0.0848
Clint Capela,,2024,22265280,0.15837255,0.1377,-0.0207,19358967,22265280,0.7609,0.9905,0.0939,,,1883,0.8634,17.3,82,5,1,0.25,0.0306,0.0005,-0.0005,0.0121,-0.012,0.0261,-0.0129,-0.0086,0.0028,0.0209,-0.0054,-0.0008,0.0848
Josh Hart,,2024,18144000,0.129057957,0.1365,0.0074,19190262,18144000,0.4713,0.6121,0.628,,,2707,0.7805,13.5,77,5,1,0.25,0.0185,0.0003,-0.0045,0.0121,-0.012,0.0599,-0.0079,-0.0284,-0.0011,0.0209,-0.0054,-0.0008,0.0848
Jonathan Isaac,,2024,25000000,0.177824565,0.1352,-0.0426,19007497,25000000,1.7135,2.2294,1.5368,,,914,,16.7,82,5,1,0.25,0.0704,0.001,-0.0112,0.0121,-0.012,-0.0136,-0.0022,-0.0117,0.0028,0.0209,-0.0054,-0.0008,0.0848
Draymond Green,,2024,24107143,0.171473689,0.1352,-0.0363,19007497,24107143,1.2846,1.4177,0.6283,,,1490,0.7146,15.3,78,5,1,0.25,0.0525,0.0007,-0.0045,0.0121,-0.012,0.01,-0.0038,-0.019,-0.0003,0.0209,-0.0054,-0.0008,0.0848
Jalen Suggs,,2024,9188385,0.065356823,0.1348,0.0695,18951262,9188385,0.8891,0.6487,0.8287,,,2025,0.7683,19.7,77,2,1,0.25,0.036,0.0003,-0.006,0.0121,-0.012,0.0319,-0.0071,0.004,-0.0011,-0.0019,-0.0054,-0.0008,0.0848
Andrew Wiggins,,2024,26276786,0.186906322,0.1348,-0.0521,18951262,26276786,0.0981,-0.1447,-0.0449,,,1920,0.7463,20.9,78,5,1,0.25,0.0029,-0.0001,0.0006,0.0121,-0.012,0.0276,-0.0058,0.0102,-0.0003,0.0209,-0.0054,-0.0008,0.0848
Russell Westbrook,,2024,3303771,0.023499666,0.1329,0.1094,18684145,3303771,-0.1415,0.1605,0.0605,,,1529,0.6817,25.2,76,5,1,0.25,-0.0071,0.0001,-0.0002,0.0121,-0.012,0.0116,-0.0018,0.0327,-0.0019,0.0209,-0.0054,-0.0008,0.0848
Grayson Allen,,2024,15625000,0.111140353,0.1327,0.0216,18656027,15625000,0.6495,0.5633,0.7233,,,2513,0.8817,14.5,75,5,1,0.25,0.026,0.0003,-0.0052,0.0121,-0.012,0.052,-0.014,-0.0232,-0.0027,0.0209,-0.0054,-0.0008,0.0848
Deandre Ayton,,2024,34005126,0.24187787,0.1325,-0.1094,18627910,34005126,0.0312,-0.4376,0.0937,,,1784,0.722,21.1,84,5,1,0.25,0.0001,-0.0002,-0.0005,0.0121,-0.012,0.0221,-0.0043,0.0113,0.0044,0.0209,-0.0054,-0.0008,0.0848
Marcus Smart,,2024,20210284,0.143755399,0.132,-0.0118,18557616,20210284,0.8167,-0.0348,0.0954,,,605,0.5183,22.9,75,5,1,0.25,0.0329,0,-0.0005,0.0121,-0.012,-0.0263,0.0082,0.0207,-0.0027,0.0209,-0.0054,-0.0008,0.0848
Jonathan Kuminga,,2024,7636307,0.054316919,0.1312,0.0768,18445145,7636307,0.1259,0.0506,0.5339,,,1949,,24.1,79,2,1,0.25,0.0041,0,-0.0038,0.0121,-0.012,0.0288,-0.0022,0.0269,0.0005,-0.0019,-0.0054,-0.0008,0.0848
Jaren Jackson Jr.,,2024,25257798,0.179658278,0.1307,-0.049,18374851,25257798,0.9002,0.6487,,,,,,,82,5,1,0.25,0.0364,0.0003,0,0.0121,-0.012,-0.0014,-0.0022,-0.0049,0.0028,0.0209,-0.0054,-0.0008,0.0848
Steven Adams,,2024,12600000,0.089623581,0.1306,0.041,18360792,12600000,0.8891,,,,,,,,83,5,1,0.25,0.036,-0.0001,0,0.0121,-0.012,-0.0014,-0.0022,-0.0049,0.0036,0.0209,-0.0054,-0.0008,0.0848
Dillon Brooks,,2024,22255493,0.158302935,0.1301,-0.0282,18290498,22255493,-0.0078,-1.054,-0.1001,,,2227,,17.6,79,5,1,0.25,-0.0015,-0.0005,0.001,0.0121,-0.012,0.0402,-0.0022,-0.007,0.0005,0.0209,-0.0054,-0.0008,0.0848
Andre Drummond,,2024,5000000,0.035564913,0.1288,0.0933,18107734,5000000,0.6161,1.2712,0.6022,,,1351,0.8463,21.3,83,5,1,0.25,0.0246,0.0006,-0.0043,0.0121,-0.012,0.0043,-0.0119,0.0123,0.0036,0.0209,-0.0054,-0.0008,0.0848
Malik Beasley,DET,2024,6000000,0.042678,0.1286,0.0859,18079616,6000000,0.3376,-0.2484,0.2734,,,2337,,14.6,76,5,1,0.25,0.0129,-0.0001,-0.0018,0.0121,-0.012,0.0447,-0.0022,-0.0226,-0.0019,0.0209,-0.0054,-0.0008,0.0848
Josh Giddey,,2024,8352367,0.059410241,0.1285,0.0691,18065558,8352367,0.4211,0.0445,0.4605,,,2011,0.8976,23.1,79,2,1,0.25,0.0164,0,-0.0032,0.0121,-0.012,0.0314,-0.015,0.0217,0.0005,-0.0019,-0.0054,-0.0008,0.0848
Terry Rozier,,2024,24924126,0.177284875,0.1272,-0.0501,17882793,24924126,-0.1359,0.2398,0.5595,,,1065,0.5915,27.8,73,5,1,0.25,-0.0069,0.0001,-0.004,0.0121,-0.012,-0.0074,0.0037,0.0462,-0.0042,0.0209,-0.0054,-0.0008,0.0848
Herbert Jones,,2024,12976362,0.092300637,0.1269,0.0346,17840617,12976362,1.279,0.5328,0.9493,,,2321,0.8951,14.1,79,2,1,0.25,0.0523,0.0002,-0.0069,0.0121,-0.012,0.0441,-0.0149,-0.0253,0.0005,-0.0019,-0.0054,-0.0008,0.0848
Moritz Wagner,,2024,11000000,0.078242809,0.1255,0.0473,17643794,11000000,0.2875,0.429,0.5223,,,1415,0.85,22.8,83,5,1,0.25,0.0108,0.0002,-0.0037,0.0121,-0.012,0.0069,-0.0121,0.0201,0.0036,0.0209,-0.0054,-0.0008,0.0848
Naz Reid,,2024,13986432,0.099485248,0.1248,0.0253,17545382,13986432,-0.3197,-0.0409,0.5154,,,1964,,23.1,81,4,1,0.25,-0.0146,0,-0.0036,0.0121,-0.012,0.0294,-0.0022,0.0217,0.002,0.0133,-0.0054,-0.0008,0.0848
Mike Conley,,2024,9975962,0.070958844,0.1236,0.0526,17376676,9975962,0.4991,1.0088,0.9199,,,2193,0.7963,16,73,5,1,0.25,0.0197,0.0005,-0.0066,0.0121,-0.012,0.0388,-0.0088,-0.0153,-0.0042,0.0209,-0.0054,-0.0008,0.0848
Jerami Grant,,2024,29793104,0.211917831,0.1235,-0.0884,17362618,29793104,-0.8044,-0.993,-0.0806,,,1830,0.6744,25.7,79,5,1,0.25,-0.0348,-0.0005,0.0008,0.0121,-0.012,0.024,-0.0014,0.0353,0.0005,0.0209,-0.0054,-0.0008,0.0848
Bobby Portis,,2024,12578286,0.08946913,0.1227,0.0332,17250147,12578286,-0.2585,0.1178,0.2682,,,2008,0.9317,22.9,81,5,1,0.25,-0.012,0,-0.0018,0.0121,-0.012,0.0313,-0.0171,0.0207,0.002,0.0209,-0.0054,-0.0008,0.0848
P.J. Washington,,2024,15500000,0.110251231,0.1216,0.0114,17095500,15500000,0.3487,0.0384,-0.5729,,,1286,,21.2,79,4,1,0.25,0.0134,0,0.0045,0.0121,-0.012,0.0017,-0.0022,0.0118,0.0005,0.0133,-0.0054,-0.0008,0.0848
Malik Monk,,2024,17405203,0.123802906,0.1213,-0.0025,17053324,17405203,-0.4646,0.5816,0.2563,,,1872,0.9061,25.9,75,5,1,0.25,-0.0206,0.0003,-0.0017,0.0121,-0.012,0.0257,-0.0155,0.0363,-0.0027,0.0209,-0.0054,-0.0008,0.0848
Immanuel Quickley,,2024,32500000,0.231171935,0.1212,-0.1099,17039265,32500000,0.4991,0.6853,0.062,,,1265,0.7183,23.5,74,3,1,0.25,0.0197,0.0003,-0.0002,0.0121,-0.012,0.0008,-0.004,0.0238,-0.0034,0.0057,-0.0054,-0.0008,0.0848
Ivica Zubac,,2024,11743210,0.083529249,0.1204,0.0369,16926795,11743210,0.6161,0.7403,,,,,,,84,5,1,0.25,0.0246,0.0003,0,0.0121,-0.012,-0.0014,-0.0022,-0.0049,0.0044,0.0209,-0.0054,-0.0008,0.0848
Wendell Carter Jr.,,2024,11950000,0.085000142,0.1193,0.0343,16772148,11950000,0.5493,0.7525,0.0995,,,1406,,17.2,82,5,1,0.25,0.0218,0.0003,-0.0005,0.0121,-0.012,0.0066,-0.0022,-0.0091,0.0028,0.0209,-0.0054,-0.0008,0.0848
Lonzo Ball,,2024,21395348,0.152184738,0.1189,-0.0332,16715913,21395348,0.722,,,,,,,,77,5,1,0.25,0.029,-0.0001,0,0.0121,-0.012,-0.0014,-0.0022,-0.0049,-0.0011,0.0209,-0.0054,-0.0008,0.0848
Trey Murphy III,,2024,5159854,0.036701952,0.1186,0.0819,16673736,5159854,1.006,0.9172,1.2252,,,1690,0.7878,18.6,80,2,1,0.25,0.0409,0.0004,-0.0089,0.0121,-0.012,0.0182,-0.0083,-0.0018,0.0013,-0.0019,-0.0054,-0.0008,0.0848
John Collins,,2024,26580000,0.189063078,0.1185,-0.0705,16659678,26580000,-0.342,0.4412,0.0437,,,1901,,20.4,81,5,1,0.25,-0.0155,0.0002,-0.0001,0.0121,-0.012,0.0269,-0.0022,0.0076,0.002,0.0209,-0.0054,-0.0008,0.0848
Zach LaVine,,2024,44531940,0.316754915,0.1182,-0.1986,16617501,44531940,0.1816,0.1117,0.0486,,,872,0.5976,23.8,77,5,1,0.25,0.0064,0,-0.0001,0.0121,-0.012,-0.0153,0.0033,0.0254,-0.0011,0.0209,-0.0054,-0.0008,0.0848
Spencer Dinwiddie,DAL,2024,2087519,0.014848,0.1181,0.1032,16603442,2087519,0.2317,0.0628,0.0425,,,1474,0.5939,18.6,77,5,1,0.25,0.0085,0,-0.0001,0.0121,-0.012,0.0094,0.0036,-0.0018,-0.0011,0.0209,-0.0054,-0.0008,0.0848
Jarred Vanderbilt,,2024,10714286,0.07621053,0.1176,0.0414,16533148,10714286,0.6384,-0.5353,,,,,,,80,5,1,0.25,0.0255,-0.0003,0,0.0121,-0.012,-0.0014,-0.0022,-0.0049,0.0013,0.0209,-0.0054,-0.0008,0.0848
Devin Vassell,,2024,29347826,0.208750576,0.1165,-0.0922,16378502,29347826,-0.537,-0.4132,0.4619,,,2248,0.7268,23.5,77,3,1,0.25,-0.0237,-0.0002,-0.0032,0.0121,-0.012,0.0411,-0.0046,0.0238,-0.0011,0.0057,-0.0054,-0.0008,0.0848
Jordan Poole,,2024,29651786,0.210912638,0.1156,-0.0953,16251972,29651786,-1.0272,-1.2737,-0.6559,,,2346,0.961,26.4,76,4,1,0.25,-0.0442,-0.0006,0.0051,0.0121,-0.012,0.0451,-0.0189,0.0389,-0.0019,0.0133,-0.0054,-0.0008,0.0848
Keegan Murray,,2024,8809560,0.062662247,0.115,0.0524,16167620,8809560,0.4267,0.8501,0.658,,,2588,0.9527,18.1,80,1,1,0.25,0.0166,0.0004,-0.0047,0.0121,-0.012,0.055,-0.0184,-0.0044,0.0013,-0.0095,-0.0054,-0.0008,0.0848
Evan Mobley,,2024,11227657,0.079862129,0.1141,0.0343,16041090,11227657,0.644,1.2529,0.8639,,,1532,0.7622,20.6,83,2,1,0.25,0.0257,0.0006,-0.0062,0.0121,-0.012,0.0117,-0.0067,0.0087,0.0036,-0.0019,-0.0054,-0.0008,0.0848
Luguentz Dort,,2024,16500000,0.117364213,0.1138,-0.0035,15998914,16500000,0.176,-0.4864,0.3751,,,2246,,15.4,76,4,1,0.25,0.0062,-0.0002,-0.0026,0.0121,-0.012,0.041,-0.0022,-0.0185,-0.0019,0.0133,-0.0054,-0.0008,0.0848
Norman Powell,,2024,19241379,0.136863594,0.1121,-0.0248,15759914,19241379,-0.2306,-0.5231,0.2914,,,1990,0.7805,20,75,5,1,0.25,-0.0108,-0.0003,-0.002,0.0121,-0.012,0.0305,-0.0079,0.0055,-0.0027,0.0209,-0.0054,-0.0008,0.0848
Derrick Jones Jr.,,2024,9523810,0.067742695,0.1106,0.0428,15549032,9523810,0.5493,-0.4681,0.1387,,,1783,0.822,14.9,78,5,1,0.25,0.0218,-0.0002,-0.0008,0.0121,-0.012,0.022,-0.0104,-0.0211,-0.0003,0.0209,-0.0054,-0.0008,0.0848
Joshua Primo,LAC,2024,1000000,0.007113,0.1099,0.1028,15450621,1000000,-1.5452,-0.4132,-7.9416,,,10,0.1488,30.7,76,2,1,0.25,-0.0658,-0.0002,0.0595,0.0121,-0.012,-0.0507,0.0308,0.0613,-0.0019,-0.0019,-0.0054,-0.0008,0.0848
De'Anthony Melton,,2024,12822000,0.091202663,0.1096,0.0184,15408444,12822000,0.8946,0.7708,1.1322,,,1023,0.6915,18.3,74,5,1,0.25,0.0362,0.0003,-0.0082,0.0121,-0.012,-0.0091,-0.0024,-0.0033,-0.0034,0.0209,-0.0054,-0.0008,0.0848
Jordan Clarkson,,2024,14092577,0.100240255,0.1085,0.0082,15253798,14092577,-1.0829,-0.7489,-0.4712,,,1682,,26.1,77,5,1,0.25,-0.0465,-0.0004,0.0037,0.0121,-0.012,0.0179,-0.0022,0.0374,-0.0011,0.0209,-0.0054,-0.0008,0.0848
Kevin Love,,2024,3850000,0.027384983,0.1076,0.0802,15127268,3850000,0.2429,1.9548,0.6742,,,924,,21.9,82,5,1,0.25,0.009,0.0009,-0.0048,0.0121,-0.012,-0.0132,-0.0022,0.0154,0.0028,0.0209,-0.0054,-0.0008,0.0848
Nickeil Alexander-Walker,,2024,4312500,0.030674738,0.1065,0.0759,14972622,4312500,0.488,-0.5597,0.457,,,1921,0.7537,14.8,77,4,1,0.25,0.0192,-0.0003,-0.0032,0.0121,-0.012,0.0277,-0.0062,-0.0216,-0.0011,0.0133,-0.0054,-0.0008,0.0848
Kevin Huerter,,2024,16830357,0.119714037,0.106,-0.0137,14902328,16830357,0.4044,0.4534,0.2688,,,1562,0.8451,17.3,78,5,1,0.25,0.0157,0.0002,-0.0018,0.0121,-0.012,0.013,-0.0118,-0.0086,-0.0003,0.0209,-0.0054,-0.0008,0.0848
Caleb Martin,,2024,9186594,0.065344083,0.1051,0.0397,14775798,9186594,0.2819,-0.2545,0.0103,,,1756,0.7963,17.3,77,4,1,0.25,0.0106,-0.0001,0.0001,0.0121,-0.012,0.0209,-0.0088,-0.0086,-0.0011,0.0133,-0.0054,-0.0008,0.0848
De'Andre Hunter,,2024,21696429,0.154326322,0.1045,-0.0498,14691446,21696429,-0.2863,-0.6451,-0.1285,,,1681,,20.6,79,4,1,0.25,-0.0132,-0.0003,0.0012,0.0121,-0.012,0.0178,-0.0022,0.0087,0.0005,0.0133,-0.0054,-0.0008,0.0848
Keldon Johnson,,2024,19000000,0.13514667,0.104,-0.0311,14621152,19000000,-0.7598,-0.6756,0.0489,,,2038,,21.9,78,4,1,0.25,-0.033,-0.0003,-0.0001,0.0121,-0.012,0.0325,-0.0022,0.0154,-0.0003,0.0133,-0.0054,-0.0008,0.0848
Jalen Johnson,,2024,4510905,0.032085989,0.1035,0.0714,14550858,4510905,0.0925,0.3558,0.6487,,,1889,0.6512,19.1,80,2,1,0.25,0.0027,0.0002,-0.0046,0.0121,-0.012,0.0264,0.0001,0.0008,0.0013,-0.0019,-0.0054,-0.0008,0.0848
Dorian Finney-Smith,,2024,14924167,0.10615534,0.1031,-0.0031,14494622,14924167,0.1705,-0.3644,-0.2613,,,1934,0.7049,13.2,79,5,1,0.25,0.0059,-0.0002,0.0022,0.0121,-0.012,0.0282,-0.0032,-0.03,0.0005,0.0209,-0.0054,-0.0008,0.0848
Cole Anthony,,2024,12900000,0.091757476,0.1028,0.011,14452446,12900000,-0.2919,0.3375,-0.008,,,1817,0.872,23.7,74,3,1,0.25,-0.0134,0.0001,0.0003,0.0121,-0.012,0.0234,-0.0135,0.0248,-0.0034,0.0057,-0.0054,-0.0008,0.0848
Cameron Johnson,,2024,22500000,0.160042109,0.1013,-0.0588,14241564,22500000,0.4156,0.6609,,,,,,,80,4,1,0.25,0.0162,0.0003,0,0.0121,-0.012,-0.0014,-0.0022,-0.0049,0.0013,0.0133,-0.0054,-0.0008,0.0848
Rui Hachimura,,2024,17000000,0.120920704,0.1008,-0.0201,14171270,17000000,-0.2807,-0.5841,0.3373,,,1826,0.6268,18.5,80,4,1,0.25,-0.0129,-0.0003,-0.0023,0.0121,-0.012,0.0238,0.0016,-0.0023,0.0013,0.0133,-0.0054,-0.0008,0.0848
Harrison Barnes,,2024,18000000,0.128033687,0.0999,-0.0282,14044741,18000000,-0.2417,-0.1752,-0.2491,,,2381,0.9878,15.7,79,5,1,0.25,-0.0113,-0.0001,0.0021,0.0121,-0.012,0.0465,-0.0205,-0.0169,0.0005,0.0209,-0.0054,-0.0008,0.0848
Jaden McDaniels,,2024,23017242,0.163721242,0.0999,-0.0638,14044741,23017242,0.2875,-0.9259,0.0486,,,2105,0.8988,15.7,81,3,1,0.25,0.0108,-0.0004,-0.0001,0.0121,-0.012,0.0352,-0.0151,-0.0169,0.002,0.0057,-0.0054,-0.0008,0.0848
Chris Boucher,,2024,10810000,0.076891342,0.099,0.0221,13918212,10810000,0.8891,0.0933,-0.0388,,,705,0.778,17.3,80,5,1,0.25,0.036,0,0.0005,0.0121,-0.012,-0.0222,-0.0077,-0.0086,0.0013,0.0209,-0.0054,-0.0008,0.0848
Max Strus,,2024,15212068,0.108203175,0.0986,-0.0096,13861976,15212068,0.0256,0.4473,0.4634,,,2239,0.8854,17.4,77,3,1,0.25,-0.0001,0.0002,-0.0032,0.0121,-0.012,0.0407,-0.0143,-0.008,-0.0011,0.0057,-0.0054,-0.0008,0.0848
Javonte Green,,2024,1728488,0.012294705,0.0984,0.0861,13833859,1728488,1.2957,,1.6065,,,230,0.3305,16.7,77,4,1,0.25,0.053,-0.0001,-0.0118,0.0121,-0.012,-0.0416,0.0197,-0.0117,-0.0011,0.0133,-0.0054,-0.0008,0.0848
Dalano Banton,,2024,2196970,0.015627009,0.0981,0.0825,13791682,2196970,-0.5927,-0.517,-0.7936,,,876,0.4524,27.2,80,2,1,0.25,-0.026,-0.0003,0.0061,0.0121,-0.012,-0.0152,0.0122,0.0431,0.0013,-0.0019,-0.0054,-0.0008,0.0848
Talen Horton-Tucker,CHI,2024,2087519,0.014848,0.0981,0.0832,13791682,2087519,-0.1749,0.1055,-0.2252,,,1009,,24,76,4,1,0.25,-0.0085,0,0.0019,0.0121,-0.012,-0.0097,-0.0022,0.0264,-0.0019,0.0133,-0.0054,-0.0008,0.0848
Al Horford,,2024,9500000,0.067573335,0.097,0.0294,13637036,9500000,0.6161,0.2032,0.5476,,,1740,0.7951,12,80,5,1,0.25,0.0246,0.0001,-0.0039,0.0121,-0.012,0.0203,-0.0087,-0.0362,0.0013,0.0209,-0.0054,-0.0008,0.0848
Saddiq Bey,,2024,6440678,0.045812431,0.0969,0.051,13622977,6440678,-0.0746,-0.4193,0.0498,,,2062,0.7744,17,80,3,1,0.25,-0.0043,-0.0002,-0.0001,0.0121,-0.012,0.0335,-0.0075,-0.0101,0.0013,0.0057,-0.0054,-0.0008,0.0848
Paul Reed,,2024,2485563,0.017679766,0.0966,0.0789,13580800,2485563,0.6384,0.7952,0.3147,,,1590,0.8451,15.9,81,3,1,0.25,0.0255,0.0004,-0.0021,0.0121,-0.012,0.0141,-0.0118,-0.0159,0.002,0.0057,-0.0054,-0.0008,0.0848
Nic Claxton,,2024,27556817,0.19601116,0.0964,-0.0996,13552683,27556817,,1.1431,0.0829,,,2116,0.8256,15.6,83,4,1,0.25,-0.007,0.0005,-0.0004,0.0121,-0.012,0.0357,-0.0106,-0.0174,0.0036,0.0133,-0.0054,-0.0008,0.0848
Payton Pritchard,,2024,6696429,0.047631583,0.0961,0.0485,13510506,6696429,0.4267,1.2407,0.5575,,,1825,0.8488,17.2,73,3,1,0.25,0.0166,0.0006,-0.0039,0.0121,-0.012,0.0237,-0.012,-0.0091,-0.0042,0.0057,-0.0054,-0.0008,0.0848
Isaiah Joe,,2024,12991650,0.092409381,0.0943,0.0019,13257448,12991650,0.8111,-0.102,0.4413,,,1445,0.8768,16.6,76,3,1,0.25,0.0327,-0.0001,-0.0031,0.0121,-0.012,0.0082,-0.0137,-0.0122,-0.0019,0.0057,-0.0054,-0.0008,0.0848
Larry Nance Jr.,,2024,11205000,0.07970097,0.0934,0.0137,13130919,11205000,0.9893,-0.1447,0.2914,,,1216,0.7,11.3,78,5,1,0.25,0.0402,-0.0001,-0.002,0.0121,-0.012,-0.0012,-0.0029,-0.0399,-0.0003,0.0209,-0.0054,-0.0008,0.0848
RJ Barrett,,2024,25794643,0.183476847,0.0919,-0.0916,12920037,25794643,-0.6317,0.0201,0.238,,,1072,0.6329,25.7,78,4,1,0.25,-0.0276,0,-0.0016,0.0121,-0.012,-0.0071,0.0012,0.0353,-0.0003,0.0133,-0.0054,-0.0008,0.0848
Brandon Clarke,,2024,12500000,0.088912283,0.0915,0.0026,12863802,12500000,0.605,,0.7657,,,134,0.3976,20.8,80,4,1,0.25,0.0241,-0.0001,-0.0055,0.0121,-0.012,-0.0456,0.0156,0.0097,0.0013,0.0133,-0.0054,-0.0008,0.0848
Kelly Oubre Jr.,,2024,7983000,0.05678294,0.0908,0.0341,12765390,7983000,-0.0078,-0.0226,,,,,,,80,5,1,0.25,-0.0015,0,0,0.0121,-0.012,-0.0014,-0.0022,-0.0049,0.0013,0.0209,-0.0054,-0.0008,0.0848
Brandon Miller,,2024,11424600,0.081262981,0.0906,0.0094,12737272,11424600,-0.693,-1.8047,-0.2926,,,2383,0.9024,23.9,79,0,1,0.25,-0.0302,-0.0009,0.0024,0.0121,-0.012,0.0466,-0.0153,0.0259,0.0005,-0.0171,-0.0054,-0.0008,0.0848
Amen Thompson,,2024,9249960,0.065794805,0.0896,0.0238,12596684,9249960,0.9559,1.1308,1.233,,,1388,0.7561,18.5,79,0,1,0.25,0.0388,0.0005,-0.009,0.0121,-0.012,0.0058,-0.0064,-0.0023,0.0005,-0.0171,-0.0054,-0.0008,0.0848
Trey Lyles,SAC,2024,8000000,0.056904,0.0889,0.032,12498273,8000000,0.41,-0.34,-0.1009,,,1158,,14.4,81,5,1,0.25,0.0159,-0.0002,0.001,0.0121,-0.012,-0.0036,-0.0022,-0.0237,0.002,0.0209,-0.0054,-0.0008,0.0848
Chris Paul,,2024,10460000,0.074401798,0.0881,0.0137,12385802,10460000,0.2429,0.4961,0.7419,,,1531,0.728,15.6,72,5,1,0.25,0.009,0.0002,-0.0053,0.0121,-0.012,0.0117,-0.0046,-0.0174,-0.005,0.0209,-0.0054,-0.0008,0.0848
Marvin Bagley III,,2024,12500000,0.088912283,0.0878,-0.0011,12343626,12500000,-0.3309,0.1483,-0.0414,,,575,0.3732,20.9,82,5,1,0.25,-0.015,0.0001,0.0005,0.0121,-0.012,-0.0275,0.0171,0.0102,0.0028,0.0209,-0.0054,-0.0008,0.0848
Buddy Hield,,2024,8780488,0.062455459,0.0873,0.0248,12273332,8780488,-0.0802,0.0018,0.3234,,,1336,0.7439,18.6,76,5,1,0.25,-0.0046,0,-0.0022,0.0121,-0.012,0.0037,-0.0056,-0.0018,-0.0019,0.0209,-0.0054,-0.0008,0.0848
Aaron Nesmith,,2024,11000000,0.078242809,0.0868,0.0086,12203038,11000000,0.0869,-0.102,0.4584,,,1995,0.8329,16,77,3,1,0.25,0.0024,-0.0001,-0.0032,0.0121,-0.012,0.0307,-0.0111,-0.0153,-0.0011,0.0057,-0.0054,-0.0008,0.0848
Kevon Looney,,2024,8000000,0.056903861,0.0868,0.0299,12203038,8000000,1.0785,0.2642,-0.157,,,1195,0.9512,11.3,81,5,1,0.25,0.0439,0.0001,0.0014,0.0121,-0.012,-0.0021,-0.0183,-0.0399,0.002,0.0209,-0.0054,-0.0008,0.0848
Ryan Rollins,,2024,600000,0.00426779,0.0862,0.0819,12118685,600000,0.5103,0.3741,2.2855,,,66,0.1311,25.2,75,1,1,0.25,0.0201,0.0002,-0.0168,0.0121,-0.012,-0.0484,0.0319,0.0327,-0.0027,-0.0095,-0.0054,-0.0008,0.0848
Tre Jones,,2024,9104167,0.064757782,0.086,0.0213,12090567,9104167,0.1816,-0.0897,0.4622,,,2138,0.8866,15.2,73,3,1,0.25,0.0064,-0.0001,-0.0032,0.0121,-0.012,0.0366,-0.0143,-0.0195,-0.0042,0.0057,-0.0054,-0.0008,0.0848
Kyle Anderson,,2024,8780488,0.062455459,0.086,0.0235,12090567,8780488,0.137,0.1483,0.4311,,,1782,0.9024,14.5,80,5,1,0.25,0.0045,0.0001,-0.003,0.0121,-0.012,0.022,-0.0153,-0.0232,0.0013,0.0209,-0.0054,-0.0008,0.0848
Sam Hauser,,2024,2092344,0.014882806,0.0852,0.0703,11978097,2092344,0.644,0.7464,0.9022,,,1741,0.8378,15,79,2,1,0.25,0.0257,0.0003,-0.0065,0.0121,-0.012,0.0203,-0.0114,-0.0206,0.0005,-0.0019,-0.0054,-0.0008,0.0848
Zach Collins,,2024,16741200,0.119079865,0.0851,-0.0339,11964038,16741200,-1.2054,-0.755,-1.1047,,,1526,0.7195,22.7,81,5,1,0.25,-0.0516,-0.0004,0.0085,0.0121,-0.012,0.0115,-0.0041,0.0196,0.002,0.0209,-0.0054,-0.0008,0.0848
Obi Toppin,,2024,12975000,0.092290949,0.085,-0.0073,11949980,12975000,0.254,-0.0653,0.4413,,,1730,0.9207,16.8,81,3,1,0.25,0.0094,0,-0.0031,0.0121,-0.012,0.0199,-0.0164,-0.0112,0.002,0.0057,-0.0054,-0.0008,0.0848
Isaac Okoro,,2024,10185186,0.072447051,0.0846,0.0122,11893744,10185186,0.4434,-0.0104,0.3492,,,1887,0.8622,13.9,76,3,1,0.25,0.0173,0,-0.0024,0.0121,-0.012,0.0263,-0.0129,-0.0263,-0.0019,0.0057,-0.0054,-0.0008,0.0848
Corey Kispert,,2024,5705887,0.040585875,0.0829,0.0423,11654745,5705887,-0.7152,-1.7803,-0.43,,,2067,,19.6,78,2,1,0.25,-0.0311,-0.0008,0.0034,0.0121,-0.012,0.0337,-0.0022,0.0034,-0.0003,-0.0019,-0.0054,-0.0008,0.0848
Ayo Dosunmu,,2024,7000000,0.049790878,0.0826,0.0328,11612568,7000000,-0.4479,-0.877,0.0774,,,2212,,17.2,76,2,1,0.25,-0.0199,-0.0004,-0.0004,0.0121,-0.012,0.0396,-0.0022,-0.0091,-0.0019,-0.0019,-0.0054,-0.0008,0.0848
Alec Burks,MIA,2024,2087519,0.014848,0.0825,0.0677,11598510,2087519,-0.5871,-0.7122,0.0196,,,901,0.6463,23.5,77,5,1,0.25,-0.0258,-0.0003,0.0001,0.0121,-0.012,-0.0141,0.0004,0.0238,-0.0011,0.0209,-0.0054,-0.0008,0.0848
Bones Hyland,,2024,4158439,0.029578904,0.0821,0.0526,11542274,4158439,,-0.8282,-1.0593,,,540,0.5476,24.8,74,2,1,0.25,-0.007,-0.0004,0.0081,0.0121,-0.012,-0.0289,0.0064,0.0306,-0.0034,-0.0019,-0.0054,-0.0008,0.0848
Daniel Gafford,,2024,13394160,0.095272427,0.0821,-0.0132,11542274,13394160,0.566,1.1919,0.3243,,,1192,0.7354,13.9,82,4,1,0.25,0.0225,0.0005,-0.0022,0.0121,-0.012,-0.0022,-0.0051,-0.0263,0.0028,0.0133,-0.0054,-0.0008,0.0848
Cam Whitmore,,2024,3379080,0.024035337,0.0819,0.0579,11514157,3379080,-0.1916,0.3985,0.3951,,,880,0.5732,27.1,78,0,1,0.25,-0.0092,0.0002,-0.0027,0.0121,-0.012,-0.015,0.0048,0.0426,-0.0003,-0.0171,-0.0054,-0.0008,0.0848
Scoot Henderson,,2024,10259160,0.072973227,0.0803,0.0073,11289216,10259160,-1.0439,-1.9267,-1.6722,,,1765,0.7561,26.5,75,0,1,0.25,-0.0449,-0.0009,0.0127,0.0121,-0.012,0.0213,-0.0064,0.0394,-0.0027,-0.0171,-0.0054,-0.0008,0.0848
Georges Niang,,2024,8500000,0.060460352,0.0802,0.0197,11275157,8500000,-0.4924,-0.8465,-0.7111,,,1831,0.9707,17.6,78,5,1,0.25,-0.0218,-0.0004,0.0055,0.0121,-0.012,0.024,-0.0195,-0.007,-0.0003,0.0209,-0.0054,-0.0008,0.0848
Taurean Prince,,2024,2087519,0.014848486,0.0798,0.065,11218922,2087519,-0.4813,-0.8282,-0.6818,,,2108,0.8415,13.8,78,5,1,0.25,-0.0213,-0.0004,0.0053,0.0121,-0.012,0.0354,-0.0116,-0.0268,-0.0003,0.0209,-0.0054,-0.0008,0.0848
Eric Gordon,,2024,3303771,0.023499666,0.0793,0.0558,11148628,3303771,-0.1805,-0.7855,,,,,,,75,5,1,0.25,-0.0088,-0.0004,0,0.0121,-0.012,-0.0014,-0.0022,-0.0049,-0.0027,0.0209,-0.0054,-0.0008,0.0848
Day'Ron Sharpe,,2024,3989122,0.028374555,0.0787,0.0504,11064275,3989122,0.2039,0.5877,,,,,,,82,2,1,0.25,0.0073,0.0003,0,0.0121,-0.012,-0.0014,-0.0022,-0.0049,0.0028,-0.0019,-0.0054,-0.0008,0.0848
Duncan Robinson,,2024,19406000,0.138034541,0.0783,-0.0597,11008040,19406000,-0.2863,-0.1508,,,,,,,79,5,1,0.25,-0.0132,-0.0001,0,0.0121,-0.012,-0.0014,-0.0022,-0.0049,0.0005,0.0209,-0.0054,-0.0008,0.0848
Kenrich Williams,,2024,6669000,0.047436481,0.078,0.0305,10965864,6669000,0.5437,-0.1447,0.1337,,,1029,0.7341,13.4,79,5,1,0.25,0.0215,-0.0001,-0.0008,0.0121,-0.012,-0.0089,-0.005,-0.0289,0.0005,0.0209,-0.0054,-0.0008,0.0848
Thomas Bryant,,2024,2087519,0.014848486,0.078,0.0631,10965864,2087519,-0.1136,0.5206,-0.0556,,,441,0.4476,19.3,81,5,1,0.25,-0.006,0.0002,0.0006,0.0121,-0.012,-0.033,0.0125,0.0019,0.002,0.0209,-0.0054,-0.0008,0.0848
Royce O'Neale,,2024,9375000,0.066684212,0.0775,0.0108,10895570,9375000,0.2373,0.2459,0.0756,,,1202,,13.9,78,5,1,0.25,0.0087,0.0001,-0.0003,0.0121,-0.012,-0.0018,-0.0022,-0.0263,-0.0003,0.0209,-0.0054,-0.0008,0.0848
Luke Kennard,,2024,9250000,0.065795089,0.0766,0.0108,10769040,9250000,-0.1415,-0.932,-0.0248,,,999,0.5366,16.7,77,5,1,0.25,-0.0071,-0.0004,0.0004,0.0121,-0.012,-0.0101,0.0071,-0.0117,-0.0011,0.0209,-0.0054,-0.0008,0.0848
Kevon Harris,ATL,2024,119972,0.000853,0.0766,0.0757,10769040,119972,-0.8099,0.075,-1.3782,,,6,0.0244,29.1,77,0,1,0.25,-0.0351,0,0.0105,0.0121,-0.012,-0.0508,0.0384,0.053,-0.0011,-0.0171,-0.0054,-0.0008,0.0848
Jevon Carter,,2024,6500000,0.046234387,0.0763,0.03,10726864,6500000,-0.1359,-0.3461,-0.9455,,,1004,,17.7,72,5,1,0.25,-0.0069,-0.0002,0.0073,0.0121,-0.012,-0.0099,-0.0022,-0.0065,-0.005,0.0209,-0.0054,-0.0008,0.0848
Gary Trent Jr.,,2024,2087519,0.014848486,0.076,0.0612,10684688,2087519,-0.2975,-0.8099,,,,,,,77,5,1,0.25,-0.0136,-0.0004,0,0.0121,-0.012,-0.0014,-0.0022,-0.0049,-0.0011,0.0209,-0.0054,-0.0008,0.0848
Tim Hardaway Jr.,,2024,16193183,0.115181829,0.0752,-0.04,10572217,16193183,-0.3197,-0.5231,,,,,,,77,5,1,0.25,-0.0146,-0.0003,0,0.0121,-0.012,-0.0014,-0.0022,-0.0049,-0.0011,0.0209,-0.0054,-0.0008,0.0848
Kris Dunn,,2024,5168000,0.036759894,0.0747,0.038,10501923,5168000,-0.0022,0.3497,0.2479,,,1249,0.5171,13.6,75,5,1,0.25,-0.0013,0.0002,-0.0016,0.0121,-0.012,0.0001,0.0083,-0.0279,-0.0027,0.0209,-0.0054,-0.0008,0.0848
Kevin Knox,GSW,2024,263939,0.001877,0.0739,0.072,10389453,263939,,,-0.502,,,560,0.3841,16.6,80,5,1,0.25,-0.007,-0.0001,0.004,0.0121,-0.012,-0.0281,0.0164,-0.0122,0.0013,0.0209,-0.0054,-0.0008,0.0848
Alex Len,LAL,2024,743829,0.005291,0.0721,0.0668,10136394,743829,0.6718,0.6487,-0.0577,,,444,0.4829,11.8,84,5,1,0.25,0.0269,0.0003,0.0007,0.0121,-0.012,-0.0329,0.0104,-0.0373,0.0044,0.0209,-0.0054,-0.0008,0.0848
Onyeka Okongwu,,2024,14000000,0.099581757,0.072,-0.0276,10122336,14000000,0.2596,0.0079,-0.1857,,,1405,0.7451,13.7,82,3,1,0.25,0.0096,0,0.0016,0.0121,-0.012,0.0065,-0.0057,-0.0273,0.0028,0.0057,-0.0054,-0.0008,0.0848
Gary Harris,,2024,7500000,0.05334737,0.0715,0.0182,10052042,7500000,0.3097,-0.5292,0.2938,,,1297,0.6537,11.7,76,5,1,0.25,0.0117,-0.0003,-0.002,0.0121,-0.012,0.0021,-0.0001,-0.0378,-0.0019,0.0209,-0.0054,-0.0008,0.0848
Jaden Ivey,,2024,7977240,0.056741969,0.0712,0.0144,10009865,7977240,-1.2222,-1.2737,-0.4163,,,2217,0.9253,24.9,75,1,1,0.25,-0.0523,-0.0006,0.0033,0.0121,-0.012,0.0398,-0.0167,0.0311,-0.0027,-0.0095,-0.0054,-0.0008,0.0848
Goga Bitadze,,2024,9057971,0.06442919,0.0711,0.0066,9995806,9057971,0.3376,1.0698,0.3254,,,957,0.5622,13.3,83,4,1,0.25,0.0129,0.0005,-0.0022,0.0121,-0.012,-0.0118,0.0055,-0.0294,0.0036,0.0133,-0.0054,-0.0008,0.0848
Nick Richards,,2024,5000000,0.035564913,0.0708,0.0353,9953630,5000000,-0.2473,-1.2188,-0.7079,,,1759,,13.3,83,3,1,0.25,-0.0115,-0.0006,0.0055,0.0121,-0.012,0.021,-0.0022,-0.0294,0.0036,0.0057,-0.0054,-0.0008,0.0848
Gary Payton II,,2024,9130000,0.064941531,0.0702,0.0053,9869277,9130000,0.566,0.0567,0.9536,,,680,0.4963,13.6,74,5,1,0.25,0.0225,0,-0.0069,0.0121,-0.012,-0.0232,0.0095,-0.0279,-0.0034,0.0209,-0.0054,-0.0008,0.0848
Aaron Holiday,,2024,4668000,0.033203403,0.0701,0.0369,9855218,4668000,-0.1081,-0.5658,-0.1945,,,1269,0.8061,16.7,72,5,1,0.25,-0.0057,-0.0003,0.0017,0.0121,-0.012,0.001,-0.0094,-0.0117,-0.005,0.0209,-0.0054,-0.0008,0.0848
Luke Kornet,,2024,2087519,0.014848486,0.0698,0.0549,9813042,2087519,0.6273,0.7891,0.8351,,,983,,11,85,5,1,0.25,0.025,0.0004,-0.006,0.0121,-0.012,-0.0108,-0.0022,-0.0414,0.0052,0.0209,-0.0054,-0.0008,0.0848
Jake LaRavia,,2024,3352680,0.023847555,0.0697,0.0458,9798983,3352680,-0.1972,-0.5292,-0.3269,,,806,0.4268,21.1,79,1,1,0.25,-0.0095,-0.0003,0.0027,0.0121,-0.012,-0.018,0.0138,0.0113,0.0005,-0.0095,-0.0054,-0.0008,0.0848
Aaron Wiggins,,2024,10514017,0.07478602,0.0692,-0.0056,9728689,10514017,0.3822,-0.5047,0.6838,,,1228,,16.4,77,2,1,0.25,0.0148,-0.0002,-0.0049,0.0121,-0.012,-0.0007,-0.0022,-0.0133,-0.0011,-0.0019,-0.0054,-0.0008,0.0848
Moses Moody,,2024,5803269,0.041278552,0.0679,0.0266,9545925,5803269,0.2095,0.0506,0.3396,,,1156,0.7598,18.4,77,2,1,0.25,0.0076,0,-0.0023,0.0121,-0.012,-0.0037,-0.0066,-0.0028,-0.0011,-0.0019,-0.0054,-0.0008,0.0848
Markelle Fultz,SAC,2024,731831,0.005206,0.0679,0.0626,9545925,731831,-0.5481,-0.2911,-0.1201,,,910,0.5256,18.8,76,5,1,0.25,-0.0241,-0.0001,0.0011,0.0121,-0.012,-0.0138,0.0078,-0.0007,-0.0019,0.0209,-0.0054,-0.0008,0.0848
Luka Garza,,2024,2162606,0.015382579,0.0678,0.0524,9531866,2162606,0.137,-0.5231,,,,,,,82,1,1,0.25,0.0045,-0.0003,0,0.0121,-0.012,-0.0014,-0.0022,-0.0049,0.0028,-0.0095,-0.0054,-0.0008,0.0848
Jalen Smith,,2024,8571429,0.060968425,0.0663,0.0053,9320984,8571429,-0.2585,0.8013,0.1189,,,1047,0.6744,19.4,80,3,1,0.25,-0.012,0.0004,-0.0007,0.0121,-0.012,-0.0081,-0.0014,0.0024,0.0013,0.0057,-0.0054,-0.0008,0.0848
Dean Wade,,2024,6166667,0.043863395,0.0663,0.0225,9320984,6166667,0.644,0.3253,0.2598,,,1108,,10.5,81,4,1,0.25,0.0257,0.0001,-0.0017,0.0121,-0.012,-0.0056,-0.0022,-0.044,0.002,0.0133,-0.0054,-0.0008,0.0848
Terance Mann,,2024,11423077,0.081252148,0.0658,-0.0154,9250690,11423077,-0.1136,-0.7733,-0.0899,,,1873,0.9512,13.6,78,4,1,0.25,-0.006,-0.0004,0.0009,0.0121,-0.012,0.0257,-0.0183,-0.0279,-0.0003,0.0133,-0.0054,-0.0008,0.0848
Santi Aldama,,2024,3960531,0.028171188,0.0655,0.0373,9208514,3960531,-0.5147,-0.4986,-0.2787,,,1618,0.7317,17.9,84,2,1,0.25,-0.0227,-0.0002,0.0023,0.0121,-0.012,0.0153,-0.0049,-0.0054,0.0044,-0.0019,-0.0054,-0.0008,0.0848
Matisse Thybulle,,2024,11025000,0.078420633,0.0648,-0.0136,9110102,11025000,0.3376,-0.9075,0.8104,,,1487,0.6378,10.6,77,4,1,0.25,0.0129,-0.0004,-0.0058,0.0121,-0.012,0.0099,0.0009,-0.0435,-0.0011,0.0133,-0.0054,-0.0008,0.0848
Josh Okogie,,2024,8250000,0.058682107,0.0645,0.0058,9067926,8250000,0.4044,-0.1813,0.0632,,,960,0.7488,13,76,5,1,0.25,0.0157,-0.0001,-0.0002,0.0121,-0.012,-0.0117,-0.0059,-0.031,-0.0019,0.0209,-0.0054,-0.0008,0.0848
Dwight Powell,,2024,4000000,0.02845193,0.0643,0.0359,9039808,4000000,1.0116,-0.1508,-0.2188,,,836,0.8622,9.1,82,5,1,0.25,0.0411,-0.0001,0.0019,0.0121,-0.012,-0.0168,-0.0129,-0.0513,0.0028,0.0209,-0.0054,-0.0008,0.0848
Jose Alvarado,,2024,1988598,0.014144863,0.0642,0.0501,9025749,1988598,0.4044,0.0872,0.5156,,,1028,,17.3,72,2,1,0.25,0.0157,0,-0.0036,0.0121,-0.012,-0.0089,-0.0022,-0.0086,-0.005,-0.0019,-0.0054,-0.0008,0.0848
Josh Green,,2024,12654321,0.090009965,0.0638,-0.0262,8969514,12654321,0.0925,-0.4803,-0.2281,,,1505,0.7305,13.1,78,3,1,0.25,0.0027,-0.0002,0.0019,0.0121,-0.012,0.0106,-0.0048,-0.0305,-0.0003,0.0057,-0.0054,-0.0008,0.0848
Walker Kessler,,2024,2965920,0.021096537,0.0619,0.0408,8702397,2965920,0.4768,0.4168,-0.0129,,,1493,0.8262,12.8,86,1,1,0.25,0.0187,0.0002,0.0003,0.0121,-0.012,0.0101,-0.0106,-0.032,0.006,-0.0095,-0.0054,-0.0008,0.0848
Tyus Jones,,2024,2087519,0.014848486,0.0616,0.0468,8660220,2087519,-0.7654,-0.0348,0.1125,,,1933,0.8732,16.3,72,5,1,0.25,-0.0332,0,-0.0006,0.0121,-0.012,0.0282,-0.0135,-0.0138,-0.005,0.0209,-0.0054,-0.0008,0.0848
Patrick Williams,,2024,18000000,0.128033687,0.0613,-0.0668,8618044,18000000,-0.1693,-0.6512,-0.3829,,,1174,,16.6,78,3,1,0.25,-0.0083,-0.0003,0.0031,0.0121,-0.012,-0.0029,-0.0022,-0.0122,-0.0003,0.0057,-0.0054,-0.0008,0.0848
Julian Champagnie,,2024,3000000,0.021338948,0.0612,0.0398,8603985,3000000,0.0479,-0.2362,-0.044,,,1468,0.5732,14.4,79,1,1,0.25,0.0008,-0.0001,0.0006,0.0121,-0.012,0.0091,0.0048,-0.0237,0.0005,-0.0095,-0.0054,-0.0008,0.0848
Moses Brown,DAL,2024,119972,0.000853,0.0606,0.0598,8519632,119972,-0.6261,0.2764,-1.3019,,,200,0.2927,19.1,86,4,1,0.25,-0.0274,0.0001,0.0099,0.0121,-0.012,-0.0429,0.022,0.0008,0.006,0.0133,-0.0054,-0.0008,0.0848
Jock Landale,,2024,8000000,0.056903861,0.0601,0.0032,8449338,8000000,0.5994,-0.1691,0.0998,,,763,,14.8,83,2,1,0.25,0.0239,-0.0001,-0.0005,0.0121,-0.012,-0.0198,-0.0022,-0.0216,0.0036,-0.0019,-0.0054,-0.0008,0.0848
Jaden Springer,HOU,2024,4018363,0.028583,0.0598,0.0312,8407162,4018363,-0.0301,-0.4803,-0.3658,,,377,0.2585,18.2,76,2,1,0.25,-0.0025,-0.0002,0.003,0.0121,-0.012,-0.0356,0.0241,-0.0039,-0.0019,-0.0019,-0.0054,-0.0008,0.0848
Jalen Duren,,2024,4536840,0.032270464,0.0596,0.0274,8379044,4536840,-0.7097,-0.0592,-0.1338,,,1777,,18.5,82,1,1,0.25,-0.0309,0,0.0012,0.0121,-0.012,0.0218,-0.0022,-0.0023,0.0028,-0.0095,-0.0054,-0.0008,0.0848
Jaden Hardy,,2024,2019699,0.014366084,0.0593,0.0449,8336868,2019699,-0.7487,-0.7184,-0.9374,,,989,,24.9,75,1,1,0.25,-0.0325,-0.0003,0.0072,0.0121,-0.012,-0.0105,-0.0022,0.0311,-0.0027,-0.0095,-0.0054,-0.0008,0.0848
Isaiah Jackson,,2024,4435381,0.031548788,0.0588,0.0272,8266574,4435381,0.3989,0.7586,0.6199,,,771,,17.2,80,2,1,0.25,0.0155,0.0003,-0.0044,0.0121,-0.012,-0.0195,-0.0022,-0.0091,0.0013,-0.0019,-0.0054,-0.0008,0.0848
Isaiah Stewart,,2024,15000000,0.106694739,0.0584,-0.0483,8210339,15000000,-0.3309,-0.8404,-0.3861,,,1423,0.6366,14.5,80,3,1,0.25,-0.015,-0.0004,0.0031,0.0121,-0.012,0.0073,0.001,-0.0232,0.0013,0.0057,-0.0054,-0.0008,0.0848
Jeremy Sochan,,2024,5570040,0.039619598,0.0579,0.0183,8140045,5570040,-1.0439,-1.1822,-0.6452,,,2193,0.8201,18.8,80,1,1,0.25,-0.0449,-0.0006,0.005,0.0121,-0.012,0.0388,-0.0103,-0.0007,0.0013,-0.0095,-0.0054,-0.0008,0.0848
Dereck Lively II,,2024,5014560,0.035668478,0.0577,0.022,8111927,5014560,0.6607,0.7464,0.5156,,,1294,0.6707,12.6,85,0,1,0.25,0.0264,0.0003,-0.0036,0.0121,-0.012,0.002,-0.0011,-0.0331,0.0052,-0.0171,-0.0054,-0.0008,0.0848
Haywood Highsmith,,2024,5200000,0.03698751,0.0572,0.0203,8041633,5200000,0.2763,-0.2911,0.01,,,1366,0.6463,12.4,77,2,1,0.25,0.0103,-0.0001,0.0001,0.0121,-0.012,0.0049,0.0004,-0.0341,-0.0011,-0.0019,-0.0054,-0.0008,0.0848
Bol Bol,PHO,2024,2087519,0.014848,0.057,0.0422,8013516,2087519,0.2095,0.0262,0.3684,,,469,,16.5,87,4,1,0.25,0.0076,0,-0.0025,0.0121,-0.012,-0.0318,-0.0022,-0.0127,0.0067,0.0133,-0.0054,-0.0008,0.0848
Miles McBride,,2024,4710144,0.033503172,0.057,0.0235,8013516,4710144,0.0089,-0.1874,0.008,,,1328,0.7463,16.4,74,2,1,0.25,-0.0008,-0.0001,0.0002,0.0121,-0.012,0.0034,-0.0058,-0.0133,-0.0034,-0.0019,-0.0054,-0.0008,0.0848
Vince Williams Jr.,,2024,2120693,0.015084452,0.0564,0.0413,7929163,2120693,-0.2585,-0.2118,0.2609,,,1436,0.4649,15.8,76,1,1,0.25,-0.012,-0.0001,-0.0017,0.0121,-0.012,0.0078,0.0115,-0.0164,-0.0019,-0.0095,-0.0054,-0.0008,0.0848
Maxi Kleber,,2024,11000000,0.078242809,0.0554,-0.0229,7788575,11000000,0.1538,-0.639,-0.6827,,,871,0.5415,9.6,82,5,1,0.25,0.0052,-0.0003,0.0053,0.0121,-0.012,-0.0154,0.0068,-0.0487,0.0028,0.0209,-0.0054,-0.0008,0.0848
Sam Merrill,,2024,2164993,0.015399558,0.055,0.0396,7732340,2164993,-0.6373,0.2459,0.0556,,,1069,0.4049,17.5,76,3,1,0.25,-0.0279,0.0001,-0.0002,0.0121,-0.012,-0.0072,0.0151,-0.0075,-0.0019,0.0057,-0.0054,-0.0008,0.0848
Ausar Thompson,,2024,8376000,0.059578342,0.055,-0.0046,7732340,8376000,0.0256,0.1483,0.238,,,1583,0.7683,16.6,79,0,1,0.25,-0.0001,0.0001,-0.0016,0.0121,-0.012,0.0138,-0.0071,-0.0122,0.0005,-0.0171,-0.0054,-0.0008,0.0848
Scotty Pippen Jr.,,2024,2087519,0.014848486,0.0546,0.0397,7676104,2087519,-0.3643,-0.0287,0.4445,,,527,0.2561,23,74,0,1,0.25,-0.0164,0,-0.0031,0.0121,-0.012,-0.0295,0.0242,0.0212,-0.0034,-0.0171,-0.0054,-0.0008,0.0848
Reggie Jackson,CHO,2024,1946229,0.013843,0.0532,0.0394,7479281,1946229,-1.7068,-1.1211,-0.7579,,,1817,0.8732,21.7,74,5,1,0.25,-0.0726,-0.0005,0.0059,0.0121,-0.012,0.0234,-0.0135,0.0144,-0.0034,0.0209,-0.0054,-0.0008,0.0848
Kelly Olynyk,,2024,12804878,0.091080875,0.053,-0.038,7451164,12804878,-0.4423,0.1239,0.3521,,,1019,,15.6,84,5,1,0.25,-0.0197,0,-0.0024,0.0121,-0.012,-0.0093,-0.0022,-0.0174,0.0044,0.0209,-0.0054,-0.0008,0.0848
Mason Plumlee,,2024,2087519,0.014848486,0.0518,0.037,7282458,2087519,-0.2752,-0.2972,-0.6147,,,674,0.6634,15.1,84,5,1,0.25,-0.0127,-0.0002,0.0048,0.0121,-0.012,-0.0234,-0.0007,-0.02,0.0044,0.0209,-0.0054,-0.0008,0.0848
Naji Marshall,,2024,8571429,0.060968425,0.0515,-0.0095,7240282,8571429,-0.2807,-0.2362,0.5752,,,1257,,16.3,78,3,1,0.25,-0.0129,-0.0001,-0.0041,0.0121,-0.012,0.0005,-0.0022,-0.0138,-0.0003,0.0057,-0.0054,-0.0008,0.0848
Devonte' Graham,CHO,2024,2850000,0.020272,0.0507,0.0304,7127811,2850000,-0.498,-0.1325,-0.7791,,,313,0.3988,17.8,73,5,1,0.25,-0.022,-0.0001,0.006,0.0121,-0.012,-0.0382,0.0155,-0.006,-0.0042,0.0209,-0.0054,-0.0008,0.0848
Keon Ellis,,2024,2120693,0.015084452,0.0506,0.0355,7113752,2120693,0.605,0.2764,0.6591,,,978,0.5076,12.4,76,1,1,0.25,0.0241,0.0001,-0.0047,0.0121,-0.012,-0.011,0.0089,-0.0341,-0.0019,-0.0095,-0.0054,-0.0008,0.0848
Landry Shamet,,2024,1343690,0.009557644,0.0492,0.0397,6916929,1343690,-0.8322,-0.7855,-0.721,,,726,0.5951,18.8,77,5,1,0.25,-0.036,-0.0004,0.0056,0.0121,-0.012,-0.0213,0.0035,-0.0007,-0.0011,0.0209,-0.0054,-0.0008,0.0848
Ben Simmons,BRK,2024,39256083,0.279228,0.049,-0.2302,6888812,39256083,0.4546,0.8928,0.3132,,,359,,13,82,5,1,0.25,0.0178,0.0004,-0.0021,0.0121,-0.012,-0.0363,-0.0022,-0.031,0.0028,0.0209,-0.0054,-0.0008,0.0848
Jalen McDaniels,SAS,2024,4741800,0.033728,0.0478,0.0141,6720106,4741800,-0.8712,-1.823,-1.96,,,538,0.5268,18.7,81,4,1,0.25,-0.0376,-0.0009,0.0149,0.0121,-0.012,-0.029,0.0077,-0.0013,0.002,0.0133,-0.0054,-0.0008,0.0848
Jaime Jaquez Jr.,,2024,3685800,0.026217031,0.0469,0.0207,6593577,3685800,-0.6707,-0.1996,0.4732,,,2113,0.9146,18.7,78,0,1,0.25,-0.0292,-0.0001,-0.0033,0.0121,-0.012,0.0356,-0.0161,-0.0013,-0.0003,-0.0171,-0.0054,-0.0008,0.0848
Svi Mykhailiuk,,2024,3500000,0.024895439,0.0467,0.0218,6565459,3500000,-0.2807,-0.5353,0.4596,,,413,0.4561,16.1,79,5,1,0.25,-0.0129,-0.0003,-0.0032,0.0121,-0.012,-0.0341,0.012,-0.0148,0.0005,0.0209,-0.0054,-0.0008,0.0848
Mo Bamba,,2024,2087519,0.014848486,0.0462,0.0313,6495165,2087519,-0.4701,0.3008,-0.5857,,,740,0.6671,15.1,84,5,1,0.25,-0.0209,0.0001,0.0046,0.0121,-0.012,-0.0207,-0.0009,-0.02,0.0044,0.0209,-0.0054,-0.0008,0.0848
Duop Reath,,2024,2048780,0.014572937,0.0452,0.0306,6354577,2048780,-0.4311,-0.0775,-0.475,,,1214,0.8293,20.7,81,0,1,0.25,-0.0192,0,0.0038,0.0121,-0.012,-0.0013,-0.0108,0.0092,0.002,-0.0171,-0.0054,-0.0008,0.0848
Daniel Theis,OKC,2024,2087519,0.014848,0.0445,0.0296,6256166,2087519,-1.0328,-0.5109,-0.5107,,,1007,0.4488,15.4,80,5,1,0.25,-0.0444,-0.0003,0.004,0.0121,-0.012,-0.0098,0.0125,-0.0185,0.0013,0.0209,-0.0054,-0.0008,0.0848
Neemias Queta,,2024,2162606,0.015382579,0.0445,0.0291,6256166,2162606,0.1092,0.7525,1.3933,,,333,0.2363,16.9,84,1,1,0.25,0.0034,0.0003,-0.0102,0.0121,-0.012,-0.0374,0.0255,-0.0106,0.0044,-0.0095,-0.0054,-0.0008,0.0848
Trendon Watford,,2024,2726603,0.01939428,0.0444,0.025,6242107,2726603,-0.5927,-0.5414,-0.2238,,,856,0.728,21.1,80,2,1,0.25,-0.026,-0.0003,0.0019,0.0121,-0.012,-0.016,-0.0046,0.0113,0.0013,-0.0019,-0.0054,-0.0008,0.0848
Keon Johnson,,2024,2162606,0.015382579,0.0444,0.029,6242107,2162606,-0.6484,-0.0897,-0.3411,,,61,0.2305,22.2,77,2,1,0.25,-0.0283,-0.0001,0.0028,0.0121,-0.012,-0.0486,0.0258,0.017,-0.0011,-0.0019,-0.0054,-0.0008,0.0848
Lindy Waters III,,2024,2196970,0.015627009,0.0441,0.0285,6199930,2196970,0.1036,-0.5719,-0.0861,,,280,0.4427,17.3,77,2,1,0.25,0.0031,-0.0003,0.0009,0.0121,-0.012,-0.0396,0.0128,-0.0086,-0.0011,-0.0019,-0.0054,-0.0008,0.0848
John Konchar,,2024,6165000,0.043851538,0.0439,0,6171813,6165000,0.3432,,0.2261,,,1173,0.7744,9.7,77,4,1,0.25,0.0131,-0.0001,-0.0015,0.0121,-0.012,-0.003,-0.0075,-0.0482,-0.0011,0.0133,-0.0054,-0.0008,0.0848
Pat Connaughton,,2024,9423869,0.067031816,0.0436,-0.0235,6129636,9423869,-0.4757,-0.3766,-0.2976,,,1676,0.8451,10.9,77,5,1,0.25,-0.0211,-0.0002,0.0024,0.0121,-0.012,0.0176,-0.0118,-0.042,-0.0011,0.0209,-0.0054,-0.0008,0.0848
Toumani Camara,,2024,1891857,0.013456746,0.0436,0.0301,6129636,1891857,-0.0022,-0.639,-0.245,,,1739,0.8537,13.8,79,0,1,0.25,-0.0013,-0.0003,0.0021,0.0121,-0.012,0.0202,-0.0123,-0.0268,0.0005,-0.0171,-0.0054,-0.0008,0.0848
Dyson Daniels,,2024,6059520,0.04310126,0.0433,0.0002,6087460,6059520,0.2373,0.5328,0.2667,,,1358,0.7348,12.6,79,1,1,0.25,0.0087,0.0002,-0.0018,0.0121,-0.012,0.0046,-0.0051,-0.0331,0.0005,-0.0095,-0.0054,-0.0008,0.0848
Cameron Payne,,2024,2087519,0.014848486,0.0429,0.0281,6031225,2087519,-0.4367,-0.5597,-0.3257,,,702,,16.7,74,5,1,0.25,-0.0195,-0.0003,0.0027,0.0121,-0.012,-0.0223,-0.0022,-0.0117,-0.0034,0.0209,-0.0054,-0.0008,0.0848
Jabari Smith Jr.,,2024,9770880,0.0695001,0.0424,-0.0271,5960931,9770880,-0.4924,-0.1569,,,,,,,83,1,1,0.25,-0.0218,-0.0001,0,0.0121,-0.012,-0.0014,-0.0022,-0.0049,0.0036,-0.0095,-0.0054,-0.0008,0.0848
Patty Mills,LAC,2024,2087519,0.014848,0.0423,0.0274,5946872,2087519,-0.7542,-0.3278,-0.6284,,,213,0.4232,19.4,74,5,1,0.25,-0.0327,-0.0002,0.0049,0.0121,-0.012,-0.0423,0.014,0.0024,-0.0034,0.0209,-0.0054,-0.0008,0.0848
Delon Wright,NYK,2024,2087519,0.014848,0.0416,0.0268,5848460,2087519,0.0869,0.4839,0.4236,,,456,0.572,13.5,76,5,1,0.25,0.0024,0.0002,-0.0029,0.0121,-0.012,-0.0324,0.0049,-0.0284,-0.0019,0.0209,-0.0054,-0.0008,0.0848
Cason Wallace,,2024,5555880,0.039518878,0.0413,0.0018,5806284,5555880,0.5047,-0.5414,0.3969,,,1692,1,12.9,75,0,1,0.25,0.0199,-0.0003,-0.0027,0.0121,-0.012,0.0183,-0.0213,-0.0315,-0.0027,-0.0171,-0.0054,-0.0008,0.0848
Jordan McLaughlin,,2024,2087519,0.014848486,0.0412,0.0264,5792225,2087519,0.7944,0.5694,1.1973,,,626,0.65,12.1,71,3,1,0.25,0.032,0.0003,-0.0087,0.0121,-0.012,-0.0254,0.0001,-0.0357,-0.0058,0.0057,-0.0054,-0.0008,0.0848
Grant Williams,,2024,13025250,0.092648377,0.0411,-0.0516,5778166,13025250,-0.6373,-0.5597,-0.8932,,,1242,,13.6,79,4,1,0.25,-0.0279,-0.0003,0.0069,0.0121,-0.012,-0.0002,-0.0022,-0.0279,0.0005,0.0133,-0.0054,-0.0008,0.0848
Brandon Williams,,2024,47989,0.000341345,0.0407,0.0403,5721931,47989,-1.2222,-0.2179,-2.3918,,,113,0.2073,26,73,0,1,0.25,-0.0523,-0.0001,0.0181,0.0121,-0.012,-0.0464,0.0272,0.0368,-0.0042,-0.0171,-0.0054,-0.0008,0.0848
Sandro Mamukelashvili,,2024,2087519,0.014848486,0.0398,0.025,5595402,2087519,-0.3364,0.7036,-0.3208,,,451,0.45,17.7,81,2,1,0.25,-0.0153,0.0003,0.0026,0.0121,-0.012,-0.0326,0.0124,-0.0065,0.002,-0.0019,-0.0054,-0.0008,0.0848
Justin Champagnie,,2024,1800000,0.012803369,0.0397,0.0269,5581343,1800000,-0.3364,0.1239,-0.164,,,235,0.1866,17,78,2,1,0.25,-0.0153,0,0.0014,0.0121,-0.012,-0.0414,0.0285,-0.0101,-0.0003,-0.0019,-0.0054,-0.0008,0.0848
Jett Howard,,2024,5278320,0.037544598,0.0392,0.0017,5511049,5278320,-0.6373,-0.0043,-0.8334,,,67,0.2195,22.7,80,0,1,0.25,-0.0279,0,0.0064,0.0121,-0.012,-0.0483,0.0265,0.0196,0.0013,-0.0171,-0.0054,-0.0008,0.0848
JaVale McGee,,2024,2208856,0.015711554,0.0391,0.0234,5496990,2208856,-1.3169,0.13,-0.3606,,,339,0.6146,23.4,84,5,1,0.25,-0.0563,0,0.0029,0.0121,-0.012,-0.0372,0.0023,0.0233,0.0044,0.0209,-0.0054,-0.0008,0.0848
Jae'Sean Tate,,2024,7565217,0.053811257,0.039,-0.0148,5482932,7565217,0.1816,-0.6573,0.143,,,1031,,11.7,76,3,1,0.25,0.0064,-0.0003,-0.0008,0.0121,-0.012,-0.0088,-0.0022,-0.0378,-0.0019,0.0057,-0.0054,-0.0008,0.0848
Tari Eason,,2024,3695160,0.026283609,0.0385,0.0122,5412638,3695160,-0.0412,0.3008,1.2316,,,480,0.5427,19.8,80,1,1,0.25,-0.0029,0.0001,-0.009,0.0121,-0.012,-0.0314,0.0067,0.0045,0.0013,-0.0095,-0.0054,-0.0008,0.0848
Jalen Hood-Schifino,UTA,2024,3879840,0.027597,0.0384,0.0108,5398579,3879840,-1.367,-0.6207,-3.6956,,,109,0.2561,24.9,77,0,1,0.25,-0.0584,-0.0003,0.0278,0.0121,-0.012,-0.0466,0.0242,0.0311,-0.0011,-0.0171,-0.0054,-0.0008,0.0848
Monte Morris,,2024,2087519,0.014848486,0.0377,0.0228,5300167,2087519,0.0312,0.2032,0.6841,,,408,0.5744,14.3,74,5,1,0.25,0.0001,0.0001,-0.0049,0.0121,-0.012,-0.0343,0.0048,-0.0242,-0.0034,0.0209,-0.0054,-0.0008,0.0848
Tre Mann,,2024,4908373,0.034913172,0.0373,0.0024,5243932,4908373,-0.537,-0.2911,0.028,,,868,0.5622,18.2,76,2,1,0.25,-0.0237,-0.0001,0,0.0121,-0.012,-0.0155,0.0055,-0.0039,-0.0019,-0.0019,-0.0054,-0.0008,0.0848
Ziaire Williams,,2024,6133005,0.043623958,0.037,-0.0067,5201756,6133005,-1.0718,-1.2249,-0.7646,,,1038,0.5976,19.7,81,2,1,0.25,-0.046,-0.0006,0.0059,0.0121,-0.012,-0.0085,0.0033,0.004,0.002,-0.0019,-0.0054,-0.0008,0.0848
Craig Porter Jr.,,2024,1891857,0.013456746,0.0369,0.0235,5187697,1891857,,-0.2728,-0.3362,,,649,0.622,20.2,73,0,1,0.25,-0.007,-0.0001,0.0027,0.0121,-0.012,-0.0245,0.0019,0.0066,-0.0042,-0.0171,-0.0054,-0.0008,0.0848
Jae Crowder,SAC,2024,1655619,0.011776,0.0363,0.0246,5103344,1655619,-0.7375,-0.4742,-0.5807,,,1156,0.5341,11.5,78,5,1,0.25,-0.032,-0.0002,0.0046,0.0121,-0.012,-0.0037,0.0072,-0.0388,-0.0003,0.0209,-0.0054,-0.0008,0.0848
Mark Williams,,2024,4094280,0.029122542,0.0361,0.007,5075226,4094280,-0.264,1.0515,0.7863,,,508,0.3415,17.1,85,1,1,0.25,-0.0122,0.0005,-0.0056,0.0121,-0.012,-0.0302,0.019,-0.0096,0.0052,-0.0095,-0.0054,-0.0008,0.0848
JD Davison,,2024,11997,8.53E-05,0.0359,0.0359,5047109,11997,0.2707,-0.517,1.2063,,,39,0.0976,17.6,73,0,1,0.25,0.0101,-0.0003,-0.0088,0.0121,-0.012,-0.0495,0.0339,-0.007,-0.0042,-0.0171,-0.0054,-0.0008,0.0848
Jared Butler,PHI,2024,745726,0.005304,0.0356,0.0303,5004932,745726,-0.2807,0.0384,0.109,,,566,,19.9,75,2,1,0.25,-0.0129,0,-0.0006,0.0121,-0.012,-0.0279,-0.0022,0.005,-0.0027,-0.0019,-0.0054,-0.0008,0.0848
Precious Achiuwa,,2024,6000000,0.042677896,0.0354,-0.0073,4976815,6000000,-0.4757,-0.4803,-0.0754,,,1187,0.678,14,80,3,1,0.25,-0.0211,-0.0002,0.0008,0.0121,-0.012,-0.0024,-0.0016,-0.0258,0.0013,0.0057,-0.0054,-0.0008,0.0848
Andrew Nembhard,,2024,2019699,0.014366084,0.0353,0.021,4962756,2019699,-0.5704,-0.6268,-0.3736,,,1697,0.8613,16,76,1,1,0.25,-0.0251,-0.0003,0.003,0.0121,-0.012,0.0185,-0.0128,-0.0153,-0.0019,-0.0095,-0.0054,-0.0008,0.0848
Jaylin Williams,,2024,2019699,0.014366084,0.0338,0.0195,4751874,2019699,0.2373,0.5083,-0.2807,,,897,0.75,13.5,81,1,1,0.25,0.0087,0.0002,0.0023,0.0121,-0.012,-0.0143,-0.006,-0.0284,0.002,-0.0095,-0.0054,-0.0008,0.0848
Shaedon Sharpe,,2024,6614160,0.047046405,0.0333,-0.0137,4681580,6614160,-1.1999,-1.0235,-0.5145,,,1059,0.6098,22.4,77,1,1,0.25,-0.0514,-0.0005,0.0041,0.0121,-0.012,-0.0077,0.0026,0.018,-0.0011,-0.0095,-0.0054,-0.0008,0.0848
Kyle Lowry,,2024,2087519,0.014848486,0.0329,0.018,4625345,2087519,-0.5426,0.0079,-0.1416,,,1037,,13.5,72,5,1,0.25,-0.0239,0,0.0013,0.0121,-0.012,-0.0086,-0.0022,-0.0284,-0.005,0.0209,-0.0054,-0.0008,0.0848
Josh Richardson,UTA,2024,3051153,0.021703,0.0327,0.011,4597227,3051153,-1.3336,-0.5353,-0.2528,,,1103,0.5232,16.5,77,5,1,0.25,-0.057,-0.0003,0.0021,0.0121,-0.012,-0.0058,0.0079,-0.0127,-0.0011,0.0209,-0.0054,-0.0008,0.0848
Dalen Terry,CHI,2024,3510480,0.02497,0.0326,0.0077,4583168,3510480,0.3153,0.1055,-0.2421,,,681,0.6235,13.4,78,1,1,0.25,0.012,0,0.002,0.0121,-0.012,-0.0231,0.0018,-0.0289,-0.0003,-0.0095,-0.0054,-0.0008,0.0848
Lamar Stevens,MEM,2024,383912,0.002731,0.032,0.0293,4498816,383912,-0.6484,-0.2301,-0.1462,,,122,0.4963,21,79,3,1,0.25,-0.0283,-0.0001,0.0013,0.0121,-0.012,-0.0461,0.0095,0.0107,0.0005,0.0057,-0.0054,-0.0008,0.0848
Bruce Brown,,2024,23000000,0.1635986,0.0318,-0.1318,4470698,23000000,-1.0829,-1.1211,-1.3829,,,885,0.6756,16.4,76,5,1,0.25,-0.0465,-0.0005,0.0105,0.0121,-0.012,-0.0148,-0.0014,-0.0133,-0.0019,0.0209,-0.0054,-0.0008,0.0848
Bennedict Mathurin,,2024,7245720,0.05153868,0.0314,-0.0201,4414463,7245720,-1.5285,-1.17,-0.3928,,,1538,0.8064,23.4,77,1,1,0.25,-0.0651,-0.0006,0.0032,0.0121,-0.012,0.012,-0.0094,0.0233,-0.0011,-0.0095,-0.0054,-0.0008,0.0848
Ricky Rubio,,2024,424672,0.003020685,0.0311,0.0281,4372286,424672,-1.3224,,,,,,,,74,5,1,0.25,-0.0565,-0.0001,0,0.0121,-0.012,-0.0014,-0.0022,-0.0049,-0.0034,0.0209,-0.0054,-0.0008,0.0848
A.J. Green,,2024,2120693,0.015084452,0.0307,0.0156,4316051,2120693,-0.6428,,,,,,,,76,1,1,0.25,-0.0281,-0.0001,0,0.0121,-0.012,-0.0014,-0.0022,-0.0049,-0.0019,-0.0095,-0.0054,-0.0008,0.0848
Kris Murray,,2024,2990040,0.021268103,0.0303,0.009,4259816,2990040,-0.147,-0.6268,-0.301,,,1348,0.7561,14.1,80,0,1,0.25,-0.0074,-0.0003,0.0025,0.0121,-0.012,0.0042,-0.0064,-0.0253,0.0013,-0.0171,-0.0054,-0.0008,0.0848
Nicolas Batum,,2024,4668000,0.033203403,0.0288,-0.0044,4048934,4668000,-0.42,-0.6634,0.1082,,,1475,0.7768,8.7,79,5,1,0.25,-0.0188,-0.0003,-0.0006,0.0121,-0.012,0.0094,-0.0076,-0.0534,0.0005,0.0209,-0.0054,-0.0008,0.0848
Keita Bates-Diop,MIN,2024,2654644,0.018882,0.0284,0.0095,3992699,2654644,-0.3977,-0.3461,-0.1825,,,597,0.6268,13,80,5,1,0.25,-0.0178,-0.0002,0.0016,0.0121,-0.012,-0.0266,0.0016,-0.031,0.0013,0.0209,-0.0054,-0.0008,0.0848
Trayce Jackson-Davis,,2024,1891857,0.013456746,0.0284,0.0149,3992699,1891857,0.0312,1.1553,0.9722,,,1130,0.8293,16.4,81,0,1,0.25,0.0001,0.0005,-0.007,0.0121,-0.012,-0.0047,-0.0108,-0.0133,0.002,-0.0171,-0.0054,-0.0008,0.0848
Josh Minott,,2024,2019699,0.014366084,0.0271,0.0128,3809934,2019699,-0.3866,-0.3949,1.6442,,,91,0.3125,21.4,80,1,1,0.25,-0.0174,-0.0002,-0.0121,0.0121,-0.012,-0.0473,0.0208,0.0128,0.0013,-0.0095,-0.0054,-0.0008,0.0848
Tristan Thompson,CLE,2024,2087519,0.014848,0.0265,0.0117,3725582,2087519,-0.537,-0.3095,-0.8064,,,549,,13.8,81,5,1,0.25,-0.0237,-0.0002,0.0062,0.0121,-0.012,-0.0286,-0.0022,-0.0268,0.002,0.0209,-0.0054,-0.0008,0.0848
Anthony Gill,,2024,2237691,0.015916657,0.026,0.0101,3655288,2237691,-0.6651,-0.8038,-0.7579,,,466,0.628,18,79,3,1,0.25,-0.029,-0.0004,0.0059,0.0121,-0.012,-0.032,0.0015,-0.0049,0.0005,0.0057,-0.0054,-0.0008,0.0848
Christian Braun,,2024,3089640,0.021976556,0.026,0.004,3655288,3089640,-0.5648,-0.6512,-0.2342,,,1655,0.9726,15.7,78,1,1,0.25,-0.0248,-0.0003,0.002,0.0121,-0.012,0.0168,-0.0196,-0.0169,-0.0003,-0.0095,-0.0054,-0.0008,0.0848
Brandin Podziemski,,2024,3519960,0.025037414,0.0244,-0.0006,3430347,3519960,-0.615,0.3375,0.6173,,,1968,0.9024,15.4,76,0,1,0.25,-0.0269,0.0001,-0.0044,0.0121,-0.012,0.0296,-0.0153,-0.0185,-0.0019,-0.0171,-0.0054,-0.0008,0.0848
Simone Fontecchio,,2024,7692308,0.054715253,0.024,-0.0308,3374112,7692308,-0.5815,-0.1386,0.0536,,,1160,0.6189,15.4,79,1,1,0.25,-0.0255,-0.0001,-0.0002,0.0121,-0.012,-0.0035,0.002,-0.0185,0.0005,-0.0095,-0.0054,-0.0008,0.0848
Malachi Flynn,CHO,2024,119972,0.000853,0.0237,0.0228,3331935,119972,-0.6595,-0.7306,-1.1291,,,474,0.4902,16.2,73,3,1,0.25,-0.0288,-0.0004,0.0087,0.0121,-0.012,-0.0316,0.0099,-0.0143,-0.0042,0.0057,-0.0054,-0.0008,0.0848
Ousmane Dieng,,2024,5027040,0.035757248,0.0233,-0.0125,3275700,5027040,-0.4924,-0.9808,-0.9629,,,365,0.4299,16.9,81,1,1,0.25,-0.0218,-0.0005,0.0074,0.0121,-0.012,-0.0361,0.0136,-0.0106,0.002,-0.0095,-0.0054,-0.0008,0.0848
Drew Eubanks,,2024,5000000,0.035564913,0.0225,-0.0131,3163230,5000000,-1.016,-0.401,-0.8842,,,1169,,13.2,82,4,1,0.25,-0.0437,-0.0002,0.0068,0.0121,-0.012,-0.0031,-0.0022,-0.03,0.0028,0.0133,-0.0054,-0.0008,0.0848
Patrick Baldwin Jr.,,2024,2448840,0.017418556,0.0225,0.005,3163230,2448840,-0.498,0.0018,-0.5206,,,493,0.4314,15.9,84,1,1,0.25,-0.022,0,0.0041,0.0121,-0.012,-0.0309,0.0135,-0.0159,0.0044,-0.0095,-0.0054,-0.0008,0.0848
Kobe Bufkin,,2024,4299000,0.030578712,0.0224,-0.0082,3149171,4299000,-1.1386,-0.2301,-1.222,,,196,0.2073,22.4,76,0,1,0.25,-0.0488,-0.0001,0.0093,0.0121,-0.012,-0.043,0.0272,0.018,-0.0019,-0.0171,-0.0054,-0.0008,0.0848
Doug McDermott,,2024,2087519,0.014848486,0.0221,0.0072,3106994,2087519,-0.9381,-1.5789,-0.7471,,,700,0.639,14.9,79,5,1,0.25,-0.0404,-0.0007,0.0058,0.0121,-0.012,-0.0224,0.0008,-0.0211,0.0005,0.0209,-0.0054,-0.0008,0.0848
Jaxson Hayes,,2024,2463946,0.017526005,0.0219,0.0043,3078877,2463946,-0.5203,-1.1089,-0.6185,,,877,0.7695,12.5,84,4,1,0.25,-0.023,-0.0005,0.0048,0.0121,-0.012,-0.0151,-0.0072,-0.0336,0.0044,0.0133,-0.0054,-0.0008,0.0848
Jordan Goodwin,,2024,223718,0.001591302,0.0215,0.0199,3022641,223718,-0.5314,0.2581,-0.6249,,,558,,18.2,75,2,1,0.25,-0.0234,0.0001,0.0049,0.0121,-0.012,-0.0282,-0.0022,-0.0039,-0.0027,-0.0019,-0.0054,-0.0008,0.0848
Keyonte George,,2024,4084200,0.029050844,0.0214,-0.0077,3008583,4084200,-1.9742,-1.4934,-1.3309,,,2023,0.9146,22.8,76,0,1,0.25,-0.0838,-0.0007,0.0102,0.0121,-0.012,0.0319,-0.0161,0.0201,-0.0019,-0.0171,-0.0054,-0.0008,0.0848
Orlando Robinson,SAC,2024,959779,0.006827,0.0209,0.0141,2938289,959779,-0.2306,-0.2484,-0.7216,,,304,0.4162,14.8,82,1,1,0.25,-0.0108,-0.0001,0.0056,0.0121,-0.012,-0.0386,0.0144,-0.0216,0.0028,-0.0095,-0.0054,-0.0008,0.0848
Oshae Brissett,PHI,2024,119972,0.000853,0.0189,0.018,2657113,119972,-0.4033,-0.1203,0.2865,,,630,0.7366,14.5,79,4,1,0.25,-0.0181,-0.0001,-0.0019,0.0121,-0.012,-0.0252,-0.0052,-0.0232,0.0005,0.0133,-0.0054,-0.0008,0.0848
Peyton Watson,,2024,2413560,0.01716761,0.0164,-0.0008,2305643,2413560,-1.1107,-1.0418,-0.2734,,,1488,0.7149,16.2,80,1,1,0.25,-0.0476,-0.0005,0.0023,0.0121,-0.012,0.0099,-0.0038,-0.0143,0.0013,-0.0095,-0.0054,-0.0008,0.0848
James Wiseman,,2024,2237691,0.015916657,0.0163,0.0004,2291584,2237691,-1.3503,-1.5239,-1.1674,,,1091,,16.3,83,3,1,0.25,-0.0577,-0.0007,0.0089,0.0121,-0.012,-0.0063,-0.0022,-0.0138,0.0036,0.0057,-0.0054,-0.0008,0.0848
Garrison Mathews,,2024,2230253,0.015863751,0.0158,-0.0001,2221290,2230253,-0.4311,-1.4568,-0.7527,,,992,,11.1,77,3,1,0.25,-0.0192,-0.0007,0.0058,0.0121,-0.012,-0.0104,-0.0022,-0.0409,-0.0011,0.0057,-0.0054,-0.0008,0.0848
Bismack Biyombo,,2024,503884,0.003584118,0.015,0.0114,2108820,503884,-0.8879,-1.0662,-1.0927,,,718,0.4939,10.6,80,5,1,0.25,-0.0383,-0.0005,0.0084,0.0121,-0.012,-0.0216,0.0097,-0.0435,0.0013,0.0209,-0.0054,-0.0008,0.0848
Hunter Tyson,,2024,1891857,0.013456746,0.0147,0.0012,2066643,1891857,-1.0439,-0.8343,-1.8635,,,48,0.2195,20,80,0,1,0.25,-0.0449,-0.0004,0.0141,0.0121,-0.012,-0.0491,0.0265,0.0055,0.0013,-0.0171,-0.0054,-0.0008,0.0848
Shake Milton,LAL,2024,2875000,0.02045,0.0143,-0.0061,2010408,2875000,-1.3224,-0.9686,-0.9281,,,491,,18.7,77,5,1,0.25,-0.0565,-0.0005,0.0072,0.0121,-0.012,-0.0309,-0.0022,-0.0013,-0.0011,0.0209,-0.0054,-0.0008,0.0848
Joe Ingles,,2024,2087519,0.014848486,0.0141,-0.0008,1982290,2087519,-0.8935,-0.2484,0.592,,,1169,0.6927,11.6,80,5,1,0.25,-0.0386,-0.0001,-0.0042,0.0121,-0.012,-0.0031,-0.0025,-0.0383,0.0013,0.0209,-0.0054,-0.0008,0.0848
Jaylen Clark,,2024,492323,0.003501885,0.0136,0.0101,1911996,492323,-0.8879,,,,,,,,77,0,1,0.25,-0.0383,-0.0001,0,0.0121,-0.012,-0.0014,-0.0022,-0.0049,-0.0011,-0.0171,-0.0054,-0.0008,0.0848
Killian Hayes,,2024,119972,0.000853359,0.01,0.0091,1405880,119972,-1.0383,-0.7794,-0.6162,,,1008,0.6951,15.1,76,3,1,0.25,-0.0446,-0.0004,0.0048,0.0121,-0.012,-0.0097,-0.0026,-0.02,-0.0019,0.0057,-0.0054,-0.0008,0.0848
Torrey Craig,BOS,2024,779820,0.005547,0.0094,0.0039,1321527,779820,-1.133,-0.5292,-0.4492,,,1049,,12.5,77,5,1,0.25,-0.0486,-0.0003,0.0036,0.0121,-0.012,-0.0081,-0.0022,-0.0336,-0.0011,0.0209,-0.0054,-0.0008,0.0848
Quentin Grimes,,2024,4296682,0.030562224,0.0084,-0.0221,1180939,4296682,-0.8099,-0.7977,-0.1474,,,910,0.6463,15.3,76,2,1,0.25,-0.0351,-0.0004,0.0013,0.0121,-0.012,-0.0138,0.0004,-0.019,-0.0019,-0.0019,-0.0054,-0.0008,0.0848
Isaiah Mobley,PHI,2024,11997,8.50E-05,0.0083,0.0082,1166880,11997,-0.8266,-0.224,-1.479,,,72,0.122,16.2,80,0,1,0.25,-0.0358,-0.0001,0.0113,0.0121,-0.012,-0.0481,0.0325,-0.0143,0.0013,-0.0171,-0.0054,-0.0008,0.0848
Seth Curry,,2024,2087519,0.014848486,0.0082,-0.0066,1152821,2087519,-0.9102,-0.7,-0.3466,,,457,,15.9,73,5,1,0.25,-0.0393,-0.0003,0.0028,0.0121,-0.012,-0.0323,-0.0022,-0.0159,-0.0042,0.0209,-0.0054,-0.0008,0.0848
Jordan Hawkins,,2024,4525680,0.032191083,0.0076,-0.0246,1068468,4525680,-1.1664,-0.9381,-0.7907,,,1160,0.8171,19.9,77,0,1,0.25,-0.05,-0.0004,0.0061,0.0121,-0.012,-0.0035,-0.0101,0.005,-0.0011,-0.0171,-0.0054,-0.0008,0.0848
Brice Sensabaugh,,2024,2571480,0.018290893,0.0067,-0.0116,941939,2571480,-1.4116,-0.9747,-1.3178,,,584,0.3902,20.3,78,0,1,0.25,-0.0602,-0.0005,0.0101,0.0121,-0.012,-0.0271,0.016,0.0071,-0.0003,-0.0171,-0.0054,-0.0008,0.0848
AJ Griffin,HOU,2024,250000,0.001778,0.0058,0.004,815410,250000,-0.9938,-0.8221,-2.9419,,,171,0.4817,17.3,78,1,1,0.25,-0.0428,-0.0004,0.0222,0.0121,-0.012,-0.0441,0.0104,-0.0086,-0.0003,-0.0095,-0.0054,-0.0008,0.0848
Jalen Pickett,,2024,1891857,0.013456746,0.0058,-0.0077,815410,1891857,-0.4144,-0.9259,-0.7974,,,122,0.3293,16.4,74,0,1,0.25,-0.0185,-0.0004,0.0062,0.0121,-0.012,-0.0461,0.0198,-0.0133,-0.0034,-0.0171,-0.0054,-0.0008,0.0848
Charles Bassey,,2024,2087519,0.014848486,0.0056,-0.0093,787292,2087519,0.1872,0.2581,-0.0733,,,205,,11.9,82,2,1,0.25,0.0066,0.0001,0.0008,0.0121,-0.012,-0.0427,-0.0022,-0.0367,0.0028,-0.0019,-0.0054,-0.0008,0.0848
Ben Sheppard,,2024,2663880,0.018948132,0.0047,-0.0143,660763,2663880,-0.1805,-0.7061,-0.3365,,,814,0.6951,13.2,78,0,1,0.25,-0.0088,-0.0003,0.0027,0.0121,-0.012,-0.0177,-0.0026,-0.03,-0.0003,-0.0171,-0.0054,-0.0008,0.0848
Malaki Branham,,2024,3217920,0.022889009,0.0046,-0.0183,646704,3217920,-1.8683,-2.3539,-1.6393,,,1594,0.8735,19.8,76,1,1,0.25,-0.0793,-0.0011,0.0125,0.0121,-0.012,0.0143,-0.0135,0.0045,-0.0019,-0.0095,-0.0054,-0.0008,0.0848
Leonard Miller,,2024,1891857,0.013456746,0.0042,-0.0093,590469,1891857,-0.381,-0.4071,2.6343,,,52,0.2073,18.6,82,0,1,0.25,-0.0171,-0.0002,-0.0194,0.0121,-0.012,-0.0489,0.0272,-0.0018,0.0028,-0.0171,-0.0054,-0.0008,0.0848
Bilal Coulibaly,,2024,6945240,0.049401371,0.0038,-0.0456,534234,6945240,-1.1999,-1.4507,-0.8282,,,1715,0.7683,14.2,79,0,1,0.25,-0.0514,-0.0007,0.0064,0.0121,-0.012,0.0192,-0.0071,-0.0247,0.0005,-0.0171,-0.0054,-0.0008,0.0848
Jaylen Nowell,NOP,2024,278782,0.001983,0.0034,0.0014,477999,278782,-0.8656,-0.639,-1.098,,,156,,16.9,76,4,1,0.25,-0.0374,-0.0003,0.0084,0.0121,-0.012,-0.0447,-0.0022,-0.0106,-0.0019,0.0133,-0.0054,-0.0008,0.0848
Gradey Dick,,2024,4763760,0.033884542,0.0032,-0.0307,449881,4763760,-1.3057,-1.8291,-1.2833,,,1268,0.7317,17.4,79,0,1,0.25,-0.0558,-0.0009,0.0098,0.0121,-0.012,0.0009,-0.0049,-0.008,0.0005,-0.0171,-0.0054,-0.0008,0.0848
Jeremiah Robinson-Earl,,2024,2196970,0.015627009,0.003,-0.0126,421764,2196970,-0.5091,-1.0967,-0.6722,,,334,,15.4,81,2,1,0.25,-0.0225,-0.0005,0.0052,0.0121,-0.012,-0.0374,-0.0022,-0.0185,0.002,-0.0019,-0.0054,-0.0008,0.0848
KJ Martin,UTA,2024,7975000,0.056726,0.0029,-0.0538,407705,7975000,,-1.5789,-0.4433,,,715,0.8171,13.2,78,1,1,0.25,-0.007,-0.0007,0.0035,0.0121,-0.012,-0.0218,-0.0101,-0.03,-0.0003,-0.0095,-0.0054,-0.0008,0.0848
Marcus Sasser,,2024,2755080,0.019596836,0.0026,-0.017,365528,2755080,-1.3001,-1.3042,-0.6647,,,1351,0.8659,19.9,73,0,1,0.25,-0.0556,-0.0006,0.0052,0.0121,-0.012,0.0043,-0.0131,0.005,-0.0042,-0.0171,-0.0054,-0.0008,0.0848
James Johnson,IND,2024,2087519,0.014848,0.0025,-0.0123,351470,2087519,-1.2389,-0.2728,-0.7942,,,47,0.272,14.2,79,5,1,0.25,-0.053,-0.0001,0.0062,0.0121,-0.012,-0.0491,0.0233,-0.0247,0.0005,0.0209,-0.0054,-0.0008,0.0848
Noah Clowney,,2024,3244080,0.023075085,0.0024,-0.0206,337411,3244080,-0.5983,-0.2484,-0.2697,,,370,0.2805,14.2,82,0,1,0.25,-0.0262,-0.0001,0.0022,0.0121,-0.012,-0.0359,0.0228,-0.0247,0.0028,-0.0171,-0.0054,-0.0008,0.0848
Jarace Walker,,2024,6362520,0.045256494,0.0024,-0.0428,337411,6362520,-0.576,-0.0531,-0.2825,,,340,0.4024,16.1,79,0,1,0.25,-0.0253,0,0.0023,0.0121,-0.012,-0.0371,0.0153,-0.0148,0.0005,-0.0171,-0.0054,-0.0008,0.0848
Jabari Walker,,2024,2019699,0.014366084,0.0024,-0.0119,337411,2019699,-1.5675,-0.8831,-0.5636,,,1700,0.8049,16.3,79,1,1,0.25,-0.0667,-0.0004,0.0044,0.0121,-0.012,0.0186,-0.0093,-0.0138,0.0005,-0.0095,-0.0054,-0.0008,0.0848
Jeenathan Williams,HOU,2024,515881,0.003669,0.0024,-0.0012,337411,515881,-1.1553,,,,,,,,77,0,1,0.25,-0.0495,-0.0001,0,0.0121,-0.012,-0.0014,-0.0022,-0.0049,-0.0011,-0.0171,-0.0054,-0.0008,0.0848
Jay Huff,,2024,2088033,0.014852142,0.0017,-0.0132,238999,2088033,-0.4089,-0.7245,0.2758,,,49,0.2439,15,85,0,1,0.25,-0.0183,-0.0003,-0.0018,0.0121,-0.012,-0.0491,0.025,-0.0206,0.0052,-0.0171,-0.0054,-0.0008,0.0848
Davion Mitchell,,2024,6451077,0.045886399,0.0016,-0.0443,224940,6451077,-0.8155,-1.2371,-1.1392,,,1101,0.9146,14.9,72,2,1,0.25,-0.0353,-0.0006,0.0087,0.0121,-0.012,-0.0059,-0.0161,-0.0211,-0.005,-0.0019,-0.0054,-0.0008,0.0848
DeAndre Jordan,,2024,2087519,0.014848486,0.0015,-0.0133,210882,2087519,-1.6288,-0.5841,-1.0686,,,396,0.4402,15.4,83,5,1,0.25,-0.0693,-0.0003,0.0082,0.0121,-0.012,-0.0348,0.013,-0.0185,0.0036,0.0209,-0.0054,-0.0008,0.0848
Garrett Temple,,2024,2087519,0.014848486,0.0007,-0.0142,98411,2087519,-1.4283,-0.9075,-1.019,,,289,0.4,15,77,5,1,0.25,-0.0609,-0.0004,0.0078,0.0121,-0.012,-0.0392,0.0154,-0.0206,-0.0011,0.0209,-0.0054,-0.0008,0.0848
Jordan Miller,,2024,1050000,0.007468632,0.0006,-0.0069,84352,1050000,-0.9325,-0.5902,-0.8578,,,28,0.0976,17,77,0,1,0.25,-0.0402,-0.0003,0.0066,0.0121,-0.012,-0.0499,0.0339,-0.0101,-0.0011,-0.0171,-0.0054,-0.0008,0.0848
Caleb Houstan,,2024,2019699,0.014366084,0.0002,-0.0141,28117,2019699,-0.4534,-1.3286,-0.4657,,,815,0.6829,12.5,80,1,1,0.25,-0.0202,-0.0006,0.0037,0.0121,-0.012,-0.0177,-0.0019,-0.0336,0.0013,-0.0095,-0.0054,-0.0008,0.0848
Dominick Barlow,,2024,491887,0.003498784,-0.0003,-0.0038,-42176,491887,-0.6818,0.1055,-0.0458,,,420,0.3796,14.1,81,1,1,0.25,-0.0297,0,0.0006,0.0121,-0.012,-0.0338,0.0167,-0.0253,0.002,-0.0095,-0.0054,-0.0008,0.0848
Matt Ryan,NYK,2024,621439,0.00442,-0.001,-0.0054,-140588,621439,-1.2333,-1.707,-0.6687,,,390,0.2537,15.4,78,2,1,0.25,-0.0528,-0.0008,0.0052,0.0121,-0.012,-0.0351,0.0244,-0.0185,-0.0003,-0.0019,-0.0054,-0.0008,0.0848
Amir Coffey,,2024,3938271,0.028012853,-0.0011,-0.0292,-154646,3938271,-1.3001,-1.3836,-0.333,,,1460,0.778,12.5,79,3,1,0.25,-0.0556,-0.0007,0.0027,0.0121,-0.012,0.0088,-0.0077,-0.0336,0.0005,0.0057,-0.0054,-0.0008,0.0848
Mouhamed Gueye,,2024,1891857,0.013456746,-0.0017,-0.0151,-238999,1891857,-1.367,-0.0714,,,,,,,83,0,1,0.25,-0.0584,0,0,0.0121,-0.012,-0.0014,-0.0022,-0.0049,0.0036,-0.0171,-0.0054,-0.0008,0.0848
Jeff Green,,2024,8000000,0.056903861,-0.0021,-0.059,-295234,8000000,-1.8739,-0.816,-0.6844,,,1307,0.8634,15.5,80,5,1,0.25,-0.0796,-0.0004,0.0053,0.0121,-0.012,0.0025,-0.0129,-0.018,0.0013,0.0209,-0.0054,-0.0008,0.0848
Ty Jerome,,2024,2560975,0.018216171,-0.003,-0.0213,-421764,2560975,-0.7375,-0.0592,-1.6934,,,15,,14.7,77,4,1,0.25,-0.032,0,0.0129,0.0121,-0.012,-0.0505,-0.0022,-0.0221,-0.0011,0.0133,-0.0054,-0.0008,0.0848
Gui Santos,,2024,1891857,0.013456746,-0.0039,-0.0174,-548293,1891857,-0.576,0.0384,0.1343,,,192,0.2805,15.2,79,0,1,0.25,-0.0253,0,-0.0008,0.0121,-0.012,-0.0432,0.0228,-0.0195,0.0005,-0.0171,-0.0054,-0.0008,0.0848
Mamadi Diakite,,2024,464050,0.00330078,-0.0041,-0.0074,-576410,464050,-1.4338,-0.0043,2.3485,,,16,0.1329,20.2,81,3,1,0.25,-0.0612,0,-0.0173,0.0121,-0.012,-0.0504,0.0318,0.0066,0.002,0.0057,-0.0054,-0.0008,0.0848
E.J. Liddell,,2024,706898,0.005028153,-0.0054,-0.0104,-759175,706898,-0.5258,-0.3461,-1.6518,,,23,,16.8,78,1,1,0.25,-0.0232,-0.0002,0.0126,0.0121,-0.012,-0.0501,-0.0022,-0.0112,-0.0003,-0.0095,-0.0054,-0.0008,0.0848
Julian Strawther,,2024,2552520,0.01815603,-0.0055,-0.0237,-773234,2552520,-1.367,-1.0967,-1.179,,,545,0.6098,20.7,78,0,1,0.25,-0.0584,-0.0005,0.009,0.0121,-0.012,-0.0287,0.0026,0.0092,-0.0003,-0.0171,-0.0054,-0.0008,0.0848
Anthony Black,,2024,7607760,0.054113865,-0.0056,-0.0597,-787292,7607760,-0.6038,-1.4019,-0.8967,,,1164,0.8415,12.7,79,0,1,0.25,-0.0265,-0.0007,0.0069,0.0121,-0.012,-0.0033,-0.0116,-0.0326,0.0005,-0.0171,-0.0054,-0.0008,0.0848
Blake Wesley,,2024,2624280,0.018666458,-0.0069,-0.0256,-970057,2624280,-0.9715,-1.054,-0.5404,,,876,0.6341,14.7,76,1,1,0.25,-0.0418,-0.0005,0.0043,0.0121,-0.012,-0.0152,0.0011,-0.0221,-0.0019,-0.0095,-0.0054,-0.0008,0.0848
David Roddy,ATL,2024,2847240,0.020252,-0.0079,-0.0281,-1110645,2847240,-1.6956,-1.7131,-1.1444,,,1114,0.686,18.1,77,1,1,0.25,-0.0721,-0.0008,0.0088,0.0121,-0.012,-0.0054,-0.0021,-0.0044,-0.0011,-0.0095,-0.0054,-0.0008,0.0848
Max Christie,,2024,7142857,0.050807018,-0.0088,-0.0596,-1237174,7142857,-0.9269,-1.5362,-0.8831,,,944,0.6982,13.6,77,1,1,0.25,-0.04,-0.0007,0.0068,0.0121,-0.012,-0.0124,-0.0028,-0.0279,-0.0011,-0.0095,-0.0054,-0.0008,0.0848
Taylor Hendricks,,2024,5848680,0.041601559,-0.0111,-0.0527,-1560526,5848680,-1.0216,-0.3644,-0.3249,,,856,0.4878,13.7,81,0,1,0.25,-0.0439,-0.0002,0.0026,0.0121,-0.012,-0.016,0.0101,-0.0273,0.002,-0.0171,-0.0054,-0.0008,0.0848
Nassir Little,,2024,3107143,0.022101054,-0.012,-0.0341,-1687056,3107143,-1.2946,-1.1639,-0.7779,,,458,0.5744,13.9,78,4,1,0.25,-0.0553,-0.0006,0.006,0.0121,-0.012,-0.0323,0.0048,-0.0263,-0.0003,0.0133,-0.0054,-0.0008,0.0848
Maxwell Lewis,BRK,2024,1891857,0.013457,-0.0122,-0.0256,-1715173,1891857,-1.0328,-1.0357,-4.0964,,,103,0.4146,13.6,79,0,1,0.25,-0.0444,-0.0005,0.0308,0.0121,-0.012,-0.0468,0.0145,-0.0279,0.0005,-0.0171,-0.0054,-0.0008,0.0848
Johnny Juzang,UTA,2024,3087519,0.021961,-0.0135,-0.0354,-1897938,3087519,-1.0662,-0.9747,-0.6008,,,372,0.2439,14.5,79,0,1,0.25,-0.0458,-0.0005,0.0047,0.0121,-0.012,-0.0358,0.025,-0.0232,0.0005,-0.0171,-0.0054,-0.0008,0.0848
Jalen Wilson,,2024,1891857,0.013456746,-0.0136,-0.0271,-1911996,1891857,-0.9046,-0.8526,-0.6086,,,664,0.5244,14.3,78,0,1,0.25,-0.039,-0.0004,0.0048,0.0121,-0.012,-0.0238,0.0078,-0.0242,-0.0003,-0.0171,-0.0054,-0.0008,0.0848
Taj Gibson,CHO,2024,2087519,0.014848,-0.014,-0.0288,-1968232,2087519,-0.9826,-0.6939,-2.0146,,,165,0.4037,7.6,81,5,1,0.25,-0.0423,-0.0003,0.0153,0.0121,-0.012,-0.0443,0.0152,-0.0592,0.002,0.0209,-0.0054,-0.0008,0.0848
Braxton Key,GSW,2024,11997,8.50E-05,-0.0151,-0.0152,-2122878,11997,-0.7598,-0.6024,0.4857,,,60,0.2439,15.7,79,0,1,0.25,-0.033,-0.0003,-0.0034,0.0121,-0.012,-0.0486,0.025,-0.0169,0.0005,-0.0171,-0.0054,-0.0008,0.0848
Dariq Whitehead,,2024,3114240,0.022151535,-0.0155,-0.0376,-2179114,3114240,-0.8322,-0.047,-1.9033,,,24,0.0244,10.6,78,0,1,0.25,-0.036,0,0.0144,0.0121,-0.012,-0.0501,0.0384,-0.0435,-0.0003,-0.0171,-0.0054,-0.0008,0.0848
Sidy Cissoko,,2024,1891857,0.013456746,-0.0163,-0.0298,-2291584,1891857,-0.6038,-0.3217,0.5827,,,141,0.1463,12.7,78,0,1,0.25,-0.0265,-0.0002,-0.0041,0.0121,-0.012,-0.0453,0.031,-0.0326,-0.0003,-0.0171,-0.0054,-0.0008,0.0848
Johnny Davis,MEM,2024,5291160,0.037636,-0.018,-0.0556,-2530584,5291160,-0.9993,-1.707,-1.4238,,,613,0.5091,12.2,76,1,1,0.25,-0.043,-0.0008,0.0109,0.0121,-0.012,-0.0259,0.0088,-0.0352,-0.0019,-0.0095,-0.0054,-0.0008,0.0848
Markieff Morris,LAL,2024,2087519,0.014848,-0.0181,-0.0329,-2544642,2087519,-2.3585,-0.6207,-1.8757,,,216,0.2988,16.4,81,5,1,0.25,-0.0998,-0.0003,0.0142,0.0121,-0.012,-0.0422,0.0216,-0.0133,0.002,0.0209,-0.0054,-0.0008,0.0848
Zeke Nnaji,,2024,8888889,0.063226513,-0.0197,-0.0829,-2769583,8888889,-1.6511,-0.8648,-1.2252,,,576,0.6476,15.4,82,3,1,0.25,-0.0702,-0.0004,0.0094,0.0121,-0.012,-0.0275,0.0003,-0.0185,0.0028,0.0057,-0.0054,-0.0008,0.0848
Gabe Vincent,,2024,11000000,0.078242809,-0.0199,-0.0981,-2797701,11000000,-0.8712,-0.7489,-1.4128,,,218,0.4817,10.9,74,3,1,0.25,-0.0376,-0.0004,0.0108,0.0121,-0.012,-0.0421,0.0104,-0.042,-0.0034,0.0057,-0.0054,-0.0008,0.0848
Terry Taylor,SAC,2024,119972,0.000853,-0.0205,-0.0214,-2882054,119972,-0.8601,-0.816,-0.9005,,,188,0.3646,11.3,77,2,1,0.25,-0.0372,-0.0004,0.0069,0.0121,-0.012,-0.0434,0.0176,-0.0399,-0.0011,-0.0019,-0.0054,-0.0008,0.0848
MarJon Beauchamp,LAC,2024,2733720,0.019445,-0.022,-0.0414,-3092936,2733720,-1.172,-1.5362,-0.653,,,608,0.6037,14.6,79,1,1,0.25,-0.0502,-0.0007,0.0051,0.0121,-0.012,-0.0261,0.003,-0.0226,0.0005,-0.0095,-0.0054,-0.0008,0.0848
Nick Smith Jr.,,2024,2587200,0.018402709,-0.0228,-0.0412,-3205406,2587200,-1.8962,-2.1098,-1.6742,,,729,0.622,20.3,74,0,1,0.25,-0.0805,-0.001,0.0127,0.0121,-0.012,-0.0212,0.0019,0.0071,-0.0034,-0.0171,-0.0054,-0.0008,0.0848
Jericho Sims,,2024,2092344,0.014882806,-0.0228,-0.0377,-3205406,2092344,-0.459,-1.4324,-1.0297,,,585,0.5646,6,82,2,1,0.25,-0.0204,-0.0007,0.0079,0.0121,-0.012,-0.0271,0.0054,-0.0675,0.0028,-0.0019,-0.0054,-0.0008,0.0848
Rayan Rupert,,2024,1891857,0.013456746,-0.0286,-0.0421,-4020816,1891857,-1.3726,-1.4202,-1.4116,,,633,0.4756,13.6,79,0,1,0.25,-0.0586,-0.0007,0.0108,0.0121,-0.012,-0.0251,0.0108,-0.0279,0.0005,-0.0171,-0.0054,-0.0008,0.0848
Jordan Walsh,,2024,1891857,0.013456746,-0.0287,-0.0422,-4034875,1891857,-0.5815,-0.6756,0.3722,,,83,0.1098,9.9,78,0,1,0.25,-0.0255,-0.0003,-0.0026,0.0121,-0.012,-0.0477,0.0332,-0.0472,-0.0003,-0.0171,-0.0054,-0.0008,0.0848
Ochai Agbaji,,2024,4310280,0.030658947,-0.0315,-0.0622,-4428522,4310280,-1.3837,-1.3225,-0.7126,,,1003,0.6585,12.2,77,1,1,0.25,-0.0591,-0.0006,0.0055,0.0121,-0.012,-0.0099,-0.0004,-0.0352,-0.0011,-0.0095,-0.0054,-0.0008,0.0848
Olivier-Maxence Prosper,,2024,2870400,0.020417105,-0.033,-0.0535,-4639404,2870400,-1.5007,-0.1325,-1.0887,,,336,0.4878,16.6,79,0,1,0.25,-0.064,-0.0001,0.0084,0.0121,-0.012,-0.0373,0.0101,-0.0122,0.0005,-0.0171,-0.0054,-0.0008,0.0848
Julian Phillips,,2024,1891857,0.013456746,-0.034,-0.0475,-4779992,1891857,-1.0383,-1.2615,-1.1331,,,323,0.4878,13,78,0,1,0.25,-0.0446,-0.0006,0.0087,0.0121,-0.012,-0.0378,0.0101,-0.031,-0.0003,-0.0171,-0.0054,-0.0008,0.0848
P.J. Tucker,NYK,2024,246833,0.001756,-0.0386,-0.0404,-5426696,246833,-1.0105,-1.6704,-1.177,,,420,0.6183,5.5,77,5,1,0.25,-0.0435,-0.0008,0.009,0.0121,-0.012,-0.0338,0.0021,-0.0701,-0.0011,0.0209,-0.0054,-0.0008,0.0848
Kobe Brown,,2024,2533920,0.018023729,-0.0432,-0.0612,-6073401,2533920,-1.0718,-1.5789,-1.3472,,,394,0.5366,11.1,79,0,1,0.25,-0.046,-0.0007,0.0103,0.0121,-0.012,-0.0349,0.0071,-0.0409,0.0005,-0.0171,-0.0054,-0.0008,0.0848
Andre Jackson Jr.,,2024,1891857,0.013456746,-0.05,-0.0634,-7029400,1891857,-0.9715,-1.4507,-1.0593,,,572,0.6951,10,78,0,1,0.25,-0.0418,-0.0007,0.0081,0.0121,-0.012,-0.0276,-0.0026,-0.0466,-0.0003,-0.0171,-0.0054,-0.0008,0.0848
Pat Spencer,,2024,438810,0.003121248,-0.0706,-0.0737,-9925512,438810,-1.6177,0.0262,-1.475,,,26,0.0732,8.1,74,0,1,0.25,-0.0688,0,0.0112,0.0121,-0.012,-0.05,0.0354,-0.0566,-0.0034,-0.0171,-0.0054,-0.0008,0.0848
Giannis Antetokounmpo,,2023,45640084,0.335537042,0.383,0.0475,52096043,45640084,3.8833,3.8137,1.5474,,,2024,0.778,38.8,83,4,0,0.25,0.1612,0.0018,-0.0113,0.0121,-0.012,0.0319,-0.0077,0.1036,0.0036,0.0133,0.0026,-0.0008,0.0848
Joel Embiid,,2023,47607350,0.35,0.3803,0.0303,51728786,47607350,3.7703,3.464,1.544,,,2284,0.7756,37,84,4,0,0.25,0.1564,0.0016,-0.0113,0.0121,-0.012,0.0426,-0.0076,0.0942,0.0044,0.0133,0.0026,-0.0008,0.0848
Jayson Tatum,,2023,32600060,0.239669316,0.3334,0.0938,45349401,32600060,2.9681,2.6875,1.418,,,2732,0.8854,32.7,80,4,0,0.25,0.1229,0.0012,-0.0104,0.0121,-0.012,0.0609,-0.0143,0.0718,0.0013,0.0133,0.0026,-0.0008,0.0848
Damian Lillard,,2023,45640084,0.335537042,0.3175,-0.018,43186667,45640084,2.7365,2.4622,1.0981,,,2107,0.6232,33.8,74,4,0,0.25,0.1132,0.0011,-0.008,0.0121,-0.012,0.0353,0.0018,0.0775,-0.0034,0.0133,0.0026,-0.0008,0.0848
LeBron James,,2023,47607350,0.35,0.3024,-0.0476,41132750,47607350,2.5218,2.4919,1.2461,,,1954,0.65,33.3,81,4,0,0.25,0.1042,0.0012,-0.0091,0.0121,-0.012,0.029,0.0001,0.0749,0.002,0.0133,0.0026,-0.0008,0.0848
Kevin Durant,,2023,47649433,0.350309386,0.2988,-0.0515,40643074,47649433,3.0133,2.0532,1.4124,,,1403,0.5244,31.5,83,4,0,0.25,0.1248,0.0009,-0.0103,0.0121,-0.012,0.0064,0.0078,0.0655,0.0036,0.0133,0.0026,-0.0008,0.0848
Paul George,,2023,45640084,0.335537042,0.2951,-0.0404,40139797,45640084,2.7195,1.745,0.9616,,,1939,0.5866,29.5,80,4,0,0.25,0.1125,0.0008,-0.007,0.0121,-0.012,0.0284,0.004,0.0551,0.0013,0.0133,0.0026,-0.0008,0.0848
Stephen Curry,,2023,51915615,0.381673528,0.293,-0.0887,39854153,51915615,2.8212,2.4089,1.1124,,,1941,0.7293,31,74,4,0,0.25,0.1168,0.0011,-0.0081,0.0121,-0.012,0.0285,-0.0047,0.0629,-0.0034,0.0133,0.0026,-0.0008,0.0848
Donovan Mitchell,,2023,33162030,0.24380081,0.2884,0.0446,39228456,33162030,2.228,2.1362,1.3732,,,2432,0.789,32.1,74,4,0,0.25,0.092,0.001,-0.01,0.0121,-0.012,0.0486,-0.0084,0.0687,-0.0034,0.0133,0.0026,-0.0008,0.0848
Anthony Davis,,2023,40600080,0.298483911,0.2771,-0.0214,37691419,40600080,2.454,3.3336,1.3307,,,1904,0.5756,28.4,82,4,0,0.25,0.1014,0.0015,-0.0097,0.0121,-0.012,0.027,0.0047,0.0493,0.0028,0.0133,0.0026,-0.0008,0.0848
Jrue Holiday,,2023,36861707,0.271000118,0.2735,0.0025,37201743,36861707,2.8947,1.7687,0.8823,,,2183,0.7976,25,76,4,0,0.25,0.1198,0.0008,-0.0064,0.0121,-0.012,0.0384,-0.0089,0.0316,-0.0019,0.0133,0.0026,-0.0008,0.0848
James Harden,,2023,35680595,0.262316811,0.2713,0.009,36902497,35680595,2.5839,2.2666,0.9123,,,2135,0.6024,25,77,4,0,0.25,0.1068,0.001,-0.0066,0.0121,-0.012,0.0365,0.003,0.0316,-0.0011,0.0133,0.0026,-0.0008,0.0848
Kawhi Leonard,,2023,45640084,0.335537042,0.2694,-0.0662,36644057,45640084,2.889,2.8475,1.5913,,,1748,,27,78,4,0,0.25,0.1196,0.0013,-0.0117,0.0121,-0.012,0.0206,-0.0022,0.042,-0.0003,0.0133,0.0026,-0.0008,0.0848
Shai Gilgeous-Alexander,,2023,33386850,0.245453643,0.2683,0.0229,36494434,33386850,1.4653,2.5808,1.3241,,,2416,0.7049,32.8,78,4,0,0.25,0.0601,0.0012,-0.0097,0.0121,-0.012,0.048,-0.0032,0.0723,-0.0003,0.0133,0.0026,-0.0008,0.0848
Anthony Edwards,,2023,13534817,0.099505348,0.266,0.1665,36181586,13534817,1.9625,0.678,0.6019,,,2842,0.9207,29.9,76,2,0,0.25,0.0809,0.0003,-0.0043,0.0121,-0.012,0.0654,-0.0164,0.0572,-0.0019,-0.0019,0.0026,-0.0008,0.0848
Kyrie Irving,,2023,37037037,0.27228911,0.263,-0.0093,35773523,37037037,2.3015,1.3182,0.7313,,,1478,0.4817,29.7,74,4,0,0.25,0.095,0.0006,-0.0052,0.0121,-0.012,0.0095,0.0104,0.0561,-0.0034,0.0133,0.0026,-0.0008,0.0848
Trae Young,,2023,40064220,0.294544372,0.2626,-0.0319,35719114,40064220,1.4201,1.004,0.45,,,2541,0.8768,32.6,74,4,0,0.25,0.0582,0.0005,-0.0031,0.0121,-0.012,0.0531,-0.0137,0.0713,-0.0034,0.0133,0.0026,-0.0008,0.0848
Devin Booker,,2023,36016200,0.264784114,0.2621,-0.0027,35651104,36016200,2.0642,1.7628,1.2136,,,1835,0.7354,31.8,77,4,0,0.25,0.0851,0.0008,-0.0088,0.0121,-0.012,0.0242,-0.0051,0.0671,-0.0011,0.0133,0.0026,-0.0008,0.0848
Jaylen Brown,,2023,31830357,0.234010609,0.2597,0.0257,35324653,31830357,1.4823,0.5594,0.699,,,2405,0.7915,31.4,78,4,0,0.25,0.0608,0.0002,-0.005,0.0121,-0.012,0.0475,-0.0085,0.065,-0.0003,0.0133,0.0026,-0.0008,0.0848
De'Aaron Fox,,2023,32600060,0.239669316,0.2546,0.0149,34630946,32600060,1.5444,1.5553,0.6471,,,2435,0.8024,30.1,75,4,0,0.25,0.0634,0.0007,-0.0046,0.0121,-0.012,0.0488,-0.0092,0.0582,-0.0027,0.0133,0.0026,-0.0008,0.0848
Ja Morant,,2023,34005250,0.25,0.2491,-0.0009,33882831,34005250,1.4145,2.2725,0.8163,,,1948,0.7341,34.9,74,3,0,0.25,0.0579,0.0011,-0.0059,0.0121,-0.012,0.0288,-0.005,0.0833,-0.0034,0.0057,0.0026,-0.0008,0.0848
Pascal Siakam,,2023,37893408,0.278584983,0.2488,-0.0298,33842024,37893408,1.4766,1.8517,0.6214,,,2652,0.8183,27.2,80,4,0,0.25,0.0605,0.0009,-0.0044,0.0121,-0.012,0.0577,-0.0102,0.0431,0.0013,0.0133,0.0026,-0.0008,0.0848
Jimmy Butler,,2023,45183960,0.332183707,0.2447,-0.0875,33284338,45183960,2.1998,3.7544,1.9438,,,2138,0.7256,25.6,78,4,0,0.25,0.0908,0.0017,-0.0143,0.0121,-0.012,0.0366,-0.0045,0.0347,-0.0003,0.0133,0.0026,-0.0008,0.0848
Fred VanVleet,,2023,40806300,0.3,0.2398,-0.0602,32617835,40806300,1.9568,2.0058,0.5095,,,2535,0.7854,23.2,72,4,0,0.25,0.0806,0.0009,-0.0036,0.0121,-0.012,0.0529,-0.0082,0.0222,-0.005,0.0133,0.0026,-0.0008,0.0848
Brandon Ingram,,2023,33833400,0.248736592,0.2321,-0.0166,31570474,33833400,1.4427,0.6187,0.5764,,,1538,0.6244,30.8,80,4,0,0.25,0.0591,0.0003,-0.0041,0.0121,-0.012,0.012,0.0017,0.0619,0.0013,0.0133,0.0026,-0.0008,0.0848
Bam Adebayo,,2023,32600060,0.239669316,0.2314,-0.0083,31475259,32600060,1.3128,1.1878,0.4017,,,2598,0.8183,25.2,81,4,0,0.25,0.0537,0.0005,-0.0028,0.0121,-0.012,0.0554,-0.0102,0.0327,0.002,0.0133,0.0026,-0.0008,0.0848
Jamal Murray,,2023,33833400,0.248736592,0.2296,-0.0191,31230421,33833400,1.5218,0.8321,0.4045,,,2133,,26.1,76,4,0,0.25,0.0624,0.0004,-0.0028,0.0121,-0.012,0.0364,-0.0022,0.0374,-0.0019,0.0133,0.0026,-0.0008,0.0848
Zach LaVine,,2023,40064220,0.294544372,0.2253,-0.0693,30645531,40064220,0.7818,0.4527,0.5696,,,2768,0.8561,28.3,77,4,0,0.25,0.0315,0.0002,-0.004,0.0121,-0.012,0.0624,-0.0125,0.0488,-0.0011,0.0133,0.0026,-0.0008,0.0848
Lauri Markkanen,,2023,17259999,0.126892164,0.2242,0.0973,30495908,17259999,1.2224,1.6205,1.0576,,,2273,0.75,26.6,85,4,0,0.25,0.0499,0.0007,-0.0077,0.0121,-0.012,0.0421,-0.006,0.04,0.0052,0.0133,0.0026,-0.0008,0.0848
Jalen Brunson,,2023,26346666,0.193695576,0.2238,0.0301,30441499,26346666,1.3467,1.1522,0.6494,,,2379,0.8695,27.2,74,4,0,0.25,0.0551,0.0005,-0.0046,0.0121,-0.012,0.0465,-0.0133,0.0431,-0.0034,0.0133,0.0026,-0.0008,0.0848
Darius Garland,,2023,34005250,0.25,0.2209,-0.0291,30047038,34005250,1.3524,1.6916,0.7078,,,2447,0.8012,26.9,73,3,0,0.25,0.0553,0.0008,-0.0051,0.0121,-0.012,0.0492,-0.0091,0.0415,-0.0042,0.0057,0.0026,-0.0008,0.0848
Julius Randle,,2023,28226880,0.207518545,0.2188,0.0113,29761394,28226880,0.5049,1.2708,0.6196,,,2737,0.9061,29.5,81,4,0,0.25,0.0199,0.0006,-0.0044,0.0121,-0.012,0.0611,-0.0155,0.0551,0.002,0.0133,0.0026,-0.0008,0.0848
Bradley Beal,,2023,46741590,0.3436351,0.2171,-0.1265,29530159,46741590,1.2055,0.9329,0.6944,,,1673,0.5976,29.2,76,4,0,0.25,0.0492,0.0004,-0.005,0.0121,-0.012,0.0175,0.0033,0.0535,-0.0019,0.0133,0.0026,-0.0008,0.0848
DeMar DeRozan,,2023,28600000,0.210261651,0.2125,0.0023,28904462,28600000,0.6801,1.2589,0.8602,,,2682,0.878,27.8,78,4,0,0.25,0.0272,0.0006,-0.0062,0.0121,-0.012,0.0589,-0.0138,0.0462,-0.0003,0.0133,0.0026,-0.0008,0.0848
Brook Lopez,,2023,25000000,0.183795149,0.208,0.0242,28292368,25000000,1.4766,1.7035,0.5621,,,2373,0.6939,19.3,85,4,0,0.25,0.0605,0.0008,-0.004,0.0121,-0.012,0.0462,-0.0026,0.0019,0.0052,0.0133,0.0026,-0.0008,0.0848
Karl-Anthony Towns,MIN,2023,36016200,0.264784,0.2072,-0.0576,28183551,36016200,1.8891,0.6069,0.4515,,,957,0.5695,25.6,84,4,0,0.25,0.0778,0.0003,-0.0031,0.0121,-0.012,-0.0118,0.0051,0.0347,0.0044,0.0133,0.0026,-0.0008,0.0848
CJ McCollum,,2023,35802469,0.263212805,0.2071,-0.0562,28169949,35802469,0.4145,0.5476,0.0197,,,2649,0.7037,26.4,75,4,0,0.25,0.0161,0.0002,0.0001,0.0121,-0.012,0.0575,-0.0032,0.0389,-0.0027,0.0133,0.0026,-0.0008,0.0848
Michael Porter Jr.,,2023,33386850,0.245453643,0.2061,-0.0393,28033928,33386850,1.471,0.0852,0.686,,,1798,0.5598,22.7,82,4,0,0.25,0.0603,0,-0.0049,0.0121,-0.012,0.0226,0.0057,0.0196,0.0028,0.0133,0.0026,-0.0008,0.0848
Aaron Gordon,,2023,22266182,0.16369665,0.1999,0.0362,27190597,22266182,1.6348,1.4901,1.0517,,,2055,0.75,21.1,80,4,0,0.25,0.0672,0.0007,-0.0076,0.0121,-0.012,0.0332,-0.006,0.0113,0.0013,0.0133,0.0026,-0.0008,0.0848
Desmond Bane,,2023,3845083,0.028268304,0.1958,0.1675,26632911,3845083,1.5953,1.3834,1.0601,,,1841,0.7976,26.1,78,2,0,0.25,0.0655,0.0006,-0.0077,0.0121,-0.012,0.0244,-0.0089,0.0374,-0.0003,-0.0019,0.0026,-0.0008,0.0848
Klay Thompson,,2023,43219440,0.317740937,0.1945,-0.1233,26456084,43219440,0.4767,0.2334,0.3428,,,2279,,26.4,77,4,0,0.25,0.0187,0.0001,-0.0023,0.0121,-0.012,0.0424,-0.0022,0.0389,-0.0011,0.0133,0.0026,-0.0008,0.0848
OG Anunoby,NYK,2023,18642857,0.137059,0.1929,0.0559,26238450,18642857,1.1829,1.0692,0.5191,,,2386,0.689,19.5,79,4,0,0.25,0.0483,0.0005,-0.0037,0.0121,-0.012,0.0467,-0.0023,0.0029,0.0005,0.0133,0.0026,-0.0008,0.0848
Chris Paul,,2023,30800000,0.226435624,0.1894,-0.037,25762377,30800000,1.9229,1.7924,0.8622,,,1889,0.7683,19.2,72,4,0,0.25,0.0792,0.0008,-0.0062,0.0121,-0.012,0.0264,-0.0071,0.0014,-0.005,0.0133,0.0026,-0.0008,0.0848
Zion Williamson,,2023,34005250,0.25,0.1859,-0.0641,25286303,34005250,1.3975,1.7272,1.3528,,,956,,30.4,78,3,0,0.25,0.0572,0.0008,-0.0099,0.0121,-0.012,-0.0119,-0.0022,0.0598,-0.0003,0.0057,0.0026,-0.0008,0.0848
Domantas Sabonis,,2023,30600000,0.224965263,0.1848,-0.0402,25136680,30600000,0.5727,2.2607,0.8106,,,2736,0.8049,21.3,82,4,0,0.25,0.0227,0.001,-0.0058,0.0121,-0.012,0.0611,-0.0093,0.0123,0.0028,0.0133,0.0026,-0.0008,0.0848
Rudy Gobert,,2023,41000000,0.301424045,0.182,-0.1194,24755822,41000000,1.6009,0.8084,0.1461,,,2148,0.8415,16.3,85,4,0,0.25,0.0657,0.0004,-0.0009,0.0121,-0.012,0.037,-0.0116,-0.0138,0.0052,0.0133,0.0026,-0.0008,0.0848
Derrick White,,2023,18357143,0.134958154,0.1818,0.0469,24728617,18357143,1.4427,1.4664,0.9084,,,2319,0.7671,17.7,76,4,0,0.25,0.0591,0.0007,-0.0066,0.0121,-0.012,0.044,-0.007,-0.0065,-0.0019,0.0133,0.0026,-0.0008,0.0848
Dejounte Murray,,2023,18214000,0.133905794,0.1808,0.0469,24592596,18214000,0.3072,0.761,0.5873,,,2693,0.8634,24.4,76,4,0,0.25,0.0116,0.0003,-0.0042,0.0121,-0.012,0.0593,-0.0129,0.0285,-0.0019,0.0133,0.0026,-0.0008,0.0848
LaMelo Ball,,2023,10900635,0.080139353,0.179,0.0989,24347759,10900635,0.8213,0.8262,0.0847,,,1268,0.6183,30,79,2,0,0.25,0.0331,0.0004,-0.0004,0.0121,-0.012,0.0009,0.0021,0.0577,0.0005,-0.0019,0.0026,-0.0008,0.0848
Jarrett Allen,,2023,20000000,0.147036119,0.1766,0.0296,24021308,20000000,1.4088,1.2056,0.6589,,,2220,0.7439,16.4,81,4,0,0.25,0.0577,0.0006,-0.0047,0.0121,-0.012,0.0399,-0.0056,-0.0133,0.002,0.0133,0.0026,-0.0008,0.0848
Khris Middleton,,2023,29320988,0.215562215,0.1766,-0.0389,24021308,29320988,1.2676,0.5535,0.6228,,,801,0.6085,27.4,79,4,0,0.25,0.0518,0.0002,-0.0044,0.0121,-0.012,-0.0182,0.0027,0.0441,0.0005,0.0133,0.0026,-0.0008,0.0848
Tyrese Haliburton,,2023,5808435,0.042702487,0.1756,0.1329,23885287,5808435,1.2168,1.9821,1.2493,,,1883,0.6695,23.8,77,2,0,0.25,0.0497,0.0009,-0.0091,0.0121,-0.012,0.0261,-0.0011,0.0254,-0.0011,-0.0019,0.0026,-0.0008,0.0848
Deandre Ayton,,2023,32459438,0.23863549,0.1719,-0.0667,23382009,32459438,0.584,0.4646,0.0938,,,2035,0.789,22.9,84,4,0,0.25,0.0232,0.0002,-0.0005,0.0121,-0.012,0.0324,-0.0084,0.0207,0.0044,0.0133,0.0026,-0.0008,0.0848
Spencer Dinwiddie,LAL,2023,1554654,0.01143,0.1717,0.1602,23354805,1554654,0.6688,1.3537,0.4218,,,1808,0.4915,21.9,77,4,0,0.25,0.0268,0.0006,-0.0029,0.0121,-0.012,0.0231,0.0098,0.0154,-0.0011,0.0133,0.0026,-0.0008,0.0848
Tyler Herro,,2023,27000000,0.198498761,0.1703,-0.0281,23164376,27000000,0.2563,0.7906,0.3447,,,2337,0.7817,25.6,77,3,0,0.25,0.0095,0.0004,-0.0023,0.0121,-0.012,0.0447,-0.0079,0.0347,-0.0011,0.0057,0.0026,-0.0008,0.0848
Myles Turner,,2023,20975000,0.15420413,0.1701,0.0159,23137172,20975000,0.6857,1.5671,0.2557,,,1825,0.6463,22,83,4,0,0.25,0.0275,0.0007,-0.0017,0.0121,-0.012,0.0237,0.0004,0.016,0.0036,0.0133,0.0026,-0.0008,0.0848
Jordan Poole,,2023,27455357,0.201846458,0.169,-0.0329,22987549,27455357,-0.2747,-0.7743,-0.4581,,,2458,0.9024,29.2,76,3,0,0.25,-0.0127,-0.0004,0.0036,0.0121,-0.012,0.0497,-0.0153,0.0535,-0.0019,0.0057,0.0026,-0.0008,0.0848
Terry Rozier,,2023,23205221,0.170600282,0.1679,-0.0027,22837925,23205221,0.0643,-0.1874,0.095,,,2221,0.8195,26.9,73,4,0,0.25,0.0015,-0.0001,-0.0005,0.0121,-0.012,0.04,-0.0102,0.0415,-0.0042,0.0133,0.0026,-0.0008,0.0848
Marcus Smart,,2023,18833713,0.138461804,0.1624,0.024,22089810,18833713,1.1885,0.7491,0.163,,,1957,0.7488,17.8,75,4,0,0.25,0.0485,0.0003,-0.001,0.0121,-0.012,0.0292,-0.0059,-0.006,-0.0027,0.0133,0.0026,-0.0008,0.0848
Draymond Green,,2023,22321429,0.164102815,0.162,-0.0021,22035402,22321429,1.4427,0.9092,0.4677,,,2297,0.7671,13.2,78,4,0,0.25,0.0591,0.0004,-0.0033,0.0121,-0.012,0.0431,-0.007,-0.03,-0.0003,0.0133,0.0026,-0.0008,0.0848
Immanuel Quickley,,2023,4171548,0.030668411,0.1602,0.1295,21790564,4171548,1.1603,0.5772,0.9134,,,2344,0.9354,20.9,74,2,0,0.25,0.0473,0.0003,-0.0066,0.0121,-0.012,0.045,-0.0173,0.0102,-0.0034,-0.0019,0.0026,-0.0008,0.0848
Tobias Harris,,2023,39270150,0.288706523,0.1595,-0.1292,21695349,39270150,0.7479,0.2571,0.5027,,,2436,0.8695,18.2,80,4,0,0.25,0.0301,0.0001,-0.0035,0.0121,-0.012,0.0488,-0.0133,-0.0039,0.0013,0.0133,0.0026,-0.0008,0.0848
Andrew Wiggins,,2023,24330357,0.178872064,0.1586,-0.0202,21572930,24330357,1.2959,0.3342,0.6169,,,1190,0.6659,21.5,78,4,0,0.25,0.053,0.0001,-0.0044,0.0121,-0.012,-0.0023,-0.0008,0.0134,-0.0003,0.0133,0.0026,-0.0008,0.0848
Jaren Jackson Jr.,,2023,27102202,0.19925013,0.158,-0.0413,21491318,27102202,1.5275,2.154,,,,,,,82,4,0,0.25,0.0627,0.001,0,0.0121,-0.012,-0.0014,-0.0022,-0.0049,0.0028,0.0133,0.0026,-0.0008,0.0848
Jerami Grant,,2023,27586207,0.202808441,0.1579,-0.045,21477715,27586207,0.0417,-0.6261,0.2689,,,2246,0.6878,22.8,79,4,0,0.25,0.0005,-0.0003,-0.0018,0.0121,-0.012,0.041,-0.0022,0.0201,0.0005,0.0133,0.0026,-0.0008,0.0848
D'Angelo Russell,,2023,17307693,0.127242801,0.1567,0.0294,21314490,17307693,0.4654,0.3579,0.022,,,1778,0.6695,22.8,75,4,0,0.25,0.0183,0.0002,0.0001,0.0121,-0.012,0.0218,-0.0011,0.0201,-0.0027,0.0133,0.0026,-0.0008,0.0848
Tyrese Maxey,,2023,4343920,0.031935657,0.1554,0.1234,21137663,4343920,0.714,0.352,0.684,,,2016,0.789,24.1,74,2,0,0.25,0.0286,0.0002,-0.0049,0.0121,-0.012,0.0316,-0.0084,0.0269,-0.0034,-0.0019,0.0026,-0.0008,0.0848
Evan Mobley,,2023,8882640,0.065303446,0.1553,0.09,21124061,8882640,0.6914,1.822,0.643,,,2715,0.9177,20.2,83,1,0,0.25,0.0277,0.0008,-0.0046,0.0121,-0.012,0.0602,-0.0162,0.0066,0.0036,-0.0095,0.0026,-0.0008,0.0848
Buddy Hield,,2023,19845098,0.14589731,0.1551,0.0092,21096857,19845098,0.3298,-0.2052,0.4354,,,2482,0.8622,20.8,76,4,0,0.25,0.0126,-0.0001,-0.003,0.0121,-0.012,0.0507,-0.0129,0.0097,-0.0019,0.0133,0.0026,-0.0008,0.0848
Malcolm Brogdon,POR,2023,22500000,0.165416,0.1488,-0.0166,20239924,22500000,0.3693,0.7136,0.4204,,,1744,0.6768,22.8,76,4,0,0.25,0.0142,0.0003,-0.0029,0.0121,-0.012,0.0204,-0.0015,0.0201,-0.0019,0.0133,0.0026,-0.0008,0.0848
RJ Barrett,,2023,23883929,0.175590012,0.1466,-0.029,19940678,23883929,-0.512,-0.6498,-0.3687,,,2475,0.8768,26.2,78,3,0,0.25,-0.0226,-0.0003,0.003,0.0121,-0.012,0.0504,-0.0137,0.0379,-0.0003,0.0057,0.0026,-0.0008,0.0848
Mikal Bridges,,2023,21700000,0.15953419,0.1455,-0.014,19791055,21700000,0.6405,0.9447,0.5625,,,2040,0.8171,19.2,78,4,0,0.25,0.0256,0.0004,-0.004,0.0121,-0.012,0.0326,-0.0101,0.0014,-0.0003,0.0133,0.0026,-0.0008,0.0848
Kentavious Caldwell-Pope,,2023,14704938,0.108107851,0.144,0.0359,19587024,14704938,1.0812,0.9092,0.679,,,2381,0.9085,14.1,77,4,0,0.25,0.044,0.0004,-0.0048,0.0121,-0.012,0.0465,-0.0157,-0.0253,-0.0011,0.0133,0.0026,-0.0008,0.0848
Scottie Barnes,,2023,8008680,0.058878261,0.1434,0.0845,19505411,8008680,0.4428,1.3182,0.3069,,,2678,0.9253,20.3,80,1,0,0.25,0.0173,0.0006,-0.0021,0.0121,-0.012,0.0587,-0.0167,0.0071,0.0013,-0.0095,0.0026,-0.0008,0.0848
Anfernee Simons,,2023,24107143,0.177231038,0.142,-0.0352,19314982,24107143,-0.4272,0.1089,0.1377,,,2171,0.7427,25.1,75,4,0,0.25,-0.0191,0,-0.0008,0.0121,-0.012,0.0379,-0.0055,0.0321,-0.0027,0.0133,0.0026,-0.0008,0.0848
Franz Wagner,,2023,5508720,0.040499041,0.1418,0.1013,19287777,5508720,0.1434,0.9625,0.507,,,2609,0.971,23.5,82,1,0,0.25,0.0048,0.0004,-0.0036,0.0121,-0.012,0.0559,-0.0195,0.0238,0.0028,-0.0095,0.0026,-0.0008,0.0848
Isaiah Hartenstein,,2023,9245121,0.067968336,0.1416,0.0736,19260573,9245121,1.1151,0.6424,,,,,,,84,4,0,0.25,0.0454,0.0003,0,0.0121,-0.012,-0.0014,-0.0022,-0.0049,0.0044,0.0133,0.0026,-0.0008,0.0848
Harrison Barnes,,2023,17000000,0.124980702,0.14,0.0151,19042940,17000000,0.2563,0.7491,0.3153,,,2662,0.9232,17.1,79,4,0,0.25,0.0095,0.0003,-0.0021,0.0121,-0.012,0.0581,-0.0166,-0.0096,0.0005,0.0133,0.0026,-0.0008,0.0848
Bobby Portis,,2023,11710818,0.086095662,0.1372,0.0511,18662081,11710818,0.3015,0.429,0.3092,,,1818,0.8512,21.7,81,4,0,0.25,0.0114,0.0002,-0.0021,0.0121,-0.012,0.0235,-0.0122,0.0144,0.002,0.0133,0.0026,-0.0008,0.0848
De'Anthony Melton,,2023,8000000,0.058814448,0.1361,0.0773,18512458,8000000,0.7931,0.0852,0.4693,,,2150,0.8634,16.4,74,4,0,0.25,0.032,0,-0.0033,0.0121,-0.012,0.0371,-0.0129,-0.0133,-0.0034,0.0133,0.0026,-0.0008,0.0848
Kevin Huerter,,2023,15669643,0.115200175,0.135,0.0198,18362835,15669643,0.2733,0.5179,0.6169,,,2203,0.8963,19.9,78,4,0,0.25,0.0102,0.0002,-0.0044,0.0121,-0.012,0.0392,-0.0149,0.005,-0.0003,0.0133,0.0026,-0.0008,0.0848
Steven Adams,,2023,12600000,0.092632755,0.1348,0.0421,18335630,12600000,1.4936,1.3004,0.293,,,1133,0.6756,14.6,83,4,0,0.25,0.0612,0.0006,-0.002,0.0121,-0.012,-0.0046,-0.0014,-0.0226,0.0036,0.0133,0.0026,-0.0008,0.0848
Malik Monk,,2023,9945830,0.073119812,0.1345,0.0614,18294824,9945830,-0.0657,-0.3001,0.271,,,1719,0.85,25.8,75,4,0,0.25,-0.004,-0.0002,-0.0018,0.0121,-0.012,0.0194,-0.0121,0.0358,-0.0027,0.0133,0.0026,-0.0008,0.0848
Kevon Looney,,2023,7500000,0.055138545,0.1336,0.0784,18172405,7500000,1.6292,0.9625,0.4756,,,1958,0.9488,10.6,81,4,0,0.25,0.0669,0.0004,-0.0033,0.0121,-0.012,0.0292,-0.0182,-0.0435,0.002,0.0133,0.0026,-0.0008,0.0848
Kelly Oubre Jr.,,2023,2019706,0.014848487,0.133,0.1182,18090793,2019706,-0.3651,0.2512,0.0897,,,1548,0.7049,26.5,80,4,0,0.25,-0.0165,0.0001,-0.0004,0.0121,-0.012,0.0124,-0.0032,0.0394,0.0013,0.0133,0.0026,-0.0008,0.0848
Alec Burks,NYK,2023,10489600,0.077118,0.1322,0.055,17981976,10489600,0.6744,0.1327,0.5998,,,1122,0.7268,22.8,77,4,0,0.25,0.027,0.0001,-0.0043,0.0121,-0.012,-0.0051,-0.0046,0.0201,-0.0011,0.0133,0.0026,-0.0008,0.0848
Jakob Poeltl,,2023,19500000,0.143360216,0.1319,-0.0115,17941169,19500000,1.4371,1.8161,1.0064,,,707,0.5756,17.5,84,4,0,0.25,0.0589,0.0008,-0.0073,0.0121,-0.012,-0.0221,0.0047,-0.0075,0.0044,0.0133,0.0026,-0.0008,0.0848
Russell Westbrook,,2023,3835738,0.028199602,0.1308,0.1026,17791546,3835738,0.5445,0.2038,0.225,,,635,0.572,25.2,76,4,0,0.25,0.0216,0.0001,-0.0015,0.0121,-0.012,-0.025,0.0049,0.0327,-0.0019,0.0133,0.0026,-0.0008,0.0848
Markelle Fultz,ORL,2023,17000000,0.124981,0.1307,0.0057,17777944,17000000,-0.2747,0.2453,0.2023,,,1778,0.4512,21.3,76,4,0,0.25,-0.0127,0.0001,-0.0013,0.0121,-0.012,0.0218,0.0123,0.0123,-0.0019,0.0133,0.0026,-0.0008,0.0848
Caleb Martin,,2023,6802950,0.050013968,0.1292,0.0792,17573913,6802950,0.8834,0.0319,0.0611,,,2077,0.7817,14.4,77,3,0,0.25,0.0357,0,-0.0002,0.0121,-0.012,0.0341,-0.0079,-0.0237,-0.0011,0.0057,0.0026,-0.0008,0.0848
Cameron Johnson,,2023,25679348,0.188789584,0.1285,-0.0603,17478698,25679348,1.0247,0.9151,0.8124,,,770,0.5402,21.1,80,3,0,0.25,0.0416,0.0004,-0.0058,0.0121,-0.012,-0.0195,0.0069,0.0113,0.0013,0.0057,0.0026,-0.0008,0.0848
Bruce Brown,,2023,22000000,0.161739731,0.1275,-0.0342,17342677,22000000,0.262,-0.1519,0.1575,,,2280,0.9098,17.8,76,4,0,0.25,0.0097,-0.0001,-0.001,0.0121,-0.012,0.0424,-0.0158,-0.006,-0.0019,0.0133,0.0026,-0.0008,0.0848
Larry Nance Jr.,,2023,10375000,0.076274987,0.1268,0.0505,17247462,10375000,1.4653,0.7136,0.5919,,,1381,0.6171,11.9,78,4,0,0.25,0.0601,0.0003,-0.0042,0.0121,-0.012,0.0055,0.0022,-0.0367,-0.0003,0.0133,0.0026,-0.0008,0.0848
Josh Okogie,,2023,2815937,0.020702222,0.1261,0.1054,17152248,2815937,0.9569,0.4468,0.3049,,,1350,0.7622,17.7,76,4,0,0.25,0.0388,0.0002,-0.0021,0.0121,-0.012,0.0043,-0.0067,-0.0065,-0.0019,0.0133,0.0026,-0.0008,0.0848
Trey Murphy III,,2023,3359280,0.024696775,0.1254,0.1007,17057033,3359280,0.7253,-0.1756,0.6771,,,2448,0.8857,16.6,80,1,0,0.25,0.0291,-0.0001,-0.0048,0.0121,-0.012,0.0493,-0.0143,-0.0122,0.0013,-0.0095,0.0026,-0.0008,0.0848
Josh Giddey,,2023,6587040,0.04842664,0.1246,0.0761,16948216,6587040,-0.3933,-0.0274,0.0627,,,2367,0.8262,24.6,79,1,0,0.25,-0.0177,0,-0.0002,0.0121,-0.012,0.046,-0.0106,0.0295,0.0005,-0.0095,0.0026,-0.0008,0.0848
Clint Capela,,2023,20616000,0.151564832,0.1242,-0.0274,16893808,20616000,0.7705,1.3893,0.4167,,,1730,0.8207,15.7,82,4,0,0.25,0.031,0.0006,-0.0029,0.0121,-0.012,0.0199,-0.0103,-0.0169,0.0028,0.0133,0.0026,-0.0008,0.0848
Josh Hart,,2023,12960000,0.095279405,0.124,0.0287,16866604,12960000,0.906,0.435,0.3176,,,1704,0.5756,12.6,77,4,0,0.25,0.0367,0.0002,-0.0021,0.0121,-0.012,0.0188,0.0047,-0.0331,-0.0011,0.0133,0.0026,-0.0008,0.0848
Kyle Anderson,,2023,9219512,0.067780063,0.1223,0.0545,16635368,9219512,0.7705,0.595,0.5821,,,1957,0.8415,14.4,80,4,0,0.25,0.031,0.0003,-0.0041,0.0121,-0.012,0.0292,-0.0116,-0.0237,0.0013,0.0133,0.0026,-0.0008,0.0848
Andre Drummond,,2023,3360000,0.024702068,0.1206,0.0959,16404132,3360000,0.584,1.2293,0.223,,,849,0.6488,21,83,4,0,0.25,0.0232,0.0006,-0.0014,0.0121,-0.012,-0.0163,0.0002,0.0107,0.0036,0.0133,0.0026,-0.0008,0.0848
Caris LeVert,,2023,15384616,0.113104712,0.1206,0.0075,16404132,15384616,-0.3481,0.346,0.2905,,,2237,0.6793,18.7,79,4,0,0.25,-0.0158,0.0002,-0.0019,0.0121,-0.012,0.0406,-0.0017,-0.0013,0.0005,0.0133,0.0026,-0.0008,0.0848
Onyeka Okongwu,,2023,8109063,0.059616258,0.1193,0.0597,16227305,8109063,0.9173,0.2749,0.3128,,,1849,0.7854,15.1,82,2,0,0.25,0.0372,0.0001,-0.0021,0.0121,-0.012,0.0247,-0.0082,-0.02,0.0028,-0.0019,0.0026,-0.0008,0.0848
Chris Boucher,,2023,11750000,0.08638372,0.1173,0.0309,15955263,11750000,0.6462,0.8677,0.1975,,,1523,0.9024,18,80,4,0,0.25,0.0258,0.0004,-0.0013,0.0121,-0.012,0.0114,-0.0153,-0.0049,0.0013,0.0133,0.0026,-0.0008,0.0848
T.J. McConnell,,2023,8700000,0.063960712,0.1171,0.0532,15928059,8700000,0.3863,-0.1341,0.2134,,,1526,0.7244,19.1,73,4,0,0.25,0.0149,-0.0001,-0.0014,0.0121,-0.012,0.0115,-0.0044,0.0008,-0.0042,0.0133,0.0026,-0.0008,0.0848
Norman Powell,,2023,18000000,0.132332507,0.1165,-0.0158,15846446,18000000,-0.7097,-0.7091,0.2771,,,1567,0.6146,26,75,4,0,0.25,-0.0309,-0.0003,-0.0018,0.0121,-0.012,0.0132,0.0023,0.0368,-0.0027,0.0133,0.0026,-0.0008,0.0848
Kelly Olynyk,,2023,12195122,0.089656171,0.1158,0.0262,15751231,12195122,0.5049,0.103,,,,,,,84,4,0,0.25,0.0199,0,0,0.0121,-0.012,-0.0014,-0.0022,-0.0049,0.0044,0.0133,0.0026,-0.0008,0.0848
Dwight Powell,,2023,4000000,0.029407224,0.1141,0.0847,15519996,4000000,1.262,0.927,0.1439,,,1458,0.9049,12.6,82,4,0,0.25,0.0516,0.0004,-0.0008,0.0121,-0.012,0.0087,-0.0155,-0.0331,0.0028,0.0133,0.0026,-0.0008,0.0848
John Collins,,2023,25340000,0.186294763,0.1138,-0.0725,15479189,25340000,0.5162,-0.0867,,,,,,,81,4,0,0.25,0.0204,-0.0001,0,0.0121,-0.012,-0.0014,-0.0022,-0.0049,0.002,0.0133,0.0026,-0.0008,0.0848
Mitchell Robinson,,2023,15681818,0.115289683,0.1125,-0.0028,15302362,15681818,1.1546,0.9862,0.6462,,,1591,0.6988,10.1,84,4,0,0.25,0.0471,0.0004,-0.0046,0.0121,-0.012,0.0142,-0.0029,-0.0461,0.0044,0.0133,0.0026,-0.0008,0.0848
Tim Hardaway Jr.,,2023,17897728,0.131580624,0.1125,-0.019,15302362,17897728,0.5614,-0.223,,,,,,,77,4,0,0.25,0.0223,-0.0001,0,0.0121,-0.012,-0.0014,-0.0022,-0.0049,-0.0011,0.0133,0.0026,-0.0008,0.0848
Robert Covington,PHI,2023,11692308,0.08596,0.1121,0.0262,15247954,11692308,1.2224,0.3579,0.379,,,779,0.639,15.6,79,4,0,0.25,0.0499,0.0002,-0.0026,0.0121,-0.012,-0.0191,0.0008,-0.0174,0.0005,0.0133,0.0026,-0.0008,0.0848
Lonzo Ball,,2023,20465117,0.150455569,0.1112,-0.0393,15125535,20465117,0.5275,,,,,,,,77,4,0,0.25,0.0209,-0.0001,0,0.0121,-0.012,-0.0014,-0.0022,-0.0049,-0.0011,0.0133,0.0026,-0.0008,0.0848
Dillon Brooks,,2023,22627671,0.166354247,0.1106,-0.0557,15043922,22627671,0.4767,-0.063,,,,,,,79,4,0,0.25,0.0187,0,0,0.0121,-0.012,-0.0014,-0.0022,-0.0049,0.0005,0.0133,0.0026,-0.0008,0.0848
Moritz Wagner,,2023,8000000,0.058814448,0.1093,0.0505,14867095,8000000,0.0078,0.7669,0.0518,,,1109,0.639,21.1,83,4,0,0.25,-0.0009,0.0003,-0.0002,0.0121,-0.012,-0.0056,0.0008,0.0113,0.0036,0.0133,0.0026,-0.0008,0.0848
Zach Collins,,2023,7700000,0.056608906,0.109,0.0524,14826289,7700000,-0.2973,-0.7091,-0.4215,,,1441,,21.2,81,4,0,0.25,-0.0136,-0.0003,0.0034,0.0121,-0.012,0.008,-0.0022,0.0118,0.002,0.0133,0.0026,-0.0008,0.0848
Mike Conley,,2023,24360000,0.179089993,0.1083,-0.0708,14731074,24360000,0.6801,1.3182,0.2814,,,1276,0.65,16.1,73,4,0,0.25,0.0272,0.0006,-0.0019,0.0121,-0.012,0.0012,0.0001,-0.0148,-0.0042,0.0133,0.0026,-0.0008,0.0848
Cade Cunningham,,2023,11055360,0.081276862,0.108,0.0267,14690268,11055360,-0.286,0.429,-0.6009,,,400,0.3841,30,78,1,0,0.25,-0.0132,0.0002,0.0047,0.0121,-0.012,-0.0347,0.0164,0.0577,-0.0003,-0.0095,0.0026,-0.0008,0.0848
Tre Jones,,2023,9895833,0.072752244,0.1078,0.035,14663063,9895833,0.0699,0.5239,0.0877,,,1984,0.7573,19.3,73,2,0,0.25,0.0017,0.0002,-0.0004,0.0121,-0.012,0.0303,-0.0064,0.0019,-0.0042,-0.0019,0.0026,-0.0008,0.0848
Luke Kornet,,2023,2413304,0.017742143,0.1073,0.0895,14595053,2413304,0.2846,-0.1045,,,,,,,85,4,0,0.25,0.0107,-0.0001,0,0.0121,-0.012,-0.0014,-0.0022,-0.0049,0.0052,0.0133,0.0026,-0.0008,0.0848
Donte DiVincenzo,,2023,10900000,0.080134685,0.1073,0.0271,14595053,10900000,0.2394,0.0022,0.5309,,,1894,0.6915,15.1,76,4,0,0.25,0.0088,0,-0.0037,0.0121,-0.012,0.0266,-0.0024,-0.02,-0.0019,0.0133,0.0026,-0.0008,0.0848
Grayson Allen,,2023,8925000,0.065614868,0.1069,0.0413,14540644,8925000,0.3919,0.346,0.522,,,1972,0.8024,14.6,75,4,0,0.25,0.0152,0.0002,-0.0037,0.0121,-0.012,0.0298,-0.0092,-0.0226,-0.0027,0.0133,0.0026,-0.0008,0.0848
Gordon Hayward,OKC,2023,33319397,0.244958,0.1068,-0.1381,14527042,33319397,-0.3538,-0.5668,0.0543,,,1577,0.5915,20,79,4,0,0.25,-0.016,-0.0003,-0.0002,0.0121,-0.012,0.0136,0.0037,0.0055,0.0005,0.0133,0.0026,-0.0008,0.0848
Jordan Clarkson,,2023,23487629,0.172676491,0.1067,-0.066,14513440,23487629,0.4258,-0.6202,,,,,,,77,4,0,0.25,0.0166,-0.0003,0,0.0121,-0.012,-0.0014,-0.0022,-0.0049,-0.0011,0.0133,0.0026,-0.0008,0.0848
Jaden McDaniels,,2023,3901399,0.028682328,0.1065,0.0779,14486236,3901399,0.1208,-0.2171,0.1561,,,2416,0.8915,15.8,81,2,0,0.25,0.0038,-0.0001,-0.0009,0.0121,-0.012,0.048,-0.0146,-0.0164,0.002,-0.0019,0.0026,-0.0008,0.0848
Bones Hyland,,2023,2306400,0.016956205,0.1059,0.0889,14404623,2306400,,-0.0037,-0.7387,,,820,0.6357,28.5,74,1,0,0.25,-0.007,0,0.0057,0.0121,-0.012,-0.0174,0.001,0.0499,-0.0034,-0.0095,0.0026,-0.0008,0.0848
Wendell Carter Jr.,,2023,13050000,0.095941068,0.1054,0.0094,14336613,13050000,0.2902,0.3283,,,,,,,82,4,0,0.25,0.0109,0.0001,0,0.0121,-0.012,-0.0014,-0.0022,-0.0049,0.0028,0.0133,0.0026,-0.0008,0.0848
Keita Bates-Diop,BRK,2023,2346614,0.017252,0.1048,0.0875,14255000,2346614,0.262,-0.2289,0.0379,,,1452,0.6976,16.7,80,4,0,0.25,0.0097,-0.0001,-0.0001,0.0121,-0.012,0.0085,-0.0028,-0.0117,0.0013,0.0133,0.0026,-0.0008,0.0848
Nic Claxton,,2023,9625000,0.070761132,0.1043,0.0336,14186990,9625000,,1.9702,0.7467,,,2271,0.7134,15.4,83,3,0,0.25,-0.007,0.0009,-0.0054,0.0121,-0.012,0.042,-0.0037,-0.0185,0.0036,0.0057,0.0026,-0.0008,0.0848
Al Horford,,2023,10000000,0.07351806,0.1042,0.0307,14173388,10000000,0.4428,0.4409,0.3378,,,1922,0.7049,11.9,80,4,0,0.25,0.0173,0.0002,-0.0023,0.0121,-0.012,0.0277,-0.0032,-0.0367,0.0013,0.0133,0.0026,-0.0008,0.0848
Brandon Clarke,,2023,12500000,0.091897575,0.1041,0.0122,14159786,12500000,0.7987,-0.389,0.6442,,,1090,0.7195,17.7,80,3,0,0.25,0.0322,-0.0002,-0.0046,0.0121,-0.012,-0.0064,-0.0041,-0.0065,0.0013,0.0057,0.0026,-0.0008,0.0848
Kyle Lowry,,2023,29682540,0.218220275,0.103,-0.1152,14010163,29682540,0.4145,0.8499,,,,,,,72,4,0,0.25,0.0161,0.0004,0,0.0121,-0.012,-0.0014,-0.0022,-0.0049,-0.005,0.0133,0.0026,-0.0008,0.0848
Coby White,,2023,11111111,0.081686732,0.1027,0.021,13969356,11111111,0.2959,-0.1874,0.2428,,,1730,0.8427,17.9,76,3,0,0.25,0.0112,-0.0001,-0.0016,0.0121,-0.012,0.0199,-0.0117,-0.0054,-0.0019,0.0057,0.0026,-0.0008,0.0848
Derrick Jones Jr.,,2023,3360000,0.024702068,0.1018,0.0771,13846937,3360000,1.1151,-0.0926,0.2387,,,893,0.7183,14.5,78,4,0,0.25,0.0454,-0.0001,-0.0016,0.0121,-0.012,-0.0145,-0.004,-0.0232,-0.0003,0.0133,0.0026,-0.0008,0.0848
Alex Caruso,,2023,9460000,0.069548084,0.1017,0.0321,13833335,9460000,0.8495,1.1522,0.2567,,,1575,0.7,11.1,77,4,0,0.25,0.0343,0.0005,-0.0017,0.0121,-0.012,0.0135,-0.0029,-0.0409,-0.0011,0.0133,0.0026,-0.0008,0.0848
Hamidou Diallo,WAS,2023,116075,0.000853,0.1014,0.1005,13792529,116075,0.0247,-0.223,0.4543,,,996,0.6317,21.8,77,4,0,0.25,-0.0002,-0.0001,-0.0032,0.0121,-0.012,-0.0102,0.0013,0.0149,-0.0011,0.0133,0.0026,-0.0008,0.0848
Jevon Carter,,2023,6190476,0.045511178,0.1014,0.0559,13792529,6190476,0.3863,-0.0155,,,,,,,72,4,0,0.25,0.0149,0,0,0.0121,-0.012,-0.0014,-0.0022,-0.0049,-0.005,0.0133,0.0026,-0.0008,0.0848
Ivica Zubac,,2023,10933333,0.080379743,0.0996,0.0192,13547691,10933333,0.1151,0.3105,,,,,,,84,4,0,0.25,0.0036,0.0001,0,0.0121,-0.012,-0.0014,-0.0022,-0.0049,0.0044,0.0133,0.0026,-0.0008,0.0848
Mason Plumlee,,2023,5000000,0.03675903,0.0996,0.0628,13547691,5000000,0.1095,0.9684,0.0872,,,1597,0.7451,15.7,84,4,0,0.25,0.0034,0.0004,-0.0004,0.0121,-0.012,0.0144,-0.0057,-0.0169,0.0044,0.0133,0.0026,-0.0008,0.0848
Tyus Jones,,2023,14000000,0.102925284,0.0992,-0.0037,13493283,14000000,0.0699,-0.2112,0.3799,,,1940,0.9256,17.7,72,4,0,0.25,0.0017,-0.0001,-0.0026,0.0121,-0.012,0.0285,-0.0167,-0.0065,-0.005,0.0133,0.0026,-0.0008,0.0848
Trey Lyles,SAC,2023,8000000,0.058814,0.0986,0.0398,13411670,8000000,0.149,0.186,,,,,,,81,4,0,0.25,0.005,0.0001,0,0.0121,-0.012,-0.0014,-0.0022,-0.0049,0.002,0.0133,0.0026,-0.0008,0.0848
Herbert Jones,,2023,12015150,0.088333052,0.0985,0.0102,13398068,12015150,0.7761,0.7313,0.5332,,,1951,0.8598,14.5,79,1,0,0.25,0.0312,0.0003,-0.0038,0.0121,-0.012,0.0289,-0.0127,-0.0232,0.0005,-0.0095,0.0026,-0.0008,0.0848
Saddiq Bey,,2023,4556983,0.033502055,0.0982,0.0647,13357262,4556983,-0.0092,0.1089,0.1295,,,1500,0.7878,21.3,80,2,0,0.25,-0.0016,0,-0.0007,0.0121,-0.012,0.0104,-0.0083,0.0123,0.0013,-0.0019,0.0026,-0.0008,0.0848
Max Strus,,2023,14487684,0.106510642,0.0974,-0.0091,13248445,14487684,-0.2747,-0.7565,-0.3321,,,2272,0.8317,17.6,77,2,0,0.25,-0.0127,-0.0004,0.0027,0.0121,-0.012,0.0421,-0.011,-0.007,-0.0011,-0.0019,0.0026,-0.0008,0.0848
Kevin Porter Jr.,,2023,15860000,0.116599643,0.0973,-0.0193,13234843,15860000,0.3806,-0.4483,,,,,,,77,3,0,0.25,0.0147,-0.0002,0,0.0121,-0.012,-0.0014,-0.0022,-0.0049,-0.0011,0.0057,0.0026,-0.0008,0.0848
Cole Anthony,,2023,5539771,0.040727322,0.0971,0.0564,13207639,5539771,-0.1222,0.3401,0.0188,,,1552,0.7183,21.5,74,2,0,0.25,-0.0063,0.0001,0.0001,0.0121,-0.012,0.0126,-0.004,0.0134,-0.0034,-0.0019,0.0026,-0.0008,0.0848
Josh Richardson,MIA,2023,2891467,0.021258,0.0963,0.075,13098822,2891467,-0.0996,-0.9165,0.074,,,997,0.561,20.5,77,4,0,0.25,-0.0054,-0.0004,-0.0003,0.0121,-0.012,-0.0102,0.0056,0.0081,-0.0011,0.0133,0.0026,-0.0008,0.0848
Bol Bol,PHO,2023,2019706,0.014848,0.0948,0.0799,12894790,2019706,0.1321,-0.306,,,,,,,87,3,0,0.25,0.0043,-0.0002,0,0.0121,-0.012,-0.0014,-0.0022,-0.0049,0.0067,0.0057,0.0026,-0.0008,0.0848
Grant Williams,,2023,12405000,0.091199153,0.0942,0.003,12813178,12405000,0.262,0.1682,,,,,,,79,3,0,0.25,0.0097,0.0001,0,0.0121,-0.012,-0.0014,-0.0022,-0.0049,0.0005,0.0057,0.0026,-0.0008,0.0848
Terance Mann,,2023,10576923,0.077759486,0.0935,0.0157,12717963,10576923,0.3637,0.3046,0.1532,,,1872,0.9537,15.3,78,3,0,0.25,0.014,0.0001,-0.0009,0.0121,-0.012,0.0257,-0.0185,-0.019,-0.0003,0.0057,0.0026,-0.0008,0.0848
Kenrich Williams,,2023,6175000,0.045397402,0.093,0.0476,12649953,6175000,0.6462,0.2512,0.5202,,,1206,0.6634,13.7,79,4,0,0.25,0.0258,0.0001,-0.0037,0.0121,-0.012,-0.0016,-0.0007,-0.0273,0.0005,0.0133,0.0026,-0.0008,0.0848
Devin Vassell,,2023,5887899,0.043286691,0.093,0.0497,12649953,5887899,-0.3594,-0.3653,0.0977,,,1178,0.6427,24.4,77,2,0,0.25,-0.0162,-0.0002,-0.0005,0.0121,-0.012,-0.0028,0.0006,0.0285,-0.0011,-0.0019,0.0026,-0.0008,0.0848
Monte Morris,,2023,9800926,0.072054506,0.0917,0.0197,12473125,9800926,0.0756,0.435,0.1491,,,1695,0.7671,15.6,74,4,0,0.25,0.002,0.0002,-0.0009,0.0121,-0.012,0.0184,-0.007,-0.0174,-0.0034,0.0133,0.0026,-0.0008,0.0848
Obi Toppin,,2023,6803012,0.050014424,0.0888,0.0387,12078664,6803012,0.4484,-0.14,0.0222,,,1050,0.8232,19.5,81,2,0,0.25,0.0175,-0.0001,0.0001,0.0121,-0.012,-0.008,-0.0105,0.0029,0.002,-0.0019,0.0026,-0.0008,0.0848
Quentin Grimes,,2023,2385720,0.017539351,0.0872,0.0697,11861031,2385720,0.2168,0.352,0.3206,,,2121,0.7515,14.4,76,1,0,0.25,0.0079,0.0002,-0.0022,0.0121,-0.012,0.0359,-0.0061,-0.0237,-0.0019,-0.0095,0.0026,-0.0008,0.0848
Royce O'Neale,,2023,9500000,0.069842157,0.0867,0.0169,11793020,9500000,-0.0713,-0.5372,,,,,,,78,4,0,0.25,-0.0042,-0.0003,0,0.0121,-0.012,-0.0014,-0.0022,-0.0049,-0.0003,0.0133,0.0026,-0.0008,0.0848
Austin Reaves,,2023,12015150,0.088333052,0.0866,-0.0017,11779418,12015150,0.3015,0.0674,0.5687,,,1843,0.7668,16.2,77,1,0,0.25,0.0114,0,-0.004,0.0121,-0.012,0.0245,-0.007,-0.0143,-0.0011,-0.0095,0.0026,-0.0008,0.0848
Isaiah Joe,,2023,1997238,0.014683306,0.0864,0.0718,11752214,1997238,0.3467,0.6128,0.5523,,,1395,0.7463,17.7,76,2,0,0.25,0.0133,0.0003,-0.0039,0.0121,-0.012,0.0061,-0.0058,-0.0065,-0.0019,-0.0019,0.0026,-0.0008,0.0848
John Wall,HOU,2023,6802950,0.050014,0.0863,0.0363,11738612,6802950,-0.8171,-0.4127,-0.6205,,,755,,27,75,4,0,0.25,-0.0354,-0.0002,0.0049,0.0121,-0.012,-0.0201,-0.0022,0.042,-0.0027,0.0133,0.0026,-0.0008,0.0848
Jalen Williams,,2023,4558680,0.033514531,0.0855,0.0519,11629795,4558680,-0.0374,0.3223,0.5293,,,2276,0.9146,18.4,77,0,0,0.25,-0.0028,0.0001,-0.0037,0.0121,-0.012,0.0422,-0.0161,-0.0028,-0.0011,-0.0171,0.0026,-0.0008,0.0848
Kevin Love,,2023,3835738,0.028199602,0.0855,0.0573,11629795,3835738,-0.19,0.8084,,,,,,,82,4,0,0.25,-0.0091,0.0004,0,0.0121,-0.012,-0.0014,-0.0022,-0.0049,0.0028,0.0133,0.0026,-0.0008,0.0848
Jaden Ivey,,2023,7614480,0.05598018,0.0854,0.0294,11616193,7614480,-1.1052,-1.7405,-0.6305,,,2304,0.9024,25.4,75,0,0,0.25,-0.0474,-0.0008,0.0049,0.0121,-0.012,0.0434,-0.0153,0.0337,-0.0027,-0.0171,0.0026,-0.0008,0.0848
Victor Oladipo,MEM,2023,9450000,0.069475,0.0851,0.0157,11575387,9450000,-0.06,0.0912,,,,,,,75,4,0,0.25,-0.0037,0,0,0.0121,-0.012,-0.0014,-0.0022,-0.0049,-0.0027,0.0133,0.0026,-0.0008,0.0848
Joe Harris,DET,2023,19928571,0.146511,0.085,-0.0615,11561785,19928571,-0.1109,-0.6854,,,,,,,78,4,0,0.25,-0.0058,-0.0003,0,0.0121,-0.012,-0.0014,-0.0022,-0.0049,-0.0003,0.0133,0.0026,-0.0008,0.0848
Walker Kessler,,2023,2831160,0.020814139,0.0842,0.0634,11452968,2831160,0.9456,1.3537,0.6003,,,1703,0.9024,13.3,86,0,0,0.25,0.0383,0.0006,-0.0043,0.0121,-0.012,0.0187,-0.0153,-0.0294,0.006,-0.0171,0.0026,-0.0008,0.0848
Mike Muscala,DET,2023,3500000,0.025731,0.0839,0.0582,11412161,3500000,0.5897,0.2216,-0.4474,,,323,0.3646,14,82,4,0,0.25,0.0235,0.0001,0.0036,0.0121,-0.012,-0.0378,0.0176,-0.0258,0.0028,0.0133,0.0026,-0.0008,0.0848
Cam Thomas,,2023,2240160,0.016469222,0.0837,0.0672,11384957,2240160,-0.4894,-0.964,-0.3305,,,948,0.7409,27.8,75,1,0,0.25,-0.0217,-0.0005,0.0027,0.0121,-0.012,-0.0122,-0.0054,0.0462,-0.0027,-0.0095,0.0026,-0.0008,0.0848
Gary Trent Jr.,,2023,18560000,0.136449519,0.0835,-0.0529,11357753,18560000,-0.1335,-0.1578,,,,,,,77,4,0,0.25,-0.0068,-0.0001,0,0.0121,-0.012,-0.0014,-0.0022,-0.0049,-0.0011,0.0133,0.0026,-0.0008,0.0848
Dalano Banton,,2023,2019706,0.014848487,0.0835,0.0687,11357753,2019706,0.149,-0.1045,-0.6098,,,279,0.529,24.2,80,1,0,0.25,0.005,-0.0001,0.0048,0.0121,-0.012,-0.0396,0.0075,0.0274,0.0013,-0.0095,0.0026,-0.0008,0.0848
Paul Reed,,2023,7723000,0.056777998,0.0825,0.0257,11221732,7723000,0.7083,0.5298,0.2173,,,755,0.6232,16.4,81,2,0,0.25,0.0284,0.0002,-0.0014,0.0121,-0.012,-0.0201,0.0018,-0.0133,0.002,-0.0019,0.0026,-0.0008,0.0848
Lester Quinones,GSW,2023,548815,0.004035,0.0822,0.0782,11180926,548815,-0.8961,0.026,-1.4783,,,18,0.0488,29.4,77,0,0,0.25,-0.0387,0,0.0113,0.0121,-0.012,-0.0503,0.0369,0.0546,-0.0011,-0.0171,0.0026,-0.0008,0.0848
Delon Wright,MIA,2023,661628,0.004864,0.0822,0.0774,11180926,661628,0.6066,0.4765,0.8804,,,1221,0.6744,12.9,76,4,0,0.25,0.0242,0.0002,-0.0063,0.0121,-0.012,-0.001,-0.0014,-0.0315,-0.0019,0.0133,0.0026,-0.0008,0.0848
Gary Harris,,2023,13000000,0.095573478,0.0821,-0.0135,11167324,13000000,0.3863,-0.2941,0.12,,,1184,0.5622,12.6,76,4,0,0.25,0.0149,-0.0001,-0.0007,0.0121,-0.012,-0.0025,0.0055,-0.0331,-0.0019,0.0133,0.0026,-0.0008,0.0848
Tristan Thompson,CLE,2023,2019706,0.014848,0.0819,0.0671,11140119,2019706,-0.2465,,,,,,,,81,4,0,0.25,-0.0115,-0.0001,0,0.0121,-0.012,-0.0014,-0.0022,-0.0049,0.002,0.0133,0.0026,-0.0008,0.0848
Ben Simmons,BRK,2023,37893408,0.278585,0.0814,-0.1972,11072109,37893408,0.2902,0.0319,0.0513,,,1105,,14.3,82,4,0,0.25,0.0109,0,-0.0002,0.0121,-0.012,-0.0058,-0.0022,-0.0242,0.0028,0.0133,0.0026,-0.0008,0.0848
Rui Hachimura,,2023,15740741,0.115722874,0.0813,-0.0345,11058507,15740741,-0.5911,-1.0647,-0.4135,,,728,0.4756,23,80,3,0,0.25,-0.0259,-0.0005,0.0033,0.0121,-0.012,-0.0212,0.0108,0.0212,0.0013,0.0057,0.0026,-0.0008,0.0848
Jalen Smith,,2023,5043773,0.03708084,0.0811,0.0441,11031303,5043773,-0.6193,-0.4364,-0.6061,,,1279,0.561,21,80,2,0,0.25,-0.0271,-0.0002,0.0047,0.0121,-0.012,0.0014,0.0056,0.0107,0.0013,-0.0019,0.0026,-0.0008,0.0848
Kyle Kuzma,,2023,25568182,0.187972313,0.0808,-0.1072,10990496,25568182,-0.2521,-0.3712,,,,,,,80,4,0,0.25,-0.0117,-0.0002,0,0.0121,-0.012,-0.0014,-0.0022,-0.0049,0.0013,0.0133,0.0026,-0.0008,0.0848
Jonathan Isaac,,2023,17400000,0.127921424,0.0802,-0.0477,10908884,17400000,0.6236,0.6543,1.4828,,,124,,21.1,82,4,0,0.25,0.0249,0.0003,-0.0108,0.0121,-0.012,-0.046,-0.0022,0.0113,0.0028,0.0133,0.0026,-0.0008,0.0848
Daniel Gafford,,2023,12402000,0.091177098,0.0796,-0.0116,10827271,12402000,-0.0035,-0.0867,0.1157,,,1604,0.7951,15.2,82,3,0,0.25,-0.0014,-0.0001,-0.0006,0.0121,-0.012,0.0147,-0.0087,-0.0195,0.0028,0.0057,0.0026,-0.0008,0.0848
Kris Dunn,,2023,2586665,0.019016659,0.0789,0.0599,10732056,2586665,-0.4781,0.4646,0.5907,,,568,0.1951,20.2,75,4,0,0.25,-0.0212,0.0002,-0.0042,0.0121,-0.012,-0.0278,0.028,0.0066,-0.0027,0.0133,0.0026,-0.0008,0.0848
Montrezl Harrell,PHI,2023,2019706,0.014848,0.0771,0.0622,10487219,2019706,-0.3255,-0.1282,,,,,,,79,4,0,0.25,-0.0148,-0.0001,0,0.0121,-0.012,-0.0014,-0.0022,-0.0049,0.0005,0.0133,0.0026,-0.0008,0.0848
Dorian Finney-Smith,,2023,13932008,0.10242542,0.077,-0.0255,10473617,13932008,0.4089,0.3875,-0.6293,,,721,0.5976,13.9,79,4,0,0.25,0.0159,0.0002,0.0049,0.0121,-0.012,-0.0215,0.0033,-0.0263,0.0005,0.0133,0.0026,-0.0008,0.0848
P.J. Washington,,2023,16847826,0.123861948,0.0767,-0.0472,10432810,16847826,-0.1504,-0.3831,,,,,,,79,3,0,0.25,-0.0075,-0.0002,0,0.0121,-0.012,-0.0014,-0.0022,-0.0049,0.0005,0.0057,0.0026,-0.0008,0.0848
Duncan Robinson,,2023,18154000,0.133464686,0.0766,-0.0569,10419208,18154000,0.0869,-0.3593,-0.8076,,,691,0.7207,17.9,79,4,0,0.25,0.0024,-0.0002,0.0063,0.0121,-0.012,-0.0227,-0.0042,-0.0054,0.0005,0.0133,0.0026,-0.0008,0.0848
Garrison Mathews,,2023,2000000,0.014703612,0.0766,0.0619,10419208,2000000,0.0699,-0.5431,,,,,,,77,2,0,0.25,0.0017,-0.0003,0,0.0121,-0.012,-0.0014,-0.0022,-0.0049,-0.0011,-0.0019,0.0026,-0.0008,0.0848
Dean Wade,,2023,5709877,0.041977908,0.0763,0.0344,10378402,5709877,-0.1956,-0.3949,,,,,,,81,3,0,0.25,-0.0094,-0.0002,0,0.0121,-0.012,-0.0014,-0.0022,-0.0049,0.002,0.0057,0.0026,-0.0008,0.0848
Georges Niang,,2023,8800000,0.064695893,0.0762,0.0115,10364800,8800000,-0.1956,-1.041,-0.3194,,,1512,0.9293,17,78,4,0,0.25,-0.0094,-0.0005,0.0026,0.0121,-0.012,0.0109,-0.017,-0.0101,-0.0003,0.0133,0.0026,-0.0008,0.0848
Patrick Beverley,MIL,2023,2019706,0.014848,0.0762,0.0614,10364800,2019706,-0.2578,0.3698,,,,,,,74,4,0,0.25,-0.012,0.0002,0,0.0121,-0.012,-0.0014,-0.0022,-0.0049,-0.0034,0.0133,0.0026,-0.0008,0.0848
Chet Holmgren,,2023,10386000,0.076355857,0.0761,-0.0002,10351198,10386000,0.2676,,,,,,,,85,0,0,0.25,0.01,-0.0001,0,0.0121,-0.012,-0.0014,-0.0022,-0.0049,0.0052,-0.0171,0.0026,-0.0008,0.0848
Jonathan Kuminga,,2023,6012840,0.044205233,0.0761,0.0319,10351198,6012840,0.2055,-0.964,,,,,,,79,1,0,0.25,0.0074,-0.0005,0,0.0121,-0.012,-0.0014,-0.0022,-0.0049,0.0005,-0.0095,0.0026,-0.0008,0.0848
Marvin Bagley III,,2023,12500000,0.091897575,0.0752,-0.0167,10228779,12500000,-0.9018,-0.6439,-0.4199,,,990,0.4707,20.4,82,4,0,0.25,-0.0389,-0.0003,0.0034,0.0121,-0.012,-0.0105,0.0111,0.0076,0.0028,0.0133,0.0026,-0.0008,0.0848
Jarred Vanderbilt,,2023,4698000,0.034538784,0.0745,0.04,10133564,4698000,0.2055,-0.3653,0.4863,,,1254,0.7439,14.1,80,4,0,0.25,0.0074,-0.0002,-0.0034,0.0121,-0.012,0.0003,-0.0056,-0.0253,0.0013,0.0133,0.0026,-0.0008,0.0848
Ryan Rollins,,2023,1719864,0.012644106,0.0741,0.0615,10079156,1719864,-0.9639,-0.3297,-3.8713,,,62,0.1463,26.1,75,0,0,0.25,-0.0415,-0.0002,0.0291,0.0121,-0.012,-0.0485,0.031,0.0374,-0.0027,-0.0171,0.0026,-0.0008,0.0848
Justise Winslow,TOR,2023,116075,0.000853,0.0735,0.0727,9997543,116075,-0.0092,-0.7921,-0.356,,,776,0.3756,14.2,78,4,0,0.25,-0.0016,-0.0004,0.0029,0.0121,-0.012,-0.0193,0.0169,-0.0247,-0.0003,0.0133,0.0026,-0.0008,0.0848
Derrick Rose,MEM,2023,3196448,0.0235,0.0733,0.0498,9970339,3196448,-0.8905,-1.1359,-1.1908,,,338,0.3451,23.6,75,4,0,0.25,-0.0384,-0.0005,0.0091,0.0121,-0.012,-0.0372,0.0188,0.0243,-0.0027,0.0133,0.0026,-0.0008,0.0848
Santi Aldama,,2023,2194200,0.016131333,0.0718,0.0557,9766307,2194200,-0.1222,0.5298,0.1937,,,1682,0.7332,16,84,1,0,0.25,-0.0063,0.0002,-0.0012,0.0121,-0.012,0.0179,-0.005,-0.0153,0.0044,-0.0095,0.0026,-0.0008,0.0848
Nicolas Batum,,2023,11710818,0.086095662,0.0717,-0.0144,9752705,11710818,0.1434,0.2808,0.2225,,,1709,0.8549,11.5,79,4,0,0.25,0.0048,0.0001,-0.0014,0.0121,-0.012,0.019,-0.0124,-0.0388,0.0005,0.0133,0.0026,-0.0008,0.0848
Jalen Suggs,,2023,7252080,0.053315885,0.0716,0.0182,9739103,7252080,-0.2578,-0.5135,0.1809,,,1246,0.6235,20.3,77,1,0,0.25,-0.012,-0.0003,-0.0011,0.0121,-0.012,0,0.0018,0.0071,-0.0011,-0.0095,0.0026,-0.0008,0.0848
Javonte Green,,2023,127683,0.000938701,0.0716,0.0706,9739103,127683,0.8269,0.1445,0.5075,,,480,0.4939,13.6,77,3,0,0.25,0.0334,0.0001,-0.0036,0.0121,-0.012,-0.0314,0.0097,-0.0279,-0.0011,0.0057,0.0026,-0.0008,0.0848
Killian Hayes,,2023,7413955,0.054505959,0.0714,0.0169,9711899,7413955,-1.269,-1.4263,-0.6687,,,2154,0.7683,20.5,76,2,0,0.25,-0.0543,-0.0007,0.0052,0.0121,-0.012,0.0372,-0.0071,0.0081,-0.0019,-0.0019,0.0026,-0.0008,0.0848
Kevin Knox,UTA,2023,1845593,0.013568,0.0714,0.0578,9711899,1845593,,,-0.525,,,593,0.4207,16.2,80,4,0,0.25,-0.007,-0.0001,0.0041,0.0121,-0.012,-0.0268,0.0142,-0.0143,0.0013,0.0133,0.0026,-0.0008,0.0848
Moses Brown,POR,2023,2019706,0.014848,0.0702,0.0554,9548674,2019706,-0.4555,1.2174,0.0511,,,288,0.3634,21.5,86,3,0,0.25,-0.0203,0.0006,-0.0002,0.0121,-0.012,-0.0393,0.0177,0.0134,0.006,0.0057,0.0026,-0.0008,0.0848
KJ Martin,PHI,2023,1930681,0.014194,0.0701,0.0559,9535072,1930681,,-0.8928,0.0388,,,2292,1,16.4,78,0,0,0.25,-0.007,-0.0004,-0.0001,0.0121,-0.012,0.0429,-0.0213,-0.0133,-0.0003,-0.0171,0.0026,-0.0008,0.0848
Talen Horton-Tucker,UTA,2023,11020000,0.081017,0.0699,-0.0112,9507867,11020000,-0.2578,-0.3179,,,,,,,76,3,0,0.25,-0.012,-0.0002,0,0.0121,-0.012,-0.0014,-0.0022,-0.0049,-0.0019,0.0057,0.0026,-0.0008,0.0848
Aaron Nesmith,,2023,5634257,0.041421964,0.0698,0.0284,9494265,5634257,-0.5233,-0.3179,-0.374,,,1816,0.7476,16.8,77,2,0,0.25,-0.0231,-0.0002,0.003,0.0121,-0.012,0.0234,-0.0058,-0.0112,-0.0011,-0.0019,0.0026,-0.0008,0.0848
Cameron Payne,,2023,6500000,0.047786739,0.0697,0.0219,9480663,6500000,-0.4103,0.0022,,,,,,,74,4,0,0.25,-0.0184,0,0,0.0121,-0.012,-0.0014,-0.0022,-0.0049,-0.0034,0.0133,0.0026,-0.0008,0.0848
Drew Eubanks,,2023,2346614,0.017251851,0.0693,0.0521,9426255,2346614,-0.3877,0.1327,,,,,,,82,3,0,0.25,-0.0174,0.0001,0,0.0121,-0.012,-0.0014,-0.0022,-0.0049,0.0028,0.0057,0.0026,-0.0008,0.0848
Svi Mykhailiuk,,2023,2019706,0.014848487,0.0691,0.0543,9399051,2019706,-0.3312,-0.1104,0.2187,,,428,0.3939,19.5,79,4,0,0.25,-0.0151,-0.0001,-0.0014,0.0121,-0.012,-0.0335,0.0158,0.0029,0.0005,0.0133,0.0026,-0.0008,0.0848
Reggie Bullock,HOU,2023,2019706,0.014848,0.0683,0.0534,9290234,2019706,-0.4329,,-0.3635,,,2364,0.8829,10,78,4,0,0.25,-0.0193,-0.0001,0.0029,0.0121,-0.012,0.0458,-0.0141,-0.0466,-0.0003,0.0133,0.0026,-0.0008,0.0848
Taurean Prince,,2023,4516000,0.033200756,0.0681,0.0349,9263030,4516000,-0.5289,-1.3374,-0.3933,,,1192,0.6524,17.3,78,4,0,0.25,-0.0233,-0.0006,0.0032,0.0121,-0.012,-0.0022,0,-0.0086,-0.0003,0.0133,0.0026,-0.0008,0.0848
Luke Kennard,,2023,14763636,0.108539387,0.0681,-0.0405,9263030,14763636,0.262,-0.8988,0.027,,,725,0.6232,15,77,4,0,0.25,0.0097,-0.0004,0,0.0121,-0.012,-0.0213,0.0018,-0.0206,-0.0011,0.0133,0.0026,-0.0008,0.0848
Jalen Johnson,,2023,2925360,0.021506679,0.0681,0.0466,9263030,2925360,0.3298,0.2453,0.0886,,,1042,0.6341,16,80,1,0,0.25,0.0126,0.0001,-0.0004,0.0121,-0.012,-0.0083,0.0011,-0.0153,0.0013,-0.0095,0.0026,-0.0008,0.0848
Keldon Johnson,,2023,20000000,0.147036119,0.0679,-0.0791,9235825,20000000,-0.3425,-0.1637,,,,,,,78,3,0,0.25,-0.0155,-0.0001,0,0.0121,-0.012,-0.0014,-0.0022,-0.0049,-0.0003,0.0057,0.0026,-0.0008,0.0848
Pat Connaughton,,2023,9423869,0.069282456,0.0678,-0.0015,9222223,9423869,-0.0713,-0.4008,0.0699,,,1443,0.778,13.8,77,4,0,0.25,-0.0042,-0.0002,-0.0003,0.0121,-0.012,0.0081,-0.0077,-0.0268,-0.0011,0.0133,0.0026,-0.0008,0.0848
Collin Sexton,,2023,17325000,0.127370038,0.0677,-0.0597,9208621,17325000,-0.4668,-0.881,,,,,,,75,4,0,0.25,-0.0207,-0.0004,0,0.0121,-0.012,-0.0014,-0.0022,-0.0049,-0.0027,0.0133,0.0026,-0.0008,0.0848
Luka Garza,,2023,127683,0.000938701,0.0677,0.0668,9208621,127683,-0.5233,-0.0689,0.1568,,,243,0.3415,26.9,82,0,0,0.25,-0.0231,0,-0.0009,0.0121,-0.012,-0.0411,0.019,0.0415,0.0028,-0.0171,0.0026,-0.0008,0.0848
Jock Landale,,2023,8000000,0.058814448,0.0674,0.0085,9167815,8000000,-0.0939,0.4942,,,,,,,83,1,0,0.25,-0.0051,0.0002,0,0.0121,-0.012,-0.0014,-0.0022,-0.0049,0.0036,-0.0095,0.0026,-0.0008,0.0848
Tari Eason,,2023,3527160,0.025930996,0.0671,0.0412,9127009,3527160,-0.0657,0.02,0.2546,,,1767,1,19.3,80,0,0,0.25,-0.004,0,-0.0017,0.0121,-0.012,0.0214,-0.0213,0.0019,0.0013,-0.0171,0.0026,-0.0008,0.0848
Luguentz Dort,,2023,15277778,0.11231926,0.0669,-0.0455,9099804,15277778,-0.3368,0.3401,,,,,,,76,3,0,0.25,-0.0153,0.0001,0,0.0121,-0.012,-0.0014,-0.0022,-0.0049,-0.0019,0.0057,0.0026,-0.0008,0.0848
Mo Bamba,,2023,2019706,0.014848487,0.0664,0.0515,9031794,2019706,-0.0487,0.0497,0.0336,,,681,0.6159,16.3,84,4,0,0.25,-0.0032,0,0,0.0121,-0.012,-0.0231,0.0022,-0.0138,0.0044,0.0133,0.0026,-0.0008,0.0848
Thomas Bryant,,2023,2528233,0.018587078,0.0663,0.0477,9018192,2528233,-0.7154,0.103,0.3949,,,876,0.3732,18.2,81,4,0,0.25,-0.0311,0,-0.0027,0.0121,-0.012,-0.0152,0.0171,-0.0039,0.002,0.0133,0.0026,-0.0008,0.0848
Daniel Theis,IND,2023,6928876,0.05094,0.0661,0.0152,8990988,6928876,-0.5798,-0.0985,-0.7401,,,109,0.2402,20.1,80,4,0,0.25,-0.0254,-0.0001,0.0057,0.0121,-0.012,-0.0466,0.0252,0.006,0.0013,0.0133,0.0026,-0.0008,0.0848
Omer Yurtseven,UTA,2023,2800000,0.020585,0.0659,0.0453,8963783,2800000,-0.303,-0.1519,,,,,,,83,2,0,0.25,-0.0139,-0.0001,0,0.0121,-0.012,-0.0014,-0.0022,-0.0049,0.0036,-0.0019,0.0026,-0.0008,0.0848
Isaiah Stewart,,2023,5266713,0.038719852,0.0657,0.027,8936579,5266713,-0.4159,-0.2882,-0.6289,,,1414,0.7305,17.3,80,2,0,0.25,-0.0186,-0.0001,0.0049,0.0121,-0.012,0.0069,-0.0048,-0.0086,0.0013,-0.0019,0.0026,-0.0008,0.0848
Jaden Hardy,,2023,1719864,0.012644106,0.065,0.0524,8841365,1719864,0.1942,-0.6083,,,,,,,75,0,0,0.25,0.0069,-0.0003,0,0.0121,-0.012,-0.0014,-0.0022,-0.0049,-0.0027,-0.0171,0.0026,-0.0008,0.0848
Naz Reid,,2023,12950400,0.095208828,0.0645,-0.0307,8773354,12950400,-0.4781,-0.3771,,,,,,,81,3,0,0.25,-0.0212,-0.0002,0,0.0121,-0.012,-0.0014,-0.0022,-0.0049,0.002,0.0057,0.0026,-0.0008,0.0848
Aaron Holiday,,2023,2019706,0.014848487,0.0644,0.0496,8759752,2019706,0.3467,-0.3831,-0.5516,,,845,0.6951,13.4,72,4,0,0.25,0.0133,-0.0002,0.0043,0.0121,-0.012,-0.0164,-0.0026,-0.0289,-0.005,0.0133,0.0026,-0.0008,0.0848
Payton Pritchard,,2023,4037277,0.029681277,0.064,0.0344,8705344,4037277,0.0586,-0.8691,-0.8597,,,643,0.7134,19.8,73,2,0,0.25,0.0012,-0.0004,0.0066,0.0121,-0.012,-0.0247,-0.0037,0.0045,-0.0042,-0.0019,0.0026,-0.0008,0.0848
Yuta Watanabe,MEM,2023,2346614,0.017252,0.0638,0.0466,8678139,2346614,-0.4894,-0.875,,,,,,,81,3,0,0.25,-0.0217,-0.0004,0,0.0121,-0.012,-0.0014,-0.0022,-0.0049,0.002,0.0057,0.0026,-0.0008,0.0848
Keegan Murray,,2023,8409000,0.061821336,0.0636,0.0018,8650935,8409000,-0.382,0.2038,0.0991,,,2382,0.9756,15.8,80,0,0,0.25,-0.0172,0.0001,-0.0005,0.0121,-0.012,0.0466,-0.0198,-0.0164,0.0013,-0.0171,0.0026,-0.0008,0.0848
Isaac Okoro,,2023,8920795,0.065583954,0.0633,-0.0023,8610129,8920795,0.3919,0.0912,0.2043,,,1652,0.872,11.9,76,2,0,0.25,0.0152,0,-0.0013,0.0121,-0.012,0.0167,-0.0135,-0.0367,-0.0019,-0.0019,0.0026,-0.0008,0.0848
Shaquille Harrison,MEM,2023,116075,0.000853,0.0623,0.0614,8474108,116075,-0.1165,0.3698,1.6163,,,120,0.0793,17.6,76,4,0,0.25,-0.0061,0.0002,-0.0118,0.0121,-0.012,-0.0461,0.0351,-0.007,-0.0019,0.0133,0.0026,-0.0008,0.0848
Jose Alvarado,,2023,1836096,0.013498622,0.0615,0.048,8365291,1836096,-0.0261,0.269,,,,,,,72,1,0,0.25,-0.0023,0.0001,0,0.0121,-0.012,-0.0014,-0.0022,-0.0049,-0.005,-0.0095,0.0026,-0.0008,0.0848
Gabe Vincent,,2023,10500000,0.077193963,0.0613,-0.0158,8338087,10500000,-0.6871,-0.6676,-0.628,,,1759,0.7854,17.5,74,2,0,0.25,-0.0299,-0.0003,0.0049,0.0121,-0.012,0.021,-0.0082,-0.0075,-0.0034,-0.0019,0.0026,-0.0008,0.0848
Deni Avdija,,2023,6263188,0.046045743,0.0611,0.0151,8310883,6263188,-0.3594,-0.3119,,,,,,,80,2,0,0.25,-0.0162,-0.0002,0,0.0121,-0.012,-0.0014,-0.0022,-0.0049,0.0013,-0.0019,0.0026,-0.0008,0.0848
Nick Richards,,2023,5000000,0.03675903,0.061,0.0243,8297281,5000000,-0.4159,-0.4957,,,,,,,83,2,0,0.25,-0.0186,-0.0002,0,0.0121,-0.012,-0.0014,-0.0022,-0.0049,0.0036,-0.0019,0.0026,-0.0008,0.0848
Shake Milton,DET,2023,5000000,0.036759,0.0607,0.024,8256474,5000000,-0.6758,-0.4186,,,,,,,77,4,0,0.25,-0.0295,-0.0002,0,0.0121,-0.012,-0.0014,-0.0022,-0.0049,-0.0011,0.0133,0.0026,-0.0008,0.0848
Justin Champagnie,,2023,116075,0.000853361,0.0605,0.0597,8229270,116075,-0.6193,-0.2764,-1.5749,,,23,0.1799,22.8,78,1,0,0.25,-0.0271,-0.0001,0.012,0.0121,-0.012,-0.0501,0.0289,0.0201,-0.0003,-0.0095,0.0026,-0.0008,0.0848
A.J. Lawson,DAL,2023,1000000,0.007352,0.0605,0.0532,8229270,1000000,,,-0.55,,,106,0.1707,21.1,78,0,0,0.25,-0.007,-0.0001,0.0043,0.0121,-0.012,-0.0467,0.0295,0.0113,-0.0003,-0.0171,0.0026,-0.0008,0.0848
Landry Shamet,,2023,10250000,0.075356011,0.06,-0.0154,8161260,10250000,-0.4781,0.0556,0.0258,,,807,0.6451,18.9,77,4,0,0.25,-0.0212,0,0,0.0121,-0.012,-0.018,0.0004,-0.0002,-0.0011,0.0133,0.0026,-0.0008,0.0848
Danilo Gallinari,DET,2023,6802950,0.050014,0.0598,0.0098,8134055,6802950,-0.7945,,,,,,,,82,4,0,0.25,-0.0344,-0.0001,0,0.0121,-0.012,-0.0014,-0.0022,-0.0049,0.0028,0.0133,0.0026,-0.0008,0.0848
Patrick Williams,,2023,9835881,0.072311489,0.0597,-0.0126,8120453,9835881,-0.3481,-1.0707,,,,,,,78,2,0,0.25,-0.0158,-0.0005,0,0.0121,-0.012,-0.0014,-0.0022,-0.0049,-0.0003,-0.0019,0.0026,-0.0008,0.0848
De'Andre Hunter,,2023,20089286,0.147692533,0.0595,-0.0882,8093249,20089286,-0.5572,-0.6972,,,,,,,79,3,0,0.25,-0.0245,-0.0003,0,0.0121,-0.012,-0.0014,-0.0022,-0.0049,0.0005,0.0057,0.0026,-0.0008,0.0848
Jalen McDaniels,TOR,2023,4516000,0.033201,0.059,0.0258,8025239,4516000,0.0869,-0.2823,0.117,,,419,0.4622,16.1,81,3,0,0.25,0.0024,-0.0001,-0.0006,0.0121,-0.012,-0.0339,0.0116,-0.0148,0.002,0.0057,0.0026,-0.0008,0.0848
Danny Green,PHI,2023,200000,0.00147,0.0589,0.0574,8011636,200000,-0.3538,-0.4957,0.4279,,,95,0.4439,21.4,78,4,0,0.25,-0.016,-0.0002,-0.003,0.0121,-0.012,-0.0472,0.0128,0.0128,-0.0003,0.0133,0.0026,-0.0008,0.0848
Jaxson Hayes,,2023,2165000,0.01591666,0.0576,0.0417,7834809,2165000,0.0756,0.0082,-0.5222,,,610,0.689,15.7,84,3,0,0.25,0.002,0,0.0041,0.0121,-0.012,-0.0261,-0.0023,-0.0169,0.0044,0.0057,0.0026,-0.0008,0.0848
Bennedict Mathurin,,2023,6916080,0.050845678,0.0576,0.0068,7834809,6916080,-1.5176,-1.29,-0.4003,,,2222,0.9512,24.6,77,0,0,0.25,-0.0647,-0.0006,0.0032,0.0121,-0.012,0.04,-0.0183,0.0295,-0.0011,-0.0171,0.0026,-0.0008,0.0848
Doug McDermott,,2023,13750000,0.101087332,0.0572,-0.0439,7780401,13750000,-1.0826,-1.7168,-0.6566,,,1314,0.7378,19.2,79,4,0,0.25,-0.0465,-0.0008,0.0051,0.0121,-0.012,0.0028,-0.0052,0.0014,0.0005,0.0133,0.0026,-0.0008,0.0848
Reggie Jackson,DEN,2023,5000000,0.036759,0.0568,0.02,7725992,5000000,-1.2295,-0.14,-0.743,,,1338,0.7549,20.8,74,4,0,0.25,-0.0526,-0.0001,0.0058,0.0121,-0.012,0.0038,-0.0063,0.0097,-0.0034,0.0133,0.0026,-0.0008,0.0848
Jae'Sean Tate,,2023,6500000,0.047786739,0.0564,0.0086,7671584,6500000,-0.399,-0.1459,,,,,,,76,2,0,0.25,-0.0179,-0.0001,0,0.0121,-0.012,-0.0014,-0.0022,-0.0049,-0.0019,-0.0019,0.0026,-0.0008,0.0848
Corey Kispert,,2023,3722040,0.027363716,0.0563,0.0289,7657982,3722040,-0.2465,-1.207,,,,,,,78,1,0,0.25,-0.0115,-0.0006,0,0.0121,-0.012,-0.0014,-0.0022,-0.0049,-0.0003,-0.0095,0.0026,-0.0008,0.0848
Skylar Mays,POR,2023,1799163,0.013227,0.0561,0.0428,7630778,1799163,-0.1956,0.3342,0.3795,,,189,0.2195,19.3,76,2,0,0.25,-0.0094,0.0001,-0.0026,0.0121,-0.012,-0.0433,0.0265,0.0019,-0.0019,-0.0019,0.0026,-0.0008,0.0848
Seth Curry,,2023,4000000,0.029407224,0.0555,0.0261,7549165,4000000,-0.721,-0.9165,,,,,,,73,4,0,0.25,-0.0314,-0.0004,0,0.0121,-0.012,-0.0014,-0.0022,-0.0049,-0.0042,0.0133,0.0026,-0.0008,0.0848
Bismack Biyombo,,2023,5000000,0.03675903,0.0553,0.0186,7521961,5000000,-0.1391,0.1801,-0.3492,,,874,0.6646,14,80,4,0,0.25,-0.007,0.0001,0.0028,0.0121,-0.012,-0.0152,-0.0008,-0.0258,0.0013,0.0133,0.0026,-0.0008,0.0848
Goga Bitadze,,2023,2066585,0.015193132,0.0553,0.0401,7521961,2066585,0.149,0.7076,0.3087,,,255,0.3963,15.3,83,3,0,0.25,0.005,0.0003,-0.0021,0.0121,-0.012,-0.0406,0.0157,-0.019,0.0036,0.0057,0.0026,-0.0008,0.0848
Oshae Brissett,BOS,2023,2165000,0.015917,0.0551,0.0392,7494757,2165000,-0.3707,-0.2349,-0.3801,,,1083,0.6927,16.1,79,3,0,0.25,-0.0167,-0.0001,0.0031,0.0121,-0.012,-0.0067,-0.0025,-0.0148,0.0005,0.0057,0.0026,-0.0008,0.0848
Joe Ingles,,2023,11000000,0.080869866,0.0549,-0.026,7467552,11000000,-0.1109,-0.5372,0.2375,,,1044,0.6085,12.6,80,4,0,0.25,-0.0058,-0.0003,-0.0015,0.0121,-0.012,-0.0083,0.0027,-0.0331,0.0013,0.0133,0.0026,-0.0008,0.0848
Josh Green,,2023,4765339,0.035033848,0.0538,0.0188,7317929,4765339,-0.3651,-0.466,0.0347,,,1539,0.7061,14.6,78,2,0,0.25,-0.0165,-0.0002,0,0.0121,-0.012,0.012,-0.0033,-0.0226,-0.0003,-0.0019,0.0026,-0.0008,0.0848
Naji Marshall,,2023,1930681,0.014193992,0.0534,0.0392,7263521,1930681,-0.5063,-0.4364,,,,,,,78,2,0,0.25,-0.0224,-0.0002,0,0.0121,-0.012,-0.0014,-0.0022,-0.0049,-0.0003,-0.0019,0.0026,-0.0008,0.0848
Lindy Waters III,,2023,766095,0.005632182,0.053,0.0474,7209113,766095,0.3128,0.0674,0.2273,,,531,0.4268,15.5,77,1,0,0.25,0.0119,0,-0.0015,0.0121,-0.012,-0.0293,0.0138,-0.018,-0.0011,-0.0095,0.0026,-0.0008,0.0848
Jordan Goodwin,,2023,1927896,0.014173517,0.053,0.0389,7209113,1927896,-0.286,0.4172,,,,,,,75,1,0,0.25,-0.0132,0.0002,0,0.0121,-0.012,-0.0014,-0.0022,-0.0049,-0.0027,-0.0095,0.0026,-0.0008,0.0848
Wenyen Gabriel,MEM,2023,116075,0.000853,0.0519,0.0511,7059489,116075,-0.5798,-0.0452,-0.3141,,,1024,0.5354,14.1,81,4,0,0.25,-0.0254,0,0.0026,0.0121,-0.012,-0.0091,0.0072,-0.0253,0.002,0.0133,0.0026,-0.0008,0.0848
Day'Ron Sharpe,,2023,2210040,0.016247785,0.0516,0.0353,7018683,2210040,-0.3142,-0.2289,-0.7194,,,552,0.5122,19,82,1,0,0.25,-0.0143,-0.0001,0.0056,0.0121,-0.012,-0.0284,0.0086,0.0003,0.0028,-0.0095,0.0026,-0.0008,0.0848
Charles Bassey,,2023,2600000,0.019114696,0.0514,0.0323,6991479,2600000,-0.4555,0.346,,,,,,,82,1,0,0.25,-0.0203,0.0002,0,0.0121,-0.012,-0.0014,-0.0022,-0.0049,0.0028,-0.0095,0.0026,-0.0008,0.0848
Shaedon Sharpe,,2023,6313800,0.046417833,0.0514,0.0049,6991479,6313800,-0.5402,-1.6338,-0.6521,,,1779,0.9756,19,77,0,0,0.25,-0.0238,-0.0008,0.0051,0.0121,-0.012,0.0219,-0.0198,0.0003,-0.0011,-0.0171,0.0026,-0.0008,0.0848
Aaron Wiggins,,2023,1836096,0.013498622,0.0513,0.0378,6977877,1836096,-0.3594,-0.1637,,,,,,,77,1,0,0.25,-0.0162,-0.0001,0,0.0121,-0.012,-0.0014,-0.0022,-0.0049,-0.0011,-0.0095,0.0026,-0.0008,0.0848
Isaiah Jackson,,2023,2696280,0.019822527,0.0511,0.0313,6950673,2696280,-0.4216,0.1089,,,,,,,80,1,0,0.25,-0.0188,0,0,0.0121,-0.012,-0.0014,-0.0022,-0.0049,0.0013,-0.0095,0.0026,-0.0008,0.0848
Jae Crowder,MIL,2023,2019706,0.014848,0.051,0.0362,6937071,2019706,0.3411,-0.1934,0.5311,,,340,0.5012,13.2,78,4,0,0.25,0.0131,-0.0001,-0.0037,0.0121,-0.012,-0.0371,0.0092,-0.03,-0.0003,0.0133,0.0026,-0.0008,0.0848
Devonte' Graham,SAS,2023,12100000,0.088957,0.051,-0.0379,6937071,12100000,-0.7832,0.1919,-0.6157,,,527,0.5341,20.2,73,4,0,0.25,-0.034,0.0001,0.0048,0.0121,-0.012,-0.0295,0.0072,0.0066,-0.0042,0.0133,0.0026,-0.0008,0.0848
Maxi Kleber,,2023,11000000,0.080869866,0.051,-0.0298,6937071,11000000,-0.0431,-1.1003,-0.5532,,,930,0.5634,10.3,82,4,0,0.25,-0.003,-0.0005,0.0044,0.0121,-0.012,-0.0129,0.0054,-0.0451,0.0028,0.0133,0.0026,-0.0008,0.0848
Dylan Windler,NYK,2023,2019706,0.014848,0.0507,0.0358,6896264,2019706,0.0699,-0.2704,1.4533,,,10,0.2768,17.9,79,3,0,0.25,0.0017,-0.0001,-0.0106,0.0121,-0.012,-0.0507,0.023,-0.0054,0.0005,0.0057,0.0026,-0.0008,0.0848
Evan Fournier,DET,2023,18857143,0.138634,0.0501,-0.0885,6814652,18857143,-0.6419,-0.5135,-0.7442,,,459,0.5207,18.4,78,4,0,0.25,-0.028,-0.0003,0.0058,0.0121,-0.012,-0.0322,0.0081,-0.0028,-0.0003,0.0133,0.0026,-0.0008,0.0848
Jalen Duren,,2023,4330680,0.031838319,0.0501,0.0183,6814652,4330680,-0.2973,-0.2645,,,,,,,82,0,0,0.25,-0.0136,-0.0001,0,0.0121,-0.012,-0.0014,-0.0022,-0.0049,0.0028,-0.0171,0.0026,-0.0008,0.0848
Jalen Green,,2023,9891480,0.072720242,0.0497,-0.023,6760243,9891480,-0.3651,-1.207,,,,,,,76,1,0,0.25,-0.0165,-0.0006,0,0.0121,-0.012,-0.0014,-0.0022,-0.0049,-0.0019,-0.0095,0.0026,-0.0008,0.0848
Eric Gordon,,2023,3196448,0.023499665,0.0495,0.026,6733039,3196448,-0.512,-0.7861,0.1661,,,547,0.4085,17,75,4,0,0.25,-0.0226,-0.0004,-0.001,0.0121,-0.012,-0.0286,0.0149,-0.0101,-0.0027,0.0133,0.0026,-0.0008,0.0848
Jeremiah Robinson-Earl,,2023,1900000,0.013968431,0.0487,0.0348,6624222,1900000,-0.495,-0.1045,,,,,,,81,1,0,0.25,-0.0219,-0.0001,0,0.0121,-0.012,-0.0014,-0.0022,-0.0049,0.002,-0.0095,0.0026,-0.0008,0.0848
Paolo Banchero,,2023,11608080,0.085340352,0.0483,-0.037,6569814,11608080,-0.3425,-0.0807,,,,,,,82,0,0,0.25,-0.0155,0,0,0.0121,-0.012,-0.0014,-0.0022,-0.0049,0.0028,-0.0171,0.0026,-0.0008,0.0848
Sam Hauser,,2023,1927896,0.014173517,0.0469,0.0328,6379384,1927896,-0.0544,0.1208,0.3358,,,1290,0.7287,14.7,79,1,0,0.25,-0.0035,0,-0.0023,0.0121,-0.012,0.0018,-0.0047,-0.0221,0.0005,-0.0095,0.0026,-0.0008,0.0848
Torrey Craig,CHI,2023,2528233,0.018587,0.0468,0.0282,6365782,2528233,-1.0091,-0.3653,,,,,,,77,4,0,0.25,-0.0434,-0.0002,0,0.0121,-0.012,-0.0014,-0.0022,-0.0049,-0.0011,0.0133,0.0026,-0.0008,0.0848
Eugene Omoruyi,WAS,2023,900000,0.006617,0.0465,0.0399,6324976,900000,-0.4555,-0.2289,-0.3248,,,272,0.1936,18.8,78,1,0,0.25,-0.0203,-0.0001,0.0026,0.0121,-0.012,-0.0399,0.0281,-0.0007,-0.0003,-0.0095,0.0026,-0.0008,0.0848
Dewayne Dedmon,DET,2023,2748674,0.020208,0.0463,0.0261,6297772,2748674,-1.1391,0.0319,-0.7665,,,350,0.4671,21.2,82,4,0,0.25,-0.0488,0,0.0059,0.0121,-0.012,-0.0367,0.0113,0.0118,0.0028,0.0133,0.0026,-0.0008,0.0848
John Konchar,,2023,2400000,0.017644334,0.0459,0.0282,6243363,2400000,0.0699,,0.4572,,,1494,0.8073,10.4,77,3,0,0.25,0.0017,-0.0001,-0.0032,0.0121,-0.012,0.0102,-0.0095,-0.0446,-0.0011,0.0057,0.0026,-0.0008,0.0848
Malik Beasley,MIL,2023,2019706,0.014848,0.0456,0.0307,6202557,2019706,-1.0091,-1.2959,,,,,,,76,4,0,0.25,-0.0434,-0.0006,0,0.0121,-0.012,-0.0014,-0.0022,-0.0049,-0.0019,0.0133,0.0026,-0.0008,0.0848
Rudy Gay,OKC,2023,6479000,0.047632,0.0447,-0.0029,6080138,6479000,-0.7662,-0.9047,-0.5018,,,816,0.6963,17.7,80,4,0,0.25,-0.0332,-0.0004,0.004,0.0121,-0.012,-0.0176,-0.0027,-0.0065,0.0013,0.0133,0.0026,-0.0008,0.0848
Precious Achiuwa,,2023,4379527,0.032197433,0.0445,0.0123,6052934,4379527,-0.8792,-0.7743,-0.6187,,,1140,0.7512,19.4,80,2,0,0.25,-0.038,-0.0004,0.0048,0.0121,-0.012,-0.0043,-0.0061,0.0024,0.0013,-0.0019,0.0026,-0.0008,0.0848
Keon Johnson,,2023,2808720,0.020649164,0.0443,0.0236,6025730,2808720,-1.2521,-0.8869,-1.2399,,,416,0.4055,25,77,1,0,0.25,-0.0536,-0.0004,0.0095,0.0121,-0.012,-0.034,0.0151,0.0316,-0.0011,-0.0095,0.0026,-0.0008,0.0848
Richaun Holmes,WAS,2023,12046020,0.08856,0.0442,-0.0444,6012128,12046020,-0.1335,-1.2722,-1.1299,,,348,0.5695,13.7,81,4,0,0.25,-0.0068,-0.0006,0.0087,0.0121,-0.012,-0.0368,0.0051,-0.0273,0.002,0.0133,0.0026,-0.0008,0.0848
Gary Payton II,,2023,8715000,0.064070989,0.0437,-0.0204,5944117,8715000,0.601,0.0319,0.4074,,,255,0.3756,9.3,74,4,0,0.25,0.0239,0,-0.0028,0.0121,-0.012,-0.0406,0.0169,-0.0503,-0.0034,0.0133,0.0026,-0.0008,0.0848
Matisse Thybulle,,2023,10500000,0.077193963,0.0427,-0.0345,5808096,10500000,0.2959,-0.0926,0.2287,,,609,0.5341,11.4,77,3,0,0.25,0.0112,-0.0001,-0.0015,0.0121,-0.012,-0.0261,0.0072,-0.0393,-0.0011,0.0057,0.0026,-0.0008,0.0848
Nickeil Alexander-Walker,,2023,4687500,0.03446159,0.0421,0.0076,5726484,4687500,-0.5459,-0.7861,0.1598,,,528,0.5146,18.4,77,3,0,0.25,-0.024,-0.0004,-0.001,0.0121,-0.012,-0.0294,0.0084,-0.0028,-0.0011,0.0057,0.0026,-0.0008,0.0848
Jack White,MEM,2023,62130,0.000457,0.0416,0.0411,5658473,62130,-0.4442,-0.3653,,,,,,,79,0,0,0.25,-0.0198,-0.0002,0,0.0121,-0.012,-0.0014,-0.0022,-0.0049,0.0005,-0.0171,0.0026,-0.0008,0.0848
Jaden Springer,BOS,2023,2226240,0.016367,0.0405,0.0241,5508850,2226240,-0.512,-0.5135,0.8495,,,89,0.1311,20.8,76,1,0,0.25,-0.0226,-0.0003,-0.0061,0.0121,-0.012,-0.0474,0.0319,0.0097,-0.0019,-0.0095,0.0026,-0.0008,0.0848
Ty Jerome,,2023,2439025,0.017931239,0.0397,0.0217,5400033,2439025,-0.9978,-0.3653,,,,,,,77,3,0,0.25,-0.0429,-0.0002,0,0.0121,-0.012,-0.0014,-0.0022,-0.0049,-0.0011,0.0057,0.0026,-0.0008,0.0848
Malcolm Hill,NOP,2023,116075,0.000853,0.0397,0.0389,5400033,116075,-0.4724,,,,,,,,78,0,0,0.25,-0.021,-0.0001,0,0.0121,-0.012,-0.0014,-0.0022,-0.0049,-0.0003,-0.0171,0.0026,-0.0008,0.0848
Furkan Korkmaz,IND,2023,5370370,0.039482,0.0394,-0.0001,5359227,5370370,-0.7832,-1.3018,-0.8231,,,353,0.6049,19.1,79,4,0,0.25,-0.034,-0.0006,0.0064,0.0121,-0.012,-0.0366,0.0029,0.0008,0.0005,0.0133,0.0026,-0.0008,0.0848
Stanley Umude,DET,2023,538460,0.003959,0.0384,0.0345,5223206,538460,-0.947,0.1623,11.8364,,,2,0.0122,40,78,0,0,0.25,-0.0408,0.0001,-0.0881,0.0121,-0.012,-0.051,0.0392,0.1099,-0.0003,-0.0171,0.0026,-0.0008,0.0848
Haywood Highsmith,,2023,1902137,0.013984142,0.0379,0.0239,5155195,1902137,-0.1335,-0.8454,-0.5784,,,969,0.4985,12.5,77,1,0,0.25,-0.0068,-0.0004,0.0045,0.0121,-0.012,-0.0113,0.0094,-0.0336,-0.0011,-0.0095,0.0026,-0.0008,0.0848
AJ Griffin,ATL,2023,3712920,0.027297,0.0377,0.0104,5127991,3712920,-0.4046,-0.7684,0.0565,,,1401,0.878,17.9,78,0,0,0.25,-0.0181,-0.0004,-0.0002,0.0121,-0.012,0.0064,-0.0138,-0.0054,-0.0003,-0.0171,0.0026,-0.0008,0.0848
JaVale McGee,,2023,2348324,0.017264422,0.0373,0.0201,5073583,2348324,-1.4215,-0.3653,-0.9659,,,355,0.6073,22.8,84,4,0,0.25,-0.0606,-0.0002,0.0074,0.0121,-0.012,-0.0365,0.0027,0.0201,0.0044,0.0133,0.0026,-0.0008,0.0848
Ricky Rubio,,2023,3695311,0.027167209,0.0371,0.0099,5046379,3695311,-0.8735,0.186,-0.3289,,,566,0.4915,17.7,74,4,0,0.25,-0.0377,0.0001,0.0027,0.0121,-0.012,-0.0279,0.0098,-0.0065,-0.0034,0.0133,0.0026,-0.0008,0.0848
Mark Williams,,2023,3908160,0.028732034,0.0369,0.0082,5019174,3908160,-0.3933,-0.0689,0.1216,,,828,0.5244,17,85,0,0,0.25,-0.0177,0,-0.0007,0.0121,-0.012,-0.0171,0.0078,-0.0101,0.0052,-0.0171,0.0026,-0.0008,0.0848
Frank Ntilikina,CHO,2023,2019706,0.014848,0.0369,0.0221,5019174,2019706,-0.3142,-0.8217,-0.7446,,,607,0.5793,13.1,76,4,0,0.25,-0.0143,-0.0004,0.0058,0.0121,-0.012,-0.0262,0.0045,-0.0305,-0.0019,0.0133,0.0026,-0.0008,0.0848
Alex Len,SAC,2023,2019706,0.014848,0.0367,0.0219,4991970,2019706,-0.399,-0.1697,-0.9229,,,161,0.4402,14.1,84,4,0,0.25,-0.0179,-0.0001,0.0071,0.0121,-0.012,-0.0445,0.013,-0.0253,0.0044,0.0133,0.0026,-0.0008,0.0848
Tre Mann,,2023,3191400,0.023462554,0.0363,0.0129,4937562,3191400,-0.9922,-1.047,-0.7401,,,1183,0.7851,20.7,76,1,0,0.25,-0.0427,-0.0005,0.0057,0.0121,-0.012,-0.0026,-0.0081,0.0092,-0.0019,-0.0095,0.0026,-0.0008,0.0848
Ish Wainright,POR,2023,1927896,0.014174,0.0363,0.0221,4937562,1927896,0.2676,-0.2526,0.0624,,,915,0.6631,12.2,77,1,0,0.25,0.01,-0.0001,-0.0002,0.0121,-0.012,-0.0136,-0.0007,-0.0352,-0.0011,-0.0095,0.0026,-0.0008,0.0848
Jaylen Nowell,DET,2023,116075,0.000853,0.0361,0.0353,4910358,116075,-1.06,-0.7565,,,,,,,76,3,0,0.25,-0.0455,-0.0004,0,0.0121,-0.012,-0.0014,-0.0022,-0.0049,-0.0019,0.0057,0.0026,-0.0008,0.0848
Usman Garuba,GSW,2023,11608,8.50E-05,0.0358,0.0357,4869551,11608,0.2846,-0.5964,-0.5229,,,970,0.6814,10.5,80,1,0,0.25,0.0107,-0.0003,0.0041,0.0121,-0.012,-0.0113,-0.0018,-0.044,0.0013,-0.0095,0.0026,-0.0008,0.0848
Sam Merrill,,2023,1997238,0.014683306,0.0357,0.021,4855949,1997238,-0.3368,-0.2052,0.9489,,,59,0.1256,17.3,76,2,0,0.25,-0.0153,-0.0001,-0.0069,0.0121,-0.012,-0.0486,0.0322,-0.0086,-0.0019,-0.0019,0.0026,-0.0008,0.0848
Sandro Mamukelashvili,,2023,2019706,0.014848487,0.0345,0.0196,4692724,2019706,-0.9809,-0.0689,-0.6152,,,443,0.3323,20.1,81,1,0,0.25,-0.0422,0,0.0048,0.0121,-0.012,-0.0329,0.0196,0.006,0.002,-0.0095,0.0026,-0.0008,0.0848
Patty Mills,ATL,2023,6802950,0.050014,0.0343,-0.0157,4665520,6802950,-0.9865,-1.2366,-1.0423,,,567,0.7061,19.7,74,4,0,0.25,-0.0425,-0.0006,0.008,0.0121,-0.012,-0.0278,-0.0033,0.004,-0.0034,0.0133,0.0026,-0.0008,0.0848
Jared Butler,WAS,2023,1250000,0.00919,0.0332,0.024,4515897,1250000,-0.7493,-0.4779,,,,,,,75,1,0,0.25,-0.0325,-0.0002,0,0.0121,-0.012,-0.0014,-0.0022,-0.0049,-0.0027,-0.0095,0.0026,-0.0008,0.0848
Josh Minott,,2023,1719864,0.012644106,0.0326,0.0199,4434284,1719864,-0.3368,-0.2586,0.5898,,,96,0.1829,18.9,80,0,0,0.25,-0.0153,-0.0001,-0.0042,0.0121,-0.012,-0.0471,0.0287,-0.0002,0.0013,-0.0171,0.0026,-0.0008,0.0848
Zeke Nnaji,,2023,4306281,0.031658942,0.0325,0.0008,4420682,4306281,-0.5289,-1.4678,-0.6384,,,728,0.5756,15.2,82,2,0,0.25,-0.0233,-0.0007,0.005,0.0121,-0.012,-0.0212,0.0047,-0.0195,0.0028,-0.0019,0.0026,-0.0008,0.0848
Vince Williams Jr.,,2023,2232308,0.016411495,0.0321,0.0157,4366274,2232308,-0.5176,-0.4245,-1.2947,,,105,0.1829,18.1,76,0,0,0.25,-0.0228,-0.0002,0.0099,0.0121,-0.012,-0.0468,0.0287,-0.0044,-0.0019,-0.0171,0.0026,-0.0008,0.0848
Ayo Dosunmu,,2023,6481482,0.047650598,0.0315,-0.0162,4284661,6481482,-0.8058,-0.9165,,,,,,,76,1,0,0.25,-0.0349,-0.0004,0,0.0121,-0.012,-0.0014,-0.0022,-0.0049,-0.0019,-0.0095,0.0026,-0.0008,0.0848
P.J. Tucker,LAC,2023,11014500,0.080976,0.0294,-0.0516,3999017,11014500,-0.6363,-1.124,-0.6198,,,1920,0.7951,6.5,77,4,0,0.25,-0.0278,-0.0005,0.0049,0.0121,-0.012,0.0276,-0.0087,-0.0649,-0.0011,0.0133,0.0026,-0.0008,0.0848
Nassir Little,,2023,6250000,0.045948787,0.0285,-0.0174,3876598,6250000,-1.0656,-0.9699,-0.7617,,,976,0.6,16,78,3,0,0.25,-0.0458,-0.0005,0.0059,0.0121,-0.012,-0.0111,0.0032,-0.0153,-0.0003,0.0057,0.0026,-0.0008,0.0848
Jeremy Sochan,,2023,5316960,0.039089258,0.0276,-0.0115,3754179,5316960,-1.3651,-0.4305,-0.5015,,,1458,0.6829,19.8,80,0,0,0.25,-0.0583,-0.0002,0.004,0.0121,-0.012,0.0087,-0.0019,0.0045,0.0013,-0.0171,0.0026,-0.0008,0.0848
Isaiah Livers,WAS,2023,1836096,0.013499,0.0275,0.0141,3740577,1836096,-0.5515,-1.4263,-0.4988,,,1199,0.4832,11.9,78,1,0,0.25,-0.0243,-0.0007,0.0039,0.0121,-0.012,-0.0019,0.0103,-0.0367,-0.0003,-0.0095,0.0026,-0.0008,0.0848
Moses Moody,,2023,3918480,0.028807905,0.0274,-0.0014,3726975,3918480,-0.1504,-0.8276,-0.4329,,,817,0.718,14.6,77,1,0,0.25,-0.0075,-0.0004,0.0035,0.0121,-0.012,-0.0176,-0.004,-0.0226,-0.0011,-0.0095,0.0026,-0.0008,0.0848
Jordan McLaughlin,,2023,2320000,0.01705619,0.0271,0.0101,3686169,2320000,0.1999,-0.306,0.0504,,,678,0.6134,11.7,71,2,0,0.25,0.0072,-0.0002,-0.0002,0.0121,-0.012,-0.0233,0.0024,-0.0378,-0.0058,-0.0019,0.0026,-0.0008,0.0848
Dalen Terry,CHI,2023,3350760,0.024634,0.0264,0.0018,3590954,3350760,-0.1617,-0.0155,0.2046,,,214,0.4634,18.4,78,0,0,0.25,-0.008,0,-0.0013,0.0121,-0.012,-0.0423,0.0116,-0.0028,-0.0003,-0.0171,0.0026,-0.0008,0.0848
E.J. Liddell,,2023,1801769,0.013246256,0.026,0.0128,3536546,1801769,-0.8001,,,,,,,,78,0,0,0.25,-0.0347,-0.0001,0,0.0121,-0.012,-0.0014,-0.0022,-0.0049,-0.0003,-0.0171,0.0026,-0.0008,0.0848
T.J. Warren,MIN,2023,220543,0.001621,0.0255,0.0239,3468535,220543,-0.3086,-0.8928,0.1186,,,197,,16,80,4,0,0.25,-0.0141,-0.0004,-0.0007,0.0121,-0.012,-0.043,-0.0022,-0.0153,0.0013,0.0133,0.0026,-0.0008,0.0848
Khem Birch,SAS,2023,6985000,0.051352,0.0252,-0.0262,3427729,6985000,-0.2408,-0.964,-1.0505,,,162,0.4402,11.1,80,4,0,0.25,-0.0113,-0.0005,0.0081,0.0121,-0.012,-0.0444,0.013,-0.0409,0.0013,0.0133,0.0026,-0.0008,0.0848
Aleksej Pokusevski,CHO,2023,565176,0.004155,0.0244,0.0203,3318912,565176,-1.1617,-0.306,-0.5102,,,701,0.5402,18.3,84,2,0,0.25,-0.0498,-0.0002,0.004,0.0121,-0.012,-0.0223,0.0069,-0.0033,0.0044,-0.0019,0.0026,-0.0008,0.0848
Trendon Watford,,2023,2019706,0.014848487,0.0235,0.0086,3196493,2019706,-0.8623,-0.6794,-0.3103,,,1182,0.6921,16.1,80,1,0,0.25,-0.0373,-0.0003,0.0025,0.0121,-0.012,-0.0026,-0.0024,-0.0148,0.0013,-0.0095,0.0026,-0.0008,0.0848
Miles McBride,,2023,1836096,0.013498622,0.0234,0.0099,3182891,1836096,-0.2126,0.1919,-0.4272,,,760,0.6707,14.6,74,1,0,0.25,-0.0101,0.0001,0.0034,0.0121,-0.012,-0.0199,-0.0011,-0.0226,-0.0034,-0.0095,0.0026,-0.0008,0.0848
Taj Gibson,DET,2023,348225,0.00256,0.0233,0.0208,3169289,348225,-0.8566,-0.6972,-0.7451,,,480,0.5988,15.3,81,4,0,0.25,-0.037,-0.0003,0.0058,0.0121,-0.012,-0.0314,0.0033,-0.019,0.002,0.0133,0.0026,-0.0008,0.0848
Josh Christopher,MEM,2023,2485200,0.018271,0.0217,0.0034,2951655,2485200,-1.0374,-1.5034,-0.7376,,,786,0.8262,21.9,76,1,0,0.25,-0.0446,-0.0007,0.0057,0.0121,-0.012,-0.0188,-0.0106,0.0154,-0.0019,-0.0095,0.0026,-0.0008,0.0848
Kessler Edwards,SAC,2023,1927896,0.014174,0.0211,0.0069,2870043,1927896,-0.6476,-0.2112,-1.7477,,,79,0.3262,16.2,80,1,0,0.25,-0.0283,-0.0001,0.0133,0.0121,-0.012,-0.0478,0.02,-0.0143,0.0013,-0.0095,0.0026,-0.0008,0.0848
Thaddeus Young,BRK,2023,8000000,0.058814,0.021,-0.0378,2856441,8000000,-0.834,-0.7684,0.1229,,,795,0.5902,13.5,80,4,0,0.25,-0.0361,-0.0004,-0.0007,0.0121,-0.012,-0.0185,0.0038,-0.0284,0.0013,0.0133,0.0026,-0.0008,0.0848
Kai Jones,CHO,2023,3047880,0.022407,0.0209,-0.0015,2842838,3047880,-0.3481,-1.0707,-0.8336,,,550,0.4466,12.4,83,1,0,0.25,-0.0158,-0.0005,0.0064,0.0121,-0.012,-0.0285,0.0126,-0.0341,0.0036,-0.0095,0.0026,-0.0008,0.0848
Peyton Watson,,2023,2303520,0.016935032,0.0207,0.0037,2815634,2303520,-0.6702,-0.8098,-0.8613,,,186,0.2805,17.7,80,0,0,0.25,-0.0292,-0.0004,0.0067,0.0121,-0.012,-0.0434,0.0228,-0.0065,0.0013,-0.0171,0.0026,-0.0008,0.0848
Nerlens Noel,SAC,2023,300000,0.002206,0.0201,0.0179,2734022,300000,-0.5402,-0.2823,-0.4081,,,152,0.3329,11.9,82,4,0,0.25,-0.0238,-0.0001,0.0033,0.0121,-0.012,-0.0448,0.0195,-0.0367,0.0028,0.0133,0.0026,-0.0008,0.0848
Davion Mitchell,,2023,5063640,0.037226899,0.0201,-0.0172,2734022,5063640,-0.4781,-0.2349,-0.59,,,1447,0.9527,14.1,72,1,0,0.25,-0.0212,-0.0001,0.0046,0.0121,-0.012,0.0083,-0.0184,-0.0253,-0.005,-0.0095,0.0026,-0.0008,0.0848
Patrick Baldwin Jr.,,2023,2337720,0.017186464,0.0199,0.0027,2706817,2337720,-1.269,-0.2112,-0.6648,,,226,0.378,22.8,84,0,0,0.25,-0.0543,-0.0001,0.0052,0.0121,-0.012,-0.0418,0.0168,0.0201,0.0044,-0.0171,0.0026,-0.0008,0.0848
Andrew Nembhard,,2023,2131905,0.015673352,0.0194,0.0038,2638807,2131905,-1.2464,-1.1181,-0.3153,,,2073,0.9146,16.1,76,0,0,0.25,-0.0533,-0.0005,0.0026,0.0121,-0.012,0.0339,-0.0161,-0.0148,-0.0019,-0.0171,0.0026,-0.0008,0.0848
A.J. Green,,2023,1901769,0.013981437,0.0193,0.0053,2625205,1901769,-0.9244,,,,,,,,76,0,0,0.25,-0.0399,-0.0001,0,0.0121,-0.012,-0.0014,-0.0022,-0.0049,-0.0019,-0.0171,0.0026,-0.0008,0.0848
Ziaire Williams,,2023,4810200,0.035363657,0.017,-0.0184,2312357,4810200,-0.9583,-1.9065,-0.9957,,,561,0.5655,18,81,1,0,0.25,-0.0413,-0.0009,0.0077,0.0121,-0.012,-0.0281,0.0053,-0.0049,0.002,-0.0095,0.0026,-0.0008,0.0848
Malaki Branham,,2023,3071880,0.022583866,0.0164,-0.0062,2230744,3071880,-1.4103,-1.7523,-0.7376,,,1550,0.8049,19.1,76,0,0,0.25,-0.0602,-0.0008,0.0057,0.0121,-0.012,0.0125,-0.0093,0.0008,-0.0019,-0.0171,0.0026,-0.0008,0.0848
Markieff Morris,DAL,2023,2019706,0.014848,0.0154,0.0005,2094723,2019706,-1.1447,-0.6617,-0.3237,,,285,0.3756,15.6,81,4,0,0.25,-0.0491,-0.0003,0.0026,0.0121,-0.012,-0.0394,0.0169,-0.0174,0.002,0.0133,0.0026,-0.0008,0.0848
Ish Smith,CHO,2023,2019706,0.014848,0.0152,0.0004,2067519,2019706,-1.6588,-1.8472,-1.7837,,,398,0.472,19.3,72,4,0,0.25,-0.0706,-0.0009,0.0135,0.0121,-0.012,-0.0347,0.011,0.0019,-0.005,0.0133,0.0026,-0.0008,0.0848
Lamar Stevens,MEM,2023,2019706,0.014848,0.0149,0,2026712,2019706,-0.851,-0.958,-0.3983,,,1120,0.7061,13.6,79,2,0,0.25,-0.0368,-0.0005,0.0032,0.0121,-0.012,-0.0052,-0.0033,-0.0279,0.0005,-0.0019,0.0026,-0.0008,0.0848
Ryan Arcidiacono,DET,2023,2019706,0.014848,0.0128,-0.0021,1741068,2019706,-0.9639,-0.2823,-1.8853,,,146,0.1988,11.3,75,4,0,0.25,-0.0415,-0.0001,0.0143,0.0121,-0.012,-0.0451,0.0278,-0.0399,-0.0027,0.0133,0.0026,-0.0008,0.0848
Matt Ryan,NOP,2023,1500000,0.011028,0.0117,0.0006,1591445,1500000,-0.8227,-0.7387,-0.3039,,,181,0.1723,15.6,78,1,0,0.25,-0.0356,-0.0004,0.0025,0.0121,-0.012,-0.0436,0.0294,-0.0174,-0.0003,-0.0095,0.0026,-0.0008,0.0848
Ochai Agbaji,,2023,4114200,0.0302468,0.0114,-0.0189,1550639,4114200,-0.8735,-1.1062,-0.3944,,,1209,0.7195,15.8,77,0,0,0.25,-0.0377,-0.0005,0.0032,0.0121,-0.012,-0.0015,-0.0041,-0.0164,-0.0011,-0.0171,0.0026,-0.0008,0.0848
James Johnson,IND,2023,2241188,0.016477,0.0114,-0.0051,1550639,2241188,-1.1165,-0.3534,-0.5422,,,162,0.3902,15.7,79,4,0,0.25,-0.0479,-0.0002,0.0043,0.0121,-0.012,-0.0444,0.016,-0.0169,0.0005,0.0133,0.0026,-0.0008,0.0848
Ousmane Dieng,,2023,4798440,0.0352772,0.0105,-0.0248,1428220,4798440,-0.7323,-0.3534,-0.469,,,569,0.4756,15.9,81,0,0,0.25,-0.0318,-0.0002,0.0037,0.0121,-0.012,-0.0277,0.0108,-0.0159,0.002,-0.0171,0.0026,-0.0008,0.0848
Jabari Smith Jr.,,2023,9326520,0.068566765,0.01,-0.0586,1360210,9326520,-1.2634,-1.4382,,,,,,,83,0,0,0.25,-0.054,-0.0007,0,0.0121,-0.012,-0.0014,-0.0022,-0.0049,0.0036,-0.0171,0.0026,-0.0008,0.0848
Orlando Robinson,MIA,2023,1801769,0.013246,0.0096,-0.0037,1305801,1801769,-0.3312,0.2927,-0.3851,,,425,0.378,12.4,82,0,0,0.25,-0.0151,0.0001,0.0031,0.0121,-0.012,-0.0336,0.0168,-0.0341,0.0028,-0.0171,0.0026,-0.0008,0.0848
Dyson Daniels,,2023,5784120,0.042523728,0.0086,-0.0339,1169780,5784120,-0.3255,-0.7802,-0.5764,,,1042,0.7195,11.6,79,0,0,0.25,-0.0148,-0.0004,0.0045,0.0121,-0.012,-0.0083,-0.0041,-0.0383,0.0005,-0.0171,0.0026,-0.0008,0.0848
Isaiah Todd,MEM,2023,1836096,0.013499,0.0084,-0.0051,1142576,1836096,-1.3086,-0.2941,-2.3165,,,61,0.1006,15.6,81,1,0,0.25,-0.0559,-0.0001,0.0175,0.0121,-0.012,-0.0486,0.0338,-0.0174,0.002,-0.0095,0.0026,-0.0008,0.0848
Jeff Dowtin,PHI,2023,2196970,0.016152,0.0074,-0.0088,1006555,2196970,-1.1899,,,,,,,,75,0,0,0.25,-0.051,-0.0001,0,0.0121,-0.012,-0.0014,-0.0022,-0.0049,-0.0027,-0.0171,0.0026,-0.0008,0.0848
Terry Taylor,CHI,2023,2019706,0.014848,0.0068,-0.008,924942,2019706,-0.6645,-0.7091,-1.0382,,,228,0.3491,14.2,77,1,0,0.25,-0.029,-0.0003,0.008,0.0121,-0.012,-0.0417,0.0186,-0.0247,-0.0011,-0.0095,0.0026,-0.0008,0.0848
Wesley Matthews,ATL,2023,2019706,0.014848,0.0057,-0.0092,775319,2019706,-0.7154,-0.8573,-0.3164,,,820,0.6378,9.8,77,4,0,0.25,-0.0311,-0.0004,0.0026,0.0121,-0.012,-0.0174,0.0009,-0.0477,-0.0011,0.0133,0.0026,-0.0008,0.0848
James Bouknight,CHO,2023,4570080,0.033598,0.0055,-0.0281,748115,4570080,-1.5515,-1.7286,-1.1403,,,515,0.4009,19.5,76,1,0,0.25,-0.0661,-0.0008,0.0087,0.0121,-0.012,-0.03,0.0154,0.0029,-0.0019,-0.0095,0.0026,-0.0008,0.0848
James Wiseman,,2023,12119440,0.089099771,0.0049,-0.0842,666502,12119440,-1.817,-0.8217,-1.0644,,,605,,21.7,83,2,0,0.25,-0.0772,-0.0004,0.0082,0.0121,-0.012,-0.0263,-0.0022,0.0144,0.0036,-0.0019,0.0026,-0.0008,0.0848
Malachi Flynn,DET,2023,3873025,0.028474,0.0047,-0.0238,639298,3873025,-1.3255,-0.6735,-1.1256,,,691,0.5988,17.4,73,2,0,0.25,-0.0566,-0.0003,0.0086,0.0121,-0.012,-0.0227,0.0033,-0.008,-0.0042,-0.0019,0.0026,-0.0008,0.0848
Darius Bazley,PHI,2023,116075,0.000853,0.004,0.0032,544084,116075,-1.2012,-0.1756,-0.444,,,555,0.6061,15.7,81,3,0,0.25,-0.0514,-0.0001,0.0035,0.0121,-0.012,-0.0283,0.0028,-0.0169,0.002,0.0057,0.0026,-0.0008,0.0848
Neemias Queta,,2023,250000,0.001837951,0.0039,0.002,530481,250000,-1.0995,-0.0748,-0.7274,,,29,0.061,16.1,84,0,0,0.25,-0.0472,0,0.0057,0.0121,-0.012,-0.0499,0.0362,-0.0148,0.0044,-0.0171,0.0026,-0.0008,0.0848
Johnny Davis,WAS,2023,5050800,0.037133,0.0037,-0.0335,503277,5050800,-1.5232,-0.9106,-1.0273,,,423,0.3415,20.5,76,0,0,0.25,-0.0649,-0.0004,0.0079,0.0121,-0.012,-0.0337,0.019,0.0081,-0.0019,-0.0171,0.0026,-0.0008,0.0848
Justin Holiday,DEN,2023,2019706,0.014848,0.003,-0.0119,408063,2019706,-1.2182,-1.4619,-1.0937,,,411,0.5256,14,78,4,0,0.25,-0.0521,-0.0007,0.0084,0.0121,-0.012,-0.0342,0.0078,-0.0258,-0.0003,0.0133,0.0026,-0.0008,0.0848
Blake Wesley,,2023,2504640,0.018413627,0.0026,-0.0158,353654,2504640,-1.4554,-2.4637,-1.5494,,,669,0.4512,18.5,76,0,0,0.25,-0.0621,-0.0012,0.0118,0.0121,-0.012,-0.0236,0.0123,-0.0023,-0.0019,-0.0171,0.0026,-0.0008,0.0848
Jaylin Williams,,2023,2000000,0.014703612,0.0012,-0.0135,163225,2000000,-0.8397,0.2927,-0.5679,,,914,0.5976,13.5,81,0,0,0.25,-0.0363,0.0001,0.0045,0.0121,-0.012,-0.0136,0.0033,-0.0284,0.002,-0.0171,0.0026,-0.0008,0.0848
Jordan Nwora,TOR,2023,3000000,0.022055,0.0011,-0.021,149623,3000000,-1.495,-1.0232,-0.7028,,,597,0.5317,17.6,80,2,0,0.25,-0.0637,-0.0005,0.0055,0.0121,-0.012,-0.0266,0.0074,-0.007,0.0013,-0.0019,0.0026,-0.0008,0.0848
R.J. Hampton,WAS,2023,116075,0.000853,0.0006,-0.0002,81612,116075,-1.3764,-1.2603,-0.6832,,,389,0.4256,17.6,76,2,0,0.25,-0.0588,-0.0006,0.0053,0.0121,-0.012,-0.0351,0.0139,-0.007,-0.0019,-0.0019,0.0026,-0.0008,0.0848
MarJon Beauchamp,MIL,2023,2609400,0.019184,-0.0003,-0.0195,-40806,2609400,-1.2069,-1.4856,-0.8563,,,701,0.6341,18.3,79,0,0,0.25,-0.0517,-0.0007,0.0066,0.0121,-0.012,-0.0223,0.0011,-0.0033,0.0005,-0.0171,0.0026,-0.0008,0.0848
Anthony Gill,,2023,1997238,0.014683306,-0.0005,-0.0152,-68010,1997238,-0.7719,-0.466,-0.499,,,624,0.5841,12.3,79,2,0,0.25,-0.0335,-0.0002,0.004,0.0121,-0.012,-0.0255,0.0042,-0.0346,0.0005,-0.0019,0.0026,-0.0008,0.0848
Joshua Primo,LAC,2023,1764341,0.012971,-0.0005,-0.0135,-68010,1764341,-1.3707,-0.1459,-1.2872,,,93,0.2591,18.2,76,1,0,0.25,-0.0585,-0.0001,0.0098,0.0121,-0.012,-0.0473,0.0241,-0.0039,-0.0019,-0.0095,0.0026,-0.0008,0.0848
Christian Braun,,2023,2949120,0.021681358,-0.0006,-0.0223,-81612,2949120,-0.5063,-1.1774,-0.4417,,,1181,0.9268,13,78,0,0,0.25,-0.0224,-0.0006,0.0035,0.0121,-0.012,-0.0027,-0.0168,-0.031,-0.0003,-0.0171,0.0026,-0.0008,0.0848
Robin Lopez,SAC,2023,2019706,0.014848,-0.001,-0.0159,-136021,2019706,-1.6419,-1.9302,-1.4169,,,299,0.5305,16.1,85,4,0,0.25,-0.0699,-0.0009,0.0108,0.0121,-0.012,-0.0388,0.0075,-0.0148,0.0052,0.0133,0.0026,-0.0008,0.0848
DeAndre Jordan,,2023,2019706,0.014848487,-0.0014,-0.0163,-190429,2019706,-1.5684,-1.207,-0.9166,,,586,0.4939,13.7,83,4,0,0.25,-0.0668,-0.0006,0.0071,0.0121,-0.012,-0.027,0.0097,-0.0273,0.0036,0.0133,0.0026,-0.0008,0.0848
Kennedy Chandler,MEM,2023,1719864,0.012644,-0.0015,-0.0141,-204031,1719864,-0.6702,-0.6794,-0.8288,,,281,0.439,15.8,72,0,0,0.25,-0.0292,-0.0003,0.0064,0.0121,-0.012,-0.0395,0.0131,-0.0164,-0.005,-0.0171,0.0026,-0.0008,0.0848
Dru Smith,,2023,1801769,0.013246256,-0.0019,-0.0151,-258439,1801769,-0.8566,-0.0511,0.6105,,,91,0.122,16.7,74,0,0,0.25,-0.037,0,-0.0043,0.0121,-0.012,-0.0473,0.0325,-0.0117,-0.0034,-0.0171,0.0026,-0.0008,0.0848
David Roddy,PHO,2023,2718240,0.019984,-0.0026,-0.0226,-353654,2718240,-1.2295,-1.2485,-0.7274,,,1258,0.8537,16.7,77,0,0,0.25,-0.0526,-0.0006,0.0057,0.0121,-0.012,0.0005,-0.0123,-0.0117,-0.0011,-0.0171,0.0026,-0.0008,0.0848
Thanasis Antetokounmpo,,2023,2019706,0.014848487,-0.0047,-0.0196,-639298,2019706,-1.0939,-1.3789,-1.6581,,,206,0.5402,13.8,79,3,0,0.25,-0.0469,-0.0007,0.0126,0.0121,-0.012,-0.0426,0.0069,-0.0268,0.0005,0.0057,0.0026,-0.0008,0.0848
Justin Jackson,MIN,2023,116075,0.000853,-0.0062,-0.0071,-843330,116075,-1.382,-0.5075,-1.119,,,107,0.2427,12.2,80,4,0,0.25,-0.059,-0.0002,0.0086,0.0121,-0.012,-0.0467,0.0251,-0.0352,0.0013,0.0133,0.0026,-0.0008,0.0848
Jake LaRavia,,2023,3199920,0.023525191,-0.0066,-0.0301,-897738,3199920,-0.5628,-2.0132,-0.9327,,,414,0.4268,11.7,79,0,0,0.25,-0.0247,-0.001,0.0072,0.0121,-0.012,-0.0341,0.0138,-0.0378,0.0005,-0.0171,0.0026,-0.0008,0.0848
Amir Coffey,,2023,3666667,0.026956624,-0.0094,-0.0364,-1278597,3666667,-1.1221,-1.7108,-1.1603,,,625,0.6646,13.5,79,2,0,0.25,-0.0481,-0.0008,0.0089,0.0121,-0.012,-0.0254,-0.0008,-0.0284,0.0005,-0.0019,0.0026,-0.0008,0.0848
Julian Champagnie,,2023,3000000,0.022055418,-0.0101,-0.0322,-1373812,3000000,-1.0317,-0.6083,-1.1588,,,7,0.0244,12.8,79,0,0,0.25,-0.0443,-0.0003,0.0089,0.0121,-0.012,-0.0508,0.0384,-0.032,0.0005,-0.0171,0.0026,-0.0008,0.0848
Xavier Cooks,WAS,2023,1719864,0.012644,-0.0103,-0.023,-1401016,1719864,-0.9413,,0.1327,,,126,0.122,13.9,80,0,0,0.25,-0.0406,-0.0001,-0.0008,0.0121,-0.012,-0.0459,0.0325,-0.0263,0.0013,-0.0171,0.0026,-0.0008,0.0848
Jeff Green,,2023,9600000,0.070577337,-0.0104,-0.081,-1414618,9600000,-2.2012,-1.1714,-0.8433,,,1091,0.7817,17,80,4,0,0.25,-0.0932,-0.0006,0.0065,0.0121,-0.012,-0.0063,-0.0079,-0.0101,0.0013,0.0133,0.0026,-0.0008,0.0848
Christian Koloko,,2023,1719864,0.012644106,-0.0109,-0.0236,-1482628,1719864,-0.495,0.2334,-0.4854,,,802,0.7073,10.4,83,0,0,0.25,-0.0219,0.0001,0.0038,0.0121,-0.012,-0.0182,-0.0034,-0.0446,0.0036,-0.0171,0.0026,-0.0008,0.0848
Simone Fontecchio,,2023,3044872,0.022385308,-0.0128,-0.0352,-1741068,3044872,-1.8622,-1.6456,-1.1763,,,766,0.6341,20.2,79,0,0,0.25,-0.0791,-0.0008,0.009,0.0121,-0.012,-0.0197,0.0011,0.0066,0.0005,-0.0171,0.0026,-0.0008,0.0848
Kobi Simmons,TOR,2023,116075,0.000853,-0.015,-0.0159,-2040315,116075,-0.9639,-0.1459,-1.1906,,,28,0.061,11.8,77,0,0,0.25,-0.0415,-0.0001,0.0091,0.0121,-0.012,-0.0499,0.0362,-0.0373,-0.0011,-0.0171,0.0026,-0.0008,0.0848
Jericho Sims,,2023,1927896,0.014173517,-0.0154,-0.0296,-2094723,1927896,-0.5854,-0.9284,-0.5795,,,812,0.5838,7.4,82,1,0,0.25,-0.0257,-0.0004,0.0046,0.0121,-0.012,-0.0178,0.0042,-0.0602,0.0028,-0.0095,0.0026,-0.0008,0.0848
Keon Ellis,,2023,683430,0.005024445,-0.0177,-0.0227,-2407571,683430,-0.5741,-0.1222,0.5978,,,71,0.1951,12.1,76,0,0,0.25,-0.0252,-0.0001,-0.0042,0.0121,-0.012,-0.0482,0.028,-0.0357,-0.0019,-0.0171,0.0026,-0.0008,0.0848
JT Thor,CHO,2023,1836096,0.013499,-0.0182,-0.0317,-2475582,1836096,-1.4328,-1.7938,-1.0314,,,969,0.6768,13.1,81,1,0,0.25,-0.0611,-0.0008,0.0079,0.0121,-0.012,-0.0113,-0.0015,-0.0305,0.002,-0.0095,0.0026,-0.0008,0.0848
Kendall Brown,IND,2023,1100000,0.008087,-0.021,-0.0291,-2856441,1100000,-0.6589,-0.4008,0.4026,,,40,0.0732,10.4,78,0,0,0.25,-0.0288,-0.0002,-0.0028,0.0121,-0.012,-0.0494,0.0354,-0.0446,-0.0003,-0.0171,0.0026,-0.0008,0.0848
Dominick Barlow,,2023,455620,0.00334963,-0.0221,-0.0254,-3006064,455620,-0.9752,-0.9462,-0.4974,,,408,0.3415,11.3,81,0,0,0.25,-0.042,-0.0005,0.0039,0.0121,-0.012,-0.0343,0.019,-0.0399,0.002,-0.0171,0.0026,-0.0008,0.0848
Caleb Houstan,,2023,2000000,0.014703612,-0.0226,-0.0373,-3074074,2000000,-0.9865,-1.3908,-0.9125,,,812,0.622,11,80,0,0,0.25,-0.0425,-0.0007,0.007,0.0121,-0.012,-0.0178,0.0019,-0.0414,0.0013,-0.0171,0.0026,-0.0008,0.0848
Mamadi Diakite,,2023,252525,0.001856515,-0.0233,-0.0252,-3169289,252525,-2.0204,-0.8276,-1.2281,,,176,0.2317,16,81,2,0,0.25,-0.0857,-0.0004,0.0094,0.0121,-0.012,-0.0439,0.0257,-0.0153,0.002,-0.0019,0.0026,-0.0008,0.0848
Max Christie,,2023,1719864,0.012644106,-0.0254,-0.0381,-3454933,1719864,-0.8001,-1.2485,-0.8638,,,512,0.5,10.4,77,0,0,0.25,-0.0347,-0.0006,0.0067,0.0121,-0.012,-0.0301,0.0093,-0.0446,-0.0011,-0.0171,0.0026,-0.0008,0.0848
Bryce McGowens,CHO,2023,1719864,0.012644,-0.0302,-0.0428,-4107834,1719864,-1.7153,-1.6575,-1.0505,,,787,0.561,15,78,0,0,0.25,-0.0729,-0.0008,0.0081,0.0121,-0.012,-0.0188,0.0056,-0.0206,-0.0003,-0.0171,0.0026,-0.0008,0.0848
Trent Forrest,ATL,2023,533945,0.003925,-0.0302,-0.0341,-4107834,533945,-1.495,-1.5389,-1.1226,,,277,0.3125,11.6,76,2,0,0.25,-0.0637,-0.0007,0.0086,0.0121,-0.012,-0.0397,0.0208,-0.0383,-0.0019,-0.0019,0.0026,-0.0008,0.0848
Jabari Walker,,2023,1719864,0.012644106,-0.0325,-0.0452,-4420682,1719864,-1.7605,-1.2011,-1.1701,,,619,0.6829,17.3,79,0,0,0.25,-0.0748,-0.0006,0.009,0.0121,-0.012,-0.0257,-0.0019,-0.0086,0.0005,-0.0171,0.0026,-0.0008,0.0848
Juan Toscano-Anderson,SAC,2023,323506,0.002378,-0.0327,-0.0351,-4447886,323506,-1.269,-1.4204,-0.8279,,,365,0.5793,10.4,78,3,0,0.25,-0.0543,-0.0007,0.0064,0.0121,-0.012,-0.0361,0.0045,-0.0446,-0.0003,0.0057,0.0026,-0.0008,0.0848
Garrett Temple,,2023,2019706,0.014848487,-0.0498,-0.0647,-6773845,2019706,-1.9752,-0.5372,0.0759,,,162,0.5049,13.4,77,4,0,0.25,-0.0838,-0.0003,-0.0003,0.0121,-0.012,-0.0444,0.009,-0.0289,-0.0011,0.0133,0.0026,-0.0008,0.0848
Joel Embiid,,2022,33616770,0.271859367,0.3702,0.0983,45777081,33616770,3.7431,3.537,2.2171,,,2297,0.7429,37.2,84,3,0,0.25,0.1553,0.0016,-0.0163,0.0121,-0.012,0.0431,-0.0055,0.0953,0.0044,0.0057,0.0026,-0.0008,0.0848
Giannis Antetokounmpo,,2022,42492492,0.343637475,0.3662,0.0225,45282461,42492492,4.2376,4.3877,2.8323,,,2204,0.8067,34.9,83,3,0,0.25,0.176,0.002,-0.0209,0.0121,-0.012,0.0393,-0.0095,0.0833,0.0036,0.0057,0.0026,-0.0008,0.0848
LeBron James,,2022,44474988,0.359669953,0.3255,-0.0342,40249702,44474988,3.3521,2.2834,1.4435,,,2084,0.6922,32.3,81,3,0,0.25,0.139,0.0011,-0.0106,0.0121,-0.012,0.0344,-0.0024,0.0697,0.002,0.0057,0.0026,-0.0008,0.0848
Jayson Tatum,,2022,30351780,0.245455339,0.3249,0.0794,40175509,30351780,3.1337,2.9166,2.0976,,,2731,0.8809,32.1,80,3,0,0.25,0.1298,0.0014,-0.0154,0.0121,-0.012,0.0609,-0.014,0.0687,0.0013,0.0057,0.0026,-0.0008,0.0848
Stephen Curry,,2022,48070014,0.388742987,0.3004,-0.0884,37145962,48070014,2.9037,3.0062,1.7256,,,2211,0.6346,30.8,74,3,0,0.25,0.1202,0.0014,-0.0127,0.0121,-0.012,0.0396,0.0011,0.0619,-0.0034,0.0057,0.0026,-0.0008,0.0848
Kevin Durant,,2022,44119845,0.356797905,0.2994,-0.0574,37022307,44119845,2.9612,2.1107,2.0091,,,2047,,31.2,83,3,0,0.25,0.1226,0.001,-0.0148,0.0121,-0.012,0.0328,-0.0022,0.064,0.0036,0.0057,0.0026,-0.0008,0.0848
Karl-Anthony Towns,MIN,2022,33833400,0.273611,0.2882,0.0146,35637371,33833400,2.6047,2.2131,1.2444,,,2476,0.7314,27.8,84,3,0,0.25,0.1077,0.001,-0.0091,0.0121,-0.012,0.0504,-0.0048,0.0462,0.0044,0.0057,0.0026,-0.0008,0.0848
Paul George,,2022,42492492,0.343637475,0.275,-0.0687,34005125,42492492,2.6737,1.8101,1.1345,,,1077,0.5199,33.7,80,3,0,0.25,0.1106,0.0008,-0.0082,0.0121,-0.012,-0.0069,0.0081,0.077,0.0013,0.0057,0.0026,-0.0008,0.0848
Devin Booker,,2022,33833400,0.273611257,0.2747,0.0011,33968028,33833400,2.3,2.0468,1.8152,,,2345,0.8542,32,77,3,0,0.25,0.095,0.0009,-0.0133,0.0121,-0.012,0.0451,-0.0124,0.0681,-0.0011,0.0057,0.0026,-0.0008,0.0848
Donovan Mitchell,,2022,30913750,0.25,0.2725,0.0225,33695987,30913750,2.1792,1.6055,1.7811,,,2266,0.7941,32.9,74,3,0,0.25,0.0899,0.0007,-0.0131,0.0121,-0.012,0.0418,-0.0087,0.0728,-0.0034,0.0057,0.0026,-0.0008,0.0848
Trae Young,,2022,37096500,0.3,0.2708,-0.0292,33485774,37096500,1.587,2.4177,1.3594,,,2652,0.8606,34.4,74,3,0,0.25,0.0652,0.0011,-0.0099,0.0121,-0.012,0.0577,-0.0128,0.0807,-0.0034,0.0057,0.0026,-0.0008,0.0848
Jaylen Brown,,2022,28741071,0.23242951,0.2687,0.0363,33226098,28741071,2.2827,0.8955,1.4803,,,2220,0.773,30.5,78,3,0,0.25,0.0942,0.0004,-0.0108,0.0121,-0.012,0.0399,-0.0074,0.0603,-0.0003,0.0057,0.0026,-0.0008,0.0848
James Harden,,2022,33000000,0.266871538,0.2486,-0.0183,30740633,33000000,2.2885,1.759,0.8772,,,1627,0.5889,28.3,77,3,0,0.25,0.0945,0.0008,-0.0063,0.0121,-0.012,0.0156,0.0039,0.0488,-0.0011,0.0057,0.0026,-0.0008,0.0848
Damian Lillard,,2022,42492492,0.343637475,0.245,-0.0987,30295475,42492492,2.5932,1.4136,0.1618,,,1056,0.6053,29.3,74,3,0,0.25,0.1072,0.0006,-0.001,0.0121,-0.012,-0.0078,0.0029,0.054,-0.0034,0.0057,0.0026,-0.0008,0.0848
Jimmy Butler,,2022,37653300,0.304502851,0.2422,-0.0623,29949241,37653300,2.4782,2.7439,2.4669,,,1931,0.6989,26.5,78,3,0,0.25,0.1024,0.0013,-0.0182,0.0121,-0.012,0.0281,-0.0029,0.0394,-0.0003,0.0057,0.0026,-0.0008,0.0848
Pascal Siakam,,2022,35448672,0.286673988,0.2402,-0.0465,29701931,35448672,1.748,1.4264,1.1276,,,2578,0.7862,25.8,80,3,0,0.25,0.0719,0.0007,-0.0082,0.0121,-0.012,0.0546,-0.0082,0.0358,0.0013,0.0057,0.0026,-0.0008,0.0848
Kyrie Irving,,2022,38917057,0.314722874,0.2348,-0.0799,29034194,38917057,2.3,1.3816,1.5713,,,1091,0.4299,29.4,74,3,0,0.25,0.095,0.0006,-0.0115,0.0121,-0.012,-0.0063,0.0136,0.0546,-0.0034,0.0057,0.0026,-0.0008,0.0848
Ja Morant,,2022,12119440,0.098010109,0.2327,0.1347,28774518,12119440,1.5295,1.7398,1.1927,,,1889,0.7642,33.7,74,2,0,0.25,0.0627,0.0008,-0.0087,0.0121,-0.012,0.0264,-0.0069,0.077,-0.0034,-0.0019,0.0026,-0.0008,0.0848
Brandon Ingram,,2022,31650600,0.255958918,0.2308,-0.0252,28539574,31650600,1.656,0.6589,0.8321,,,1869,0.7308,29.3,80,3,0,0.25,0.068,0.0003,-0.006,0.0121,-0.012,0.0256,-0.0048,0.054,0.0013,0.0057,0.0026,-0.0008,0.0848
Jrue Holiday,,2022,33665040,0.272249727,0.2199,-0.0523,27191734,33665040,2.0987,2.0596,1.7201,,,2208,0.7938,23.5,76,3,0,0.25,0.0865,0.001,-0.0126,0.0121,-0.012,0.0394,-0.0087,0.0238,-0.0019,0.0057,0.0026,-0.0008,0.0848
Shai Gilgeous-Alexander,,2022,30913750,0.25,0.2188,-0.0312,27055714,30913750,1.0178,1.2921,0.6905,,,1942,0.664,30.8,78,3,0,0.25,0.0414,0.0006,-0.0049,0.0121,-0.012,0.0285,-0.0007,0.0619,-0.0003,0.0057,0.0026,-0.0008,0.0848
Chris Paul,,2022,28400000,0.229671263,0.2148,-0.0149,26561094,28400000,2.7772,2.5457,2.3535,,,2139,0.8469,19.7,72,3,0,0.25,0.1149,0.0012,-0.0173,0.0121,-0.012,0.0366,-0.0119,0.004,-0.005,0.0057,0.0026,-0.0008,0.0848
Khris Middleton,,2022,37948276,0.306888326,0.2129,-0.094,26326149,37948276,1.4893,1.2601,1.1373,,,2141,0.8234,26.7,79,3,0,0.25,0.0611,0.0006,-0.0083,0.0121,-0.012,0.0367,-0.0105,0.0405,0.0005,0.0057,0.0026,-0.0008,0.0848
Dejounte Murray,,2022,16571120,0.134010917,0.2127,0.0787,26301418,16571120,1.3743,2.2834,1.76,,,2366,0.8431,27.3,76,3,0,0.25,0.0563,0.0011,-0.0129,0.0121,-0.012,0.0459,-0.0117,0.0436,-0.0019,0.0057,0.0026,-0.0008,0.0848
DeMar DeRozan,,2022,27300000,0.220775545,0.2125,-0.0083,26276687,27300000,0.3508,0.9531,1.1414,,,2743,0.8755,31.8,78,3,0,0.25,0.0135,0.0004,-0.0083,0.0121,-0.012,0.0614,-0.0137,0.0671,-0.0003,0.0057,0.0026,-0.0008,0.0848
LaMelo Ball,,2022,8623920,0.069741782,0.2113,0.1415,26128301,8623920,1.2708,0.7164,0.8087,,,2422,0.8049,28.2,79,1,0,0.25,0.0519,0.0003,-0.0058,0.0121,-0.012,0.0482,-0.0093,0.0483,0.0005,-0.0095,0.0026,-0.0008,0.0848
Fred VanVleet,,2022,21250000,0.171849096,0.2107,0.0389,26054108,21250000,1.4778,1.6566,1.0343,,,2462,0.7366,23.7,72,3,0,0.25,0.0606,0.0008,-0.0075,0.0121,-0.012,0.0499,-0.0052,0.0248,-0.005,0.0057,0.0026,-0.0008,0.0848
Bam Adebayo,,2022,30351780,0.245455339,0.2103,-0.0351,26004646,30351780,1.8745,1.8869,1.3608,,,1825,0.7756,25,81,3,0,0.25,0.0772,0.0009,-0.0099,0.0121,-0.012,0.0237,-0.0076,0.0316,0.002,0.0057,0.0026,-0.0008,0.0848
Kawhi Leonard,,2022,42492492,0.343637475,0.2087,-0.1349,25806798,42492492,3.0244,,,,,,,,78,3,0,0.25,0.1253,-0.0001,0,0.0121,-0.012,-0.0014,-0.0022,-0.0049,-0.0003,0.0057,0.0026,-0.0008,0.0848
Anthony Davis,,2022,37980720,0.307150702,0.2028,-0.1044,25077234,37980720,1.4203,1.9572,0.9599,,,1404,0.5478,27.1,82,3,0,0.25,0.0582,0.0009,-0.0069,0.0121,-0.012,0.0065,0.0064,0.0426,0.0028,0.0057,0.0026,-0.0008,0.0848
Anthony Edwards,,2022,10733400,0.086801181,0.2016,0.1148,24928848,10733400,1.4203,0.5885,1.0005,,,2466,0.878,26.4,76,1,0,0.25,0.0582,0.0003,-0.0072,0.0121,-0.012,0.05,-0.0138,0.0389,-0.0019,-0.0095,0.0026,-0.0008,0.0848
Darius Garland,,2022,8920795,0.072142615,0.1983,0.1262,24520786,8920795,0.9776,1.1322,1.3119,,,2430,0.7761,27.8,73,2,0,0.25,0.0397,0.0005,-0.0096,0.0121,-0.012,0.0486,-0.0076,0.0462,-0.0042,-0.0019,0.0026,-0.0008,0.0848
Zach LaVine,,2022,37096500,0.3,0.1967,-0.1033,24322938,37096500,0.5923,0.6205,0.8235,,,2328,0.7874,28.8,77,3,0,0.25,0.0236,0.0003,-0.0059,0.0121,-0.012,0.0444,-0.0083,0.0514,-0.0011,0.0057,0.0026,-0.0008,0.0848
Bradley Beal,,2022,43279250,0.35,0.1955,-0.1545,24174552,43279250,0.8798,0.8955,0.3812,,,1439,0.6217,30.8,76,3,0,0.25,0.0356,0.0004,-0.0026,0.0121,-0.012,0.0079,0.0019,0.0619,-0.0019,0.0057,0.0026,-0.0008,0.0848
Rudy Gobert,,2022,38172414,0.308700934,0.1931,-0.1156,23877780,38172414,2.2482,3.0317,1.5899,,,2120,0.8511,16.9,85,3,0,0.25,0.0928,0.0014,-0.0116,0.0121,-0.012,0.0358,-0.0122,-0.0106,0.0052,0.0057,0.0026,-0.0008,0.0848
Jordan Clarkson,,2022,13340000,0.107880797,0.1916,0.0838,23692298,13340000,0.9603,0.7932,0.6619,,,2141,0.8472,26.8,77,3,0,0.25,0.0389,0.0004,-0.0047,0.0121,-0.012,0.0367,-0.0119,0.041,-0.0011,0.0057,0.0026,-0.0008,0.0848
Deandre Ayton,,2022,30913750,0.25,0.1818,-0.0682,22480479,30913750,1.5468,0.4478,0.9668,,,1713,0.7117,21.4,84,3,0,0.25,0.0635,0.0002,-0.007,0.0121,-0.012,0.0192,-0.0036,0.0128,0.0044,0.0057,0.0026,-0.0008,0.0848
Andrew Wiggins,,2022,33616770,0.271859367,0.1809,-0.091,22369189,33616770,0.9546,0.5885,0.8224,,,2330,0.8215,23.1,78,3,0,0.25,0.0387,0.0003,-0.0059,0.0121,-0.012,0.0445,-0.0104,0.0217,-0.0003,0.0057,0.0026,-0.0008,0.0848
Russell Westbrook,,2022,46295265,0.374390562,0.1785,-0.1959,22072417,46295265,-0.1034,-0.4604,-0.6157,,,2678,0.8717,27.3,76,3,0,0.25,-0.0055,-0.0002,0.0048,0.0121,-0.012,0.0587,-0.0134,0.0436,-0.0019,0.0057,0.0026,-0.0008,0.0848
Mike Conley,,2022,22680000,0.18341353,0.1777,-0.0058,21973493,22680000,1.4893,1.9253,1.3153,,,2058,0.7562,20.9,73,3,0,0.25,0.0611,0.0009,-0.0096,0.0121,-0.012,0.0333,-0.0064,0.0102,-0.0042,0.0057,0.0026,-0.0008,0.0848
Tobias Harris,,2022,37633050,0.304339089,0.1744,-0.1299,21565432,37633050,0.7073,0.8443,0.3078,,,2543,0.872,21.7,80,3,0,0.25,0.0284,0.0004,-0.0021,0.0121,-0.012,0.0532,-0.0135,0.0144,0.0013,0.0057,0.0026,-0.0008,0.0848
Reggie Jackson,CHO,2022,10876844,0.087961,0.1729,0.0849,21379949,10876844,-0.0286,-0.6139,-0.2671,,,2337,0.7413,27.6,74,3,0,0.25,-0.0024,-0.0003,0.0022,0.0121,-0.012,0.0447,-0.0055,0.0452,-0.0034,0.0057,0.0026,-0.0008,0.0848
CJ McCollum,,2022,33333333,0.269567207,0.1727,-0.0969,21355218,33333333,1.0523,0.4606,0.3419,,,1267,0.5859,26.1,75,3,0,0.25,0.0428,0.0002,-0.0023,0.0121,-0.012,0.0009,0.0041,0.0374,-0.0027,0.0057,0.0026,-0.0008,0.0848
D'Angelo Russell,,2022,31377750,0.253752376,0.1724,-0.0813,21318122,31377750,0.4831,0.7612,0.4959,,,2077,0.6417,25.1,75,3,0,0.25,0.019,0.0003,-0.0035,0.0121,-0.012,0.0341,0.0006,0.0321,-0.0027,0.0057,0.0026,-0.0008,0.0848
Marcus Smart,,2022,17457142,0.141176192,0.1722,0.031,21293391,17457142,1.4088,1.1066,1.088,,,2296,0.7752,18.3,75,3,0,0.25,0.0577,0.0005,-0.0079,0.0121,-0.012,0.0431,-0.0075,-0.0033,-0.0027,0.0057,0.0026,-0.0008,0.0848
Julius Randle,,2022,23760000,0.192147507,0.1714,-0.0208,21194467,23760000,-0.3621,-0.3005,-0.3818,,,2544,0.8766,28.7,81,3,0,0.25,-0.0163,-0.0002,0.0031,0.0121,-0.012,0.0532,-0.0137,0.0509,0.002,0.0057,0.0026,-0.0008,0.0848
Jordan Poole,,2022,3901399,0.031550677,0.1697,0.1382,20984253,3901399,0.5693,0.3774,0.7973,,,2283,0.8083,26,76,2,0,0.25,0.0226,0.0002,-0.0057,0.0121,-0.012,0.0425,-0.0096,0.0368,-0.0019,-0.0019,0.0026,-0.0008,0.0848
Desmond Bane,,2022,2130240,0.017227286,0.1683,0.1511,20811136,2130240,1.2823,0.8571,1.4042,,,2266,0.8902,23.1,78,1,0,0.25,0.0524,0.0004,-0.0103,0.0121,-0.012,0.0418,-0.0146,0.0217,-0.0003,-0.0095,0.0026,-0.0008,0.0848
Jalen Brunson,,2022,27733332,0.224279908,0.1675,-0.0568,20712212,27733332,0.8396,0.5629,1.2265,,,2524,0.8888,21.9,74,3,0,0.25,0.0339,0.0003,-0.0089,0.0121,-0.012,0.0524,-0.0145,0.0154,-0.0034,0.0057,0.0026,-0.0008,0.0848
Terry Rozier,,2022,21486316,0.173760188,0.1641,-0.0097,20291785,21486316,0.6326,0.4926,1.0949,,,2458,0.8726,23.2,73,3,0,0.25,0.0252,0.0002,-0.008,0.0121,-0.012,0.0497,-0.0135,0.0222,-0.0042,0.0057,0.0026,-0.0008,0.0848
De'Aaron Fox,,2022,30351780,0.245455339,0.1627,-0.0827,20118668,30351780,-0.2011,0.2879,0.1773,,,2084,0.7136,29.1,75,3,0,0.25,-0.0096,0.0001,-0.0011,0.0121,-0.012,0.0344,-0.0038,0.053,-0.0027,0.0057,0.0026,-0.0008,0.0848
Aaron Gordon,,2022,19690909,0.159240702,0.1603,0.0011,19821896,19690909,0.5866,0.3199,0.4115,,,2376,0.721,19.7,80,3,0,0.25,0.0233,0.0001,-0.0028,0.0121,-0.012,0.0463,-0.0042,0.004,0.0013,0.0057,0.0026,-0.0008,0.0848
Isaiah Hartenstein,,2022,7804879,0.063118184,0.1557,0.0926,19253083,7804879,1.587,0.9275,1.3219,,,1216,0.5371,18.4,84,3,0,0.25,0.0652,0.0004,-0.0096,0.0121,-0.012,-0.0012,0.007,-0.0028,0.0044,0.0057,0.0026,-0.0008,0.0848
Bobby Portis,,2022,10843350,0.087690348,0.1536,0.0659,18993408,10843350,0.7533,0.5821,0.4074,,,2028,0.8638,21.3,81,3,0,0.25,0.0303,0.0003,-0.0028,0.0121,-0.012,0.0321,-0.0129,0.0123,0.002,0.0057,0.0026,-0.0008,0.0848
Keldon Johnson,,2022,3873025,0.031321216,0.1525,0.1211,18857387,3873025,0.4888,-0.0255,0.5772,,,2392,0.757,21.3,78,2,0,0.25,0.0192,0,-0.0041,0.0121,-0.012,0.047,-0.0064,0.0123,-0.0003,-0.0019,0.0026,-0.0008,0.0848
RJ Barrett,,2022,10900635,0.088153613,0.1513,0.0632,18709001,10900635,-0.3621,-0.5052,-0.2571,,,2417,0.8458,27.6,78,2,0,0.25,-0.0163,-0.0002,0.0021,0.0121,-0.012,0.048,-0.0118,0.0452,-0.0003,-0.0019,0.0026,-0.0008,0.0848
Jakob Poeltl,,2022,9398148,0.076002976,0.1507,0.0747,18634808,9398148,1.058,1.5287,0.5693,,,1970,0.8504,18.3,84,3,0,0.25,0.043,0.0007,-0.004,0.0121,-0.012,0.0297,-0.0121,-0.0033,0.0044,0.0057,0.0026,-0.0008,0.0848
Dillon Brooks,,2022,11400000,0.092191986,0.1491,0.0569,18436960,11400000,0.6096,0.6013,0.7708,,,885,0.643,28.8,79,3,0,0.25,0.0243,0.0003,-0.0055,0.0121,-0.012,-0.0148,0.0006,0.0514,0.0005,0.0057,0.0026,-0.0008,0.0848
Kyle Lowry,,2022,28333334,0.229132134,0.1489,-0.0802,18412229,28333334,0.9431,1.4711,0.8441,,,2133,0.7136,18.2,72,3,0,0.25,0.0382,0.0007,-0.0061,0.0121,-0.012,0.0364,-0.0038,-0.0039,-0.005,0.0057,0.0026,-0.0008,0.0848
Matt Ryan,LAL,2022,442439,0.003578,0.1477,0.1441,18263843,442439,-0.8853,-0.3261,0.324,,,5,0.0122,44,78,0,0,0.25,-0.0382,-0.0002,-0.0022,0.0121,-0.012,-0.0509,0.0392,0.1307,-0.0003,-0.0171,0.0026,-0.0008,0.0848
Tyler Herro,,2022,5722116,0.046274845,0.1469,0.1006,18164919,5722116,-0.3046,-0.7354,0.6795,,,2151,0.7528,28.8,77,2,0,0.25,-0.0139,-0.0004,-0.0048,0.0121,-0.012,0.0371,-0.0062,0.0514,-0.0011,-0.0019,0.0026,-0.0008,0.0848
Clint Capela,,2022,18706897,0.151282981,0.1452,-0.0061,17954706,18706897,1.1845,1.6566,0.7425,,,2042,0.79,15.5,82,3,0,0.25,0.0483,0.0008,-0.0053,0.0121,-0.012,0.0326,-0.0084,-0.018,0.0028,0.0057,0.0026,-0.0008,0.0848
Jaren Jackson Jr.,,2022,28946605,0.234091666,0.1444,-0.0897,17855782,28946605,1.3915,1.5735,,,,,,,82,3,0,0.25,0.057,0.0007,0,0.0121,-0.012,-0.0014,-0.0022,-0.0049,0.0028,0.0057,0.0026,-0.0008,0.0848
Klay Thompson,,2022,40600080,0.328333509,0.1437,-0.1847,17769223,40600080,0.3968,0.5885,0.5903,,,941,,29.6,77,3,0,0.25,0.0154,0.0003,-0.0042,0.0121,-0.012,-0.0125,-0.0022,0.0556,-0.0011,0.0057,0.0026,-0.0008,0.0848
Wendell Carter Jr.,,2022,14150000,0.114431281,0.1428,0.0284,17657934,14150000,0.3508,0.6013,0.5004,,,1852,0.6146,20.9,82,3,0,0.25,0.0135,0.0003,-0.0035,0.0121,-0.012,0.0249,0.0023,0.0102,0.0028,0.0057,0.0026,-0.0008,0.0848
OG Anunoby,TOR,2022,17357143,0.140367,0.142,0.0016,17559010,17357143,0.6671,0.6781,0.8855,,,1728,0.6417,20.5,79,3,0,0.25,0.0267,0.0003,-0.0064,0.0121,-0.012,0.0198,0.0006,0.0081,0.0005,0.0057,0.0026,-0.0008,0.0848
Mikal Bridges,,2022,20100000,0.162549028,0.1415,-0.021,17497182,20100000,0.8223,1.0298,1.4163,,,2854,0.9662,15,78,3,0,0.25,0.0332,0.0005,-0.0103,0.0121,-0.012,0.0659,-0.0192,-0.0206,-0.0003,0.0057,0.0026,-0.0008,0.0848
Kevin Porter Jr.,,2022,3217631,0.026021034,0.1412,0.1152,17460086,3217631,-0.0114,-1.5157,-0.3794,,,1907,0.606,24.1,77,2,0,0.25,-0.0017,-0.0007,0.0031,0.0121,-0.012,0.0271,0.0028,0.0269,-0.0011,-0.0019,0.0026,-0.0008,0.0848
Jarrett Allen,,2022,20000000,0.161740326,0.1406,-0.0211,17385893,20000000,0.9948,1.3432,1.2637,,,1810,0.7225,18.1,81,3,0,0.25,0.0404,0.0006,-0.0092,0.0121,-0.012,0.0231,-0.0043,-0.0044,0.002,0.0057,0.0026,-0.0008,0.0848
Alec Burks,DET,2022,10012800,0.080974,0.1396,0.0587,17262238,10012800,0.6843,0.8443,1.0315,,,2318,0.8065,17.7,77,3,0,0.25,0.0274,0.0004,-0.0075,0.0121,-0.012,0.044,-0.0094,-0.0065,-0.0011,0.0057,0.0026,-0.0008,0.0848
Dorian Finney-Smith,,2022,12939848,0.104644762,0.1383,0.0337,17101486,12939848,0.8626,0.4222,0.6516,,,2644,0.9045,13.8,79,3,0,0.25,0.0349,0.0002,-0.0046,0.0121,-0.012,0.0573,-0.0154,-0.0268,0.0005,0.0057,0.0026,-0.0008,0.0848
Will Barton,TOR,2022,432642,0.003499,0.1367,0.1332,16903638,432642,0.1439,-0.0767,0.3419,,,2277,0.7989,20.8,77,3,0,0.25,0.0048,0,-0.0023,0.0121,-0.012,0.0423,-0.009,0.0097,-0.0011,0.0057,0.0026,-0.0008,0.0848
Spencer Dinwiddie,BRK,2022,19500000,0.157697,0.1365,-0.0212,16878907,19500000,0.4026,0.4542,-0.4049,,,1330,0.457,21,77,3,0,0.25,0.0156,0.0002,0.0032,0.0121,-0.012,0.0035,0.0119,0.0107,-0.0011,0.0057,0.0026,-0.0008,0.0848
Al Horford,,2022,26500000,0.214305932,0.1355,-0.0788,16755252,26500000,1.0121,2.4369,0.881,,,2005,0.7093,14.8,80,3,0,0.25,0.0411,0.0011,-0.0064,0.0121,-0.012,0.0311,-0.0035,-0.0216,0.0013,0.0057,0.0026,-0.0008,0.0848
Kevin Love,,2022,27442830,0.221930613,0.1355,-0.0864,16755252,27442830,-0.0919,0.8699,0.2393,,,1665,0.6982,25.1,82,3,0,0.25,-0.005,0.0004,-0.0016,0.0121,-0.012,0.0172,-0.0028,0.0321,0.0028,0.0057,0.0026,-0.0008,0.0848
Domantas Sabonis,,2022,18500000,0.149609801,0.1351,-0.0145,16705790,18500000,0.4831,1.6694,1.1008,,,1632,0.6856,21.7,82,3,0,0.25,0.019,0.0008,-0.008,0.0121,-0.012,0.0158,-0.002,0.0144,0.0028,0.0057,0.0026,-0.0008,0.0848
Brook Lopez,,2022,13906976,0.112465942,0.1314,0.0189,16248266,13906976,1.1213,0.4094,-0.4476,,,298,0.5243,21.9,85,3,0,0.25,0.0457,0.0002,0.0036,0.0121,-0.012,-0.0388,0.0078,0.0154,0.0052,0.0057,0.0026,-0.0008,0.0848
Jonathan Isaac,,2022,17400000,0.140714084,0.1301,-0.0106,16087515,17400000,1.0695,,,,,,,,82,3,0,0.25,0.0435,-0.0001,0,0.0121,-0.012,-0.0014,-0.0022,-0.0049,0.0028,0.0057,0.0026,-0.0008,0.0848
Malcolm Brogdon,BOS,2022,22600000,0.182767,0.1296,-0.0532,16025688,22600000,0.2416,0.7164,0.4012,,,1206,0.5744,24.6,76,3,0,0.25,0.0089,0.0003,-0.0028,0.0121,-0.012,-0.0016,0.0048,0.0295,-0.0019,0.0057,0.0026,-0.0008,0.0848
John Collins,,2022,23500000,0.190044883,0.1295,-0.0605,16013322,23500000,0.3738,0.7932,0.5114,,,1663,0.6736,20.5,81,3,0,0.25,0.0144,0.0004,-0.0036,0.0121,-0.012,0.0171,-0.0013,0.0081,0.002,0.0057,0.0026,-0.0008,0.0848
Ben Simmons,BRK,2022,35448672,0.286674,0.1287,-0.158,15914398,35448672,1.035,,,,,,,,82,3,0,0.25,0.0421,-0.0001,0,0.0121,-0.012,-0.0014,-0.0022,-0.0049,0.0028,0.0057,0.0026,-0.0008,0.0848
Ricky Rubio,,2022,5853659,0.047338636,0.1285,0.0812,15889667,5853659,0.5866,0.806,0.6778,,,970,0.6367,24.9,74,3,0,0.25,0.0233,0.0004,-0.0048,0.0121,-0.012,-0.0113,0.001,0.0311,-0.0034,0.0057,0.0026,-0.0008,0.0848
Patrick Beverley,CHI,2022,506508,0.004096,0.1282,0.1241,15852571,506508,1.173,1.2985,0.7181,,,1476,0.6307,16.1,74,3,0,0.25,0.0478,0.0006,-0.0051,0.0121,-0.012,0.0094,0.0013,-0.0148,-0.0034,0.0057,0.0026,-0.0008,0.0848
Immanuel Quickley,,2022,2316240,0.018731471,0.1281,0.1094,15840205,2316240,0.8223,0.9531,0.6536,,,1802,0.8872,22.2,74,1,0,0.25,0.0332,0.0004,-0.0047,0.0121,-0.012,0.0228,-0.0144,0.017,-0.0034,-0.0095,0.0026,-0.0008,0.0848
De'Anthony Melton,,2022,8250000,0.066717884,0.1279,0.0612,15815474,8250000,0.6613,0.5182,1.0646,,,1657,0.802,21.3,74,3,0,0.25,0.0264,0.0002,-0.0077,0.0121,-0.012,0.0169,-0.0092,0.0123,-0.0034,0.0057,0.0026,-0.0008,0.0848
Draymond Green,,2022,25806468,0.208697327,0.1277,-0.081,15790743,25806468,1.4548,1.4903,0.7274,,,1329,0.6304,14.3,78,3,0,0.25,0.0596,0.0007,-0.0052,0.0121,-0.012,0.0034,0.0013,-0.0242,-0.0003,0.0057,0.0026,-0.0008,0.0848
Steven Adams,,2022,17926829,0.144974558,0.1275,-0.0175,15766012,17926829,1.2535,1.0362,0.3874,,,1999,0.8506,12,83,3,0,0.25,0.0512,0.0005,-0.0027,0.0121,-0.012,0.0309,-0.0121,-0.0362,0.0036,0.0057,0.0026,-0.0008,0.0848
Robert Covington,LAC,2022,12307692,0.099533,0.1266,0.027,15654722,12307692,1.4778,0.6653,-0.1331,,,1431,0.6821,12.4,79,3,0,0.25,0.0606,0.0003,0.0012,0.0121,-0.012,0.0076,-0.0018,-0.0341,0.0005,0.0057,0.0026,-0.0008,0.0848
Montrezl Harrell,PHI,2022,2463490,0.019922,0.1264,0.1064,15629992,2463490,0.9661,1.2729,1.004,,,1117,0.7079,20.8,79,3,0,0.25,0.0392,0.0006,-0.0073,0.0121,-0.012,-0.0053,-0.0034,0.0097,0.0005,0.0057,0.0026,-0.0008,0.0848
Derrick White,,2022,16892857,0.13661281,0.1263,-0.0103,15617626,16892857,0.5233,0.6589,0.8631,,,1486,0.6194,20.7,76,3,0,0.25,0.0207,0.0003,-0.0062,0.0121,-0.012,0.0099,0.002,0.0092,-0.0019,0.0057,0.0026,-0.0008,0.0848
Marcus Morris,LAC,2022,16372093,0.132401,0.1254,-0.007,15506337,16372093,,,-0.4889,,,1564,0.6572,23.2,80,3,0,0.25,-0.007,-0.0001,0.0039,0.0121,-0.012,0.013,-0.0003,0.0222,0.0013,0.0057,0.0026,-0.0008,0.0848
Cade Cunningham,,2022,10552800,0.085340666,0.1253,0.04,15493971,10552800,-0.3736,-1.2471,-0.2602,,,2088,0.7805,27.5,78,0,0,0.25,-0.0168,-0.0006,0.0022,0.0121,-0.012,0.0345,-0.0079,0.0447,-0.0003,-0.0171,0.0026,-0.0008,0.0848
Monte Morris,,2022,9125000,0.073794024,0.1247,0.0509,15419778,9125000,0.4716,0.7292,0.6664,,,2239,0.832,17.4,74,3,0,0.25,0.0185,0.0003,-0.0048,0.0121,-0.012,0.0407,-0.011,-0.008,-0.0034,0.0057,0.0026,-0.0008,0.0848
Jae Crowder,MIL,2022,10183800,0.082357,0.1246,0.0422,15407413,10183800,0.9891,0.8252,0.7563,,,1886,0.753,14.6,78,3,0,0.25,0.0401,0.0004,-0.0054,0.0121,-0.012,0.0262,-0.0062,-0.0226,-0.0003,0.0057,0.0026,-0.0008,0.0848
Lauri Markkanen,,2022,16475454,0.133237265,0.1232,-0.0101,15234296,16475454,0.1611,0.6013,0.8655,,,1878,0.6974,19.5,85,3,0,0.25,0.0055,0.0003,-0.0062,0.0121,-0.012,0.0259,-0.0028,0.0029,0.0052,0.0057,0.0026,-0.0008,0.0848
Gordon Hayward,CHO,2022,30075000,0.243217,0.1226,-0.1206,15160103,30075000,0.1841,0.2175,0.292,,,1564,0.6042,20.7,79,3,0,0.25,0.0065,0.0001,-0.002,0.0121,-0.012,0.013,0.0029,0.0092,0.0005,0.0057,0.0026,-0.0008,0.0848
Chris Boucher,,2022,12690000,0.102624237,0.122,0.0194,15085910,12690000,0.8856,0.7228,0.8521,,,1690,0.8795,17.8,80,3,0,0.25,0.0358,0.0003,-0.0061,0.0121,-0.012,0.0182,-0.0139,-0.006,0.0013,0.0057,0.0026,-0.0008,0.0848
Jerami Grant,,2022,20955000,0.169463426,0.1219,-0.0476,15073544,20955000,-0.3334,0.3902,0.015,,,1500,0.6814,25.7,79,3,0,0.25,-0.0151,0.0002,0.0001,0.0121,-0.012,0.0104,-0.0018,0.0353,0.0005,0.0057,0.0026,-0.0008,0.0848
Evan Fournier,NYK,2022,18000000,0.145566,0.1206,-0.025,14912793,18000000,-0.3966,-0.6075,0.2606,,,2358,0.7663,20.8,78,3,0,0.25,-0.0178,-0.0003,-0.0017,0.0121,-0.012,0.0456,-0.007,0.0097,-0.0003,0.0057,0.0026,-0.0008,0.0848
Zion Williamson,,2022,13534817,0.109456286,0.1204,0.0109,14888062,13534817,1.0925,,,,,,,,78,2,0,0.25,0.0445,-0.0001,0,0.0121,-0.012,-0.0014,-0.0022,-0.0049,-0.0003,-0.0019,0.0026,-0.0008,0.0848
Kevon Looney,,2022,8000000,0.06469613,0.1197,0.055,14801503,8000000,1.196,0.9275,0.1556,,,1732,0.7787,12.2,81,3,0,0.25,0.0488,0.0004,-0.0009,0.0121,-0.012,0.0199,-0.0077,-0.0352,0.002,0.0057,0.0026,-0.0008,0.0848
Scottie Barnes,,2022,7644600,0.061822005,0.1194,0.0576,14764407,7644600,0.2589,0.4286,0.3488,,,2617,0.9024,19,80,0,0,0.25,0.0096,0.0002,-0.0024,0.0121,-0.012,0.0562,-0.0153,0.0003,0.0013,-0.0171,0.0026,-0.0008,0.0848
Kelly Oubre Jr.,,2022,12600000,0.101896405,0.1193,0.0174,14752041,12600000,-0.3161,0.0768,0.2589,,,1999,0.8202,23,80,3,0,0.25,-0.0144,0,-0.0017,0.0121,-0.012,0.0309,-0.0103,0.0212,0.0013,0.0057,0.0026,-0.0008,0.0848
Malik Monk,,2022,9472219,0.076601989,0.1188,0.0422,14690214,9472219,-0.0229,-0.5947,0.5589,,,2139,0.7699,20.1,75,3,0,0.25,-0.0022,-0.0003,-0.0039,0.0121,-0.012,0.0366,-0.0072,0.006,-0.0027,0.0057,0.0026,-0.0008,0.0848
Malik Beasley,LAL,2022,15558035,0.125818,0.1178,-0.008,14566559,15558035,0.0289,-0.518,0.0264,,,1976,0.731,19.4,76,3,0,0.25,0,-0.0003,0,0.0121,-0.012,0.0299,-0.0048,0.0024,-0.0019,0.0057,0.0026,-0.0008,0.0848
Jamal Murray,,2022,31650600,0.255958918,0.1177,-0.1382,14554193,31650600,0.8856,,,,,,,,76,3,0,0.25,0.0358,-0.0001,0,0.0121,-0.012,-0.0014,-0.0022,-0.0049,-0.0019,0.0057,0.0026,-0.0008,0.0848
Norman Powell,,2022,16758621,0.135527241,0.1172,-0.0184,14492366,16758621,0.0116,-0.5052,0.0942,,,1333,0.542,22.5,75,3,0,0.25,-0.0007,-0.0002,-0.0005,0.0121,-0.012,0.0036,0.0067,0.0186,-0.0027,0.0057,0.0026,-0.0008,0.0848
Mitchell Robinson,,2022,17045454,0.137846864,0.1164,-0.0214,14393442,17045454,1.0695,1.2985,0.7704,,,1848,0.7219,11.4,84,3,0,0.25,0.0435,0.0006,-0.0055,0.0121,-0.012,0.0247,-0.0043,-0.0393,0.0044,0.0057,0.0026,-0.0008,0.0848
Cameron Payne,,2022,6000000,0.048522098,0.1161,0.0676,14356345,6000000,-0.1781,0.0001,-0.1755,,,1278,0.5954,24.6,74,3,0,0.25,-0.0087,0,0.0015,0.0121,-0.012,0.0013,0.0035,0.0295,-0.0034,0.0057,0.0026,-0.0008,0.0848
Michael Porter Jr.,,2022,30913750,0.25,0.1149,-0.1351,14207959,30913750,0.9661,-0.0063,-0.4045,,,265,0.4308,19.7,82,3,0,0.25,0.0392,0,0.0032,0.0121,-0.012,-0.0402,0.0136,0.004,0.0028,0.0057,0.0026,-0.0008,0.0848
Myles Turner,,2022,35069500,0.283607618,0.1147,-0.1689,14183228,35069500,0.6441,1.8549,0.1666,,,1235,0.6003,17.1,83,3,0,0.25,0.0257,0.0009,-0.001,0.0121,-0.012,-0.0004,0.0032,-0.0096,0.0036,0.0057,0.0026,-0.0008,0.0848
Kelly Olynyk,,2022,12804878,0.103553257,0.1137,0.0102,14059573,12804878,0.4601,0.7868,-0.1052,,,764,0.5873,21.5,84,3,0,0.25,0.018,0.0004,0.001,0.0121,-0.012,-0.0197,0.004,0.0134,0.0044,0.0057,0.0026,-0.0008,0.0848
Tyrese Maxey,,2022,2726880,0.022052323,0.1126,0.0905,13923553,2726880,-0.2011,0.3007,0.5165,,,2650,0.8506,20.2,74,1,0,0.25,-0.0096,0.0001,-0.0036,0.0121,-0.012,0.0576,-0.0121,0.0066,-0.0034,-0.0095,0.0026,-0.0008,0.0848
Mike Muscala,BOS,2022,3500000,0.028305,0.1122,0.0839,13874091,3500000,0.7418,0.9339,0.655,,,592,0.5208,20.9,82,3,0,0.25,0.0298,0.0004,-0.0047,0.0121,-0.012,-0.0268,0.008,0.0102,0.0028,0.0057,0.0026,-0.0008,0.0848
Harrison Barnes,,2022,18352273,0.148415131,0.111,-0.0374,13725705,18352273,-0.5001,0.064,-0.0156,,,2580,0.8817,18.8,79,3,0,0.25,-0.0221,0,0.0003,0.0121,-0.012,0.0547,-0.014,-0.0007,0.0005,0.0057,0.0026,-0.0008,0.0848
Jarred Vanderbilt,,2022,4374000,0.035372609,0.1106,0.0753,13676243,4374000,1.0638,0.2303,0.9475,,,1880,0.7104,10.9,80,3,0,0.25,0.0433,0.0001,-0.0068,0.0121,-0.012,0.026,-0.0036,-0.042,0.0013,0.0057,0.0026,-0.0008,0.0848
Dwight Powell,,2022,11080125,0.089605151,0.1102,0.0206,13626781,11080125,0.7533,1.2601,0.333,,,1798,0.8233,14,82,3,0,0.25,0.0303,0.0006,-0.0023,0.0121,-0.012,0.0226,-0.0105,-0.0258,0.0028,0.0057,0.0026,-0.0008,0.0848
Buddy Hield,,2022,21177750,0.171264809,0.1085,-0.0628,13416567,21177750,-0.1436,-0.1278,-0.233,,,1574,0.7951,22.5,76,3,0,0.25,-0.0072,-0.0001,0.002,0.0121,-0.012,0.0135,-0.0087,0.0186,-0.0019,0.0057,0.0026,-0.0008,0.0848
Anfernee Simons,,2022,22321429,0.18051376,0.108,-0.0725,13354740,22321429,-0.4828,-0.7866,0.1297,,,1681,0.7762,24.8,75,3,0,0.25,-0.0214,-0.0004,-0.0007,0.0121,-0.012,0.0178,-0.0076,0.0306,-0.0027,0.0057,0.0026,-0.0008,0.0848
Mo Bamba,,2022,10300000,0.083296268,0.1077,0.0244,13317643,10300000,0.0576,-0.5116,-0.3477,,,1824,0.7734,17.2,84,3,0,0.25,0.0012,-0.0003,0.0028,0.0121,-0.012,0.0237,-0.0074,-0.0091,0.0044,0.0057,0.0026,-0.0008,0.0848
Duncan Robinson,,2022,16902000,0.136686749,0.1075,-0.0292,13292912,16902000,0.1841,0.5245,0.0598,,,2043,0.9479,17.7,79,3,0,0.25,0.0065,0.0002,-0.0002,0.0121,-0.012,0.0327,-0.0181,-0.0065,0.0005,0.0057,0.0026,-0.0008,0.0848
Mason Plumlee,,2022,9080417,0.07343348,0.1074,0.034,13280547,9080417,0.8281,0.4158,-0.3208,,,1793,0.8194,11.7,84,3,0,0.25,0.0334,0.0002,0.0026,0.0121,-0.012,0.0224,-0.0102,-0.0378,0.0044,0.0057,0.0026,-0.0008,0.0848
Caris LeVert,,2022,18796296,0.152005952,0.1073,-0.0447,13268181,18796296,-0.7301,-0.0447,0.4814,,,1214,0.4909,26.8,79,3,0,0.25,-0.0317,0,-0.0034,0.0121,-0.012,-0.0013,0.0099,0.041,0.0005,0.0057,0.0026,-0.0008,0.0848
Cameron Johnson,,2022,5887899,0.047615535,0.105,0.0574,12983775,5887899,0.5003,0.6908,0.7683,,,1730,0.7803,17.5,80,2,0,0.25,0.0197,0.0003,-0.0055,0.0121,-0.012,0.0199,-0.0078,-0.0075,0.0013,-0.0019,0.0026,-0.0008,0.0848
Kevin Huerter,,2022,14508929,0.117333945,0.1047,-0.0126,12946678,14508929,-0.0746,-0.1918,0.2072,,,2188,0.8592,17.5,78,3,0,0.25,-0.0043,-0.0001,-0.0013,0.0121,-0.012,0.0386,-0.0127,-0.0075,-0.0003,0.0057,0.0026,-0.0008,0.0848
Reggie Bullock,DAL,2022,10012800,0.080974,0.1045,0.0235,12921947,10012800,0.5521,,0.2809,,,1902,0.733,13.3,78,3,0,0.25,0.0219,-0.0001,-0.0019,0.0121,-0.012,0.0269,-0.0049,-0.0294,-0.0003,0.0057,0.0026,-0.0008,0.0848
Seth Curry,,2022,8496653,0.068712571,0.104,0.0352,12860120,8496653,0.2301,-0.2558,0.4022,,,1566,0.6607,18.5,73,3,0,0.25,0.0084,-0.0001,-0.0028,0.0121,-0.012,0.0131,-0.0005,-0.0023,-0.0042,0.0057,0.0026,-0.0008,0.0848
Victor Oladipo,MIA,2022,8750000,0.070761,0.1038,0.033,12835389,8750000,0.0519,-0.2813,0.5865,,,173,0.1747,25.1,75,3,0,0.25,0.001,-0.0001,-0.0042,0.0121,-0.012,-0.044,0.0292,0.0321,-0.0027,0.0057,0.0026,-0.0008,0.0848
Naz Reid,,2022,1930681,0.015613449,0.1024,0.0868,12662272,1930681,0.2646,0.1216,-0.47,,,1215,0.8089,21.4,81,2,0,0.25,0.0099,0,0.0037,0.0121,-0.012,-0.0013,-0.0096,0.0128,0.002,-0.0019,0.0026,-0.0008,0.0848
Kyle Kuzma,,2022,13000000,0.105131212,0.1023,-0.0028,12649906,13000000,-1.1901,-0.6331,-0.449,,,2204,0.8207,24.2,80,3,0,0.25,-0.051,-0.0003,0.0036,0.0121,-0.012,0.0393,-0.0103,0.0274,0.0013,0.0057,0.0026,-0.0008,0.0848
Terence Davis,SAC,2022,4000000,0.032348,0.102,0.0696,12612810,4000000,0.2014,0.371,0.6168,,,536,0.4817,25.6,76,2,0,0.25,0.0072,0.0002,-0.0044,0.0121,-0.012,-0.0291,0.0104,0.0347,-0.0019,-0.0019,0.0026,-0.0008,0.0848
Cole Anthony,,2022,3613680,0.029223889,0.1012,0.072,12513886,3613680,-0.8623,-0.5436,-0.3911,,,2059,0.7104,25.1,74,1,0,0.25,-0.0373,-0.0003,0.0031,0.0121,-0.012,0.0333,-0.0036,0.0321,-0.0034,-0.0095,0.0026,-0.0008,0.0848
Terance Mann,,2022,1930681,0.015613449,0.1006,0.085,12439693,1930681,0.1094,-0.7035,0.4566,,,2317,0.8529,16,78,2,0,0.25,0.0034,-0.0003,-0.0032,0.0121,-0.012,0.0439,-0.0123,-0.0153,-0.0003,-0.0019,0.0026,-0.0008,0.0848
Derrick Rose,NYK,2022,14520730,0.117429,0.1006,-0.0168,12439693,14520730,0.2416,-0.3325,0.7332,,,636,0.4255,22.5,75,3,0,0.25,0.0089,-0.0002,-0.0052,0.0121,-0.012,-0.025,0.0139,0.0186,-0.0027,0.0057,0.0026,-0.0008,0.0848
Brandon Clarke,,2022,4343920,0.035129352,0.1002,0.065,12390231,4343920,0.9718,1.113,1.6781,,,1246,0.7672,17.7,80,2,0,0.25,0.0394,0.0005,-0.0123,0.0121,-0.012,0,-0.007,-0.0065,0.0013,-0.0019,0.0026,-0.0008,0.0848
Devonte' Graham,SAS,2022,11550000,0.093405,0.0998,0.0064,12340769,11550000,-0.4196,0.1024,-0.151,,,2162,0.8396,19.5,73,3,0,0.25,-0.0188,0,0.0014,0.0121,-0.012,0.0376,-0.0115,0.0029,-0.0042,0.0057,0.0026,-0.0008,0.0848
Tyrese Haliburton,,2022,4215120,0.034087744,0.0997,0.0656,12328403,4215120,0.4026,0.6461,1.3401,,,1757,0.654,18.3,77,1,0,0.25,0.0156,0.0003,-0.0098,0.0121,-0.012,0.021,-0.0001,-0.0033,-0.0011,-0.0095,0.0026,-0.0008,0.0848
Eric Gordon,,2022,19568360,0.158249646,0.0986,-0.0596,12192383,19568360,-0.3219,-1.6437,-0.2698,,,1670,0.5463,18.6,75,3,0,0.25,-0.0147,-0.0008,0.0022,0.0121,-0.012,0.0174,0.0065,-0.0018,-0.0027,0.0057,0.0026,-0.0008,0.0848
Gary Payton II,,2022,8300000,0.067122235,0.0982,0.0311,12142921,8300000,1.0638,1.6758,2.2915,,,1248,0.5501,14.3,74,3,0,0.25,0.0433,0.0008,-0.0169,0.0121,-0.012,0.0001,0.0063,-0.0242,-0.0034,0.0057,0.0026,-0.0008,0.0848
Lonzo Ball,,2022,19534884,0.157978925,0.0974,-0.0606,12043997,19534884,0.4313,0.6397,0.7573,,,1212,0.5896,17.4,77,3,0,0.25,0.0168,0.0003,-0.0054,0.0121,-0.012,-0.0014,0.0038,-0.008,-0.0011,0.0057,0.0026,-0.0008,0.0848
Franz Wagner,,2022,5258280,0.042523796,0.0974,0.0549,12043997,5258280,-0.2701,-0.211,0.5117,,,2429,0.9634,21.2,82,0,0,0.25,-0.0125,-0.0001,-0.0036,0.0121,-0.012,0.0485,-0.019,0.0118,0.0028,-0.0171,0.0026,-0.0008,0.0848
Michael Carter-Williams,ORL,2022,652829,0.005279,0.0972,0.0919,12019266,652829,0.3566,,,,,,,,78,3,0,0.25,0.0137,-0.0001,0,0.0121,-0.012,-0.0014,-0.0022,-0.0049,-0.0003,0.0057,0.0026,-0.0008,0.0848
JaVale McGee,,2022,5461219,0.044164967,0.0971,0.0529,12006900,5461219,-0.2126,0.6844,0.0784,,,1172,0.7608,22.8,84,3,0,0.25,-0.0101,0.0003,-0.0004,0.0121,-0.012,-0.003,-0.0066,0.0201,0.0044,0.0057,0.0026,-0.0008,0.0848
Bruce Brown,,2022,6479000,0.052395779,0.097,0.0446,11994535,6479000,0.5751,0.1664,0.8459,,,1774,0.8379,15,76,3,0,0.25,0.0228,0.0001,-0.0061,0.0121,-0.012,0.0217,-0.0114,-0.0206,-0.0019,0.0057,0.0026,-0.0008,0.0848
Richaun Holmes,SAC,2022,11215260,0.090698,0.0968,0.0061,11969804,11215260,0.5406,-0.0127,-0.305,,,1074,0.6198,15.8,81,3,0,0.25,0.0214,0,0.0025,0.0121,-0.012,-0.007,0.002,-0.0164,0.002,0.0057,0.0026,-0.0008,0.0848
Maxi Kleber,,2022,9000000,0.072783147,0.0958,0.023,11846149,9000000,0.6498,-0.1982,-0.1944,,,1450,0.7482,13.3,82,3,0,0.25,0.026,-0.0001,0.0017,0.0121,-0.012,0.0084,-0.0059,-0.0294,0.0028,0.0057,0.0026,-0.0008,0.0848
Saddiq Bey,,2022,2959080,0.023930128,0.0955,0.0716,11809052,2959080,-0.8451,-1.1576,0.0254,,,2704,0.9451,21.3,80,1,0,0.25,-0.0365,-0.0006,0,0.0121,-0.012,0.0598,-0.0179,0.0123,0.0013,-0.0095,0.0026,-0.0008,0.0848
Luke Kennard,,2022,14415545,0.116578747,0.0954,-0.0212,11796687,14415545,-0.0114,-0.4604,0.7398,,,1919,0.7351,16.8,77,3,0,0.25,-0.0017,-0.0002,-0.0053,0.0121,-0.012,0.0276,-0.0051,-0.0112,-0.0011,0.0057,0.0026,-0.0008,0.0848
Danny Green,CLE,2022,2000000,0.016174,0.0954,0.0793,11796687,2000000,1.0925,-0.3837,0.0853,,,1353,0.8194,12.3,78,3,0,0.25,0.0445,-0.0002,-0.0004,0.0121,-0.012,0.0044,-0.0102,-0.0346,-0.0003,0.0057,0.0026,-0.0008,0.0848
David Nwaba,OKC,2022,5022000,0.040613,0.0949,0.0543,11734859,5022000,0.8798,0.5118,0.3354,,,609,0.4458,15.8,77,3,0,0.25,0.0356,0.0002,-0.0023,0.0121,-0.012,-0.0261,0.0126,-0.0164,-0.0011,0.0057,0.0026,-0.0008,0.0848
T.J. Warren,PHO,2022,1836090,0.014848,0.094,0.0791,11623570,1836090,0.2416,,,,,,,,80,3,0,0.25,0.0089,-0.0001,0,0.0121,-0.012,-0.0014,-0.0022,-0.0049,0.0013,0.0057,0.0026,-0.0008,0.0848
Markelle Fultz,ORL,2022,16500000,0.133436,0.0939,-0.0396,11611204,16500000,-0.4598,0.2751,0.54,,,360,0.339,27.5,76,3,0,0.25,-0.0204,0.0001,-0.0038,0.0121,-0.012,-0.0363,0.0192,0.0447,-0.0019,0.0057,0.0026,-0.0008,0.0848
Kyle Anderson,,2022,8780488,0.07100795,0.0932,0.0222,11524646,8780488,0.4888,0.8124,0.4125,,,1484,0.8593,16.2,80,3,0,0.25,0.0192,0.0004,-0.0029,0.0121,-0.012,0.0098,-0.0127,-0.0143,0.0013,0.0057,0.0026,-0.0008,0.0848
Nickeil Alexander-Walker,,2022,5009633,0.040512984,0.0926,0.0521,11450453,5009633,-0.7703,-0.6587,-0.8062,,,1317,0.6037,24.8,77,2,0,0.25,-0.0334,-0.0003,0.0062,0.0121,-0.012,0.0029,0.003,0.0306,-0.0011,-0.0019,0.0026,-0.0008,0.0848
P.J. Washington,,2022,5808435,0.046972908,0.0923,0.0453,11413356,5808435,0.2474,0.2431,-0.2902,,,1768,0.7916,15.6,79,2,0,0.25,0.0091,0.0001,0.0024,0.0121,-0.012,0.0214,-0.0085,-0.0174,0.0005,-0.0019,0.0026,-0.0008,0.0848
Luguentz Dort,,2022,15277778,0.12355164,0.0923,-0.0313,11413356,15277778,-0.8393,-0.1854,-0.337,,,1665,0.6012,23.3,76,2,0,0.25,-0.0363,-0.0001,0.0027,0.0121,-0.012,0.0172,0.0031,0.0227,-0.0019,-0.0019,0.0026,-0.0008,0.0848
Daniel Gafford,,2022,1930681,0.015613449,0.0923,0.0767,11413356,1930681,0.2359,0.5437,0.1914,,,1444,0.6426,16.7,82,2,0,0.25,0.0087,0.0002,-0.0012,0.0121,-0.012,0.0081,0.0006,-0.0117,0.0028,-0.0019,0.0026,-0.0008,0.0848
Eric Bledsoe,POR,2022,1300000,0.010513,0.0921,0.0816,11388625,1300000,-0.0631,0.0832,-0.1658,,,1361,0.7585,20.5,73,3,0,0.25,-0.0038,0,0.0015,0.0121,-0.012,0.0047,-0.0065,0.0081,-0.0042,0.0057,0.0026,-0.0008,0.0848
Devin Vassell,,2022,4437000,0.035882091,0.0916,0.0558,11326798,4437000,0.0691,0.1344,0.5296,,,1937,0.8247,18.9,77,1,0,0.25,0.0017,0.0001,-0.0037,0.0121,-0.012,0.0283,-0.0106,-0.0002,-0.0011,-0.0095,0.0026,-0.0008,0.0848
Herbert Jones,,2022,1785000,0.014435324,0.0915,0.077,11314432,1785000,0.6556,0.9659,0.593,,,2335,0.9512,13.7,79,0,0,0.25,0.0262,0.0004,-0.0042,0.0121,-0.012,0.0447,-0.0183,-0.0273,0.0005,-0.0171,0.0026,-0.0008,0.0848
Caleb Martin,,2022,6479000,0.052395779,0.0911,0.0387,11264970,6479000,0.5406,0.1664,1.1094,,,1372,0.6098,16.3,77,2,0,0.25,0.0214,0.0001,-0.0081,0.0121,-0.012,0.0052,0.0026,-0.0138,-0.0011,-0.0019,0.0026,-0.0008,0.0848
Andre Drummond,,2022,3200000,0.025878452,0.0906,0.0647,11203143,3200000,0.2704,1.6438,0.4173,,,902,0.5264,17.6,83,3,0,0.25,0.0101,0.0008,-0.0029,0.0121,-0.012,-0.0141,0.0077,-0.007,0.0036,0.0057,0.0026,-0.0008,0.0848
Jae'Sean Tate,,2022,7065217,0.057136525,0.0906,0.0335,11203143,7065217,-0.1551,-0.3581,-0.3222,,,2056,0.9146,19.6,76,1,0,0.25,-0.0077,-0.0002,0.0026,0.0121,-0.012,0.0332,-0.0161,0.0034,-0.0019,-0.0095,0.0026,-0.0008,0.0848
Tim Hardaway Jr.,,2022,19602273,0.158523901,0.0896,-0.0689,11079488,19602273,0.1899,0.2879,,,,,,,77,3,0,0.25,0.0067,0.0001,0,0.0121,-0.012,-0.0014,-0.0022,-0.0049,-0.0011,0.0057,0.0026,-0.0008,0.0848
Moritz Wagner,,2022,1878720,0.015193239,0.0891,0.0739,11017660,1878720,-0.4771,0.1984,-0.2495,,,960,0.6006,22.9,83,3,0,0.25,-0.0212,0.0001,0.0021,0.0121,-0.012,-0.0117,0.0032,0.0207,0.0036,0.0057,0.0026,-0.0008,0.0848
Tyus Jones,,2022,15000000,0.121305244,0.089,-0.0323,11005295,15000000,0.5808,0.5949,1.078,,,1549,0.8818,16.6,72,3,0,0.25,0.0231,0.0003,-0.0078,0.0121,-0.012,0.0124,-0.0141,-0.0122,-0.005,0.0057,0.0026,-0.0008,0.0848
Nicolas Batum,,2022,10843350,0.087690348,0.0885,0.0008,10943467,10843350,0.4658,0.5054,0.2289,,,1463,0.666,13.3,79,3,0,0.25,0.0183,0.0002,-0.0015,0.0121,-0.012,0.0089,-0.0008,-0.0294,0.0005,0.0057,0.0026,-0.0008,0.0848
Trey Lyles,SAC,2022,2625000,0.021228,0.0883,0.067,10918736,2625000,-0.4598,-0.2621,-0.284,,,990,0.5701,22.3,81,3,0,0.25,-0.0204,-0.0001,0.0023,0.0121,-0.012,-0.0105,0.005,0.0175,0.002,0.0057,0.0026,-0.0008,0.0848
Kentavious Caldwell-Pope,,2022,14004703,0.113256261,0.0882,-0.025,10906371,14004703,-0.7128,-0.6203,0.1504,,,2329,0.9063,19,77,3,0,0.25,-0.031,-0.0003,-0.0009,0.0121,-0.012,0.0444,-0.0155,0.0003,-0.0011,0.0057,0.0026,-0.0008,0.0848
Max Strus,,2022,1815677,0.014683409,0.0882,0.0735,10906371,1815677,0.2244,-0.0255,0.4173,,,1587,0.6966,18.1,77,1,0,0.25,0.0082,0,-0.0029,0.0121,-0.012,0.014,-0.0027,-0.0044,-0.0011,-0.0095,0.0026,-0.0008,0.0848
Obi Toppin,,2022,5348280,0.043251628,0.0881,0.0448,10894005,5348280,0.4141,0.9019,0.7869,,,1230,0.8323,20.8,81,1,0,0.25,0.0161,0.0004,-0.0057,0.0121,-0.012,-0.0006,-0.011,0.0097,0.002,-0.0095,0.0026,-0.0008,0.0848
Danilo Gallinari,BOS,2022,6479000,0.052396,0.0878,0.0354,10856909,6479000,-0.3449,-0.0639,-0.0149,,,1672,0.7612,18.4,82,3,0,0.25,-0.0156,0,0.0003,0.0121,-0.012,0.0175,-0.0067,-0.0028,0.0028,0.0057,0.0026,-0.0008,0.0848
Grayson Allen,,2022,8500000,0.068739639,0.0871,0.0183,10770350,8500000,0.0461,0.2879,0.6385,,,1805,0.6909,15.2,75,3,0,0.25,0.0007,0.0001,-0.0045,0.0121,-0.012,0.0229,-0.0024,-0.0195,-0.0027,0.0057,0.0026,-0.0008,0.0848
Tristan Thompson,LAL,2022,10552,8.50E-05,0.0869,0.0868,10745619,10552,0.1669,0.2495,-1.1982,,,455,0.5388,19.5,81,3,0,0.25,0.0058,0.0001,0.0092,0.0121,-0.012,-0.0324,0.0069,0.0029,0.002,0.0057,0.0026,-0.0008,0.0848
Ivica Zubac,,2022,10123457,0.081868562,0.0869,0.005,10745619,10123457,-0.1666,0.5629,-0.1231,,,1852,0.9268,16.8,84,3,0,0.25,-0.0082,0.0003,0.0011,0.0121,-0.012,0.0249,-0.0168,-0.0112,0.0044,0.0057,0.0026,-0.0008,0.0848
Evan Mobley,,2022,8478720,0.068567547,0.0865,0.0179,10696157,8478720,-0.5633,0.4798,0.387,,,2331,0.8415,20.4,83,0,0,0.25,-0.0248,0.0002,-0.0027,0.0121,-0.012,0.0445,-0.0116,0.0076,0.0036,-0.0171,0.0026,-0.0008,0.0848
Hamidou Diallo,DET,2022,5200000,0.042052,0.0857,0.0437,10597233,5200000,-0.4598,-0.4924,0.5727,,,1269,0.5985,21.8,77,3,0,0.25,-0.0204,-0.0002,-0.0041,0.0121,-0.012,0.001,0.0033,0.0149,-0.0011,0.0057,0.0026,-0.0008,0.0848
Jalen Green,,2022,9441840,0.076356314,0.0853,0.0089,10547771,9441840,-0.8796,-2.0146,-0.6718,,,2138,0.8171,23.7,76,0,0,0.25,-0.038,-0.001,0.0052,0.0121,-0.012,0.0366,-0.0101,0.0248,-0.0019,-0.0171,0.0026,-0.0008,0.0848
Patty Mills,BRK,2022,6479000,0.052396,0.0852,0.0328,10535406,6479000,-0.4024,-0.9849,0.0722,,,2346,0.926,16.4,74,3,0,0.25,-0.018,-0.0005,-0.0003,0.0121,-0.012,0.0451,-0.0168,-0.0133,-0.0034,0.0057,0.0026,-0.0008,0.0848
Josh Hart,,2022,12960000,0.104807731,0.0849,-0.0199,10498309,12960000,0.0461,0.6077,0.5572,,,1374,0.6025,16.7,77,3,0,0.25,0.0007,0.0003,-0.0039,0.0121,-0.012,0.0053,0.003,-0.0117,-0.0011,0.0057,0.0026,-0.0008,0.0848
Larry Nance Jr.,,2022,9672727,0.078223501,0.0828,0.0046,10238634,9672727,0.7878,-0.0959,-0.017,,,858,0.5092,12.4,78,3,0,0.25,0.0317,-0.0001,0.0004,0.0121,-0.012,-0.0159,0.0088,-0.0341,-0.0003,0.0057,0.0026,-0.0008,0.0848
Gary Trent Jr.,,2022,17505000,0.14156322,0.0823,-0.0592,10176806,17505000,0.0116,0.6205,,,,,,,77,3,0,0.25,-0.0007,0.0003,0,0.0121,-0.012,-0.0014,-0.0022,-0.0049,-0.0011,0.0057,0.0026,-0.0008,0.0848
Kenrich Williams,,2022,2000000,0.016174033,0.0822,0.066,10164441,2000000,0.4658,-0.2302,0.6264,,,1072,0.6486,15.6,79,3,0,0.25,0.0183,-0.0001,-0.0045,0.0121,-0.012,-0.0071,0.0002,-0.0174,0.0005,0.0057,0.0026,-0.0008,0.0848
Justise Winslow,POR,2022,4097561,0.033137,0.0809,0.0478,10003689,4097561,0.1324,0.3263,-0.2747,,,480,0.3513,18,78,3,0,0.25,0.0043,0.0001,0.0023,0.0121,-0.012,-0.0314,0.0184,-0.0049,-0.0003,0.0057,0.0026,-0.0008,0.0848
Gary Harris,,2022,13000000,0.105131212,0.0805,-0.0246,9954227,13000000,-0.4254,-1.3111,0.0763,,,1730,0.597,16.4,76,3,0,0.25,-0.019,-0.0006,-0.0003,0.0121,-0.012,0.0199,0.0034,-0.0133,-0.0019,0.0057,0.0026,-0.0008,0.0848
Josh Giddey,,2022,6287400,0.050846306,0.0779,0.027,9632724,6287400,-0.6841,-0.7163,-0.3391,,,1700,0.6585,22.2,79,0,0,0.25,-0.0298,-0.0003,0.0028,0.0121,-0.012,0.0186,-0.0004,0.017,0.0005,-0.0171,0.0026,-0.0008,0.0848
De'Andre Hunter,,2022,9835881,0.07954293,0.0762,-0.0034,9422511,9835881,-0.8221,-0.6843,-0.5041,,,1577,0.5823,19.9,79,2,0,0.25,-0.0356,-0.0003,0.004,0.0121,-0.012,0.0136,0.0043,0.005,0.0005,-0.0019,0.0026,-0.0008,0.0848
Jeff Green,,2022,4500000,0.036391573,0.0738,0.0374,9125739,4500000,-0.5691,-0.4348,-0.3525,,,1849,0.7894,16.3,80,3,0,0.25,-0.025,-0.0002,0.0029,0.0121,-0.012,0.0247,-0.0084,-0.0138,0.0013,0.0057,0.0026,-0.0008,0.0848
Moses Brown,BRK,2022,105522,0.000853,0.0735,0.0726,9088642,105522,0.0461,-0.0831,-0.0415,,,176,0.2677,19.3,86,2,0,0.25,0.0007,-0.0001,0.0005,0.0121,-0.012,-0.0439,0.0235,0.0019,0.006,-0.0019,0.0026,-0.0008,0.0848
Bones Hyland,,2022,2201520,0.017803728,0.0734,0.0556,9076277,2201520,,0.0832,0.3212,,,1310,0.8415,23.8,74,0,0,0.25,-0.007,0,-0.0022,0.0121,-0.012,0.0026,-0.0116,0.0254,-0.0034,-0.0171,0.0026,-0.0008,0.0848
P.J. Tucker,PHI,2022,10490000,0.084833,0.0732,-0.0117,9051546,10490000,-0.0344,0.467,0.3033,,,1981,0.75,11.7,77,3,0,0.25,-0.0026,0.0002,-0.002,0.0121,-0.012,0.0301,-0.006,-0.0378,-0.0011,0.0057,0.0026,-0.0008,0.0848
Goga Bitadze,,2022,4765339,0.038537374,0.0732,0.0346,9051546,4765339,-0.0689,0.3135,-0.3625,,,729,0.6195,19.9,83,2,0,0.25,-0.0041,0.0001,0.0029,0.0121,-0.012,-0.0212,0.002,0.005,0.0036,-0.0019,0.0026,-0.0008,0.0848
Talen Horton-Tucker,UTA,2022,10260000,0.082973,0.0727,-0.0103,8989718,10260000,-0.5806,-0.4796,-0.151,,,1511,0.6203,19.2,76,2,0,0.25,-0.0255,-0.0002,0.0014,0.0121,-0.012,0.0109,0.002,0.0014,-0.0019,-0.0019,0.0026,-0.0008,0.0848
Royce O'Neale,,2022,9200000,0.07440055,0.0726,-0.0018,8977353,9200000,0.0576,0.2048,0.6137,,,2406,0.9265,9.9,78,3,0,0.25,0.0012,0.0001,-0.0044,0.0121,-0.012,0.0476,-0.0168,-0.0472,-0.0003,0.0057,0.0026,-0.0008,0.0848
Rudy Gay,UTA,2022,6184500,0.050014,0.0724,0.0224,8952622,6184500,-0.1839,0.2048,-0.0105,,,1038,0.752,19.3,80,3,0,0.25,-0.0089,0.0001,0.0003,0.0121,-0.012,-0.0085,-0.0061,0.0019,0.0013,0.0057,0.0026,-0.0008,0.0848
Alex Caruso,,2022,9030000,0.073025757,0.0723,-0.0008,8940256,9030000,0.5233,0.71,1.0064,,,1147,0.64,13.3,77,3,0,0.25,0.0207,0.0003,-0.0073,0.0121,-0.012,-0.004,0.0007,-0.0294,-0.0011,0.0057,0.0026,-0.0008,0.0848
Kevin Knox,POR,2022,3000000,0.024261,0.0723,0.048,8940256,3000000,,,-1.3735,,,111,0.4379,20.6,80,3,0,0.25,-0.007,-0.0001,0.0105,0.0121,-0.012,-0.0465,0.0131,0.0087,0.0013,0.0057,0.0026,-0.0008,0.0848
Collin Sexton,,2022,16500000,0.133435769,0.0722,-0.0613,8927891,16500000,-1.0176,-1.0808,-0.8754,,,316,0.4671,27.9,75,3,0,0.25,-0.0438,-0.0005,0.0068,0.0121,-0.012,-0.0381,0.0113,0.0467,-0.0027,0.0057,0.0026,-0.0008,0.0848
Frank Jackson,UTA,2022,105522,0.000853,0.0721,0.0712,8915525,105522,-0.7703,,-1.0197,,,1164,0.6334,20.9,75,3,0,0.25,-0.0334,-0.0001,0.0078,0.0121,-0.012,-0.0033,0.0012,0.0102,-0.0027,0.0057,0.0026,-0.0008,0.0848
Willie Cauley-Stein,HOU,2022,105522,0.000853,0.0714,0.0706,8828967,105522,0.9028,-0.9337,-1.3074,,,177,0.4175,10.9,84,3,0,0.25,0.0365,-0.0004,0.01,0.0121,-0.012,-0.0438,0.0144,-0.042,0.0044,0.0057,0.0026,-0.0008,0.0848
Thomas Bryant,,2022,1836090,0.01484849,0.0709,0.056,8767139,1836090,-0.3391,0.128,-0.8175,,,439,0.329,18.7,81,3,0,0.25,-0.0154,0,0.0063,0.0121,-0.012,-0.0331,0.0198,-0.0013,0.002,0.0057,0.0026,-0.0008,0.0848
Pat Connaughton,,2022,5728393,0.046325608,0.0706,0.0242,8730043,5728393,0.0634,-0.147,0.4807,,,1691,0.8349,14,77,3,0,0.25,0.0014,-0.0001,-0.0034,0.0121,-0.012,0.0183,-0.0112,-0.0258,-0.0011,0.0057,0.0026,-0.0008,0.0848
Josh Richardson,NOP,2022,12196094,0.09863,0.0706,-0.028,8730043,12196094,0.0116,-0.1598,0.3801,,,1087,0.6369,16.7,77,3,0,0.25,-0.0007,-0.0001,-0.0026,0.0121,-0.012,-0.0065,0.0009,-0.0117,-0.0011,0.0057,0.0026,-0.0008,0.0848
Doug McDermott,,2022,13750000,0.111196474,0.0705,-0.0406,8717677,13750000,-0.4139,-1.3878,-0.8775,,,1223,0.7441,18.3,79,3,0,0.25,-0.0185,-0.0007,0.0068,0.0121,-0.012,-0.0009,-0.0056,-0.0033,0.0005,0.0057,0.0026,-0.0008,0.0848
George Hill,IND,2022,4000000,0.032348,0.0705,0.0381,8717677,4000000,0.3048,-0.2558,0.1049,,,1253,0.5444,11.7,76,3,0,0.25,0.0115,-0.0001,-0.0006,0.0121,-0.012,0.0003,0.0066,-0.0378,-0.0019,0.0057,0.0026,-0.0008,0.0848
Dewayne Dedmon,DET,2022,2748674,0.022229,0.0695,0.0472,8594022,2748674,-0.3621,0.0193,-0.3908,,,1065,0.5615,16.9,82,3,0,0.25,-0.0163,0,0.0031,0.0121,-0.012,-0.0074,0.0056,-0.0106,0.0028,0.0057,0.0026,-0.0008,0.0848
Oshae Brissett,IND,2022,1846738,0.014935,0.0683,0.0534,8445636,1846738,-0.7071,0.0001,-0.2898,,,1564,0.5381,17.3,79,2,0,0.25,-0.0308,0,0.0024,0.0121,-0.012,0.013,0.007,-0.0086,0.0005,-0.0019,0.0026,-0.0008,0.0848
Jalen Suggs,,2022,6922320,0.055980915,0.0674,0.0114,8334347,6922320,-1.1671,-1.2471,-1.2722,,,1307,0.5854,25.3,77,0,0,0.25,-0.05,-0.0006,0.0097,0.0121,-0.012,0.0025,0.0041,0.0332,-0.0011,-0.0171,0.0026,-0.0008,0.0848
Georges Niang,,2022,3465000,0.028021511,0.0674,0.0394,8334347,3465000,-0.4943,-1.1768,-0.5919,,,1736,0.9102,16.8,78,3,0,0.25,-0.0219,-0.0006,0.0046,0.0121,-0.012,0.0201,-0.0158,-0.0112,-0.0003,0.0057,0.0026,-0.0008,0.0848
Jaylen Nowell,MIN,2022,1930681,0.015613,0.0672,0.0516,8309615,1930681,-0.3219,-0.0767,0.7546,,,975,0.5734,21,76,2,0,0.25,-0.0147,0,-0.0054,0.0121,-0.012,-0.0111,0.0048,0.0107,-0.0019,-0.0019,0.0026,-0.0008,0.0848
Joe Ingles,,2022,6479000,0.052395779,0.0671,0.0147,8297250,6479000,0.3796,-0.1598,0.2909,,,1122,0.7195,13.2,80,3,0,0.25,0.0147,-0.0001,-0.0019,0.0121,-0.012,-0.0051,-0.0041,-0.03,0.0013,0.0057,0.0026,-0.0008,0.0848
Raul Neto,CLE,2022,1836090,0.014848,0.0668,0.052,8260154,1836090,-0.3679,-0.3005,-0.2402,,,1372,0.811,18.4,74,3,0,0.25,-0.0166,-0.0002,0.002,0.0121,-0.012,0.0052,-0.0097,-0.0028,-0.0034,0.0057,0.0026,-0.0008,0.0848
Serge Ibaka,IND,2022,1836090,0.014848,0.0667,0.0518,8247788,1836090,-0.4196,-0.6331,-1.049,,,538,0.5162,19.4,83,3,0,0.25,-0.0188,-0.0003,0.0081,0.0121,-0.012,-0.029,0.0083,0.0024,0.0036,0.0057,0.0026,-0.0008,0.0848
Saben Lee,PHO,2022,105522,0.000853,0.0665,0.0657,8223057,105522,0.4831,-0.0383,0.1001,,,604,0.5015,17.3,74,1,0,0.25,0.019,0,-0.0005,0.0121,-0.012,-0.0263,0.0092,-0.0086,-0.0034,-0.0095,0.0026,-0.0008,0.0848
Derrick Jones Jr.,,2022,3200000,0.025878452,0.0659,0.04,8148864,3200000,0.5636,-0.4348,-0.1934,,,899,0.6871,12.5,78,3,0,0.25,0.0224,-0.0002,0.0017,0.0121,-0.012,-0.0142,-0.0021,-0.0336,-0.0003,0.0057,0.0026,-0.0008,0.0848
John Wall,HOU,2022,40866760,0.33049,0.0658,-0.2647,8136499,40866760,-0.3391,,,,,,,,75,3,0,0.25,-0.0154,-0.0001,0,0.0121,-0.012,-0.0014,-0.0022,-0.0049,-0.0027,0.0057,0.0026,-0.0008,0.0848
Kendrick Nunn,WAS,2022,5250000,0.042457,0.0656,0.0231,8111768,5250000,-0.1609,,,,,,,,75,2,0,0.25,-0.0079,-0.0001,0,0.0121,-0.012,-0.0014,-0.0022,-0.0049,-0.0027,-0.0019,0.0026,-0.0008,0.0848
Isaiah Jackson,,2022,2573760,0.020814039,0.0641,0.0432,7926285,2573760,-0.1896,0.4734,0.1042,,,541,0.439,22.5,80,0,0,0.25,-0.0091,0.0002,-0.0006,0.0121,-0.012,-0.0289,0.0131,0.0186,0.0013,-0.0171,0.0026,-0.0008,0.0848
Coby White,,2022,7413955,0.059956775,0.064,0.004,7913920,7413955,-0.8278,-0.7994,-0.5816,,,1675,0.8049,19.8,76,2,0,0.25,-0.0358,-0.0004,0.0046,0.0121,-0.012,0.0176,-0.0093,0.0045,-0.0019,-0.0019,0.0026,-0.0008,0.0848
Taurean Prince,,2022,7295000,0.058994784,0.0632,0.0042,7814996,7295000,-0.2989,-0.8058,-0.1486,,,1177,0.7046,17,78,3,0,0.25,-0.0137,-0.0004,0.0013,0.0121,-0.012,-0.0028,-0.0032,-0.0101,-0.0003,0.0057,0.0026,-0.0008,0.0848
Jaden McDaniels,,2022,2161440,0.017479601,0.0629,0.0455,7777899,2161440,-0.3046,-0.4412,-0.563,,,1803,0.8216,15.3,81,1,0,0.25,-0.0139,-0.0002,0.0044,0.0121,-0.012,0.0228,-0.0104,-0.019,0.002,-0.0095,0.0026,-0.0008,0.0848
Nassir Little,,2022,4171548,0.033735377,0.0629,0.0292,7777899,4171548,-0.0631,-0.729,0.0085,,,1088,0.565,15.8,78,2,0,0.25,-0.0038,-0.0004,0.0002,0.0121,-0.012,-0.0065,0.0053,-0.0164,-0.0003,-0.0019,0.0026,-0.0008,0.0848
Jordan Goodwin,,2022,900000,0.007278315,0.0627,0.0554,7753168,900000,-1.6443,0.0576,-8.1576,,,6,0.0244,22.2,75,0,0,0.25,-0.07,0,0.0611,0.0121,-0.012,-0.0508,0.0384,0.017,-0.0027,-0.0171,0.0026,-0.0008,0.0848
Naji Marshall,,2022,1782621,0.014416085,0.0625,0.0481,7728437,1782621,-0.2414,0.3391,-0.3398,,,735,0.5655,20.8,78,1,0,0.25,-0.0113,0.0001,0.0028,0.0121,-0.012,-0.0209,0.0053,0.0097,-0.0003,-0.0095,0.0026,-0.0008,0.0848
Jaxson Hayes,,2022,6803012,0.055016069,0.0624,0.0074,7716072,6803012,-0.1666,0.3902,0.1917,,,1398,0.8241,16.4,84,2,0,0.25,-0.0082,0.0002,-0.0012,0.0121,-0.012,0.0062,-0.0105,-0.0133,0.0044,-0.0019,0.0026,-0.0008,0.0848
Payton Pritchard,,2022,2239200,0.018108447,0.062,0.0439,7666610,2239200,0.3566,-0.422,0.158,,,1001,0.843,18.6,73,1,0,0.25,0.0137,-0.0002,-0.001,0.0121,-0.012,-0.01,-0.0117,-0.0018,-0.0042,-0.0095,0.0026,-0.0008,0.0848
Nic Claxton,,2022,8500000,0.068739639,0.0616,-0.0072,7617148,8500000,,0.064,0.2041,,,974,0.4453,15.1,83,2,0,0.25,-0.007,0,-0.0013,0.0121,-0.012,-0.0111,0.0127,-0.02,0.0036,-0.0019,0.0026,-0.0008,0.0848
Justin Holiday,DAL,2022,569821,0.004608,0.0615,0.0569,7604782,569821,-0.3679,-0.5308,-0.2478,,,1416,0.765,15.9,78,3,0,0.25,-0.0166,-0.0003,0.0021,0.0121,-0.012,0.007,-0.0069,-0.0159,-0.0003,0.0057,0.0026,-0.0008,0.0848
Furkan Korkmaz,PHI,2022,5000000,0.040435,0.0601,0.0197,7431665,5000000,-0.5921,-1.2151,-0.4466,,,1414,0.8098,17.6,79,3,0,0.25,-0.026,-0.0006,0.0036,0.0121,-0.012,0.0069,-0.0096,-0.007,0.0005,0.0057,0.0026,-0.0008,0.0848
Javonte Green,,2022,1815677,0.014683409,0.0595,0.0448,7357472,1815677,0.1956,0.3263,0.7801,,,1519,0.6211,11.5,77,2,0,0.25,0.007,0.0001,-0.0056,0.0121,-0.012,0.0112,0.0019,-0.0388,-0.0011,-0.0019,0.0026,-0.0008,0.0848
Precious Achiuwa,,2022,2840160,0.02296842,0.0588,0.0358,7270914,2840160,-0.7646,-0.4476,-0.9925,,,1725,0.8354,18.5,80,1,0,0.25,-0.0332,-0.0002,0.0076,0.0121,-0.012,0.0196,-0.0112,-0.0023,0.0013,-0.0095,0.0026,-0.0008,0.0848
Delon Wright,WAS,2022,7804878,0.063118,0.0583,-0.0048,7209086,7804878,0.5521,0.5373,1.1521,,,1452,0.804,10.3,76,3,0,0.25,0.0219,0.0002,-0.0084,0.0121,-0.012,0.0085,-0.0093,-0.0451,-0.0019,0.0057,0.0026,-0.0008,0.0848
Isaac Okoro,,2022,7040880,0.056939711,0.058,0.0011,7171990,7040880,0.0059,-0.0639,0.3212,,,1981,0.8171,12.4,76,1,0,0.25,-0.001,0,-0.0022,0.0121,-0.012,0.0301,-0.0101,-0.0341,-0.0019,-0.0095,0.0026,-0.0008,0.0848
Robin Lopez,CLE,2022,1836090,0.014848,0.0578,0.043,7147259,1836090,-0.5288,-0.8826,-1.4248,,,612,0.6626,18.9,85,3,0,0.25,-0.0233,-0.0004,0.0109,0.0121,-0.012,-0.026,-0.0006,-0.0002,0.0052,0.0057,0.0026,-0.0008,0.0848
Daniel Theis,IND,2022,8694369,0.070312,0.0577,-0.0126,7134893,8694369,-0.4426,-0.5052,-1.8705,,,584,0.4928,16.5,80,3,0,0.25,-0.0197,-0.0002,0.0142,0.0121,-0.012,-0.0271,0.0098,-0.0127,0.0013,0.0057,0.0026,-0.0008,0.0848
Deni Avdija,,2022,4916160,0.039757066,0.0572,0.0175,7073066,4916160,-0.5461,0.3647,0.0787,,,1984,0.872,16.3,80,1,0,0.25,-0.024,0.0002,-0.0004,0.0121,-0.012,0.0303,-0.0135,-0.0138,0.0013,-0.0095,0.0026,-0.0008,0.0848
Donte DiVincenzo,,2022,4500000,0.036391573,0.0566,0.0202,6998873,4500000,-0.1609,-1.2471,0.5424,,,665,0.5772,18.5,76,3,0,0.25,-0.0079,-0.0006,-0.0038,0.0121,-0.012,-0.0238,0.0046,-0.0023,-0.0019,0.0057,0.0026,-0.0008,0.0848
Aaron Holiday,,2022,1836090,0.01484849,0.0564,0.0415,6974142,1836090,-0.1379,-0.8698,-0.8506,,,663,0.6748,18,72,3,0,0.25,-0.007,-0.0004,0.0066,0.0121,-0.012,-0.0239,-0.0014,-0.0049,-0.005,0.0057,0.0026,-0.0008,0.0848
Aleksej Pokusevski,OKC,2022,3261480,0.026376,0.0561,0.0298,6937045,3261480,-0.7991,-0.115,-0.6939,,,1233,0.6707,20,84,1,0,0.25,-0.0346,-0.0001,0.0054,0.0121,-0.012,-0.0005,-0.0011,0.0055,0.0044,-0.0095,0.0026,-0.0008,0.0848
Tony Bradley,,2022,2036318,0.016467737,0.056,0.0396,6924680,2036318,0.2014,-0.4412,-0.7283,,,549,0.577,13.6,82,3,0,0.25,0.0072,-0.0002,0.0057,0.0121,-0.012,-0.0286,0.0046,-0.0279,0.0028,0.0057,0.0026,-0.0008,0.0848
Blake Griffin,BOS,2022,1836090,0.014848,0.0558,0.0409,6899949,1836090,-0.7646,0.0704,-0.7018,,,958,0.4646,16.9,81,3,0,0.25,-0.0332,0,0.0055,0.0121,-0.012,-0.0118,0.0115,-0.0106,0.002,0.0057,0.0026,-0.0008,0.0848
Zach Collins,,2022,7350000,0.05943957,0.0557,-0.0037,6887583,7350000,-0.2471,0.096,-0.5234,,,502,,19.2,81,3,0,0.25,-0.0115,0,0.0041,0.0121,-0.012,-0.0305,-0.0022,0.0014,0.002,0.0057,0.0026,-0.0008,0.0848
Gabe Vincent,,2022,1815677,0.014683409,0.0556,0.0409,6875218,1815677,-0.4886,-0.3581,-0.1545,,,1589,0.747,17.8,74,1,0,0.25,-0.0216,-0.0002,0.0014,0.0121,-0.012,0.0141,-0.0058,-0.006,-0.0034,-0.0095,0.0026,-0.0008,0.0848
Isaiah Roby,NYK,2022,400000,0.003235,0.0552,0.0519,6825756,400000,-0.5403,-0.0255,0.3691,,,948,0.5059,19,78,2,0,0.25,-0.0238,0,-0.0025,0.0121,-0.012,-0.0122,0.009,0.0003,-0.0003,-0.0019,0.0026,-0.0008,0.0848
Jalen Smith,,2022,4670160,0.03776766,0.0549,0.0172,6788659,4670160,-0.4311,0.3391,0.5314,,,543,0.2912,20.1,80,1,0,0.25,-0.0192,0.0001,-0.0037,0.0121,-0.012,-0.0288,0.0221,0.006,0.0013,-0.0095,0.0026,-0.0008,0.0848
Trey Burke,OKC,2022,3423750,0.027688,0.0547,0.027,6763928,3423750,-1.1671,-1.4326,-1.3291,,,441,0.5524,25.6,72,3,0,0.25,-0.05,-0.0007,0.0101,0.0121,-0.012,-0.033,0.0061,0.0347,-0.005,0.0057,0.0026,-0.0008,0.0848
Kris Dunn,,2022,735819,0.00595058,0.0543,0.0484,6714466,735819,-0.5173,-0.8378,-0.4218,,,336,0.2417,18.3,75,3,0,0.25,-0.0228,-0.0004,0.0034,0.0121,-0.012,-0.0373,0.0251,-0.0033,-0.0027,0.0057,0.0026,-0.0008,0.0848
Maurice Harkless,HOU,2022,4564980,0.036917,0.0538,0.0169,6652639,4564980,0.1324,-1.6053,-0.7004,,,863,0.5206,11.2,79,3,0,0.25,0.0043,-0.0008,0.0055,0.0121,-0.012,-0.0157,0.0081,-0.0404,0.0005,0.0057,0.0026,-0.0008,0.0848
Trevelin Queen,PHI,2022,330000,0.002669,0.0536,0.0509,6627908,330000,-0.3851,0.2623,1.1018,,,74,0.122,23.9,77,0,0,0.25,-0.0173,0.0001,-0.008,0.0121,-0.012,-0.048,0.0325,0.0259,-0.0011,-0.0171,0.0026,-0.0008,0.0848
Grant Williams,,2022,4306281,0.034824965,0.053,0.0181,6553715,4306281,-0.2299,-0.6331,-0.0752,,,1875,0.8917,12.6,79,2,0,0.25,-0.0108,-0.0003,0.0008,0.0121,-0.012,0.0258,-0.0147,-0.0331,0.0005,-0.0019,0.0026,-0.0008,0.0848
Onyeka Okongwu,,2022,6395160,0.051717763,0.0527,0.001,6516618,6395160,0.2416,0.9019,0.5524,,,992,0.5945,14,82,1,0,0.25,0.0089,0.0004,-0.0039,0.0121,-0.012,-0.0104,0.0035,-0.0258,0.0028,-0.0095,0.0026,-0.0008,0.0848
Garrison Mathews,,2022,2000000,0.016174033,0.0524,0.0362,6479522,2000000,-0.2126,-0.3325,0.096,,,1712,0.7881,14.4,77,1,0,0.25,-0.0101,-0.0002,-0.0005,0.0121,-0.012,0.0191,-0.0083,-0.0237,-0.0011,-0.0095,0.0026,-0.0008,0.0848
Marquese Chriss,OKC,2022,2193920,0.017742,0.0523,0.0345,6467156,2193920,-0.8796,-0.6587,-0.3663,,,346,0.3785,21.5,81,3,0,0.25,-0.038,-0.0003,0.003,0.0121,-0.012,-0.0369,0.0168,0.0134,0.002,0.0057,0.0026,-0.0008,0.0848
Ty Jerome,,2022,4220057,0.03412767,0.0523,0.0181,6467156,4220057,-0.7588,-0.5947,-0.1049,,,801,0.4995,20.8,77,2,0,0.25,-0.0329,-0.0003,0.001,0.0121,-0.012,-0.0182,0.0093,0.0097,-0.0011,-0.0019,0.0026,-0.0008,0.0848
Shaquille Harrison,LAL,2022,12260,9.90E-05,0.0517,0.0516,6392963,12260,-0.1896,-0.4156,-1.7328,,,23,0.1938,15,76,3,0,0.25,-0.0091,-0.0002,0.0132,0.0121,-0.012,-0.0501,0.0281,-0.0206,-0.0019,0.0057,0.0026,-0.0008,0.0848
Frank Ntilikina,DAL,2022,2036318,0.016468,0.0516,0.0351,6380598,2036318,-0.1839,-0.4348,0.0226,,,685,0.6327,17.4,76,3,0,0.25,-0.0089,-0.0002,0.0001,0.0121,-0.012,-0.023,0.0012,-0.008,-0.0019,0.0057,0.0026,-0.0008,0.0848
Darius Bazley,PHO,2022,4264629,0.034488,0.0514,0.0169,6355867,4264629,-1.3165,-1.5797,-0.7311,,,1924,0.7914,18.3,81,2,0,0.25,-0.0563,-0.0007,0.0057,0.0121,-0.012,0.0278,-0.0085,-0.0033,0.002,-0.0019,0.0026,-0.0008,0.0848
Jevon Carter,,2022,3925000,0.031741539,0.0507,0.0189,6269308,3925000,-0.0746,-0.6011,-1.6787,,,552,0.6611,15.9,72,3,0,0.25,-0.0043,-0.0003,0.0128,0.0121,-0.012,-0.0284,-0.0005,-0.0159,-0.005,0.0057,0.0026,-0.0008,0.0848
Shake Milton,PHI,2022,1997718,0.016156,0.0506,0.0345,6256943,1997718,-0.8163,-0.4093,-0.3008,,,1179,0.677,18.3,77,3,0,0.25,-0.0353,-0.0002,0.0025,0.0121,-0.012,-0.0027,-0.0015,-0.0033,-0.0011,0.0057,0.0026,-0.0008,0.0848
Taj Gibson,WAS,2022,1836090,0.014848,0.0489,0.034,6046729,1836090,0.2933,-0.7482,-0.3436,,,946,0.6539,10,81,3,0,0.25,0.0111,-0.0004,0.0028,0.0121,-0.012,-0.0123,-0.0001,-0.0466,0.002,0.0057,0.0026,-0.0008,0.0848
Alex Len,SAC,2022,3918600,0.03169,0.0477,0.016,5898343,3918600,-0.6668,-0.243,-1.2529,,,620,0.5575,17.1,84,3,0,0.25,-0.0291,-0.0001,0.0096,0.0121,-0.012,-0.0256,0.0058,-0.0096,0.0044,0.0057,0.0026,-0.0008,0.0848
Kemba Walker,DAL,2022,684712,0.005537,0.0474,0.0418,5861247,684712,-1.1096,-0.3837,-0.4176,,,948,0.5385,20.8,72,3,0,0.25,-0.0476,-0.0002,0.0033,0.0121,-0.012,-0.0122,0.007,0.0097,-0.005,0.0057,0.0026,-0.0008,0.0848
JaMychal Green,GSW,2022,1836090,0.014848,0.0468,0.0319,5787054,1836090,-0.5748,-0.3069,-0.2692,,,1085,0.7957,17.2,81,3,0,0.25,-0.0252,-0.0002,0.0022,0.0121,-0.012,-0.0066,-0.0088,-0.0091,0.002,0.0057,0.0026,-0.0008,0.0848
Amir Coffey,,2022,3395062,0.027455922,0.0456,0.0181,5638668,3395062,-0.4886,-1.132,0.3102,,,1567,0.7271,15.8,79,1,0,0.25,-0.0216,-0.0005,-0.0021,0.0121,-0.012,0.0132,-0.0046,-0.0164,0.0005,-0.0095,0.0026,-0.0008,0.0848
T.J. McConnell,,2022,8100000,0.065504832,0.0454,-0.0201,5613937,8100000,-0.0631,-0.3325,0.356,,,652,0.6143,16.2,73,3,0,0.25,-0.0038,-0.0002,-0.0024,0.0121,-0.012,-0.0243,0.0023,-0.0143,-0.0042,0.0057,0.0026,-0.0008,0.0848
Tre Mann,,2022,3046200,0.024634669,0.0446,0.02,5515013,3046200,-1.1096,-2.117,-1.2381,,,1367,0.7317,22,76,0,0,0.25,-0.0476,-0.001,0.0095,0.0121,-0.012,0.005,-0.0049,0.016,-0.0019,-0.0171,0.0026,-0.0008,0.0848
Ish Smith,DEN,2022,4725000,0.038211,0.0444,0.0062,5490282,4725000,-0.7933,-1.1064,0.0977,,,615,0.5206,20.9,72,3,0,0.25,-0.0344,-0.0005,-0.0005,0.0121,-0.012,-0.0259,0.0081,0.0102,-0.005,0.0057,0.0026,-0.0008,0.0848
Landry Shamet,,2022,9500000,0.076826655,0.044,-0.0328,5440820,9500000,-0.8623,-0.4029,-0.2454,,,1437,0.7911,16.8,77,3,0,0.25,-0.0373,-0.0002,0.0021,0.0121,-0.012,0.0078,-0.0085,-0.0112,-0.0011,0.0057,0.0026,-0.0008,0.0848
Keita Bates-Diop,SAS,2022,1878720,0.015193,0.044,0.0288,5440820,1878720,-0.5576,-0.9337,-0.2492,,,957,0.5427,14.8,80,3,0,0.25,-0.0245,-0.0004,0.0021,0.0121,-0.012,-0.0118,0.0067,-0.0216,0.0013,0.0057,0.0026,-0.0008,0.0848
John Konchar,,2022,2300000,0.018600137,0.0438,0.0252,5416089,2300000,0.2589,,0.6109,,,1292,0.6491,9.9,77,2,0,0.25,0.0096,-0.0001,-0.0043,0.0121,-0.012,0.0019,0.0002,-0.0472,-0.0011,-0.0019,0.0026,-0.0008,0.0848
Drew Eubanks,,2022,1836090,0.01484849,0.0437,0.0289,5403723,1836090,-0.7933,-0.6395,-0.542,,,650,0.3928,18,82,2,0,0.25,-0.0344,-0.0003,0.0043,0.0121,-0.012,-0.0244,0.0159,-0.0049,0.0028,-0.0019,0.0026,-0.0008,0.0848
Thaddeus Young,TOR,2022,8000000,0.064696,0.0435,-0.0212,5378992,8000000,0.0289,-0.0703,0.9953,,,475,0.5851,16,80,3,0,0.25,0,0,-0.0072,0.0121,-0.012,-0.0316,0.0041,-0.0153,0.0013,0.0057,0.0026,-0.0008,0.0848
Khem Birch,SAS,2022,6667500,0.05392,0.0435,-0.0104,5378992,6667500,-0.0976,-0.1854,-0.717,,,991,0.6443,11.2,80,3,0,0.25,-0.0053,-0.0001,0.0056,0.0121,-0.012,-0.0104,0.0005,-0.0404,0.0013,0.0057,0.0026,-0.0008,0.0848
Jonathan Kuminga,,2022,5739840,0.04641818,0.0425,-0.0039,5255337,5739840,-0.7301,-0.4796,0.0746,,,1185,0.8537,22.7,79,0,0,0.25,-0.0317,-0.0002,-0.0003,0.0121,-0.012,-0.0025,-0.0123,0.0196,0.0005,-0.0171,0.0026,-0.0008,0.0848
Austin Rivers,MIN,2022,1836090,0.014848,0.0424,0.0276,5242972,1836090,-0.5748,-1.7524,-0.3477,,,1480,0.6743,12.6,76,3,0,0.25,-0.0252,-0.0008,0.0028,0.0121,-0.012,0.0096,-0.0014,-0.0331,-0.0019,0.0057,0.0026,-0.0008,0.0848
Josh Christopher,HOU,2022,2372160,0.019184,0.0421,0.0229,5205875,2372160,-0.6496,-1.2727,-0.4858,,,1334,0.9024,21.1,76,0,0,0.25,-0.0284,-0.0006,0.0039,0.0121,-0.012,0.0036,-0.0153,0.0113,-0.0019,-0.0171,0.0026,-0.0008,0.0848
Stanley Johnson,SAS,2022,1245164,0.01007,0.0416,0.0315,5144048,1245164,-0.3506,-0.4988,-0.1503,,,1094,0.5853,12.5,78,3,0,0.25,-0.0159,-0.0002,0.0013,0.0121,-0.012,-0.0062,0.0041,-0.0336,-0.0003,0.0057,0.0026,-0.0008,0.0848
Sam Merrill,,2022,850000,0.006873964,0.0413,0.0345,5106951,850000,-0.7416,-0.6523,-1.9946,,,58,0.1829,19.6,76,1,0,0.25,-0.0322,-0.0003,0.0151,0.0121,-0.012,-0.0487,0.0287,0.0034,-0.0019,-0.0095,0.0026,-0.0008,0.0848
Didi Louzada,,2022,268032,0.002167579,0.0412,0.0391,5094586,268032,,-1.0552,-2.0466,,,122,0.0671,12.7,77,1,0,0.25,-0.007,-0.0005,0.0155,0.0121,-0.012,-0.0461,0.0358,-0.0326,-0.0011,-0.0095,0.0026,-0.0008,0.0848
Frank Kaminsky,HOU,2022,1836090,0.014848,0.041,0.0262,5069855,1836090,-0.5058,-0.6459,1.253,,,181,0.3352,19,84,3,0,0.25,-0.0224,-0.0003,-0.0091,0.0121,-0.012,-0.0436,0.0194,0.0003,0.0044,0.0057,0.0026,-0.0008,0.0848
Justin Jackson,OKC,2022,1836090,0.014848,0.0409,0.0261,5057489,1836090,-0.8163,-0.6459,-2.1389,,,35,0.3379,18.4,80,3,0,0.25,-0.0353,-0.0003,0.0162,0.0121,-0.012,-0.0496,0.0192,-0.0028,0.0013,0.0057,0.0026,-0.0008,0.0848
Joe Harris,BRK,2022,18642857,0.150765,0.0408,-0.11,5045124,18642857,-0.0459,-1.6245,-0.2361,,,423,0.5295,14.5,78,3,0,0.25,-0.0031,-0.0008,0.002,0.0121,-0.012,-0.0337,0.0075,-0.0232,-0.0003,0.0057,0.0026,-0.0008,0.0848
Marvin Bagley III,,2022,12500000,0.101087704,0.0407,-0.0604,5032758,12500000,-1.1958,-0.0703,-0.5681,,,663,0.3764,18.8,82,3,0,0.25,-0.0512,0,0.0045,0.0121,-0.012,-0.0239,0.0169,-0.0007,0.0028,0.0057,0.0026,-0.0008,0.0848
Omer Yurtseven,MIA,2022,1752638,0.014174,0.0406,0.0265,5020393,1752638,-0.5231,0.6653,-0.2323,,,706,,19.9,83,1,0,0.25,-0.0231,0.0003,0.002,0.0121,-0.012,-0.0221,-0.0022,0.005,0.0036,-0.0095,0.0026,-0.0008,0.0848
Lindy Waters III,,2022,1927896,0.015590926,0.0403,0.0247,4983296,1927896,-0.1436,0.1088,0.3922,,,465,0.3049,17.5,77,0,0,0.25,-0.0072,0,-0.0027,0.0121,-0.012,-0.032,0.0213,-0.0075,-0.0011,-0.0171,0.0026,-0.0008,0.0848
Josh Green,,2022,3098400,0.025056811,0.0402,0.0151,4970931,3098400,0.1151,-0.4029,0.4408,,,1039,0.689,13.9,78,1,0,0.25,0.0036,-0.0002,-0.0031,0.0121,-0.012,-0.0085,-0.0023,-0.0263,-0.0003,-0.0095,0.0026,-0.0008,0.0848
Paul Reed,,2022,1782621,0.014416085,0.0396,0.0252,4896738,1782621,0.2186,0.8252,1.7005,,,302,0.4085,16.7,81,1,0,0.25,0.0079,0.0004,-0.0125,0.0121,-0.012,-0.0387,0.0149,-0.0117,0.002,-0.0095,0.0026,-0.0008,0.0848
Matisse Thybulle,,2022,4379527,0.035417306,0.0396,0.0042,4896738,4379527,0.1554,0.192,1.0804,,,1685,0.8208,9.5,77,2,0,0.25,0.0053,0.0001,-0.0078,0.0121,-0.012,0.018,-0.0103,-0.0493,-0.0011,-0.0019,0.0026,-0.0008,0.0848
Ziaire Williams,,2022,4591680,0.037132991,0.0394,0.0022,4872007,4591680,-0.2356,-1.2087,-0.3381,,,1346,0.7561,14.9,81,0,0,0.25,-0.0111,-0.0006,0.0027,0.0121,-0.012,0.0041,-0.0064,-0.0211,0.002,-0.0171,0.0026,-0.0008,0.0848
Rodney McGruder,DET,2022,1836090,0.014848,0.0389,0.0241,4810179,1836090,-0.4024,-0.6203,-0.0687,,,754,0.5251,14.8,76,3,0,0.25,-0.018,-0.0003,0.0007,0.0121,-0.012,-0.0202,0.0078,-0.0216,-0.0019,0.0057,0.0026,-0.0008,0.0848
Davion Mitchell,,2022,4833600,0.039089402,0.0381,-0.001,4711255,4833600,-1.374,-1.5285,-0.8124,,,2076,0.9146,20.6,72,0,0,0.25,-0.0587,-0.0007,0.0063,0.0121,-0.012,0.034,-0.0161,0.0087,-0.005,-0.0171,0.0026,-0.0008,0.0848
Markieff Morris,DAL,2022,1836090,0.014848,0.0381,0.0233,4711255,1836090,-1.0348,-1.1256,-0.8365,,,298,0.4491,20.6,81,3,0,0.25,-0.0445,-0.0005,0.0065,0.0121,-0.012,-0.0388,0.0124,0.0087,0.002,0.0057,0.0026,-0.0008,0.0848
Rui Hachimura,,2022,6263188,0.050650503,0.0375,-0.0131,4637062,6263188,-1.2015,-0.6395,-0.2526,,,943,0.598,20.9,80,2,0,0.25,-0.0514,-0.0003,0.0021,0.0121,-0.012,-0.0124,0.0033,0.0102,0.0013,-0.0019,0.0026,-0.0008,0.0848
Tre Jones,,2022,1782621,0.014416085,0.037,0.0226,4575235,1782621,-0.2299,0.3327,0.1897,,,1148,0.6951,15.6,73,1,0,0.25,-0.0108,0.0001,-0.0012,0.0121,-0.012,-0.004,-0.0026,-0.0174,-0.0042,-0.0095,0.0026,-0.0008,0.0848
James Johnson,IND,2022,1836090,0.014848,0.0366,0.0218,4525773,1836090,-0.9543,-0.6011,-0.6777,,,1191,0.4974,13.7,79,3,0,0.25,-0.0411,-0.0003,0.0053,0.0121,-0.012,-0.0022,0.0095,-0.0273,0.0005,0.0057,0.0026,-0.0008,0.0848
Gorgui Dieng,SAS,2022,1836090,0.014848,0.0364,0.0215,4501042,1836090,-0.6323,0.2751,-0.5657,,,371,0.4766,16.9,82,3,0,0.25,-0.0276,0.0001,0.0044,0.0121,-0.012,-0.0359,0.0107,-0.0106,0.0028,0.0057,0.0026,-0.0008,0.0848
Josh Okogie,,2022,1836090,0.01484849,0.0349,0.0201,4315559,1836090,0.2761,-0.4988,-0.244,,,516,0.6869,12.1,76,3,0,0.25,0.0103,-0.0002,0.002,0.0121,-0.012,-0.0299,-0.0021,-0.0357,-0.0019,0.0057,0.0026,-0.0008,0.0848
Killian Tillie,MEM,2022,1901625,0.015378,0.0337,0.0184,4167173,1901625,-0.1551,-0.9337,-1.1472,,,461,0.3567,12.8,81,1,0,0.25,-0.0077,-0.0004,0.0088,0.0121,-0.012,-0.0322,0.0181,-0.032,0.002,-0.0095,0.0026,-0.0008,0.0848
Jalen McDaniels,PHI,2022,1930681,0.015613,0.0325,0.0169,4018787,1930681,-0.6323,-0.8953,-0.1059,,,895,0.5518,15.3,81,2,0,0.25,-0.0276,-0.0004,0.001,0.0121,-0.012,-0.0144,0.0061,-0.019,0.002,-0.0019,0.0026,-0.0008,0.0848
Wenyen Gabriel,LAL,2022,1878720,0.015193,0.0324,0.0173,4006422,1878720,-1.0636,-0.4156,-0.6212,,,311,0.2455,17.5,81,3,0,0.25,-0.0457,-0.0002,0.0049,0.0121,-0.012,-0.0383,0.0249,-0.0075,0.002,0.0057,0.0026,-0.0008,0.0848
Trendon Watford,,2022,1563518,0.012644196,0.0323,0.0196,3994056,1563518,-0.5633,-1.3558,-0.666,,,869,0.5854,17.6,80,0,0,0.25,-0.0248,-0.0006,0.0052,0.0121,-0.012,-0.0154,0.0041,-0.007,0.0013,-0.0171,0.0026,-0.0008,0.0848
Isaiah Todd,WAS,2022,1575000,0.012737,0.0323,0.0196,3994056,1575000,-0.9888,-0.1022,-2.2436,,,74,0.1463,19.6,81,0,0,0.25,-0.0426,-0.0001,0.017,0.0121,-0.012,-0.048,0.031,0.0034,0.002,-0.0171,0.0026,-0.0008,0.0848
Svi Mykhailiuk,,2022,1878720,0.015193239,0.0322,0.017,3981691,1878720,-0.8796,-1.1192,-0.9684,,,716,0.6068,16.9,79,3,0,0.25,-0.038,-0.0005,0.0075,0.0121,-0.012,-0.0217,0.0028,-0.0106,0.0005,0.0057,0.0026,-0.0008,0.0848
Killian Hayes,,2022,5837760,0.04721006,0.0318,-0.0154,3932229,5837760,-1.1901,-0.9913,-0.8441,,,1647,0.622,15.7,76,1,0,0.25,-0.051,-0.0005,0.0065,0.0121,-0.012,0.0165,0.0019,-0.0169,-0.0019,-0.0095,0.0026,-0.0008,0.0848
James Wiseman,,2022,9603360,0.077662529,0.0318,-0.0459,3932229,9603360,-0.9371,,,,,,,,83,1,0,0.25,-0.0404,-0.0001,0,0.0121,-0.012,-0.0014,-0.0022,-0.0049,0.0036,-0.0095,0.0026,-0.0008,0.0848
Austin Reaves,,2022,1563518,0.012644196,0.0317,0.0191,3919863,1563518,-0.0459,-0.5947,0.119,,,1418,0.7439,12.4,77,0,0,0.25,-0.0031,-0.0003,-0.0007,0.0121,-0.012,0.0071,-0.0056,-0.0341,-0.0011,-0.0171,0.0026,-0.0008,0.0848
Derrick Favors,ATL,2022,105522,0.000853,0.0311,0.0303,3845670,105522,-0.3966,-0.3005,-0.8303,,,653,0.6283,13.4,81,3,0,0.25,-0.0178,-0.0002,0.0064,0.0121,-0.012,-0.0243,0.0015,-0.0289,0.002,0.0057,0.0026,-0.0008,0.0848
Day'Ron Sharpe,,2022,2109480,0.017059399,0.0309,0.0139,3820939,2109480,-0.8048,0.1024,0.3023,,,391,0.3902,21.7,82,0,0,0.25,-0.0349,0,-0.002,0.0121,-0.012,-0.035,0.016,0.0144,0.0028,-0.0171,0.0026,-0.0008,0.0848
Nathan Knight,MIN,2022,1836090,0.014848,0.0303,0.0155,3746746,1836090,-0.4771,0.0065,0.119,,,267,0.4512,20.7,80,0,0,0.25,-0.0212,0,-0.0007,0.0121,-0.012,-0.0401,0.0123,0.0092,0.0013,-0.0171,0.0026,-0.0008,0.0848
Bol Bol,ORL,2022,2200000,0.017791,0.0301,0.0124,3722015,2200000,-0.9888,-0.1854,-0.9891,,,81,0.2219,18,87,2,0,0.25,-0.0426,-0.0001,0.0076,0.0121,-0.012,-0.0477,0.0263,-0.0049,0.0067,-0.0019,0.0026,-0.0008,0.0848
Terrence Ross,ORL,2022,10581484,0.085573,0.03,-0.0556,3709650,10581484,-1.8858,-2.2897,-1.0745,,,1448,0.7441,20.5,78,3,0,0.25,-0.0801,-0.0011,0.0082,0.0121,-0.012,0.0083,-0.0056,0.0081,-0.0003,0.0057,0.0026,-0.0008,0.0848
Malik Fitts,IND,2022,555217,0.00449,0.0297,0.0253,3672553,555217,-0.8681,-0.6651,,,,,,,77,1,0,0.25,-0.0375,-0.0003,0,0.0121,-0.012,-0.0014,-0.0022,-0.0049,-0.0011,-0.0095,0.0026,-0.0008,0.0848
Cam Thomas,,2022,2138160,0.017291335,0.0285,0.0112,3524167,2138160,-1.0981,-1.2535,-0.7497,,,1176,0.8171,22.1,75,0,0,0.25,-0.0471,-0.0006,0.0058,0.0121,-0.012,-0.0029,-0.0101,0.0165,-0.0027,-0.0171,0.0026,-0.0008,0.0848
Wesley Matthews,MIL,2022,1836090,0.014848,0.028,0.0132,3462340,1836090,-0.2069,-1.2343,-0.3601,,,1002,0.6971,10.7,77,3,0,0.25,-0.0099,-0.0006,0.0029,0.0121,-0.012,-0.01,-0.0027,-0.043,-0.0011,0.0057,0.0026,-0.0008,0.0848
Dean Wade,,2022,1930681,0.015613449,0.0278,0.0122,3437609,1930681,-0.2759,-0.0895,-0.0801,,,980,0.5748,11.1,81,2,0,0.25,-0.0127,-0.0001,0.0008,0.0121,-0.012,-0.0109,0.0047,-0.0409,0.002,-0.0019,0.0026,-0.0008,0.0848
James Bouknight,CHO,2022,4362240,0.035278,0.0278,-0.0075,3437609,4362240,-1.2878,-1.439,-1.6866,,,304,0.378,23.7,76,0,0,0.25,-0.0551,-0.0007,0.0128,0.0121,-0.012,-0.0386,0.0168,0.0248,-0.0019,-0.0171,0.0026,-0.0008,0.0848
Juan Toscano-Anderson,UTA,2022,1836090,0.014848,0.0271,0.0122,3351050,1836090,-0.5058,0.3583,0.2103,,,994,0.6751,14.7,78,2,0,0.25,-0.0224,0.0002,-0.0013,0.0121,-0.012,-0.0103,-0.0014,-0.0221,-0.0003,-0.0019,0.0026,-0.0008,0.0848
Bismack Biyombo,,2022,1836090,0.01484849,0.0262,0.0113,3239761,1836090,-0.7646,0.467,-0.3408,,,506,0.6082,17.1,80,3,0,0.25,-0.0332,0.0002,0.0028,0.0121,-0.012,-0.0303,0.0027,-0.0096,0.0013,0.0057,0.0026,-0.0008,0.0848
Isaiah Stewart,,2022,3433320,0.027765315,0.0258,-0.002,3190299,3433320,-1.1671,-0.486,-1.1878,,,1816,0.8521,14.6,80,1,0,0.25,-0.05,-0.0002,0.0091,0.0121,-0.012,0.0234,-0.0122,-0.0226,0.0013,-0.0095,0.0026,-0.0008,0.0848
Luke Kornet,,2022,2133278,0.017251854,0.0258,0.0085,3190299,2133278,-0.1149,-0.0831,0.7163,,,85,0.239,11.6,85,3,0,0.25,-0.006,-0.0001,-0.0051,0.0121,-0.012,-0.0476,0.0253,-0.0383,0.0052,0.0057,0.0026,-0.0008,0.0848
Nik Stauskas,IND,2022,702311,0.00568,0.0255,0.0198,3153202,702311,-0.6611,-0.0383,-0.1248,,,24,0.0244,18.1,78,0,0,0.25,-0.0288,0,0.0012,0.0121,-0.012,-0.0501,0.0384,-0.0044,-0.0003,-0.0171,0.0026,-0.0008,0.0848
Jordan McLaughlin,,2022,2160000,0.017467955,0.0251,0.0076,3103740,2160000,0.3393,0.2175,0.664,,,902,0.7058,11.8,71,1,0,0.25,0.013,0.0001,-0.0047,0.0121,-0.012,-0.0141,-0.0033,-0.0373,-0.0058,-0.0095,0.0026,-0.0008,0.0848
Yuta Watanabe,BRK,2022,1836090,0.014848,0.025,0.0101,3091375,1836090,-0.8163,-0.6075,-0.8148,,,445,0.4646,16.8,81,2,0,0.25,-0.0353,-0.0003,0.0063,0.0121,-0.012,-0.0328,0.0115,-0.0112,0.002,-0.0019,0.0026,-0.0008,0.0848
Jose Alvarado,,2022,1563518,0.012644196,0.025,0.0124,3091375,1563518,-0.1609,1.7398,1.6781,,,834,0.6585,18.4,72,0,0,0.25,-0.0079,0.0008,-0.0123,0.0121,-0.012,-0.0169,-0.0004,-0.0028,-0.005,-0.0171,0.0026,-0.0008,0.0848
Marko Simonovic,CHI,2022,1563518,0.012644,0.0246,0.0119,3041913,1563518,-0.9486,-0.0063,,,,,,,84,0,0,0.25,-0.0409,0,0,0.0121,-0.012,-0.0014,-0.0022,-0.0049,0.0044,-0.0171,0.0026,-0.0008,0.0848
Aaron Nesmith,,2022,3804360,0.030765921,0.0245,-0.0063,3029547,3804360,-0.5403,-0.8698,-0.8323,,,574,0.6067,17.2,77,1,0,0.25,-0.0238,-0.0004,0.0064,0.0121,-0.012,-0.0275,0.0028,-0.0091,-0.0011,-0.0095,0.0026,-0.0008,0.0848
Trey Murphy III,,2022,3206520,0.025931179,0.0245,-0.0015,3029547,3206520,-0.1666,-0.0191,-0.0704,,,864,0.7561,15.7,80,0,0,0.25,-0.0082,0,0.0007,0.0121,-0.012,-0.0156,-0.0064,-0.0169,0.0013,-0.0171,0.0026,-0.0008,0.0848
Armoni Brooks,TOR,2022,50000,0.000404,0.023,0.0226,2844065,50000,-0.9658,-0.1918,-0.7514,,,690,0.404,17.4,75,1,0,0.25,-0.0416,-0.0001,0.0058,0.0121,-0.012,-0.0228,0.0152,-0.008,-0.0027,-0.0095,0.0026,-0.0008,0.0848
Jock Landale,,2022,1563518,0.012644196,0.0227,0.01,2806968,1563518,-0.5748,-0.3069,-0.8523,,,589,0.6585,18.1,83,0,0,0.25,-0.0252,-0.0002,0.0066,0.0121,-0.012,-0.0269,-0.0004,-0.0044,0.0036,-0.0171,0.0026,-0.0008,0.0848
Corey Kispert,,2022,3552840,0.028731875,0.0227,-0.0061,2806968,3552840,-0.6841,-0.8186,-0.1104,,,1801,0.939,14.6,78,0,0,0.25,-0.0298,-0.0004,0.001,0.0121,-0.012,0.0228,-0.0176,-0.0226,-0.0003,-0.0171,0.0026,-0.0008,0.0848
Jared Butler,UTA,2022,1563518,0.012644,0.022,0.0094,2720410,1563518,-0.9313,-0.5883,-0.1837,,,360,0.5122,23.1,75,0,0,0.25,-0.0401,-0.0003,0.0016,0.0121,-0.012,-0.0363,0.0086,0.0217,-0.0027,-0.0171,0.0026,-0.0008,0.0848
Sterling Brown,LAL,2022,105522,0.000853,0.0214,0.0206,2646217,105522,-0.4771,-0.5372,-0.7021,,,628,0.6298,13.2,77,3,0,0.25,-0.0212,-0.0003,0.0055,0.0121,-0.012,-0.0253,0.0014,-0.03,-0.0011,0.0057,0.0026,-0.0008,0.0848
Jason Preston,LAC,2022,1563518,0.012644,0.0203,0.0077,2510196,1563518,-0.8796,,,,,,,,75,0,0,0.25,-0.038,-0.0001,0,0.0121,-0.012,-0.0014,-0.0022,-0.0049,-0.0027,-0.0171,0.0026,-0.0008,0.0848
Santi Aldama,,2022,2094120,0.016935183,0.0199,0.003,2460734,2094120,-0.9773,-0.5372,-1.4996,,,360,0.3902,18.4,84,0,0,0.25,-0.0421,-0.0003,0.0114,0.0121,-0.012,-0.0363,0.016,-0.0028,0.0044,-0.0171,0.0026,-0.0008,0.0848
Ayo Dosunmu,,2022,1563518,0.012644196,0.0192,0.0065,2374176,1563518,-1.0003,-1.0424,-0.2898,,,2110,0.939,14.1,76,0,0,0.25,-0.043,-0.0005,0.0024,0.0121,-0.012,0.0354,-0.0176,-0.0253,-0.0019,-0.0171,0.0026,-0.0008,0.0848
Facundo Campazzo,DAL,2022,464299,0.003755,0.019,0.0152,2349445,464299,-0.4943,-0.7674,-0.49,,,1184,0.7927,14.7,70,1,0,0.25,-0.0219,-0.0004,0.0039,0.0121,-0.012,-0.0025,-0.0086,-0.0221,-0.0066,-0.0095,0.0026,-0.0008,0.0848
Andre Iguodala,GSW,2022,1836090,0.014848,0.0186,0.0037,2299983,1836090,-0.2644,0.9339,0.9206,,,603,0.4778,11.4,78,3,0,0.25,-0.0123,0.0004,-0.0066,0.0121,-0.012,-0.0263,0.0107,-0.0393,-0.0003,0.0057,0.0026,-0.0008,0.0848
Terry Taylor,IND,2022,1563518,0.012644,0.0177,0.0051,2188693,1563518,-0.6323,-0.5628,0.0894,,,714,0.4024,15.9,77,0,0,0.25,-0.0276,-0.0003,-0.0004,0.0121,-0.012,-0.0218,0.0153,-0.0159,-0.0011,-0.0171,0.0026,-0.0008,0.0848
Romeo Langford,SAS,2022,5634257,0.045564,0.0174,-0.0282,2151597,5634257,-0.7128,-0.5244,-0.3935,,,728,0.423,13,77,2,0,0.25,-0.031,-0.0003,0.0032,0.0121,-0.012,-0.0212,0.014,-0.031,-0.0011,-0.0019,0.0026,-0.0008,0.0848
PJ Dozier,SAC,2022,539450,0.004363,0.0166,0.0122,2052673,539450,-1.0061,-0.857,-1.0087,,,340,0.3732,15.2,78,3,0,0.25,-0.0433,-0.0004,0.0078,0.0121,-0.012,-0.0371,0.0171,-0.0195,-0.0003,0.0057,0.0026,-0.0008,0.0848
Jordan Nwora,IND,2022,2800000,0.022644,0.016,-0.0067,1978480,2800000,-1.696,-1.407,-1.0218,,,1185,0.6098,19.4,80,1,0,0.25,-0.0721,-0.0007,0.0079,0.0121,-0.012,-0.0025,0.0026,0.0024,0.0013,-0.0095,0.0026,-0.0008,0.0848
Nerlens Noel,BRK,2022,105522,0.000853,0.0156,0.0147,1929018,105522,0.0921,-0.6075,-0.0945,,,562,0.556,7.3,82,3,0,0.25,0.0026,-0.0003,0.0009,0.0121,-0.012,-0.028,0.0059,-0.0607,0.0028,0.0057,0.0026,-0.0008,0.0848
Thanasis Antetokounmpo,,2022,1878720,0.015193239,0.0139,-0.0013,1718804,1878720,-0.7991,-0.9401,-0.8396,,,473,0.5568,15.7,79,2,0,0.25,-0.0346,-0.0005,0.0065,0.0121,-0.012,-0.0317,0.0058,-0.0169,0.0005,-0.0019,0.0026,-0.0008,0.0848
Aaron Wiggins,,2022,1563518,0.012644196,0.0135,0.0009,1669342,1563518,-0.9543,-1.3239,-0.5971,,,1209,0.6098,15.3,77,0,0,0.25,-0.0411,-0.0006,0.0047,0.0121,-0.012,-0.0015,0.0026,-0.019,-0.0011,-0.0171,0.0026,-0.0008,0.0848
Torrey Craig,PHO,2022,5121951,0.041421,0.0133,-0.0281,1644611,5121951,-1.213,-1.3303,-0.7404,,,1034,0.5892,13.9,77,3,0,0.25,-0.0519,-0.0006,0.0058,0.0121,-0.012,-0.0087,0.0039,-0.0263,-0.0011,0.0057,0.0026,-0.0008,0.0848
Skylar Mays,POR,2022,105522,0.000853,0.0127,0.0118,1570418,105522,-0.5921,-1.3814,-0.8255,,,220,0.3643,15.5,76,1,0,0.25,-0.026,-0.0007,0.0064,0.0121,-0.012,-0.042,0.0176,-0.018,-0.0019,-0.0095,0.0026,-0.0008,0.0848
Jaden Springer,PHI,2022,2125200,0.017187,0.0116,-0.0056,1434398,2125200,-0.4484,-0.486,0.4187,,,6,0.0244,15,76,0,0,0.25,-0.02,-0.0002,-0.0029,0.0121,-0.012,-0.0508,0.0384,-0.0206,-0.0019,-0.0171,0.0026,-0.0008,0.0848
R.J. Hampton,DET,2022,485403,0.003925,0.0116,0.0077,1434398,485403,-1.8398,-2.085,-1.1885,,,1402,0.6067,18.4,76,1,0,0.25,-0.0781,-0.001,0.0091,0.0121,-0.012,0.0064,0.0028,-0.0028,-0.0019,-0.0095,0.0026,-0.0008,0.0848
Sandro Mamukelashvili,,2022,357717,0.002892863,0.0111,0.0082,1372570,357717,-0.4598,-0.793,-1.0414,,,407,0.5,14.6,81,0,0,0.25,-0.0204,-0.0004,0.008,0.0121,-0.012,-0.0344,0.0093,-0.0226,0.002,-0.0171,0.0026,-0.0008,0.0848
Moses Moody,,2022,3740160,0.030246735,0.0104,-0.0198,1286012,3740160,-0.4254,-1.5669,-0.8086,,,607,0.6341,15.2,77,0,0,0.25,-0.019,-0.0007,0.0063,0.0121,-0.012,-0.0262,0.0011,-0.0195,-0.0011,-0.0171,0.0026,-0.0008,0.0848
Lamar Stevens,CLE,2022,1782621,0.014416,0.01,-0.0044,1236550,1782621,-1.213,-1.2023,-0.5919,,,1015,0.6631,17.1,79,1,0,0.25,-0.0519,-0.0006,0.0046,0.0121,-0.012,-0.0095,-0.0007,-0.0096,0.0005,-0.0095,0.0026,-0.0008,0.0848
Anthony Gill,,2022,1836090,0.01484849,0.0096,-0.0053,1187088,1836090,-0.5633,-0.3453,-0.0408,,,463,0.4543,14.4,79,1,0,0.25,-0.0248,-0.0002,0.0005,0.0121,-0.012,-0.0321,0.0121,-0.0237,0.0005,-0.0095,0.0026,-0.0008,0.0848
Jeremiah Robinson-Earl,,2022,2000000,0.016174033,0.0088,-0.0074,1088164,2000000,-1.1671,-0.5308,-1.1851,,,1087,0.5976,15.4,81,0,0,0.25,-0.05,-0.0003,0.0091,0.0121,-0.012,-0.0065,0.0033,-0.0185,0.002,-0.0171,0.0026,-0.0008,0.0848
Keon Johnson,,2022,2681040,0.021681614,0.0085,-0.0132,1051067,2681040,-1.88,-2.0658,-1.8564,,,562,0.2683,21.1,77,0,0,0.25,-0.0798,-0.001,0.0141,0.0121,-0.012,-0.028,0.0235,0.0113,-0.0011,-0.0171,0.0026,-0.0008,0.0848
Jalen Johnson,,2022,2792640,0.022584125,0.0084,-0.0142,1038701,2792640,-1.2705,-0.6395,-1.7124,,,120,0.2683,19.3,80,0,0,0.25,-0.0543,-0.0003,0.013,0.0121,-0.012,-0.0461,0.0235,0.0019,0.0013,-0.0171,0.0026,-0.0008,0.0848
Zeke Nnaji,,2022,2617800,0.021170191,0.0082,-0.0129,1013971,2617800,-0.9428,-0.9209,-0.481,,,698,0.5046,14.9,82,1,0,0.25,-0.0406,-0.0004,0.0038,0.0121,-0.012,-0.0225,0.009,-0.0211,0.0028,-0.0095,0.0026,-0.0008,0.0848
Kai Jones,CHO,2022,2909040,0.023525,0.0082,-0.0154,1013971,2909040,-1.0463,-0.8826,-2.7124,,,63,0.2561,15.9,83,0,0,0.25,-0.045,-0.0004,0.0205,0.0121,-0.012,-0.0485,0.0242,-0.0159,0.0036,-0.0171,0.0026,-0.0008,0.0848
Charles Bassey,,2022,2600000,0.021026242,0.0072,-0.0139,890316,2600000,-0.6611,-0.3069,0.025,,,168,0.2805,16.1,82,0,0,0.25,-0.0288,-0.0002,0,0.0121,-0.012,-0.0442,0.0228,-0.0148,0.0028,-0.0171,0.0026,-0.0008,0.0848
Nick Richards,,2022,1782621,0.014416085,0.0064,-0.0081,791392,1782621,-0.9716,-1.1576,-1.4321,,,367,0.4634,15.4,83,1,0,0.25,-0.0418,-0.0006,0.0109,0.0121,-0.012,-0.036,0.0116,-0.0185,0.0036,-0.0095,0.0026,-0.0008,0.0848
Quentin Grimes,,2022,2277000,0.018414136,0.0061,-0.0123,754295,2277000,-0.6151,-0.7738,0.1566,,,786,0.561,15.1,76,0,0,0.25,-0.0269,-0.0004,-0.0009,0.0121,-0.012,-0.0188,0.0056,-0.02,-0.0019,-0.0171,0.0026,-0.0008,0.0848
Isaiah Joe,,2022,1836090,0.01484849,0.0057,-0.0091,704833,1836090,-0.8106,-1.6181,-0.9836,,,609,0.6067,15.5,76,1,0,0.25,-0.0351,-0.0008,0.0076,0.0121,-0.012,-0.0261,0.0028,-0.018,-0.0019,-0.0095,0.0026,-0.0008,0.0848
Dalano Banton,,2022,1563518,0.012644196,0.0043,-0.0083,531716,1563518,-0.7703,-0.8058,-1.09,,,696,0.7805,16.9,80,0,0,0.25,-0.0334,-0.0004,0.0084,0.0121,-0.012,-0.0225,-0.0079,-0.0106,0.0013,-0.0171,0.0026,-0.0008,0.0848
Dylan Windler,CLE,2022,4037278,0.03265,0.0007,-0.032,86558,4037278,-0.3679,-1.0872,-0.5347,,,459,,11.8,79,2,0,0.25,-0.0166,-0.0005,0.0042,0.0121,-0.012,-0.0322,-0.0022,-0.0373,0.0005,-0.0019,0.0026,-0.0008,0.0848
Sam Hauser,,2022,1637966,0.013246258,0.0001,-0.0131,12365,1637966,-0.4713,-0.5947,0.2275,,,158,0.3171,14.5,79,0,0,0.25,-0.0209,-0.0003,-0.0015,0.0121,-0.012,-0.0446,0.0205,-0.0232,0.0005,-0.0171,0.0026,-0.0008,0.0848
Malachi Flynn,TOR,2022,2145720,0.017352,-0.0014,-0.0187,-173117,2145720,-0.9888,-0.4029,-0.5024,,,537,0.5503,16.5,73,1,0,0.25,-0.0426,-0.0002,0.004,0.0121,-0.012,-0.0291,0.0062,-0.0127,-0.0042,-0.0095,0.0026,-0.0008,0.0848
Udoka Azubuike,UTA,2022,2174880,0.017588,-0.0021,-0.0197,-259675,2174880,-1.1728,-0.729,-0.655,,,195,0.1982,14.7,83,1,0,0.25,-0.0502,-0.0004,0.0051,0.0121,-0.012,-0.0431,0.0278,-0.0221,0.0036,-0.0095,0.0026,-0.0008,0.0848
Theo Pinson,DAL,2022,1836090,0.014848,-0.0025,-0.0174,-309137,1836090,-1.2705,-0.5692,-0.1827,,,148,0.222,14.7,77,3,0,0.25,-0.0543,-0.0003,0.0016,0.0121,-0.012,-0.045,0.0263,-0.0221,-0.0011,0.0057,0.0026,-0.0008,0.0848
Alize Johnson,SAS,2022,192293,0.001555,-0.0027,-0.0043,-333868,192293,-1.351,-0.3837,-1.8409,,,121,0.2106,12.4,81,3,0,0.25,-0.0577,-0.0002,0.014,0.0121,-0.012,-0.0461,0.027,-0.0341,0.002,0.0057,0.0026,-0.0008,0.0848
Patrick Williams,,2022,7775400,0.062879787,-0.003,-0.0659,-370965,7775400,-0.8911,-0.9017,-0.7015,,,422,0.4543,14.2,78,1,0,0.25,-0.0385,-0.0004,0.0055,0.0121,-0.012,-0.0338,0.0121,-0.0247,-0.0003,-0.0095,0.0026,-0.0008,0.0848
Isaiah Livers,DET,2022,1563518,0.012644,-0.005,-0.0177,-618275,1563518,-0.6611,-1.2087,0.1752,,,383,0.2317,12.4,78,0,0,0.25,-0.0288,-0.0006,-0.0011,0.0121,-0.012,-0.0354,0.0257,-0.0341,-0.0003,-0.0171,0.0026,-0.0008,0.0848
Ish Wainright,PHO,2022,474851,0.00384,-0.0052,-0.009,-643006,474851,-0.5576,-1.1768,-0.4507,,,359,0.5488,14.7,77,0,0,0.25,-0.0245,-0.0006,0.0036,0.0121,-0.012,-0.0363,0.0063,-0.0221,-0.0011,-0.0171,0.0026,-0.0008,0.0848
Eugene Omoruyi,DET,2022,269445,0.002179,-0.0062,-0.0083,-766661,269445,-1.1441,-0.1854,0.3288,,,18,0.0488,16.9,78,0,0,0.25,-0.049,-0.0001,-0.0022,0.0121,-0.012,-0.0503,0.0369,-0.0106,-0.0003,-0.0171,0.0026,-0.0008,0.0848
KZ Okpala,SAC,2022,1902133,0.015383,-0.009,-0.0244,-1112895,1902133,-1.3625,-0.4796,-0.6639,,,244,0.2773,14.4,80,2,0,0.25,-0.0582,-0.0002,0.0052,0.0121,-0.012,-0.0411,0.0229,-0.0237,0.0013,-0.0019,0.0026,-0.0008,0.0848
Ryan Arcidiacono,POR,2022,1836090,0.014848,-0.0092,-0.024,-1137626,1836090,-0.6093,-0.5436,-1.7789,,,76,0.3831,8.6,75,3,0,0.25,-0.0267,-0.0003,0.0135,0.0121,-0.012,-0.0479,0.0165,-0.054,-0.0027,0.0057,0.0026,-0.0008,0.0848
Udonis Haslem,MIA,2022,1836090,0.014848,-0.0093,-0.0242,-1149991,1836090,-2.6907,-0.4348,-2.5088,,,83,0.094,20,80,3,0,0.25,-0.1137,-0.0002,0.019,0.0121,-0.012,-0.0477,0.0342,0.0055,0.0013,0.0057,0.0026,-0.0008,0.0848
Anthony Lamb,GSW,2022,253254,0.002048,-0.01,-0.012,-1236550,253254,-1.1383,-0.3517,-3.2033,,,8,0.125,10.6,78,1,0,0.25,-0.0488,-0.0002,0.0241,0.0121,-0.012,-0.0507,0.0323,-0.0435,-0.0003,-0.0095,0.0026,-0.0008,0.0848
Davon Reed,LAL,2022,1902133,0.015383,-0.0102,-0.0256,-1261281,1902133,-0.4713,-0.4284,0.3371,,,668,0.5854,12.1,77,0,0,0.25,-0.0209,-0.0002,-0.0023,0.0121,-0.012,-0.0237,0.0041,-0.0357,-0.0011,-0.0171,0.0026,-0.0008,0.0848
Justin Champagnie,,2022,825000,0.006671788,-0.0114,-0.018,-1409667,825000,-0.3794,-0.761,0.0908,,,281,0.439,12,78,0,0,0.25,-0.0171,-0.0004,-0.0005,0.0121,-0.012,-0.0395,0.0131,-0.0362,-0.0003,-0.0171,0.0026,-0.0008,0.0848
DeAndre Jordan,,2022,7827907,0.063304411,-0.0116,-0.0749,-1434398,7827907,-1.213,-0.5052,-0.6822,,,408,0.5592,12.8,83,3,0,0.25,-0.0519,-0.0002,0.0053,0.0121,-0.012,-0.0343,0.0057,-0.032,0.0036,0.0057,0.0026,-0.0008,0.0848
Joshua Primo,SAS,2022,4144320,0.033515,-0.0151,-0.0486,-1867190,4144320,-1.5293,-1.7332,-1.3862,,,965,0.6098,15.4,76,0,0,0.25,-0.0651,-0.0008,0.0106,0.0121,-0.012,-0.0115,0.0026,-0.0185,-0.0019,-0.0171,0.0026,-0.0008,0.0848
Kessler Edwards,SAC,2022,1637966,0.013246,-0.0159,-0.0292,-1966114,1637966,-1.3855,-1.2791,-0.8196,,,987,0.5854,13.8,80,0,0,0.25,-0.0591,-0.0006,0.0063,0.0121,-0.012,-0.0106,0.0041,-0.0268,0.0013,-0.0171,0.0026,-0.0008,0.0848
Admiral Schofield,ORL,2022,506508,0.004096,-0.018,-0.0221,-2225790,506508,-1.6328,-1.6692,-1.5667,,,469,0.4615,14.5,77,2,0,0.25,-0.0695,-0.0008,0.0119,0.0121,-0.012,-0.0318,0.0117,-0.0232,-0.0011,-0.0019,0.0026,-0.0008,0.0848
JT Thor,CHO,2022,1563518,0.012644,-0.0187,-0.0314,-2312348,1563518,-0.8623,-0.8762,-1.1203,,,262,0.4024,12,81,0,0,0.25,-0.0373,-0.0004,0.0086,0.0121,-0.012,-0.0403,0.0153,-0.0362,0.002,-0.0171,0.0026,-0.0008,0.0848
Xavier Sneed,CHO,2022,94136,0.000761,-0.0205,-0.0213,-2534927,94136,-1.2418,-0.3453,-2.6204,,,31,0.0854,11.2,77,0,0,0.25,-0.0531,-0.0002,0.0198,0.0121,-0.012,-0.0498,0.0347,-0.0404,-0.0011,-0.0171,0.0026,-0.0008,0.0848
Joe Wieskamp,SAS,2022,2175000,0.017589,-0.0247,-0.0423,-3054278,2175000,-1.1268,-0.7802,-1.2522,,,205,0.3537,13.1,78,0,0,0.25,-0.0483,-0.0004,0.0096,0.0121,-0.012,-0.0427,0.0183,-0.0305,-0.0003,-0.0171,0.0026,-0.0008,0.0848
Garrett Temple,,2022,5155500,0.041692613,-0.0257,-0.0674,-3177933,5155500,-2.0582,-1.3303,-1.1089,,,1098,0.7369,13.9,77,3,0,0.25,-0.0873,-0.0006,0.0085,0.0121,-0.012,-0.0061,-0.0052,-0.0263,-0.0011,0.0057,0.0026,-0.0008,0.0848
Haywood Highsmith,,2022,1752638,0.014173612,-0.0333,-0.0474,-4117711,1752638,-1.6155,-0.8442,-1.5592,,,163,0.2317,14,77,0,0,0.25,-0.0688,-0.0004,0.0119,0.0121,-0.012,-0.0444,0.0257,-0.0258,-0.0011,-0.0171,0.0026,-0.0008,0.0848
Usman Garuba,HOU,2022,2471160,0.019984,-0.0338,-0.0538,-4179538,2471160,-0.7761,0.5373,0.3237,,,240,0.2927,9.4,80,0,0,0.25,-0.0337,0.0002,-0.0022,0.0121,-0.012,-0.0412,0.022,-0.0498,0.0013,-0.0171,0.0026,-0.0008,0.0848
Miles McBride,,2022,1563518,0.012644196,-0.0352,-0.0479,-4352656,1563518,-1.236,-0.2749,-0.4689,,,372,0.4878,13.9,74,0,0,0.25,-0.0529,-0.0001,0.0037,0.0121,-0.012,-0.0358,0.0101,-0.0263,-0.0034,-0.0171,0.0026,-0.0008,0.0848
Leandro Bolmaro,UTA,2022,2471160,0.019984,-0.0361,-0.0561,-4463945,2471160,-1.328,-1.5669,-1.6539,,,241,0.4268,12.6,78,0,0,0.25,-0.0567,-0.0007,0.0126,0.0121,-0.012,-0.0412,0.0138,-0.0331,-0.0003,-0.0171,0.0026,-0.0008,0.0848
Jericho Sims,,2022,1639842,0.013261429,-0.0396,-0.0529,-4896738,1639842,-0.7128,-0.3837,-0.11,,,555,0.5,6.9,82,0,0,0.25,-0.031,-0.0002,0.001,0.0121,-0.012,-0.0283,0.0093,-0.0628,0.0028,-0.0171,0.0026,-0.0008,0.0848
Juwan Morgan,IND,2022,576230,0.00466,-0.0586,-0.0633,-7246183,576230,-1.328,-0.5564,-0.9591,,,27,0.1705,4.8,79,2,0,0.25,-0.0567,-0.0003,0.0074,0.0121,-0.012,-0.05,0.0295,-0.0738,0.0005,-0.0019,0.0026,-0.0008,0.0848
Giannis Antetokounmpo,,2021,39344970,0.350000623,0.3441,-0.0059,38681657,39344970,4.3047,4.2231,2.3829,,,2013,0.8101,32.5,83,2,0,0.25,0.1788,0.002,-0.0176,0.0121,-0.012,0.0315,-0.0097,0.0707,0.0036,-0.0019,0.0026,-0.0008,0.0848
Joel Embiid,,2021,31579390,0.280920437,0.321,0.0401,36084894,31579390,3.5522,3.1723,1.9713,,,1585,0.6796,35.3,84,2,0,0.25,0.1473,0.0015,-0.0145,0.0121,-0.012,0.0139,-0.0017,0.0853,0.0044,-0.0019,0.0026,-0.0008,0.0848
LeBron James,,2021,41180544,0.366329318,0.3111,-0.0553,34971995,41180544,3.8386,2.8443,1.6897,,,1504,0.6877,31.9,81,2,0,0.25,0.1593,0.0013,-0.0124,0.0121,-0.012,0.0106,-0.0022,0.0676,0.002,-0.0019,0.0026,-0.0008,0.0848
Stephen Curry,,2021,45780966,0.407253242,0.3084,-0.0988,34668477,45780966,2.7716,3.0387,1.8638,,,2152,0.5733,34.8,74,2,0,0.25,0.1147,0.0014,-0.0137,0.0121,-0.012,0.0372,0.0048,0.0827,-0.0034,-0.0019,0.0026,-0.0008,0.0848
Kawhi Leonard,,2021,39344900,0.35,0.2959,-0.0541,33263302,39344900,3.8891,3.1844,2.7782,,,1773,0.7009,28.6,78,2,0,0.25,0.1614,0.0015,-0.0205,0.0121,-0.012,0.0216,-0.003,0.0504,-0.0003,-0.0019,0.0026,-0.0008,0.0848
Paul George,,2021,39344970,0.350000623,0.28,-0.07,31475920,39344970,3.0524,2.3401,1.4869,,,1821,0.7171,30,80,2,0,0.25,0.1264,0.0011,-0.0109,0.0121,-0.012,0.0236,-0.004,0.0577,0.0013,-0.0019,0.0026,-0.0008,0.0848
Kevin Durant,,2021,40918900,0.364001815,0.2741,-0.0899,30812677,40918900,3.4287,2.1579,2.1127,,,1157,,31.2,83,2,0,0.25,0.1422,0.001,-0.0155,0.0121,-0.012,-0.0036,-0.0022,0.064,0.0036,-0.0019,0.0026,-0.0008,0.0848
Damian Lillard,,2021,39344900,0.35,0.2704,-0.0796,30396745,39344900,2.4234,2.4495,1.4451,,,2398,0.8787,31.4,74,2,0,0.25,0.1001,0.0011,-0.0106,0.0121,-0.012,0.0472,-0.0139,0.065,-0.0034,-0.0019,0.0026,-0.0008,0.0848
Devin Booker,,2021,31650600,0.281553899,0.2532,-0.0284,28463224,31650600,1.8113,1.3926,0.9585,,,2270,0.8563,32.7,77,2,0,0.25,0.0745,0.0006,-0.0069,0.0121,-0.012,0.042,-0.0125,0.0718,-0.0011,-0.0019,0.0026,-0.0008,0.0848
Kyrie Irving,,2021,34916200,0.310603661,0.2531,-0.0575,28451983,34916200,2.2269,2.2916,1.6174,,,1886,0.576,30.4,74,2,0,0.25,0.0919,0.0011,-0.0119,0.0121,-0.012,0.0262,0.0047,0.0598,-0.0034,-0.0019,0.0026,-0.0008,0.0848
Trae Young,,2021,8326471,0.074069698,0.2471,0.173,27777499,8326471,1.7945,1.1071,0.9628,,,2125,0.8317,33,74,2,0,0.25,0.0738,0.0005,-0.007,0.0121,-0.012,0.036,-0.011,0.0733,-0.0034,-0.0019,0.0026,-0.0008,0.0848
Jayson Tatum,,2021,28103550,0.250000445,0.2453,-0.0047,27575154,28103550,1.845,2.1458,1.333,,,2290,0.8579,30.8,80,2,0,0.25,0.0759,0.001,-0.0097,0.0121,-0.012,0.0428,-0.0126,0.0619,0.0013,-0.0019,0.0026,-0.0008,0.0848
Donovan Mitchell,,2021,28103500,0.25,0.2451,-0.0049,27552671,28103500,1.9798,1.2225,0.9491,,,1771,0.7985,33.5,74,2,0,0.25,0.0816,0.0006,-0.0069,0.0121,-0.012,0.0215,-0.009,0.076,-0.0034,-0.0019,0.0026,-0.0008,0.0848
James Harden,,2021,44310840,0.394175459,0.2448,-0.1494,27518947,44310840,2.9569,2.5102,1.6825,,,1319,0.6931,28.4,77,2,0,0.25,0.1224,0.0012,-0.0123,0.0121,-0.012,0.003,-0.0025,0.0493,-0.0011,-0.0019,0.0026,-0.0008,0.0848
Bradley Beal,,2021,33724200,0.3,0.2432,-0.0568,27339084,33724200,1.5361,1.5444,1.3993,,,2147,0.8034,34.1,76,2,0,0.25,0.063,0.0007,-0.0102,0.0121,-0.012,0.0369,-0.0093,0.0791,-0.0019,-0.0019,0.0026,-0.0008,0.0848
Russell Westbrook,,2021,44211146,0.393288612,0.2348,-0.1585,26394807,44211146,1.4463,1.7996,0.4606,,,2369,0.8119,30.2,76,2,0,0.25,0.0593,0.0008,-0.0032,0.0121,-0.012,0.046,-0.0098,0.0587,-0.0019,-0.0019,0.0026,-0.0008,0.0848
Karl-Anthony Towns,MIN,2021,31650600,0.281554,0.2347,-0.0468,26383565,31650600,1.8787,2.2976,0.6778,,,1689,0.6385,29.1,84,2,0,0.25,0.0773,0.0011,-0.0048,0.0121,-0.012,0.0182,0.0008,0.053,0.0044,-0.0019,0.0026,-0.0008,0.0848
Anthony Davis,,2021,35361360,0.314563666,0.2251,-0.0894,25304391,35361360,2.3167,2.2369,1.5788,,,1162,0.6144,29.2,82,2,0,0.25,0.0957,0.001,-0.0116,0.0121,-0.012,-0.0034,0.0023,0.0535,0.0028,-0.0019,0.0026,-0.0008,0.0848
Chris Paul,,2021,30800000,0.273987226,0.2215,-0.0525,24899701,30800000,2.5919,2.3827,1.6323,,,2199,0.86,22.6,72,2,0,0.25,0.1072,0.0011,-0.012,0.0121,-0.012,0.0391,-0.0127,0.0191,-0.005,-0.0019,0.0026,-0.0008,0.0848
Jaylen Brown,,2021,24830357,0.220883137,0.2178,-0.0031,24483769,24830357,1.5137,0.2324,1.1697,,,1999,0.7716,29.7,78,2,0,0.25,0.0621,0.0001,-0.0085,0.0121,-0.012,0.0309,-0.0073,0.0561,-0.0003,-0.0019,0.0026,-0.0008,0.0848
Jimmy Butler,,2021,36016200,0.32038892,0.2161,-0.1043,24292665,36016200,2.255,3.3667,2.8389,,,1745,0.6929,26.6,78,2,0,0.25,0.0931,0.0016,-0.021,0.0121,-0.012,0.0205,-0.0025,0.04,-0.0003,-0.0019,0.0026,-0.0008,0.0848
Rudy Gobert,,2021,35344828,0.314416603,0.2122,-0.1022,23854250,35344828,2.9401,3.5003,1.8389,,,2187,0.9138,17,85,2,0,0.25,0.1217,0.0016,-0.0135,0.0121,-0.012,0.0386,-0.016,-0.0101,0.0052,-0.0019,0.0026,-0.0008,0.0848
Zion Williamson,,2021,10733400,0.09548099,0.2078,0.1123,23359629,10733400,1.2273,1.7024,1.6959,,,2026,0.5899,29.8,78,1,0,0.25,0.0501,0.0008,-0.0124,0.0121,-0.012,0.032,0.0038,0.0567,-0.0003,-0.0095,0.0026,-0.0008,0.0848
Khris Middleton,,2021,35500000,0.315796965,0.2058,-0.11,23134801,35500000,1.5979,1.3136,0.8878,,,2269,0.8608,25,79,2,0,0.25,0.0656,0.0006,-0.0064,0.0121,-0.012,0.042,-0.0128,0.0316,0.0005,-0.0019,0.0026,-0.0008,0.0848
Zach LaVine,,2021,19500000,0.173465938,0.2047,0.0313,23011145,19500000,1.0026,0.4572,1.1872,,,2034,0.7573,31,77,2,0,0.25,0.0407,0.0002,-0.0086,0.0121,-0.012,0.0323,-0.0064,0.0629,-0.0011,-0.0019,0.0026,-0.0008,0.0848
Brandon Ingram,,2021,29467800,0.262136389,0.2014,-0.0608,22640179,29467800,1.0981,0.4754,0.7192,,,2093,0.7571,28,80,2,0,0.25,0.0447,0.0002,-0.0051,0.0121,-0.012,0.0347,-0.0064,0.0473,0.0013,-0.0019,0.0026,-0.0008,0.0848
Julius Randle,,2021,19800000,0.176134645,0.2009,0.0248,22583972,19800000,0.5758,0.3539,1.0245,,,2667,0.8776,29.3,81,2,0,0.25,0.0229,0.0002,-0.0074,0.0121,-0.012,0.0583,-0.0138,0.054,0.002,-0.0019,0.0026,-0.0008,0.0848
Jrue Holiday,,2021,30133333,0.268056763,0.1998,-0.0683,22460317,30133333,2.1763,1.9453,1.4071,,,1907,0.7773,22.2,76,2,0,0.25,0.0898,0.0009,-0.0103,0.0121,-0.012,0.0271,-0.0077,0.017,-0.0019,-0.0019,0.0026,-0.0008,0.0848
CJ McCollum,,2021,30864198,0.274558311,0.1949,-0.0797,21909488,30864198,1.7495,1.7084,1.5208,,,1600,0.749,27.1,75,2,0,0.25,0.0719,0.0008,-0.0111,0.0121,-0.012,0.0145,-0.0059,0.0426,-0.0027,-0.0019,0.0026,-0.0008,0.0848
De'Aaron Fox,,2021,28103500,0.25,0.1925,-0.0575,21639695,28103500,0.6208,0.8763,0.4606,,,2036,0.7637,31,75,2,0,0.25,0.0248,0.0004,-0.0032,0.0121,-0.012,0.0324,-0.0068,0.0629,-0.0027,-0.0019,0.0026,-0.0008,0.0848
Pascal Siakam,,2021,33003936,0.293592755,0.1911,-0.1025,21482315,33003936,1.1823,1.6173,0.7261,,,2006,0.7866,26.3,80,2,0,0.25,0.0482,0.0007,-0.0052,0.0121,-0.012,0.0312,-0.0082,0.0384,0.0013,-0.0019,0.0026,-0.0008,0.0848
Mike Conley,,2021,21000000,0.186809472,0.1857,-0.0011,20875279,21000000,2.1258,1.9332,1.894,,,1498,0.6775,23.1,73,2,0,0.25,0.0877,0.0009,-0.0139,0.0121,-0.012,0.0103,-0.0015,0.0217,-0.0042,-0.0019,0.0026,-0.0008,0.0848
Tobias Harris,,2021,35995950,0.320208782,0.1812,-0.1391,20369416,35995950,1.3789,0.9431,1.2781,,,2014,0.8122,23.9,80,2,0,0.25,0.0564,0.0004,-0.0093,0.0121,-0.012,0.0315,-0.0098,0.0259,0.0013,-0.0019,0.0026,-0.0008,0.0848
Bam Adebayo,,2021,28103550,0.250000445,0.1802,-0.0698,20257002,28103550,1.2947,1.6113,1.0077,,,2143,0.8902,23.7,81,2,0,0.25,0.0529,0.0007,-0.0073,0.0121,-0.012,0.0368,-0.0146,0.0248,0.002,-0.0019,0.0026,-0.0008,0.0848
Kemba Walker,NYK,2021,8729020,0.077651,0.1767,0.099,19863553,8729020,1.4856,1.3561,0.617,,,1369,0.6955,26.1,72,2,0,0.25,0.0609,0.0006,-0.0044,0.0121,-0.012,0.0051,-0.0026,0.0374,-0.005,-0.0019,0.0026,-0.0008,0.0848
Domantas Sabonis,,2021,18500000,0.164570249,0.1755,0.0109,19728657,18500000,0.8903,0.8398,0.7937,,,2231,0.8169,24.1,82,2,0,0.25,0.036,0.0004,-0.0057,0.0121,-0.012,0.0404,-0.0101,0.0269,0.0028,-0.0019,0.0026,-0.0008,0.0848
Kyle Lowry,,2021,26984128,0.240042415,0.1748,-0.0653,19649967,26984128,1.7046,0.7548,0.1687,,,1601,0.6807,21.4,72,2,0,0.25,0.0701,0.0003,-0.001,0.0121,-0.012,0.0146,-0.0017,0.0128,-0.005,-0.0019,0.0026,-0.0008,0.0848
Jamal Murray,,2021,29467800,0.262136389,0.1747,-0.0875,19638725,29467800,1.2834,1.4351,0.8962,,,1704,0.7214,24.8,76,2,0,0.25,0.0525,0.0007,-0.0065,0.0121,-0.012,0.0188,-0.0042,0.0306,-0.0019,-0.0019,0.0026,-0.0008,0.0848
John Wall,HOU,2021,44310840,0.394175,0.1734,-0.2208,19492587,44310840,0.5028,-0.1745,-0.698,,,1288,,31.7,75,2,0,0.25,0.0198,-0.0001,0.0054,0.0121,-0.012,0.0017,-0.0022,0.0666,-0.0027,-0.0019,0.0026,-0.0008,0.0848
Fred VanVleet,,2021,19675926,0.175030921,0.1701,-0.005,19121621,19675926,1.216,1.836,1.3713,,,1899,0.6982,23.9,72,2,0,0.25,0.0496,0.0008,-0.01,0.0121,-0.012,0.0268,-0.0028,0.0259,-0.005,-0.0019,0.0026,-0.0008,0.0848
Clint Capela,,2021,17103448,0.152146957,0.1696,0.0175,19065414,17103448,1.5024,2.1701,1.2096,,,1898,0.7101,19.9,82,2,0,0.25,0.0616,0.001,-0.0088,0.0121,-0.012,0.0267,-0.0035,0.005,0.0028,-0.0019,0.0026,-0.0008,0.0848
Michael Porter Jr.,,2021,5258735,0.046780072,0.1694,0.1226,19042931,5258735,1.261,0.8581,1.3174,,,1912,,21.7,82,2,0,0.25,0.0515,0.0004,-0.0096,0.0121,-0.012,0.0273,-0.0022,0.0144,0.0028,-0.0019,0.0026,-0.0008,0.0848
Malcolm Brogdon,IND,2021,21700000,0.193036,0.1677,-0.0253,18851827,21700000,0.6376,0.8338,0.1712,,,1930,0.7226,25.9,76,2,0,0.25,0.0255,0.0004,-0.0011,0.0121,-0.012,0.0281,-0.0043,0.0363,-0.0019,-0.0019,0.0026,-0.0008,0.0848
Dillon Brooks,,2021,12200000,0.108527408,0.1658,0.0573,18638241,12200000,0.486,-0.0895,0.0641,,,1997,0.7566,26.1,79,2,0,0.25,0.0191,-0.0001,-0.0003,0.0121,-0.012,0.0308,-0.0064,0.0374,0.0005,-0.0019,0.0026,-0.0008,0.0848
Anthony Edwards,,2021,10245480,0.091140605,0.1644,0.0733,18480861,10245480,0.6039,-0.6301,-0.1032,,,2314,0.878,27,76,0,0,0.25,0.024,-0.0003,0.001,0.0121,-0.012,0.0438,-0.0138,0.042,-0.0019,-0.0171,0.0026,-0.0008,0.0848
Jordan Clarkson,,2021,12420000,0.110484459,0.1641,0.0536,18447137,12420000,0.4074,0.7062,0.9716,,,1818,0.7872,29.7,77,2,0,0.25,0.0158,0.0003,-0.007,0.0121,-0.012,0.0235,-0.0083,0.0561,-0.0011,-0.0019,0.0026,-0.0008,0.0848
Deandre Ayton,,2021,12632950,0.112378796,0.1641,0.0517,18447137,12632950,1.3003,0.8884,0.6049,,,2115,0.7522,18.2,84,2,0,0.25,0.0532,0.0004,-0.0043,0.0121,-0.012,0.0356,-0.0061,-0.0039,0.0044,-0.0019,0.0026,-0.0008,0.0848
Andre Drummond,,2021,2401537,0.021363327,0.1591,0.1378,17885067,2401537,0.5085,1.2407,-0.0814,,,722,0.5493,31.3,83,2,0,0.25,0.0201,0.0006,0.0008,0.0121,-0.012,-0.0215,0.0063,0.0645,0.0036,-0.0019,0.0026,-0.0008,0.0848
Ben Simmons,BRK,2021,33003936,0.293593,0.1577,-0.1359,17727687,33003936,1.2834,1.8117,1.0485,,,1877,0.7838,20.2,82,2,0,0.25,0.0525,0.0008,-0.0076,0.0121,-0.012,0.0259,-0.0081,0.0066,0.0028,-0.0019,0.0026,-0.0008,0.0848
Dejounte Murray,,2021,15428880,0.13725052,0.1566,0.0193,17604032,15428880,0.5028,0.9006,0.6005,,,2139,,23.4,76,2,0,0.25,0.0198,0.0004,-0.0043,0.0121,-0.012,0.0366,-0.0022,0.0233,-0.0019,-0.0019,0.0026,-0.0008,0.0848
John Collins,,2021,23000000,0.20460085,0.1555,-0.0491,17480377,23000000,0.9296,1.0038,1.0965,,,1848,0.7038,22.2,81,2,0,0.25,0.0377,0.0005,-0.008,0.0121,-0.012,0.0247,-0.0032,0.017,0.002,-0.0019,0.0026,-0.0008,0.0848
Brook Lopez,,2021,13302325,0.118333348,0.1553,0.037,17457894,13302325,1.5754,1.1071,0.0877,,,1902,0.9077,16.9,85,2,0,0.25,0.0647,0.0005,-0.0004,0.0121,-0.012,0.0269,-0.0156,-0.0106,0.0052,-0.0019,0.0026,-0.0008,0.0848
Andrew Wiggins,,2021,31579390,0.280920437,0.1496,-0.1313,16817134,31579390,0.194,0.1109,0.3264,,,2364,0.786,23.3,78,2,0,0.25,0.0069,0,-0.0022,0.0121,-0.012,0.0458,-0.0082,0.0227,-0.0003,-0.0019,0.0026,-0.0008,0.0848
Shai Gilgeous-Alexander,,2021,5495532,0.048886544,0.1454,0.0965,16344995,5495532,0.705,0.688,1.0946,,,1180,0.7051,27.8,78,2,0,0.25,0.0283,0.0003,-0.0079,0.0121,-0.012,-0.0027,-0.0032,0.0462,-0.0003,-0.0019,0.0026,-0.0008,0.0848
Kyle Anderson,,2021,9937150,0.088397797,0.1422,0.0538,15985270,9937150,1.1711,1.7996,0.9747,,,1887,0.8048,18.5,80,2,0,0.25,0.0478,0.0008,-0.0071,0.0121,-0.012,0.0263,-0.0093,-0.0023,0.0013,-0.0019,0.0026,-0.0008,0.0848
Jerami Grant,,2021,20002500,0.177936022,0.1401,-0.0378,15749201,20002500,-0.1261,0.2203,0.3317,,,1829,0.8202,28.5,79,2,0,0.25,-0.0065,0.0001,-0.0023,0.0121,-0.012,0.0239,-0.0103,0.0499,0.0005,-0.0019,0.0026,-0.0008,0.0848
Derrick White,,2021,15178571,0.135023849,0.1385,0.0035,15569339,15178571,1.2497,0.8095,0.7741,,,1064,0.6663,22.4,76,2,0,0.25,0.051,0.0004,-0.0056,0.0121,-0.012,-0.0074,-0.0009,0.018,-0.0019,-0.0019,0.0026,-0.0008,0.0848
Collin Sexton,,2021,6349671,0.056484699,0.1373,0.0808,15434442,6349671,-0.5305,-0.5268,0.2479,,,2115,0.8367,29.7,75,2,0,0.25,-0.0234,-0.0003,-0.0016,0.0121,-0.012,0.0356,-0.0113,0.0561,-0.0027,-0.0019,0.0026,-0.0008,0.0848
Chris Boucher,,2021,7020000,0.062447738,0.136,0.0735,15288304,7020000,1.0195,1.0464,0.8513,,,1453,0.6925,20.5,80,2,0,0.25,0.0414,0.0005,-0.0061,0.0121,-0.012,0.0085,-0.0025,0.0081,0.0013,-0.0019,0.0026,-0.0008,0.0848
Gordon Hayward,CHO,2021,29925000,0.266203,0.136,-0.1302,15288304,29925000,0.5365,0.1535,0.8482,,,1496,0.6606,23.9,79,2,0,0.25,0.0212,0.0001,-0.0061,0.0121,-0.012,0.0103,-0.0005,0.0259,0.0005,-0.0019,0.0026,-0.0008,0.0848
Josh Jackson,SAC,2021,5005350,0.044526,0.1357,0.0912,15254579,5005350,-0.0587,-0.9156,-0.2537,,,1560,0.6624,26.5,80,2,0,0.25,-0.0037,-0.0004,0.0021,0.0121,-0.012,0.0129,-0.0006,0.0394,0.0013,-0.0019,0.0026,-0.0008,0.0848
Ja Morant,,2021,9603360,0.085428505,0.1355,0.0501,15232097,9603360,-0.0812,0.9249,-0.0556,,,2053,0.8291,27.2,74,1,0,0.25,-0.0046,0.0004,0.0006,0.0121,-0.012,0.0331,-0.0108,0.0431,-0.0034,-0.0095,0.0026,-0.0008,0.0848
Victor Oladipo,MIA,2021,2389641,0.021258,0.1351,0.1139,15187131,2389641,-0.0194,0.6819,0.1011,,,669,0.2889,29.8,75,2,0,0.25,-0.002,0.0003,-0.0005,0.0121,-0.012,-0.0236,0.0222,0.0567,-0.0027,-0.0019,0.0026,-0.0008,0.0848
D'Angelo Russell,,2021,30013500,0.266990766,0.1347,-0.1323,15142165,30013500,-0.0531,-0.3203,-0.1693,,,1196,0.5912,29.1,75,2,0,0.25,-0.0034,-0.0002,0.0015,0.0121,-0.012,-0.002,0.0037,0.053,-0.0027,-0.0019,0.0026,-0.0008,0.0848
Marcus Smart,,2021,13839285,0.123109977,0.1341,0.011,15074717,13839285,1.1992,1.0038,0.437,,,1581,0.7378,18.4,75,2,0,0.25,0.0489,0.0005,-0.003,0.0121,-0.012,0.0137,-0.0052,-0.0028,-0.0027,-0.0019,0.0026,-0.0008,0.0848
Richaun Holmes,SAC,2021,10384500,0.092377,0.133,0.0406,14951062,10384500,0.9746,0.603,0.512,,,1782,0.726,17.5,81,2,0,0.25,0.0395,0.0003,-0.0036,0.0121,-0.012,0.022,-0.0045,-0.0075,0.002,-0.0019,0.0026,-0.0008,0.0848
Duncan Robinson,,2021,15560000,0.138416923,0.1321,-0.0063,14849889,15560000,0.632,0.8155,0.0778,,,2262,0.7798,16.6,79,2,0,0.25,0.0252,0.0004,-0.0004,0.0121,-0.012,0.0417,-0.0078,-0.0122,0.0005,-0.0019,0.0026,-0.0008,0.0848
RJ Barrett,,2021,8623920,0.076715712,0.1313,0.0546,14759958,8623920,-0.1093,-0.9338,0.4195,,,2511,0.8404,23.4,78,1,0,0.25,-0.0058,-0.0004,-0.0029,0.0121,-0.012,0.0519,-0.0115,0.0233,-0.0003,-0.0095,0.0026,-0.0008,0.0848
Mikal Bridges,,2021,5557725,0.049439794,0.131,0.0816,14726234,5557725,1.1936,1.344,1.2442,,,2348,0.9432,14.9,78,2,0,0.25,0.0487,0.0006,-0.0091,0.0121,-0.012,0.0452,-0.0178,-0.0211,-0.0003,-0.0019,0.0026,-0.0008,0.0848
Robert Covington,LAC,2021,12975471,0.115426,0.131,0.0156,14726234,12975471,1.2048,1.0099,0.5881,,,2243,0.6805,11.5,79,2,0,0.25,0.0492,0.0005,-0.0042,0.0121,-0.012,0.0409,-0.0017,-0.0388,0.0005,-0.0019,0.0026,-0.0008,0.0848
DeMar DeRozan,,2021,26000000,0.231287918,0.1304,-0.1009,14658785,26000000,-0.0756,0.9978,1.2373,,,2056,0.8431,26.1,78,2,0,0.25,-0.0044,0.0005,-0.009,0.0121,-0.012,0.0332,-0.0117,0.0374,-0.0003,-0.0019,0.0026,-0.0008,0.0848
Norman Powell,,2021,15517242,0.138036561,0.1294,-0.0086,14546371,15517242,0.559,0.2021,0.7924,,,1277,0.6191,24.2,75,2,0,0.25,0.0222,0.0001,-0.0057,0.0121,-0.012,0.0013,0.002,0.0274,-0.0027,-0.0019,0.0026,-0.0008,0.0848
Buddy Hield,,2021,22477273,0.199950834,0.1293,-0.0707,14535130,22477273,0.194,0.281,0.2027,,,2433,0.9329,20.7,76,2,0,0.25,0.0069,0.0001,-0.0013,0.0121,-0.012,0.0487,-0.0172,0.0092,-0.0019,-0.0019,0.0026,-0.0008,0.0848
Terry Rozier,,2021,17905263,0.159279654,0.1288,-0.0305,14478923,17905263,-0.1149,-0.0713,0.9781,,,2383,0.8759,24.4,73,2,0,0.25,-0.006,0,-0.0071,0.0121,-0.012,0.0466,-0.0137,0.0285,-0.0042,-0.0019,0.0026,-0.0008,0.0848
Draymond Green,,2021,24026712,0.213734161,0.1276,-0.0861,14344026,24026712,1.3452,1.429,1.0822,,,1982,0.7243,13.1,78,2,0,0.25,0.055,0.0007,-0.0079,0.0121,-0.012,0.0302,-0.0044,-0.0305,-0.0003,-0.0019,0.0026,-0.0008,0.0848
Jonathan Isaac,,2021,17400000,0.154784991,0.127,-0.0278,14276578,17400000,1.1767,,,,,,,,82,2,0,0.25,0.048,-0.0001,0,0.0121,-0.012,-0.0014,-0.0022,-0.0049,0.0028,-0.0019,0.0026,-0.0008,0.0848
Caris LeVert,,2021,17500000,0.15567456,0.1266,-0.029,14231612,17500000,-0.0924,-0.6969,0.7681,,,1152,0.4985,27.9,79,2,0,0.25,-0.0051,-0.0003,-0.0055,0.0121,-0.012,-0.0038,0.0094,0.0467,0.0005,-0.0019,0.0026,-0.0008,0.0848
LaMelo Ball,,2021,8231760,0.073227178,0.1262,0.053,14186646,8231760,0.267,0.1838,0.322,,,1469,0.622,26.1,79,0,0,0.25,0.01,0.0001,-0.0022,0.0121,-0.012,0.0092,0.0019,0.0374,0.0005,-0.0171,0.0026,-0.0008,0.0848
Paul Millsap,PHI,2021,2641691,0.0235,0.1256,0.1021,14119198,2641691,1.3396,0.9856,0.7273,,,1162,0.7247,18.6,79,2,0,0.25,0.0548,0.0004,-0.0052,0.0121,-0.012,-0.0034,-0.0044,-0.0018,0.0005,-0.0019,0.0026,-0.0008,0.0848
OG Anunoby,TOR,2021,16071429,0.142966,0.1253,-0.0177,14085474,16071429,0.9914,-0.2656,0.8192,,,1433,0.7131,19.3,79,2,0,0.25,0.0402,-0.0001,-0.0059,0.0121,-0.012,0.0077,-0.0037,0.0019,0.0005,-0.0019,0.0026,-0.0008,0.0848
Danny Green,PHI,2021,10000000,0.088957,0.1248,0.0358,14029267,10000000,1.4238,0.1717,0.7488,,,1934,0.8992,14,78,2,0,0.25,0.0583,0.0001,-0.0054,0.0121,-0.012,0.0282,-0.0151,-0.0258,-0.0003,-0.0019,0.0026,-0.0008,0.0848
Reggie Jackson,LAC,2021,10384500,0.092377,0.1232,0.0308,13849404,10384500,0.7555,0.7973,0.7233,,,1544,0.6669,19.9,74,2,0,0.25,0.0304,0.0004,-0.0052,0.0121,-0.012,0.0122,-0.0009,0.005,-0.0034,-0.0019,0.0026,-0.0008,0.0848
Jalen Brunson,,2021,1802057,0.016030539,0.1228,0.1068,13804439,1802057,0.7555,0.5726,0.479,,,1697,0.8302,20.2,74,2,0,0.25,0.0304,0.0003,-0.0034,0.0121,-0.012,0.0185,-0.0109,0.0066,-0.0034,-0.0019,0.0026,-0.0008,0.0848
Thaddeus Young,TOR,2021,14190000,0.12623,0.1213,-0.0049,13635818,14190000,0.6208,1.0707,1.4059,,,1652,0.8789,22.3,80,2,0,0.25,0.0248,0.0005,-0.0103,0.0121,-0.012,0.0167,-0.0139,0.0175,0.0013,-0.0019,0.0026,-0.0008,0.0848
Alec Burks,NYK,2021,9536000,0.084829,0.1185,0.0337,13321059,9536000,0.5983,0.0927,0.8376,,,1255,0.5817,21.3,77,2,0,0.25,0.0238,0,-0.006,0.0121,-0.012,0.0004,0.0043,0.0123,-0.0011,-0.0019,0.0026,-0.0008,0.0848
Serge Ibaka,MIL,2021,9720900,0.086474,0.1184,0.0319,13309817,9720900,0.9072,1.2529,0.1622,,,955,0.6597,20.1,83,2,0,0.25,0.0367,0.0006,-0.001,0.0121,-0.012,-0.0119,-0.0005,0.006,0.0036,-0.0019,0.0026,-0.0008,0.0848
Jakob Poeltl,,2021,8750000,0.07783728,0.1172,0.0394,13174920,8750000,1.1936,0.767,0.3609,,,1845,0.8835,13.4,84,2,0,0.25,0.0487,0.0003,-0.0025,0.0121,-0.012,0.0246,-0.0142,-0.0289,0.0044,-0.0019,0.0026,-0.0008,0.0848
Joe Ingles,,2021,12436364,0.110630028,0.1159,0.0053,13028782,12436364,1.0195,1.1739,1.3233,,,1867,0.9085,16.6,80,2,0,0.25,0.0414,0.0005,-0.0097,0.0121,-0.012,0.0255,-0.0157,-0.0122,0.0013,-0.0019,0.0026,-0.0008,0.0848
Derrick Rose,NYK,2021,13445120,0.119604,0.1154,-0.0042,12972575,13445120,0.5028,0.2324,1.1622,,,937,0.5461,24.3,75,2,0,0.25,0.0198,0.0001,-0.0085,0.0121,-0.012,-0.0127,0.0065,0.028,-0.0027,-0.0019,0.0026,-0.0008,0.0848
Michael Carter-Williams,ORL,2021,3300000,0.029356,0.115,0.0856,12927610,3300000,0.5815,-0.5329,-0.5444,,,800,0.4058,20.2,78,2,0,0.25,0.0231,-0.0003,0.0043,0.0121,-0.012,-0.0183,0.0151,0.0066,-0.0003,-0.0019,0.0026,-0.0008,0.0848
Lonzo Ball,,2021,18604651,0.165501192,0.1147,-0.0508,12893885,18604651,0.2445,0.9552,0.4853,,,1747,0.7125,20.5,77,2,0,0.25,0.009,0.0004,-0.0034,0.0121,-0.012,0.0206,-0.0037,0.0081,-0.0011,-0.0019,0.0026,-0.0008,0.0848
Myles Turner,,2021,17500000,0.15567456,0.1145,-0.0412,12871403,17500000,0.8454,1.3015,-0.0409,,,1455,0.7254,16.4,83,2,0,0.25,0.0341,0.0006,0.0005,0.0121,-0.012,0.0086,-0.0045,-0.0133,0.0036,-0.0019,0.0026,-0.0008,0.0848
Jae Crowder,PHO,2021,9720900,0.086474,0.1135,0.027,12758989,9720900,0.9465,0.196,0.4504,,,1648,0.7485,15.7,78,2,0,0.25,0.0384,0.0001,-0.0031,0.0121,-0.012,0.0165,-0.0059,-0.0169,-0.0003,-0.0019,0.0026,-0.0008,0.0848
Harrison Barnes,,2021,20284091,0.180440968,0.1134,-0.067,12747747,20284091,0.3231,0.2021,0.4086,,,2102,0.7732,17.2,79,2,0,0.25,0.0123,0.0001,-0.0028,0.0121,-0.012,0.0351,-0.0074,-0.0091,0.0005,-0.0019,0.0026,-0.0008,0.0848
Evan Fournier,NYK,2021,17142857,0.152498,0.1131,-0.0394,12714023,17142857,0.3624,0.2021,0.8043,,,787,0.6311,26.2,78,2,0,0.25,0.0139,0.0001,-0.0058,0.0121,-0.012,-0.0188,0.0013,0.0379,-0.0003,-0.0019,0.0026,-0.0008,0.0848
Devonte' Graham,NOP,2021,11000000,0.097853,0.113,0.0151,12702782,11000000,0.2052,0.8763,0.241,,,1659,0.7101,21.4,73,2,0,0.25,0.0074,0.0004,-0.0016,0.0121,-0.012,0.0169,-0.0035,0.0128,-0.0042,-0.0019,0.0026,-0.0008,0.0848
Eric Bledsoe,POR,2021,18125000,0.161234,0.1119,-0.0493,12579126,18125000,0.3007,-0.0227,-0.0537,,,2111,0.8773,18.5,73,2,0,0.25,0.0114,0,0.0006,0.0121,-0.012,0.0355,-0.0138,-0.0023,-0.0042,-0.0019,0.0026,-0.0008,0.0848
Rudy Gay,UTA,2021,5890000,0.052396,0.111,0.0586,12477954,5890000,0.2614,0.3964,0.4077,,,1358,0.8316,23.6,80,2,0,0.25,0.0097,0.0002,-0.0028,0.0121,-0.012,0.0046,-0.011,0.0243,0.0013,-0.0019,0.0026,-0.0008,0.0848
Cameron Payne,,2021,6500000,0.057821979,0.1096,0.0517,12320574,6500000,0.6152,0.7062,0.7142,,,1079,0.4748,19.8,74,2,0,0.25,0.0245,0.0003,-0.0051,0.0121,-0.012,-0.0068,0.0109,0.0045,-0.0034,-0.0019,0.0026,-0.0008,0.0848
Ivica Zubac,,2021,7518518,0.066882399,0.1084,0.0415,12185677,7518518,0.8566,0.5118,0.2046,,,1609,0.8024,15.1,84,2,0,0.25,0.0346,0.0002,-0.0013,0.0121,-0.012,0.0149,-0.0092,-0.02,0.0044,-0.0019,0.0026,-0.0008,0.0848
Nicolas Batum,,2021,8856969,0.078788843,0.1079,0.0291,12129470,8856969,1.0813,0.7852,0.9333,,,1835,0.6831,11.8,79,2,0,0.25,0.044,0.0004,-0.0067,0.0121,-0.012,0.0242,-0.0019,-0.0373,0.0005,-0.0019,0.0026,-0.0008,0.0848
Aaron Gordon,,2021,16409091,0.145970173,0.1077,-0.0383,12106987,16409091,0.3568,0.1352,-0.0138,,,736,0.601,23.8,80,2,0,0.25,0.0137,0.0001,0.0003,0.0121,-0.012,-0.0209,0.0031,0.0254,0.0013,-0.0019,0.0026,-0.0008,0.0848
Will Barton,DEN,2021,15625000,0.138995,0.1061,-0.0329,11927125,15625000,0.1378,0.2689,0.093,,,1736,0.688,19,77,2,0,0.25,0.0046,0.0001,-0.0005,0.0121,-0.012,0.0201,-0.0022,0.0003,-0.0011,-0.0019,0.0026,-0.0008,0.0848
Immanuel Quickley,,2021,2210640,0.019665166,0.1057,0.086,11882159,2210640,0.3793,-0.132,0.2662,,,1243,0.7805,25.6,74,0,0,0.25,0.0147,-0.0001,-0.0018,0.0121,-0.012,-0.0001,-0.0079,0.0347,-0.0034,-0.0171,0.0026,-0.0008,0.0848
Kelly Olynyk,,2021,12195122,0.108484014,0.1052,-0.0033,11825952,12195122,0.7331,1.4108,-0.2525,,,1157,0.734,17.5,84,2,0,0.25,0.0294,0.0006,0.0021,0.0121,-0.012,-0.0036,-0.005,-0.0075,0.0044,-0.0019,0.0026,-0.0008,0.0848
De'Anthony Melton,,2021,8805976,0.078335225,0.1039,0.0256,11679814,8805976,0.8229,0.6941,0.4831,,,1045,0.689,19.5,74,2,0,0.25,0.0332,0.0003,-0.0034,0.0121,-0.012,-0.0082,-0.0023,0.0029,-0.0034,-0.0019,0.0026,-0.0008,0.0848
Ricky Rubio,,2021,17800000,0.158343267,0.1028,-0.0556,11556159,17800000,0.6769,0.6394,0.0288,,,1772,0.8513,16,74,2,0,0.25,0.0271,0.0003,0,0.0121,-0.012,0.0216,-0.0122,-0.0153,-0.0034,-0.0019,0.0026,-0.0008,0.0848
Isaiah Hartenstein,,2021,1729217,0.015382577,0.1023,0.0869,11499952,1729217,0.6432,0.9249,0.1703,,,287,0.2617,19.6,84,2,0,0.25,0.0257,0.0004,-0.001,0.0121,-0.012,-0.0393,0.0239,0.0034,0.0044,-0.0019,0.0026,-0.0008,0.0848
Donte DiVincenzo,,2021,4675830,0.04159473,0.1021,0.0605,11477469,4675830,0.4467,1.5627,0.7046,,,1814,0.7433,16.7,76,2,0,0.25,0.0175,0.0007,-0.005,0.0121,-0.012,0.0233,-0.0056,-0.0117,-0.0019,-0.0019,0.0026,-0.0008,0.0848
Marquese Chriss,DAL,2021,1292900,0.011501,0.1012,0.0897,11376296,1292900,-0.3957,-0.0288,-1.8747,,,27,0.3239,28.1,81,2,0,0.25,-0.0178,0,0.0142,0.0121,-0.012,-0.05,0.0201,0.0478,0.002,-0.0019,0.0026,-0.0008,0.0848
Blake Griffin,BRK,2021,2641691,0.0235,0.101,0.0775,11353814,2641691,0.4018,0.8702,-0.4416,,,626,0.3799,19.6,81,2,0,0.25,0.0156,0.0004,0.0035,0.0121,-0.012,-0.0254,0.0167,0.0034,0.002,-0.0019,0.0026,-0.0008,0.0848
Bobby Portis,,2021,4347600,0.038674898,0.1007,0.0621,11320089,4347600,0.2333,0.2264,0.6173,,,1372,0.7457,20.9,81,2,0,0.25,0.0085,0.0001,-0.0044,0.0121,-0.012,0.0052,-0.0057,0.0102,0.002,-0.0019,0.0026,-0.0008,0.0848
Malik Beasley,MIN,2021,14391964,0.128026,0.1006,-0.0274,11308848,14391964,-0.2272,-0.3385,0.0419,,,1214,0.594,24,76,2,0,0.25,-0.0107,-0.0002,-0.0001,0.0121,-0.012,-0.0013,0.0036,0.0264,-0.0019,-0.0019,0.0026,-0.0008,0.0848
Miles Bridges,,2021,5421493,0.048227916,0.1002,0.052,11263882,5421493,0.2894,-0.4843,0.3002,,,1932,0.8684,17.3,79,2,0,0.25,0.0109,-0.0002,-0.002,0.0121,-0.012,0.0281,-0.0132,-0.0086,0.0005,-0.0019,0.0026,-0.0008,0.0848
P.J. Washington,,2021,4215120,0.037496397,0.0991,0.0616,11140227,4215120,0.0199,-0.1502,0.1756,,,1954,0.7899,19.4,79,1,0,0.25,-0.0004,-0.0001,-0.0011,0.0121,-0.012,0.029,-0.0084,0.0024,0.0005,-0.0095,0.0026,-0.0008,0.0848
Shake Milton,PHI,2021,1846738,0.016428,0.0982,0.0818,11039054,1846738,-0.6147,-0.5268,0.2254,,,1461,0.5996,24.9,77,2,0,0.25,-0.0269,-0.0003,-0.0015,0.0121,-0.012,0.0088,0.0032,0.0311,-0.0011,-0.0019,0.0026,-0.0008,0.0848
Darius Garland,,2021,7040880,0.06263348,0.0981,0.0355,11027813,7040880,-0.6147,-0.5572,-0.3771,,,1790,0.7189,24.9,73,1,0,0.25,-0.0269,-0.0003,0.003,0.0121,-0.012,0.0223,-0.0041,0.0311,-0.0042,-0.0095,0.0026,-0.0008,0.0848
Dwight Powell,,2021,11080125,0.098565348,0.0977,-0.0009,10982847,11080125,1.4182,0.4815,0.4812,,,966,0.7081,13.2,82,2,0,0.25,0.0581,0.0002,-0.0034,0.0121,-0.012,-0.0115,-0.0034,-0.03,0.0028,-0.0019,0.0026,-0.0008,0.0848
Tim Hardaway Jr.,,2021,21306816,0.189538812,0.0973,-0.0922,10937882,21306816,0.559,-0.0895,,,,,,,77,2,0,0.25,0.0222,-0.0001,0,0.0121,-0.012,-0.0014,-0.0022,-0.0049,-0.0011,-0.0019,0.0026,-0.0008,0.0848
Montrezl Harrell,CHO,2021,9720900,0.086474,0.0972,0.0108,10926640,9720900,0.121,0.937,0.8647,,,1580,0.8832,21.7,79,2,0,0.25,0.0039,0.0004,-0.0062,0.0121,-0.012,0.0137,-0.0141,0.0144,0.0005,-0.0019,0.0026,-0.0008,0.0848
Daniel Gafford,,2021,1782621,0.015857642,0.0964,0.0806,10836709,1782621,1.143,1.2104,1.5859,,,408,0.3993,18.9,82,1,0,0.25,0.0466,0.0006,-0.0116,0.0121,-0.012,-0.0343,0.0155,-0.0002,0.0028,-0.0095,0.0026,-0.0008,0.0848
T.J. Warren,IND,2021,12690000,0.112886,0.0962,-0.0166,10814226,12690000,0.5927,-0.5086,-0.5559,,,117,0.4084,21.6,80,2,0,0.25,0.0236,-0.0002,0.0044,0.0121,-0.012,-0.0463,0.0149,0.0139,0.0013,-0.0019,0.0026,-0.0008,0.0848
Brandon Clarke,,2021,2726880,0.024257477,0.0962,0.0719,10814226,2726880,0.7668,0.931,0.7398,,,1415,0.7518,17.2,80,1,0,0.25,0.0309,0.0004,-0.0053,0.0121,-0.012,0.0069,-0.0061,-0.0091,0.0013,-0.0095,0.0026,-0.0008,0.0848
Jaren Jackson Jr.,,2021,9180560,0.081667408,0.096,0.0143,10791744,9180560,0.4242,0.7366,,,,,,,82,2,0,0.25,0.0165,0.0003,0,0.0121,-0.012,-0.0014,-0.0022,-0.0049,0.0028,-0.0019,0.0026,-0.0008,0.0848
Coby White,,2021,5837760,0.051930898,0.095,0.0431,10679330,5837760,-0.6428,-0.8062,-0.6849,,,2156,0.8645,22.5,76,1,0,0.25,-0.0281,-0.0004,0.0053,0.0121,-0.012,0.0373,-0.013,0.0186,-0.0019,-0.0095,0.0026,-0.0008,0.0848
Klay Thompson,,2021,37980720,0.337864679,0.0942,-0.2436,10589398,37980720,0.486,,,,,,,,77,2,0,0.25,0.0191,-0.0001,0,0.0121,-0.012,-0.0014,-0.0022,-0.0049,-0.0011,-0.0019,0.0026,-0.0008,0.0848
Keldon Johnson,,2021,2145720,0.019087658,0.0942,0.0751,10589398,2145720,-0.4013,-0.1685,-0.2612,,,1968,0.6145,19.2,78,1,0,0.25,-0.018,-0.0001,0.0022,0.0121,-0.012,0.0296,0.0023,0.0014,-0.0003,-0.0095,0.0026,-0.0008,0.0848
Lauri Markkanen,,2021,15690909,0.139581449,0.0938,-0.0457,10544433,15690909,-0.07,-0.46,0.2441,,,1317,0.6461,20.2,85,2,0,0.25,-0.0041,-0.0002,-0.0016,0.0121,-0.012,0.0029,0.0004,0.0066,0.0052,-0.0019,0.0026,-0.0008,0.0848
Reggie Bullock,DAL,2021,9536000,0.084829,0.0937,0.0088,10533191,9536000,0.1434,,0.3441,,,1949,0.6245,14.4,78,2,0,0.25,0.0048,-0.0001,-0.0023,0.0121,-0.012,0.0288,0.0017,-0.0237,-0.0003,-0.0019,0.0026,-0.0008,0.0848
Joe Harris,BRK,2021,17357143,0.154404,0.0936,-0.0608,10521950,17357143,0.1771,0.3904,0.6747,,,2141,0.8936,16.2,78,2,0,0.25,0.0062,0.0002,-0.0048,0.0121,-0.012,0.0367,-0.0148,-0.0143,-0.0003,-0.0019,0.0026,-0.0008,0.0848
Mason Plumlee,,2021,8137500,0.07238867,0.0935,0.0212,10510709,8137500,0.4691,0.3904,0.3011,,,1499,0.7956,16.3,84,2,0,0.25,0.0184,0.0002,-0.002,0.0121,-0.012,0.0104,-0.0088,-0.0138,0.0044,-0.0019,0.0026,-0.0008,0.0848
Justin Holiday,SAC,2021,6006420,0.053431,0.0932,0.0397,10476984,6006420,0.222,-0.7091,0.0887,,,2183,0.8359,14,78,2,0,0.25,0.0081,-0.0003,-0.0004,0.0121,-0.012,0.0384,-0.0112,-0.0258,-0.0003,-0.0019,0.0026,-0.0008,0.0848
Kevin Love,,2021,31258256,0.278063729,0.093,-0.1851,10454502,31258256,0.076,1.2711,0.0407,,,622,0.4394,21.9,82,2,0,0.25,0.002,0.0006,-0.0001,0.0121,-0.012,-0.0256,0.013,0.0154,0.0028,-0.0019,0.0026,-0.0008,0.0848
Kent Bazemore,LAL,2021,2401537,0.021363,0.0925,0.0711,10398295,2401537,0.705,-0.0227,0.3485,,,1333,0.7511,16.3,76,2,0,0.25,0.0283,0,-0.0024,0.0121,-0.012,0.0036,-0.0061,-0.0138,-0.0019,-0.0019,0.0026,-0.0008,0.0848
Kendrick Nunn,LAL,2021,5000000,0.044478,0.0916,0.0471,10297122,5000000,-0.0307,0.2689,0.0039,,,1650,0.7758,20.9,75,1,0,0.25,-0.0025,0.0001,0.0002,0.0121,-0.012,0.0166,-0.0076,0.0102,-0.0027,-0.0095,0.0026,-0.0008,0.0848
Danilo Gallinari,ATL,2021,20475000,0.182139,0.0915,-0.0907,10285881,20475000,0.0873,0.0138,0.6058,,,1222,0.7352,21.2,82,2,0,0.25,0.0024,0,-0.0043,0.0121,-0.012,-0.001,-0.0051,0.0118,0.0028,-0.0019,0.0026,-0.0008,0.0848
Patrick Beverley,MIN,2021,14320988,0.127395,0.0911,-0.0363,10240915,14320988,1.1767,0.6333,0.0812,,,832,0.6284,14.6,74,2,0,0.25,0.048,0.0003,-0.0004,0.0121,-0.012,-0.017,0.0015,-0.0226,-0.0034,-0.0019,0.0026,-0.0008,0.0848
Talen Horton-Tucker,LAL,2021,9500000,0.084509,0.0908,0.0063,10207191,9500000,-0.1037,-0.2535,0.4731,,,1304,0.5267,21.7,76,1,0,0.25,-0.0055,-0.0001,-0.0033,0.0121,-0.012,0.0024,0.0077,0.0144,-0.0019,-0.0095,0.0026,-0.0008,0.0848
Eric Gordon,,2021,18218818,0.162068942,0.0907,-0.0713,10195949,18218818,-0.3732,-0.1502,-0.1151,,,789,0.4805,25.2,75,2,0,0.25,-0.0168,-0.0001,0.0011,0.0121,-0.012,-0.0187,0.0105,0.0327,-0.0027,-0.0019,0.0026,-0.0008,0.0848
David Nwaba,HOU,2021,4650000,0.041365,0.0905,0.0492,10173467,4650000,0.7219,-0.1624,0.3784,,,679,0.3907,16.6,77,2,0,0.25,0.029,-0.0001,-0.0026,0.0121,-0.012,-0.0232,0.016,-0.0122,-0.0011,-0.0019,0.0026,-0.0008,0.0848
Kevin Huerter,,2021,4253357,0.037836542,0.0898,0.052,10094777,4253357,-0.1261,0.4875,0.5778,,,2126,0.837,17.2,78,2,0,0.25,-0.0065,0.0002,-0.0041,0.0121,-0.012,0.0361,-0.0113,-0.0091,-0.0003,-0.0019,0.0026,-0.0008,0.0848
Marcus Morris,LAC,2021,15627907,0.139021,0.0895,-0.0496,10061053,15627907,,,0.3669,,,1502,0.7097,20.1,80,2,0,0.25,-0.007,-0.0001,-0.0025,0.0121,-0.012,0.0105,-0.0035,0.006,0.0013,-0.0019,0.0026,-0.0008,0.0848
Tyler Herro,,2021,4004280,0.03562083,0.0894,0.0538,10049811,4004280,-0.5417,-0.8123,-0.0575,,,1635,0.698,23.5,77,1,0,0.25,-0.0239,-0.0004,0.0007,0.0121,-0.012,0.016,-0.0028,0.0238,-0.0011,-0.0095,0.0026,-0.0008,0.0848
Kyle Kuzma,,2021,13000000,0.115643959,0.0881,-0.0275,9903673,13000000,-0.5529,-0.4175,-0.2375,,,1954,0.8395,20.3,80,2,0,0.25,-0.0243,-0.0002,0.002,0.0121,-0.012,0.029,-0.0115,0.0071,0.0013,-0.0019,0.0026,-0.0008,0.0848
Jarred Vanderbilt,,2021,4000000,0.035582757,0.0874,0.0518,9824983,4000000,0.8342,1.0889,0.6965,,,1139,0.4692,12.3,80,2,0,0.25,0.0337,0.0005,-0.005,0.0121,-0.012,-0.0044,0.0112,-0.0346,0.0013,-0.0019,0.0026,-0.0008,0.0848
Doug McDermott,,2021,13750000,0.122315726,0.0871,-0.0352,9791259,13750000,-0.1037,-0.6848,-0.0627,,,1619,0.8777,20,79,2,0,0.25,-0.0055,-0.0003,0.0007,0.0121,-0.012,0.0153,-0.0138,0.0055,0.0005,-0.0019,0.0026,-0.0008,0.0848
Furkan Korkmaz,PHI,2021,4629630,0.041184,0.0868,0.0457,9757535,4629630,0.2951,0.2446,0.5784,,,1062,0.7524,20.5,79,2,0,0.25,0.0111,0.0001,-0.0041,0.0121,-0.012,-0.0075,-0.0061,0.0081,0.0005,-0.0019,0.0026,-0.0008,0.0848
Dewayne Dedmon,DET,2021,2866667,0.025501,0.0848,0.0593,9532707,2866667,0.8229,0.5058,1.5507,,,210,0.3953,19.3,82,2,0,0.25,0.0332,0.0002,-0.0114,0.0121,-0.012,-0.0425,0.0157,0.0019,0.0028,-0.0019,0.0026,-0.0008,0.0848
Seth Curry,,2021,8207518,0.073011529,0.0847,0.0117,9521465,8207518,0.3063,-0.2656,0.7102,,,1638,0.7947,17.1,73,2,0,0.25,0.0116,-0.0001,-0.0051,0.0121,-0.012,0.0161,-0.0087,-0.0096,-0.0042,-0.0019,0.0026,-0.0008,0.0848
Cameron Johnson,,2021,4437000,0.039470173,0.0847,0.0453,9521465,4437000,0.3961,0.8095,0.1485,,,1437,0.7542,17,80,1,0,0.25,0.0154,0.0004,-0.0009,0.0121,-0.012,0.0078,-0.0062,-0.0101,0.0013,-0.0095,0.0026,-0.0008,0.0848
Patty Mills,BRK,2021,5890000,0.052396,0.0844,0.032,9487741,5890000,0.0311,-0.7394,-0.3248,,,1685,0.8896,18.4,74,2,0,0.25,0.0001,-0.0004,0.0026,0.0121,-0.012,0.018,-0.0145,-0.0028,-0.0034,-0.0019,0.0026,-0.0008,0.0848
Jordan Poole,,2021,2161440,0.019227498,0.0841,0.0648,9454017,2161440,-0.1542,-0.5511,0.3385,,,988,0.6856,25,76,1,0,0.25,-0.0077,-0.0003,-0.0023,0.0121,-0.012,-0.0106,-0.002,0.0316,-0.0019,-0.0095,0.0026,-0.0008,0.0848
Dorian Finney-Smith,,2021,4000000,0.035582757,0.0837,0.0481,9409051,4000000,0.5702,0.6394,0.6027,,,1921,0.8592,12.2,79,2,0,0.25,0.0226,0.0003,-0.0043,0.0121,-0.012,0.0277,-0.0127,-0.0352,0.0005,-0.0019,0.0026,-0.0008,0.0848
Mike Muscala,OKC,2021,3500000,0.031135,0.0834,0.0522,9375327,3500000,0.149,0.0077,-0.2413,,,645,0.5239,20,82,2,0,0.25,0.005,0,0.002,0.0121,-0.012,-0.0246,0.0079,0.0055,0.0028,-0.0019,0.0026,-0.0008,0.0848
Steven Adams,,2021,17073171,0.151877622,0.0832,-0.0687,9352844,17073171,0.6713,-0.1502,-0.0783,,,1605,0.8113,11.7,83,2,0,0.25,0.0269,-0.0001,0.0008,0.0121,-0.012,0.0147,-0.0097,-0.0378,0.0036,-0.0019,0.0026,-0.0008,0.0848
Kentavious Caldwell-Pope,,2021,13038862,0.115989663,0.0826,-0.0334,9285396,13038862,0.4018,-0.7151,0.5105,,,1902,0.896,14.2,77,2,0,0.25,0.0156,-0.0003,-0.0036,0.0121,-0.012,0.0269,-0.0149,-0.0247,-0.0011,-0.0019,0.0026,-0.0008,0.0848
Bruce Brown,,2021,4736102,0.042130891,0.0826,0.0405,9285396,4736102,0.486,0.9856,0.3229,,,1451,0.8185,15.9,76,2,0,0.25,0.0191,0.0004,-0.0022,0.0121,-0.012,0.0084,-0.0102,-0.0159,-0.0019,-0.0019,0.0026,-0.0008,0.0848
Enes Freedom,HOU,2021,2641691,0.0235,0.0824,0.0589,9262913,2641691,,1.0464,0.4737,,,1758,0.788,17.4,82,2,0,0.25,-0.007,0.0005,-0.0033,0.0121,-0.012,0.021,-0.0083,-0.008,0.0028,-0.0019,0.0026,-0.0008,0.0848
Kelly Oubre Jr.,,2021,12000000,0.10674827,0.0822,-0.0245,9240430,12000000,-0.9067,-0.3385,-0.2076,,,1687,0.6663,22.1,80,2,0,0.25,-0.0391,-0.0002,0.0018,0.0121,-0.012,0.0181,-0.0009,0.0165,0.0013,-0.0019,0.0026,-0.0008,0.0848
Naz Reid,,2021,1782621,0.015857642,0.0819,0.066,9206706,1782621,-0.5024,0.3721,-0.5484,,,1347,0.6898,22.5,81,1,0,0.25,-0.0222,0.0002,0.0043,0.0121,-0.012,0.0042,-0.0023,0.0186,0.002,-0.0095,0.0026,-0.0008,0.0848
Moses Brown,CLE,2021,211046,0.001877,0.0816,0.0797,9172982,211046,0.0592,-0.0834,-0.5425,,,920,0.3746,16.9,86,1,0,0.25,0.0013,-0.0001,0.0043,0.0121,-0.012,-0.0134,0.017,-0.0106,0.006,-0.0095,0.0026,-0.0008,0.0848
Terrence Ross,ORL,2021,12500000,0.111196,0.0808,-0.0304,9083051,12500000,-0.6372,-1.2193,-0.055,,,1347,0.7655,24.1,78,2,0,0.25,-0.0278,-0.0006,0.0006,0.0121,-0.012,0.0042,-0.0069,0.0269,-0.0003,-0.0019,0.0026,-0.0008,0.0848
LaMarcus Aldridge,BRK,2021,2641691,0.0235,0.0784,0.0549,8813257,2641691,-0.2778,0.3539,-0.6905,,,544,0.5464,22.7,83,2,0,0.25,-0.0128,0.0002,0.0054,0.0121,-0.012,-0.0288,0.0065,0.0196,0.0036,-0.0019,0.0026,-0.0008,0.0848
Larry Nance Jr.,,2021,10690909,0.095103003,0.0784,-0.0167,8813257,10690909,0.6825,0.3296,0.4987,,,1091,0.6102,13.9,78,2,0,0.25,0.0273,0.0001,-0.0035,0.0121,-0.012,-0.0063,0.0026,-0.0263,-0.0003,-0.0019,0.0026,-0.0008,0.0848
JaMychal Green,DEN,2021,8200000,0.072945,0.078,0.005,8768292,8200000,0.1827,-0.3689,-0.1036,,,1120,0.7162,17.6,81,2,0,0.25,0.0064,-0.0002,0.001,0.0121,-0.012,-0.0052,-0.0039,-0.007,0.002,-0.0019,0.0026,-0.0008,0.0848
Jeremy Lamb,SAC,2021,10500000,0.093405,0.0776,-0.0159,8723326,10500000,0.4691,0.4207,0.7189,,,765,0.6039,18.4,77,2,0,0.25,0.0184,0.0002,-0.0051,0.0121,-0.012,-0.0197,0.003,-0.0028,-0.0011,-0.0019,0.0026,-0.0008,0.0848
Kevin Porter Jr.,,2021,1782621,0.015857642,0.0775,0.0616,8712085,1782621,-0.7663,-0.3385,-0.7858,,,835,0.4586,25.4,77,1,0,0.25,-0.0332,-0.0002,0.0061,0.0121,-0.012,-0.0168,0.0119,0.0337,-0.0011,-0.0095,0.0026,-0.0008,0.0848
Marvin Bagley III,,2021,11312114,0.10062905,0.0773,-0.0233,8689602,11312114,-0.9853,-0.0045,-0.3101,,,1112,0.4676,23.5,82,2,0,0.25,-0.0424,0,0.0025,0.0121,-0.012,-0.0055,0.0113,0.0238,0.0028,-0.0019,0.0026,-0.0008,0.0848
Saddiq Bey,,2021,2824320,0.025124273,0.0771,0.052,8667119,2824320,-0.143,-0.9763,-0.0154,,,1909,0.8537,18.7,80,0,0,0.25,-0.0072,-0.0005,0.0003,0.0121,-0.012,0.0272,-0.0123,-0.0013,0.0013,-0.0171,0.0026,-0.0008,0.0848
Jae'Sean Tate,,2021,1517981,0.013503487,0.0771,0.0636,8667119,1517981,0.121,0.0806,0.2373,,,2043,0.8537,16.4,76,0,0,0.25,0.0039,0,-0.0015,0.0121,-0.012,0.0327,-0.0123,-0.0133,-0.0019,-0.0171,0.0026,-0.0008,0.0848
T.J. McConnell,,2021,7500000,0.066717669,0.0767,0.01,8622153,7500000,0.3849,0.7973,1.0192,,,1796,0.9019,15.3,73,2,0,0.25,0.0149,0.0004,-0.0074,0.0121,-0.012,0.0226,-0.0153,-0.019,-0.0042,-0.0019,0.0026,-0.0008,0.0848
JaVale McGee,,2021,5000000,0.044478446,0.0766,0.0321,8610912,5000000,-0.3508,0.3235,-0.6419,,,503,0.6675,24.6,84,2,0,0.25,-0.0159,0.0001,0.005,0.0121,-0.012,-0.0304,-0.0009,0.0295,0.0044,-0.0019,0.0026,-0.0008,0.0848
Isaiah Thomas,CHO,2021,552077,0.004911,0.0758,0.0709,8520981,552077,-1.4234,-0.1928,-3.3713,,,48,0.2142,29.7,69,2,0,0.25,-0.0607,-0.0001,0.0254,0.0121,-0.012,-0.0491,0.0268,0.0561,-0.0074,-0.0019,0.0026,-0.0008,0.0848
Markelle Fultz,ORL,2021,16500000,0.146779,0.0758,-0.071,8520981,16500000,-0.5642,-0.2596,-0.8388,,,215,0.3951,26.2,76,2,0,0.25,-0.0248,-0.0001,0.0065,0.0121,-0.012,-0.0423,0.0157,0.0379,-0.0019,-0.0019,0.0026,-0.0008,0.0848
Elfrid Payton,PHO,2021,2239544,0.019922,0.0758,0.0559,8520981,2239544,-1.0022,-1.3165,-0.8796,,,1484,0.6741,23.2,75,2,0,0.25,-0.0431,-0.0006,0.0068,0.0121,-0.012,0.0098,-0.0013,0.0222,-0.0027,-0.0019,0.0026,-0.0008,0.0848
Nickeil Alexander-Walker,,2021,3261480,0.029013112,0.0757,0.0466,8509739,3261480,-0.3564,-0.3082,0.0373,,,1007,0.5954,23.2,77,1,0,0.25,-0.0161,-0.0002,-0.0001,0.0121,-0.012,-0.0098,0.0035,0.0222,-0.0011,-0.0095,0.0026,-0.0008,0.0848
Jarrett Allen,,2021,20000000,0.177913783,0.0757,-0.1022,8509739,20000000,-0.0756,0.0502,-0.116,,,1544,0.7978,16.8,81,2,0,0.25,-0.0044,0,0.0011,0.0121,-0.012,0.0122,-0.0089,-0.0112,0.002,-0.0019,0.0026,-0.0008,0.0848
Mo Bamba,,2021,7568742,0.067329176,0.0748,0.0075,8408567,7568742,-0.2665,0.3053,-0.5569,,,725,0.6535,21.8,84,2,0,0.25,-0.0123,0.0001,0.0044,0.0121,-0.012,-0.0213,-0.0001,0.0149,0.0044,-0.0019,0.0026,-0.0008,0.0848
Willie Cauley-Stein,DAL,2021,4100000,0.036472,0.0745,0.038,8374843,4100000,0.9409,0.4207,0.0846,,,906,0.6916,12,84,2,0,0.25,0.0381,0.0002,-0.0004,0.0121,-0.012,-0.0139,-0.0024,-0.0362,0.0044,-0.0019,0.0026,-0.0008,0.0848
Alex Caruso,,2021,8604651,0.076544301,0.0742,-0.0024,8341118,8604651,0.4074,1.0889,0.1952,,,1216,0.6813,14.8,77,2,0,0.25,0.0158,0.0005,-0.0012,0.0121,-0.012,-0.0012,-0.0018,-0.0216,-0.0011,-0.0019,0.0026,-0.0008,0.0848
Grayson Allen,,2021,4054695,0.036069306,0.0741,0.038,8329877,4054695,0.0086,0.0563,0.3578,,,1259,0.5559,16.8,75,2,0,0.25,-0.0008,0,-0.0024,0.0121,-0.012,0.0005,0.0059,-0.0112,-0.0027,-0.0019,0.0026,-0.0008,0.0848
Zach Collins,,2021,7000000,0.062269824,0.0741,0.0118,8329877,7000000,-0.07,,,,,,,,81,2,0,0.25,-0.0041,-0.0001,0,0.0121,-0.012,-0.0014,-0.0022,-0.0049,0.002,-0.0019,0.0026,-0.0008,0.0848
Trevor Ariza,LAL,2021,2641691,0.0235,0.0737,0.0502,8284911,2641691,0.3287,0.4875,0.3784,,,841,0.4211,15.1,80,2,0,0.25,0.0125,0.0002,-0.0026,0.0121,-0.012,-0.0166,0.0141,-0.02,0.0013,-0.0019,0.0026,-0.0008,0.0848
Jabari Parker,BOS,2021,1168288,0.010393,0.073,0.0626,8206221,1168288,0.2726,-0.2353,-0.1145,,,138,0.2894,18.9,79,2,0,0.25,0.0102,-0.0001,0.0011,0.0121,-0.012,-0.0454,0.0222,-0.0002,0.0005,-0.0019,0.0026,-0.0008,0.0848
Jeff Green,,2021,4500000,0.040030601,0.073,0.0329,8206221,4500000,-0.3058,-0.0166,0.1862,,,1835,0.7274,15.6,80,2,0,0.25,-0.014,0,-0.0012,0.0121,-0.012,0.0242,-0.0046,-0.0174,0.0013,-0.0019,0.0026,-0.0008,0.0848
Tony Bradley,,2021,1789256,0.015916665,0.0721,0.0562,8105049,1789256,0.194,0.1049,-0.0796,,,397,0.3831,18,82,2,0,0.25,0.0069,0,0.0008,0.0121,-0.012,-0.0348,0.0165,-0.0049,0.0028,-0.0019,0.0026,-0.0008,0.0848
Mitchell Robinson,,2021,1802057,0.016030539,0.072,0.0559,8093807,1802057,0.924,0.3904,0.6139,,,853,0.6042,11.8,84,2,0,0.25,0.0374,0.0002,-0.0044,0.0121,-0.012,-0.0161,0.0029,-0.0373,0.0044,-0.0019,0.0026,-0.0008,0.0848
Trey Burke,DAL,2021,3150000,0.028021,0.0709,0.0429,7970152,3150000,-0.1711,-0.4054,-0.2939,,,911,0.5627,20,72,2,0,0.25,-0.0084,-0.0002,0.0024,0.0121,-0.012,-0.0137,0.0055,0.0055,-0.005,-0.0019,0.0026,-0.0008,0.0848
Malik Monk,,2021,1789256,0.015916665,0.0706,0.0547,7936428,1789256,-0.4743,-0.46,0.0067,,,878,0.6633,23.8,75,2,0,0.25,-0.021,-0.0002,0.0002,0.0121,-0.012,-0.0151,-0.0007,0.0254,-0.0027,-0.0019,0.0026,-0.0008,0.0848
Robin Lopez,ORL,2021,5000000,0.044478,0.0701,0.0257,7880221,5000000,-0.0531,-0.5147,-0.4388,,,1354,0.8884,17.1,85,2,0,0.25,-0.0034,-0.0003,0.0035,0.0121,-0.012,0.0044,-0.0145,-0.0096,0.0052,-0.0019,0.0026,-0.0008,0.0848
Bol Bol,ORL,2021,2161152,0.019225,0.0697,0.0505,7835255,2161152,-0.435,-1.2739,-2.0812,,,160,0.2804,21.2,87,1,0,0.25,-0.0194,-0.0006,0.0158,0.0121,-0.012,-0.0445,0.0228,0.0118,0.0067,-0.0095,0.0026,-0.0008,0.0848
Tristan Thompson,CHI,2021,1000000,0.008896,0.0689,0.06,7745324,1000000,-0.0026,0.2689,-0.5578,,,1287,0.6716,14.8,81,2,0,0.25,-0.0013,0.0001,0.0044,0.0121,-0.012,0.0017,-0.0012,-0.0216,0.002,-0.0019,0.0026,-0.0008,0.0848
Josh Richardson,SAS,2021,11615328,0.103326,0.0689,-0.0344,7745324,11615328,-0.5754,-0.1199,0.2862,,,1790,0.767,18.4,77,2,0,0.25,-0.0253,-0.0001,-0.0019,0.0121,-0.012,0.0223,-0.007,-0.0028,-0.0011,-0.0019,0.0026,-0.0008,0.0848
Tyrese Haliburton,,2021,4023600,0.035792695,0.0677,0.0319,7610427,4023600,-0.2497,-0.8002,0.2329,,,1746,0.7073,18.1,77,0,0,0.25,-0.0116,-0.0004,-0.0015,0.0121,-0.012,0.0205,-0.0034,-0.0044,-0.0011,-0.0171,0.0026,-0.0008,0.0848
Luguentz Dort,,2021,1782621,0.015857642,0.0676,0.0517,7599186,1782621,-0.946,-0.6179,-0.3148,,,1543,0.5838,21.7,76,1,0,0.25,-0.0408,-0.0003,0.0026,0.0121,-0.012,0.0122,0.0042,0.0144,-0.0019,-0.0095,0.0026,-0.0008,0.0848
Aaron Holiday,,2021,3980551,0.035409744,0.0662,0.0308,7441806,3980551,-0.2778,-0.6726,-1.1195,,,1176,0.7994,19.5,72,2,0,0.25,-0.0128,-0.0003,0.0086,0.0121,-0.012,-0.0029,-0.009,0.0029,-0.005,-0.0019,0.0026,-0.0008,0.0848
Alex Len,SAC,2021,3732000,0.033199,0.0658,0.0326,7396841,3732000,0.121,-0.0288,-0.183,,,903,0.702,16.7,84,2,0,0.25,0.0039,0,0.0016,0.0121,-0.012,-0.014,-0.003,-0.0117,0.0044,-0.0019,0.0026,-0.0008,0.0848
Frank Jackson,DET,2021,3000000,0.026687,0.0641,0.0375,7205737,3000000,-0.3058,,-0.4743,,,738,0.6385,21.3,75,2,0,0.25,-0.014,-0.0001,0.0038,0.0121,-0.012,-0.0208,0.0008,0.0123,-0.0027,-0.0019,0.0026,-0.0008,0.0848
Al-Farouq Aminu,BOS,2021,151821,0.001351,0.0639,0.0625,7183254,151821,0.4074,-0.8731,-0.6394,,,367,0.3762,14.3,81,2,0,0.25,0.0158,-0.0004,0.005,0.0121,-0.012,-0.036,0.0169,-0.0242,0.002,-0.0019,0.0026,-0.0008,0.0848
Ben McLemore,POR,2021,2389641,0.021258,0.0635,0.0423,7138289,2389641,-0.3227,-0.4782,-0.9201,,,537,0.5373,21.1,75,2,0,0.25,-0.0147,-0.0002,0.0071,0.0121,-0.012,-0.0291,0.007,0.0113,-0.0027,-0.0019,0.0026,-0.0008,0.0848
Thomas Bryant,,2021,8666667,0.077095976,0.0634,-0.0137,7127047,8666667,0.3624,0.4632,0.332,,,271,0.4283,17.2,81,2,0,0.25,0.0139,0.0002,-0.0023,0.0121,-0.012,-0.04,0.0137,-0.0091,0.002,-0.0019,0.0026,-0.0008,0.0848
Hassan Whiteside,UTA,2021,2401537,0.021363,0.0632,0.0419,7104564,2401537,-0.6035,-0.0409,-0.8821,,,546,0.6743,23.5,84,2,0,0.25,-0.0264,0,0.0068,0.0121,-0.012,-0.0287,-0.0014,0.0238,0.0044,-0.0019,0.0026,-0.0008,0.0848
Tremont Waters,TOR,2021,95930,0.000853,0.0631,0.0622,7093323,95930,0.222,-0.6422,-0.0092,,,238,0.3171,21.4,70,0,0,0.25,0.0081,-0.0003,0.0003,0.0121,-0.012,-0.0413,0.0205,0.0128,-0.0066,-0.0171,0.0026,-0.0008,0.0848
Delon Wright,ATL,2021,8526316,0.075847,0.0626,-0.0133,7037116,8526316,0.2614,0.8459,0.9192,,,1052,0.6432,15.8,76,2,0,0.25,0.0097,0.0004,-0.0066,0.0121,-0.012,-0.0079,0.0006,-0.0164,-0.0019,-0.0019,0.0026,-0.0008,0.0848
Wendell Carter Jr.,,2021,6920027,0.061558409,0.0622,0.0007,6992150,6920027,-0.4912,0.1535,-0.4575,,,792,0.4816,19.1,82,2,0,0.25,-0.0217,0.0001,0.0036,0.0121,-0.012,-0.0186,0.0104,0.0008,0.0028,-0.0019,0.0026,-0.0008,0.0848
DeMarcus Cousins,DEN,2021,1138659,0.010129,0.0617,0.0516,6935943,1138659,-0.4182,0.9249,-0.3973,,,506,,23.1,82,2,0,0.25,-0.0187,0.0004,0.0032,0.0121,-0.012,-0.0303,-0.0022,0.0217,0.0028,-0.0019,0.0026,-0.0008,0.0848
Luke Kornet,,2021,606702,0.005397032,0.0599,0.0545,6733598,606702,0.4579,0.2871,-0.3441,,,254,0.372,13.7,85,2,0,0.25,0.0179,0.0001,0.0028,0.0121,-0.012,-0.0407,0.0172,-0.0273,0.0052,-0.0019,0.0026,-0.0008,0.0848
Tyrese Maxey,,2021,2602920,0.023154767,0.0598,0.0367,6722357,2602920,-0.1935,-0.7819,-0.0422,,,935,0.7439,23,74,0,0,0.25,-0.0093,-0.0004,0.0005,0.0121,-0.012,-0.0127,-0.0056,0.0212,-0.0034,-0.0171,0.0026,-0.0008,0.0848
Landry Shamet,,2021,3768342,0.033521999,0.0593,0.0258,6666150,3768342,-0.3339,-1.1525,-0.112,,,1403,0.7245,16.7,77,2,0,0.25,-0.0152,-0.0005,0.0011,0.0121,-0.012,0.0064,-0.0044,-0.0117,-0.0011,-0.0019,0.0026,-0.0008,0.0848
Dwight Howard,LAL,2021,2641691,0.0235,0.0592,0.0357,6654908,2641691,-0.5249,0.0381,-0.6952,,,1196,0.7302,18.2,82,2,0,0.25,-0.0232,0,0.0054,0.0121,-0.012,-0.002,-0.0048,-0.0039,0.0028,-0.0019,0.0026,-0.0008,0.0848
Monte Morris,,2021,8849071,0.078718585,0.0591,-0.0197,6643667,8849071,0.076,-0.0895,0.155,,,1196,0.7908,16.5,74,2,0,0.25,0.002,-0.0001,-0.0009,0.0121,-0.012,-0.002,-0.0085,-0.0127,-0.0034,-0.0019,0.0026,-0.0008,0.0848
Nemanja Bjelica,GSW,2021,2089448,0.018587,0.0588,0.0402,6609943,2089448,-0.0924,-0.1624,-0.9376,,,439,0.6463,19.3,82,2,0,0.25,-0.0051,-0.0001,0.0072,0.0121,-0.012,-0.0331,0.0004,0.0019,0.0028,-0.0019,0.0026,-0.0008,0.0848
Kris Dunn,,2021,5005350,0.044526038,0.0587,0.0142,6598701,5005350,-0.1767,-0.4296,-4.0368,,,45,0.3491,16.2,75,2,0,0.25,-0.0086,-0.0002,0.0304,0.0121,-0.012,-0.0492,0.0186,-0.0143,-0.0027,-0.0019,0.0026,-0.0008,0.0848
Dean Wade,,2021,1782621,0.015857642,0.0586,0.0427,6587460,1782621,0.0817,-0.5208,-0.4519,,,1212,0.5427,12.9,81,1,0,0.25,0.0022,-0.0003,0.0036,0.0121,-0.012,-0.0014,0.0067,-0.0315,0.002,-0.0095,0.0026,-0.0008,0.0848
Jaylen Nowell,MIN,2021,1782621,0.015858,0.0585,0.0427,6576219,1782621,-0.6372,-0.2171,-0.3438,,,759,0.3982,21.4,76,1,0,0.25,-0.0278,-0.0001,0.0028,0.0121,-0.012,-0.02,0.0155,0.0128,-0.0019,-0.0095,0.0026,-0.0008,0.0848
Raul Neto,WAS,2021,2089448,0.018587,0.0582,0.0396,6542494,2089448,-0.1767,0.3964,0.2285,,,1403,0.7055,15.8,74,2,0,0.25,-0.0086,0.0002,-0.0015,0.0121,-0.012,0.0064,-0.0033,-0.0164,-0.0034,-0.0019,0.0026,-0.0008,0.0848
Georges Niang,,2021,3300000,0.029355774,0.058,0.0286,6520012,3300000,0.048,0.0016,0.4142,,,1154,0.8579,17.4,78,2,0,0.25,0.0008,0,-0.0029,0.0121,-0.012,-0.0038,-0.0126,-0.008,-0.0003,-0.0019,0.0026,-0.0008,0.0848
Wayne Ellington,LAL,2021,2641691,0.0235,0.0578,0.0343,6497529,2641691,-0.2609,-0.5633,0.1332,,,1012,0.4988,16.7,76,2,0,0.25,-0.0121,-0.0003,-0.0008,0.0121,-0.012,-0.0096,0.0094,-0.0117,-0.0019,-0.0019,0.0026,-0.0008,0.0848
Daniel Theis,BOS,2021,8280351,0.073659,0.0577,-0.016,6486287,8280351,0.1153,0.2749,0.0771,,,1027,0.6879,15,80,2,0,0.25,0.0036,0.0001,-0.0004,0.0121,-0.012,-0.009,-0.0022,-0.0206,0.0013,-0.0019,0.0026,-0.0008,0.0848
James Johnson,BRK,2021,2641691,0.0235,0.0575,0.034,6463805,2641691,-0.4069,-0.5208,-0.5924,,,539,0.3266,18,79,2,0,0.25,-0.0182,-0.0003,0.0046,0.0121,-0.012,-0.029,0.0199,-0.0049,0.0005,-0.0019,0.0026,-0.0008,0.0848
Nerlens Noel,NYK,2021,8800000,0.078282,0.0574,-0.0209,6452563,8800000,0.5646,-0.6362,0.4105,,,1547,0.8322,9.2,82,2,0,0.25,0.0224,-0.0003,-0.0028,0.0121,-0.012,0.0124,-0.011,-0.0508,0.0028,-0.0019,0.0026,-0.0008,0.0848
Royce O'Neale,,2021,8800000,0.078282065,0.0567,-0.0216,6373873,8800000,0.0367,0.7244,0.5052,,,2241,0.9288,9.6,78,2,0,0.25,0.0003,0.0003,-0.0035,0.0121,-0.012,0.0408,-0.0169,-0.0487,-0.0003,-0.0019,0.0026,-0.0008,0.0848
Elijah Hughes,POR,2021,1517981,0.013503,0.0565,0.043,6351391,1517981,-0.8899,-0.7698,-1.9943,,,64,0.2195,25.4,77,0,0,0.25,-0.0384,-0.0004,0.0151,0.0121,-0.012,-0.0484,0.0265,0.0337,-0.0011,-0.0171,0.0026,-0.0008,0.0848
Terence Davis,SAC,2021,4000000,0.035583,0.0559,0.0203,6283942,4000000,-0.2328,-0.4722,0.1307,,,581,0.5808,21.9,76,1,0,0.25,-0.0109,-0.0002,-0.0008,0.0121,-0.012,-0.0272,0.0044,0.0154,-0.0019,-0.0095,0.0026,-0.0008,0.0848
De'Andre Hunter,,2021,7775400,0.069167541,0.0557,-0.0134,6261459,7775400,-0.1991,0.1838,0.6803,,,678,0.5034,20.2,79,1,0,0.25,-0.0095,0.0001,-0.0049,0.0121,-0.012,-0.0233,0.0091,0.0066,0.0005,-0.0095,0.0026,-0.0008,0.0848
Jevon Carter,,2021,3650000,0.032469265,0.0553,0.0228,6216494,3650000,0.4916,0.3843,-0.1437,,,717,0.7026,15,72,2,0,0.25,0.0193,0.0002,0.0013,0.0121,-0.012,-0.0217,-0.0031,-0.0206,-0.005,-0.0019,0.0026,-0.0008,0.0848
Lou Williams,ATL,2021,5000000,0.044478,0.0549,0.0104,6171528,5000000,-1.1482,-0.539,-0.0481,,,918,0.7099,26.5,74,2,0,0.25,-0.0492,-0.0003,0.0006,0.0121,-0.012,-0.0134,-0.0035,0.0394,-0.0034,-0.0019,0.0026,-0.0008,0.0848
PJ Dozier,ORL,2021,1910860,0.016998,0.0547,0.0377,6149045,1910860,-0.6091,0.3357,0.113,,,1088,0.4403,17.2,78,2,0,0.25,-0.0267,0.0001,-0.0006,0.0121,-0.012,-0.0065,0.013,-0.0091,-0.0003,-0.0019,0.0026,-0.0008,0.0848
Spencer Dinwiddie,DAL,2021,17142857,0.152498,0.053,-0.0995,5957942,17142857,0.5028,-0.1867,-0.0475,,,64,0.4508,16.1,77,2,0,0.25,0.0198,-0.0001,0.0006,0.0121,-0.012,-0.0484,0.0123,-0.0148,-0.0011,-0.0019,0.0026,-0.0008,0.0848
Kevon Looney,,2021,5178572,0.046066967,0.0523,0.0062,5879252,5178572,0.413,-0.0166,-0.3123,,,1161,0.6504,9.4,81,2,0,0.25,0.0161,0,0.0026,0.0121,-0.012,-0.0035,0.0001,-0.0498,0.002,-0.0019,0.0026,-0.0008,0.0848
Goga Bitadze,,2021,3098400,0.027562403,0.052,0.0245,5845528,3098400,-0.0307,0.6394,-0.5332,,,561,0.6242,18.1,83,1,0,0.25,-0.0025,0.0003,0.0042,0.0121,-0.012,-0.0281,0.0017,-0.0044,0.0036,-0.0095,0.0026,-0.0008,0.0848
Paul Reed,,2021,1517981,0.013503487,0.0518,0.0383,5823045,1517981,-0.1711,0.1109,1.07,,,177,0.3171,22.7,81,0,0,0.25,-0.0084,0,-0.0078,0.0121,-0.012,-0.0438,0.0205,0.0196,0.002,-0.0171,0.0026,-0.0008,0.0848
Oshae Brissett,IND,2021,1701593,0.015137,0.0517,0.0366,5811803,1701593,0.1266,0.2385,0.9579,,,519,0.259,15.6,79,1,0,0.25,0.0041,0.0001,-0.0069,0.0121,-0.012,-0.0298,0.0241,-0.0174,0.0005,-0.0095,0.0026,-0.0008,0.0848
Svi Mykhailiuk,,2021,1729217,0.015382577,0.0514,0.036,5778079,1729217,-0.8393,-0.6605,-0.802,,,690,0.5114,21,79,2,0,0.25,-0.0363,-0.0003,0.0062,0.0121,-0.012,-0.0228,0.0086,0.0107,0.0005,-0.0019,0.0026,-0.0008,0.0848
Al Horford,,2021,27000000,0.240183607,0.0513,-0.1889,5766838,27000000,-0.6877,1.6416,0.3756,,,782,0.6158,21.6,80,2,0,0.25,-0.03,0.0008,-0.0026,0.0121,-0.012,-0.019,0.0022,0.0139,0.0013,-0.0019,0.0026,-0.0008,0.0848
Edmond Sumner,BRK,2021,2320000,0.020638,0.0513,0.0307,5766838,2320000,-0.4968,-1.3833,-0.1565,,,861,0.5084,18.3,76,2,0,0.25,-0.022,-0.0007,0.0014,0.0121,-0.012,-0.0158,0.0088,-0.0033,-0.0019,-0.0019,0.0026,-0.0008,0.0848
Justise Winslow,POR,2021,3902439,0.034715,0.0512,0.0165,5755596,3902439,-1.1426,-1.3894,-1.8052,,,507,0.3653,21.9,78,2,0,0.25,-0.049,-0.0007,0.0137,0.0121,-0.012,-0.0303,0.0176,0.0154,-0.0003,-0.0019,0.0026,-0.0008,0.0848
Alize Johnson,CHI,2021,705598,0.006277,0.0504,0.0441,5665665,705598,-0.289,0.2264,1.0326,,,189,0.2147,19.1,81,2,0,0.25,-0.0133,0.0001,-0.0075,0.0121,-0.012,-0.0433,0.0268,0.0008,0.002,-0.0019,0.0026,-0.0008,0.0848
Nate Hinton,IND,2021,85578,0.000761,0.0502,0.0494,5643182,85578,-0.6428,-0.1745,-0.5662,,,93,0.2561,24.4,77,0,0,0.25,-0.0281,-0.0001,0.0045,0.0121,-0.012,-0.0473,0.0242,0.0285,-0.0011,-0.0171,0.0026,-0.0008,0.0848
Josh Hart,,2021,12000000,0.10674827,0.0499,-0.0569,5609458,12000000,-0.0756,-0.4054,0.1494,,,1349,0.7208,13.5,77,2,0,0.25,-0.0044,-0.0002,-0.0009,0.0121,-0.012,0.0042,-0.0042,-0.0284,-0.0011,-0.0019,0.0026,-0.0008,0.0848
Rui Hachimura,,2021,4916160,0.043732631,0.0497,0.0059,5586975,4916160,-1.0808,-0.3446,-0.1805,,,1797,0.6845,18.1,80,1,0,0.25,-0.0464,-0.0002,0.0016,0.0121,-0.012,0.0226,-0.002,-0.0044,0.0013,-0.0095,0.0026,-0.0008,0.0848
Khem Birch,TOR,2021,6350000,0.056488,0.0493,-0.0072,5542010,6350000,0.1603,-0.3932,-0.3612,,,952,0.6146,12.2,80,2,0,0.25,0.0055,-0.0002,0.0029,0.0121,-0.012,-0.012,0.0023,-0.0352,0.0013,-0.0019,0.0026,-0.0008,0.0848
Pat Connaughton,,2021,5333333,0.047443672,0.0491,0.0017,5519527,5333333,0.1547,0.2264,0.4448,,,1575,0.8487,11.6,77,2,0,0.25,0.0053,0.0001,-0.0031,0.0121,-0.012,0.0135,-0.012,-0.0383,-0.0011,-0.0019,0.0026,-0.0008,0.0848
Jake Layman,MIN,2021,3940184,0.035051,0.0481,0.013,5407113,3940184,-0.0363,-0.9945,-0.5079,,,627,0.5434,15.1,80,2,0,0.25,-0.0027,-0.0005,0.004,0.0121,-0.012,-0.0254,0.0067,-0.02,0.0013,-0.0019,0.0026,-0.0008,0.0848
Jordan Nwora,MIL,2021,1517981,0.013503,0.0479,0.0344,5384630,1517981,-0.8449,-0.8852,0.0968,,,274,0.3659,26,80,0,0,0.25,-0.0365,-0.0004,-0.0005,0.0121,-0.012,-0.0398,0.0175,0.0368,0.0013,-0.0171,0.0026,-0.0008,0.0848
Isaiah Stewart,,2021,3277080,0.029151885,0.0474,0.0182,5328423,3277080,-0.0531,0.2446,0.0173,,,1455,0.8293,15.5,80,0,0,0.25,-0.0034,0.0001,0.0001,0.0121,-0.012,0.0086,-0.0108,-0.018,0.0013,-0.0171,0.0026,-0.0008,0.0848
Josh Okogie,,2021,4087904,0.036364723,0.0474,0.011,5328423,4087904,0.2108,-0.1442,-0.4534,,,1197,0.7986,12.1,76,2,0,0.25,0.0076,-0.0001,0.0036,0.0121,-0.012,-0.002,-0.009,-0.0357,-0.0019,-0.0019,0.0026,-0.0008,0.0848
Terance Mann,,2021,1782621,0.015857642,0.0469,0.031,5272216,1782621,-0.0756,0.2992,0.2968,,,1263,0.7242,15.1,78,1,0,0.25,-0.0044,0.0001,-0.002,0.0121,-0.012,0.0007,-0.0044,-0.02,-0.0003,-0.0095,0.0026,-0.0008,0.0848
Derrick Jones Jr.,,2021,9720900,0.086474105,0.0466,-0.0399,5238492,9720900,-0.0194,-0.8062,-0.2272,,,1318,0.7458,12.3,78,2,0,0.25,-0.002,-0.0004,0.0019,0.0121,-0.012,0.003,-0.0057,-0.0346,-0.0003,-0.0019,0.0026,-0.0008,0.0848
Derrick Favors,OKC,2021,9720900,0.086474,0.0465,-0.04,5227251,9720900,0.3175,0.5483,0.4772,,,1039,0.8125,13,81,2,0,0.25,0.0121,0.0002,-0.0033,0.0121,-0.012,-0.0085,-0.0098,-0.031,0.002,-0.0019,0.0026,-0.0008,0.0848
Anfernee Simons,,2021,3938818,0.035038501,0.0463,0.0113,5204768,3938818,-0.5192,-1.4015,-0.2048,,,1104,0.7307,18.3,75,2,0,0.25,-0.0229,-0.0007,0.0018,0.0121,-0.012,-0.0058,-0.0048,-0.0033,-0.0027,-0.0019,0.0026,-0.0008,0.0848
Taurean Prince,,2021,13000000,0.115643959,0.046,-0.0697,5171044,13000000,-0.6035,-0.7759,-0.3316,,,687,0.5776,19.7,78,2,0,0.25,-0.0264,-0.0004,0.0027,0.0121,-0.012,-0.0229,0.0046,0.004,-0.0003,-0.0019,0.0026,-0.0008,0.0848
Luke Kennard,,2021,12727273,0.113217864,0.046,-0.0672,5171044,12727273,-0.6203,-0.8184,0.0052,,,1232,0.6545,17.1,77,2,0,0.25,-0.0271,-0.0004,0.0002,0.0121,-0.012,-0.0006,-0.0001,-0.0096,-0.0011,-0.0019,0.0026,-0.0008,0.0848
Caleb Martin,MIA,2021,527615,0.004693,0.0458,0.0411,5148561,527615,-0.3283,-0.8366,-0.6232,,,818,0.4977,16.7,77,1,0,0.25,-0.0149,-0.0004,0.0049,0.0121,-0.012,-0.0175,0.0095,-0.0117,-0.0011,-0.0095,0.0026,-0.0008,0.0848
Gorgui Dieng,ATL,2021,4000000,0.035583,0.0451,0.0095,5069871,4000000,-0.0138,-0.0166,0.4734,,,371,0.5112,17,82,2,0,0.25,-0.0018,0,-0.0033,0.0121,-0.012,-0.0359,0.0086,-0.0101,0.0028,-0.0019,0.0026,-0.0008,0.0848
Cole Anthony,,2021,3449400,0.03068479,0.045,0.0143,5058630,3449400,-1.5245,-1.0735,-1.365,,,1273,0.5732,24.3,74,0,0,0.25,-0.0649,-0.0005,0.0104,0.0121,-0.012,0.0011,0.0048,0.028,-0.0034,-0.0171,0.0026,-0.0008,0.0848
Kenrich Williams,,2021,2000000,0.017791378,0.0448,0.027,5036147,2000000,-0.5642,-0.8609,0.3161,,,1426,0.6771,15.3,79,2,0,0.25,-0.0248,-0.0004,-0.0021,0.0121,-0.012,0.0074,-0.0015,-0.019,0.0005,-0.0019,0.0026,-0.0008,0.0848
Denzel Valentine,NYK,2021,902801,0.008031,0.0444,0.0364,4991181,902801,-0.7382,-0.1563,-0.1771,,,1036,,19.5,76,2,0,0.25,-0.0321,-0.0001,0.0015,0.0121,-0.012,-0.0086,-0.0022,0.0029,-0.0019,-0.0019,0.0026,-0.0008,0.0848
Moritz Wagner,,2021,1729217,0.015382577,0.0436,0.0282,4901250,1729217,-0.3339,-0.1685,0.4519,,,375,0.4448,18.3,83,2,0,0.25,-0.0152,-0.0001,-0.0031,0.0121,-0.012,-0.0357,0.0127,-0.0033,0.0036,-0.0019,0.0026,-0.0008,0.0848
Frank Kaminsky,PHO,2021,2089448,0.018587,0.0428,0.0242,4811319,2089448,-0.727,0.8702,-0.0827,,,715,0.5637,19,84,2,0,0.25,-0.0316,0.0004,0.0008,0.0121,-0.012,-0.0218,0.0054,0.0003,0.0044,-0.0019,0.0026,-0.0008,0.0848
John Konchar,,2021,2200000,0.019570516,0.0425,0.0229,4777595,2200000,0.4972,,0.7357,,,575,0.4267,12.4,77,1,0,0.25,0.0196,-0.0001,-0.0053,0.0121,-0.012,-0.0275,0.0138,-0.0341,-0.0011,-0.0095,0.0026,-0.0008,0.0848
Marc Gasol,MEM,2021,2692991,0.023956,0.0422,0.0182,4743870,2692991,0.0086,0.2932,-0.0715,,,993,0.6297,11.8,83,2,0,0.25,-0.0008,0.0001,0.0008,0.0121,-0.012,-0.0104,0.0014,-0.0373,0.0036,-0.0019,0.0026,-0.0008,0.0848
Max Strus,,2021,1669178,0.014848489,0.0421,0.0273,4732629,1669178,-0.1149,-0.788,-0.3522,,,507,0.4756,18.3,77,0,0,0.25,-0.006,-0.0004,0.0029,0.0121,-0.012,-0.0303,0.0108,-0.0033,-0.0011,-0.0171,0.0026,-0.0008,0.0848
Isaiah Roby,OKC,2021,1782621,0.015858,0.0421,0.0262,4732629,1782621,-1.1987,-1.4744,-0.7553,,,1425,0.4806,17.7,78,1,0,0.25,-0.0513,-0.0007,0.0059,0.0121,-0.012,0.0074,0.0105,-0.0065,-0.0003,-0.0095,0.0026,-0.0008,0.0848
Justin Jackson,BOS,2021,102831,0.000915,0.042,0.0411,4721388,102831,-0.6709,-0.7273,-0.5774,,,544,0.5989,20.2,80,2,0,0.25,-0.0293,-0.0004,0.0045,0.0121,-0.012,-0.0288,0.0033,0.0066,0.0013,-0.0019,0.0026,-0.0008,0.0848
Garrett Temple,,2021,4910000,0.043677834,0.042,-0.0017,4721388,4910000,-0.4182,-1.2618,-0.0494,,,1528,0.7193,13.1,77,2,0,0.25,-0.0187,-0.0006,0.0006,0.0121,-0.012,0.0116,-0.0041,-0.0305,-0.0011,-0.0019,0.0026,-0.0008,0.0848
DeAndre Jordan,,2021,7875533,0.070058293,0.0402,-0.0299,4519042,7875533,-0.3901,0.2385,-0.3419,,,1246,0.7028,13.1,83,2,0,0.25,-0.0175,0.0001,0.0028,0.0121,-0.012,0,-0.0031,-0.0305,0.0036,-0.0019,0.0026,-0.0008,0.0848
Ish Smith,WAS,2021,4500000,0.040031,0.04,-0.0001,4496560,4500000,-0.1935,0.4207,-0.116,,,924,0.6882,15.8,72,2,0,0.25,-0.0093,0.0002,0.0011,0.0121,-0.012,-0.0132,-0.0022,-0.0164,-0.005,-0.0019,0.0026,-0.0008,0.0848
Ty Jerome,,2021,2412840,0.021463875,0.0397,0.0182,4462835,2412840,-0.6877,-0.8791,0.1862,,,788,0.413,18.8,77,1,0,0.25,-0.03,-0.0004,-0.0012,0.0121,-0.012,-0.0188,0.0146,-0.0007,-0.0011,-0.0095,0.0026,-0.0008,0.0848
DeAndre' Bembry,BRK,2021,1939350,0.017252,0.0396,0.0224,4451594,1939350,-0.1767,-0.5815,-0.1054,,,972,0.6901,14.6,77,2,0,0.25,-0.0086,-0.0003,0.001,0.0121,-0.012,-0.0112,-0.0023,-0.0226,-0.0011,-0.0019,0.0026,-0.0008,0.0848
Markieff Morris,MIA,2021,2641691,0.0235,0.0385,0.015,4327939,2641691,-0.8843,-1.2679,-0.6039,,,1200,0.6382,16.4,81,2,0,0.25,-0.0382,-0.0006,0.0047,0.0121,-0.012,-0.0019,0.0009,-0.0133,0.002,-0.0019,0.0026,-0.0008,0.0848
Desmond Bane,,2021,2033160,0.018086359,0.0375,0.0194,4215525,2033160,-0.3788,-0.4843,0.031,,,1519,0.8293,16.1,78,0,0,0.25,-0.017,-0.0002,0,0.0121,-0.012,0.0112,-0.0108,-0.0148,-0.0003,-0.0171,0.0026,-0.0008,0.0848
Jalen McDaniels,CHO,2021,1782621,0.015858,0.0374,0.0215,4204283,1782621,-0.8337,-0.6422,-0.7494,,,904,0.4416,17,81,1,0,0.25,-0.0361,-0.0003,0.0058,0.0121,-0.012,-0.014,0.0129,-0.0101,0.002,-0.0095,0.0026,-0.0008,0.0848
Hamidou Diallo,DET,2021,5200000,0.046258,0.0372,-0.0091,4181800,5200000,-1.1875,-1.3043,0.3413,,,761,0.5112,22.5,77,2,0,0.25,-0.0509,-0.0006,-0.0023,0.0121,-0.012,-0.0199,0.0086,0.0186,-0.0011,-0.0019,0.0026,-0.0008,0.0848
Sterling Brown,DAL,2021,3000000,0.026687,0.0365,0.0098,4103110,3000000,-0.3901,-1.1707,-0.1023,,,1229,0.6691,13.5,77,2,0,0.25,-0.0175,-0.0006,0.001,0.0121,-0.012,-0.0007,-0.001,-0.0284,-0.0011,-0.0019,0.0026,-0.0008,0.0848
Darius Bazley,OKC,2021,2513040,0.022355,0.0365,0.0142,4103110,2513040,-1.94,-1.3165,-1.2809,,,1714,0.7369,22.1,81,1,0,0.25,-0.0823,-0.0006,0.0098,0.0121,-0.012,0.0192,-0.0052,0.0165,0.002,-0.0095,0.0026,-0.0008,0.0848
Nic Claxton,,2021,1782621,0.015857642,0.0364,0.0205,4091869,1782621,,0.8216,0.7663,,,594,0.322,14,83,1,0,0.25,-0.007,0.0004,-0.0055,0.0121,-0.012,-0.0267,0.0202,-0.0258,0.0036,-0.0095,0.0026,-0.0008,0.0848
Maxi Kleber,,2021,8750000,0.07783728,0.036,-0.0418,4046903,8750000,-0.0194,-0.4054,0.2304,,,1341,0.7864,10.6,82,2,0,0.25,-0.002,-0.0002,-0.0015,0.0121,-0.012,0.0039,-0.0082,-0.0435,0.0028,-0.0019,0.0026,-0.0008,0.0848
Maurice Harkless,SAC,2021,4347600,0.038675,0.0356,-0.003,4001938,4347600,-0.025,-1.0917,-0.2712,,,648,0.5132,12.6,79,2,0,0.25,-0.0023,-0.0005,0.0022,0.0121,-0.012,-0.0245,0.0085,-0.0331,0.0005,-0.0019,0.0026,-0.0008,0.0848
Eric Paschall,UTA,2021,1782621,0.015858,0.0351,0.0192,3945731,1782621,-1.1819,-0.7819,-0.7587,,,695,0.6174,23.5,78,1,0,0.25,-0.0506,-0.0004,0.0059,0.0121,-0.012,-0.0226,0.0021,0.0238,-0.0003,-0.0095,0.0026,-0.0008,0.0848
Skylar Mays,ATL,2021,34231,0.000305,0.0348,0.0345,3912007,34231,-0.0138,0.2507,1.0015,,,269,0.4024,19.1,76,0,0,0.25,-0.0018,0.0001,-0.0073,0.0121,-0.012,-0.04,0.0153,0.0008,-0.0019,-0.0171,0.0026,-0.0008,0.0848
Kevin Knox,ATL,2021,5845978,0.052004,0.0346,-0.0174,3889524,5845978,,,-0.7114,,,464,0.7099,16.2,80,2,0,0.25,-0.007,-0.0001,0.0055,0.0121,-0.012,-0.032,-0.0035,-0.0143,0.0013,-0.0019,0.0026,-0.0008,0.0848
Drew Eubanks,,2021,1762796,0.015681285,0.0343,0.0186,3855800,1762796,-0.6203,0.2324,-0.4254,,,755,0.5262,17.1,82,1,0,0.25,-0.0271,0.0001,0.0034,0.0121,-0.012,-0.0201,0.0077,-0.0096,0.0028,-0.0095,0.0026,-0.0008,0.0848
Killian Hayes,,2021,5572680,0.049572829,0.0341,-0.0154,3833317,5572680,-1.0078,-1.7234,-1.7644,,,670,0.3171,19,76,0,0,0.25,-0.0433,-0.0008,0.0134,0.0121,-0.012,-0.0236,0.0205,0.0003,-0.0019,-0.0171,0.0026,-0.0008,0.0848
Obi Toppin,,2021,5105160,0.045413916,0.0331,-0.0123,3720903,5105160,0.1884,-0.6726,-0.0344,,,683,0.7561,15.9,81,0,0,0.25,0.0067,-0.0003,0.0005,0.0121,-0.012,-0.0231,-0.0064,-0.0159,0.002,-0.0171,0.0026,-0.0008,0.0848
Gary Trent Jr.,,2021,16000000,0.142331026,0.0326,-0.1098,3664696,16000000,-0.9741,-1.3894,,,,,,,77,2,0,0.25,-0.0419,-0.0007,0,0.0121,-0.012,-0.0014,-0.0022,-0.0049,-0.0011,-0.0019,0.0026,-0.0008,0.0848
Patrick Williams,,2021,7422000,0.066023805,0.0324,-0.0337,3642213,7422000,-0.8449,-1.3408,-0.5363,,,1983,0.8659,14.9,78,0,0,0.25,-0.0365,-0.0006,0.0042,0.0121,-0.012,0.0302,-0.0131,-0.0211,-0.0003,-0.0171,0.0026,-0.0008,0.0848
Isaac Okoro,,2021,6720720,0.059785436,0.0323,-0.0275,3630972,6720720,-1.0303,-1.3529,-0.7513,,,2173,0.8171,14.3,76,0,0,0.25,-0.0443,-0.0006,0.0058,0.0121,-0.012,0.038,-0.0101,-0.0242,-0.0019,-0.0171,0.0026,-0.0008,0.0848
Didi Louzada,,2021,1786878,0.015895511,0.0322,0.0163,3619730,1786878,,-0.3385,-2.4062,,,56,0.0366,12,77,0,0,0.25,-0.007,-0.0002,0.0182,0.0121,-0.012,-0.0488,0.0377,-0.0362,-0.0011,-0.0171,0.0026,-0.0008,0.0848
Payton Pritchard,,2021,2137440,0.019014002,0.032,0.013,3597248,2137440,-0.2441,-0.5329,0.2323,,,1268,0.8049,16.7,73,0,0,0.25,-0.0114,-0.0003,-0.0015,0.0121,-0.012,0.0009,-0.0093,-0.0117,-0.0042,-0.0171,0.0026,-0.0008,0.0848
Facundo Campazzo,DEN,2021,2975000,0.026465,0.0316,0.0051,3552282,2975000,0.048,0.1109,0.0968,,,1425,0.7927,13.1,70,0,0,0.25,0.0008,0,-0.0005,0.0121,-0.012,0.0074,-0.0086,-0.0305,-0.0066,-0.0171,0.0026,-0.0008,0.0848
Malachi Flynn,TOR,2021,2048040,0.018219,0.0312,0.0129,3507316,2048040,-0.7439,-0.788,-0.8273,,,928,0.5732,19,73,0,0,0.25,-0.0323,-0.0004,0.0064,0.0121,-0.012,-0.013,0.0048,0.0003,-0.0042,-0.0171,0.0026,-0.0008,0.0848
Kelan Martin,BOS,2021,191860,0.001707,0.031,0.0293,3484834,191860,-0.7046,-0.4296,0.065,,,322,0.4282,20.9,77,1,0,0.25,-0.0307,-0.0002,-0.0003,0.0121,-0.012,-0.0379,0.0137,0.0102,-0.0011,-0.0095,0.0026,-0.0008,0.0848
Frank Ntilikina,DAL,2021,1789256,0.015917,0.0304,0.0145,3417385,1789256,0.0873,-0.9945,-0.5861,,,322,0.5436,13.6,76,2,0,0.25,0.0024,-0.0005,0.0046,0.0121,-0.012,-0.0379,0.0066,-0.0279,-0.0019,-0.0019,0.0026,-0.0008,0.0848
Isaac Bonga,TOR,2021,1729217,0.015383,0.0303,0.0149,3406144,1729217,0.2277,-1.6627,-1.4158,,,432,0.5726,10.2,80,2,0,0.25,0.0083,-0.0008,0.0108,0.0121,-0.012,-0.0334,0.0049,-0.0456,0.0013,-0.0019,0.0026,-0.0008,0.0848
Austin Rivers,DEN,2021,2401537,0.021363,0.0297,0.0083,3338695,2401537,-0.3788,-0.8791,-0.2702,,,442,0.526,16.5,76,2,0,0.25,-0.017,-0.0004,0.0022,0.0121,-0.012,-0.0329,0.0077,-0.0127,-0.0019,-0.0019,0.0026,-0.0008,0.0848
Devin Cannady,ORL,2021,185578,0.001651,0.0294,0.0278,3304971,185578,-0.6259,-0.2292,-0.373,,,74,0.0976,19.3,74,0,0,0.25,-0.0274,-0.0001,0.003,0.0121,-0.012,-0.048,0.0339,0.0019,-0.0034,-0.0171,0.0026,-0.0008,0.0848
Andre Iguodala,GSW,2021,2641691,0.0235,0.0279,0.0044,3136350,2641691,-0.5249,-0.2171,-0.2836,,,1339,0.6375,11.2,78,2,0,0.25,-0.0232,-0.0001,0.0023,0.0121,-0.012,0.0038,0.0009,-0.0404,-0.0003,-0.0019,0.0026,-0.0008,0.0848
Tyrell Terry,DAL,2021,1517981,0.013503,0.0266,0.0131,2990212,1517981,-0.7158,0.1838,,,,,,,74,0,0,0.25,-0.0311,0.0001,0,0.0121,-0.012,-0.0014,-0.0022,-0.0049,-0.0034,-0.0171,0.0026,-0.0008,0.0848
Mfiondu Kabengele,HOU,2021,19186,0.000171,0.0261,0.026,2934005,19186,-0.7495,-0.5997,-0.5653,,,186,0.1845,16.9,82,1,0,0.25,-0.0325,-0.0003,0.0044,0.0121,-0.012,-0.0434,0.0286,-0.0106,0.0028,-0.0095,0.0026,-0.0008,0.0848
Jared Harper,NOP,2021,95930,0.000853,0.0257,0.0248,2889039,95930,-0.8393,-0.2353,,,,,,,70,1,0,0.25,-0.0363,-0.0001,0,0.0121,-0.012,-0.0014,-0.0022,-0.0049,-0.0066,-0.0095,0.0026,-0.0008,0.0848
Wesley Matthews,MIL,2021,1958501,0.017422,0.0254,0.008,2855315,1958501,-0.2104,-0.2656,-0.1453,,,1130,0.7401,11.4,77,2,0,0.25,-0.01,-0.0001,0.0013,0.0121,-0.012,-0.0047,-0.0054,-0.0393,-0.0011,-0.0019,0.0026,-0.0008,0.0848
Brandon Goodwin,CLE,2021,99380,0.000884,0.0244,0.0235,2742901,99380,-1.2717,-0.3385,-1.3943,,,620,0.4673,19.5,72,2,0,0.25,-0.0544,-0.0002,0.0106,0.0121,-0.012,-0.0256,0.0113,0.0029,-0.005,-0.0019,0.0026,-0.0008,0.0848
Rodney Hood,LAC,2021,2239544,0.019922,0.0242,0.0043,2720418,2239544,-0.9404,-2.0271,-1.6581,,,726,0.429,14.1,80,2,0,0.25,-0.0405,-0.001,0.0126,0.0121,-0.012,-0.0213,0.0137,-0.0253,0.0013,-0.0019,0.0026,-0.0008,0.0848
Bismack Biyombo,,2021,1518213,0.013505551,0.0235,0.01,2641729,1518213,-0.7326,-1.4258,-1.4323,,,1349,0.755,11.5,80,2,0,0.25,-0.0318,-0.0007,0.0109,0.0121,-0.012,0.0042,-0.0063,-0.0388,0.0013,-0.0019,0.0026,-0.0008,0.0848
Jaylen Hoard,OKC,2021,191860,0.001707,0.0234,0.0217,2630487,191860,-0.5136,-0.5633,-0.1715,,,320,0.2317,16.3,80,0,0,0.25,-0.0227,-0.0003,0.0015,0.0121,-0.012,-0.0379,0.0257,-0.0138,0.0013,-0.0171,0.0026,-0.0008,0.0848
Tim Frazier,CLE,2021,128709,0.001145,0.0233,0.0222,2619246,128709,-1.1819,-0.2778,-2.9591,,,62,0.2576,18.1,73,2,0,0.25,-0.0506,-0.0001,0.0223,0.0121,-0.012,-0.0485,0.0242,-0.0044,-0.0042,-0.0019,0.0026,-0.0008,0.0848
Jarrett Culver,MEM,2021,6395160,0.056889,0.023,-0.0339,2585522,6395160,-0.7607,-0.7091,-1.3126,,,499,0.5873,18.2,78,1,0,0.25,-0.033,-0.0003,0.01,0.0121,-0.012,-0.0306,0.004,-0.0039,-0.0003,-0.0095,0.0026,-0.0008,0.0848
Jaxson Hayes,,2021,5348280,0.047576636,0.0227,-0.0249,2551797,5348280,-0.5473,0.2324,0.1017,,,964,0.7907,16.2,84,1,0,0.25,-0.0241,0.0001,-0.0005,0.0121,-0.012,-0.0115,-0.0085,-0.0143,0.0044,-0.0095,0.0026,-0.0008,0.0848
Jarrell Brantley,UTA,2021,84414,0.000751,0.0227,0.0219,2551797,84414,-0.3227,-0.6119,0.6616,,,138,0.3415,19,77,0,0,0.25,-0.0147,-0.0003,-0.0047,0.0121,-0.012,-0.0454,0.019,0.0003,-0.0011,-0.0171,0.0026,-0.0008,0.0848
George Hill,MIL,2021,4000000,0.035583,0.0225,-0.0131,2529315,4000000,-0.4631,-0.4661,0.5068,,,369,0.4458,16.5,76,2,0,0.25,-0.0206,-0.0002,-0.0036,0.0121,-0.012,-0.0359,0.0126,-0.0127,-0.0019,-0.0019,0.0026,-0.0008,0.0848
Saben Lee,DET,2021,1489065,0.013246,0.0222,0.0089,2495590,1489065,-0.4462,-0.8852,-0.1646,,,781,0.5854,17,74,0,0,0.25,-0.0199,-0.0004,0.0015,0.0121,-0.012,-0.019,0.0041,-0.0101,-0.0034,-0.0171,0.0026,-0.0008,0.0848
Justin James,NOP,2021,95930,0.000853,0.0222,0.0213,2495590,95930,-0.9292,-1.1768,-1.1338,,,310,0.4619,19.7,78,1,0,0.25,-0.0401,-0.0006,0.0087,0.0121,-0.012,-0.0384,0.0116,0.004,-0.0003,-0.0095,0.0026,-0.0008,0.0848
Lamar Stevens,CLE,2021,1517981,0.013503,0.0219,0.0084,2461866,1517981,-0.3901,-0.3871,-0.8463,,,499,0.4878,15.8,79,0,0,0.25,-0.0175,-0.0002,0.0065,0.0121,-0.012,-0.0306,0.0101,-0.0164,0.0005,-0.0171,0.0026,-0.0008,0.0848
Onyeka Okongwu,,2021,6104280,0.054301777,0.0216,-0.0327,2428142,6104280,-0.143,0.0198,-0.2827,,,601,0.6098,14.7,82,0,0,0.25,-0.0072,0,0.0023,0.0121,-0.012,-0.0264,0.0026,-0.0221,0.0028,-0.0171,0.0026,-0.0008,0.0848
Yuta Watanabe,TOR,2021,1762796,0.015681,0.0209,0.0052,2349452,1762796,-0.3845,-0.0531,-0.2578,,,723,0.4748,12.7,81,1,0,0.25,-0.0173,0,0.0021,0.0121,-0.012,-0.0214,0.0109,-0.0326,0.002,-0.0095,0.0026,-0.0008,0.0848
James Wiseman,,2021,9166800,0.081545003,0.0209,-0.0606,2349452,9166800,-1.9456,-1.6384,-1.5426,,,836,0.4756,23.8,83,0,0,0.25,-0.0826,-0.0008,0.0117,0.0121,-0.012,-0.0168,0.0108,0.0254,0.0036,-0.0171,0.0026,-0.0008,0.0848
Gabriel Deck,OKC,2021,1690507,0.015038,0.0208,0.0057,2338211,1690507,-0.5249,-0.0652,0.4504,,,212,0.122,16.6,78,0,0,0.25,-0.0232,0,-0.0031,0.0121,-0.012,-0.0424,0.0325,-0.0122,-0.0003,-0.0171,0.0026,-0.0008,0.0848
Shaquille Harrison,BRK,2021,205662,0.00183,0.0204,0.0186,2293245,205662,0.1153,-1.3833,-0.3665,,,277,0.4609,11.2,76,2,0,0.25,0.0036,-0.0007,0.003,0.0121,-0.012,-0.0397,0.0117,-0.0404,-0.0019,-0.0019,0.0026,-0.0008,0.0848
Aleksej Pokusevski,OKC,2021,3113160,0.027694,0.0201,-0.0076,2259521,3113160,-1.7996,-2.1608,-2.0551,,,1090,0.5488,20.5,84,0,0,0.25,-0.0765,-0.001,0.0156,0.0121,-0.012,-0.0064,0.0063,0.0081,0.0044,-0.0171,0.0026,-0.0008,0.0848
Jahmi'us Ramsey,SAC,2021,1517981,0.013503,0.0201,0.0065,2259521,1517981,-0.9011,-0.1442,-0.5902,,,94,0.1585,19.8,75,0,0,0.25,-0.0389,-0.0001,0.0046,0.0121,-0.012,-0.0472,0.0302,0.0045,-0.0027,-0.0171,0.0026,-0.0008,0.0848
R.J. Hampton,ORL,2021,2303040,0.020487,0.0198,-0.0007,2225797,2303040,-1.4571,-1.359,-0.6777,,,655,0.3171,21.5,76,0,0,0.25,-0.0621,-0.0006,0.0053,0.0121,-0.012,-0.0242,0.0205,0.0134,-0.0019,-0.0171,0.0026,-0.0008,0.0848
Reggie Perry,IND,2021,85578,0.000761,0.0195,0.0187,2192073,85578,-1.064,-0.5572,-1.1644,,,211,0.3171,20.4,80,0,0,0.25,-0.0457,-0.0003,0.0089,0.0121,-0.012,-0.0424,0.0205,0.0076,0.0013,-0.0171,0.0026,-0.0008,0.0848
Tyus Jones,,2021,7600000,0.067607238,0.0193,-0.0483,2169590,7600000,-0.7719,-0.5815,0.108,,,1222,0.8635,16.6,72,2,0,0.25,-0.0335,-0.0003,-0.0006,0.0121,-0.012,-0.001,-0.0129,-0.0122,-0.005,-0.0019,0.0026,-0.0008,0.0848
Armoni Brooks,HOU,2021,1489065,0.013246,0.0164,0.0032,1843589,1489065,-1.0527,-0.8609,-0.6883,,,520,0.2439,17.9,75,0,0,0.25,-0.0452,-0.0004,0.0054,0.0121,-0.012,-0.0297,0.025,-0.0054,-0.0027,-0.0171,0.0026,-0.0008,0.0848
Rayjon Tucker,DEN,2021,95930,0.000853,0.0164,0.0155,1843589,95930,-1.0022,-0.2596,-0.646,,,68,0.2109,19.2,75,1,0,0.25,-0.0431,-0.0001,0.005,0.0121,-0.012,-0.0483,0.027,0.0014,-0.0027,-0.0095,0.0026,-0.0008,0.0848
Gabe Vincent,,2021,1669178,0.014848489,0.0163,0.0014,1832348,1669178,-0.9236,-0.9459,-1.4747,,,655,0.6098,19.1,74,0,0,0.25,-0.0398,-0.0005,0.0112,0.0121,-0.012,-0.0242,0.0026,0.0008,-0.0034,-0.0171,0.0026,-0.0008,0.0848
Luca Vildoza,MIL,2021,42789,0.000381,0.0157,0.0153,1764899,42789,-1.0471,,,,,,,,,0,0,0.25,-0.045,-0.0001,0,0.0121,-0.012,-0.0014,-0.0022,-0.0049,-0.0003,-0.0171,0.0026,-0.0008,0.0848
Gary Payton II,,2021,1939350,0.017251855,0.0156,-0.0017,1753658,1939350,0.0255,-0.2839,4.4783,,,40,0.1891,16.8,74,2,0,0.25,-0.0001,-0.0001,-0.0332,0.0121,-0.012,-0.0494,0.0283,-0.0112,-0.0034,-0.0019,0.0026,-0.0008,0.0848
Stanley Johnson,CHI,2021,120083,0.001068,0.0155,0.0144,1742417,120083,-0.8955,-0.6422,-0.6575,,,1006,0.5932,13.4,78,2,0,0.25,-0.0386,-0.0003,0.0051,0.0121,-0.012,-0.0098,0.0036,-0.0289,-0.0003,-0.0019,0.0026,-0.0008,0.0848
Thanasis Antetokounmpo,,2021,1729217,0.015382577,0.0146,-0.0008,1641244,1729217,-0.6372,-1.2922,-0.7609,,,551,0.5386,15.3,79,1,0,0.25,-0.0278,-0.0006,0.0059,0.0121,-0.012,-0.0285,0.007,-0.019,0.0005,-0.0095,0.0026,-0.0008,0.0848
Jordan Bell,CHI,2021,102831,0.000915,0.0146,0.0137,1641244,102831,-0.7158,-0.132,-1.5513,,,67,0.3088,14.2,80,2,0,0.25,-0.0311,-0.0001,0.0118,0.0121,-0.012,-0.0483,0.021,-0.0247,0.0013,-0.0019,0.0026,-0.0008,0.0848
Solomon Hill,NYK,2021,2389641,0.021258,0.014,-0.0072,1573796,2389641,-0.8169,-1.2982,-0.5771,,,1513,0.7402,10.4,78,2,0,0.25,-0.0354,-0.0006,0.0045,0.0121,-0.012,0.011,-0.0054,-0.0446,-0.0003,-0.0019,0.0026,-0.0008,0.0848
Keita Bates-Diop,SAS,2021,1729217,0.015383,0.0134,-0.002,1506347,1729217,-0.6989,-0.6422,-0.4058,,,245,0.3659,14.8,80,2,0,0.25,-0.0304,-0.0003,0.0033,0.0121,-0.012,-0.041,0.0175,-0.0216,0.0013,-0.0019,0.0026,-0.0008,0.0848
Dylan Windler,CLE,2021,2239200,0.019919,0.0134,-0.0066,1506347,2239200,-0.3227,-0.4175,-0.5674,,,513,,14.8,79,1,0,0.25,-0.0147,-0.0002,0.0045,0.0121,-0.012,-0.03,-0.0022,-0.0216,0.0005,-0.0095,0.0026,-0.0008,0.0848
Isaiah Joe,,2021,1517981,0.013503487,0.0131,-0.0004,1472623,1517981,-0.5529,-0.0531,-0.4877,,,383,0.5,17.4,76,0,0,0.25,-0.0243,0,0.0039,0.0121,-0.012,-0.0354,0.0093,-0.008,-0.0019,-0.0171,0.0026,-0.0008,0.0848
Matisse Thybulle,,2021,2840160,0.02526518,0.0128,-0.0125,1438899,2840160,0.1041,0.3539,1.0825,,,1298,0.834,9.4,77,1,0,0.25,0.0031,0.0002,-0.0079,0.0121,-0.012,0.0021,-0.0111,-0.0498,-0.0011,-0.0095,0.0026,-0.0008,0.0848
KZ Okpala,OKC,2021,1782621,0.015858,0.0126,-0.0033,1416416,1782621,-0.6821,-1.116,-1.6899,,,447,0.3081,11.9,80,1,0,0.25,-0.0297,-0.0005,0.0128,0.0121,-0.012,-0.0327,0.0211,-0.0367,0.0013,-0.0095,0.0026,-0.0008,0.0848
Rajon Rondo,CLE,2021,2641691,0.0235,0.0117,-0.0118,1315243,2641691,-0.873,-0.8791,-0.9612,,,402,0.4768,16.2,73,2,0,0.25,-0.0377,-0.0004,0.0074,0.0121,-0.012,-0.0346,0.0107,-0.0143,-0.0042,-0.0019,0.0026,-0.0008,0.0848
Abdel Nader,PHO,2021,2000000,0.017791,0.0114,-0.0063,1281519,2000000,-1.0359,-0.6544,-0.1023,,,355,0.5243,19,77,2,0,0.25,-0.0445,-0.0003,0.001,0.0121,-0.012,-0.0365,0.0078,0.0003,-0.0011,-0.0019,0.0026,-0.0008,0.0848
Torrey Craig,PHO,2021,4878049,0.043394,0.0112,-0.0322,1259036,4878049,-0.6315,-0.1745,0.3597,,,602,0.6197,15.5,77,2,0,0.25,-0.0276,-0.0001,-0.0025,0.0121,-0.012,-0.0264,0.002,-0.018,-0.0011,-0.0019,0.0026,-0.0008,0.0848
Taj Gibson,NYK,2021,4910000,0.043678,0.0112,-0.0325,1259036,4910000,-0.1261,0.4632,0.7404,,,936,0.7035,9.7,81,2,0,0.25,-0.0065,0.0002,-0.0053,0.0121,-0.012,-0.0127,-0.0031,-0.0482,0.002,-0.0019,0.0026,-0.0008,0.0848
Juan Toscano-Anderson,GSW,2021,1701593,0.015137,0.011,-0.0042,1236554,1701593,-0.5698,-0.211,0.6541,,,1107,0.4717,11,78,1,0,0.25,-0.025,-0.0001,-0.0047,0.0121,-0.012,-0.0057,0.011,-0.0414,-0.0003,-0.0095,0.0026,-0.0008,0.0848
Anthony Lamb,SAS,2021,85578,0.000761,0.0108,0.01,1214071,85578,-0.8449,-0.9824,-1.4625,,,415,0.2927,15,78,0,0,0.25,-0.0365,-0.0005,0.0111,0.0121,-0.012,-0.0341,0.022,-0.0206,-0.0003,-0.0171,0.0026,-0.0008,0.0848
Rodney McGruder,DET,2021,1939350,0.017252,0.0103,-0.007,1157864,1939350,-0.6596,-0.46,0.8242,,,194,0.4919,18.1,76,2,0,0.25,-0.0288,-0.0002,-0.0059,0.0121,-0.012,-0.0431,0.0098,-0.0044,-0.0019,-0.0019,0.0026,-0.0008,0.0848
Kyle Guy,MIA,2021,191860,0.001707,0.0098,0.0081,1101657,191860,-1.137,-0.4418,-1.8622,,,235,0.378,19.7,73,0,0,0.25,-0.0487,-0.0002,0.0141,0.0121,-0.012,-0.0414,0.0168,0.004,-0.0042,-0.0171,0.0026,-0.0008,0.0848
Damyean Dotson,NYK,2021,205662,0.00183,0.0097,0.0079,1090415,205662,-1.3504,-1.6262,-1.2257,,,907,0.6585,16.9,77,2,0,0.25,-0.0577,-0.0008,0.0094,0.0121,-0.012,-0.0139,-0.0004,-0.0106,-0.0011,-0.0019,0.0026,-0.0008,0.0848
Theo Pinson,DAL,2021,197076,0.001753,0.0092,0.0075,1034208,197076,-1.2493,-0.3142,-4.3006,,,34,0.2119,13.1,77,2,0,0.25,-0.0534,-0.0002,0.0323,0.0121,-0.012,-0.0497,0.0269,-0.0305,-0.0011,-0.0019,0.0026,-0.0008,0.0848
Patrick Patterson,OKC,2021,737066,0.006557,0.009,0.0025,1011725,737066,-0.6147,-0.3993,-0.2142,,,582,0.6312,14,80,2,0,0.25,-0.0269,-0.0002,0.0018,0.0121,-0.012,-0.0272,0.0013,-0.0258,0.0013,-0.0019,0.0026,-0.0008,0.0848
Jahlil Okafor,BRK,2021,2130023,0.018948,0.0085,-0.0105,955519,2130023,-1.2324,-1.8328,-1.1887,,,347,0.4335,16.8,82,2,0,0.25,-0.0527,-0.0009,0.0091,0.0121,-0.012,-0.0368,0.0134,-0.0112,0.0028,-0.0019,0.0026,-0.0008,0.0848
Langston Galloway,BRK,2021,257418,0.00229,0.0083,0.006,933036,257418,-0.6428,-1.0796,-0.2132,,,438,0.714,17.3,73,2,0,0.25,-0.0281,-0.0005,0.0018,0.0121,-0.012,-0.0331,-0.0038,-0.0086,-0.0042,-0.0019,0.0026,-0.0008,0.0848
Alfonzo McKinnie,CHI,2021,1293926,0.01151,0.0081,-0.0034,910553,1293926,-0.7495,-0.5451,0.3326,,,258,0.5801,17.8,79,2,0,0.25,-0.0325,-0.0003,-0.0023,0.0121,-0.012,-0.0405,0.0044,-0.006,0.0005,-0.0019,0.0026,-0.0008,0.0848
Gary Clark,NOP,2021,377645,0.003359,0.0079,0.0046,888070,377645,-0.6709,-1.3529,-1.3457,,,637,0.4378,10.3,78,2,0,0.25,-0.0293,-0.0006,0.0103,0.0121,-0.012,-0.025,0.0131,-0.0451,-0.0003,-0.0019,0.0026,-0.0008,0.0848
Quinndary Weatherspoon,GSW,2021,95930,0.000853,0.0077,0.0068,865587,95930,-0.9966,-0.7151,-0.8226,,,121,0.2439,18.7,75,0,0,0.25,-0.0429,-0.0003,0.0064,0.0121,-0.012,-0.0461,0.025,-0.0013,-0.0027,-0.0171,0.0026,-0.0008,0.0848
Gary Harris,,2021,20482143,0.182202777,0.0074,-0.1748,831863,20482143,-0.6989,-0.8609,0.1086,,,581,0.4882,13.8,76,2,0,0.25,-0.0304,-0.0004,-0.0006,0.0121,-0.012,-0.0272,0.01,-0.0268,-0.0019,-0.0019,0.0026,-0.0008,0.0848
Malik Fitts,BOS,2021,402218,0.003578,0.0072,0.0036,809380,402218,-1.2324,-0.0773,,,,,,,77,0,0,0.25,-0.0527,0,0,0.0121,-0.012,-0.0014,-0.0022,-0.0049,-0.0011,-0.0171,0.0026,-0.0008,0.0848
Killian Tillie,MEM,2021,1901625,0.016916,0.0068,-0.0102,764415,1901625,-0.8,-0.8123,-1.1668,,,182,0.2195,14.8,81,0,0,0.25,-0.0347,-0.0004,0.0089,0.0121,-0.012,-0.0436,0.0265,-0.0216,0.002,-0.0171,0.0026,-0.0008,0.0848
Naji Marshall,,2021,1517981,0.013503487,0.0068,-0.0067,764415,1517981,-1.0864,-0.1563,-0.2023,,,700,0.3902,16.8,78,0,0,0.25,-0.0466,-0.0001,0.0017,0.0121,-0.012,-0.0224,0.016,-0.0112,-0.0003,-0.0171,0.0026,-0.0008,0.0848
Devontae Cacok,SAS,2021,364533,0.003243,0.0065,0.0032,730691,364533,-0.5979,-0.0166,0.8613,,,98,0.2439,17.2,79,0,0,0.25,-0.0262,0,-0.0062,0.0121,-0.012,-0.047,0.025,-0.0091,0.0005,-0.0171,0.0026,-0.0008,0.0848
Sekou Doumbouya,HOU,2021,3613680,0.032146,0.0064,-0.0257,719449,3613680,-1.429,-2.1425,-1.2644,,,869,0.6247,17.8,80,1,0,0.25,-0.061,-0.001,0.0097,0.0121,-0.012,-0.0154,0.0017,-0.006,0.0013,-0.0095,0.0026,-0.0008,0.0848
Tyler Johnson,PHI,2021,128709,0.001145,0.0062,0.0051,696966,128709,-0.8506,-1.1099,-0.3674,,,684,0.4743,13.3,75,2,0,0.25,-0.0368,-0.0005,0.003,0.0121,-0.012,-0.023,0.0109,-0.0294,-0.0027,-0.0019,0.0026,-0.0008,0.0848
Jaden McDaniels,,2021,2063280,0.018354298,0.006,-0.0124,674484,2063280,-0.8786,-1.0006,-0.6703,,,1511,0.7683,12,81,0,0,0.25,-0.0379,-0.0005,0.0052,0.0121,-0.012,0.0109,-0.0071,-0.0362,0.002,-0.0171,0.0026,-0.0008,0.0848
Matt Thomas,CHI,2021,1669178,0.014848,0.0055,-0.0094,618277,1669178,-0.8225,-0.8427,-1.4176,,,192,0.4117,16,75,1,0,0.25,-0.0356,-0.0004,0.0108,0.0121,-0.012,-0.0432,0.0147,-0.0153,-0.0027,-0.0095,0.0026,-0.0008,0.0848
E'Twaun Moore,ORL,2021,2641691,0.0235,0.0053,-0.0182,595794,2641691,-0.9966,-0.9399,-0.3877,,,389,0.5272,17.2,75,2,0,0.25,-0.0429,-0.0005,0.0031,0.0121,-0.012,-0.0351,0.0077,-0.0091,-0.0027,-0.0019,0.0026,-0.0008,0.0848
Grant Williams,,2021,2617800,0.023287135,0.0047,-0.0186,528345,2617800,-0.6484,-0.4722,-0.798,,,1138,0.8396,12.3,79,1,0,0.25,-0.0283,-0.0002,0.0062,0.0121,-0.012,-0.0044,-0.0115,-0.0346,0.0005,-0.0095,0.0026,-0.0008,0.0848
Brad Wanamaker,IND,2021,715538,0.006365,0.0027,-0.0037,303517,715538,-1.0977,-0.5936,-0.8871,,,625,0.6214,16,75,2,0,0.25,-0.0471,-0.0003,0.0068,0.0121,-0.012,-0.0254,0.0019,-0.0153,-0.0027,-0.0019,0.0026,-0.0008,0.0848
Ryan Arcidiacono,NYK,2021,791798,0.007044,0.0023,-0.0048,258552,791798,-0.4238,-0.4296,-0.7447,,,450,0.7075,13.1,75,2,0,0.25,-0.0189,-0.0002,0.0058,0.0121,-0.012,-0.0326,-0.0034,-0.0305,-0.0027,-0.0019,0.0026,-0.0008,0.0848
Jontay Porter,MEM,2021,300000,0.002669,0.0007,-0.002,78689,300000,-0.8449,-0.4479,-1.0354,,,54,,18.9,83,1,0,0.25,-0.0365,-0.0002,0.008,0.0121,-0.012,-0.0489,-0.0022,-0.0002,0.0036,-0.0095,0.0026,-0.0008,0.0848
Avery Bradley,LAL,2021,2641691,0.0235,0.0006,-0.0229,67448,2641691,-1.0359,-1.3165,-1.5426,,,391,0.4273,13.8,75,2,0,0.25,-0.0445,-0.0006,0.0117,0.0121,-0.012,-0.035,0.0138,-0.0268,-0.0027,-0.0019,0.0026,-0.0008,0.0848
Deni Avdija,,2021,4692840,0.041746046,0.0003,-0.0414,33724,4692840,-0.8955,-0.1806,-0.5612,,,1257,0.6585,12,80,0,0,0.25,-0.0386,-0.0001,0.0044,0.0121,-0.012,0.0005,-0.0004,-0.0362,0.0013,-0.0171,0.0026,-0.0008,0.0848
Miye Oni,NOP,2021,95930,0.000853,0,-0.0009,0,95930,-0.289,-1.4744,-0.4836,,,519,0.4637,9.8,77,1,0,0.25,-0.0133,-0.0007,0.0038,0.0121,-0.012,-0.0298,0.0115,-0.0477,-0.0011,-0.0095,0.0026,-0.0008,0.0848
Jordan McLaughlin,,2021,2000000,0.017791378,-0.0003,-0.0181,-33724,2000000,-0.6652,0.5483,-0.3441,,,938,0.622,13.7,71,0,0,0.25,-0.029,0.0002,0.0028,0.0121,-0.012,-0.0126,0.0019,-0.0273,-0.0058,-0.0171,0.0026,-0.0008,0.0848
Devin Vassell,,2021,4235160,0.037674667,-0.0011,-0.0387,-123655,4235160,-0.7439,-0.4236,-0.149,,,1056,0.7561,14.3,77,0,0,0.25,-0.0323,-0.0002,0.0013,0.0121,-0.012,-0.0078,-0.0064,-0.0242,-0.0011,-0.0171,0.0026,-0.0008,0.0848
Nassir Little,,2021,2316240,0.020604551,-0.0043,-0.0249,-483380,2316240,-0.8786,-1.4076,-0.8902,,,640,0.6159,13.8,78,1,0,0.25,-0.0379,-0.0007,0.0069,0.0121,-0.012,-0.0248,0.0022,-0.0268,-0.0003,-0.0095,0.0026,-0.0008,0.0848
Nick Richards,,2021,1517981,0.013503487,-0.0046,-0.0181,-517104,1517981,-0.7944,-0.6605,-2.3523,,,63,0.2195,11.5,83,0,0,0.25,-0.0344,-0.0003,0.0178,0.0121,-0.012,-0.0485,0.0265,-0.0388,0.0036,-0.0171,0.0026,-0.0008,0.0848
Amir Coffey,LAC,2021,153488,0.001365,-0.0065,-0.0078,-730691,153488,-0.7551,-0.8002,-0.5787,,,394,0.5366,15.1,79,0,0,0.25,-0.0328,-0.0004,0.0045,0.0121,-0.012,-0.0349,0.0071,-0.02,0.0005,-0.0171,0.0026,-0.0008,0.0848
Precious Achiuwa,,2021,2711280,0.024118704,-0.0071,-0.0312,-798139,2711280,-1.3953,-0.4722,-0.7005,,,737,0.7439,19.5,80,0,0,0.25,-0.0595,-0.0002,0.0055,0.0121,-0.012,-0.0209,-0.0056,0.0029,0.0013,-0.0171,0.0026,-0.0008,0.0848
Semi Ojeleye,LAC,2021,1789256,0.015917,-0.0072,-0.0231,-809380,1789256,-0.8955,-1.359,-0.635,,,950,0.7655,11.6,78,2,0,0.25,-0.0386,-0.0006,0.005,0.0121,-0.012,-0.0121,-0.0069,-0.0383,-0.0003,-0.0019,0.0026,-0.0008,0.0848
Omer Yurtseven,MIA,2021,1489065,0.013246,-0.0076,-0.0209,-854346,1489065,-1.6985,,,,,,,,83,0,0,0.25,-0.0722,-0.0001,0,0.0121,-0.012,-0.0014,-0.0022,-0.0049,0.0036,-0.0171,0.0026,-0.0008,0.0848
Javonte Green,,2021,1669178,0.014848489,-0.0082,-0.0231,-921794,1669178,-0.5585,-0.3446,0.0195,,,345,0.4405,12.1,77,1,0,0.25,-0.0246,-0.0002,0.0001,0.0121,-0.012,-0.0369,0.013,-0.0357,-0.0011,-0.0095,0.0026,-0.0008,0.0848
Anthony Gill,,2021,1517981,0.013503487,-0.0084,-0.0219,-944277,1517981,-0.6933,-0.3628,0.2581,,,218,0.3171,14.2,79,0,0,0.25,-0.0302,-0.0002,-0.0017,0.0121,-0.012,-0.0421,0.0205,-0.0247,0.0005,-0.0171,0.0026,-0.0008,0.0848
Josh Green,,2021,2957520,0.026309179,-0.009,-0.0353,-1011725,2957520,-0.4968,-0.8062,-0.3531,,,445,0.4756,11.9,78,0,0,0.25,-0.022,-0.0004,0.0029,0.0121,-0.012,-0.0328,0.0108,-0.0367,-0.0003,-0.0171,0.0026,-0.0008,0.0848
Garrison Mathews,HOU,2021,2000000,0.017791,-0.0093,-0.0271,-1045450,2000000,-0.5361,-0.9277,-0.164,,,1038,0.7805,11.5,77,0,0,0.25,-0.0236,-0.0004,0.0014,0.0121,-0.012,-0.0085,-0.0079,-0.0388,-0.0011,-0.0171,0.0026,-0.0008,0.0848
Trent Forrest,UTA,2021,8558,7.60E-05,-0.0121,-0.0121,-1360209,8558,-0.9629,-0.8852,-0.9781,,,302,0.3659,14.3,76,0,0,0.25,-0.0415,-0.0004,0.0075,0.0121,-0.012,-0.0387,0.0175,-0.0242,-0.0019,-0.0171,0.0026,-0.0008,0.0848
Deividas Sirvydis,DET,2021,1603559,0.014265,-0.0135,-0.0277,-1517589,1603559,-1.3728,-0.5633,-1.5937,,,133,0.2439,15.7,80,0,0,0.25,-0.0586,-0.0003,0.0121,0.0121,-0.012,-0.0456,0.025,-0.0169,0.0013,-0.0171,0.0026,-0.0008,0.0848
Ed Davis,CLE,2021,2641691,0.0235,-0.0136,-0.0371,-1528830,2641691,-0.4575,0.2081,-0.522,,,299,0.4545,7.9,81,2,0,0.25,-0.0203,0.0001,0.0041,0.0121,-0.012,-0.0388,0.0121,-0.0576,0.002,-0.0019,0.0026,-0.0008,0.0848
P.J. Tucker,MIA,2021,7000000,0.06227,-0.0143,-0.0766,-1607520,7000000,-0.7439,-1.5837,-1.0525,,,959,0.6951,7.7,77,2,0,0.25,-0.0323,-0.0008,0.0081,0.0121,-0.012,-0.0118,-0.0026,-0.0586,-0.0011,-0.0019,0.0026,-0.0008,0.0848
Trey Lyles,SAC,2021,2500000,0.022239,-0.0155,-0.0377,-1742417,2500000,-1.0864,-0.7334,-0.8905,,,358,0.5588,12.9,81,2,0,0.25,-0.0466,-0.0004,0.0069,0.0121,-0.012,-0.0364,0.0057,-0.0315,0.002,-0.0019,0.0026,-0.0008,0.0848
Zeke Nnaji,,2021,2498760,0.022228192,-0.0157,-0.0379,-1764899,2498760,-0.8337,-1.4015,-0.8323,,,397,0.5122,12.9,82,0,0,0.25,-0.0361,-0.0007,0.0064,0.0121,-0.012,-0.0348,0.0086,-0.0315,0.0028,-0.0171,0.0026,-0.0008,0.0848
Jalen Smith,,2021,4458000,0.039656982,-0.0161,-0.0557,-1809865,4458000,-1.5245,-1.0371,-1.7201,,,156,0.3293,17.1,80,0,0,0.25,-0.0649,-0.0005,0.0131,0.0121,-0.012,-0.0447,0.0198,-0.0096,0.0013,-0.0171,0.0026,-0.0008,0.0848
Wenyen Gabriel,BRK,2021,99380,0.000884,-0.0164,-0.0173,-1843589,99380,-0.9573,-0.3932,-0.6762,,,241,,14.4,81,2,0,0.25,-0.0412,-0.0002,0.0053,0.0121,-0.012,-0.0412,-0.0022,-0.0237,0.002,-0.0019,0.0026,-0.0008,0.0848
Sam Merrill,,2021,1517981,0.013503487,-0.0181,-0.0316,-2034693,1517981,-1.0078,-1.2193,-0.3269,,,233,0.3659,15,76,0,0,0.25,-0.0433,-0.0006,0.0027,0.0121,-0.012,-0.0415,0.0175,-0.0206,-0.0019,-0.0171,0.0026,-0.0008,0.0848
Udonis Haslem,MIA,2021,2641691,0.0235,-0.0182,-0.0417,-2045934,2641691,-2.4791,0.0259,5.8777,,,3,0.0472,30.1,80,2,0,0.25,-0.1049,0,-0.0437,0.0121,-0.012,-0.0509,0.037,0.0582,0.0013,-0.0019,0.0026,-0.0008,0.0848
Aaron Nesmith,,2021,3631200,0.032302026,-0.0186,-0.0509,-2090900,3631200,-1.0696,-1.0128,-0.6098,,,669,0.561,13.7,77,0,0,0.25,-0.0459,-0.0005,0.0048,0.0121,-0.012,-0.0236,0.0056,-0.0273,-0.0011,-0.0171,0.0026,-0.0008,0.0848
Romeo Langford,SAS,2021,3804360,0.033842,-0.0195,-0.0534,-2192073,3804360,-1.1257,-1.5716,-1.5008,,,283,0.3039,11.3,77,1,0,0.25,-0.0483,-0.0007,0.0114,0.0121,-0.012,-0.0395,0.0213,-0.0399,-0.0011,-0.0095,0.0026,-0.0008,0.0848
Daniel Oturu,MEM,2021,1517981,0.013503,-0.0198,-0.0333,-2225797,1517981,-1.6705,-0.3871,-1.289,,,161,0.3659,18.2,82,0,0,0.25,-0.0711,-0.0002,0.0098,0.0121,-0.012,-0.0445,0.0175,-0.0039,0.0028,-0.0171,0.0026,-0.0008,0.0848
Udoka Azubuike,UTA,2021,2075880,0.018466,-0.0226,-0.0411,-2540556,2075880,-1.3223,-0.8123,-2.0121,,,57,0.1829,12.4,83,0,0,0.25,-0.0565,-0.0004,0.0152,0.0121,-0.012,-0.0487,0.0287,-0.0341,0.0036,-0.0171,0.0026,-0.0008,0.0848
Tony Snell,NOP,2021,2389641,0.021258,-0.0229,-0.0441,-2574280,2389641,-0.9123,-1.8328,-0.0967,,,992,0.7129,8.6,78,2,0,0.25,-0.0394,-0.0009,0.0009,0.0121,-0.012,-0.0104,-0.0037,-0.054,-0.0003,-0.0019,0.0026,-0.0008,0.0848
Juwan Morgan,BOS,2021,115116,0.001024,-0.0239,-0.0249,-2686694,115116,-1.0247,-1.2739,-1.3712,,,147,0.3304,10.9,79,1,0,0.25,-0.044,-0.0006,0.0105,0.0121,-0.012,-0.045,0.0197,-0.042,0.0005,-0.0095,0.0026,-0.0008,0.0848
Justin Robinson,DET,2021,95930,0.000853,-0.0256,-0.0264,-2877798,95930,-1.4402,-0.2292,-1.6862,,,88,0.1155,12.2,73,1,0,0.25,-0.0614,-0.0001,0.0128,0.0121,-0.012,-0.0475,0.0328,-0.0352,-0.0042,-0.0095,0.0026,-0.0008,0.0848
Freddie Gillespie,ORL,2021,171156,0.001523,-0.0344,-0.0359,-3867041,171156,-1.502,-1.0006,-0.4659,,,392,0.2439,12.2,81,0,0,0.25,-0.064,-0.0005,0.0037,0.0121,-0.012,-0.035,0.025,-0.0352,0.002,-0.0171,0.0026,-0.0008,0.0848
Tre Jones,,2021,1517981,0.013503487,-0.0366,-0.0501,-4114352,1517981,-1.6199,-1.0128,-1.3207,,,269,0.4512,16.1,73,0,0,0.25,-0.0689,-0.0005,0.0101,0.0121,-0.012,-0.04,0.0123,-0.0148,-0.0042,-0.0171,0.0026,-0.0008,0.0848
Wes Iwundu,ATL,2021,102831,0.000915,-0.0375,-0.0385,-4215525,102831,-1.2324,-1.2618,-1.2896,,,288,0.5228,9.9,78,2,0,0.25,-0.0527,-0.0006,0.0099,0.0121,-0.012,-0.0393,0.0079,-0.0472,-0.0003,-0.0019,0.0026,-0.0008,0.0848
Mamadi Diakite,,2021,1040234,0.009253598,-0.0382,-0.0474,-4294214,1040234,-1.6705,-0.1624,0.051,,,141,0.1707,14.6,81,0,0,0.25,-0.0711,-0.0001,-0.0002,0.0121,-0.012,-0.0453,0.0295,-0.0226,0.002,-0.0171,0.0026,-0.0008,0.0848
Norvel Pelle,BOS,2021,95930,0.000853,-0.058,-0.0589,-6520012,95930,-1.21,-0.3385,0.2728,,,52,0.1936,6.8,82,1,0,0.25,-0.0518,-0.0002,-0.0018,0.0121,-0.012,-0.0489,0.0281,-0.0633,0.0028,-0.0095,0.0026,-0.0008,0.0848
Giannis Antetokounmpo,,2020,27528088,0.252227304,0.3372,0.085,36802008,27528088,4.0217,5.0894,3.1753,,,1917,0.8761,37.5,83,1,0,0.25,0.167,0.0024,-0.0235,0.0121,-0.012,0.0275,-0.0137,0.0968,0.0036,-0.0095,0.0026,-0.0008,0.0848
James Harden,,2020,41254920,0.378,0.3288,-0.0492,35885232,41254920,3.5523,3.7613,2.6561,,,2483,0.947,36.3,77,1,0,0.25,0.1473,0.0017,-0.0196,0.0121,-0.012,0.0507,-0.018,0.0906,-0.0011,-0.0095,0.0026,-0.0008,0.0848
LeBron James,,2020,39219566,0.35935098,0.3239,-0.0354,35350446,39219566,3.8351,3.619,1.961,,,2316,0.8331,31.5,81,1,0,0.25,0.1592,0.0017,-0.0144,0.0121,-0.012,0.0439,-0.0111,0.0655,0.002,-0.0095,0.0026,-0.0008,0.0848
Kawhi Leonard,,2020,34379100,0.315,0.2993,-0.0157,32665602,34379100,3.6654,4.2297,3.0394,,,1848,0.7692,33,78,1,0,0.25,0.1521,0.002,-0.0225,0.0121,-0.012,0.0247,-0.0072,0.0733,-0.0003,-0.0095,0.0026,-0.0008,0.0848
Damian Lillard,,2020,31626953,0.289783333,0.2627,-0.0271,28671078,31626953,2.6418,1.7455,1.7978,,,2474,0.9388,30.3,74,1,0,0.25,0.1093,0.0008,-0.0132,0.0121,-0.012,0.0504,-0.0175,0.0593,-0.0034,-0.0095,0.0026,-0.0008,0.0848
Stephen Curry,,2020,43006362,0.394047664,0.2572,-0.1369,28070808,43006362,3.2752,1.1348,0.2812,,,139,0.359,33.6,74,1,0,0.25,0.1357,0.0005,-0.0019,0.0121,-0.012,-0.0454,0.0179,0.0765,-0.0034,-0.0095,0.0026,-0.0008,0.0848
Anthony Davis,,2020,32742000,0.3,0.2537,-0.0463,27688817,32742000,2.5966,3.4708,2.2923,,,2131,0.7943,29.3,82,1,0,0.25,0.1074,0.0016,-0.0169,0.0121,-0.012,0.0363,-0.0087,0.054,0.0028,-0.0095,0.0026,-0.0008,0.0848
Chris Paul,,2020,41358814,0.378951933,0.249,-0.1299,27175860,41358814,3.3996,2.6348,1.8983,,,2208,0.8729,23.3,72,1,0,0.25,0.1409,0.0012,-0.0139,0.0121,-0.012,0.0394,-0.0135,0.0227,-0.005,-0.0095,0.0026,-0.0008,0.0848
Joel Embiid,,2020,29542010,0.270679952,0.2442,-0.0264,26651988,29542010,2.2007,2.4036,1.053,,,1506,0.7354,32.9,84,1,0,0.25,0.0908,0.0011,-0.0076,0.0121,-0.012,0.0107,-0.0051,0.0728,0.0044,-0.0095,0.0026,-0.0008,0.0848
Russell Westbrook,,2020,41358814,0.378951933,0.2384,-0.1405,26018976,41358814,1.5447,0.9747,0.4955,,,2049,0.8286,34.4,76,1,0,0.25,0.0634,0.0004,-0.0035,0.0121,-0.012,0.0329,-0.0108,0.0807,-0.0019,-0.0095,0.0026,-0.0008,0.0848
Jayson Tatum,,2020,9897120,0.090682793,0.2382,0.1475,25997148,9897120,2.3477,2.1724,1.7835,,,2265,0.9342,28.6,80,1,0,0.25,0.097,0.001,-0.0131,0.0121,-0.012,0.0418,-0.0173,0.0504,0.0013,-0.0095,0.0026,-0.0008,0.0848
Paul George,,2020,35450412,0.324815943,0.2382,-0.0866,25997148,35450412,2.8398,1.7395,1.9204,,,1419,0.7688,29.6,80,1,0,0.25,0.1175,0.0008,-0.0141,0.0121,-0.012,0.0071,-0.0071,0.0556,0.0013,-0.0095,0.0026,-0.0008,0.0848
Bradley Beal,,2020,28751774,0.263439381,0.2317,-0.0318,25287738,28751774,1.5447,1.2356,1.0995,,,2053,0.8698,34.4,76,1,0,0.25,0.0634,0.0006,-0.008,0.0121,-0.012,0.0331,-0.0133,0.0807,-0.0019,-0.0095,0.0026,-0.0008,0.0848
Kyle Lowry,,2020,30500000,0.279457577,0.2285,-0.051,24938490,30500000,2.7832,2.1901,1.0251,,,2098,0.8007,23.1,72,1,0,0.25,0.1152,0.001,-0.0074,0.0121,-0.012,0.0349,-0.0091,0.0217,-0.005,-0.0095,0.0026,-0.0008,0.0848
Donovan Mitchell,,2020,5195501,0.047604004,0.2193,0.1717,23934402,5195501,1.5277,0.6486,0.9353,,,2364,0.9511,30.8,74,1,0,0.25,0.0627,0.0003,-0.0068,0.0121,-0.012,0.0458,-0.0183,0.0619,-0.0034,-0.0095,0.0026,-0.0008,0.0848
Devin Booker,,2020,29467800,0.27,0.2085,-0.0615,22755690,29467800,1.1036,1.2356,1.0397,,,2512,0.9003,30,77,1,0,0.25,0.0449,0.0006,-0.0075,0.0121,-0.012,0.0519,-0.0152,0.0577,-0.0011,-0.0095,0.0026,-0.0008,0.0848
Khris Middleton,,2020,33051724,0.30283786,0.2057,-0.0971,22450098,33051724,2.2233,2.4332,1.9139,,,1853,0.8903,26.4,79,1,0,0.25,0.0918,0.0011,-0.0141,0.0121,-0.012,0.0249,-0.0146,0.0389,0.0005,-0.0095,0.0026,-0.0008,0.0848
Karl-Anthony Towns,MIN,2020,29467800,0.27,0.2049,-0.0651,22362786,29467800,2.0254,2.2613,1.369,,,1187,0.656,28.8,84,1,0,0.25,0.0835,0.001,-0.01,0.0121,-0.012,-0.0024,-0.0002,0.0514,0.0044,-0.0095,0.0026,-0.0008,0.0848
Jrue Holiday,,2020,25876111,0.237090993,0.2032,-0.0339,22177248,25876111,2.0028,0.9391,1.1779,,,2117,0.8359,24.5,76,1,0,0.25,0.0825,0.0004,-0.0086,0.0121,-0.012,0.0357,-0.0112,0.029,-0.0019,-0.0095,0.0026,-0.0008,0.0848
Jimmy Butler,,2020,34379100,0.315,0.2019,-0.1131,22035366,34379100,2.0593,3.2218,2.2332,,,1959,0.755,25.1,78,1,0,0.25,0.0849,0.0015,-0.0164,0.0121,-0.012,0.0292,-0.0063,0.0321,-0.0003,-0.0095,0.0026,-0.0008,0.0848
Trae Young,,2020,6571800,0.060214404,0.2017,0.1415,22013538,6571800,0.7134,0.8324,0.7637,,,2120,0.8913,34.9,74,1,0,0.25,0.0286,0.0004,-0.0055,0.0121,-0.012,0.0358,-0.0146,0.0833,-0.0034,-0.0095,0.0026,-0.0008,0.0848
Kemba Walker,BOS,2020,34379100,0.315,0.1994,-0.1156,21762516,34379100,2.0028,1.3304,0.909,,,1742,0.8611,27.2,72,1,0,0.25,0.0825,0.0006,-0.0066,0.0121,-0.012,0.0203,-0.0128,0.0431,-0.005,-0.0095,0.0026,-0.0008,0.0848
CJ McCollum,,2020,29354152,0.268958695,0.1971,-0.0719,21511494,29354152,1.3241,-0.0747,0.6587,,,2556,0.9278,25.9,75,1,0,0.25,0.0542,0,-0.0047,0.0121,-0.012,0.0537,-0.0169,0.0363,-0.0027,-0.0095,0.0026,-0.0008,0.0848
Kyrie Irving,,2020,33460350,0.306581913,0.193,-0.1135,21064020,33460350,1.8218,1.787,1.9298,,,658,0.48,32.6,74,1,0,0.25,0.075,0.0008,-0.0142,0.0121,-0.012,-0.0241,0.0105,0.0713,-0.0034,-0.0095,0.0026,-0.0008,0.0848
Eric Bledsoe,NOP,2020,16875000,0.154618,0.1802,0.0255,19667028,16875000,2.1215,1.2711,1.0722,,,1646,0.8862,23.7,73,1,0,0.25,0.0875,0.0006,-0.0078,0.0121,-0.012,0.0164,-0.0143,0.0248,-0.0042,-0.0095,0.0026,-0.0008,0.0848
Rudy Gobert,,2020,27525281,0.252201585,0.1794,-0.0728,19579716,27525281,2.2969,2.1842,1.396,,,2333,0.9607,16.2,85,1,0,0.25,0.0948,0.001,-0.0102,0.0121,-0.012,0.0446,-0.0189,-0.0143,0.0052,-0.0095,0.0026,-0.0008,0.0848
Pascal Siakam,,2020,30559200,0.28,0.1763,-0.1037,19241382,30559200,0.9,1.1703,1.0998,,,2110,0.8867,28.1,80,1,0,0.25,0.0364,0.0005,-0.008,0.0121,-0.012,0.0354,-0.0144,0.0478,0.0013,-0.0095,0.0026,-0.0008,0.0848
Jamal Murray,,2020,27285000,0.25,0.1759,-0.0741,19197726,27285000,1.409,0.868,0.6626,,,1904,0.8551,25.2,76,1,0,0.25,0.0577,0.0004,-0.0047,0.0121,-0.012,0.027,-0.0124,0.0327,-0.0019,-0.0095,0.0026,-0.0008,0.0848
Zach LaVine,,2020,19500000,0.178669599,0.1728,-0.0059,18859392,19500000,0.244,0.6071,0.5598,,,2085,0.8089,31.7,77,1,0,0.25,0.009,0.0003,-0.004,0.0121,-0.012,0.0344,-0.0096,0.0666,-0.0011,-0.0095,0.0026,-0.0008,0.0848
Spencer Dinwiddie,BRK,2020,11454048,0.104948,0.1719,0.067,18761166,11454048,0.6794,1.0221,0.4152,,,1994,0.8665,29.2,77,1,0,0.25,0.0272,0.0005,-0.0029,0.0121,-0.012,0.0307,-0.0131,0.0535,-0.0011,-0.0095,0.0026,-0.0008,0.0848
Ricky Rubio,,2020,17000000,0.15576324,0.1679,0.0121,18324606,17000000,1.8048,1.3126,0.8648,,,2016,0.8752,20.4,74,1,0,0.25,0.0743,0.0006,-0.0062,0.0121,-0.012,0.0316,-0.0136,0.0076,-0.0034,-0.0095,0.0026,-0.0008,0.0848
Brandon Ingram,,2020,27285000,0.25,0.1673,-0.0827,18259122,27285000,0.4702,-0.1103,0.6817,,,2104,0.776,28.1,80,1,0,0.25,0.0185,-0.0001,-0.0049,0.0121,-0.012,0.0352,-0.0076,0.0478,0.0013,-0.0095,0.0026,-0.0008,0.0848
T.J. Warren,IND,2020,12000000,0.109951,0.1665,0.0566,18171810,12000000,1.0414,0.4411,1.1925,,,2202,0.7782,23.3,80,1,0,0.25,0.0423,0.0002,-0.0087,0.0121,-0.012,0.0392,-0.0077,0.0227,0.0013,-0.0095,0.0026,-0.0008,0.0848
Danilo Gallinari,ATL,2020,19500000,0.17867,0.1664,-0.0123,18160896,19500000,1.3072,1.1407,1.2526,,,1834,0.8492,24.6,82,1,0,0.25,0.0535,0.0005,-0.0091,0.0121,-0.012,0.0241,-0.0121,0.0295,0.0028,-0.0095,0.0026,-0.0008,0.0848
Caris LeVert,,2020,16203704,0.148467143,0.1664,0.0179,18160896,16203704,0.7473,0.3818,0.6713,,,1330,0.5736,29.5,79,1,0,0.25,0.03,0.0002,-0.0048,0.0121,-0.012,0.0035,0.0048,0.0551,0.0005,-0.0095,0.0026,-0.0008,0.0848
Victor Oladipo,MIA,2020,21000000,0.192413,0.1664,-0.026,18160896,21000000,1.4486,-0.5194,-0.381,,,528,0.3296,26.5,75,1,0,0.25,0.0594,-0.0003,0.0031,0.0121,-0.012,-0.0294,0.0197,0.0394,-0.0027,-0.0095,0.0026,-0.0008,0.0848
Bam Adebayo,,2020,5115492,0.046870918,0.1605,0.1136,17516970,5115492,1.2676,1.5854,1.3352,,,2417,1,21.2,81,1,0,0.25,0.0518,0.0007,-0.0097,0.0121,-0.012,0.048,-0.0213,0.0118,0.002,-0.0095,0.0026,-0.0008,0.0848
Tobias Harris,,2020,34358850,0.314814458,0.1575,-0.1574,17189550,34358850,0.5437,1.4372,0.7585,,,2469,0.8765,23.9,80,1,0,0.25,0.0215,0.0007,-0.0054,0.0121,-0.012,0.0501,-0.0137,0.0259,0.0013,-0.0095,0.0026,-0.0008,0.0848
De'Aaron Fox,,2020,8099627,0.074213185,0.1569,0.0827,17124066,8099627,0.5946,0.8205,0.6145,,,1634,0.8131,29.8,75,1,0,0.25,0.0237,0.0004,-0.0044,0.0121,-0.012,0.0159,-0.0098,0.0567,-0.0027,-0.0095,0.0026,-0.0008,0.0848
Jaylen Brown,,2020,23437500,0.214747114,0.1551,-0.0596,16927614,23437500,0.9283,0.7316,0.9477,,,1934,0.8332,24.7,78,1,0,0.25,0.0376,0.0003,-0.0069,0.0121,-0.012,0.0282,-0.0111,0.03,-0.0003,-0.0095,0.0026,-0.0008,0.0848
Kevin Durant,,2020,39058950,0.357879329,0.1512,-0.2067,16501968,39058950,1.9179,,,,,,,,83,1,0,0.25,0.079,-0.0001,0,0.0121,-0.012,-0.0014,-0.0022,-0.0049,0.0036,-0.0095,0.0026,-0.0008,0.0848
Gordon Hayward,CHO,2020,28500000,0.261132,0.1508,-0.1103,16458311,28500000,1.4203,0.9154,1.2442,,,1740,0.7807,21.1,79,1,0,0.25,0.0582,0.0004,-0.0091,0.0121,-0.012,0.0203,-0.0079,0.0113,0.0005,-0.0095,0.0026,-0.0008,0.0848
Domantas Sabonis,,2020,19800000,0.181418362,0.1498,-0.0316,16349171,19800000,0.7643,1.5261,1.1089,,,2159,0.8766,23.3,82,1,0,0.25,0.0307,0.0007,-0.0081,0.0121,-0.012,0.0374,-0.0137,0.0227,0.0028,-0.0095,0.0026,-0.0008,0.0848
Shai Gilgeous-Alexander,,2020,4141320,0.037945025,0.1497,0.1117,16338258,4141320,0.6851,0.7494,1.1047,,,2428,0.9826,23.7,78,1,0,0.25,0.0274,0.0003,-0.008,0.0121,-0.012,0.0485,-0.0202,0.0248,-0.0003,-0.0095,0.0026,-0.0008,0.0848
Zion Williamson,,2020,10245480,0.093874656,0.1485,0.0546,16207290,10245480,0.7869,0.7968,1.2335,,,668,0.3333,30.5,78,0,0,0.25,0.0317,0.0004,-0.009,0.0121,-0.012,-0.0237,0.0195,0.0603,-0.0003,-0.0171,0.0026,-0.0008,0.0848
Buddy Hield,,2020,24701834,0.226331629,0.147,-0.0794,16043580,24701834,0.3175,0.0083,0.2936,,,2216,1,27.2,76,1,0,0.25,0.0121,0,-0.002,0.0121,-0.012,0.0398,-0.0213,0.0431,-0.0019,-0.0095,0.0026,-0.0008,0.0848
Blake Griffin,BRK,2020,776983,0.007119,0.1458,0.1387,15912612,776983,0.7812,0.702,-0.8001,,,512,0.4992,28.4,81,1,0,0.25,0.0315,0.0003,0.0062,0.0121,-0.012,-0.0301,0.0094,0.0493,0.002,-0.0095,0.0026,-0.0008,0.0848
Robert Covington,POR,2020,12138345,0.111218,0.1437,0.0325,15683418,12138345,1.4825,1.1881,0.6145,,,1411,0.5173,17.8,79,1,0,0.25,0.0608,0.0005,-0.0044,0.0121,-0.012,0.0068,0.0083,-0.006,0.0005,-0.0095,0.0026,-0.0008,0.0848
Brook Lopez,,2020,12697675,0.116343,0.1426,0.0263,15563364,12697675,1.5673,1.6447,0.8326,,,1817,0.9607,18.3,85,1,0,0.25,0.0643,0.0008,-0.006,0.0121,-0.012,0.0234,-0.0189,-0.0033,0.0052,-0.0095,0.0026,-0.0008,0.0848
Derrick Rose,NYK,2020,7682926,0.070395,0.1423,0.0719,15530622,7682926,0.1082,-0.3712,0.3836,,,1298,0.6673,31.6,75,1,0,0.25,0.0033,-0.0002,-0.0026,0.0121,-0.012,0.0021,-0.0009,0.066,-0.0027,-0.0095,0.0026,-0.0008,0.0848
LaMarcus Aldridge,BRK,2020,554988,0.005085,0.1389,0.1338,15159546,554988,0.6568,0.4885,0.2347,,,1754,0.8305,23.4,83,1,0,0.25,0.0263,0.0002,-0.0015,0.0121,-0.012,0.0208,-0.0109,0.0233,0.0036,-0.0095,0.0026,-0.0008,0.0848
Kelly Oubre Jr.,,2020,14375000,0.131711563,0.138,0.0063,15061320,14375000,0.4532,0.945,0.5361,,,1933,0.669,22.4,80,1,0,0.25,0.0177,0.0004,-0.0038,0.0121,-0.012,0.0282,-0.001,0.018,0.0013,-0.0095,0.0026,-0.0008,0.0848
Malcolm Brogdon,IND,2020,20700000,0.189665,0.1376,-0.0521,15017664,20700000,0.538,0.4767,0.3547,,,1666,0.7614,25.2,76,1,0,0.25,0.0213,0.0002,-0.0024,0.0121,-0.012,0.0172,-0.0067,0.0327,-0.0019,-0.0095,0.0026,-0.0008,0.0848
Steven Adams,,2020,29592695,0.271144356,0.137,-0.1341,14952180,29592695,1.6861,1.0636,0.9422,,,1680,0.9127,17.3,83,1,0,0.25,0.0693,0.0005,-0.0068,0.0121,-0.012,0.0178,-0.0159,-0.0086,0.0036,-0.0095,0.0026,-0.0008,0.0848
Julius Randle,,2020,18900000,0.173172073,0.1356,-0.0375,14799384,18900000,-0.1802,0.4529,0.013,,,2080,0.8894,27.6,81,1,0,0.25,-0.0087,0.0002,0.0001,0.0121,-0.012,0.0342,-0.0145,0.0452,0.002,-0.0095,0.0026,-0.0008,0.0848
Marcus Smart,,2020,13446428,0.123203482,0.1355,0.0123,14788470,13446428,1.375,1.4609,1.2292,,,1919,0.8867,18.9,75,1,0,0.25,0.0563,0.0007,-0.009,0.0121,-0.012,0.0276,-0.0144,-0.0002,-0.0027,-0.0095,0.0026,-0.0008,0.0848
Devonte' Graham,CHO,2020,1663861,0.015245,0.135,0.1198,14733900,1663861,0.0347,0.2573,0.2923,,,2211,0.7572,24.8,73,1,0,0.25,0.0002,0.0001,-0.002,0.0121,-0.012,0.0396,-0.0064,0.0306,-0.0042,-0.0095,0.0026,-0.0008,0.0848
Fred VanVleet,,2020,21250000,0.19470405,0.1345,-0.0602,14679330,21250000,0.9169,0.8265,1.4854,,,1928,0.7614,21.7,72,1,0,0.25,0.0371,0.0004,-0.0109,0.0121,-0.012,0.028,-0.0067,0.0144,-0.005,-0.0095,0.0026,-0.0008,0.0848
Serge Ibaka,LAC,2020,9258000,0.084827,0.1344,0.0496,14668416,9258000,0.6681,-0.223,-0.0842,,,1485,0.8158,24,83,1,0,0.25,0.0267,-0.0001,0.0009,0.0121,-0.012,0.0098,-0.01,0.0264,0.0036,-0.0095,0.0026,-0.0008,0.0848
Aaron Gordon,,2020,18136364,0.166175224,0.1328,-0.0334,14493792,18136364,0.7416,0.4529,0.2377,,,2017,0.8949,20.7,80,1,0,0.25,0.0298,0.0002,-0.0015,0.0121,-0.012,0.0316,-0.0149,0.0092,0.0013,-0.0095,0.0026,-0.0008,0.0848
Kevin Love,,2020,31258256,0.286405131,0.1292,-0.1572,14100888,31258256,0.0969,0.1921,0.21,,,1780,0.5867,23.1,82,1,0,0.25,0.0028,0.0001,-0.0013,0.0121,-0.012,0.0219,0.004,0.0217,0.0028,-0.0095,0.0026,-0.0008,0.0848
Ben Simmons,PHI,2020,30559200,0.28,0.1272,-0.1528,13882608,30559200,0.6681,1.3245,1.3004,,,2017,0.8561,20.9,82,1,0,0.25,0.0267,0.0006,-0.0095,0.0121,-0.012,0.0316,-0.0125,0.0102,0.0028,-0.0095,0.0026,-0.0008,0.0848
DeMar DeRozan,,2020,27739975,0.254168728,0.1255,-0.1287,13697070,27739975,-0.1858,0.4529,0.9815,,,2316,0.9424,26.3,78,1,0,0.25,-0.009,0.0002,-0.0071,0.0121,-0.012,0.0439,-0.0178,0.0384,-0.0003,-0.0095,0.0026,-0.0008,0.0848
Andrew Wiggins,,2020,29542010,0.270679952,0.1246,-0.1461,13598844,29542010,-0.1067,0.1446,-0.0153,,,1455,0.6984,28,78,1,0,0.25,-0.0057,0.0001,0.0003,0.0121,-0.012,0.0086,-0.0028,0.0473,-0.0003,-0.0095,0.0026,-0.0008,0.0848
D'Angelo Russell,,2020,28649250,0.2625,0.1243,-0.1382,13566102,28649250,-0.2763,0.1683,-0.1346,,,1060,0.6569,32.2,75,1,0,0.25,-0.0128,0.0001,0.0012,0.0121,-0.012,-0.0076,-0.0003,0.0692,-0.0027,-0.0095,0.0026,-0.0008,0.0848
Dillon Brooks,,2020,11400000,0.104452996,0.1243,0.0199,13566102,11400000,-0.429,-0.4305,-0.2077,,,2112,0.716,25.2,79,1,0,0.25,-0.0191,-0.0002,0.0018,0.0121,-0.012,0.0355,-0.0039,0.0327,0.0005,-0.0095,0.0026,-0.0008,0.0848
Evan Fournier,BOS,2020,17450000,0.159886,0.1232,-0.0366,13446048,17450000,0.227,0.5004,0.5933,,,2076,0.9433,23.9,78,1,0,0.25,0.0083,0.0002,-0.0042,0.0121,-0.012,0.034,-0.0178,0.0259,-0.0003,-0.0095,0.0026,-0.0008,0.0848
Hassan Whiteside,SAC,2020,1620564,0.014848,0.1216,0.1068,13271424,1620564,0.6907,1.6328,0.9929,,,2008,0.9109,19.6,84,1,0,0.25,0.0277,0.0008,-0.0072,0.0121,-0.012,0.0313,-0.0158,0.0034,0.0044,-0.0095,0.0026,-0.0008,0.0848
Derrick White,,2020,3516284,0.032218105,0.1212,0.089,13227768,3516284,1.1827,0.7375,0.7169,,,1677,0.8967,18.9,76,1,0,0.25,0.0482,0.0003,-0.0051,0.0121,-0.012,0.0177,-0.015,-0.0002,-0.0019,-0.0095,0.0026,-0.0008,0.0848
Mike Conley,,2020,34504132,0.316145611,0.1202,-0.196,13118628,34504132,0.6285,0.3047,0.0068,,,1363,0.7281,23.1,73,1,0,0.25,0.0251,0.0001,0.0002,0.0121,-0.012,0.0048,-0.0046,0.0217,-0.0042,-0.0095,0.0026,-0.0008,0.0848
Draymond Green,,2020,22246956,0.203838703,0.1191,-0.0848,12998574,22246956,1.5164,0.4529,0.1528,,,1222,0.6751,15.7,78,1,0,0.25,0.0622,0.0002,-0.0009,0.0121,-0.012,-0.001,-0.0014,-0.0169,-0.0003,-0.0095,0.0026,-0.0008,0.0848
Duncan Robinson,,2020,1663861,0.015245199,0.1174,0.1022,12813036,1663861,0.6511,0.7138,0.8183,,,2166,0.7023,16,79,1,0,0.25,0.026,0.0003,-0.0059,0.0121,-0.012,0.0377,-0.0031,-0.0153,0.0005,-0.0095,0.0026,-0.0008,0.0848
Montrezl Harrell,LAL,2020,9258000,0.084827,0.1137,0.0289,12409218,9258000,0.1365,1.0814,1.1402,,,1749,0.9219,25.7,79,1,0,0.25,0.0045,0.0005,-0.0083,0.0121,-0.012,0.0206,-0.0165,0.0353,0.0005,-0.0095,0.0026,-0.0008,0.0848
Deandre Ayton,,2020,10018200,0.091792194,0.1121,0.0203,12234594,10018200,0.244,0.2217,0.4044,,,1236,0.6546,23.7,84,1,0,0.25,0.009,0.0001,-0.0028,0.0121,-0.012,-0.0004,-0.0001,0.0248,0.0044,-0.0095,0.0026,-0.0008,0.0848
Collin Sexton,,2020,4991880,0.045738318,0.1115,0.0658,12169110,4991880,-0.6383,-1.1835,-0.3976,,,2143,0.9392,27.2,75,1,0,0.25,-0.0279,-0.0006,0.0032,0.0121,-0.012,0.0368,-0.0176,0.0431,-0.0027,-0.0095,0.0026,-0.0008,0.0848
Andre Drummond,,2020,27957238,0.25615941,0.111,-0.1452,12114540,27957238,-0.1406,1.0992,0.8267,,,1654,0.7866,25.5,83,1,0,0.25,-0.0071,0.0005,-0.0059,0.0121,-0.012,0.0167,-0.0082,0.0342,0.0036,-0.0095,0.0026,-0.0008,0.0848
Myles Turner,,2020,17500000,0.160344512,0.1101,-0.0502,12016314,17500000,0.6002,0.7553,-0.0345,,,1826,0.8766,17.9,83,1,0,0.25,0.0239,0.0003,0.0005,0.0121,-0.012,0.0238,-0.0137,-0.0054,0.0036,-0.0095,0.0026,-0.0008,0.0848
Norman Powell,,2020,10865952,0.099559758,0.1089,0.0093,11885346,10865952,0.6059,-0.1933,1.1063,,,1479,0.7258,21.5,75,1,0,0.25,0.0241,-0.0001,-0.008,0.0121,-0.012,0.0096,-0.0045,0.0134,-0.0027,-0.0095,0.0026,-0.0008,0.0848
Jordan Clarkson,,2020,11500000,0.105369251,0.1088,0.0035,11874432,11500000,0.2892,-0.0036,0.7061,,,1039,0.735,26.7,77,1,0,0.25,0.0109,0,-0.005,0.0121,-0.012,-0.0085,-0.0051,0.0405,-0.0011,-0.0095,0.0026,-0.0008,0.0848
John Wall,HOU,2020,41254920,0.378,0.1085,-0.2695,11841690,41254920,1.047,,,,,,,,75,1,0,0.25,0.0426,-0.0001,0,0.0121,-0.012,-0.0014,-0.0022,-0.0049,-0.0027,-0.0095,0.0026,-0.0008,0.0848
Terrence Ross,ORL,2020,13500000,0.123694,0.1076,-0.0161,11743464,13500000,0.1761,-0.5669,0.3342,,,1889,0.9694,22.8,78,1,0,0.25,0.0062,-0.0003,-0.0023,0.0121,-0.012,0.0264,-0.0194,0.0201,-0.0003,-0.0095,0.0026,-0.0008,0.0848
Paul Millsap,DEN,2020,10000000,0.091625,0.1075,0.0159,11732550,10000000,0.9283,1.1526,0.9331,,,1240,0.7628,20,79,1,0,0.25,0.0376,0.0005,-0.0067,0.0121,-0.012,-0.0002,-0.0068,0.0055,0.0005,-0.0095,0.0026,-0.0008,0.0848
Lou Williams,ATL,2020,8000000,0.0733,0.1068,0.0335,11656152,8000000,-0.5591,-0.0095,0.2149,,,1864,0.9072,28.4,74,1,0,0.25,-0.0246,0,-0.0014,0.0121,-0.012,0.0253,-0.0156,0.0493,-0.0034,-0.0095,0.0026,-0.0008,0.0848
Lonzo Ball,,2020,11003782,0.100822631,0.1067,0.0059,11645238,11003782,0.227,-0.2645,0.0894,,,2025,0.7618,18.5,77,1,0,0.25,0.0083,-0.0001,-0.0004,0.0121,-0.012,0.0319,-0.0067,-0.0023,-0.0011,-0.0095,0.0026,-0.0008,0.0848
Danny Green,PHI,2020,15365853,0.14079,0.1062,-0.0345,11590668,15365853,1.4881,0.696,0.7169,,,1687,0.9561,13.9,78,1,0,0.25,0.061,0.0003,-0.0051,0.0121,-0.012,0.0181,-0.0186,-0.0263,-0.0003,-0.0095,0.0026,-0.0008,0.0848
Reggie Jackson,LAC,2020,1620564,0.014848,0.1052,0.0904,11481528,1620564,0.3797,-0.0214,-0.068,,,381,0.4965,27,74,1,0,0.25,0.0147,0,0.0007,0.0121,-0.012,-0.0354,0.0095,0.042,-0.0034,-0.0095,0.0026,-0.0008,0.0848
Klay Thompson,,2020,35361360,0.324,0.1049,-0.2191,11448786,35361360,0.9226,,,,,,,,77,1,0,0.25,0.0374,-0.0001,0,0.0121,-0.012,-0.0014,-0.0022,-0.0049,-0.0011,-0.0095,0.0026,-0.0008,0.0848
Patty Mills,SAS,2020,13535714,0.124022,0.1044,-0.0197,11394216,13535714,0.8321,0.1743,0.3433,,,1485,0.9479,20.4,74,1,0,0.25,0.0336,0.0001,-0.0023,0.0121,-0.012,0.0098,-0.0181,0.0076,-0.0034,-0.0095,0.0026,-0.0008,0.0848
Will Barton,DEN,2020,13723214,0.12574,0.1042,-0.0215,11372388,13723214,0.1252,0.6249,0.9366,,,1916,0.7001,20.1,77,1,0,0.25,0.004,0.0003,-0.0068,0.0121,-0.012,0.0275,-0.0029,0.006,-0.0011,-0.0095,0.0026,-0.0008,0.0848
Elfrid Payton,NYK,2020,5767000,0.05284,0.104,0.0512,11350560,5767000,0.6455,1.1763,0.5673,,,1246,0.5827,19.5,75,1,0,0.25,0.0258,0.0005,-0.004,0.0121,-0.012,0,0.0043,0.0029,-0.0027,-0.0095,0.0026,-0.0008,0.0848
Al Horford,,2020,27500000,0.251969947,0.1039,-0.1481,11339646,27500000,0.4645,0.4826,0.3885,,,2025,0.8926,17.5,80,1,0,0.25,0.0182,0.0002,-0.0027,0.0121,-0.012,0.0319,-0.0147,-0.0075,0.0013,-0.0095,0.0026,-0.0008,0.0848
Jabari Parker,BOS,2020,430729,0.003947,0.1033,0.0993,11274162,430729,0.1874,0.3759,0.4015,,,837,0.4561,24,79,1,0,0.25,0.0066,0.0002,-0.0028,0.0121,-0.012,-0.0168,0.012,0.0264,0.0005,-0.0095,0.0026,-0.0008,0.0848
Jonathan Isaac,,2020,7362566,0.067459831,0.1032,0.0357,11263248,7362566,1.081,1.5024,1.1141,,,980,0.6381,18.3,82,1,0,0.25,0.044,0.0007,-0.0081,0.0121,-0.012,-0.0109,0.0009,-0.0033,0.0028,-0.0095,0.0026,-0.0008,0.0848
Ja Morant,,2020,9166800,0.083991204,0.1021,0.0181,11143194,9166800,-0.3555,-0.1103,0.1726,,,2074,0.9306,25.9,74,0,0,0.25,-0.0161,-0.0001,-0.0011,0.0121,-0.012,0.034,-0.017,0.0363,-0.0034,-0.0171,0.0026,-0.0008,0.0848
Markelle Fultz,ORL,2020,12288697,0.112596,0.101,-0.0116,11023140,12288697,-0.3159,-0.1518,-0.0088,,,1996,0.7119,21.4,76,1,0,0.25,-0.0144,-0.0001,0.0003,0.0121,-0.012,0.0308,-0.0037,0.0128,-0.0019,-0.0095,0.0026,-0.0008,0.0848
Nemanja Bjelica,MIA,2020,7150000,0.065512,0.1,0.0345,10914000,7150000,0.5776,0.4944,0.6379,,,2011,0.9771,17,82,1,0,0.25,0.0229,0.0002,-0.0045,0.0121,-0.012,0.0314,-0.0199,-0.0101,0.0028,-0.0095,0.0026,-0.0008,0.0848
Richaun Holmes,SAC,2020,5005350,0.045862,0.0998,0.0539,10892172,5005350,1.1488,1.4905,0.8752,,,1242,0.7021,15.6,81,1,0,0.25,0.0468,0.0007,-0.0063,0.0121,-0.012,-0.0002,-0.0031,-0.0174,0.002,-0.0095,0.0026,-0.0008,0.0848
Marcus Morris,LAC,2020,14883721,0.136373,0.0991,-0.0372,10815774,14883721,,,0.3726,,,1387,0.7163,24.4,80,1,0,0.25,-0.007,-0.0001,-0.0026,0.0121,-0.012,0.0058,-0.0039,0.0285,0.0013,-0.0095,0.0026,-0.0008,0.0848
Joe Ingles,,2020,10863637,0.099538547,0.0984,-0.0011,10739376,10863637,0.7586,0.6605,0.8339,,,2137,1,15.1,80,1,0,0.25,0.0305,0.0003,-0.006,0.0121,-0.012,0.0365,-0.0213,-0.02,0.0013,-0.0095,0.0026,-0.0008,0.0848
Dejounte Murray,,2020,14286000,0.130896097,0.0981,-0.0328,10706634,14286000,0.0121,0.0557,0.3098,,,1687,,20.8,76,1,0,0.25,-0.0007,0,-0.0021,0.0121,-0.012,0.0181,-0.0022,0.0097,-0.0019,-0.0095,0.0026,-0.0008,0.0848
Jaren Jackson Jr.,,2020,7257360,0.066495877,0.0973,0.0308,10619322,7257360,0.6455,0.115,,,,,,,82,1,0,0.25,0.0258,0,0,0.0121,-0.012,-0.0014,-0.0022,-0.0049,0.0028,-0.0095,0.0026,-0.0008,0.0848
Alec Burks,NYK,2020,6000000,0.054975,0.0961,0.0412,10488354,6000000,-0.3272,-0.7803,0.1404,,,1390,0.5722,23.8,77,1,0,0.25,-0.0149,-0.0004,-0.0008,0.0121,-0.012,0.0059,0.0049,0.0254,-0.0011,-0.0095,0.0026,-0.0008,0.0848
Josh Richardson,DAL,2020,10865952,0.09956,0.0953,-0.0042,10401042,10865952,0.0969,-0.14,0.13,,,1693,0.8113,20.6,77,1,0,0.25,0.0028,-0.0001,-0.0007,0.0121,-0.012,0.0183,-0.0097,0.0087,-0.0011,-0.0095,0.0026,-0.0008,0.0848
Mikal Bridges,,2020,4359000,0.039939527,0.0945,0.0545,10313730,4359000,1.1319,-0.1933,0.9223,,,2042,1.0087,12.7,78,1,0,0.25,0.0461,-0.0001,-0.0067,0.0121,-0.012,0.0326,-0.0218,-0.0326,-0.0003,-0.0095,0.0026,-0.0008,0.0848
Harrison Barnes,,2020,22215909,0.203554233,0.0936,-0.11,10215504,22215909,-0.3272,-0.0629,-0.0111,,,2482,0.8491,17.4,79,1,0,0.25,-0.0149,0,0.0003,0.0121,-0.012,0.0507,-0.012,-0.008,0.0005,-0.0095,0.0026,-0.0008,0.0848
John Collins,,2020,4137302,0.03790821,0.093,0.0551,10150020,4137302,-0.0388,0.8976,1.2728,,,1363,0.6349,22.7,81,1,0,0.25,-0.0028,0.0004,-0.0093,0.0121,-0.012,0.0048,0.0011,0.0196,0.002,-0.0095,0.0026,-0.0008,0.0848
Derrick Favors,UTA,2020,9258000,0.084827,0.0926,0.0077,10106364,9258000,1.2732,1.0103,0.67,,,1243,0.7903,14,81,1,0,0.25,0.052,0.0005,-0.0048,0.0121,-0.012,-0.0001,-0.0085,-0.0258,0.002,-0.0095,0.0026,-0.0008,0.0848
Kyle Kuzma,,2020,3562178,0.032638611,0.0919,0.0593,10029966,3562178,-0.1576,-0.3593,-0.159,,,1526,0.8496,22.9,80,1,0,0.25,-0.0078,-0.0002,0.0014,0.0121,-0.012,0.0115,-0.0121,0.0207,0.0013,-0.0095,0.0026,-0.0008,0.0848
Lauri Markkanen,,2020,6731508,0.061677735,0.0912,0.0295,9953568,6731508,-0.2367,0.2098,0.0728,,,1492,0.6718,21.1,85,1,0,0.25,-0.0111,0.0001,-0.0003,0.0121,-0.012,0.0101,-0.0012,0.0113,0.0052,-0.0095,0.0026,-0.0008,0.0848
OG Anunoby,TOR,2020,3872215,0.035479,0.0911,0.0556,9942654,3872215,0.6511,0.5004,0.9249,,,2066,0.9054,14.3,79,1,0,0.25,0.026,0.0002,-0.0067,0.0121,-0.012,0.0336,-0.0155,-0.0242,0.0005,-0.0095,0.0026,-0.0008,0.0848
Michael Porter Jr.,,2020,3550800,0.03253436,0.0909,0.0584,9920826,3550800,0.3627,0.5834,0.6473,,,903,,22.3,82,1,0,0.25,0.014,0.0003,-0.0046,0.0121,-0.012,-0.014,-0.0022,0.0175,0.0028,-0.0095,0.0026,-0.0008,0.0848
Michael Carter-Williams,ORL,2020,3300000,0.030236,0.0903,0.0601,9855342,3300000,0.6851,0.4055,0.9087,,,833,0.4455,18.3,78,1,0,0.25,0.0274,0.0002,-0.0066,0.0121,-0.012,-0.0169,0.0127,-0.0033,-0.0003,-0.0095,0.0026,-0.0008,0.0848
Ivica Zubac,,2020,7000000,0.064137805,0.09,0.0258,9822600,7000000,0.7586,1.8581,1.0166,,,1326,0.7439,16.4,84,1,0,0.25,0.0305,0.0009,-0.0074,0.0121,-0.012,0.0033,-0.0056,-0.0133,0.0044,-0.0095,0.0026,-0.0008,0.0848
Rudy Gay,SAS,2020,14500000,0.132857,0.09,-0.0429,9822600,14500000,0.046,0.2217,-0.0956,,,1461,0.8971,22,80,1,0,0.25,0.0007,0.0001,0.0009,0.0121,-0.012,0.0088,-0.015,0.016,0.0013,-0.0095,0.0026,-0.0008,0.0848
George Hill,PHI,2020,9590602,0.087874,0.089,0.0011,9713460,9590602,1.0923,1.0992,1.3378,,,1271,0.7271,15.5,76,1,0,0.25,0.0445,0.0005,-0.0098,0.0121,-0.012,0.001,-0.0046,-0.018,-0.0019,-0.0095,0.0026,-0.0008,0.0848
Taurean Prince,,2020,12250000,0.112241158,0.0888,-0.0235,9691632,12250000,-0.2763,0.2632,-0.1522,,,1857,0.8071,20.4,78,1,0,0.25,-0.0128,0.0001,0.0014,0.0121,-0.012,0.0251,-0.0095,0.0076,-0.0003,-0.0095,0.0026,-0.0008,0.0848
Tim Hardaway Jr.,,2020,18975000,0.173859263,0.088,-0.0859,9604320,18975000,0.5154,0.0972,,,,,,,77,1,0,0.25,0.0203,0,0,0.0121,-0.012,-0.0014,-0.0022,-0.0049,-0.0011,-0.0095,0.0026,-0.0008,0.0848
Thomas Bryant,,2020,8333333,0.076354526,0.0879,0.0116,9593406,8333333,0.4985,-0.217,0.2793,,,1147,0.7286,18.9,81,1,0,0.25,0.0196,-0.0001,-0.0019,0.0121,-0.012,-0.004,-0.0047,-0.0002,0.002,-0.0095,0.0026,-0.0008,0.0848
Eric Gordon,,2020,16869276,0.154565476,0.0875,-0.0671,9549750,16869276,-0.0275,-0.6676,-0.6099,,,1016,0.6235,22.5,75,1,0,0.25,-0.0024,-0.0003,0.0048,0.0121,-0.012,-0.0094,0.0018,0.0186,-0.0027,-0.0095,0.0026,-0.0008,0.0848
Clint Capela,,2020,16000000,0.146600696,0.0868,-0.0598,9473352,16000000,0.6059,0.6427,0.6421,,,1279,0.6449,16.1,82,1,0,0.25,0.0241,0.0003,-0.0046,0.0121,-0.012,0.0014,0.0004,-0.0148,0.0028,-0.0095,0.0026,-0.0008,0.0848
Donte DiVincenzo,,2020,3044160,0.027892248,0.0865,0.0586,9440610,3044160,0.555,1.1703,1.5394,,,1520,0.6964,17.3,76,1,0,0.25,0.022,0.0005,-0.0113,0.0121,-0.012,0.0112,-0.0027,-0.0086,-0.0019,-0.0095,0.0026,-0.0008,0.0848
Marc Gasol,LAL,2020,2564753,0.0235,0.0863,0.0628,9418782,2564753,0.9622,0.7672,0.3134,,,1161,0.6243,13.2,83,1,0,0.25,0.039,0.0003,-0.0021,0.0121,-0.012,-0.0035,0.0017,-0.03,0.0036,-0.0095,0.0026,-0.0008,0.0848
DeMarcus Cousins,HOU,2020,1620564,0.014848,0.0856,0.0708,9342384,1620564,0.3684,,,,,,,,82,1,0,0.25,0.0142,-0.0001,0,0.0121,-0.012,-0.0014,-0.0022,-0.0049,0.0028,-0.0095,0.0026,-0.0008,0.0848
J.J. Barea,DAL,2020,1620564,0.014848,0.0845,0.0696,9222330,1620564,0.0404,-0.1874,-0.6122,,,450,0.4255,24.2,70,1,0,0.25,0.0005,-0.0001,0.0048,0.0121,-0.012,-0.0326,0.0139,0.0274,-0.0066,-0.0095,0.0026,-0.0008,0.0848
Jarrett Allen,,2020,3909902,0.035824647,0.0827,0.0468,9025878,3909902,0.6398,1.704,0.9639,,,1852,0.9735,14.9,81,1,0,0.25,0.0255,0.0008,-0.007,0.0121,-0.012,0.0249,-0.0197,-0.0211,0.002,-0.0095,0.0026,-0.0008,0.0848
Larry Nance Jr.,,2020,11709091,0.107285056,0.0821,-0.0252,8960394,11709091,0.7586,0.2039,0.9041,,,1472,0.7925,15.2,78,1,0,0.25,0.0305,0.0001,-0.0065,0.0121,-0.012,0.0093,-0.0086,-0.0195,-0.0003,-0.0095,0.0026,-0.0008,0.0848
Gary Harris,,2020,19160714,0.175560876,0.082,-0.0936,8949480,19160714,0.3344,-0.3238,0.2958,,,1780,0.7468,15.1,76,1,0,0.25,0.0128,-0.0002,-0.002,0.0121,-0.012,0.0219,-0.0058,-0.02,-0.0019,-0.0095,0.0026,-0.0008,0.0848
Joe Harris,BRK,2020,16071429,0.147255,0.0815,-0.0658,8894910,16071429,-0.1349,0.0498,0.4499,,,2123,0.9465,18.3,78,1,0,0.25,-0.0068,0,-0.0031,0.0121,-0.012,0.036,-0.018,-0.0033,-0.0003,-0.0095,0.0026,-0.0008,0.0848
Ben McLemore,HOU,2020,2283034,0.020918,0.0811,0.0602,8851254,2283034,0.3175,-0.6143,0.2939,,,1619,0.7032,16,75,1,0,0.25,0.0121,-0.0003,-0.002,0.0121,-0.012,0.0153,-0.0031,-0.0153,-0.0027,-0.0095,0.0026,-0.0008,0.0848
Dwight Powell,,2020,11080125,0.101522128,0.081,-0.0205,8840340,11080125,1.2336,0.2751,0.8277,,,1061,0.6994,12.6,82,1,0,0.25,0.0504,0.0001,-0.006,0.0121,-0.012,-0.0076,-0.0029,-0.0331,0.0028,-0.0095,0.0026,-0.0008,0.0848
Bol Bol,DEN,2020,2058240,0.018859,0.0808,0.062,8818512,2058240,0.0177,-0.5135,-0.9064,,,87,0.0972,21.2,87,0,0,0.25,-0.0005,-0.0003,0.007,0.0121,-0.012,-0.0475,0.034,0.0118,0.0067,-0.0171,0.0026,-0.0008,0.0848
Andre Roberson,BRK,2020,274816,0.002518,0.0804,0.0779,8774856,274816,1.3468,-0.2704,-1.6155,,,87,,16.1,79,1,0,0.25,0.0551,-0.0001,0.0123,0.0121,-0.012,-0.0475,-0.0022,-0.0148,0.0005,-0.0095,0.0026,-0.0008,0.0848
Coby White,,2020,5572680,0.051059923,0.0803,0.0292,8763942,5572680,-0.5591,-0.5669,-0.8749,,,1674,0.9028,24.4,76,0,0,0.25,-0.0246,-0.0003,0.0068,0.0121,-0.012,0.0176,-0.0153,0.0285,-0.0019,-0.0171,0.0026,-0.0008,0.0848
Terry Rozier,,2020,18900000,0.173172073,0.0797,-0.0935,8698458,18900000,-0.9889,-0.976,-0.3703,,,2164,0.9082,23.7,73,1,0,0.25,-0.0426,-0.0005,0.003,0.0121,-0.012,0.0376,-0.0157,0.0248,-0.0042,-0.0095,0.0026,-0.0008,0.0848
Dewayne Dedmon,DET,2020,2866667,0.026266,0.0785,0.0523,8567490,2866667,0.3231,0.3818,-1.7553,,,541,0.5878,18.5,82,1,0,0.25,0.0123,0.0002,0.0133,0.0121,-0.012,-0.0289,0.0039,-0.0023,0.0028,-0.0095,0.0026,-0.0008,0.0848
Kevon Looney,,2020,4821429,0.044176553,0.0784,0.0342,8556576,4821429,0.9226,-0.5609,-1.6298,,,262,0.5395,15.7,81,1,0,0.25,0.0374,-0.0003,0.0124,0.0121,-0.012,-0.0403,0.0069,-0.0169,0.002,-0.0095,0.0026,-0.0008,0.0848
John Henson,NYK,2020,110998,0.001017,0.0783,0.0773,8545662,110998,0.7247,0.7079,0.2858,,,412,0.3158,16.1,81,1,0,0.25,0.0291,0.0003,-0.0019,0.0121,-0.012,-0.0342,0.0206,-0.0148,0.002,-0.0095,0.0026,-0.0008,0.0848
Justin Holiday,IND,2020,5720400,0.052413,0.0779,0.0255,8502006,5720400,0.5154,0.4648,0.6863,,,1826,0.8075,13.4,78,1,0,0.25,0.0203,0.0002,-0.0049,0.0121,-0.012,0.0238,-0.0095,-0.0289,-0.0003,-0.0095,0.0026,-0.0008,0.0848
Ryan Anderson,MIA,2020,5214583,0.047779,0.0779,0.0302,8502006,5214583,-0.429,-0.2645,-1.1788,,,14,0.086,23.7,81,1,0,0.25,-0.0191,-0.0001,0.009,0.0121,-0.012,-0.0505,0.0347,0.0248,0.002,-0.0095,0.0026,-0.0008,0.0848
Patrick Beverley,LAC,2020,13333333,0.122167,0.0771,-0.0451,8414694,13333333,1.064,1.4964,0.8456,,,1342,0.7994,13.3,74,1,0,0.25,0.0433,0.0007,-0.0061,0.0121,-0.012,0.0039,-0.009,-0.0294,-0.0034,-0.0095,0.0026,-0.0008,0.0848
Thaddeus Young,CHI,2020,13545000,0.124107,0.0764,-0.0477,8338295,13545000,-0.0388,-0.3475,0.0777,,,1591,0.926,19.7,80,1,0,0.25,-0.0028,-0.0002,-0.0004,0.0121,-0.012,0.0142,-0.0168,0.004,0.0013,-0.0095,0.0026,-0.0008,0.0848
Kelly Olynyk,,2020,12819649,0.117460592,0.0763,-0.0411,8327382,12819649,0.4758,0.1624,0.077,,,1300,0.9429,17.4,84,1,0,0.25,0.0187,0.0001,-0.0004,0.0121,-0.012,0.0022,-0.0178,-0.008,0.0044,-0.0095,0.0026,-0.0008,0.0848
Jeremy Lamb,IND,2020,10500000,0.096207,0.076,-0.0202,8294640,10500000,0.1704,-0.3475,0.6242,,,1291,0.7606,19.6,77,1,0,0.25,0.0059,-0.0002,-0.0044,0.0121,-0.012,0.0019,-0.0066,0.0034,-0.0011,-0.0095,0.0026,-0.0008,0.0848
Furkan Korkmaz,PHI,2020,1762796,0.016152,0.0755,0.0593,8240070,1762796,0.046,-1.1064,0.1102,,,1559,0.8445,18.4,79,1,0,0.25,0.0007,-0.0005,-0.0006,0.0121,-0.012,0.0128,-0.0118,-0.0028,0.0005,-0.0095,0.0026,-0.0008,0.0848
Dion Waiters,MEM,2020,12650000,0.115906,0.0753,-0.0406,8218242,12650000,-0.1406,-0.5728,-0.3996,,,165,0.262,23.8,75,1,0,0.25,-0.0071,-0.0003,0.0032,0.0121,-0.012,-0.0443,0.0239,0.0254,-0.0027,-0.0095,0.0026,-0.0008,0.0848
Mitchell Robinson,,2020,1663861,0.015245199,0.0734,0.0582,8010876,1663861,0.866,1.1288,1.3762,,,1412,0.8313,13.3,84,1,0,0.25,0.035,0.0005,-0.0101,0.0121,-0.012,0.0068,-0.011,-0.0294,0.0044,-0.0095,0.0026,-0.0008,0.0848
Wendell Carter Jr.,,2020,5448840,0.049925234,0.0732,0.0233,7989048,5448840,0.0291,0.4114,-0.1177,,,1256,0.5745,16.4,82,1,0,0.25,0,0.0002,0.0011,0.0121,-0.012,0.0004,0.0048,-0.0133,0.0028,-0.0095,0.0026,-0.0008,0.0848
Jae Crowder,PHO,2020,9258000,0.084827,0.0728,-0.012,7945392,9258000,0.4193,0.6367,0.0241,,,1322,0.7565,15.6,78,1,0,0.25,0.0163,0.0003,0,0.0121,-0.012,0.0031,-0.0064,-0.0174,-0.0003,-0.0095,0.0026,-0.0008,0.0848
Dorian Finney-Smith,,2020,4000000,0.036650174,0.0727,0.0361,7934478,4000000,0.391,-0.3416,0.5302,,,2120,0.9867,12.9,79,1,0,0.25,0.0151,-0.0002,-0.0037,0.0121,-0.012,0.0358,-0.0205,-0.0315,0.0005,-0.0095,0.0026,-0.0008,0.0848
Kendrick Nunn,MIA,2020,1663861,0.015245,0.0726,0.0573,7923564,1663861,-0.8306,-0.3831,-0.3144,,,1962,0.9306,24.1,75,0,0,0.25,-0.0359,-0.0002,0.0026,0.0121,-0.012,0.0294,-0.017,0.0269,-0.0027,-0.0171,0.0026,-0.0008,0.0848
Tyler Herro,,2020,3822240,0.03502144,0.0718,0.0368,7836252,3822240,-0.4403,-1.5333,-0.2728,,,1508,0.7639,22.3,77,0,0,0.25,-0.0196,-0.0007,0.0023,0.0121,-0.012,0.0108,-0.0068,0.0175,-0.0011,-0.0171,0.0026,-0.0008,0.0848
Aron Baynes,TOR,2020,7000000,0.064138,0.0703,0.0062,7672542,7000000,-0.3442,0.2217,-0.5098,,,934,0.5978,21.1,82,1,0,0.25,-0.0156,0.0001,0.004,0.0121,-0.012,-0.0128,0.0033,0.0113,0.0028,-0.0095,0.0026,-0.0008,0.0848
Alex Caruso,,2020,2750000,0.025196995,0.0702,0.045,7661628,2750000,0.7077,0.1802,0.4958,,,1175,0.6699,13.8,77,1,0,0.25,0.0284,0.0001,-0.0035,0.0121,-0.012,-0.0029,-0.0011,-0.0268,-0.0011,-0.0095,0.0026,-0.0008,0.0848
Daniel Theis,CHI,2020,5000000,0.045813,0.0701,0.0243,7650713,5000000,0.5041,1.0992,0.7058,,,1566,0.8661,14.4,80,1,0,0.25,0.0199,0.0005,-0.005,0.0121,-0.012,0.0131,-0.0131,-0.0237,0.0013,-0.0095,0.0026,-0.0008,0.0848
Miles Bridges,,2020,3934320,0.036048378,0.07,0.0339,7639800,3934320,-0.7005,-1.4147,-0.5449,,,1995,0.9301,20,79,1,0,0.25,-0.0305,-0.0007,0.0043,0.0121,-0.012,0.0307,-0.017,0.0055,0.0005,-0.0095,0.0026,-0.0008,0.0848
Josh Hart,,2020,3491159,0.031987896,0.0693,0.0373,7563402,3491159,0.1704,-0.5194,0.1567,,,1755,0.8706,15.3,77,1,0,0.25,0.0059,-0.0003,-0.0009,0.0121,-0.012,0.0209,-0.0134,-0.019,-0.0011,-0.0095,0.0026,-0.0008,0.0848
Jakob Poeltl,,2020,8101852,0.074233572,0.0681,-0.0061,7432433,8101852,1.0018,1.5972,0.7182,,,1171,0.9251,13.2,84,1,0,0.25,0.0407,0.0007,-0.0051,0.0121,-0.012,-0.0031,-0.0167,-0.03,0.0044,-0.0095,0.0026,-0.0008,0.0848
Markieff Morris,LAL,2020,1620564,0.014848,0.0677,0.0529,7388778,1620564,-0.5761,-1.3376,-0.384,,,988,0.5374,21.8,81,1,0,0.25,-0.0253,-0.0006,0.0031,0.0121,-0.012,-0.0106,0.007,0.0149,0.002,-0.0095,0.0026,-0.0008,0.0848
Bruno Caboclo,HOU,2020,361256,0.00331,0.0671,0.0638,7323294,361256,-0.0558,,,,,,,,81,1,0,0.25,-0.0035,-0.0001,0,0.0121,-0.012,-0.0014,-0.0022,-0.0049,0.002,-0.0095,0.0026,-0.0008,0.0848
Moritz Wagner,,2020,2161920,0.019808686,0.0661,0.0463,7214154,2161920,-0.0614,-0.0807,-0.4821,,,835,0.5873,18.6,83,1,0,0.25,-0.0038,0,0.0038,0.0121,-0.012,-0.0168,0.004,-0.0018,0.0036,-0.0095,0.0026,-0.0008,0.0848
Derrick Jones Jr.,,2020,9258000,0.084826828,0.0657,-0.0191,7170497,9258000,0.5833,0.364,0.7367,,,1375,0.7865,13.9,78,1,0,0.25,0.0232,0.0002,-0.0053,0.0121,-0.012,0.0053,-0.0082,-0.0263,-0.0003,-0.0095,0.0026,-0.0008,0.0848
Willie Cauley-Stein,DAL,2020,4100000,0.037566,0.0655,0.0279,7148670,4100000,0.6398,0.1387,0.1531,,,940,0.7263,14.4,84,1,0,0.25,0.0255,0.0001,-0.0009,0.0121,-0.012,-0.0125,-0.0045,-0.0237,0.0044,-0.0095,0.0026,-0.0008,0.0848
Rondae Hollis-Jefferson,POR,2020,432891,0.003966,0.065,0.0611,7094100,432891,0.3514,0.9925,0.4503,,,1122,0.7907,17.2,78,1,0,0.25,0.0135,0.0005,-0.0031,0.0121,-0.012,-0.0051,-0.0085,-0.0091,-0.0003,-0.0095,0.0026,-0.0008,0.0848
Chris Boucher,,2020,6500000,0.059556533,0.065,0.0054,7094100,6500000,0.1591,1.2889,0.71,,,819,0.6662,19.7,80,1,0,0.25,0.0054,0.0006,-0.0051,0.0121,-0.012,-0.0175,-0.0009,0.004,0.0013,-0.0095,0.0026,-0.0008,0.0848
Josh Jackson,DET,2020,4767000,0.043678,0.0637,0.02,6952218,4767000,-0.0388,0.1683,0.3992,,,381,0.5523,22.8,80,1,0,0.25,-0.0028,0.0001,-0.0028,0.0121,-0.012,-0.0354,0.0061,0.0201,0.0013,-0.0095,0.0026,-0.0008,0.0848
Jerami Grant,,2020,19050000,0.174546454,0.0634,-0.1112,6919476,19050000,-0.3216,-1.0115,0.1018,,,1892,0.9822,18,79,1,0,0.25,-0.0147,-0.0005,-0.0005,0.0121,-0.012,0.0265,-0.0202,-0.0049,0.0005,-0.0095,0.0026,-0.0008,0.0848
Justise Winslow,MEM,2020,13000000,0.119113,0.0634,-0.0557,6919476,13000000,-0.0954,-0.2823,-0.5452,,,352,0.3973,20.6,78,1,0,0.25,-0.0052,-0.0001,0.0043,0.0121,-0.012,-0.0366,0.0156,0.0087,-0.0003,-0.0095,0.0026,-0.0008,0.0848
De'Anthony Melton,,2020,9571712,0.087701228,0.0627,-0.025,6843078,9571712,0.0347,0.9747,0.5475,,,1167,0.7495,19.2,74,1,0,0.25,0.0002,0.0004,-0.0039,0.0121,-0.012,-0.0032,-0.006,0.0014,-0.0034,-0.0095,0.0026,-0.0008,0.0848
Maxi Kleber,,2020,8325000,0.076278175,0.0626,-0.0136,6832164,8325000,0.1139,0.2217,0.2754,,,1890,0.9671,13.9,82,1,0,0.25,0.0036,0.0001,-0.0018,0.0121,-0.012,0.0264,-0.0193,-0.0263,0.0028,-0.0095,0.0026,-0.0008,0.0848
Brandon Clarke,,2020,2602920,0.023849368,0.0623,0.0385,6799422,2602920,0.21,0.2573,1.069,,,1300,0.8056,18.7,80,0,0,0.25,0.0076,0.0001,-0.0078,0.0121,-0.012,0.0022,-0.0094,-0.0013,0.0013,-0.0171,0.0026,-0.0008,0.0848
Frank Kaminsky,PHO,2020,1620564,0.014848,0.0616,0.0467,6723024,1620564,-0.4856,0.0616,-0.499,,,777,0.5535,21,84,1,0,0.25,-0.0215,0,0.004,0.0121,-0.012,-0.0192,0.006,0.0107,0.0044,-0.0095,0.0026,-0.0008,0.0848
Isaac Bonga,WAS,2020,1663861,0.015245,0.0615,0.0462,6712110,1663861,0.5889,0.5656,-0.2279,,,1250,0.6735,11,80,1,0,0.25,0.0234,0.0003,0.0019,0.0121,-0.012,0.0002,-0.0013,-0.0414,0.0013,-0.0095,0.0026,-0.0008,0.0848
Eric Paschall,GSW,2020,1517981,0.013909,0.061,0.047,6657540,1517981,-0.7174,-0.9937,-0.6271,,,1654,0.8333,21.4,78,0,0,0.25,-0.0312,-0.0005,0.0049,0.0121,-0.012,0.0167,-0.0111,0.0128,-0.0003,-0.0171,0.0026,-0.0008,0.0848
Trey Burke,DAL,2020,3000000,0.027488,0.0608,0.0333,6635712,3000000,0.1931,-0.3949,-0.0732,,,329,0.3679,19.2,72,1,0,0.25,0.0069,-0.0002,0.0008,0.0121,-0.012,-0.0376,0.0174,0.0014,-0.005,-0.0095,0.0026,-0.0008,0.0848
Jaxson Hayes,,2020,5105160,0.046776251,0.0607,0.0139,6624798,5105160,0.7247,-0.0747,0.0891,,,1080,0.8889,15,84,0,0,0.25,0.0291,0,-0.0004,0.0121,-0.012,-0.0068,-0.0145,-0.0206,0.0044,-0.0171,0.0026,-0.0008,0.0848
Jarrett Culver,MIN,2020,6104280,0.055931,0.0607,0.0048,6624798,6104280,-0.2141,-0.5728,-0.4451,,,1506,0.875,19.2,78,0,0,0.25,-0.0102,-0.0003,0.0035,0.0121,-0.012,0.0107,-0.0136,0.0014,-0.0003,-0.0171,0.0026,-0.0008,0.0848
Bobby Portis,,2020,3623000,0.033195895,0.0604,0.0272,6592056,3623000,-0.8532,-1.3436,-0.3534,,,1393,0.701,21.4,81,1,0,0.25,-0.0369,-0.0006,0.0029,0.0121,-0.012,0.006,-0.003,0.0128,0.002,-0.0095,0.0026,-0.0008,0.0848
Ignas Brazdeikis,ORL,2020,148530,0.001361,0.0604,0.059,6592056,148530,-0.5817,-0.0155,-2.9903,,,53,0.125,21,78,0,0,0.25,-0.0255,0,0.0226,0.0121,-0.012,-0.0489,0.0323,0.0107,-0.0003,-0.0171,0.0026,-0.0008,0.0848
Doug McDermott,,2020,7333333,0.067191983,0.0603,-0.0069,6581142,7333333,-0.118,-0.5372,0.1973,,,1372,0.9511,19.6,79,1,0,0.25,-0.0061,-0.0003,-0.0012,0.0121,-0.012,0.0052,-0.0183,0.0034,0.0005,-0.0095,0.0026,-0.0008,0.0848
Mason Plumlee,,2020,8000000,0.073300348,0.0597,-0.0136,6515658,8000000,0.1874,0.7197,0.1226,,,1057,0.9045,18,84,1,0,0.25,0.0066,0.0003,-0.0007,0.0121,-0.012,-0.0077,-0.0154,-0.0049,0.0044,-0.0095,0.0026,-0.0008,0.0848
Jalen Brunson,,2020,1663861,0.015245199,0.0585,0.0432,6384690,1663861,-0.0105,-0.3416,0.172,,,1022,0.8286,20.4,74,1,0,0.25,-0.0016,-0.0002,-0.0011,0.0121,-0.012,-0.0092,-0.0108,0.0076,-0.0034,-0.0095,0.0026,-0.0008,0.0848
Ish Smith,WAS,2020,6000000,0.054975,0.0581,0.0031,6341034,6000000,-0.61,-0.2111,-0.1886,,,1787,0.8464,19.1,72,1,0,0.25,-0.0267,-0.0001,0.0016,0.0121,-0.012,0.0222,-0.0119,0.0008,-0.005,-0.0095,0.0026,-0.0008,0.0848
E'Twaun Moore,PHO,2020,1620564,0.014848,0.058,0.0431,6330120,1620564,-0.1858,-0.721,-0.1999,,,1020,0.7285,19.9,75,1,0,0.25,-0.009,-0.0003,0.0017,0.0121,-0.012,-0.0093,-0.0047,0.005,-0.0027,-0.0095,0.0026,-0.0008,0.0848
Aaron Holiday,,2020,2345640,0.021492029,0.0576,0.0361,6286464,2345640,-0.4516,-0.4898,-0.0933,,,1617,0.8016,18.7,72,1,0,0.25,-0.0201,-0.0002,0.0009,0.0121,-0.012,0.0152,-0.0091,-0.0013,-0.005,-0.0095,0.0026,-0.0008,0.0848
Dwight Howard,PHI,2020,1620564,0.014848,0.0574,0.0425,6264636,1620564,-0.0049,1.7633,0.4464,,,1306,0.6401,14.7,82,1,0,0.25,-0.0014,0.0008,-0.0031,0.0121,-0.012,0.0025,0.0007,-0.0221,0.0028,-0.0095,0.0026,-0.0008,0.0848
Tyus Jones,,2020,7965100,0.072980575,0.0574,-0.0156,6264636,7965100,0.3231,0.2454,0.5459,,,1232,0.8752,17.2,72,1,0,0.25,0.0123,0.0001,-0.0039,0.0121,-0.012,-0.0006,-0.0136,-0.0091,-0.005,-0.0095,0.0026,-0.0008,0.0848
Gary Trent Jr.,,2020,1663861,0.015245199,0.0563,0.041,6144582,1663861,-0.2367,-0.4068,,,,,,,77,1,0,0.25,-0.0111,-0.0002,0,0.0121,-0.012,-0.0014,-0.0022,-0.0049,-0.0011,-0.0095,0.0026,-0.0008,0.0848
Seth Curry,,2020,7834449,0.07178348,0.0562,-0.0156,6133668,7834449,-0.118,-0.4661,0.8784,,,1576,0.894,18.4,73,1,0,0.25,-0.0061,-0.0002,-0.0063,0.0121,-0.012,0.0135,-0.0148,-0.0028,-0.0042,-0.0095,0.0026,-0.0008,0.0848
Enes Freedom,POR,2020,5005350,0.045862,0.0557,0.0098,6079098,5005350,,0.5241,0.8225,,,983,0.7047,19.4,82,1,0,0.25,-0.007,0.0002,-0.0059,0.0121,-0.012,-0.0108,-0.0032,0.0024,0.0028,-0.0095,0.0026,-0.0008,0.0848
Kevin Knox,NYK,2020,4588680,0.042044,0.0551,0.0131,6013614,4588680,,,-1.1213,,,1166,0.9072,17.8,80,1,0,0.25,-0.007,-0.0001,0.0086,0.0121,-0.012,-0.0033,-0.0156,-0.006,0.0013,-0.0095,0.0026,-0.0008,0.0848
Josh Okogie,,2020,2651040,0.024290269,0.055,0.0308,6002700,2651040,0.046,-0.9167,-0.0907,,,1547,0.8766,15.1,76,1,0,0.25,0.0007,-0.0004,0.0009,0.0121,-0.012,0.0124,-0.0137,-0.02,-0.0019,-0.0095,0.0026,-0.0008,0.0848
Luke Kennard,,2020,5273826,0.04832166,0.0549,0.0066,5991786,5273826,-0.3781,-0.5787,0.3661,,,922,0.5312,19.8,77,1,0,0.25,-0.017,-0.0003,-0.0025,0.0121,-0.012,-0.0133,0.0074,0.0045,-0.0011,-0.0095,0.0026,-0.0008,0.0848
Kentavious Caldwell-Pope,,2020,12073020,0.110619571,0.0543,-0.0563,5926302,12073020,0.0517,0.032,0.3111,,,1762,0.974,14.7,77,1,0,0.25,0.001,0,-0.0021,0.0121,-0.012,0.0212,-0.0197,-0.0221,-0.0011,-0.0095,0.0026,-0.0008,0.0848
Marquese Chriss,SAS,2020,1824003,0.016713,0.0543,0.0375,5926302,1824003,-0.5025,0.5478,0.3319,,,1196,0.6356,19,81,1,0,0.25,-0.0222,0.0002,-0.0023,0.0121,-0.012,-0.002,0.001,0.0003,0.002,-0.0095,0.0026,-0.0008,0.0848
Mfiondu Kabengele,CLE,2020,356473,0.003266,0.0543,0.051,5926302,356473,-0.4799,-0.2526,0.4041,,,64,0.1667,23.7,82,0,0,0.25,-0.0213,-0.0001,-0.0028,0.0121,-0.012,-0.0484,0.0297,0.0248,0.0028,-0.0171,0.0026,-0.0008,0.0848
Jevon Carter,,2020,3925000,0.035962983,0.0538,0.0178,5871732,3925000,0.6794,-0.2467,-0.0016,,,945,0.6818,12.9,72,1,0,0.25,0.0272,-0.0001,0.0002,0.0121,-0.012,-0.0123,-0.0018,-0.0315,-0.005,-0.0095,0.0026,-0.0008,0.0848
Alex Len,TOR,2020,2258000,0.020689,0.0537,0.033,5860818,2258000,-0.0784,-0.5253,-0.2507,,,745,0.6994,18.6,84,1,0,0.25,-0.0045,-0.0003,0.0021,0.0121,-0.012,-0.0205,-0.0029,-0.0018,0.0044,-0.0095,0.0026,-0.0008,0.0848
Austin Rivers,DEN,2020,299694,0.002746,0.053,0.0503,5784420,299694,-0.2085,-0.6439,-0.0384,,,1594,0.8052,15.6,76,1,0,0.25,-0.0099,-0.0003,0.0005,0.0121,-0.012,0.0143,-0.0094,-0.0174,-0.0019,-0.0095,0.0026,-0.0008,0.0848
Tristan Thompson,BOS,2020,9258000,0.084827,0.0527,-0.0321,5751678,9258000,-1.0341,-0.4898,-0.5628,,,1721,0.6914,18.3,81,1,0,0.25,-0.0444,-0.0002,0.0044,0.0121,-0.012,0.0195,-0.0024,-0.0033,0.002,-0.0095,0.0026,-0.0008,0.0848
Svi Mykhailiuk,,2020,1663861,0.015245199,0.0522,0.037,5697108,1663861,-0.3385,-0.057,0.0914,,,1265,0.6645,17.1,79,1,0,0.25,-0.0154,0,-0.0005,0.0121,-0.012,0.0008,-0.0008,-0.0096,0.0005,-0.0095,0.0026,-0.0008,0.0848
Gorgui Dieng,MEM,2020,16587688,0.151985,0.052,-0.0999,5675280,16587688,0.0573,0.619,0.2461,,,778,0.7469,18.4,82,1,0,0.25,0.0012,0.0003,-0.0016,0.0121,-0.012,-0.0192,-0.0058,-0.0028,0.0028,-0.0095,0.0026,-0.0008,0.0848
Shake Milton,PHI,2020,1701593,0.015591,0.0516,0.036,5631624,1701593,-0.3838,-0.2111,0.2858,,,805,0.4387,18.9,77,1,0,0.25,-0.0173,-0.0001,-0.0019,0.0121,-0.012,-0.0181,0.0131,-0.0002,-0.0011,-0.0095,0.0026,-0.0008,0.0848
Luke Kornet,,2020,2250000,0.020615723,0.051,0.0303,5566140,2250000,-0.0501,0.1328,-0.7588,,,559,0.5229,16.3,85,1,0,0.25,-0.0033,0.0001,0.0059,0.0121,-0.012,-0.0281,0.0079,-0.0138,0.0052,-0.0095,0.0026,-0.0008,0.0848
Avery Bradley,HOU,2020,5635000,0.051631,0.0504,-0.0012,5500656,5635000,-0.0558,-0.8099,0.16,,,1186,0.6494,15.7,75,1,0,0.25,-0.0035,-0.0004,-0.001,0.0121,-0.012,-0.0024,0.0002,-0.0169,-0.0027,-0.0095,0.0026,-0.0008,0.0848
Mo Bamba,,2020,5969040,0.054691589,0.0501,-0.0046,5467914,5969040,0.0064,0.5597,0.0182,,,878,0.7531,17.1,84,1,0,0.25,-0.0009,0.0003,0.0001,0.0121,-0.012,-0.0151,-0.0062,-0.0096,0.0044,-0.0095,0.0026,-0.0008,0.0848
DeAndre Jordan,,2020,10375678,0.095067601,0.0499,-0.0452,5446086,10375678,0.08,0.4233,0.5143,,,1234,0.7148,14.1,83,1,0,0.25,0.0021,0.0002,-0.0036,0.0121,-0.012,-0.0005,-0.0038,-0.0253,0.0036,-0.0095,0.0026,-0.0008,0.0848
Kyle Anderson,,2020,9505100,0.087090892,0.0497,-0.0374,5424258,9505100,0.1535,-0.4838,0.1723,,,1330,0.7782,13.5,80,1,0,0.25,0.0052,-0.0002,-0.0011,0.0121,-0.012,0.0035,-0.0077,-0.0284,0.0013,-0.0095,0.0026,-0.0008,0.0848
Kris Dunn,,2020,4767000,0.043677845,0.0495,0.0059,5402430,4767000,0.0517,0.8858,0.6434,,,1269,0.6531,14.6,75,1,0,0.25,0.001,0.0004,-0.0046,0.0121,-0.012,0.001,-0.0001,-0.0226,-0.0027,-0.0095,0.0026,-0.0008,0.0848
Stanley Johnson,TOR,2020,3804150,0.034856,0.0495,0.0147,5402430,3804150,-0.5648,-0.5431,-1.0117,,,150,0.4365,23.1,78,1,0,0.25,-0.0248,-0.0003,0.0078,0.0121,-0.012,-0.0449,0.0132,0.0217,-0.0003,-0.0095,0.0026,-0.0008,0.0848
Raul Neto,WAS,2020,1620564,0.014848,0.0489,0.0341,5336946,1620564,-0.0614,-1.2072,-0.4552,,,668,0.638,18.7,74,1,0,0.25,-0.0038,-0.0006,0.0036,0.0121,-0.012,-0.0237,0.0009,-0.0013,-0.0034,-0.0095,0.0026,-0.0008,0.0848
Isaiah Hartenstein,,2020,1620564,0.014848488,0.0489,0.0341,5336946,1620564,0.3118,-0.0273,0.3693,,,266,0.3277,14.8,84,1,0,0.25,0.0118,0,-0.0025,0.0121,-0.012,-0.0402,0.0199,-0.0216,0.0044,-0.0095,0.0026,-0.0008,0.0848
Jeff Teague,MIL,2020,510589,0.004678,0.0487,0.044,5315118,510589,-0.6948,-0.7447,-0.0328,,,945,0.4872,20.2,75,1,0,0.25,-0.0303,-0.0004,0.0005,0.0121,-0.012,-0.0123,0.0101,0.0066,-0.0027,-0.0095,0.0026,-0.0008,0.0848
Moses Brown,OKC,2020,1250000,0.011453,0.0484,0.0369,5282376,1250000,-1.0228,-0.1281,-2.9903,,,33,0.125,21.2,86,0,0,0.25,-0.044,-0.0001,0.0226,0.0121,-0.012,-0.0497,0.0323,0.0118,0.006,-0.0171,0.0026,-0.0008,0.0848
De'Andre Hunter,,2020,7422000,0.068004398,0.0483,-0.0197,5271462,7422000,-0.8645,-1.3436,-0.7425,,,2018,0.875,17.5,79,0,0,0.25,-0.0374,-0.0006,0.0058,0.0121,-0.012,0.0317,-0.0136,-0.0075,0.0005,-0.0171,0.0026,-0.0008,0.0848
Darius Miller,OKC,2020,7000000,0.064138,0.0475,-0.0167,5184150,7000000,-0.4686,,,,,,,,78,1,0,0.25,-0.0208,-0.0001,0,0.0121,-0.012,-0.0014,-0.0022,-0.0049,-0.0003,-0.0095,0.0026,-0.0008,0.0848
James Johnson,NOP,2020,16047100,0.147032,0.047,-0.1,5129580,16047100,-0.4856,-0.3949,0.2438,,,338,0.3731,21.4,79,1,0,0.25,-0.0215,-0.0002,-0.0016,0.0121,-0.012,-0.0372,0.0171,0.0128,0.0005,-0.0095,0.0026,-0.0008,0.0848
RJ Barrett,,2020,8231760,0.075423859,0.047,-0.0284,5129580,8231760,-1.5318,-0.8159,-0.7656,,,1704,0.7778,24,78,0,0,0.25,-0.0653,-0.0004,0.0059,0.0121,-0.012,0.0188,-0.0077,0.0264,-0.0003,-0.0171,0.0026,-0.0008,0.0848
Malik Beasley,MIN,2020,13425895,0.123015,0.0467,-0.0763,5096838,13425895,-0.2876,-0.7922,-0.1593,,,746,0.7263,20.6,76,1,0,0.25,-0.0132,-0.0004,0.0014,0.0121,-0.012,-0.0205,-0.0045,0.0087,-0.0019,-0.0095,0.0026,-0.0008,0.0848
Kevin Huerter,,2020,2761920,0.025306212,0.0467,0.0213,5096838,2761920,-0.7005,-1.0649,0.0094,,,1760,0.8291,17.1,78,1,0,0.25,-0.0305,-0.0005,0.0002,0.0121,-0.012,0.0211,-0.0108,-0.0096,-0.0003,-0.0095,0.0026,-0.0008,0.0848
Monte Morris,,2020,1723707,0.01579354,0.046,0.0302,5020440,1723707,-0.282,-0.1044,0.212,,,1636,1.0087,17.5,74,1,0,0.25,-0.013,-0.0001,-0.0014,0.0121,-0.012,0.016,-0.0218,-0.0075,-0.0034,-0.0095,0.0026,-0.0008,0.0848
Wesley Matthews,LAL,2020,3623000,0.033196,0.0458,0.0126,4998612,3623000,0.0008,0.0201,0.487,,,1635,0.7828,12.5,77,1,0,0.25,-0.0012,0,-0.0034,0.0121,-0.012,0.016,-0.008,-0.0336,-0.0011,-0.0095,0.0026,-0.0008,0.0848
Al-Farouq Aminu,CHI,2020,9720900,0.089068,0.0458,-0.0432,4998612,9720900,0.4702,-0.4246,-0.7933,,,380,0.5267,13.2,81,1,0,0.25,0.0185,-0.0002,0.0061,0.0121,-0.012,-0.0355,0.0077,-0.03,0.002,-0.0095,0.0026,-0.0008,0.0848
Brandon Goodwin,ATL,2020,1701593,0.015591,0.0456,0.03,4976784,1701593,-0.9154,-0.6024,-1.4734,,,430,0.3683,22.4,72,1,0,0.25,-0.0395,-0.0003,0.0112,0.0121,-0.012,-0.0334,0.0174,0.018,-0.005,-0.0095,0.0026,-0.0008,0.0848
Garrett Temple,,2020,4767000,0.043677845,0.0454,0.0017,4954956,4767000,-0.6948,-0.8099,0.1521,,,1730,0.7623,16.6,77,1,0,0.25,-0.0303,-0.0004,-0.0009,0.0121,-0.012,0.0199,-0.0067,-0.0122,-0.0011,-0.0095,0.0026,-0.0008,0.0848
Cameron Johnson,,2020,4235160,0.038804838,0.0444,0.0056,4845816,4235160,0.0291,0.1268,0.212,,,1255,0.7917,15.7,80,0,0,0.25,0,0,-0.0014,0.0121,-0.012,0.0004,-0.0085,-0.0169,0.0013,-0.0171,0.0026,-0.0008,0.0848
Nerlens Noel,NYK,2020,5000000,0.045813,0.0443,-0.0015,4834902,5000000,0.3118,0.5656,1.0758,,,1127,0.8816,14.9,82,1,0,0.25,0.0118,0.0003,-0.0078,0.0121,-0.012,-0.0049,-0.014,-0.0211,0.0028,-0.0095,0.0026,-0.0008,0.0848
Isaiah Thomas,NOP,2020,110998,0.001017,0.0441,0.0431,4813074,110998,-1.5318,-1.6934,-1.4825,,,925,0.4021,24.1,69,1,0,0.25,-0.0653,-0.0008,0.0113,0.0121,-0.012,-0.0131,0.0153,0.0269,-0.0074,-0.0095,0.0026,-0.0008,0.0848
Naz Reid,,2020,1517981,0.013908567,0.0437,0.0298,4769418,1517981,-0.9154,0.1565,-0.1671,,,495,0.4167,24,81,0,0,0.25,-0.0395,0.0001,0.0015,0.0121,-0.012,-0.0308,0.0144,0.0264,0.002,-0.0171,0.0026,-0.0008,0.0848
Bruce Brown,,2020,1663861,0.015245199,0.0435,0.0283,4747590,1663861,-0.5082,-0.6084,-0.2409,,,1634,0.8419,16,76,1,0,0.25,-0.0225,-0.0003,0.002,0.0121,-0.012,0.0159,-0.0116,-0.0153,-0.0019,-0.0095,0.0026,-0.0008,0.0848
Omari Spellman,NYK,2020,1988280,0.018218,0.0426,0.0244,4649364,1988280,-0.6157,-0.721,-0.7647,,,886,0.6357,18.8,80,1,0,0.25,-0.0269,-0.0003,0.0059,0.0121,-0.012,-0.0147,0.001,-0.0007,0.0013,-0.0095,0.0026,-0.0008,0.0848
Marvin Bagley III,,2020,8963640,0.082129742,0.0425,-0.0396,4638450,8963640,-1.3961,-0.555,-1.0875,,,334,0.3964,25.8,82,1,0,0.25,-0.0596,-0.0003,0.0083,0.0121,-0.012,-0.0374,0.0157,0.0358,0.0028,-0.0095,0.0026,-0.0008,0.0848
Kent Bazemore,GSW,2020,1620564,0.014848,0.0423,0.0274,4616622,1620564,-0.3046,-0.5431,-0.5387,,,1111,0.6797,15.9,76,1,0,0.25,-0.0139,-0.0003,0.0042,0.0121,-0.012,-0.0055,-0.0017,-0.0159,-0.0019,-0.0095,0.0026,-0.0008,0.0848
Jeff Green,,2020,2564753,0.023499661,0.042,0.0185,4583880,2564753,-0.4912,-0.7744,-1.0036,,,553,0.6126,19.7,80,1,0,0.25,-0.0217,-0.0004,0.0077,0.0121,-0.012,-0.0284,0.0024,0.004,0.0013,-0.0095,0.0026,-0.0008,0.0848
Malik Monk,,2020,5345687,0.04898009,0.0419,-0.0071,4572966,5345687,-1.0341,-1.0293,-0.5845,,,1169,0.8113,22.9,75,1,0,0.25,-0.0444,-0.0005,0.0046,0.0121,-0.012,-0.0031,-0.0097,0.0207,-0.0027,-0.0095,0.0026,-0.0008,0.0848
P.J. Tucker,MIL,2020,7969537,0.073021,0.0417,-0.0314,4551138,7969537,-0.2141,-0.389,-0.0501,,,2467,1,8.7,77,1,0,0.25,-0.0102,-0.0002,0.0006,0.0121,-0.012,0.0501,-0.0213,-0.0534,-0.0011,-0.0095,0.0026,-0.0008,0.0848
Langston Galloway,PHO,2020,1620564,0.014848,0.0415,0.0266,4529310,1620564,-0.3272,-1.3021,0.199,,,1702,0.9388,15.9,73,1,0,0.25,-0.0149,-0.0006,-0.0013,0.0121,-0.012,0.0187,-0.0175,-0.0159,-0.0042,-0.0095,0.0026,-0.0008,0.0848
JaVale McGee,,2020,4200000,0.038482683,0.0411,0.0026,4485654,4200000,0.2213,0.6605,0.7305,,,1130,0.9333,14.8,84,1,0,0.25,0.008,0.0003,-0.0052,0.0121,-0.012,-0.0047,-0.0172,-0.0216,0.0044,-0.0095,0.0026,-0.0008,0.0848
Terence Davis,SAC,2020,1517981,0.013909,0.0399,0.026,4354686,1517981,-0.0105,-0.3297,0.4964,,,1209,1,19,76,0,0,0.25,-0.0016,-0.0002,-0.0035,0.0121,-0.012,-0.0015,-0.0213,0.0003,-0.0019,-0.0171,0.0026,-0.0008,0.0848
Delon Wright,SAC,2020,9000000,0.082463,0.0393,-0.0432,4289202,9000000,-0.1576,0.4648,0.7559,,,1570,0.8578,14.4,76,1,0,0.25,-0.0078,0.0002,-0.0054,0.0121,-0.012,0.0133,-0.0126,-0.0237,-0.0019,-0.0095,0.0026,-0.0008,0.0848
Shaquille Harrison,UTA,2020,770433,0.007059,0.0391,0.032,4267374,770433,0.3853,0.8265,1.7091,,,484,0.7071,18.1,76,1,0,0.25,0.0149,0.0004,-0.0125,0.0121,-0.012,-0.0312,-0.0034,-0.0044,-0.0019,-0.0095,0.0026,-0.0008,0.0848
Keldon Johnson,,2020,2048040,0.018765256,0.0391,0.0203,4267374,2048040,0.08,-0.1459,1.4929,,,301,0.2361,17.4,78,0,0,0.25,0.0021,-0.0001,-0.0109,0.0121,-0.012,-0.0387,0.0255,-0.008,-0.0003,-0.0171,0.0026,-0.0008,0.0848
Mike Muscala,OKC,2020,2283034,0.020918,0.0391,0.0182,4267374,2283034,-0.1519,0.0083,-0.6067,,,572,0.6229,16.6,82,1,0,0.25,-0.0076,0,0.0048,0.0121,-0.012,-0.0276,0.0018,-0.0122,0.0028,-0.0095,0.0026,-0.0008,0.0848
T.J. McConnell,,2020,3500000,0.032068902,0.0387,0.0066,4223718,3500000,-0.1463,0.4292,0.539,,,1326,0.9639,17.5,73,1,0,0.25,-0.0073,0.0002,-0.0038,0.0121,-0.012,0.0033,-0.0191,-0.0075,-0.0042,-0.0095,0.0026,-0.0008,0.0848
P.J. Washington,,2020,4023600,0.03686641,0.0385,0.0017,4201890,4023600,-0.9493,-1.4918,-0.0013,,,1759,0.8056,18.6,79,0,0,0.25,-0.0409,-0.0007,0.0002,0.0121,-0.012,0.021,-0.0094,-0.0018,0.0005,-0.0171,0.0026,-0.0008,0.0848
Miye Oni,UTA,2020,1517981,0.013909,0.0381,0.0242,4158234,1517981,0.0177,-0.3593,-0.5702,,,109,0.1389,15.3,77,0,0,0.25,-0.0005,-0.0002,0.0045,0.0121,-0.012,-0.0466,0.0314,-0.019,-0.0011,-0.0171,0.0026,-0.0008,0.0848
Denzel Valentine,CHI,2020,4642800,0.04254,0.0374,-0.0052,4081836,4642800,-0.627,-0.6084,-0.0091,,,488,,23.3,76,1,0,0.25,-0.0274,-0.0003,0.0003,0.0121,-0.012,-0.0311,-0.0022,0.0227,-0.0019,-0.0095,0.0026,-0.0008,0.0848
Wayne Ellington,DET,2020,2564753,0.0235,0.0374,0.0139,4081836,2564753,-0.118,-0.3119,-0.529,,,558,0.4405,15,76,1,0,0.25,-0.0061,-0.0002,0.0042,0.0121,-0.012,-0.0282,0.013,-0.0206,-0.0019,-0.0095,0.0026,-0.0008,0.0848
Mike Scott,PHI,2020,5005350,0.045862,0.0368,-0.0091,4016352,5005350,-0.0558,0.026,-0.0761,,,1207,0.8281,14,79,1,0,0.25,-0.0035,0,0.0008,0.0121,-0.012,-0.0016,-0.0108,-0.0258,0.0005,-0.0095,0.0026,-0.0008,0.0848
JaMychal Green,DEN,2020,7199760,0.065968,0.0367,-0.0292,4005438,7199760,-0.2537,-0.0925,0.1281,,,1307,0.7344,13.7,81,1,0,0.25,-0.0118,-0.0001,-0.0007,0.0121,-0.012,0.0025,-0.005,-0.0273,0.002,-0.0095,0.0026,-0.0008,0.0848
David Nwaba,HOU,2020,1824003,0.016713,0.0361,0.0194,3939954,1824003,0.4193,-0.2585,0.8797,,,268,0.4068,14.2,77,1,0,0.25,0.0163,-0.0001,-0.0063,0.0121,-0.012,-0.0401,0.015,-0.0247,-0.0011,-0.0095,0.0026,-0.0008,0.0848
Nic Claxton,,2020,1517981,0.013908567,0.0356,0.0217,3885384,1517981,,-0.5194,-0.9835,,,187,0.2083,14.8,83,0,0,0.25,-0.007,-0.0003,0.0076,0.0121,-0.012,-0.0434,0.0272,-0.0216,0.0036,-0.0171,0.0026,-0.0008,0.0848
Bismack Biyombo,,2020,3500000,0.032068902,0.0346,0.0026,3776244,3500000,-0.5591,-0.2763,-0.5517,,,1029,0.707,16.8,80,1,0,0.25,-0.0246,-0.0001,0.0043,0.0121,-0.012,-0.0089,-0.0034,-0.0112,0.0013,-0.0095,0.0026,-0.0008,0.0848
Landry Shamet,,2020,2090040,0.019150082,0.0337,0.0146,3678018,2090040,-0.4064,-0.4779,0.0423,,,1452,0.707,13.4,77,1,0,0.25,-0.0182,-0.0002,-0.0001,0.0121,-0.012,0.0085,-0.0034,-0.0289,-0.0011,-0.0095,0.0026,-0.0008,0.0848
PJ Dozier,DEN,2020,1762796,0.016152,0.0337,0.0175,3678018,1762796,-1.0511,-0.5728,-0.4906,,,412,0.2792,20.8,78,1,0,0.25,-0.0452,-0.0003,0.0039,0.0121,-0.012,-0.0342,0.0228,0.0097,-0.0003,-0.0095,0.0026,-0.0008,0.0848
Jake Layman,MIN,2020,3761085,0.034461,0.0331,-0.0014,3612533,3761085,-0.4064,-0.9522,-0.2851,,,505,0.5243,17.7,80,1,0,0.25,-0.0182,-0.0005,0.0024,0.0121,-0.012,-0.0304,0.0078,-0.0065,0.0013,-0.0095,0.0026,-0.0008,0.0848
Kevin Porter Jr.,,2020,1717981,0.015741076,0.0319,0.0161,3481565,1717981,-1.0115,-1.5036,-0.7065,,,1162,0.6944,20.5,77,0,0,0.25,-0.0435,-0.0007,0.0055,0.0121,-0.012,-0.0034,-0.0026,0.0081,-0.0011,-0.0171,0.0026,-0.0008,0.0848
Tony Bradley,,2020,3542060,0.032454279,0.0316,-0.0008,3448824,3542060,-0.2933,0.3581,0.4343,,,663,0.5172,15.8,82,1,0,0.25,-0.0135,0.0002,-0.003,0.0121,-0.012,-0.0239,0.0083,-0.0164,0.0028,-0.0095,0.0026,-0.0008,0.0848
Henry Ellenson,TOR,2020,160998,0.001475,0.0311,0.0296,3394254,160998,-1.3904,0.0972,-3.9705,,,15,0.0694,19.5,82,0,0,0.25,-0.0593,0,0.0299,0.0121,-0.012,-0.0505,0.0357,0.0029,0.0028,-0.0171,0.0026,-0.0008,0.0848
Cameron Payne,,2020,1977011,0.018114449,0.0305,0.0124,3328770,1977011,-0.3555,0.0438,1.5602,,,183,0.2112,19.1,74,1,0,0.25,-0.0161,0,-0.0114,0.0121,-0.012,-0.0436,0.027,0.0008,-0.0034,-0.0095,0.0026,-0.0008,0.0848
Rodney Hood,TOR,2020,10047450,0.09206,0.0305,-0.0616,3328770,10047450,-0.2141,-0.9937,0.2263,,,619,0.3881,13.9,80,1,0,0.25,-0.0102,-0.0005,-0.0015,0.0121,-0.012,-0.0257,0.0162,-0.0263,0.0013,-0.0095,0.0026,-0.0008,0.0848
Jarred Vanderbilt,,2020,1663861,0.015245199,0.03,0.0147,3274200,1663861,-0.4121,-0.6617,-1.4318,,,41,0.1559,14.8,80,1,0,0.25,-0.0184,-0.0003,0.0109,0.0121,-0.012,-0.0494,0.0304,-0.0216,0.0013,-0.0095,0.0026,-0.0008,0.0848
Meyers Leonard,OKC,2020,9400000,0.086128,0.029,-0.0572,3165060,9400000,-0.1802,-0.1222,-0.5478,,,1034,0.7217,12.2,84,1,0,0.25,-0.0087,-0.0001,0.0043,0.0121,-0.012,-0.0087,-0.0043,-0.0352,0.0044,-0.0095,0.0026,-0.0008,0.0848
Jahlil Okafor,DET,2020,1882867,0.017252,0.0287,0.0115,3132318,1882867,-0.8419,-0.1755,-0.5979,,,467,0.5302,19.9,82,1,0,0.25,-0.0364,-0.0001,0.0047,0.0121,-0.012,-0.0319,0.0075,0.005,0.0028,-0.0095,0.0026,-0.0008,0.0848
Royce O'Neale,,2020,8500000,0.07788162,0.0274,-0.0504,2990436,8500000,-0.1802,0.198,0.592,,,2049,0.9913,9.6,78,1,0,0.25,-0.0087,0.0001,-0.0042,0.0121,-0.012,0.0329,-0.0208,-0.0487,-0.0003,-0.0095,0.0026,-0.0008,0.0848
Jordan Poole,,2020,2063280,0.018904893,0.0274,0.0085,2990436,2063280,-1.2547,-1.3554,-1.3242,,,1274,0.7917,21.1,76,0,0,0.25,-0.0537,-0.0006,0.0101,0.0121,-0.012,0.0012,-0.0085,0.0113,-0.0019,-0.0171,0.0026,-0.0008,0.0848
Andre Iguodala,MIA,2020,15000000,0.137438,0.0273,-0.1102,2979522,15000000,0.1422,0.0853,-0.2919,,,418,0.4933,12.7,78,1,0,0.25,0.0047,0,0.0024,0.0121,-0.012,-0.0339,0.0097,-0.0326,-0.0003,-0.0095,0.0026,-0.0008,0.0848
Frank Ntilikina,NYK,2020,6176578,0.056593,0.0269,-0.0297,2935866,6176578,-0.6439,-0.7447,-0.4213,,,1187,0.6914,15.4,76,1,0,0.25,-0.0281,-0.0004,0.0034,0.0121,-0.012,-0.0024,-0.0024,-0.0185,-0.0019,-0.0095,0.0026,-0.0008,0.0848
Grayson Allen,,2020,2545320,0.023321605,0.0268,0.0035,2924952,2545320,-0.7061,-0.8396,-0.368,,,718,0.5036,17.6,75,1,0,0.25,-0.0307,-0.0004,0.003,0.0121,-0.012,-0.0216,0.0091,-0.007,-0.0027,-0.0095,0.0026,-0.0008,0.0848
Jerian Grant,HOU,2020,50000,0.000458,0.0267,0.0263,2914038,50000,-0.5252,-0.2467,-1.5345,,,80,0.3265,17.2,76,1,0,0.25,-0.0232,-0.0001,0.0117,0.0121,-0.012,-0.0478,0.0199,-0.0091,-0.0019,-0.0095,0.0026,-0.0008,0.0848
Talen Horton-Tucker,LAL,2020,1517981,0.013909,0.0265,0.0126,2892210,1517981,-0.5817,-0.7507,0.8814,,,81,0.0833,19.7,76,0,0,0.25,-0.0255,-0.0004,-0.0064,0.0121,-0.012,-0.0477,0.0348,0.004,-0.0019,-0.0171,0.0026,-0.0008,0.0848
Dylan Windler,CLE,2020,2137440,0.019584,0.0246,0.005,2684844,2137440,-0.8532,,,,,,,,79,0,0,0.25,-0.0369,-0.0001,0,0.0121,-0.012,-0.0014,-0.0022,-0.0049,0.0005,-0.0171,0.0026,-0.0008,0.0848
Brad Wanamaker,CHO,2020,2250000,0.020616,0.0238,0.0032,2597532,2250000,-0.6439,-0.7032,0.2285,,,1369,0.781,15.5,75,1,0,0.25,-0.0281,-0.0003,-0.0015,0.0121,-0.012,0.0051,-0.0079,-0.018,-0.0027,-0.0095,0.0026,-0.0008,0.0848
Rodions Kurucs,MIL,2020,1780152,0.016311,0.0237,0.0074,2586618,1780152,-0.2311,-0.9641,-0.4662,,,684,0.6961,14.7,81,1,0,0.25,-0.0109,-0.0005,0.0037,0.0121,-0.012,-0.023,-0.0027,-0.0221,0.002,-0.0095,0.0026,-0.0008,0.0848
Sindarius Thornwell,NOP,2020,943480,0.008645,0.0234,0.0148,2553876,943480,-0.2707,0.0498,0.3111,,,35,0.31,17.3,76,1,0,0.25,-0.0125,0,-0.0021,0.0121,-0.012,-0.0496,0.0209,-0.0086,-0.0019,-0.0095,0.0026,-0.0008,0.0848
Georges Niang,,2020,1783557,0.016341919,0.0232,0.0069,2532048,1783557,-0.5082,-0.1578,-0.3534,,,923,0.8427,17.2,78,1,0,0.25,-0.0225,-0.0001,0.0029,0.0121,-0.012,-0.0132,-0.0117,-0.0091,-0.0003,-0.0095,0.0026,-0.0008,0.0848
Wes Iwundu,NOP,2020,1678854,0.015383,0.0231,0.0078,2521134,1678854,-0.1915,-0.5846,-0.2211,,,953,0.7624,13.7,78,1,0,0.25,-0.0092,-0.0003,0.0019,0.0121,-0.012,-0.012,-0.0067,-0.0273,-0.0003,-0.0095,0.0026,-0.0008,0.0848
Robert Franks,ORL,2020,198040,0.001815,0.0229,0.0211,2499306,198040,-0.8928,,,,,,,,79,0,0,0.25,-0.0385,-0.0001,0,0.0121,-0.012,-0.0014,-0.0022,-0.0049,0.0005,-0.0171,0.0026,-0.0008,0.0848
Rui Hachimura,,2020,4692840,0.042998351,0.0226,-0.0204,2466564,4692840,-1.3678,-0.8574,-0.3765,,,1444,0.6667,19,80,0,0,0.25,-0.0584,-0.0004,0.003,0.0121,-0.012,0.0081,-0.0009,0.0003,0.0013,-0.0171,0.0026,-0.0008,0.0848
Drew Eubanks,,2020,1620564,0.014848488,0.0224,0.0075,2444736,1620564,-0.4743,-0.3,-0.8085,,,272,0.3056,15.8,82,0,0,0.25,-0.021,-0.0002,0.0063,0.0121,-0.012,-0.0399,0.0212,-0.0164,0.0028,-0.0171,0.0026,-0.0008,0.0848
Maurice Harkless,SAC,2020,3623000,0.033196,0.0223,-0.0109,2433822,3623000,0.0347,-1.3969,0.3141,,,1141,0.7084,10.3,79,1,0,0.25,0.0002,-0.0007,-0.0021,0.0121,-0.012,-0.0043,-0.0034,-0.0451,0.0005,-0.0095,0.0026,-0.0008,0.0848
Trevor Ariza,MIA,2020,12800000,0.117281,0.0219,-0.0954,2390166,12800000,-0.1689,-0.5491,0.013,,,791,0.4744,11.2,80,1,0,0.25,-0.0083,-0.0003,0.0001,0.0121,-0.012,-0.0186,0.0109,-0.0404,0.0013,-0.0095,0.0026,-0.0008,0.0848
Thanasis Antetokounmpo,,2020,1701593,0.01559092,0.0218,0.0062,2379252,1701593,-0.955,-0.4127,-0.2461,,,129,0.2778,21.6,79,0,0,0.25,-0.0411,-0.0002,0.0021,0.0121,-0.012,-0.0458,0.0229,0.0139,0.0005,-0.0171,0.0026,-0.0008,0.0848
Yogi Ferrell,CLE,2020,110998,0.001017,0.0216,0.0205,2357424,110998,-0.4856,-0.1518,-0.7068,,,530,0.7587,19.2,72,1,0,0.25,-0.0215,-0.0001,0.0055,0.0121,-0.012,-0.0293,-0.0065,0.0014,-0.005,-0.0095,0.0026,-0.0008,0.0848
Reggie Bullock,NYK,2020,4200000,0.038483,0.021,-0.0175,2291940,4200000,-0.6722,,-0.2097,,,684,0.453,15.6,78,1,0,0.25,-0.0293,-0.0001,0.0018,0.0121,-0.012,-0.023,0.0122,-0.0174,-0.0003,-0.0095,0.0026,-0.0008,0.0848
Edmond Sumner,IND,2020,2160000,0.019791,0.0205,0.0007,2237370,2160000,-0.7627,-1.2013,-0.3914,,,447,0.3743,17.3,76,1,0,0.25,-0.0331,-0.0006,0.0031,0.0121,-0.012,-0.0327,0.017,-0.0086,-0.0019,-0.0095,0.0026,-0.0008,0.0848
Jalen Lecque,IND,2020,1517981,0.013909,0.0204,0.0065,2226456,1517981,-1.0624,-0.2052,-2.937,,,32,0.0694,17.1,76,0,0,0.25,-0.0456,-0.0001,0.0222,0.0121,-0.012,-0.0498,0.0357,-0.0096,-0.0019,-0.0171,0.0026,-0.0008,0.0848
Dwayne Bacon,ORL,2020,1678854,0.015383,0.0204,0.005,2226456,1678854,-1.2264,-1.391,-1.2409,,,687,0.5352,19.5,78,1,0,0.25,-0.0525,-0.0007,0.0095,0.0121,-0.012,-0.0229,0.0072,0.0029,-0.0003,-0.0095,0.0026,-0.0008,0.0848
Solomon Hill,ATL,2020,1620564,0.014848,0.02,0.0051,2182800,1620564,-0.3781,-1.1123,-0.1863,,,901,0.6179,13.4,78,1,0,0.25,-0.017,-0.0005,0.0016,0.0121,-0.012,-0.0141,0.0021,-0.0289,-0.0003,-0.0095,0.0026,-0.0008,0.0848
Jerome Robinson,WAS,2020,3737520,0.034245,0.02,-0.0142,2182800,3737520,-0.9889,-0.97,-0.553,,,503,0.3332,17.7,77,1,0,0.25,-0.0426,-0.0005,0.0044,0.0121,-0.012,-0.0304,0.0195,-0.0065,-0.0011,-0.0095,0.0026,-0.0008,0.0848
Gary Payton II,,2020,233894,0.002143064,0.0194,0.0173,2117316,233894,-0.3612,-0.306,-0.0709,,,432,0.2655,13.4,74,1,0,0.25,-0.0163,-0.0002,0.0008,0.0121,-0.012,-0.0334,0.0237,-0.0289,-0.0034,-0.0095,0.0026,-0.0008,0.0848
Anfernee Simons,,2020,2252040,0.020634415,0.0193,-0.0014,2106402,2252040,-1.5884,-2.476,-1.2201,,,1449,0.6991,18.7,75,1,0,0.25,-0.0676,-0.0012,0.0093,0.0121,-0.012,0.0083,-0.0029,-0.0013,-0.0027,-0.0095,0.0026,-0.0008,0.0848
Matisse Thybulle,,2020,2711280,0.024842221,0.0188,-0.006,2051832,2711280,0.2609,-0.1696,0.7263,,,1287,0.9028,11.2,77,0,0,0.25,0.0097,-0.0001,-0.0052,0.0121,-0.012,0.0017,-0.0153,-0.0404,-0.0011,-0.0171,0.0026,-0.0008,0.0848
Jordan Bell,LAL,2020,580062,0.005315,0.0185,0.0132,2019090,580062,-0.4234,-0.217,-1.2917,,,235,0.5454,15.9,80,1,0,0.25,-0.0189,-0.0001,0.0099,0.0121,-0.012,-0.0414,0.0065,-0.0159,0.0013,-0.0095,0.0026,-0.0008,0.0848
JaKarr Sampson,IND,2020,1620564,0.014848,0.0181,0.0032,1975434,1620564,-0.3951,-0.472,0.1125,,,471,0.3134,13.2,79,1,0,0.25,-0.0177,-0.0002,-0.0006,0.0121,-0.012,-0.0318,0.0207,-0.03,0.0005,-0.0095,0.0026,-0.0008,0.0848
Trey Lyles,SAS,2020,5500000,0.050394,0.0181,-0.0323,1975434,5500000,-0.5591,-0.0866,-0.2152,,,1271,0.8396,13.6,81,1,0,0.25,-0.0246,-0.0001,0.0018,0.0121,-0.012,0.001,-0.0115,-0.0279,0.002,-0.0095,0.0026,-0.0008,0.0848
Jared Harper,NYK,2020,99020,0.000907,0.0176,0.0167,1920864,99020,-0.8532,-0.0273,,,,,,,70,0,0,0.25,-0.0369,0,0,0.0121,-0.012,-0.0014,-0.0022,-0.0049,-0.0066,-0.0171,0.0026,-0.0008,0.0848
Justin Anderson,PHI,2020,125000,0.001145,0.0171,0.016,1866294,125000,-0.921,-0.0095,-1.9932,,,107,0.3063,17.1,78,1,0,0.25,-0.0397,0,0.0151,0.0121,-0.012,-0.0467,0.0212,-0.0096,-0.0003,-0.0095,0.0026,-0.0008,0.0848
Kelan Martin,IND,2020,801900,0.007347,0.0167,0.0093,1822638,801900,-0.8306,-0.8455,-1.003,,,495,0.4306,17.8,77,0,0,0.25,-0.0359,-0.0004,0.0077,0.0121,-0.012,-0.0308,0.0136,-0.006,-0.0011,-0.0171,0.0026,-0.0008,0.0848
Mychal Mulder,GSW,2020,1517981,0.013909,0.0166,0.0027,1811724,1517981,-0.7514,-0.5728,-0.7204,,,204,0.0972,16.2,75,0,0,0.25,-0.0326,-0.0003,0.0056,0.0121,-0.012,-0.0427,0.034,-0.0143,-0.0027,-0.0171,0.0026,-0.0008,0.0848
DeAndre' Bembry,TOR,2020,1737145,0.015917,0.0165,0.0006,1800810,1737145,-0.3781,-1.059,-0.3927,,,915,0.7483,14,77,1,0,0.25,-0.017,-0.0005,0.0032,0.0121,-0.012,-0.0136,-0.0059,-0.0258,-0.0011,-0.0095,0.0026,-0.0008,0.0848
Darius Garland,,2020,6720720,0.061578889,0.0165,-0.0451,1800810,6720720,-1.8372,-2.5412,-1.0007,,,1824,0.8194,20.7,73,0,0,0.25,-0.078,-0.0012,0.0077,0.0121,-0.012,0.0237,-0.0102,0.0092,-0.0042,-0.0171,0.0026,-0.0008,0.0848
Pat Connaughton,,2020,4938273,0.045247141,0.0164,-0.0289,1789896,4938273,-0.2424,0.3818,0.1661,,,1243,0.8606,12.3,77,1,0,0.25,-0.0113,0.0002,-0.001,0.0121,-0.012,-0.0001,-0.0128,-0.0346,-0.0011,-0.0095,0.0026,-0.0008,0.0848
Matthew Dellavedova,CLE,2020,1620564,0.014848,0.0155,0.0007,1691670,1620564,-0.3725,-0.4898,-0.8954,,,821,0.6594,13,75,1,0,0.25,-0.0168,-0.0002,0.0069,0.0121,-0.012,-0.0174,-0.0004,-0.031,-0.0027,-0.0095,0.0026,-0.0008,0.0848
Khem Birch,ORL,2020,2586036,0.023695,0.015,-0.0087,1637100,2586036,-0.2594,-0.9819,-0.9792,,,922,0.6453,10.2,80,1,0,0.25,-0.0121,-0.0005,0.0075,0.0121,-0.012,-0.0133,0.0004,-0.0456,0.0013,-0.0095,0.0026,-0.0008,0.0848
Caleb Martin,,2020,1517981,0.013908567,0.0147,0.0008,1604358,1517981,-0.3951,-0.4898,0.264,,,317,0.25,15,77,0,0,0.25,-0.0177,-0.0002,-0.0017,0.0121,-0.012,-0.0381,0.0246,-0.0206,-0.0011,-0.0171,0.0026,-0.0008,0.0848
Joakim Noah,NYK,2020,6431667,0.05893,0.0143,-0.0446,1560702,6431667,-0.7174,-0.3119,-1.3843,,,50,0.2355,14.7,83,1,0,0.25,-0.0312,-0.0002,0.0106,0.0121,-0.012,-0.049,0.0255,-0.0221,0.0036,-0.0095,0.0026,-0.0008,0.0848
Gary Clark,DEN,2020,2000000,0.018325,0.0133,-0.0051,1451562,2000000,0.0121,-1.225,-0.9656,,,355,0.4416,10.1,78,1,0,0.25,-0.0007,-0.0006,0.0074,0.0121,-0.012,-0.0365,0.0129,-0.0461,-0.0003,-0.0095,0.0026,-0.0008,0.0848
Abdel Nader,PHO,2020,1752950,0.016061,0.0131,-0.003,1429734,1752950,-0.8023,-1.2605,-0.5543,,,867,0.7564,17,77,1,0,0.25,-0.0348,-0.0006,0.0044,0.0121,-0.012,-0.0155,-0.0064,-0.0101,-0.0011,-0.0095,0.0026,-0.0008,0.0848
Marko Guduric,MEM,2020,2750000,0.025197,0.0124,-0.0128,1353336,2750000,-0.6496,-0.9345,-0.9913,,,484,0.6111,17.6,78,0,0,0.25,-0.0284,-0.0004,0.0076,0.0121,-0.012,-0.0312,0.0025,-0.007,-0.0003,-0.0171,0.0026,-0.0008,0.0848
Nickeil Alexander-Walker,,2020,3113160,0.028524464,0.0116,-0.017,1266024,3113160,-1.4187,-1.136,-1.082,,,591,0.6528,23.3,77,0,0,0.25,-0.0605,-0.0005,0.0083,0.0121,-0.012,-0.0268,0,0.0227,-0.0011,-0.0171,0.0026,-0.0008,0.0848
Jaylen Nowell,MIN,2020,1517981,0.013909,0.0114,-0.0025,1244196,1517981,-0.7966,-0.2585,-0.5923,,,151,0.2083,17.3,76,0,0,0.25,-0.0345,-0.0001,0.0046,0.0121,-0.012,-0.0449,0.0272,-0.0086,-0.0019,-0.0171,0.0026,-0.0008,0.0848
Matt Thomas,UTA,2020,1517981,0.013909,0.0109,-0.003,1189626,1517981,-0.2876,-1.1835,0.3033,,,440,0.5694,16.6,75,0,0,0.25,-0.0132,-0.0006,-0.002,0.0121,-0.012,-0.033,0.0051,-0.0122,-0.0027,-0.0171,0.0026,-0.0008,0.0848
Darius Bazley,OKC,2020,2399160,0.021982,0.0103,-0.0116,1124142,2399160,-0.6835,-1.1538,-0.7468,,,1130,0.8472,15.1,81,0,0,0.25,-0.0298,-0.0006,0.0058,0.0121,-0.012,-0.0047,-0.0119,-0.02,0.002,-0.0171,0.0026,-0.0008,0.0848
Rajon Rondo,LAC,2020,8250000,0.075591,0.0101,-0.0655,1102314,8250000,-1.266,-0.2585,-0.2234,,,984,0.627,18.7,73,1,0,0.25,-0.0541,-0.0001,0.0019,0.0121,-0.012,-0.0107,0.0015,-0.0013,-0.0042,-0.0095,0.0026,-0.0008,0.0848
Tony Snell,ATL,2020,12178571,0.111587,0.0097,-0.1019,1058658,12178571,-0.7683,-1.1775,-0.2367,,,1641,0.8506,11.4,78,1,0,0.25,-0.0333,-0.0006,0.002,0.0121,-0.012,0.0162,-0.0121,-0.0393,-0.0003,-0.0095,0.0026,-0.0008,0.0848
Damyean Dotson,CLE,2020,2000000,0.018325,0.0093,-0.009,1015001,2000000,-0.7457,-1.2843,-0.2084,,,836,0.7505,16.5,77,1,0,0.25,-0.0324,-0.0006,0.0018,0.0121,-0.012,-0.0168,-0.006,-0.0127,-0.0011,-0.0095,0.0026,-0.0008,0.0848
Tyler Johnson,BRK,2020,1620564,0.014848,0.0085,-0.0063,927690,1620564,-1.1699,-1.0945,-1.5849,,,515,0.4703,17.3,75,1,0,0.25,-0.0501,-0.0005,0.0121,0.0121,-0.012,-0.03,0.0111,-0.0086,-0.0027,-0.0095,0.0026,-0.0008,0.0848
Robin Lopez,WAS,2020,7300000,0.066887,0.0079,-0.059,862206,7300000,-0.9946,-0.8455,-1.1262,,,958,0.9113,16.6,85,1,0,0.25,-0.0428,-0.0004,0.0086,0.0121,-0.012,-0.0118,-0.0159,-0.0122,0.0052,-0.0095,0.0026,-0.0008,0.0848
Kenrich Williams,,2020,2000000,0.018325087,0.0073,-0.011,796722,2000000,-0.2311,-0.0155,-0.4493,,,832,0.5489,8.9,79,1,0,0.25,-0.0109,0,0.0036,0.0121,-0.012,-0.017,0.0063,-0.0524,0.0005,-0.0095,0.0026,-0.0008,0.0848
Frank Jackson,OKC,2020,250000,0.002291,0.0064,0.0041,698496,250000,-1.5092,,-1.4919,,,797,0.7911,21.2,75,1,0,0.25,-0.0643,-0.0001,0.0114,0.0121,-0.012,-0.0184,-0.0085,0.0118,-0.0027,-0.0095,0.0026,-0.0008,0.0848
Justin Jackson,OKC,2020,5029650,0.046084,0.0063,-0.0398,687582,5029650,-0.9323,-0.8277,-0.5511,,,1045,0.802,15.4,80,1,0,0.25,-0.0402,-0.0004,0.0043,0.0121,-0.012,-0.0082,-0.0092,-0.0185,0.0013,-0.0095,0.0026,-0.0008,0.0848
Torrey Craig,PHO,2020,1620564,0.014848,0.0059,-0.0089,643926,1620564,-0.5195,-0.7447,-0.6749,,,1072,0.8465,12.6,77,1,0,0.25,-0.0229,-0.0004,0.0053,0.0121,-0.012,-0.0071,-0.0119,-0.0331,-0.0011,-0.0095,0.0026,-0.0008,0.0848
Daniel Gafford,,2020,1517981,0.013908567,0.0053,-0.0086,578442,1517981,-0.3725,-0.3416,-0.238,,,609,0.5972,13.3,82,0,0,0.25,-0.0168,-0.0002,0.002,0.0121,-0.012,-0.0261,0.0034,-0.0294,0.0028,-0.0171,0.0026,-0.0008,0.0848
Nicolas Batum,,2020,8856969,0.081152364,0.0051,-0.076,556614,8856969,0.0291,-0.4957,-0.053,,,505,0.534,9.4,79,1,0,0.25,0,-0.0002,0.0006,0.0121,-0.012,-0.0304,0.0072,-0.0498,0.0005,-0.0095,0.0026,-0.0008,0.0848
Hamidou Diallo,DET,2020,1663861,0.015245,0.0049,-0.0103,534786,1663861,-1.3678,-1.5866,-0.5013,,,896,0.6325,18.4,77,1,0,0.25,-0.0584,-0.0008,0.004,0.0121,-0.012,-0.0143,0.0012,-0.0028,-0.0011,-0.0095,0.0026,-0.0008,0.0848
Thon Maker,CLE,2020,309355,0.002834,0.0043,0.0015,469302,309355,-1.1359,-0.555,-0.7617,,,776,0.6535,16.1,84,1,0,0.25,-0.0487,-0.0003,0.0059,0.0121,-0.012,-0.0193,-0.0001,-0.0148,0.0044,-0.0095,0.0026,-0.0008,0.0848
DeMarre Carroll,SAS,2020,6119676,0.056072,0.0039,-0.0521,425646,6119676,-0.5478,-0.5787,-0.5072,,,155,0.3845,14.3,78,1,0,0.25,-0.0241,-0.0003,0.004,0.0121,-0.012,-0.0447,0.0164,-0.0242,-0.0003,-0.0095,0.0026,-0.0008,0.0848
Oshae Brissett,IND,2020,955493,0.008755,0.0039,-0.0048,425646,955493,-0.7231,-0.9048,-1.0543,,,135,0.2639,15,79,0,0,0.25,-0.0314,-0.0004,0.0081,0.0121,-0.012,-0.0455,0.0238,-0.0206,0.0005,-0.0171,0.0026,-0.0008,0.0848
Khyri Thomas,ATL,2020,744684,0.006823,0.0035,-0.0033,381990,744684,-1.0624,-0.4068,-1.6379,,,61,0.1883,15.6,75,1,0,0.25,-0.0456,-0.0002,0.0125,0.0121,-0.012,-0.0486,0.0284,-0.0174,-0.0027,-0.0095,0.0026,-0.0008,0.0848
Justin James,SAC,2020,1517981,0.013909,0.0026,-0.0113,283764,1517981,-0.9267,-0.0392,-0.7448,,,232,0.5,18.9,78,0,0,0.25,-0.04,0,0.0058,0.0121,-0.012,-0.0416,0.0093,-0.0002,-0.0003,-0.0171,0.0026,-0.0008,0.0848
Quinn Cook,CLE,2020,221996,0.002034,0.0024,0.0004,261935,221996,-1.2717,-1.4147,-1.0712,,,508,0.7204,21,73,1,0,0.25,-0.0544,-0.0007,0.0082,0.0121,-0.012,-0.0302,-0.0042,0.0107,-0.0042,-0.0095,0.0026,-0.0008,0.0848
Paul Watson,TOR,2020,1445697,0.013246,0.002,-0.0112,218280,1445697,-0.6496,-0.306,1.067,,,70,0.1111,15.9,78,0,0,0.25,-0.0284,-0.0002,-0.0077,0.0121,-0.012,-0.0482,0.0331,-0.0159,-0.0003,-0.0171,0.0026,-0.0008,0.0848
Jontay Porter,MEM,2020,1900000,0.017409,0.0019,-0.0155,207366,1900000,-1.4696,,,,,,,,83,0,0,0.25,-0.0627,-0.0001,0,0.0121,-0.012,-0.0014,-0.0022,-0.0049,0.0036,-0.0171,0.0026,-0.0008,0.0848
Anthony Tolliver,PHI,2020,485498,0.004448,0.0015,-0.003,163710,485498,-0.5421,-1.0234,-1.5739,,,554,0.5837,11.2,80,1,0,0.25,-0.0239,-0.0005,0.012,0.0121,-0.012,-0.0284,0.0042,-0.0404,0.0013,-0.0095,0.0026,-0.0008,0.0848
Josh Gray,OKC,2020,1620564,0.014848,0.0013,-0.0135,141882,1620564,-1.3113,-0.2408,-5.1214,,,23,0.0278,12.5,72,0,0,0.25,-0.056,-0.0001,0.0385,0.0121,-0.012,-0.0501,0.0382,-0.0336,-0.005,-0.0171,0.0026,-0.0008,0.0848
Goga Bitadze,,2020,2957520,0.027098406,0.0003,-0.0268,32741,2957520,-0.8815,-0.4364,-1.118,,,471,0.75,17.9,83,0,0,0.25,-0.0381,-0.0002,0.0086,0.0121,-0.012,-0.0318,-0.006,-0.0054,0.0036,-0.0171,0.0026,-0.0008,0.0848
Rayjon Tucker,CLE,2020,340000,0.003115,-0.0007,-0.0039,-76398,340000,-1.0059,-0.3831,-1.2533,,,161,0.2778,16.6,75,0,0,0.25,-0.0433,-0.0002,0.0096,0.0121,-0.012,-0.0445,0.0229,-0.0122,-0.0027,-0.0171,0.0026,-0.0008,0.0848
Noah Vonleh,BRK,2020,263995,0.002419,-0.0007,-0.0031,-76398,263995,-0.6043,-0.3534,-0.4558,,,347,0.5627,13.9,82,1,0,0.25,-0.0265,-0.0002,0.0036,0.0121,-0.012,-0.0368,0.0055,-0.0263,0.0028,-0.0095,0.0026,-0.0008,0.0848
Alize Johnson,BRK,2020,621587,0.005695,-0.0007,-0.0064,-76398,621587,-0.9776,-0.1281,-0.2429,,,118,0.2116,15,81,1,0,0.25,-0.0421,-0.0001,0.002,0.0121,-0.012,-0.0462,0.027,-0.0206,0.002,-0.0095,0.0026,-0.0008,0.0848
Ty Jerome,,2020,2303040,0.021101704,-0.0023,-0.0234,-251022,2303040,-1.1473,-0.472,-1.0605,,,328,0.4306,17.9,77,0,0,0.25,-0.0492,-0.0002,0.0081,0.0121,-0.012,-0.0376,0.0136,-0.0054,-0.0011,-0.0171,0.0026,-0.0008,0.0848
Patrick Patterson,LAC,2020,3077704,0.0282,-0.0028,-0.031,-305592,3077704,-0.7401,-0.7091,-0.2006,,,776,0.8003,14.7,80,1,0,0.25,-0.0321,-0.0003,0.0017,0.0121,-0.012,-0.0193,-0.0091,-0.0221,0.0013,-0.0095,0.0026,-0.0008,0.0848
Sterling Brown,HOU,2020,1620564,0.014848,-0.0034,-0.0182,-371076,1620564,-1.1077,-0.3178,-0.2305,,,767,0.7166,17,77,1,0,0.25,-0.0475,-0.0002,0.0019,0.0121,-0.012,-0.0196,-0.0039,-0.0101,-0.0011,-0.0095,0.0026,-0.0008,0.0848
Jacob Evans,NYK,2020,2017320,0.018484,-0.0036,-0.0221,-392904,2017320,-1.5997,-1.2309,-1.8066,,,414,0.3716,17.6,76,1,0,0.25,-0.0681,-0.0006,0.0137,0.0121,-0.012,-0.0341,0.0172,-0.007,-0.0019,-0.0095,0.0026,-0.0008,0.0848
Javonte Green,,2020,1517981,0.013908567,-0.0055,-0.0194,-600270,1517981,-0.463,-0.976,0.1837,,,468,0.6667,15.3,77,0,0,0.25,-0.0206,-0.0005,-0.0011,0.0121,-0.012,-0.0319,-0.0009,-0.019,-0.0011,-0.0171,0.0026,-0.0008,0.0848
KZ Okpala,MIA,2020,1517981,0.013909,-0.0056,-0.0195,-611184,1517981,-0.4573,-0.2704,0.5446,,,26,0.0694,11.7,80,0,0,0.25,-0.0203,-0.0001,-0.0038,0.0121,-0.012,-0.05,0.0357,-0.0378,0.0013,-0.0171,0.0026,-0.0008,0.0848
Ryan Arcidiacono,CHI,2020,3000000,0.027488,-0.006,-0.0335,-654840,3000000,-0.6157,-0.976,-0.9097,,,930,0.8739,12.5,75,1,0,0.25,-0.0269,-0.0005,0.007,0.0121,-0.012,-0.0129,-0.0136,-0.0336,-0.0027,-0.0095,0.0026,-0.0008,0.0848
Luguentz Dort,,2020,1517981,0.013908567,-0.007,-0.0209,-763980,1517981,-0.9946,-0.6736,-0.2185,,,820,0.5,14.1,76,0,0,0.25,-0.0428,-0.0003,0.0019,0.0121,-0.012,-0.0174,0.0093,-0.0253,-0.0019,-0.0171,0.0026,-0.0008,0.0848
Zach Collins,,2020,5406255,0.049535047,-0.0075,-0.0571,-818550,5406255,-0.6835,-0.1993,-0.4259,,,290,0.4476,12.5,81,1,0,0.25,-0.0298,-0.0001,0.0034,0.0121,-0.012,-0.0392,0.0125,-0.0336,0.002,-0.0095,0.0026,-0.0008,0.0848
Taj Gibson,NYK,2020,2442968,0.022384,-0.0078,-0.0302,-851292,2442968,-1.1246,-0.2704,-0.5865,,,1025,0.8583,14.8,81,1,0,0.25,-0.0482,-0.0001,0.0046,0.0121,-0.012,-0.009,-0.0126,-0.0216,0.002,-0.0095,0.0026,-0.0008,0.0848
Patrick McCaw,TOR,2020,4000000,0.03665,-0.0086,-0.0452,-938604,4000000,-0.8532,-1.6815,-0.25,,,908,0.4401,9.4,79,1,0,0.25,-0.0369,-0.0008,0.0021,0.0121,-0.012,-0.0138,0.013,-0.0498,0.0005,-0.0095,0.0026,-0.0008,0.0848
Iman Shumpert,BRK,2020,558153,0.005114,-0.0088,-0.0139,-960432,558153,-0.9776,-1.0412,-0.8515,,,241,0.3049,13.4,77,1,0,0.25,-0.0421,-0.0005,0.0066,0.0121,-0.012,-0.0412,0.0213,-0.0289,-0.0011,-0.0095,0.0026,-0.0008,0.0848
Juan Toscano-Anderson,GSW,2020,358295,0.003283,-0.009,-0.0123,-982259,358295,-0.8984,-0.4661,-0.5553,,,272,0.1806,12.7,78,0,0,0.25,-0.0388,-0.0002,0.0044,0.0121,-0.012,-0.0399,0.0289,-0.0326,-0.0003,-0.0171,0.0026,-0.0008,0.0848
Tim Frazier,MEM,2020,518612,0.004752,-0.0096,-0.0143,-1047743,518612,-1.3452,-0.6558,-1.028,,,355,0.4493,17.3,73,1,0,0.25,-0.0575,-0.0003,0.0079,0.0121,-0.012,-0.0365,0.0124,-0.0086,-0.0042,-0.0095,0.0026,-0.0008,0.0848
Yuta Watanabe,TOR,2020,321893,0.002949,-0.0099,-0.0128,-1080486,321893,-1.0115,-0.1044,-0.1239,,,105,0.25,15.7,81,0,0,0.25,-0.0435,-0.0001,0.0011,0.0121,-0.012,-0.0468,0.0246,-0.0169,0.002,-0.0171,0.0026,-0.0008,0.0848
Grant Williams,,2020,2498760,0.022894997,-0.0102,-0.0331,-1113228,2498760,-0.4007,-0.6261,-0.4239,,,1043,0.9583,11.6,79,0,0,0.25,-0.018,-0.0003,0.0034,0.0121,-0.012,-0.0083,-0.0187,-0.0383,0.0005,-0.0171,0.0026,-0.0008,0.0848
Mario Hezonja,MEM,2020,1977011,0.018114,-0.0114,-0.0296,-1244196,1977011,-1.1529,-1.4088,-0.8219,,,871,0.7253,13.9,80,1,0,0.25,-0.0494,-0.0007,0.0064,0.0121,-0.012,-0.0154,-0.0045,-0.0263,0.0013,-0.0095,0.0026,-0.0008,0.0848
Tyler Cook,BRK,2020,99020,0.000907,-0.0131,-0.014,-1429734,99020,-1.0115,0.1802,1.3294,,,35,0.1528,16.7,80,0,0,0.25,-0.0435,0.0001,-0.0097,0.0121,-0.012,-0.0496,0.0306,-0.0117,0.0013,-0.0171,0.0026,-0.0008,0.0848
John Konchar,,2020,2100000,0.019241341,-0.0142,-0.0335,-1549788,2100000,-0.1576,,1.3485,,,181,0.2639,10.3,77,0,0,0.25,-0.0078,-0.0001,-0.0098,0.0121,-0.012,-0.0436,0.0238,-0.0451,-0.0011,-0.0171,0.0026,-0.0008,0.0848
Zylan Cheatham,OKC,2020,1445697,0.013246,-0.0157,-0.029,-1713497,1445697,-0.8984,-0.3534,-1.5504,,,51,0.0556,10.4,77,0,0,0.25,-0.0388,-0.0002,0.0118,0.0121,-0.012,-0.049,0.0365,-0.0446,-0.0011,-0.0171,0.0026,-0.0008,0.0848
Terrance Ferguson,NYK,2020,3944013,0.036137,-0.0167,-0.0529,-1822638,3944013,-0.9493,-2.0372,-1.2689,,,1257,0.8245,9.1,78,1,0,0.25,-0.0409,-0.001,0.0097,0.0121,-0.012,0.0005,-0.0105,-0.0513,-0.0003,-0.0095,0.0026,-0.0008,0.0848
Sekou Doumbouya,DET,2020,3449400,0.031605,-0.0171,-0.0487,-1866294,3449400,-1.7807,-1.7764,-1.5443,,,754,0.5278,16.9,80,0,0,0.25,-0.0757,-0.0008,0.0118,0.0121,-0.012,-0.0202,0.0076,-0.0106,0.0013,-0.0171,0.0026,-0.0008,0.0848
Alfonzo McKinnie,LAL,2020,1762796,0.016152,-0.0171,-0.0333,-1866294,1762796,-1.2264,-1.2783,-0.7861,,,593,0.6765,15.2,79,1,0,0.25,-0.0525,-0.0006,0.0061,0.0121,-0.012,-0.0268,-0.0015,-0.0195,0.0005,-0.0095,0.0026,-0.0008,0.0848
Norvel Pelle,BRK,2020,217845,0.001996,-0.0205,-0.0225,-2237370,217845,-1.3339,-0.5965,-2.0287,,,232,0.3333,13.4,82,0,0,0.25,-0.057,-0.0003,0.0154,0.0121,-0.012,-0.0416,0.0195,-0.0289,0.0028,-0.0171,0.0026,-0.0008,0.0848
Nassir Little,,2020,2210640,0.020255085,-0.0224,-0.0426,-2444736,2210640,-0.9832,-0.6736,-0.8862,,,573,0.6667,13.7,78,0,0,0.25,-0.0423,-0.0003,0.0068,0.0121,-0.012,-0.0276,-0.0009,-0.0273,-0.0003,-0.0171,0.0026,-0.0008,0.0848
Vincent Poirier,NYK,2020,2619207,0.023999,-0.0224,-0.0464,-2444736,2619207,-1.4753,-0.8277,-1.3014,,,130,0.3056,15.4,84,0,0,0.25,-0.0629,-0.0004,0.0099,0.0121,-0.012,-0.0457,0.0212,-0.0185,0.0044,-0.0171,0.0026,-0.0008,0.0848
Isaiah Roby,OKC,2020,1517981,0.013909,-0.0226,-0.0366,-2466564,1517981,-1.3226,-0.2052,-4.6643,,,11,0.0417,8,78,0,0,0.25,-0.0565,-0.0001,0.035,0.0121,-0.012,-0.0506,0.0374,-0.0571,-0.0003,-0.0171,0.0026,-0.0008,0.0848
Jalen McDaniels,CHO,2020,1517981,0.013909,-0.0229,-0.0369,-2499306,1517981,-1.266,-0.4957,-0.2386,,,293,0.2222,13.3,81,0,0,0.25,-0.0541,-0.0002,0.002,0.0121,-0.012,-0.0391,0.0263,-0.0294,0.002,-0.0171,0.0026,-0.0008,0.0848
Juwan Morgan,UTA,2020,1517981,0.013909,-0.024,-0.0379,-2619360,1517981,-0.7797,-0.5313,-0.6382,,,134,0.2917,11,79,0,0,0.25,-0.0338,-0.0003,0.005,0.0121,-0.012,-0.0456,0.0221,-0.0414,0.0005,-0.0171,0.0026,-0.0008,0.0848
Justin Robinson,OKC,2020,198040,0.001815,-0.0259,-0.0277,-2826726,198040,-1.2773,0.0972,-1.6737,,,49,0.125,12.7,73,0,0,0.25,-0.0546,0,0.0127,0.0121,-0.012,-0.0491,0.0323,-0.0326,-0.0042,-0.0171,0.0026,-0.0008,0.0848
Wenyen Gabriel,NOP,2020,1620564,0.014848,-0.0261,-0.0409,-2848554,1620564,-0.5421,-0.14,-0.4509,,,174,,11.5,81,1,0,0.25,-0.0239,-0.0001,0.0036,0.0121,-0.012,-0.0439,-0.0022,-0.0388,0.002,-0.0095,0.0026,-0.0008,0.0848
Ed Davis,MIN,2020,5005350,0.045862,-0.0285,-0.0744,-3110490,5005350,-0.7231,-0.6439,-1.3225,,,303,0.6135,9.4,81,1,0,0.25,-0.0314,-0.0003,0.0101,0.0121,-0.012,-0.0386,0.0024,-0.0498,0.002,-0.0095,0.0026,-0.0008,0.0848
Rodney McGruder,DET,2020,5192307,0.047575,-0.0317,-0.0792,-3459738,5192307,-1.0002,-1.0352,-0.4743,,,871,0.7879,10.6,76,1,0,0.25,-0.043,-0.0005,0.0038,0.0121,-0.012,-0.0154,-0.0083,-0.0435,-0.0019,-0.0095,0.0026,-0.0008,0.0848
Terance Mann,,2020,1517984,0.013908594,-0.032,-0.0459,-3492480,1517984,-0.8701,-0.721,-0.1005,,,362,0.5694,12.6,78,0,0,0.25,-0.0376,-0.0003,0.001,0.0121,-0.012,-0.0362,0.0051,-0.0331,-0.0003,-0.0171,0.0026,-0.0008,0.0848
Admiral Schofield,OKC,2020,1517981,0.013909,-0.0323,-0.0462,-3525222,1517981,-1.1699,-0.9997,-1.4002,,,368,0.4583,11.9,77,0,0,0.25,-0.0501,-0.0005,0.0107,0.0121,-0.012,-0.036,0.0119,-0.0367,-0.0011,-0.0171,0.0026,-0.0008,0.0848
Romeo Langford,BOS,2020,3631200,0.033271,-0.0352,-0.0685,-3841728,3631200,-1.1586,-1.3673,-0.9136,,,370,0.4444,11.8,77,0,0,0.25,-0.0496,-0.0007,0.007,0.0121,-0.012,-0.0359,0.0127,-0.0373,-0.0011,-0.0171,0.0026,-0.0008,0.0848
Donta Hall,ORL,2020,277256,0.00254,-0.041,-0.0435,-4474740,277256,-1.5771,-0.0807,0.3983,,,85,0.0694,12.9,82,0,0,0.25,-0.0671,0,-0.0027,0.0121,-0.012,-0.0476,0.0357,-0.0315,0.0028,-0.0171,0.0026,-0.0008,0.0848
Semi Ojeleye,BOS,2020,1752950,0.016061,-0.0421,-0.0582,-4594794,1752950,-1.2547,-1.5748,-0.736,,,1011,0.8551,9.7,78,1,0,0.25,-0.0537,-0.0007,0.0057,0.0121,-0.012,-0.0096,-0.0124,-0.0482,-0.0003,-0.0095,0.0026,-0.0008,0.0848
Dean Wade,,2020,1517981,0.013908567,-0.0492,-0.0631,-5369688,1517981,-1.2999,0.3284,0.0042,,,71,0.1667,9.9,81,0,0,0.25,-0.0556,0.0001,0.0002,0.0121,-0.012,-0.0482,0.0297,-0.0472,0.002,-0.0171,0.0026,-0.0008,0.0848
Jared Dudley,LAL,2020,1620564,0.014848,-0.0519,-0.0667,-5664366,1620564,-0.8192,-1.0708,-0.1024,,,364,0.6604,8,78,1,0,0.25,-0.0355,-0.0005,0.001,0.0121,-0.012,-0.0361,-0.0005,-0.0571,-0.0003,-0.0095,0.0026,-0.0008,0.0848
Udonis Haslem,MIA,2020,1620564,0.014848,-0.0545,-0.0693,-5948130,1620564,-2.6063,-0.3416,-2.4559,,,44,0.0805,13.8,80,1,0,0.25,-0.1102,-0.0002,0.0186,0.0121,-0.012,-0.0493,0.035,-0.0268,0.0013,-0.0095,0.0026,-0.0008,0.0848
James Harden,,2019,38199000,0.35,0.3344,-0.0156,36496416,38199000,2.9345,3.23,2.3938,,,2867,0.9512,40.5,77,0,0,0.25,0.1215,0.0015,-0.0176,0.0121,-0.012,0.0665,-0.0183,0.1125,-0.0011,-0.0171,0.0026,-0.0008,0.0848
Giannis Antetokounmpo,,2019,25842697,0.236784836,0.3018,0.065,32938452,25842697,3.5635,4.3372,3.0649,,,2358,0.878,32.3,83,0,0,0.25,0.1478,0.002,-0.0227,0.0121,-0.012,0.0456,-0.0138,0.0697,0.0036,-0.0171,0.0026,-0.0008,0.0848
Joel Embiid,,2019,27504630,0.252012369,0.2906,0.0386,31716084,27504630,2.8705,2.4432,1.0478,,,2154,0.7805,33.3,84,0,0,0.25,0.1188,0.0011,-0.0076,0.0121,-0.012,0.0372,-0.0079,0.0749,0.0044,-0.0171,0.0026,-0.0008,0.0848
LeBron James,,2019,37436858,0.343016841,0.2874,-0.0556,31366836,37436858,3.3023,2.758,2.1153,,,1937,0.6707,31.6,81,0,0,0.25,0.1369,0.0013,-0.0156,0.0121,-0.012,0.0283,-0.0011,0.066,0.002,-0.0171,0.0026,-0.0008,0.0848
Russell Westbrook,,2019,38506482,0.352817317,0.2854,-0.0674,31148556,38506482,2.9238,2.6624,1.2495,,,2630,0.8902,30.9,76,0,0,0.25,0.121,0.0012,-0.0091,0.0121,-0.012,0.0567,-0.0146,0.0624,-0.0019,-0.0171,0.0026,-0.0008,0.0848
Kawhi Leonard,,2019,32742000,0.3,0.2819,-0.0181,30766566,32742000,3.4462,2.4545,2.484,,,2040,0.7317,30.3,78,0,0,0.25,0.1429,0.0011,-0.0183,0.0121,-0.012,0.0326,-0.0049,0.0593,-0.0003,-0.0171,0.0026,-0.0008,0.0848
Stephen Curry,,2019,40231758,0.368625234,0.2782,-0.0904,30362748,40231758,3.2596,2.5275,2.2891,,,2331,0.8415,30.4,74,0,0,0.25,0.1351,0.0012,-0.0169,0.0121,-0.012,0.0445,-0.0116,0.0598,-0.0034,-0.0171,0.0026,-0.0008,0.0848
Paul George,,2019,33005556,0.302414843,0.2697,-0.0327,29435058,33005556,2.7212,3.0895,2.4514,,,2841,0.939,29.5,80,0,0,0.25,0.1126,0.0014,-0.0181,0.0121,-0.012,0.0654,-0.0176,0.0551,0.0013,-0.0171,0.0026,-0.0008,0.0848
Kevin Durant,,2019,37199000,0.340837456,0.26,-0.0809,28376400,37199000,2.572,2.8816,2.0042,,,2702,0.9512,29,83,0,0,0.25,0.1063,0.0013,-0.0147,0.0121,-0.012,0.0597,-0.0183,0.0525,0.0036,-0.0171,0.0026,-0.0008,0.0848
Damian Lillard,,2019,29802321,0.273065063,0.2554,-0.0176,27874356,29802321,2.492,2.8254,1.9729,,,2838,0.9756,29.3,74,0,0,0.25,0.103,0.0013,-0.0145,0.0121,-0.012,0.0653,-0.0198,0.054,-0.0034,-0.0171,0.0026,-0.0008,0.0848
Kemba Walker,BOS,2019,32742000,0.3,0.2453,-0.0547,26772042,32742000,1.8737,1.752,1.062,,,2863,1,31.5,72,0,0,0.25,0.0771,0.0008,-0.0077,0.0121,-0.012,0.0663,-0.0213,0.0655,-0.005,-0.0171,0.0026,-0.0008,0.0848
Karl-Anthony Towns,MIN,2019,27285000,0.25,0.2374,-0.0126,25909836,27285000,1.9696,2.2409,0.8879,,,2545,0.939,28.9,84,0,0,0.25,0.0812,0.001,-0.0064,0.0121,-0.012,0.0533,-0.0176,0.052,0.0044,-0.0171,0.0026,-0.0008,0.0848
Blake Griffin,DET,2019,34234964,0.313679,0.2319,-0.0818,25309566,34234964,1.6551,1.1731,1.0108,,,2622,0.9146,30.2,81,0,0,0.25,0.068,0.0005,-0.0073,0.0121,-0.012,0.0564,-0.0161,0.0587,0.002,-0.0171,0.0026,-0.0008,0.0848
Donovan Mitchell,,2019,3635760,0.033312809,0.2298,0.1965,25080372,3635760,1.6605,0.8191,1.2108,,,2598,0.939,31.6,74,0,0,0.25,0.0682,0.0004,-0.0088,0.0121,-0.012,0.0554,-0.0176,0.066,-0.0034,-0.0171,0.0026,-0.0008,0.0848
Kyrie Irving,,2019,31742000,0.290837456,0.2297,-0.0611,25069458,31742000,2.2148,2.0049,1.8981,,,2214,0.8171,29.6,74,0,0,0.25,0.0914,0.0009,-0.0139,0.0121,-0.012,0.0397,-0.0101,0.0556,-0.0034,-0.0171,0.0026,-0.0008,0.0848
Mike Conley,,2019,32511623,0.297889161,0.2288,-0.0691,24971232,32511623,2.3321,2.0779,1.3708,,,2342,0.8537,27.3,73,0,0,0.25,0.0963,0.001,-0.01,0.0121,-0.012,0.0449,-0.0123,0.0436,-0.0042,-0.0171,0.0026,-0.0008,0.0848
Jrue Holiday,,2019,26131111,0.239427442,0.2286,-0.0109,24949404,26131111,2.46,1.9037,1.7257,,,2402,0.8171,25.4,76,0,0,0.25,0.1017,0.0009,-0.0127,0.0121,-0.012,0.0474,-0.0101,0.0337,-0.0019,-0.0171,0.0026,-0.0008,0.0848
Bradley Beal,,2019,25399705,0.232725903,0.227,-0.0057,24774780,25399705,1.6285,0.791,1.2428,,,3028,1,28.4,76,0,0,0.25,0.0669,0.0004,-0.0091,0.0121,-0.012,0.0731,-0.0213,0.0493,-0.0019,-0.0171,0.0026,-0.0008,0.0848
Anthony Davis,,2019,27093019,0.248240966,0.2248,-0.0234,24534672,27093019,2.1509,3.9607,2.1857,,,1850,0.6829,29.5,82,0,0,0.25,0.0887,0.0018,-0.0161,0.0121,-0.012,0.0248,-0.0019,0.0551,0.0028,-0.0171,0.0026,-0.0008,0.0848
LaMarcus Aldridge,SAS,2019,26000000,0.238226,0.2239,-0.0143,24436446,26000000,1.7617,1.027,0.3349,,,2687,0.9878,26.9,83,0,0,0.25,0.0725,0.0005,-0.0023,0.0121,-0.012,0.0591,-0.0205,0.0415,0.0036,-0.0171,0.0026,-0.0008,0.0848
Chris Paul,,2019,38506482,0.352817317,0.2237,-0.1291,24414618,38506482,3.1477,1.8475,1.6802,,,1857,0.7073,22.5,72,0,0,0.25,0.1304,0.0009,-0.0123,0.0121,-0.012,0.0251,-0.0034,0.0186,-0.005,-0.0171,0.0026,-0.0008,0.0848
Victor Oladipo,IND,2019,21000000,0.192413,0.2018,0.0094,22024452,21000000,2.1722,1.2911,1.5142,,,1147,0.439,27.9,75,0,0,0.25,0.0896,0.0006,-0.0111,0.0121,-0.012,-0.004,0.0131,0.0467,-0.0027,-0.0171,0.0026,-0.0008,0.0848
Khris Middleton,,2019,30603448,0.280405424,0.1998,-0.0806,21806172,30603448,1.8204,1.1506,1.0024,,,2393,0.939,25.1,79,0,0,0.25,0.0749,0.0005,-0.0073,0.0121,-0.012,0.047,-0.0176,0.0321,0.0005,-0.0171,0.0026,-0.0008,0.0848
Rudy Gobert,,2019,25008427,0.229140801,0.1921,-0.037,20965794,25008427,2.3961,2.7861,1.4957,,,2577,0.9878,17.8,85,0,0,0.25,0.099,0.0013,-0.0109,0.0121,-0.012,0.0546,-0.0205,-0.006,0.0052,-0.0171,0.0026,-0.0008,0.0848
Kyle Lowry,,2019,33296296,0.305078761,0.1904,-0.1147,20780256,33296296,2.4334,1.8812,1.3758,,,2213,0.7927,19.6,72,0,0,0.25,0.1005,0.0009,-0.01,0.0121,-0.012,0.0397,-0.0086,0.0034,-0.005,-0.0171,0.0026,-0.0008,0.0848
CJ McCollum,,2019,27556959,0.252491836,0.1892,-0.0633,20649288,27556959,1.5219,0.6448,1.1792,,,2375,0.8537,25.5,75,0,0,0.25,0.0624,0.0003,-0.0086,0.0121,-0.012,0.0463,-0.0123,0.0342,-0.0027,-0.0171,0.0026,-0.0008,0.0848
Eric Bledsoe,MIL,2019,15625000,0.143165,0.1888,0.0456,20605632,15625000,2.1722,2.1341,1.5819,,,2272,0.9512,22.9,73,0,0,0.25,0.0896,0.001,-0.0116,0.0121,-0.012,0.0421,-0.0183,0.0207,-0.0042,-0.0171,0.0026,-0.0008,0.0848
Ricky Rubio,,2019,16200000,0.148433205,0.1841,0.0357,20092674,16200000,2.0762,0.7685,0.4973,,,1899,0.8293,22.7,74,0,0,0.25,0.0856,0.0003,-0.0035,0.0121,-0.012,0.0268,-0.0108,0.0196,-0.0034,-0.0171,0.0026,-0.0008,0.0848
Devin Booker,,2019,27285000,0.25,0.1788,-0.0712,19514232,27285000,0.2052,-0.704,0.3652,,,2242,0.7805,32.9,77,0,0,0.25,0.0074,-0.0003,-0.0025,0.0121,-0.012,0.0408,-0.0079,0.0728,-0.0011,-0.0171,0.0026,-0.0008,0.0848
D'Angelo Russell,,2019,27285000,0.25,0.1763,-0.0737,19241382,27285000,0.4771,0.8022,0.8404,,,2448,0.9878,31.9,75,0,0,0.25,0.0187,0.0004,-0.0061,0.0121,-0.012,0.0493,-0.0205,0.0676,-0.0027,-0.0171,0.0026,-0.0008,0.0848
John Wall,WAS,2019,38199000,0.35,0.1755,-0.1745,19154070,38199000,1.1381,0.7067,0.0043,,,1104,0.3902,28.8,75,0,0,0.25,0.0464,0.0003,0.0002,0.0121,-0.012,-0.0058,0.016,0.0514,-0.0027,-0.0171,0.0026,-0.0008,0.0848
Jimmy Butler,,2019,32742000,0.3,0.1726,-0.1274,18837564,32742000,1.8737,1.2125,1.8247,,,1824,0.6707,22.1,78,0,0,0.25,0.0771,0.0006,-0.0134,0.0121,-0.012,0.0237,-0.0011,0.0165,-0.0003,-0.0171,0.0026,-0.0008,0.0848
Marc Gasol,TOR,2019,25595700,0.234522,0.1698,-0.0647,18531972,25595700,1.3886,1.0326,0.1376,,,1788,0.6463,22.3,83,0,0,0.25,0.0569,0.0005,-0.0008,0.0121,-0.012,0.0222,0.0004,0.0175,0.0036,-0.0171,0.0026,-0.0008,0.0848
Klay Thompson,,2019,32742000,0.3,0.1663,-0.1337,18149982,32742000,0.7703,0.4537,1.032,,,2652,0.9512,25.6,77,0,0,0.25,0.031,0.0002,-0.0075,0.0121,-0.012,0.0577,-0.0183,0.0347,-0.0011,-0.0171,0.0026,-0.0008,0.0848
Trae Young,,2019,6273000,0.057476636,0.1631,0.1056,17800734,6273000,0.3705,-0.7377,-0.3355,,,2503,0.9878,28.4,74,0,0,0.25,0.0143,-0.0004,0.0027,0.0121,-0.012,0.0515,-0.0205,0.0493,-0.0034,-0.0171,0.0026,-0.0008,0.0848
Kevin Love,,2019,28942830,0.26518994,0.1604,-0.1048,17506056,28942830,1.1701,1.7801,0.2464,,,598,0.2683,27.4,82,0,0,0.25,0.0477,0.0008,-0.0016,0.0121,-0.012,-0.0266,0.0235,0.0441,0.0028,-0.0171,0.0026,-0.0008,0.0848
Jamal Murray,,2019,4444746,0.040725179,0.1592,0.1185,17375088,4444746,0.7383,0.628,0.3912,,,2447,0.9146,24.9,76,0,0,0.25,0.0297,0.0003,-0.0027,0.0121,-0.012,0.0492,-0.0161,0.0311,-0.0019,-0.0171,0.0026,-0.0008,0.0848
Ben Simmons,PHI,2019,8113930,0.074344,0.1575,0.0831,17189550,8113930,0.8502,1.1057,0.9441,,,2700,0.9634,22.1,82,0,0,0.25,0.0343,0.0005,-0.0068,0.0121,-0.012,0.0596,-0.019,0.0165,0.0028,-0.0171,0.0026,-0.0008,0.0848
Zach LaVine,,2019,19500000,0.178669599,0.1574,-0.0212,17178636,19500000,0.0293,-0.1083,0.3154,,,2171,0.7683,30.5,77,0,0,0.25,0,-0.0001,-0.0021,0.0121,-0.012,0.0379,-0.0071,0.0603,-0.0011,-0.0171,0.0026,-0.0008,0.0848
Steven Adams,,2019,25842697,0.236784836,0.1569,-0.0799,17124066,25842697,1.5379,1.0045,0.7128,,,2669,0.9756,16.4,83,0,0,0.25,0.0631,0.0005,-0.0051,0.0121,-0.012,0.0583,-0.0198,-0.0133,0.0036,-0.0171,0.0026,-0.0008,0.0848
Jayson Tatum,,2019,7830000,0.071742716,0.1541,0.0823,16818474,7830000,0.9835,0.982,0.5824,,,2455,0.9634,22.1,80,0,0,0.25,0.0399,0.0004,-0.0041,0.0121,-0.012,0.0496,-0.019,0.0165,0.0013,-0.0171,0.0026,-0.0008,0.0848
Aaron Gordon,,2019,19863636,0.182001429,0.1537,-0.0283,16774818,19863636,0.8076,0.3076,0.4757,,,2633,0.9512,21.8,80,0,0,0.25,0.0326,0.0001,-0.0033,0.0121,-0.012,0.0569,-0.0183,0.0149,0.0013,-0.0171,0.0026,-0.0008,0.0848
DeMarcus Cousins,LAL,2019,3500000,0.032069,0.1531,0.121,16709334,3500000,0.9622,1.3305,0.67,,,771,0.3659,28.1,82,0,0,0.25,0.039,0.0006,-0.0048,0.0121,-0.012,-0.0195,0.0175,0.0478,0.0028,-0.0171,0.0026,-0.0008,0.0848
Brook Lopez,,2019,12093024,0.110802859,0.1515,0.0407,16534710,12093024,1.6231,1.7745,0.3817,,,2322,0.9878,16.7,85,0,0,0.25,0.0667,0.0008,-0.0026,0.0121,-0.012,0.0441,-0.0205,-0.0117,0.0052,-0.0171,0.0026,-0.0008,0.0848
Danilo Gallinari,OKC,2019,22615559,0.207216,0.1466,-0.0606,15999924,22615559,0.8715,1.4597,1.3051,,,2059,0.8293,23.8,82,0,0,0.25,0.0352,0.0007,-0.0095,0.0121,-0.012,0.0333,-0.0108,0.0254,0.0028,-0.0171,0.0026,-0.0008,0.0848
Buddy Hield,,2019,4861208,0.04454103,0.1444,0.0998,15759816,4861208,0.3598,0.0828,0.5888,,,2615,1,25.1,76,0,0,0.25,0.0138,0,-0.0042,0.0121,-0.012,0.0561,-0.0213,0.0321,-0.0019,-0.0171,0.0026,-0.0008,0.0848
Eric Gordon,,2019,14057730,0.128804563,0.1391,0.0103,15181374,14057730,0.7809,0.4088,0.2891,,,2158,0.8293,22,75,0,0,0.25,0.0314,0.0002,-0.0019,0.0121,-0.012,0.0374,-0.0108,0.016,-0.0027,-0.0171,0.0026,-0.0008,0.0848
Lou Williams,LAC,2019,8000000,0.0733,0.1389,0.0656,15159546,8000000,-0.0453,0.2964,1.2357,,,1993,0.9146,32.4,74,0,0,0.25,-0.0031,0.0001,-0.009,0.0121,-0.012,0.0306,-0.0161,0.0702,-0.0034,-0.0171,0.0026,-0.0008,0.0848
Andre Drummond,,2019,27093019,0.248240966,0.1387,-0.1095,15137717,27093019,0.3971,1.5834,1.3213,,,2647,0.9634,22.9,83,0,0,0.25,0.0154,0.0007,-0.0096,0.0121,-0.012,0.0574,-0.019,0.0207,0.0036,-0.0171,0.0026,-0.0008,0.0848
DeMar DeRozan,,2019,27739975,0.254168728,0.138,-0.1162,15061320,27739975,-0.2692,0.7516,1.0269,,,2688,0.939,27.9,78,0,0,0.25,-0.0125,0.0003,-0.0074,0.0121,-0.012,0.0591,-0.0176,0.0467,-0.0003,-0.0171,0.0026,-0.0008,0.0848
Reggie Jackson,DET,2019,17286956,0.158392,0.1372,-0.0212,14974007,17286956,0.5464,-0.1307,0.1544,,,2289,1,24.5,74,0,0,0.25,0.0216,-0.0001,-0.0009,0.0121,-0.012,0.0428,-0.0213,0.029,-0.0034,-0.0171,0.0026,-0.0008,0.0848
De'Aaron Fox,,2019,6392760,0.058573942,0.1364,0.0779,14886696,6392760,0.3492,0.7797,0.8289,,,2546,0.9878,24.5,75,0,0,0.25,0.0134,0.0004,-0.006,0.0121,-0.012,0.0533,-0.0205,0.029,-0.0027,-0.0171,0.0026,-0.0008,0.0848
Pascal Siakam,,2019,2351839,0.021548827,0.1363,0.1147,14875782,2351839,0.8182,1.1338,1.5492,,,2548,0.9756,20.8,80,0,0,0.25,0.033,0.0005,-0.0113,0.0121,-0.012,0.0534,-0.0198,0.0097,0.0013,-0.0171,0.0026,-0.0008,0.0848
Myles Turner,,2019,17500000,0.160344512,0.1359,-0.0244,14832126,17500000,0.9408,1.4541,0.3056,,,2119,0.9024,20,83,0,0,0.25,0.0381,0.0007,-0.0021,0.0121,-0.012,0.0358,-0.0153,0.0055,0.0036,-0.0171,0.0026,-0.0008,0.0848
Thaddeus Young,CHI,2019,12900000,0.118197,0.1355,0.0173,14788470,12900000,1.1381,1.1394,1.0637,,,2489,0.9878,18,80,0,0,0.25,0.0464,0.0005,-0.0077,0.0121,-0.012,0.051,-0.0205,-0.0049,0.0013,-0.0171,0.0026,-0.0008,0.0848
J.J. Barea,DAL,2019,2564753,0.0235,0.1352,0.1117,14755727,2564753,0.8556,0.7123,0.2642,,,752,0.4634,28.1,70,0,0,0.25,0.0346,0.0003,-0.0017,0.0121,-0.012,-0.0202,0.0116,0.0478,-0.0066,-0.0171,0.0026,-0.0008,0.0848
Paul Millsap,DEN,2019,30500000,0.279458,0.1347,-0.1448,14701157,30500000,1.3993,1.3586,1.5021,,,1895,0.8537,19.6,79,0,0,0.25,0.0573,0.0006,-0.011,0.0121,-0.012,0.0266,-0.0123,0.0034,0.0005,-0.0171,0.0026,-0.0008,0.0848
Josh Richardson,PHI,2019,10116576,0.092694,0.1333,0.0406,14548362,10116576,0.557,0.6448,0.866,,,2539,0.8902,20.9,77,0,0,0.25,0.0221,0.0003,-0.0062,0.0121,-0.012,0.053,-0.0146,0.0102,-0.0011,-0.0171,0.0026,-0.0008,0.0848
Julius Randle,,2019,18000000,0.164925783,0.1325,-0.0324,14461050,18000000,-0.1359,0.3975,0.6286,,,2232,0.8902,27.8,81,0,0,0.25,-0.0069,0.0002,-0.0045,0.0121,-0.012,0.0404,-0.0146,0.0462,0.002,-0.0171,0.0026,-0.0008,0.0848
Montrezl Harrell,LAC,2019,6000000,0.054975,0.1325,0.0775,14461050,6000000,0.7329,0.7685,0.9943,,,2158,1,23.5,79,0,0,0.25,0.0294,0.0003,-0.0072,0.0121,-0.012,0.0374,-0.0213,0.0238,0.0005,-0.0171,0.0026,-0.0008,0.0848
Andre Roberson,OKC,2019,10740741,0.098413,0.1321,0.0337,14417394,10740741,1.7191,,,,,,,,79,0,0,0.25,0.0707,-0.0001,0,0.0121,-0.012,-0.0014,-0.0022,-0.0049,0.0005,-0.0171,0.0026,-0.0008,0.0848
Al Horford,,2019,28000000,0.256551219,0.1307,-0.1259,14264598,28000000,1.1434,0.8865,0.8222,,,1973,0.8293,18.9,80,0,0,0.25,0.0466,0.0004,-0.0059,0.0121,-0.012,0.0298,-0.0108,-0.0002,0.0013,-0.0171,0.0026,-0.0008,0.0848
Tobias Harris,,2019,32742000,0.3,0.1289,-0.1711,14068145,32742000,0.3758,0.4875,0.8592,,,1903,0.6707,23.5,80,0,0,0.25,0.0145,0.0002,-0.0062,0.0121,-0.012,0.0269,-0.0011,0.0238,0.0013,-0.0171,0.0026,-0.0008,0.0848
Serge Ibaka,TOR,2019,23271604,0.213227,0.1258,-0.0875,13729812,23271604,0.3918,0.6898,-0.0284,,,2010,0.9024,22.9,83,0,0,0.25,0.0152,0.0003,0.0004,0.0121,-0.012,0.0313,-0.0153,0.0207,0.0036,-0.0171,0.0026,-0.0008,0.0848
Clint Capela,,2019,14896552,0.136490306,0.125,-0.0115,13642500,14896552,0.7809,1.1506,0.8997,,,2249,0.8171,18.2,82,0,0,0.25,0.0314,0.0005,-0.0065,0.0121,-0.012,0.0411,-0.0101,-0.0039,0.0028,-0.0171,0.0026,-0.0008,0.0848
Jeremy Lamb,IND,2019,10500000,0.096207,0.1246,0.0284,13598844,10500000,0.5837,0.864,1.1226,,,2250,0.9634,22.5,77,0,0,0.25,0.0232,0.0004,-0.0082,0.0121,-0.012,0.0412,-0.019,0.0186,-0.0011,-0.0171,0.0026,-0.0008,0.0848
Joe Ingles,,2019,11207387,0.102688171,0.1236,0.0209,13489704,11207387,0.8556,1.1506,1.063,,,2568,1,17.5,80,0,0,0.25,0.0346,0.0005,-0.0077,0.0121,-0.012,0.0542,-0.0213,-0.0075,0.0013,-0.0171,0.0026,-0.0008,0.0848
Danny Green,LAL,2019,14634146,0.134086,0.1219,-0.0122,13304166,14634146,1.6498,0.746,1.3947,,,2216,0.9756,14.1,78,0,0,0.25,0.0678,0.0003,-0.0102,0.0121,-0.012,0.0398,-0.0198,-0.0253,-0.0003,-0.0171,0.0026,-0.0008,0.0848
Domantas Sabonis,,2019,3529555,0.032339701,0.12,0.0876,13096800,3529555,0.4611,1.1787,0.5353,,,1838,0.9024,23.5,82,0,0,0.25,0.0181,0.0005,-0.0038,0.0121,-0.012,0.0243,-0.0153,0.0238,0.0028,-0.0171,0.0026,-0.0008,0.0848
Willie Cauley-Stein,DAL,2019,2177483,0.019951,0.1181,0.0981,12889434,2177483,0.8502,1.027,0.3366,,,2213,0.9878,17.5,84,0,0,0.25,0.0343,0.0005,-0.0023,0.0121,-0.012,0.0397,-0.0205,-0.0075,0.0044,-0.0171,0.0026,-0.0008,0.0848
Kyle Kuzma,,2019,1974600,0.018092358,0.1179,0.0998,12867606,1974600,-0.2052,0.0547,0.0278,,,2314,0.8537,23.8,80,0,0,0.25,-0.0098,0,0,0.0121,-0.012,0.0438,-0.0123,0.0254,0.0013,-0.0171,0.0026,-0.0008,0.0848
Draymond Green,,2019,18539130,0.169865585,0.1176,-0.0522,12834864,18539130,1.5059,0.7685,1.0337,,,2065,0.8049,13.1,78,0,0,0.25,0.0618,0.0003,-0.0075,0.0121,-0.012,0.0336,-0.0093,-0.0305,-0.0003,-0.0171,0.0026,-0.0008,0.0848
Andrew Wiggins,,2019,27504630,0.252012369,0.1174,-0.1346,12813036,27504630,-0.4984,-0.8164,-0.4342,,,2543,0.8902,24.4,78,0,0,0.25,-0.022,-0.0004,0.0035,0.0121,-0.012,0.0532,-0.0146,0.0285,-0.0003,-0.0171,0.0026,-0.0008,0.0848
Evan Fournier,ORL,2019,17000000,0.155763,0.1173,-0.0385,12802122,17000000,0.0453,0.2402,0.3366,,,2553,0.9878,22.1,78,0,0,0.25,0.0007,0.0001,-0.0023,0.0121,-0.012,0.0536,-0.0205,0.0165,-0.0003,-0.0171,0.0026,-0.0008,0.0848
Terrence Ross,ORL,2019,12500000,0.114532,0.1168,0.0023,12747552,12500000,0.2745,-0.0633,0.7084,,,2150,0.9878,23.9,78,0,0,0.25,0.0103,0,-0.0051,0.0121,-0.012,0.0371,-0.0205,0.0259,-0.0003,-0.0171,0.0026,-0.0008,0.0848
Jordan Clarkson,,2019,13437500,0.123121679,0.1148,-0.0083,12529272,13437500,-0.3651,-1.4964,0.1346,,,2214,0.9878,27.6,77,0,0,0.25,-0.0165,-0.0007,-0.0008,0.0121,-0.012,0.0397,-0.0205,0.0452,-0.0011,-0.0171,0.0026,-0.0008,0.0848
Kevin Knox,NYK,2019,4380120,0.040133,0.1142,0.0741,12463788,4380120,,,-1.5289,,,2158,0.9146,22.3,80,0,0,0.25,-0.007,-0.0001,0.0116,0.0121,-0.012,0.0374,-0.0161,0.0175,0.0013,-0.0171,0.0026,-0.0008,0.0848
Lauri Markkanen,,2019,5300400,0.048565146,0.1133,0.0648,12365562,5300400,-0.2425,0.4032,0.2107,,,1682,0.6341,25.1,85,0,0,0.25,-0.0113,0.0002,-0.0013,0.0121,-0.012,0.0179,0.0011,0.0321,0.0052,-0.0171,0.0026,-0.0008,0.0848
John Collins,,2019,2686560,0.024615723,0.1133,0.0887,12365562,2686560,0.1306,0.1615,0.7956,,,1829,0.7439,23.7,81,0,0,0.25,0.0043,0.0001,-0.0057,0.0121,-0.012,0.0239,-0.0056,0.0248,0.002,-0.0171,0.0026,-0.0008,0.0848
Hassan Whiteside,POR,2019,27093018,0.248241,0.1128,-0.1354,12310992,27093018,0.4824,1.9431,0.5414,,,1674,0.878,22.6,84,0,0,0.25,0.019,0.0009,-0.0038,0.0121,-0.012,0.0176,-0.0138,0.0191,0.0044,-0.0171,0.0026,-0.0008,0.0848
Derrick Favors,NOP,2019,17650000,0.161719,0.1103,-0.0514,12038142,17650000,0.9142,1.8307,0.8387,,,1766,0.9268,19.4,81,0,0,0.25,0.037,0.0008,-0.006,0.0121,-0.012,0.0213,-0.0168,0.0024,0.002,-0.0171,0.0026,-0.0008,0.0848
Justise Winslow,MEM,2019,13000000,0.119113,0.1098,-0.0093,11983572,13000000,0.3492,0.184,0.3605,,,1959,0.8049,20.8,78,0,0,0.25,0.0134,0.0001,-0.0025,0.0121,-0.012,0.0292,-0.0093,0.0097,-0.0003,-0.0171,0.0026,-0.0008,0.0848
Jae Crowder,MIA,2019,7815533,0.07161,0.1082,0.0366,11808948,7815533,0.5304,0.5437,0.1632,,,2166,0.9756,19.1,78,0,0,0.25,0.021,0.0002,-0.001,0.0121,-0.012,0.0377,-0.0198,0.0008,-0.0003,-0.0171,0.0026,-0.0008,0.0848
Spencer Dinwiddie,BRK,2019,10605600,0.097174,0.1074,0.0102,11721636,10605600,-0.1732,0.1165,0.0767,,,1914,0.8293,24.9,77,0,0,0.25,-0.0084,0,-0.0003,0.0121,-0.012,0.0274,-0.0108,0.0311,-0.0011,-0.0171,0.0026,-0.0008,0.0848
Dwight Powell,,2019,10259375,0.09400197,0.1066,0.0126,11634324,10259375,1.1914,1.0832,0.738,,,1662,0.939,17.2,82,0,0,0.25,0.0486,0.0005,-0.0053,0.0121,-0.012,0.0171,-0.0176,-0.0091,0.0028,-0.0171,0.0026,-0.0008,0.0848
Brandon Ingram,,2019,7265485,0.066570323,0.1053,0.0387,11492442,7265485,-0.2639,-0.7152,-0.3217,,,1760,0.6341,23.2,80,0,0,0.25,-0.0122,-0.0003,0.0026,0.0121,-0.012,0.0211,0.0011,0.0222,0.0013,-0.0171,0.0026,-0.0008,0.0848
Rudy Gay,SAS,2019,14000000,0.128276,0.1052,-0.023,11481528,14000000,0.2799,0.4931,0.7848,,,1842,0.8415,22.1,80,0,0,0.25,0.0105,0.0002,-0.0056,0.0121,-0.012,0.0244,-0.0116,0.0165,0.0013,-0.0171,0.0026,-0.0008,0.0848
Jabari Parker,SAC,2019,6500000,0.059557,0.1048,0.0452,11437872,6500000,-0.072,-0.9625,-0.685,,,1042,0.4756,25,79,0,0,0.25,-0.0042,-0.0005,0.0053,0.0121,-0.012,-0.0083,0.0108,0.0316,0.0005,-0.0171,0.0026,-0.0008,0.0848
Robert Covington,HOU,2019,11301219,0.103548,0.1048,0.0013,11437872,11301219,1.282,1.308,1.2573,,,763,0.2683,16.5,79,0,0,0.25,0.0524,0.0006,-0.0092,0.0121,-0.012,-0.0198,0.0235,-0.0127,0.0005,-0.0171,0.0026,-0.0008,0.0848
Caris LeVert,,2019,2625718,0.024058255,0.1048,0.0808,11437872,2625718,0.2639,0.3975,0.5862,,,1063,0.4878,24,79,0,0,0.25,0.0098,0.0002,-0.0042,0.0121,-0.012,-0.0075,0.0101,0.0264,0.0005,-0.0171,0.0026,-0.0008,0.0848
Jaylen Brown,,2019,6534829,0.059875655,0.1042,0.0443,11372388,6534829,0.2212,-0.0015,0.2427,,,1913,0.9024,22.1,78,0,0,0.25,0.008,0,-0.0016,0.0121,-0.012,0.0274,-0.0153,0.0165,-0.0003,-0.0171,0.0026,-0.0008,0.0848
Collin Sexton,,2019,4764960,0.043659153,0.1035,0.0598,11295990,4764960,-0.9568,-1.8842,-1.5198,,,2605,1,25.2,75,0,0,0.25,-0.0412,-0.0009,0.0116,0.0121,-0.012,0.0557,-0.0213,0.0327,-0.0027,-0.0171,0.0026,-0.0008,0.0848
Al-Farouq Aminu,ORL,2019,9258000,0.084827,0.102,0.0171,11132280,9258000,1.0208,0.8865,0.9027,,,2292,0.9878,13.7,81,0,0,0.25,0.0415,0.0004,-0.0065,0.0121,-0.012,0.0429,-0.0205,-0.0273,0.002,-0.0171,0.0026,-0.0008,0.0848
Kelly Olynyk,,2019,11667885,0.106907504,0.1004,-0.0065,10957656,11667885,0.7383,0.4256,0.3902,,,1812,0.9634,18,84,0,0,0.25,0.0297,0.0002,-0.0027,0.0121,-0.012,0.0232,-0.019,-0.0049,0.0044,-0.0171,0.0026,-0.0008,0.0848
Derrick Rose,DET,2019,7317073,0.067043,0.1001,0.0331,10924914,7317073,-0.3492,-0.2769,0.3333,,,1392,0.622,27.3,75,0,0,0.25,-0.0158,-0.0001,-0.0023,0.0121,-0.012,0.006,0.0019,0.0436,-0.0027,-0.0171,0.0026,-0.0008,0.0848
Malcolm Brogdon,IND,2019,20000000,0.183251,0.0994,-0.0838,10848516,20000000,0.4291,1.1001,1.4839,,,1832,0.7805,20.7,76,0,0,0.25,0.0167,0.0005,-0.0109,0.0121,-0.012,0.024,-0.0079,0.0092,-0.0019,-0.0171,0.0026,-0.0008,0.0848
Derrick White,,2019,1948080,0.017849368,0.099,0.0811,10804860,1948080,0.7863,0.6842,0.5535,,,1728,0.8171,17.7,76,0,0,0.25,0.0317,0.0003,-0.0039,0.0121,-0.012,0.0198,-0.0101,-0.0065,-0.0019,-0.0171,0.0026,-0.0008,0.0848
Jerami Grant,,2019,9346153,0.085634534,0.0988,0.0131,10783032,9346153,0.3971,0.8022,0.667,,,2612,0.9756,15.4,79,0,0,0.25,0.0154,0.0004,-0.0048,0.0121,-0.012,0.056,-0.0198,-0.0185,0.0005,-0.0171,0.0026,-0.0008,0.0848
Gary Harris,,2019,17839286,0.163453234,0.0988,-0.0647,10783032,17839286,0.4184,-0.3499,0.5734,,,1639,0.6951,20,76,0,0,0.25,0.0163,-0.0002,-0.0041,0.0121,-0.012,0.0161,-0.0026,0.0055,-0.0019,-0.0171,0.0026,-0.0008,0.0848
Harrison Barnes,,2019,24147727,0.2212546,0.0978,-0.1234,10673892,24147727,-0.3065,-0.9456,-0.0028,,,1584,0.5976,23.7,79,0,0,0.25,-0.014,-0.0005,0.0002,0.0121,-0.012,0.0139,0.0033,0.0248,0.0005,-0.0171,0.0026,-0.0008,0.0848
Kelly Oubre Jr.,,2019,15625000,0.143164743,0.0963,-0.0469,10510182,15625000,-0.2212,-0.2094,0.2191,,,1180,0.4878,24.7,80,0,0,0.25,-0.0105,-0.0001,-0.0014,0.0121,-0.012,-0.0027,0.0101,0.03,0.0013,-0.0171,0.0026,-0.0008,0.0848
Frank Kaminsky,PHO,2019,4767000,0.043678,0.0955,0.0518,10422870,4767000,0.4078,0.3357,-0.5564,,,755,0.5732,22.1,84,0,0,0.25,0.0158,0.0001,0.0044,0.0121,-0.012,-0.0201,0.0048,0.0165,0.0044,-0.0171,0.0026,-0.0008,0.0848
Deandre Ayton,,2019,9562920,0.087620671,0.095,0.0073,10368300,9562920,-0.4078,-0.097,-0.2634,,,2183,0.8659,21.2,84,0,0,0.25,-0.0183,-0.0001,0.0022,0.0121,-0.012,0.0384,-0.0131,0.0118,0.0044,-0.0171,0.0026,-0.0008,0.0848
Dewayne Dedmon,ATL,2019,13333333,0.122167,0.0948,-0.0274,10346472,13333333,0.653,0.4313,-0.0691,,,1609,0.7805,16.7,82,0,0,0.25,0.0261,0.0002,0.0007,0.0121,-0.012,0.0149,-0.0079,-0.0117,0.0028,-0.0171,0.0026,-0.0008,0.0848
Trey Burke,DAL,2019,229220,0.0021,0.0945,0.0924,10313730,229220,-0.0133,-0.2319,-0.2358,,,689,0.4024,26.1,72,0,0,0.25,-0.0018,-0.0001,0.002,0.0121,-0.012,-0.0228,0.0153,0.0374,-0.005,-0.0171,0.0026,-0.0008,0.0848
Dejounte Murray,,2019,2321735,0.021272998,0.0941,0.0729,10270074,2321735,0.8662,,,,,,,,76,0,0,0.25,0.035,-0.0001,0,0.0121,-0.012,-0.0014,-0.0022,-0.0049,-0.0019,-0.0171,0.0026,-0.0008,0.0848
Robin Lopez,MIL,2019,4767000,0.043678,0.0927,0.049,10117278,4767000,0.3278,-1.2941,-1.0992,,,1606,0.9024,18.6,85,0,0,0.25,0.0125,-0.0006,0.0084,0.0121,-0.012,0.0148,-0.0153,-0.0018,0.0052,-0.0171,0.0026,-0.0008,0.0848
Marcus Morris,LAC,2019,15000000,0.137438,0.0922,-0.0453,10062708,15000000,,,0.08,,,2091,0.9146,20.9,80,0,0,0.25,-0.007,-0.0001,-0.0004,0.0121,-0.012,0.0347,-0.0161,0.0102,0.0013,-0.0171,0.0026,-0.0008,0.0848
Enes Freedom,BOS,2019,4767000,0.043678,0.0919,0.0483,10029966,4767000,,1.027,-0.3988,,,1128,0.5366,22.9,82,0,0,0.25,-0.007,0.0005,0.0032,0.0121,-0.012,-0.0048,0.0071,0.0207,0.0028,-0.0171,0.0026,-0.0008,0.0848
Patty Mills,SAS,2019,12428571,0.113877,0.0914,-0.0225,9975396,12428571,0.557,0.2739,0.0979,,,1908,1,18.5,74,0,0,0.25,0.0221,0.0001,-0.0005,0.0121,-0.012,0.0272,-0.0213,-0.0023,-0.0034,-0.0171,0.0026,-0.0008,0.0848
Shabazz Napier,WAS,2019,1845301,0.016908,0.0913,0.0744,9964482,1845301,0.3918,0.8584,0.37,,,983,0.6829,24,72,0,0,0.25,0.0152,0.0004,-0.0025,0.0121,-0.012,-0.0108,-0.0019,0.0264,-0.005,-0.0171,0.0026,-0.0008,0.0848
Gordon Hayward,BOS,2019,32700690,0.299621,0.0911,-0.2085,9942654,32700690,0.3598,0.6898,0.6865,,,1863,0.878,19,79,0,0,0.25,0.0138,0.0003,-0.0049,0.0121,-0.012,0.0253,-0.0138,0.0003,0.0005,-0.0171,0.0026,-0.0008,0.0848
Nemanja Bjelica,SAC,2019,6825000,0.062534,0.0904,0.0279,9866256,6825000,0.7276,0.7348,0.4892,,,1788,0.939,16.5,82,0,0,0.25,0.0292,0.0003,-0.0034,0.0121,-0.012,0.0222,-0.0176,-0.0127,0.0028,-0.0171,0.0026,-0.0008,0.0848
Bam Adebayo,,2019,3454080,0.031648158,0.0901,0.0584,9833514,3454080,0.7489,0.864,0.2585,,,1913,1,15.8,81,0,0,0.25,0.0301,0.0004,-0.0017,0.0121,-0.012,0.0274,-0.0213,-0.0164,0.002,-0.0171,0.0026,-0.0008,0.0848
Fred VanVleet,,2019,9346153,0.085634534,0.09,0.0043,9822600,9346153,0.5357,0.5718,0.543,,,1760,0.7805,17.9,72,0,0,0.25,0.0212,0.0003,-0.0038,0.0121,-0.012,0.0211,-0.0079,-0.0054,-0.005,-0.0171,0.0026,-0.0008,0.0848
Maurice Harkless,NYK,2019,11511234,0.105472,0.0871,-0.0184,9506094,11511234,1.1754,0.4088,0.9465,,,1415,0.7317,13.9,79,0,0,0.25,0.0479,0.0002,-0.0068,0.0121,-0.012,0.0069,-0.0049,-0.0263,0.0005,-0.0171,0.0026,-0.0008,0.0848
Mikal Bridges,,2019,4161000,0.038125344,0.0869,0.0488,9484266,4161000,0.653,-0.5017,-0.0089,,,2417,1,12.2,78,0,0,0.25,0.0261,-0.0002,0.0003,0.0121,-0.012,0.048,-0.0213,-0.0352,-0.0003,-0.0171,0.0026,-0.0008,0.0848
Andre Iguodala,MIA,2019,17185185,0.15746,0.0848,-0.0727,9255072,17185185,1.5165,0.9483,0.7464,,,1578,0.8293,10.4,78,0,0,0.25,0.0622,0.0004,-0.0053,0.0121,-0.012,0.0136,-0.0108,-0.0446,-0.0003,-0.0171,0.0026,-0.0008,0.0848
Larry Nance Jr.,,2019,12727273,0.116614193,0.0844,-0.0322,9211416,12727273,0.5944,0.2627,0.4454,,,1795,0.8171,15.5,78,0,0,0.25,0.0236,0.0001,-0.0031,0.0121,-0.012,0.0225,-0.0101,-0.018,-0.0003,-0.0171,0.0026,-0.0008,0.0848
JaMychal Green,LAC,2019,4767000,0.043678,0.0816,0.038,8905824,4767000,0.1199,-0.215,-0.4497,,,900,0.5,20.4,81,0,0,0.25,0.0038,-0.0001,0.0036,0.0121,-0.012,-0.0142,0.0093,0.0076,0.002,-0.0171,0.0026,-0.0008,0.0848
Patrick Beverley,LAC,2019,12345679,0.113118,0.0812,-0.0319,8862168,12345679,0.8449,0.8865,0.3626,,,2137,0.9512,12.2,74,0,0,0.25,0.0341,0.0004,-0.0025,0.0121,-0.012,0.0365,-0.0183,-0.0352,-0.0034,-0.0171,0.0026,-0.0008,0.0848
Jarrett Allen,,2019,2376840,0.0217779,0.0809,0.0591,8829426,2376840,0.2852,0.5605,0.1518,,,2096,0.9756,15.9,81,0,0,0.25,0.0107,0.0003,-0.0009,0.0121,-0.012,0.0349,-0.0198,-0.0159,0.002,-0.0171,0.0026,-0.0008,0.0848
Jonathan Isaac,,2019,5806440,0.053201759,0.0807,0.0275,8807598,5806440,0.2425,0.5268,0.272,,,1996,0.9146,16.3,82,0,0,0.25,0.0089,0.0002,-0.0018,0.0121,-0.012,0.0308,-0.0161,-0.0138,0.0028,-0.0171,0.0026,-0.0008,0.0848
Marcus Smart,,2019,11768879,0.107832866,0.0804,-0.0275,8774856,11768879,0.6423,0.6505,1.258,,,2200,0.9756,14.6,75,0,0,0.25,0.0257,0.0003,-0.0092,0.0121,-0.012,0.0391,-0.0198,-0.0226,-0.0027,-0.0171,0.0026,-0.0008,0.0848
T.J. Warren,IND,2019,10810000,0.099047,0.0801,-0.019,8742114,10810000,-0.4877,-0.4511,0.1716,,,1360,0.5244,22.7,80,0,0,0.25,-0.0216,-0.0002,-0.0011,0.0121,-0.012,0.0047,0.0078,0.0196,0.0013,-0.0171,0.0026,-0.0008,0.0848
DeMarre Carroll,HOU,2019,811447,0.007435,0.0792,0.0717,8643888,811447,0.1199,0.0884,0.1376,,,1703,0.8171,18.6,78,0,0,0.25,0.0038,0,-0.0008,0.0121,-0.012,0.0187,-0.0101,-0.0018,-0.0003,-0.0171,0.0026,-0.0008,0.0848
Jeff Teague,ATL,2019,19000000,0.174088,0.0773,-0.0968,8436522,19000000,0.04,0.7179,0.2467,,,1264,0.5122,19.3,75,0,0,0.25,0.0005,0.0003,-0.0016,0.0121,-0.012,0.0008,0.0086,0.0019,-0.0027,-0.0171,0.0026,-0.0008,0.0848
JaVale McGee,,2019,4000000,0.036650174,0.077,0.0404,8403780,4000000,-0.072,0.6729,0.1602,,,1671,0.9146,20.2,84,0,0,0.25,-0.0042,0.0003,-0.001,0.0121,-0.012,0.0174,-0.0161,0.0066,0.0044,-0.0171,0.0026,-0.0008,0.0848
Marvin Williams,CHO,2019,14049901,0.128733,0.0769,-0.0518,8392866,14049901,0.2425,0.4369,0.3302,,,2133,0.9146,14.9,80,0,0,0.25,0.0089,0.0002,-0.0022,0.0121,-0.012,0.0364,-0.0161,-0.0211,0.0013,-0.0171,0.0026,-0.0008,0.0848
E'Twaun Moore,NOP,2019,8664928,0.079393,0.0765,-0.0029,8349210,8664928,0.2532,-1.3952,0.0029,,,1463,0.6463,17.3,75,0,0,0.25,0.0094,-0.0007,0.0002,0.0121,-0.012,0.0089,0.0004,-0.0086,-0.0027,-0.0171,0.0026,-0.0008,0.0848
Bobby Portis,,2019,15000000,0.137438153,0.0764,-0.061,8338295,15000000,-0.3865,-0.4117,0.0036,,,768,0.3415,23.3,81,0,0,0.25,-0.0174,-0.0002,0.0002,0.0121,-0.012,-0.0196,0.019,0.0227,0.002,-0.0171,0.0026,-0.0008,0.0848
Rondae Hollis-Jefferson,TOR,2019,2500000,0.022906,0.0759,0.053,8283725,2500000,-0.0613,0.0491,-0.1284,,,1234,0.7195,21.6,78,0,0,0.25,-0.0038,0,0.0012,0.0121,-0.012,-0.0005,-0.0041,0.0139,-0.0003,-0.0171,0.0026,-0.0008,0.0848
Elfrid Payton,NYK,2019,8000000,0.0733,0.0753,0.002,8218242,8000000,0.056,0.3076,-0.2035,,,1250,0.5122,18.3,75,0,0,0.25,0.0011,0.0001,0.0017,0.0121,-0.012,0.0002,0.0086,-0.0033,-0.0027,-0.0171,0.0026,-0.0008,0.0848
Markieff Morris,DET,2019,2241808,0.020541,0.075,0.0544,8185500,2241808,-0.088,-0.2656,-0.745,,,883,0.4146,19.5,81,0,0,0.25,-0.0049,-0.0001,0.0058,0.0121,-0.012,-0.0149,0.0145,0.0029,0.002,-0.0171,0.0026,-0.0008,0.0848
Kevon Looney,,2019,4464286,0.040904215,0.0748,0.0339,8163672,4464286,1.1807,0.8247,0.4488,,,1481,0.9756,12.8,81,0,0,0.25,0.0482,0.0004,-0.0031,0.0121,-0.012,0.0096,-0.0198,-0.032,0.002,-0.0171,0.0026,-0.0008,0.0848
Joakim Noah,LAC,2019,434704,0.003983,0.0743,0.0703,8109102,434704,0.2265,1.1225,-0.0914,,,693,0.5122,20,83,0,0,0.25,0.0083,0.0005,0.0009,0.0121,-0.012,-0.0227,0.0086,0.0055,0.0036,-0.0171,0.0026,-0.0008,0.0848
Trevor Ariza,POR,2019,12200000,0.111783,0.0741,-0.0377,8087274,12200000,-0.1892,-0.8276,0.048,,,1465,0.5244,18.2,80,0,0,0.25,-0.0091,-0.0004,-0.0001,0.0121,-0.012,0.009,0.0078,-0.0039,0.0013,-0.0171,0.0026,-0.0008,0.0848
Taurean Prince,,2019,3481986,0.031903848,0.074,0.042,8076360,3481986,-0.2692,-1.0468,-0.4153,,,1552,0.6707,19.5,78,0,0,0.25,-0.0125,-0.0005,0.0033,0.0121,-0.012,0.0126,-0.0011,0.0029,-0.0003,-0.0171,0.0026,-0.0008,0.0848
Shai Gilgeous-Alexander,,2019,3952920,0.036218802,0.0739,0.0376,8065445,3952920,-0.1839,-0.5972,-0.0193,,,2174,1,18.3,78,0,0,0.25,-0.0089,-0.0003,0.0004,0.0121,-0.012,0.0381,-0.0213,-0.0033,-0.0003,-0.0171,0.0026,-0.0008,0.0848
Marvin Bagley III,,2019,8556120,0.078395822,0.0738,-0.0046,8054532,8556120,-0.7596,-0.7433,-0.0375,,,1567,0.7561,24.2,82,0,0,0.25,-0.033,-0.0004,0.0005,0.0121,-0.012,0.0132,-0.0064,0.0274,0.0028,-0.0171,0.0026,-0.0008,0.0848
Ish Smith,WAS,2019,6000000,0.054975,0.0735,0.0185,8021790,6000000,0.1199,-0.6422,-0.254,,,1251,0.6829,19.9,72,0,0,0.25,0.0038,-0.0003,0.0021,0.0121,-0.012,0.0002,-0.0019,0.005,-0.005,-0.0171,0.0026,-0.0008,0.0848
Alex Len,SAC,2019,4160000,0.038116,0.0733,0.0351,7999962,4160000,-0.3918,-0.024,-0.743,,,1544,0.939,22.1,84,0,0,0.25,-0.0176,0,0.0058,0.0121,-0.012,0.0122,-0.0176,0.0165,0.0044,-0.0171,0.0026,-0.0008,0.0848
Nicolas Batum,,2019,25565217,0.234242413,0.0727,-0.1615,7934478,25565217,0.1359,-0.2712,0.177,,,2354,0.9146,13.2,79,0,0,0.25,0.0045,-0.0001,-0.0011,0.0121,-0.012,0.0454,-0.0161,-0.03,0.0005,-0.0171,0.0026,-0.0008,0.0848
Josh Jackson,MEM,2019,7059480,0.064683,0.0723,0.0076,7890822,7059480,-1.0048,-1.5301,-1.0686,,,1988,0.9634,23.9,80,0,0,0.25,-0.0432,-0.0007,0.0082,0.0121,-0.012,0.0304,-0.019,0.0259,0.0013,-0.0171,0.0026,-0.0008,0.0848
Malik Beasley,MIN,2019,2731714,0.025029,0.0719,0.0469,7847166,2731714,0.1519,-0.305,0.6912,,,1879,0.9878,18.7,76,0,0,0.25,0.0051,-0.0002,-0.0049,0.0121,-0.012,0.026,-0.0205,-0.0013,-0.0019,-0.0171,0.0026,-0.0008,0.0848
George Hill,MIL,2019,10133907,0.092852,0.0718,-0.0211,7836252,10133907,0.9035,0.1896,0.2848,,,958,0.5732,14.4,76,0,0,0.25,0.0366,0.0001,-0.0019,0.0121,-0.012,-0.0118,0.0048,-0.0237,-0.0019,-0.0171,0.0026,-0.0008,0.0848
Allen Crabbe,MIN,2019,17818456,0.163262,0.0703,-0.093,7672542,17818456,0.2639,-1.0468,-0.3086,,,1133,0.5244,16.4,77,0,0,0.25,0.0098,-0.0005,0.0025,0.0121,-0.012,-0.0046,0.0078,-0.0133,-0.0011,-0.0171,0.0026,-0.0008,0.0848
Tyler Zeller,SAS,2019,245686,0.002251,0.0702,0.068,7661628,245686,-0.1786,-0.3274,-0.1001,,,82,0.0488,21.8,84,0,0,0.25,-0.0087,-0.0002,0.001,0.0121,-0.012,-0.0477,0.0369,0.0149,0.0044,-0.0171,0.0026,-0.0008,0.0848
P.J. Tucker,HOU,2019,8349039,0.076498,0.0689,-0.0076,7519746,8349039,0.2639,0.1896,0.3925,,,2802,1,9.5,77,0,0,0.25,0.0098,0.0001,-0.0027,0.0121,-0.012,0.0638,-0.0213,-0.0493,-0.0011,-0.0171,0.0026,-0.0008,0.0848
Emmanuel Mudiay,UTA,2019,1737145,0.015917,0.0679,0.0519,7410606,1737145,-1.1701,-1.4233,-0.8187,,,1607,0.7195,25.6,75,0,0,0.25,-0.0501,-0.0007,0.0063,0.0121,-0.012,0.0148,-0.0041,0.0347,-0.0027,-0.0171,0.0026,-0.0008,0.0848
Mario Hezonja,POR,2019,1737145,0.015917,0.0677,0.0518,7388778,1737145,-0.3492,-0.3836,-0.7157,,,1206,0.7073,21.3,80,0,0,0.25,-0.0158,-0.0002,0.0056,0.0121,-0.012,-0.0016,-0.0034,0.0123,0.0013,-0.0171,0.0026,-0.0008,0.0848
Kyle Anderson,,2019,9073050,0.083132216,0.0669,-0.0162,7301466,9073050,0.5624,-0.4567,0.3211,,,1281,0.5244,12.6,80,0,0,0.25,0.0223,-0.0002,-0.0022,0.0121,-0.012,0.0014,0.0078,-0.0331,0.0013,-0.0171,0.0026,-0.0008,0.0848
Kent Bazemore,SAC,2019,19269662,0.176559,0.0665,-0.1101,7257810,19269662,-0.5464,-0.8445,-0.1153,,,1643,0.8171,22,76,0,0,0.25,-0.0241,-0.0004,0.0011,0.0121,-0.012,0.0163,-0.0101,0.016,-0.0019,-0.0171,0.0026,-0.0008,0.0848
Reggie Bullock,NYK,2019,4000000,0.03665,0.0662,0.0295,7225067,4000000,-0.0027,,0.2356,,,1355,0.5366,16.7,78,0,0,0.25,-0.0013,-0.0001,-0.0015,0.0121,-0.012,0.0045,0.0071,-0.0117,-0.0003,-0.0171,0.0026,-0.0008,0.0848
Kentavious Caldwell-Pope,,2019,8089282,0.074118398,0.0661,-0.0081,7214154,8089282,-0.1253,-0.5129,0.3501,,,2035,1,18.1,77,0,0,0.25,-0.0064,-0.0003,-0.0024,0.0121,-0.012,0.0324,-0.0213,-0.0044,-0.0011,-0.0171,0.0026,-0.0008,0.0848
Taj Gibson,NYK,2019,9800000,0.089793,0.0659,-0.0239,7192326,9800000,0.0453,0.1503,0.4461,,,1686,0.8537,17.2,81,0,0,0.25,0.0007,0.0001,-0.0031,0.0121,-0.012,0.0181,-0.0123,-0.0091,0.002,-0.0171,0.0026,-0.0008,0.0848
Dwight Howard,LAL,2019,2564753,0.0235,0.0655,0.042,7148670,2564753,-0.1679,-0.1251,-0.8234,,,230,0.1098,19.6,82,0,0,0.25,-0.0082,-0.0001,0.0064,0.0121,-0.012,-0.0416,0.0332,0.0034,0.0028,-0.0171,0.0026,-0.0008,0.0848
Luke Kennard,,2019,3827160,0.03506652,0.0648,0.0297,7072272,3827160,0.056,-0.9175,0.1241,,,1437,0.7683,18.1,77,0,0,0.25,0.0011,-0.0004,-0.0007,0.0121,-0.012,0.0078,-0.0071,-0.0044,-0.0011,-0.0171,0.0026,-0.0008,0.0848
Chris Boucher,,2019,1488967,0.013642725,0.0644,0.0508,7028616,1488967,0.0666,0.0884,0.9589,,,163,0.3415,23.6,80,0,0,0.25,0.0016,0,-0.0069,0.0121,-0.012,-0.0444,0.019,0.0243,0.0013,-0.0171,0.0026,-0.0008,0.0848
Jeff Green,,2019,2564753,0.023499661,0.0632,0.0398,6897648,2564753,-0.4611,-0.6815,-0.219,,,2097,0.939,17.8,80,0,0,0.25,-0.0205,-0.0003,0.0019,0.0121,-0.012,0.0349,-0.0176,-0.006,0.0013,-0.0171,0.0026,-0.0008,0.0848
Michael Kidd-Gilchrist,CHO,2019,12189237,0.111684,0.0611,-0.0506,6668454,12189237,0.4664,0.0491,-0.1109,,,1179,0.7805,15.7,78,0,0,0.25,0.0183,0,0.0011,0.0121,-0.012,-0.0027,-0.0079,-0.0169,-0.0003,-0.0171,0.0026,-0.0008,0.0848
James Johnson,MIN,2019,15349400,0.14064,0.0605,-0.0802,6602970,15349400,-0.024,-0.6759,-0.4251,,,1164,0.6707,17.8,79,0,0,0.25,-0.0022,-0.0003,0.0034,0.0121,-0.012,-0.0033,-0.0011,-0.006,0.0005,-0.0171,0.0026,-0.0008,0.0848
Wayne Ellington,NYK,2019,8000000,0.0733,0.0603,-0.013,6581142,8000000,0.1839,0.5605,0.9502,,,764,0.3415,17.7,76,0,0,0.25,0.0065,0.0003,-0.0069,0.0121,-0.012,-0.0197,0.019,-0.0065,-0.0019,-0.0171,0.0026,-0.0008,0.0848
Mason Plumlee,,2019,14041096,0.128652153,0.0602,-0.0685,6570228,14041096,0.1146,0.8303,0.3036,,,1731,1,16.2,84,0,0,0.25,0.0036,0.0004,-0.002,0.0121,-0.012,0.0199,-0.0213,-0.0143,0.0044,-0.0171,0.0026,-0.0008,0.0848
Joe Harris,BRK,2019,7666667,0.070246,0.0601,-0.0101,6559314,7666667,-0.4877,0.0491,0.5023,,,2293,0.9268,17,78,0,0,0.25,-0.0216,0,-0.0035,0.0121,-0.012,0.0429,-0.0168,-0.0101,-0.0003,-0.0171,0.0026,-0.0008,0.0848
Trey Lyles,SAS,2019,5500000,0.050394,0.0599,0.0095,6537486,5500000,-0.589,-0.2881,-0.511,,,1120,0.7805,23.4,81,0,0,0.25,-0.0258,-0.0001,0.004,0.0121,-0.012,-0.0052,-0.0079,0.0233,0.002,-0.0171,0.0026,-0.0008,0.0848
Lonzo Ball,,2019,8719320,0.079891149,0.0598,-0.0201,6526572,8719320,-0.2052,0.1446,0.0871,,,1423,0.5732,16.9,77,0,0,0.25,-0.0098,0.0001,-0.0004,0.0121,-0.012,0.0073,0.0048,-0.0106,-0.0011,-0.0171,0.0026,-0.0008,0.0848
Isaiah Thomas,LAC,2019,2320044,0.021258,0.0596,0.0383,6504744,2320044,-1.4792,-0.704,-1.7993,,,181,0.1463,30.4,69,0,0,0.25,-0.0631,-0.0003,0.0137,0.0121,-0.012,-0.0436,0.031,0.0598,-0.0074,-0.0171,0.0026,-0.0008,0.0848
Luc Mbah a Moute,HOU,2019,289803,0.002655,0.0591,0.0564,6450174,289803,0.2692,-0.305,-1.1026,,,61,0.0488,15.4,80,0,0,0.25,0.0101,-0.0002,0.0085,0.0121,-0.012,-0.0486,0.0369,-0.0185,0.0013,-0.0171,0.0026,-0.0008,0.0848
Wesley Matthews,MIL,2019,2564753,0.0235,0.0589,0.0354,6428346,2564753,-0.4238,-0.7265,0.0134,,,1312,0.5366,18.9,77,0,0,0.25,-0.0189,-0.0004,0.0001,0.0121,-0.012,0.0027,0.0071,-0.0002,-0.0011,-0.0171,0.0026,-0.0008,0.0848
John Henson,DET,2019,9732396,0.089174,0.0589,-0.0303,6428346,9732396,0.0346,-0.1926,-0.3446,,,188,0.1707,18.6,81,0,0,0.25,0.0002,-0.0001,0.0028,0.0121,-0.012,-0.0434,0.0295,-0.0018,0.002,-0.0171,0.0026,-0.0008,0.0848
Dion Waiters,LAL,2019,503656,0.004615,0.0588,0.0542,6417432,503656,-0.5144,-0.4511,-0.0981,,,1138,0.5366,21.1,75,0,0,0.25,-0.0227,-0.0002,0.001,0.0121,-0.012,-0.0044,0.0071,0.0113,-0.0027,-0.0171,0.0026,-0.0008,0.0848
Thomas Bryant,,2019,8000000,0.073300348,0.0585,-0.0148,6384690,8000000,-0.0506,0.7067,-0.0301,,,1496,0.878,17.6,81,0,0,0.25,-0.0033,0.0003,0.0004,0.0121,-0.012,0.0103,-0.0138,-0.007,0.002,-0.0171,0.0026,-0.0008,0.0848
DeAndre Jordan,,2019,9881598,0.090540572,0.0581,-0.0324,6341034,9881598,-0.1093,-0.2993,0.1177,,,1554,0.6098,14.4,83,0,0,0.25,-0.0058,-0.0002,-0.0007,0.0121,-0.012,0.0126,0.0026,-0.0237,0.0036,-0.0171,0.0026,-0.0008,0.0848
Marco Belinelli,SAS,2019,5846154,0.053566,0.058,0.0044,6330120,5846154,-0.4398,-0.6422,-0.054,,,1815,0.9634,19.8,77,0,0,0.25,-0.0196,-0.0003,0.0006,0.0121,-0.012,0.0233,-0.019,0.0045,-0.0011,-0.0171,0.0026,-0.0008,0.0848
Josh Hart,,2019,1934160,0.017721825,0.0576,0.0399,6286464,1934160,0.2585,-0.5579,0.1568,,,1715,0.8171,13.5,77,0,0,0.25,0.0096,-0.0003,-0.0009,0.0121,-0.012,0.0192,-0.0101,-0.0284,-0.0011,-0.0171,0.0026,-0.0008,0.0848
Delon Wright,DAL,2019,9473684,0.086803,0.057,-0.0298,6220980,9473684,0.2532,0.6336,0.0016,,,897,0.5976,17.1,76,0,0,0.25,0.0094,0.0003,0.0002,0.0121,-0.012,-0.0143,0.0033,-0.0096,-0.0019,-0.0171,0.0026,-0.0008,0.0848
Will Barton,DEN,2019,12776786,0.117068,0.0567,-0.0604,6188238,12776786,-0.6263,-0.6197,-0.6217,,,1189,0.5244,20,77,0,0,0.25,-0.0274,-0.0003,0.0049,0.0121,-0.012,-0.0023,0.0078,0.0055,-0.0011,-0.0171,0.0026,-0.0008,0.0848
Bruno Caboclo,HOU,2019,1845301,0.016908,0.0564,0.0395,6155496,1845301,-0.1306,,,,,,,,81,0,0,0.25,-0.0067,-0.0001,0,0.0121,-0.012,-0.0014,-0.0022,-0.0049,0.002,-0.0171,0.0026,-0.0008,0.0848
Tyler Johnson,BRK,2019,212753,0.001949,0.056,0.054,6111840,212753,-0.3705,-0.4904,-0.319,,,1123,0.5366,19.2,75,0,0,0.25,-0.0167,-0.0002,0.0026,0.0121,-0.012,-0.005,0.0071,0.0014,-0.0027,-0.0171,0.0026,-0.0008,0.0848
Derrick Jones Jr.,,2019,1645357,0.015075655,0.0555,0.0405,6057270,1645357,0.3598,0.1446,0.2316,,,1153,0.7317,15.6,78,0,0,0.25,0.0138,0.0001,-0.0015,0.0121,-0.012,-0.0038,-0.0049,-0.0174,-0.0003,-0.0171,0.0026,-0.0008,0.0848
JaKarr Sampson,IND,2019,1737145,0.015917,0.0551,0.0392,6013614,1737145,-0.3758,-0.0577,1.4721,,,127,0.0488,23.1,79,0,0,0.25,-0.0169,0,-0.0108,0.0121,-0.012,-0.0459,0.0369,0.0217,0.0005,-0.0171,0.0026,-0.0008,0.0848
Richaun Holmes,SAC,2019,4767000,0.043678,0.0548,0.0111,5980872,4767000,0.1039,-0.0802,-0.0183,,,1184,0.8537,17.9,81,0,0,0.25,0.0031,0,0.0004,0.0121,-0.012,-0.0025,-0.0123,-0.0054,0.002,-0.0171,0.0026,-0.0008,0.0848
Justin Holiday,IND,2019,4767000,0.043678,0.0545,0.0109,5948130,4767000,-0.1679,-0.7602,0.2191,,,1325,0.4634,15.2,78,0,0,0.25,-0.0082,-0.0004,-0.0014,0.0121,-0.012,0.0033,0.0116,-0.0195,-0.0003,-0.0171,0.0026,-0.0008,0.0848
Ed Davis,UTA,2019,4767000,0.043678,0.0537,0.01,5860818,4767000,0.7116,0.8191,0.2902,,,1446,0.9878,12.7,81,0,0,0.25,0.0285,0.0004,-0.0019,0.0121,-0.012,0.0082,-0.0205,-0.0326,0.002,-0.0171,0.0026,-0.0008,0.0848
Mike Muscala,OKC,2019,2028594,0.018587,0.0535,0.0349,5838990,2028594,0.1679,-0.423,-0.4136,,,1041,0.5732,14.3,82,0,0,0.25,0.0058,-0.0002,0.0033,0.0121,-0.012,-0.0084,0.0048,-0.0242,0.0028,-0.0171,0.0026,-0.0008,0.0848
Wendell Carter Jr.,,2019,5201400,0.047658054,0.0533,0.0057,5817162,5201400,-0.7063,0.1559,-1.2154,,,1110,0.5366,19.1,82,0,0,0.25,-0.0307,0.0001,0.0093,0.0121,-0.012,-0.0056,0.0071,0.0008,0.0028,-0.0171,0.0026,-0.0008,0.0848
Jalen Brunson,,2019,1416852,0.012981968,0.0527,0.0397,5751678,1416852,-0.3651,-0.4061,-0.3443,,,1591,0.8902,19.1,74,0,0,0.25,-0.0165,-0.0002,0.0028,0.0121,-0.012,0.0142,-0.0146,0.0008,-0.0034,-0.0171,0.0026,-0.0008,0.0848
Luke Kornet,,2019,2250000,0.020615723,0.0521,0.0314,5686194,2250000,-0.1146,0.4481,-0.2257,,,784,0.561,17.9,85,0,0,0.25,-0.006,0.0002,0.0019,0.0121,-0.012,-0.0189,0.0056,-0.0054,0.0052,-0.0171,0.0026,-0.0008,0.0848
Gorgui Dieng,MEM,2019,16229213,0.148701,0.0521,-0.0966,5686194,16229213,0.0187,0.1784,-0.2651,,,1031,0.9268,19.6,82,0,0,0.25,-0.0004,0.0001,0.0022,0.0121,-0.012,-0.0088,-0.0168,0.0034,0.0028,-0.0171,0.0026,-0.0008,0.0848
Ivica Zubac,,2019,6481482,0.059386861,0.0515,-0.0079,5620710,6481482,-0.4877,0.0322,-0.2638,,,524,0.3171,20.1,84,0,0,0.25,-0.0216,0,0.0022,0.0121,-0.012,-0.0296,0.0205,0.006,0.0044,-0.0171,0.0026,-0.0008,0.0848
Josh Okogie,,2019,2530680,0.023187466,0.0512,0.028,5587968,2530680,-0.072,0.1446,-0.0388,,,1757,0.9024,15.4,76,0,0,0.25,-0.0042,0.0001,0.0005,0.0121,-0.012,0.021,-0.0153,-0.0185,-0.0019,-0.0171,0.0026,-0.0008,0.0848
Malik Monk,,2019,4028400,0.03691039,0.0511,0.0142,5577054,4028400,-0.8129,-0.8445,-0.5493,,,1258,0.8902,24.6,75,0,0,0.25,-0.0352,-0.0004,0.0043,0.0121,-0.012,0.0005,-0.0146,0.0295,-0.0027,-0.0171,0.0026,-0.0008,0.0848
Dorian Finney-Smith,,2019,4000000,0.036650174,0.051,0.0143,5566140,4000000,-0.0453,-0.5185,-0.0102,,,1985,0.9878,14,79,0,0,0.25,-0.0031,-0.0003,0.0003,0.0121,-0.012,0.0303,-0.0205,-0.0258,0.0005,-0.0171,0.0026,-0.0008,0.0848
Tristan Thompson,CLE,2019,18539130,0.169866,0.051,-0.1189,5566140,18539130,-0.557,-0.0689,-0.579,,,1198,0.5244,17.7,81,0,0,0.25,-0.0245,0,0.0045,0.0121,-0.012,-0.002,0.0078,-0.0065,0.002,-0.0171,0.0026,-0.0008,0.0848
Kyle Korver,MIL,2019,2564753,0.0235,0.0509,0.0274,5555226,2564753,-0.1999,-0.0408,0.2006,,,1083,0.6585,18.7,79,0,0,0.25,-0.0096,0,-0.0013,0.0121,-0.012,-0.0067,-0.0004,-0.0013,0.0005,-0.0171,0.0026,-0.0008,0.0848
Kyle O'Quinn,PHI,2019,2028594,0.018587,0.0507,0.0321,5533398,2028594,-0.1253,-0.0914,-0.6982,,,371,0.5488,20.8,81,0,0,0.25,-0.0064,-0.0001,0.0054,0.0121,-0.012,-0.0359,0.0063,0.0097,0.002,-0.0171,0.0026,-0.0008,0.0848
Landry Shamet,,2019,1995120,0.018280374,0.0505,0.0322,5511570,1995120,0.2159,-0.6365,-0.1146,,,1108,0.6585,15,77,0,0,0.25,0.0078,-0.0003,0.0011,0.0121,-0.012,-0.0056,-0.0004,-0.0206,-0.0011,-0.0171,0.0026,-0.0008,0.0848
Luol Deng,LAL,2019,5000000,0.045813,0.0502,0.0044,5478828,5000000,0.2852,-0.1251,0.5858,,,392,0.2683,15.8,81,0,0,0.25,0.0107,-0.0001,-0.0041,0.0121,-0.012,-0.035,0.0235,-0.0164,0.002,-0.0171,0.0026,-0.0008,0.0848
Rodney Hood,POR,2019,5718000,0.052391,0.05,-0.0024,5457000,5718000,-0.6477,-0.0802,-0.0762,,,1234,0.5488,19.1,80,0,0,0.25,-0.0283,0,0.0008,0.0121,-0.012,-0.0005,0.0063,0.0008,0.0013,-0.0171,0.0026,-0.0008,0.0848
Anfernee Simons,,2019,2149560,0.019695437,0.05,0.0303,5457000,2149560,-0.8342,-0.8782,-1.5707,,,141,0.2439,24.3,75,0,0,0.25,-0.0361,-0.0004,0.012,0.0121,-0.012,-0.0453,0.025,0.028,-0.0027,-0.0171,0.0026,-0.0008,0.0848
Moritz Wagner,,2019,2063520,0.018907092,0.0499,0.031,5446086,2063520,-0.6637,-0.6478,-2.191,,,446,0.5244,21.7,83,0,0,0.25,-0.029,-0.0003,0.0166,0.0121,-0.012,-0.0328,0.0078,0.0144,0.0036,-0.0171,0.0026,-0.0008,0.0848
Jaren Jackson Jr.,,2019,6927480,0.063473337,0.0499,-0.0135,5446086,6927480,-0.3012,-0.2881,,,,,,,82,0,0,0.25,-0.0138,-0.0001,0,0.0121,-0.012,-0.0014,-0.0022,-0.0049,0.0028,-0.0171,0.0026,-0.0008,0.0848
Terry Rozier,,2019,19894737,0.182286394,0.0494,-0.1329,5391516,19894737,-0.4344,-0.1813,-0.2409,,,1791,0.9634,18.6,73,0,0,0.25,-0.0194,-0.0001,0.002,0.0121,-0.012,0.0224,-0.019,-0.0018,-0.0042,-0.0171,0.0026,-0.0008,0.0848
Kris Dunn,,2019,5348007,0.049001347,0.0494,0.0004,5391516,5348007,-0.8449,-0.6815,-0.2146,,,1389,0.561,20.1,75,0,0,0.25,-0.0365,-0.0003,0.0018,0.0121,-0.012,0.0059,0.0056,0.006,-0.0027,-0.0171,0.0026,-0.0008,0.0848
Ian Mahinmi,WAS,2019,15450051,0.141562,0.0493,-0.0923,5380602,15450051,0.4238,0.2008,-0.9262,,,498,0.4146,12.9,83,0,0,0.25,0.0165,0.0001,0.0071,0.0121,-0.012,-0.0306,0.0145,-0.0315,0.0036,-0.0171,0.0026,-0.0008,0.0848
Tony Bradley,,2019,1962360,0.017980209,0.0484,0.0305,5282376,1962360,-0.8609,-0.3499,-0.1089,,,36,0.0366,23.6,82,0,0,0.25,-0.0372,-0.0002,0.001,0.0121,-0.012,-0.0496,0.0377,0.0243,0.0028,-0.0171,0.0026,-0.0008,0.0848
Damyean Dotson,NYK,2019,1618520,0.01483,0.0474,0.0326,5173236,1618520,-0.6796,-1.71,-0.1614,,,2004,0.8902,17.3,77,0,0,0.25,-0.0296,-0.0008,0.0014,0.0121,-0.012,0.0311,-0.0146,-0.0086,-0.0011,-0.0171,0.0026,-0.0008,0.0848
Monte Morris,,2019,1588231,0.014552236,0.0474,0.0328,5173236,1588231,-0.2425,0.3863,0.8835,,,1970,1,17.1,74,0,0,0.25,-0.0113,0.0002,-0.0064,0.0121,-0.012,0.0297,-0.0213,-0.0096,-0.0034,-0.0171,0.0026,-0.0008,0.0848
DeAndre' Bembry,ATL,2019,2603982,0.023859,0.0467,0.0228,5096838,2603982,-0.4344,-0.8951,-0.0126,,,1931,1,17.2,77,0,0,0.25,-0.0194,-0.0004,0.0003,0.0121,-0.012,0.0281,-0.0213,-0.0091,-0.0011,-0.0171,0.0026,-0.0008,0.0848
Norman Powell,,2019,10116576,0.092693568,0.0465,-0.0462,5075010,10116576,-0.2106,-0.2993,0.1326,,,1126,0.7317,19,75,0,0,0.25,-0.01,-0.0002,-0.0008,0.0121,-0.012,-0.0049,-0.0049,0.0003,-0.0027,-0.0171,0.0026,-0.0008,0.0848
Dillon Brooks,,2019,1618520,0.01482976,0.0463,0.0315,5053182,1618520,-0.7276,-1.148,-1.2195,,,330,0.2195,20.9,79,0,0,0.25,-0.0316,-0.0005,0.0093,0.0121,-0.012,-0.0375,0.0265,0.0102,0.0005,-0.0171,0.0026,-0.0008,0.0848
Thabo Sefolosha,HOU,2019,2564753,0.0235,0.0461,0.0226,5031354,2564753,0.9728,0.0379,1.0546,,,609,0.6098,12.9,78,0,0,0.25,0.0395,0,-0.0076,0.0121,-0.012,-0.0261,0.0026,-0.0315,-0.0003,-0.0171,0.0026,-0.0008,0.0848
Tyus Jones,,2019,8400000,0.076965366,0.0455,-0.0315,4965870,8400000,0.2159,0.3863,0.5471,,,1560,0.8293,14.1,72,0,0,0.25,0.0078,0.0002,-0.0039,0.0121,-0.012,0.0129,-0.0108,-0.0253,-0.005,-0.0171,0.0026,-0.0008,0.0848
Mitchell Robinson,,2019,1559712,0.014290929,0.0454,0.0311,4954956,1559712,0.4451,0.6954,0.8219,,,1360,0.8049,12.1,84,0,0,0.25,0.0174,0.0003,-0.0059,0.0121,-0.012,0.0047,-0.0093,-0.0357,0.0044,-0.0171,0.0026,-0.0008,0.0848
Dusty Hannahs,MEM,2019,81678,0.000748,0.0444,0.0436,4845816,81678,-1.2074,-0.2207,-1.87,,,26,0.0244,23.9,76,0,0,0.25,-0.0517,-0.0001,0.0142,0.0121,-0.012,-0.05,0.0384,0.0259,-0.0019,-0.0171,0.0026,-0.0008,0.0848
Noah Vonleh,DEN,2019,2000000,0.018325,0.0441,0.0257,4813074,2000000,-0.3492,0.139,-0.0163,,,1722,0.8293,14.8,82,0,0,0.25,-0.0158,0.0001,0.0003,0.0121,-0.012,0.0195,-0.0108,-0.0216,0.0028,-0.0171,0.0026,-0.0008,0.0848
Mo Bamba,,2019,5697600,0.052204508,0.0437,-0.0085,4769418,5697600,-0.4611,-0.0577,-1.4535,,,766,0.5732,17.8,84,0,0,0.25,-0.0205,0,0.0111,0.0121,-0.012,-0.0197,0.0048,-0.006,0.0044,-0.0171,0.0026,-0.0008,0.0848
Miles Bridges,,2019,3755400,0.034409016,0.0435,0.0091,4747590,3755400,-0.1146,-0.1364,-0.0914,,,1696,0.9756,15.1,79,0,0,0.25,-0.006,-0.0001,0.0009,0.0121,-0.012,0.0185,-0.0198,-0.02,0.0005,-0.0171,0.0026,-0.0008,0.0848
Jakob Poeltl,,2019,3754886,0.034404306,0.0432,0.0088,4714848,3754886,0.4451,0.8134,0.245,,,1273,0.939,13.1,84,0,0,0.25,0.0174,0.0004,-0.0016,0.0121,-0.012,0.0011,-0.0176,-0.0305,0.0044,-0.0171,0.0026,-0.0008,0.0848
Tim Hardaway Jr.,,2019,18150000,0.166300165,0.0428,-0.1235,4671192,18150000,-0.3811,0.0266,,,,,,,77,0,0,0.25,-0.0171,0,0,0.0121,-0.012,-0.0014,-0.0022,-0.0049,-0.0011,-0.0171,0.0026,-0.0008,0.0848
Denzel Valentine,CHI,2019,3377569,0.030947,0.042,0.011,4583880,3377569,-0.3811,,,,,,,,76,0,0,0.25,-0.0171,-0.0001,0,0.0121,-0.012,-0.0014,-0.0022,-0.0049,-0.0019,-0.0171,0.0026,-0.0008,0.0848
Gerald Green,DEN,2019,2564753,0.0235,0.0418,0.0183,4562052,2564753,-0.5997,-0.985,-0.19,,,1473,0.8902,19.5,78,0,0,0.25,-0.0263,-0.0005,0.0016,0.0121,-0.012,0.0093,-0.0146,0.0029,-0.0003,-0.0171,0.0026,-0.0008,0.0848
Ivan Rabb,MEM,2019,371758,0.003406,0.0411,0.0377,4485654,371758,-0.0933,-0.4174,-0.1483,,,721,0.5976,17.2,82,0,0,0.25,-0.0051,-0.0002,0.0013,0.0121,-0.012,-0.0215,0.0033,-0.0091,0.0028,-0.0171,0.0026,-0.0008,0.0848
Aron Baynes,PHO,2019,5453280,0.049966,0.0411,-0.0088,4485654,5453280,-0.0027,-0.2319,-0.6763,,,821,0.622,15.2,82,0,0,0.25,-0.0013,-0.0001,0.0053,0.0121,-0.012,-0.0174,0.0019,-0.0195,0.0028,-0.0171,0.0026,-0.0008,0.0848
Isaac Bonga,WAS,2019,1416852,0.012982,0.0404,0.0274,4409256,1416852,0.0613,-0.1476,-1.0208,,,120,0.2683,15.7,80,0,0,0.25,0.0014,-0.0001,0.0078,0.0121,-0.012,-0.0461,0.0235,-0.0169,0.0013,-0.0171,0.0026,-0.0008,0.0848
Michael Porter Jr.,,2019,3389400,0.031055525,0.0393,0.0083,4289202,3389400,-0.557,,,,,,,,82,0,0,0.25,-0.0245,-0.0001,0,0.0121,-0.012,-0.0014,-0.0022,-0.0049,0.0028,-0.0171,0.0026,-0.0008,0.0848
Raul Neto,PHI,2019,1737145,0.015917,0.0387,0.0228,4223718,1737145,-0.1039,-0.3555,0.3861,,,474,0.4512,19,74,0,0,0.25,-0.0056,-0.0002,-0.0027,0.0121,-0.012,-0.0316,0.0123,0.0003,-0.0034,-0.0171,0.0026,-0.0008,0.0848
Rodions Kurucs,BRK,2019,1699236,0.015569,0.0376,0.0221,4103664,1699236,-0.6423,-0.3949,-0.2725,,,1294,0.7683,18.4,81,0,0,0.25,-0.0281,-0.0002,0.0023,0.0121,-0.012,0.002,-0.0071,-0.0028,0.002,-0.0171,0.0026,-0.0008,0.0848
Maxi Kleber,,2019,8000000,0.073300348,0.0374,-0.0359,4081836,8000000,0.0133,0.5605,0.5164,,,1502,0.8659,13.5,82,0,0,0.25,-0.0006,0.0003,-0.0036,0.0121,-0.012,0.0105,-0.0131,-0.0284,0.0028,-0.0171,0.0026,-0.0008,0.0848
Seth Curry,,2019,7461380,0.068365219,0.0359,-0.0325,3918126,7461380,-0.1413,-0.5916,0.1353,,,1399,0.9024,16.6,73,0,0,0.25,-0.0071,-0.0003,-0.0008,0.0121,-0.012,0.0063,-0.0153,-0.0122,-0.0042,-0.0171,0.0026,-0.0008,0.0848
Grayson Allen,,2019,2277563,0.02086827,0.0358,0.0149,3907212,2277563,-1.1914,-1.5807,-1.9293,,,416,0.4634,24.4,75,0,0,0.25,-0.051,-0.0007,0.0146,0.0121,-0.012,-0.034,0.0116,0.0285,-0.0027,-0.0171,0.0026,-0.0008,0.0848
Troy Williams,HOU,2019,122741,0.001125,0.0357,0.0345,3896298,122741,-0.1199,-0.7546,-0.8817,,,312,0.2561,15,79,0,0,0.25,-0.0062,-0.0004,0.0068,0.0121,-0.012,-0.0383,0.0242,-0.0206,0.0005,-0.0171,0.0026,-0.0008,0.0848
Aaron Holiday,,2019,2239200,0.020516767,0.0356,0.0151,3885384,2239200,-0.5517,-0.9232,-0.2857,,,646,0.6098,21.9,72,0,0,0.25,-0.0243,-0.0004,0.0024,0.0121,-0.012,-0.0246,0.0026,0.0154,-0.005,-0.0171,0.0026,-0.0008,0.0848
Alec Burks,PHI,2019,2320044,0.021258,0.0352,0.0139,3841728,2320044,-0.9248,-0.3836,-0.2133,,,979,0.4146,19.2,77,0,0,0.25,-0.0399,-0.0002,0.0018,0.0121,-0.012,-0.0109,0.0145,0.0014,-0.0011,-0.0171,0.0026,-0.0008,0.0848
Wenyen Gabriel,POR,2019,1445697,0.013246,0.0352,0.0219,3841728,1445697,-0.637,,,,,,,,81,0,0,0.25,-0.0278,-0.0001,0,0.0121,-0.012,-0.0014,-0.0022,-0.0049,0.002,-0.0171,0.0026,-0.0008,0.0848
Kevin Huerter,,2019,2636280,0.02415503,0.035,0.0108,3819900,2636280,-0.7969,-0.4286,-0.0439,,,2048,0.9146,15.7,78,0,0,0.25,-0.0345,-0.0002,0.0006,0.0121,-0.012,0.0329,-0.0161,-0.0169,-0.0003,-0.0171,0.0026,-0.0008,0.0848
Alex Caruso,,2019,2750000,0.025196995,0.0346,0.0094,3776244,2750000,-0.5517,-0.024,0.274,,,531,0.3049,19,77,0,0,0.25,-0.0243,0,-0.0018,0.0121,-0.012,-0.0293,0.0213,0.0003,-0.0011,-0.0171,0.0026,-0.0008,0.0848
David Nwaba,BRK,2019,1678854,0.015383,0.034,0.0187,3710760,1678854,-0.0346,-0.0183,0.0588,,,984,0.622,14.6,77,0,0,0.25,-0.0027,0,-0.0002,0.0121,-0.012,-0.0107,0.0019,-0.0226,-0.0011,-0.0171,0.0026,-0.0008,0.0848
Matthew Dellavedova,CLE,2019,9607500,0.088029,0.034,-0.0541,3710760,9607500,-0.6263,-0.6028,-0.8117,,,715,0.439,18.4,75,0,0,0.25,-0.0274,-0.0003,0.0063,0.0121,-0.012,-0.0218,0.0131,-0.0028,-0.0027,-0.0171,0.0026,-0.0008,0.0848
Shaquille Harrison,CHI,2019,898310,0.008231,0.0335,0.0253,3656190,898310,-0.2745,-0.8108,0.2117,,,1430,0.8902,16.5,76,0,0,0.25,-0.0127,-0.0004,-0.0014,0.0121,-0.012,0.0076,-0.0146,-0.0127,-0.0019,-0.0171,0.0026,-0.0008,0.0848
Doug McDermott,,2019,7333334,0.067191992,0.0333,-0.0339,3634362,7333334,-0.2212,-0.9681,-0.1944,,,1340,0.939,16.3,79,0,0,0.25,-0.0105,-0.0005,0.0017,0.0121,-0.012,0.0039,-0.0176,-0.0138,0.0005,-0.0171,0.0026,-0.0008,0.0848
Rodney McGruder,LAC,2019,4807693,0.044051,0.0331,-0.0109,3612533,4807693,-0.4931,-0.7265,-0.3678,,,1550,0.8049,15.4,76,0,0,0.25,-0.0218,-0.0004,0.003,0.0121,-0.012,0.0125,-0.0093,-0.0185,-0.0019,-0.0171,0.0026,-0.0008,0.0848
Jordan McRae,DET,2019,1645357,0.015076,0.0323,0.0172,3525222,1645357,-0.605,-0.3668,-0.0469,,,333,0.3293,20.4,77,0,0,0.25,-0.0265,-0.0002,0.0006,0.0121,-0.012,-0.0374,0.0198,0.0076,-0.0011,-0.0171,0.0026,-0.0008,0.0848
Zach Collins,,2019,4240200,0.038851017,0.0322,-0.0067,3514308,4240200,-0.4771,-0.5185,-0.9376,,,1356,0.939,16.6,81,0,0,0.25,-0.0212,-0.0003,0.0072,0.0121,-0.012,0.0045,-0.0176,-0.0122,0.002,-0.0171,0.0026,-0.0008,0.0848
Ben McLemore,HOU,2019,2028594,0.018587,0.032,0.0134,3492480,2028594,-0.4984,-0.4455,-0.4806,,,158,0.2317,19.4,75,0,0,0.25,-0.022,-0.0002,0.0038,0.0121,-0.012,-0.0446,0.0257,0.0024,-0.0027,-0.0171,0.0026,-0.0008,0.0848
Demetrius Jackson,BOS,2019,92857,0.000851,0.0317,0.0308,3459738,92857,-0.2372,-0.378,1.2542,,,39,0.0732,19.1,73,0,0,0.25,-0.0111,-0.0002,-0.0091,0.0121,-0.012,-0.0495,0.0354,0.0008,-0.0042,-0.0171,0.0026,-0.0008,0.0848
Torrey Craig,DEN,2019,2000000,0.018325,0.0315,0.0132,3437910,2000000,0.056,-0.3331,-0.1968,,,1503,0.9146,12.4,77,0,0,0.25,0.0011,-0.0002,0.0017,0.0121,-0.012,0.0105,-0.0161,-0.0341,-0.0011,-0.0171,0.0026,-0.0008,0.0848
Michael Carter-Williams,ORL,2019,2028594,0.018587,0.0304,0.0118,3317856,2028594,-0.0986,0.6842,1.127,,,227,0.1463,16.1,78,0,0,0.25,-0.0053,0.0003,-0.0082,0.0121,-0.012,-0.0418,0.031,-0.0148,-0.0003,-0.0171,0.0026,-0.0008,0.0848
Langston Galloway,DET,2019,7333333,0.067192,0.0302,-0.037,3296028,7333333,-0.4504,-0.5298,0.1262,,,1745,0.9756,16.1,73,0,0,0.25,-0.02,-0.0003,-0.0007,0.0121,-0.012,0.0205,-0.0198,-0.0148,-0.0042,-0.0171,0.0026,-0.0008,0.0848
Khem Birch,ORL,2019,3000000,0.027488,0.0295,0.002,3219630,3000000,0.2212,0.5549,0.3282,,,643,0.6098,14.1,80,0,0,0.25,0.008,0.0002,-0.0022,0.0121,-0.012,-0.0247,0.0026,-0.0253,0.0013,-0.0171,0.0026,-0.0008,0.0848
OG Anunoby,TOR,2019,2281800,0.020907,0.0294,0.0085,3208716,2281800,-0.5091,-0.541,-0.744,,,1352,0.8171,15.5,79,0,0,0.25,-0.0225,-0.0003,0.0058,0.0121,-0.012,0.0044,-0.0101,-0.018,0.0005,-0.0171,0.0026,-0.0008,0.0848
Darius Miller,NOP,2019,7250000,0.066428,0.0284,-0.038,3099576,7250000,-0.5677,-1.2042,-0.5335,,,1757,0.8415,13.4,78,0,0,0.25,-0.0249,-0.0006,0.0042,0.0121,-0.012,0.021,-0.0116,-0.0289,-0.0003,-0.0171,0.0026,-0.0008,0.0848
Jared Dudley,LAL,2019,2564753,0.0235,0.0284,0.0049,3099576,2564753,0.2212,-0.2656,-0.1059,,,1220,0.7195,10.4,78,0,0,0.25,0.008,-0.0001,0.001,0.0121,-0.012,-0.0011,-0.0041,-0.0446,-0.0003,-0.0171,0.0026,-0.0008,0.0848
Garrett Temple,,2019,4767000,0.043677845,0.0281,-0.0156,3066834,4767000,-0.7063,-0.7208,-0.2372,,,1530,0.5976,13.9,77,0,0,0.25,-0.0307,-0.0003,0.002,0.0121,-0.012,0.0117,0.0033,-0.0263,-0.0011,-0.0171,0.0026,-0.0008,0.0848
Theo Pinson,NYK,2019,1445697,0.013246,0.0262,0.0129,2859468,1445697,-0.8982,-0.2207,-0.9073,,,211,0.2195,20,77,0,0,0.25,-0.0388,-0.0001,0.007,0.0121,-0.012,-0.0424,0.0265,0.0055,-0.0011,-0.0171,0.0026,-0.0008,0.0848
Antonio Blakeney,CHI,2019,1488231,0.013636,0.0253,0.0117,2761242,1488231,-1.4153,-1.8336,-1.2578,,,829,0.6951,24.5,76,0,0,0.25,-0.0604,-0.0009,0.0096,0.0121,-0.012,-0.0171,-0.0026,0.029,-0.0019,-0.0171,0.0026,-0.0008,0.0848
Johnathan Williams,WAS,2019,106181,0.000973,0.0246,0.0236,2684844,106181,-0.5197,-0.1813,-0.3827,,,372,0.2927,16.4,81,0,0,0.25,-0.0229,-0.0001,0.0031,0.0121,-0.012,-0.0358,0.022,-0.0133,0.002,-0.0171,0.0026,-0.0008,0.0848
J.P. Macura,CLE,2019,106184,0.000973,0.0246,0.0236,2684844,106184,-0.7969,-0.0745,,,,,,,76,0,0,0.25,-0.0345,0,0,0.0121,-0.012,-0.0014,-0.0022,-0.0049,-0.0019,-0.0171,0.0026,-0.0008,0.0848
Miles Plumlee,MEM,2019,12500000,0.114532,0.0246,-0.0899,2684844,12500000,-0.5037,-0.1982,-0.3699,,,173,0.2195,16.7,83,0,0,0.25,-0.0223,-0.0001,0.003,0.0121,-0.012,-0.044,0.0265,-0.0117,0.0036,-0.0171,0.0026,-0.0008,0.0848
Allonzo Trier,NYK,2019,3551100,0.032537,0.0243,-0.0083,2652102,3551100,-1.4419,-2.0415,-0.613,,,1459,0.7805,21.5,76,0,0,0.25,-0.0615,-0.001,0.0048,0.0121,-0.012,0.0087,-0.0079,0.0134,-0.0019,-0.0171,0.0026,-0.0008,0.0848
Kenrich Williams,,2019,1416852,0.012981968,0.024,0.011,2619360,1416852,-0.2958,0.0603,-0.4264,,,1079,0.561,12.3,79,0,0,0.25,-0.0136,0,0.0034,0.0121,-0.012,-0.0068,0.0056,-0.0346,0.0005,-0.0171,0.0026,-0.0008,0.0848
Daniel Theis,BOS,2019,5000000,0.045813,0.0236,-0.0222,2575704,5000000,-0.1626,0.791,0.0325,,,908,0.8049,15.8,80,0,0,0.25,-0.008,0.0004,0,0.0121,-0.012,-0.0138,-0.0093,-0.0164,0.0013,-0.0171,0.0026,-0.0008,0.0848
Pat Connaughton,,2019,1723050,0.015787521,0.0234,0.0076,2553876,1723050,-0.1199,0.1559,0.637,,,1261,0.7439,13.3,77,0,0,0.25,-0.0062,0.0001,-0.0045,0.0121,-0.012,0.0006,-0.0056,-0.0294,-0.0011,-0.0171,0.0026,-0.0008,0.0848
Edmond Sumner,IND,2019,2000000,0.018325,0.0222,0.0038,2422908,2000000,-0.637,-1.3053,-1.2626,,,210,0.2805,17.6,76,0,0,0.25,-0.0278,-0.0006,0.0097,0.0121,-0.012,-0.0425,0.0228,-0.007,-0.0019,-0.0171,0.0026,-0.0008,0.0848
Brandon Goodwin,ATL,2019,522738,0.00479,0.022,0.0172,2401080,522738,-1.3779,-0.3893,-2.0499,,,57,0.1951,23.1,72,0,0,0.25,-0.0588,-0.0002,0.0155,0.0121,-0.012,-0.0487,0.028,0.0217,-0.005,-0.0171,0.0026,-0.0008,0.0848
Donte DiVincenzo,,2019,2905800,0.026624519,0.0218,-0.0048,2379252,2905800,-0.2479,-0.6253,-0.0361,,,411,0.3293,15.1,76,0,0,0.25,-0.0116,-0.0003,0.0005,0.0121,-0.012,-0.0342,0.0198,-0.02,-0.0019,-0.0171,0.0026,-0.0008,0.0848
Jahlil Okafor,NOP,2019,1702486,0.015599,0.0216,0.006,2357424,1702486,-1.0688,-0.1813,-0.912,,,935,0.7195,19.9,82,0,0,0.25,-0.0459,-0.0001,0.007,0.0121,-0.012,-0.0127,-0.0041,0.005,0.0028,-0.0171,0.0026,-0.0008,0.0848
Gary Payton II,,2019,1090781,0.009994328,0.0207,0.0107,2259198,1090781,-0.1732,-0.0464,6.6714,,,16,0.0366,23.8,74,0,0,0.25,-0.0084,0,-0.0496,0.0121,-0.012,-0.0504,0.0377,0.0254,-0.0034,-0.0171,0.0026,-0.0008,0.0848
Justin Jackson,DAL,2019,3280920,0.030062,0.0206,-0.0095,2248284,3280920,-0.3865,-1.0187,-0.5968,,,1083,0.6341,12.9,80,0,0,0.25,-0.0174,-0.0005,0.0047,0.0121,-0.012,-0.0067,0.0011,-0.0315,0.0013,-0.0171,0.0026,-0.0008,0.0848
Elie Okobo,PHO,2019,1416852,0.012982,0.02,0.0071,2182800,1416852,-0.8822,-1.4795,-1.7768,,,958,0.6463,17,75,0,0,0.25,-0.0381,-0.0007,0.0135,0.0121,-0.012,-0.0118,0.0004,-0.0101,-0.0027,-0.0171,0.0026,-0.0008,0.0848
Furkan Korkmaz,PHI,2019,1620564,0.014848,0.0198,0.0049,2160972,1620564,-0.5517,-0.1026,0.2124,,,679,0.5854,17.9,79,0,0,0.25,-0.0243,-0.0001,-0.0014,0.0121,-0.012,-0.0232,0.0041,-0.0054,0.0005,-0.0171,0.0026,-0.0008,0.0848
Jarred Vanderbilt,,2019,1416852,0.012981968,0.0195,0.0065,2128230,1416852,-0.7383,-0.4455,0.0898,,,69,0.2073,19.4,80,0,0,0.25,-0.0321,-0.0002,-0.0004,0.0121,-0.012,-0.0482,0.0272,0.0024,0.0013,-0.0171,0.0026,-0.0008,0.0848
Guerschon Yabusele,,2019,1039080,0.009520616,0.0193,0.0097,2106402,1039080,-0.3811,-0.777,-0.7372,,,251,0.5,17.5,79,0,0,0.25,-0.0171,-0.0004,0.0057,0.0121,-0.012,-0.0408,0.0093,-0.0075,0.0005,-0.0171,0.0026,-0.0008,0.0848
Justin Anderson,BRK,2019,294432,0.002698,0.0192,0.0165,2095487,294432,-0.3811,-0.4398,-0.5551,,,463,0.5854,17.2,78,0,0,0.25,-0.0171,-0.0002,0.0044,0.0121,-0.012,-0.0321,0.0041,-0.0091,-0.0003,-0.0171,0.0026,-0.0008,0.0848
Jake Layman,MIN,2019,3581986,0.03282,0.0191,-0.0137,2084573,3581986,-0.589,-0.3668,0.0453,,,1327,0.8659,15.9,80,0,0,0.25,-0.0258,-0.0002,-0.0001,0.0121,-0.012,0.0033,-0.0131,-0.0159,0.0013,-0.0171,0.0026,-0.0008,0.0848
Austin Rivers,HOU,2019,2174318,0.019922,0.019,-0.0009,2073660,2174318,-0.7436,-1.058,-0.1715,,,1345,0.5732,13.9,76,0,0,0.25,-0.0323,-0.0005,0.0015,0.0121,-0.012,0.0041,0.0048,-0.0263,-0.0019,-0.0171,0.0026,-0.0008,0.0848
Markelle Fultz,ORL,2019,9745200,0.089291,0.019,-0.0702,2073660,9745200,-1.0315,-0.8951,-0.249,,,427,0.2317,19.3,76,0,0,0.25,-0.0443,-0.0004,0.0021,0.0121,-0.012,-0.0336,0.0257,0.0019,-0.0019,-0.0171,0.0026,-0.0008,0.0848
Wes Iwundu,ORL,2019,1618520,0.01483,0.0187,0.0039,2040918,1618520,-0.2372,-1.2885,-0.5877,,,1233,0.8293,12.8,78,0,0,0.25,-0.0111,-0.0006,0.0046,0.0121,-0.012,-0.0005,-0.0108,-0.032,-0.0003,-0.0171,0.0026,-0.0008,0.0848
Iman Shumpert,BRK,2019,419443,0.003843,0.0187,0.0148,2040918,419443,-0.7383,-0.8726,0.0723,,,1099,0.5122,15.2,77,0,0,0.25,-0.0321,-0.0004,-0.0003,0.0121,-0.012,-0.006,0.0086,-0.0195,-0.0011,-0.0171,0.0026,-0.0008,0.0848
Timofey Mozgov,ORL,2019,5573333,0.051066,0.0187,-0.0324,2040918,5573333,-1.1061,,,,,,,,85,0,0,0.25,-0.0475,-0.0001,0,0.0121,-0.012,-0.0014,-0.0022,-0.0049,0.0052,-0.0171,0.0026,-0.0008,0.0848
Ryan Anderson,HOU,2019,500000,0.004581,0.0186,0.0141,2030003,500000,-0.5464,-1.2491,-2.4243,,,278,0.1829,12.1,81,0,0,0.25,-0.0241,-0.0006,0.0183,0.0121,-0.012,-0.0397,0.0287,-0.0357,0.002,-0.0171,0.0026,-0.0008,0.0848
Cameron Payne,,2019,196288,0.001798497,0.0184,0.0166,2008176,196288,-0.8929,-0.9175,-1.5286,,,536,0.378,17.4,74,0,0,0.25,-0.0385,-0.0004,0.0116,0.0121,-0.012,-0.0291,0.0168,-0.008,-0.0034,-0.0171,0.0026,-0.0008,0.0848
Joe Chealey,CHO,2019,163356,0.001497,0.0184,0.0169,2008176,163356,-1.0848,-0.1251,-3.0766,,,8,0.0122,16.2,76,0,0,0.25,-0.0466,-0.0001,0.0232,0.0121,-0.012,-0.0507,0.0392,-0.0143,-0.0019,-0.0171,0.0026,-0.0008,0.0848
Stanley Johnson,TOR,2019,3623000,0.033196,0.0183,-0.0149,1997262,3623000,-1.0901,-1.3166,-0.3955,,,961,0.5854,19.1,78,0,0,0.25,-0.0468,-0.0006,0.0032,0.0121,-0.012,-0.0117,0.0041,0.0008,-0.0003,-0.0171,0.0026,-0.0008,0.0848
Malcolm Miller,TOR,2019,1588231,0.014552,0.0183,0.0037,1997262,1588231,-0.8342,-0.6309,-0.3466,,,67,0.122,18.5,79,0,0,0.25,-0.0361,-0.0003,0.0028,0.0121,-0.012,-0.0483,0.0325,-0.0023,0.0005,-0.0171,0.0026,-0.0008,0.0848
Evan Turner,MIN,2019,18606557,0.170483,0.0181,-0.1524,1975434,18606557,-0.9248,-0.1364,-0.5739,,,1605,0.8902,15.9,78,0,0,0.25,-0.0399,-0.0001,0.0045,0.0121,-0.012,0.0147,-0.0146,-0.0159,-0.0003,-0.0171,0.0026,-0.0008,0.0848
Yogi Ferrell,SAC,2019,3150000,0.028862,0.0178,-0.011,1942692,3150000,-0.3492,-0.5635,-0.4439,,,1067,0.8659,16.3,72,0,0,0.25,-0.0158,-0.0003,0.0035,0.0121,-0.012,-0.0073,-0.0131,-0.0138,-0.005,-0.0171,0.0026,-0.0008,0.0848
Jonah Bolden,PHI,2019,1698450,0.015562,0.0171,0.0016,1866294,1698450,-0.2372,-0.423,-0.2719,,,639,0.5366,13.8,80,0,0,0.25,-0.0111,-0.0002,0.0023,0.0121,-0.012,-0.0249,0.0071,-0.0268,0.0013,-0.0171,0.0026,-0.0008,0.0848
Jevon Carter,,2019,1416852,0.012981968,0.0169,0.0039,1844465,1416852,-0.8342,-0.9063,-1.3568,,,577,0.4756,18,72,0,0,0.25,-0.0361,-0.0004,0.0104,0.0121,-0.012,-0.0274,0.0108,-0.0049,-0.005,-0.0171,0.0026,-0.0008,0.0848
Frank Jackson,NOP,2019,1618520,0.01483,0.0165,0.0016,1800810,1618520,-1.1807,,-1.4781,,,1169,0.7439,18.5,75,0,0,0.25,-0.0506,-0.0001,0.0113,0.0121,-0.012,-0.0031,-0.0056,-0.0023,-0.0027,-0.0171,0.0026,-0.0008,0.0848
Frank Ntilikina,NYK,2019,4855800,0.044491,0.0161,-0.0284,1757154,4855800,-1.0315,-1.0299,-1.5303,,,904,0.5244,16.6,76,0,0,0.25,-0.0443,-0.0005,0.0116,0.0121,-0.012,-0.014,0.0078,-0.0122,-0.0019,-0.0171,0.0026,-0.0008,0.0848
PJ Dozier,DEN,2019,183115,0.001678,0.016,0.0143,1746240,183115,-0.717,-0.2881,0.8471,,,51,0.0732,18.5,78,0,0,0.25,-0.0312,-0.0001,-0.0061,0.0121,-0.012,-0.049,0.0354,-0.0023,-0.0003,-0.0171,0.0026,-0.0008,0.0848
Omari Spellman,MIN,2019,1897800,0.017389,0.0151,-0.0023,1648014,1897800,-0.6103,-0.8164,-0.6362,,,805,0.561,14.9,80,0,0,0.25,-0.0267,-0.0004,0.005,0.0121,-0.012,-0.0181,0.0056,-0.0211,0.0013,-0.0171,0.0026,-0.0008,0.0848
Jonathon Simmons,WAS,2019,1000000,0.009163,0.0146,0.0055,1593444,1000000,-1.3779,-1.339,-1.3208,,,845,0.5,19.3,78,0,0,0.25,-0.0588,-0.0006,0.0101,0.0121,-0.012,-0.0164,0.0093,0.0019,-0.0003,-0.0171,0.0026,-0.0008,0.0848
Justin Patton,DAL,2019,1620564,0.014848,0.0144,-0.0004,1571616,1620564,-0.701,-0.1757,-0.1436,,,21,0.0366,15.7,83,0,0,0.25,-0.0305,-0.0001,0.0013,0.0121,-0.012,-0.0502,0.0377,-0.0169,0.0036,-0.0171,0.0026,-0.0008,0.0848
Marquese Chriss,GSW,2019,1413272,0.012949,0.0141,0.0012,1538874,1413272,-1.4472,-0.4005,-1.3572,,,395,0.3293,20.7,81,0,0,0.25,-0.0617,-0.0002,0.0104,0.0121,-0.012,-0.0349,0.0198,0.0092,0.002,-0.0171,0.0026,-0.0008,0.0848
Dwayne Bacon,CHO,2019,1618520,0.01483,0.014,-0.0008,1527960,1618520,-0.7703,-0.8332,-0.2254,,,759,0.5244,16.8,78,0,0,0.25,-0.0334,-0.0004,0.0019,0.0121,-0.012,-0.02,0.0078,-0.0112,-0.0003,-0.0171,0.0026,-0.0008,0.0848
Quinn Cook,LAL,2019,3000000,0.027488,0.0132,-0.0143,1440648,3000000,-1.0155,-1.103,-1.0999,,,1059,0.9024,20.2,73,0,0,0.25,-0.0437,-0.0005,0.0084,0.0121,-0.012,-0.0077,-0.0153,0.0066,-0.0042,-0.0171,0.0026,-0.0008,0.0848
Avery Bradley,LAL,2019,4767000,0.043678,0.013,-0.0307,1418820,4767000,-1.1061,-1.8336,-0.8945,,,1463,0.5976,14.2,75,0,0,0.25,-0.0475,-0.0009,0.0069,0.0121,-0.012,0.0089,0.0033,-0.0247,-0.0027,-0.0171,0.0026,-0.0008,0.0848
Anthony Tolliver,MEM,2019,434704,0.003983,0.0126,0.0086,1375164,434704,-0.3705,-0.6984,-1.0161,,,1079,0.7927,12.5,80,0,0,0.25,-0.0167,-0.0003,0.0078,0.0121,-0.012,-0.0068,-0.0086,-0.0336,0.0013,-0.0171,0.0026,-0.0008,0.0848
De'Anthony Melton,,2019,1416852,0.012981968,0.0126,-0.0004,1375164,1416852,-0.6743,-0.3555,-0.6032,,,984,0.6098,15,74,0,0,0.25,-0.0294,-0.0002,0.0047,0.0121,-0.012,-0.0107,0.0026,-0.0206,-0.0034,-0.0171,0.0026,-0.0008,0.0848
Terrance Ferguson,OKC,2019,2475840,0.022685,0.0124,-0.0103,1353336,2475840,-0.653,-0.7321,-0.3332,,,1931,0.9024,10.6,78,0,0,0.25,-0.0285,-0.0004,0.0027,0.0121,-0.012,0.0281,-0.0153,-0.0435,-0.0003,-0.0171,0.0026,-0.0008,0.0848
Troy Daniels,DEN,2019,481000,0.004407,0.0117,0.0073,1276938,481000,-0.8396,-0.8276,-0.7457,,,760,0.622,17.6,76,0,0,0.25,-0.0363,-0.0004,0.0058,0.0121,-0.012,-0.0199,0.0019,-0.007,-0.0019,-0.0171,0.0026,-0.0008,0.0848
Tony Snell,DET,2019,11392857,0.104388,0.0117,-0.0927,1276938,11392857,-0.3012,-0.4792,-0.0883,,,1304,0.9024,12.9,78,0,0,0.25,-0.0138,-0.0002,0.0009,0.0121,-0.012,0.0024,-0.0153,-0.0315,-0.0003,-0.0171,0.0026,-0.0008,0.0848
Wilson Chandler,BRK,2019,2564753,0.0235,0.011,-0.0125,1200540,2564753,-0.4611,-0.4848,-0.0119,,,951,0.439,11.2,80,0,0,0.25,-0.0205,-0.0002,0.0003,0.0121,-0.012,-0.0121,0.0131,-0.0404,0.0013,-0.0171,0.0026,-0.0008,0.0848
T.J. McConnell,,2019,3500000,0.032068902,0.0097,-0.0224,1058658,3500000,-0.6103,0.0491,0.1309,,,1470,0.9268,15,73,0,0,0.25,-0.0267,0,-0.0008,0.0121,-0.012,0.0092,-0.0168,-0.0206,-0.0042,-0.0171,0.0026,-0.0008,0.0848
Zhaire Smith,PHI,2019,3058800,0.028026,0.0092,-0.0188,1004088,3058800,-0.8662,-0.5073,-0.5493,,,111,0.0732,16.4,75,0,0,0.25,-0.0374,-0.0002,0.0043,0.0121,-0.012,-0.0465,0.0354,-0.0133,-0.0027,-0.0171,0.0026,-0.0008,0.0848
Nerlens Noel,OKC,2019,2028594,0.018587,0.0092,-0.0094,1004088,2028594,-0.1626,0.5999,0.4643,,,1055,0.939,13.8,82,0,0,0.25,-0.008,0.0003,-0.0032,0.0121,-0.012,-0.0078,-0.0176,-0.0268,0.0028,-0.0171,0.0026,-0.0008,0.0848
Yante Maten,MIA,2019,100000,0.000916,0.0091,0.0082,993174,100000,-1.2234,-0.1251,,,,,,,79,0,0,0.25,-0.0524,-0.0001,0,0.0121,-0.012,-0.0014,-0.0022,-0.0049,0.0005,-0.0171,0.0026,-0.0008,0.0848
Bruce Brown,,2019,1416852,0.012981968,0.0091,-0.0039,993174,1416852,-0.3225,-1.148,-0.2964,,,1449,0.9024,11.5,76,0,0,0.25,-0.0147,-0.0005,0.0024,0.0121,-0.012,0.0083,-0.0153,-0.0388,-0.0019,-0.0171,0.0026,-0.0008,0.0848
Dragan Bender,GSW,2019,189702,0.001738,0.009,0.0073,982259,189702,-0.7703,-0.8557,-1.2302,,,826,0.561,13.4,84,0,0,0.25,-0.0334,-0.0004,0.0094,0.0121,-0.012,-0.0172,0.0056,-0.0289,0.0044,-0.0171,0.0026,-0.0008,0.0848
Ryan Broekhoff,DAL,2019,1416852,0.012982,0.0074,-0.0056,807636,1416852,-0.2905,-0.7827,0.0299,,,453,0.5122,14.3,78,0,0,0.25,-0.0134,-0.0004,0,0.0121,-0.012,-0.0325,0.0086,-0.0242,-0.0003,-0.0171,0.0026,-0.0008,0.0848
Rajon Rondo,LAL,2019,2564753,0.0235,0.0067,-0.0168,731238,2564753,-1.5005,-0.9344,-0.3887,,,1369,0.561,17.4,73,0,0,0.25,-0.0639,-0.0004,0.0031,0.0121,-0.012,0.0051,0.0056,-0.008,-0.0042,-0.0171,0.0026,-0.0008,0.0848
Khyri Thomas,DET,2019,1416852,0.012982,0.0057,-0.0072,622098,1416852,-0.8662,-0.5466,-1.0656,,,195,0.3171,17.2,75,0,0,0.25,-0.0374,-0.0003,0.0082,0.0121,-0.012,-0.0431,0.0205,-0.0091,-0.0027,-0.0171,0.0026,-0.0008,0.0848
Meyers Leonard,MIA,2019,11286515,0.103413,0.0038,-0.0996,414732,11286515,-0.7596,0.0266,-0.6558,,,878,0.7439,14.8,84,0,0,0.25,-0.033,0,0.0051,0.0121,-0.012,-0.0151,-0.0056,-0.0216,0.0044,-0.0171,0.0026,-0.0008,0.0848
Thon Maker,DET,2019,3569643,0.032707,0.0037,-0.029,403818,3569643,-0.8556,-0.4174,-0.5002,,,563,0.3537,13.7,84,0,0,0.25,-0.037,-0.0002,0.004,0.0121,-0.012,-0.028,0.0183,-0.0273,0.0044,-0.0171,0.0026,-0.0008,0.0848
Treveon Graham,ATL,2019,1645357,0.015076,0.0031,-0.012,338334,1645357,-0.6583,-0.2937,-0.4389,,,715,0.4268,12.8,77,0,0,0.25,-0.0287,-0.0001,0.0035,0.0121,-0.012,-0.0218,0.0138,-0.032,-0.0011,-0.0171,0.0026,-0.0008,0.0848
Brad Wanamaker,BOS,2019,1355341,0.012418,0.0028,-0.0096,305592,1355341,-0.6637,-0.3218,0.2198,,,343,0.439,17.1,75,0,0,0.25,-0.029,-0.0002,-0.0014,0.0121,-0.012,-0.037,0.0131,-0.0096,-0.0027,-0.0171,0.0026,-0.0008,0.0848
Ryan Arcidiacono,CHI,2019,3000000,0.027488,0.0023,-0.0252,251022,3000000,-0.8609,-0.1307,-0.1971,,,1961,0.9878,11.7,75,0,0,0.25,-0.0372,-0.0001,0.0017,0.0121,-0.012,0.0293,-0.0205,-0.0378,-0.0027,-0.0171,0.0026,-0.0008,0.0848
Jerome Robinson,WAS,2019,3567720,0.032689,0.0023,-0.0304,251022,3567720,-0.8715,-0.9906,-0.81,,,320,0.4024,16.7,77,0,0,0.25,-0.0376,-0.0005,0.0063,0.0121,-0.012,-0.0379,0.0153,-0.0117,-0.0011,-0.0171,0.0026,-0.0008,0.0848
Royce O'Neale,,2019,1618520,0.01482976,0.0021,-0.0127,229194,1618520,-0.4931,-0.5241,-0.0031,,,1671,1,11,78,0,0,0.25,-0.0218,-0.0003,0.0002,0.0121,-0.012,0.0174,-0.0213,-0.0414,-0.0003,-0.0171,0.0026,-0.0008,0.0848
Keita Bates-Diop,DEN,2019,1416852,0.012982,0.0015,-0.0115,163710,1416852,-0.8662,-0.8051,-0.8591,,,503,0.3659,14.1,80,0,0,0.25,-0.0374,-0.0004,0.0066,0.0121,-0.012,-0.0304,0.0175,-0.0253,0.0013,-0.0171,0.0026,-0.0008,0.0848
Jordan Bell,CLE,2019,250000,0.002291,-0.0014,-0.0037,-152796,250000,-0.5837,-0.1532,-1.3683,,,788,0.8293,13.7,80,0,0,0.25,-0.0256,-0.0001,0.0104,0.0121,-0.012,-0.0188,-0.0108,-0.0273,0.0013,-0.0171,0.0026,-0.0008,0.0848
Mike Scott,PHI,2019,4767000,0.043678,-0.0023,-0.046,-251022,4767000,-0.8022,-1.2547,-0.4231,,,748,0.6341,14.9,79,0,0,0.25,-0.0347,-0.0006,0.0034,0.0121,-0.012,-0.0204,0.0011,-0.0211,0.0005,-0.0171,0.0026,-0.0008,0.0848
Tyrone Wallace,ATL,2019,502491,0.004604,-0.0023,-0.0069,-251022,502491,-1.1008,-1.1985,-1.3087,,,628,0.7561,18.7,77,0,0,0.25,-0.0472,-0.0006,0.01,0.0121,-0.012,-0.0253,-0.0064,-0.0013,-0.0011,-0.0171,0.0026,-0.0008,0.0848
Duncan Robinson,,2019,1416852,0.012981968,-0.0024,-0.0154,-261935,1416852,-0.9195,-0.7321,-1.1838,,,161,0.1829,14,79,0,0,0.25,-0.0397,-0.0004,0.0091,0.0121,-0.012,-0.0445,0.0287,-0.0258,0.0005,-0.0171,0.0026,-0.0008,0.0848
Solomon Hill,MIA,2019,12758781,0.116903,-0.0025,-0.1194,-272850,12758781,-0.6477,-1.4065,-1.2754,,,878,0.5366,10.4,78,0,0,0.25,-0.0283,-0.0007,0.0097,0.0121,-0.012,-0.0151,0.0071,-0.0446,-0.0003,-0.0171,0.0026,-0.0008,0.0848
Devonte' Graham,CHO,2019,1416852,0.012982,-0.0025,-0.0154,-272850,1416852,-1.0901,-0.1869,-0.9076,,,676,0.561,17,73,0,0,0.25,-0.0468,-0.0001,0.007,0.0121,-0.012,-0.0234,0.0056,-0.0101,-0.0042,-0.0171,0.0026,-0.0008,0.0848
Tyson Chandler,HOU,2019,2564753,0.0235,-0.0025,-0.026,-272850,2564753,-0.2372,-0.4511,-0.8659,,,786,0.5854,8,84,0,0,0.25,-0.0111,-0.0002,0.0067,0.0121,-0.012,-0.0188,0.0041,-0.0571,0.0044,-0.0171,0.0026,-0.0008,0.0848
Vince Carter,ATL,2019,2564753,0.0235,-0.0035,-0.027,-381990,2564753,-1.1594,-0.7265,-0.2793,,,1330,0.9268,16.7,78,0,0,0.25,-0.0497,-0.0004,0.0023,0.0121,-0.012,0.0035,-0.0168,-0.0117,-0.0003,-0.0171,0.0026,-0.0008,0.0848
Gary Trent Jr.,,2019,1416852,0.012981968,-0.0047,-0.0177,-512958,1416852,-1.5112,-0.5522,,,,,,,77,0,0,0.25,-0.0644,-0.0003,0,0.0121,-0.012,-0.0014,-0.0022,-0.0049,-0.0011,-0.0171,0.0026,-0.0008,0.0848
Isaiah Hartenstein,,2019,1416852,0.012981968,-0.0048,-0.0178,-523871,1416852,-0.5037,-0.7265,-0.517,,,221,0.3415,11.8,84,0,0,0.25,-0.0223,-0.0004,0.0041,0.0121,-0.012,-0.042,0.019,-0.0373,0.0044,-0.0171,0.0026,-0.0008,0.0848
Pau Gasol,POR,2019,463684,0.004249,-0.0061,-0.0104,-665754,463684,-1.1594,0.9146,-0.4214,,,330,0.3293,15.8,84,0,0,0.25,-0.0497,0.0004,0.0034,0.0121,-0.012,-0.0375,0.0198,-0.0164,0.0044,-0.0171,0.0026,-0.0008,0.0848
Sterling Brown,MIL,2019,1618520,0.01483,-0.0065,-0.0213,-709410,1618520,-1.0475,-0.7602,-0.2392,,,1034,0.7073,15.2,77,0,0,0.25,-0.045,-0.0004,0.002,0.0121,-0.012,-0.0087,-0.0034,-0.0195,-0.0011,-0.0171,0.0026,-0.0008,0.0848
Jerian Grant,WAS,2019,196288,0.001798,-0.0071,-0.0089,-774894,196288,-0.7329,-0.7827,-0.4763,,,939,0.7317,13.4,76,0,0,0.25,-0.0319,-0.0004,0.0038,0.0121,-0.012,-0.0126,-0.0049,-0.0289,-0.0019,-0.0171,0.0026,-0.0008,0.0848
Gary Clark,HOU,2019,708426,0.006491,-0.0077,-0.0142,-840378,708426,-0.3545,-0.7208,-0.5436,,,641,0.622,10.9,78,0,0,0.25,-0.016,-0.0003,0.0043,0.0121,-0.012,-0.0248,0.0019,-0.042,-0.0003,-0.0171,0.0026,-0.0008,0.0848
Udonis Haslem,MIA,2019,2564753,0.0235,-0.0078,-0.0313,-851292,2564753,-2.5667,-0.4286,-4.0205,,,74,0.122,21.9,80,0,0,0.25,-0.1085,-0.0002,0.0302,0.0121,-0.012,-0.048,0.0325,0.0154,0.0013,-0.0171,0.0026,-0.0008,0.0848
Svi Mykhailiuk,,2019,1416852,0.012981968,-0.0081,-0.0211,-884034,1416852,-1.1221,-1.4177,-1.2545,,,420,0.4756,15.9,79,0,0,0.25,-0.0481,-0.0007,0.0096,0.0121,-0.012,-0.0338,0.0108,-0.0159,0.0005,-0.0171,0.0026,-0.0008,0.0848
Jaylen Adams,ATL,2019,100000,0.000916,-0.0098,-0.0107,-1069572,100000,-0.8502,-1.0187,-1.3414,,,428,0.4146,13.5,72,0,0,0.25,-0.0368,-0.0005,0.0102,0.0121,-0.012,-0.0335,0.0145,-0.0284,-0.005,-0.0171,0.0026,-0.0008,0.0848
Brandon Knight,DET,2019,15643750,0.143337,-0.0106,-0.154,-1156884,15643750,-1.6711,-0.8164,-1.0012,,,618,0.3293,17.6,74,0,0,0.25,-0.0711,-0.0004,0.0077,0.0121,-0.012,-0.0257,0.0198,-0.007,-0.0034,-0.0171,0.0026,-0.0008,0.0848
Bismack Biyombo,,2019,17000000,0.15576324,-0.011,-0.1667,-1200540,17000000,-0.8982,-0.4511,-1.1902,,,783,0.6585,12.7,80,0,0,0.25,-0.0388,-0.0002,0.0091,0.0121,-0.012,-0.019,-0.0004,-0.0326,0.0013,-0.0171,0.0026,-0.0008,0.0848
Jemerrio Jones,WAS,2019,199000,0.001823,-0.0115,-0.0133,-1255110,199000,-0.589,0.0154,0.6256,,,143,0.0732,11.3,77,0,0,0.25,-0.0258,0,-0.0044,0.0121,-0.012,-0.0452,0.0354,-0.0399,-0.0011,-0.0171,0.0026,-0.0008,0.0848
Georges Niang,,2019,1678854,0.015382573,-0.0119,-0.0273,-1298766,1678854,-1.0261,-0.9007,-0.419,,,516,0.7195,17.8,78,0,0,0.25,-0.0441,-0.0004,0.0034,0.0121,-0.012,-0.0299,-0.0041,-0.006,-0.0003,-0.0171,0.0026,-0.0008,0.0848
Deonte Burton,OKC,2019,1416852,0.012982,-0.0122,-0.0252,-1331508,1416852,-1.1221,,-0.941,,,240,0.3902,16.3,76,0,0,0.25,-0.0481,-0.0001,0.0072,0.0121,-0.012,-0.0412,0.016,-0.0138,-0.0019,-0.0171,0.0026,-0.0008,0.0848
Semi Ojeleye,BOS,2019,1618520,0.01483,-0.0124,-0.0273,-1353336,1618520,-0.7756,-1.0131,-0.811,,,594,0.6829,14.1,78,0,0,0.25,-0.0336,-0.0005,0.0063,0.0121,-0.012,-0.0267,-0.0019,-0.0253,-0.0003,-0.0171,0.0026,-0.0008,0.0848
Jon Leuer,MIL,2019,3169348,0.029039,-0.0128,-0.0419,-1396992,3169348,-1.1647,-0.8951,-0.6669,,,402,0.5,16.1,82,0,0,0.25,-0.0499,-0.0004,0.0052,0.0121,-0.012,-0.0346,0.0093,-0.0148,0.0028,-0.0171,0.0026,-0.0008,0.0848
Shake Milton,PHI,2019,1445697,0.013246,-0.0137,-0.027,-1495218,1445697,-1.1647,-0.6197,-0.4618,,,268,0.2439,15,77,0,0,0.25,-0.0499,-0.0003,0.0037,0.0121,-0.012,-0.0401,0.025,-0.0206,-0.0011,-0.0171,0.0026,-0.0008,0.0848
Amile Jefferson,ORL,2019,1519851,0.013926,-0.015,-0.0289,-1637100,1519851,-0.573,-0.0127,1.8557,,,68,0.1463,13.1,81,0,0,0.25,-0.0252,0,-0.0136,0.0121,-0.012,-0.0483,0.031,-0.0305,0.002,-0.0171,0.0026,-0.0008,0.0848
Tim Frazier,DET,2019,1882867,0.017252,-0.0155,-0.0327,-1691670,1882867,-0.9462,-0.704,-0.4975,,,909,0.5732,12.3,73,0,0,0.25,-0.0408,-0.0003,0.0039,0.0121,-0.012,-0.0138,0.0048,-0.0346,-0.0042,-0.0171,0.0026,-0.0008,0.0848
Patrick Patterson,LAC,2019,2331593,0.021363,-0.0165,-0.0379,-1800810,2331593,-0.8556,-1.5133,-1.236,,,861,0.7683,12,80,0,0,0.25,-0.037,-0.0007,0.0095,0.0121,-0.012,-0.0158,-0.0071,-0.0362,0.0013,-0.0171,0.0026,-0.0008,0.0848
Alize Johnson,IND,2019,1416852,0.012982,-0.0186,-0.0316,-2030003,1416852,-1.2607,-0.5691,-1.6269,,,64,0.1707,13.3,81,0,0,0.25,-0.0539,-0.0003,0.0124,0.0121,-0.012,-0.0484,0.0295,-0.0294,0.002,-0.0171,0.0026,-0.0008,0.0848
Shaun Livingston,GSW,2019,666667,0.006108,-0.0187,-0.0248,-2040918,666667,-0.8502,-0.985,-0.5079,,,967,0.7805,12,79,0,0,0.25,-0.0368,-0.0005,0.004,0.0121,-0.012,-0.0114,-0.0079,-0.0362,0.0005,-0.0171,0.0026,-0.0008,0.0848
Abdel Nader,OKC,2019,1618520,0.01483,-0.0208,-0.0356,-2270112,1618520,-1.186,-1.7324,-1.3905,,,694,0.7439,15.1,77,0,0,0.25,-0.0508,-0.0008,0.0106,0.0121,-0.012,-0.0226,-0.0056,-0.02,-0.0011,-0.0171,0.0026,-0.0008,0.0848
Alfonzo McKinnie,CLE,2019,2391985,0.021917,-0.0221,-0.0441,-2411994,2391985,-1.1114,-0.7377,-0.7632,,,1003,0.878,13.9,79,0,0,0.25,-0.0477,-0.0004,0.0059,0.0121,-0.012,-0.0099,-0.0138,-0.0263,0.0005,-0.0171,0.0026,-0.0008,0.0848
Lance Thomas,BRK,2019,262152,0.002402,-0.0234,-0.0258,-2553876,262152,-1.3993,-1.6987,-1.466,,,783,0.561,12.9,80,0,0,0.25,-0.0597,-0.0008,0.0112,0.0121,-0.012,-0.019,0.0056,-0.0315,0.0013,-0.0171,0.0026,-0.0008,0.0848
Jacob Evans,MIN,2019,1925880,0.017646,-0.0239,-0.0415,-2608446,1925880,-1.2394,-1.5582,-2.0812,,,204,0.3659,13.5,76,0,0,0.25,-0.053,-0.0007,0.0158,0.0121,-0.012,-0.0427,0.0175,-0.0284,-0.0019,-0.0171,0.0026,-0.0008,0.0848
Sindarius Thornwell,NOP,2019,183115,0.001678,-0.0242,-0.0259,-2641188,183115,-0.2799,-0.6197,-0.944,,,313,0.7805,11.3,76,0,0,0.25,-0.0129,-0.0003,0.0073,0.0121,-0.012,-0.0382,-0.0079,-0.0399,-0.0019,-0.0171,0.0026,-0.0008,0.0848
Hamidou Diallo,OKC,2019,1416852,0.012982,-0.0253,-0.0383,-2761242,1416852,-1.3833,-1.148,-0.7352,,,526,0.622,16.6,77,0,0,0.25,-0.059,-0.0005,0.0057,0.0121,-0.012,-0.0295,0.0019,-0.0122,-0.0011,-0.0171,0.0026,-0.0008,0.0848
Tyler Lydon,SAC,2019,50000,0.000458,-0.0376,-0.0381,-4103664,50000,-1.1167,-0.7433,-1.0036,,,94,0.3049,10.6,82,0,0,0.25,-0.0479,-0.0004,0.0077,0.0121,-0.012,-0.0472,0.0213,-0.0435,0.0028,-0.0171,0.0026,-0.0008,0.0848
Jamal Crawford,BRK,2019,289803,0.002655,-0.0418,-0.0444,-4562052,289803,-2.8012,-1.7605,-1.11,,,1211,0.7805,20.8,77,0,0,0.25,-0.1183,-0.0008,0.0085,0.0121,-0.012,-0.0014,-0.0079,0.0097,-0.0011,-0.0171,0.0026,-0.0008,0.0848
Patrick McCaw,TOR,2019,4000000,0.03665,-0.0458,-0.0824,-4998612,4000000,-1.1327,-1.0468,0.0275,,,344,0.3171,9.3,79,0,0,0.25,-0.0486,-0.0005,0,0.0121,-0.012,-0.037,0.0205,-0.0503,0.0005,-0.0171,0.0026,-0.0008,0.0848
Tyler Ulis,SAC,2019,50000,0.000458,-0.0538,-0.0543,-5871732,50000,-0.6903,0.1053,-3.1682,,,1,0.0122,0,70,0,0,0.25,-0.0301,0,0.0239,0.0121,-0.012,-0.051,0.0392,-0.0988,-0.0066,-0.0171,0.0026,-0.0008,0.0848
,,,,,,,,,,,,,,,,,,,,,,,,,,,,,,,,,
