player_name,player_name,team,season,salary,cap_pct,predicted_cap_pct,residual,predicted_salary,raw_darko_dpm_z,raw_lebron_z,raw_rapm_z,raw_age,raw_age_squared,raw_minutes,raw_availability_3yr,raw_usage_pct,raw_height_inches,raw_experience_years,raw_cba_era,raw_max_eligible_pct
Kawhi Leonard,Kawhi Leonard,LAC,2026,50300000,0.3287581699346405,0.385,0.0562,58905000,3.664115031944486,2.992071701853119,2.994751691062153,34.0,1156.0,2085.0,0.6976,33.5,78.0,7,1,0.3
Giannis Antetokounmpo,Giannis Antetokounmpo,,2023,45640084,0.3355370420743855,0.383,0.0475,52096043,3.8833227647138613,3.8137153055279986,1.547433621350605,,,2024.0,0.778,38.8,83.0,4,0,0.25
Joel Embiid,Joel Embiid,,2023,47607350,0.35,0.3803,0.0303,51728786,3.7703329358719286,3.4639844790611036,1.5440224622258167,,,2284.0,0.7756,37.0,84.0,4,0,0.25
Giannis Antetokounmpo,Giannis Antetokounmpo,MIL,2025,54126450,0.3833100815817801,0.3796,-0.0037,53602556,4.029590593192168,3.7030802138506016,2.4216311536619135,31.0,961.0,2289.0,0.8293,35.2,83.0,6,1,0.25
Joel Embiid,Joel Embiid,,2022,33616770,0.2718593667866241,0.3702,0.0983,45777081,3.7431146876102246,3.5370254648071877,2.2171403990357197,,,2297.0,0.7429,37.2,84.0,3,0,0.25
Giannis Antetokounmpo,Giannis Antetokounmpo,,2022,42492492,0.3436374752335125,0.3662,0.0225,45282461,4.23758111096867,4.387682019774787,2.832342850362057,,,2204.0,0.8067,34.9,83.0,3,0,0.25
Shai Gilgeous-Alexander,Shai Gilgeous-Alexander,OKC,2026,40806150,0.266706862745098,0.3646,0.0979,55783800,3.5033596680786947,3.475515019861072,3.469494556186642,27.0,729.0,2259.0,0.8756,33.4,78.0,7,1,0.3
Shai Gilgeous-Alexander,Shai Gilgeous-Alexander,OKC,2025,38333050,0.2714651436179253,0.3575,0.0861,50481860,3.609050854684256,4.717233438456716,3.181097774198943,27.0,729.0,2598.0,0.9037,34.8,78.0,6,1,0.25
Giannis Antetokounmpo,Giannis Antetokounmpo,,2024,48787676,0.3470258912567218,0.354,0.0069,49768152,3.6074750956068584,4.121307164782057,2.2921951632249096,,,2567.0,0.839,33.0,83.0,5,1,0.25
Joel Embiid,Joel Embiid,,2024,51415938,0.3657206731726747,0.3469,-0.0189,48769977,3.5740520508870652,3.6635840099947186,2.426663491403068,,,1309.0,0.6451,39.6,84.0,5,1,0.25
Jayson Tatum,Jayson Tatum,BOS,2025,54126450,0.3833100815817801,0.3461,-0.0372,48872088,3.4362263046125108,3.1158094820641846,1.573757621581982,28.0,784.0,2624.0,0.8902,31.2,80.0,6,1,0.25
Giannis Antetokounmpo,Giannis Antetokounmpo,MIL,2026,58456566,0.3820690588235294,0.3444,-0.0376,52693200,3.206580534788003,2.386019944555258,2.871409910411749,31.0,961.0,1039.0,0.6427,37.0,83.0,7,1,0.3
Giannis Antetokounmpo,Giannis Antetokounmpo,,2021,39344970,0.3500006226982404,0.3441,-0.0059,38681657,4.30471531766686,4.223118522269497,2.382851733582843,,,2013.0,0.8101,32.5,83.0,2,0,0.25
Giannis Antetokounmpo,Giannis Antetokounmpo,,2020,27528088,0.2522273043796958,0.3372,0.085,36802008,4.021731529332098,5.0894290917014,3.175327412524121,,,1917.0,0.8761,37.5,83.0,1,0,0.25
James Harden,James Harden,,2019,38199000,0.35,0.3344,-0.0156,36496416,2.9344618913438074,3.2300459061011773,2.3937818740393597,,,2867.0,0.9512,40.5,77.0,0,0,0.25
Jayson Tatum,Jayson Tatum,,2023,32600060,0.2396693157674182,0.3334,0.0938,45349401,2.9681051510942074,2.687463491482065,1.4180369852169614,,,2732.0,0.8854,32.7,80.0,4,0,0.25
James Harden,James Harden,,2020,41254920,0.378,0.3288,-0.0492,35885232,3.5523379979567333,3.761329341710798,2.656129898249278,,,2483.0,0.947,36.3,77.0,1,0,0.25
James Harden,James Harden,CLE,2025,39182693,0.2774821044133477,0.3275,0.05,46245620,2.7103631943111828,2.589986964812714,0.9664405770698735,36.0,1296.0,2789.0,0.8866,29.6,77.0,6,1,0.25
Donovan Mitchell,Donovan Mitchell,CLE,2026,50105628,0.3274877647058823,0.3267,-0.0008,49985100,2.421352411289715,2.0994006650683694,2.0410491477994848,29.0,841.0,2342.0,0.8207,32.2,74.0,7,1,0.3
Kevin Durant,Kevin Durant,HOU,2026,43902439,0.286944045751634,0.3256,0.0386,49816800,1.9885495085741225,1.0451247838951807,1.1583296236005824,37.0,1369.0,2840.0,0.8854,27.1,83.0,7,1,0.3
LeBron James,LeBron James,,2022,44474988,0.3596699526909547,0.3255,-0.0342,40249702,3.352141236582617,2.283426331170726,1.4434871483756113,,,2084.0,0.6922,32.3,81.0,3,0,0.25
Victor Wembanyama,Victor Wembanyama,SAS,2026,16868246,0.1102499738562091,0.3254,0.2152,49786200,3.960894165235178,4.437082235039845,2.9448527370668325,22.0,484.0,1866.0,0.7317,32.4,88.0,2,1,0.25
Jayson Tatum,Jayson Tatum,,2022,30351780,0.245455339452509,0.3249,0.0794,40175509,3.1336560727730713,2.9166218119360816,2.097613383016549,,,2731.0,0.8809,32.1,80.0,3,0,0.25
LeBron James,LeBron James,,2020,39219566,0.3593509803921568,0.3239,-0.0354,35350446,3.8351051855322544,3.61903293992609,1.9610489430084426,,,2316.0,0.8331,31.5,81.0,1,0,0.25
Joel Embiid,Joel Embiid,,2021,31579390,0.280920436956251,0.321,0.0401,36084894,3.5522016164022694,3.172298130399396,1.9713058759172237,,,1585.0,0.6796,35.3,84.0,2,0,0.25
Jalen Brunson,Jalen Brunson,NYK,2026,37739521,0.2466635359477124,0.3201,0.0734,48975300,2.124573277999023,1.1678649102869316,0.8497994714323354,29.0,841.0,2590.0,0.8768,30.4,74.0,7,1,0.3
Kevin Durant,Kevin Durant,,2024,51179021,0.3640354866702706,0.3175,-0.0466,44636690,2.6772003509059514,1.7167348582992366,1.1139273286270939,,,2791.0,0.7341,29.0,83.0,5,1,0.25
Damian Lillard,Damian Lillard,,2023,45640084,0.3355370420743855,0.3175,-0.018,43186667,2.7364760019682457,2.4622131286728783,1.0980702593118,,,2107.0,0.6232,33.8,74.0,4,0,0.25
Jayson Tatum,Jayson Tatum,,2024,34848340,0.2478756366119441,0.3143,0.0664,44186808,2.9780077533840887,2.4490919059589786,1.5725137005348955,,,2645.0,0.9073,30.2,80.0,5,1,0.25
LeBron James,LeBron James,,2021,41180544,0.3663293184122974,0.3111,-0.0553,34971995,3.8386060847940167,2.844296389584451,1.6896726773330302,,,1504.0,0.6877,31.9,81.0,2,0,0.25
Stephen Curry,Stephen Curry,,2021,45780966,0.4072532424786948,0.3084,-0.0988,34668477,2.7716090456875078,3.0386677915488627,1.863824179554893,,,2152.0,0.5733,34.8,74.0,2,0,0.25
Jaylen Brown,Jaylen Brown,BOS,2026,57078728,0.3730635816993464,0.3079,-0.0652,47108700,1.1291266017531614,1.1893910466705435,0.9260535067632119,29.0,841.0,2443.0,0.8341,36.2,78.0,7,1,0.3
Donovan Mitchell,Donovan Mitchell,CLE,2025,46394100,0.3285514984986686,0.3074,-0.0211,43407339,2.946556746075901,2.562016247115729,1.741282312657843,29.0,841.0,2232.0,0.8,30.9,74.0,6,1,0.25
Shai Gilgeous-Alexander,Shai Gilgeous-Alexander,,2024,35859950,0.2550712009559848,0.3074,0.0523,43216751,2.721764410532342,3.425567969505302,2.7577518156430263,,,2553.0,0.8427,32.8,78.0,5,1,0.25
LeBron James,LeBron James,,2023,47607350,0.35,0.3024,-0.0476,41132750,2.5217953271685736,2.491851334305666,1.2461145653276209,,,1954.0,0.65,33.3,81.0,4,0,0.25
Anthony Edwards,Anthony Edwards,MIN,2025,45550512,0.3225774177100448,0.3021,-0.0205,42658936,2.543299462575163,1.873537482596421,1.1980282475246493,24.0,576.0,2871.0,0.9634,31.4,76.0,4,1,0.25
Giannis Antetokounmpo,Giannis Antetokounmpo,,2019,25842697,0.2367848359904709,0.3018,0.065,32938452,3.563465530178629,4.337192403050998,3.06490842235497,,,2358.0,0.878,32.3,83.0,0,0,0.25
Stephen Curry,Stephen Curry,,2022,48070014,0.3887429865351178,0.3004,-0.0884,37145962,2.903671689815655,3.006164607195829,1.7255984628416083,,,2211.0,0.6346,30.8,74.0,3,0,0.25
Kevin Durant,Kevin Durant,,2022,44119845,0.3567979054627795,0.2994,-0.0574,37022307,2.961167785555009,2.1107366545983557,2.00908761034529,,,2047.0,,31.2,83.0,3,0,0.25
Kawhi Leonard,Kawhi Leonard,,2020,34379100,0.315,0.2993,-0.0157,32665602,3.6654448729869418,4.229721664252127,3.0394322585060345,,,1848.0,0.7692,33.0,78.0,1,0,0.25
Joel Embiid,Joel Embiid,PHI,2026,58100000,0.3797385620915032,0.2993,-0.0804,45792900,1.6299413891812033,1.1037654022134362,0.7352427178937835,32.0,1024.0,1201.0,0.3963,33.5,84.0,7,1,0.3
Karl-Anthony Towns,Karl-Anthony Towns,NYK,2026,57078728,0.3730635816993464,0.2988,-0.0743,45716400,2.2358654529830324,1.691938622318761,0.8986442221742332,30.0,900.0,2322.0,0.872,25.9,84.0,7,1,0.3
Kevin Durant,Kevin Durant,,2023,47649433,0.3503093860506833,0.2988,-0.0515,40643074,3.0133010826309805,2.0532058909404074,1.4123517200089803,,,1403.0,0.5244,31.5,83.0,4,0,0.25
Stephen Curry,Stephen Curry,GSW,2025,59606817,0.4221206801314373,0.2984,-0.1237,42136467,2.3992790041820427,2.110084320307233,1.2348644606675248,38.0,1444.0,2252.0,0.8341,29.8,74.0,6,1,0.25
LeBron James,LeBron James,,2024,48728845,0.3466074273764475,0.2976,-0.049,41838988,2.6437773061861587,2.064604455937614,1.6683550575517256,,,2504.0,0.7707,29.2,81.0,5,1,0.25
Kawhi Leonard,Kawhi Leonard,,2021,39344900,0.35,0.2959,-0.0541,33263302,3.889148049804325,3.1844463430221714,2.7781974515068932,,,1773.0,0.7009,28.6,78.0,2,0,0.25
Kawhi Leonard,Kawhi Leonard,,2024,49205800,0.35,0.2953,-0.0547,41515636,3.139552469529755,2.36975322579584,2.293066448288699,,,2330.0,,26.5,78.0,5,1,0.25
LeBron James,LeBron James,LAL,2025,52627153,0.3726924324400884,0.2951,-0.0776,41670480,1.6561334388735394,1.6807095128984935,1.2114814731942212,41.0,1681.0,2444.0,0.8207,30.1,81.0,6,1,0.25
Paul George,Paul George,,2023,45640084,0.3355370420743855,0.2951,-0.0404,40139797,2.719527527641956,1.7449685523594147,0.96162389432026,,,1939.0,0.5866,29.5,80.0,4,0,0.25
Jamal Murray,Jamal Murray,DEN,2026,50105628,0.3274877647058823,0.2937,-0.0338,44936100,1.759782259995881,0.8187450002682979,1.374792691636619,29.0,841.0,2652.0,0.8463,27.9,76.0,7,1,0.3
Stephen Curry,Stephen Curry,,2023,51915615,0.3816735283522397,0.293,-0.0887,39854153,2.821218373599695,2.4088643585338603,1.1123971276359117,,,1941.0,0.7293,31.0,74.0,4,0,0.25
Joel Embiid,Joel Embiid,,2019,27504630,0.2520123694337548,0.2906,0.0386,31716084,2.8704954195978933,2.4432412889794777,1.0478246168303804,,,2154.0,0.7805,33.3,84.0,0,0,0.25
Jalen Brunson,Jalen Brunson,,2024,24960001,0.1775400532051099,0.2905,0.113,40840814,2.1535726502958603,2.296517521029866,1.5260451637994628,,,2726.0,0.911,32.5,74.0,5,1,0.25
Donovan Mitchell,Donovan Mitchell,,2023,33162030,0.243800810169018,0.2884,0.0446,39228456,2.2280217721795497,2.1361928667122125,1.3732370953780721,,,2432.0,0.789,32.1,74.0,4,0,0.25
Karl-Anthony Towns,Karl-Anthony Towns,MIN,2022,33833400,0.273611,0.2882,0.0146,35637371,2.6046919919710136,2.213071277752353,1.2443902744301338,,,2476.0,0.7314,27.8,84.0,3,0,0.25
Victor Wembanyama,Victor Wembanyama,,2024,12768960,0.0908253905027456,0.2879,0.1971,40475285,3.156263991889652,2.2782085948383726,0.6193278407493319,,,2106.0,0.8659,32.2,88.0,0,1,0.25
Paul George,Paul George,,2024,49205800,0.35,0.2878,-0.0622,40461226,2.666059335999354,1.698425932107743,1.4726063465537151,,,2502.0,0.7317,26.6,80.0,5,1,0.25
LeBron James,LeBron James,,2019,37436858,0.3430168407549936,0.2874,-0.0556,31366836,3.3022691038828134,2.7579631358281573,2.1152963469660984,,,1937.0,0.6707,31.6,81.0,0,0,0.25
Donovan Mitchell,Donovan Mitchell,,2024,35410310,0.2518729194525848,0.2865,0.0346,40278462,2.8108925297851237,2.4185770289731563,2.014545656230699,,,1942.0,0.7476,31.4,74.0,5,1,0.25
Anthony Davis,Anthony Davis,,2024,43219440,0.3074191253876575,0.2855,-0.0219,40137874,2.381963455881113,3.1265221750442405,1.3622435718070627,,,2700.0,0.7659,26.7,82.0,5,1,0.25
Russell Westbrook,Russell Westbrook,,2019,38506482,0.3528173172072567,0.2854,-0.0674,31148556,2.9238008127194886,2.6624225751776653,1.2495329973828395,,,2630.0,0.8902,30.9,76.0,0,0,0.25
James Harden,James Harden,CLE,2026,42317307,0.2765837058823529,0.2854,0.0088,43666200,1.6608558822323174,1.4280547107297676,0.7897098859872668,36.0,1296.0,1559.0,0.7329,31.2,77.0,7,1,0.3
Kawhi Leonard,Kawhi Leonard,,2019,32742000,0.3,0.2819,-0.0181,30766566,3.44619366531112,2.454481354938359,2.4840286953883726,,,2040.0,0.7317,30.3,78.0,0,0,0.25
Paul George,Paul George,,2021,39344970,0.3500006226982404,0.28,-0.07,31475920,3.0523977401892206,2.3401455657392574,1.4868593894145452,,,1821.0,0.7171,30.0,80.0,2,0,0.25
Devin Booker,Devin Booker,PHO,2026,57078728,0.3730635816993464,0.2787,-0.0943,42641100,1.2589674725678388,1.2263158391723117,1.058531715609942,29.0,841.0,2146.0,0.8305,32.2,77.0,7,1,0.3
Stephen Curry,Stephen Curry,,2019,40231758,0.3686252336448598,0.2782,-0.0904,30362748,3.2596247893855375,2.5275417836710883,2.2890551522500195,,,2331.0,0.8415,30.4,74.0,0,0,0.25
De'Aaron Fox,De'Aaron Fox,,2024,34848340,0.2478756366119441,0.2777,0.0299,39041287,1.958604889430401,2.0768104067319433,1.2190623929910105,,,2659.0,0.8622,31.0,75.0,5,1,0.25
Anthony Davis,Anthony Davis,,2023,40600080,0.2984839105726322,0.2771,-0.0214,37691419,2.454001429863414,3.3335763742768374,1.3307113116223757,,,1904.0,0.5756,28.4,82.0,4,0,0.25
Kawhi Leonard,Kawhi Leonard,LAC,2025,50000000,0.3540875871055464,0.2767,-0.0773,39072253,3.1885111161763433,1.2891164465662224,1.9844013194008232,34.0,1156.0,1180.0,0.6012,27.7,78.0,6,1,0.25
Anthony Edwards,Anthony Edwards,,2024,42176400,0.3,0.2759,-0.0241,38788229,2.131290620482665,1.204084924937417,1.2791810623924766,,,2770.0,0.9463,32.3,76.0,3,1,0.25
Paul George,Paul George,,2022,42492492,0.3436374752335125,0.275,-0.0687,34005125,2.6736873068582385,1.81012869908349,1.134508089674758,,,1077.0,0.5199,33.7,80.0,3,0,0.25
Devin Booker,Devin Booker,,2022,33833400,0.2736112571266831,0.2747,0.0011,33968028,2.299962684552437,2.046777515127108,1.815157610291131,,,2345.0,0.8542,32.0,77.0,3,0,0.25
Kevin Durant,Kevin Durant,,2021,40918900,0.3640018147205864,0.2741,-0.0899,30812677,3.428654590821516,2.157922376397621,2.1127455575070733,,,1157.0,,31.2,83.0,2,0,0.25
Devin Booker,Devin Booker,,2024,49205800,0.35,0.2738,-0.0762,38492994,2.0365919937765846,2.131737185306424,1.107537904825972,,,2447.0,0.7744,29.8,77.0,5,1,0.25
Jrue Holiday,Jrue Holiday,,2023,36861707,0.2710001176288955,0.2735,0.0025,37201743,2.8946617623469515,1.768679116865645,0.8822575920168474,,,2183.0,0.7976,25.0,76.0,4,0,0.25
Donovan Mitchell,Donovan Mitchell,,2022,30913750,0.25,0.2725,0.0225,33695987,2.1792208834997933,1.605459452775496,1.7810562426084282,,,2266.0,0.7941,32.9,74.0,3,0,0.25
Anthony Edwards,Anthony Edwards,MIN,2026,48924624,0.3197687843137254,0.2717,-0.0481,41570100,2.242048351593255,0.6136079051463268,1.4668597757688293,24.0,576.0,2137.0,0.8537,31.5,76.0,5,1,0.25
James Harden,James Harden,,2023,35680595,0.2623168113747142,0.2713,0.009,36902497,2.5839397330316367,2.2666009714964788,0.9122757923149862,,,2135.0,0.6024,25.0,77.0,4,0,0.25
Trae Young,Trae Young,,2022,37096500,0.3,0.2708,-0.0292,33485774,1.5870110973844458,2.4177405240603465,1.3594393330768286,,,2652.0,0.8606,34.4,74.0,3,0,0.25
Stephen Curry,Stephen Curry,,2024,55761216,0.3966285600477992,0.2707,-0.1259,38057171,1.852765247817723,1.826588415448198,0.7604760210832089,,,2421.0,0.8122,31.3,74.0,5,1,0.25
Damian Lillard,Damian Lillard,,2021,39344900,0.35,0.2704,-0.0796,30396745,2.4234310645053836,2.449479479344239,1.4451128754651186,,,2398.0,0.8787,31.4,74.0,2,0,0.25
Paul George,Paul George,,2019,33005556,0.3024148433205058,0.2697,-0.0327,29435058,2.721240318857427,3.0895450816151593,2.451364733929961,,,2841.0,0.939,29.5,80.0,0,0,0.25
Victor Wembanyama,Victor Wembanyama,SAS,2025,13376880,0.0947317432440088,0.2695,0.1748,38055556,2.9868824744259745,2.710496851215864,1.057410007787932,22.0,484.0,1527.0,0.6753,30.4,88.0,1,1,0.25
Kawhi Leonard,Kawhi Leonard,,2023,45640084,0.3355370420743855,0.2694,-0.0662,36644057,2.8890122709048547,2.8475098018991187,1.5913238687562172,,,1748.0,,27.0,78.0,4,0,0.25
Stephen Curry,Stephen Curry,GSW,2026,62587158,0.4090663921568627,0.2688,-0.1402,41126400,1.2589674725678388,1.5049001238702906,1.2117425884406434,38.0,1444.0,1329.0,0.6988,32.5,74.0,7,1,0.3
Jaylen Brown,Jaylen Brown,,2022,28741071,0.2324295095224617,0.2687,0.0363,33226098,2.2827138558306306,0.8955130046446423,1.4803441821336842,,,2220.0,0.773,30.5,78.0,3,0,0.25
Shai Gilgeous-Alexander,Shai Gilgeous-Alexander,,2023,33386850,0.245453643187449,0.2683,0.0229,36494434,1.4653404274965047,2.580765951204029,1.324116403981118,,,2416.0,0.7049,32.8,78.0,4,0,0.25
Joel Embiid,Joel Embiid,PHI,2025,55224526,0.3910863832077502,0.268,-0.1231,37843744,2.105477269060076,1.4775372696158584,-0.03614505021013634,32.0,1024.0,574.0,0.4195,34.2,84.0,6,1,0.25
Cade Cunningham,Cade Cunningham,DET,2026,50105628,0.3274877647058823,0.2671,-0.0604,40866300,2.279145743254592,2.887715662126463,1.5761455130402697,24.0,576.0,2172.0,0.7976,30.5,78.0,4,1,0.25
Karl-Anthony Towns,Karl-Anthony Towns,NYK,2025,53142264,0.3763403206617189,0.2669,-0.1094,37688415,1.7195024405665125,1.978919157857002,1.0154487562947432,30.0,900.0,2517.0,0.7366,27.4,84.0,6,1,0.25
Anthony Edwards,Anthony Edwards,,2023,13534817,0.099505348438844,0.266,0.1665,36181586,1.962495674401008,0.6779931495790563,0.6018603119592325,,,2842.0,0.9207,29.9,76.0,2,0,0.25
Kyrie Irving,Kyrie Irving,,2023,37037037,0.2722891097698149,0.263,-0.0093,35773523,2.3014651609268055,1.3181783912472713,0.7312569480928763,,,1478.0,0.4817,29.7,74.0,4,0,0.25
OG Anunoby,OG Anunoby,NYK,2026,42500000,0.2777777777777778,0.263,-0.0148,40239000,2.2482312502034776,1.0002077762054054,1.2771031901528231,28.0,784.0,2224.0,0.7451,19.7,79.0,7,1,0.3
Damian Lillard,Damian Lillard,,2020,31626953,0.2897833333333333,0.2627,-0.0271,28671078,2.641827653963555,1.745463649760776,1.797844714977152,,,2474.0,0.9388,30.3,74.0,1,0,0.25
Trae Young,Trae Young,,2023,40064220,0.2945443718249388,0.2626,-0.0319,35719114,1.4201444959597316,1.0040134115397215,0.4499500256019846,,,2541.0,0.8768,32.6,74.0,4,0,0.25
Kevin Durant,Kevin Durant,HOU,2025,54708609,0.3874327870942156,0.2624,-0.125,37052979,1.3796141587587476,0.6086326284823218,0.7627203026449259,37.0,1369.0,2265.0,0.7476,28.7,83.0,6,1,0.25
Devin Booker,Devin Booker,,2023,36016200,0.2647841142176576,0.2621,-0.0027,35651104,2.0641865203587475,1.7627514757390872,1.2135948483379704,,,1835.0,0.7354,31.8,77.0,4,0,0.25
Anthony Davis,Anthony Davis,WAS,2025,54126450,0.3833100815817801,0.2602,-0.1231,36742321,2.1861287257602235,2.810988921772111,1.4453113479272586,33.0,1089.0,1440.0,0.6707,30.2,82.0,6,1,0.25
Kevin Durant,Kevin Durant,,2019,37199000,0.3408374564779182,0.26,-0.0809,28376400,2.571985218116961,2.881603861375853,2.004171529633358,,,2702.0,0.9512,29.0,83.0,0,0,0.25
Jaylen Brown,Jaylen Brown,,2023,31830357,0.2340106086560163,0.2597,0.0257,35324653,1.4822889018227945,0.5594403270479053,0.6989646417115452,,,2405.0,0.7915,31.4,78.0,4,0,0.25
Jalen Brunson,Jalen Brunson,NYK,2025,34944001,0.247464739958076,0.2597,0.0123,36671717,1.828957988945284,1.365543839792656,0.8399161927965177,29.0,841.0,2301.0,0.8439,29.5,74.0,6,1,0.25
LaMelo Ball,LaMelo Ball,CHO,2026,40770520,0.2664739869281046,0.2596,-0.0068,39718800,1.6299413891812033,1.7555104822441698,1.2771031901528231,24.0,576.0,2017.0,0.6646,32.0,79.0,5,1,0.25
Bam Adebayo,Bam Adebayo,MIA,2026,49800000,0.3254901960784314,0.2582,-0.0673,39504600,1.4259057350438529,1.9237903804089156,0.7559753818777546,28.0,784.0,2365.0,0.9037,25.0,81.0,7,1,0.3
Kyrie Irving,Kyrie Irving,,2024,41000000,0.2916322872506899,0.2574,-0.0342,36187351,2.1480021428425613,2.540636536916447,1.8318662211895294,,,2030.0,0.5707,28.1,74.0,5,1,0.25
Stephen Curry,Stephen Curry,,2020,43006362,0.3940476635514018,0.2572,-0.1369,28070808,3.2752261541327226,1.1347749254347401,0.28121578317242896,,,139.0,0.359,33.6,74.0,1,0,0.25
Damian Lillard,Damian Lillard,,2019,29802321,0.2730650632215503,0.2554,-0.0176,27874356,2.4920271284345685,2.825403531581446,1.9728545356577674,,,2838.0,0.9756,29.3,74.0,0,0,0.25
Damian Lillard,Damian Lillard,,2024,48787676,0.3470258912567218,0.2552,-0.0918,35878057,1.602092412419275,1.7167348582992366,0.9527395918260617,,,2579.0,0.728,28.4,74.0,5,1,0.25
De'Aaron Fox,De'Aaron Fox,,2023,32600060,0.2396693157674182,0.2546,0.0149,34630946,1.5444333076858576,1.555284036309573,0.64711502301476,,,2435.0,0.8024,30.1,75.0,4,0,0.25
Anthony Davis,Anthony Davis,,2020,32742000,0.3,0.2537,-0.0463,27688817,2.5965849039514715,3.4708075214003533,2.2923340194305246,,,2131.0,0.7943,29.3,82.0,1,0,0.25
Jayson Tatum,Jayson Tatum,BOS,2026,58456566,0.3820690588235294,0.2535,-0.1286,38785500,2.1369390752194684,2.039433026525526,1.618665044261634,28.0,784.0,522.0,0.5415,30.0,80.0,7,1,0.3
Devin Booker,Devin Booker,PHO,2025,53142264,0.3763403206617189,0.2535,-0.1228,35796228,1.1146165153154055,0.4574348085783162,0.5727735687864448,29.0,841.0,2795.0,0.8354,29.3,77.0,6,1,0.25
Brandon Ingram,Brandon Ingram,TOR,2026,40000000,0.261437908496732,0.2533,-0.0081,38754900,0.42427616018776854,-0.20840683591911882,-0.05681532651080506,28.0,784.0,2604.0,0.6915,26.9,80.0,7,1,0.3
Pascal Siakam,Pascal Siakam,IND,2026,48924624,0.3197687843137254,0.2532,-0.0666,38739600,0.6901408004273465,0.43378430376083343,0.5497029452914663,32.0,1024.0,2057.0,0.7585,30.1,80.0,7,1,0.3
Devin Booker,Devin Booker,,2021,31650600,0.281553898980554,0.2532,-0.0284,28463224,1.8113117104916494,1.3925849811627489,0.9584856009203058,,,2270.0,0.8563,32.7,77.0,2,0,0.25
Kyrie Irving,Kyrie Irving,,2021,34916200,0.3106036614656537,0.2531,-0.0575,28451983,2.2268789783541845,2.2915527152481543,1.6173951307937238,,,1886.0,0.576,30.4,74.0,2,0,0.25
Karl-Anthony Towns,Karl-Anthony Towns,NYK,2024,49205800,0.35,0.2496,-0.1004,35090764,1.8137716956446308,0.642611188398281,0.6637633790025895,,,2026.0,0.6646,27.4,84.0,5,1,0.25
De'Aaron Fox,De'Aaron Fox,SAS,2026,49800000,0.3254901960784314,0.2495,-0.076,38173500,1.3640767489416257,1.1293761327751302,1.074344764411276,28.0,784.0,2231.0,0.7841,24.9,75.0,7,1,0.3
Ja Morant,Ja Morant,,2023,34005250,0.25,0.2491,-0.0009,33882831,1.4144950045176352,2.2725286126230366,0.8163085156042696,,,1948.0,0.7341,34.9,74.0,3,0,0.25
Chris Paul,Chris Paul,,2020,41358814,0.3789519332966831,0.249,-0.1299,27175860,3.3996437166659517,2.6348161609151974,1.8983030943828667,,,2208.0,0.8729,23.3,72.0,1,0,0.25
Pascal Siakam,Pascal Siakam,,2023,37893408,0.2785849832011233,0.2488,-0.0298,33842024,1.476639410380698,1.8516660926374504,0.6214176242746866,,,2652.0,0.8183,27.2,80.0,4,0,0.25
James Harden,James Harden,,2022,33000000,0.2668715377461486,0.2486,-0.0183,30740633,2.288463465404566,1.7589613875064916,0.8771977698870904,,,1627.0,0.5889,28.3,77.0,3,0,0.25
Trae Young,Trae Young,,2021,8326471,0.0740696977244827,0.2471,0.173,27777499,1.7944643888215466,1.107101984527519,0.9628471770045743,,,2125.0,0.8317,33.0,74.0,2,0,0.25
Kemba Walker,Kemba Walker,BOS,2019,32742000,0.3,0.2453,-0.0547,26772042,1.8736845682240661,1.7519772325082699,1.0619677754000019,,,2863.0,1.0,31.5,72.0,0,0,0.25
Jayson Tatum,Jayson Tatum,,2021,28103550,0.2500004447844574,0.2453,-0.0047,27575154,1.845006353831855,2.145774163774845,1.332958061869643,,,2290.0,0.8579,30.8,80.0,2,0,0.25
Donovan Mitchell,Donovan Mitchell,,2021,28103500,0.25,0.2451,-0.0049,27552671,1.979784927192677,1.2225100044438886,0.9491393664540161,,,1771.0,0.7985,33.5,74.0,2,0,0.25
Damian Lillard,Damian Lillard,,2022,42492492,0.3436374752335125,0.245,-0.0987,30295475,2.5931927728231425,1.4135820343617518,0.16175796506917184,,,1056.0,0.6053,29.3,74.0,3,0,0.25
James Harden,James Harden,,2021,44310840,0.3941754585727756,0.2448,-0.1494,27518947,2.956929584058638,2.510220542458118,1.6825072309088747,,,1319.0,0.6931,28.4,77.0,2,0,0.25
Jimmy Butler,Jimmy Butler,,2023,45183960,0.3321837069276068,0.2447,-0.0875,33284338,2.1997743149690665,3.7544388942624236,1.9438103116510288,,,2138.0,0.7256,25.6,78.0,4,0,0.25
Joel Embiid,Joel Embiid,,2020,29542010,0.2706799523547737,0.2442,-0.0264,26651988,2.200710841345742,2.4035845080150477,1.053022232069409,,,1506.0,0.7354,32.9,84.0,1,0,0.25
Michael Porter Jr.,Michael Porter Jr.,BRK,2026,40806150,0.266706862745098,0.2437,-0.023,37286100,0.8632619615135834,0.07177365438203676,0.5725440157822819,27.0,729.0,1689.0,0.7963,30.5,82.0,7,1,0.3
Bradley Beal,Bradley Beal,,2021,33724200,0.3,0.2432,-0.0568,27339084,1.5361387898799708,1.5444376389474457,1.3993163265802993,,,2147.0,0.8034,34.1,76.0,2,0,0.25
Jaylen Brown,Jaylen Brown,,2024,49205800,0.35,0.243,-0.107,34162884,1.6132334273258726,0.7707736717387359,1.2074452588071523,,,2343.0,0.8329,28.9,78.0,5,1,0.25
Jimmy Butler,Jimmy Butler,,2022,37653300,0.3045028506732441,0.2422,-0.0623,29949241,2.478200581344434,2.7439321353637114,2.46687263711612,,,1931.0,0.6989,26.5,78.0,3,0,0.25
Lauri Markkanen,Lauri Markkanen,UTA,2026,46113154,0.3013931633986928,0.2411,-0.0602,36888300,1.0240173253793747,0.528067717707836,1.0483410841601934,29.0,841.0,1443.0,0.5622,28.1,85.0,7,1,0.3
Tyler Herro,Tyler Herro,MIA,2025,31000000,0.2195343040054387,0.2411,0.0216,34045248,1.2240720636941773,0.990277295594979,1.0401130033556252,26.0,676.0,2725.0,0.7866,28.0,77.0,5,1,0.25
Cade Cunningham,Cade Cunningham,DET,2025,46394100,0.3285514984986686,0.241,-0.0875,34031128,0.9245095102364862,1.240854948186204,0.7201184213579478,24.0,576.0,2452.0,0.6829,33.2,78.0,3,1,0.25
Ja Morant,Ja Morant,MEM,2025,39446090,0.2793474165769645,0.2409,-0.0385,34017007,1.4372223421159958,1.077385993120255,0.7262044043989446,26.0,676.0,1519.0,0.4866,32.2,74.0,5,1,0.25
Pascal Siakam,Pascal Siakam,,2022,35448672,0.286673988112086,0.2402,-0.0465,29701931,1.7480001654546373,1.4263738622560016,1.127618924486333,,,2578.0,0.7862,25.8,80.0,3,0,0.25
Fred VanVleet,Fred VanVleet,,2023,40806300,0.3,0.2398,-0.0602,32617835,1.9568461829589114,2.0057847619279467,0.5095316049816239,,,2535.0,0.7854,23.2,72.0,4,0,0.25
Ivica Zubac,Ivica Zubac,IND,2025,18893980,0.133802475780409,0.2394,0.1056,33805195,1.9153702639811565,1.8979878538337502,1.1922625793805468,29.0,841.0,2624.0,,19.5,84.0,6,1,0.25
Jaylen Brown,Jaylen Brown,BOS,2025,53142264,0.3763403206617189,0.2389,-0.1374,33734591,1.460265615458895,1.1867603098833308,1.097769684796648,29.0,841.0,2158.0,0.8037,28.9,78.0,6,1,0.25
Trae Young,Trae Young,WAS,2025,46394100,0.3285514984986686,0.2384,-0.0902,33663987,0.7689674151719158,1.0245613582798898,0.25373993147945123,27.0,729.0,2739.0,0.839,29.6,74.0,6,1,0.25
Russell Westbrook,Russell Westbrook,,2020,41358814,0.3789519332966831,0.2384,-0.1405,26018976,1.544690966170533,0.9746914734269442,0.49546197096649375,,,2049.0,0.8286,34.4,76.0,1,0,0.25
Jayson Tatum,Jayson Tatum,,2020,9897120,0.0906827927432655,0.2382,0.1475,25997148,2.3477497788850132,2.1723528551148985,1.7835399619226162,,,2265.0,0.9342,28.6,80.0,1,0,0.25
Paul George,Paul George,,2020,35450412,0.3248159428257284,0.2382,-0.0866,25997148,2.8397646852664202,1.7395346330197468,1.9204104400126032,,,1419.0,0.7688,29.6,80.0,1,0,0.25
Tyrese Maxey,Tyrese Maxey,PHI,2026,40770520,0.2664739869281046,0.2378,-0.0287,36383400,1.135309500363384,1.4292104137378414,1.4320710684058946,25.0,625.0,2661.0,0.7878,29.4,74.0,5,1,0.25
Karl-Anthony Towns,Karl-Anthony Towns,MIN,2019,27285000,0.25,0.2374,-0.0126,25909836,1.969634275842937,2.240920101719612,0.8878722282453754,,,2545.0,0.939,28.9,84.0,0,0,0.25
Kyrie Irving,Kyrie Irving,,2022,38917057,0.3147228741255913,0.2348,-0.0799,29034194,2.299962684552437,1.3816024646261276,1.571281162620892,,,1091.0,0.4299,29.4,74.0,3,0,0.25
Russell Westbrook,Russell Westbrook,,2021,44211146,0.3932886117387514,0.2348,-0.1585,26394807,1.4462864076394228,1.7995501040257362,0.46064284501594555,,,2369.0,0.8119,30.2,76.0,2,0,0.25
Karl-Anthony Towns,Karl-Anthony Towns,MIN,2021,31650600,0.281554,0.2347,-0.0468,26383565,1.8787009971720605,2.2976268215595423,0.6777870257827409,,,1689.0,0.6385,29.1,84.0,2,0,0.25
Pascal Siakam,Pascal Siakam,IND,2025,45550512,0.3225774177100448,0.2345,-0.088,33113275,1.431461523780271,1.082580420473336,1.0321051309332607,32.0,1024.0,2548.0,0.7915,24.2,80.0,6,1,0.25
Kyrie Irving,Kyrie Irving,DAL,2025,36566002,0.2589513483655317,0.2342,-0.0247,33070913,1.5754819821733916,0.4528391439613875,1.2822710654079217,34.0,1156.0,1804.0,0.6146,27.4,74.0,6,1,0.25
Jamal Murray,Jamal Murray,DEN,2025,46394100,0.3285514984986686,0.2336,-0.0949,32986188,1.6503726205378144,0.8901309211696629,0.8171738351170033,29.0,841.0,2418.0,0.7829,24.0,76.0,6,1,0.25
Ja Morant,Ja Morant,,2022,12119440,0.0980101087703691,0.2327,0.1347,28774518,1.5295150016450918,1.7397736456651172,1.1927215355169478,,,1889.0,0.7642,33.7,74.0,2,0,0.25
Brandon Ingram,Brandon Ingram,,2023,33833400,0.2487365921438601,0.2321,-0.0166,31570474,1.4427424617281182,0.6187167383134808,0.5763903238274783,,,1538.0,0.6244,30.8,80.0,4,0,0.25
Blake Griffin,Blake Griffin,DET,2019,34234964,0.313679,0.2319,-0.0818,25309566,1.6551324564255263,1.1731138356258766,1.0107830110528004,,,2622.0,0.9146,30.2,81.0,0,0,0.25
Bradley Beal,Bradley Beal,,2020,28751774,0.2634393806120579,0.2317,-0.0318,25287738,1.544690966170533,1.2355682100322412,1.0995126794966492,,,2053.0,0.8698,34.4,76.0,1,0,0.25
Bam Adebayo,Bam Adebayo,,2023,32600060,0.2396693157674182,0.2314,-0.0083,31475259,1.3128041585598957,1.1877702864630053,0.4017389766383071,,,2598.0,0.8183,25.2,81.0,4,0,0.25
Brandon Ingram,Brandon Ingram,,2022,31650600,0.2559589179572197,0.2308,-0.0252,28539574,1.6560064122716707,0.6588641886010246,0.8320737379029078,,,1869.0,0.7308,29.3,80.0,3,0,0.25
Donovan Mitchell,Donovan Mitchell,,2019,3635760,0.0333128092358438,0.2298,0.1965,25080372,1.6604629957376857,0.8190517579211116,1.2108076822517329,,,2598.0,0.939,31.6,74.0,0,0,0.25
Kyrie Irving,Kyrie Irving,,2019,31742000,0.2908374564779182,0.2297,-0.0611,25069458,2.2148390842022745,2.004878716583102,1.8980978403611966,,,2214.0,0.8171,29.6,74.0,0,0,0.25
Jamal Murray,Jamal Murray,,2023,33833400,0.2487365921438601,0.2296,-0.0191,31230421,1.521835341917471,0.8321118188695525,0.4044679039381379,,,2133.0,,26.1,76.0,4,0,0.25
Scottie Barnes,Scottie Barnes,TOR,2026,41754690,0.2729064705882353,0.2294,-0.0435,35098200,1.809245448877663,1.5749718668850314,1.3442207972873734,24.0,576.0,2681.0,0.872,23.4,80.0,4,1,0.25
Mike Conley,Mike Conley,,2019,32511623,0.2978891607110134,0.2288,-0.0691,24971232,2.3321109490697833,2.077939145315831,1.370760070836738,,,2342.0,0.8537,27.3,73.0,0,0,0.25
Jrue Holiday,Jrue Holiday,,2019,26131111,0.2394274418178486,0.2286,-0.0109,24949404,2.4600438925616115,1.9037181229531692,1.7256860025600966,,,2402.0,0.8171,25.4,76.0,0,0,0.25
Kyle Lowry,Kyle Lowry,,2020,30500000,0.2794575774234927,0.2285,-0.051,24938490,2.7832112477513156,2.1901399053379866,1.0250629420082715,,,2098.0,0.8007,23.1,72.0,1,0,0.25
Jimmy Butler,Jimmy Butler,,2024,48798677,0.347104141178479,0.2278,-0.1193,32025946,2.0867265608562744,1.8326913908453624,1.6581900651408497,,,2042.0,0.739,24.0,78.0,5,1,0.25
Bradley Beal,Bradley Beal,,2019,25399705,0.2327259025105369,0.227,-0.0057,24774780,1.6284797598647287,0.790951593023908,1.2427981599687339,,,3028.0,1.0,28.4,76.0,0,0,0.25
James Harden,James Harden,,2024,33653846,0.2393792215551825,0.2262,-0.0132,31801005,1.9641753968836997,2.3392383488100177,0.9274723249761702,,,2470.0,0.7585,20.6,77.0,5,1,0.25
Derrick White,Derrick White,BOS,2026,30348000,0.1983529411764706,0.2259,0.0276,34562700,0.9807370351078155,2.493160088218168,1.46088595733277,31.0,961.0,2625.0,0.9256,22.0,76.0,7,1,0.3
Zach LaVine,Zach LaVine,,2023,40064220,0.2945443718249388,0.2253,-0.0693,30645531,0.7817519630028127,0.45274278676986945,0.5695680055779014,,,2768.0,0.8561,28.3,77.0,4,0,0.25
Anthony Davis,Anthony Davis,,2021,35361360,0.3145636664472396,0.2251,-0.0894,25304391,2.3167313605947326,2.236885758445663,1.5787640283330597,,,1162.0,0.6144,29.2,82.0,2,0,0.25
Anthony Davis,Anthony Davis,,2019,27093019,0.2482409657320872,0.2248,-0.0234,24534672,2.1508726124563604,3.9606501934284695,2.1856753979435,,,1850.0,0.6829,29.5,82.0,0,0,0.25
Lauri Markkanen,Lauri Markkanen,,2023,17259999,0.1268921637100153,0.2242,0.0973,30495908,1.2224122954863497,1.6204880887017064,1.0575911710309762,,,2273.0,0.75,26.6,85.0,4,0,0.25
LaMarcus Aldridge,LaMarcus Aldridge,SAS,2019,26000000,0.238226,0.2239,-0.0143,24436446,1.7617432426687163,1.0269929781604181,0.3349420765473161,,,2687.0,0.9878,26.9,83.0,0,0,0.25
Jalen Brunson,Jalen Brunson,,2023,26346666,0.1936955764183471,0.2238,0.0301,30441499,1.3467011072124755,1.1522044397036602,0.6493891290979523,,,2379.0,0.8695,27.2,74.0,4,0,0.25
Chris Paul,Chris Paul,,2019,38506482,0.3528173172072567,0.2237,-0.1291,24414618,3.147683463830188,1.8475177931587619,1.6802258500148843,,,1857.0,0.7073,22.5,72.0,0,0,0.25
Franz Wagner,Franz Wagner,ORL,2025,38661750,0.2737929154155571,0.2227,-0.0511,31447021,1.4833088888017945,1.2005075021879807,1.6676098863720916,24.0,576.0,2023.0,0.8244,31.0,82.0,3,1,0.25
Damian Lillard,Damian Lillard,POR,2025,14104000,0.0998810265707325,0.2217,0.1218,31305813,1.0512475136224324,1.7768610066112382,1.0708632334575041,35.0,1225.0,2093.0,0.7622,27.8,74.0,6,1,0.25
Chris Paul,Chris Paul,,2021,30800000,0.273987225790382,0.2215,-0.0525,24899701,2.5919042812064115,2.3826643099189724,1.632349105939787,,,2199.0,0.86,22.6,72.0,2,0,0.25
LaMelo Ball,LaMelo Ball,CHO,2025,37958760,0.2688145147583706,0.2214,-0.0474,31263451,0.4578832250427751,0.44572045717864756,0.3642485709080785,24.0,576.0,1505.0,0.4549,35.9,79.0,4,1,0.25
Darius Garland,Darius Garland,,2023,34005250,0.25,0.2209,-0.0291,30047038,1.352350598654572,1.6916197822203967,0.7078336554359953,,,2447.0,0.8012,26.9,73.0,3,0,0.25
Jrue Holiday,Jrue Holiday,,2022,33665040,0.2722497270632,0.2199,-0.0523,27191734,2.0987263494646973,2.0595693430213577,1.7200871306908685,,,2208.0,0.7938,23.5,76.0,3,0,0.25
Donovan Mitchell,Donovan Mitchell,,2020,5195501,0.0476040040315191,0.2193,0.1717,23934402,1.5277249349160018,0.648595552670323,0.9353331273934583,,,2364.0,0.9511,30.8,74.0,1,0,0.25
Shai Gilgeous-Alexander,Shai Gilgeous-Alexander,,2022,30913750,0.25,0.2188,-0.0312,27055714,1.0177997495648403,1.2920596693663806,0.6905013932807775,,,1942.0,0.664,30.8,78.0,3,0,0.25
Julius Randle,Julius Randle,,2023,28226880,0.2075185449305621,0.2188,0.0113,29761394,0.5049268823400778,1.2707572622348111,0.6195983394081328,,,2737.0,0.9061,29.5,81.0,4,0,0.25
Tyrese Haliburton,Tyrese Haliburton,IND,2025,45550512,0.3225774177100448,0.2181,-0.1045,30797464,2.099716450724351,2.65136563743867,1.7432042020392104,26.0,676.0,2451.0,0.8341,21.6,77.0,4,1,0.25
Darius Garland,Darius Garland,LAC,2025,39446090,0.2793474165769645,0.2181,-0.0612,30797464,1.362331703751573,1.7770174903635623,1.2457551671619402,26.0,676.0,2301.0,0.8341,27.2,73.0,5,1,0.25
Jaylen Brown,Jaylen Brown,,2021,24830357,0.220883137331649,0.2178,-0.0031,24483769,1.5136756943198337,0.2324306756876651,1.169710499858451,,,1999.0,0.7716,29.7,78.0,2,0,0.25
Tyrese Maxey,Tyrese Maxey,,2024,35147000,0.25,0.2178,-0.0322,30620066,1.2288684130482526,1.3749682360580233,0.9716174348748312,,,2626.0,0.8293,28.0,74.0,3,1,0.25
OG Anunoby,OG Anunoby,NYK,2025,39568966,0.2802175939040281,0.2178,-0.0624,30755102,1.3565708854158482,0.678694362514448,0.7108292893480053,28.0,784.0,2706.0,0.7134,19.7,79.0,6,1,0.25
Bradley Beal,Bradley Beal,,2023,46741590,0.3436351004624286,0.2171,-0.1265,29530159,1.20546382116006,0.9328817180210308,0.6944164295451605,,,1673.0,0.5976,29.2,76.0,4,0,0.25
Jimmy Butler,Jimmy Butler,,2021,36016200,0.320388919529596,0.2161,-0.1043,24292665,2.254957847804356,3.366669532363808,2.838947975537776,,,1745.0,0.6929,26.6,78.0,2,0,0.25
Julius Randle,Julius Randle,,2024,33073920,0.2352542179986912,0.2161,-0.0192,30381066,1.212156890688356,0.5754784590294713,0.43258240874381176,,,1630.0,0.7378,29.9,81.0,5,1,0.25
Chris Paul,Chris Paul,,2022,28400000,0.2296712627875945,0.2148,-0.0149,26561094,2.777180279189076,2.545658803002843,2.3535458697665317,,,2139.0,0.8469,19.7,72.0,3,0,0.25
Bam Adebayo,Bam Adebayo,MIA,2025,37096620,0.2627090533114271,0.2144,-0.0483,30274995,1.039725876950983,1.0964400982788303,0.42350682683357427,28.0,784.0,2674.0,0.9183,23.5,81.0,6,1,0.25
Bam Adebayo,Bam Adebayo,,2024,34848340,0.2478756366119441,0.2144,-0.0334,30142067,1.178733845968563,1.6007783257531107,0.4813743723160161,,,2416.0,0.8439,24.9,81.0,5,1,0.25
Jimmy Butler,Jimmy Butler,GSW,2026,56832773,0.3714560326797385,0.2141,-0.1574,32757300,1.2156871822962796,,2.2705140559610624,36.0,1296.0,1182.0,0.4878,23.3,78.0,7,1,0.3
Jamal Murray,Jamal Murray,,2024,36016200,0.2561826044897146,0.214,-0.0422,30085832,1.317996532301034,0.9782748352423296,1.0848844931674486,,,1861.0,,27.9,76.0,5,1,0.25
Evan Mobley,Evan Mobley,CLE,2025,46394100,0.3285514984986686,0.2139,-0.1147,30204391,2.0593907223742773,2.4727015217912767,1.570554472613036,25.0,625.0,2167.0,0.8085,23.2,83.0,3,1,0.25
Derrick White,Derrick White,BOS,2025,28100000,0.1989972239533171,0.2134,0.0144,30133787,1.8059147156023847,1.8933809023925119,1.3511387682402545,31.0,961.0,2574.0,0.9305,19.8,76.0,6,1,0.25
Anthony Davis,Anthony Davis,WAS,2026,58456566,0.3820690588235294,0.2129,-0.1692,32573700,1.0116515281589291,1.016328627483049,0.9643562249708871,33.0,1089.0,626.0,0.461,27.5,82.0,7,1,0.3
Khris Middleton,Khris Middleton,,2022,37948276,0.3068883263919776,0.2129,-0.094,26326149,1.4892677346275438,1.2600800996307564,1.137263755750128,,,2141.0,0.8234,26.7,79.0,3,0,0.25
Dejounte Murray,Dejounte Murray,,2022,16571120,0.1340109174719987,0.2127,0.0787,26301418,1.3742755431488358,2.283426331170726,1.7600442887837324,,,2366.0,0.8431,27.3,76.0,3,0,0.25
DeMar DeRozan,DeMar DeRozan,,2023,28600000,0.2102616507745127,0.2125,0.0023,28904462,0.6800611170450733,1.258901979981696,0.8601987630098817,,,2682.0,0.878,27.8,78.0,4,0,0.25
DeMar DeRozan,DeMar DeRozan,,2022,27300000,0.2207755448627229,0.2125,-0.0083,26276687,0.3508450389883326,0.9530762301687657,1.1413972548631828,,,2743.0,0.8755,31.8,78.0,3,0,0.25
Rudy Gobert,Rudy Gobert,,2021,35344828,0.3144166029142277,0.2122,-0.1022,23854250,2.940082262388535,3.500299871214341,1.8389008876447877,,,2187.0,0.9138,17.0,85.0,2,0,0.25
CJ McCollum,CJ McCollum,ATL,2026,21000000,0.1372549019607843,0.2122,0.075,32466600,0.7396039893091284,0.15789022916462003,0.363108969435727,34.0,1156.0,1182.0,0.6159,26.9,75.0,7,1,0.3
LaMelo Ball,LaMelo Ball,,2022,8623920,0.0697417815696898,0.2113,0.1415,26128301,1.2707825708179983,0.7164274141251478,0.8086505762622634,,,2422.0,0.8049,28.2,79.0,1,0,0.25
Fred VanVleet,Fred VanVleet,,2022,21250000,0.171849096275929,0.2107,0.0389,26054108,1.477768515479673,1.6566267643524946,1.0342707361831767,,,2462.0,0.7366,23.7,72.0,3,0,0.25
Bam Adebayo,Bam Adebayo,,2022,30351780,0.245455339452509,0.2103,-0.0351,26004646,1.8744915760812162,1.8868796664489877,1.3608171661145136,,,1825.0,0.7756,25.0,81.0,3,0,0.25
Michael Porter Jr.,Michael Porter Jr.,,2024,35859950,0.2550712009559848,0.2091,-0.0459,29396950,1.317996532301034,0.7402587947529132,0.7372417527154925,,,2565.0,0.7427,20.7,82.0,5,1,0.25
Kawhi Leonard,Kawhi Leonard,,2022,42492492,0.3436374752335125,0.2087,-0.1349,25806798,3.0244134908682985,,,,,,,,78.0,3,0,0.25
Tyrese Haliburton,Tyrese Haliburton,,2024,42176400,0.3,0.2087,-0.0913,29340715,1.780348650924838,2.6016662908880916,1.7267311568256127,,,2224.0,0.75,24.6,77.0,3,1,0.25
Devin Booker,Devin Booker,,2020,29467800,0.27,0.2085,-0.0615,22755690,1.1035741535527201,1.2355682100322412,1.0396928030867738,,,2512.0,0.9003,30.0,77.0,1,0,0.25
Brook Lopez,Brook Lopez,,2023,25000000,0.1837951492784202,0.208,0.0242,28292368,1.476639410380698,1.7034750644735117,0.5620634555033667,,,2373.0,0.6939,19.3,85.0,4,0,0.25
Zion Williamson,Zion Williamson,,2021,10733400,0.0954809899122885,0.2078,0.1123,23359629,1.2272712259280867,1.7023644030435305,1.6959035003105565,,,2026.0,0.5899,29.8,78.0,1,0,0.25
Jarrett Allen,Jarrett Allen,CLE,2026,28000000,0.1830065359477124,0.2077,0.0247,31778100,1.6484900850118718,1.3717150138942982,1.1365427563631891,28.0,784.0,1519.0,0.8293,19.9,81.0,7,1,0.3
Zion Williamson,Zion Williamson,,2024,36725670,0.2612290522661962,0.2073,-0.054,29143892,0.7275227422513568,0.8379064011075457,1.0204093984470357,,,2207.0,,29.7,78.0,4,1,0.25
Karl-Anthony Towns,Karl-Anthony Towns,MIN,2023,36016200,0.264784,0.2072,-0.0576,28183551,1.889052285653752,0.6068614560603657,0.45154189986021925,,,957.0,0.5695,25.6,84.0,4,0,0.25
CJ McCollum,CJ McCollum,,2023,35802469,0.2632128053756405,0.2071,-0.0562,28169949,0.4145350192665318,0.5475850447947902,0.019689154661994973,,,2649.0,0.7037,26.4,75.0,4,0,0.25
Domantas Sabonis,Domantas Sabonis,,2024,40500000,0.2880757959427547,0.2069,-0.0812,29087657,0.9726250701965059,2.2904145456327014,0.9239871847210127,,,2928.0,0.9037,22.2,82.0,5,1,0.25
Julius Randle,Julius Randle,MIN,2026,33333334,0.2178649281045751,0.2067,-0.0112,31625100,-0.33003747025940616,0.03153832747600718,0.774248238270407,31.0,961.0,2610.0,0.8463,26.5,81.0,7,1,0.3
Michael Porter Jr.,Michael Porter Jr.,,2023,33386850,0.245453643187449,0.2061,-0.0393,28033928,1.4709899189386013,0.0852290369233015,0.6860022370373489,,,1798.0,0.5598,22.7,82.0,4,0,0.25
Chet Holmgren,Chet Holmgren,OKC,2026,41500000,0.2712418300653594,0.206,-0.0652,31518000,2.0627442918967955,2.6167830642044856,1.7616852856425866,24.0,576.0,1997.0,0.7378,21.9,85.0,3,1,0.25
Khris Middleton,Khris Middleton,,2021,35500000,0.3157969647908623,0.2058,-0.11,23134801,1.5979123026703477,1.3136215991147067,0.8877657601253809,,,2269.0,0.8608,25.0,79.0,2,0,0.25
Khris Middleton,Khris Middleton,,2020,33051724,0.3028378596298332,0.2057,-0.0971,22450098,2.2233322163517837,2.4332295917201954,1.9139082795332687,,,1853.0,0.8903,26.4,79.0,1,0,0.25
Karl-Anthony Towns,Karl-Anthony Towns,MIN,2020,29467800,0.27,0.2049,-0.0651,22362786,2.025395185048919,2.2612881062303405,1.3690272313650556,,,1187.0,0.656,28.8,84.0,1,0,0.25
Zach LaVine,Zach LaVine,,2021,19500000,0.1734659384062483,0.2047,0.0313,23011145,1.0026402703267163,0.4571726092090164,1.187156804195525,,,2034.0,0.7573,31.0,77.0,2,0,0.25
Fred VanVleet,Fred VanVleet,,2024,42846615,0.3047672276438956,0.2045,-0.1002,28750246,1.6132334273258726,1.497027744001314,1.0279605356665433,,,2684.0,0.8561,19.7,72.0,5,1,0.25
Myles Turner,Myles Turner,MIL,2025,25318251,0.1792975681264517,0.2044,0.0251,28862915,1.4429831604517207,1.0238286619048778,0.008058405561314584,30.0,900.0,2174.0,0.872,20.7,83.0,6,1,0.25
Ty Jerome,Ty Jerome,MEM,2026,9220050,0.0602617647058823,0.2036,0.1433,31150800,1.4506373294847439,1.5516434384807045,2.0364809337013217,28.0,784.0,339.0,0.3524,32.7,77.0,6,1,0.25
Deni Avdija,Deni Avdija,POR,2026,13125000,0.0857843137254902,0.2035,0.1177,31135499,0.6344947129353418,1.2185582101615784,0.7320801081335168,25.0,625.0,2199.0,0.8488,29.3,80.0,5,1,0.25
Jrue Holiday,Jrue Holiday,,2020,25876111,0.2370909932197178,0.2032,-0.0339,22177248,2.002773810042877,0.9391173729807674,1.1778637132726273,,,2117.0,0.8359,24.5,76.0,1,0,0.25
Zion Williamson,Zion Williamson,NOP,2025,39446090,0.2793474165769645,0.2031,-0.0762,28679344,0.9475527835793855,1.1462686853985888,1.5010461399869142,25.0,625.0,857.0,0.5098,34.7,78.0,5,1,0.25
DeMar DeRozan,DeMar DeRozan,SAC,2025,24570000,0.1739986403036655,0.2029,0.0289,28651103,0.3714709500069028,0.5459705511915196,0.7659234516138717,36.0,1296.0,2768.0,0.939,25.0,78.0,6,1,0.25
Rudy Gobert,Rudy Gobert,,2024,43827586,0.3117448573135687,0.2029,-0.1088,28525305,1.9474638745238033,1.8571032924340205,0.7967795654077657,,,2593.0,0.8805,15.4,85.0,5,1,0.25
DeMar DeRozan,DeMar DeRozan,,2024,23400000,0.1664437932113694,0.2028,0.0364,28511246,0.543695996292495,1.0026867368309877,1.1359998835764245,,,2989.0,0.9378,25.8,78.0,5,1,0.25
Anthony Davis,Anthony Davis,,2022,37980720,0.3071507015486636,0.2028,-0.1044,25077234,1.4202724197403187,1.9572347198673605,0.9598677521481884,,,1404.0,0.5478,27.1,82.0,3,0,0.25
Jalen Williams,Jalen Williams,OKC,2025,6580997,0.0466049869695767,0.2024,0.1558,28580499,1.5409170721590428,2.3289378701150003,1.489835118595604,25.0,625.0,2237.0,0.8634,27.5,77.0,2,1,0.25
Brandon Ingram,Brandon Ingram,,2024,36016200,0.2561826044897146,0.2022,-0.054,28426893,0.7776573093310464,0.37408027092304214,0.8534130945540742,,,2103.0,0.689,27.2,80.0,5,1,0.25
Paolo Banchero,Paolo Banchero,,2024,12160800,0.0864995589950778,0.2021,0.1156,28412834,0.36543975778693205,0.795185573327394,0.3033417909483895,,,2799.0,,29.7,82.0,1,1,0.25
Jimmy Butler,Jimmy Butler,,2020,34379100,0.315,0.2019,-0.1131,22035366,2.0593272475579814,3.2217888182771155,2.2331643590685823,,,1959.0,0.755,25.1,78.0,1,0,0.25
Victor Oladipo,Victor Oladipo,IND,2019,21000000,0.192413,0.2018,0.0094,22024452,2.1721947697049986,1.2911345281941315,1.5142121077571844,,,1147.0,0.439,27.9,75.0,0,0,0.25
Trae Young,Trae Young,,2020,6571800,0.0602144035184167,0.2017,0.1415,22013538,0.7133554346985009,0.8323950716422368,0.7636760907390332,,,2120.0,0.8913,34.9,74.0,1,0,0.25
Anthony Edwards,Anthony Edwards,,2022,10733400,0.0868011807043791,0.2016,0.1148,24928848,1.4202724197403187,0.5885091351826516,1.000513826759895,,,2466.0,0.878,26.4,76.0,1,0,0.25
Brandon Ingram,Brandon Ingram,,2021,29467800,0.262136388706033,0.2014,-0.0608,22640179,1.0981084264572987,0.47539492814318,0.7192219985832915,,,2093.0,0.7571,28.0,80.0,2,0,0.25
Julius Randle,Julius Randle,,2021,19800000,0.1761346451509598,0.2009,0.0248,22583972,0.5758414546841129,0.35391280191542257,1.0245323244820856,,,2667.0,0.8776,29.3,81.0,2,0,0.25
Rudy Gobert,Rudy Gobert,MIN,2025,35000000,0.2478613109738825,0.2007,-0.0472,28340445,2.093955632388626,1.2390250323513134,0.7915486433654375,34.0,1156.0,2389.0,0.8878,13.0,85.0,6,1,0.25
Aaron Gordon,Aaron Gordon,,2023,22266182,0.1636966497820189,0.1999,0.0362,27190597,1.6348251707594035,1.4900799839174401,1.0516784952146763,,,2055.0,0.75,21.1,80.0,4,0,0.25
Khris Middleton,Khris Middleton,,2019,30603448,0.2804054242257651,0.1998,-0.0806,21806172,1.820379175102471,1.1506337037081138,1.0023644642851683,,,2393.0,0.939,25.1,79.0,0,0,0.25
Jrue Holiday,Jrue Holiday,,2021,30133333,0.26805676339246,0.1998,-0.0683,22460317,2.176337013343876,1.9453286554990454,1.4071048553022072,,,1907.0,0.7773,22.2,76.0,2,0,0.25
Kemba Walker,Kemba Walker,BOS,2020,34379100,0.315,0.1994,-0.1156,21762516,2.002773810042877,1.3304324778887127,0.9089993774521546,,,1742.0,0.8611,27.2,72.0,1,0,0.25
Paul George,Paul George,PHI,2025,51666090,0.36588642286556,0.1991,-0.1668,28114512,1.327766793737224,-0.15389917874802556,0.19288010106948253,36.0,1296.0,1334.0,0.6573,23.5,80.0,6,1,0.25
Dillon Brooks,Dillon Brooks,PHO,2026,19992727,0.1306714183006536,0.1986,0.0679,30385800,-0.10127022168116467,-0.5370287263435531,-0.28838864117922736,30.0,900.0,1702.0,0.7915,28.6,79.0,7,1,0.3
Rudy Gobert,Rudy Gobert,MIN,2026,36500000,0.238562091503268,0.1985,-0.04,30370500,1.2218700809065024,0.8125602137451802,0.3560809477462453,34.0,1156.0,2380.0,0.9122,12.9,85.0,7,1,0.3
Darius Garland,Darius Garland,,2022,8920795,0.0721426145323682,0.1983,0.1262,24520786,0.9775524825472924,1.1321618206882604,1.3119040932766972,,,2430.0,0.7761,27.8,73.0,2,0,0.25
Aaron Gordon,Aaron Gordon,DEN,2026,33658037,0.2199871699346405,0.1976,-0.0223,30232800,1.3331622558905118,0.2839461599834685,1.219122011214599,30.0,900.0,1005.0,0.5841,21.9,80.0,7,1,0.3
CJ McCollum,CJ McCollum,,2020,29354152,0.2689586952538024,0.1971,-0.0719,21511494,1.3241325598616265,-0.07474448973527321,0.6586661989977844,,,2556.0,0.9278,25.9,75.0,1,0,0.25
Paul George,Paul George,PHI,2026,54126380,0.3537671895424836,0.197,-0.1568,30141000,0.6901408004273465,0.8936531624527666,1.073993363326802,36.0,1296.0,1135.0,0.5561,23.3,80.0,7,1,0.3
De'Anthony Melton,De'Anthony Melton,GSW,2026,3451779,0.0225606470588235,0.1969,0.1743,30125700,0.4057274643571003,0.3782965230383207,-0.08563021543768007,28.0,784.0,1125.0,0.4134,25.4,74.0,7,1,0.3
Zach LaVine,Zach LaVine,,2022,37096500,0.3,0.1967,-0.1033,24322938,0.5923286410936198,0.6204887049182757,0.8234622814173769,,,2328.0,0.7874,28.8,77.0,3,0,0.25
Lauri Markkanen,Lauri Markkanen,,2024,42176400,0.3,0.1966,-0.1034,27639600,1.217727398141655,1.8815151940226786,1.288474769739563,,,1820.0,0.7256,25.0,85.0,5,1,0.25
Desmond Bane,Desmond Bane,,2023,3845083,0.0282683041589166,0.1958,0.1675,26632911,1.5952787306647271,1.3833824436394044,1.0600926877224879,,,1841.0,0.7976,26.1,78.0,2,0,0.25
Bradley Beal,Bradley Beal,,2022,43279250,0.35,0.1955,-0.1545,24174552,0.8798091197903904,0.8955130046446423,0.38117787632050265,,,1439.0,0.6217,30.8,76.0,3,0,0.25
Myles Turner,Myles Turner,,2024,19928500,0.141751074060375,0.1954,0.0536,27470895,1.1007467416223793,1.6801170059162494,0.2687808167514114,,,2076.0,0.7988,23.4,83.0,5,1,0.25
CJ McCollum,CJ McCollum,,2021,30864198,0.2745583112423719,0.1949,-0.0797,21909488,1.7495381977012725,1.7084385093549184,1.5208173746420641,,,1600.0,0.749,27.1,75.0,2,0,0.25
Donte DiVincenzo,Donte DiVincenzo,MIN,2026,12535000,0.0819281045751634,0.1947,0.1128,29789100,0.918908049005588,0.12329745125342392,0.6814783519692483,29.0,841.0,2494.0,0.9244,16.9,76.0,7,1,0.3
Ja Morant,Ja Morant,MEM,2026,42166510,0.2755981045751633,0.1946,-0.081,29773800,0.5788486254433372,0.35404064746164926,-0.6071094247972229,26.0,676.0,569.0,0.3268,32.5,74.0,6,1,0.25
Klay Thompson,Klay Thompson,,2023,43219440,0.317740937061189,0.1945,-0.1233,26456084,0.47667942512959477,0.2334200650872402,0.3428396290836257,,,2279.0,,26.4,77.0,4,0,0.25
Rudy Gobert,Rudy Gobert,,2022,38172414,0.3087009340503821,0.1931,-0.1156,23877780,2.248216198387018,3.031748262984328,1.5898819086296392,,,2120.0,0.8511,16.9,85.0,3,0,0.25
Kyrie Irving,Kyrie Irving,,2020,33460350,0.3065819131390874,0.193,-0.1135,21064020,1.8218028099945438,1.7869667669479825,1.929838572707638,,,658.0,0.48,32.6,74.0,1,0,0.25
OG Anunoby,OG Anunoby,NYK,2023,18642857,0.137059,0.1929,0.0559,26238450,1.1828658553916733,1.0692174639318544,0.5190828505310315,,,2386.0,0.689,19.5,79.0,4,0,0.25
De'Aaron Fox,De'Aaron Fox,,2021,28103500,0.25,0.1925,-0.0575,21639695,0.6207676458043868,0.8762859446947795,0.46064284501594555,,,2036.0,0.7637,31.0,75.0,2,0,0.25
Rudy Gobert,Rudy Gobert,,2019,25008427,0.2291408008063038,0.1921,-0.037,20965794,2.3960774208156974,2.786063300725361,1.4956913048683944,,,2577.0,0.9878,17.8,85.0,0,0,0.25
Jalen Green,Jalen Green,PHO,2025,33584499,0.2378370843011727,0.1919,-0.0459,27097815,0.1986463999351579,0.2611250604163923,0.14611412612287505,24.0,576.0,2697.0,,27.3,76.0,3,1,0.25
Jordan Clarkson,Jordan Clarkson,,2022,13340000,0.1078807973798067,0.1916,0.0838,23692298,0.9603036538254862,0.7931783814906455,0.6619113577488145,,,2141.0,0.8472,26.8,77.0,3,0,0.25
Trae Young,Trae Young,,2024,43031940,0.3060854411471818,0.1915,-0.1146,26922602,0.4434268621331159,1.1491581463629363,0.49212022143608497,,,1942.0,0.7817,30.5,74.0,5,1,0.25
Pascal Siakam,Pascal Siakam,,2021,33003936,0.293592755350757,0.1911,-0.1025,21482315,1.1823450348078126,1.6173269146841003,0.7260759038585705,,,2006.0,0.7866,26.3,80.0,2,0,0.25
Miles Bridges,Miles Bridges,CHO,2026,22826087,0.1491901111111111,0.1909,0.0417,29207699,0.11513122967663135,0.6452734783651406,0.6308765958049801,28.0,784.0,2387.0,0.872,22.3,79.0,7,1,0.3
Chet Holmgren,Chet Holmgren,,2024,10880640,0.077393803169545,0.1904,0.113,26767955,1.4906822633532983,1.7411467598878947,0.7575717375372443,,,2413.0,,21.6,85.0,1,1,0.25
Kyle Lowry,Kyle Lowry,,2019,33296296,0.3050787612241158,0.1904,-0.1147,20780256,2.4333911960008137,1.8812379910354062,1.375811198897317,,,2213.0,0.7927,19.6,72.0,0,0,0.25
Jalen Johnson,Jalen Johnson,ATL,2026,30000000,0.196078431372549,0.1903,-0.0058,29115900,0.2758865935424227,1.0002381484412681,1.004064547516459,24.0,576.0,2532.0,0.7073,27.0,80.0,4,1,0.25
Tyrese Maxey,Tyrese Maxey,PHI,2025,37958760,0.2688145147583706,0.1902,-0.0786,26857761,0.596142865100171,0.46506558172442847,0.702821416925641,25.0,625.0,1960.0,0.7195,29.8,74.0,4,1,0.25
Dejounte Murray,Dejounte Murray,,2024,29517135,0.2099548681253023,0.1901,-0.0198,26725778,0.2484591012676564,0.5266546558521552,0.5798295845242142,,,2783.0,0.9122,26.6,76.0,5,1,0.25
Chris Paul,Chris Paul,,2023,30800000,0.2264356239110137,0.1894,-0.037,25762377,1.9229492343063317,1.7923896813718752,0.8622454584847548,,,1889.0,0.7683,19.2,72.0,4,0,0.25
Norman Powell,Norman Powell,MIA,2025,20482758,0.1450538071497365,0.1894,0.0443,26744795,0.7689674151719158,0.7001160817621462,1.1298011744861054,33.0,1089.0,1958.0,0.7902,26.1,75.0,6,1,0.25
CJ McCollum,CJ McCollum,,2019,27556959,0.2524918361737218,0.1892,-0.0633,20649288,1.5218689736215387,0.6448307355584497,1.1791539464054372,,,2375.0,0.8537,25.5,75.0,0,0,0.25
Eric Bledsoe,Eric Bledsoe,MIL,2019,15625000,0.143165,0.1888,0.0456,20605632,2.1721947697049986,2.1341394751102385,1.5818972237689446,,,2272.0,0.9512,22.9,73.0,0,0,0.25
Cade Cunningham,Cade Cunningham,,2024,13940809,0.0991607320681708,0.1881,0.089,26444602,0.2707411310808518,0.06282852566765158,-0.11923146498945177,,,2074.0,0.578,30.8,78.0,2,1,0.25
LaMelo Ball,LaMelo Ball,,2024,35147000,0.25,0.1877,-0.0623,26388367,0.8723559360371268,1.5824693995616173,0.5478824655186041,,,711.0,0.4488,34.3,79.0,3,1,0.25
Zion Williamson,Zion Williamson,,2023,34005250,0.25,0.1859,-0.0641,25286303,1.3975465301913452,1.727185628979742,1.352770140629341,,,956.0,,30.4,78.0,3,0,0.25
Jrue Holiday,Jrue Holiday,POR,2026,34800000,0.2274509803921568,0.1858,-0.0417,28427400,0.21405760744019525,0.6982353082194894,0.6206859643552316,36.0,1296.0,1560.0,0.7183,23.5,76.0,7,1,0.3
Mike Conley,Mike Conley,,2021,21000000,0.1868094721298059,0.1857,-0.0011,20875279,2.125795048333568,1.9331804428762698,1.8940436709958963,,,1498.0,0.6775,23.1,73.0,2,0,0.25
Collin Sexton,Collin Sexton,,2024,18350000,0.1305232310012234,0.1855,0.055,26079074,0.4657088919463112,0.8195974749160522,0.9123700505371545,,,2075.0,,27.5,75.0,5,1,0.25
Ryan Rollins,Ryan Rollins,MIL,2026,4000000,0.0261437908496732,0.1851,0.1589,28320299,0.7457868879193511,-0.6364460003032473,0.3079389991732956,23.0,529.0,2376.0,0.6805,24.2,75.0,3,1,0.25
Paolo Banchero,Paolo Banchero,ORL,2025,15334769,0.1085970270806186,0.185,0.0764,26123480,0.42331831502842626,1.1172780724574758,0.4875698062124887,23.0,529.0,1582.0,,33.6,82.0,2,1,0.25
Domantas Sabonis,Domantas Sabonis,,2023,30600000,0.2249652627167863,0.1848,-0.0402,25136680,0.5727207796452374,2.2606733303699214,0.8106232503962888,,,2736.0,0.8049,21.3,82.0,4,0,0.25
Jalen Green,Jalen Green,,2024,12483048,0.0887917034170768,0.1842,0.0954,25896309,0.31530519070724256,-0.4498214076941681,0.029758280918529393,,,2601.0,,27.4,76.0,2,1,0.25
Paolo Banchero,Paolo Banchero,ORL,2026,41500000,0.2712418300653594,0.1841,-0.0871,28167300,0.2078747088299725,0.5217639359167522,0.2988025709769694,23.0,529.0,2502.0,0.8024,27.6,82.0,3,1,0.25
Ricky Rubio,Ricky Rubio,,2019,16200000,0.148433205057724,0.1841,0.0357,20092674,2.076245062086127,0.7684714611061453,0.49725165822725803,,,1899.0,0.8293,22.7,74.0,0,0,0.25
Desmond Bane,Desmond Bane,ORL,2026,39446090,0.2578175816993464,0.1832,-0.0747,28029600,0.4799222476797732,0.6903147753642118,0.9506515826763979,28.0,784.0,2756.0,0.8549,23.3,78.0,5,1,0.25
Michael Porter Jr.,Michael Porter Jr.,BRK,2025,38333050,0.2714651436179253,0.183,-0.0885,25841064,0.7747282335076406,0.27078052614966885,0.4891713806969615,27.0,729.0,2593.0,0.9171,20.2,82.0,6,1,0.25
Nickeil Alexander-Walker,Nickeil Alexander-Walker,ATL,2026,14403710,0.0941418954248366,0.1827,0.0885,27953100,0.5541170310024461,0.4053958649807864,0.9436235609869162,27.0,729.0,2603.0,0.9756,23.9,77.0,6,1,0.25
Rudy Gobert,Rudy Gobert,,2023,41000000,0.3014240448166092,0.182,-0.1194,24755822,1.6009282221068237,0.8084012543633223,0.14612945288748874,,,2148.0,0.8415,16.3,85.0,4,0,0.25
Zion Williamson,Zion Williamson,NOP,2026,42166510,0.2755981045751633,0.1818,-0.0938,27815400,0.5726657268331143,0.14173992759394421,1.1063222630984177,25.0,625.0,1841.0,0.6585,25.7,78.0,6,1,0.25
Deandre Ayton,Deandre Ayton,,2022,30913750,0.25,0.1818,-0.0682,22480479,1.546763830366898,0.4477990283459058,0.9667569173366133,,,1713.0,0.7117,21.4,84.0,3,0,0.25
Derrick White,Derrick White,,2023,18357143,0.1349581535204123,0.1818,0.0469,24728617,1.4427424617281182,1.46636941941121,0.9084098119735592,,,2319.0,0.7671,17.7,76.0,4,0,0.25
Evan Mobley,Evan Mobley,CLE,2026,50105628,0.3274877647058823,0.1818,-0.1457,27815400,1.1476752975838296,1.7366102285314229,1.050098089582564,25.0,625.0,2074.0,0.778,22.6,83.0,4,1,0.25
Jarrett Allen,Jarrett Allen,,2024,20000000,0.1422596523174097,0.1815,0.0392,25516722,1.1341697863421722,1.7045289075049075,0.861545088482775,,,2442.0,0.8549,19.4,81.0,5,1,0.25
Deni Avdija,Deni Avdija,POR,2025,14375000,0.1018001812928446,0.1815,0.0797,25629252,0.8553796902077884,0.6934174456324672,0.7089073999666379,25.0,625.0,2161.0,,23.2,80.0,4,1,0.25
Tobias Harris,Tobias Harris,,2021,35995950,0.3202087818243279,0.1812,-0.1391,20369416,1.3788971209590115,0.9431011141200464,1.2781268196674105,,,2014.0,0.8122,23.9,80.0,2,0,0.25
Domantas Sabonis,Domantas Sabonis,SAC,2025,42336000,0.2998130417540082,0.1811,-0.1187,25572768,0.7574457785004663,1.5234425719596367,0.8546506780536681,30.0,900.0,2429.0,0.9195,21.6,82.0,6,1,0.25
Andrew Wiggins,Andrew Wiggins,,2022,33616770,0.2718593667866241,0.1809,-0.091,22369189,0.9545540442515508,0.5885091351826516,0.822428906639113,,,2330.0,0.8215,23.1,78.0,3,0,0.25
Dejounte Murray,Dejounte Murray,,2023,18214000,0.1339057939582858,0.1808,0.0469,24592596,0.3071946818666959,0.7609801253508619,0.5873060330268015,,,2693.0,0.8634,24.4,76.0,4,0,0.25
Ivica Zubac,Ivica Zubac,IND,2026,20342140,0.1329551633986928,0.1807,0.0477,27647100,0.7828842795806876,0.16427577110519107,-0.3502352320466664,29.0,841.0,1328.0,,19.0,84.0,7,1,0.3
Derrick White,Derrick White,,2024,20071429,0.1427677255526787,0.1807,0.0379,25404251,1.496252770806597,1.7228378336964012,1.5025204670771501,,,2381.0,0.8646,18.6,76.0,5,1,0.25
Desmond Bane,Desmond Bane,ORL,2025,36725670,0.2600820775026911,0.1804,-0.0797,25473923,0.9360311469079359,1.0253552437123998,0.9959095475841743,28.0,784.0,2205.0,0.7159,23.3,78.0,4,1,0.25
Bam Adebayo,Bam Adebayo,,2021,28103550,0.2500004447844574,0.1802,-0.0698,20257002,1.2946605126084978,1.6112528083727122,1.0077091024427642,,,2143.0,0.8902,23.7,81.0,2,0,0.25
Eric Bledsoe,Eric Bledsoe,NOP,2020,16875000,0.154618,0.1802,0.0255,19667028,2.121536028824596,1.271142310478418,1.0722036054834452,,,1646.0,0.8862,23.7,73.0,1,0,0.25
Julius Randle,Julius Randle,MIN,2025,30864198,0.2185725879553566,0.1802,-0.0383,25445681,0.21592885494233238,0.40977697589184814,0.30659188946705557,31.0,961.0,2226.0,0.7768,25.0,81.0,6,1,0.25
D'Angelo Russell,D'Angelo Russell,,2024,18692307,0.1329580547415142,0.1798,0.0468,25277722,0.5938305633721845,0.21540291059676459,0.37769144972508184,,,2484.0,0.8195,23.0,75.0,5,1,0.25
Mikal Bridges,Mikal Bridges,,2024,23300000,0.1657324949497823,0.1797,0.0139,25263663,0.1426194596549784,0.23371183678825813,0.42241741633293584,,,2854.0,0.9049,24.3,78.0,5,1,0.25
Rudy Gobert,Rudy Gobert,,2020,27525281,0.2522015851200293,0.1794,-0.0728,19579716,2.2968516851214194,2.1842108885969576,1.396011197354293,,,2333.0,0.9607,16.2,85.0,1,0,0.25
Jakob Poeltl,Jakob Poeltl,TOR,2025,19500000,0.1380941589711631,0.1793,0.0412,25318594,1.431461523780271,0.22761192908480996,0.7909080135716483,30.0,900.0,1686.0,,18.7,84.0,6,1,0.25
Draymond Green,Draymond Green,GSW,2025,25892857,0.1833667851679791,0.1792,-0.0042,25304473,1.431461523780271,0.8059650120456685,0.41966304807083943,36.0,1296.0,1983.0,0.7939,15.9,78.0,6,1,0.25
LaMelo Ball,LaMelo Ball,,2023,10900635,0.0801393534821829,0.179,0.0989,24347759,0.821298403097489,0.826184177742995,0.08472858864129573,,,1268.0,0.6183,30.0,79.0,2,0,0.25
Devin Booker,Devin Booker,,2019,27285000,0.25,0.1788,-0.0712,19514232,0.20522576351814095,-0.7039771795073214,0.36524884491079074,,,2242.0,0.7805,32.9,77.0,0,0,0.25
Isaiah Hartenstein,Isaiah Hartenstein,OKC,2026,28500000,0.1862745098039215,0.1788,-0.0075,27356399,1.5310150114176397,1.651554540596379,1.1699258593882271,28.0,784.0,1137.0,0.678,16.1,84.0,7,1,0.3
Russell Westbrook,Russell Westbrook,,2022,46295265,0.3743905624519833,0.1785,-0.1959,22072417,-0.10337411735256485,-0.4604207521458169,-0.6156843264445702,,,2678.0,0.8717,27.3,76.0,3,0,0.25
Austin Reaves,Austin Reaves,LAL,2025,13937574,0.0987024389552999,0.1784,0.0797,25191507,1.005160966936634,1.0728643759607288,1.1858562814426554,28.0,784.0,2550.0,0.9012,23.7,77.0,3,1,0.25
Pascal Siakam,Pascal Siakam,,2024,42176400,0.3,0.1783,-0.1217,25066840,1.0840352192624827,1.191878974143088,0.5850572949069504,,,1354.0,0.6634,25.3,80.0,5,1,0.25
Desmond Bane,Desmond Bane,,2024,34005250,0.2418787520983298,0.1783,-0.0636,25066840,1.0116186223695978,0.5083457296606616,0.7050042053552861,,,1443.0,0.6537,28.5,78.0,3,1,0.25
Franz Wagner,Franz Wagner,,2024,7007092,0.0498413235838051,0.1778,0.128,24996546,1.0561826819959885,1.8204854400510333,1.2312603838840617,,,2337.0,0.9244,25.7,82.0,2,1,0.25
Mike Conley,Mike Conley,,2022,22680000,0.1834135295782621,0.1777,-0.0058,21973493,1.4892677346275438,1.9252551501317363,1.3153486758709096,,,2058.0,0.7562,20.9,73.0,3,0,0.25
Coby White,Coby White,,2024,12000000,0.0853557913904458,0.1774,0.0921,24940311,0.36543975778693205,-0.21790834260191633,-0.22668995619013996,,,2881.0,0.9012,22.7,76.0,4,1,0.25
Marcus Smart,Marcus Smart,LAL,2026,5390700,0.0352333333333333,0.1767,0.1414,27035100,0.6344947129353418,0.14017758479743006,0.2383615844474267,32.0,1024.0,1769.0,0.4963,15.4,75.0,7,1,0.3
Kemba Walker,Kemba Walker,NYK,2021,8729020,0.077651,0.1767,0.099,19863553,1.4855968248696625,1.3561403432944217,0.6170365017518584,,,1369.0,0.6955,26.1,72.0,2,0,0.25
Jarrett Allen,Jarrett Allen,,2023,20000000,0.1470361194227362,0.1766,0.0296,24021308,1.4088455130755384,1.2055532098426778,0.6589403746473602,,,2220.0,0.7439,16.4,81.0,4,0,0.25
Khris Middleton,Khris Middleton,,2023,29320988,0.2155622146580307,0.1766,-0.0389,24021308,1.2676082270231226,0.5535126859213477,0.622782087924602,,,801.0,0.6085,27.4,79.0,4,0,0.25
Jarrett Allen,Jarrett Allen,CLE,2025,20000000,0.1416350348422185,0.1764,0.0348,24909091,1.6561334388735394,2.258690569956553,1.4132798582378014,28.0,784.0,2296.0,0.9476,15.9,81.0,6,1,0.25
Pascal Siakam,Pascal Siakam,,2020,30559200,0.28,0.1763,-0.1037,19241382,0.8999817784983449,1.1703490258809168,1.099837787520616,,,2110.0,0.8867,28.1,80.0,1,0,0.25
RJ Barrett,RJ Barrett,TOR,2026,29616071,0.1935690915032679,0.1763,-0.0172,26973900,0.41191036296732303,0.5578015278436143,0.457635861159256,26.0,676.0,1726.0,0.6378,25.8,78.0,6,1,0.25
D'Angelo Russell,D'Angelo Russell,,2019,27285000,0.25,0.1763,-0.0737,19241382,0.4770832684382757,0.8021916589827895,0.8403916244759319,,,2448.0,0.9878,31.9,75.0,0,0,0.25
Jamal Murray,Jamal Murray,,2020,27285000,0.25,0.1759,-0.0741,19197726,1.408962716134283,0.8679691720884135,0.662567495285385,,,1904.0,0.8551,25.2,76.0,1,0,0.25
Miles Bridges,Miles Bridges,CHO,2025,25000000,0.1770437935527732,0.1758,-0.0012,24824366,0.03734348653486272,-0.26054294413745993,0.23356009297509317,28.0,784.0,2029.0,0.8037,28.0,79.0,6,1,0.25
Tyrese Haliburton,Tyrese Haliburton,,2023,5808435,0.04270248711596,0.1756,0.1329,23885287,1.216762804044253,1.9820741974217166,1.24929831384409,,,1883.0,0.6695,23.8,77.0,2,0,0.25
John Wall,John Wall,WAS,2019,38199000,0.35,0.1755,-0.1745,19154070,1.1380701431460545,0.7066510983322974,0.00426155951473738,,,1104.0,0.3902,28.8,75.0,0,0,0.25
Domantas Sabonis,Domantas Sabonis,,2021,18500000,0.1645702492572099,0.1755,0.0109,19728657,0.8903247925260311,0.8398413068264525,0.7936803331647322,,,2231.0,0.8169,24.1,82.0,2,0,0.25
Aaron Gordon,Aaron Gordon,DEN,2025,22841455,0.1617575137385983,0.1752,0.0134,24739641,1.6503726205378144,-0.2340827457538771,0.5538749898696651,30.0,900.0,1447.0,0.7439,19.0,80.0,6,1,0.25
Kyle Lowry,Kyle Lowry,,2021,26984128,0.2400424146458626,0.1748,-0.0653,19649967,1.7046120065809987,0.7548038184670223,0.16872878851883322,,,1601.0,0.6807,21.4,72.0,2,0,0.25
Jamal Murray,Jamal Murray,,2021,29467800,0.262136388706033,0.1747,-0.0875,19638725,1.2834289648284292,1.4351037253424639,0.8961773711450416,,,1704.0,0.7214,24.8,76.0,2,0,0.25
Jakob Poeltl,Jakob Poeltl,TOR,2026,19500000,0.1274509803921568,0.1744,0.0469,26683200,1.3949912419927393,-0.2467732773331489,0.3936808637849724,30.0,900.0,1149.0,,15.3,84.0,7,1,0.3
Tobias Harris,Tobias Harris,,2022,37633050,0.3043390885932635,0.1744,-0.1299,21565432,0.7073208325723281,0.844345693067644,0.30780826706377823,,,2543.0,0.872,21.7,80.0,3,0,0.25
Wendell Carter Jr.,Wendell Carter Jr.,ORL,2026,18102000,0.118313725490196,0.1741,0.0558,26637300,0.4428248560184368,0.08039137469088385,-0.09406384146505811,27.0,729.0,2288.0,0.8585,15.6,82.0,7,1,0.3
Mikal Bridges,Mikal Bridges,NYK,2026,33482145,0.2188375490196078,0.174,-0.0449,26622000,0.3191668838139819,1.0903053969564664,1.119324103223959,29.0,841.0,2692.0,1.0,17.3,78.0,7,1,0.3
De'Aaron Fox,De'Aaron Fox,SAS,2025,37096620,0.2627090533114271,0.1736,-0.0891,24513708,0.2044072182708827,0.8118529918771737,0.5352967258497799,28.0,784.0,1663.0,0.7232,29.1,75.0,6,1,0.25
Khris Middleton,Khris Middleton,,2024,31000000,0.2205024610919851,0.1736,-0.0469,24406076,1.0227596372761956,0.5815814344266358,0.8635780869649502,,,1487.0,0.6171,23.9,79.0,5,1,0.25
Scottie Barnes,Scottie Barnes,TOR,2025,38661750,0.2737929154155571,0.1735,-0.1003,24499588,0.5154914084000235,0.5351471643940455,0.5791798667243362,24.0,576.0,2134.0,0.8037,27.0,80.0,3,1,0.25
John Wall,John Wall,HOU,2021,44310840,0.394175,0.1734,-0.2208,19492587,0.5028363941136674,-0.17453444717532243,-0.6979786876550904,,,1288.0,,31.7,75.0,2,0,0.25
Stephon Castle,Stephon Castle,SAS,2026,10015920,0.0654635294117647,0.1731,0.1077,26484300,1.2713332697882842,0.7987649349343359,0.7071306311358566,21.0,441.0,2038.0,0.8887,24.9,78.0,1,1,0.25
Reggie Jackson,Reggie Jackson,CHO,2022,10876844,0.087961,0.1729,0.0849,21379949,-0.028629192891404504,-0.6139226868768123,-0.26709256791027386,,,2337.0,0.7413,27.6,74.0,3,0,0.25
Zach LaVine,Zach LaVine,,2020,19500000,0.1786695986805937,0.1728,-0.0059,18859392,0.2439619033231358,0.6070924354831166,0.5598333597119032,,,2085.0,0.8089,31.7,77.0,1,0,0.25
Aaron Gordon,Aaron Gordon,,2024,22841455,0.162470872336188,0.1728,0.0104,24293606,1.3068555173944365,0.9843778106394941,0.7459546033533861,,,2297.0,0.8768,17.8,80.0,5,1,0.25
Grayson Allen,Grayson Allen,PHO,2026,18125000,0.1184640522875817,0.1727,0.0543,26423100,0.2758865935424227,0.6593837708064356,0.8181733738296677,30.0,900.0,1467.0,0.728,23.8,75.0,7,1,0.3
CJ McCollum,CJ McCollum,,2022,33333333,0.2695672071489224,0.1727,-0.0969,21355218,1.0522974070084528,0.46059085624015544,0.3419096347464811,,,1267.0,0.5859,26.1,75.0,3,0,0.25
Jimmy Butler,Jimmy Butler,,2019,32742000,0.3,0.1726,-0.1274,18837564,1.8736845682240661,1.2124540664819614,1.8246881125474468,,,1824.0,0.6707,22.1,78.0,0,0,0.25
D'Angelo Russell,D'Angelo Russell,,2022,31377750,0.2537523755610367,0.1724,-0.0813,21318122,0.483086059188847,0.7611988117550215,0.49588247670777613,,,2077.0,0.6417,25.1,75.0,3,0,0.25
Marcus Smart,Marcus Smart,,2022,17457142,0.1411761918240265,0.1722,0.031,21293391,1.4087732005924483,1.106578164899761,1.0880062246528903,,,2296.0,0.7752,18.3,75.0,3,0,0.25
Deandre Ayton,Deandre Ayton,,2023,32459438,0.238635490108145,0.1719,-0.0667,23382009,0.5840197625294307,0.46459806902298456,0.09382501297406508,,,2035.0,0.789,22.9,84.0,4,0,0.25
Spencer Dinwiddie,Spencer Dinwiddie,BRK,2020,11454048,0.104948,0.1719,0.067,18761166,0.6794233721894384,1.0221236073551798,0.4151602890467153,,,1994.0,0.8665,29.2,77.0,1,0,0.25
CJ McCollum,CJ McCollum,ATL,2025,30666666,0.2171737153702339,0.1717,-0.0455,24245413,-0.008743060150935898,-1.185529330457931,-0.43910119050350777,34.0,1156.0,1832.0,0.7659,27.2,75.0,6,1,0.25
Spencer Dinwiddie,Spencer Dinwiddie,LAL,2023,1554654,0.01143,0.1717,0.1602,23354805,0.66876213416088,1.3537442380066165,0.4217511101703997,,,1808.0,0.4915,21.9,77.0,4,0,0.25
Fred VanVleet,Fred VanVleet,HOU,2025,25000000,0.1770437935527732,0.1717,-0.0053,24245413,1.2759194287157007,0.9518354286600715,0.7063448807914814,32.0,1024.0,2111.0,0.8012,17.7,72.0,6,1,0.25
Jerami Grant,Jerami Grant,POR,2026,34206898,0.2235744967320261,0.1715,-0.0521,26239500,-0.31148877442873796,0.03176089921750653,0.23765878227847853,32.0,1024.0,1695.0,0.6512,23.8,79.0,7,1,0.3
Onyeka Okongwu,Onyeka Okongwu,ATL,2026,16120000,0.105359477124183,0.1714,0.066,26224200,0.8447132656829152,0.6685276635378662,0.01908730773559739,25.0,625.0,2297.0,0.8561,19.5,82.0,5,1,0.25
Julius Randle,Julius Randle,,2022,23760000,0.1921475071772269,0.1714,-0.0208,21194467,-0.3621065481796583,-0.3005229034676967,-0.38179716829754723,,,2544.0,0.8766,28.7,81.0,3,0,0.25
Jaren Jackson Jr.,Jaren Jackson Jr.,UTA,2026,49000000,0.3202614379084967,0.1714,-0.1488,26224200,0.9003593531749198,-0.4125704275529376,,26.0,676.0,,,,82.0,7,1,0.3
Duncan Robinson,Duncan Robinson,DET,2026,15992957,0.1045291307189542,0.171,0.0665,26163000,0.3809958699162093,0.6606311555340525,0.6220915686931279,32.0,1024.0,2113.0,,15.8,79.0,7,1,0.3
Lauri Markkanen,Lauri Markkanen,UTA,2025,46394100,0.3285514984986686,0.1709,-0.1577,24132447,0.5846212284287213,-0.2115082106063395,0.05290249112655463,29.0,841.0,1476.0,0.6488,24.0,85.0,6,1,0.25
Ja Morant,Ja Morant,,2024,36725670,0.2612290522661962,0.1707,-0.0905,23998371,1.2455799354081492,1.191878974143088,0.7596047360194195,,,318.0,0.4171,30.4,74.0,4,1,0.25
Tyler Herro,Tyler Herro,,2023,27000000,0.1984987612206938,0.1703,-0.0281,23164376,0.2563492588878262,0.7906183309836496,0.34465891395017956,,,2337.0,0.7817,25.6,77.0,3,0,0.25
Myles Turner,Myles Turner,,2023,20975000,0.1542041302445946,0.1701,0.0159,23137172,0.6857106084871699,1.5671393185626883,0.2557413660973593,,,1825.0,0.6463,22.0,83.0,4,0,0.25
Fred VanVleet,Fred VanVleet,,2021,19675926,0.175030921415482,0.1701,-0.005,19121621,1.216039678148018,1.8359947418940636,1.3712776231814305,,,1899.0,0.6982,23.9,72.0,2,0,0.25
Marc Gasol,Marc Gasol,TOR,2019,25595700,0.234522,0.1698,-0.0647,18531972,1.3886054908175511,1.0326130111398588,0.13761134031402575,,,1788.0,0.6463,22.3,83.0,0,0,0.25
Jordan Poole,Jordan Poole,,2022,3901399,0.0315506772876147,0.1697,0.1382,20984253,0.5693302027978783,0.37744397492753284,0.7972834537013624,,,2283.0,0.8083,26.0,76.0,2,0,0.25
Clint Capela,Clint Capela,,2021,17103448,0.1521469567847421,0.1696,0.0175,19065414,1.502444146539765,2.1700705890203964,1.20958776691462,,,1898.0,0.7101,19.9,82.0,2,0,0.25
Donte DiVincenzo,Donte DiVincenzo,,2024,11445000,0.0814080860386377,0.1695,0.0881,23829666,0.7665162944244487,0.9416569828593425,1.0131486895821242,,,2360.0,0.8183,21.3,76.0,5,1,0.25
Collin Sexton,Collin Sexton,CHI,2025,18975000,0.1343762393065548,0.1694,0.035,23920635,0.1698423082565338,-1.1659973278436113,0.1400281430818782,27.0,729.0,1758.0,,27.0,75.0,6,1,0.25
Michael Porter Jr.,Michael Porter Jr.,,2021,5258735,0.0467800718771683,0.1694,0.1226,19042931,1.2609658692682921,0.858063625760616,1.317381004425827,,,1912.0,,21.7,82.0,2,0,0.25
CJ McCollum,CJ McCollum,,2024,33333333,0.237099418158022,0.169,-0.0681,23759372,0.38772178760012743,0.8867302042848619,0.5594995997024623,,,2159.0,0.7646,24.7,75.0,5,1,0.25
Jordan Poole,Jordan Poole,,2023,27455357,0.2018464575322928,0.169,-0.0329,22987549,-0.2747029366692569,-0.7742789264275428,-0.4581005334167145,,,2458.0,0.9024,29.2,76.0,3,0,0.25
Brandon Miller,Brandon Miller,CHO,2026,15104626,0.0987230457516339,0.1689,0.0701,25841700,0.4675564504593277,0.8278220226721339,0.939055346888753,23.0,529.0,1968.0,0.6756,28.1,79.0,2,1,0.25
Desmond Bane,Desmond Bane,,2022,2130240,0.0172272855929804,0.1683,0.1511,20811136,1.2822817899658692,0.8571375209618937,1.4042189068015898,,,2266.0,0.8902,23.1,78.0,1,0,0.25
Coby White,Coby White,CHO,2025,12888889,0.0912759121296243,0.1681,0.0768,23737064,0.2735370382995807,0.013757436667128226,0.20761458632663285,26.0,676.0,2450.0,0.9207,24.4,76.0,5,1,0.25
Terry Rozier,Terry Rozier,,2023,23205221,0.1706002823093493,0.1679,-0.0027,22837925,0.06426654985654084,-0.1874424548983457,0.09496206601566123,,,2221.0,0.8195,26.9,73.0,4,0,0.25
Ricky Rubio,Ricky Rubio,,2020,17000000,0.1557632398753894,0.1679,0.0121,18324606,1.8048367787400124,1.3126454276656243,0.8647846861926815,,,2016.0,0.8752,20.4,74.0,1,0,0.25
Malcolm Brogdon,Malcolm Brogdon,IND,2021,21700000,0.193036,0.1677,-0.0253,18851827,0.6376149674744895,0.8337672005150645,0.17122111770984377,,,1930.0,0.7226,25.9,76.0,2,0,0.25
Jalen Brunson,Jalen Brunson,,2022,27733332,0.2242799078080142,0.1675,-0.0568,20712212,0.8395618527728426,0.5629254793941524,1.2264784449402293,,,2524.0,0.8888,21.9,74.0,3,0,0.25
Brandon Ingram,Brandon Ingram,,2020,27285000,0.25,0.1673,-0.0827,18259122,0.4701756533835527,-0.11031859018145007,0.6817488686994211,,,2104.0,0.776,28.1,80.0,1,0,0.25
Franz Wagner,Franz Wagner,ORL,2026,41754690,0.2729064705882353,0.1672,-0.1057,25581599,1.0054686295487065,0.9223085556676606,0.9439749620713903,24.0,576.0,1019.0,0.6024,27.0,82.0,4,1,0.25
Brook Lopez,Brook Lopez,,2024,23000000,0.1635986001650212,0.167,0.0034,23478196,0.9614840552899082,0.7585677209444068,0.11223993362392246,,,2411.0,0.7988,16.0,85.0,5,1,0.25
Jimmy Butler,Jimmy Butler,GSW,2025,54126450,0.3833100815817801,0.1669,-0.2164,23567615,1.5293954354875932,1.807490368019676,2.385435570312827,36.0,1296.0,980.0,0.5585,20.6,78.0,6,1,0.25
Dejounte Murray,Dejounte Murray,NOP,2026,32785071,0.2142815098039215,0.1666,-0.0477,25489800,0.2758865935424227,0.6807570433957721,0.4962899804514054,29.0,841.0,389.0,0.389,26.6,76.0,7,1,0.3
Naz Reid,Naz Reid,MIN,2025,21551724,0.1526239589824939,0.1665,0.0139,23511132,0.42331831502842626,1.0526376689584946,0.3527172346198739,26.0,676.0,2200.0,,21.5,81.0,5,1,0.25
T.J. Warren,T.J. Warren,IND,2020,12000000,0.109951,0.1665,0.0566,18171810,1.0413653722861056,0.44107996673429123,1.1924935743511296,,,2202.0,0.7782,23.3,80.0,1,0,0.25
Danilo Gallinari,Danilo Gallinari,ATL,2020,19500000,0.17867,0.1664,-0.0123,18160896,1.3071665286070953,1.1407039421757694,1.2526385587849715,,,1834.0,0.8492,24.6,82.0,1,0,0.25
Caris LeVert,Caris LeVert,,2020,16203704,0.1484671431189298,0.1664,0.0179,18160896,0.7472874972075635,0.3817897993239964,0.6713454119324862,,,1330.0,0.5736,29.5,79.0,1,0,0.25
Victor Oladipo,Victor Oladipo,MIA,2020,21000000,0.192413,0.1664,-0.026,18160896,1.4485501223948558,-0.519420745312484,-0.38102926164776846,,,528.0,0.3296,26.5,75.0,1,0,0.25
Amen Thompson,Amen Thompson,HOU,2026,12258609,0.0801216274509803,0.1663,0.0862,25443900,0.7890671781909104,0.8325962613518998,1.1122960815344773,23.0,529.0,2953.0,0.8854,20.0,79.0,2,1,0.25
Klay Thompson,Klay Thompson,,2019,32742000,0.3,0.1663,-0.1337,18149982,0.7702629306070484,0.4537496142574654,1.0319977489072325,,,2652.0,0.9512,25.6,77.0,0,0,0.25
Immanuel Quickley,Immanuel Quickley,TOR,2026,32500000,0.2124183006535947,0.1661,-0.0463,25413300,0.5726657268331143,1.1818440279733968,0.728566097288776,27.0,729.0,2231.0,0.6402,21.1,74.0,5,1,0.25
Dillon Brooks,Dillon Brooks,,2021,12200000,0.1085274076182681,0.1658,0.0573,18638241,0.4859890724435646,-0.08949695881589223,0.06405096249638952,,,1997.0,0.7566,26.1,79.0,2,0,0.25
Draymond Green,Draymond Green,GSW,2026,27678571,0.1809056928104575,0.1654,-0.0155,25306200,0.19550891160952702,-0.5844019214917311,-0.7487240618402792,36.0,1296.0,1869.0,0.7976,16.1,78.0,7,1,0.3
Cam Thomas,Cam Thomas,,2024,4041249,0.0287453338834039,0.1647,0.136,23154843,0.1147669223884842,-0.4620273584884972,-0.01700068417149979,,,2075.0,0.7744,30.5,75.0,2,1,0.25
Anthony Edwards,Anthony Edwards,,2021,10245480,0.0911406052626897,0.1644,0.0733,18480861,0.603920324134284,-0.630092420529413,-0.1032466344501946,,,2314.0,0.878,27.0,76.0,0,0,0.25
Jordan Clarkson,Jordan Clarkson,,2021,12420000,0.1104844592310566,0.1641,0.0536,18447137,0.4073682379830851,0.7062109679759192,0.9715703291731111,,,1818.0,0.7872,29.7,77.0,2,0,0.25
Deandre Ayton,Deandre Ayton,,2021,12632950,0.1123787962353443,0.1641,0.0517,18447137,1.300276286498532,0.8884341573175553,0.6048863969456819,,,2115.0,0.7522,18.2,84.0,2,0,0.25
Terry Rozier,Terry Rozier,,2022,21486316,0.173760187618778,0.1641,-0.0097,20291785,0.6325759081111677,0.4925704259757795,1.0948953898413152,,,2458.0,0.8726,23.2,73.0,3,0,0.25
Deandre Ayton,Deandre Ayton,LAL,2026,8104000,0.0529673202614379,0.1639,0.111,25076700,0.13367992550729957,-0.31829868086081575,-0.18296831583700174,27.0,729.0,1958.0,0.7195,16.7,84.0,7,1,0.3
Trae Young,Trae Young,,2019,6273000,0.0574766355140186,0.1631,0.1056,17800734,0.3704724821950856,-0.7376973773839657,-0.3355109880268838,,,2503.0,0.9878,28.4,74.0,0,0,0.25
De'Aaron Fox,De'Aaron Fox,,2022,30351780,0.245455339452509,0.1627,-0.0827,20118668,-0.20111748010946684,0.2879011796677856,0.1772585867431277,,,2084.0,0.7136,29.1,75.0,3,0,0.25
Darius Garland,Darius Garland,,2024,36725670,0.2612290522661962,0.1625,-0.0987,22845550,0.5381254888391962,0.31915349234856144,-0.0007366963140983242,,,1901.0,0.7659,25.3,73.0,4,1,0.25
Marcus Smart,Marcus Smart,,2023,18833713,0.1384618036920769,0.1624,0.024,22089810,1.18851534683377,0.7491248430977469,0.16295783790311202,,,1957.0,0.7488,17.8,75.0,4,0,0.25
Isaiah Hartenstein,Isaiah Hartenstein,OKC,2025,28500000,0.2018299246501614,0.1623,-0.0396,22918058,1.3450492487443986,1.6043808275970015,0.6531726079069823,28.0,784.0,1590.0,,16.7,84.0,6,1,0.25
Draymond Green,Draymond Green,,2023,22321429,0.1641028150065063,0.162,-0.0021,22035402,1.4427424617281182,0.9091711535148006,0.46768805305088484,,,2297.0,0.7671,13.2,78.0,4,0,0.25
Brook Lopez,Brook Lopez,LAC,2025,8750000,0.0619653277434706,0.1618,0.0998,22847454,0.37723176834262756,0.3757979884897603,5.0533138950281496e-05,38.0,1444.0,2546.0,0.9671,15.8,85.0,6,1,0.25
Austin Reaves,Austin Reaves,LAL,2026,14898786,0.0973776862745098,0.1616,0.0643,24724800,0.6592263073762328,1.0165160350193068,1.2823742064199346,28.0,784.0,1762.0,0.778,26.7,77.0,4,1,0.25
Jalen Suggs,Jalen Suggs,ORL,2025,35000000,0.2478613109738825,0.1609,-0.087,22720367,0.9705960569222849,0.4018861688205172,-0.013082377633727178,25.0,625.0,1002.0,0.6171,27.5,77.0,3,1,0.25
Bam Adebayo,Bam Adebayo,,2020,5115492,0.0468709180868609,0.1605,0.1136,17516970,1.2675791223465223,1.5853801977529802,1.3352159968725172,,,2417.0,1.0,21.2,81.0,1,0,0.25
Kevin Love,Kevin Love,,2019,28942830,0.2651899395272127,0.1604,-0.1048,17506056,1.1700533790190113,1.7800773974054735,0.24637896455182914,,,598.0,0.2683,27.4,82.0,0,0,0.25
Josh Hart,Josh Hart,NYK,2025,19472240,0.1378975695428021,0.1603,0.0224,22635642,0.6479902301216945,1.1193976884659225,1.0000736412438036,31.0,961.0,2897.0,0.8902,15.3,77.0,6,1,0.25
Aaron Gordon,Aaron Gordon,,2022,19690909,0.1592407019530144,0.1603,0.0011,19821896,0.5865790315196845,0.31988074940340966,0.41149020314957196,,,2376.0,0.721,19.7,80.0,3,0,0.25
Immanuel Quickley,Immanuel Quickley,,2023,4171548,0.0306684114952838,0.1602,0.1295,21790564,1.1602678896232868,0.5772232504275779,0.9134128453565823,,,2344.0,0.9354,20.9,74.0,2,0,0.25
Kyle Kuzma,Kyle Kuzma,,2024,24456061,0.1739555367456682,0.1601,-0.0139,22508138,-0.9770525384580888,-0.8587207593041909,-0.6774347625238373,,,2281.0,,29.7,80.0,5,1,0.25
Miles Bridges,Miles Bridges,,2024,27173913,0.193287570774177,0.1601,-0.0332,22508138,-0.28630961424903245,-1.3225468894886945,-0.06027450900637151,,,2581.0,0.8428,24.7,79.0,5,1,0.25
Zach LaVine,Zach LaVine,SAC,2025,47499660,0.3363807999546768,0.16,-0.1764,22593280,0.15255985324935928,-0.30809836731976487,0.9420966449058862,31.0,961.0,1432.0,0.5354,26.6,77.0,6,1,0.25
Tobias Harris,Tobias Harris,,2023,39270150,0.2887065232574382,0.1595,-0.1292,21695349,0.7478550143502329,0.2571306295934704,0.5027092867320467,,,2436.0,0.8695,18.2,80.0,4,0,0.25
Jalen Williams,Jalen Williams,,2024,4775760,0.0339698978575696,0.1595,0.1255,22423786,1.2010158757817584,0.5449635820436487,1.1781119949929104,,,2223.0,0.8841,23.7,77.0,1,1,0.25
Myles Turner,Myles Turner,MIL,2026,26584164,0.1737527058823529,0.1594,-0.0144,24388199,0.010021953302844704,-0.23687697591681672,-0.5670497011671771,30.0,900.0,1912.0,0.8841,18.6,83.0,7,1,0.3
Jamal Murray,Jamal Murray,,2019,4444746,0.0407251786695986,0.1592,0.1185,17375088,0.7382796947340915,0.6279706366201274,0.3911779689550969,,,2447.0,0.9146,24.9,76.0,0,0,0.25
Andre Drummond,Andre Drummond,,2021,2401537,0.0213633266319141,0.1591,0.1378,17885067,0.5084521680037016,1.240732323378052,-0.08143875402885217,,,722.0,0.5493,31.3,83.0,2,0,0.25
Andrew Wiggins,Andrew Wiggins,MIA,2026,30169644,0.1971872156862745,0.1591,-0.0381,24342300,-0.2743913827674015,0.20469554668342033,0.2337933703492636,31.0,961.0,2063.0,0.7451,19.7,78.0,7,1,0.3
Jaren Jackson Jr.,Jaren Jackson Jr.,UTA,2025,35000000,0.2478613109738825,0.1587,-0.0891,22409709,1.3796141587587476,1.4995949330721938,,26.0,676.0,,,,82.0,6,1,0.25
Mikal Bridges,Mikal Bridges,NYK,2025,24900000,0.1763356183785621,0.1587,-0.0177,22409709,-0.04330797016528488,-0.18922650550810083,0.5702110496112882,29.0,841.0,3036.0,0.9366,19.6,78.0,6,1,0.25
Andrew Wiggins,Andrew Wiggins,,2023,24330357,0.1788720638724902,0.1586,-0.0202,21572930,1.2958556842336058,0.3341899642387185,0.6168694121083019,,,1190.0,0.6659,21.5,78.0,4,0,0.25
DeMar DeRozan,DeMar DeRozan,SAC,2026,25740000,0.168235294117647,0.1582,-0.0101,24204600,-0.9606931285021261,-0.35446376130329066,0.18951683370552883,36.0,1296.0,2406.0,0.9439,22.8,78.0,7,1,0.3
Jaren Jackson Jr.,Jaren Jackson Jr.,,2023,27102202,0.1992501304945559,0.158,-0.0413,21491318,1.5274848333595676,2.1539757900918857,,,,,,,82.0,4,0,0.25
Jrue Holiday,Jrue Holiday,,2024,30000000,0.2133894784761146,0.1579,-0.0554,22198845,1.1230287714355747,0.5388606066464842,0.4154471358226209,,,2263.0,0.8293,16.3,76.0,5,1,0.25
Jerami Grant,Jerami Grant,,2023,27586207,0.202808441343616,0.1579,-0.045,21477715,0.04166858408815433,-0.6260878982636041,0.26893118137987476,,,2246.0,0.6878,22.8,79.0,4,0,0.25
Ben Simmons,Ben Simmons,BRK,2021,33003936,0.293593,0.1577,-0.1359,17727687,1.2834289648284292,1.811698316648512,1.0485209929455623,,,1877.0,0.7838,20.2,82.0,2,0,0.25
OG Anunoby,OG Anunoby,NYK,2024,36637932,0.260605,0.1577,-0.1029,22170727,1.7246435763918495,-0.38268867832535836,0.4041204299933593,,,900.0,0.5268,18.2,79.0,5,1,0.25
Ben Simmons,Ben Simmons,PHI,2019,8113930,0.074344,0.1575,0.0831,17189550,0.850221020289441,1.105673439872588,0.9441081206531562,,,2700.0,0.9634,22.1,82.0,0,0,0.25
Tobias Harris,Tobias Harris,,2020,34358850,0.3148144584936778,0.1575,-0.1574,17189550,0.5436951221531883,1.4371547792272432,0.7584743623555658,,,2469.0,0.8765,23.9,80.0,1,0,0.25
Zach LaVine,Zach LaVine,,2019,19500000,0.1786695986805937,0.1574,-0.0212,17178636,0.029317966216877274,-0.10825368368660583,0.31541104804641024,,,2171.0,0.7683,30.5,77.0,0,0,0.25
Tyrese Haliburton,Tyrese Haliburton,IND,2026,48924624,0.3197687843137254,0.1572,-0.1626,24051600,1.6361242877914264,,,26.0,676.0,,,,77.0,5,1,0.25
Shaedon Sharpe,Shaedon Sharpe,POR,2026,20089287,0.1313025294117647,0.1569,0.0256,24005700,0.04711934496418116,-0.4519877386070407,0.0985039528267407,23.0,529.0,1471.0,0.6463,30.5,77.0,3,1,0.25
De'Aaron Fox,De'Aaron Fox,,2020,8099627,0.0742131849001282,0.1569,0.0827,17124066,0.594593215916782,0.8205370381601779,0.6144515077383113,,,1634.0,0.8131,29.8,75.0,1,0,0.25
Tyler Herro,Tyler Herro,,2024,29000000,0.2062764958602441,0.1569,-0.0494,22058257,0.4100038174133228,0.24591778758258717,0.3384836218545605,,,1407.0,0.6622,27.8,77.0,4,1,0.25
Steven Adams,Steven Adams,,2019,25842697,0.2367848359904709,0.1569,-0.0799,17124066,1.537860591558017,1.0045128462426551,0.712766455478633,,,2669.0,0.9756,16.4,83.0,0,0,0.25
D'Angelo Russell,D'Angelo Russell,,2023,17307693,0.1272428007440027,0.1567,0.0294,21314490,0.4653804422454015,0.3579005287449487,0.02196326074518731,,,1778.0,0.6695,22.8,75.0,4,0,0.25
Dejounte Murray,Dejounte Murray,,2021,15428880,0.1372505203978152,0.1566,0.0193,17604032,0.5028363941136674,0.900582369940331,0.6005248208614135,,,2139.0,,23.4,76.0,2,0,0.25
Ty Jerome,Ty Jerome,MEM,2025,8781000,0.062184862047476,0.1562,0.0941,22056689,1.062769150293882,1.4906518218265081,1.8591581947150455,28.0,784.0,1393.0,,23.6,77.0,5,1,0.25
Brandon Ingram,Brandon Ingram,TOR,2025,38095238,0.2697810180726304,0.156,-0.1138,22028448,0.04886512320631238,-0.744368530308247,-0.44358559906003175,28.0,784.0,595.0,0.4537,30.2,80.0,6,1,0.25
Isaiah Hartenstein,Isaiah Hartenstein,,2022,7804879,0.06311818365614,0.1557,0.0926,19253083,1.5870110973844458,0.9274925743802664,1.3218933827999133,,,1216.0,0.5371,18.4,84.0,3,0,0.25
Alex Caruso,Alex Caruso,OKC,2026,19550160,0.1277788235294117,0.1556,0.0278,23806800,1.2898819656189526,1.2190007199675184,1.3396525831892103,32.0,1024.0,1020.0,0.7122,15.7,77.0,7,1,0.3
Tobias Harris,Tobias Harris,,2024,25365854,0.1804268785387088,0.1556,-0.0248,21875492,0.46013838449301236,0.7890825979302295,0.7224299066310733,,,2368.0,0.8756,20.7,80.0,5,1,0.25
John Collins,John Collins,,2021,23000000,0.2046008504278826,0.1555,-0.0491,17480377,0.929635209756271,1.0038421772339252,1.0964983298725157,,,1848.0,0.7038,22.2,81.0,2,0,0.25
Tyrese Maxey,Tyrese Maxey,,2023,4343920,0.0319356569941406,0.1554,0.1234,21137663,0.7139580656976531,0.3519728876183912,0.6839555415624758,,,2016.0,0.789,24.1,74.0,2,0,0.25
Brook Lopez,Brook Lopez,,2021,13302325,0.1183333481594819,0.1553,0.037,17457894,1.5754492071102106,1.107101984527519,0.08772808981098988,,,1902.0,0.9077,16.9,85.0,2,0,0.25
Evan Mobley,Evan Mobley,,2023,8882640,0.0653034457914586,0.1553,0.09,21124061,0.6913600999292666,1.822027887004663,0.6430216320650137,,,2715.0,0.9177,20.2,83.0,1,0,0.25
Jaylen Brown,Jaylen Brown,,2020,23437500,0.2147471137987905,0.1551,-0.0596,16927614,0.9282584972558969,0.7316017870447356,0.9476872323041935,,,1934.0,0.8332,24.7,78.0,1,0,0.25
Buddy Hield,Buddy Hield,,2023,19845098,0.1458973099741951,0.1551,0.0092,21096857,0.3297926476350824,-0.2052253782780183,0.43539574666955366,,,2482.0,0.8622,20.8,76.0,4,0,0.25
Mitchell Robinson,Mitchell Robinson,,2024,14318182,0.1018449796568697,0.1547,0.0529,21748963,1.4405476962736086,0.3862862217173712,,,,,,,84.0,5,1,0.25
Payton Pritchard,Payton Pritchard,BOS,2025,7232143,0.0512162412894453,0.1543,0.1031,21788394,1.166463880336929,1.718041436927067,1.1089807061879582,28.0,784.0,2271.0,0.9049,19.0,73.0,4,1,0.25
Jayson Tatum,Jayson Tatum,,2019,7830000,0.0717427157778999,0.1541,0.0823,16818474,0.9834845030934287,0.9820327143248924,0.5824473515156922,,,2455.0,0.9634,22.1,80.0,0,0,0.25
Josh Hart,Josh Hart,NYK,2026,20923760,0.1367566013071895,0.1539,0.0172,23546700,0.35626427547531836,0.8500357344487461,0.7963865065922744,31.0,961.0,1994.0,0.8817,16.7,77.0,7,1,0.3
Fred VanVleet,Fred VanVleet,HOU,2026,25000000,0.1633986928104575,0.1537,-0.0097,23516100,0.6097631184944508,,,32.0,1024.0,,,,72.0,7,1,0.3
Aaron Gordon,Aaron Gordon,,2019,19863636,0.1820014293567894,0.1537,-0.0283,16774818,0.807576705792165,0.3076287567920069,0.47570017850212054,,,2633.0,0.9512,21.8,80.0,0,0,0.25
Darius Garland,Darius Garland,LAC,2026,42166510,0.2755981045751633,0.1536,-0.122,23500799,0.6221289157148963,0.23664506212499273,-0.4465191291925658,26.0,676.0,792.0,0.572,25.8,73.0,6,1,0.25
Bobby Portis,Bobby Portis,,2022,10843350,0.0876903481460515,0.1536,0.0659,18993408,0.7533177091638115,0.5821132212355268,0.407356704036517,,,2028.0,0.8638,21.3,81.0,3,0,0.25
DeMarcus Cousins,DeMarcus Cousins,LAL,2019,3500000,0.032069,0.1531,0.121,16709334,0.9621623458447907,1.3304747590502164,0.6700002378990634,,,771.0,0.3659,28.1,82.0,0,0,0.25
Bradley Beal,Bradley Beal,,2024,50203930,0.3570996813383788,0.1528,-0.2043,21481846,0.3988628025067251,0.12385827963929678,0.6277502630326293,,,1767.0,0.6037,22.7,76.0,5,1,0.25
Keldon Johnson,Keldon Johnson,,2022,3873025,0.0313212162872508,0.1525,0.1211,18857387,0.48883566876278245,-0.025498603741330023,0.5771746259311891,,,2392.0,0.757,21.3,78.0,2,0,0.25
Klay Thompson,Klay Thompson,,2024,15873016,0.112904486869434,0.1525,0.0396,21439670,-0.10248286829017063,0.4290070494975228,0.2530976856032029,,,2284.0,0.8,24.2,77.0,5,1,0.25
Aaron Wiggins,Aaron Wiggins,OKC,2025,10102803,0.0715455427454535,0.1517,0.0802,21421253,1.2240720636941773,0.6570451595105707,0.926401214958052,27.0,729.0,1744.0,,20.3,77.0,3,1,0.25
Brook Lopez,Brook Lopez,,2019,12093024,0.1108028587135789,0.1515,0.0407,16534710,1.6231492205525693,1.7744573644260326,0.38174919657534917,,,2322.0,0.9878,16.7,85.0,0,0,0.25
Tobias Harris,Tobias Harris,DET,2025,26634146,0.1886164098351368,0.1513,-0.0373,21364770,0.5039697717285738,0.2976879986646877,0.46418681873918494,33.0,1089.0,2306.0,0.8817,17.6,80.0,6,1,0.25
RJ Barrett,RJ Barrett,,2022,10900635,0.0881536128745299,0.1513,0.0632,18709001,-0.3621065481796583,-0.5051921497756906,-0.2571032783870578,,,2417.0,0.8458,27.6,78.0,2,0,0.25
Kevin Durant,Kevin Durant,,2020,39058950,0.3578793293018142,0.1512,-0.2067,16501968,1.917943653770221,,,,,,,,83.0,1,0,0.25
Gordon Hayward,Gordon Hayward,CHO,2020,28500000,0.261132,0.1508,-0.1103,16458311,1.4202734036373037,0.9154013060166494,1.2441857501618372,,,1740.0,0.7807,21.1,79.0,1,0,0.25
Jakob Poeltl,Jakob Poeltl,,2022,9398148,0.0760029760219966,0.1507,0.0747,18634808,1.058047016582388,1.5287084854099986,0.5692520859645005,,,1970.0,0.8504,18.3,84.0,3,0,0.25
Jalen Suggs,Jalen Suggs,ORL,2026,32400000,0.2117647058823529,0.1507,-0.0611,23057100,0.7767013809704649,0.9653793777912036,0.910240457961878,25.0,625.0,1574.0,0.6585,22.9,77.0,4,1,0.25
P.J. Washington,P.J. Washington,DAL,2025,14152174,0.1002221828791569,0.1503,0.0501,21223562,0.5442955000786476,-0.23553391301146062,0.06347288272407552,27.0,729.0,1835.0,,20.4,79.0,5,1,0.25
Scottie Barnes,Scottie Barnes,,2024,10130980,0.0720614846217315,0.1501,0.078,21102258,0.5771190410122881,1.0209956630224812,0.8261128292220076,,,2094.0,0.828,24.8,80.0,2,1,0.25
Domantas Sabonis,Domantas Sabonis,,2020,19800000,0.1814183617372182,0.1498,-0.0316,16349171,0.7642535284620946,1.5260900303426854,1.108940812191684,,,2159.0,0.8766,23.3,82.0,1,0,0.25
Shai Gilgeous-Alexander,Shai Gilgeous-Alexander,,2020,4141320,0.0379450247388675,0.1497,0.1117,16338258,0.6850787159409488,0.749388837267824,1.1047144078801168,,,2428.0,0.9826,23.7,78.0,1,0,0.25
Andrew Wiggins,Andrew Wiggins,,2021,31579390,0.280920436956251,0.1496,-0.1313,16817134,0.19396883016178323,0.1109485494599076,0.3263686098502514,,,2364.0,0.786,23.3,78.0,2,0,0.25
T.J. McConnell,T.J. McConnell,,2024,9300000,0.0661507383275955,0.1494,0.0832,21003847,1.0450416670893907,0.6365082130011165,1.111894330144919,,,1291.0,0.7732,23.7,73.0,5,1,0.25
Jakob Poeltl,Jakob Poeltl,,2024,19500000,0.1387031610094745,0.1492,0.0105,20975729,1.3012850099411375,1.0454075646111394,,,,,,,84.0,5,1,0.25
Payton Pritchard,Payton Pritchard,BOS,2026,7767857,0.0507703071895424,0.1492,0.0985,22827600,0.3191668838139819,1.4254601832747291,0.7106446419805975,28.0,784.0,2556.0,0.9744,21.4,73.0,5,1,0.25
Dillon Brooks,Dillon Brooks,,2022,11400000,0.0921919857668513,0.1491,0.0569,18436960,0.609577469815426,0.6013009630769012,0.7707601677259269,,,885.0,0.643,28.8,79.0,3,0,0.25
Kyle Lowry,Kyle Lowry,,2022,28333334,0.2291321337592495,0.1489,-0.0802,18412229,0.9430548251036799,1.471145259885875,0.8441297769826512,,,2133.0,0.7136,18.2,72.0,3,0,0.25
Trey Murphy III,Trey Murphy III,NOP,2026,27000000,0.1764705882352941,0.1489,-0.0276,22781700,0.07185093940507215,0.5641198044025745,0.8153621651538749,26.0,676.0,2341.0,0.7354,22.7,80.0,4,1,0.25
Derrick Jones Jr.,Derrick Jones Jr.,LAC,2026,10476190,0.0684718300653594,0.1488,0.0803,22766400,0.8199816712420241,-0.09646424350149894,0.1926794434657956,29.0,841.0,1350.0,0.772,15.1,78.0,7,1,0.3
Malcolm Brogdon,Malcolm Brogdon,POR,2023,22500000,0.165416,0.1488,-0.0166,20239924,0.36933908772975876,0.7135589963384015,0.4203866465204843,,,1744.0,0.6768,22.8,76.0,4,0,0.25
Bobby Portis,Bobby Portis,MIL,2026,14521414,0.094911202614379,0.1487,0.0538,22751100,-0.5464389216172022,-1.0346494761009206,-0.06981716663634621,31.0,961.0,1619.0,0.7878,23.1,81.0,7,1,0.3
Zion Williamson,Zion Williamson,,2020,10245480,0.0938746564046179,0.1485,0.0546,16207290,0.7868749034681364,0.7968209711960599,1.2334571853709355,,,668.0,0.3333,30.5,78.0,0,0,0.25
Chris Boucher,Chris Boucher,UTA,2025,2296274,0.016261642399864,0.1484,0.1321,20955267,1.1088556969796808,0.6261986089778332,0.5638047516733967,33.0,1089.0,862.0,0.6732,21.2,80.0,6,1,0.25
Jaden McDaniels,Jaden McDaniels,MIN,2025,24393104,0.172745906747493,0.1481,-0.0246,20912904,0.8035323251862648,0.5964261426759712,0.4590617803888718,25.0,625.0,2614.0,0.9561,16.3,81.0,4,1,0.25
RJ Barrett,RJ Barrett,TOR,2025,27705357,0.1962024602005552,0.1478,-0.0484,20870542,-0.5905857120591435,-0.24536739887496556,0.32196700451799504,26.0,676.0,1869.0,0.6488,28.7,78.0,5,1,0.25
Matt Ryan,Matt Ryan,LAL,2022,442439,0.003578,0.1477,0.1441,18263843,-0.8853210194077806,-0.32610655925619597,0.3239978052565766,,,5.0,0.0122,44.0,78.0,0,0,0.25
Buddy Hield,Buddy Hield,,2020,24701834,0.2263316291002382,0.147,-0.0794,16043580,0.3174813720927713,0.00826174463913943,0.2935698880831641,,,2216.0,1.0,27.2,76.0,1,0,0.25
Tyler Herro,Tyler Herro,,2022,5722116,0.0462748453358133,0.1469,0.1006,18164919,-0.30461045244030416,-0.7354450518721837,0.6794787289792978,,,2151.0,0.7528,28.8,77.0,2,0,0.25
Cameron Johnson,Cameron Johnson,DEN,2025,21057065,0.149120906747493,0.1467,-0.0024,20715213,0.26201540162813103,0.009761892503292872,0.7098683446573215,30.0,900.0,1800.0,,22.9,80.0,5,1,0.25
Dillon Brooks,Dillon Brooks,PHO,2025,21124110,0.1495957027930428,0.1467,-0.0029,20715213,0.08919085155638617,-0.6092541716537134,0.2175443481303646,30.0,900.0,2388.0,,17.7,79.0,6,1,0.25
RJ Barrett,RJ Barrett,,2023,23883929,0.1755900118364076,0.1466,-0.029,19940678,-0.5119815772373152,-0.6497984627698343,-0.3687281643472557,,,2475.0,0.8768,26.2,78.0,3,0,0.25
Danilo Gallinari,Danilo Gallinari,OKC,2019,22615559,0.207216,0.1466,-0.0606,15999924,0.8715431775380791,1.4597355175773528,1.3050954060492095,,,2059.0,0.8293,23.8,82.0,0,0,0.25
Jalen Johnson,Jalen Johnson,ATL,2025,30000000,0.2124525522633278,0.1461,-0.0664,20630488,0.9763568752580097,0.7473150824206171,0.7393373151716222,24.0,576.0,1284.0,0.5951,22.5,80.0,3,1,0.25
Blake Griffin,Blake Griffin,BRK,2020,776983,0.007119,0.1458,0.1387,15912612,0.781219559716626,0.7019567033395882,-0.8000935045408633,,,512.0,0.4992,28.4,81.0,1,0,0.25
Mikal Bridges,Mikal Bridges,,2023,21700000,0.1595341895736687,0.1455,-0.014,19791055,0.640514676950397,0.944737000274146,0.5625182767200051,,,2040.0,0.8171,19.2,78.0,4,0,0.25
Shai Gilgeous-Alexander,Shai Gilgeous-Alexander,,2021,5495532,0.0488865443805931,0.1454,0.0965,16344995,0.7050042541549008,0.6879886490417556,1.094629082979258,,,1180.0,0.7051,27.8,78.0,2,0,0.25
Cooper Flagg,Cooper Flagg,DAL,2026,14517480,0.0948854901960784,0.1453,0.0504,22230900,-0.051807032799382736,-0.011636143224009854,0.3866528420954907,19.0,361.0,2344.0,0.8537,26.9,81.0,0,1,0.25
Clint Capela,Clint Capela,,2022,18706897,0.1512829808742064,0.1452,-0.0061,17954706,1.1845384272089672,1.6566267643524946,0.742514590453385,,,2042.0,0.79,15.5,82.0,3,0,0.25
Amen Thompson,Amen Thompson,HOU,2025,9690600,0.0686264234321001,0.145,0.0764,20475160,1.4545047971231704,1.2056080024937679,1.5727966768912982,23.0,529.0,2225.0,0.8095,17.5,79.0,1,1,0.25
Anfernee Simons,Anfernee Simons,,2024,25892857,0.1841754417162204,0.1447,-0.0394,20343083,-0.303021136608929,0.12385827963929678,0.005652727487023648,,,1582.0,0.6463,28.0,75.0,5,1,0.25
Russell Westbrook,Russell Westbrook,SAC,2025,2296274,0.016261642399864,0.1446,0.1284,20418676,-0.7346061704522642,0.0001365814808791051,-0.5243049530774638,37.0,1369.0,2092.0,0.7573,23.8,76.0,6,1,0.25
Deni Avdija,Deni Avdija,,2024,15625000,0.1111403533729763,0.1446,0.0335,20329024,0.35986925033363326,-0.30945297355938417,0.10672179488658981,,,2257.0,,20.2,80.0,3,1,0.25
Naz Reid,Naz Reid,MIN,2026,23275862,0.152129816993464,0.1445,-0.0076,22108500,0.15841151994819053,0.7373096642376644,-0.05049010699027152,26.0,676.0,2007.0,0.9598,22.1,81.0,6,1,0.25
Kyrie Irving,Kyrie Irving,DAL,2026,39491282,0.258112954248366,0.1445,-0.1136,22108500,0.2697036949322,,,34.0,1156.0,,,,74.0,7,1,0.3
Cam Thomas,Cam Thomas,BRK,2025,5993172,0.0424421562517704,0.1445,0.102,20404556,0.07766921488493651,0.059471466864789095,0.1614892411738145,24.0,576.0,781.0,0.5329,32.6,75.0,3,1,0.25
Malik Monk,Malik Monk,SAC,2026,20190035,0.1319610130718954,0.1445,0.0126,22108500,-0.4475125438536383,-0.5905897411607061,-0.5723207174342884,28.0,784.0,1364.0,0.7915,24.0,75.0,7,1,0.3
Buddy Hield,Buddy Hield,,2019,4861208,0.0445410298698918,0.1444,0.0998,15759816,0.35981140357076663,0.08282743761437837,0.5888454470590924,,,2615.0,1.0,25.1,76.0,0,0,0.25
Jaren Jackson Jr.,Jaren Jackson Jr.,,2022,28946605,0.2340916663297076,0.1444,-0.0897,17855782,1.3915243718706418,1.5734798830398722,,,,,,,82.0,3,0,0.25
Kentavious Caldwell-Pope,Kentavious Caldwell-Pope,,2023,14704938,0.1081078509935965,0.144,0.0359,19587024,1.081175009433934,0.9091711535148006,0.6789525081794526,,,2381.0,0.9085,14.1,77.0,4,0,0.25
Klay Thompson,Klay Thompson,,2022,40600080,0.3283335085520197,0.1437,-0.1847,17769223,0.3968419155798159,0.5885091351826516,0.5902640397891963,,,941.0,,29.6,77.0,3,0,0.25
Robert Covington,Robert Covington,POR,2020,12138345,0.111218,0.1437,0.0325,15683418,1.4824821849039183,1.1881360761040052,0.6144515077383113,,,1411.0,0.5173,17.8,79.0,1,0,0.25
Tyler Herro,Tyler Herro,MIA,2026,33000000,0.2156862745098039,0.1434,-0.0723,21940200,0.36863007269576387,-0.01901271499114362,0.34659311846544505,26.0,676.0,1033.0,0.5854,24.7,77.0,6,1,0.25
Scottie Barnes,Scottie Barnes,,2023,8008680,0.0588782614449239,0.1434,0.0845,19505411,0.44278247647701496,1.3181783912472713,0.3069087529691868,,,2678.0,0.9253,20.3,80.0,1,0,0.25
Wendell Carter Jr.,Wendell Carter Jr.,,2022,14150000,0.1144312805790303,0.1428,0.0284,17657934,0.3508450389883326,0.6013009630769012,0.5003604340802522,,,1852.0,0.6146,20.9,82.0,3,0,0.25
Brook Lopez,Brook Lopez,,2020,12697675,0.1163429998167491,0.1426,0.0263,15563364,1.5673123411765746,1.644670365163275,0.8325989918199767,,,1817.0,0.9607,18.3,85.0,1,0,0.25
Alex Caruso,Alex Caruso,,2024,9890000,0.0703473980709591,0.1424,0.072,20019731,1.1675928310619654,0.6853320161784326,0.9451884546065539,,,2040.0,0.778,14.7,77.0,5,1,0.25
Onyeka Okongwu,Onyeka Okongwu,ATL,2025,15000000,0.1062262761316639,0.1423,0.036,20093898,0.8841837818864126,0.8722418744354853,0.38378777961864735,25.0,625.0,2064.0,0.8476,17.3,82.0,4,1,0.25
Derrick Rose,Derrick Rose,NYK,2020,7682926,0.070395,0.1423,0.0719,15530622,0.10823365328688565,-0.3711953267867471,0.38362481072194404,,,1298.0,0.6673,31.6,75.0,1,0,0.25
Isaiah Hartenstein,Isaiah Hartenstein,,2024,30000000,0.2133894784761146,0.1423,-0.0711,20005672,1.4182656664604132,1.277320629703391,1.1897291291767687,,,1896.0,,12.0,84.0,5,1,0.25
Kyle Anderson,Kyle Anderson,,2021,9937150,0.0883977974273667,0.1422,0.0538,15985270,1.171113487027744,1.7995501040257362,0.9746857406618743,,,1887.0,0.8048,18.5,80.0,2,0,0.25
Shaedon Sharpe,Shaedon Sharpe,POR,2025,8399983,0.0594865942439521,0.1421,0.0826,20065656,-0.08363369851535868,-0.6022367743940924,-0.01660584149956747,23.0,529.0,2252.0,0.7512,25.1,77.0,2,1,0.25
Anfernee Simons,Anfernee Simons,,2023,24107143,0.1772310378544489,0.142,-0.0352,19314982,-0.4272392056058658,0.1089396014295317,0.1377152603796771,,,2171.0,0.7427,25.1,75.0,4,0,0.25
OG Anunoby,OG Anunoby,TOR,2022,17357143,0.140367,0.142,0.0016,17559010,0.6670735655547803,0.6780519304423989,0.8854647681132002,,,1728.0,0.6417,20.5,79.0,3,0,0.25
Jalen Green,Jalen Green,PHO,2026,36251166,0.2369357254901961,0.1419,-0.095,21710700,0.04093644635395842,-0.28818077417252747,-0.16083004751513436,24.0,576.0,828.0,0.6951,31.9,76.0,4,1,0.25
Franz Wagner,Franz Wagner,,2023,5508720,0.0404990405893207,0.1418,0.1013,19287777,0.14335943004589363,0.9625199236538186,0.5070300882901122,,,2609.0,0.971,23.5,82.0,1,0,0.25
Isaiah Hartenstein,Isaiah Hartenstein,,2023,9245121,0.0679683357716823,0.1416,0.0736,19260573,1.1150719580865136,0.642427302819711,,,,,,,84.0,4,0,0.25
Klay Thompson,Klay Thompson,DAL,2026,17460317,0.1141197189542483,0.1416,0.0275,21664800,-0.7257429813136618,-0.9588753031034111,-0.8942041108125505,36.0,1296.0,1497.0,0.872,22.7,77.0,7,1,0.3
Mikal Bridges,Mikal Bridges,,2022,20100000,0.1625490275362905,0.1415,-0.021,17497182,0.8223130240510363,1.0298271975342632,1.4162749458813333,,,2854.0,0.9662,15.0,78.0,3,0,0.25
Josh Giddey,Josh Giddey,CHI,2025,25000000,0.1770437935527732,0.1415,-0.0355,19980932,0.5270130450714732,0.9778564246892456,0.4318350141528332,23.0,529.0,2117.0,0.9049,21.7,79.0,3,1,0.25
Kentavious Caldwell-Pope,Kentavious Caldwell-Pope,MEM,2025,21621500,0.1531180952920514,0.1414,-0.0117,19966811,1.062769150293882,-0.7372723963410622,0.3373421195689345,33.0,1089.0,2279.0,0.9329,12.4,77.0,6,1,0.25
Anfernee Simons,Anfernee Simons,CHI,2025,27678571,0.196012768398391,0.1414,-0.0546,19966811,-0.642433077080667,-0.23013876678487916,0.18391128395643452,27.0,729.0,2292.0,0.7463,24.6,75.0,6,1,0.25
Jordan Poole,Jordan Poole,NOP,2025,31848215,0.2255411520593734,0.1413,-0.0843,19952690,-0.5502599837090697,-1.0631211178147553,-0.03678568000392548,27.0,729.0,2001.0,0.9,29.0,76.0,5,1,0.25
Kevin Porter Jr.,Kevin Porter Jr.,,2022,3217631,0.0260210343293841,0.1412,0.1152,17460086,-0.011380364169598273,-1.5157465534214103,-0.3793859604815986,,,1907.0,0.606,24.1,77.0,2,0,0.25
Kentavious Caldwell-Pope,Kentavious Caldwell-Pope,,2024,22757000,0.1618701453893646,0.1406,-0.0213,19766672,1.1954453683284596,0.22150588599392912,0.7967795654077657,,,2402.0,0.9293,12.9,77.0,5,1,0.25
Jarrett Allen,Jarrett Allen,,2022,20000000,0.1617403259067567,0.1406,-0.0211,17385893,0.9948013112690987,1.343226980943379,1.2636799369577234,,,1810.0,0.7225,18.1,81.0,3,0,0.25
Josh Giddey,Josh Giddey,CHI,2026,25000000,0.1633986928104575,0.1405,-0.0229,21496500,0.12131412828685408,0.1120988812253679,0.04790219666247239,23.0,529.0,1731.0,0.7805,24.4,79.0,4,1,0.25
Devin Vassell,Devin Vassell,SAS,2026,27000000,0.1764705882352941,0.1402,-0.0363,21450600,0.7148723948682375,-0.1716176362626636,0.8462854605875946,25.0,625.0,2044.0,0.8085,18.0,77.0,5,1,0.25
Jerami Grant,Jerami Grant,,2021,20002500,0.1779360222036401,0.1401,-0.0378,15749201,-0.1261302815701694,0.22028246306488933,0.3316648093811489,,,1829.0,0.8202,28.5,79.0,2,0,0.25
Harrison Barnes,Harrison Barnes,,2023,17000000,0.1249807015093257,0.14,0.0151,19042940,0.2563492588878262,0.7491248430977469,0.31532294547699846,,,2662.0,0.9232,17.1,79.0,4,0,0.25
Alec Burks,Alec Burks,DET,2022,10012800,0.080974,0.1396,0.0587,17262238,0.6843223942765865,0.844345693067644,1.0315150701078066,,,2318.0,0.8065,17.7,77.0,3,0,0.25
Saddiq Bey,Saddiq Bey,NOP,2026,6440678,0.0420959346405228,0.1396,0.0975,21358800,-0.24347688971628778,0.03138146939294257,0.30161377965276204,27.0,729.0,2246.0,,21.6,80.0,5,1,0.25
James Wiseman,James Wiseman,IND,2025,1131970,0.0080163305195173,0.1392,0.1312,19656153,-1.03992954224568,-0.1395636147020266,0.6800790592461263,25.0,625.0,5.0,0.2951,42.2,83.0,4,1,0.25
Eric Gordon,Eric Gordon,,2019,14057730,0.128804562946674,0.1391,0.0103,15181374,0.7809240092313674,0.40878935042193965,0.2891451821313989,,,2158.0,0.8293,22.0,75.0,0,0,0.25
LaMarcus Aldridge,LaMarcus Aldridge,BRK,2020,554988,0.005085,0.1389,0.1338,15159546,0.6568019971833966,0.4885121006625271,0.23472533574518878,,,1754.0,0.8305,23.4,83.0,1,0,0.25
Lou Williams,Lou Williams,LAC,2019,8000000,0.0733,0.1389,0.0656,15159546,-0.0453095841533558,0.29638869083312547,1.235726580683923,,,1993.0,0.9146,32.4,74.0,0,0,0.25
Austin Reaves,Austin Reaves,,2024,12976362,0.0923006373232423,0.1388,0.0465,19513614,0.4100038174133228,0.19709398440527104,0.376529736306696,,,2629.0,0.8829,20.3,77.0,2,1,0.25
Andre Drummond,Andre Drummond,,2019,27093019,0.2482409657320872,0.1387,-0.1095,15137717,0.3971251787558831,1.5833762431250487,1.3212590158430626,,,2647.0,0.9634,22.9,83.0,0,0,0.25
Derrick White,Derrick White,,2021,15178571,0.1350238493426085,0.1385,0.0035,15569339,1.2497343214882237,0.809470775269513,0.774053240785524,,,1064.0,0.6663,22.4,76.0,2,0,0.25
Chris Paul,Chris Paul,TOR,2025,2296274,0.016261642399864,0.1385,0.1222,19557308,0.1813639449279834,0.19174226375190692,0.5250466491491536,41.0,1681.0,2292.0,0.8561,14.0,72.0,6,1,0.25
De'Andre Hunter,De'Andre Hunter,SAC,2025,23303571,0.1650301045266557,0.1383,-0.0268,19529066,0.5500563184143724,0.13331356046274237,0.13426247493777588,28.0,784.0,1064.0,,24.2,79.0,5,1,0.25
Dorian Finney-Smith,Dorian Finney-Smith,,2022,12939848,0.1046447616351946,0.1383,0.0337,17101486,0.8625602910685842,0.42221537255740654,0.6515776099661773,,,2644.0,0.9045,13.8,79.0,3,0,0.25
Malik Monk,Malik Monk,SAC,2025,18797619,0.1331200711007875,0.1382,0.005,19514945,-0.3198272502800766,0.49385358848800576,0.30499031498258267,28.0,784.0,2054.0,0.8476,24.6,75.0,6,1,0.25
Kelly Oubre Jr.,Kelly Oubre Jr.,,2020,14375000,0.1317115631299248,0.138,0.0063,15061320,0.45320962212902144,0.9450463897217968,0.5361004739623331,,,1933.0,0.669,22.4,80.0,1,0,0.25
Caris LeVert,Caris LeVert,,2024,16615384,0.1181849375480126,0.138,0.0198,19401144,-0.007784241584090329,0.6120963114124583,0.5470111804548149,,,1958.0,0.7805,23.1,79.0,5,1,0.25
DeMar DeRozan,DeMar DeRozan,,2019,27739975,0.2541687282389591,0.138,-0.1162,15061320,-0.26919223526405506,0.7516113621678232,1.0269466208466536,,,2688.0,0.939,27.9,78.0,0,0,0.25
Kevin Porter Jr.,Kevin Porter Jr.,MIL,2026,5390700,0.0352333333333333,0.138,0.1028,21114000,0.3068010865935364,0.5313855945485739,0.8881021896400106,26.0,676.0,1261.0,,24.3,77.0,6,1,0.25
Clint Capela,Clint Capela,,2024,22265280,0.1583725495774888,0.1377,-0.0207,19358967,0.7609457869711499,0.9904807860366587,0.09394294728434582,,,1883.0,0.8634,17.3,82.0,5,1,0.25
Moritz Wagner,Moritz Wagner,ORL,2025,5000000,0.0354087587105546,0.1377,0.1023,19444341,0.4175574966927014,1.0730176047457565,0.6643836292982923,29.0,841.0,564.0,0.6146,26.8,83.0,6,1,0.25
Kris Dunn,Kris Dunn,LAC,2026,5684800,0.0371555555555555,0.1376,0.1004,21052800,0.220240506050418,0.3891545995769944,0.034548955452457154,32.0,1024.0,2230.0,0.9317,12.4,75.0,7,1,0.3
Malcolm Brogdon,Malcolm Brogdon,IND,2020,20700000,0.189665,0.1376,-0.0521,15017664,0.5380397784016778,0.47665406718046816,0.35469019658890644,,,1666.0,0.7614,25.2,76.0,1,0,0.25
Jrue Holiday,Jrue Holiday,POR,2025,32400000,0.229448756444394,0.1374,-0.092,19401979,0.5846212284287213,0.4700903182601874,0.4907729551814344,36.0,1296.0,1896.0,0.7939,15.8,76.0,6,1,0.25
John Collins,John Collins,LAC,2025,26580000,0.1882329613053084,0.1373,-0.0509,19387858,0.26201540162813103,-0.0295385100788042,0.7194777915641586,28.0,784.0,1220.0,,24.2,81.0,6,1,0.25
Collin Sexton,Collin Sexton,,2021,6349671,0.0564846994146636,0.1373,0.0808,15434442,-0.530466001652636,-0.5268326132358191,0.24786024033341864,,,2115.0,0.8367,29.7,75.0,2,0,0.25
Bobby Portis,Bobby Portis,,2023,11710818,0.0860956616992964,0.1372,0.0511,18662081,0.30154519042459926,0.42903222226363924,0.30918285905237913,,,1818.0,0.8512,21.7,81.0,4,0,0.25
Reggie Jackson,Reggie Jackson,DET,2019,17286956,0.158392,0.1372,-0.0212,14974007,0.5463802794963493,-0.1307338156043687,0.1544484338492894,,,2289.0,1.0,24.5,74.0,0,0,0.25
Steven Adams,Steven Adams,,2020,29592695,0.2711443558731904,0.137,-0.1341,14952180,1.6860745599582936,1.0636267245423863,0.9421603958967595,,,1680.0,0.9127,17.3,83.0,1,0,0.25
Will Barton,Will Barton,TOR,2022,432642,0.003499,0.1367,0.1332,16903638,0.1438590943266578,-0.07666591531832846,0.3419096347464811,,,2277.0,0.7989,20.8,77.0,3,0,0.25
Spencer Dinwiddie,Spencer Dinwiddie,BRK,2022,19500000,0.157697,0.1365,-0.0212,16878907,0.40259152515375135,0.45419494229303065,-0.4048758716787705,,,1330.0,0.457,21.0,77.0,3,0,0.25
Josh Hart,Josh Hart,,2024,18144000,0.1290579565823541,0.1365,0.0074,19190262,0.47127939939961005,0.6120963114124583,0.6280406913872256,,,2707.0,0.7805,13.5,77.0,5,1,0.25
De'Aaron Fox,De'Aaron Fox,,2019,6392760,0.0585739417262232,0.1364,0.0779,14886696,0.3491503249464476,0.7797115270650268,0.8289424008719526,,,2546.0,0.9878,24.5,75.0,0,0,0.25
Pascal Siakam,Pascal Siakam,,2019,2351839,0.0215488271944291,0.1363,0.1147,14875782,0.818237784416484,1.1337736047697917,1.5492332623105332,,,2548.0,0.9756,20.8,80.0,0,0,0.25
De'Anthony Melton,De'Anthony Melton,,2023,8000000,0.0588144477690944,0.1361,0.0773,18512458,0.793050945887006,0.0852290369233015,0.4692799273091194,,,2150.0,0.8634,16.4,74.0,4,0,0.25
Chris Boucher,Chris Boucher,,2021,7020000,0.0624477378262494,0.136,0.0735,15288304,1.0194875919968192,1.0463609214136402,0.8513154457068514,,,1453.0,0.6925,20.5,80.0,2,0,0.25
Gordon Hayward,Gordon Hayward,CHO,2021,29925000,0.266203,0.136,-0.1302,15288304,0.536531037453873,0.15346729363962272,0.8482000342180882,,,1496.0,0.6606,23.9,79.0,2,0,0.25
Sandro Mamukelashvili,Sandro Mamukelashvili,TOR,2026,2801346,0.0183094509803921,0.136,0.1177,20808000,0.9250909476158107,1.0686860288175921,0.7032652192066418,27.0,729.0,1751.0,0.8232,18.8,81.0,4,1,0.25
Myles Turner,Myles Turner,,2019,17500000,0.1603445116364302,0.1359,-0.0244,14832126,0.9408401885961526,1.4541154845979123,0.30564553379595727,,,2119.0,0.9024,20.0,83.0,0,0,0.25
Josh Jackson,Josh Jackson,SAC,2021,5005350,0.044526,0.1357,0.0912,15254579,-0.05874099488975835,-0.915575417164643,-0.25372100935745745,,,1560.0,0.6624,26.5,80.0,2,0,0.25
Julius Randle,Julius Randle,,2020,18900000,0.1731720725673446,0.1356,-0.0375,14799384,-0.1801888780401459,0.4529380002163502,0.013001663399889521,,,2080.0,0.8894,27.6,81.0,1,0,0.25
D'Angelo Russell,D'Angelo Russell,WAS,2026,5969250,0.0390147058823529,0.1356,0.0966,20746800,-0.7133771840932163,-0.3070946556626271,-1.3260760436312016,30.0,900.0,495.0,0.45,26.0,75.0,7,1,0.3
Al Horford,Al Horford,,2022,26500000,0.2143059318264526,0.1355,-0.0788,16755252,1.012050139990905,2.436928265901721,0.8809868107407242,,,2005.0,0.7093,14.8,80.0,3,0,0.25
Kevin Love,Kevin Love,,2022,27442830,0.221930613400186,0.1355,-0.0864,16755252,-0.09187489820469402,0.8699293488561431,0.2392610734389512,,,1665.0,0.6982,25.1,82.0,3,0,0.25
Marcus Smart,Marcus Smart,,2020,13446428,0.1232034817665383,0.1355,0.0123,14788470,1.3750306536252204,1.460870846191361,1.2292307810593683,,,1919.0,0.8867,18.9,75.0,1,0,0.25
Thaddeus Young,Thaddeus Young,CHI,2019,12900000,0.118197,0.1355,0.0173,14788470,1.1380701431460545,1.1393936377492324,1.0636514847535283,,,2489.0,0.9878,18.0,80.0,0,0,0.25
Ja Morant,Ja Morant,,2021,9603360,0.0854285053463091,0.1355,0.0501,15232097,-0.08120409044989536,0.9248787951858826,-0.05558083867211754,,,2053.0,0.8291,27.2,74.0,1,0,0.25
Jonathan Isaac,Jonathan Isaac,,2024,25000000,0.1778245653967621,0.1352,-0.0426,19007497,1.713502561485252,2.2293847916610563,1.5367910129195317,,,914.0,,16.7,82.0,5,1,0.25
J.J. Barea,J.J. Barea,DAL,2019,2564753,0.0235,0.1352,0.1117,14755727,0.8555515596016006,0.7122711313117381,0.26422628369920864,,,752.0,0.4634,28.1,70.0,0,0,0.25
Draymond Green,Draymond Green,,2024,24107143,0.1714736890773039,0.1352,-0.0363,19007497,1.2845734875812411,1.417689063838175,0.6283311197418221,,,1490.0,0.7146,15.3,78.0,5,1,0.25
Victor Oladipo,Victor Oladipo,MIA,2021,2389641,0.021258,0.1351,0.1139,15187131,-0.01943057765951854,0.6819145427303677,0.10112435921267167,,,669.0,0.2889,29.8,75.0,2,0,0.25
Domantas Sabonis,Domantas Sabonis,,2022,18500000,0.1496098014637499,0.1351,-0.0145,16705790,0.483086059188847,1.6694185922467442,1.1007511802514762,,,1632.0,0.6856,21.7,82.0,3,0,0.25
Devonte' Graham,Devonte' Graham,CHO,2020,1663861,0.015245,0.135,0.1198,14733900,0.03471418451725015,0.25728044776237746,0.29226945598729726,,,2211.0,0.7572,24.8,73.0,1,0,0.25
Kevin Huerter,Kevin Huerter,,2023,15669643,0.1152001749729821,0.135,0.0198,18362835,0.2732977332141161,0.5179468391620026,0.6168694121083019,,,2203.0,0.8963,19.9,78.0,4,0,0.25
Klay Thompson,Klay Thompson,DAL,2025,16666667,0.1180291980624327,0.1349,0.0169,19048959,-0.2795015219300028,-0.592228273276593,-0.1825289580909557,36.0,1296.0,1965.0,0.889,21.8,77.0,6,1,0.25
Jalen Suggs,Jalen Suggs,,2024,9188385,0.0653568227729251,0.1348,0.0695,18951262,0.8890674583970233,0.6487141637954456,0.8287266844133756,,,2025.0,0.7683,19.7,77.0,2,1,0.25
Jalen Williams,Jalen Williams,OKC,2026,41500000,0.2712418300653594,0.1348,-0.1364,20624400,0.8447132656829152,0.7245353048969004,1.4398018922643248,25.0,625.0,936.0,0.6268,26.2,77.0,3,1,0.25
Andrew Wiggins,Andrew Wiggins,,2024,26276786,0.186906322018949,0.1348,-0.0521,18951262,0.09805540002858767,-0.1446726378359421,-0.04488180621275941,,,1920.0,0.7463,20.9,78.0,5,1,0.25
Steven Adams,Steven Adams,,2023,12600000,0.0926327552363238,0.1348,0.0421,18335630,1.4935878847069877,1.3003954678675986,0.29303670586171354,,,1133.0,0.6756,14.6,83.0,4,0,0.25
D'Angelo Russell,D'Angelo Russell,,2021,30013500,0.2669907662746633,0.1347,-0.1323,15142165,-0.05312522099972409,-0.3203129986486314,-0.16929335801197454,,,1196.0,0.5912,29.1,75.0,2,0,0.25
Paul Millsap,Paul Millsap,DEN,2019,30500000,0.279458,0.1347,-0.1448,14701157,1.39926656944187,1.35857492394742,1.5020894004117946,,,1895.0,0.8537,19.6,79.0,0,0,0.25
Bobby Portis,Bobby Portis,MIL,2025,13445754,0.0952194918134949,0.1346,0.0394,19006596,0.21016803660660754,0.7461147353417923,0.44753044410066717,31.0,961.0,1244.0,0.7695,24.1,81.0,6,1,0.25
Malik Monk,Malik Monk,,2023,9945830,0.0731198123819116,0.1345,0.0614,18294824,-0.06567175331168161,-0.3000676363029391,0.2709778768547479,,,1719.0,0.85,25.8,75.0,4,0,0.25
Fred VanVleet,Fred VanVleet,,2020,21250000,0.1947040498442367,0.1345,-0.0602,14679330,0.916947809752876,0.8264660549012073,1.4854159039451391,,,1928.0,0.7614,21.7,72.0,1,0,0.25
Serge Ibaka,Serge Ibaka,LAC,2020,9258000,0.084827,0.1344,0.0496,14668416,0.6681126846864175,-0.22296990826101015,-0.08420563576615811,,,1485.0,0.8158,24.0,83.0,1,0,0.25
Marcus Smart,Marcus Smart,,2021,13839285,0.1231099774049495,0.1341,0.011,15074717,1.1991923564779154,1.0038421772339252,0.4369657177013452,,,1581.0,0.7378,18.4,75.0,2,0,0.25
Kevon Looney,Kevon Looney,,2023,7500000,0.055138544783526,0.1336,0.0784,18172405,1.629175679317307,0.9625199236538186,0.47564742434205803,,,1958.0,0.9488,10.6,81.0,4,0,0.25
Josh Richardson,Josh Richardson,PHI,2019,10116576,0.092694,0.1333,0.0406,14548362,0.5570413581206682,0.6448307355584497,0.8659840066495327,,,2539.0,0.8902,20.9,77.0,0,0,0.25
Richaun Holmes,Richaun Holmes,SAC,2021,10384500,0.092377,0.133,0.0406,14951062,0.974561400876545,0.6029511606823253,0.5120471345805384,,,1782.0,0.726,17.5,81.0,2,0,0.25
Kelly Oubre Jr.,Kelly Oubre Jr.,,2023,2019706,0.0148484866307408,0.133,0.1182,18090793,-0.36509479974280284,0.25120298846691286,0.08973162202431886,,,1548.0,0.7049,26.5,80.0,4,0,0.25
Russell Westbrook,Russell Westbrook,,2024,3303771,0.023499665689817,0.1329,0.1094,18684145,-0.14147642046326253,0.1604761320222839,0.06054368650575356,,,1529.0,0.6817,25.2,76.0,5,1,0.25
Aaron Gordon,Aaron Gordon,,2020,18136364,0.1661752244823162,0.1328,-0.0334,14493792,0.7416321534560529,0.4529380002163502,0.2376513079608892,,,2017.0,0.8949,20.7,80.0,1,0,0.25
Grayson Allen,Grayson Allen,,2024,15625000,0.1111403533729763,0.1327,0.0216,18656027,0.649535637905173,0.5632725082351422,0.7233011916948626,,,2513.0,0.8817,14.5,75.0,5,1,0.25
Julius Randle,Julius Randle,,2019,18000000,0.1649257833974711,0.1325,-0.0324,14461050,-0.13592875246006741,0.39754928446305826,0.6285809878023146,,,2232.0,0.8902,27.8,81.0,0,0,0.25
Montrezl Harrell,Montrezl Harrell,LAC,2019,6000000,0.054975,0.1325,0.0775,14461050,0.732949155421932,0.7684714611061453,0.994282659388242,,,2158.0,1.0,23.5,79.0,0,0,0.25
Deandre Ayton,Deandre Ayton,,2024,34005126,0.2418778700884855,0.1325,-0.1094,18627910,0.03120931058900157,-0.4376154568998391,0.09365251892974936,,,1784.0,0.722,21.1,84.0,5,1,0.25
Brook Lopez,Brook Lopez,LAC,2026,9187500,0.0600490196078431,0.1324,0.0724,20257200,-0.5649876174478704,0.1498129660635089,-0.6731728286783508,38.0,1444.0,1635.0,0.9427,17.2,85.0,7,1,0.3
Jaden McDaniels,Jaden McDaniels,MIN,2026,26200001,0.1712418366013071,0.1323,-0.0389,20241900,0.20169181021974977,-0.7397617138425613,0.3297258664106889,25.0,625.0,2316.0,0.9207,18.5,81.0,5,1,0.25
Alec Burks,Alec Burks,NYK,2023,10489600,0.077118,0.1322,0.055,17981976,0.6744116256029766,0.1326501659357619,0.5998136164843594,,,1122.0,0.7268,22.8,77.0,4,0,0.25
Julian Champagnie,Julian Champagnie,SAS,2026,3000000,0.0196078431372549,0.1321,0.1125,20211300,1.1662239934144978,0.8521171142430544,0.7116988452340198,24.0,576.0,2266.0,0.9805,15.2,79.0,3,1,0.25
Duncan Robinson,Duncan Robinson,,2021,15560000,0.1384169231590371,0.1321,-0.0063,14849889,0.6319991935844553,0.815544881580901,0.07775877304694763,,,2262.0,0.7798,16.6,79.0,2,0,0.25
Andre Roberson,Andre Roberson,OKC,2019,10740741,0.098413,0.1321,0.0337,14417394,1.7190989281714404,,,,,,,,79.0,0,0,0.25
Marcus Smart,Marcus Smart,,2024,20210284,0.1437553987538054,0.132,-0.0118,18557616,0.8166508615041382,-0.03481908068698073,0.0953950890573281,,,605.0,0.5183,22.9,75.0,5,1,0.25
Jakob Poeltl,Jakob Poeltl,,2023,19500000,0.1433602164371678,0.1319,-0.0115,17941169,1.4370929702860218,1.8161002458781055,1.0064237841591488,,,707.0,0.5756,17.5,84.0,4,0,0.25
Immanuel Quickley,Immanuel Quickley,TOR,2025,32500000,0.2301569316186051,0.1316,-0.0986,18582972,0.5154914084000235,0.7204052990196816,0.4135770650298426,27.0,729.0,918.0,0.5378,25.1,74.0,4,1,0.25
Brook Lopez,Brook Lopez,,2022,13906976,0.1124659415308721,0.1314,0.0189,16248266,1.1212927218956776,0.40942354466315695,-0.44758869584700445,,,298.0,0.5243,21.9,85.0,3,0,0.25
RJ Barrett,RJ Barrett,,2021,8623920,0.076715711566175,0.1313,0.0546,14759958,-0.10928295990006669,-0.9337977360988068,0.4195194133642713,,,2511.0,0.8404,23.4,78.0,1,0,0.25
Jonathan Kuminga,Jonathan Kuminga,,2024,7636307,0.0543169189404501,0.1312,0.0768,18445145,0.1259079372950819,0.05062257487332253,0.5339419044979743,,,1949.0,,24.1,79.0,2,1,0.25
Kevin Porter Jr.,Kevin Porter Jr.,MIL,2025,5134000,0.0363577134439975,0.1311,0.0947,18512368,0.2332113099495069,0.4204086626687794,-0.5755553365805954,26.0,676.0,884.0,,25.9,77.0,5,1,0.25
Mikal Bridges,Mikal Bridges,,2021,5557725,0.0494397939758393,0.131,0.0816,14726234,1.193576582587881,1.3439921306716458,1.2441688344398916,,,2348.0,0.9432,14.9,78.0,2,0,0.25
Robert Covington,Robert Covington,LAC,2021,12975471,0.115426,0.131,0.0156,14726234,1.2048081303679496,1.0099162835453128,0.5880631749063606,,,2243.0,0.6805,11.5,79.0,2,0,0.25
Russell Westbrook,Russell Westbrook,,2023,3835738,0.0281996015321163,0.1308,0.1026,17791546,0.5444733224347542,0.20378185945445246,0.22504093397426278,,,635.0,0.572,25.2,76.0,4,0,0.25
Jaren Jackson Jr.,Jaren Jackson Jr.,,2024,25257798,0.1796582780891683,0.1307,-0.049,18374851,0.900208473303621,0.6487141637954456,,,,,,,82.0,5,1,0.25
Al Horford,Al Horford,,2019,28000000,0.2565512186182884,0.1307,-0.1259,14264598,1.143400682458214,0.8864921536744003,0.8222075634578471,,,1973.0,0.8293,18.9,80.0,0,0,0.25
Markelle Fultz,Markelle Fultz,ORL,2023,17000000,0.124981,0.1307,0.0057,17777944,-0.2747029366692569,0.2452753473403553,0.2022998731423394,,,1778.0,0.4512,21.3,76.0,4,0,0.25
Jonathan Isaac,Jonathan Isaac,ORL,2025,15000000,0.1062262761316639,0.1306,0.0244,18441764,1.1549422436654793,1.7118735972971169,0.6659852037827652,28.0,784.0,1090.0,0.672,16.2,82.0,6,1,0.25
Steven Adams,Steven Adams,,2024,12600000,0.0896235809599681,0.1306,0.041,18360792,0.8890674583970233,,,,,,,,83.0,5,1,0.25
DeMar DeRozan,DeMar DeRozan,,2021,26000000,0.2312879178749977,0.1304,-0.1009,14658785,-0.0755883165598611,0.9977680709225372,1.2373149291646124,,,2056.0,0.8431,26.1,78.0,2,0,0.25
Kelly Oubre Jr.,Kelly Oubre Jr.,PHI,2025,8382150,0.0593603053651351,0.1301,0.0707,18371160,-0.1873284285584056,-1.008017333406613,0.11280137684583957,30.0,900.0,2078.0,,18.9,80.0,6,1,0.25
Jonathan Isaac,Jonathan Isaac,,2022,17400000,0.1407140835388783,0.1301,-0.0106,16087515,1.069546235730259,,,,,,,,82.0,3,0,0.25
Dillon Brooks,Dillon Brooks,,2024,22255493,0.1583029348166273,0.1301,-0.0282,18290498,-0.007784241584090329,-1.0540159720134556,-0.10006319358608574,,,2227.0,,17.6,79.0,5,1,0.25
Malcolm Brogdon,Malcolm Brogdon,BOS,2022,22600000,0.182767,0.1296,-0.0532,16025688,0.24160245708355982,0.7164274141251478,0.40115645536693467,,,1206.0,0.5744,24.6,76.0,3,0,0.25
John Collins,John Collins,,2022,23500000,0.1900448829404391,0.1295,-0.0605,16013322,0.37384347728407424,0.7931783814906455,0.511383098381732,,,1663.0,0.6736,20.5,81.0,3,0,0.25
Norman Powell,Norman Powell,,2021,15517242,0.1380365612824025,0.1294,-0.0086,14546371,0.55899413301401,0.20206014413072573,0.7924341685692268,,,1277.0,0.6191,24.2,75.0,2,0,0.25
Buddy Hield,Buddy Hield,,2021,22477273,0.1999508335260732,0.1293,-0.0707,14535130,0.19396883016178323,0.2810235261787681,0.20268677374635216,,,2433.0,0.9329,20.7,76.0,2,0,0.25
Kevin Love,Kevin Love,,2020,31258256,0.2864051310243724,0.1292,-0.1572,14100888,0.0969229657838648,0.1920612636110532,0.21001712592371852,,,1780.0,0.5867,23.1,82.0,1,0,0.25
Caleb Martin,Caleb Martin,,2023,6802950,0.0500139684313451,0.1292,0.0792,17573913,0.8834428089605519,0.03188026678428359,0.06107788537609546,,,2077.0,0.7817,14.4,77.0,3,0,0.25
Tobias Harris,Tobias Harris,,2019,32742000,0.3,0.1289,-0.1711,14068145,0.3758030215072451,0.48746981213410967,0.8592491692354272,,,1903.0,0.6707,23.5,80.0,0,0,0.25
Andre Drummond,Andre Drummond,,2024,5000000,0.0355649130793524,0.1288,0.0933,18107734,0.6161125931853799,1.2712176543062266,0.6021925678281412,,,1351.0,0.8463,21.3,83.0,5,1,0.25
Terry Rozier,Terry Rozier,,2021,17905263,0.1592796537797783,0.1288,-0.0305,14478923,-0.11489873379010095,-0.0712746398817286,0.9781126932995139,,,2383.0,0.8759,24.4,73.0,2,0,0.25
Luguentz Dort,Luguentz Dort,OKC,2025,18222222,0.1290452523936321,0.1288,-0.0003,18187590,0.79777150685054,0.4432559877072925,0.6525319781131932,27.0,729.0,2073.0,,13.6,76.0,5,1,0.25
Ben Simmons,Ben Simmons,BRK,2022,35448672,0.286674,0.1287,-0.158,15914398,1.0350485782866465,,,,,,,,82.0,3,0,0.25
Kris Dunn,Kris Dunn,LAC,2025,5426400,0.0384284176533907,0.1287,0.0903,18173469,1.0512475136224324,0.6800452776027172,0.6579773313604009,32.0,1024.0,1783.0,0.7463,12.7,75.0,6,1,0.25
Domantas Sabonis,Domantas Sabonis,SAC,2026,45472000,0.2972026143790849,0.1286,-0.1686,19675800,-0.41659805080252454,0.874852404244847,-0.6447093408359499,30.0,900.0,564.0,0.572,23.0,82.0,7,1,0.3
Malik Beasley,Malik Beasley,DET,2024,6000000,0.042678,0.1286,0.0859,18079616,0.3375872205204379,-0.24842321958773897,0.2734276704249547,,,2337.0,,14.6,76.0,5,1,0.25
Ricky Rubio,Ricky Rubio,,2022,5853659,0.0473386357203509,0.1285,0.0812,15889667,0.5865790315196845,0.8059702093848952,0.6777564376821916,,,970.0,0.6367,24.9,74.0,3,0,0.25
Cameron Johnson,Cameron Johnson,,2023,25679348,0.1887895839613001,0.1285,-0.0603,17478698,1.0246800950129678,0.9150987946413581,0.8124425352628427,,,770.0,0.5402,21.1,80.0,3,0,0.25
Josh Giddey,Josh Giddey,,2024,8352367,0.0594102412723703,0.1285,0.0691,18065558,0.4211448323199205,0.044519599476158,0.4604635307850714,,,2011.0,0.8976,23.1,79.0,2,1,0.25
Wendell Carter Jr.,Wendell Carter Jr.,ORL,2025,10850000,0.0768370064019035,0.1282,0.0513,18102865,0.35418849499972827,0.11818615575069018,-0.17612266015306427,27.0,729.0,1758.0,,16.0,82.0,6,1,0.25
Patrick Beverley,Patrick Beverley,CHI,2022,506508,0.004096,0.1282,0.1241,15852571,1.1730392080610963,1.2984555833135052,0.7180580540344769,,,1476.0,0.6307,16.1,74.0,3,0,0.25
Immanuel Quickley,Immanuel Quickley,,2022,2316240,0.0187314706239133,0.1281,0.1094,15840205,0.8223130240510363,0.9530762301687657,0.6536443595227046,,,1802.0,0.8872,22.2,74.0,1,0,0.25
Brandon Clarke,Brandon Clarke,MEM,2026,12500000,0.0816993464052287,0.1281,0.0464,19599300,0.7457868879193511,-0.2861584881496226,0.21516911287213705,29.0,841.0,20.0,0.261,22.4,80.0,6,1,0.25
De'Anthony Melton,De'Anthony Melton,,2022,8250000,0.0667178844365371,0.1279,0.0612,15815474,0.6613239559808448,0.5181540817642787,1.0645830630122457,,,1657.0,0.802,21.3,74.0,3,0,0.25
Draymond Green,Draymond Green,,2022,25806468,0.2086973272411144,0.1277,-0.081,15790743,1.4547700771839314,1.4903330017272496,0.7273584270388503,,,1329.0,0.6304,14.3,78.0,3,0,0.25
Draymond Green,Draymond Green,,2021,24026712,0.2137341612254701,0.1276,-0.0861,14344026,1.345202477618806,1.429029619031076,1.0821674370242051,,,1982.0,0.7243,13.1,78.0,2,0,0.25
Bruce Brown,Bruce Brown,,2023,22000000,0.1617397313650098,0.1275,-0.0342,17342677,0.26199875032992287,-0.1518766081390004,0.15749998330345044,,,2280.0,0.9098,17.8,76.0,4,0,0.25
Steven Adams,Steven Adams,,2022,17926829,0.1449745582467348,0.1275,-0.0175,15766012,1.253533742096192,1.0362231114813882,0.387378124990085,,,1999.0,0.8506,12.0,83.0,3,0,0.25
Brandon Clarke,Brandon Clarke,MEM,2025,12500000,0.0885218967763866,0.1273,0.0388,17975778,1.201028790351278,0.3203414247531134,1.097769684796648,29.0,841.0,1207.0,0.5488,15.3,80.0,5,1,0.25
Terry Rozier,Terry Rozier,,2024,24924126,0.1772848749537656,0.1272,-0.0501,17882793,-0.13590591300996369,0.23981481218542267,0.5594995997024623,,,1065.0,0.5915,27.8,73.0,5,1,0.25
Ben Simmons,Ben Simmons,PHI,2020,30559200,0.28,0.1272,-0.1528,13882608,0.6681126846864175,1.3245034611476831,1.3004294383080788,,,2017.0,0.8561,20.9,82.0,1,0,0.25
Derrick Jones Jr.,Derrick Jones Jr.,LAC,2025,10000000,0.0708175174211092,0.1272,0.0564,17961657,0.6940767768074931,-0.08449358663635421,0.6406803269280941,29.0,841.0,1873.0,0.9037,16.5,78.0,6,1,0.25
Jonathan Isaac,Jonathan Isaac,,2021,17400000,0.1547849911932677,0.127,-0.0278,14276578,1.1767292609177784,,,,,,,,82.0,2,0,0.25
Jalen Duren,Jalen Duren,DET,2025,6483144,0.045912016316356,0.127,0.0811,17933416,0.7401633234932918,1.3853623174058003,0.7640015622325041,22.0,484.0,2034.0,,16.4,82.0,2,1,0.25
Herbert Jones,Herbert Jones,,2024,12976362,0.0923006373232423,0.1269,0.0346,17840617,1.2790029801279421,0.5327576312493196,0.9492544515709043,,,2321.0,0.8951,14.1,79.0,2,1,0.25
Larry Nance Jr.,Larry Nance Jr.,,2023,10375000,0.0762749869505444,0.1268,0.0505,17247462,1.4653404274965047,0.7135589963384015,0.5918542451931862,,,1381.0,0.6171,11.9,78.0,4,0,0.25
Robert Covington,Robert Covington,LAC,2022,12307692,0.099533,0.1266,0.027,15654722,1.477768515479673,0.6652601025481494,-0.1330983049954109,,,1431.0,0.6821,12.4,79.0,3,0,0.25
Caris LeVert,Caris LeVert,,2021,17500000,0.1556745601081715,0.1266,-0.029,14231612,-0.0924356382299639,-0.6969075899546796,0.7681339589568739,,,1152.0,0.4985,27.9,79.0,2,0,0.25
Montrezl Harrell,Montrezl Harrell,PHI,2022,2463490,0.019922,0.1264,0.1064,15629992,0.9660532633994215,1.2728719275250062,1.0039584093541074,,,1117.0,0.7079,20.8,79.0,3,0,0.25
Chet Holmgren,Chet Holmgren,OKC,2025,13731368,0.0972421392555662,0.1264,0.0291,17848691,1.1722246986726539,1.4381292860022559,0.678157169864759,24.0,576.0,877.0,,22.0,85.0,2,1,0.25
Derrick White,Derrick White,,2022,16892857,0.1366128098338118,0.1263,-0.0103,15617626,0.5233333262063949,0.6588641886010246,0.8630749812508195,,,1486.0,0.6194,20.7,76.0,3,0,0.25
LaMelo Ball,LaMelo Ball,,2021,8231760,0.0732271781094881,0.1262,0.053,14186646,0.2669738907322286,0.18383782519656208,0.3220070337659829,,,1469.0,0.622,26.1,79.0,0,0,0.25
Damian Lillard,Damian Lillard,POR,2026,13398800,0.0875738562091503,0.1261,0.0385,19293300,-0.22492819388561952,,,35.0,1225.0,,,,74.0,7,1,0.3
Josh Okogie,Josh Okogie,,2023,2815937,0.020702222450945,0.1261,0.1054,17152248,0.9568861977078083,0.4468151456433119,0.3048620574943137,,,1350.0,0.7622,17.7,76.0,4,0,0.25
Serge Ibaka,Serge Ibaka,TOR,2019,23271604,0.213227,0.1258,-0.0875,13729812,0.3917946394437236,0.6897909993939753,-0.028402401943674195,,,2010.0,0.9024,22.9,83.0,0,0,0.25
Brandin Podziemski,Brandin Podziemski,GSW,2026,5679459,0.0371206470588235,0.1256,0.0885,19216800,0.3748129713059866,0.26445479623987445,0.3160212241161996,23.0,529.0,2333.0,0.9146,20.1,76.0,2,1,0.25
Al Horford,Al Horford,GSW,2025,5685000,0.0402597586539006,0.1256,0.0853,17735724,0.2850586749710303,0.8161249494128603,0.31684196616768184,40.0,1600.0,1659.0,0.7573,13.8,80.0,6,1,0.25
Paul Millsap,Paul Millsap,PHI,2021,2641691,0.0235,0.1256,0.1021,14119198,1.3395867037287716,0.9856198582997614,0.727322068454076,,,1162.0,0.7247,18.6,79.0,2,0,0.25
DeMar DeRozan,DeMar DeRozan,,2020,27739975,0.2541687282389591,0.1255,-0.1287,13697070,-0.18584422179165636,0.4529380002163502,0.9814984667967319,,,2316.0,0.9424,26.3,78.0,1,0,0.25
Moritz Wagner,Moritz Wagner,,2024,11000000,0.0782428087745753,0.1255,0.0473,17643794,0.28745265344074833,0.4290070494975228,0.5223247703141163,,,1415.0,0.85,22.8,83.0,5,1,0.25
Marcus Morris,Marcus Morris,LAC,2022,16372093,0.132401,0.1254,-0.007,15506337,,,-0.4889236869775533,,,1564.0,0.6572,23.2,80.0,3,0,0.25
Trey Murphy III,Trey Murphy III,,2023,3359280,0.0246967747627204,0.1254,0.1007,17057033,0.7252570485818464,-0.1755871726452306,0.6771332233128987,,,2448.0,0.8857,16.6,80.0,1,0,0.25
Cade Cunningham,Cade Cunningham,,2022,10552800,0.0853406655614411,0.1253,0.04,15493971,-0.37360576732752915,-1.2471181676421685,-0.260203402721849,,,2088.0,0.7805,27.5,78.0,0,0,0.25
OG Anunoby,OG Anunoby,TOR,2021,16071429,0.142966,0.1253,-0.0177,14085474,0.9914087225466477,-0.26564604184614055,0.8192267073725905,,,1433.0,0.7131,19.3,79.0,2,0,0.25
Dyson Daniels,Dyson Daniels,ATL,2025,7707709,0.054584081638434,0.1252,0.0706,17679241,0.35418849499972827,0.8271152110031316,1.2736225631917681,23.0,529.0,2571.0,0.8305,18.2,79.0,2,1,0.25
Alex Caruso,Alex Caruso,OKC,2025,18102000,0.128193870035692,0.125,-0.0032,17651000,1.563960345501942,1.394133054098743,1.9084866888368095,32.0,1024.0,1041.0,0.7524,15.2,77.0,6,1,0.25
Clint Capela,Clint Capela,,2019,14896552,0.1364903060289536,0.125,-0.0115,13642500,0.7809240092313674,1.1506337037081138,0.8996581937200601,,,2249.0,0.8171,18.2,82.0,0,0,0.25
Christian Braun,Christian Braun,DEN,2025,4921797,0.0348549444790663,0.1249,0.09,17636879,0.8035323251862648,0.2636307583885171,1.094886850724597,25.0,625.0,2675.0,0.9671,15.8,78.0,2,1,0.25
Danny Green,Danny Green,PHI,2021,10000000,0.088957,0.1248,0.0358,14029267,1.4238233120792858,0.17168961257378634,0.7488184077265421,,,1934.0,0.8992,14.0,78.0,2,0,0.25
Naz Reid,Naz Reid,,2024,13986432,0.0994852476740546,0.1248,0.0253,17545382,-0.31973265896882547,-0.04092205608414525,0.5153544898038014,,,1964.0,,23.1,81.0,4,1,0.25
Day'Ron Sharpe,Day'Ron Sharpe,BRK,2026,6250000,0.0408496732026143,0.1247,0.0839,19079100,0.8076158740215786,0.29646073882229523,0.597493492779942,24.0,576.0,1160.0,,19.9,82.0,4,1,0.25
Monte Morris,Monte Morris,,2022,9125000,0.0737940236949577,0.1247,0.0509,15419778,0.4715868400409762,0.7292192420193974,0.6663893151212906,,,2239.0,0.832,17.4,74.0,3,0,0.25
Josh Giddey,Josh Giddey,,2023,6587040,0.048426640004117,0.1246,0.0761,16948216,-0.393342256953286,-0.027396144481291906,0.0626697596343301,,,2367.0,0.8262,24.6,79.0,1,0,0.25
Jeremy Lamb,Jeremy Lamb,IND,2019,10500000,0.096207,0.1246,0.0284,13598844,0.5836940546814657,0.8640120217566374,1.1225813121269512,,,2250.0,0.9634,22.5,77.0,0,0,0.25
Andrew Wiggins,Andrew Wiggins,,2020,29542010,0.2706799523547737,0.1246,-0.1461,13598844,-0.10666940927051043,0.1446291296828174,-0.015282734685214626,,,1455.0,0.6984,28.0,78.0,1,0,0.25
Jae Crowder,Jae Crowder,MIL,2022,10183800,0.082357,0.1246,0.0422,15407413,0.9890517016951632,0.8251579512262696,0.7562929208302347,,,1886.0,0.753,14.6,78.0,3,0,0.25
D'Angelo Russell,D'Angelo Russell,,2020,28649250,0.2625,0.1243,-0.1382,13566102,-0.27632972181582305,0.1683451966469353,-0.13459737948099879,,,1060.0,0.6569,32.2,75.0,1,0,0.25
Dillon Brooks,Dillon Brooks,,2020,11400000,0.1044529961517317,0.1243,0.0199,13566102,-0.42902400310660455,-0.4304854941970418,-0.20774668487350956,,,2112.0,0.716,25.2,79.0,1,0,0.25
Clint Capela,Clint Capela,,2023,20616000,0.1515648319009564,0.1242,-0.0274,16893808,0.7704529801186194,1.3893100847659619,0.4167480767873765,,,1730.0,0.8207,15.7,82.0,4,0,0.25
Steven Adams,Steven Adams,HOU,2026,13000000,0.0849673202614379,0.1241,0.0391,18987300,0.9250909476158107,-0.47673522630545717,0.13013005042940837,32.0,1024.0,730.0,,12.1,83.0,7,1,0.3
Jonathan Kuminga,Jonathan Kuminga,ATL,2025,23799569,0.1685426392272392,0.1241,-0.0445,17523912,-0.05482960683673452,0.2251583101729505,-0.12134881278409246,23.0,529.0,1144.0,,27.4,79.0,3,1,0.25
Anthony Black,Anthony Black,ORL,2026,10106316,0.0660543529411764,0.1241,0.0581,18987300,0.22642340466064073,0.2886271178955214,-0.012890190951544383,22.0,484.0,1910.0,0.8439,22.2,79.0,2,1,0.25
Josh Hart,Josh Hart,,2023,12960000,0.095279405385933,0.124,0.0287,16866604,0.9060407747289385,0.43495986339019677,0.31759705156019075,,,1704.0,0.5756,12.6,77.0,4,0,0.25
T.J. McConnell,T.J. McConnell,IND,2026,11000000,0.0718954248366013,0.124,0.0521,18972000,-0.262025585546956,0.45528093626442984,1.0592345177788902,34.0,1156.0,963.0,0.8037,23.2,73.0,7,1,0.3
Tari Eason,Tari Eason,HOU,2025,5675766,0.0401943657583139,0.1238,0.0836,17481550,1.0858124236367814,1.1219791770173746,1.4930382675645497,25.0,625.0,1420.0,0.628,19.4,80.0,2,1,0.25
Mike Conley,Mike Conley,,2024,9975962,0.0709588442825845,0.1236,0.0526,17376676,0.49913193666610434,1.0087897122281522,0.9199211877566623,,,2193.0,0.7963,16.0,73.0,5,1,0.25
Joe Ingles,Joe Ingles,,2019,11207387,0.102688171156313,0.1236,0.0209,13489704,0.8555515596016006,1.1506337037081138,1.0629780010121177,,,2568.0,1.0,17.5,80.0,0,0,0.25
Jerami Grant,Jerami Grant,,2024,29793104,0.2119178308248214,0.1235,-0.0884,17362618,-0.8043668074058247,-0.9929862180418104,-0.08060449382812332,,,1830.0,0.6744,25.7,79.0,5,1,0.25
Reggie Jackson,Reggie Jackson,LAC,2021,10384500,0.092377,0.1232,0.0308,13849404,0.7555462191652089,0.7973225626467373,0.7232720335186839,,,1544.0,0.6669,19.9,74.0,2,0,0.25
Evan Fournier,Evan Fournier,BOS,2020,17450000,0.159886,0.1232,-0.0366,13446048,0.22699587206860455,0.5003701341445861,0.5933194861804748,,,2076.0,0.9433,23.9,78.0,1,0,0.25
Lauri Markkanen,Lauri Markkanen,,2022,16475454,0.1332372649710889,0.1232,-0.0101,15234296,0.16110792304846405,0.6013009630769012,0.8654861890667682,,,1878.0,0.6974,19.5,85.0,3,0,0.25
Jalen Smith,Jalen Smith,CHI,2026,9428571,0.0616246470588235,0.1231,0.0614,18834300,0.7581526851397966,0.6917452890218009,-0.0413536787939453,26.0,676.0,1095.0,0.7061,19.0,80.0,5,1,0.25
Jalen Brunson,Jalen Brunson,,2021,1802057,0.0160305389008486,0.1228,0.1068,13804439,0.7555462191652089,0.572580629125386,0.4790237727996484,,,1697.0,0.8302,20.2,74.0,2,0,0.25
Steven Adams,Steven Adams,HOU,2025,14130434,0.1000682255962834,0.1228,0.0227,17340342,1.402657432101647,-0.1432121826668443,-0.11013779139278243,32.0,1024.0,794.0,,13.6,83.0,6,1,0.25
Bobby Portis,Bobby Portis,,2024,12578286,0.0894691296554471,0.1227,0.0332,17250147,-0.25845707698253817,0.11775530424213226,0.2681999600422185,,,2008.0,0.9317,22.9,81.0,5,1,0.25
Gordon Hayward,Gordon Hayward,CHO,2022,30075000,0.243217,0.1226,-0.1206,15160103,0.1841063613442057,0.2175461262494127,0.2919631871304011,,,1564.0,0.6042,20.7,79.0,3,0,0.25
Kyle Anderson,Kyle Anderson,,2023,9219512,0.0677800633725674,0.1223,0.0545,16635368,0.7704529801186194,0.5950061738072506,0.5820755890354593,,,1957.0,0.8415,14.4,80.0,4,0,0.25
Chris Boucher,Chris Boucher,,2022,12690000,0.1026242367878371,0.122,0.0194,15085910,0.8855587293643259,0.7228233280722726,0.8520523169493398,,,1690.0,0.8795,17.8,80.0,3,0,0.25
Jerami Grant,Jerami Grant,,2022,20955000,0.1694634264688043,0.1219,-0.0476,15073544,-0.33335850030998126,0.3902358028217825,0.01501874655572296,,,1500.0,0.6814,25.7,79.0,3,0,0.25
Danny Green,Danny Green,LAL,2019,14634146,0.134086,0.1219,-0.0122,13304166,1.6498019171133667,0.7459913291883825,1.3946687436568124,,,2216.0,0.9756,14.1,78.0,0,0,0.25
P.J. Washington,P.J. Washington,,2024,15500000,0.1102512305459925,0.1216,0.0114,17095500,0.34872823542703557,0.03841662407899351,-0.5728805548691137,,,1286.0,,21.2,79.0,4,1,0.25
Hassan Whiteside,Hassan Whiteside,SAC,2020,1620564,0.014848,0.1216,0.1068,13271424,0.6907340596924593,1.632812331681216,0.9928772476355668,,,2008.0,0.9109,19.6,84.0,1,0,0.25
Cole Anthony,Cole Anthony,PHO,2025,2296274,0.016261642399864,0.1215,0.1052,17156772,0.33690603999255375,0.09709361415519335,-0.3881711218972708,26.0,676.0,1234.0,0.8512,24.6,74.0,4,1,0.25
Dylan Harper,Dylan Harper,SAS,2026,12989040,0.0848956862745098,0.1214,0.0365,18574200,1.017834426769152,0.6258705936917315,1.0230402060780595,20.0,400.0,1558.0,0.8415,21.8,77.0,0,1,0.25
Malik Monk,Malik Monk,,2024,17405203,0.1238029063646968,0.1213,-0.0025,17053324,-0.4645658527545954,0.5815814344266358,0.25629239750376387,,,1872.0,0.9061,25.9,75.0,5,1,0.25
Thaddeus Young,Thaddeus Young,TOR,2021,14190000,0.12623,0.1213,-0.0049,13635818,0.6207676458043868,1.0706573466591918,1.4058586907067019,,,1652.0,0.8789,22.3,80.0,2,0,0.25
Zach LaVine,Zach LaVine,SAC,2026,48967380,0.3200482352941176,0.1213,-0.1987,18558900,-1.3996789298279408,-0.6139905951408351,-0.5768889315324515,31.0,961.0,1224.0,0.4524,23.7,77.0,7,1,0.3
Derrick White,Derrick White,,2020,3516284,0.0322181051859996,0.1212,0.089,13227768,1.1827489660738661,0.7375308037857651,0.7168605352878263,,,1677.0,0.8967,18.9,76.0,1,0,0.25
Immanuel Quickley,Immanuel Quickley,,2024,32500000,0.2311719350157908,0.1212,-0.1099,17039265,0.49913193666610434,0.6853320161784326,0.061995828278735836,,,1265.0,0.7183,23.5,74.0,3,1,0.25
Dyson Daniels,Dyson Daniels,ATL,2026,25000000,0.1633986928104575,0.1211,-0.0423,18528300,0.49847094351044147,1.176291090851848,1.362142252595552,23.0,529.0,2520.0,0.8902,16.0,79.0,3,1,0.25
Bradley Beal,Bradley Beal,PHO,2025,19383010,0.1372656648348535,0.1209,-0.0164,17072047,-0.5214558920304456,-0.4050299331472618,-0.05824677809586182,32.0,1024.0,1702.0,0.639,22.1,76.0,6,1,0.25
Andre Drummond,Andre Drummond,,2023,3360000,0.0247020680630196,0.1206,0.0959,16404132,0.5840197625294307,1.229263774348908,0.22299423849938965,,,849.0,0.6488,21.0,83.0,4,0,0.25
Evan Fournier,Evan Fournier,NYK,2022,18000000,0.145566,0.1206,-0.025,14912793,-0.3966042056232708,-0.6075267729296875,0.2606174855230681,,,2358.0,0.7663,20.8,78.0,3,0,0.25
Caris LeVert,Caris LeVert,,2023,15384616,0.1131047117724469,0.1206,0.0075,16404132,-0.34814632541651297,0.3460452464918336,0.290535189170202,,,2237.0,0.6793,18.7,79.0,4,0,0.25
Zion Williamson,Zion Williamson,,2022,13534817,0.1094562856334155,0.1204,0.0109,14888062,1.0925446740260005,,,,,,,,78.0,2,0,0.25
Ivica Zubac,Ivica Zubac,,2024,11743210,0.0835292485845164,0.1204,0.0369,16926795,0.6161125931853799,0.7402587947529132,,,,,,,84.0,5,1,0.25
T.J. McConnell,T.J. McConnell,IND,2025,10200000,0.0722338677695314,0.1203,0.0481,16987322,0.060386759877762035,0.5342260951485216,0.4795619337901244,34.0,1156.0,1415.0,0.9244,23.4,73.0,6,1,0.25
Mike Conley,Mike Conley,,2020,34504132,0.3161456111416529,0.1202,-0.196,13118628,0.6285252784258446,0.30471258169061327,0.006824610944521976,,,1363.0,0.7281,23.1,73.0,1,0,0.25
Andrew Nembhard,Andrew Nembhard,IND,2026,19550160,0.1277788235294117,0.1202,-0.0076,18390600,-0.10127022168116467,0.14964549789567347,-0.32036613986636914,26.0,676.0,1786.0,0.7512,23.6,76.0,3,1,0.25
Buddy Hield,Buddy Hield,ATL,2025,9219512,0.0652902951674126,0.1202,0.0549,16973201,-0.18156761022268075,-0.013253555224564265,-0.08547354433190041,33.0,1089.0,1863.0,0.8854,20.5,76.0,6,1,0.25
Andrew Wiggins,Andrew Wiggins,MIA,2025,28223215,0.1998698019942213,0.1201,-0.0797,16959080,-0.2910231586014524,0.21884384358272868,0.3869909285875931,31.0,961.0,1296.0,0.6122,23.5,78.0,6,1,0.25
Domantas Sabonis,Domantas Sabonis,,2019,3529555,0.0323397013010811,0.12,0.0876,13096800,0.4610916505017972,1.1787338686053175,0.535303489616954,,,1838.0,0.9024,23.5,82.0,0,0,0.25
Kevon Looney,Kevon Looney,,2022,8000000,0.0646961303627026,0.1197,0.055,14801503,1.1960376463568378,0.9274925743802664,0.15555771639958949,,,1732.0,0.7787,12.2,81.0,3,0,0.25
Cameron Johnson,Cameron Johnson,DEN,2026,23062500,0.150735294117647,0.1195,-0.0312,18283500,0.49847094351044147,-0.01934435947946818,0.4052770995726173,30.0,900.0,1647.0,,15.1,80.0,6,1,0.25
Toumani Camara,Toumani Camara,POR,2026,18080358,0.1181722745098039,0.1195,0.0013,18283500,0.3809958699162093,0.002731350986336666,0.16562155996129102,26.0,676.0,2731.0,0.9561,16.3,79.0,2,1,0.25
Jarred Vanderbilt,Jarred Vanderbilt,LAL,2026,12428571,0.0812324901960784,0.1195,0.0382,18283500,0.4180932615775458,-0.33367966834806495,-0.3555062483137777,27.0,729.0,1128.0,,12.4,80.0,7,1,0.3
Scottie Barnes,Scottie Barnes,,2022,7644600,0.0618220047713396,0.1194,0.0576,14764407,0.25885128580536604,0.4286112865045314,0.34879879993490603,,,2617.0,0.9024,19.0,80.0,0,0,0.25
Wendell Carter Jr.,Wendell Carter Jr.,,2024,11950000,0.0850001422596523,0.1193,0.0343,16772148,0.5492665037457939,0.7524647455472423,0.09946108602167847,,,1406.0,,17.2,82.0,5,1,0.25
Kelly Oubre Jr.,Kelly Oubre Jr.,,2022,12600000,0.1018964053212567,0.1193,0.0174,14752041,-0.316109671588175,0.07683601941266692,0.2588951942259619,,,1999.0,0.8202,23.0,80.0,3,0,0.25
Onyeka Okongwu,Onyeka Okongwu,,2023,8109063,0.0596162577837245,0.1193,0.0597,16227305,0.9173397576131318,0.274913552973143,0.31282142878548685,,,1849.0,0.7854,15.1,82.0,2,0,0.25
Draymond Green,Draymond Green,,2020,22246956,0.2038387025838372,0.1191,-0.0848,12998574,1.516414247412981,0.4529380002163502,0.15279811370557675,,,1222.0,0.6751,15.7,78.0,1,0,0.25
Brice Sensabaugh,Brice Sensabaugh,UTA,2026,4862237,0.0317793267973856,0.119,0.0872,18207000,-0.286757179987847,-1.178314984271586,-0.9198563899791589,22.0,484.0,1762.0,0.7951,24.9,78.0,2,1,0.25
Jalen Smith,Jalen Smith,CHI,2025,9000000,0.0637357656789983,0.1189,0.0552,16789631,0.79777150685054,1.4574141160410756,-0.16459132386485967,26.0,676.0,962.0,0.7793,21.0,80.0,4,1,0.25
Lonzo Ball,Lonzo Ball,,2024,21395348,0.1521847383844994,0.1189,-0.0332,16715913,0.721952234798058,,,,,,,,77.0,5,1,0.25
Malik Monk,Malik Monk,,2022,9472219,0.0766019894060086,0.1188,0.0422,14690214,-0.022879583317469088,-0.5947349450354379,0.5589183381818633,,,2139.0,0.7699,20.1,75.0,3,0,0.25
Trey Murphy III,Trey Murphy III,,2024,5159854,0.0367019518024297,0.1186,0.0819,16673736,1.006048114916299,0.9172450812706844,1.225161388437536,,,1690.0,0.7878,18.6,80.0,2,1,0.25
John Collins,John Collins,,2024,26580000,0.1890630779298375,0.1185,-0.0705,16659678,-0.34201468878202085,0.4412130002918518,0.04369884193915919,,,1901.0,,20.4,81.0,5,1,0.25
Alec Burks,Alec Burks,NYK,2021,9536000,0.084829,0.1185,0.0337,13321059,0.5983045502442498,0.092726230525744,0.8376076351562934,,,1255.0,0.5817,21.3,77.0,2,0,0.25
Serge Ibaka,Serge Ibaka,MIL,2021,9720900,0.086474,0.1184,0.0319,13309817,0.907172114196134,1.2528805360008277,0.16218642439243047,,,955.0,0.6597,20.1,83.0,2,0,0.25
Zach LaVine,Zach LaVine,,2024,44531940,0.3167549150709876,0.1182,-0.1986,16617501,0.18161301182807033,0.11165232884496773,0.04863612396729892,,,872.0,0.5976,23.8,77.0,5,1,0.25
Willie Cauley-Stein,Willie Cauley-Stein,DAL,2019,2177483,0.019951,0.1181,0.0981,12889434,0.850221020289441,1.0269929781604181,0.33662578590084247,,,2213.0,0.9878,17.5,84.0,0,0,0.25
Spencer Dinwiddie,Spencer Dinwiddie,DAL,2024,2087519,0.014848,0.1181,0.1032,16603442,0.2317475789077599,0.06282852566765158,0.04253712852077337,,,1474.0,0.5939,18.6,77.0,5,1,0.25
Kyle Kuzma,Kyle Kuzma,,2019,1974600,0.0180923584387025,0.1179,0.0998,12867606,-0.20522576351814098,0.05472727271717481,0.02783349046410652,,,2314.0,0.8537,23.8,80.0,0,0,0.25
Malik Beasley,Malik Beasley,LAL,2022,15558035,0.125818,0.1178,-0.008,14566559,0.028866902847949606,-0.5179839776699402,0.02638586911662394,,,1976.0,0.731,19.4,76.0,3,0,0.25
Jamal Murray,Jamal Murray,,2022,31650600,0.2559589179572197,0.1177,-0.1382,14554193,0.8855587293643259,,,,,,,,76.0,3,0,0.25
Draymond Green,Draymond Green,,2019,18539130,0.169865585486531,0.1176,-0.0522,12834864,1.50587735568506,0.7684714611061453,1.033681458260759,,,2065.0,0.8049,13.1,78.0,0,0,0.25
Jarred Vanderbilt,Jarred Vanderbilt,,2024,10714286,0.0762105300594645,0.1176,0.0414,16533148,0.6383946229985753,-0.5352630632544714,,,,,,,80.0,5,1,0.25
Duncan Robinson,Duncan Robinson,,2020,1663861,0.0152451988271944,0.1174,0.1022,12813036,0.6511466534318863,0.7138147368216471,0.8182942387654412,,,2166.0,0.7023,16.0,79.0,1,0,0.25
Andrew Wiggins,Andrew Wiggins,,2019,27504630,0.2520123694337548,0.1174,-0.1346,12813036,-0.49840542568691376,-0.8163778390961356,-0.4341763561435289,,,2543.0,0.8902,24.4,78.0,0,0,0.25
Chris Boucher,Chris Boucher,,2023,11750000,0.0863837201608575,0.1173,0.0309,15955263,0.6461641683924935,0.8676776656288979,0.19752425036763552,,,1523.0,0.9024,18.0,80.0,4,0,0.25
Evan Fournier,Evan Fournier,ORL,2019,17000000,0.155763,0.1173,-0.0385,12802122,0.045309584153355786,0.24018836103871832,0.33662578590084247,,,2553.0,0.9878,22.1,78.0,0,0,0.25
Dejounte Murray,Dejounte Murray,NOP,2025,30801103,0.2181257648291881,0.1172,-0.101,16549577,-0.5329775287018953,0.28505639790039655,-0.21808391164625318,29.0,841.0,1012.0,0.6549,27.3,76.0,6,1,0.25
Jakob Poeltl,Jakob Poeltl,,2021,8750000,0.0778372800540857,0.1172,0.0394,13174920,1.193576582587881,0.766952031089798,0.36094967737552297,,,1845.0,0.8835,13.4,84.0,2,0,0.25
Norman Powell,Norman Powell,,2022,16758621,0.1355272411143908,0.1172,-0.0184,14492366,0.011618074126143374,-0.5051921497756906,0.0942441462226085,,,1333.0,0.542,22.5,75.0,3,0,0.25
Guerschon Yabusele,Guerschon Yabusele,CHI,2025,5500000,0.0389496345816101,0.1171,0.0782,16535456,-0.008743060150935898,-1.0046852609484722,-0.35005364916681675,30.0,900.0,1895.0,0.721,16.3,79.0,6,1,0.25
T.J. McConnell,T.J. McConnell,,2023,8700000,0.0639607119488902,0.1171,0.0532,15928059,0.38628756205604864,-0.13409368475932773,0.21344299294998187,,,1526.0,0.7244,19.1,73.0,4,0,0.25
Terrence Ross,Terrence Ross,ORL,2019,12500000,0.114532,0.1168,0.0023,12747552,0.2745227745762145,-0.06329341985108015,0.7083888111594646,,,2150.0,0.9878,23.9,78.0,0,0,0.25
Keyonte George,Keyonte George,UTA,2026,6563925,0.0429014705882352,0.1167,0.0738,17855100,-0.6329995021603206,-0.6513292463696257,-0.1991327657228097,22.0,484.0,1786.0,0.7573,27.9,76.0,2,1,0.25
Kon Knueppel,Kon Knueppel,CHO,2026,10516560,0.0687356862745098,0.1166,0.0478,17839800,0.04711934496418116,0.5658517700911044,0.9341357317061159,20.0,400.0,2551.0,0.9878,22.3,78.0,0,1,0.25
Devin Vassell,Devin Vassell,,2024,29347826,0.2087505761515919,0.1165,-0.0922,16378502,-0.5369824496474803,-0.41320355531118097,0.46191567255805366,,,2248.0,0.7268,23.5,77.0,3,1,0.25
Norman Powell,Norman Powell,,2023,18000000,0.1323325074804625,0.1165,-0.0158,15846446,-0.7097137777106972,-0.7090748740354098,0.2771179632793672,,,1567.0,0.6146,26.0,75.0,4,0,0.25
Al Horford,Al Horford,GSW,2026,5969250,0.0390147058823529,0.1165,0.0775,17824500,-0.670096893821657,0.7199700415650301,-0.3593716602429926,40.0,1600.0,969.0,0.6524,16.5,80.0,7,1,0.3
Goga Bitadze,Goga Bitadze,ORL,2025,8333333,0.0590145954903404,0.1164,0.0573,16436611,0.9129878735650365,1.390021314928642,0.725243459708261,26.0,676.0,1430.0,0.6951,14.3,83.0,5,1,0.25
Mitchell Robinson,Mitchell Robinson,,2022,17045454,0.1378468642594315,0.1164,-0.0214,14393442,1.069546235730259,1.2984555833135052,0.7704157094665055,,,1848.0,0.7219,11.4,84.0,3,0,0.25
Cameron Payne,Cameron Payne,,2022,6000000,0.048522097772027,0.1161,0.0676,14356345,-0.17811904181372518,8.505204716921521e-05,-0.1754666709042236,,,1278.0,0.5954,24.6,74.0,3,0,0.25
Keldon Johnson,Keldon Johnson,SAS,2026,17500000,0.1143790849673202,0.1161,0.0017,17763300,-0.1198189175118329,0.41322905042443536,0.6491494521976324,26.0,676.0,1911.0,0.95,21.0,78.0,6,1,0.25
Donte DiVincenzo,Donte DiVincenzo,MIN,2025,11990000,0.08491020338791,0.116,0.0311,16380128,0.31962358498537924,0.6909908839227809,0.8780336655269717,29.0,841.0,1606.0,0.85,19.4,76.0,6,1,0.25
Joe Ingles,Joe Ingles,,2021,12436364,0.1106300282882915,0.1159,0.0053,13028782,1.0194875919968192,1.1739171539527855,1.3233002862544772,,,1867.0,0.9085,16.6,80.0,2,0,0.25
Kelly Olynyk,Kelly Olynyk,,2023,12195122,0.0896561707383418,0.1158,0.0262,15751231,0.5049268823400778,0.10301196030297415,,,,,,,84.0,4,0,0.25
Royce O'Neale,Royce O'Neale,PHO,2026,10875000,0.071078431372549,0.1158,0.0447,17717400,-0.74429167714433,-0.8304714933204687,-0.26168215875919687,33.0,1089.0,2213.0,0.8695,14.3,78.0,7,1,0.3
Jordan Poole,Jordan Poole,,2024,29651786,0.2109126383475118,0.1156,-0.0953,16251972,-1.0271871055377784,-1.2737230863113782,-0.6559430642836998,,,2346.0,0.961,26.4,76.0,4,1,0.25
Derrick Rose,Derrick Rose,NYK,2021,13445120,0.119604,0.1154,-0.0042,12972575,0.5028363941136674,0.2324306756876651,1.1622335122854193,,,937.0,0.5461,24.3,75.0,2,0,0.25
Nic Claxton,nic claxton,BRK,2026,23147727,0.1512923333333333,0.1152,-0.036,17625600,,-0.9475972998878424,-0.4170014380967426,27.0,729.0,1920.0,0.85,17.7,83.0,6,1,0.25
Clint Capela,Clint Capela,HOU,2026,7035000,0.0459803921568627,0.1151,0.0691,17610300,0.5850315240535598,0.2013893754174049,0.3413221021983337,32.0,1024.0,926.0,0.8366,13.7,82.0,7,1,0.3
Stephon Castle,Stephon Castle,SAS,2025,9560520,0.0677052291654863,0.1151,0.0474,16253040,-0.23917579357992902,-0.9600190367361477,-0.46985142060538665,21.0,441.0,2162.0,0.9878,26.0,78.0,0,1,0.25
Keegan Murray,Keegan Murray,,2024,8809560,0.062662247133468,0.115,0.0524,16167620,0.42671533977321935,0.8501123519018747,0.6579548119106604,,,2588.0,0.9527,18.1,80.0,1,1,0.25
Paul Reed,Paul Reed,DET,2026,5602689,0.0366188823529411,0.115,0.0784,17595000,0.96837123788737,1.5221034478384963,1.8994345107564283,27.0,729.0,901.0,0.761,20.6,81.0,5,1,0.25
Michael Carter-Williams,Michael Carter-Williams,ORL,2021,3300000,0.029356,0.115,0.0856,12927610,0.5814572285741471,-0.5329067195472069,-0.5443889012590644,,,800.0,0.4058,20.2,78.0,2,0,0.25
Michael Porter Jr.,Michael Porter Jr.,,2022,30913750,0.25,0.1149,-0.1351,14207959,0.9660532633994215,-0.006310861899955581,-0.4045314134193493,,,265.0,0.4308,19.7,82.0,3,0,0.25
Jordan Clarkson,Jordan Clarkson,,2019,13437500,0.1231216785779732,0.1148,-0.0083,12529272,-0.3651419428829261,-1.4964018296084618,0.13458066347767828,,,2214.0,0.9878,27.6,77.0,0,0,0.25
Myles Turner,Myles Turner,,2022,35069500,0.2836076179693502,0.1147,-0.1689,14183228,0.6440751272590386,1.8549000967133635,0.1665803807010692,,,1235.0,0.6003,17.1,83.0,3,0,0.25
Kenrich Williams,Kenrich Williams,OKC,2026,7163000,0.0468169934640522,0.1147,0.0679,17549100,-0.020892539748269014,-0.1639687815937995,-0.07473678181898341,31.0,961.0,855.0,0.7622,18.3,79.0,7,1,0.3
Lonzo Ball,Lonzo Ball,,2021,18604651,0.1655011920223459,0.1147,-0.0508,12893885,0.24451079517209157,0.9552493267428221,0.48525459577717484,,,1747.0,0.7125,20.5,77.0,2,0,0.25
Alex Sarr,alex sarr,WAS,2026,12370680,0.0808541176470588,0.1146,0.0337,17533800,,-0.20789076997775321,-0.47146860619022585,21.0,441.0,1305.0,0.6723,25.7,84.0,1,1,0.25
Myles Turner,Myles Turner,,2021,17500000,0.1556745601081715,0.1145,-0.0412,12871403,0.8453986014057571,1.3014733864919308,-0.0409384046749305,,,1455.0,0.7254,16.4,83.0,2,0,0.25
Rui Hachimura,Rui Hachimura,LAL,2025,18259259,0.1293075392329046,0.1144,-0.0149,16154195,0.23897212828523173,-0.30606125022957836,0.2723181954993364,28.0,784.0,1869.0,0.6817,15.8,80.0,5,1,0.25
Kevin Knox,Kevin Knox,NYK,2019,4380120,0.040133,0.1142,0.0741,12463788,,,-1.5289241778063734,,,2158.0,0.9146,22.3,80.0,0,0,0.25
Evan Mobley,Evan Mobley,,2024,11227657,0.0798621290579565,0.1141,0.0343,16041090,0.6439651304518743,1.2529087281147329,0.8638685153195467,,,1532.0,0.7622,20.6,83.0,2,1,0.25
Dwight Powell,Dwight Powell,,2023,4000000,0.0294072238845472,0.1141,0.0847,15519996,1.261958735581026,0.9269540768944733,0.14385534680429643,,,1458.0,0.9049,12.6,82.0,4,0,0.25
Herbert Jones,Herbert Jones,NOP,2026,14898786,0.0973776862745098,0.1141,0.0168,17457300,0.5479341323922234,-0.19893981228400484,-0.3533978418069332,27.0,729.0,1588.0,0.6,15.2,79.0,4,1,0.25
Aaron Nesmith,Aaron Nesmith,IND,2026,11000000,0.0718954248366013,0.114,0.0421,17442000,-0.027075438358491754,-0.7462730817352593,-1.0055982545908355,26.0,676.0,1335.0,0.6146,19.8,77.0,5,1,0.25
Luguentz Dort,Luguentz Dort,,2024,16500000,0.117364213161863,0.1138,-0.0035,15998914,0.17604250437477148,-0.48643926007715516,0.3750775945337138,,,2246.0,,15.4,76.0,4,1,0.25
John Collins,John Collins,,2023,25340000,0.1862947633086067,0.1138,-0.0725,15479189,0.516225865224271,-0.08667255574686737,,,,,,,81.0,4,0,0.25
Alex Sarr,alex sarr,WAS,2025,11808240,0.0836230241912639,0.1137,0.0301,16055349,,-1.248893662224672,-1.3660925021163985,21.0,441.0,1814.0,0.8171,23.5,84.0,0,1,0.25
Montrezl Harrell,Montrezl Harrell,LAL,2020,9258000,0.084827,0.1137,0.0289,12409218,0.13651037204443778,1.0814137747654748,1.1401511824924886,,,1749.0,0.9219,25.7,79.0,1,0,0.25
Kelly Olynyk,Kelly Olynyk,,2022,12804878,0.1035532570458129,0.1137,0.0102,14059573,0.46008762089310534,0.7867824675435207,-0.10519718598229032,,,764.0,0.5873,21.5,84.0,3,0,0.25
Josh Okogie,Josh Okogie,HOU,2025,2296274,0.016261642399864,0.1135,0.0973,16027108,1.1318989703225801,0.6430505643589689,0.4359991078124626,27.0,729.0,351.0,0.5476,18.1,76.0,6,1,0.25
Jae Crowder,Jae Crowder,PHO,2021,9720900,0.086474,0.1135,0.027,12758989,0.9464825314263737,0.19598603781933785,0.45036198710302694,,,1648.0,0.7485,15.7,78.0,2,0,0.25
Harrison Barnes,Harrison Barnes,,2021,20284091,0.1804409682068069,0.1134,-0.067,12747747,0.3231316296325712,0.20206014413072573,0.40861547315360003,,,2102.0,0.7732,17.2,79.0,2,0,0.25
Lauri Markkanen,Lauri Markkanen,,2019,5300400,0.048565145684442,0.1133,0.0648,12365562,-0.24253953870325748,0.40316931744249895,0.21068432625707012,,,1682.0,0.6341,25.1,85.0,0,0,0.25
John Collins,John Collins,,2019,2686560,0.0246157229246838,0.1133,0.0887,12365562,0.13059821314790787,0.16150789932654835,0.7956049556721304,,,1829.0,0.7439,23.7,81.0,0,0,0.25
Evan Fournier,Evan Fournier,NYK,2021,17142857,0.152498,0.1131,-0.0394,12714023,0.36244204686281095,0.20206014413072573,0.8042727322265271,,,787.0,0.6311,26.2,78.0,2,0,0.25
Nickeil Alexander-Walker,Nickeil Alexander-Walker,ATL,2025,15161800,0.1073721035635374,0.113,0.0056,15956504,0.31962358498537924,-0.13256738722237604,0.1944816755539554,27.0,729.0,2073.0,0.8878,16.0,77.0,5,1,0.25
Devonte' Graham,Devonte' Graham,NOP,2021,11000000,0.097853,0.113,0.0151,12702782,0.20520037794185178,0.8762859446947795,0.24100633505813956,,,1659.0,0.7101,21.4,73.0,2,0,0.25
Hassan Whiteside,Hassan Whiteside,POR,2019,27093018,0.248241,0.1128,-0.1354,12310992,0.48241380775043524,1.9430583538092543,0.5413648432896488,,,1674.0,0.878,22.6,84.0,0,0,0.25
Tyrese Maxey,Tyrese Maxey,,2022,2726880,0.0220523229954308,0.1126,0.0905,13923553,-0.20111748010946684,0.3006930075620352,0.5165499722730506,,,2650.0,0.8506,20.2,74.0,1,0,0.25
Trey Murphy III,Trey Murphy III,NOP,2025,25000000,0.1770437935527732,0.1125,-0.0645,15885900,-0.3543921602944256,-0.5148743376821847,0.328693617352781,26.0,676.0,1854.0,0.7244,23.7,80.0,3,1,0.25
Mitchell Robinson,Mitchell Robinson,,2023,15681818,0.1152896832106807,0.1125,-0.0028,15302362,1.15461839818119,0.9862304881600488,0.6462053805814831,,,1591.0,0.6988,10.1,84.0,4,0,0.25
Tim Hardaway Jr.,Tim Hardaway Jr.,,2023,17897728,0.1315806235801824,0.1125,-0.019,15302362,0.5614217967610441,-0.22300830165769095,,,,,,,77.0,4,0,0.25
Mike Muscala,Mike Muscala,BOS,2022,3500000,0.028305,0.1122,0.0839,13874091,0.7418184900159406,0.9338884883273912,0.6550221925603896,,,592.0,0.5208,20.9,82.0,3,0,0.25
Deandre Ayton,Deandre Ayton,,2020,10018200,0.0917921935129191,0.1121,0.0203,12234594,0.2439619033231358,0.22170634731620062,0.40443172425581375,,,1236.0,0.6546,23.7,84.0,1,0,0.25
Robert Covington,Robert Covington,PHI,2023,11692308,0.08596,0.1121,0.0262,15247954,1.2224122954863497,0.3579005287449487,0.37899791580638376,,,779.0,0.639,15.6,79.0,4,0,0.25
Norman Powell,Norman Powell,,2024,19241379,0.1368635943323754,0.1121,-0.0248,15759914,-0.23060453971604403,-0.5230571124601423,0.2914342284099349,,,1990.0,0.7805,20.0,75.0,5,1,0.25
Eric Bledsoe,Eric Bledsoe,POR,2021,18125000,0.161234,0.1119,-0.0493,12579126,0.30066853407243416,-0.022681789390625588,-0.05371159177885962,,,2111.0,0.8773,18.5,73.0,2,0,0.25
Daniel Gafford,Daniel Gafford,DAL,2025,14386320,0.1018803467225653,0.1118,0.0099,15787054,0.4290791333641511,1.381669716120587,0.90173696789717,27.0,729.0,1226.0,0.7024,19.5,82.0,5,1,0.25
Bradley Beal,Bradley Beal,PHO,2026,19383010,0.126686339869281,0.1117,-0.015,17090100,-0.8432180549078938,-0.33391602481762933,-2.442477289005371,32.0,1024.0,121.0,0.3598,22.2,76.0,7,1,0.3
Luke Kornet,Luke Kornet,SAS,2025,11000000,0.0778992691632202,0.1116,0.0337,15758812,1.0915732419725062,1.4226035350058426,1.2512005204091479,30.0,900.0,1361.0,,11.4,85.0,6,1,0.25
Collin Sexton,Collin Sexton,,2020,4991880,0.0457383177570093,0.1115,0.0658,12169110,-0.6382717219124902,-1.1834706203077854,-0.39760977087007077,,,2143.0,0.9392,27.2,75.0,1,0,0.25
Grayson Allen,Grayson Allen,PHO,2025,16875000,0.1195045606481219,0.1114,-0.0081,15730571,0.33690603999255375,-0.05039649861673599,-0.008277654180308595,30.0,900.0,1544.0,0.8402,17.6,75.0,6,1,0.25
Svi Mykhailiuk,Svi Mykhailiuk,UTA,2026,3850000,0.0251633986928104,0.1113,0.0861,17028900,-0.34240326747985167,-1.323403013589093,-0.6724700265094027,29.0,841.0,1156.0,0.5439,14.8,79.0,7,1,0.3
D'Angelo Russell,D'Angelo Russell,WAS,2025,5685000,0.0402597586539006,0.1112,0.071,15702329,0.10647330656356065,0.650868271905306,-0.29431885710716127,30.0,900.0,763.0,0.5866,22.1,75.0,6,1,0.25
Lonzo Ball,Lonzo Ball,,2023,20465117,0.1504555693606134,0.1112,-0.0393,15125535,0.5275248481084643,,,,,,,,77.0,4,0,0.25
Ajay Mitchell,Ajay Mitchell,OKC,2026,2850000,0.0186274509803921,0.1111,0.0925,16998300,0.6159460171046736,1.1931272463794835,1.490403648428593,24.0,576.0,1473.0,0.5991,21.8,76.0,1,1,0.25
Harrison Barnes,Harrison Barnes,,2022,18352273,0.1484151308074885,0.111,-0.0374,13725705,-0.5000971779541082,0.0640441915184173,-0.01563803853276756,,,2580.0,0.8817,18.8,79.0,3,0,0.25
Andre Drummond,Andre Drummond,,2020,27957238,0.2561594099321971,0.111,-0.1452,12114540,-0.1406014717795729,1.0992008249885632,0.8267470473885759,,,1654.0,0.7866,25.5,83.0,1,0,0.25
Rudy Gay,Rudy Gay,UTA,2021,5890000,0.052396,0.111,0.0586,12477954,0.26135811684219434,0.39643154609513764,0.407680849706971,,,1358.0,0.8316,23.6,80.0,2,0,0.25
Dillon Brooks,Dillon Brooks,,2023,22627671,0.1663542467707192,0.1106,-0.0557,15043922,0.47667942512959477,-0.06296199124063719,,,,,,,79.0,4,0,0.25
Derrick Jones Jr.,Derrick Jones Jr.,,2024,9523810,0.0677426949668535,0.1106,0.0428,15549032,0.5492665037457939,-0.4681303338856617,0.13866891389219982,,,1783.0,0.822,14.9,78.0,5,1,0.25
Devin Vassell,Devin Vassell,SAS,2025,27000000,0.191207297036995,0.1106,-0.0806,15617604,-0.5214558920304456,-0.5035687699619849,0.004534941695474292,25.0,625.0,1983.0,0.7317,22.1,77.0,4,1,0.25
Jarred Vanderbilt,Jarred Vanderbilt,,2022,4374000,0.0353726092758076,0.1106,0.0753,13676243,1.0637966261563234,0.23033795414366232,0.9474672548090237,,,1880.0,0.7104,10.9,80.0,3,0,0.25
Khris Middleton,Khris Middleton,DAL,2025,33296296,0.2357961022038411,0.1104,-0.1254,15589363,0.12375576157073513,0.3508416884024347,1.0884805527867054,34.0,1156.0,534.0,0.422,22.0,79.0,6,1,0.25
Derrick Favors,Derrick Favors,NOP,2019,17650000,0.161719,0.1103,-0.0514,12038142,0.914187492035355,1.83065769422044,0.8387079151224055,,,1766.0,0.9268,19.4,81.0,0,0,0.25
Dwight Powell,Dwight Powell,,2022,11080125,0.0896051514293801,0.1102,0.0206,13626781,0.7533177091638115,1.2600800996307564,0.3329537200015289,,,1798.0,0.8233,14.0,82.0,3,0,0.25
Myles Turner,Myles Turner,,2020,17500000,0.1603445116364302,0.1101,-0.0502,12016314,0.6002485596682924,0.7553178540088535,-0.03446410809925076,,,1826.0,0.8766,17.9,83.0,1,0,0.25
Kenrich Williams,Kenrich Williams,OKC,2025,7163000,0.0507265877287405,0.1101,0.0594,15547000,0.9129878735650365,0.03218684936485117,0.4497726483789292,31.0,961.0,1132.0,0.8024,15.4,79.0,6,1,0.25
Donovan Clingan,Donovan Clingan,POR,2026,7519920,0.0491498039215686,0.1099,0.0608,16814700,0.5973973212740054,1.984349284472276,0.6906147801655746,22.0,484.0,2094.0,0.8933,16.9,86.0,1,1,0.25
Joshua Primo,Joshua Primo,LAC,2024,1000000,0.007113,0.1099,0.1028,15450621,-1.5452442986945707,-0.41320355531118097,-7.941628767690356,,,10.0,0.1488,30.7,76.0,2,1,0.25
Justise Winslow,Justise Winslow,MEM,2019,13000000,0.119113,0.1098,-0.0093,11983572,0.3491503249464476,0.18398803124431118,0.3605344587209169,,,1959.0,0.8049,20.8,78.0,0,0,0.25
De'Anthony Melton,De'Anthony Melton,,2024,12822000,0.0912026631006913,0.1096,0.0184,15408444,0.8946379658503222,0.7707736717387359,1.1322243149666706,,,1023.0,0.6915,18.3,74.0,5,1,0.25
Cameron Payne,Cameron Payne,,2021,6500000,0.0578219794687494,0.1096,0.0517,12320574,0.6151518719143525,0.7062109679759192,0.7142373402012705,,,1079.0,0.4748,19.8,74.0,2,0,0.25
P.J. Washington,P.J. Washington,DAL,2026,19813044,0.1294970196078431,0.1093,-0.0202,16722900,-0.6144508063296524,-0.24458873319222812,-0.4110276196606832,27.0,729.0,1736.0,0.6573,20.1,79.0,6,1,0.25
Moritz Wagner,Moritz Wagner,,2023,8000000,0.0588144477690944,0.1093,0.0505,14867095,0.007771635435574562,0.7669077664774194,0.05175405043500689,,,1109.0,0.639,21.1,83.0,4,0,0.25
Zach Collins,Zach Collins,,2023,7700000,0.0566089059777534,0.109,0.0524,14826289,-0.2973009024376434,-0.7090748740354098,-0.4214874254773179,,,1441.0,,21.2,81.0,4,0,0.25
Norman Powell,Norman Powell,,2020,10865952,0.099559758108851,0.1089,0.0093,11885346,0.6059039034198029,-0.19332482455586275,1.1063399479999503,,,1479.0,0.7258,21.5,75.0,1,0,0.25
Jordan Clarkson,Jordan Clarkson,,2020,11500000,0.1053692505039398,0.1088,0.0035,11874432,0.2892046533352192,-0.0035962888429195003,0.7061319704969248,,,1039.0,0.735,26.7,77.0,1,0,0.25
Buddy Hield,Buddy Hield,,2022,21177750,0.1712648093485908,0.1085,-0.0628,13416567,-0.14362138437011274,-0.12783322689532695,-0.23299120022757094,,,1574.0,0.7951,22.5,76.0,3,0,0.25
John Wall,John Wall,HOU,2020,41254920,0.378,0.1085,-0.2695,11841690,1.0470207160376157,,,,,,,,75.0,1,0,0.25
Jordan Clarkson,Jordan Clarkson,,2024,14092577,0.1002402552138162,0.1085,0.0082,15253798,-1.0828921800707667,-0.7488672021552296,-0.4712306307603546,,,1682.0,,26.1,77.0,5,1,0.25
Ivica Zubac,Ivica Zubac,,2021,7518518,0.0668823989894497,0.1084,0.0415,12185677,0.8566301491858256,0.5118395660115073,0.20455602063961006,,,1609.0,0.8024,15.1,84.0,2,0,0.25
Mike Conley,Mike Conley,,2023,24360000,0.1790899934568927,0.1083,-0.0708,14731074,0.6800611170450733,1.3181783912472713,0.2814387648374327,,,1276.0,0.65,16.1,73.0,4,0,0.25
Jae Crowder,Jae Crowder,MIA,2019,7815533,0.07161,0.1082,0.0366,11808948,0.5303886615598707,0.5436701419285168,0.16320372248762655,,,2166.0,0.9756,19.1,78.0,0,0,0.25
Keegan Murray,Keegan Murray,SAC,2025,11144093,0.0789197000169962,0.108,0.0291,15250464,0.26201540162813103,-0.16920642169509925,-0.18733368154437424,25.0,625.0,2610.0,0.9402,15.0,80.0,2,1,0.25
Cade Cunningham,Cade Cunningham,,2023,11055360,0.081276861661067,0.108,0.0267,14690268,-0.2860019195534501,0.42903222226363924,-0.600914395441193,,,400.0,0.3841,30.0,78.0,1,0,0.25
Anfernee Simons,Anfernee Simons,,2022,22321429,0.1805137600582265,0.108,-0.0725,13354740,-0.48284834923230197,-0.7866123634491822,0.12972334694299636,,,1681.0,0.7762,24.8,75.0,3,0,0.25
Nicolas Batum,Nicolas Batum,,2021,8856969,0.0787888430266692,0.1079,0.0291,12129470,1.0812611047871958,0.7851743500239615,0.9332507678613237,,,1835.0,0.6831,11.8,79.0,2,0,0.25
Tre Jones,Tre Jones,,2023,9895833,0.0727522441387727,0.1078,0.035,14663063,0.06991604129863746,0.5238744802885601,0.08768492654944576,,,1984.0,0.7573,19.3,73.0,2,0,0.25
Aaron Gordon,Aaron Gordon,,2021,16409091,0.1459701727542832,0.1077,-0.0383,12106987,0.3568262729727767,0.1352449747054591,-0.01383432472269059,,,736.0,0.601,23.8,80.0,2,0,0.25
Mo Bamba,Mo Bamba,,2022,10300000,0.0832962678419797,0.1077,0.0244,13317643,0.05761495071762666,-0.5115880637228154,-0.3476958006148444,,,1824.0,0.7734,17.2,84.0,3,0,0.25
Kevin Love,Kevin Love,,2024,3850000,0.0273849830711013,0.1076,0.0802,15127268,0.24288859381435757,1.954750898788653,0.6742187997680619,,,924.0,,21.9,82.0,5,1,0.25
Terrence Ross,Terrence Ross,ORL,2020,13500000,0.123694,0.1076,-0.0161,11743464,0.17609777830501072,-0.5668528792407197,0.3342083910790034,,,1889.0,0.9694,22.8,78.0,1,0,0.25
Paul Millsap,Paul Millsap,DEN,2020,10000000,0.091625,0.1075,0.0159,11732550,0.9282584972558969,1.1525619756578285,0.9330573712256914,,,1240.0,0.7628,20.0,79.0,1,0,0.25
Jeremiah Fears,Jeremiah Fears,NOP,2026,7896240,0.0516094117647058,0.1075,0.0559,16447500,-0.4598783410740838,-0.40504795960911494,-0.9437516637233965,19.0,361.0,2112.0,1.0,25.5,75.0,0,1,0.25
Duncan Robinson,Duncan Robinson,,2022,16902000,0.1366867494238001,0.1075,-0.0292,13292912,0.1841063613442057,0.5245499957114035,0.05979832028048434,,,2043.0,0.9479,17.7,79.0,3,0,0.25
Mason Plumlee,Mason Plumlee,,2022,9080417,0.0734334802474627,0.1074,0.034,13280547,0.8280626336249717,0.41581945861028174,-0.3208280563799875,,,1793.0,0.8194,11.7,84.0,3,0,0.25
Spencer Dinwiddie,Spencer Dinwiddie,BRK,2019,10605600,0.097174,0.1074,0.0102,11721636,-0.1732425276451839,0.11654763549102265,0.0766610617163712,,,1914.0,0.8293,24.9,77.0,0,0,0.25
Luke Kornet,Luke Kornet,,2023,2413304,0.0177421427573683,0.1073,0.0895,14595053,0.28459671609830933,-0.10445547912654003,,,,,,,85.0,4,0,0.25
Donte DiVincenzo,Donte DiVincenzo,,2023,10900000,0.0801346850853912,0.1073,0.0271,14595053,0.23940078456153635,0.002242061151495826,0.5309082021636318,,,1894.0,0.6915,15.1,76.0,4,0,0.25
Caris LeVert,Caris LeVert,,2022,18796296,0.1520059520439933,0.1073,-0.0447,13268181,-0.7300815609115245,-0.04468634558270443,0.4814152298120839,,,1214.0,0.4909,26.8,79.0,3,0,0.25
Grayson Allen,Grayson Allen,,2023,8925000,0.065614868292396,0.1069,0.0413,14540644,0.3919370534981453,0.3460452464918336,0.5220391884391816,,,1972.0,0.8024,14.6,75.0,4,0,0.25
Gordon Hayward,Gordon Hayward,OKC,2023,33319397,0.244958,0.1068,-0.1381,14527042,-0.3537958168586096,-0.5668114869980287,0.05425556712651846,,,1577.0,0.5915,20.0,79.0,4,0,0.25
Lou Williams,Lou Williams,ATL,2020,8000000,0.0733,0.1068,0.0335,11656152,-0.5590969093913443,-0.009525305583948982,0.2148937462832192,,,1864.0,0.9072,28.4,74.0,1,0,0.25
Lonzo Ball,Lonzo Ball,,2020,11003782,0.1008226314824995,0.1067,0.0059,11645238,0.22699587206860455,-0.2644730254482165,0.08940204903206744,,,2025.0,0.7618,18.5,77.0,1,0,0.25
Jordan Clarkson,Jordan Clarkson,,2023,23487629,0.1726764911300461,0.1067,-0.066,14513440,0.42583400215072503,-0.6201602571370466,,,,,,,77.0,4,0,0.25
Dwight Powell,Dwight Powell,,2019,10259375,0.0940019699468572,0.1066,0.0126,11634324,1.1913755362676492,1.083193307954825,0.7380220957815287,,,1662.0,0.939,17.2,82.0,0,0,0.25
Nickeil Alexander-Walker,Nickeil Alexander-Walker,,2024,4312500,0.0306747375309414,0.1065,0.0759,14972622,0.48799092175950665,-0.5596749648431295,0.45697839052991396,,,1921.0,0.7537,14.8,77.0,4,1,0.25
Kyle Filipowski,Kyle Filipowski,UTA,2026,3000000,0.0196078431372549,0.1065,0.0869,16294500,0.31298398520375914,-0.3227115667950552,-0.5368292079024057,22.0,484.0,1801.0,0.9162,20.0,83.0,1,1,0.25
Jaden McDaniels,Jaden McDaniels,,2023,3901399,0.0286823284639871,0.1065,0.0779,14486236,0.12076146427750714,-0.2170806605311334,0.15613551965353503,,,2416.0,0.8915,15.8,81.0,2,0,0.25
Duncan Robinson,Duncan Robinson,DET,2025,16834692,0.1192191093989009,0.1063,-0.013,15010410,-0.5848248937234186,-0.5497050969700478,-0.11430188505241187,32.0,1024.0,1786.0,,19.2,79.0,6,1,0.25
Clint Capela,Clint Capela,HOU,2025,6700000,0.0474477366721432,0.1062,0.0588,14996289,0.3138627666496544,0.2931290099307383,-0.406749385917156,32.0,1024.0,1176.0,0.761,16.7,82.0,6,1,0.25
Danny Green,Danny Green,PHI,2020,15365853,0.14079,0.1062,-0.0345,11590668,1.4881375286554286,0.6960276865985587,0.7168605352878263,,,1687.0,0.9561,13.9,78.0,1,0,0.25
Harrison Barnes,Harrison Barnes,SAS,2025,19000000,0.1345532831001076,0.1061,-0.0285,14982168,-0.1930892468941304,-0.9960340864362298,-0.022371509643669733,34.0,1156.0,2230.0,1.0,15.7,79.0,6,1,0.25
Bones Hyland,bones hyland,MIN,2025,2296274,0.016261642399864,0.1061,0.0898,14982168,,0.5248223390454212,0.10159035545452956,25.0,625.0,222.0,0.3598,29.6,74.0,3,1,0.25
Will Barton,Will Barton,DEN,2021,15625000,0.138995,0.1061,-0.0329,11927125,0.13781109126144067,0.2688753135559923,0.09302428934188733,,,1736.0,0.688,19.0,77.0,2,0,0.25
Kevin Huerter,Kevin Huerter,,2024,16830357,0.1197140367598941,0.106,-0.0137,14902328,0.40443330996002397,0.45341895108618085,0.2687808167514114,,,1562.0,0.8451,17.3,78.0,5,1,0.25
Tre Jones,Tre Jones,CHI,2026,8000000,0.0522875816993464,0.1059,0.0536,16202700,-0.12600181612205566,0.39445978796282205,0.7626520024827622,26.0,676.0,1752.0,0.65,19.2,73.0,5,1,0.25
Bones Hyland,bones hyland,,2023,2306400,0.0169562052918299,0.1059,0.0889,14404623,,-0.003685579975061694,-0.7387252240826485,,,820.0,0.6357,28.5,74.0,1,0,0.25
Buddy Hield,Buddy Hield,ATL,2026,9658536,0.0631276862745098,0.1059,0.0427,16202700,-0.4907928341251975,-0.44272076946625366,-0.42438086087069843,33.0,1089.0,768.0,0.6951,19.7,76.0,7,1,0.3
Scotty Pippen Jr.,Scotty Pippen Jr.,MEM,2025,2270735,0.0160807815421222,0.1059,0.0899,14953927,0.6710335034645938,0.8858432245568894,0.69225102532812,25.0,625.0,1683.0,0.6982,19.3,74.0,1,1,0.25
Immanuel Quickley,Immanuel Quickley,,2021,2210640,0.0196651662604301,0.1057,0.086,11882159,0.37928936853291373,-0.13201570299560733,0.2662411681171215,,,1243.0,0.7805,25.6,74.0,0,0,0.25
Marvin Bagley III,Marvin Bagley III,DAL,2025,2296274,0.016261642399864,0.1055,0.0892,14897444,-0.10667697185825797,0.29949461835363717,-0.21744328185246403,27.0,729.0,166.0,0.3061,23.3,82.0,6,1,0.25
Wendell Carter Jr.,Wendell Carter Jr.,,2023,13050000,0.0959410679233353,0.1054,0.0094,14336613,0.290246207540406,0.32826232311216097,,,,,,,82.0,4,0,0.25
Kyle Kuzma,Kyle Kuzma,MIL,2026,20345152,0.1329748496732026,0.1053,-0.0277,16110900,-1.7521041506106372,-1.1870248674844253,-0.500986297286049,30.0,900.0,1806.0,0.7122,21.8,80.0,7,1,0.3
Brandon Ingram,Brandon Ingram,,2019,7265485,0.0665703225215319,0.1053,0.0387,11492442,-0.2638616959518955,-0.7152172454662028,-0.32170457132796754,,,1760.0,0.6341,23.2,80.0,0,0,0.25
Reggie Jackson,Reggie Jackson,LAC,2020,1620564,0.014848,0.1052,0.0904,11481528,0.37969015335938594,-0.021383339066007947,-0.06795023456782237,,,381.0,0.4965,27.0,74.0,1,0,0.25
Kelly Olynyk,Kelly Olynyk,,2021,12195122,0.1084840144465991,0.1052,-0.0033,11825952,0.7330831236050719,1.4108073000969124,-0.25247484476195214,,,1157.0,0.734,17.5,84.0,2,0,0.25
Rudy Gay,Rudy Gay,SAS,2019,14000000,0.128276,0.1052,-0.023,11481528,0.27985331388837403,0.49308984511355036,0.7848292158095618,,,1842.0,0.8415,22.1,80.0,0,0,0.25
Caleb Martin,Caleb Martin,,2024,9186594,0.0653440834210601,0.1051,0.0397,14775798,0.2818821459874495,-0.2545261949849035,0.010299581160566923,,,1756.0,0.7963,17.3,77.0,4,1,0.25
Cameron Johnson,Cameron Johnson,,2022,5887899,0.0476155351583033,0.105,0.0574,12983775,0.5003348879106533,0.6908437583366485,0.7683489599099782,,,1730.0,0.7803,17.5,80.0,2,0,0.25
Luke Kornet,Luke Kornet,SAS,2026,10450000,0.0683006535947712,0.105,0.0367,16065000,0.29443528937309094,0.6029228657860497,0.5177254466043246,30.0,900.0,1430.0,0.8354,10.3,85.0,7,1,0.3
Lonzo Ball,Lonzo Ball,UTA,2025,10000000,0.0708175174211092,0.1049,0.0341,14812719,0.9590744202508352,0.6825787618045829,0.35560006869192506,28.0,784.0,777.0,,15.9,77.0,6,1,0.25
Klay Thompson,Klay Thompson,,2020,35361360,0.324,0.1049,-0.2191,11448786,0.9226031535043866,,,,,,,,77.0,1,0,0.25
Isaiah Joe,Isaiah Joe,OKC,2025,12362338,0.0875470086680641,0.1049,0.0173,14812719,0.7689674151719158,0.5432366321009482,0.8338302097555208,26.0,676.0,1604.0,0.9146,17.2,76.0,4,1,0.25
Moses Moody,Moses Moody,GSW,2026,12500000,0.0816993464052287,0.1049,0.0232,16049699,0.3748129713059866,0.08763114860149467,0.3602977607599343,24.0,576.0,1540.0,0.7976,18.3,77.0,4,1,0.25
Jabari Parker,Jabari Parker,SAC,2019,6500000,0.059557,0.1048,0.0452,11437872,-0.07196228071415332,-0.9624986965615941,-0.6850490498189579,,,1042.0,0.4756,25.0,79.0,0,0,0.25
Keita Bates-Diop,Keita Bates-Diop,BRK,2023,2346614,0.017252,0.1048,0.0875,14255000,0.26199875032992287,-0.2289359427842485,0.03788200332753365,,,1452.0,0.6976,16.7,80.0,4,0,0.25
Robert Covington,Robert Covington,HOU,2019,11301219,0.103548,0.1048,0.0013,11437872,1.281994704574361,1.3079946271324536,1.2572780604090605,,,763.0,0.2683,16.5,79.0,0,0,0.25
Caris LeVert,Caris LeVert,,2019,2625718,0.0240582554517133,0.1048,0.0808,11437872,0.2638616959518955,0.39754928446305826,0.5861515120934502,,,1063.0,0.4878,24.0,79.0,0,0,0.25
Kevin Huerter,Kevin Huerter,,2022,14508929,0.1173339452508996,0.1047,-0.0126,12946678,-0.0746260694828878,-0.19179236636657504,0.2072264553127757,,,2188.0,0.8592,17.5,78.0,3,0,0.25
Dorian Finney-Smith,Dorian Finney-Smith,HOU,2025,12700000,0.0899382471248087,0.1047,0.0147,14784477,0.7055984134789428,-0.8637261316695708,0.06315256782718094,33.0,1089.0,1239.0,0.5744,11.5,79.0,6,1,0.25
Neemias Queta,Neemias Queta,BOS,2026,2667944,0.0174375424836601,0.1047,0.0873,16019100,0.6592263073762328,2.0315357982734845,1.4552635399811846,26.0,676.0,1926.0,0.7585,14.7,84.0,3,1,0.25
Reggie Bullock,Reggie Bullock,DAL,2022,10012800,0.080974,0.1045,0.0235,12921947,0.552081374076072,,0.2809405228289214,,,1902.0,0.733,13.3,78.0,3,0,0.25
De'Andre Hunter,De'Andre Hunter,,2024,21696429,0.1543263223034683,0.1045,-0.0498,14691446,-0.28630961424903245,-0.6451166204034327,-0.12852517233653832,,,1681.0,,20.6,79.0,4,1,0.25
Patty Mills,Patty Mills,SAS,2020,13535714,0.124022,0.1044,-0.0197,11394216,0.8321176534802198,0.17427421338796478,0.3433114157500714,,,1485.0,0.9479,20.4,74.0,1,0,0.25
Nic Claxton,nic claxton,,2023,9625000,0.0707611324721917,0.1043,0.0336,14186990,,1.9702189151686016,0.7467208694585842,,,2271.0,0.7134,15.4,83.0,3,0,0.25
Will Barton,Will Barton,DEN,2020,13723214,0.12574,0.1042,-0.0215,11372388,0.12519968454141694,0.624879485706205,0.9366335594893251,,,1916.0,0.7001,20.1,77.0,1,0,0.25
Jaylen Brown,Jaylen Brown,,2019,6534829,0.0598756551218618,0.1042,0.0443,11372388,0.22121738145461944,-0.0014730570772323265,0.24267480397407112,,,1913.0,0.9024,22.1,78.0,0,0,0.25
Al Horford,Al Horford,,2023,10000000,0.0735180597113681,0.1042,0.0307,14173388,0.44278247647701496,0.44088750451675435,0.3378365957006025,,,1922.0,0.7049,11.9,80.0,4,0,0.25
De'Anthony Melton,De'Anthony Melton,GSW,2025,3080921,0.0218183176590561,0.1041,0.0823,14699752,0.2562545832924062,-0.2190821386296962,0.5320935768808341,28.0,784.0,121.0,0.3634,23.5,74.0,6,1,0.25
Brandon Clarke,Brandon Clarke,,2023,12500000,0.0918975746392101,0.1041,0.0122,14159786,0.7987004373291026,-0.38898225320130225,0.6441586851066099,,,1090.0,0.7195,17.7,80.0,3,0,0.25
Seth Curry,Seth Curry,,2022,8496653,0.0687125712668311,0.104,0.0352,12860120,0.230103237935689,-0.25575150583782313,0.4021898301451984,,,1566.0,0.6607,18.5,73.0,3,0,0.25
Elfrid Payton,Elfrid Payton,NYK,2020,5767000,0.05284,0.104,0.0512,11350560,0.6454913096803758,1.1762780426219464,0.5673108442631377,,,1246.0,0.5827,19.5,75.0,1,0,0.25
Keldon Johnson,Keldon Johnson,,2024,19000000,0.1351466697015392,0.104,-0.0311,14621152,-0.759802747779434,-0.6756314973892553,0.04892655232189537,,,2038.0,,21.9,78.0,4,1,0.25
Al Horford,Al Horford,,2020,27500000,0.2519699468572475,0.1039,-0.1481,11339646,0.46452030963204227,0.4825830839214976,0.3885014310814447,,,2025.0,0.8926,17.5,80.0,1,0,0.25
Miles McBride,Miles McBride,NYK,2026,3956523,0.0258596274509803,0.1039,0.0781,15896700,0.7643355837500194,0.48845671186218576,0.8301210107017866,25.0,625.0,1080.0,0.65,18.2,74.0,4,1,0.25
Cason Wallace,Cason Wallace,OKC,2026,7420806,0.048502,0.1039,0.0554,15896700,0.9869199337180382,1.032906767477101,1.3368413745134178,22.0,484.0,2046.0,0.9183,14.5,75.0,2,1,0.25
De'Anthony Melton,De'Anthony Melton,,2021,8805976,0.0783352251498923,0.1039,0.0256,11679814,0.8229355058456201,0.6940627553531434,0.48307380773504055,,,1045.0,0.689,19.5,74.0,2,0,0.25
Toumani Camara,Toumani Camara,POR,2025,2221677,0.0157333649651577,0.1038,0.088,14657390,0.5730995917572718,-0.39304982583630943,0.315240391683209,26.0,676.0,2548.0,0.9146,14.4,79.0,1,1,0.25
Victor Oladipo,Victor Oladipo,MIA,2022,8750000,0.070761,0.1038,0.033,12835389,0.051865341143691256,-0.2813351616263224,0.5864749989355627,,,173.0,0.1747,25.1,75.0,3,0,0.25
Collin Sexton,Collin Sexton,,2019,4764960,0.0436591533809785,0.1035,0.0598,11295990,-0.9568318065326311,-1.884184105189871,-1.5198321472973313,,,2605.0,1.0,25.2,75.0,0,0,0.25
Jalen Johnson,Jalen Johnson,,2024,4510905,0.0320859888468432,0.1035,0.0714,14550858,0.09248489257528883,0.3557713447315486,0.6486611045635738,,,1889.0,0.6512,19.1,80.0,2,1,0.25
Jaime Jaquez Jr.,Jaime Jaquez Jr.,MIA,2026,5939141,0.0388179150326797,0.1034,0.0646,15820200,-0.26820848415717874,-0.47856933044464733,0.1223992265709785,25.0,625.0,2121.0,0.8817,22.3,78.0,2,1,0.25
Mike Conley,Mike Conley,MIN,2025,725834,0.0051401761939833,0.1034,0.0982,14600907,0.04886512320631238,0.7810302009800407,0.6720711868237621,38.0,1444.0,1756.0,0.8159,14.4,73.0,6,1,0.25
Justin Champagnie,Justin Champagnie,WAS,2026,2667944,0.0174375424836601,0.1033,0.0859,15804900,0.4675564504593277,-0.39711801710148226,0.08128529968751051,24.0,576.0,1377.0,0.6841,16.7,78.0,4,1,0.25
Gary Payton II,Gary Payton II,GSW,2025,2296274,0.016261642399864,0.1033,0.0871,14586786,0.6767943218003186,0.20310934096548874,1.115066689228955,33.0,1089.0,927.0,0.5756,16.1,74.0,6,1,0.25
Jabari Parker,Jabari Parker,BOS,2020,430729,0.003947,0.1033,0.0993,11274162,0.18740846580803158,0.375860782582967,0.4015057520401133,,,837.0,0.4561,24.0,79.0,1,0,0.25
Day'Ron Sharpe,Day'Ron Sharpe,BRK,2025,6250000,0.0442609483881933,0.1032,0.0589,14572665,0.7171200501503925,0.6854748547038081,0.600320649919378,24.0,576.0,908.0,,19.9,82.0,3,1,0.25
Jonathan Isaac,Jonathan Isaac,,2020,7362566,0.0674598314091992,0.1032,0.0357,11263248,1.0809527785466784,1.5023739633785678,1.1141425405751513,,,980.0,0.6381,18.3,82.0,1,0,0.25
Dorian Finney-Smith,Dorian Finney-Smith,,2024,14924167,0.1061553404273479,0.1031,-0.0031,14494622,0.1704719969214726,-0.36437975213386475,-0.26125093038711805,,,1934.0,0.7049,13.2,79.0,5,1,0.25
Kyle Lowry,Kyle Lowry,,2023,29682540,0.2182202748105072,0.103,-0.1152,14010163,0.4145350192665318,0.8498947422492252,,,,,,,72.0,4,0,0.25
Cole Anthony,Cole Anthony,,2024,12900000,0.0917574757447292,0.1028,0.011,14452446,-0.2918801217023313,0.337462418540055,-0.007997405179009693,,,1817.0,0.872,23.7,74.0,3,1,0.25
Gary Trent Jr.,Gary Trent Jr.,MIL,2025,3697105,0.026181979774517,0.1028,0.0767,14516182,0.1698423082565338,-0.32949183050464337,,27.0,729.0,,,,77.0,6,1,0.25
Ricky Rubio,Ricky Rubio,,2021,17800000,0.158343266852883,0.1028,-0.0556,11556159,0.6769253847047294,0.6393957985506526,0.02884681267336532,,,1772.0,0.8513,16.0,74.0,2,0,0.25
Coby White,Coby White,,2023,11111111,0.0816867321957638,0.1027,0.021,13969356,0.2958956989825026,-0.1874424548983457,0.242778961423163,,,1730.0,0.8427,17.9,76.0,3,0,0.25
Matas Buzelis,Matas Buzelis,CHI,2026,5715360,0.037355294117647,0.1027,0.0654,15713100,-0.47842703690475197,-0.6072969483076719,-0.38045572531143773,21.0,441.0,2248.0,0.9527,22.8,80.0,1,1,0.25
Naz Reid,Naz Reid,,2022,1930681,0.0156134487080991,0.1024,0.0868,12662272,0.2646008953793014,0.12160741704254058,-0.46997848270938497,,,1215.0,0.8089,21.4,81.0,2,0,0.25
Isaiah Hartenstein,Isaiah Hartenstein,,2021,1729217,0.0153825769032326,0.1023,0.0869,11499952,0.6432307413645239,0.9248787951858826,0.17028649426321482,,,287.0,0.2617,19.6,84.0,2,0,0.25
Kyle Kuzma,Kyle Kuzma,,2022,13000000,0.1051312118393918,0.1023,-0.0028,12649906,-1.1900503268263574,-0.6331104287181868,-0.4489665288846894,,,2204.0,0.8207,24.2,80.0,3,0,0.25
Reed Sheppard,Reed Sheppard,HOU,2026,11108880,0.0726070588235294,0.1022,0.0296,15636600,0.04093644635395842,-0.3757930004486859,1.0996456424934102,22.0,484.0,2147.0,0.8628,21.7,74.0,1,1,0.25
Donte DiVincenzo,Donte DiVincenzo,,2021,4675830,0.0415947301937481,0.1021,0.0605,11477469,0.44667865521332484,1.5626599578816092,0.7045795645861044,,,1814.0,0.7433,16.7,76.0,2,0,0.25
Ja Morant,Ja Morant,,2020,9166800,0.0839912039582188,0.1021,0.0181,11143194,-0.355504534336969,-0.11031859018145007,0.17262970316754633,,,2074.0,0.9306,25.9,74.0,0,0,0.25
Al-Farouq Aminu,Al-Farouq Aminu,ORL,2019,9258000,0.084827,0.102,0.0171,11132280,1.0207982782785452,0.8864921536744003,0.9026888705564075,,,2292.0,0.9878,13.7,81.0,0,0,0.25
Terence Davis,Terence Davis,SAC,2022,4000000,0.032348,0.102,0.0696,12612810,0.20135519006601194,0.37104806098040805,0.6167873257646319,,,536.0,0.4817,25.6,76.0,2,0,0.25
Kentavious Caldwell-Pope,Kentavious Caldwell-Pope,MEM,2026,21621500,0.1413169934640523,0.1019,-0.0394,15590700,-0.5773534146683159,-0.9434231456074336,-0.6310046985414607,33.0,1089.0,1088.0,0.778,17.7,77.0,7,1,0.3
Derrick Jones Jr.,Derrick Jones Jr.,,2023,3360000,0.0247020680630196,0.1018,0.0771,13846937,1.1150719580865136,-0.09260019687342493,0.23868557047341674,,,893.0,0.7183,14.5,78.0,4,0,0.25
Alex Caruso,Alex Caruso,,2023,9460000,0.0695480844869542,0.1017,0.0321,13833335,0.8495458603079722,1.1522044397036602,0.2566510085306362,,,1575.0,0.7,11.1,77.0,4,0,0.25
Deandre Ayton,Deandre Ayton,LAL,2025,8104000,0.0573905161180669,0.1017,0.0443,14360853,-0.33134888695152626,0.029724447787375378,-0.27285775901522497,27.0,729.0,1206.0,0.6085,19.4,84.0,6,1,0.25
Hamidou Diallo,Hamidou Diallo,WAS,2023,116075,0.000853,0.1014,0.1005,13792529,0.02472010976186443,-0.22300830165769095,0.4542708271600501,,,996.0,0.6317,21.8,77.0,4,0,0.25
Jevon Carter,Jevon Carter,,2023,6190476,0.0455111784209791,0.1014,0.0559,13792529,0.38628756205604864,-0.0155408622281768,,,,,,,72.0,4,0,0.25
Cameron Johnson,Cameron Johnson,,2024,22500000,0.1600421088570859,0.1013,-0.0588,14241564,0.41557432486662166,0.6609201145897746,,,,,,,80.0,4,1,0.25
VJ Edgecombe,VJ Edgecombe,PHI,2026,11663880,0.0762345098039215,0.1013,0.0251,15498900,-0.26820848415717874,-0.155666489673905,0.4112509180086767,20.0,400.0,2623.0,0.9146,20.1,76.0,0,1,0.25
Cole Anthony,Cole Anthony,,2022,3613680,0.0292238890461364,0.1012,0.072,12513886,-0.862322581112039,-0.5435676334584395,-0.3910975413019208,,,2059.0,0.7104,25.1,74.0,1,0,0.25
Marquese Chriss,Marquese Chriss,DAL,2021,1292900,0.011501,0.1012,0.0897,11376296,-0.39568742829181386,-0.028755895702013468,-1.874669606960953,,,27.0,0.3239,28.1,81.0,2,0,0.25
Jordan Clarkson,Jordan Clarkson,UTA,2025,10651561,0.0754317106679508,0.1011,0.0256,14276128,-1.0629728155885794,-0.2729744811247057,-0.3359597937034556,34.0,1156.0,962.0,,27.8,77.0,6,1,0.25
Blake Griffin,Blake Griffin,BRK,2021,2641691,0.0235,0.101,0.0775,11353814,0.4017524640930508,0.8702118383833918,-0.44158032212987863,,,626.0,0.3799,19.6,81.0,2,0,0.25
Markelle Fultz,Markelle Fultz,ORL,2020,12288697,0.112596,0.101,-0.0116,11023140,-0.31591712807639605,-0.15182170736865644,-0.008780574205880331,,,1996.0,0.7119,21.4,76.0,1,0,0.25
Rui Hachimura,Rui Hachimura,,2024,17000000,0.1209207044697982,0.1008,-0.0201,14171270,-0.2807391067957336,-0.5840868664317875,0.33732190843617466,,,1826.0,0.6268,18.5,80.0,4,1,0.25
Bobby Portis,Bobby Portis,,2021,4347600,0.0386748981443592,0.1007,0.0621,11320089,0.23327924739202305,0.2263565693762772,0.6173480429007348,,,1372.0,0.7457,20.9,81.0,2,0,0.25
Terance Mann,Terance Mann,,2022,1930681,0.0156134487080991,0.1006,0.085,12439693,0.10936143688304537,-0.7034654821365597,0.4566142351337546,,,2317.0,0.8529,16.0,78.0,2,0,0.25
Malik Beasley,Malik Beasley,MIN,2021,14391964,0.128026,0.1006,-0.0274,11308848,-0.22721421159078606,-0.33853531758279504,0.04193154092617076,,,1214.0,0.594,24.0,76.0,2,0,0.25
Derrick Rose,Derrick Rose,NYK,2022,14520730,0.117429,0.1006,-0.0168,12439693,0.24160245708355982,-0.33250247320332077,0.7332142174490116,,,636.0,0.4255,22.5,75.0,3,0,0.25
De'Andre Hunter,De'Andre Hunter,SAC,2026,24910714,0.1628151241830065,0.1004,-0.0624,15361200,-0.8370351562976711,-0.23520163781869236,-0.9008807314175581,28.0,784.0,1125.0,0.5366,22.9,79.0,6,1,0.25
Kelly Olynyk,Kelly Olynyk,,2019,11667885,0.1069075041231445,0.1004,-0.0065,10957656,0.7382796947340915,0.42564944936026183,0.390167743342981,,,1812.0,0.9634,18.0,84.0,0,0,0.25
Bub Carrington,bub carrington,WAS,2026,4900560,0.0320298039215686,0.1004,0.0684,15361200,,-2.9470418283189406,-1.994089505216438,20.0,400.0,2271.0,1.0,18.0,76.0,1,1,0.25
Nic Claxton,nic claxton,BRK,2025,25352272,0.1795384964024701,0.1004,-0.0792,14177283,,-0.33119101383004307,-0.4211635562774117,27.0,729.0,1882.0,0.872,16.8,83.0,5,1,0.25
Brandon Clarke,Brandon Clarke,,2022,4343920,0.0351293518256439,0.1002,0.065,12390231,0.971802872973357,1.1129740788468858,1.6780632230414771,,,1246.0,0.7672,17.7,80.0,2,0,0.25
Miles Bridges,Miles Bridges,,2021,5421493,0.0482279164516875,0.1002,0.052,11263882,0.28943698629236564,-0.4843138690561041,0.3001991533446404,,,1932.0,0.8684,17.3,79.0,2,0,0.25
Derrick Rose,Derrick Rose,DET,2019,7317073,0.067043,0.1001,0.0331,10924914,-0.3491503249464476,-0.27685467306982725,0.33325836719378976,,,1392.0,0.622,27.3,75.0,0,0,0.25
Nemanja Bjelica,Nemanja Bjelica,MIA,2020,7150000,0.065512,0.1,0.0345,10914000,0.5776271846622507,0.49444111740355656,0.6378592854639147,,,2011.0,0.9771,17.0,82.0,1,0,0.25
Harrison Barnes,Harrison Barnes,,2024,18000000,0.1280336870856687,0.0999,-0.0282,14044741,-0.24174555462264172,-0.17518751482176473,-0.24905293949406693,,,2381.0,0.9878,15.7,79.0,5,1,0.25
Jaden McDaniels,Jaden McDaniels,,2024,23017242,0.163721242211284,0.0999,-0.0638,14044741,0.28745265344074833,-0.9258534886730008,0.04863612396729892,,,2105.0,0.8988,15.7,81.0,3,1,0.25
Richaun Holmes,Richaun Holmes,SAC,2020,5005350,0.045862,0.0998,0.0539,10892172,1.1488169035648035,1.4905159298965087,0.8751881429596162,,,1242.0,0.7021,15.6,81.0,1,0,0.25
Devonte' Graham,Devonte' Graham,SAS,2022,11550000,0.093405,0.0998,0.0064,12340769,-0.41960264391901236,0.10241967520116615,-0.15101013448531547,,,2162.0,0.8396,19.5,73.0,3,0,0.25
Tyrese Haliburton,Tyrese Haliburton,,2022,4215120,0.0340877441268044,0.0997,0.0656,12328403,0.40259152515375135,0.6460723607067749,1.340149670549239,,,1757.0,0.654,18.3,77.0,1,0,0.25
Naji Marshall,Naji Marshall,DAL,2025,9000000,0.0637357656789983,0.0997,0.036,14078437,-0.4523260720017476,-0.5174418917727814,0.28000575302480607,28.0,784.0,1919.0,,20.0,78.0,4,1,0.25
Royce O'Neale,Royce O'Neale,PHO,2025,10125000,0.0717027363888731,0.0996,0.0279,14064316,-0.33134888695152626,0.22831059062197695,0.04073052504456091,33.0,1089.0,1837.0,,15.5,78.0,6,1,0.25
Ivica Zubac,Ivica Zubac,,2023,10933333,0.0803797428338271,0.0996,0.0192,13547691,0.1151119728354105,0.3104793997324883,,,,,,,84.0,4,0,0.25
Mason Plumlee,Mason Plumlee,,2023,5000000,0.036759029855684,0.0996,0.0628,13547691,0.10946248139331387,0.9684475647803762,0.0872301053328073,,,1597.0,0.7451,15.7,84.0,4,0,0.25
Tony Bradley,Tony Bradley,IND,2025,3204816,0.0226957112911449,0.0996,0.0769,14064316,0.4117966783569766,0.138519375678641,0.6333130842995189,28.0,784.0,113.0,0.3402,20.1,82.0,6,1,0.25
Cameron Payne,Cameron Payne,PHI,2025,712637,0.0050467183162427,0.0995,0.0945,14050196,-0.10667697185825797,0.4634153474544772,0.13618436431914333,31.0,961.0,1090.0,,20.8,74.0,6,1,0.25
Malcolm Brogdon,Malcolm Brogdon,IND,2019,20000000,0.183251,0.0994,-0.0838,10848516,0.42910841462884014,1.1000534068931473,1.4839053393937098,,,1832.0,0.7805,20.7,76.0,0,0,0.25
Tyus Jones,Tyus Jones,,2023,14000000,0.1029252835959153,0.0992,-0.0037,13493283,0.06991604129863746,-0.21115301940457584,0.3799075582396607,,,1940.0,0.9256,17.7,72.0,4,0,0.25
Marcus Morris,Marcus Morris,LAC,2020,14883721,0.136373,0.0991,-0.0372,10815774,,,0.37257113790707574,,,1387.0,0.7163,24.4,80.0,1,0,0.25
P.J. Washington,P.J. Washington,,2021,4215120,0.0374963972458946,0.0991,0.0616,11140227,0.019879839570721265,-0.15023802192977098,0.17558269379411226,,,1954.0,0.7899,19.4,79.0,1,0,0.25
Chris Boucher,Chris Boucher,,2024,10810000,0.0768913420775599,0.099,0.0221,13918212,0.8890674583970233,0.09334340265347417,-0.03878281076623386,,,705.0,0.778,17.3,80.0,5,1,0.25
Derrick White,Derrick White,,2019,1948080,0.0178493677844969,0.099,0.0811,10804860,0.7862545485435269,0.6841709664145346,0.5534875506350387,,,1728.0,0.8171,17.7,76.0,0,0,0.25
Kelly Olynyk,Kelly Olynyk,SAS,2025,13445122,0.0952150161463939,0.0989,0.0037,13965471,0.31962358498537924,-0.17290931507450827,-0.4551169353482364,35.0,1225.0,508.0,,18.2,84.0,6,1,0.25
Aaron Nesmith,Aaron Nesmith,IND,2025,11000000,0.0778992691632202,0.0988,0.0209,13951350,0.7574457785004663,-0.22833687071473197,0.7643218771293987,26.0,676.0,1122.0,0.7159,17.4,77.0,4,1,0.25
Jerami Grant,Jerami Grant,,2019,9346153,0.0856345336265347,0.0988,0.0131,10783032,0.3971251787558831,0.8021916589827895,0.666969561062716,,,2612.0,0.9756,15.4,79.0,0,0,0.25
Gary Harris,Gary Harris,,2019,17839286,0.1634532343778633,0.0988,-0.0647,10783032,0.4184473360045211,-0.34991510180255647,0.5733553210066499,,,1639.0,0.6951,20.0,76.0,0,0,0.25
Max Strus,Max Strus,,2024,15212068,0.1082031752354397,0.0986,-0.0096,13861976,0.02563880313570272,0.4473159756890163,0.4633678143310359,,,2239.0,0.8854,17.4,77.0,3,1,0.25
Trey Lyles,Trey Lyles,SAC,2023,8000000,0.058814,0.0986,0.0398,13411670,0.14900892148799028,0.18599893607477982,,,,,,,81.0,4,0,0.25
Eric Gordon,Eric Gordon,,2022,19568360,0.158249646193037,0.0986,-0.0596,12192383,-0.32185928116211043,-1.6436648323639063,-0.2698482339856438,,,1670.0,0.5463,18.6,75.0,3,0,0.25
Herbert Jones,Herbert Jones,,2023,12015150,0.0883330515141044,0.0985,0.0102,13398068,0.7761024715607161,0.7313419197180742,0.5331823082468241,,,1951.0,0.8598,14.5,79.0,1,0,0.25
Javonte Green,Javonte Green,,2024,1728488,0.0122947050957407,0.0984,0.0861,13833859,1.2957145024878387,,1.6064938180226807,,,230.0,0.3305,16.7,77.0,4,1,0.25
Jose Alvarado,Jose Alvarado,NYK,2025,4500000,0.0318678828394991,0.0984,0.0665,13894867,0.2792978566353055,-0.6404955744451906,-0.28086563143758925,28.0,784.0,1366.0,,19.8,72.0,3,1,0.25
Marcus Smart,Marcus Smart,LAL,2025,5134000,0.0363577134439975,0.0984,0.062,13894867,0.07190839654921169,-0.0030172546810675028,0.05514469540481664,32.0,1024.0,400.0,0.3378,20.0,75.0,6,1,0.25
Joe Ingles,Joe Ingles,,2020,10863637,0.0995385468205974,0.0984,-0.0011,10739376,0.7585981847105844,0.6604535861523818,0.8338994239158435,,,2137.0,1.0,15.1,80.0,1,0,0.25
Saddiq Bey,Saddiq Bey,,2023,4556983,0.0335020548297689,0.0982,0.0647,13357262,-0.009176838890715338,0.1089396014295317,0.12952847848018473,,,1500.0,0.7878,21.3,80.0,2,0,0.25
Shake Milton,Shake Milton,PHI,2021,1846738,0.016428,0.0982,0.0818,11039054,-0.6147026100031499,-0.5268326132358191,0.22542927761432358,,,1461.0,0.5996,24.9,77.0,2,0,0.25
Gary Payton II,Gary Payton II,,2022,8300000,0.067122235251304,0.0982,0.0311,12142921,1.0637966261563234,1.6758145061938692,2.291543383070708,,,1248.0,0.5501,14.3,74.0,3,0,0.25
Dejounte Murray,Dejounte Murray,,2020,14286000,0.1308960967564596,0.0981,-0.0328,10706634,0.012092809511208471,0.05569387856737525,0.3098252892814998,,,1687.0,,20.8,76.0,1,0,0.25
Dalano Banton,Dalano Banton,,2024,2196970,0.0156270094175889,0.0981,0.0825,13791682,-0.5926875241804688,-0.5169541370629778,-0.7936061043624191,,,876.0,0.4524,27.2,80.0,2,1,0.25
Darius Garland,Darius Garland,,2021,7040880,0.0626334798156813,0.0981,0.0355,11027813,-0.6147026100031499,-0.5572031447927585,-0.37709130431248034,,,1790.0,0.7189,24.9,73.0,1,0,0.25
Talen Horton-Tucker,Talen Horton-Tucker,CHI,2024,2087519,0.014848,0.0981,0.0832,13791682,-0.1748994651830556,0.10554935344780322,-0.22523781441715765,,,1009.0,,24.0,76.0,4,1,0.25
Harrison Barnes,Harrison Barnes,,2019,24147727,0.2212545995968481,0.0978,-0.1234,10673892,-0.30650601044917153,-0.945638597623272,-0.002810019770073373,,,1584.0,0.5976,23.7,79.0,0,0,0.25
Jonathan Isaac,Jonathan Isaac,ORL,2026,14500000,0.0947712418300653,0.0978,0.003,14963400,0.4551906532388822,0.31780987401675653,-0.6042982161214302,28.0,784.0,521.0,0.7183,12.4,82.0,7,1,0.3
Gui Santos,Gui Santos,GSW,2026,4629630,0.0302590196078431,0.0977,0.0674,14948100,0.39336166713665477,0.13776312251730166,0.08690771703909587,24.0,576.0,1395.0,0.6756,18.7,79.0,2,1,0.25
Dwight Powell,Dwight Powell,,2021,11080125,0.0985653477324888,0.0977,-0.0009,10982847,1.4182075381892514,0.4814690344545679,0.4812045608417827,,,966.0,0.7081,13.2,82.0,2,0,0.25
Grant Williams,Grant Williams,CHO,2026,14265750,0.0932401960784313,0.0976,0.0044,14932800,0.6468605101557873,0.24288096626326364,0.5939794819352011,27.0,729.0,711.0,0.3927,14.1,79.0,6,1,0.25
Lonzo Ball,Lonzo Ball,,2022,19534884,0.1579789252355343,0.0974,-0.0606,12043997,0.4313395730234284,0.6396764467596501,0.7573262956084984,,,1212.0,0.5896,17.4,77.0,3,0,0.25
Franz Wagner,Franz Wagner,,2022,5258280,0.042523796045449,0.0974,0.0549,12043997,-0.2701127949966918,-0.2109801082079495,0.5117275566411532,,,2429.0,0.9634,21.2,82.0,0,0,0.25
Max Strus,Max Strus,,2023,14487684,0.1065106417391432,0.0974,-0.0091,13248445,-0.2747029366692569,-0.7564960030478702,-0.33211505640785915,,,2272.0,0.8317,17.6,77.0,2,0,0.25
Jaren Jackson Jr.,Jaren Jackson Jr.,,2020,7257360,0.066495876855415,0.0973,0.0308,10619322,0.6454913096803758,0.11498404597767002,,,,,,,82.0,1,0,0.25
Tim Hardaway Jr.,Tim Hardaway Jr.,,2021,21306816,0.1895388118917572,0.0973,-0.0922,10937882,0.55899413301401,-0.08949695881589223,,,,,,,77.0,2,0,0.25
Kevin Porter Jr.,Kevin Porter Jr.,,2023,15860000,0.1165996427022298,0.0973,-0.0193,13234843,0.380638070613952,-0.4482586644668778,,,,,,,77.0,3,0,0.25
Michael Carter-Williams,Michael Carter-Williams,ORL,2022,652829,0.005279,0.0972,0.0919,12019266,0.356594648562268,,,,,,,,78.0,3,0,0.25
Montrezl Harrell,Montrezl Harrell,CHO,2021,9720900,0.086474,0.0972,0.0108,10926640,0.1209637695913379,0.9370270078086583,0.8647117151085332,,,1580.0,0.8832,21.7,79.0,2,0,0.25
Cole Anthony,Cole Anthony,,2023,5539771,0.0407273215165305,0.0971,0.0564,13207639,-0.12216666773264791,0.3401176053652761,0.01877951222871804,,,1552.0,0.7183,21.5,74.0,2,0,0.25
JaVale McGee,JaVale McGee,,2022,5461219,0.0441649670454086,0.0971,0.0529,12006900,-0.21261669925733762,0.6844478443895237,0.07839906628923139,,,1172.0,0.7608,22.8,84.0,3,0,0.25
Bruce Brown,Bruce Brown,,2022,6479000,0.0523957785774938,0.097,0.0446,11994535,0.5750798123718137,0.16637881467241422,0.8458520682797576,,,1774.0,0.8379,15.0,76.0,3,0,0.25
Ausar Thompson,Ausar Thompson,DET,2026,11117925,0.0726661764705882,0.097,0.0243,14841000,0.5479341323922234,1.604136673189874,1.7061639142956815,23.0,529.0,1896.0,0.8146,16.9,79.0,2,1,0.25
Al Horford,Al Horford,,2024,9500000,0.0675733348507696,0.097,0.0294,13637036,0.6161125931853799,0.20319695980243555,0.5475920371640077,,,1740.0,0.7951,12.0,80.0,5,1,0.25
Saddiq Bey,Saddiq Bey,,2024,6440678,0.0458124306484194,0.0969,0.051,13622977,-0.07463033102367643,-0.4193065307083455,0.04979783738568474,,,2062.0,0.7744,17.0,80.0,3,1,0.25
Richaun Holmes,Richaun Holmes,SAC,2022,11215260,0.090698,0.0968,0.0061,11969804,0.5405821549282012,-0.012706775847080395,-0.3049829764466104,,,1074.0,0.6198,15.8,81.0,3,0,0.25
Paul Reed,Paul Reed,,2024,2485563,0.0176797664096508,0.0966,0.0789,13580800,0.6383946229985753,0.795185573327394,0.3146684967776512,,,1590.0,0.8451,15.9,81.0,3,1,0.25
Daniel Gafford,Daniel Gafford,,2021,1782621,0.0158576422865479,0.0964,0.0806,10836709,1.1430346175775727,1.2103617918211127,1.5859294747572152,,,408.0,0.3993,18.9,82.0,1,0,0.25
Nic Claxton,nic claxton,,2024,27556817,0.1960111602697243,0.0964,-0.0996,13552683,,1.1430551709657717,0.08290666980968056,,,2116.0,0.8256,15.6,83.0,4,1,0.25
Kelly Oubre Jr.,Kelly Oubre Jr.,,2019,15625000,0.143164742532527,0.0963,-0.0469,10510182,-0.22121738145461944,-0.2094142773165387,0.219102873024702,,,1180.0,0.4878,24.7,80.0,0,0,0.25
Josh Richardson,Josh Richardson,MIA,2023,2891467,0.021258,0.0963,0.075,13098822,-0.09956870196426137,-0.916542313464924,0.07404029005029177,,,997.0,0.561,20.5,77.0,4,0,0.25
T.J. Warren,T.J. Warren,IND,2021,12690000,0.112886,0.0962,-0.0166,10814226,0.5926887763542155,-0.5086102943016554,-0.5559159237674882,,,117.0,0.4084,21.6,80.0,2,0,0.25
Brandon Clarke,Brandon Clarke,,2021,2726880,0.0242574768267297,0.0962,0.0719,10814226,0.7667777669452774,0.9309529014972706,0.7397837144091287,,,1415.0,0.7518,17.2,80.0,1,0,0.25
Payton Pritchard,Payton Pritchard,,2024,6696429,0.0476315830654109,0.0961,0.0485,13510506,0.42671533977321935,1.2407027773204038,0.5574666012202872,,,1825.0,0.8488,17.2,73.0,3,1,0.25
Alec Burks,Alec Burks,NYK,2020,6000000,0.054975,0.0961,0.0412,10488354,-0.32722781557941694,-0.7802974819177809,0.14044400879484162,,,1390.0,0.5722,23.8,77.0,1,0,0.25
Jaren Jackson Jr.,Jaren Jackson Jr.,,2021,9180560,0.0816674079740957,0.096,0.0143,10791744,0.42421555965318786,0.7365814995328586,,,,,,,82.0,2,0,0.25
Maxi Kleber,Maxi Kleber,,2022,9000000,0.0727831466580405,0.0958,0.023,11846149,0.6498247368329739,-0.19818828031369987,-0.19441187517239186,,,1450.0,0.7482,13.3,82.0,3,0,0.25
Saddiq Bey,Saddiq Bey,,2022,2959080,0.0239301281792082,0.0955,0.0716,11809052,-0.8450737523902327,-1.1575753723824211,0.025352494338360215,,,2704.0,0.9451,21.3,80.0,1,0,0.25
Frank Kaminsky,Frank Kaminsky,PHO,2019,4767000,0.043678,0.0955,0.0518,10422870,0.4077862573802021,0.3357289216892105,-0.5564136552095432,,,755.0,0.5732,22.1,84.0,0,0,0.25
Luke Kennard,Luke Kennard,,2022,14415545,0.1165787473211758,0.0954,-0.0212,11796687,-0.011380364169598273,-0.4604207521458169,0.739758924378015,,,1919.0,0.7351,16.8,77.0,3,0,0.25
Danny Green,Danny Green,CLE,2022,2000000,0.016174,0.0954,0.0793,11796687,1.0925446740260005,-0.38366978478031927,0.08528823147765621,,,1353.0,0.8194,12.3,78.0,3,0,0.25
Josh Richardson,Josh Richardson,DAL,2020,10865952,0.09956,0.0953,-0.0042,10401042,0.0969229657838648,-0.13996367388659747,0.13004055202790674,,,1693.0,0.8113,20.6,77.0,1,0,0.25
Deandre Ayton,Deandre Ayton,,2019,9562920,0.0876206706981858,0.095,0.0073,10368300,-0.4077862573802022,-0.09701361772772443,-0.26344822769595516,,,2183.0,0.8659,21.2,84.0,0,0,0.25
Coby White,Coby White,,2021,5837760,0.0519308982866902,0.095,0.0431,10679330,-0.6427814794533212,-0.8062415035596612,-0.684893959402285,,,2156.0,0.8645,22.5,76.0,1,0,0.25
David Nwaba,David Nwaba,OKC,2022,5022000,0.040613,0.0949,0.0543,11734859,0.8798091197903904,0.5117581678171538,0.33536492781747756,,,609.0,0.4458,15.8,77.0,3,0,0.25
Dewayne Dedmon,Dewayne Dedmon,ATL,2019,13333333,0.122167,0.0948,-0.0274,10346472,0.6529910657395395,0.4312694823397025,-0.06914816829901231,,,1609.0,0.7805,16.7,82.0,0,0,0.25
Bol Bol,Bol Bol,PHO,2023,2019706,0.014848,0.0948,0.0799,12894790,0.1320604471617004,-0.30599527742949667,,,,,,,87.0,3,0,0.25
Mikal Bridges,Mikal Bridges,,2020,4359000,0.0399395272127542,0.0945,0.0545,10313730,1.131850872310272,-0.19332482455586275,0.9223288064347899,,,2042.0,1.0087,12.7,78.0,1,0,0.25
Trey Burke,Trey Burke,DAL,2019,229220,0.0021,0.0945,0.0924,10313730,-0.013326348280398774,-0.2318944092343015,-0.23583539429812278,,,689.0,0.4024,26.1,72.0,0,0,0.25
Isaiah Joe,Isaiah Joe,,2024,12991650,0.0924093806014738,0.0943,0.0019,13257448,0.8110803540508394,-0.10195181005579047,0.44129525938170533,,,1445.0,0.8768,16.6,76.0,3,1,0.25
Klay Thompson,Klay Thompson,,2021,37980720,0.3378646787766648,0.0942,-0.2436,10589398,0.4859890724435646,,,,,,,,77.0,2,0,0.25
Keldon Johnson,Keldon Johnson,SAS,2025,17500000,0.1239306554869412,0.0942,-0.0297,13301793,-0.9823213588884318,-0.595146756707941,-0.16843510262759454,26.0,676.0,1838.0,,21.6,78.0,5,1,0.25
Keldon Johnson,Keldon Johnson,,2021,2145720,0.0190876581208746,0.0942,0.0751,10589398,-0.4013032021818481,-0.16846034086393455,-0.26119799693048906,,,1968.0,0.6145,19.2,78.0,1,0,0.25
Grant Williams,Grant Williams,,2023,12405000,0.0911991530719521,0.0942,0.003,12813178,0.26199875032992287,0.16821601269510716,,,,,,,79.0,3,0,0.25
Dejounte Murray,Dejounte Murray,,2019,2321735,0.0212729979842404,0.0941,0.0729,10270074,0.8662126382259195,,,,,,,,76.0,0,0,0.25
Santi Aldama,Santi Aldama,MEM,2026,17007043,0.1111571437908496,0.094,-0.0172,14382000,-0.11363601890161018,-0.5232728971530709,0.2836923243445837,25.0,625.0,1198.0,0.6488,20.2,84.0,4,1,0.25
T.J. Warren,T.J. Warren,PHO,2022,1836090,0.014848,0.094,0.0791,11623570,0.24160245708355982,,,,,,,,80.0,3,0,0.25
Markelle Fultz,Markelle Fultz,ORL,2022,16500000,0.133436,0.0939,-0.0396,11611204,-0.4598499109365603,0.27510935177353596,0.5399731339136951,,,360.0,0.339,27.5,76.0,3,0,0.25
Naji Marshall,Naji Marshall,DAL,2026,9428571,0.0616246470588235,0.0938,0.0321,14351400,-0.8432180549078938,-0.5207088634947735,0.26155405602271636,28.0,784.0,2184.0,0.8646,20.5,78.0,5,1,0.25
Lauri Markkanen,Lauri Markkanen,,2021,15690909,0.1395814489298485,0.0938,-0.0457,10544433,-0.06997254266982685,-0.46001744381055254,0.24412174654690277,,,1317.0,0.6461,20.2,85.0,2,0,0.25
Reggie Bullock,Reggie Bullock,DAL,2021,9536000,0.084829,0.0937,0.0088,10533191,0.1434268651514749,,0.3441264553362016,,,1949.0,0.6245,14.4,78.0,2,0,0.25
Kevin Huerter,Kevin Huerter,DET,2025,17991071,0.1274082983966914,0.0937,-0.0337,13231189,0.2332113099495069,-0.16032772026886702,-0.4775389781308564,27.0,729.0,899.0,0.6793,17.2,78.0,6,1,0.25
Joe Harris,Joe Harris,BRK,2021,17357143,0.154404,0.0936,-0.0608,10521950,0.17712150849168048,0.39035743978374976,0.6746716142939777,,,2141.0,0.8936,16.2,78.0,2,0,0.25
Harrison Barnes,Harrison Barnes,,2020,22215909,0.2035542330951072,0.0936,-0.11,10215504,-0.32722781557941694,-0.06288645625321429,-0.011056330373647333,,,2482.0,0.8491,17.4,79.0,1,0,0.25
Mason Plumlee,Mason Plumlee,,2021,8137500,0.0723886704502997,0.0935,0.0212,10510709,0.4691417507734618,0.39035743978374976,0.30113377679126946,,,1499.0,0.7956,16.3,84.0,2,0,0.25
Terance Mann,Terance Mann,,2023,10576923,0.0777594856676542,0.0935,0.0157,12717963,0.3636895962876622,0.30455175860593076,0.153179181745385,,,1872.0,0.9537,15.3,78.0,3,0,0.25
Larry Nance Jr.,Larry Nance Jr.,,2024,11205000,0.0797009702108288,0.0934,0.0137,13130919,0.9893365925564024,-0.1446726378359421,0.2914342284099349,,,1216.0,0.7,11.3,78.0,5,1,0.25
Justin Holiday,Justin Holiday,SAC,2021,6006420,0.053431,0.0932,0.0397,10476984,0.22204769961195453,-0.7090558025774554,0.08866271325761885,,,2183.0,0.8359,14.0,78.0,2,0,0.25
Kyle Anderson,Kyle Anderson,,2022,8780488,0.0710079495370183,0.0932,0.0222,11524646,0.48883566876278245,0.81236612333202,0.4125235779278357,,,1484.0,0.8593,16.2,80.0,3,0,0.25
Kevin Love,Kevin Love,,2021,31258256,0.2780637287170637,0.093,-0.1851,10454502,0.07603757847106385,1.2711028549349916,0.040685376330665476,,,622.0,0.4394,21.9,82.0,2,0,0.25
John Collins,John Collins,,2020,4137302,0.0379082096389957,0.093,0.0551,10150020,-0.03880528425238535,0.8976142557935609,1.272795256270908,,,1363.0,0.6349,22.7,81.0,1,0,0.25
Kenrich Williams,Kenrich Williams,,2023,6175000,0.0453974018717698,0.093,0.0476,12649953,0.6461641683924935,0.25120298846691286,0.5202199035726277,,,1206.0,0.6634,13.7,79.0,4,0,0.25
Devin Vassell,Devin Vassell,,2023,5887899,0.0432866910256504,0.093,0.0497,12649953,-0.35944530830070626,-0.36527168869507204,0.09769099331549204,,,1178.0,0.6427,24.4,77.0,2,0,0.25
Monte Morris,Monte Morris,IND,2025,321184,0.0022745453515381,0.0929,0.0906,13118223,0.2735370382995807,-0.057196708888948976,-0.3872101772065871,30.0,900.0,571.0,0.5244,18.1,74.0,6,1,0.25
Javonte Green,Javonte Green,DET,2025,2296274,0.016261642399864,0.0929,0.0766,13118223,0.5903820467644462,-1.061218859495748,-0.3782413600935391,32.0,1024.0,1092.0,0.4159,10.9,77.0,5,1,0.25
Luka Garza,Luka Garza,BOS,2026,2801346,0.0183094509803921,0.0929,0.0746,14213700,0.5912144226637827,0.5496234911622652,0.5173740455198504,27.0,729.0,1118.0,,17.7,82.0,3,1,0.25
Robin Lopez,Robin Lopez,MIL,2019,4767000,0.043678,0.0927,0.049,10117278,0.32782816769780954,-1.2940806423485962,-1.0992415507864444,,,1606.0,0.9024,18.6,85.0,0,0,0.25
Derrick Favors,Derrick Favors,UTA,2020,9258000,0.084827,0.0926,0.0077,10106364,1.2732344660980326,1.010265573873121,0.6700449798366194,,,1243.0,0.7903,14.0,81.0,1,0,0.25
Nickeil Alexander-Walker,Nickeil Alexander-Walker,,2022,5009633,0.0405129837046621,0.0926,0.0521,11450453,-0.7703288279290725,-0.658694084506686,-0.8061697439045168,,,1317.0,0.6037,24.8,77.0,2,0,0.25
Kent Bazemore,Kent Bazemore,LAL,2021,2401537,0.021363,0.0925,0.0711,10398295,0.7050042541549008,-0.022681789390625588,0.34848803142047013,,,1333.0,0.7511,16.3,76.0,2,0,0.25
P.J. Washington,P.J. Washington,,2022,5808435,0.0469729084954106,0.0923,0.0453,11413356,0.24735206665749523,0.2431297820379119,-0.290171271291497,,,1768.0,0.7916,15.6,79.0,2,0,0.25
Luguentz Dort,Luguentz Dort,,2022,15277778,0.1235516396425538,0.0923,-0.0313,11413356,-0.8393241428162973,-0.18539645241945024,-0.3370175945727859,,,1665.0,0.6012,23.3,76.0,2,0,0.25
Daniel Gafford,Daniel Gafford,,2022,1930681,0.0156134487080991,0.0923,0.0767,11413356,0.2358528475096244,0.5437377375527779,0.19138137537939862,,,1444.0,0.6426,16.7,82.0,2,0,0.25
Santi Aldama,Santi Aldama,MEM,2025,18485916,0.1309126678375163,0.0922,-0.0387,13019377,0.08919085155638617,0.9793216997715535,0.7819391964586002,25.0,625.0,1660.0,0.8073,18.5,84.0,3,1,0.25
Marcus Morris,Marcus Morris,LAC,2019,15000000,0.137438,0.0922,-0.0453,10062708,,,0.08002848042342395,,,2091.0,0.9146,20.9,80.0,0,0,0.25
Eric Bledsoe,Eric Bledsoe,POR,2022,1300000,0.010513,0.0921,0.0816,11388625,-0.06312685033501697,0.08323193335979173,-0.16582183964042885,,,1361.0,0.7585,20.5,73.0,3,0,0.25
Enes Freedom,enes freedom,BOS,2019,4767000,0.043678,0.0919,0.0483,10029966,,1.0269929781604181,-0.39881845971947516,,,1128.0,0.5366,22.9,82.0,0,0,0.25
Kyle Kuzma,Kyle Kuzma,,2020,3562178,0.032638610958402,0.0919,0.0593,10029966,-0.15756750303410422,-0.35933729330468817,-0.15898048127850242,,,1526.0,0.8496,22.9,80.0,1,0,0.25
RJ Barrett,RJ Barrett,,2024,25794643,0.1834768472415853,0.0919,-0.0916,12920037,-0.6316810763535605,0.020107697887499935,0.23799541116418724,,,1072.0,0.6329,25.7,78.0,4,1,0.25
Monte Morris,Monte Morris,,2023,9800926,0.07205450628947,0.0917,0.0197,12473125,0.0755655327407341,0.43495986339019677,0.1490857907956388,,,1695.0,0.7671,15.6,74.0,4,0,0.25
Devin Vassell,Devin Vassell,,2022,4437000,0.0358820913024139,0.0916,0.0558,11326798,0.06911416986549748,0.1343992449367902,0.5296393861310578,,,1937.0,0.8247,18.9,77.0,1,0,0.25
Kendrick Nunn,Kendrick Nunn,LAL,2021,5000000,0.044478,0.0916,0.0471,10297122,-0.030662125439587035,0.2688753135559923,0.003923520763259659,,,1650.0,0.7758,20.9,75.0,1,0,0.25
Herbert Jones,Herbert Jones,,2022,1785000,0.014435324087178,0.0915,0.077,11314432,0.6555743464069094,0.9658680580630153,0.5930197058645662,,,2335.0,0.9512,13.7,79.0,0,0,0.25
Danilo Gallinari,Danilo Gallinari,ATL,2021,20475000,0.182139,0.0915,-0.0907,10285881,0.08726912625113235,0.01376284847770165,0.6058210203923109,,,1222.0,0.7352,21.2,82.0,2,0,0.25
Brandon Clarke,Brandon Clarke,,2024,12500000,0.088912282698381,0.0915,0.0026,12863802,0.6049715782787822,,0.765703731465945,,,134.0,0.3976,20.8,80.0,4,1,0.25
Patty Mills,Patty Mills,SAS,2019,12428571,0.113877,0.0914,-0.0225,9975396,0.5570413581206682,0.2739085589153626,0.09787579957080345,,,1908.0,1.0,18.5,74.0,0,0,0.25
Keon Johnson,Keon Johnson,BRK,2025,2349578,0.0166391280947255,0.0914,0.0748,12906411,-1.03992954224568,-1.3232642420120497,-0.7401971935844052,24.0,576.0,1925.0,0.5976,21.7,77.0,3,1,0.25
Shabazz Napier,Shabazz Napier,WAS,2019,1845301,0.016908,0.0913,0.0744,9964482,0.3917946394437236,0.8583919887771967,0.3699632311006646,,,983.0,0.6829,24.0,72.0,0,0,0.25
Lauri Markkanen,Lauri Markkanen,,2020,6731508,0.0616777350192413,0.0912,0.0295,9953568,-0.23674231555525013,0.20984831383414165,0.072821539809765,,,1492.0,0.6718,21.1,85.0,1,0,0.25
Gordon Hayward,Gordon Hayward,BOS,2019,32700690,0.299621,0.0911,-0.2085,9942654,0.35981140357076663,0.6897909993939753,0.6865005895636218,,,1863.0,0.878,19.0,79.0,0,0,0.25
Caleb Martin,Caleb Martin,,2022,6479000,0.0523957785774938,0.0911,0.0387,11264970,0.5405821549282012,0.16637881467241422,1.1093626367370073,,,1372.0,0.6098,16.3,77.0,2,0,0.25
OG Anunoby,OG Anunoby,TOR,2020,3872215,0.035479,0.0911,0.0556,9942654,0.6511466534318863,0.5003701341445861,0.9249296706265234,,,2066.0,0.9054,14.3,79.0,1,0,0.25
Patrick Beverley,Patrick Beverley,MIN,2021,14320988,0.127395,0.0911,-0.0363,10240915,1.1767292609177784,0.6333216922392647,0.08118572568458716,,,832.0,0.6284,14.6,74.0,2,0,0.25
Michael Porter Jr.,Michael Porter Jr.,,2020,3550800,0.0325343595382078,0.0909,0.0584,9920826,0.36272412210485466,0.5833763685189987,0.6472874181589494,,,903.0,,22.3,82.0,1,0,0.25
Talen Horton-Tucker,Talen Horton-Tucker,LAL,2021,9500000,0.084509,0.0908,0.0063,10207191,-0.10366718601003241,-0.2534978292233648,0.4731044909709983,,,1304.0,0.5267,21.7,76.0,1,0,0.25
Kelly Oubre Jr.,Kelly Oubre Jr.,,2024,7983000,0.0567829402224941,0.0908,0.0341,12765390,-0.007784241584090329,-0.022613129892651712,,,,,,,80.0,5,1,0.25
Bennedict Mathurin,Bennedict Mathurin,LAC,2025,9187573,0.0650641110985213,0.0908,0.0257,12821686,-0.774931898802338,-0.4862674911709684,-0.1620288046897031,24.0,576.0,2149.0,0.8451,22.8,77.0,2,1,0.25
Eric Gordon,Eric Gordon,,2021,18218818,0.162068941590905,0.0907,-0.0713,10195949,-0.3732243327316768,-0.15023802192977098,-0.11508519810749478,,,789.0,0.4805,25.2,75.0,2,0,0.25
Andre Drummond,Andre Drummond,,2022,3200000,0.025878452145081,0.0906,0.0647,11203143,0.27035050495323687,1.643834936458245,0.417345993559733,,,902.0,0.5264,17.6,83.0,3,0,0.25
Brandon Miller,Brandon Miller,,2024,11424600,0.0812629811932739,0.0906,0.0094,12737272,-0.6929566583398479,-1.8046819458646917,-0.29261719268353503,,,2383.0,0.9024,23.9,79.0,0,1,0.25
Jae'Sean Tate,Jae'Sean Tate,,2022,7065217,0.0571365250090979,0.0906,0.0335,11203143,-0.1551206035179835,-0.35808612899182,-0.3222058894176725,,,2056.0,0.9146,19.6,76.0,1,0,0.25
Derik Queen,Derik Queen,NOP,2026,5416080,0.0353992156862745,0.0905,0.0551,13846500,-0.286757179987847,-0.056550367927329225,-0.7719165334155688,21.0,441.0,2023.0,0.9878,21.8,81.0,0,1,0.25
Isaiah Joe,Isaiah Joe,OKC,2026,11323006,0.0740065751633986,0.0905,0.0165,13846500,0.18314311438908154,0.7637321155603628,0.987900097630651,26.0,676.0,1507.0,0.8939,18.4,76.0,5,1,0.25
David Nwaba,David Nwaba,HOU,2021,4650000,0.041365,0.0905,0.0492,10173467,0.7218515758250035,-0.16238623455254667,0.3783959817125969,,,679.0,0.3907,16.6,77.0,2,0,0.25
Nemanja Bjelica,Nemanja Bjelica,SAC,2019,6825000,0.062534,0.0904,0.0279,9866256,0.7276186161097724,0.734751263229501,0.48916985333033147,,,1788.0,0.939,16.5,82.0,0,0,0.25
Michael Carter-Williams,Michael Carter-Williams,ORL,2020,3300000,0.030236,0.0903,0.0601,9855342,0.6850787159409488,0.40550586628811436,0.9086742694281877,,,833.0,0.4455,18.3,78.0,1,0,0.25
Walker Kessler,Walker Kessler,UTA,2025,4878938,0.0345514276811512,0.0901,0.0555,12722840,0.5212522267357483,0.5021894049618992,0.22266938648067774,24.0,576.0,1740.0,0.7683,13.7,86.0,2,1,0.25
Bam Adebayo,Bam Adebayo,,2019,3454080,0.031648158328752,0.0901,0.0584,9833514,0.7489407733584105,0.8640120217566374,0.258501671897219,,,1913.0,1.0,15.8,81.0,0,0,0.25
Jay Huff,Jay Huff,IND,2026,2667944,0.0174375424836601,0.0901,0.0727,13785300,-0.020892539748269014,0.09760105009309464,-0.5329637959731908,27.0,729.0,1719.0,0.7829,18.0,85.0,2,1,0.25
Ivica Zubac,Ivica Zubac,,2020,7000000,0.0641378046545721,0.09,0.0258,9822600,0.7585981847105844,1.8581149678403361,1.016610133385137,,,1326.0,0.7439,16.4,84.0,1,0,0.25
Rudy Gay,Rudy Gay,SAS,2020,14500000,0.132857,0.09,-0.0429,9822600,0.04602487202027101,0.22170634731620062,-0.09558441660499309,,,1461.0,0.8971,22.0,80.0,1,0,0.25
Fred VanVleet,Fred VanVleet,,2019,9346153,0.0856345336265347,0.09,0.0043,9822600,0.5357192008720302,0.5717703068257204,0.5430485526431752,,,1760.0,0.7805,17.9,72.0,0,0,0.25
Kevin Huerter,Kevin Huerter,,2021,4253357,0.0378365417118864,0.0898,0.052,10094777,-0.1261302815701694,0.4875431407659558,0.5777823169934421,,,2126.0,0.837,17.2,78.0,2,0,0.25
Tim Hardaway Jr.,Tim Hardaway Jr.,,2022,19602273,0.1585239011766608,0.0896,-0.0689,11079488,0.1898559709181411,0.2879011796677856,,,,,,,77.0,3,0,0.25
Obi Toppin,Obi Toppin,IND,2025,14000000,0.099144524389553,0.0896,-0.0096,12652236,-0.06059042517245935,0.45472494522683093,0.11312169174273415,28.0,784.0,1545.0,0.9451,20.1,81.0,4,1,0.25
Amen Thompson,Amen Thompson,,2024,9249960,0.0657948046774973,0.0896,0.0238,12596684,0.9559135478366093,1.1308492201714426,1.2330029540116403,,,1388.0,0.7561,18.5,79.0,0,1,0.25
Marcus Morris,Marcus Morris,LAC,2021,15627907,0.139021,0.0895,-0.0496,10061053,,,0.3668689592041731,,,1502.0,0.7097,20.1,80.0,2,0,0.25
Tyler Herro,Tyler Herro,,2021,4004280,0.0356208301457113,0.0894,0.0538,10049811,-0.5416975494327045,-0.8123156098710492,-0.05745008556537547,,,1635.0,0.698,23.5,77.0,1,0,0.25
Moritz Wagner,Moritz Wagner,,2022,1878720,0.015193239254377,0.0891,0.0739,11017660,-0.4770987396583665,0.1983583844080383,-0.24952519667979056,,,960.0,0.6006,22.9,83.0,3,0,0.25
Tyus Jones,Tyus Jones,,2022,15000000,0.1213052444300675,0.089,-0.0323,11005295,0.580829421945749,0.5949050491297764,1.0780169351296742,,,1549.0,0.8818,16.6,72.0,3,0,0.25
George Hill,George Hill,PHI,2020,9590602,0.087874,0.089,0.0011,9713460,1.0922634660496993,1.0992008249885632,1.337816861064251,,,1271.0,0.7271,15.5,76.0,1,0,0.25
Trey Lyles,Trey Lyles,SAC,2024,8000000,0.056904,0.0889,0.032,12498273,0.4100038174133228,-0.3399678505452068,-0.10093447864987515,,,1158.0,,14.4,81.0,5,1,0.25
Mason Plumlee,Mason Plumlee,OKC,2025,2296274,0.016261642399864,0.0888,0.0726,12539270,0.2735370382995807,0.5346706780135866,-0.3545380577233408,36.0,1296.0,1300.0,0.7561,10.8,84.0,6,1,0.25
Taurean Prince,Taurean Prince,,2020,12250000,0.1122411581455011,0.0888,-0.0235,9691632,-0.27632972181582305,0.26320946450340693,-0.15215321277520139,,,1857.0,0.8071,20.4,78.0,1,0,0.25
Obi Toppin,Obi Toppin,,2023,6803012,0.0500144242433153,0.0888,0.0387,12078664,0.4484319679191116,-0.14002132588588528,0.022190671353506542,,,1050.0,0.8232,19.5,81.0,2,0,0.25
Julian Champagnie,Julian Champagnie,SAS,2025,3000000,0.0212452552263327,0.0887,0.0675,12525149,-0.049068788501009715,-0.7904539885169337,-0.1665132132462271,24.0,576.0,1932.0,0.7756,17.2,79.0,2,1,0.25
Kevon Looney,Kevon Looney,NOP,2025,8000000,0.0566540139368874,0.0887,0.0321,12525149,0.79777150685054,0.8428004720791438,0.3178029108583656,30.0,900.0,1142.0,0.9341,13.3,81.0,6,1,0.25
Nicolas Batum,Nicolas Batum,,2022,10843350,0.0876903481460515,0.0885,0.0008,10943467,0.4658372304670408,0.5053622538700292,0.22892732565631393,,,1463.0,0.666,13.3,79.0,3,0,0.25
Scotty Pippen Jr.,Scotty Pippen Jr.,MEM,2026,2461462,0.0160879869281045,0.0885,0.0724,13540500,0.10276543245618584,-0.3849553909499321,-0.10601147833717701,25.0,625.0,212.0,0.4012,26.1,74.0,2,1,0.25
Trey Lyles,Trey Lyles,SAC,2022,2625000,0.021228,0.0883,0.067,10918736,-0.4598499109365603,-0.26214741978494793,-0.28397102262191465,,,990.0,0.5701,22.3,81.0,3,0,0.25
Kentavious Caldwell-Pope,Kentavious Caldwell-Pope,,2022,14004703,0.1132562613723666,0.0882,-0.025,10906371,-0.7128327321897183,-0.6203186008239371,0.15039084250827087,,,2329.0,0.9063,19.0,77.0,3,0,0.25
Max Strus,Max Strus,,2022,1815677,0.0146834094860701,0.0882,0.0735,10906371,0.22435362836175357,-0.025498603741330023,0.417345993559733,,,1587.0,0.6966,18.1,77.0,1,0,0.25
Obi Toppin,Obi Toppin,,2022,5348280,0.0432516275120294,0.0881,0.0448,10894005,0.4140907443016222,0.9019089185917671,0.7869497059187252,,,1230.0,0.8323,20.8,81.0,1,0,0.25
Kyle Kuzma,Kyle Kuzma,,2021,13000000,0.1156439589374988,0.0881,-0.0275,9903673,-0.5529290972127731,-0.4174986996308374,-0.23752086961588875,,,1954.0,0.8395,20.3,80.0,2,0,0.25
Chris Paul,Chris Paul,,2024,10460000,0.0744017981620052,0.0881,0.0137,12385802,0.24288859381435757,0.49613977886633254,0.7418886063890358,,,1531.0,0.728,15.6,72.0,5,1,0.25
Tim Hardaway Jr.,Tim Hardaway Jr.,,2020,18975000,0.1738592633315008,0.088,-0.0859,9604320,0.515418403395636,0.09719699575458159,,,,,,,77.0,1,0,0.25
Thomas Bryant,Thomas Bryant,,2020,8333333,0.0763545262964999,0.0879,0.0116,9593406,0.4984523721411049,-0.21704089151998068,0.27926513502862865,,,1147.0,0.7286,18.9,81.0,1,0,0.25
Keon Ellis,Keon Ellis,CLE,2025,2301587,0.0162992677468698,0.0879,0.0716,12412183,0.7055984134789428,0.6124358633754694,0.9302449937207871,26.0,676.0,1948.0,0.7354,12.7,76.0,2,1,0.25
Marvin Bagley III,Marvin Bagley III,,2024,12500000,0.088912282698381,0.0878,-0.0011,12343626,-0.33087367387542316,0.14827018122795488,-0.041396665957601955,,,575.0,0.3732,20.9,82.0,5,1,0.25
Danilo Gallinari,Danilo Gallinari,BOS,2022,6479000,0.052396,0.0878,0.0354,10856909,-0.3448577194578521,-0.06387408742407887,-0.014949122013925077,,,1672.0,0.7612,18.4,82.0,3,0,0.25
Obi Toppin,Obi Toppin,IND,2026,15000000,0.0980392156862745,0.0875,-0.0105,13387500,-0.13836761334250117,0.6218138511583976,0.6491494521976324,28.0,784.0,424.0,0.6354,24.8,81.0,5,1,0.25
Eric Gordon,Eric Gordon,,2020,16869276,0.1545654755360088,0.0875,-0.0671,9549750,-0.027494596749364494,-0.6676461638382208,-0.6099053105203354,,,1016.0,0.6235,22.5,75.0,1,0,0.25
Jarred Vanderbilt,Jarred Vanderbilt,,2021,4000000,0.0355827565961535,0.0874,0.0518,9824983,0.8341670536256885,1.0888796655933553,0.6964794947153201,,,1139.0,0.4692,12.3,80.0,2,0,0.25
Buddy Hield,Buddy Hield,,2024,8780488,0.0624554585028594,0.0873,0.0248,12273332,-0.08020083847697528,0.0017987716960063919,0.32338134741554486,,,1336.0,0.7439,18.6,76.0,5,1,0.25
Quentin Grimes,Quentin Grimes,,2023,2385720,0.0175393505414605,0.0872,0.0697,11861031,0.2168028187931498,0.3519728876183912,0.3205533894683408,,,2121.0,0.7515,14.4,76.0,1,0,0.25
Sandro Mamukelashvili,Sandro Mamukelashvili,TOR,2025,2461463,0.0174314698883915,0.0871,0.0697,12299216,0.3599493133354531,0.8615098209162395,0.5189606661081567,27.0,729.0,681.0,0.5866,20.8,81.0,3,1,0.25
Doug McDermott,Doug McDermott,,2021,13750000,0.1223157257992776,0.0871,-0.0352,9791259,-0.10366718601003241,-0.6847593773319038,-0.06274628509627292,,,1619.0,0.8777,20.0,79.0,2,0,0.25
Grayson Allen,Grayson Allen,,2022,8500000,0.0687396385103716,0.0871,0.0183,10770350,0.04611573156975584,0.2879011796677856,0.63848819610817,,,1805.0,0.6909,15.2,75.0,3,0,0.25
Maurice Harkless,Maurice Harkless,NYK,2019,11511234,0.105472,0.0871,-0.0184,9506094,1.175383918331171,0.40878935042193965,0.946465313748093,,,1415.0,0.7317,13.9,79.0,0,0,0.25
Tristan Thompson,Tristan Thompson,LAL,2022,10552,8.5e-05,0.0869,0.0868,10745619,0.16685753262239947,0.24952569598503674,-1.1981632431258897,,,455.0,0.5388,19.5,81.0,3,0,0.25
Mikal Bridges,Mikal Bridges,,2019,4161000,0.038125343595382,0.0869,0.0488,9484266,0.6529910657395395,-0.5016559922474557,-0.008871373442768305,,,2417.0,1.0,12.2,78.0,0,0,0.25
Ivica Zubac,Ivica Zubac,,2022,10123457,0.0818685617241518,0.0869,0.005,10745619,-0.16661982266585434,0.5629254793941524,-0.1231090154721949,,,1852.0,0.9268,16.8,84.0,3,0,0.25
Aaron Nesmith,Aaron Nesmith,,2024,11000000,0.0782428087745753,0.0868,0.0086,12203038,0.08691438512199,-0.10195181005579047,0.4584305323028962,,,1995.0,0.8329,16.0,77.0,3,1,0.25
Furkan Korkmaz,Furkan Korkmaz,PHI,2021,4629630,0.041184,0.0868,0.0457,9757535,0.2950527601823999,0.2445788883104408,0.5784053992911947,,,1062.0,0.7524,20.5,79.0,2,0,0.25
Daniel Gafford,Daniel Gafford,DAL,2026,17263584,0.1128338823529411,0.0868,-0.026,13280400,-0.05798993140960549,0.35016976640763364,0.12450763307782302,27.0,729.0,1195.0,0.6537,15.8,82.0,6,1,0.25
Kevon Looney,Kevon Looney,,2024,8000000,0.0569038609269638,0.0868,0.0299,12203038,1.078464711809184,0.26422671377408075,-0.15698715108699088,,,1195.0,0.9512,11.3,81.0,5,1,0.25
Clint Capela,Clint Capela,,2020,16000000,0.1466006963533077,0.0868,-0.0598,9473352,0.6059039034198029,0.6426665359292935,0.642085689775482,,,1279.0,0.6449,16.1,82.0,1,0,0.25
Moses Moody,Moses Moody,GSW,2025,11574075,0.0819647257945725,0.0867,0.0047,12242733,0.1698423082565338,-0.021265169705700936,0.1922394712756934,24.0,576.0,1649.0,0.8463,17.4,77.0,3,1,0.25
Royce O'Neale,Royce O'Neale,,2023,9500000,0.0698421567257996,0.0867,0.0169,11793020,-0.07132124475377824,-0.537173281365241,,,,,,,78.0,4,0,0.25
Austin Reaves,Austin Reaves,,2023,12015150,0.0883330515141044,0.0866,-0.0017,11779418,0.30154519042459926,0.06744611354362885,0.5686583631446245,,,1843.0,0.7668,16.2,77.0,1,0,0.25
Donte DiVincenzo,Donte DiVincenzo,,2020,3044160,0.0278922484881803,0.0865,0.0586,9440610,0.555005809656209,1.1703490258809168,1.5393838359236138,,,1520.0,0.6964,17.3,76.0,1,0,0.25
Evan Mobley,Evan Mobley,,2022,8478720,0.0685675468036068,0.0865,0.0179,10696157,-0.5633428832673977,0.4797785980815299,0.38703366673066375,,,2331.0,0.8415,20.4,83.0,0,0,0.25
Isaiah Joe,Isaiah Joe,,2023,1997238,0.0146833062541813,0.0864,0.0718,11752214,0.34674112196137225,0.6127890971869232,0.5522847993456397,,,1395.0,0.7463,17.7,76.0,2,0,0.25
John Wall,John Wall,HOU,2023,6802950,0.050014,0.0863,0.0363,11738612,-0.8170541151105332,-0.41269281770753247,-0.6204717077566472,,,755.0,,27.0,75.0,4,0,0.25
Marc Gasol,Marc Gasol,LAL,2020,2564753,0.0235,0.0863,0.0628,9418782,0.9621905597649595,0.7671758874909125,0.3134014775451337,,,1161.0,0.6243,13.2,83.0,1,0,0.25
Ryan Rollins,Ryan Rollins,,2024,600000,0.0042677895695222,0.0862,0.0819,12118685,0.510272951572702,0.37408027092304214,2.2855153110691915,,,66.0,0.1311,25.2,75.0,1,1,0.25
Jordan Poole,Jordan Poole,NOP,2026,34044642,0.222514,0.0861,-0.1364,13173300,-1.1214484923679173,-0.6138675735006222,-1.5548381496238313,27.0,729.0,933.0,0.6768,25.1,76.0,6,1,0.25
Sam Merrill,Sam Merrill,CLE,2026,9160715,0.059873954248366,0.0861,0.0263,13173300,0.06566804079484939,0.7355684138391582,0.5996018992867865,30.0,900.0,1377.0,0.7256,17.0,76.0,5,1,0.25
Tre Jones,Tre Jones,,2024,9104167,0.0647577816029817,0.086,0.0213,12090567,0.18161301182807033,-0.08974585926146142,0.4622061009126501,,,2138.0,0.8866,15.2,73.0,3,1,0.25
Kyle Anderson,Kyle Anderson,,2024,8780488,0.0624554585028594,0.086,0.0235,12090567,0.13704895220167956,0.14827018122795488,0.4311302669708295,,,1782.0,0.9024,14.5,80.0,5,1,0.25
Noah Clowney,Noah Clowney,BRK,2026,5414034,0.0353858431372549,0.0859,0.0505,13142700,-0.8803154465692303,-1.6445666694916243,-0.7863239778790063,21.0,441.0,1780.0,0.6268,20.4,82.0,2,1,0.25
Bub Carrington,bub carrington,WAS,2025,4677600,0.033125601948898,0.0859,0.0527,12129767,,-2.9196803518351677,-1.5742971850978704,20.0,400.0,2458.0,1.0,15.8,76.0,0,1,0.25
Hamidou Diallo,Hamidou Diallo,DET,2022,5200000,0.042052,0.0857,0.0437,10597233,-0.4598499109365603,-0.492400321881441,0.5726966685587129,,,1269.0,0.5985,21.8,77.0,3,0,0.25
DeMarcus Cousins,DeMarcus Cousins,HOU,2020,1620564,0.014848,0.0856,0.0708,9342384,0.3683794658563651,,,,,,,,82.0,1,0,0.25
Jalen Williams,Jalen Williams,,2023,4558680,0.0335145308445019,0.0855,0.0519,11629795,-0.037424296101198476,0.3223346819856034,0.5293163279053971,,,2276.0,0.9146,18.4,77.0,0,0,0.25
Kevin Love,Kevin Love,,2023,3835738,0.0281996015321163,0.0855,0.0573,11629795,-0.18996056503780745,0.8084012543633223,,,,,,,82.0,4,0,0.25
Jaden Ivey,Jaden Ivey,,2023,7614480,0.0559801795311018,0.0854,0.0294,11616193,-1.105178178657461,-1.740484430056423,-0.6304777745226934,,,2304.0,0.9024,25.4,75.0,0,0,0.25
Jalen Green,Jalen Green,,2022,9441840,0.0763563139379725,0.0853,0.0089,10547771,-0.8795714098338453,-2.0146278412971452,-0.6718310227302325,,,2138.0,0.8171,23.7,76.0,0,0,0.25
Cam Whitmore,Cam Whitmore,WAS,2025,3539760,0.0250677015466545,0.0853,0.0602,12045042,-0.008743060150935898,-0.05696877879681184,0.2412476505005629,21.0,441.0,827.0,0.6037,23.9,78.0,1,1,0.25
Patty Mills,Patty Mills,BRK,2022,6479000,0.052396,0.0852,0.0328,10535406,-0.40235381519720625,-0.9848856958100513,0.07219881761964904,,,2346.0,0.926,16.4,74.0,3,0,0.25
Sam Hauser,Sam Hauser,,2024,2092344,0.0148828064984209,0.0852,0.0703,11978097,0.6439651304518743,0.7463617701500778,0.9022050581262787,,,1741.0,0.8378,15.0,79.0,2,1,0.25
Victor Oladipo,Victor Oladipo,MEM,2023,9450000,0.069475,0.0851,0.0157,11575387,-0.060022261869584974,0.09115667804985905,,,,,,,75.0,4,0,0.25
Zach Collins,Zach Collins,,2024,16741200,0.1190798645688109,0.0851,-0.0339,11964038,-1.2054433440433414,-0.7549701775523942,-1.1046548721352218,,,1526.0,0.7195,22.7,81.0,5,1,0.25
Jerami Grant,Jerami Grant,POR,2025,32000001,0.2266160628293014,0.085,-0.1416,12002680,-1.0168862689027807,-0.3969017583271054,-0.5685084088489147,32.0,1024.0,1524.0,0.6378,19.4,79.0,6,1,0.25
Obi Toppin,Obi Toppin,,2024,12975000,0.0922909494409195,0.085,-0.0073,11949980,0.25402960872095526,-0.06533395767280335,0.44129525938170533,,,1730.0,0.9207,16.8,81.0,3,1,0.25
Sam Hauser,Sam Hauser,BOS,2026,10848215,0.0709033660130719,0.085,0.0141,13005000,0.2078747088299725,0.6293554864636949,0.40000608330550597,28.0,784.0,1934.0,0.928,14.5,79.0,4,1,0.25
Joe Harris,Joe Harris,DET,2023,19928571,0.146511,0.085,-0.0615,11561785,-0.11086768484845465,-0.6853643095291796,,,,,,,78.0,4,0,0.25
Josh Hart,Josh Hart,,2022,12960000,0.1048077311875783,0.0849,-0.0199,10498309,0.04611573156975584,0.607696877024026,0.5571960468847571,,,1374.0,0.6025,16.7,77.0,3,0,0.25
Anthony Black,Anthony Black,ORL,2025,7970280,0.0564435442751118,0.0848,0.0283,11974438,-0.14124188187260694,-0.3971074921965398,-0.3497333342699222,22.0,484.0,1887.0,0.9101,19.6,79.0,1,1,0.25
Andre Iguodala,Andre Iguodala,MIA,2019,17185185,0.15746,0.0848,-0.0727,9255072,1.516538434309379,0.948312516448248,0.7464406425491604,,,1578.0,0.8293,10.4,78.0,0,0,0.25
Dewayne Dedmon,Dewayne Dedmon,DET,2021,2866667,0.025501,0.0848,0.0593,9532707,0.8229355058456201,0.5057654597001194,1.550725324934191,,,210.0,0.3953,19.3,82.0,2,0,0.25
Seth Curry,Seth Curry,,2021,8207518,0.0730115288131371,0.0847,0.0117,9521465,0.3062843079624684,-0.26564604184614055,0.7101873052658783,,,1638.0,0.7947,17.1,73.0,2,0,0.25
Cameron Johnson,Cameron Johnson,,2021,4437000,0.0394701727542832,0.0847,0.0453,9521465,0.39613669020301656,0.809470775269513,0.1484786138418724,,,1437.0,0.7542,17.0,80.0,1,0,0.25
Isaac Okoro,Isaac Okoro,,2024,10185186,0.0724470509574074,0.0846,0.0122,11893744,0.4434268621331159,-0.01040717909832266,0.34922947097462936,,,1887.0,0.8622,13.9,76.0,3,1,0.25
J.J. Barea,J.J. Barea,DAL,2020,1620564,0.014848,0.0845,0.0696,9222330,0.04036952826876058,-0.18739580781483328,-0.6121810666881023,,,450.0,0.4255,24.2,70.0,1,0,0.25
Patty Mills,Patty Mills,BRK,2021,5890000,0.052396,0.0844,0.032,9487741,0.03111138735078979,-0.7394263341343946,-0.3247523913012585,,,1685.0,0.8896,18.4,74.0,2,0,0.25
Larry Nance Jr.,Larry Nance Jr.,,2019,12727273,0.1166141927799157,0.0844,-0.0322,9211416,0.5943551333057848,0.26266849295648115,0.44539341013864586,,,1795.0,0.8171,15.5,78.0,0,0,0.25
Walker Kessler,Walker Kessler,,2023,2831160,0.0208141389932436,0.0842,0.0634,11452968,0.945587214823615,1.3537442380066165,0.6002684377009979,,,1703.0,0.9024,13.3,86.0,0,0,0.25
Jordan Poole,Jordan Poole,,2021,2161440,0.0192274983542975,0.0841,0.0648,9454017,-0.15420915102034072,-0.5511290384813706,0.33851871465642785,,,988.0,0.6856,25.0,76.0,1,0,0.25
Mike Muscala,Mike Muscala,DET,2023,3500000,0.025731,0.0839,0.0582,11412161,0.5896692539715273,0.2215647828341251,-0.44741223482571046,,,323.0,0.3646,14.0,82.0,4,0,0.25
Dorian Finney-Smith,Dorian Finney-Smith,,2021,4000000,0.0355827565961535,0.0837,0.0481,9409051,0.5702256807940785,0.6393957985506526,0.6027056089035477,,,1921.0,0.8592,12.2,79.0,2,0,0.25
Ausar Thompson,Ausar Thompson,DET,2025,8775000,0.0621423715370234,0.0837,0.0216,11819109,0.5558171367500973,0.9696531411197378,1.5151399954502753,23.0,529.0,1328.0,0.7378,19.1,79.0,1,1,0.25
Cam Thomas,Cam Thomas,,2023,2240160,0.0164692216643018,0.0837,0.0672,11384957,-0.48938361146892867,-0.9639634424773844,-0.3305231821496245,,,948.0,0.7409,27.8,75.0,1,0,0.25
Goga Bitadze,Goga Bitadze,ORL,2026,7608696,0.0497300392156862,0.0836,0.0339,12790799,0.6592263073762328,1.306516032764056,0.7854930729735777,26.0,676.0,972.0,0.7976,13.5,83.0,6,1,0.25
Gary Trent Jr.,Gary Trent Jr.,,2023,18560000,0.1364495188242991,0.0835,-0.0529,11357753,-0.13346565061684118,-0.15780424926555794,,,,,,,77.0,4,0,0.25
Dalano Banton,Dalano Banton,,2023,2019706,0.0148484866307408,0.0835,0.0687,11357753,0.14900892148799028,-0.10445547912654003,-0.6097834091656431,,,279.0,0.529,24.2,80.0,1,0,0.25
Mike Muscala,Mike Muscala,OKC,2021,3500000,0.031135,0.0834,0.0522,9375327,0.1490426390415092,0.007688742166313771,-0.2412593634024046,,,645.0,0.5239,20.0,82.0,2,0,0.25
Steven Adams,Steven Adams,,2021,17073171,0.1518776220043766,0.0832,-0.0687,9352844,0.6713096108146952,-0.15023802192977098,-0.07832334254008896,,,1605.0,0.8113,11.7,83.0,2,0,0.25
Corey Kispert,Corey Kispert,,2024,5705887,0.0405858750391214,0.0829,0.0423,11654745,-0.7152386881530433,-1.7802700442760335,-0.4299898044076581,,,2067.0,,19.6,78.0,2,1,0.25
Jabari Smith Jr.,Jabari Smith Jr.,HOU,2026,23643411,0.1545320980392157,0.0828,-0.0718,12668400,0.016204851913067447,0.20235814699884122,,23.0,529.0,,,,83.0,3,1,0.25
Larry Nance Jr.,Larry Nance Jr.,,2022,9672727,0.0782235008693542,0.0828,0.0046,10238634,0.7878153666074238,-0.0958536571597029,-0.01701587157045249,,,858.0,0.5092,12.4,78.0,3,0,0.25
Svi Mykhailiuk,Svi Mykhailiuk,UTA,2025,3675000,0.0260254376522576,0.0827,0.0567,11677901,-0.7115628971093648,-1.0762214218251749,-0.7901663174999586,29.0,841.0,760.0,0.428,20.3,79.0,6,1,0.25
Jarrett Allen,Jarrett Allen,,2020,3909902,0.0358246472420744,0.0827,0.0468,9025878,0.6398359659288655,1.7039605325735698,0.9639426335025292,,,1852.0,0.9735,14.9,81.0,1,0,0.25
Ayo Dosunmu,Ayo Dosunmu,,2024,7000000,0.0497908783110934,0.0826,0.0328,11612568,-0.44785433039469885,-0.8770296854956845,0.07738853107234792,,,2212.0,,17.2,76.0,2,1,0.25
Kentavious Caldwell-Pope,Kentavious Caldwell-Pope,,2021,13038862,0.1159896632092088,0.0826,-0.0334,9285396,0.4017524640930508,-0.7151299088888431,0.5104894288361568,,,1902.0,0.896,14.2,77.0,2,0,0.25
Bruce Brown,Bruce Brown,,2021,4736102,0.0421308911701389,0.0826,0.0405,9285396,0.4859890724435646,0.9856198582997614,0.3229416572126119,,,1451.0,0.8185,15.9,76.0,2,0,0.25
Alec Burks,Alec Burks,MIA,2024,2087519,0.014848,0.0825,0.0677,11598510,-0.5871170167271699,-0.7122493497722424,0.019593288507653475,,,901.0,0.6463,23.5,77.0,5,1,0.25
Paul Reed,Paul Reed,,2023,7723000,0.0567779975150895,0.0825,0.0257,11221732,0.7083085742555565,0.5298021214151176,0.21730897329140883,,,755.0,0.6232,16.4,81.0,2,0,0.25
Enes Freedom,enes freedom,HOU,2021,2641691,0.0235,0.0824,0.0589,9262913,,1.0463609214136402,0.47372757326875103,,,1758.0,0.788,17.4,82.0,2,0,0.25
Devin Carter,Devin Carter,SAC,2026,5158080,0.0337129411764705,0.0823,0.0486,12591900,-0.1321847147322784,0.19753570760745573,-0.9866225960292351,24.0,576.0,700.0,0.4543,23.5,74.0,1,1,0.25
Gary Trent Jr.,Gary Trent Jr.,,2022,17505000,0.1415632202498888,0.0823,-0.0592,10176806,0.011618074126143374,0.6204887049182757,,,,,,,77.0,3,0,0.25
Kelly Oubre Jr.,Kelly Oubre Jr.,,2021,12000000,0.1067482697884605,0.0822,-0.0245,9240430,-0.9067228522849312,-0.33853531758279504,-0.20761291932376194,,,1687.0,0.6663,22.1,80.0,2,0,0.25
Kenrich Williams,Kenrich Williams,,2022,2000000,0.0161740325906756,0.0822,0.066,10164441,0.4658372304670408,-0.23016785004932386,0.6264321570284267,,,1072.0,0.6486,15.6,79.0,3,0,0.25
Lester Quinones,Lester Quinones,GSW,2023,548815,0.004035,0.0822,0.0782,11180926,-0.896146995299886,0.025952625657726037,-1.4782645223367956,,,18.0,0.0488,29.4,77.0,0,0,0.25
Delon Wright,Delon Wright,MIA,2023,661628,0.004864,0.0822,0.0774,11180926,0.6066177282978172,0.47645335127609967,0.8804383071502935,,,1221.0,0.6744,12.9,76.0,4,0,0.25
Ziaire Williams,Ziaire Williams,BRK,2025,6250000,0.0442609483881933,0.0821,0.0378,11593176,-0.3543921602944256,-0.6679629176629949,-0.2587639035518638,24.0,576.0,1541.0,0.661,18.2,81.0,3,1,0.25
Gary Harris,Gary Harris,,2023,13000000,0.0955734776247785,0.0821,-0.0135,11167324,0.38628756205604864,-0.2941399951763815,0.11997723293077692,,,1184.0,0.5622,12.6,76.0,4,0,0.25
Bones Hyland,bones hyland,,2024,4158439,0.0295789043161578,0.0821,0.0526,11542274,,-0.8282058823183683,-1.059348048818175,,,540.0,0.5476,24.8,74.0,2,1,0.25
Larry Nance Jr.,Larry Nance Jr.,,2020,11709091,0.1072850558915154,0.0821,-0.0252,8960394,0.7585981847105844,0.20391929709311216,0.9041227570926539,,,1472.0,0.7925,15.2,78.0,1,0,0.25
Daniel Gafford,Daniel Gafford,,2024,13394160,0.0952724272341878,0.0821,-0.0132,11542274,0.5659780261056904,1.191878974143088,0.3242526324793342,,,1192.0,0.7354,13.9,82.0,4,1,0.25
Gary Harris,Gary Harris,,2020,19160714,0.1755608759391607,0.082,-0.0936,8949480,0.33444740334730255,-0.32376319285851124,0.29584564425093113,,,1780.0,0.7468,15.1,76.0,1,0,0.25
Naz Reid,Naz Reid,,2021,1782621,0.0158576422865479,0.0819,0.066,9206706,-0.5023871322024647,0.3721351208495861,-0.5484389361944565,,,1347.0,0.6898,22.5,81.0,1,0,0.25
Cam Whitmore,Cam Whitmore,,2024,3379080,0.0240353372976356,0.0819,0.0579,11514157,-0.19161098754295208,0.39849217251170016,0.39511715100086914,,,880.0,0.5732,27.1,78.0,0,1,0.25
Tristan Thompson,Tristan Thompson,CLE,2023,2019706,0.014848,0.0819,0.0671,11140119,-0.24645547945877372,,,,,,,,81.0,4,0,0.25
Andrew Nembhard,Andrew Nembhard,IND,2025,18102000,0.128193870035692,0.0818,-0.0464,11550814,0.2044072182708827,-0.2398392773872413,0.2758416593651767,26.0,676.0,1881.0,0.828,16.3,76.0,2,1,0.25
JaMychal Green,JaMychal Green,LAC,2019,4767000,0.043678,0.0816,0.038,8905824,0.11993713452358885,-0.2150343102959794,-0.4496664821959716,,,900.0,0.5,20.4,81.0,0,0,0.25
Moses Brown,Moses Brown,CLE,2021,211046,0.001877,0.0816,0.0797,9172982,0.05919025680096107,-0.08342285250450435,-0.5425196543658065,,,920.0,0.3746,16.9,86.0,1,0,0.25
Saddiq Bey,Saddiq Bey,NOP,2025,6118644,0.0433307178063565,0.0816,0.0383,11522572,-0.031786333493835216,,,27.0,729.0,,,,80.0,4,1,0.25
Joe Harris,Joe Harris,BRK,2020,16071429,0.147255,0.0815,-0.0658,8894910,-0.1349461280280625,0.049764861826345784,0.4499468476111538,,,2123.0,0.9465,18.3,78.0,1,0,0.25
Jevon Carter,Jevon Carter,ORL,2025,871000,0.0061682057673786,0.0815,0.0754,11508452,0.1352773982421848,0.352900243258786,-0.5130939316861538,30.0,900.0,321.0,,21.0,72.0,6,1,0.25
Ben Simmons,Ben Simmons,BRK,2023,37893408,0.278585,0.0814,-0.1972,11072109,0.290246207540406,0.03188026678428359,0.05129922921836842,,,1105.0,,14.3,82.0,4,0,0.25
Rui Hachimura,Rui Hachimura,,2023,15740741,0.115722873673918,0.0813,-0.0345,11058507,-0.5910744574266681,-1.0647333416288627,-0.4135280541861447,,,728.0,0.4756,23.0,80.0,3,0,0.25
Patrick Beverley,Patrick Beverley,LAC,2019,12345679,0.113118,0.0812,-0.0319,8862168,0.8448904809772815,0.8864921536744003,0.36255490994514855,,,2137.0,0.9512,12.2,74.0,0,0,0.25
Kevin Love,Kevin Love,UTA,2025,4150000,0.0293892697297603,0.0812,0.0518,11466089,-0.6597155320878415,1.220379634636542,0.11472326622720701,37.0,1369.0,251.0,,24.6,82.0,6,1,0.25
Ben McLemore,Ben McLemore,HOU,2020,2283034,0.020918,0.0811,0.0602,8851254,0.3174813720927713,-0.6142850131689556,0.2938949961071308,,,1619.0,0.7032,16.0,75.0,1,0,0.25
Jalen Smith,Jalen Smith,,2023,5043773,0.0370808404584586,0.0811,0.0441,11031303,-0.6193219146371511,-0.4364033822137627,-0.6061448394325354,,,1279.0,0.561,21.0,80.0,2,0,0.25
Dwight Powell,Dwight Powell,,2020,11080125,0.1015221275426058,0.081,-0.0205,8840340,1.2336470598374598,0.27506749798546587,0.827722371460476,,,1061.0,0.6994,12.6,82.0,1,0,0.25
Justise Winslow,Justise Winslow,POR,2022,4097561,0.033137,0.0809,0.0478,10003689,0.132359875178787,0.3262766633505345,-0.2746706496175412,,,480.0,0.3513,18.0,78.0,3,0,0.25
Mitchell Robinson,Mitchell Robinson,NYK,2025,12954546,0.0917408787037561,0.0809,-0.0108,11423727,1.4487439787874454,0.3881110078787575,1.0045580498003277,28.0,784.0,290.0,,11.1,84.0,6,1,0.25
Jarrett Allen,Jarrett Allen,,2019,2376840,0.0217778999450247,0.0809,0.0591,8829426,0.28518385320053347,0.5605302408668389,0.15175449888364723,,,2096.0,0.9756,15.9,81.0,0,0,0.25
Terrence Ross,Terrence Ross,ORL,2021,12500000,0.111196,0.0808,-0.0304,9083051,-0.6371657055632869,-1.2192807327340367,-0.0549577563743649,,,1347.0,0.7655,24.1,78.0,2,0,0.25
Bol Bol,Bol Bol,DEN,2020,2058240,0.018859,0.0808,0.062,8818512,0.017748153262718898,-0.5134917285714544,-0.9064038283779788,,,87.0,0.0972,21.2,87.0,0,0,0.25
Kyle Kuzma,Kyle Kuzma,,2023,25568182,0.1879723130987127,0.0808,-0.1072,10990496,-0.25210497090087036,-0.3711993298216296,,,,,,,80.0,4,0,0.25
Jonathan Isaac,Jonathan Isaac,,2019,5806440,0.0532017592083562,0.0807,0.0275,8807598,0.24253953870325745,0.5268100429901946,0.27197134672542994,,,1996.0,0.9146,16.3,82.0,0,0,0.25
Jabari Smith Jr.,Jabari Smith Jr.,HOU,2025,12350392,0.0874624100617528,0.0807,-0.0068,11395485,0.15255985324935928,-0.24636434837092658,,23.0,529.0,,,,83.0,2,1,0.25
Cedric Coward,Cedric Coward,MEM,2026,6001080,0.0392227450980392,0.0806,0.0414,12331800,-0.12600181612205566,-0.9609336870464676,0.028223735931923608,22.0,484.0,1598.0,0.7561,21.5,77.0,0,1,0.25
Dalano Banton,Dalano Banton,BOS,2025,131970,0.0009345787774063,0.0805,0.0795,11367244,-0.8152576271524119,-0.08691081712924938,-0.6149540688986277,26.0,676.0,1120.0,0.5939,24.1,80.0,3,1,0.25
Gary Harris,Gary Harris,,2022,13000000,0.1051312118393918,0.0805,-0.0246,9954227,-0.4253522534929478,-1.3110773071134163,0.07633231673270395,,,1730.0,0.597,16.4,76.0,3,0,0.25
Marcus Smart,Marcus Smart,,2019,11768879,0.1078328660436137,0.0804,-0.0275,8774856,0.6423299871152204,0.6504507685378903,1.2579515441504712,,,2200.0,0.9756,14.6,75.0,0,0,0.25
Andre Roberson,Andre Roberson,BRK,2020,274816,0.002518,0.0804,0.0779,8774856,1.346753934867668,-0.27040204218924596,-1.6154644286493833,,,87.0,,16.1,79.0,1,0,0.25
Scoot Henderson,Scoot Henderson,,2024,10259160,0.0729732267334338,0.0803,0.0073,11289216,-1.043898627897675,-1.926741453807982,-1.6721518770166939,,,1765.0,0.7561,26.5,75.0,0,1,0.25
Coby White,Coby White,,2020,5572680,0.0510599230346344,0.0803,0.0292,8763942,-0.5590969093913443,-0.5668528792407197,-0.8748683500532076,,,1674.0,0.9028,24.4,76.0,0,0,0.25
Jonathan Isaac,Jonathan Isaac,,2023,17400000,0.1279214238977805,0.0802,-0.0477,10908884,0.6235662026241071,0.6542825850728261,1.4828490085879429,,,124.0,,21.1,82.0,4,0,0.25
Georges Niang,Georges Niang,,2024,8500000,0.0604603522348991,0.0802,0.0197,11275157,-0.4924183900210895,-0.8465148085098619,-0.7111244516570261,,,1831.0,0.9707,17.6,78.0,5,1,0.25
T.J. Warren,T.J. Warren,IND,2019,10810000,0.099047,0.0801,-0.019,8742114,-0.48774434706259473,-0.4510756954324893,0.1716222692552584,,,1360.0,0.5244,22.7,80.0,0,0,0.25
Herbert Jones,Herbert Jones,NOP,2025,13937574,0.0987024389552999,0.0799,-0.0188,11282519,0.9705960569222849,-1.125405717907182,0.26463063797386666,27.0,729.0,648.0,0.561,14.6,79.0,3,1,0.25
Taurean Prince,Taurean Prince,,2024,2087519,0.0148484863572993,0.0798,0.065,11218922,-0.4812773751144919,-0.8282058823183683,-0.6817911878427841,,,2108.0,0.8415,13.8,78.0,5,1,0.25
Terry Rozier,Terry Rozier,,2020,18900000,0.1731720725673446,0.0797,-0.0935,8698458,-0.9889030345061365,-0.9759550343717536,-0.37030069685686673,,,2164.0,0.9082,23.7,73.0,1,0,0.25
Daniel Gafford,Daniel Gafford,,2023,12402000,0.0911770976540387,0.0796,-0.0116,10827271,-0.0035273474486187044,-0.08667255574686737,0.11565643137271148,,,1604.0,0.7951,15.2,82.0,3,0,0.25
Eric Gordon,Eric Gordon,,2024,3303771,0.023499665689817,0.0793,0.0558,11148628,-0.1804699726363544,-0.7854850545382166,,,,,,,75.0,5,1,0.25
DeMarre Carroll,DeMarre Carroll,HOU,2019,811447,0.007435,0.0792,0.0717,8643888,0.11993713452358885,0.08844747059381909,0.13761134031402575,,,1703.0,0.8171,18.6,78.0,0,0,0.25
Brandon Miller,Brandon Miller,CHO,2025,11968800,0.0847600702509772,0.079,-0.0057,11155432,-0.7634102621308884,-0.39353235397518443,0.04841808257003064,23.0,529.0,924.0,0.5442,27.7,79.0,1,1,0.25
Jared McCain,Jared McCain,OKC,2025,4221360,0.0298946235340773,0.079,0.0491,11155432,-0.2795015219300028,-0.7975529059127445,-0.20206816680152456,22.0,484.0,592.0,0.2805,24.7,75.0,0,1,0.25
Kris Dunn,Kris Dunn,,2023,2586665,0.0190166591923305,0.0789,0.0599,10732056,-0.4780846285847354,0.46459806902298456,0.5907171921515901,,,568.0,0.1951,20.2,75.0,4,0,0.25
Jordan Miller,Jordan Miller,LAC,2026,2497812,0.0163255686274509,0.0788,0.0624,12056400,-0.027075438358491754,-0.08070176308025447,0.15789073610286114,26.0,676.0,1325.0,0.5207,18.0,77.0,2,1,0.25
Day'Ron Sharpe,Day'Ron Sharpe,,2024,3989122,0.0283745554385865,0.0787,0.0504,11064275,0.20389504164126568,0.5876844098238003,,,,,,,82.0,2,1,0.25
Dewayne Dedmon,Dewayne Dedmon,DET,2020,2866667,0.026266,0.0785,0.0523,8567490,0.3231367158442817,0.3817897993239964,-1.7552608789550703,,,541.0,0.5878,18.5,82.0,1,0,0.25
LaMarcus Aldridge,LaMarcus Aldridge,BRK,2021,2641691,0.0235,0.0784,0.0549,8813257,-0.27775617660109436,0.35391280191542257,-0.6905017000820588,,,544.0,0.5464,22.7,83.0,2,0,0.25
Kevon Looney,Kevon Looney,,2020,4821429,0.0441765530511269,0.0784,0.0342,8556576,0.9226031535043866,-0.5609238624996903,-1.6297691817039186,,,262.0,0.5395,15.7,81.0,1,0,0.25
Larry Nance Jr.,Larry Nance Jr.,,2021,10690909,0.0951030031846567,0.0784,-0.0167,8813257,0.6825411585947637,0.32961637666987104,0.4986508651788567,,,1091.0,0.6102,13.9,78.0,2,0,0.25
Duncan Robinson,Duncan Robinson,,2024,19406000,0.1380345406435826,0.0783,-0.0597,11008040,-0.28630961424903245,-0.15077561323310662,,,,,,,79.0,5,1,0.25
Luguentz Dort,Luguentz Dort,OKC,2026,18222222,0.1190994901960784,0.0783,-0.0408,11979900,-0.3609519633105199,-0.45722352277396155,-0.5160965439184347,27.0,729.0,1849.0,0.8732,14.1,76.0,6,1,0.25
John Henson,John Henson,NYK,2020,110998,0.001017,0.0783,0.0773,8545662,0.7246661222015218,0.7078857200806177,0.285767295507963,,,412.0,0.3158,16.1,81.0,1,0,0.25
Kyshawn George,Kyshawn George,WAS,2026,3108000,0.020313725490196,0.0783,0.058,11979900,-0.6391824007705434,-0.6938646812636038,-0.7676997204018797,22.0,484.0,1391.0,0.6768,22.8,80.0,1,1,0.25
Terry Rozier,Terry Rozier,MIA,2025,26643031,0.1886793311993654,0.0782,-0.1105,11042465,-1.414382734067794,-0.6701344255082892,-1.2225914283076305,32.0,1024.0,1658.0,0.6537,20.4,73.0,6,1,0.25
Jonathan Kuminga,Jonathan Kuminga,ATL,2026,24300000,0.1588235294117647,0.0781,-0.0808,11949300,-0.7752061701954437,-0.07904414447604097,-1.2874219243390521,23.0,529.0,476.0,0.4744,24.0,79.0,4,1,0.25
Kenrich Williams,Kenrich Williams,,2024,6669000,0.0474364810652402,0.078,0.0305,10965864,0.543695996292495,-0.1446726378359421,0.1337316318640601,,,1029.0,0.7341,13.4,79.0,5,1,0.25
Thomas Bryant,Thomas Bryant,,2024,2087519,0.0148484863572993,0.078,0.0631,10965864,-0.11362388319676833,0.5205516804549907,-0.055627655332828235,,,441.0,0.4476,19.3,81.0,5,1,0.25
JaMychal Green,JaMychal Green,DEN,2021,8200000,0.072945,0.078,0.005,8768292,0.18273728238171474,-0.3689058491397344,-0.10355817559907088,,,1120.0,0.7162,17.6,81.0,2,0,0.25
Josh Giddey,Josh Giddey,,2022,6287400,0.0508463062553071,0.0779,0.027,9632724,-0.6840846843200412,-0.7162573100308093,-0.33908434412931326,,,1700.0,0.6585,22.2,79.0,0,0,0.25
Mark Williams,Mark Williams,PHO,2025,6276531,0.0444488343436632,0.0779,0.0335,11000103,-0.5790640753876938,0.8816671212251461,0.533695151365307,24.0,576.0,1171.0,0.4427,21.4,85.0,2,1,0.25
Justin Holiday,Justin Holiday,IND,2020,5720400,0.052413,0.0779,0.0255,8502006,0.515418403395636,0.46479603369840916,0.6863003810349552,,,1826.0,0.8075,13.4,78.0,1,0,0.25
Ryan Anderson,Ryan Anderson,MIA,2020,5214583,0.047779,0.0779,0.0302,8502006,-0.42902400310660455,-0.2644730254482165,-1.1788443524620857,,,14.0,0.086,23.7,81.0,1,0,0.25
Tyus Jones,Tyus Jones,DAL,2025,7000000,0.0495722621947765,0.0778,0.0282,10985982,-0.7173237154450897,-0.06475435548242821,0.014785018396100583,30.0,900.0,2174.0,0.9305,16.2,72.0,6,1,0.25
Max Christie,Max Christie,DAL,2026,8285714,0.0541549934640522,0.0777,0.0235,11888100,-0.7319258799238845,-1.2064192856871845,-0.5066087146376345,23.0,529.0,2244.0,0.8012,16.5,77.0,3,1,0.25
Jeremy Lamb,Jeremy Lamb,SAC,2021,10500000,0.093405,0.0776,-0.0159,8723326,0.4691417507734618,0.4207279713406892,0.7189104574344153,,,765.0,0.6039,18.4,77.0,2,0,0.25
Justin Champagnie,Justin Champagnie,WAS,2025,2349578,0.0166391280947255,0.0776,0.0609,10957740,-0.08363369851535868,-0.7633552944309269,0.44913201858514,24.0,576.0,1340.0,0.4378,15.6,78.0,3,1,0.25
Royce O'Neale,Royce O'Neale,,2024,9375000,0.0666842120237858,0.0775,0.0108,10895570,0.23731808636105872,0.24591778758258717,0.07564596094476919,,,1202.0,,13.9,78.0,5,1,0.25
Kevin Porter Jr.,Kevin Porter Jr.,,2021,1782621,0.0158576422865479,0.0775,0.0616,8712085,-0.7663285050340748,-0.33853531758279504,-0.7858332916382128,,,835.0,0.4586,25.4,77.0,1,0,0.25
Davion Mitchell,Davion Mitchell,MIA,2026,12400000,0.0810457516339869,0.0775,-0.0035,11857500,-0.08272152585049646,-0.19242278539992072,0.08936752463041446,27.0,729.0,2000.0,0.7634,13.6,72.0,4,1,0.25
Jeff Teague,Jeff Teague,ATL,2019,19000000,0.174088,0.0773,-0.0968,8436522,0.03997904484119628,0.7178911642911788,0.2467157064225344,,,1264.0,0.5122,19.3,75.0,0,0,0.25
Marvin Bagley III,Marvin Bagley III,,2021,11312114,0.1006290497624851,0.0773,-0.0233,8689602,-0.9853436867454108,-0.004459470456461986,-0.31010995730407137,,,1112.0,0.4676,23.5,82.0,2,0,0.25
Scoot Henderson,Scoot Henderson,POR,2025,10748040,0.0761149509942779,0.0772,0.0011,10901257,-0.6654763504235663,-0.5046736126309654,-0.36478813442396707,22.0,484.0,1759.0,0.7866,22.5,75.0,1,1,0.25
Patrick Beverley,Patrick Beverley,LAC,2020,13333333,0.122167,0.0771,-0.0451,8414694,1.0639867472921472,1.496444946637538,0.8456033127786452,,,1342.0,0.7994,13.3,74.0,1,0,0.25
Saddiq Bey,Saddiq Bey,,2021,2824320,0.025124272777412,0.0771,0.052,8667119,-0.1429776032402722,-0.9763164802785218,-0.015392030467072194,,,1909.0,0.8537,18.7,80.0,0,0,0.25
Jae'Sean Tate,Jae'Sean Tate,,2021,1517981,0.0135034871101464,0.0771,0.0636,8667119,0.1209637695913379,0.08057801790296826,0.23726784127162373,,,2043.0,0.8537,16.4,76.0,0,0,0.25
Montrezl Harrell,Montrezl Harrell,PHI,2023,2019706,0.014848,0.0771,0.0622,10487219,-0.32554835964812656,-0.12816604363277023,,,,,,,79.0,4,0,0.25
Aaron Wiggins,Aaron Wiggins,OKC,2026,9224300,0.0602895424836601,0.077,0.0167,11781000,-0.29912297720829245,-0.029013300769119402,-0.15801883883934167,27.0,729.0,1414.0,0.8646,19.9,77.0,4,1,0.25
Dorian Finney-Smith,Dorian Finney-Smith,,2023,13932008,0.1024254196043258,0.077,-0.0255,10473617,0.40888552782443516,0.38753873437773645,-0.6293407214810972,,,721.0,0.5976,13.9,79.0,4,0,0.25
JaVale McGee,JaVale McGee,,2019,4000000,0.0366501740883269,0.077,0.0404,8403780,-0.07196228071415332,0.6729309004556532,0.16017304565127907,,,1671.0,0.9146,20.2,84.0,0,0,0.25
Quentin Grimes,Quentin Grimes,PHI,2025,8741209,0.0619030720639057,0.0769,0.015,10858895,0.06614757821348687,-0.22602814191743317,-0.06689528031201522,26.0,676.0,1070.0,0.6244,18.5,76.0,3,1,0.25
Marvin Williams,Marvin Williams,CHO,2019,14049901,0.128733,0.0769,-0.0518,8392866,0.24253953870325745,0.4368895153191433,0.33022769035744226,,,2133.0,0.9146,14.9,80.0,0,0,0.25
P.J. Washington,P.J. Washington,,2023,16847826,0.1238619477874739,0.0767,-0.0472,10432810,-0.15041412494313103,-0.3830546120747447,,,,,,,79.0,3,0,0.25
T.J. McConnell,T.J. McConnell,,2021,7500000,0.0667176686177878,0.0767,0.01,8622153,0.38490514242294804,0.7973225626467373,1.0192361249511883,,,1796.0,0.9019,15.3,73.0,2,0,0.25
Scoot Henderson,Scoot Henderson,POR,2026,13585523,0.0887942679738562,0.0767,-0.0121,11735100,-0.503158631345643,-0.27273376413607786,-0.4328144868980765,22.0,484.0,748.0,0.5756,25.0,75.0,2,1,0.25
Andre Drummond,Andre Drummond,PHI,2025,5000000,0.0354087587105546,0.0766,0.0412,10816532,-0.5041734370232711,-0.09098232706534191,-1.0678793331075525,32.0,1024.0,751.0,0.6963,19.1,83.0,6,1,0.25
JaVale McGee,JaVale McGee,,2021,5000000,0.0444784457451918,0.0766,0.0321,8610912,-0.35076123717153973,0.32354227035848315,-0.6419012808573529,,,503.0,0.6675,24.6,84.0,2,0,0.25
Duncan Robinson,Duncan Robinson,,2023,18154000,0.1334646856000176,0.0766,-0.0569,10419208,0.08686451562492735,-0.3593440475685145,-0.8076306384033762,,,691.0,0.7207,17.9,79.0,4,0,0.25
Luke Kennard,Luke Kennard,,2024,9250000,0.065795089196802,0.0766,0.0108,10769040,-0.14147642046326253,-0.9319564640701651,-0.02484224974560407,,,999.0,0.5366,16.7,77.0,5,1,0.25
Kevon Harris,Kevon Harris,ATL,2024,119972,0.000853,0.0766,0.0757,10769040,-0.8099373148591236,0.07503447646198061,-1.378238382165082,,,6.0,0.0244,29.1,77.0,0,1,0.25
Garrison Mathews,Garrison Mathews,,2023,2000000,0.0147036119422736,0.0766,0.0619,10419208,0.06991604129863746,-0.5431009224917985,,,,,,,77.0,2,0,0.25
Luke Kennard,Luke Kennard,LAL,2025,11000000,0.0778992691632202,0.0766,-0.0013,10816532,-0.2852623402657276,-0.14577325961913987,0.5795001816212307,30.0,900.0,1472.0,0.6244,14.5,77.0,6,1,0.25
Leonard Miller,Leonard Miller,CHI,2025,2221677,0.0157333649651577,0.0765,0.0607,10802412,-0.5272167103661705,-0.15128428354616882,0.48821043600627784,22.0,484.0,32.0,0.1768,27.8,82.0,1,1,0.25
Bryce McGowens,Bryce McGowens,NOP,2025,724598,0.00513142314883,0.0765,0.0713,10802412,-1.0226470872385056,0.1914871887544126,-3.7146413261473996,23.0,529.0,32.0,0.3095,26.8,78.0,2,1,0.25
E'Twaun Moore,E'Twaun Moore,NOP,2019,8664928,0.079393,0.0765,-0.0029,8349210,0.2532006173275765,-1.395241235978529,0.0029145920319162844,,,1463.0,0.6463,17.3,75.0,0,0,0.25
Bobby Portis,Bobby Portis,,2019,15000000,0.1374381528312259,0.0764,-0.061,8338295,-0.3864641001315642,-0.4117354645764043,0.0035880757733268323,,,768.0,0.3415,23.3,81.0,0,0,0.25
Sam Merrill,Sam Merrill,CLE,2025,8482144,0.0600684380488357,0.0764,0.0164,10788291,0.21592885494233238,0.33637035713838126,0.4116551756484751,30.0,900.0,1401.0,0.6683,14.3,76.0,4,1,0.25
Thaddeus Young,Thaddeus Young,CHI,2020,13545000,0.124107,0.0764,-0.0477,8338295,-0.03880528425238535,-0.34747925982262917,0.07769816016926571,,,1591.0,0.926,19.7,80.0,1,0,0.25
Jevon Carter,Jevon Carter,,2024,6500000,0.0462343870031581,0.0763,0.03,10726864,-0.13590591300996369,-0.3460708259423713,-0.9455001338163648,,,1004.0,,17.7,72.0,5,1,0.25
Kelly Olynyk,Kelly Olynyk,,2020,12819649,0.1174605919003115,0.0763,-0.0411,8327382,0.47583099713506316,0.16241617990590582,0.07704794412133228,,,1300.0,0.9429,17.4,84.0,1,0,0.25
Dean Wade,Dean Wade,,2023,5709877,0.0419779078230567,0.0763,0.0344,10378402,-0.1956100564799041,-0.39490989432785983,,,,,,,81.0,3,0,0.25
De'Andre Hunter,De'Andre Hunter,,2022,9835881,0.0795429299260038,0.0762,-0.0034,9422511,-0.8220753140944911,-0.6842777402951853,-0.5040798503920879,,,1577.0,0.5823,19.9,79.0,2,0,0.25
Georges Niang,Georges Niang,,2023,8800000,0.0646958925460039,0.0762,0.0115,10364800,-0.1956100564799041,-1.0410227771226326,-0.3193800623419821,,,1512.0,0.9293,17.0,78.0,4,0,0.25
Patrick Beverley,Patrick Beverley,MIL,2023,2019706,0.014848,0.0762,0.0614,10364800,-0.257754462342967,0.3697558109980638,,,,,,,74.0,4,0,0.25
Kel'el Ware,Kel'el Ware,MIA,2026,4654920,0.0304243137254901,0.0761,0.0457,11643300,-0.002343843917600785,0.773943735356386,0.3093446035111919,22.0,484.0,1704.0,0.8796,18.0,84.0,1,1,0.25
Chet Holmgren,Chet Holmgren,,2023,10386000,0.0763558568162269,0.0761,-0.0002,10351198,0.26764824177201946,,,,,,,,85.0,0,0,0.25
Jonathan Kuminga,Jonathan Kuminga,,2023,6012840,0.0442052330154902,0.0761,0.0319,10351198,0.20550383590895654,-0.9639634424773844,,,,,,,79.0,1,0,0.25
Jaden Ivey,Jaden Ivey,CHI,2025,10107163,0.0715764191830491,0.0761,0.0045,10745928,-0.5502599837090697,-0.4656645905310439,-0.1424895959791342,24.0,576.0,898.0,0.6451,26.0,75.0,2,1,0.25
Gary Trent Jr.,Gary Trent Jr.,,2024,2087519,0.0148484863572993,0.076,0.0612,10684688,-0.29745062915563014,-0.8098969561268747,,,,,,,77.0,5,1,0.25
Jeremy Lamb,Jeremy Lamb,IND,2020,10500000,0.096207,0.076,-0.0202,8294640,0.1704424345535003,-0.34747925982262917,0.6242047484573127,,,1291.0,0.7606,19.6,77.0,1,0,0.25
Rondae Hollis-Jefferson,Rondae Hollis-Jefferson,TOR,2019,2500000,0.022906,0.0759,0.053,8283725,-0.061301202089834306,0.0491072397377341,-0.12841473754314045,,,1234.0,0.7195,21.6,78.0,0,0,0.25
Cole Anthony,Cole Anthony,MEM,2026,3700000,0.0241830065359477,0.0758,0.0516,11597400,-0.9359615340612351,-1.0663090282682923,-1.8956972015636941,26.0,676.0,527.0,0.6561,25.8,74.0,5,1,0.25
Isaiah Thomas,Isaiah Thomas,CHO,2021,552077,0.004911,0.0758,0.0709,8520981,-1.423374050168083,-0.19275676610948606,-3.371313286162797,,,48.0,0.2142,29.7,69.0,2,0,0.25
Markelle Fultz,Markelle Fultz,ORL,2021,16500000,0.146779,0.0758,-0.071,8520981,-0.5641606449928416,-0.25957193553475266,-0.8387952869471873,,,215.0,0.3951,26.2,76.0,2,0,0.25
Elfrid Payton,Elfrid Payton,PHO,2021,2239544,0.019922,0.0758,0.0559,8520981,-1.0021910084155137,-1.3164664337162428,-0.8796071774499854,,,1484.0,0.6741,23.2,75.0,2,0,0.25
Nickeil Alexander-Walker,Nickeil Alexander-Walker,,2021,3261480,0.0290131122458056,0.0757,0.0466,8509739,-0.356377011061574,-0.3081647860258556,0.03725842369302595,,,1007.0,0.5954,23.2,77.0,1,0,0.25
Taurean Prince,Taurean Prince,MIL,2026,3815861,0.0249402679738562,0.0757,0.0507,11582100,-0.74429167714433,-1.1803578027818948,-0.7174493653220856,32.0,1024.0,611.0,0.6415,16.2,78.0,7,1,0.3
Jarrett Allen,Jarrett Allen,,2021,20000000,0.1779137829807675,0.0757,-0.1022,8509739,-0.0755883165598611,0.050207486346028875,-0.1160198215541237,,,1544.0,0.7978,16.8,81.0,2,0,0.25
Jarace Walker,Jarace Walker,IND,2026,8478542,0.0554153071895424,0.0756,0.0202,11566800,-0.9916076215532397,-1.1511090573551637,-1.0280879239971772,22.0,484.0,1953.0,0.8183,20.7,79.0,2,1,0.25
Furkan Korkmaz,Furkan Korkmaz,PHI,2020,1762796,0.016152,0.0755,0.0593,8240070,0.04602487202027101,-1.1063934026744022,0.11020896256593715,,,1559.0,0.8445,18.4,79.0,1,0,0.25
Jarred Vanderbilt,Jarred Vanderbilt,LAL,2025,11571429,0.0819459874794629,0.0754,-0.0066,10647083,0.7920106885148152,-0.005929373242154077,0.22587253544962343,27.0,729.0,581.0,,12.5,80.0,6,1,0.25
Brice Sensabaugh,Brice Sensabaugh,UTA,2025,2693760,0.0190765395728287,0.0754,0.0563,10647083,-0.4465652536660228,-1.2378458823978096,-0.3029673593233147,22.0,484.0,1432.0,0.6875,21.5,78.0,1,1,0.25
Christian Braun,Christian Braun,DEN,2026,21551726,0.140860954248366,0.0754,-0.0655,11536200,0.38717876852643207,-0.3272300916055875,0.38911264968680936,25.0,625.0,1399.0,0.7573,14.8,78.0,3,1,0.25
Dion Waiters,Dion Waiters,MEM,2020,12650000,0.115906,0.0753,-0.0406,8218242,-0.1406014717795729,-0.5727818959817492,-0.3995604190138711,,,165.0,0.262,23.8,75.0,1,0,0.25
Dean Wade,Dean Wade,CLE,2025,6623456,0.046905671066795,0.0753,0.0284,10632962,0.5500563184143724,0.1724294780441691,0.19255978617258795,29.0,841.0,1252.0,,10.4,81.0,5,1,0.25
Elfrid Payton,Elfrid Payton,NYK,2019,8000000,0.0733,0.0753,0.002,8218242,0.05597066277767479,0.3076287567920069,-0.20350817471041646,,,1250.0,0.5122,18.3,75.0,0,0,0.25
Ziaire Williams,Ziaire Williams,BRK,2026,6250000,0.0408496732026143,0.0752,0.0343,11505600,-0.4722441382945293,-0.5347755219269086,-0.19456455162464653,24.0,576.0,1281.0,0.6963,18.9,81.0,4,1,0.25
Tim Hardaway Jr.,Tim Hardaway Jr.,,2024,16193183,0.1151818291746094,0.0752,-0.04,10572217,-0.31973265896882547,-0.5230571124601423,,,,,,,77.0,5,1,0.25
Marvin Bagley III,Marvin Bagley III,,2023,12500000,0.0918975746392101,0.0752,-0.0167,10228779,-0.9017964867419825,-0.6438708216432768,-0.41989555121908323,,,990.0,0.4707,20.4,82.0,4,0,0.25
Markieff Morris,Markieff Morris,DET,2019,2241808,0.020541,0.075,0.0544,8185500,-0.08795389865063186,-0.2656146071109458,-0.7449891028044965,,,883.0,0.4146,19.5,81.0,0,0,0.25
Mo Bamba,Mo Bamba,,2021,7568742,0.067329176081271,0.0748,0.0075,8408567,-0.26652462882102584,0.3053199514243196,-0.5568505472141172,,,725.0,0.6535,21.8,84.0,2,0,0.25
Kevon Looney,Kevon Looney,,2019,4464286,0.0409042147700201,0.0748,0.0339,8163672,1.1807144576433304,0.8246717909005524,0.4487608288456986,,,1481.0,0.9756,12.8,81.0,0,0,0.25
Kris Dunn,Kris Dunn,,2024,5168000,0.0367598941588186,0.0747,0.038,10501923,-0.002213734130791482,0.34966836933438405,0.24786997522046672,,,1249.0,0.5171,13.6,75.0,5,1,0.25
Caris LeVert,Caris LeVert,DET,2025,14104000,0.0998810265707325,0.0747,-0.0252,10548237,-0.17580679188695592,0.27414148153148393,0.9036588572785376,31.0,961.0,904.0,0.661,18.1,79.0,6,1,0.25
Tre Mann,Tre Mann,CHO,2025,8000000,0.0566540139368874,0.0745,0.0178,10519996,-0.7576494437951635,-0.8013395960974323,-0.8628777990950263,25.0,625.0,319.0,0.3451,26.0,76.0,3,1,0.25
Jarred Vanderbilt,Jarred Vanderbilt,,2023,4698000,0.0345387844524007,0.0745,0.04,10133564,0.20550383590895654,-0.36527168869507204,0.48633572293306193,,,1254.0,0.7439,14.1,80.0,4,0,0.25
Willie Cauley-Stein,Willie Cauley-Stein,DAL,2021,4100000,0.036472,0.0745,0.038,8374843,0.9408667575363395,0.4207279713406892,0.08461267832222667,,,906.0,0.6916,12.0,84.0,2,0,0.25
Max Strus,Max Strus,CLE,2025,15936452,0.1128579967140672,0.0744,-0.0385,10505875,0.35418849499972827,0.15248320698759793,0.41261612033915884,30.0,900.0,1273.0,0.7561,14.7,77.0,4,1,0.25
Joakim Noah,Joakim Noah,LAC,2019,434704,0.003983,0.0743,0.0703,8109102,0.22654792076677896,1.1225335388109101,-0.09137313176556035,,,693.0,0.5122,20.0,83.0,0,0,0.25
Sidy Cissoko,Sidy Cissoko,POR,2026,2497812,0.0163255686274509,0.0742,0.0579,11352600,0.06566804079484939,-0.7284482215068511,-1.0063010567597839,22.0,484.0,1435.0,0.5049,12.5,78.0,2,1,0.25
Alex Caruso,Alex Caruso,,2021,8604651,0.0765443005319622,0.0742,-0.0024,8341118,0.4073682379830851,1.0888796655933553,0.19520978617332044,,,1216.0,0.6813,14.8,77.0,2,0,0.25
Ryan Rollins,Ryan Rollins,,2023,1719864,0.0126441064247432,0.0741,0.0615,10079156,-0.9639408926050453,-0.3297058419357269,-3.8713063536800885,,,62.0,0.1463,26.1,75.0,0,0,0.25
Trevor Ariza,Trevor Ariza,POR,2019,12200000,0.111783,0.0741,-0.0377,8087274,-0.18923414558166246,-0.827617905055017,0.04803800270642294,,,1465.0,0.5244,18.2,80.0,0,0,0.25
Tim Hardaway Jr.,Tim Hardaway Jr.,DEN,2025,2296274,0.016261642399864,0.0741,0.0578,10463512,-0.6597155320878415,-0.6768802633665757,,34.0,1156.0,,,,77.0,6,1,0.25
Brandin Podziemski,Brandin Podziemski,GSW,2025,3687960,0.0261172171548354,0.0741,0.048,10463512,0.11799494323501032,0.5702673956318903,0.8546506780536681,23.0,529.0,1716.0,0.8262,18.3,76.0,1,1,0.25
Grayson Allen,Grayson Allen,,2021,4054695,0.0360693063141601,0.0741,0.038,8329877,0.00864829179065274,0.05628159265741675,0.35783426588675976,,,1259.0,0.5559,16.8,75.0,2,0,0.25
Zach Collins,Zach Collins,,2021,7000000,0.0622698240432686,0.0741,0.0118,8329877,-0.06997254266982685,,,,,,,,81.0,2,0,0.25
Taurean Prince,Taurean Prince,,2019,3481986,0.0319038482682792,0.074,0.042,8076360,-0.26919223526405506,-1.0467991912532049,-0.41531881138403354,,,1552.0,0.6707,19.5,78.0,0,0,0.25
Kevin Knox,Kevin Knox,GSW,2024,263939,0.001877,0.0739,0.072,10389453,,,-0.5020160363475787,,,560.0,0.3841,16.6,80.0,5,1,0.25
Shai Gilgeous-Alexander,Shai Gilgeous-Alexander,,2019,3952920,0.0362188015393073,0.0739,0.0376,8065445,-0.18390360626950294,-0.5971965528979478,-0.019310371434631796,,,2174.0,1.0,18.3,78.0,0,0,0.25
Jeff Green,Jeff Green,,2022,4500000,0.0363915733290202,0.0738,0.0374,9125739,-0.569092492841333,-0.4348370963573178,-0.35251821624674173,,,1849.0,0.7894,16.3,80.0,3,0,0.25
Marvin Bagley III,Marvin Bagley III,,2019,8556120,0.0783958218801539,0.0738,-0.0046,8054532,-0.7596018519827294,-0.7433174103634064,-0.03749443245271655,,,1567.0,0.7561,24.2,82.0,0,0,0.25
Gary Trent Jr.,Gary Trent Jr.,MIL,2026,3881960,0.0253722875816993,0.0737,0.0483,11276100,-1.3131183492848224,-1.9997400274460726,,27.0,729.0,,,,77.0,7,1,0.3
Trevor Ariza,Trevor Ariza,LAL,2021,2641691,0.0235,0.0737,0.0502,8284911,0.32874740352260545,0.4875431407659558,0.3783959817125969,,,841.0,0.4211,15.1,80.0,2,0,0.25
Ish Smith,Ish Smith,WAS,2019,6000000,0.054975,0.0735,0.0185,8021790,0.11993713452358885,-0.6421568167334735,-0.25401945531620757,,,1251.0,0.6829,19.9,72.0,0,0,0.25
Justise Winslow,Justise Winslow,TOR,2023,116075,0.000853,0.0735,0.0727,9997543,-0.009176838890715338,-0.7920618498072155,-0.3559931702813786,,,776.0,0.3756,14.2,78.0,4,0,0.25
Moses Brown,Moses Brown,BRK,2022,105522,0.000853,0.0735,0.0726,9088642,0.04611573156975584,-0.08306182926545327,-0.04147240798936066,,,176.0,0.2677,19.3,86.0,2,0,0.25
Mitchell Robinson,Mitchell Robinson,,2020,1663861,0.0152451988271944,0.0734,0.0582,8010876,0.8660497159892824,1.1288459086937106,1.3761796078923234,,,1412.0,0.8313,13.3,84.0,1,0,0.25
Josh Minott,Josh Minott,BRK,2025,2378870,0.0168465667667554,0.0734,0.0566,10364667,0.7862498701790903,-0.1205772927797281,0.6269067863616274,23.0,529.0,276.0,0.4341,17.2,80.0,2,1,0.25
Bones Hyland,bones hyland,,2022,2201520,0.0178037281145121,0.0734,0.0556,9076277,,0.08323193335979173,0.32124213918120664,,,1310.0,0.8415,23.8,74.0,0,0,0.25
Jake LaRavia,Jake LaRavia,LAL,2026,6000000,0.0392156862745098,0.0733,0.0341,11214900,-0.3856835577514109,-0.5774045984703134,-0.051544310243693776,24.0,576.0,2061.0,0.7573,14.4,79.0,3,1,0.25
Derrick Rose,Derrick Rose,MEM,2023,3196448,0.0235,0.0733,0.0498,9970339,-0.8904975038577893,-1.1358650351475532,-1.1908175134212844,,,338.0,0.3451,23.6,75.0,4,0,0.25
Alex Len,Alex Len,SAC,2019,4160000,0.038116,0.0733,0.0351,7999962,-0.39179463944372367,-0.023953188994995166,-0.7429686515802649,,,1544.0,0.939,22.1,84.0,0,0,0.25
P.J. Tucker,P.J. Tucker,PHI,2022,10490000,0.084833,0.0732,-0.0117,9051546,-0.03437880246533992,0.46698677018728024,0.3033303096913021,,,1981.0,0.75,11.7,77.0,3,0,0.25
Goga Bitadze,Goga Bitadze,,2022,4765339,0.0385373741458089,0.0732,0.0346,9051546,-0.06887645990895239,0.3134848354562848,-0.36250750576995766,,,729.0,0.6195,19.9,83.0,2,0,0.25
Wendell Carter Jr.,Wendell Carter Jr.,,2020,5448840,0.0499252336448598,0.0732,0.0233,7989048,0.02905884076573972,0.4114348830291438,-0.1176917622347297,,,1256.0,0.5745,16.4,82.0,1,0,0.25
Jabari Parker,Jabari Parker,BOS,2021,1168288,0.010393,0.073,0.0626,8206221,0.27258966462226286,-0.23527551028920116,-0.11446211580974214,,,138.0,0.2894,18.9,79.0,2,0,0.25
Jeff Green,Jeff Green,,2021,4500000,0.0400306011706726,0.073,0.0329,8206221,-0.30583504605126566,-0.016607683079237743,0.1861750928559072,,,1835.0,0.7274,15.6,80.0,2,0,0.25
Jae Crowder,Jae Crowder,PHO,2020,9258000,0.084827,0.0728,-0.012,7945392,0.41927755961995894,0.636737519188264,0.024055336214757823,,,1322.0,0.7565,15.6,78.0,1,0,0.25
Talen Horton-Tucker,Talen Horton-Tucker,UTA,2022,10260000,0.082973,0.0727,-0.0103,8989718,-0.5805917119892039,-0.47960849398719135,-0.15101013448531547,,,1511.0,0.6203,19.2,76.0,2,0,0.25
Nicolas Batum,Nicolas Batum,,2019,25565217,0.2342424134139637,0.0727,-0.1615,7934478,0.1359287524600674,-0.2712346400903865,0.17701013918654276,,,2354.0,0.9146,13.2,79.0,0,0,0.25
Dorian Finney-Smith,Dorian Finney-Smith,,2020,4000000,0.0366501740883269,0.0727,0.0361,7934478,0.3910008408624068,-0.3415502430815997,0.5302485295309323,,,2120.0,0.9867,12.9,79.0,1,0,0.25
Kendrick Nunn,Kendrick Nunn,MIA,2020,1663861,0.015245,0.0726,0.0573,7923564,-0.8305534094638445,-0.38305336026880593,-0.31438211673459193,,,1962.0,0.9306,24.1,75.0,0,0,0.25
Royce O'Neale,Royce O'Neale,,2022,9200000,0.074400549917108,0.0726,-0.0018,8977353,0.05761495071762666,0.2047542983551631,0.6136872014298406,,,2406.0,0.9265,9.9,78.0,3,0,0.25
Isaiah Jackson,Isaiah Jackson,LAC,2026,7000000,0.0457516339869281,0.0725,0.0268,11092500,-0.07035572863005096,0.33669893611606394,-0.7195577718289301,24.0,576.0,638.0,0.3939,16.0,80.0,4,1,0.25
Rudy Gay,Rudy Gay,UTA,2022,6184500,0.050014,0.0724,0.0224,8952622,-0.1838686513876606,0.2047542983551631,-0.010471164641448934,,,1038.0,0.752,19.3,80.0,3,0,0.25
Josh Jackson,Josh Jackson,MEM,2019,7059480,0.064683,0.0723,0.0076,7890822,-1.004806660342067,-1.5301220274851062,-1.0685980405522646,,,1988.0,0.9634,23.9,80.0,0,0,0.25
Alex Caruso,Alex Caruso,,2022,9030000,0.0730257571469006,0.0723,-0.0008,8940256,0.5233333262063949,0.7100315001780229,1.006369617170056,,,1147.0,0.64,13.3,77.0,3,0,0.25
Kevin Knox,Kevin Knox,POR,2022,3000000,0.024261,0.0723,0.048,8940256,,,-1.3734924971713014,,,111.0,0.4379,20.6,80.0,3,0,0.25
Collin Sexton,Collin Sexton,,2022,16500000,0.1334357688730743,0.0722,-0.0613,8927891,-1.0175620396082952,-1.0808244050169233,-0.8754058540481863,,,316.0,0.4671,27.9,75.0,3,0,0.25
Frank Jackson,Frank Jackson,UTA,2022,105522,0.000853,0.0721,0.0712,8915525,-0.7703288279290725,,-1.0197338647456864,,,1164.0,0.6334,20.9,75.0,3,0,0.25
Alex Len,Alex Len,LAL,2024,743829,0.005291,0.0721,0.0668,10136394,0.6718176677183684,0.6487141637954456,-0.05766065381500342,,,444.0,0.4829,11.8,84.0,5,1,0.25
Tony Bradley,Tony Bradley,,2021,1789256,0.0159166651840518,0.0721,0.0562,8105049,0.19396883016178323,0.10487444314851974,-0.07956950713559424,,,397.0,0.3831,18.0,82.0,2,0,0.25
Mouhamed Gueye,Mouhamed Gueye,ATL,2026,2406205,0.0157268300653594,0.0721,0.0563,11031300,0.6654092059864556,0.33831693165620375,-0.0023481584173218203,23.0,529.0,1179.0,,12.4,83.0,2,1,0.25
Onyeka Okongwu,Onyeka Okongwu,,2024,14000000,0.0995817566221868,0.072,-0.0276,10122336,0.2596001161742541,0.007901747093170883,-0.18573955819203986,,,1405.0,0.7451,13.7,82.0,3,1,0.25
Mitchell Robinson,Mitchell Robinson,,2021,1802057,0.0160305389008486,0.072,0.0559,8093807,0.9240194358662367,0.39035743978374976,0.6139210902630953,,,853.0,0.6042,11.8,84.0,2,0,0.25
Taurean Prince,Taurean Prince,MIL,2025,3303774,0.0233965072800407,0.0719,0.0485,10152855,-0.6021073487305931,-0.7529411025032059,-0.09604393592942129,32.0,1024.0,2166.0,0.9049,12.5,78.0,6,1,0.25
Malik Beasley,Malik Beasley,MIN,2019,2731714,0.025029,0.0719,0.0469,7847166,0.15192037039654588,-0.30495483796703077,0.6912149757534957,,,1879.0,0.9878,18.7,76.0,0,0,0.25
Tyler Herro,Tyler Herro,,2020,3822240,0.0350214403518416,0.0718,0.0368,7836252,-0.44033469060962543,-1.5332826080285245,-0.27276828966685246,,,1508.0,0.7639,22.3,77.0,0,0,0.25
Santi Aldama,Santi Aldama,,2023,2194200,0.0161313326618683,0.0718,0.0557,9766307,-0.12216666773264791,0.5298021214151176,0.19365827002620853,,,1682.0,0.7332,16.0,84.0,1,0,0.25
George Hill,George Hill,MIL,2019,10133907,0.092852,0.0718,-0.0211,7836252,0.903526413411036,0.1896080642237519,0.28476753781223035,,,958.0,0.5732,14.4,76.0,0,0,0.25
Nicolas Batum,Nicolas Batum,,2023,11710818,0.0860956616992964,0.0717,-0.0144,9752705,0.14335943004589363,0.2808411940997006,0.22253941728275117,,,1709.0,0.8549,11.5,79.0,4,0,0.25
Jalen Suggs,Jalen Suggs,,2023,7252080,0.0533158850471618,0.0716,0.0182,9739103,-0.257754462342967,-0.5134627168590108,0.18092327596033148,,,1246.0,0.6235,20.3,77.0,1,0,0.25
Javonte Green,Javonte Green,,2023,127683,0.0009387006418126,0.0716,0.0706,9739103,0.8269478945395856,0.14450544818887698,0.5074849095067506,,,480.0,0.4939,13.6,77.0,3,0,0.25
Keyonte George,Keyonte George,UTA,2025,4278960,0.0303025324344229,0.0715,0.0412,10096372,-1.38557864238917,-1.1267096138966766,-0.9307845572366756,22.0,484.0,2109.0,0.8537,24.3,76.0,1,1,0.25
Gary Harris,Gary Harris,,2024,7500000,0.0533473696190286,0.0715,0.0182,10052042,0.3097346832539437,-0.5291600878573068,0.29375765524670655,,,1297.0,0.6537,11.7,76.0,5,1,0.25
Killian Hayes,Killian Hayes,,2023,7413955,0.0545059586387396,0.0714,0.0169,9711899,-1.2690134304782634,-1.4263194503488732,-0.6686827567203246,,,2154.0,0.7683,20.5,76.0,2,0,0.25
Willie Cauley-Stein,Willie Cauley-Stein,HOU,2022,105522,0.000853,0.0714,0.0706,8828967,0.9028075580861321,-0.9337183842330528,-1.3073565113624233,,,177.0,0.4175,10.9,84.0,3,0,0.25
Kevin Knox,Kevin Knox,UTA,2023,1845593,0.013568,0.0714,0.0578,9711899,,,-0.5249592522625691,,,593.0,0.4207,16.2,80.0,4,0,0.25
Jose Alvarado,Jose Alvarado,NYK,2026,4500000,0.0294117647058823,0.0712,0.0418,10893600,0.19550891160952702,-0.15946477722261623,-0.710772744717078,28.0,784.0,896.0,0.5915,15.7,72.0,4,1,0.25
Jaden Ivey,Jaden Ivey,,2024,7977240,0.0567419694426266,0.0712,0.0144,10009865,-1.2221548664032378,-1.2737230863113782,-0.41633967174162473,,,2217.0,0.9253,24.9,75.0,1,1,0.25
Goga Bitadze,Goga Bitadze,,2024,9057971,0.064429190258059,0.0711,0.0066,9995806,0.3375872205204379,1.0698194661997975,0.32541434589772006,,,957.0,0.5622,13.3,83.0,4,1,0.25
Trey Burke,Trey Burke,DAL,2021,3150000,0.028021,0.0709,0.0429,7970152,-0.1710564726904435,-0.40535048700806164,-0.2939098175625028,,,911.0,0.5627,20.0,72.0,2,0,0.25
Thomas Bryant,Thomas Bryant,,2022,1836090,0.0148484897497068,0.0709,0.056,8767139,-0.33910810988391665,0.12800333098966538,-0.8175368664654178,,,439.0,0.329,18.7,81.0,3,0,0.25
Nick Richards,Nick Richards,,2024,5000000,0.0355649130793524,0.0708,0.0353,9953630,-0.2473160620759405,-1.2187963077368977,-0.707929739756465,,,1759.0,,13.3,83.0,3,1,0.25
Olivier-Maxence Prosper,Olivier-Maxence Prosper,DAL,2026,1002360,0.0065513725490196,0.0707,0.0642,10817100,-0.014709641138046275,-1.06303813291635,-0.03748826686473036,23.0,529.0,984.0,0.611,18.9,79.0,2,1,0.25
Pat Connaughton,Pat Connaughton,,2022,5728393,0.0463256075370991,0.0706,0.0242,8730043,0.06336456029156207,-0.14702096873670137,0.4807263132932415,,,1691.0,0.8349,14.0,77.0,3,0,0.25
Josh Richardson,Josh Richardson,NOP,2022,12196094,0.09863,0.0706,-0.028,8730043,0.011618074126143374,-0.15981279663095097,0.380144501542239,,,1087.0,0.6369,16.7,77.0,3,0,0.25
Malik Monk,Malik Monk,,2021,1789256,0.0159166651840518,0.0706,0.0547,7936428,-0.4743082627522934,-0.46001744381055254,0.006727391103146546,,,878.0,0.6633,23.8,75.0,2,0,0.25
Thomas Bryant,Thomas Bryant,CLE,2025,2296274,0.016261642399864,0.0705,0.0542,9955163,-0.4868909820160966,0.3745585438364921,-0.26484988659286063,28.0,784.0,848.0,0.5805,17.6,81.0,6,1,0.25
Doug McDermott,Doug McDermott,,2022,13750000,0.1111964740608952,0.0705,-0.0406,8717677,-0.4138530343450771,-1.387828274478914,-0.8774726036047138,,,1223.0,0.7441,18.3,79.0,3,0,0.25
George Hill,George Hill,IND,2022,4000000,0.032348,0.0705,0.0381,8717677,0.3048481623968493,-0.25575150583782313,0.10492235226466698,,,1253.0,0.5444,11.7,76.0,3,0,0.25
Dominick Barlow,Dominick Barlow,PHI,2026,3415000,0.0223202614379084,0.0704,0.048,10771200,-0.12600181612205566,-0.47503673039177446,0.011356483877167513,23.0,529.0,1689.0,0.6415,12.8,81.0,3,1,0.25
Aron Baynes,Aron Baynes,TOR,2020,7000000,0.064138,0.0703,0.0062,7672542,-0.34419384683394816,0.22170634731620062,-0.5097720391385874,,,934.0,0.5978,21.1,82.0,1,0,0.25
Allen Crabbe,Allen Crabbe,MIN,2019,17818456,0.163262,0.0703,-0.093,7672542,0.2638616959518955,-1.0467991912532049,-0.30857163837046186,,,1133.0,0.5244,16.4,77.0,0,0,0.25
Moses Brown,Moses Brown,POR,2023,2019706,0.014848,0.0702,0.0554,9548674,-0.45548666281634886,1.217408492095793,0.05107181861004919,,,288.0,0.3634,21.5,86.0,3,0,0.25
Gary Payton II,Gary Payton II,,2024,9130000,0.0649415312828975,0.0702,0.0053,9869277,0.5659780261056904,0.056725550270487056,0.9536108768898511,,,680.0,0.4963,13.6,74.0,5,1,0.25
Alex Caruso,Alex Caruso,,2020,2750000,0.0251969946857247,0.0702,0.045,7661628,0.7077000909469905,0.18020323012899428,0.4957870789904605,,,1175.0,0.6699,13.8,77.0,1,0,0.25
Tyler Zeller,Tyler Zeller,SAS,2019,245686,0.002251,0.0702,0.068,7661628,-0.17857306695734343,-0.32743496988479365,-0.10012842040389747,,,82.0,0.0488,21.8,84.0,0,0,0.25
Robin Lopez,Robin Lopez,ORL,2021,5000000,0.044478,0.0701,0.0257,7880221,-0.05312522099972409,-0.5146844006130433,-0.43877645178999175,,,1354.0,0.8884,17.1,85.0,2,0,0.25
KJ Martin,kj martin,PHI,2023,1930681,0.014194,0.0701,0.0559,9535072,,-0.8928317489586939,0.03879164576081059,,,2292.0,1.0,16.4,78.0,0,0,0.25
Aaron Holiday,Aaron Holiday,,2024,4668000,0.0332034028508834,0.0701,0.0369,9855218,-0.10805337574346949,-0.5657779402402939,-0.1944524088299335,,,1269.0,0.8061,16.7,72.0,5,1,0.25
Daniel Theis,Daniel Theis,CHI,2020,5000000,0.045813,0.0701,0.0243,7650713,0.5041077158926153,1.0992008249885632,0.7058068624729581,,,1566.0,0.8661,14.4,80.0,1,0,0.25
Miles Bridges,Miles Bridges,,2020,3934320,0.0360483782297965,0.07,0.0339,7639800,-0.7004805031791048,-1.414702273207935,-0.5448837057269925,,,1995.0,0.9301,20.0,79.0,1,0,0.25
Talen Horton-Tucker,Talen Horton-Tucker,UTA,2023,11020000,0.081017,0.0699,-0.0112,9507867,-0.257754462342967,-0.3178505596826118,,,,,,,76.0,3,0,0.25
Miles McBride,Miles McBride,NYK,2025,4333333,0.0306875885218967,0.0698,0.0391,9856318,-0.02602551515811038,0.18050329961041778,0.5814220710025982,25.0,625.0,1593.0,0.7951,16.8,74.0,3,1,0.25
Aaron Nesmith,Aaron Nesmith,,2023,5634257,0.0414219642555193,0.0698,0.0284,9494265,-0.5232805601215085,-0.3178505596826118,-0.37395860833859806,,,1816.0,0.7476,16.8,77.0,2,0,0.25
Bilal Coulibaly,Bilal Coulibaly,WAS,2026,9240012,0.0603922352941176,0.0698,0.0094,10679400,-0.6515481979909888,-1.029861086975268,-0.3797529231424896,21.0,441.0,1468.0,0.711,19.9,79.0,2,1,0.25
Luke Kornet,Luke Kornet,,2024,2087519,0.0148484863572993,0.0698,0.0549,9813042,0.6272536080919776,0.7890825979302295,0.8351161082144976,,,983.0,,11.0,85.0,5,1,0.25
Jake LaRavia,Jake LaRavia,,2024,3352680,0.0238475545565766,0.0697,0.0458,9798983,-0.19718149499625093,-0.5291600878573068,-0.3268877385259168,,,806.0,0.4268,21.1,79.0,1,1,0.25
Bol Bol,Bol Bol,ORL,2021,2161152,0.019225,0.0697,0.0505,7835255,-0.43499784552205356,-1.2739476895365278,-2.0812213886659534,,,160.0,0.2804,21.2,87.0,1,0,0.25
Cameron Payne,Cameron Payne,,2023,6500000,0.0477867388123892,0.0697,0.0219,9480663,-0.41029073127957594,0.002242061151495826,,,,,,,74.0,4,0,0.25
Keegan Murray,Keegan Murray,SAC,2026,24137936,0.1577642875816993,0.0695,-0.0883,10633500,-0.10745312029138743,-0.24896226375627148,-0.7427502434042198,25.0,625.0,793.0,0.6061,18.7,80.0,3,1,0.25
Caris LeVert,Caris LeVert,DET,2026,14809200,0.0967921568627451,0.0695,-0.0273,10633500,-1.591348786744846,-0.552323725541011,-0.37623891229774875,31.0,961.0,1154.0,0.6707,18.4,79.0,7,1,0.3
Dewayne Dedmon,Dewayne Dedmon,DET,2022,2748674,0.022229,0.0695,0.0472,8594022,-0.3621065481796583,0.019272793888543638,-0.39075308304249956,,,1065.0,0.5615,16.9,82.0,3,0,0.25
Josh Minott,Josh Minott,BRK,2026,2584539,0.0168924117647058,0.0694,0.0525,10618200,0.7519697865295739,0.032558075682708354,0.8909133983158033,23.0,529.0,526.0,0.4476,13.8,80.0,3,1,0.25
Josh Hart,Josh Hart,,2020,3491159,0.0319878962800073,0.0693,0.0373,7563402,0.1704424345535003,-0.519420745312484,0.15669940999317733,,,1755.0,0.8706,15.3,77.0,1,0,0.25
Drew Eubanks,Drew Eubanks,,2023,2346614,0.0172518508171532,0.0693,0.0521,9426255,-0.3876927655111894,0.1326501659357619,,,,,,,82.0,3,0,0.25
Aaron Wiggins,Aaron Wiggins,,2024,10514017,0.0747860201439667,0.0692,-0.0056,9728689,0.3821512801468286,-0.5047481862686487,0.6838029354697448,,,1228.0,,16.4,77.0,2,1,0.25
Svi Mykhailiuk,Svi Mykhailiuk,,2023,2019706,0.0148484866307408,0.0691,0.0543,9399051,-0.3311978510902232,-0.11038312025309757,0.21867343694132424,,,428.0,0.3939,19.5,79.0,4,0,0.25
P.J. Tucker,P.J. Tucker,HOU,2019,8349039,0.076498,0.0689,-0.0076,7519746,0.2638616959518955,0.1896080642237519,0.39252493643791786,,,2802.0,1.0,9.5,77.0,0,0,0.25
Tristan Thompson,Tristan Thompson,CHI,2021,1000000,0.008896,0.0689,0.06,7745324,-0.0025832559894157546,0.2688753135559923,-0.5577851706607462,,,1287.0,0.6716,14.8,81.0,2,0,0.25
Josh Richardson,Josh Richardson,SAS,2021,11615328,0.103326,0.0689,-0.0344,7745324,-0.57539219277291,-0.11986749037283159,0.28617980164520607,,,1790.0,0.767,18.4,77.0,2,0,0.25
Jaylin Williams,Jaylin Williams,OKC,2026,7774648,0.0508146928104575,0.0688,0.018,10526400,0.08421673662551762,0.8377154928725294,0.3894640507712834,23.0,529.0,1277.0,0.7366,15.6,81.0,3,1,0.25
Brandon Williams,Brandon Williams,DAL,2025,2270735,0.0160807815421222,0.0685,0.0524,9672748,-0.008743060150935898,0.03954871537910536,0.3869909285875931,26.0,676.0,487.0,0.3293,22.6,73.0,1,1,0.25
Oshae Brissett,Oshae Brissett,IND,2022,1846738,0.014935,0.0683,0.0534,8445636,-0.7070831226157829,8.505204716921521e-05,-0.2898268130320758,,,1564.0,0.5381,17.3,79.0,2,0,0.25
Reggie Bullock,Reggie Bullock,HOU,2023,2019706,0.014848,0.0683,0.0534,9290234,-0.43288869704796246,,-0.36349772035591327,,,2364.0,0.8829,10.0,78.0,4,0,0.25
Taurean Prince,Taurean Prince,,2023,4516000,0.0332007557656538,0.0681,0.0349,9263030,-0.5289300515636051,-1.33740483345051,-0.3932885100457329,,,1192.0,0.6524,17.3,78.0,4,0,0.25
Luke Kennard,Luke Kennard,,2023,14763636,0.1085393873004903,0.0681,-0.0405,9263030,0.26199875032992287,-0.8987593900852514,0.02696629412821045,,,725.0,0.6232,15.0,77.0,4,0,0.25
Luka Garza,Luka Garza,BOS,2025,2461463,0.0174314698883915,0.0681,0.0507,9616264,-0.1354810635368821,-0.0977788706694908,-0.284068780406535,27.0,729.0,219.0,,26.2,82.0,2,1,0.25
Jalen Johnson,Jalen Johnson,,2023,2925360,0.0215066791157247,0.0681,0.0466,9263030,0.3297926476350824,0.2452753473403553,0.0885945689827227,,,1042.0,0.6341,16.0,80.0,1,0,0.25
Jakob Poeltl,Jakob Poeltl,,2020,8101852,0.0742335715594649,0.0681,-0.0061,7432433,1.0017779660255324,1.597238231235039,0.7181609673836932,,,1171.0,0.9251,13.2,84.0,1,0,0.25
Sam Hauser,Sam Hauser,BOS,2025,10044644,0.071133675145884,0.0681,-0.003,9616264,0.4117966783569766,0.47215724496871914,0.5599609729106619,28.0,784.0,1541.0,0.9171,14.3,79.0,3,1,0.25
Emmanuel Mudiay,Emmanuel Mudiay,UTA,2019,1737145,0.015917,0.0679,0.0519,7410606,-1.1700533790190115,-1.4233414008757326,-0.8187355724889516,,,1607.0,0.7195,25.6,75.0,0,0,0.25
Moses Moody,Moses Moody,,2024,5803269,0.0412785515122201,0.0679,0.0266,9545925,0.20946554909456452,0.05062257487332253,0.3396453352729463,,,1156.0,0.7598,18.4,77.0,2,1,0.25
Keldon Johnson,Keldon Johnson,,2023,20000000,0.1470361194227362,0.0679,-0.0791,9235825,-0.34249683397441644,-0.1637318903921155,,,,,,,78.0,3,0,0.25
Markelle Fultz,Markelle Fultz,SAC,2024,731831,0.005206,0.0679,0.0626,9545925,-0.548123464554078,-0.29114404736789057,-0.12010275005324116,,,910.0,0.5256,18.8,76.0,5,1,0.25
Pat Connaughton,Pat Connaughton,,2023,9423869,0.069282456385411,0.0678,-0.0015,9222223,-0.07132124475377824,-0.40083753545441736,0.06994689910054556,,,1443.0,0.778,13.8,77.0,4,0,0.25
Luka Garza,Luka Garza,,2024,2162606,0.0153825788829772,0.0678,0.0524,9531866,0.13704895220167956,-0.5230571124601423,,,,,,,82.0,1,1,0.25
Collin Sexton,Collin Sexton,,2023,17325000,0.1273700384499452,0.0677,-0.0597,9208621,-0.46678564570054215,-0.8809764667055787,,,,,,,75.0,4,0,0.25
Mario Hezonja,Mario Hezonja,POR,2019,1737145,0.015917,0.0677,0.0518,7388778,-0.3491503249464476,-0.38363529967920074,-0.7156925600531377,,,1206.0,0.7073,21.3,80.0,0,0,0.25
Markieff Morris,Markieff Morris,LAL,2020,1620564,0.014848,0.0677,0.0529,7388778,-0.5760629406458756,-1.3376250555745517,-0.38395523386346886,,,988.0,0.5374,21.8,81.0,1,0,0.25
Luka Garza,Luka Garza,,2023,127683,0.0009387006418126,0.0677,0.0668,9208621,-0.5232805601215085,-0.06888963236719474,0.15681775147849272,,,243.0,0.3415,26.9,82.0,0,0,0.25
Tyrese Haliburton,Tyrese Haliburton,,2021,4023600,0.0357926948600708,0.0677,0.0319,7610427,-0.24967730715092312,-0.8001673972482735,0.23290626518735522,,,1746.0,0.7073,18.1,77.0,0,0,0.25
Luguentz Dort,Luguentz Dort,,2021,1782621,0.0158576422865479,0.0676,0.0517,7599186,-0.9460332695151711,-0.6179442079066373,-0.3147830745372162,,,1543.0,0.5838,21.7,76.0,1,0,0.25
Landry Shamet,Landry Shamet,NYK,2025,2296274,0.016261642399864,0.0675,0.0512,9531540,-0.07211206184390902,-1.4252881965640358,-0.4051478114326831,29.0,841.0,762.0,0.5707,14.8,77.0,6,1,0.25
Jock Landale,Jock Landale,,2023,8000000,0.0588144477690944,0.0674,0.0085,9167815,-0.09391921052216474,0.4942362746557723,,,,,,,83.0,1,0,0.25
Jalen Suggs,Jalen Suggs,,2022,6922320,0.055980914641543,0.0674,0.0114,8334347,-1.167051888530616,-1.2471181676421685,-1.2722217689014566,,,1307.0,0.5854,25.3,77.0,0,0,0.25
Georges Niang,Georges Niang,,2022,3465000,0.0280215114633455,0.0674,0.0394,8334347,-0.4943475683801728,-1.1767631142237953,-0.5919167065445045,,,1736.0,0.9102,16.8,78.0,3,0,0.25
Jaylen Nowell,Jaylen Nowell,MIN,2022,1930681,0.015613,0.0672,0.0516,8309615,-0.32185928116211043,-0.07666591531832846,0.7545706295331285,,,975.0,0.5734,21.0,76.0,2,0,0.25
Joe Ingles,Joe Ingles,,2022,6479000,0.0523957785774938,0.0671,0.0147,8297250,0.3795930868580097,-0.15981279663095097,0.2909298123521374,,,1122.0,0.7195,13.2,80.0,3,0,0.25
Tari Eason,Tari Eason,,2023,3527160,0.0259309959491549,0.0671,0.0412,9127009,-0.06567175331168161,0.020024984531168483,0.2546043130557631,,,1767.0,1.0,19.3,80.0,0,0,0.25
Bruno Caboclo,Bruno Caboclo,HOU,2020,361256,0.00331,0.0671,0.0638,7323294,-0.0557713155069166,,,,,,,,81.0,1,0,0.25
Luguentz Dort,Luguentz Dort,,2023,15277778,0.1123192595261025,0.0669,-0.0455,9099804,-0.33684734253231985,0.3401176053652761,,,,,,,76.0,3,0,0.25
Kyle Anderson,Kyle Anderson,,2019,9073050,0.0831322155030236,0.0669,-0.0162,7301466,0.5623718974328278,-0.45669572841193007,0.32113565984839987,,,1281.0,0.5244,12.6,80.0,0,0,0.25
Raul Neto,Raul Neto,CLE,2022,1836090,0.014848,0.0668,0.052,8260154,-0.36785615775359376,-0.3005229034676967,-0.240224823675417,,,1372.0,0.811,18.4,74.0,3,0,0.25
Serge Ibaka,Serge Ibaka,IND,2022,1836090,0.014848,0.0667,0.0518,8247788,-0.41960264391901236,-0.6331104287181868,-1.049012816796492,,,538.0,0.5162,19.4,83.0,3,0,0.25
Taylor Hendricks,Taylor Hendricks,MEM,2026,7805900,0.051018954248366,0.0667,0.0157,10205100,-0.23729399110606503,-1.1738779795134782,0.07882549209619191,22.0,484.0,626.0,0.2671,18.2,81.0,2,1,0.25
Saben Lee,Saben Lee,PHO,2022,105522,0.000853,0.0665,0.0657,8223057,0.483086059188847,-0.038290431635579616,0.10009993663276961,,,604.0,0.5015,17.3,74.0,1,0,0.25
Kent Bazemore,Kent Bazemore,SAC,2019,19269662,0.176559,0.0665,-0.1101,7257810,-0.5463802794963494,-0.8444780039933392,-0.11528180458563476,,,1643.0,0.8171,22.0,76.0,0,0,0.25
Patrick Williams,Patrick Williams,CHI,2025,18000000,0.1274715313579967,0.0664,-0.0611,9376211,-0.8325400821595862,-0.9647039000627705,-1.0870982269212266,24.0,576.0,1576.0,,16.9,78.0,4,1,0.25
Mo Bamba,Mo Bamba,,2023,2019706,0.0148484866307408,0.0664,0.0515,9031794,-0.04872327898539171,0.04966319016395621,0.03356120176946821,,,681.0,0.6159,16.3,84.0,4,0,0.25
Thomas Bryant,Thomas Bryant,,2023,2528233,0.0185870784658251,0.0663,0.0477,9018192,-0.7153632691527939,0.10301196030297415,0.39491665838873014,,,876.0,0.3732,18.2,81.0,4,0,0.25
Dwight Powell,Dwight Powell,DAL,2025,4000000,0.0283270069684437,0.0663,0.038,9362090,0.9936393302651843,-0.39955603097631365,-0.536156604262563,34.0,1156.0,551.0,0.7512,7.6,82.0,6,1,0.25
Jalen Smith,Jalen Smith,,2024,8571429,0.0609684254701681,0.0663,0.0053,9320984,-0.25845707698253817,0.8012885487245586,0.11891978577964092,,,1047.0,0.6744,19.4,80.0,3,1,0.25
Dean Wade,Dean Wade,,2024,6166667,0.0438633951688622,0.0663,0.0225,9320984,0.6439651304518743,0.3252564677457259,0.2597775377589214,,,1108.0,,10.5,81.0,4,1,0.25
Jaylen Wells,Jaylen Wells,MEM,2026,2296271,0.0150083071895424,0.0663,0.0513,10143900,-0.5402560230069795,-1.1411529750482647,-0.5442086306763616,22.0,484.0,1821.0,0.8872,19.3,79.0,1,1,0.25
Reggie Bullock,Reggie Bullock,NYK,2019,4000000,0.03665,0.0662,0.0295,7225067,-0.002665269656079755,,0.23560322468926037,,,1355.0,0.5366,16.7,78.0,0,0,0.25
Aaron Holiday,Aaron Holiday,,2021,3980551,0.0354097443378938,0.0662,0.0308,7441806,-0.27775617660109436,-0.6726111647091281,-1.119493862084752,,,1176.0,0.7994,19.5,72.0,2,0,0.25
Daniel Theis,Daniel Theis,IND,2023,6928876,0.05094,0.0661,0.0152,8990988,-0.5797754745424748,-0.09852783799998248,-0.7400896877325639,,,109.0,0.2402,20.1,80.0,4,0,0.25
Moritz Wagner,Moritz Wagner,,2020,2161920,0.0198086860912589,0.0661,0.0463,7214154,-0.06142665925842703,-0.0806735064763027,-0.4821378571014166,,,835.0,0.5873,18.6,83.0,1,0,0.25
Collin Murray-Boyles,Collin Murray-Boyles,TOR,2026,6649560,0.0434611764705882,0.0661,0.0226,10113300,0.5232025379513324,0.555776328319889,0.6010075036246828,21.0,441.0,1246.0,0.6951,15.5,79.0,0,1,0.25
Kentavious Caldwell-Pope,Kentavious Caldwell-Pope,,2019,8089282,0.0741183983873923,0.0661,-0.0081,7214154,-0.12526767383574838,-0.5128960582063371,0.35009546072905345,,,2035.0,1.0,18.1,77.0,0,0,0.25
Taj Gibson,Taj Gibson,NYK,2019,9800000,0.089793,0.0659,-0.0239,7192326,0.045309584153355786,0.15026783336766691,0.4460668938800564,,,1686.0,0.8537,17.2,81.0,0,0,0.25
Derrick Jones Jr.,Derrick Jones Jr.,,2022,3200000,0.025878452145081,0.0659,0.04,8148864,0.5635805932239428,-0.4348370963573178,-0.19337850039412818,,,899.0,0.6871,12.5,78.0,3,0,0.25
Omer Yurtseven,Omer Yurtseven,UTA,2023,2800000,0.020585,0.0659,0.0453,8963783,-0.30295039387974004,-0.1518766081390004,,,,,,,83.0,2,0,0.25
Terance Mann,Terance Mann,,2024,11423077,0.0812521481207499,0.0658,-0.0154,9250690,-0.11362388319676833,-0.7732791037438878,-0.08989820117520987,,,1873.0,0.9512,13.6,78.0,4,1,0.25
John Wall,John Wall,HOU,2022,40866760,0.33049,0.0658,-0.2647,8136499,-0.33910810988391665,,,,,,,,75.0,3,0,0.25
Alex Len,Alex Len,SAC,2021,3732000,0.033199,0.0658,0.0326,7396841,0.1209637695913379,-0.028755895702013468,-0.18300116856253265,,,903.0,0.702,16.7,84.0,2,0,0.25
Derrick Jones Jr.,Derrick Jones Jr.,,2020,9258000,0.0848268279274326,0.0657,-0.0191,7170497,0.5832825284137612,0.364002749100908,0.7366921247497958,,,1375.0,0.7865,13.9,78.0,1,0,0.25
Isaiah Stewart,Isaiah Stewart,,2023,5266713,0.0387198520816638,0.0657,0.027,8936579,-0.4159402227216726,-0.288212354049824,-0.6288859002644588,,,1414.0,0.7305,17.3,80.0,2,0,0.25
Kendrick Nunn,Kendrick Nunn,WAS,2022,5250000,0.042457,0.0656,0.0231,8111768,-0.16087021309191893,,,,,,,,75.0,2,0,0.25
Dereck Lively II,Dereck Lively II,DAL,2025,5253360,0.0372029913319358,0.0656,0.0284,9263244,0.699837595143218,0.8123118384889657,0.7973143115095397,22.0,484.0,833.0,0.5259,13.6,85.0,1,1,0.25
Willie Cauley-Stein,Willie Cauley-Stein,DAL,2020,4100000,0.037566,0.0655,0.0279,7148670,0.6398359659288655,0.13870011294178794,0.15312322172954346,,,940.0,0.7263,14.4,84.0,1,0,0.25
Santi Aldama,Santi Aldama,,2024,3960531,0.0281711881526161,0.0655,0.0373,9208514,-0.5147004198342849,-0.4986452108714842,-0.27867663166290524,,,1618.0,0.7317,17.9,84.0,2,1,0.25
Dwight Howard,Dwight Howard,LAL,2019,2564753,0.0235,0.0655,0.042,7148670,-0.1679119883330244,-0.12511378262492798,-0.8234499586788253,,,230.0,0.1098,19.6,82.0,0,0,0.25
Dorian Finney-Smith,Dorian Finney-Smith,HOU,2026,13335000,0.087156862745098,0.0654,-0.0218,10006200,-0.6268166035500979,-1.5836116261991433,-1.4202515342702566,33.0,1089.0,620.0,0.5488,10.7,79.0,7,1,0.3
Rondae Hollis-Jefferson,Rondae Hollis-Jefferson,POR,2020,432891,0.003966,0.065,0.0611,7094100,0.3514134346018338,0.9924785236500325,0.4502719556351205,,,1122.0,0.7907,17.2,78.0,1,0,0.25
Chris Boucher,Chris Boucher,,2020,6500000,0.0595565328935312,0.065,0.0054,7094100,0.15913174705047947,1.2889293607015064,0.7100332667845254,,,819.0,0.6662,19.7,80.0,1,0,0.25
Jaden Hardy,Jaden Hardy,,2023,1719864,0.0126441064247432,0.065,0.0524,8841365,0.1942048530247633,-0.6083049748839315,,,,,,,75.0,0,0,0.25
Matisse Thybulle,Matisse Thybulle,,2024,11025000,0.0784206333399721,0.0648,-0.0136,9110102,0.3375872205204379,-0.9075445624815072,0.8104296980737989,,,1487.0,0.6378,10.6,77.0,4,1,0.25
Luke Kennard,Luke Kennard,,2019,3827160,0.0350665200659703,0.0648,0.0297,7072272,0.05597066277767479,-0.9175384327260684,0.1241416654858148,,,1437.0,0.7683,18.1,77.0,0,0,0.25
Trendon Watford,Trendon Watford,PHI,2025,2461463,0.0174314698883915,0.0647,0.0473,9136157,-0.8152576271524119,-0.9591443373432512,-0.5928523410129023,25.0,625.0,913.0,0.65,23.3,80.0,3,1,0.25
Naz Reid,Naz Reid,,2023,12950400,0.0952088280486101,0.0645,-0.0307,8773354,-0.4780846285847354,-0.37712697094818715,,,,,,,81.0,3,0,0.25
Josh Okogie,Josh Okogie,,2024,8250000,0.0586821065809315,0.0645,0.0058,9067926,0.40443330996002397,-0.18129049021892923,0.06315754169712165,,,960.0,0.7488,13.0,76.0,5,1,0.25
Chris Boucher,Chris Boucher,,2019,1488967,0.0136427249404434,0.0644,0.0508,7028616,0.0666317414019938,0.08844747059381909,0.9589247629641883,,,163.0,0.3415,23.6,80.0,0,0,0.25
Aaron Holiday,Aaron Holiday,,2023,2019706,0.0148484866307408,0.0644,0.0496,8759752,0.34674112196137225,-0.3830546120747447,-0.5515662934359195,,,845.0,0.6951,13.4,72.0,4,0,0.25
Dwight Powell,Dwight Powell,,2024,4000000,0.0284519304634819,0.0643,0.0359,9039808,1.0116186223695978,-0.15077561323310662,-0.21884839061603564,,,836.0,0.8622,9.1,82.0,5,1,0.25
Jose Alvarado,Jose Alvarado,,2024,1988598,0.0141448630039548,0.0642,0.0501,9025749,0.40443330996002397,0.08724042725630966,0.5156449181583977,,,1028.0,,17.3,72.0,2,1,0.25
Isaiah Jackson,Isaiah Jackson,,2022,2573760,0.0208140390602887,0.0641,0.0432,7926285,-0.189618260961596,0.4733826841344051,0.1042334357458245,,,541.0,0.439,22.5,80.0,0,0,0.25
Frank Jackson,Frank Jackson,DET,2021,3000000,0.026687,0.0641,0.0375,7205737,-0.30583504605126566,,-0.47429214276189224,,,738.0,0.6385,21.3,75.0,2,0,0.25
Coby White,Coby White,,2022,7413955,0.0599567748979014,0.064,0.004,7913920,-0.8278249236684265,-0.7994041913434318,-0.5815829587618673,,,1675.0,0.8049,19.8,76.0,2,0,0.25
Payton Pritchard,Payton Pritchard,,2023,4037277,0.0296812771557333,0.064,0.0344,8705344,0.058617058414444215,-0.8691211844524637,-0.8597076677084807,,,643.0,0.7134,19.8,73.0,2,0,0.25
Max Strus,Max Strus,CLE,2026,16660836,0.1088943529411764,0.0639,-0.045,9776700,-0.0889044244607192,-0.10163763763762416,-0.4848218474002411,30.0,900.0,288.0,0.4268,17.4,77.0,5,1,0.25
Al-Farouq Aminu,Al-Farouq Aminu,BOS,2021,151821,0.001351,0.0639,0.0625,7183254,0.4073682379830851,-0.873056672984928,-0.6394089516663423,,,367.0,0.3762,14.3,81.0,2,0,0.25
Josh Green,Josh Green,,2024,12654321,0.0900099652886448,0.0638,-0.0262,8969514,0.09248489257528883,-0.4803362846799906,-0.22814209796312218,,,1505.0,0.7305,13.1,78.0,3,1,0.25
Yuta Watanabe,Yuta Watanabe,MEM,2023,2346614,0.017252,0.0638,0.0466,8678139,-0.48938361146892867,-0.8750488255790212,,,,,,,81.0,3,0,0.25
Josh Jackson,Josh Jackson,DET,2020,4767000,0.043678,0.0637,0.02,6952218,-0.03880528425238535,0.1683451966469353,0.3992299958723463,,,381.0,0.5523,22.8,80.0,1,0,0.25
Josh Green,Josh Green,CHO,2025,13666667,0.0967839428360999,0.0637,-0.0331,8994949,-0.30254479527290207,-2.502773899740183,-0.5457660511694002,25.0,625.0,1887.0,0.7695,11.8,78.0,4,1,0.25
Keegan Murray,Keegan Murray,,2023,8409000,0.0618213364112894,0.0636,0.0018,8650935,-0.3820432740690928,0.20378185945445246,0.09905545696540745,,,2382.0,0.9756,15.8,80.0,0,0,0.25
A.J. Green,A.J. Green,MIL,2026,10044644,0.0656512679738562,0.0636,-0.002,9730800,-0.2187452952753968,,,26.0,676.0,,,,76.0,3,1,0.25
Ben McLemore,Ben McLemore,POR,2021,2389641,0.021258,0.0635,0.0423,7138289,-0.32268236772136843,-0.4782397627447162,-0.920107526803907,,,537.0,0.5373,21.1,75.0,2,0,0.25
Thomas Bryant,Thomas Bryant,,2021,8666667,0.0770959755902289,0.0634,-0.0137,7127047,0.36244204686281095,0.4632467155204043,0.33197635053002517,,,271.0,0.4283,17.2,81.0,2,0,0.25
Jerami Grant,Jerami Grant,,2020,19050000,0.1745464540956569,0.0634,-0.1112,6919476,-0.3215724718279065,-1.0115291348179305,0.10175615394280257,,,1892.0,0.9822,18.0,79.0,1,0,0.25
Cason Wallace,Cason Wallace,OKC,2025,5820240,0.0412174947595037,0.0634,0.0221,8952587,0.47516568004994963,0.6341779289704574,0.9395341257307296,22.0,484.0,1876.0,0.8933,12.8,75.0,1,1,0.25
Justise Winslow,Justise Winslow,MEM,2020,13000000,0.119113,0.0634,-0.0557,6919476,-0.09535872176748957,-0.2822600756713049,-0.5452088137509592,,,352.0,0.3973,20.6,78.0,1,0,0.25
Isaac Okoro,Isaac Okoro,,2023,8920795,0.0655839539482874,0.0633,-0.0023,8610129,0.3919370534981453,0.09115667804985905,0.2043465686172125,,,1652.0,0.872,11.9,76.0,2,0,0.25
Jeff Green,Jeff Green,,2019,2564753,0.0234996609858896,0.0632,0.0398,6897648,-0.4610916505017972,-0.6814970475895585,-0.21899830076285906,,,2097.0,0.939,17.8,80.0,0,0,0.25
Taurean Prince,Taurean Prince,,2022,7295000,0.0589947838744895,0.0632,0.0042,7814996,-0.29886084286636877,-0.8058001052905566,-0.14859892666936675,,,1177.0,0.7046,17.0,78.0,3,0,0.25
Hassan Whiteside,Hassan Whiteside,UTA,2021,2401537,0.021363,0.0632,0.0419,7104564,-0.6034710622230813,-0.040904108324789225,-0.8820995066409959,,,546.0,0.6743,23.5,84.0,2,0,0.25
Tremont Waters,Tremont Waters,TOR,2021,95930,0.000853,0.0631,0.0622,7093323,0.22204769961195453,-0.6422406331521888,-0.009161207489545778,,,238.0,0.3171,21.4,70.0,0,0,0.25
Jaden McDaniels,Jaden McDaniels,,2022,2161440,0.017479600501395,0.0629,0.0455,7777899,-0.30461045244030416,-0.4412330103044426,-0.5629822127531202,,,1803.0,0.8216,15.3,81.0,1,0,0.25
Nassir Little,Nassir Little,,2022,4171548,0.0337353766527839,0.0629,0.0292,7777899,-0.06312685033501697,-0.729049137925059,0.008474039626719367,,,1088.0,0.565,15.8,78.0,2,0,0.25
De'Anthony Melton,De'Anthony Melton,,2020,9571712,0.0877012277808319,0.0627,-0.025,6843078,0.03471418451725015,0.9746914734269442,0.5474792548011681,,,1167.0,0.7495,19.2,74.0,1,0,0.25
Jordan Goodwin,Jordan Goodwin,,2022,900000,0.007278314665804,0.0627,0.0554,7753168,-1.6442694831672549,0.05764827757129249,-8.157597916472653,,,6.0,0.0244,22.2,75.0,0,0,0.25
Delon Wright,Delon Wright,ATL,2021,8526316,0.075847,0.0626,-0.0133,7037116,0.26135811684219434,0.8459154131378402,0.9192314161618893,,,1052.0,0.6432,15.8,76.0,2,0,0.25
Georges Niang,Georges Niang,MEM,2025,8200000,0.0580703642853096,0.0626,0.0046,8839620,-0.475369345344647,-0.6964442782006053,-0.40162434756684284,33.0,1089.0,1053.0,0.8012,16.5,78.0,6,1,0.25
Daniss Jenkins,Daniss Jenkins,DET,2025,3809524,0.0269781032236133,0.0626,0.0357,8839620,-0.6712371687592912,0.1424347439755767,-4.060901729690432,24.0,576.0,23.0,0.0854,21.8,76.0,0,1,0.25
Maxi Kleber,Maxi Kleber,,2020,8325000,0.0762781748213304,0.0626,-0.0136,6832164,0.11388899703839608,0.22170634731620062,0.2753638387410281,,,1890.0,0.9671,13.9,82.0,1,0,0.25
Naji Marshall,Naji Marshall,,2022,1782621,0.0144160850754114,0.0625,0.0481,7728437,-0.2413647471270147,0.33906849124478405,-0.3397732606481558,,,735.0,0.5655,20.8,78.0,1,0,0.25
Jaxson Hayes,Jaxson Hayes,,2022,6803012,0.0550160689013788,0.0624,0.0074,7716072,-0.16661982266585434,0.3902358028217825,0.19172583363881984,,,1398.0,0.8241,16.4,84.0,2,0,0.25
Cam Whitmore,Cam Whitmore,WAS,2026,5458310,0.0356752287581699,0.0624,0.0268,9547200,-0.7504745757545528,-0.8224784082158616,-1.1911380271931526,21.0,441.0,354.0,0.4293,23.7,78.0,2,1,0.25
Brandon Clarke,Brandon Clarke,,2020,2602920,0.0238493677844969,0.0623,0.0385,6799422,0.21002984081407325,0.25728044776237746,1.068952525243778,,,1300.0,0.8056,18.7,80.0,0,0,0.25
Shaquille Harrison,Shaquille Harrison,MEM,2023,116075,0.000853,0.0623,0.0614,8474108,-0.11651717629055128,0.3697558109980638,1.616339035671333,,,120.0,0.0793,17.6,76.0,4,0,0.25
Kevon Looney,Kevon Looney,NOP,2026,8000000,0.0522875816993464,0.0623,0.01,9531900,-0.1445505119527239,-0.012058458599314762,-1.0786896801614454,30.0,900.0,308.0,0.5866,9.9,81.0,7,1,0.3
Wendell Carter Jr.,Wendell Carter Jr.,,2021,6920027,0.0615584090949525,0.0622,0.0007,6992150,-0.4911555844223962,0.15346729363962272,-0.457468920722571,,,792.0,0.4816,19.1,82.0,2,0,0.25
Corey Kispert,Corey Kispert,ATL,2025,13975000,0.0989674805960002,0.062,-0.037,8754896,-0.6942804421021903,-2.1403269055604874,-0.6056649368886852,27.0,729.0,1602.0,,17.5,78.0,3,1,0.25
Payton Pritchard,Payton Pritchard,,2022,2239200,0.0181084468885204,0.062,0.0439,7666610,0.356594648562268,-0.42204526846306817,0.15796892421553818,,,1001.0,0.843,18.6,73.0,1,0,0.25
Walker Kessler,Walker Kessler,,2024,2965920,0.0210965374000625,0.0619,0.0408,8702397,0.4768499068529089,0.41680109870319376,-0.012934687207149423,,,1493.0,0.8262,12.8,86.0,1,1,0.25
Isaac Okoro,Isaac Okoro,CHI,2025,11000000,0.0778992691632202,0.0618,-0.0161,8726654,0.5558171367500973,-0.42685037491824834,0.3117169278173687,25.0,625.0,1053.0,0.7732,12.5,76.0,4,1,0.25
DeMarcus Cousins,DeMarcus Cousins,DEN,2021,1138659,0.010129,0.0617,0.0516,6935943,-0.4181505238519509,0.9248787951858826,-0.3973414789894411,,,506.0,,23.1,82.0,2,0,0.25
Tyus Jones,Tyus Jones,,2024,2087519,0.0148484863572993,0.0616,0.0468,8660220,-0.7653732552327329,-0.03481908068698073,0.11253036197851891,,,1933.0,0.8732,16.3,72.0,5,1,0.25
Nic Claxton,nic claxton,,2022,8500000,0.0687396385103716,0.0616,-0.0072,7617148,,0.0640441915184173,0.20412633097798452,,,974.0,0.4453,15.1,83.0,2,0,0.25
Frank Kaminsky,Frank Kaminsky,PHO,2020,1620564,0.014848,0.0616,0.0467,6723024,-0.4855774406217087,0.061622895308404736,-0.4990434743476858,,,777.0,0.5535,21.0,84.0,1,0,0.25
Jose Alvarado,Jose Alvarado,,2023,1836096,0.0134986215363804,0.0615,0.048,8365291,-0.026125313217005206,0.2689859118465855,,,,,,,72.0,1,0,0.25
Justin Holiday,Justin Holiday,DAL,2022,569821,0.004608,0.0615,0.0569,7604782,-0.36785615775359376,-0.5307758055641899,-0.24780290538268432,,,1416.0,0.765,15.9,78.0,3,0,0.25
Oso Ighodaro,Oso Ighodaro,PHO,2026,2296271,0.0150083071895424,0.0615,0.0465,9409500,0.41191036296732303,0.25109151017217507,0.5163198422664282,23.0,529.0,1808.0,0.904,12.2,83.0,1,1,0.25
Isaac Bonga,Isaac Bonga,WAS,2020,1663861,0.015245,0.0615,0.0462,6712110,0.5889378721652715,0.5655893182959102,-0.22790338235944588,,,1250.0,0.6735,11.0,80.0,1,0,0.25
Patrick Williams,Patrick Williams,,2024,18000000,0.1280336870856687,0.0613,-0.0668,8618044,-0.16932895772975676,-0.6512195958005972,-0.3829404109630325,,,1174.0,,16.6,78.0,3,1,0.25
Gabe Vincent,Gabe Vincent,,2023,10500000,0.0771939626969365,0.0613,-0.0158,8338087,-0.6871158119423108,-0.667581386149507,-0.6279762578311818,,,1759.0,0.7854,17.5,74.0,2,0,0.25
Julian Champagnie,Julian Champagnie,,2024,3000000,0.0213389478476114,0.0612,0.0398,8603985,0.047920832948898096,-0.2362172687934099,-0.04401052114897005,,,1468.0,0.5732,14.4,79.0,1,1,0.25
Paul Reed,Paul Reed,DET,2025,5335894,0.0377874766302192,0.0612,0.0234,8641929,0.5097305900642987,1.5667355632601871,1.3133416104066948,27.0,729.0,438.0,0.7427,18.0,81.0,4,1,0.25
Deni Avdija,Deni Avdija,,2023,6263188,0.0460457429367524,0.0611,0.0151,8310883,-0.35944530830070626,-0.3119229185560542,,,,,,,80.0,2,0,0.25
Michael Kidd-Gilchrist,Michael Kidd-Gilchrist,CHO,2019,12189237,0.111684,0.0611,-0.0506,6668454,0.46642218981395667,0.0491072397377341,-0.11090416026646624,,,1179.0,0.7805,15.7,78.0,0,0,0.25
Nick Richards,Nick Richards,,2023,5000000,0.036759029855684,0.061,0.0243,8297281,-0.4159402227216726,-0.4956797934793381,,,,,,,83.0,2,0,0.25
Eric Paschall,Eric Paschall,GSW,2020,1517981,0.013909,0.061,0.047,6657540,-0.7174465344336362,-0.993742084594842,-0.6271360357905712,,,1654.0,0.8333,21.4,78.0,0,0,0.25
Jaden Hardy,Jaden Hardy,WAS,2025,6000000,0.0424905104526655,0.0608,0.0183,8585446,-0.9823213588884318,-1.5135971181847379,-1.1604503383100837,23.0,529.0,907.0,,25.3,75.0,2,1,0.25
Trey Burke,Trey Burke,DAL,2020,3000000,0.027488,0.0608,0.0333,6635712,0.193063809559542,-0.3949113937508649,-0.07315196295128981,,,329.0,0.3679,19.2,72.0,1,0,0.25
Jaxson Hayes,Jaxson Hayes,,2020,5105160,0.0467762506871907,0.0607,0.0139,6624798,0.7246661222015218,-0.07474448973527321,0.08907694100810074,,,1080.0,0.8889,15.0,84.0,0,0,0.25
Jarrett Culver,Jarrett Culver,MIN,2020,6104280,0.055931,0.0607,0.0048,6624798,-0.21412094054920844,-0.5727818959817492,-0.4450755423692112,,,1506.0,0.875,19.2,78.0,0,0,0.25
Shake Milton,Shake Milton,DET,2023,5000000,0.036759,0.0607,0.024,8256474,-0.6758168290581175,-0.41862045883409005,,,,,,,77.0,4,0,0.25
Moses Brown,Moses Brown,DAL,2024,119972,0.000853,0.0606,0.0598,8519632,-0.6261105689002618,0.2764326645684098,-1.3018557249062146,,,200.0,0.2927,19.1,86.0,4,1,0.25
Justin Champagnie,Justin Champagnie,,2023,116075,0.0008533608780997,0.0605,0.0597,8229270,-0.6193219146371511,-0.27635707179670893,-1.5749140308724696,,,23.0,0.1799,22.8,78.0,1,0,0.25
James Johnson,James Johnson,MIN,2019,15349400,0.14064,0.0605,-0.0802,6602970,-0.023987426904717793,-0.6758770146101178,-0.4250843256344866,,,1164.0,0.6707,17.8,79.0,0,0,0.25
A.J. Lawson,A.J. Lawson,DAL,2023,1000000,0.007352,0.0605,0.0532,8229270,,,-0.5499744191776847,,,106.0,0.1707,21.1,78.0,0,0,0.25
Bobby Portis,Bobby Portis,,2020,3623000,0.0331958951805021,0.0604,0.0272,6592056,-0.8531747844698863,-1.3435540723155812,-0.3533950796105976,,,1393.0,0.701,21.4,81.0,1,0,0.25
Ignas Brazdeikis,Ignas Brazdeikis,ORL,2020,148530,0.001361,0.0604,0.059,6592056,-0.5817182843973859,-0.015454322324978464,-2.990346262004618,,,53.0,0.125,21.0,78.0,0,0,0.25
Aaron Holiday,Aaron Holiday,HOU,2025,2296274,0.016261642399864,0.0603,0.044,8514842,-0.05482960683673452,-0.7437320850529595,-0.2827875208189567,29.0,841.0,792.0,0.8171,16.8,72.0,6,1,0.25
Jaden Hardy,Jaden Hardy,WAS,2026,6000000,0.0392156862745098,0.0603,0.0211,9225900,-1.0719853034861355,-1.1577567768972847,-1.5629203745667353,23.0,529.0,470.0,0.5268,25.4,75.0,3,1,0.25
Doug McDermott,Doug McDermott,,2020,7333333,0.0671919827744181,0.0603,-0.0069,6581142,-0.11798009677353127,-0.5372077955355723,0.19733791298901662,,,1372.0,0.9511,19.6,79.0,1,0,0.25
Wayne Ellington,Wayne Ellington,NYK,2019,8000000,0.0733,0.0603,-0.013,6581142,0.18390360626950292,0.5605302408668389,0.9501694743258511,,,764.0,0.3415,17.7,76.0,0,0,0.25
Mason Plumlee,Mason Plumlee,,2019,14041096,0.1286521531977277,0.0602,-0.0685,6570228,0.11460659521142934,0.8302918238799931,0.30362508257172566,,,1731.0,1.0,16.2,84.0,0,0,0.25
Joe Harris,Joe Harris,BRK,2019,7666667,0.070246,0.0601,-0.0101,6559314,-0.48774434706259473,0.0491072397377341,0.5023027862878371,,,2293.0,0.9268,17.0,78.0,0,0,0.25
Furkan Korkmaz,Furkan Korkmaz,PHI,2022,5000000,0.040435,0.0601,0.0197,7431665,-0.5920909311370747,-1.2151385979065443,-0.4465553210687407,,,1414.0,0.8098,17.6,79.0,3,0,0.25
Jock Landale,Jock Landale,,2024,8000000,0.0569038609269638,0.0601,0.0032,8449338,0.5994010708254836,-0.1690845394246002,0.09975151437627491,,,763.0,,14.8,83.0,2,1,0.25
Landry Shamet,Landry Shamet,,2023,10250000,0.0753560112041523,0.06,-0.0154,8161260,-0.4780846285847354,0.055590831290513766,0.02582924108661428,,,807.0,0.6451,18.9,77.0,4,0,0.25
Ryan Rollins,Ryan Rollins,MIL,2025,4000000,0.0283270069684437,0.06,0.0317,8472480,-0.22765415690847934,-0.2524409479015715,0.2582243400359752,23.0,529.0,820.0,0.4073,18.4,75.0,2,1,0.25
Jay Huff,Jay Huff,IND,2025,2349578,0.0166391280947255,0.06,0.0433,8472480,0.014300213191963403,0.8833327735945186,0.18999726699743139,27.0,729.0,748.0,0.5793,19.6,85.0,1,1,0.25
Trey Lyles,Trey Lyles,SAS,2019,5500000,0.050394,0.0599,0.0095,6537486,-0.5890245939936253,-0.2880947390287087,-0.5109535026643314,,,1120.0,0.7805,23.4,81.0,0,0,0.25
Luke Kornet,Luke Kornet,,2021,606702,0.0053970323980998,0.0599,0.0545,6733598,0.45791020299339336,0.28709763249015596,-0.3440679425315903,,,254.0,0.372,13.7,85.0,2,0,0.25
Tyrese Maxey,Tyrese Maxey,,2021,2602920,0.0231547671998149,0.0598,0.0367,6722357,-0.1935195682505805,-0.7819450783141099,-0.04218456927043578,,,935.0,0.7439,23.0,74.0,0,0,0.25
Jaden Springer,Jaden Springer,HOU,2024,4018363,0.028583,0.0598,0.0312,8407162,-0.030066271397285686,-0.4803362846799906,-0.3658051380418416,,,377.0,0.2585,18.2,76.0,2,1,0.25
Lonzo Ball,Lonzo Ball,,2019,8719320,0.0798911489829576,0.0598,-0.0201,6526572,-0.20522576351814098,0.1446478003882262,0.08710005970823469,,,1423.0,0.5732,16.9,77.0,0,0,0.25
Danilo Gallinari,Danilo Gallinari,DET,2023,6802950,0.050014,0.0598,0.0098,8134055,-0.7944561493421466,,,,,,,,82.0,4,0,0.25
Patrick Williams,Patrick Williams,,2023,9835881,0.0723114886671911,0.0597,-0.0126,8120453,-0.34814632541651297,-1.07066098275542,,,,,,,78.0,2,0,0.25
Mason Plumlee,Mason Plumlee,,2020,8000000,0.0733003481766538,0.0597,-0.0136,6515658,0.18740846580803158,0.7197437535626766,0.1225630674766723,,,1057.0,0.9045,18.0,84.0,1,0,0.25
Jalen Duren,Jalen Duren,,2024,4536840,0.0322704640509858,0.0596,0.0274,8379044,-0.7096681806997445,-0.05923098227563883,-0.1337528827192745,,,1777.0,,18.5,82.0,1,1,0.25
Isaiah Thomas,Isaiah Thomas,LAC,2019,2320044,0.021258,0.0596,0.0383,6504744,-1.4792246591242626,-0.7039771795073214,-1.799327899982708,,,181.0,0.1463,30.4,69.0,0,0,0.25
De'Andre Hunter,De'Andre Hunter,,2023,20089286,0.1476925327706751,0.0595,-0.0882,8093249,-0.5571775087740882,-0.6972195917822948,,,,,,,79.0,3,0,0.25
Javonte Green,Javonte Green,,2022,1815677,0.0146834094860701,0.0595,0.0448,7357472,0.19560558049207652,0.3262766633505345,0.7800605407303003,,,1519.0,0.6211,11.5,77.0,2,0,0.25
Jaden Hardy,Jaden Hardy,,2024,2019699,0.014366083876291,0.0593,0.0449,8336868,-0.7486617328728363,-0.718352325169407,-0.9373681398876641,,,989.0,,24.9,75.0,1,1,0.25
Landry Shamet,Landry Shamet,,2021,3768342,0.0335219990392655,0.0593,0.0258,6666150,-0.33391391550143695,-1.1524655633087701,-0.11196978661873157,,,1403.0,0.7245,16.7,77.0,2,0,0.25
Dwight Howard,Dwight Howard,LAL,2021,2641691,0.0235,0.0592,0.0357,6654908,-0.5248502277626018,0.038059273723253136,-0.6951748173152035,,,1196.0,0.7302,18.2,82.0,2,0,0.25
Haywood Highsmith,Haywood Highsmith,BRK,2025,5616000,0.0397711177836949,0.0592,0.0194,8359513,0.12375576157073513,-0.6396785751731467,0.07500421901228009,29.0,841.0,1818.0,0.8244,11.3,77.0,3,1,0.25
Jordan McLaughlin,Jordan McLaughlin,SAS,2025,2296274,0.016261642399864,0.0592,0.043,8359513,0.6249469567787952,0.008428718409338586,-0.8596746501260806,30.0,900.0,190.0,0.4805,14.0,71.0,4,1,0.25
Luc Mbah a Moute,Luc Mbah a Moute,HOU,2019,289803,0.002655,0.0591,0.0564,6450174,0.269192235264055,-0.30495483796703077,-1.1026089694934973,,,61.0,0.0488,15.4,80.0,0,0,0.25
Ace Bailey,Ace Bailey,UTA,2026,9523080,0.0622423529411764,0.0591,-0.0031,9042300,-1.3316670451154908,-1.5914328969210108,-1.3341582685741056,19.0,361.0,1988.0,0.878,21.4,81.0,0,1,0.25
Monte Morris,Monte Morris,,2021,8849071,0.0787185848737701,0.0591,-0.0197,6643667,0.07603757847106385,-0.08949695881589223,0.15502097796827513,,,1196.0,0.7908,16.5,74.0,2,0,0.25
Jalen McDaniels,Jalen McDaniels,TOR,2023,4516000,0.033201,0.059,0.0258,8025239,0.08686451562492735,-0.2822847129232664,0.11702089502262687,,,419.0,0.4622,16.1,81.0,3,0,0.25
Wesley Matthews,Wesley Matthews,MIL,2019,2564753,0.0235,0.0589,0.0354,6428346,-0.4237778753166807,-0.7264573114250843,0.01335359002377974,,,1312.0,0.5366,18.9,77.0,0,0,0.25
John Henson,John Henson,DET,2019,9732396,0.089174,0.0589,-0.0303,6428346,0.03464850552903677,-0.19255417837821653,-0.3446030185359261,,,188.0,0.1707,18.6,81.0,0,0,0.25
Danny Green,Danny Green,PHI,2023,200000,0.00147,0.0589,0.0574,8011636,-0.3537958168586096,-0.4956797934793381,0.42789119659501895,,,95.0,0.4439,21.4,78.0,4,0,0.25
Precious Achiuwa,Precious Achiuwa,,2022,2840160,0.0229684202013667,0.0588,0.0358,7270914,-0.7645792183551371,-0.4476289242515674,-0.9925216622514085,,,1725.0,0.8354,18.5,80.0,1,0,0.25
Dion Waiters,Dion Waiters,LAL,2019,503656,0.004615,0.0588,0.0542,6417432,-0.5143970436233922,-0.4510756954324893,-0.09810796917966583,,,1138.0,0.5366,21.1,75.0,0,0,0.25
Nemanja Bjelica,Nemanja Bjelica,GSW,2021,2089448,0.018587,0.0588,0.0402,6609943,-0.0924356382299639,-0.16238623455254667,-0.937553831140981,,,439.0,0.6463,19.3,82.0,2,0,0.25
Isaiah Jackson,Isaiah Jackson,,2024,4435381,0.0315487879477622,0.0588,0.0272,8266574,0.3988628025067251,0.7585677209444068,0.619908697458525,,,771.0,,17.2,80.0,2,1,0.25
Kris Dunn,Kris Dunn,,2021,5005350,0.0445260376821392,0.0587,0.0142,6598701,-0.17667224658047775,-0.4296469122536131,-4.036765180162618,,,45.0,0.3491,16.2,75.0,2,0,0.25
Zach Collins,Zach Collins,CHI,2025,18080496,0.1280415840462296,0.0586,-0.0694,8274788,-0.3083056136086269,0.41261534526790583,0.3802643157528071,28.0,784.0,552.0,0.5768,17.1,81.0,6,1,0.25
Dean Wade,Dean Wade,,2021,1782621,0.0158576422865479,0.0586,0.0427,6587460,0.08165335236109811,-0.5207585069244312,-0.4518611800427973,,,1212.0,0.5427,12.9,81.0,1,0,0.25
Jaylen Nowell,Jaylen Nowell,MIN,2021,1782621,0.015858,0.0585,0.0427,6576219,-0.6371657055632869,-0.2170531913550376,-0.343756401382714,,,759.0,0.3982,21.4,76.0,1,0,0.25
Jalen Brunson,Jalen Brunson,,2020,1663861,0.0152451988271944,0.0585,0.0432,6384690,-0.01052856549483321,-0.3415502430815997,0.17197948711961292,,,1022.0,0.8286,20.4,74.0,1,0,0.25
Thomas Bryant,Thomas Bryant,,2019,8000000,0.0733003481766538,0.0585,-0.0148,6384690,-0.050640123465515316,0.7066510983322974,-0.030086111297200527,,,1496.0,0.878,17.6,81.0,0,0,0.25
Isaiah Stewart,Isaiah Stewart,,2024,15000000,0.1066947392380573,0.0584,-0.0483,8210339,-0.33087367387542316,-0.8404118331126974,-0.3861351228635934,,,1423.0,0.6366,14.5,80.0,3,1,0.25
Delon Wright,Delon Wright,WAS,2022,7804878,0.063118,0.0583,-0.0048,7209086,0.552081374076072,0.5373418236056531,1.152075460905241,,,1452.0,0.804,10.3,76.0,3,0,0.25
Raul Neto,Raul Neto,WAS,2021,2089448,0.018587,0.0582,0.0396,6542494,-0.17667224658047775,0.39643154609513764,0.22854468910308673,,,1403.0,0.7055,15.8,74.0,2,0,0.25
DeAndre Jordan,DeAndre Jordan,,2019,9881598,0.0905405717427157,0.0581,-0.0324,6341034,-0.10927605589926986,-0.2993348049875901,0.1177435699424146,,,1554.0,0.6098,14.4,83.0,0,0,0.25
Ish Smith,Ish Smith,WAS,2020,6000000,0.054975,0.0581,0.0031,6341034,-0.6099950031549379,-0.2111118747789512,-0.18856531145947344,,,1787.0,0.8464,19.1,72.0,1,0,0.25
Neemias Queta,Neemias Queta,BOS,2025,2349578,0.0166391280947255,0.0581,0.0414,8204184,0.2792978566353055,0.06169350404747071,0.07980894246569868,26.0,676.0,863.0,0.4927,13.7,84.0,2,1,0.25
Isaac Okoro,Isaac Okoro,,2022,7040880,0.0569397112935182,0.058,0.0011,7171990,0.005868464552207958,-0.06387408742407887,0.32124213918120664,,,1981.0,0.8171,12.4,76.0,1,0,0.25
Marco Belinelli,Marco Belinelli,SAS,2019,5846154,0.053566,0.058,0.0044,6330120,-0.4397694932531593,-0.6421568167334735,-0.05399478411727498,,,1815.0,0.9634,19.8,77.0,0,0,0.25
E'Twaun Moore,E'Twaun Moore,PHO,2020,1620564,0.014848,0.058,0.0431,6330120,-0.18584422179165636,-0.7210073145074861,-0.19994409229830842,,,1020.0,0.7285,19.9,75.0,1,0,0.25
Georges Niang,Georges Niang,,2021,3300000,0.0293557741918266,0.058,0.0286,6520012,0.04795870902089255,0.0016146358549258923,0.4142232138333738,,,1154.0,0.8579,17.4,78.0,2,0,0.25
Jeremy Sochan,Jeremy Sochan,,2024,5570040,0.0396195976897032,0.0579,0.0183,8140045,-1.043898627897675,-1.1821784553539105,-0.6451972151636309,,,2193.0,0.8201,18.8,80.0,1,1,0.25
Kyle Filipowski,Kyle Filipowski,UTA,2025,3000000,0.0212452552263327,0.0578,0.0365,8161822,-0.30254479527290207,-0.5860168481543446,-0.6175165880737843,22.0,484.0,1522.0,0.878,18.7,83.0,0,1,0.25
Zach Edey,Zach Edey,MEM,2026,6332760,0.0413905882352941,0.0578,0.0164,8843400,0.04711934496418116,0.12372350142146817,0.6326336012273505,24.0,576.0,284.0,0.3857,20.2,87.0,1,1,0.25
Robin Lopez,Robin Lopez,CLE,2022,1836090,0.014848,0.0578,0.043,7147259,-0.5288452258237851,-0.8825510726560544,-1.4248167778250664,,,612.0,0.6626,18.9,85.0,3,0,0.25
Wayne Ellington,Wayne Ellington,LAL,2021,2641691,0.0235,0.0578,0.0343,6497529,-0.2609088549309916,-0.5632772511041464,0.13321309754693267,,,1012.0,0.4988,16.7,76.0,2,0,0.25
Dereck Lively II,Dereck Lively II,,2024,5014560,0.0356684781062395,0.0577,0.022,8111927,0.6606766528117707,0.7463617701500778,0.5156449181583977,,,1294.0,0.6707,12.6,85.0,0,1,0.25
Daniel Theis,Daniel Theis,BOS,2021,8280351,0.073659,0.0577,-0.016,6486287,0.11534799570130365,0.2749494198673802,0.07713569074919499,,,1027.0,0.6879,15.0,80.0,2,0,0.25
Daniel Theis,Daniel Theis,IND,2022,8694369,0.070312,0.0577,-0.0126,7134893,-0.442601082214754,-0.5051921497756906,-1.870545765516153,,,584.0,0.4928,16.5,80.0,3,0,0.25
Jaxson Hayes,Jaxson Hayes,,2023,2165000,0.0159166599275111,0.0576,0.0417,7834809,0.0755655327407341,0.008169702278053378,-0.5222303249627384,,,610.0,0.689,15.7,84.0,3,0,0.25
Josh Hart,Josh Hart,,2019,1934160,0.0177218251786696,0.0576,0.0399,6286464,0.25853115663973597,-0.5578563220418629,0.15680562694422634,,,1715.0,0.8171,13.5,77.0,0,0,0.25
Aaron Holiday,Aaron Holiday,,2020,2345640,0.0214920285871357,0.0576,0.0361,6286464,-0.45164537811264616,-0.4897756616073366,-0.09330866043722605,,,1617.0,0.8016,18.7,72.0,1,0,0.25
Bennedict Mathurin,Bennedict Mathurin,,2023,6916080,0.0508456782408598,0.0576,0.0068,7834809,-1.5175910539305149,-1.2899837044380495,-0.4003382389036292,,,2222.0,0.9512,24.6,77.0,0,0,0.25
James Johnson,James Johnson,BRK,2021,2641691,0.0235,0.0575,0.034,6463805,-0.4069189760718824,-0.5207585069244312,-0.5923662381860177,,,539.0,0.3266,18.0,79.0,2,0,0.25
Dwight Howard,Dwight Howard,PHI,2020,1620564,0.014848,0.0574,0.0425,6264636,-0.0048732217433228135,1.7632506999838646,0.44637065934751996,,,1306.0,0.6401,14.7,82.0,1,0,0.25
Jeremiah Robinson-Earl,Jeremiah Robinson-Earl,DAL,2025,131970,0.0009345787774063,0.0574,0.0565,8105339,-0.2218933385727545,-1.5550006332871646,-0.9673004554826569,25.0,625.0,1239.0,,14.4,81.0,3,1,0.25
Nerlens Noel,Nerlens Noel,NYK,2021,8800000,0.078282,0.0574,-0.0209,6452563,0.5646099069040443,-0.6361665268408008,0.41048472004685793,,,1547.0,0.8322,9.2,82.0,2,0,0.25
Tyus Jones,Tyus Jones,,2020,7965100,0.0729805754077331,0.0574,-0.0156,6264636,0.3231367158442817,0.2454224142803185,0.5458537146813345,,,1232.0,0.8752,17.2,72.0,1,0,0.25
Nicolas Batum,Nicolas Batum,LAC,2026,5881680,0.0384423529411764,0.0573,0.0189,8766900,-0.9730589257225716,-0.8467084604788987,-0.6643878015664987,37.0,1369.0,1295.0,0.8756,9.6,79.0,7,1,0.3
Deni Avdija,Deni Avdija,,2022,4916160,0.039757066030488,0.0572,0.0175,7073066,-0.5460940545455913,0.3646521470332833,0.07874352454865263,,,1984.0,0.872,16.3,80.0,1,0,0.25
Haywood Highsmith,Haywood Highsmith,,2024,5200000,0.0369875096025265,0.0572,0.0203,8041633,0.27631163853415064,-0.29114404736789057,0.01000915280597047,,,1366.0,0.6463,12.4,77.0,2,1,0.25
Doug McDermott,Doug McDermott,,2023,13750000,0.1010873321031311,0.0572,-0.0439,7780401,-1.082580212889075,-1.7167738655501932,-0.6566299944794052,,,1314.0,0.7378,19.2,79.0,4,0,0.25
Bol Bol,Bol Bol,PHO,2024,2087519,0.014848,0.057,0.0422,8013516,0.20946554909456452,0.02621067328466446,0.3683977423779953,,,469.0,,16.5,87.0,4,1,0.25
Delon Wright,Delon Wright,DAL,2019,9473684,0.086803,0.057,-0.0298,6220980,0.2532006173275765,0.6335906695995682,0.0015676245490951885,,,897.0,0.5976,17.1,76.0,0,0,0.25
JD Davison,JD Davison,BOS,2025,2270735,0.0160807815421222,0.057,0.041,8048856,-0.8555833555024855,-0.2903057315182963,-2.4128815851678596,23.0,529.0,93.0,0.1585,23.6,73.0,1,1,0.25
Miles McBride,Miles McBride,,2024,4710144,0.0335031723902466,0.057,0.0235,8013516,0.008927280775806196,-0.18739346561609377,0.007976154323795285,,,1328.0,0.7463,16.4,74.0,2,1,0.25
Reggie Jackson,Reggie Jackson,DEN,2023,5000000,0.036759,0.0568,0.02,7725992,-1.229466990383587,-0.14002132588588528,-0.7430460256407139,,,1338.0,0.7549,20.8,74.0,4,0,0.25
Isaac Okoro,Isaac Okoro,CHI,2026,11814814,0.0772210065359477,0.0568,-0.0205,8690400,-0.7381087785341073,-1.5210495555654444,-0.8527387828446085,25.0,625.0,1695.0,0.7537,13.6,76.0,5,1,0.25
Larry Nance Jr.,Larry Nance Jr.,CLE,2025,2296274,0.016261642399864,0.0567,0.0405,8006493,-0.2679798852585532,0.3097741540811891,0.05290249112655463,33.0,1089.0,463.0,0.528,15.7,78.0,6,1,0.25
Royce O'Neale,Royce O'Neale,,2021,8800000,0.0782820645115377,0.0567,-0.0216,6373873,0.03672716124082405,0.7244332869100828,0.5051932293052593,,,2241.0,0.9288,9.6,78.0,2,0,0.25
Will Barton,Will Barton,DEN,2019,12776786,0.117068,0.0567,-0.0604,6188238,-0.6263383691787419,-0.6196766848157106,-0.6217415781263664,,,1189.0,0.5244,20.0,77.0,0,0,0.25
Donte DiVincenzo,Donte DiVincenzo,,2022,4500000,0.0363915733290202,0.0566,0.0202,6998873,-0.16087021309191893,-1.2471181676421685,0.5423843417296437,,,665.0,0.5772,18.5,76.0,3,0,0.25
Bobi Klintman,Bobi Klintman,DET,2025,1955377,0.0138474944762336,0.0566,0.0427,7992372,-0.02602551515811038,0.12704675292274858,,23.0,529.0,,,,81.0,0,1,0.25
Elijah Hughes,Elijah Hughes,POR,2021,1517981,0.013503,0.0565,0.043,6351391,-0.8898755306148285,-0.7697968656913342,-1.9943014081294599,,,64.0,0.2195,25.4,77.0,0,0,0.25
Bruno Caboclo,Bruno Caboclo,HOU,2019,1845301,0.016908,0.0564,0.0395,6155496,-0.1305982131479079,,,,,,,,81.0,0,0,0.25
Aaron Holiday,Aaron Holiday,,2022,1836090,0.0148484897497068,0.0564,0.0415,6974142,-0.13787177479617732,-0.8697592447618048,-0.850604859369857,,,663.0,0.6748,18.0,72.0,3,0,0.25
Jae'Sean Tate,Jae'Sean Tate,,2023,6500000,0.0477867388123892,0.0564,0.0086,7671584,-0.39899174839538265,-0.14594896701244284,,,,,,,76.0,2,0,0.25
Vince Williams Jr.,Vince Williams Jr.,,2024,2120693,0.0150844524425982,0.0564,0.0413,7929163,-0.25845707698253817,-0.2118053672047518,0.26093925117730715,,,1436.0,0.4649,15.8,76.0,1,1,0.25
Pelle Larsson,Pelle Larsson,MIA,2026,2296271,0.0150083071895424,0.0563,0.0413,8613900,-0.39804935497185634,-0.012611846031424486,0.05914703136564313,25.0,625.0,1849.0,0.7851,16.8,77.0,1,1,0.25
Gary Trent Jr.,Gary Trent Jr.,,2020,1663861,0.0152451988271944,0.0563,0.041,6144582,-0.23674231555525013,-0.40676942723292386,,,,,,,77.0,1,0,0.25
Jordan Walsh,Jordan Walsh,BOS,2026,2406205,0.0157268300653594,0.0563,0.0406,8613900,0.3809958699162093,0.07421104010149471,0.424955560303166,22.0,484.0,1212.0,0.6268,11.7,78.0,2,1,0.25
Corey Kispert,Corey Kispert,,2023,3722040,0.02736371589681,0.0563,0.0289,7657982,-0.24645547945877372,-1.206996728666244,,,,,,,78.0,1,0,0.25
Seth Curry,Seth Curry,,2020,7834449,0.0717834799340296,0.0562,-0.0156,6133668,-0.11798009677353127,-0.46605959464321867,0.8784392231992834,,,1576.0,0.894,18.4,73.0,1,0,0.25
Skylar Mays,Skylar Mays,POR,2023,1799163,0.013227,0.0561,0.0428,7630778,-0.1956100564799041,0.3341899642387185,0.37945273702302224,,,189.0,0.2195,19.3,76.0,2,0,0.25
Aleksej Pokusevski,Aleksej Pokusevski,OKC,2022,3261480,0.026376,0.0561,0.0298,6937045,-0.7990768757987495,-0.11504139900107731,-0.693876351333192,,,1233.0,0.6707,20.0,84.0,1,0,0.25
Tony Bradley,Tony Bradley,,2022,2036318,0.0164677368484897,0.056,0.0396,6924680,0.20135519006601194,-0.4412330103044426,-0.7283221772753161,,,549.0,0.577,13.6,82.0,3,0,0.25
Tyler Johnson,Tyler Johnson,BRK,2019,212753,0.001949,0.056,0.054,6111840,-0.3704724821950856,-0.4904159262885742,-0.31901063636232535,,,1123.0,0.5366,19.2,75.0,0,0,0.25
Terence Davis,Terence Davis,SAC,2021,4000000,0.035583,0.0559,0.0203,6283942,-0.23282998548082032,-0.4721656564333283,0.1307207683559221,,,581.0,0.5808,21.9,76.0,1,0,0.25
Blake Griffin,Blake Griffin,BOS,2022,1836090,0.014848,0.0558,0.0409,6899949,-0.7645792183551371,0.07044010546554212,-0.7017988912998805,,,958.0,0.4646,16.9,81.0,3,0,0.25
De'Andre Hunter,De'Andre Hunter,,2021,7775400,0.0691675414094329,0.0557,-0.0134,6261459,-0.19913534214061476,0.18383782519656208,0.6802793549737515,,,678.0,0.5034,20.2,79.0,1,0,0.25
Zach Collins,Zach Collins,,2022,7350000,0.059439569770733,0.0557,-0.0037,6887583,-0.2471143567009501,0.09602376125404134,-0.5233695129196775,,,502.0,,19.2,81.0,3,0,0.25
Enes Freedom,enes freedom,POR,2020,5005350,0.045862,0.0557,0.0098,6079098,,0.5240862011087039,0.8225206430770086,,,983.0,0.7047,19.4,82.0,1,0,0.25
Gabe Vincent,Gabe Vincent,,2022,1815677,0.0146834094860701,0.0556,0.0409,6875218,-0.48859795880623735,-0.35808612899182,-0.1544547170795279,,,1589.0,0.747,17.8,74.0,1,0,0.25
Cam Spencer,Cam Spencer,MEM,2026,2411090,0.0157587581699346,0.0556,0.0399,8506800,-0.33003747025940616,-0.29262690742784253,0.7278632951198277,26.0,676.0,1714.0,0.6631,17.2,75.0,1,1,0.25
Derrick Jones Jr.,Derrick Jones Jr.,,2019,1645357,0.0150756551218618,0.0555,0.0405,6057270,0.35981140357076663,0.1446478003882262,0.2315623222407971,,,1153.0,0.7317,15.6,78.0,0,0,0.25
Seth Curry,Seth Curry,,2023,4000000,0.0294072238845472,0.0555,0.0261,7549165,-0.7210127605948905,-0.916542313464924,,,,,,,73.0,4,0,0.25
Maxi Kleber,Maxi Kleber,,2024,11000000,0.0782428087745753,0.0554,-0.0229,7788575,0.1537604745615761,-0.6390136450062681,-0.6826624729065736,,,871.0,0.5415,9.6,82.0,5,1,0.25
Bismack Biyombo,Bismack Biyombo,,2023,5000000,0.036759029855684,0.0553,0.0186,7521961,-0.13911514205893774,0.18007129494822227,-0.34917085203180165,,,874.0,0.6646,14.0,80.0,4,0,0.25
Jevon Carter,Jevon Carter,,2021,3650000,0.03246926539399,0.0553,0.0228,6216494,0.49160484633359885,0.3842833334723619,-0.1437469838041162,,,717.0,0.7026,15.0,72.0,2,0,0.25
Leonard Miller,Leonard Miller,CHI,2026,2406205,0.0157268300653594,0.0553,0.0396,8460900,-0.5588047188376477,-0.36274807144523313,0.12872444609151204,22.0,484.0,624.0,0.2537,18.3,82.0,2,1,0.25
Goga Bitadze,Goga Bitadze,,2023,2066585,0.0151931319428617,0.0553,0.0401,7521961,0.14900892148799028,0.707631355211844,0.30872803783574065,,,255.0,0.3963,15.3,83.0,3,0,0.25
Isaiah Roby,Isaiah Roby,NYK,2022,400000,0.003235,0.0552,0.0519,6825756,-0.540344444971656,-0.025498603741330023,0.36912183724075925,,,948.0,0.5059,19.0,78.0,2,0,0.25
Jaime Jaquez Jr.,Jaime Jaquez Jr.,MIA,2025,3861600,0.0273468925273355,0.0552,0.0279,7794681,-0.34287052362297593,-0.1717596396353257,-0.1504974684014985,25.0,625.0,1368.0,0.846,20.2,78.0,1,1,0.25
JaKarr Sampson,JaKarr Sampson,IND,2019,1737145,0.015917,0.0551,0.0392,6013614,-0.37580302150724515,-0.05767338687163944,1.4721193739190253,,,127.0,0.0488,23.1,79.0,0,0,0.25
Kevin Knox,Kevin Knox,NYK,2020,4588680,0.042044,0.0551,0.0131,6013614,,,-1.1213002322199772,,,1166.0,0.9072,17.8,80.0,1,0,0.25
Oshae Brissett,Oshae Brissett,BOS,2023,2165000,0.015917,0.0551,0.0392,7494757,-0.3707442911848995,-0.23486358391080606,-0.38009869476321745,,,1083.0,0.6927,16.1,79.0,3,0,0.25
Sam Merrill,Sam Merrill,,2024,2164993,0.0153995575724812,0.055,0.0396,7732340,-0.6372515838068594,0.24591778758258717,0.05560640447761383,,,1069.0,0.4049,17.5,76.0,3,1,0.25
Josh Okogie,Josh Okogie,,2020,2651040,0.0242902693787795,0.055,0.0308,6002700,0.04602487202027101,-0.9166648669614589,-0.09070779624549241,,,1547.0,0.8766,15.1,76.0,1,0,0.25
Ausar Thompson,Ausar Thompson,,2024,8376000,0.0595783423905312,0.055,-0.0046,7732340,0.02563880313570272,0.14827018122795488,0.23799541116418724,,,1583.0,0.7683,16.6,79.0,0,1,0.25
Lou Williams,Lou Williams,ATL,2021,5000000,0.044478,0.0549,0.0104,6171528,-1.1482011295564043,-0.5389808258585949,-0.04810385109908584,,,918.0,0.7099,26.5,74.0,2,0,0.25
Luke Kennard,Luke Kennard,,2020,5273826,0.0483216602528862,0.0549,0.0066,5991786,-0.3781259093430107,-0.5787109127227787,0.3660689774277414,,,922.0,0.5312,19.8,77.0,1,0,0.25
Joe Ingles,Joe Ingles,,2023,11000000,0.0808698656825049,0.0549,-0.026,7467552,-0.11086768484845465,-0.537173281365241,0.2375485174318206,,,1044.0,0.6085,12.6,80.0,4,0,0.25
Jalen Smith,Jalen Smith,,2022,4670160,0.0377676600218349,0.0549,0.0172,6788659,-0.4311018630668832,0.33906849124478405,0.531361677428164,,,543.0,0.2912,20.1,80.0,1,0,0.25
Richaun Holmes,Richaun Holmes,SAC,2019,4767000,0.043678,0.0548,0.0111,5980872,0.10394551658711033,-0.08015351878940227,-0.018300145822515976,,,1184.0,0.8537,17.9,81.0,0,0,0.25
PJ Dozier,PJ Dozier,ORL,2021,1910860,0.016998,0.0547,0.0377,6149045,-0.6090868361131155,0.3356904829812589,0.11296292286997185,,,1088.0,0.4403,17.2,78.0,2,0,0.25
Trey Burke,Trey Burke,OKC,2022,3423750,0.027688,0.0547,0.027,6763928,-1.167051888530616,-1.432599672108788,-1.3290573817059614,,,441.0,0.5524,25.6,72.0,3,0,0.25
Scotty Pippen Jr.,Scotty Pippen Jr.,,2024,2087519,0.0148484863572993,0.0546,0.0397,7676104,-0.36429671859521623,-0.028716105289816236,0.44448997128226636,,,527.0,0.2561,23.0,74.0,0,1,0.25
Daniss Jenkins,Daniss Jenkins,DET,2026,4000000,0.0261437908496732,0.0545,0.0284,8338500,-0.9977905201634625,0.21638558734042782,-0.18507672234384626,24.0,576.0,1455.0,0.5808,21.5,76.0,1,1,0.25
Justin Holiday,Justin Holiday,IND,2019,4767000,0.043678,0.0545,0.0109,5948130,-0.1679119883330244,-0.7601775093017284,0.219102873024702,,,1325.0,0.4634,15.2,78.0,0,0,0.25
Kentavious Caldwell-Pope,Kentavious Caldwell-Pope,,2020,12073020,0.1106195711929631,0.0543,-0.0563,5926302,0.05168021577178143,0.031977811603257356,0.31112572137736666,,,1762.0,0.974,14.7,77.0,1,0,0.25
Marquese Chriss,Marquese Chriss,SAS,2020,1824003,0.016713,0.0543,0.0375,5926302,-0.50254347187624,0.5478022680728217,0.3319326349112364,,,1196.0,0.6356,19.0,81.0,1,0,0.25
Kris Dunn,Kris Dunn,,2022,735819,0.0059505802434191,0.0543,0.0484,6714466,-0.5173460066759145,-0.8377796750261807,-0.42175432639041127,,,336.0,0.2417,18.3,75.0,3,0,0.25
Mfiondu Kabengele,Mfiondu Kabengele,CLE,2020,356473,0.003266,0.0543,0.051,5926302,-0.47992209687019827,-0.2526149919661575,0.404106616231847,,,64.0,0.1667,23.7,82.0,0,0,0.25
Jevon Carter,Jevon Carter,,2020,3925000,0.0359629833241707,0.0538,0.0178,5871732,0.6794233721894384,-0.24668597522512803,-0.0016281976786126067,,,945.0,0.6818,12.9,72.0,1,0,0.25
Josh Green,Josh Green,,2023,4765339,0.0350338477146911,0.0538,0.0188,7317929,-0.36509479974280284,-0.4660415878465503,0.03469825481106438,,,1539.0,0.7061,14.6,78.0,2,0,0.25
Maurice Harkless,Maurice Harkless,HOU,2022,4564980,0.036917,0.0538,0.0169,6652639,0.132359875178787,-1.6052893486811577,-0.7004210582621956,,,863.0,0.5206,11.2,79.0,3,0,0.25
Alex Len,Alex Len,TOR,2020,2258000,0.020689,0.0537,0.033,5860818,-0.07839269051295829,-0.5253497620535134,-0.2506609440371159,,,745.0,0.6994,18.6,84.0,1,0,0.25
Ed Davis,Ed Davis,UTA,2019,4767000,0.043678,0.0537,0.01,5860818,0.7116269981732939,0.8190517579211116,0.2901554077435147,,,1446.0,0.9878,12.7,81.0,0,0,0.25
Trevelin Queen,Trevelin Queen,PHI,2022,330000,0.002669,0.0536,0.0509,6627908,-0.3851049864754,0.26231752387928636,1.1017845550297398,,,74.0,0.122,23.9,77.0,0,0,0.25
Mike Muscala,Mike Muscala,OKC,2019,2028594,0.018587,0.0535,0.0349,5838990,0.1679119883330244,-0.42297553053528575,-0.41363510203050724,,,1041.0,0.5732,14.3,82.0,0,0,0.25
Jeremy Sochan,Jeremy Sochan,SAS,2025,7096231,0.0502537462466715,0.0534,0.0032,7540507,-0.6654763504235663,-0.6033038637184414,-0.10565338283625843,23.0,529.0,1364.0,0.7366,19.0,80.0,2,1,0.25
Naji Marshall,Naji Marshall,,2023,1930681,0.0141939921041603,0.0534,0.0392,7263521,-0.5063320857952186,-0.4364033822137627,,,,,,,78.0,2,0,0.25
Wendell Carter Jr.,Wendell Carter Jr.,,2019,5201400,0.0476580538757559,0.0533,0.0057,5817162,-0.7062964588611345,0.15588786634710763,-1.2154174961797637,,,1110.0,0.5366,19.1,82.0,0,0,0.25
Reggie Jackson,Reggie Jackson,CHO,2024,1946229,0.013843,0.0532,0.0394,7479281,-1.7067890148402372,-1.1211487013822652,-0.7578834167470552,,,1817.0,0.8732,21.7,74.0,5,1,0.25
Gary Harris,Gary Harris,MIL,2025,3634153,0.0257361693388476,0.0532,0.0275,7512265,0.3484276766640034,-1.3281445701864831,-0.33083475535314244,31.0,961.0,711.0,0.6073,9.5,76.0,6,1,0.25
Lindy Waters III,Lindy Waters III,,2023,766095,0.005632181795458,0.053,0.0474,7209113,0.3128441733087925,0.06744611354362885,0.22731504005745512,,,531.0,0.4268,15.5,77.0,1,0,0.25
Austin Rivers,Austin Rivers,DEN,2020,299694,0.002746,0.053,0.0503,5784420,-0.208465596797698,-0.6439300968741029,-0.038365404386851334,,,1594.0,0.8052,15.6,76.0,1,0,0.25
Grant Williams,Grant Williams,,2022,4306281,0.0348249646193037,0.053,0.0181,6553715,-0.22986552797914386,-0.6331104287181868,-0.07522931741264231,,,1875.0,0.8917,12.6,79.0,2,0,0.25
Kelly Olynyk,Kelly Olynyk,,2024,12804878,0.0910808746123424,0.053,-0.038,7451164,-0.4422838229414,0.12385827963929678,0.3521337545205938,,,1019.0,,15.6,84.0,5,1,0.25
Spencer Dinwiddie,Spencer Dinwiddie,DAL,2021,17142857,0.152498,0.053,-0.0995,5957942,0.5028363941136674,-0.1866826597980982,-0.0474807688013332,,,64.0,0.4508,16.1,77.0,2,0,0.25
Jordan Goodwin,Jordan Goodwin,,2023,1927896,0.0141735173245307,0.053,0.0389,7209113,-0.2860019195534501,0.41717694001052413,,,,,,,75.0,1,0,0.25
Micah Potter,Micah Potter,IND,2026,2801346,0.0183094509803921,0.0529,0.0346,8093700,-0.16928210639361485,0.057818031082736414,-0.2434093023665444,28.0,784.0,908.0,0.532,18.0,81.0,1,1,0.25
Onyeka Okongwu,Onyeka Okongwu,,2022,6395160,0.0517177631312927,0.0527,0.001,6516618,0.24160245708355982,0.9019089185917671,0.5523736312528597,,,992.0,0.5945,14.0,82.0,1,0,0.25
Tristan Thompson,Tristan Thompson,BOS,2020,9258000,0.084827,0.0527,-0.0321,5751678,-1.0341457845182198,-0.4897756616073366,-0.5627646470451617,,,1721.0,0.6914,18.3,81.0,1,0,0.25
Jalen Brunson,Jalen Brunson,,2019,1416852,0.0129819681143485,0.0527,0.0397,5751678,-0.3651419428829261,-0.4061154315969636,-0.34426627666522086,,,1591.0,0.8902,19.1,74.0,0,0,0.25
Garrison Mathews,Garrison Mathews,,2022,2000000,0.0161740325906756,0.0524,0.0362,6479522,-0.21261669925733762,-0.33250247320332077,0.0959664375197147,,,1712.0,0.7881,14.4,77.0,1,0,0.25
Marquese Chriss,Marquese Chriss,OKC,2022,2193920,0.017742,0.0523,0.0345,6467156,-0.8795714098338453,-0.658694084506686,-0.3662965466235914,,,346.0,0.3785,21.5,81.0,3,0,0.25
Ty Jerome,Ty Jerome,,2022,4220057,0.0341276697262545,0.0523,0.0181,6467156,-0.7588296087812016,-0.5947349450354379,-0.10485272772286908,,,801.0,0.4995,20.8,77.0,2,0,0.25
Kevon Looney,Kevon Looney,,2021,5178572,0.0460669667479139,0.0523,0.0062,5879252,0.41298401187311934,-0.016607683079237743,-0.31229074534620566,,,1161.0,0.6504,9.4,81.0,2,0,0.25
Svi Mykhailiuk,Svi Mykhailiuk,,2020,1663861,0.0152451988271944,0.0522,0.037,5697108,-0.33853850308243777,-0.0569574395121848,0.09135269717586769,,,1265.0,0.6645,17.1,79.0,1,0,0.25
Luke Kornet,Luke Kornet,,2019,2250000,0.0206157229246838,0.0521,0.0314,5686194,-0.11460659521142937,0.4481295812780247,-0.22573313817696455,,,784.0,0.561,17.9,85.0,0,0,0.25
Gorgui Dieng,Gorgui Dieng,MEM,2019,16229213,0.148701,0.0521,-0.0966,5686194,0.018656887592558253,0.1783679982648705,-0.26513193704948157,,,1031.0,0.9268,19.6,82.0,0,0,0.25
Goga Bitadze,Goga Bitadze,,2021,3098400,0.0275624032593805,0.052,0.0245,5845528,-0.030662125439587035,0.6393957985506526,-0.5331734198995168,,,561.0,0.6242,18.1,83.0,1,0,0.25
Gorgui Dieng,Gorgui Dieng,MEM,2020,16587688,0.151985,0.052,-0.0999,5675280,0.05733555952329185,0.6189504689651756,0.2461041165840238,,,778.0,0.7469,18.4,82.0,1,0,0.25
Wenyen Gabriel,Wenyen Gabriel,MEM,2023,116075,0.000853,0.0519,0.0511,7059489,-0.5797754745424748,-0.04517906786096453,-0.31414961835063965,,,1024.0,0.5354,14.1,81.0,4,0,0.25
Paul Reed,Paul Reed,,2021,1517981,0.0135034871101464,0.0518,0.0383,5823045,-0.1710564726904435,0.1109485494599076,1.0700173322180284,,,177.0,0.3171,22.7,81.0,0,0,0.25
Mason Plumlee,Mason Plumlee,,2024,2087519,0.0148484863572993,0.0518,0.037,7282458,-0.27516859934243476,-0.2972470227650551,-0.6147022379310032,,,674.0,0.6634,15.1,84.0,5,1,0.25
Oshae Brissett,Oshae Brissett,IND,2021,1701593,0.015137,0.0517,0.0366,5811803,0.12657954348137215,0.23850478199905298,0.9578625186225532,,,519.0,0.259,15.6,79.0,1,0,0.25
Shaquille Harrison,Shaquille Harrison,LAL,2022,12260,9.9e-05,0.0517,0.0516,6392963,-0.189618260961596,-0.41564935451594337,-1.7327624617476562,,,23.0,0.1938,15.0,76.0,3,0,0.25
Zaccharie Risacher,Zaccharie Risacher,ATL,2025,13197720,0.0934629766018922,0.0516,-0.0419,7286332,-0.9823213588884318,-0.9010447586127556,-0.6277666647744106,21.0,441.0,1843.0,0.9146,20.9,80.0,0,1,0.25
Shake Milton,Shake Milton,PHI,2020,1701593,0.015591,0.0516,0.036,5631624,-0.38378125309452116,-0.2111118747789512,0.285767295507963,,,805.0,0.4387,18.9,77.0,1,0,0.25
Frank Ntilikina,Frank Ntilikina,DAL,2022,2036318,0.016468,0.0516,0.0351,6380598,-0.1838686513876606,-0.4348370963573178,0.02259682826299028,,,685.0,0.6327,17.4,76.0,3,0,0.25
Day'Ron Sharpe,Day'Ron Sharpe,,2023,2210040,0.0162477852684511,0.0516,0.0353,7018683,-0.3142493767639333,-0.2289359427842485,-0.7193953223755137,,,552.0,0.5122,19.0,82.0,1,0,0.25
Naji Marshall,Naji Marshall,,2024,8571429,0.0609684254701681,0.0515,-0.0095,7240282,-0.2807391067957336,-0.2362172687934099,0.575182730850671,,,1257.0,,16.3,78.0,3,1,0.25
Ivica Zubac,Ivica Zubac,,2019,6481482,0.0593868609125893,0.0515,-0.0079,5620710,-0.48774434706259473,0.03224714079941196,-0.2637849695666605,,,524.0,0.3171,20.1,84.0,0,0,0.25
Charles Bassey,Charles Bassey,,2023,2600000,0.0191146955249557,0.0514,0.0323,6991479,-0.45548666281634886,0.3460452464918336,,,,,,,82.0,1,0,0.25
Svi Mykhailiuk,Svi Mykhailiuk,,2021,1729217,0.0153825769032326,0.0514,0.036,5778079,-0.8393335656045202,-0.6604629520863523,-0.8020334313797813,,,690.0,0.5114,21.0,79.0,2,0,0.25
Shaedon Sharpe,Shaedon Sharpe,,2023,6313800,0.0464178325405635,0.0514,0.0049,6991479,-0.5402290344477984,-1.6337868897783874,-0.6520817823130205,,,1779.0,0.9756,19.0,77.0,0,0,0.25
Darius Bazley,Darius Bazley,PHO,2022,4264629,0.034488,0.0514,0.0169,6355867,-1.3165417374529367,-1.5797056928926585,-0.731077843350686,,,1924.0,0.7914,18.3,81.0,2,0,0.25
Al Horford,Al Horford,,2021,27000000,0.2401836070240361,0.0513,-0.1889,5766838,-0.6877076705735953,1.6416233399296518,0.3755921113727101,,,782.0,0.6158,21.6,80.0,2,0,0.25
Edmond Sumner,Edmond Sumner,BRK,2021,2320000,0.020638,0.0513,0.0307,5766838,-0.49677135831243047,-1.3832816031415092,-0.1565201709080454,,,861.0,0.5084,18.3,76.0,2,0,0.25
Aaron Wiggins,Aaron Wiggins,,2023,1836096,0.0134986215363804,0.0513,0.0378,6977877,-0.35944530830070626,-0.1637318903921155,,,,,,,77.0,1,0,0.25
Jaylon Tyson,Jaylon Tyson,CLE,2026,3658560,0.023912156862745,0.0512,0.0273,7833600,-0.911229939620344,0.4736471848330293,0.2896661427806431,23.0,529.0,1777.0,0.718,19.3,78.0,1,1,0.25
Josh Okogie,Josh Okogie,,2019,2530680,0.0231874656404617,0.0512,0.028,5587968,-0.07196228071415332,0.1446478003882262,-0.038841399935537646,,,1757.0,0.9024,15.4,76.0,0,0,0.25
Justise Winslow,Justise Winslow,POR,2021,3902439,0.034715,0.0512,0.0165,5755596,-1.14258535566637,-1.3893557094528972,-1.8051959307615333,,,507.0,0.3653,21.9,78.0,2,0,0.25
Malik Monk,Malik Monk,,2019,4028400,0.036910390324354,0.0511,0.0142,5577054,-0.8129072451043245,-0.8444780039933392,-0.5493420759247325,,,1258.0,0.8902,24.6,75.0,0,0,0.25
Isaiah Jackson,Isaiah Jackson,,2023,2696280,0.0198225274038567,0.0511,0.0313,6950673,-0.4215897141637692,0.1089396014295317,,,,,,,80.0,1,0,0.25
Isaiah Jackson,Isaiah Jackson,LAC,2025,7600000,0.053821313240043,0.0511,-0.0027,7215728,0.5097305900642987,-0.13797584107658503,0.018308482261940876,24.0,576.0,84.0,,17.6,80.0,3,1,0.25
Jae Crowder,Jae Crowder,MIL,2023,2019706,0.014848,0.051,0.0362,6937071,0.34109163051927566,-0.19337009602490327,0.531135612771951,,,340.0,0.5012,13.2,78.0,4,0,0.25
Devonte' Graham,Devonte' Graham,SAS,2023,12100000,0.088957,0.051,-0.0379,6937071,-0.7831571664579533,0.19192657720133735,-0.6156960849819433,,,527.0,0.5341,20.2,73.0,4,0,0.25
Seth Curry,Seth Curry,GSW,2025,1755198,0.0124298764942496,0.051,0.0386,7201608,-0.8037359904809622,-1.5604078581469063,-0.28310783571585124,35.0,1225.0,1062.0,,15.7,73.0,6,1,0.25
Dorian Finney-Smith,Dorian Finney-Smith,,2019,4000000,0.0366501740883269,0.051,0.0143,5566140,-0.0453095841533558,-0.5185160911857778,-0.0102183409255894,,,1985.0,0.9878,14.0,79.0,0,0,0.25
Luke Kornet,Luke Kornet,,2020,2250000,0.0206157229246838,0.051,0.0303,5566140,-0.05011597175540617,0.13277109620075844,-0.7588047854970906,,,559.0,0.5229,16.3,85.0,1,0,0.25
Maxi Kleber,Maxi Kleber,,2023,11000000,0.0808698656825049,0.051,-0.0298,6937071,-0.043073787543295106,-1.100299188388208,-0.5531581676941539,,,930.0,0.5634,10.3,82.0,4,0,0.25
Tristan Thompson,Tristan Thompson,CLE,2019,18539130,0.169866,0.051,-0.1189,5566140,-0.5570413581206684,-0.06891345283052087,-0.5789753605467967,,,1198.0,0.5244,17.7,81.0,0,0,0.25
Kyle Korver,Kyle Korver,MIL,2019,2564753,0.0235,0.0509,0.0274,5555226,-0.19989522420598146,-0.04081328793331729,0.20058207013591192,,,1083.0,0.6585,18.7,79.0,0,0,0.25
Jaxson Hayes,Jaxson Hayes,LAL,2025,3449323,0.0244272491643532,0.0508,0.0263,7173366,-0.1873284285584056,0.17166481636637534,0.06155099334270808,26.0,676.0,1093.0,0.7122,12.4,84.0,5,1,0.25
Tre Jones,Tre Jones,CHI,2025,8000000,0.0566540139368874,0.0507,-0.006,7159245,0.29081949330675516,0.3607645063394531,0.8722679973828695,26.0,676.0,455.0,0.5573,16.0,73.0,4,1,0.25
Devonte' Graham,Devonte' Graham,CHO,2024,2850000,0.020272,0.0507,0.0304,7127811,-0.49798889747438835,-0.13246668704161305,-0.7790846866325963,,,313.0,0.3988,17.8,73.0,5,1,0.25
Jevon Carter,Jevon Carter,,2022,3925000,0.031741538959201,0.0507,0.0189,6269308,-0.0746260694828878,-0.6011308589825627,-1.6786825150185214,,,552.0,0.6611,15.9,72.0,3,0,0.25
Kyle O'Quinn,Kyle O'Quinn,PHI,2019,2028594,0.018587,0.0507,0.0321,5533398,-0.12526767383574838,-0.09139358474828371,-0.6981819827764636,,,371.0,0.5488,20.8,81.0,0,0,0.25
Dylan Windler,Dylan Windler,NYK,2023,2019706,0.014848,0.0507,0.0358,6896264,0.06991604129863746,-0.27042943067015135,1.4532856295064425,,,10.0,0.2768,17.9,79.0,3,0,0.25
Gary Harris,Gary Harris,MIL,2026,3815861,0.0249402679738562,0.0506,0.0256,7741800,-0.47842703690475197,-1.4860732985256175,-1.0207085012232213,31.0,961.0,661.0,0.6,8.5,76.0,7,1,0.3
Keon Ellis,Keon Ellis,,2024,2120693,0.0150844524425982,0.0506,0.0355,7113752,0.6049715782787822,0.2764326645684098,0.6591165253290462,,,978.0,0.5076,12.4,76.0,1,1,0.25
Shake Milton,Shake Milton,PHI,2022,1997718,0.016156,0.0506,0.0345,6256943,-0.8163257045205556,-0.4092534405688185,-0.3008494773335555,,,1179.0,0.677,18.3,77.0,3,0,0.25
Landry Shamet,Landry Shamet,,2019,1995120,0.0182803738317757,0.0505,0.0322,5511570,0.21588684214245993,-0.6365367837540328,-0.11460832084422422,,,1108.0,0.6585,15.0,77.0,0,0,0.25
Avery Bradley,Avery Bradley,HOU,2020,5635000,0.051631,0.0504,-0.0012,5500656,-0.0557713155069166,-0.8099425656229282,0.15995049023284447,,,1186.0,0.6494,15.7,75.0,1,0,0.25
Alize Johnson,Alize Johnson,CHI,2021,705598,0.006277,0.0504,0.0441,5665665,-0.2889877243811629,0.2263565693762772,1.03263239435287,,,189.0,0.2147,19.1,81.0,2,0,0.25
Noah Clowney,Noah Clowney,BRK,2025,3398640,0.0240683247408078,0.0503,0.0263,7102762,-1.0284079055742303,-0.9634393075766845,-1.4557806732468788,21.0,441.0,1042.0,0.4558,19.0,82.0,1,1,0.25
Ja'Kobe Walter,Ja'Kobe Walter,TOR,2026,3811800,0.024913725490196,0.0502,0.0253,7680600,0.06566804079484939,-0.1334953704642122,0.2777185059085242,21.0,441.0,1474.0,0.7866,14.0,76.0,1,1,0.25
Luol Deng,Luol Deng,LAL,2019,5000000,0.045813,0.0502,0.0044,5478828,0.28518385320053347,-0.12511378262492798,0.585814770222745,,,392.0,0.2683,15.8,81.0,0,0,0.25
Nate Hinton,Nate Hinton,IND,2021,85578,0.000761,0.0502,0.0494,5643182,-0.6427814794533212,-0.17453444717532243,-0.5661967816804069,,,93.0,0.2561,24.4,77.0,0,0,0.25
Kyle Anderson,Kyle Anderson,MEM,2025,9219512,0.0652902951674126,0.0501,-0.0152,7074520,-0.273740703594278,0.259622160470662,0.11952798968062558,32.0,1024.0,541.0,0.6768,15.7,80.0,6,1,0.25
Evan Fournier,Evan Fournier,DET,2023,18857143,0.138634,0.0501,-0.0885,6814652,-0.6419198804055376,-0.5134627168590108,-0.7441830786823102,,,459.0,0.5207,18.4,78.0,4,0,0.25
Jalen Duren,Jalen Duren,,2023,4330680,0.0318383190830827,0.0501,0.0183,6814652,-0.2973009024376434,-0.2645017895435938,,,,,,,82.0,0,0,0.25
Mo Bamba,Mo Bamba,,2020,5969040,0.0546915887850467,0.0501,-0.0046,5467914,0.006437465759698042,0.5596603015548808,0.018203391783356955,,,878.0,0.7531,17.1,84.0,1,0,0.25
Rodney Hood,Rodney Hood,POR,2019,5718000,0.052391,0.05,-0.0024,5457000,-0.6476605264273799,-0.08015351878940227,-0.07621974758382302,,,1234.0,0.5488,19.1,80.0,0,0,0.25
Anfernee Simons,Anfernee Simons,,2019,2149560,0.019695437053326,0.05,0.0303,5457000,-0.8342294023529626,-0.8781982018699835,-1.5706801697738275,,,141.0,0.2439,24.3,75.0,0,0,0.25
Moritz Wagner,Moritz Wagner,,2019,2063520,0.018907091808686,0.0499,0.031,5446086,-0.6636521443638584,-0.6477768497129142,-2.1909586956129417,,,446.0,0.5244,21.7,83.0,0,0,0.25
Josh Hart,Josh Hart,,2021,12000000,0.1067482697884605,0.0499,-0.0569,5609458,-0.0755883165598611,-0.40535048700806164,0.14941323728850134,,,1349.0,0.7208,13.5,77.0,2,0,0.25
DeAndre Jordan,DeAndre Jordan,,2020,10375678,0.0950676012461059,0.0499,-0.0452,5446086,0.07995693452933354,0.4232929165112028,0.5143182363565632,,,1234.0,0.7148,14.1,83.0,1,0,0.25
Jaren Jackson Jr.,Jaren Jackson Jr.,,2019,6927480,0.0634733369983507,0.0499,-0.0135,5446086,-0.301175471137012,-0.2880947390287087,,,,,,,82.0,0,0,0.25
Rui Hachimura,Rui Hachimura,,2021,4916160,0.0437326311669365,0.0497,0.0059,5586975,-1.0808118428759932,-0.3446094238941829,-0.18050883937152207,,,1797.0,0.6845,18.1,80.0,1,0,0.25
Jalen Green,Jalen Green,,2023,9891480,0.0727202417273803,0.0497,-0.023,6760243,-0.36509479974280284,-1.206996728666244,,,,,,,76.0,1,0,0.25
Kyle Anderson,Kyle Anderson,,2020,9505100,0.087090892431739,0.0497,-0.0374,5424258,0.15347640329896903,-0.48384664486630713,0.1723045951435796,,,1330.0,0.7782,13.5,80.0,1,0,0.25
Kris Dunn,Kris Dunn,,2020,4767000,0.0436778449697636,0.0495,0.0059,5402430,0.05168021577178143,0.885756222311502,0.6433861218713488,,,1269.0,0.6531,14.6,75.0,1,0,0.25
Stanley Johnson,Stanley Johnson,TOR,2020,3804150,0.034856,0.0495,0.0147,5402430,-0.5647522531428547,-0.5431368122766018,-1.0117388281431945,,,150.0,0.4365,23.1,78.0,1,0,0.25
Eric Gordon,Eric Gordon,,2023,3196448,0.0234996654928283,0.0495,0.026,6733039,-0.5119815772373152,-0.7861342086806579,0.1661415864195813,,,547.0,0.4085,17.0,75.0,4,0,0.25
Terry Rozier,Terry Rozier,,2019,19894737,0.1822863936228697,0.0494,-0.1329,5391516,-0.43443895394099974,-0.1813141124193351,-0.24088652235870184,,,1791.0,0.9634,18.6,73.0,0,0,0.25
Kris Dunn,Kris Dunn,,2019,5348007,0.0490013468938977,0.0494,0.0004,5391516,-0.8448904809772815,-0.6814970475895585,-0.21462065644369055,,,1389.0,0.561,20.1,75.0,0,0,0.25
Khem Birch,Khem Birch,TOR,2021,6350000,0.056488,0.0493,-0.0072,5542010,0.1602741868215777,-0.3932022743852859,-0.36120270571978796,,,952.0,0.6146,12.2,80.0,2,0,0.25
Ian Mahinmi,Ian Mahinmi,WAS,2019,15450051,0.141562,0.0493,-0.0923,5380602,0.4237778753166806,0.20084813018263334,-0.9261562292439338,,,498.0,0.4146,12.9,83.0,0,0,0.25
Landry Shamet,Landry Shamet,,2024,1343690,0.009557643611119,0.0492,0.0397,6916929,-0.832219344672319,-0.7854850545382166,-0.7209990157133055,,,726.0,0.5951,18.8,77.0,5,1,0.25
Nicolas Batum,Nicolas Batum,LAC,2025,5601600,0.0396691405586085,0.0492,0.0095,6947433,-0.23917579357992902,-0.10260680021547948,0.05386343581723835,37.0,1369.0,1367.0,0.8744,9.0,79.0,6,1,0.25
Pat Connaughton,Pat Connaughton,,2021,5333333,0.0474436724963082,0.0491,0.0017,5519527,0.15465841293154345,0.2263565693762772,0.44475424642325323,,,1575.0,0.8487,11.6,77.0,2,0,0.25
Ben Simmons,Ben Simmons,BRK,2024,39256083,0.279228,0.049,-0.2302,6888812,0.4545678770397135,0.8928331796820265,0.31321635500466893,,,359.0,,13.0,82.0,5,1,0.25
Raul Neto,Raul Neto,WAS,2020,1620564,0.014848,0.0489,0.0341,5336946,-0.06142665925842703,-1.2071866872719033,-0.45515389111217924,,,668.0,0.638,18.7,74.0,1,0,0.25
Taj Gibson,Taj Gibson,WAS,2022,1836090,0.014848,0.0489,0.034,6046729,0.2933489432489785,-0.7482368797664333,-0.34356230150178946,,,946.0,0.6539,10.0,81.0,3,0,0.25
Isaiah Hartenstein,Isaiah Hartenstein,,2020,1620564,0.0148484881803188,0.0489,0.0341,5336946,0.3118260283412609,-0.027312355807037426,0.36932005766740855,,,266.0,0.3277,14.8,84.0,1,0,0.25
Zach Edey,Zach Edey,MEM,2025,6045000,0.0428091892810605,0.0487,0.0059,6876829,-0.09515533518680831,0.5195973066010188,0.19159884148190426,24.0,576.0,1416.0,0.8049,16.4,87.0,0,1,0.25
Jeff Teague,Jeff Teague,MIL,2020,510589,0.004678,0.0487,0.044,5315118,-0.6948251594275945,-0.7447233814716041,-0.032838567979417185,,,945.0,0.4872,20.2,75.0,1,0,0.25
Jeremiah Robinson-Earl,Jeremiah Robinson-Earl,,2023,1900000,0.0139684313451599,0.0487,0.0348,6624222,-0.4950331029110253,-0.10445547912654003,,,,,,,81.0,1,0,0.25
Moses Brown,Moses Brown,OKC,2020,1250000,0.011453,0.0484,0.0369,5282376,-1.0228350970151991,-0.1281056404045385,-2.990346262004618,,,33.0,0.125,21.2,86.0,0,0,0.25
Tony Bradley,Tony Bradley,,2019,1962360,0.0179802089059923,0.0484,0.0305,5282376,-0.8608820989137601,-0.34991510180255647,-0.1088837090422346,,,36.0,0.0366,23.6,82.0,0,0,0.25
De'Andre Hunter,De'Andre Hunter,,2020,7422000,0.0680043980208906,0.0483,-0.0197,5271462,-0.864485471972907,-1.3435540723155812,-0.7425493842987548,,,2018.0,0.875,17.5,79.0,0,0,0.25
Paolo Banchero,Paolo Banchero,,2023,11608080,0.0853403518574337,0.0483,-0.037,6569814,-0.34249683397441644,-0.08074491462030982,,,,,,,82.0,0,0,0.25
Isaiah Stewart,Isaiah Stewart,DET,2025,15000000,0.1062262761316639,0.0482,-0.058,6806225,-0.3947178886444994,0.2958368046107889,-0.33563947880656103,25.0,625.0,1434.0,0.7293,12.4,80.0,4,1,0.25
Jake Layman,Jake Layman,MIN,2021,3940184,0.035051,0.0481,0.013,5407113,-0.0362778993296213,-0.9945387992126853,-0.507938586840535,,,627.0,0.5434,15.1,80.0,2,0,0.25
Jalen Wilson,Jalen Wilson,BRK,2025,2221677,0.0157333649651577,0.0481,0.0324,6792104,-0.8901482655168346,-1.8699250952164248,-0.8628777990950263,25.0,625.0,2031.0,0.7988,16.6,78.0,1,1,0.25
Jordan Nwora,Jordan Nwora,MIL,2021,1517981,0.013503,0.0479,0.0344,5384630,-0.8449493394945545,-0.8852048856077037,0.09676278312840318,,,274.0,0.3659,26.0,80.0,0,0,0.25
Jalen McDaniels,Jalen McDaniels,SAS,2024,4741800,0.033728,0.0478,0.0141,6720106,-0.8712128968454109,-1.8229908720561852,-1.9599663764217803,,,538.0,0.5268,18.7,81.0,4,1,0.25
Alex Len,Alex Len,SAC,2022,3918600,0.03169,0.0477,0.016,5898343,-0.6668358555982351,-0.24295967794357348,-1.252932106373867,,,620.0,0.5575,17.1,84.0,3,0,0.25
Darius Miller,Darius Miller,OKC,2020,7000000,0.064138,0.0475,-0.0167,5184150,-0.46861140936717743,,,,,,,,78.0,1,0,0.25
Gradey Dick,Gradey Dick,TOR,2025,4990560,0.0353419069741091,0.0475,0.0121,6707380,-1.2588406390032236,-1.386672426752434,-0.5098907827172081,22.0,484.0,1587.0,0.686,21.0,79.0,1,1,0.25
Kemba Walker,Kemba Walker,DAL,2022,684712,0.005537,0.0474,0.0418,5861247,-1.1095557927912618,-0.38366978478031927,-0.4176208272773564,,,948.0,0.5385,20.8,72.0,3,0,0.25
Damyean Dotson,Damyean Dotson,NYK,2019,1618520,0.01483,0.0474,0.0326,5173236,-0.679643762300337,-1.7099630828272088,-0.16141544087225726,,,2004.0,0.8902,17.3,77.0,0,0,0.25
Isaiah Stewart,Isaiah Stewart,,2021,3277080,0.0291518849965306,0.0474,0.0182,5328423,-0.05312522099972409,0.2445788883104408,0.017319790164941454,,,1455.0,0.8293,15.5,80.0,0,0,0.25
Monte Morris,Monte Morris,,2019,1588231,0.0145522356606193,0.0474,0.0328,5173236,-0.24253953870325748,0.3863092185041768,0.8834945839262068,,,1970.0,1.0,17.1,74.0,0,0,0.25
Josh Okogie,Josh Okogie,,2021,4087904,0.0363647232551105,0.0474,0.011,5328423,0.21081615183188604,-0.1441639156183831,-0.45341888578717887,,,1197.0,0.7986,12.1,76.0,2,0,0.25
Isaiah Collier,Isaiah Collier,UTA,2026,2763960,0.0180650980392156,0.0471,0.029,7206300,-1.05961950626569,-0.8241173561693266,-0.84254815139486,21.0,441.0,1517.0,0.7744,20.4,76.0,1,1,0.25
James Johnson,James Johnson,NOP,2020,16047100,0.147032,0.047,-0.1,5129580,-0.4855774406217087,-0.3949113937508649,0.2438283604162568,,,338.0,0.3731,21.4,79.0,1,0,0.25
RJ Barrett,RJ Barrett,,2020,8231760,0.0754238592633315,0.047,-0.0284,5129580,-1.5318160346511371,-0.8158715823639577,-0.7656320540003916,,,1704.0,0.7778,24.0,78.0,0,0,0.25
Terance Mann,Terance Mann,,2021,1782621,0.0158576422865479,0.0469,0.031,5272216,-0.0755883165598611,0.2992458451129317,0.29677220070700094,,,1263.0,0.7242,15.1,78.0,1,0,0.25
Danny Wolf,Danny Wolf,BRK,2026,2941440,0.0192250980392156,0.0469,0.0276,7175700,-0.7999377646363347,-0.546011208936881,-0.9535908940886709,22.0,484.0,1187.0,0.6951,20.6,83.0,0,1,0.25
Sam Hauser,Sam Hauser,,2023,1927896,0.0141735173245307,0.0469,0.0328,6379384,-0.054372770427488344,0.12079488368264678,0.3357899002257294,,,1290.0,0.7287,14.7,79.0,1,0,0.25
Jaime Jaquez Jr.,Jaime Jaquez Jr.,,2024,3685800,0.0262170313255754,0.0469,0.0207,6593577,-0.6706746285266525,-0.1995994164104228,0.4732423783873154,,,2113.0,0.9146,18.7,78.0,0,1,0.25
JaMychal Green,JaMychal Green,GSW,2022,1836090,0.014848,0.0468,0.0319,5787054,-0.5748421024152685,-0.3069188174148216,-0.26915931746680133,,,1085.0,0.7957,17.2,81.0,3,0,0.25
Torrey Craig,Torrey Craig,CHI,2023,2528233,0.018587,0.0468,0.0282,6365782,-1.0091368241418184,-0.36527168869507204,,,,,,,77.0,4,0,0.25
Malik Beasley,Malik Beasley,MIN,2020,13425895,0.123015,0.0467,-0.0763,5096838,-0.28764040931884394,-0.7921555153998397,-0.1593055893024691,,,746.0,0.7263,20.6,76.0,1,0,0.25
Kevin Huerter,Kevin Huerter,,2020,2761920,0.0253062122045079,0.0467,0.0213,5096838,-0.7004805031791048,-1.0648902854871958,0.009425475136255695,,,1760.0,0.8291,17.1,78.0,1,0,0.25
DeAndre' Bembry,DeAndre' Bembry,ATL,2019,2603982,0.023859,0.0467,0.0228,5096838,-0.43443895394099974,-0.8950583008083056,-0.012575534020526318,,,1931.0,1.0,17.2,77.0,0,0,0.25
Svi Mykhailiuk,Svi Mykhailiuk,,2024,3500000,0.0248954391555467,0.0467,0.0218,6565459,-0.2807391067957336,-0.5352630632544714,0.45959224572128204,,,413.0,0.4561,16.1,79.0,5,1,0.25
Derrick Jones Jr.,Derrick Jones Jr.,,2021,9720900,0.0864741046488871,0.0466,-0.0399,5238492,-0.01943057765951854,-0.8062415035596612,-0.22724001170297012,,,1318.0,0.7458,12.3,78.0,2,0,0.25
Eugene Omoruyi,Eugene Omoruyi,WAS,2023,900000,0.006617,0.0465,0.0399,6324976,-0.45548666281634886,-0.2289359427842485,-0.32483791694164366,,,272.0,0.1936,18.8,78.0,1,0,0.25
Derrick Favors,Derrick Favors,OKC,2021,9720900,0.086474,0.0465,-0.04,5227251,0.31751585574253693,0.5482842038798345,0.4771545259063905,,,1039.0,0.8125,13.0,81.0,2,0,0.25
Norman Powell,Norman Powell,,2019,10116576,0.0926935678944474,0.0465,-0.0462,5075010,-0.21055630283030044,-0.2993348049875901,0.13256021225344664,,,1126.0,0.7317,19.0,75.0,0,0,0.25
Dillon Brooks,Dillon Brooks,,2019,1618520,0.0148297599413597,0.0463,0.0315,5053182,-0.7276186161097724,-1.1479597848831375,-1.2194583986282272,,,330.0,0.2195,20.9,79.0,0,0,0.25
Anfernee Simons,Anfernee Simons,,2021,3938818,0.035038500542637,0.0463,0.0113,5204768,-0.5192344538725675,-1.401503922075673,-0.20480904898387509,,,1104.0,0.7307,18.3,75.0,2,0,0.25
Tyler Smith,Tyler Smith,MIL,2025,1955377,0.0138474944762336,0.0463,0.0324,6537930,-0.4868909820160966,-0.022441488706891544,-0.39457741983516226,21.0,441.0,122.0,0.2805,22.1,81.0,0,1,0.25
Dewayne Dedmon,Dewayne Dedmon,DET,2023,2748674,0.020208,0.0463,0.0261,6297772,-1.1390751273100408,0.03188026678428359,-0.766469318297595,,,350.0,0.4671,21.2,82.0,4,0,0.25
E.J. Liddell,E.J. Liddell,PHO,2026,706898,0.004620248366013,0.0462,0.0416,7068600,-0.5588047188376477,-0.6631542347635041,-0.7290456011097304,25.0,625.0,349.0,0.222,17.2,78.0,3,1,0.25
Mo Bamba,Mo Bamba,,2024,2087519,0.0148484863572993,0.0462,0.0313,6495165,-0.47013636020789423,0.3008445661570679,-0.5856594024713577,,,740.0,0.6671,15.1,84.0,5,1,0.25
Thabo Sefolosha,Thabo Sefolosha,HOU,2019,2564753,0.0235,0.0461,0.0226,5031354,0.9728234244691096,0.03786717377885268,1.0545594542444858,,,609.0,0.6098,12.9,78.0,0,0,0.25
Monte Morris,Monte Morris,,2020,1723707,0.0157935404068169,0.046,0.0302,5020440,-0.2819850655673335,-0.10438957344042059,0.2119677740675188,,,1636.0,1.0087,17.5,74.0,1,0,0.25
Taurean Prince,Taurean Prince,,2021,13000000,0.1156439589374988,0.046,-0.0697,5171044,-0.6034710622230813,-0.7758709720027219,-0.33160629657653756,,,687.0,0.5776,19.7,78.0,2,0,0.25
Luke Kennard,Luke Kennard,,2021,12727273,0.1132178643229491,0.046,-0.0672,5171044,-0.620318383893184,-0.8183897161824369,0.0051696853587649425,,,1232.0,0.6545,17.1,77.0,2,0,0.25
Kyle Kuzma,Kyle Kuzma,MIL,2025,22410605,0.1587063410005099,0.046,-0.1127,6495568,-1.6909020141825857,-1.1945243777653216,-0.9631363618230274,30.0,900.0,1049.0,,21.4,80.0,6,1,0.25
John Konchar,John Konchar,,2023,2400000,0.0176443343307283,0.0459,0.0282,6243363,0.06991604129863746,,0.45722716506820005,,,1494.0,0.8073,10.4,77.0,3,0,0.25
Tre Mann,Tre Mann,CHO,2026,8000000,0.0522875816993464,0.0458,-0.0065,7007400,-1.7211896575595236,-0.7896888973588281,-2.1350013400905463,25.0,625.0,669.0,0.439,23.3,76.0,4,1,0.25
Caleb Martin,Caleb Martin,MIA,2021,527615,0.004693,0.0458,0.0411,5148561,-0.3282981416114027,-0.8366120351166006,-0.6232088119247735,,,818.0,0.4977,16.7,77.0,1,0,0.25
Wesley Matthews,Wesley Matthews,LAL,2020,3623000,0.033196,0.0458,0.0126,4998612,0.0007821220081876143,0.020119778121198393,0.4870091623433592,,,1635.0,0.7828,12.5,77.0,1,0,0.25
Al-Farouq Aminu,Al-Farouq Aminu,CHI,2020,9720900,0.089068,0.0458,-0.0432,4998612,0.4701756533835527,-0.4245564774560123,-0.7932662360375623,,,380.0,0.5267,13.2,81.0,1,0,0.25
Brandon Goodwin,Brandon Goodwin,ATL,2020,1701593,0.015591,0.0456,0.03,4976784,-0.9153835657365008,-0.6024269796868966,-1.473392222175929,,,430.0,0.3683,22.4,72.0,1,0,0.25
Kris Murray,Kris Murray,POR,2026,5315004,0.0347385882352941,0.0456,0.0109,6976800,0.28206949215264543,-0.6270733258717062,-0.2873344379258051,25.0,625.0,1333.0,0.7512,10.6,80.0,2,1,0.25
Malik Beasley,Malik Beasley,MIL,2023,2019706,0.014848,0.0456,0.0307,6202557,-1.0091368241418184,-1.295911345564607,,,,,,,76.0,4,0,0.25
Amir Coffey,Amir Coffey,,2022,3395062,0.0274559217176822,0.0456,0.0181,5638668,-0.48859795880623735,-1.1319917165939217,0.3102194748797269,,,1567.0,0.7271,15.8,79.0,1,0,0.25
Tyus Jones,Tyus Jones,,2019,8400000,0.0769653655854865,0.0455,-0.0315,4965870,0.21588684214245993,0.3863092185041768,0.5470894550916384,,,1560.0,0.8293,14.1,72.0,0,0,0.25
Davion Mitchell,Davion Mitchell,MIA,2025,11600000,0.0821483202084867,0.0455,-0.0366,6424964,0.06614757821348687,-0.9492649237630266,-0.9554488042975577,27.0,729.0,1080.0,0.7268,13.1,72.0,3,1,0.25
Precious Achiuwa,Precious Achiuwa,SAC,2025,2111516,0.0149532321114951,0.0454,0.0304,6410843,-0.642433077080667,-0.18150790021181185,-0.6367354818874585,26.0,676.0,1170.0,0.661,14.9,80.0,4,1,0.25
T.J. McConnell,T.J. McConnell,,2022,8100000,0.0655048319922364,0.0454,-0.0201,5613937,-0.06312685033501697,-0.33250247320332077,0.35603242338275204,,,652.0,0.6143,16.2,73.0,3,0,0.25
Garrett Temple,Garrett Temple,,2020,4767000,0.0436778449697636,0.0454,0.0017,4954956,-0.6948251594275945,-0.8099425656229282,0.1521478976576433,,,1730.0,0.7623,16.6,77.0,1,0,0.25
Mitchell Robinson,Mitchell Robinson,,2019,1559712,0.0142909290819131,0.0454,0.0311,4954956,0.44510003256531866,0.6954110323734161,0.8218708215871419,,,1360.0,0.8049,12.1,84.0,0,0,0.25
Jaylin Williams,Jaylin Williams,OKC,2025,8450704,0.0598457877740637,0.0452,-0.0147,6382601,0.29081949330675516,1.230639878536459,0.9577920748537203,23.0,529.0,784.0,0.6585,14.6,81.0,2,1,0.25
Duop Reath,Duop Reath,,2024,2048780,0.0145729365237431,0.0452,0.0306,6354577,-0.4311428080348023,-0.07753990846713238,-0.4750061993701085,,,1214.0,0.8293,20.7,81.0,0,1,0.25
Matisse Thybulle,Matisse Thybulle,POR,2025,11550000,0.0817942326213812,0.0452,-0.0366,6382601,0.2332113099495069,0.8256103301279473,2.2025357641860266,29.0,841.0,312.0,0.3829,14.4,77.0,5,1,0.25
Grant Williams,Grant Williams,CHO,2025,13645500,0.0966340433969746,0.0451,-0.0515,6368480,0.07190839654921169,-0.6224411818386086,0.12497334292783331,27.0,729.0,479.0,,14.8,79.0,5,1,0.25
Gorgui Dieng,Gorgui Dieng,ATL,2021,4000000,0.035583,0.0451,0.0095,5069871,-0.013814803769484279,-0.016607683079237743,0.47341603211987465,,,371.0,0.5112,17.0,82.0,2,0,0.25
Cole Anthony,Cole Anthony,,2021,3449400,0.0306847901506929,0.045,0.0143,5058630,-1.5244579801886995,-1.073502181260728,-1.3649882873992927,,,1273.0,0.5732,24.3,74.0,0,0,0.25
Kenrich Williams,Kenrich Williams,,2021,2000000,0.0177913782980767,0.0448,0.027,5036147,-0.5641606449928416,-0.8609084603621522,0.31608775193733285,,,1426.0,0.6771,15.3,79.0,2,0,0.25
Isaiah Stewart,Isaiah Stewart,DET,2026,15000000,0.0980392156862745,0.0448,-0.0532,6854400,-1.1152655937576947,-0.03357948914729131,-0.6324103028793571,25.0,625.0,1317.0,0.7293,16.6,80.0,5,1,0.25
Rudy Gay,Rudy Gay,OKC,2023,6479000,0.047632,0.0447,-0.0029,6080138,-0.7662086921316634,-0.9046870312118089,-0.5017633702140072,,,816.0,0.6963,17.7,80.0,4,0,0.25
Tre Mann,Tre Mann,,2022,3046200,0.0246346690388581,0.0446,0.02,5515013,-1.1095557927912618,-2.1169624644511424,-1.2381204012187534,,,1367.0,0.7317,22.0,76.0,0,0,0.25
Daniel Theis,Daniel Theis,OKC,2024,2087519,0.014848,0.0445,0.0296,6256166,-1.0327576129910774,-0.5108511616658132,-0.5107288869854725,,,1007.0,0.4488,15.4,80.0,5,1,0.25
Neemias Queta,Neemias Queta,,2024,2162606,0.0153825788829772,0.0445,0.0291,6256166,0.10919641493518537,0.7524647455472423,1.3933194057488831,,,333.0,0.2363,16.9,84.0,1,1,0.25
Precious Achiuwa,Precious Achiuwa,,2023,4379527,0.0321974327493548,0.0445,0.0123,6052934,-0.879198520973596,-0.7742789264275428,-0.6186524228900933,,,1140.0,0.7512,19.4,80.0,2,0,0.25
Denzel Valentine,Denzel Valentine,NYK,2021,902801,0.008031,0.0444,0.0364,4991181,-0.7382496355839034,-0.15631212824115878,-0.1770818867338826,,,1036.0,,19.5,76.0,2,0,0.25
Dusty Hannahs,Dusty Hannahs,MEM,2019,81678,0.000748,0.0444,0.0436,4845816,-1.207367154204128,-0.2206543432754201,-1.8700436928308155,,,26.0,0.0244,23.9,76.0,0,0,0.25
Trendon Watford,Trendon Watford,,2024,2726603,0.0193942797393803,0.0444,0.025,6242107,-0.5926875241804688,-0.5413660386516359,-0.2237856726441754,,,856.0,0.728,21.1,80.0,2,1,0.25
Cameron Johnson,Cameron Johnson,,2020,4235160,0.0388048378229796,0.0444,0.0056,4845816,0.02905884076573972,0.12684207945972897,0.2119677740675188,,,1255.0,0.7917,15.7,80.0,0,0,0.25
Keon Johnson,Keon Johnson,,2024,2162606,0.0153825788829772,0.0444,0.029,6242107,-0.6483925987134571,-0.08974585926146142,-0.341118727901143,,,61.0,0.2305,22.2,77.0,2,1,0.25
Ish Smith,Ish Smith,DEN,2022,4725000,0.038211,0.0444,0.0062,5490282,-0.7933272662248142,-1.1064080608054225,0.09768872881682092,,,615.0,0.5206,20.9,72.0,3,0,0.25
Keon Johnson,Keon Johnson,,2023,2808720,0.0206491644672513,0.0443,0.0236,6025730,-1.2520649561519734,-0.8869041078321364,-1.239938204818239,,,416.0,0.4055,25.0,77.0,1,0,0.25
Nerlens Noel,Nerlens Noel,NYK,2020,5000000,0.045813,0.0443,-0.0015,4834902,0.3118260283412609,0.5655893182959102,1.075779793747079,,,1127.0,0.8816,14.9,82.0,1,0,0.25
Ayo Dosunmu,Ayo Dosunmu,MIN,2025,7518518,0.0532442779445923,0.0442,-0.009,6241393,-0.7115628971093648,-0.5205937144999081,-0.13159888948471876,26.0,676.0,1394.0,,16.6,76.0,3,1,0.25
Richaun Holmes,Richaun Holmes,WAS,2023,12046020,0.08856,0.0442,-0.0444,6012128,-0.13346565061684118,-1.272200781058377,-1.12987147039173,,,348.0,0.5695,13.7,81.0,4,0,0.25
Isaiah Thomas,Isaiah Thomas,NOP,2020,110998,0.001017,0.0441,0.0431,4813074,-1.5318160346511371,-1.6933660600363203,-1.4824952468469967,,,925.0,0.4021,24.1,69.0,1,0,0.25
Noah Vonleh,Noah Vonleh,DEN,2019,2000000,0.018325,0.0441,0.0257,4813074,-0.3491503249464476,0.1390277674087855,-0.016279694598284333,,,1722.0,0.8293,14.8,82.0,0,0,0.25
Maxime Raynaud,Maxime Raynaud,SAC,2026,2150917,0.0140582810457516,0.0441,0.0301,6747300,-1.028705013214576,-1.1910297569593336,-1.064633636782482,23.0,529.0,1964.0,0.9024,18.2,85.0,0,1,0.25
Lindy Waters III,Lindy Waters III,,2024,2196970,0.0156270094175889,0.0441,0.0285,6199930,0.10362590748188652,-0.5718809156374585,-0.08612263256545592,,,280.0,0.4427,17.3,77.0,2,1,0.25
Ryan Kalkbrenner,Ryan Kalkbrenner,CHO,2026,2411090,0.0157587581699346,0.044,0.0282,6732000,0.4304590587979913,0.07660980805583424,0.22044012913924832,24.0,576.0,1479.0,0.8415,11.6,85.0,0,1,0.25
Landry Shamet,Landry Shamet,,2022,9500000,0.0768266548057094,0.044,-0.0328,5440820,-0.862322581112039,-0.4028575266216937,-0.24539169756673565,,,1437.0,0.7911,16.8,77.0,3,0,0.25
Keita Bates-Diop,Keita Bates-Diop,SAS,2022,1878720,0.015193,0.044,0.0288,5440820,-0.5575932736934622,-0.9337183842330528,-0.24918073842036928,,,957.0,0.5427,14.8,80.0,3,0,0.25
John Konchar,John Konchar,,2024,6165000,0.0438515378268415,0.0439,0.0,6171813,0.3431577279737367,,0.2260878486257326,,,1173.0,0.7744,9.7,77.0,4,1,0.25
John Konchar,John Konchar,,2022,2300000,0.018600137479277,0.0438,0.0252,5416089,0.25885128580536604,,0.6109315353544706,,,1292.0,0.6491,9.9,77.0,2,0,0.25
Jamal Shead,Jamal Shead,TOR,2026,2296271,0.0150083071895424,0.0437,0.0287,6686100,-0.2743913827674015,0.1506146936478022,-0.19280754620227614,24.0,576.0,1852.0,0.968,15.5,73.0,1,1,0.25
Naz Reid,Naz Reid,,2020,1517981,0.0139085669781931,0.0437,0.0298,4769418,-0.9153835657365008,0.15648716316487638,-0.16710818187767026,,,495.0,0.4167,24.0,81.0,0,0,0.25
Drew Eubanks,Drew Eubanks,,2022,1836090,0.0148484897497068,0.0437,0.0289,5403723,-0.7933272662248142,-0.6395063426653116,-0.5419702589284244,,,650.0,0.3928,18.0,82.0,2,0,0.25
Mo Bamba,Mo Bamba,,2019,5697600,0.0522045079714128,0.0437,-0.0085,4769418,-0.4610916505017972,-0.05767338687163944,-1.4534939987683924,,,766.0,0.5732,17.8,84.0,0,0,0.25
Gary Payton II,Gary Payton II,,2023,8715000,0.0640709890384573,0.0437,-0.0204,5944117,0.6009682368557205,0.03188026678428359,0.40742424184628795,,,255.0,0.3756,9.3,74.0,4,0,0.25
Pat Connaughton,Pat Connaughton,,2024,9423869,0.0670318163712407,0.0436,-0.0235,6129636,-0.4757068676611931,-0.3765857029281938,-0.2975544747116749,,,1676.0,0.8451,10.9,77.0,5,1,0.25
Moritz Wagner,Moritz Wagner,,2021,1729217,0.0153825769032326,0.0436,0.0282,4901250,-0.33391391550143695,-0.16846034086393455,0.45191969284740857,,,375.0,0.4448,18.3,83.0,2,0,0.25
Toumani Camara,Toumani Camara,,2024,1891857,0.0134567459527128,0.0436,0.0301,6129636,-0.002213734130791482,-0.6390136450062681,-0.24498694252971656,,,1739.0,0.8537,13.8,79.0,0,1,0.25
Thaddeus Young,Thaddeus Young,TOR,2022,8000000,0.064696,0.0435,-0.0212,5378992,0.028866902847949606,-0.07027000137120369,0.9953469528685764,,,475.0,0.5851,16.0,80.0,3,0,0.25
Bruce Brown,Bruce Brown,,2020,1663861,0.0152451988271944,0.0435,0.0283,4747590,-0.5081988156277504,-0.6083559964279261,-0.24090770331811448,,,1634.0,0.8419,16.0,76.0,1,0,0.25
Khem Birch,Khem Birch,SAS,2022,6667500,0.05392,0.0435,-0.0104,5378992,-0.09762450777862944,-0.18539645241945024,-0.7169550547144151,,,991.0,0.6443,11.2,80.0,3,0,0.25
Miles Bridges,Miles Bridges,,2019,3755400,0.0344090159428257,0.0435,0.0091,4747590,-0.11460659521142937,-0.13635384858380942,-0.09137313176556035,,,1696.0,0.9756,15.1,79.0,0,0,0.25
Matas Buzelis,Matas Buzelis,CHI,2025,5455560,0.0386349215341906,0.0434,0.0048,6128427,-0.4638477086731973,-0.31552235424093855,-0.4487106374103449,21.0,441.0,1511.0,0.9756,18.7,80.0,0,1,0.25
Garrison Mathews,Garrison Mathews,IND,2025,429325,0.0030403730666817,0.0434,0.0403,6128427,-0.34863134195870077,-0.22196341129408173,-0.5028438549855275,29.0,841.0,830.0,,15.9,77.0,4,1,0.25
Dyson Daniels,Dyson Daniels,,2024,6059520,0.0431012604205195,0.0433,0.0002,6087460,0.23731808636105872,0.5327576312493196,0.2667478182692362,,,1358.0,0.7348,12.6,79.0,1,1,0.25
Jakob Poeltl,Jakob Poeltl,,2019,3754886,0.0344043063954553,0.0432,0.0088,4714848,0.44510003256531866,0.8134317249416709,0.24503199706900805,,,1273.0,0.939,13.1,84.0,0,0,0.25
Cameron Payne,Cameron Payne,,2024,2087519,0.0148484863572993,0.0429,0.0281,6031225,-0.43671331548810116,-0.5596749648431295,-0.32572602510753096,,,702.0,,16.7,74.0,5,1,0.25
Frank Kaminsky,Frank Kaminsky,PHO,2021,2089448,0.018587,0.0428,0.0242,4811319,-0.7270180878038349,0.8702118383833918,-0.08268491862435741,,,715.0,0.5637,19.0,84.0,2,0,0.25
Tim Hardaway Jr.,Tim Hardaway Jr.,,2019,18150000,0.1663001649257834,0.0428,-0.1235,4671192,-0.38113356081940464,0.026627107819971244,,,,,,,77.0,0,0,0.25
Dalton Knecht,Dalton Knecht,LAL,2025,4010160,0.0283989575661435,0.0428,0.0144,6043702,-0.25645824858710353,-0.4569423373627137,-0.3968196241134243,25.0,625.0,1494.0,0.9512,18.5,78.0,0,1,0.25
Matisse Thybulle,Matisse Thybulle,,2023,10500000,0.0771939626969365,0.0427,-0.0345,5808096,0.2958956989825026,-0.09260019687342493,0.22867950370737047,,,609.0,0.5341,11.4,77.0,3,0,0.25
Omari Spellman,Omari Spellman,NYK,2020,1988280,0.018218,0.0426,0.0244,4649364,-0.6156503469064485,-0.7210073145074861,-0.7646567299284914,,,886.0,0.6357,18.8,80.0,1,0,0.25
John Konchar,John Konchar,,2021,2200000,0.0195705161278844,0.0425,0.0229,4777595,0.49722062022363317,,0.7357336794737366,,,575.0,0.4267,12.4,77.0,1,0,0.25
Jonathan Kuminga,Jonathan Kuminga,,2022,5739840,0.0464181796126319,0.0425,-0.0039,5255337,-0.7300815609115245,-0.47960849398719135,0.07461002543559773,,,1185.0,0.8537,22.7,79.0,0,0,0.25
Marvin Bagley III,Marvin Bagley III,,2020,8963640,0.0821297416162726,0.0425,-0.0396,4638450,-1.3960877846148867,-0.5549948457586608,-1.087488997727439,,,334.0,0.3964,25.8,82.0,1,0,0.25
Austin Rivers,Austin Rivers,MIN,2022,1836090,0.014848,0.0424,0.0276,5242972,-0.5748421024152685,-1.7523953694650283,-0.3476958006148444,,,1480.0,0.6743,12.6,76.0,3,0,0.25
Jabari Smith Jr.,Jabari Smith Jr.,,2024,9770880,0.0695000995817566,0.0424,-0.0271,5960931,-0.4924183900210895,-0.15687858863027113,,,,,,,83.0,1,1,0.25
Kent Bazemore,Kent Bazemore,GSW,2020,1620564,0.014848,0.0423,0.0274,4616622,-0.3046064405733752,-0.5431368122766018,-0.5387066532716249,,,1111.0,0.6797,15.9,76.0,1,0,0.25
Patty Mills,Patty Mills,LAC,2024,2087519,0.014848,0.0423,0.0274,5946872,-0.7542322403261352,-0.32776189975087777,-0.6283523705970365,,,213.0,0.4232,19.4,74.0,5,1,0.25
Dru Smith,Dru Smith,MIA,2026,2584539,0.0168924117647058,0.0422,0.0253,6456600,-0.3485861660900744,0.6173611658079311,1.0922662197194541,28.0,784.0,1141.0,0.5024,15.2,74.0,3,1,0.25
Marc Gasol,Marc Gasol,MEM,2021,2692991,0.023956,0.0422,0.0182,4743870,0.00864829179065274,0.29317173880154385,-0.0714694372648099,,,993.0,0.6297,11.8,83.0,2,0,0.25
Max Strus,Max Strus,,2021,1669178,0.0148484886224135,0.0421,0.0273,4732629,-0.11489873379010095,-0.7880191846254977,-0.35216801240237466,,,507.0,0.4756,18.3,77.0,0,0,0.25
Josh Christopher,Josh Christopher,HOU,2022,2372160,0.019184,0.0421,0.0229,5205875,-0.6495870268764289,-1.2727018234306677,-0.48582356264276216,,,1334.0,0.9024,21.1,76.0,0,0,0.25
Nickeil Alexander-Walker,Nickeil Alexander-Walker,,2023,4687500,0.0344615904897038,0.0421,0.0076,5726484,-0.545878525889895,-0.7861342086806579,0.15977408938664278,,,528.0,0.5146,18.4,77.0,3,0,0.25
Isaiah Roby,Isaiah Roby,OKC,2021,1782621,0.015858,0.0421,0.0262,4732629,-1.1987430945667128,-1.4743931978123275,-0.7553022590483335,,,1425.0,0.4806,17.7,78.0,1,0,0.25
Tristan Da Silva,Tristan da Silva,ORL,2026,3991200,0.0260862745098039,0.0421,0.016,6441300,-0.5649876174478704,-0.2626811425287283,0.032089147861138555,25.0,625.0,1899.0,0.9253,16.2,80.0,1,1,0.25
Jeff Green,Jeff Green,,2020,2564753,0.0234996609858896,0.042,0.0185,4583880,-0.49123278437321916,-0.7743684651767515,-1.0036111275440267,,,553.0,0.6126,19.7,80.0,1,0,0.25
Justin Jackson,Justin Jackson,BOS,2021,102831,0.000915,0.042,0.0411,4721388,-0.6708603489034924,-0.7272781215116189,-0.5774122630399543,,,544.0,0.5989,20.2,80.0,2,0,0.25
Garrett Temple,Garrett Temple,,2021,4910000,0.0436778337217784,0.042,-0.0017,4721388,-0.4181505238519509,-1.261799476913752,-0.049350015694591125,,,1528.0,0.7193,13.1,77.0,2,0,0.25
Denzel Valentine,Denzel Valentine,CHI,2019,3377569,0.030947,0.042,0.011,4583880,-0.38113356081940464,,,,,,,,76.0,0,0,0.25
Malik Monk,Malik Monk,,2020,5345687,0.0489800897929265,0.0419,-0.0071,4572966,-1.0341457845182198,-1.0293161850410188,-0.5845468846509316,,,1169.0,0.8113,22.9,75.0,1,0,0.25
Gerald Green,Gerald Green,DEN,2019,2564753,0.0235,0.0418,0.0183,4562052,-0.5996856726179444,-0.9849788284793569,-0.1900384998822055,,,1473.0,0.8902,19.5,78.0,0,0,0.25
P.J. Tucker,P.J. Tucker,MIL,2020,7969537,0.073021,0.0417,-0.0314,4551138,-0.21412094054920844,-0.3889823770098354,-0.05006929324965306,,,2467.0,1.0,8.7,77.0,1,0,0.25
Stanley Johnson,Stanley Johnson,SAS,2022,1245164,0.01007,0.0416,0.0315,5144048,-0.3506073290317875,-0.4987962358285658,-0.150321217966473,,,1094.0,0.5853,12.5,78.0,3,0,0.25
Delon Wright,Delon Wright,NYK,2024,2087519,0.014848,0.0416,0.0268,5848460,0.08691438512199,0.48393382807200347,0.4235791297513216,,,456.0,0.572,13.5,76.0,5,1,0.25
Jack White,Jack White,MEM,2023,62130,0.000457,0.0416,0.0411,5658473,-0.44418767993215574,-0.36527168869507204,,,,,,,79.0,0,0,0.25
Langston Galloway,Langston Galloway,PHO,2020,1620564,0.014848,0.0415,0.0266,4529310,-0.32722781557941694,-1.302050955128375,0.1989634531088502,,,1702.0,0.9388,15.9,73.0,1,0,0.25
Sam Merrill,Sam Merrill,,2022,850000,0.0068739638510371,0.0413,0.0345,5106951,-0.7415807800593954,-0.6522981705595612,-1.9945507389078,,,58.0,0.1829,19.6,76.0,1,0,0.25
Cason Wallace,Cason Wallace,,2024,5555880,0.0395188778558625,0.0413,0.0018,5806284,0.5047024441194031,-0.5413660386516359,0.39685972112844786,,,1692.0,1.0,12.9,75.0,0,1,0.25
Trendon Watford,Trendon Watford,PHI,2026,2801346,0.0183094509803921,0.0412,0.0229,6303600,-0.9545102298919034,-1.1318643800000516,-1.1626745393507518,25.0,625.0,864.0,0.6378,17.9,80.0,4,1,0.25
Didi Louzada,didi louzada,,2022,268032,0.0021675791516719,0.0412,0.0391,5094586,,-1.0552407492284241,-2.0465639360804073,,,122.0,0.0671,12.7,77.0,1,0,0.25
Jordan McLaughlin,Jordan McLaughlin,,2024,2087519,0.0148484863572993,0.0412,0.0264,5792225,0.7943688316909429,0.5693754836323067,1.1972802663962765,,,626.0,0.65,12.1,71.0,3,1,0.25
Grant Williams,Grant Williams,,2024,13025250,0.092648376817367,0.0411,-0.0516,5778166,-0.6372515838068594,-0.5596749648431295,-0.8932230299890029,,,1242.0,,13.6,79.0,4,1,0.25
Ivan Rabb,Ivan Rabb,MEM,2019,371758,0.003406,0.0411,0.0377,4485654,-0.09328443796279133,-0.41735549755584506,-0.14828250791475162,,,721.0,0.5976,17.2,82.0,0,0,0.25
JaVale McGee,JaVale McGee,,2020,4200000,0.0384826827927432,0.0411,0.0026,4485654,0.2213405283170941,0.6604535861523818,0.7305150722944282,,,1130.0,0.9333,14.8,84.0,1,0,0.25
Aron Baynes,Aron Baynes,PHO,2019,5453280,0.049966,0.0411,-0.0088,4485654,-0.002665269656079755,-0.2318944092343015,-0.6762937611806208,,,821.0,0.622,15.2,82.0,0,0,0.25
Frank Kaminsky,Frank Kaminsky,HOU,2022,1836090,0.014848,0.041,0.0262,5069855,-0.5058467875280436,-0.6459022566124364,1.253001730915665,,,181.0,0.3352,19.0,84.0,3,0,0.25
Justin Jackson,Justin Jackson,OKC,2022,1836090,0.014848,0.0409,0.0261,5057489,-0.8163257045205556,-0.6459022566124364,-2.1388787496053,,,35.0,0.3379,18.4,80.0,3,0,0.25
Joe Harris,Joe Harris,BRK,2022,18642857,0.150765,0.0408,-0.11,5045124,-0.04587802161321072,-1.624477090522532,-0.2360913245623621,,,423.0,0.5295,14.5,78.0,3,0,0.25
Marvin Bagley III,Marvin Bagley III,,2022,12500000,0.1010877036917229,0.0407,-0.0604,5032758,-1.195799936400293,-0.07027000137120369,-0.5681490866444389,,,663.0,0.3764,18.8,82.0,3,0,0.25
Brandon Williams,Brandon Williams,,2024,47989,0.000341344922753,0.0407,0.0403,5721931,-1.2221548664032378,-0.21790834260191633,-2.391833339706708,,,113.0,0.2073,26.0,73.0,0,1,0.25
Omer Yurtseven,Omer Yurtseven,MIA,2022,1752638,0.014174,0.0406,0.0265,5020393,-0.5230956162498499,0.6652601025481494,-0.23230228370872846,,,706.0,,19.9,83.0,1,0,0.25
Jaden Springer,Jaden Springer,BOS,2023,2226240,0.016367,0.0405,0.0241,5508850,-0.5119815772373152,-0.5134627168590108,0.8495104644188777,,,89.0,0.1311,20.8,76.0,1,0,0.25
A.J. Green,A.J. Green,MIL,2025,2301587,0.0162992677468698,0.0405,0.0242,5718924,-0.5905857120591435,,,26.0,676.0,,,,76.0,2,1,0.25
Isaac Bonga,Isaac Bonga,WAS,2019,1416852,0.012982,0.0404,0.0274,4409256,0.061301202089834306,-0.14759391454269086,-1.0207806949121156,,,120.0,0.2683,15.7,80.0,0,0,0.25
Lindy Waters III,Lindy Waters III,,2022,1927896,0.0155909263677166,0.0403,0.0247,4983296,-0.14362138437011274,0.10881558914829097,0.3922005406219824,,,465.0,0.3049,17.5,77.0,0,0,0.25
Joan Beringer,Joan Beringer,MIN,2026,4411200,0.0288313725490196,0.0402,0.0113,6150600,0.1893260129993043,0.20167188164998492,0.8382032356446906,19.0,361.0,314.0,0.4878,16.8,83.0,0,1,0.25
DeAndre Jordan,DeAndre Jordan,,2021,7875533,0.0700582934509936,0.0402,-0.0299,4519042,-0.3900716544017796,0.23850478199905298,-0.3418871544894561,,,1246.0,0.7028,13.1,83.0,2,0,0.25
Josh Green,Josh Green,,2022,3098400,0.0250568112894747,0.0402,0.0151,4970931,0.11511104645698077,-0.4028575266216937,0.44076915520037746,,,1039.0,0.689,13.9,78.0,1,0,0.25
Ish Smith,Ish Smith,WAS,2021,4500000,0.040031,0.04,-0.0001,4496560,-0.1935195682505805,0.4207279713406892,-0.1160198215541237,,,924.0,0.6882,15.8,72.0,2,0,0.25
Terence Davis,Terence Davis,SAC,2020,1517981,0.013909,0.0399,0.026,4354686,-0.01052856549483321,-0.3296922095995407,0.49643729503839396,,,1209.0,1.0,19.0,76.0,0,0,0.25
Sandro Mamukelashvili,Sandro Mamukelashvili,,2024,2087519,0.0148484863572993,0.0398,0.025,5595402,-0.336444181328722,0.7036409423699262,-0.32078874307939115,,,451.0,0.45,17.7,81.0,2,1,0.25
Justin Champagnie,Justin Champagnie,,2024,1800000,0.0128033687085668,0.0397,0.0269,5581343,-0.336444181328722,0.12385827963929678,-0.16395743159730572,,,235.0,0.1866,17.0,78.0,2,1,0.25
Ty Jerome,Ty Jerome,,2023,2439025,0.0179312385587519,0.0397,0.0217,5400033,-0.9978378412576252,-0.36527168869507204,,,,,,,77.0,3,0,0.25
Ty Jerome,Ty Jerome,,2021,2412840,0.0214638746063657,0.0397,0.0182,4462835,-0.6877076705735953,-0.8791307792963157,0.1861750928559072,,,788.0,0.413,18.8,77.0,1,0,0.25
Malcolm Hill,Malcolm Hill,NOP,2023,116075,0.000853,0.0397,0.0389,5400033,-0.4724351371426388,,,,,,,,78.0,0,0,0.25
Paul Reed,Paul Reed,,2022,1782621,0.0144160850754114,0.0396,0.0252,4896738,0.21860401878781816,0.8251579512262696,1.7004530099038577,,,302.0,0.4085,16.7,81.0,1,0,0.25
DeAndre' Bembry,DeAndre' Bembry,BRK,2021,1939350,0.017252,0.0396,0.0224,4451594,-0.17667224658047775,-0.58149957003831,-0.1054274224923288,,,972.0,0.6901,14.6,77.0,2,0,0.25
Matisse Thybulle,Matisse Thybulle,,2022,4379527,0.035417306214872,0.0396,0.0042,4896738,0.15535831347452864,0.19196247046091347,1.080428142945623,,,1685.0,0.8208,9.5,77.0,2,0,0.25
Dereck Lively II,Dereck Lively II,DAL,2026,7239131,0.0473145816993464,0.0394,-0.0079,6028200,0.3191668838139819,0.2521260210252842,-0.25746534574550783,22.0,484.0,115.0,0.3085,11.8,85.0,2,1,0.25
Ziaire Williams,Ziaire Williams,,2022,4591680,0.0371329909829768,0.0394,0.0022,4872007,-0.23561513755307928,-1.2087426839594195,-0.3380509693510496,,,1346.0,0.7561,14.9,81.0,0,0,0.25
Patrick Baldwin Jr.,Patrick Baldwin Jr.,PHI,2025,131970,0.0009345787774063,0.0394,0.0385,5563595,-0.06635124350818418,0.15135200779422078,0.09069964896011413,23.0,529.0,101.0,0.3488,16.5,84.0,2,1,0.25
Furkan Korkmaz,Furkan Korkmaz,IND,2023,5370370,0.039482,0.0394,-0.0001,5359227,-0.7831571664579533,-1.3018389866911648,-0.8230945597690841,,,353.0,0.6049,19.1,79.0,4,0,0.25
Gabe Vincent,Gabe Vincent,ATL,2025,11500000,0.0814401450342756,0.0393,-0.0421,5549474,-0.9247131755311836,-1.1880915251930175,-0.9858787195025419,30.0,900.0,1527.0,0.6451,13.5,74.0,4,1,0.25
Michael Porter Jr.,Michael Porter Jr.,,2019,3389400,0.0310555250137438,0.0393,0.0083,4289202,-0.5570413581206684,,,,,,,,82.0,0,0,0.25
Delon Wright,Delon Wright,SAC,2020,9000000,0.082463,0.0393,-0.0432,4289202,-0.15756750303410422,0.46479603369840916,0.7558734981638321,,,1570.0,0.8578,14.4,76.0,1,0,0.25
Josh Green,Josh Green,CHO,2026,14679012,0.0959412549019607,0.0392,-0.0567,5997600,0.14604572272774505,-0.48654063802866254,0.40597990174156545,25.0,625.0,908.0,0.7415,10.6,78.0,5,1,0.25
Jett Howard,Jett Howard,,2024,5278320,0.0375445984010015,0.0392,0.0017,5511049,-0.6372515838068594,-0.004304203701158134,-0.8333947889421334,,,67.0,0.2195,22.7,80.0,0,1,0.25
Shaquille Harrison,Shaquille Harrison,UTA,2020,770433,0.007059,0.0391,0.032,4267374,0.3853454971108964,0.8264660549012073,1.7090902244342387,,,484.0,0.7071,18.1,76.0,1,0,0.25
Keldon Johnson,Keldon Johnson,,2020,2048040,0.0187652556349642,0.0391,0.0203,4267374,0.07995693452933354,-0.14589269062762697,1.4928933884963738,,,301.0,0.2361,17.4,78.0,0,0,0.25
Mike Muscala,Mike Muscala,OKC,2020,2283034,0.020918,0.0391,0.0182,4267374,-0.15191215928259377,0.00826174463913943,-0.6066542302806682,,,572.0,0.6229,16.6,82.0,1,0,0.25
JaVale McGee,JaVale McGee,,2024,2208856,0.0157115543289612,0.0391,0.0234,5496990,-1.316853493109318,0.1299612550364613,-0.3605774276591054,,,339.0,0.6146,23.4,84.0,5,1,0.25
Jae'Sean Tate,Jae'Sean Tate,,2024,7565217,0.0538112570062878,0.039,-0.0148,5482932,0.18161301182807033,-0.6573225711977617,0.14302533921114666,,,1031.0,,11.7,76.0,3,1,0.25
Rodney McGruder,Rodney McGruder,DET,2022,1836090,0.014848,0.0389,0.0241,4810179,-0.40235381519720625,-0.6203186008239371,-0.06868461048363872,,,754.0,0.5251,14.8,76.0,3,0,0.25
Cam Christie,Cam Christie,LAC,2025,1955377,0.0138474944762336,0.0388,0.0249,5478870,-0.5905857120591435,0.03071993621211669,-0.49675787194453075,20.0,400.0,59.0,0.1585,20.5,77.0,0,1,0.25
Jaden Springer,Jaden Springer,NOP,2025,70732,0.0005009064642229,0.0387,0.0382,5464749,-0.2103717019013049,-0.08357313568726046,-0.7225798742552039,23.0,529.0,224.0,0.2598,14.1,76.0,3,1,0.25
T.J. McConnell,T.J. McConnell,,2020,3500000,0.032068902327286,0.0387,0.0066,4223718,-0.14625681553108336,0.4292219332522323,0.5390264461780334,,,1326.0,0.9639,17.5,73.0,1,0,0.25
Raul Neto,Raul Neto,PHI,2019,1737145,0.015917,0.0387,0.0228,4223718,-0.10394551658711035,-0.3555351347819972,0.3861268408945177,,,474.0,0.4512,19.0,74.0,0,0,0.25
Eric Gordon,Eric Gordon,MEM,2025,2296274,0.016261642399864,0.0386,0.0223,5450628,-0.8671049921739352,-1.0957095966969883,-0.5028438549855275,37.0,1369.0,768.0,,14.4,75.0,6,1,0.25
P.J. Washington,P.J. Washington,,2020,4023600,0.036866410115448,0.0385,0.0017,4201890,-0.9493156282455634,-1.4917794908413182,-0.001303089654645892,,,1759.0,0.8056,18.6,79.0,0,0,0.25
Markieff Morris,Markieff Morris,MIA,2021,2641691,0.0235,0.0385,0.015,4327939,-0.8842597567247942,-1.2678735832251398,-0.6038932606944417,,,1200.0,0.6382,16.4,81.0,2,0,0.25
Tari Eason,Tari Eason,,2024,3695160,0.0262836088428599,0.0385,0.0122,5412638,-0.04120728630388338,0.3008445661570679,1.231550812238658,,,480.0,0.5427,19.8,80.0,1,1,0.25
Jalen Hood-Schifino,Jalen Hood-Schifino,UTA,2024,3879840,0.027597,0.0384,0.0108,5398579,-1.3669880601890079,-0.6207047188147747,-3.6955662234901925,,,109.0,0.2561,24.9,77.0,0,1,0.25
Jarace Walker,Jarace Walker,IND,2025,6665520,0.0472035578720752,0.0384,-0.0088,5422387,-0.5905857120591435,-0.24123920123336415,-0.6979156271943219,22.0,484.0,1187.0,0.7226,17.1,79.0,1,1,0.25
Stanley Umude,Stanley Umude,DET,2023,538460,0.003959,0.0384,0.0345,5223206,-0.9469924182787556,0.1622883715685496,11.836399184146002,,,2.0,0.0122,40.0,78.0,0,0,0.25
Collin Gillespie,Collin Gillespie,PHO,2025,2296274,0.016261642399864,0.0384,0.0221,5422387,0.1813639449279834,0.9491095698577223,0.28833394034406495,27.0,729.0,461.0,0.4024,17.7,73.0,0,1,0.25
Will Riley,Will Riley,WAS,2026,3688320,0.0241066666666666,0.0383,0.0142,5859900,-1.2080090729110358,-2.3205674329785544,-1.2849621167477334,20.0,400.0,1633.0,0.9024,20.2,81.0,0,1,0.25
Davion Mitchell,Davion Mitchell,,2022,4833600,0.0390894019651449,0.0381,-0.001,4711255,-1.3740378331922907,-1.5285383813156599,-0.8123699925740991,,,2076.0,0.9146,20.6,72.0,0,0,0.25
Miye Oni,Miye Oni,UTA,2020,1517981,0.013909,0.0381,0.0242,4158234,0.017748153262718898,-0.35933729330468817,-0.5702421315963963,,,109.0,0.1389,15.3,77.0,0,0,0.25
Markieff Morris,Markieff Morris,DAL,2022,1836090,0.014848,0.0381,0.0233,4711255,-1.0348108683301012,-1.125595802646797,-0.8364820707335859,,,298.0,0.4491,20.6,81.0,3,0,0.25
Jae'Sean Tate,Jae'Sean Tate,HOU,2025,2296274,0.016261642399864,0.038,0.0217,5365904,0.26777621996385587,-0.7237785712409682,0.46482744853297403,30.0,900.0,588.0,,13.3,76.0,4,1,0.25
Haywood Highsmith,Haywood Highsmith,,2023,1902137,0.0139841421545202,0.0379,0.0239,5155195,-0.13346565061684118,-0.8454106199462335,-0.578400745217589,,,969.0,0.4985,12.5,77.0,1,0,0.25
Lindy Waters III,Lindy Waters III,SAS,2025,2296274,0.016261642399864,0.0378,0.0215,5337662,-0.33134888695152626,-0.5541540795009303,-0.8071430070353709,28.0,784.0,655.0,0.4707,14.6,77.0,3,1,0.25
AJ Griffin,AJ Griffin,ATL,2023,3712920,0.027297,0.0377,0.0104,5127991,-0.4046412398374793,-0.7683512853009853,0.05652967320971079,,,1401.0,0.878,17.9,78.0,0,0,0.25
Monte Morris,Monte Morris,,2024,2087519,0.0148484863572993,0.0377,0.0228,5300167,0.03120931058900157,0.20319695980243555,0.6840933638243414,,,408.0,0.5744,14.3,74.0,5,1,0.25
Rodions Kurucs,Rodions Kurucs,BRK,2019,1699236,0.015569,0.0376,0.0221,4103664,-0.6423299871152204,-0.3948753656380822,-0.2725402582049976,,,1294.0,0.7683,18.4,81.0,0,0,0.25
Desmond Bane,Desmond Bane,,2021,2033160,0.0180863593502588,0.0375,0.0194,4215525,-0.3788401066217111,-0.4843138690561041,0.031027600715499568,,,1519.0,0.8293,16.1,78.0,0,0,0.25
Rui Hachimura,Rui Hachimura,,2022,6263188,0.0506505034167643,0.0375,-0.0131,4637062,-1.2015495459742283,-0.6395063426653116,-0.2526253210145817,,,943.0,0.598,20.9,80.0,2,0,0.25
Maxi Kleber,Maxi Kleber,,2019,8000000,0.0733003481766538,0.0374,-0.0359,4081836,0.013326348280398744,0.5605302408668389,0.5164459448574586,,,1502.0,0.8659,13.5,82.0,0,0,0.25
Denzel Valentine,Denzel Valentine,CHI,2020,4642800,0.04254,0.0374,-0.0052,4081836,-0.6269610344094694,-0.6083559964279261,-0.009105682229847046,,,488.0,,23.3,76.0,1,0,0.25
Wayne Ellington,Wayne Ellington,DET,2020,2564753,0.0235,0.0374,0.0139,4081836,-0.11798009677353127,-0.3119051593764523,-0.5289534125526235,,,558.0,0.4405,15.0,76.0,1,0,0.25
Jalen McDaniels,Jalen McDaniels,CHO,2021,1782621,0.015858,0.0374,0.0215,4204283,-0.8337177917144859,-0.6422406331521888,-0.7493829772196834,,,904.0,0.4416,17.0,81.0,1,0,0.25
JaVale McGee,JaVale McGee,,2023,2348324,0.0172644224053638,0.0373,0.0201,5073583,-1.4215496994148722,-0.36527168869507204,-0.9659084217935627,,,355.0,0.6073,22.8,84.0,4,0,0.25
Tre Mann,Tre Mann,,2024,4908373,0.034913171821208,0.0373,0.0024,5243932,-0.5369824496474803,-0.29114404736789057,0.028015710790950662,,,868.0,0.5622,18.2,76.0,2,1,0.25
Hamidou Diallo,Hamidou Diallo,DET,2021,5200000,0.046258,0.0372,-0.0091,4181800,-1.1875115467866442,-1.304318221093467,0.3413225849963148,,,761.0,0.5112,22.5,77.0,2,0,0.25
Ricky Rubio,Ricky Rubio,,2023,3695311,0.0271672094750075,0.0371,0.0099,5046379,-0.8735490295314995,0.18599893607477982,-0.32893130789138986,,,566.0,0.4915,17.7,74.0,4,0,0.25
Tre Jones,Tre Jones,,2022,1782621,0.0144160850754114,0.037,0.0226,4575235,-0.22986552797914386,0.33267257729765926,0.1896590840822924,,,1148.0,0.6951,15.6,73.0,1,0,0.25
Jaylen Wells,Jaylen Wells,MEM,2025,1955377,0.0138474944762336,0.037,0.0231,5224696,-0.6827588054307406,-0.7081362376966054,-0.18573210705990142,22.0,484.0,2043.0,0.9634,15.9,79.0,0,1,0.25
Ziaire Williams,Ziaire Williams,,2024,6133005,0.0436239579480467,0.037,-0.0067,5201756,-1.0717511651641691,-1.2248992831340622,-0.7645632689027737,,,1038.0,0.5976,19.7,81.0,2,1,0.25
Kel'el Ware,Kel'el Ware,MIA,2025,4443360,0.031466772420826,0.0369,0.0054,5210575,-0.5675424387162441,0.5953557877006779,0.0772464232905421,22.0,484.0,1422.0,0.7805,17.2,84.0,0,1,0.25
Craig Porter Jr.,craig porter jr.,,2024,1891857,0.0134567459527128,0.0369,0.0235,5187697,,-0.2728351211763971,-0.3361814458730033,,,649.0,0.622,20.2,73.0,0,1,0.25
Mark Williams,Mark Williams,,2023,3908160,0.028732034024158,0.0369,0.0082,5019174,-0.393342256953286,-0.06888963236719474,0.12156910718901155,,,828.0,0.5244,17.0,85.0,0,0,0.25
Frank Ntilikina,Frank Ntilikina,CHO,2023,2019706,0.014848,0.0369,0.0221,5019174,-0.3142493767639333,-0.8217000554400032,-0.7446378998989486,,,607.0,0.5793,13.1,76.0,4,0,0.25
Mike Scott,Mike Scott,PHI,2020,5005350,0.045862,0.0368,-0.0091,4016352,-0.0557713155069166,0.026048794862227876,-0.07607793516699021,,,1207.0,0.8281,14.0,79.0,1,0,0.25
JaMychal Green,JaMychal Green,DEN,2020,7199760,0.065968,0.0367,-0.0292,4005438,-0.25370834680978144,-0.09253153995836166,0.12808990388410643,,,1307.0,0.7344,13.7,81.0,1,0,0.25
Alex Len,Alex Len,SAC,2023,2019706,0.014848,0.0367,0.0219,4991970,-0.39899174839538265,-0.16965953151867305,-0.9229278168212276,,,161.0,0.4402,14.1,84.0,4,0,0.25
Corey Kispert,Corey Kispert,ATL,2026,13975000,0.0913398692810457,0.0367,-0.0546,5615100,-1.05961950626569,-0.32215016761326337,-1.3060461818161786,27.0,729.0,710.0,0.6561,19.6,78.0,4,1,0.25
James Johnson,James Johnson,IND,2022,1836090,0.014848,0.0366,0.0218,4525773,-0.9543163342950056,-0.6011308589825627,-0.6776868131403937,,,1191.0,0.4974,13.7,79.0,3,0,0.25
Sterling Brown,Sterling Brown,DAL,2021,3000000,0.026687,0.0365,0.0098,4103110,-0.3900716544017796,-1.1706878822429339,-0.10231201100356559,,,1229.0,0.6691,13.5,77.0,2,0,0.25
Darius Bazley,Darius Bazley,OKC,2021,2513040,0.022355,0.0365,0.0142,4103110,-1.9400252480512348,-1.3164664337162428,-1.2808721772026859,,,1714.0,0.7369,22.1,81.0,1,0,0.25
Charles Bassey,Charles Bassey,PHI,2025,263940,0.0018691575548127,0.0365,0.0346,5154092,-0.2506974302513787,0.48135604739187887,-0.6665247672986538,25.0,625.0,376.0,,17.5,82.0,3,1,0.25
Nic Claxton,nic claxton,,2021,1782621,0.0158576422865479,0.0364,0.0205,4091869,,0.8216189878922888,0.766264712063616,,,594.0,0.322,14.0,83.0,1,0,0.25
Gorgui Dieng,Gorgui Dieng,SAS,2022,1836090,0.014848,0.0364,0.0215,4501042,-0.6323381981546227,0.27510935177353596,-0.5657378788284901,,,371.0,0.4766,16.9,82.0,3,0,0.25
Ja'Kobe Walter,Ja'Kobe Walter,TOR,2025,3638160,0.0257645459180782,0.0364,0.0107,5139971,-0.5617816203805193,-1.0916284285070725,-0.3257097170028293,21.0,441.0,1103.0,0.6341,18.2,76.0,0,1,0.25
Jae Crowder,Jae Crowder,SAC,2024,1655619,0.011776,0.0363,0.0246,5103344,-0.7375207179662386,-0.4742333092828261,-0.580722120443218,,,1156.0,0.5341,11.5,78.0,5,1,0.25
Tre Mann,Tre Mann,,2023,3191400,0.023462553576286,0.0363,0.0129,4937562,-0.9921883498155286,-1.04695041824919,-0.7400896877325639,,,1183.0,0.7851,20.7,76.0,1,0,0.25
Ish Wainright,Ish Wainright,POR,2023,1927896,0.014174,0.0363,0.0221,4937562,0.26764824177201946,-0.2526465072904787,0.062442349026010854,,,915.0,0.6631,12.2,77.0,1,0,0.25
Jaylen Nowell,Jaylen Nowell,DET,2023,116075,0.000853,0.0361,0.0353,4910358,-1.0599822471206883,-0.7564960030478702,,,,,,,76.0,3,0,0.25
Mark Williams,Mark Williams,,2024,4094280,0.0291225424645062,0.0361,0.007,5075226,-0.264027584435837,1.051510540008304,0.7863241446422933,,,508.0,0.3415,17.1,85.0,1,1,0.25
David Nwaba,David Nwaba,HOU,2020,1824003,0.016713,0.0361,0.0194,3939954,0.41927755961995894,-0.25854400870718697,0.8797396552951502,,,268.0,0.4068,14.2,77.0,1,0,0.25
Maxi Kleber,Maxi Kleber,,2021,8750000,0.0778372800540857,0.036,-0.0418,4046903,-0.01943057765951854,-0.40535048700806164,0.23041393599634466,,,1341.0,0.7864,10.6,82.0,2,0,0.25
Seth Curry,Seth Curry,,2019,7461380,0.0683652189847901,0.0359,-0.0325,3918126,-0.14125929177222693,-0.5915765199185071,0.13525414721908882,,,1399.0,0.9024,16.6,73.0,0,0,0.25
JD Davison,JD Davison,,2024,11997,8.533445244259823e-05,0.0359,0.0359,5047109,0.2707411310808518,-0.5169541370629778,1.2062835453887664,,,39.0,0.0976,17.6,73.0,0,1,0.25
Kyshawn George,Kyshawn George,WAS,2025,2966760,0.021009857798425,0.0358,0.0148,5055246,-0.774931898802338,-1.704018238809122,-0.7280252275024117,22.0,484.0,1802.0,0.8293,15.9,80.0,0,1,0.25
Trayce Jackson-Davis,Trayce Jackson-Davis,TOR,2025,2221677,0.0157333649651577,0.0358,0.02,5055246,-0.17580679188695592,0.31160792948759497,-0.23762312035682204,26.0,676.0,967.0,0.7835,17.1,81.0,1,1,0.25
Grayson Allen,Grayson Allen,,2019,2277563,0.020868270111783,0.0358,0.0149,3907212,-1.1913755362676492,-1.5807023243000724,-1.9293102620749438,,,416.0,0.4634,24.4,75.0,0,0,0.25
Usman Garuba,Usman Garuba,GSW,2023,11608,8.5e-05,0.0358,0.0357,4869551,0.28459671609830933,-0.5964496926308165,-0.522912556787696,,,970.0,0.6814,10.5,80.0,1,0,0.25
Troy Williams,Troy Williams,HOU,2019,122741,0.001125,0.0357,0.0345,3896298,-0.11993713452358888,-0.7545574763222879,-0.8817063023108377,,,312.0,0.2561,15.0,79.0,0,0,0.25
Kobe Bufkin,Kobe Bufkin,BRK,2025,4503720,0.0318942269559798,0.0357,0.0038,5041125,-0.9880821772241566,0.08933799723273408,-1.4496946902058818,22.0,484.0,124.0,0.154,20.8,76.0,1,1,0.25
Sam Merrill,Sam Merrill,,2023,1997238,0.0146833062541813,0.0357,0.021,4855949,-0.33684734253231985,-0.2052253782780183,0.9488889002543827,,,59.0,0.1256,17.3,76.0,2,0,0.25
Jared Butler,Jared Butler,PHI,2024,745726,0.005304,0.0356,0.0303,5004932,-0.2807391067957336,0.03841662407899351,0.10904522172336145,,,566.0,,19.9,75.0,2,1,0.25
Maurice Harkless,Maurice Harkless,SAC,2021,4347600,0.038675,0.0356,-0.003,4001938,-0.025046351549552804,-1.0917245001948914,-0.27116731369453134,,,648.0,0.5132,12.6,79.0,2,0,0.25
Nick Richards,Nick Richards,CHI,2025,5000000,0.0354087587105546,0.0356,0.0002,5027004,-0.8959090838525594,-0.17907438817661062,-1.2270758368641546,28.0,784.0,816.0,,17.0,83.0,4,1,0.25
Ochai Agbaji,Ochai Agbaji,BRK,2025,6383525,0.0452065392895586,0.0356,-0.0096,5027004,-0.7691710804666132,-1.342014054046124,-0.03134032675671775,26.0,676.0,1739.0,0.7207,14.6,77.0,2,1,0.25
Nic Claxton,nic claxton,,2020,1517981,0.0139085669781931,0.0356,0.0217,3885384,,-0.519420745312484,-0.9834544300580902,,,187.0,0.2083,14.8,83.0,0,0,0.25
Aaron Holiday,Aaron Holiday,,2019,2239200,0.0205167674546454,0.0356,0.0151,3885384,-0.5517108188085088,-0.9231584657055091,-0.2856731911625032,,,646.0,0.6098,21.9,72.0,0,0,0.25
Bilal Coulibaly,Bilal Coulibaly,WAS,2025,7275600,0.0515239929749022,0.0355,-0.016,5012884,-1.5007950091036664,-2.1368293337558906,-0.6114306050327873,21.0,441.0,1948.0,0.7378,17.9,79.0,1,1,0.25
Precious Achiuwa,Precious Achiuwa,,2024,6000000,0.0426778956952229,0.0354,-0.0073,4976815,-0.4757068676611931,-0.4803362846799906,-0.07537678344538713,,,1187.0,0.678,14.0,80.0,3,1,0.25
Andrew Nembhard,Andrew Nembhard,,2024,2019699,0.014366083876291,0.0353,0.021,4962756,-0.5704054943672734,-0.6268076942119392,-0.37364670361594593,,,1697.0,0.8613,16.0,76.0,1,1,0.25
Alec Burks,Alec Burks,PHI,2019,2320044,0.021258,0.0352,0.0139,3841728,-0.9248485706596741,-0.38363529967920074,-0.21327368896086946,,,979.0,0.4146,19.2,77.0,0,0,0.25
Wenyen Gabriel,Wenyen Gabriel,POR,2019,1445697,0.013246,0.0352,0.0219,3841728,-0.6369994478030608,,,,,,,,81.0,0,0,0.25
Thomas Sorber,Thomas Sorber,OKC,2026,4887720,0.0319458823529411,0.0351,0.0031,5370300,-0.6453652993807661,,,20.0,400.0,,,,,0,1,0.25
Eric Paschall,Eric Paschall,UTA,2021,1782621,0.015858,0.0351,0.0192,3945731,-1.18189577289661,-0.7819450783141099,-0.7587292116859731,,,695.0,0.6174,23.5,78.0,1,0,0.25
Kevin Huerter,Kevin Huerter,,2019,2636280,0.0241550302363936,0.035,0.0108,3819900,-0.796915627167846,-0.4285955635147265,-0.04389252799611676,,,2048.0,0.9146,15.7,78.0,0,0,0.25
Josh Okogie,Josh Okogie,,2022,1836090,0.0148484897497068,0.0349,0.0201,4315559,0.27610011452717226,-0.4987962358285658,-0.2440138645290507,,,516.0,0.6869,12.1,76.0,3,0,0.25
Skylar Mays,Skylar Mays,ATL,2021,34231,0.000305,0.0348,0.0345,3912007,-0.013814803769484279,0.2506529946218287,1.001478279465238,,,269.0,0.4024,19.1,76.0,0,0,0.25
Kevin Knox,Kevin Knox,ATL,2021,5845978,0.052004,0.0346,-0.0174,3889524,,,-0.7113749570567722,,,464.0,0.7099,16.2,80.0,2,0,0.25
Pat Connaughton,Pat Connaughton,CHO,2026,3815861,0.0249402679738562,0.0346,0.0097,5293800,-1.2760209576234858,-0.2628528375125704,-0.2525457305628706,33.0,1089.0,297.0,0.5915,14.9,77.0,7,1,0.3
Bismack Biyombo,Bismack Biyombo,,2020,3500000,0.032068902327286,0.0346,0.0026,3776244,-0.5590969093913443,-0.27633105893027543,-0.5517109742302935,,,1029.0,0.707,16.8,80.0,1,0,0.25
Alex Caruso,Alex Caruso,,2019,2750000,0.0251969946857247,0.0346,0.0094,3776244,-0.5517108188085088,-0.023953188994995166,0.27399179794966155,,,531.0,0.3049,19.0,77.0,0,0,0.25
Sandro Mamukelashvili,Sandro Mamukelashvili,,2023,2019706,0.0148484866307408,0.0345,0.0196,4692724,-0.9808893669313354,-0.06888963236719474,-0.6152412637653047,,,443.0,0.3323,20.1,81.0,1,0,0.25
Patty Mills,Patty Mills,ATL,2023,6802950,0.050014,0.0343,-0.0157,4665520,-0.9865388583734319,-1.2366349342990317,-1.0423183861888252,,,567.0,0.7061,19.7,74.0,4,0,0.25
Drew Eubanks,Drew Eubanks,,2021,1762796,0.0156812852491682,0.0343,0.0186,3855800,-0.620318383893184,0.2324306756876651,-0.42538018238830994,,,755.0,0.5262,17.1,82.0,1,0,0.25
Killian Hayes,Killian Hayes,,2021,5572680,0.0495728290070631,0.0341,-0.0154,3833317,-1.0078067823055479,-1.7234315565792302,-1.7643840402587356,,,670.0,0.3171,19.0,76.0,0,0,0.25
David Nwaba,David Nwaba,BRK,2019,1678854,0.015383,0.034,0.0187,3710760,-0.03464850552903678,-0.018333156015554446,0.0588137425689917,,,984.0,0.622,14.6,77.0,0,0,0.25
Matthew Dellavedova,Matthew Dellavedova,CLE,2019,9607500,0.088029,0.034,-0.0541,3710760,-0.6263383691787419,-0.6028165858773886,-0.8116639932041407,,,715.0,0.439,18.4,75.0,0,0,0.25
Nae'Qwan Tomlin,Nae'Qwan Tomlin,CLE,2026,2411090,0.0157587581699346,0.0339,0.0181,5186700,-0.41659805080252454,-0.034271788172593194,-0.024135025654715106,25.0,625.0,1004.0,0.5107,15.5,80.0,1,1,0.25
Jaylin Williams,Jaylin Williams,,2024,2019699,0.014366083876291,0.0338,0.0195,4751874,0.23731808636105872,0.5083457296606616,-0.2807096301450805,,,897.0,0.75,13.5,81.0,1,1,0.25
Landry Shamet,Landry Shamet,,2020,2090040,0.0191500824628917,0.0337,0.0146,3678018,-0.4064026281005628,-0.47791762812527766,0.04226138555689385,,,1452.0,0.707,13.4,77.0,1,0,0.25
Killian Tillie,Killian Tillie,MEM,2022,1901625,0.015378,0.0337,0.0184,4167173,-0.1551206035179835,-0.9337183842330528,-1.1471834207315459,,,461.0,0.3567,12.8,81.0,1,0,0.25
John Konchar,John Konchar,UTA,2026,6165000,0.0402941176470588,0.0337,-0.0066,5156100,-0.15691630917316934,0.13805525640985947,0.7714370295946144,30.0,900.0,680.0,0.461,9.8,77.0,6,1,0.25
PJ Dozier,PJ Dozier,DEN,2020,1762796,0.016152,0.0337,0.0175,3678018,-1.051111815772751,-0.5727818959817492,-0.4905906657245511,,,412.0,0.2792,20.8,78.0,1,0,0.25
Shaquille Harrison,Shaquille Harrison,CHI,2019,898310,0.008231,0.0335,0.0253,3656190,-0.2745227745762146,-0.8107578061166949,0.21169455186918595,,,1430.0,0.8902,16.5,76.0,0,0,0.25
Doug McDermott,Doug McDermott,,2019,7333334,0.0671919919369617,0.0333,-0.0339,3634362,-0.22121738145461944,-0.9681187295410348,-0.1944161442013741,,,1340.0,0.939,16.3,79.0,0,0,0.25
Shaedon Sharpe,Shaedon Sharpe,,2024,6614160,0.0470464050985859,0.0333,-0.0137,4681580,-1.1998728365900424,-1.0235010950276329,-0.5145044555952264,,,1059.0,0.6098,22.4,77.0,1,1,0.25
Ousmane Dieng,Ousmane Dieng,MIL,2025,6670882,0.0472415302249164,0.0332,-0.014,4688105,-0.37167461530160006,-0.7856594435187108,-0.8100258411074219,23.0,529.0,405.0,0.4415,15.7,81.0,2,1,0.25
Jared Butler,Jared Butler,WAS,2023,1250000,0.00919,0.0332,0.024,4515897,-0.7492602178053736,-0.4778968700996654,,,,,,,75.0,1,0,0.25
Pat Connaughton,Pat Connaughton,CHO,2025,10739683,0.0760557687949691,0.0331,-0.043,4673984,-0.8152576271524119,-0.3035689349158209,-0.5095704678203137,33.0,1089.0,603.0,0.6768,15.6,77.0,6,1,0.25
Obi Toppin,Obi Toppin,,2021,5105160,0.0454139164161047,0.0331,-0.0123,3720903,0.18835305627174898,-0.6726111647091281,-0.03439604054852776,,,683.0,0.7561,15.9,81.0,0,0,0.25
Rodney McGruder,Rodney McGruder,LAC,2019,4807693,0.044051,0.0331,-0.0109,3612533,-0.4930748863747542,-0.7264573114250843,-0.36783820761458996,,,1550.0,0.8049,15.4,76.0,0,0,0.25
Jake Layman,Jake Layman,MIN,2020,3761085,0.034461,0.0331,-0.0014,3612533,-0.4064026281005628,-0.9522389674076357,-0.2851223945775876,,,505.0,0.5243,17.7,80.0,1,0,0.25
Kyle Lowry,Kyle Lowry,,2024,2087519,0.0148484863572993,0.0329,0.018,4625345,-0.5425529571007791,0.007901747093170883,-0.14159444829337875,,,1037.0,,13.5,72.0,5,1,0.25
Jake LaRavia,Jake LaRavia,LAL,2025,6000000,0.0424905104526655,0.0329,-0.0096,4645743,-0.3889570703087746,-0.28365610516210277,0.600961279713167,24.0,576.0,982.0,0.5,14.5,79.0,2,1,0.25
Jock Landale,Jock Landale,ATL,2025,2296274,0.016261642399864,0.0328,0.0165,4631622,-0.16428515521550624,-0.6327620512207042,-0.34877238957923845,30.0,900.0,500.0,,15.7,83.0,3,1,0.25
Patrick Williams,Patrick Williams,CHI,2026,18000000,0.1176470588235294,0.0328,-0.0848,5018400,-1.640811975626628,-1.4641612335289913,-1.6103595209707366,24.0,576.0,1474.0,0.7744,16.6,78.0,5,1,0.25
Josh Richardson,Josh Richardson,UTA,2024,3051153,0.021703,0.0327,0.011,4597227,-1.3335650154692147,-0.5352630632544714,-0.2528285081038208,,,1103.0,0.5232,16.5,77.0,5,1,0.25
Gary Trent Jr.,Gary Trent Jr.,,2021,16000000,0.142331026384614,0.0326,-0.1098,3664696,-0.9741121389653422,-1.3893557094528972,,,,,,,77.0,2,0,0.25
Terance Mann,Terance Mann,BRK,2026,15500000,0.1013071895424836,0.0326,-0.0687,4987800,-1.3749473353870498,-1.5573161524495962,-0.7114755468860262,29.0,841.0,1529.0,0.7024,13.5,78.0,6,1,0.25
Josh Minott,Josh Minott,,2023,1719864,0.0126441064247432,0.0326,0.0199,4434284,-0.33684734253231985,-0.25857414841703624,0.5898075497183132,,,96.0,0.1829,18.9,80.0,0,0,0.25
Dalen Terry,Dalen Terry,CHI,2024,3510480,0.02497,0.0326,0.0077,4583168,0.31530519070724256,0.10554935344780322,-0.24208265898375203,,,681.0,0.6235,13.4,78.0,1,1,0.25
Zeke Nnaji,Zeke Nnaji,,2023,4306281,0.0316589423691929,0.0325,0.0008,4420682,-0.5289300515636051,-1.467812938234776,-0.6384371458138666,,,728.0,0.5756,15.2,82.0,2,0,0.25
Mo Bamba,Mo Bamba,TOR,2025,194771,0.0013793198685626,0.0325,0.0311,4589260,-1.1148201806101028,0.7757330559889885,-1.0012538345534814,28.0,784.0,352.0,0.4768,16.5,84.0,6,1,0.25
Jalen McDaniels,Jalen McDaniels,PHI,2022,1930681,0.015613,0.0325,0.0169,4018787,-0.6323381981546227,-0.8953429005503039,-0.1058861025011328,,,895.0,0.5518,15.3,81.0,2,0,0.25
Wenyen Gabriel,Wenyen Gabriel,LAL,2022,1878720,0.015193,0.0324,0.0173,4006422,-1.0635589161997785,-0.41564935451594337,-0.62119565859531,,,311.0,0.2455,17.5,81.0,3,0,0.25
Patrick Williams,Patrick Williams,,2021,7422000,0.0660238048641628,0.0324,-0.0337,3642213,-0.8449493394945545,-1.3407628589617941,-0.5362888313882801,,,1983.0,0.8659,14.9,78.0,0,0,0.25
Quinten Post,Quinten Post,GSW,2025,1955377,0.0138474944762336,0.0323,0.0185,4561018,-0.5444991653733449,0.12558238798677093,-0.12583322134061647,26.0,676.0,686.0,0.5122,19.6,84.0,0,1,0.25
Jordan McRae,Jordan McRae,DET,2019,1645357,0.015076,0.0323,0.0172,3525222,-0.6050162119301038,-0.36677520074087866,-0.046923204832464226,,,333.0,0.3293,20.4,77.0,0,0,0.25
Isaac Okoro,Isaac Okoro,,2021,6720720,0.0597854359777252,0.0323,-0.0275,3630972,-1.030269877865685,-1.35291107158457,-0.7512522241129413,,,2173.0,0.8171,14.3,76.0,0,0,0.25
Trendon Watford,Trendon Watford,,2022,1563518,0.012644195544054,0.0323,0.0196,3994056,-0.5633428832673977,-1.3558487047432901,-0.6659752323200715,,,869.0,0.5854,17.6,80.0,0,0,0.25
Isaiah Todd,Isaiah Todd,WAS,2022,1575000,0.012737,0.0323,0.0196,3994056,-0.9888139917386181,-0.10224957110682772,-2.243594060469358,,,74.0,0.1463,19.6,81.0,0,0,0.25
Zach Collins,Zach Collins,,2019,4240200,0.0388510170423309,0.0322,-0.0067,3514308,-0.4770832684382757,-0.5185160911857778,-0.9376054528479131,,,1356.0,0.939,16.6,81.0,0,0,0.25
Didi Louzada,didi louzada,,2021,1786878,0.0158955112352553,0.0322,0.0163,3619730,,-0.33853531758279504,-2.406158806943956,,,56.0,0.0366,12.0,77.0,0,0,0.25
Svi Mykhailiuk,Svi Mykhailiuk,,2022,1878720,0.015193239254377,0.0322,0.017,3981691,-0.8795714098338453,-1.1191998886996721,-0.9684095840919215,,,716.0,0.6068,16.9,79.0,3,0,0.25
Vince Williams Jr.,Vince Williams Jr.,,2023,2232308,0.0164114952838164,0.0321,0.0157,4366274,-0.5176310686794119,-0.4245480999606476,-1.2947441614231743,,,105.0,0.1829,18.1,76.0,0,0,0.25
Lamar Stevens,Lamar Stevens,MEM,2024,383912,0.002731,0.032,0.0293,4498816,-0.6483925987134571,-0.23011429339624537,-0.14624130196692203,,,122.0,0.4963,21.0,79.0,3,1,0.25
Ben McLemore,Ben McLemore,HOU,2019,2028594,0.018587,0.032,0.0134,3492480,-0.49840542568691376,-0.44545566245304863,-0.4806467343008568,,,158.0,0.2317,19.4,75.0,0,0,0.25
Isaiah Collier,Isaiah Collier,UTA,2025,2638200,0.018683077446037,0.032,0.0133,4518656,-1.287644730681848,-1.788862452448609,-1.202091274906378,21.0,441.0,1839.0,0.8659,18.9,76.0,0,1,0.25
Payton Pritchard,Payton Pritchard,,2021,2137440,0.0190140018147205,0.032,0.013,3597248,-0.24406153326088886,-0.5329067195472069,0.2322831828896026,,,1268.0,0.8049,16.7,73.0,0,0,0.25
Marcus Sasser,Marcus Sasser,DET,2025,2886720,0.0204430343889864,0.0319,0.0114,4504535,-0.23917579357992902,-0.11081121372295571,0.13394216004088133,25.0,625.0,811.0,0.7591,19.4,73.0,1,1,0.25
Kevin Porter Jr.,Kevin Porter Jr.,,2020,1717981,0.0157410756826094,0.0319,0.0161,3481565,-1.0115244095121783,-1.503637524323377,-0.7064623936384495,,,1162.0,0.6944,20.5,77.0,0,0,0.25
Bruce Brown,Bruce Brown,,2024,23000000,0.1635986001650212,0.0318,-0.1318,4470698,-1.0828921800707667,-1.1211487013822652,-1.3828852358386252,,,885.0,0.6756,16.4,76.0,5,1,0.25
Killian Hayes,Killian Hayes,,2022,5837760,0.0472100602482714,0.0318,-0.0154,3932229,-1.1900503268263574,-0.991281609757176,-0.8440601524408533,,,1647.0,0.622,15.7,76.0,1,0,0.25
James Wiseman,James Wiseman,,2022,9603360,0.0776625288099955,0.0318,-0.0459,3932229,-0.9370675055731994,,,,,,,,83.0,1,0,0.25
Ryan Dunn,Ryan Dunn,PHO,2026,2784240,0.0181976470588235,0.0318,0.0136,4865400,-0.1198189175118329,0.13690739266177693,-0.09019842953584316,23.0,529.0,1355.0,0.872,13.7,79.0,1,1,0.25
Demetrius Jackson,Demetrius Jackson,BOS,2019,92857,0.000851,0.0317,0.0308,3459738,-0.237208999391098,-0.37801526669976004,1.2542473835727133,,,39.0,0.0732,19.1,73.0,0,0,0.25
Asa Newell,Asa Newell,ATL,2026,3399480,0.0222188235294117,0.0317,0.0094,4850100,-0.3176716730389607,-0.5841194434758817,-0.5839169532219332,20.0,400.0,500.0,0.5366,17.1,82.0,0,1,0.25
Austin Reaves,Austin Reaves,,2022,1563518,0.012644195544054,0.0317,0.0191,3919863,-0.04587802161321072,-0.5947349450354379,0.11904514090093789,,,1418.0,0.7439,12.4,77.0,0,0,0.25
Tony Bradley,Tony Bradley,,2020,3542060,0.0324542789078248,0.0316,-0.0008,3448824,-0.2932957530703543,0.35807373235987855,0.43434166246075145,,,663.0,0.5172,15.8,82.0,1,0,0.25
Facundo Campazzo,Facundo Campazzo,DEN,2021,2975000,0.026465,0.0316,0.0051,3552282,0.04795870902089255,0.1109485494599076,0.09676278312840318,,,1425.0,0.7927,13.1,70.0,0,0,0.25
Torrey Craig,Torrey Craig,DEN,2019,2000000,0.018325,0.0315,0.0132,3437910,0.05597066277767479,-0.33305500286423434,-0.196773337296311,,,1503.0,0.9146,12.4,77.0,0,0,0.25
Ayo Dosunmu,Ayo Dosunmu,,2023,6481482,0.0476505980694157,0.0315,-0.0162,4284661,-0.8057551322263399,-0.916542313464924,,,,,,,76.0,1,0,0.25
Bennedict Mathurin,Bennedict Mathurin,,2024,7245720,0.0515386803994651,0.0314,-0.0201,4414463,-1.5285327763346743,-1.1699725045595815,-0.3928149750193119,,,1538.0,0.8064,23.4,77.0,1,1,0.25
Jordan Hawkins,Jordan Hawkins,NOP,2025,4741320,0.0335768511699053,0.0313,-0.0023,4419810,-1.3625353690462707,-1.8108848699239128,-1.4724370478853968,24.0,576.0,1321.0,0.7332,21.0,77.0,1,1,0.25
Malachi Flynn,Malachi Flynn,TOR,2021,2048040,0.018219,0.0312,0.0129,3507316,-0.7438654094739378,-0.7880191846254977,-0.8272682644387634,,,928.0,0.5732,19.0,73.0,0,0,0.25
Henry Ellenson,Henry Ellenson,TOR,2020,160998,0.001475,0.0311,0.0296,3394254,-1.3904324408633766,0.09719699575458159,-3.970546954264262,,,15.0,0.0694,19.5,82.0,0,0,0.25
Ricky Rubio,Ricky Rubio,,2024,424672,0.0030206845534469,0.0311,0.0281,4372286,-1.322424000562617,,,,,,,,74.0,5,1,0.25
Derrick Favors,Derrick Favors,ATL,2022,105522,0.000853,0.0311,0.0303,3845670,-0.3966042056232708,-0.3005229034676967,-0.8302818220640037,,,653.0,0.6283,13.4,81.0,3,0,0.25
Kelan Martin,Kelan Martin,BOS,2021,191860,0.001707,0.031,0.0293,3484834,-0.704554992243698,-0.4296469122536131,0.06498558594301848,,,322.0,0.4282,20.9,77.0,1,0,0.25
Day'Ron Sharpe,Day'Ron Sharpe,,2022,2109480,0.0170593991346892,0.0309,0.0139,3820939,-0.804826485372685,0.10241967520116615,0.3022969349130384,,,391.0,0.3902,21.7,82.0,0,0,0.25
A.J. Green,A.J. Green,,2024,2120693,0.0150844524425982,0.0307,0.0156,4316051,-0.6428220912601582,,,,,,,,76.0,1,1,0.25
Cameron Payne,Cameron Payne,,2020,1977011,0.0181144493311343,0.0305,0.0124,3328770,-0.355504534336969,0.04383584508531631,1.5601907494574836,,,183.0,0.2112,19.1,74.0,1,0,0.25
Rodney Hood,Rodney Hood,TOR,2020,10047450,0.09206,0.0305,-0.0616,3328770,-0.21412094054920844,-0.993742084594842,0.2262725271220542,,,619.0,0.3881,13.9,80.0,1,0,0.25
Frank Ntilikina,Frank Ntilikina,DAL,2021,1789256,0.015917,0.0304,0.0145,3417385,0.08726912625113235,-0.9945387992126853,-0.5861354152084913,,,322.0,0.5436,13.6,76.0,2,0,0.25
Michael Carter-Williams,Michael Carter-Williams,ORL,2019,2028594,0.018587,0.0304,0.0118,3317856,-0.09861497727495085,0.6841709664145346,1.1269589564461198,,,227.0,0.1463,16.1,78.0,0,0,0.25
Kris Murray,Kris Murray,,2024,2990040,0.0212681025407573,0.0303,0.009,4259816,-0.14704692791656138,-0.6268076942119392,-0.30103961496683235,,,1348.0,0.7561,14.1,80.0,0,1,0.25
Isaac Bonga,Isaac Bonga,TOR,2021,1729217,0.015383,0.0303,0.0149,3406144,0.2276634735019888,-1.6626904934653515,-1.4157694946661328,,,432.0,0.5726,10.2,80.0,2,0,0.25
Nathan Knight,Nathan Knight,MIN,2022,1836090,0.014848,0.0303,0.0155,3746746,-0.4770987396583665,0.006480965994294029,0.11904514090093789,,,267.0,0.4512,20.7,80.0,0,0,0.25
Donovan Clingan,Donovan Clingan,POR,2025,7178400,0.050835646705569,0.0303,-0.0206,4278602,-0.26221906692282837,0.7052306961784921,-0.0435122928387115,22.0,484.0,1324.0,0.8171,14.2,86.0,0,1,0.25
Langston Galloway,Langston Galloway,DET,2019,7333333,0.067192,0.0302,-0.037,3296028,-0.45043057187747815,-0.5297561571446593,0.12616211671004643,,,1745.0,0.9756,16.1,73.0,0,0,0.25
Bol Bol,Bol Bol,ORL,2022,2200000,0.017791,0.0301,0.0124,3722015,-0.9888139917386181,-0.18539645241945024,-0.9890770796571959,,,81.0,0.2219,18.0,87.0,2,0,0.25
Terrence Ross,Terrence Ross,ORL,2022,10581484,0.085573,0.03,-0.0556,3709650,-1.8857530852725424,-2.289652141023512,-1.0745027279936639,,,1448.0,0.7441,20.5,78.0,3,0,0.25
Jarred Vanderbilt,Jarred Vanderbilt,,2020,1663861,0.0152451988271944,0.03,0.0147,3274200,-0.41205797185207327,-0.6617171470971913,-1.4317783951081895,,,41.0,0.1559,14.8,80.0,1,0,0.25
Austin Rivers,Austin Rivers,DEN,2021,2401537,0.021363,0.0297,0.0083,3338695,-0.3788401066217111,-0.8791307792963157,-0.27023269024790236,,,442.0,0.526,16.5,76.0,2,0,0.25
Malik Fitts,Malik Fitts,IND,2022,555217,0.00449,0.0297,0.0253,3672553,-0.8680721906859744,-0.6650899984538108,,,,,,,77.0,1,0,0.25
Pat Spencer,Pat Spencer,GSW,2025,857804,0.0060747549713897,0.0296,0.0235,4179756,-0.7346061704522642,-0.16941505498449563,-0.6899077547719574,29.0,841.0,250.0,0.3247,21.2,74.0,1,1,0.25
Khem Birch,Khem Birch,ORL,2019,3000000,0.027488,0.0295,0.002,3219630,0.22121738145461944,0.5549102078873982,0.32820723913321065,,,643.0,0.6098,14.1,80.0,0,0,0.25
Caleb Martin,Caleb Martin,DAL,2025,9594044,0.0679426378108889,0.0295,-0.0385,4165636,-0.9016699021882842,-1.240162417569287,-0.5307112510153553,30.0,900.0,943.0,0.5963,14.2,77.0,5,1,0.25
OG Anunoby,OG Anunoby,TOR,2019,2281800,0.020907,0.0294,0.0085,3208716,-0.5090665043112328,-0.5409962231035407,-0.7439788771923808,,,1352.0,0.8171,15.5,79.0,0,0,0.25
Devin Cannady,Devin Cannady,ORL,2021,185578,0.001651,0.0294,0.0278,3304971,-0.6259341577832184,-0.22920140397781327,-0.3730412693770882,,,74.0,0.0976,19.3,74.0,0,0,0.25
P.J. Tucker,P.J. Tucker,LAC,2023,11014500,0.080976,0.0294,-0.0516,3999017,-0.636270388963441,-1.1240097528944384,-0.6197894759316894,,,1920.0,0.7951,6.5,77.0,4,0,0.25
Meyers Leonard,Meyers Leonard,OKC,2020,9400000,0.086128,0.029,-0.0572,3165060,-0.1801888780401459,-0.12217662366350904,-0.547809677942693,,,1034.0,0.7217,12.2,84.0,1,0,0.25
Nicolas Batum,Nicolas Batum,,2024,4668000,0.0332034028508834,0.0288,-0.0044,4048934,-0.4200017931282046,-0.6634255465949263,0.10817393665957209,,,1475.0,0.7768,8.7,79.0,5,1,0.25
Jahlil Okafor,Jahlil Okafor,DET,2020,1882867,0.017252,0.0287,0.0115,3132318,-0.8418640969668654,-0.17553777433277432,-0.597876313633567,,,467.0,0.5302,19.9,82.0,1,0,0.25
Nassir Little,Nassir Little,,2023,6250000,0.045948787319605,0.0285,-0.0174,3876598,-1.0656317385627847,-0.9698910836039419,-0.7616936955228911,,,976.0,0.6,16.0,78.0,3,0,0.25
Cam Thomas,Cam Thomas,,2022,2138160,0.0172913347620395,0.0285,0.0112,3524167,-1.098056573643391,-1.2535140815892931,-0.7496785893594332,,,1176.0,0.8171,22.1,75.0,0,0,0.25
Darius Miller,Darius Miller,NOP,2019,7250000,0.066428,0.0284,-0.038,3099576,-0.5677024367449873,-1.2041601146775447,-0.5335152080015848,,,1757.0,0.8415,13.4,78.0,0,0,0.25
Keita Bates-Diop,Keita Bates-Diop,MIN,2024,2654644,0.018882,0.0284,0.0095,3992699,-0.39771976331500924,-0.3460708259423713,-0.18254484629147882,,,597.0,0.6268,13.0,80.0,5,1,0.25
Trayce Jackson-Davis,Trayce Jackson-Davis,,2024,1891857,0.0134567459527128,0.0284,0.0149,3992699,0.03120931058900157,1.1552611217601008,0.972198291584024,,,1130.0,0.8293,16.4,81.0,0,1,0.25
Jared Dudley,Jared Dudley,LAL,2019,2564753,0.0235,0.0284,0.0049,3099576,0.22121738145461944,-0.2656146071109458,-0.10585303220588713,,,1220.0,0.7195,10.4,78.0,0,0,0.25
Kobe Brown,Kobe Brown,IND,2026,4792059,0.0313206470588235,0.0283,-0.003,4329900,-0.5773534146683159,-1.393596255447269,-0.7641857095571389,26.0,676.0,668.0,0.4183,15.2,79.0,2,1,0.25
Garrett Temple,Garrett Temple,,2019,4767000,0.0436778449697636,0.0281,-0.0156,3066834,-0.7062964588611345,-0.7208372784456435,-0.23718236178094387,,,1530.0,0.5976,13.9,77.0,0,0,0.25
Wesley Matthews,Wesley Matthews,MIL,2022,1836090,0.014848,0.028,0.0132,3462340,-0.2068670896834022,-1.2343263397479187,-0.3600962979540091,,,1002.0,0.6971,10.7,77.0,3,0,0.25
Andre Iguodala,Andre Iguodala,GSW,2021,2641691,0.0235,0.0279,0.0044,3136350,-0.5248502277626018,-0.2170531913550376,-0.2836289596495841,,,1339.0,0.6375,11.2,78.0,2,0,0.25
Dean Wade,Dean Wade,,2022,1930681,0.0156134487080991,0.0278,0.0122,3437609,-0.2758624045706271,-0.08945774321257809,-0.0800517330445397,,,980.0,0.5748,11.1,81.0,2,0,0.25
James Bouknight,James Bouknight,CHO,2022,4362240,0.035278,0.0278,-0.0075,3437609,-1.2877936895832596,-1.4389955860559125,-1.68660505498521,,,304.0,0.378,23.7,76.0,0,0,0.25
Jeremy Sochan,Jeremy Sochan,,2023,5316960,0.0390892582762955,0.0276,-0.0115,3754179,-1.3650547849939063,-0.43047574108720515,-0.501535959605688,,,1458.0,0.6829,19.8,80.0,0,0,0.25
Amir Coffey,Amir Coffey,PHO,2025,2296274,0.016261642399864,0.0276,0.0114,3897340,-1.3913394607248946,-0.7819818004234471,-0.49675787194453075,29.0,841.0,1748.0,0.8171,15.3,79.0,4,1,0.25
Isaiah Livers,Isaiah Livers,WAS,2023,1836096,0.013499,0.0275,0.0141,3740577,-0.5515280173319916,-1.4263194503488732,-0.4988070323058572,,,1199.0,0.4832,11.9,78.0,1,0,0.25
Royce O'Neale,Royce O'Neale,,2020,8500000,0.0778816199376947,0.0274,-0.0504,2990436,-0.1801888780401459,0.1979902803520827,0.592019054084608,,,2049.0,0.9913,9.6,78.0,1,0,0.25
Jordan Poole,Jordan Poole,,2020,2063280,0.0189048927982407,0.0274,0.0085,2990436,-1.2547041908271261,-1.3554121057976403,-1.324167639175207,,,1274.0,0.7917,21.1,76.0,0,0,0.25
Moses Moody,Moses Moody,,2023,3918480,0.0288079046617801,0.0274,-0.0014,3726975,-0.15041412494313103,-0.8276276965665608,-0.4328579558932795,,,817.0,0.718,14.6,77.0,1,0,0.25
Andre Iguodala,Andre Iguodala,MIA,2020,15000000,0.137438,0.0273,-0.1102,2979522,0.1421657157959482,0.08533896227252265,-0.29194966308088866,,,418.0,0.4933,12.7,78.0,1,0,0.25
Josh Minott,Josh Minott,,2024,2019699,0.014366083876291,0.0271,0.0128,3809934,-0.38657874840841155,-0.3948946291196874,1.6442495041202199,,,91.0,0.3125,21.4,80.0,1,1,0.25
Jordan McLaughlin,Jordan McLaughlin,,2023,2320000,0.0170561898530373,0.0271,0.0101,3686169,0.1998543444668599,-0.30599527742949667,0.050389586785091485,,,678.0,0.6134,11.7,71.0,2,0,0.25
Juan Toscano-Anderson,Juan Toscano-Anderson,UTA,2022,1836090,0.014848,0.0271,0.0122,3351050,-0.5058467875280436,0.3582562330861585,0.21032657964756687,,,994.0,0.6751,14.7,78.0,2,0,0.25
Frank Ntilikina,Frank Ntilikina,NYK,2020,6176578,0.056593,0.0269,-0.0297,2935866,-0.6439270656640005,-0.7447233814716041,-0.42134265661964093,,,1187.0,0.6914,15.4,76.0,1,0,0.25
DeAndre Jordan,DeAndre Jordan,NOP,2025,2269880,0.0160747266443827,0.0269,0.0108,3798495,-1.2991663673532976,-0.10790366734652934,-1.022394617748523,37.0,1369.0,691.0,0.5683,12.8,83.0,6,1,0.25
Grayson Allen,Grayson Allen,,2020,2545320,0.023321605277625,0.0268,0.0035,2924952,-0.7061358469306154,-0.8395876493280756,-0.36802494068909986,,,718.0,0.5036,17.6,75.0,1,0,0.25
Jerian Grant,Jerian Grant,HOU,2020,50000,0.000458,0.0267,0.0263,2914038,-0.5251648468822817,-0.24668597522512803,-1.5345125306816711,,,80.0,0.3265,17.2,76.0,1,0,0.25
Tyrell Terry,Tyrell Terry,DAL,2021,1517981,0.013503,0.0266,0.0131,2990212,-0.7157865400237664,0.18383782519656208,,,,,,,74.0,0,0,0.25
Talen Horton-Tucker,Talen Horton-Tucker,LAL,2020,1517981,0.013909,0.0265,0.0126,2892210,-0.5817182843973859,-0.7506523982126335,0.8813651954149839,,,81.0,0.0833,19.7,76.0,0,0,0.25
Tristan Thompson,Tristan Thompson,CLE,2024,2087519,0.014848,0.0265,0.0117,3725582,-0.5369824496474803,-0.30945297355938417,-0.8063849519646631,,,549.0,,13.8,81.0,5,1,0.25
Dalen Terry,Dalen Terry,CHI,2023,3350760,0.024634,0.0264,0.0018,3590954,-0.1617131078273243,-0.0155408622281768,0.20457397922553175,,,214.0,0.4634,18.4,78.0,0,0,0.25
Jabari Walker,Jabari Walker,PHI,2026,2584539,0.0168924117647058,0.0263,0.0094,4023900,-0.4042322535820791,-0.49841118301159054,-0.5912963759958889,23.0,529.0,762.0,0.7854,15.0,79.0,3,1,0.25
Jared McCain,Jared McCain,OKC,2026,4422600,0.0289058823529411,0.0263,-0.0026,4023900,-0.8988641423998985,-1.1015469694963993,-0.661576592890706,22.0,484.0,620.0,0.3872,18.5,75.0,1,1,0.25
Bismack Biyombo,Bismack Biyombo,,2022,1836090,0.0148484897497068,0.0262,0.0113,3239761,-0.7645792183551371,0.46698677018728024,-0.34080663542641954,,,506.0,0.6082,17.1,80.0,3,0,0.25
Theo Pinson,Theo Pinson,NYK,2019,1445697,0.013246,0.0262,0.0129,2859468,-0.8981958740988766,-0.2206543432754201,-0.9072986844844385,,,211.0,0.2195,20.0,77.0,0,0,0.25
Mfiondu Kabengele,Mfiondu Kabengele,HOU,2021,19186,0.000171,0.0261,0.026,2934005,-0.7494811833639721,-0.5997218889724736,-0.5652621582337779,,,186.0,0.1845,16.9,82.0,1,0,0.25
E.J. Liddell,E.J. Liddell,,2023,1801769,0.0132462560928092,0.026,0.0128,3536546,-0.8001056407842433,,,,,,,,78.0,0,0,0.25
Anthony Gill,Anthony Gill,,2024,2237691,0.0159166571826898,0.026,0.0101,3655288,-0.6651041210733537,-0.8037939807297102,-0.7578834167470552,,,466.0,0.628,18.0,79.0,3,1,0.25
Christian Braun,Christian Braun,,2024,3089640,0.021976555609298,0.026,0.004,3655288,-0.5648349869139745,-0.6512195958005972,-0.23424109340964772,,,1655.0,0.9726,15.7,78.0,1,1,0.25
Isaiah Stewart,Isaiah Stewart,,2022,3433320,0.0277653147871092,0.0258,-0.002,3190299,-1.167051888530616,-0.48600440793431615,-1.1878294953432522,,,1816.0,0.8521,14.6,80.0,1,0,0.25
Luke Kornet,Luke Kornet,,2022,2133278,0.0172518539484857,0.0258,0.0085,3190299,-0.11487333650043564,-0.08306182926545327,0.7163357627373707,,,85.0,0.239,11.6,85.0,3,0,0.25
Jared Harper,Jared Harper,NOP,2021,95930,0.000853,0.0257,0.0248,2889039,-0.8393335656045202,-0.23527551028920116,,,,,,,70.0,1,0,0.25
Julian Strawther,Julian Strawther,DEN,2026,4826931,0.0315485686274509,0.0256,-0.006,3916800,-0.9174128382305669,-0.7659073623475591,-0.4574125628112624,24.0,576.0,861.0,0.7073,19.4,78.0,2,1,0.25
Simone Fontecchio,Simone Fontecchio,MIA,2025,8307692,0.058833012293921,0.0256,-0.0332,3614924,-0.740366988787989,-0.7858050286766189,-0.5931726559097967,30.0,900.0,1237.0,0.7671,15.8,79.0,2,1,0.25
Nik Stauskas,Nik Stauskas,IND,2022,702311,0.00568,0.0255,0.0198,3153202,-0.6610862460242997,-0.038290431635579616,-0.1248313067693011,,,24.0,0.0244,18.1,78.0,0,0,0.25
T.J. Warren,T.J. Warren,MIN,2023,220543,0.001621,0.0255,0.0239,3468535,-0.30859988532183663,-0.8928317489586939,0.11861276928086151,,,197.0,,16.0,80.0,4,0,0.25
Wesley Matthews,Wesley Matthews,MIL,2021,1958501,0.017422,0.0254,0.008,2855315,-0.21036688992068328,-0.26564604184614055,-0.14530468954849785,,,1130.0,0.7401,11.4,77.0,2,0,0.25
Tyrese Proctor,Tyrese Proctor,CLE,2026,2150917,0.0140582810457516,0.0254,0.0114,3886200,-0.8432180549078938,-0.05209768342160542,-0.8724172435751573,22.0,484.0,545.0,0.6098,22.0,76.0,0,1,0.25
Antonio Blakeney,Antonio Blakeney,CHI,2019,1488231,0.013636,0.0253,0.0117,2761242,-1.4152581873783487,-1.8336038083749047,-1.2578469718886283,,,829.0,0.6951,24.5,76.0,0,0,0.25
Khem Birch,Khem Birch,SAS,2023,6985000,0.051352,0.0252,-0.0262,3427729,-0.24080598801667707,-0.9639634424773844,-1.0505051680883175,,,162.0,0.4402,11.1,80.0,4,0,0.25
Jordan McLaughlin,Jordan McLaughlin,,2022,2160000,0.0174679551979297,0.0251,0.0076,3103740,0.33934581984046175,0.2175461262494127,0.663978107305342,,,902.0,0.7058,11.8,71.0,1,0,0.25
Yuta Watanabe,Yuta Watanabe,BRK,2022,1836090,0.014848,0.025,0.0101,3091375,-0.8163257045205556,-0.6075267729296875,-0.8147812003900479,,,445.0,0.4646,16.8,81.0,2,0,0.25
Jose Alvarado,Jose Alvarado,,2022,1563518,0.012644195544054,0.025,0.0124,3091375,-0.16087021309191893,1.7397736456651172,1.6780632230414771,,,834.0,0.6585,18.4,72.0,0,0,0.25
Marko Simonovic,Marko Simonovic,CHI,2022,1563518,0.012644,0.0246,0.0119,3041913,-0.9485667247210703,-0.006310861899955581,,,,,,,84.0,0,0,0.25
Johnathan Williams,Johnathan Williams,WAS,2019,106181,0.000973,0.0246,0.0236,2684844,-0.5197275829355518,-0.1813141124193351,-0.38265484992562204,,,372.0,0.2927,16.4,81.0,0,0,0.25
J.P. Macura,J.P. Macura,CLE,2019,106184,0.000973,0.0246,0.0236,2684844,-0.796915627167846,-0.07453348580996155,,,,,,,76.0,0,0,0.25
Miles Plumlee,Miles Plumlee,MEM,2019,12500000,0.114532,0.0246,-0.0899,2684844,-0.5037359649990732,-0.19817421135765725,-0.3698586588388217,,,173.0,0.2195,16.7,83.0,0,0,0.25
Dylan Windler,Dylan Windler,CLE,2020,2137440,0.019584,0.0246,0.005,2684844,-0.8531747844698863,,,,,,,,79.0,0,0,0.25
Aaron Nesmith,Aaron Nesmith,,2022,3804360,0.0307659213133314,0.0245,-0.0063,3029547,-0.540344444971656,-0.8697592447618048,-0.832348571620531,,,574.0,0.6067,17.2,77.0,1,0,0.25
Trey Murphy III,Trey Murphy III,,2022,3206520,0.0259311794913266,0.0245,-0.0015,3029547,-0.16661982266585434,-0.019102689794205208,-0.07040690178074493,,,864.0,0.7561,15.7,80.0,0,0,0.25
Brandin Podziemski,Brandin Podziemski,,2024,3519960,0.0250374142885594,0.0244,-0.0006,3430347,-0.6149695539936642,0.337462418540055,0.6172948422671568,,,1968.0,0.9024,15.4,76.0,0,1,0.25
Brandon Goodwin,Brandon Goodwin,CLE,2021,99380,0.000884,0.0244,0.0235,2742901,-1.271748155137158,-0.33853531758279504,-1.3942731553936667,,,620.0,0.4673,19.5,72.0,2,0,0.25
Aleksej Pokusevski,Aleksej Pokusevski,CHO,2023,565176,0.004155,0.0244,0.0203,3318912,-1.1616730930784274,-0.30599527742949667,-0.5101775627218189,,,701.0,0.5402,18.3,84.0,2,0,0.25
Allonzo Trier,Allonzo Trier,NYK,2019,3551100,0.032537,0.0243,-0.0083,2652102,-1.4419108839391461,-2.041545028614211,-0.6129862894880292,,,1459.0,0.7805,21.5,76.0,0,0,0.25
Rodney Hood,Rodney Hood,LAC,2021,2239544,0.019922,0.0242,0.0043,2720418,-0.9404174956251367,-2.027136872148624,-1.6581485084919103,,,726.0,0.429,14.1,80.0,2,0,0.25
Simone Fontecchio,Simone Fontecchio,,2024,7692308,0.0547152530799214,0.024,-0.0308,3374112,-0.5815465092738711,-0.13856966243877755,0.053573405995438646,,,1160.0,0.6189,15.4,79.0,1,1,0.25
Kenrich Williams,Kenrich Williams,,2019,1416852,0.0129819681143485,0.024,0.011,2619360,-0.2958449318248525,0.06034730569661552,-0.4264312931173077,,,1079.0,0.561,12.3,79.0,0,0,0.25
Craig Porter Jr.,craig porter jr.,CLE,2026,2406205,0.0157268300653594,0.0239,0.0082,3656700,,1.1228347535429835,0.09744974957331844,26.0,676.0,1148.0,0.7012,12.3,73.0,2,1,0.25
Bryce McGowens,Bryce McGowens,NOP,2026,2584539,0.0168924117647058,0.0239,0.007,3656700,-0.9050470410101213,-0.6460025405801005,-0.2117832047638767,23.0,529.0,880.0,0.4159,14.0,78.0,3,1,0.25
Brad Wanamaker,Brad Wanamaker,CHO,2020,2250000,0.020616,0.0238,0.0032,2597532,-0.6439270656640005,-0.7032202642843977,0.2285482832898212,,,1369.0,0.781,15.5,75.0,1,0,0.25
Dariq Whitehead,Dariq Whitehead,BRK,2025,3262560,0.0231046399637414,0.0237,0.0006,3346629,-1.316448822360472,-0.6666650526872709,-1.0909420056839616,21.0,441.0,246.0,0.1616,20.1,78.0,1,1,0.25
Malachi Flynn,Malachi Flynn,CHO,2024,119972,0.000853,0.0237,0.0228,3331935,-0.6595336136200548,-0.730558275963736,-1.129050853921324,,,474.0,0.4902,16.2,73.0,3,1,0.25
Rodions Kurucs,Rodions Kurucs,MIL,2020,1780152,0.016311,0.0237,0.0074,2586618,-0.23108697180373972,-0.9640970008896946,-0.46620756392704765,,,684.0,0.6961,14.7,81.0,1,0,0.25
Daniel Theis,Daniel Theis,BOS,2019,5000000,0.045813,0.0236,-0.0222,2575704,-0.1625814490208649,0.790951593023908,0.03254787665398035,,,908.0,0.8049,15.8,80.0,0,0,0.25
Bismack Biyombo,Bismack Biyombo,,2021,1518213,0.013505550910029,0.0235,0.01,2641729,-0.7326338616938692,-1.4258003473212246,-1.4322811755565776,,,1349.0,0.755,11.5,80.0,2,0,0.25
Trendon Watford,Trendon Watford,,2023,2019706,0.0148484866307408,0.0235,0.0086,3196493,-0.8622500466473062,-0.6794366684026221,-0.3102836380092127,,,1182.0,0.6921,16.1,80.0,1,0,0.25
Tre Johnson,Tre Johnson,WAS,2026,8649600,0.0565333333333333,0.0235,-0.033,3595500,-1.8572134269844238,-2.410203951965041,-1.4005730735397077,20.0,400.0,1443.0,0.7317,22.5,77.0,0,1,0.25
Pat Connaughton,Pat Connaughton,,2019,1723050,0.0157875206157229,0.0234,0.0076,2553876,-0.11993713452358888,0.15588786634710763,0.6369995345699466,,,1261.0,0.7439,13.3,77.0,0,0,0.25
Sindarius Thornwell,Sindarius Thornwell,NOP,2020,943480,0.008645,0.0234,0.0148,2553876,-0.2706743780643127,0.049764861826345784,0.31112572137736666,,,35.0,0.31,17.3,76.0,1,0,0.25
Jaylen Hoard,Jaylen Hoard,OKC,2021,191860,0.001707,0.0234,0.0217,2630487,-0.5136186799825332,-0.5632772511041464,-0.1714741460541088,,,320.0,0.2317,16.3,80.0,0,0,0.25
Miles McBride,Miles McBride,,2023,1836096,0.0134986215363804,0.0234,0.0099,3182891,-0.2125585308061939,0.19192657720133735,-0.42717269068529873,,,760.0,0.6707,14.6,74.0,1,0,0.25
Ousmane Dieng,Ousmane Dieng,,2024,5027040,0.0357572481292855,0.0233,-0.0125,3275700,-0.4924183900210895,-0.9807802672474814,-0.9629258350921519,,,365.0,0.4299,16.9,81.0,1,1,0.25
Tyrese Martin,Tyrese Martin,BRK,2025,2191897,0.0155224703982777,0.0233,0.0078,3290146,-0.941995630538358,-1.1954345169442055,-0.8353307179620932,27.0,729.0,1315.0,0.7317,18.8,78.0,0,1,0.25
Taj Gibson,Taj Gibson,DET,2023,348225,0.00256,0.0233,0.0208,3169289,-0.8566005552052096,-0.6972195917822948,-0.7450927211155871,,,480.0,0.5988,15.3,81.0,4,0,0.25
Tim Frazier,Tim Frazier,CLE,2021,128709,0.001145,0.0233,0.0222,2619246,-1.18189577289661,-0.2777942544689163,-2.959144346199425,,,62.0,0.2576,18.1,73.0,2,0,0.25
Georges Niang,Georges Niang,,2020,1783557,0.0163419186366135,0.0232,0.0069,2532048,-0.5081988156277504,-0.15775072410968594,-0.3533950796105976,,,923.0,0.8427,17.2,78.0,1,0,0.25
Reed Sheppard,Reed Sheppard,HOU,2025,10603560,0.0750917795025777,0.0231,-0.052,3261904,-0.3947178886444994,-0.7025938120685409,-0.8318072540962529,22.0,484.0,654.0,0.6341,17.8,74.0,0,1,0.25
Wes Iwundu,Wes Iwundu,NOP,2020,1678854,0.015383,0.0231,0.0078,2521134,-0.19149956554316677,-0.5846399294638082,-0.22107611385614484,,,953.0,0.7624,13.7,78.0,1,0,0.25
Armoni Brooks,Armoni Brooks,TOR,2022,50000,0.000404,0.023,0.0226,2844065,-0.9658155534428764,-0.19179236636657504,-0.7514008806565393,,,690.0,0.404,17.4,75.0,1,0,0.25
Jarrett Culver,Jarrett Culver,MEM,2021,6395160,0.056889,0.023,-0.0339,2585522,-0.7607127311440406,-0.7090558025774554,-1.3126493743880707,,,499.0,0.5873,18.2,78.0,1,0,0.25
Nique Clifford,Nique Clifford,SAC,2026,3263400,0.0213294117647058,0.0229,0.0016,3503700,-1.0905339993168037,-0.7605380274958514,-0.9852169916913387,24.0,576.0,1882.0,0.9146,17.0,77.0,0,1,0.25
Robert Franks,Robert Franks,ORL,2020,198040,0.001815,0.0229,0.0211,2499306,-0.892762190730459,,,,,,,,79.0,0,0,0.25
Jaxson Hayes,Jaxson Hayes,,2021,5348280,0.0475766363620189,0.0227,-0.0249,2551797,-0.5473133233227389,0.2324306756876651,0.10174744151042432,,,964.0,0.7907,16.2,84.0,1,0,0.25
Jock Landale,Jock Landale,,2022,1563518,0.012644195544054,0.0227,0.01,2806968,-0.5748421024152685,-0.3069188174148216,-0.8523271506669632,,,589.0,0.6585,18.1,83.0,0,0,0.25
Jarrell Brantley,Jarrell Brantley,UTA,2021,84414,0.000751,0.0227,0.0219,2551797,-0.32268236772136843,-0.6118701015952493,0.6615868860411722,,,138.0,0.3415,19.0,77.0,0,0,0.25
Doug McDermott,Doug McDermott,SAC,2025,2296274,0.016261642399864,0.0227,0.0064,3205421,-1.0860160889314787,-0.9793922033014829,-0.7811975003869105,34.0,1156.0,342.0,0.5805,15.7,79.0,6,1,0.25
Noa Essengue,Noa Essengue,CHI,2026,5701200,0.0372627450980392,0.0227,-0.0146,3473100,-1.053436607655467,0.13838121859610772,,19.0,361.0,,,,80.0,0,1,0.25
Corey Kispert,Corey Kispert,,2022,3552840,0.028731874974728,0.0227,-0.0061,2806968,-0.6840846843200412,-0.8185919331848062,-0.11036405987360895,,,1801.0,0.939,14.6,78.0,0,0,0.25
Rui Hachimura,Rui Hachimura,,2020,4692840,0.042998350742166,0.0226,-0.0204,2466564,-1.3678110658573348,-0.8573746995511641,-0.3764777493122344,,,1444.0,0.6667,19.0,80.0,0,0,0.25
George Hill,George Hill,MIL,2021,4000000,0.035583,0.0225,-0.0131,2529315,-0.46307671497222486,-0.4660915501219404,0.506750935049641,,,369.0,0.4458,16.5,76.0,2,0,0.25
Drew Eubanks,Drew Eubanks,,2024,5000000,0.0355649130793524,0.0225,-0.0131,3163230,-1.0160460906311806,-0.4009976045168519,-0.884219750996513,,,1169.0,,13.2,82.0,4,1,0.25
Patrick Baldwin Jr.,Patrick Baldwin Jr.,,2024,2448840,0.0174185563490482,0.0225,0.005,3163230,-0.49798889747438835,0.0017987716960063919,-0.5206034510417519,,,493.0,0.4314,15.9,84.0,1,1,0.25
Kobe Bufkin,Kobe Bufkin,,2024,4299000,0.0305787122656272,0.0224,-0.0082,3149171,-1.1385972546037553,-0.23011429339624537,-1.2219879273921894,,,196.0,0.2073,22.4,76.0,0,1,0.25
Drew Eubanks,Drew Eubanks,,2020,1620564,0.0148484881803188,0.0224,0.0075,2444736,-0.4742667531186879,-0.3000471258943933,-0.8085463131639979,,,272.0,0.3056,15.8,82.0,0,0,0.25
Maurice Harkless,Maurice Harkless,SAC,2020,3623000,0.033196,0.0223,-0.0109,2433822,0.03471418451725015,-1.3969152229848465,0.3140516935930671,,,1141.0,0.7084,10.3,79.0,1,0,0.25
Saben Lee,Saben Lee,DET,2021,1489065,0.013246,0.0222,0.0089,2495590,-0.4462293933021221,-0.8852048856077037,-0.16462024077882975,,,781.0,0.5854,17.0,74.0,0,0,0.25
Justin James,Justin James,NOP,2021,95930,0.000853,0.0222,0.0213,2495590,-0.9291859478450681,-1.1767619885543217,-1.133824754933063,,,310.0,0.4619,19.7,78.0,1,0,0.25
Vince Williams Jr.,Vince Williams Jr.,UTA,2025,2301587,0.0162992677468698,0.0222,0.0059,3134817,-0.8094968088166871,-0.6281890435924649,-0.8401354414155118,25.0,625.0,499.0,0.3915,17.0,76.0,2,1,0.25
Edmond Sumner,Edmond Sumner,IND,2019,2000000,0.018325,0.0222,0.0038,2422908,-0.6369994478030608,-1.3053207083074776,-1.2625613580785022,,,210.0,0.2805,17.6,76.0,0,0,0.25
Doug McDermott,Doug McDermott,,2024,2087519,0.0148484863572993,0.0221,0.0072,3106994,-0.938058986284997,-1.5788718561696042,-0.7471375676269865,,,700.0,0.639,14.9,79.0,5,1,0.25
Brandon Goodwin,Brandon Goodwin,ATL,2019,522738,0.00479,0.022,0.0172,2401080,-1.377944412193232,-0.38925533265864143,-2.049863851787432,,,57.0,0.1951,23.1,72.0,0,0,0.25
Jared Butler,Jared Butler,UTA,2022,1563518,0.012644,0.022,0.0094,2720410,-0.931317895999264,-0.5883390310883131,-0.1837336691303334,,,360.0,0.5122,23.1,75.0,0,0,0.25
Jaxson Hayes,Jaxson Hayes,,2024,2463946,0.0175260050644436,0.0219,0.0043,3078877,-0.5202709272875837,-1.1089427505879361,-0.6184778065407571,,,877.0,0.7695,12.5,84.0,4,1,0.25
Lamar Stevens,Lamar Stevens,CLE,2021,1517981,0.013503,0.0219,0.0084,2461866,-0.3900716544017796,-0.387128168073898,-0.846272274520219,,,499.0,0.4878,15.8,79.0,0,0,0.25
Trevor Ariza,Trevor Ariza,MIA,2020,12800000,0.117281,0.0219,-0.0954,2390166,-0.16887819053712508,-0.5490658290176313,0.013001663399889521,,,791.0,0.4744,11.2,80.0,1,0,0.25
Max Christie,Max Christie,DAL,2025,7714286,0.0546306583196419,0.0219,-0.0327,3092455,-0.7115628971093648,-0.7892259841734021,-0.2747796483965924,23.0,529.0,1154.0,0.6256,13.9,77.0,2,1,0.25
Donte DiVincenzo,Donte DiVincenzo,,2019,2905800,0.026624518966465,0.0218,-0.0048,2379252,-0.247870078015417,-0.6252967177951513,-0.03614746496989546,,,411.0,0.3293,15.1,76.0,0,0,0.25
Thanasis Antetokounmpo,Thanasis Antetokounmpo,,2020,1701593,0.0155909199193696,0.0218,0.0062,2379252,-0.9549709719970739,-0.41269844397395333,-0.2461094317015819,,,129.0,0.2778,21.6,79.0,0,0,0.25
Josh Christopher,Josh Christopher,MEM,2023,2485200,0.018271,0.0217,0.0034,2951655,-1.0373842813523018,-1.5033787849941214,-0.7375881710410522,,,786.0,0.8262,21.9,76.0,1,0,0.25
Onyeka Okongwu,Onyeka Okongwu,,2021,6104280,0.0543017773586919,0.0216,-0.0327,2428142,-0.1429776032402722,0.019836954789089496,-0.2826943362029552,,,601.0,0.6098,14.7,82.0,0,0,0.25
Tyler Kolek,Tyler Kolek,NYK,2026,2296271,0.0150083071895424,0.0216,0.0066,3304800,-0.5464389216172022,-0.28031798322331747,-0.47182000727469997,25.0,625.0,727.0,0.6601,18.4,74.0,1,1,0.25
Jahlil Okafor,Jahlil Okafor,NOP,2019,1702486,0.015599,0.0216,0.006,2357424,-1.0687731320879807,-0.1813141124193351,-0.9120130706743123,,,935.0,0.7195,19.9,82.0,0,0,0.25
Yogi Ferrell,Yogi Ferrell,CLE,2020,110998,0.001017,0.0216,0.0205,2357424,-0.4855774406217087,-0.15182170736865644,-0.7067875016624162,,,530.0,0.7587,19.2,72.0,1,0,0.25
Jordan Goodwin,Jordan Goodwin,,2024,223718,0.0015913022448573,0.0215,0.0199,3022641,-0.5314119421941814,0.2581237383769162,-0.624867230341879,,,558.0,,18.2,75.0,2,1,0.25
N'Faly Dante,N'Faly Dante,ATL,2025,2048494,0.0145069259532037,0.0215,0.007,3035971,-0.8613441738382104,-0.20578937420320498,,24.0,576.0,,,,83.0,0,1,0.25
Keyonte George,Keyonte George,,2024,4084200,0.0290508435997382,0.0214,-0.0077,3008583,-1.9741733725985815,-1.493430200609301,-1.3308985603658599,,,2023.0,0.9146,22.8,76.0,0,1,0.25
Sterling Brown,Sterling Brown,LAL,2022,105522,0.000853,0.0214,0.0206,2646217,-0.4770987396583665,-0.5371717195113147,-0.7021433495593019,,,628.0,0.6298,13.2,77.0,3,0,0.25
Rob Dillingham,Rob Dillingham,CHI,2026,6889320,0.0450282352941176,0.0212,-0.0238,3243600,-1.7211896575595236,-1.4470880971333733,-1.879181350593412,21.0,441.0,644.0,0.4527,22.7,74.0,1,1,0.25
Kessler Edwards,Kessler Edwards,SAC,2023,1927896,0.014174,0.0211,0.0069,2870043,-0.6475693718476343,-0.21115301940457584,-1.747746093195087,,,79.0,0.3262,16.2,80.0,1,0,0.25
Reggie Bullock,Reggie Bullock,NYK,2020,4200000,0.038483,0.021,-0.0175,2291940,-0.6722037844215528,,-0.20969733301730986,,,684.0,0.453,15.6,78.0,1,0,0.25
Thaddeus Young,Thaddeus Young,BRK,2023,8000000,0.058814,0.021,-0.0378,2856441,-0.834002589436823,-0.7683512853009853,0.12293357083892695,,,795.0,0.5902,13.5,80.0,4,0,0.25
Yuta Watanabe,Yuta Watanabe,TOR,2021,1762796,0.015681,0.0209,0.0052,2349452,-0.38445588051174534,-0.053052320947564985,-0.2577710442928496,,,723.0,0.4748,12.7,81.0,1,0,0.25
James Wiseman,James Wiseman,,2021,9166800,0.0815450032914049,0.0209,-0.0606,2349452,-1.9456410219412688,-1.6383940682198,-1.5425667422587952,,,836.0,0.4756,23.8,83.0,0,0,0.25
Kai Jones,Kai Jones,CHO,2023,3047880,0.022407,0.0209,-0.0015,2842838,-0.34814632541651297,-1.07066098275542,-0.8335554477517688,,,550.0,0.4466,12.4,83.0,1,0,0.25
Orlando Robinson,Orlando Robinson,SAC,2024,959779,0.006827,0.0209,0.0141,2938289,-0.23060453971604403,-0.24842321958773897,-0.7215798724224984,,,304.0,0.4162,14.8,82.0,1,1,0.25
Garrett Temple,Garrett Temple,TOR,2025,2296274,0.016261642399864,0.0209,0.0046,2951247,-1.483512554096492,-0.3467478304521131,-0.24338878850092435,40.0,1600.0,227.0,0.3305,13.9,77.0,6,1,0.25
Adem Bona,Adem Bona,PHI,2026,2296271,0.0150083071895424,0.0208,0.0058,3182400,-0.24347688971628778,-0.4526694492460616,-0.9827571841000201,23.0,529.0,1234.0,0.8064,11.1,82.0,1,1,0.25
Gabriel Deck,Gabriel Deck,OKC,2021,1690507,0.015038,0.0208,0.0057,2338211,-0.5248502277626018,-0.06520053357034071,0.45036198710302694,,,212.0,0.122,16.6,78.0,0,0,0.25
Kobe Sanders,Kobe Sanders,LAC,2026,2150917,0.0140582810457516,0.0207,0.0067,3167100,-0.6453652993807661,-0.7538537342987944,-0.5856739586443036,24.0,576.0,1351.0,0.8293,16.3,80.0,0,1,0.25
Peyton Watson,Peyton Watson,,2023,2303520,0.016935032090633,0.0207,0.0037,2815634,-0.6701673376160208,-0.8098447731868881,-0.8612995419667153,,,186.0,0.2805,17.7,80.0,0,0,0.25
Mouhamed Gueye,Mouhamed Gueye,ATL,2025,2221677,0.0157333649651577,0.0207,0.0049,2923005,-0.09515533518680831,1.1294542303047164,0.4122958054422643,23.0,529.0,533.0,,15.7,83.0,1,1,0.25
Gary Payton II,Gary Payton II,,2019,1090781,0.0099943283855598,0.0207,0.0107,2259198,-0.1732425276451839,-0.046433320912758,6.67141385760845,,,16.0,0.0366,23.8,74.0,0,0,0.25
Justin Jackson,Justin Jackson,DAL,2019,3280920,0.030062,0.0206,-0.0095,2248284,-0.3864641001315642,-1.0186990263560012,-0.5968226796941761,,,1083.0,0.6341,12.9,80.0,0,0,0.25
Terance Mann,Terance Mann,BRK,2025,15500000,0.1097671520027193,0.0205,-0.0893,2894764,-0.740366988787989,-0.7104400690020629,-0.4784999228215401,29.0,841.0,732.0,0.6976,14.0,78.0,5,1,0.25
Ben Sheppard,Ben Sheppard,IND,2026,5031669,0.032886725490196,0.0205,-0.0124,3136500,-0.8370351562976711,-0.9632707742219442,-0.8295463112693189,24.0,576.0,1390.0,0.7659,13.8,78.0,2,1,0.25
Edmond Sumner,Edmond Sumner,IND,2020,2160000,0.019791,0.0205,0.0007,2237370,-0.7626892844457194,-1.2012576705308737,-0.39143271841470334,,,447.0,0.3743,17.3,76.0,1,0,0.25
Jalen Lecque,Jalen Lecque,IND,2020,1517981,0.013909,0.0204,0.0065,2226456,-1.062422503275772,-0.20518285803792172,-2.9370285460740773,,,32.0,0.0694,17.1,76.0,0,0,0.25
Dwayne Bacon,Dwayne Bacon,ORL,2020,1678854,0.015383,0.0204,0.005,2226456,-1.2264274720695743,-1.390986206243817,-1.2409399850397282,,,687.0,0.5352,19.5,78.0,1,0,0.25
Shaquille Harrison,Shaquille Harrison,BRK,2021,205662,0.00183,0.0204,0.0186,2293245,0.11534799570130365,-1.3832816031415092,-0.3664989052506854,,,277.0,0.4609,11.2,76.0,2,0,0.25
Jason Preston,Jason Preston,LAC,2022,1563518,0.012644,0.0203,0.0077,2510196,-0.8795714098338453,,,,,,,,75.0,0,0,0.25
Craig Porter Jr.,craig porter jr.,CLE,2025,2221677,0.0157333649651577,0.0202,0.0045,2852401,,-0.7444156623725712,-0.8580730756416077,26.0,676.0,513.0,0.622,15.9,73.0,1,1,0.25
Aleksej Pokusevski,Aleksej Pokusevski,OKC,2021,3113160,0.027694,0.0201,-0.0076,2259521,-1.7996309008003781,-2.160767210999157,-2.0550519321603424,,,1090.0,0.5488,20.5,84.0,0,0,0.25
Jahmi'us Ramsey,Jahmi'us Ramsey,SAC,2021,1517981,0.013503,0.0201,0.0065,2259521,-0.901107078394897,-0.1441639156183831,-0.5901854501438836,,,94.0,0.1585,19.8,75.0,0,0,0.25
Nerlens Noel,Nerlens Noel,SAC,2023,300000,0.002206,0.0201,0.0179,2734022,-0.5402290344477984,-0.2822847129232664,-0.4080701995864831,,,152.0,0.3329,11.9,82.0,4,0,0.25
Davion Mitchell,Davion Mitchell,,2023,5063640,0.0372268987876871,0.0201,-0.0172,2734022,-0.4780846285847354,-0.23486358391080606,-0.5899986862418698,,,1447.0,0.9527,14.1,72.0,1,0,0.25
Dalen Terry,Dalen Terry,NOP,2025,5399118,0.0382352133023624,0.02,-0.0183,2824160,-0.6481938954163918,-0.9162384832189836,-0.8311666243024639,23.0,529.0,987.0,0.7537,14.9,78.0,2,1,0.25
Solomon Hill,Solomon Hill,ATL,2020,1620564,0.014848,0.02,0.0051,2182800,-0.3781259093430107,-1.1123224194154315,-0.1862895552917064,,,901.0,0.6179,13.4,78.0,1,0,0.25
Elie Okobo,Elie Okobo,PHO,2019,1416852,0.012982,0.02,0.0071,2182800,-0.8822042561623981,-1.4795417306701397,-1.776766194645455,,,958.0,0.6463,17.0,75.0,0,0,0.25
Jerome Robinson,Jerome Robinson,WAS,2020,3737520,0.034245,0.02,-0.0142,2182800,-0.9889030345061365,-0.9700260176307242,-0.5530114063261604,,,503.0,0.3332,17.7,77.0,1,0,0.25
Patrick Baldwin Jr.,Patrick Baldwin Jr.,,2023,2337720,0.0171864638548459,0.0199,0.0027,2706817,-1.2690134304782634,-0.21115301940457584,-0.6648167763788976,,,226.0,0.378,22.8,84.0,0,0,0.25
Santi Aldama,Santi Aldama,,2022,2094120,0.0169351825643928,0.0199,0.003,2460734,-0.9773147725907472,-0.5371717195113147,-1.4995642201194759,,,360.0,0.3902,18.4,84.0,0,0,0.25
Furkan Korkmaz,Furkan Korkmaz,PHI,2019,1620564,0.014848,0.0198,0.0049,2160972,-0.5517108188085088,-0.10263365070716515,0.2123680356105965,,,679.0,0.5854,17.9,79.0,0,0,0.25
R.J. Hampton,R.J. Hampton,ORL,2021,2303040,0.020487,0.0198,-0.0007,2225797,-1.4570686935082886,-1.3589851778959579,-0.6777285129781295,,,655.0,0.3171,21.5,76.0,0,0,0.25
Reggie Perry,Reggie Perry,IND,2021,85578,0.000761,0.0195,0.0187,2192073,-1.0639645212058904,-0.5572031447927585,-1.1643557875229422,,,211.0,0.3171,20.4,80.0,0,0,0.25
Jarred Vanderbilt,Jarred Vanderbilt,,2019,1416852,0.0129819681143485,0.0195,0.0065,2128230,-0.7382796947340915,-0.44545566245304863,0.08979399467387687,,,69.0,0.2073,19.4,80.0,0,0,0.25
Gary Payton II,Gary Payton II,,2020,233894,0.0021430639545537,0.0194,0.0173,2117316,-0.36115987808847944,-0.30597614263542283,-0.07087620678352277,,,432.0,0.2655,13.4,74.0,1,0,0.25
Andrew Nembhard,Andrew Nembhard,,2023,2131905,0.0156733519088964,0.0194,0.0038,2638807,-1.2464154647098769,-1.1180821117678805,-0.3152866713922359,,,2073.0,0.9146,16.1,76.0,0,0,0.25
Gui Santos,Gui Santos,GSW,2025,2221677,0.0157333649651577,0.0194,0.0036,2739435,-0.22765415690847934,-0.6554172470703221,-0.11141905098036071,24.0,576.0,762.0,0.532,13.2,79.0,1,1,0.25
Anfernee Simons,Anfernee Simons,,2020,2252040,0.0206344145134689,0.0193,-0.0014,2106402,-1.5883694721662414,-2.475996269852211,-1.2201330715058585,,,1449.0,0.6991,18.7,75.0,1,0,0.25
Guerschon Yabusele,Guerschon Yabusele,,2019,1039080,0.0095206157229246,0.0193,0.0097,2106402,-0.38113356081940464,-0.7770376082400505,-0.7372440397782754,,,251.0,0.5,17.5,79.0,0,0,0.25
A.J. Green,A.J. Green,,2023,1901769,0.0139814366899228,0.0193,0.0053,2625205,-0.9243944525103691,,,,,,,,76.0,0,0,0.25
Tyus Jones,Tyus Jones,,2021,7600000,0.0676072375326916,0.0193,-0.0483,2169590,-0.7719442789241091,-0.58149957003831,0.10797826448795071,,,1222.0,0.8635,16.6,72.0,2,0,0.25
Justin Anderson,Justin Anderson,BRK,2019,294432,0.002698,0.0192,0.0165,2095487,-0.38113356081940464,-0.4398356294736079,-0.5550666877267223,,,463.0,0.5854,17.2,78.0,0,0,0.25
Ayo Dosunmu,Ayo Dosunmu,,2022,1563518,0.012644195544054,0.0192,0.0065,2374176,-1.000313210886489,-1.0424489213341745,-0.2898268130320758,,,2110.0,0.939,14.1,76.0,0,0,0.25
Jake Layman,Jake Layman,MIN,2019,3581986,0.03282,0.0191,-0.0137,2084573,-0.5890245939936253,-0.36677520074087866,0.045344067740780744,,,1327.0,0.8659,15.9,80.0,0,0,0.25
Austin Rivers,Austin Rivers,HOU,2019,2174318,0.019922,0.019,-0.0009,2073660,-0.7436102340462509,-1.0580392572120862,-0.17151769699341549,,,1345.0,0.5732,13.9,76.0,0,0,0.25
Facundo Campazzo,Facundo Campazzo,DAL,2022,464299,0.003755,0.019,0.0152,2349445,-0.4943475683801728,-0.7674246216078077,-0.48995706175581705,,,1184.0,0.7927,14.7,70.0,1,0,0.25
Johnny Furphy,Johnny Furphy,IND,2026,2296271,0.0150083071895424,0.019,0.004,2907000,-0.41041515219230185,-0.5078578175451447,-0.8270865036780002,21.0,441.0,643.0,0.4954,12.8,80.0,1,1,0.25
Markelle Fultz,Markelle Fultz,ORL,2019,9745200,0.089291,0.019,-0.0702,2073660,-1.0314593569028643,-0.8950583008083056,-0.24896832725562842,,,427.0,0.2317,19.3,76.0,0,0,0.25
Joe Ingles,Joe Ingles,MIN,2025,2296274,0.016261642399864,0.0189,0.0027,2668831,-1.2300365473245995,-0.5590570593469335,-2.300451056357865,38.0,1444.0,114.0,0.4768,12.2,80.0,6,1,0.25
Killian Hayes,Killian Hayes,SAC,2025,263940,0.0018691575548127,0.0189,0.017,2668831,-0.6942804421021903,0.14786984280286394,-0.27413901860280326,24.0,576.0,162.0,0.3756,15.5,76.0,4,1,0.25
Oshae Brissett,Oshae Brissett,PHI,2024,119972,0.000853,0.0189,0.018,2657113,-0.4032902707683081,-0.12026073624728405,0.2864969463817951,,,630.0,0.7366,14.5,79.0,4,1,0.25
Duop Reath,Duop Reath,ATL,2025,2221677,0.0157333649651577,0.0189,0.0032,2668831,-0.3774354336373249,-0.11182147405523685,-0.9474409318751933,30.0,900.0,469.0,0.6616,17.0,81.0,1,1,0.25
Matisse Thybulle,Matisse Thybulle,,2020,2711280,0.0248422210005497,0.0188,-0.006,2051832,0.26092793457766705,-0.16960875759174482,0.726288667982861,,,1287.0,0.9028,11.2,77.0,0,0,0.25
Wes Iwundu,Wes Iwundu,ORL,2019,1618520,0.01483,0.0187,0.0039,2040918,-0.237208999391098,-1.2884606093691553,-0.5877306491851338,,,1233.0,0.8293,12.8,78.0,0,0,0.25
Yves Missi,Yves Missi,NOP,2026,3512760,0.0229592156862745,0.0187,-0.0042,2861100,-0.5402560230069795,-0.014812511828251107,-0.8253294982556298,22.0,484.0,1297.0,0.8369,12.6,83.0,1,1,0.25
Iman Shumpert,Iman Shumpert,BRK,2019,419443,0.003843,0.0187,0.0148,2040918,-0.7382796947340915,-0.8725781688905427,0.07228341739720265,,,1099.0,0.5122,15.2,77.0,0,0,0.25
Timofey Mozgov,Timofey Mozgov,ORL,2019,5573333,0.051066,0.0187,-0.0324,2040918,-1.1060869072730974,,,,,,,,85.0,0,0,0.25
Ryan Anderson,Ryan Anderson,HOU,2019,500000,0.004581,0.0186,0.0141,2030003,-0.5463802794963494,-1.2491203785130705,-2.4243208120116964,,,278.0,0.1829,12.1,81.0,0,0,0.25
Andre Iguodala,Andre Iguodala,GSW,2022,1836090,0.014848,0.0186,0.0037,2299983,-0.2643631854227564,0.9338884883273912,0.920599510574167,,,603.0,0.4778,11.4,78.0,3,0,0.25
Jordan Bell,Jordan Bell,LAL,2020,580062,0.005315,0.0185,0.0132,2019090,-0.42336865935509416,-0.21704089151998068,-1.2916568367785355,,,235.0,0.5454,15.9,80.0,1,0,0.25
Cameron Payne,Cameron Payne,,2019,196288,0.0017984973428623,0.0184,0.0166,2008176,-0.8928653347867171,-0.9175384327260684,-1.5285874359356684,,,536.0,0.378,17.4,74.0,0,0,0.25
Joe Chealey,Joe Chealey,CHO,2019,163356,0.001497,0.0184,0.0169,2008176,-1.0847647500244593,-0.12511378262492798,-3.0765898155678113,,,8.0,0.0122,16.2,76.0,0,0,0.25
Caleb Martin,Caleb Martin,DAL,2026,10001493,0.0653692352941176,0.0183,-0.0471,2799900,-1.0967168979270263,-0.7690346647085794,-0.9574563060178859,30.0,900.0,856.0,0.6232,12.5,77.0,6,1,0.25
Stanley Johnson,Stanley Johnson,TOR,2019,3623000,0.033196,0.0183,-0.0149,1997262,-1.0900952893366187,-1.316560774266359,-0.3954510410124225,,,961.0,0.5854,19.1,78.0,0,0,0.25
Malcolm Miller,Malcolm Miller,TOR,2019,1588231,0.014552,0.0183,0.0037,1997262,-0.8342294023529626,-0.6309167507745921,-0.34662346976015784,,,67.0,0.122,18.5,79.0,0,0,0.25
JaKarr Sampson,JaKarr Sampson,IND,2020,1620564,0.014848,0.0181,0.0032,1975434,-0.395091940597542,-0.4719886113842482,0.11248471873370415,,,471.0,0.3134,13.2,79.0,1,0,0.25
Evan Turner,Evan Turner,MIN,2019,18606557,0.170483,0.0181,-0.1524,1975434,-0.9248485706596741,-0.13635384858380942,-0.5739242324862175,,,1605.0,0.8902,15.9,78.0,0,0,0.25
Trey Lyles,Trey Lyles,SAS,2020,5500000,0.050394,0.0181,-0.0323,1975434,-0.5590969093913443,-0.08660252321733218,-0.21522416942474398,,,1271.0,0.8396,13.6,81.0,1,0,0.25
Yogi Ferrell,Yogi Ferrell,SAC,2019,3150000,0.028862,0.0178,-0.011,1942692,-0.3491503249464476,-0.5634763550213036,-0.4439418703939818,,,1067.0,0.8659,16.3,72.0,0,0,0.25
Terry Taylor,Terry Taylor,IND,2022,1563518,0.012644,0.0177,0.0051,2188693,-0.6323381981546227,-0.5627553752998139,0.08942173059071111,,,714.0,0.4024,15.9,77.0,0,0,0.25
Jared Harper,Jared Harper,NYK,2020,99020,0.000907,0.0176,0.0167,1920864,-0.8531747844698863,-0.027312355807037426,,,,,,,70.0,0,0,0.25
Gradey Dick,Gradey Dick,TOR,2026,7131511,0.0466111830065359,0.0175,-0.0291,2677500,-1.1647287826394765,-1.1025744818838707,-0.38502393940960083,22.0,484.0,1067.0,0.8073,18.7,79.0,2,1,0.25
Jordan Miller,Jordan Miller,LAC,2025,712637,0.0050467183162427,0.0174,0.0124,2457019,-0.9304739938669084,-0.9590474389492767,-0.9291829827522026,26.0,676.0,420.0,0.3186,18.2,77.0,1,1,0.25
Romeo Langford,Romeo Langford,SAS,2022,5634257,0.045564,0.0174,-0.0282,2151597,-0.7128327321897183,-0.524379891617065,-0.39350874911786954,,,728.0,0.423,13.0,77.0,2,0,0.25
Justin Anderson,Justin Anderson,PHI,2020,125000,0.001145,0.0171,0.016,1866294,-0.9210389094880114,-0.009525305583948982,-1.9932399524987054,,,107.0,0.3063,17.1,78.0,1,0,0.25
Jonah Bolden,Jonah Bolden,PHI,2019,1698450,0.015562,0.0171,0.0016,1866294,-0.237208999391098,-0.42297553053528575,-0.27186677446358704,,,639.0,0.5366,13.8,80.0,0,0,0.25
Ziaire Williams,Ziaire Williams,,2023,4810200,0.0353636570823622,0.017,-0.0184,2312357,-0.9582914011629489,-1.9064583816000347,-0.9956992114833824,,,561.0,0.5655,18.0,81.0,1,0,0.25
Jevon Carter,Jevon Carter,,2019,1416852,0.0129819681143485,0.0169,0.0039,1844465,-0.8342294023529626,-0.906298366767187,-1.3568490818759784,,,577.0,0.4756,18.0,72.0,0,0,0.25
Maxi Kleber,Maxi Kleber,LAL,2025,11000000,0.0778992691632202,0.0169,-0.061,2386415,-1.005364632231331,-1.6579517714364052,-1.5272108952543682,34.0,1156.0,637.0,0.4549,8.7,82.0,6,1,0.25
Kelan Martin,Kelan Martin,IND,2020,801900,0.007347,0.0167,0.0093,1822638,-0.8305534094638445,-0.8455166660691051,-1.0029609114960931,,,495.0,0.4306,17.8,77.0,0,0,0.25
Mychal Mulder,Mychal Mulder,GSW,2020,1517981,0.013909,0.0166,0.0027,1811724,-0.7513785969426985,-0.5727818959817492,-0.7204420386690183,,,204.0,0.0972,16.2,75.0,0,0,0.25
PJ Dozier,PJ Dozier,SAC,2022,539450,0.004363,0.0166,0.0122,2052673,-1.0060628204604243,-0.8569674168675551,-1.0087112004442067,,,340.0,0.3732,15.2,78.0,3,0,0.25
Drew Eubanks,Drew Eubanks,SAC,2025,2296274,0.016261642399864,0.0166,0.0004,2344052,-0.8959090838525594,0.17401998555627124,-0.6258447753930432,29.0,841.0,568.0,,14.8,82.0,5,1,0.25
Devin Carter,Devin Carter,SAC,2025,4923720,0.0348685626876664,0.0165,-0.0184,2329932,-0.4868909820160966,0.3558367677937852,-0.6152743837955222,24.0,576.0,396.0,0.439,17.9,74.0,0,1,0.25
Marcus Sasser,Marcus Sasser,DET,2026,5198983,0.0339802810457516,0.0165,-0.0175,2524500,-0.769023271585221,-0.9653316703578073,-0.4250836630396466,25.0,625.0,457.0,0.6134,19.6,73.0,2,1,0.25
Frank Jackson,Frank Jackson,NOP,2019,1618520,0.01483,0.0165,0.0016,1800810,-1.1807144576433304,,-1.4780761553298771,,,1169.0,0.7439,18.5,75.0,0,0,0.25
DeAndre' Bembry,DeAndre' Bembry,TOR,2020,1737145,0.015917,0.0165,0.0006,1800810,-0.3781259093430107,-1.0589612687461663,-0.3927331505105702,,,915.0,0.7483,14.0,77.0,1,0,0.25
Darius Garland,Darius Garland,,2020,6720720,0.0615788894997251,0.0165,-0.0451,1800810,-1.8372045972326998,-2.541215454003536,-1.000685155328326,,,1824.0,0.8194,20.7,73.0,0,0,0.25
Armoni Brooks,Armoni Brooks,HOU,2021,1489065,0.013246,0.0164,0.0032,1843589,-1.052732973425822,-0.8609084603621522,-0.6883209120399246,,,520.0,0.2439,17.9,75.0,0,0,0.25
Pat Connaughton,Pat Connaughton,,2020,4938273,0.0452471412864211,0.0164,-0.0289,1789896,-0.24239765930676058,0.3817897993239964,0.16612754268821206,,,1243.0,0.8606,12.3,77.0,1,0,0.25
Peyton Watson,Peyton Watson,,2024,2413560,0.0171676103223603,0.0164,-0.0008,2305643,-1.110744717337261,-1.0418100212191266,-0.27344892128016907,,,1488.0,0.7149,16.2,80.0,1,1,0.25
Rayjon Tucker,Rayjon Tucker,DEN,2021,95930,0.000853,0.0164,0.0155,1843589,-1.0021910084155137,-0.25957193553475266,-0.645951315792745,,,68.0,0.2109,19.2,75.0,1,0,0.25
Malaki Branham,Malaki Branham,,2023,3071880,0.0225838657266157,0.0164,-0.0062,2230744,-1.410250716530679,-1.7523397123095383,-0.7375881710410522,,,1550.0,0.8049,19.1,76.0,0,0,0.25
Gabe Vincent,Gabe Vincent,,2021,1669178,0.0148484886224135,0.0163,0.0014,1832348,-0.923570173955034,-0.9459459487215826,-1.4746507718037574,,,655.0,0.6098,19.1,74.0,0,0,0.25
Bismack Biyombo,Bismack Biyombo,SAS,2025,2296274,0.016261642399864,0.0163,0.0001,2301690,-1.281883912346123,-0.6639449688468001,-1.2735214969138673,33.0,1089.0,528.0,0.4293,12.3,80.0,6,1,0.25
James Wiseman,James Wiseman,,2024,2237691,0.0159166571826898,0.0163,0.0004,2291584,-1.3502765378291113,-1.5239450775951238,-1.1673873967280561,,,1091.0,,16.3,83.0,3,1,0.25
Baylor Scheierman,Baylor Scheierman,BOS,2026,2744040,0.0179349019607843,0.0162,-0.0018,2478600,-0.4042322535820791,0.17536065088545308,0.2531204299953383,25.0,625.0,1429.0,0.7287,11.9,78.0,1,1,0.25
Frank Ntilikina,Frank Ntilikina,NYK,2019,4855800,0.044491,0.0161,-0.0284,1757154,-1.0314593569028643,-1.0299390923148826,-1.5302711452891946,,,904.0,0.5244,16.6,76.0,0,0,0.25
Zaccharie Risacher,Zaccharie Risacher,ATL,2026,13826040,0.0903662745098039,0.0161,-0.0743,2463300,-1.3502157409461588,-0.1335081781449225,-0.5347208013955613,21.0,441.0,1503.0,0.8537,17.6,80.0,1,1,0.25
PJ Dozier,PJ Dozier,DEN,2019,183115,0.001678,0.016,0.0143,1746240,-0.7169575374854534,-0.2880947390287087,0.8471264618900373,,,51.0,0.0732,18.5,78.0,0,0,0.25
Jordan Nwora,Jordan Nwora,IND,2022,2800000,0.022644,0.016,-0.0067,1978480,-1.6960159693326737,-1.4070160163202887,-1.021800614302214,,,1185.0,0.6098,19.4,80.0,1,0,0.25
Garrison Mathews,Garrison Mathews,,2024,2230253,0.015863750817993,0.0158,-0.0001,2221290,-0.4311428080348023,-1.456812348226314,-0.752655706364319,,,992.0,,11.1,77.0,3,1,0.25
Khaman Maluach,Khaman Maluach,PHO,2026,6316680,0.0412854901960784,0.0157,-0.0256,2402100,-0.5402560230069795,-0.0923307627319432,-1.2456051952866358,19.0,361.0,411.0,0.561,14.8,85.0,0,1,0.25
Luca Vildoza,Luca Vildoza,MIL,2021,42789,0.000381,0.0157,0.0153,1764899,-1.0471171995357877,,,,,,,,,0,0,0.25
Gary Payton II,Gary Payton II,,2021,1939350,0.0172518547511875,0.0156,-0.0017,1753658,0.025495613460755528,-0.2838683607803042,4.478277500924975,,,40.0,0.1891,16.8,74.0,2,0,0.25
Nerlens Noel,Nerlens Noel,BRK,2022,105522,0.000853,0.0156,0.0147,1929018,0.09211260816123913,-0.6075267729296875,-0.09451897994023185,,,562.0,0.556,7.3,82.0,3,0,0.25
Matthew Dellavedova,Matthew Dellavedova,CLE,2020,1620564,0.014848,0.0155,0.0007,1691670,-0.37247056559150027,-0.4897756616073366,-0.8953501555631107,,,821.0,0.6594,13.0,75.0,1,0,0.25
Stanley Johnson,Stanley Johnson,CHI,2021,120083,0.001068,0.0155,0.0144,1742417,-0.8954913045048627,-0.6422406331521888,-0.6574783383011689,,,1006.0,0.5932,13.4,78.0,2,0,0.25
Justin Edwards,Justin Edwards,PHI,2026,2411090,0.0157587581699346,0.0154,-0.0003,2356200,-0.7628403729749983,-0.6740185493555652,-0.19069913969543162,22.0,484.0,977.0,0.689,16.1,79.0,1,1,0.25
Adem Bona,Adem Bona,PHI,2025,1955377,0.0138474944762336,0.0154,0.0015,2174603,-0.37167461530160006,-0.46710289730876553,-0.745642546831613,23.0,529.0,905.0,0.7073,14.3,82.0,0,1,0.25
Markieff Morris,Markieff Morris,DAL,2023,2019706,0.014848,0.0154,0.0005,2094723,-1.1447246187521376,-0.6616537450229494,-0.3237008639000475,,,285.0,0.3756,15.6,81.0,4,0,0.25
Bronny James,Bronny James,LAL,2025,1955377,0.0138474944762336,0.0153,0.0015,2160482,-1.2012324556459753,-0.16173679494689222,-1.90358089910549,21.0,441.0,181.0,0.3293,20.9,74.0,0,1,0.25
Ish Smith,Ish Smith,CHO,2023,2019706,0.014848,0.0152,0.0004,2067519,-1.6588283399829307,-1.847181970334459,-1.7836769693095262,,,398.0,0.472,19.3,72.0,4,0,0.25
Nae'Qwan Tomlin,Nae'Qwan Tomlin,CLE,2025,718150,0.0050857600135969,0.0152,0.0102,2146361,-1.9328563842830284,-0.12997378725744727,-1.115285937847949,25.0,625.0,63.0,0.061,26.1,80.0,0,1,0.25
Omari Spellman,Omari Spellman,MIN,2019,1897800,0.017389,0.0151,-0.0023,1648014,-0.6103467512422633,-0.8163778390961356,-0.6362214785666931,,,805.0,0.561,14.9,80.0,0,0,0.25
Khem Birch,Khem Birch,ORL,2020,2586036,0.023695,0.015,-0.0087,1637100,-0.2593636905612918,-0.9818840511127831,-0.979228025746523,,,922.0,0.6453,10.2,80.0,1,0,0.25
Kris Murray,Kris Murray,POR,2025,3132000,0.0221800464562914,0.015,-0.0072,2118120,-0.3601529786301504,-1.119690629024283,-0.6143134391048386,25.0,625.0,1040.0,0.8095,13.9,80.0,1,1,0.25
Bismack Biyombo,Bismack Biyombo,,2024,503884,0.0035841181324152,0.015,0.0114,2108820,-0.8879244192053074,-1.0662219228077847,-1.092747309596767,,,718.0,0.4939,10.6,80.0,5,1,0.25
John Konchar,John Konchar,UTA,2025,6165000,0.0436589994901138,0.0149,-0.0287,2103999,0.1813639449279834,0.05972953839049152,0.618258284145474,30.0,900.0,558.0,0.6573,8.0,77.0,5,1,0.25
Lamar Stevens,Lamar Stevens,MEM,2023,2019706,0.014848,0.0149,0.0,2026712,-0.8509510637631129,-0.9580358013508268,-0.398291543428756,,,1120.0,0.7061,13.6,79.0,2,0,0.25
Hunter Tyson,Hunter Tyson,,2024,1891857,0.0134567459527128,0.0147,0.0012,2066643,-1.043898627897675,-0.8343088577155329,-1.8635441626957576,,,48.0,0.2195,20.0,80.0,0,1,0.25
Caleb Martin,Caleb Martin,,2020,1517981,0.0139085669781931,0.0147,0.0008,1604358,-0.395091940597542,-0.4897756616073366,0.26398505790219307,,,317.0,0.25,15.0,77.0,0,0,0.25
Ryan Dunn,Ryan Dunn,PHO,2025,2657760,0.0188215965101127,0.0147,-0.0041,2075757,-0.8152576271524119,-0.35812122984158345,-0.5970164346725316,23.0,529.0,1410.0,0.9024,16.7,79.0,0,1,0.25
Thanasis Antetokounmpo,Thanasis Antetokounmpo,,2021,1729217,0.0153825769032326,0.0146,-0.0008,1641244,-0.6371657055632869,-1.2921700084706913,-0.7609099997281071,,,551.0,0.5386,15.3,79.0,1,0,0.25
Jonathon Simmons,Jonathon Simmons,WAS,2019,1000000,0.009163,0.0146,0.0055,1593444,-1.377944412193232,-1.339040906184122,-1.3208177017105147,,,845.0,0.5,19.3,78.0,0,0,0.25
Jordan Bell,Jordan Bell,CHI,2021,102831,0.000915,0.0146,0.0137,1641244,-0.7157865400237664,-0.13201570299560733,-1.5512898944273323,,,67.0,0.3088,14.2,80.0,2,0,0.25
Justin Patton,Justin Patton,DAL,2019,1620564,0.014848,0.0144,-0.0004,1571616,-0.700965919548975,-0.17569407943989437,-0.1435681217248778,,,21.0,0.0366,15.7,83.0,0,0,0.25
Shake Milton,Shake Milton,LAL,2024,2875000,0.02045,0.0143,-0.0061,2010408,-1.322424000562617,-0.9685743164531523,-0.9280744325405775,,,491.0,,18.7,77.0,5,1,0.25
Joakim Noah,Joakim Noah,NYK,2020,6431667,0.05893,0.0143,-0.0446,1560702,-0.7174465344336362,-0.3119051593764523,-1.3843126236090493,,,50.0,0.2355,14.7,83.0,1,0,0.25
Marquese Chriss,Marquese Chriss,GSW,2019,1413272,0.012949,0.0141,0.0012,1538874,-1.4472414232513056,-0.40049539861752287,-1.3571858237466838,,,395.0,0.3293,20.7,81.0,0,0,0.25
Joe Ingles,Joe Ingles,,2024,2087519,0.0148484863572993,0.0141,-0.0008,1982290,-0.8934949266586063,-0.24842321958773897,0.5920275754172653,,,1169.0,0.6927,11.6,80.0,5,1,0.25
Dwayne Bacon,Dwayne Bacon,CHO,2019,1618520,0.01483,0.014,-0.0008,1527960,-0.7702629306070485,-0.8332379380344578,-0.22539639630625924,,,759.0,0.5244,16.8,78.0,0,0,0.25
Solomon Hill,Solomon Hill,NYK,2021,2389641,0.021258,0.014,-0.0072,1573796,-0.8168704700443832,-1.2982441147820791,-0.5771007218910781,,,1513.0,0.7402,10.4,78.0,2,0,0.25
Thanasis Antetokounmpo,Thanasis Antetokounmpo,,2022,1878720,0.015193239254377,0.0139,-0.0013,1718804,-0.7990768757987495,-0.9401142981801776,-0.8395821950683773,,,473.0,0.5568,15.7,79.0,2,0,0.25
Jaylen Clark,Jaylen Clark,,2024,492323,0.0035018849403932,0.0136,0.0101,1911996,-0.8879244192053074,,,,,,,,77.0,0,1,0.25
Aaron Wiggins,Aaron Wiggins,,2022,1563518,0.012644195544054,0.0135,0.0009,1669342,-0.9543163342950056,-1.323869135007666,-0.5970835804358232,,,1209.0,0.6098,15.3,77.0,0,0,0.25
Peyton Watson,Peyton Watson,DEN,2025,4356476,0.0308514815024644,0.0134,-0.0175,1892187,-1.2761230940103983,-0.39227792990995014,-0.3257097170028293,23.0,529.0,1656.0,0.7634,13.9,80.0,2,1,0.25
Keita Bates-Diop,Keita Bates-Diop,SAS,2021,1729217,0.015383,0.0134,-0.002,1506347,-0.6989392183536638,-0.6422406331521888,-0.4057530900091018,,,245.0,0.3659,14.8,80.0,2,0,0.25
Yves Missi,Yves Missi,NOP,2025,3353040,0.0237453968613676,0.0134,-0.0104,1892187,-1.3049271856890223,-1.5103783365830599,-1.134504831661623,22.0,484.0,1956.0,0.8902,14.3,83.0,0,1,0.25
Dylan Windler,Dylan Windler,CLE,2021,2239200,0.019919,0.0134,-0.0066,1506347,-0.32268236772136843,-0.4174986996308374,-0.5674429462759122,,,513.0,,14.8,79.0,1,0,0.25
Gary Clark,Gary Clark,DEN,2020,2000000,0.018325,0.0133,-0.0051,1451562,0.012092809511208471,-1.2249737374949916,-0.965573488739921,,,355.0,0.4416,10.1,78.0,1,0,0.25
Terrence Shannon Jr.,Terrence Shannon Jr.,MIN,2025,2674080,0.0189371706985439,0.0133,-0.0056,1878066,-0.5617816203805193,-1.0413994500481432,-0.49964070601658184,25.0,625.0,339.0,0.3902,17.7,78.0,0,1,0.25
Torrey Craig,Torrey Craig,PHO,2022,5121951,0.041421,0.0133,-0.0281,1644611,-1.2130487651220991,-1.330265048954791,-0.7403782163550596,,,1034.0,0.5892,13.9,77.0,3,0,0.25
Jordan Goodwin,Jordan Goodwin,PHO,2025,2349578,0.0166391280947255,0.0132,-0.0034,1863945,-0.31406643194435174,-0.2032600136836694,-0.33211601494072074,27.0,729.0,543.0,,14.1,75.0,3,1,0.25
Quinn Cook,Quinn Cook,LAL,2019,3000000,0.027488,0.0132,-0.0143,1440648,-1.0154677389663858,-1.102999521047612,-1.099915034527855,,,1059.0,0.9024,20.2,73.0,0,0,0.25
Abdel Nader,Abdel Nader,PHO,2020,1752950,0.016061,0.0131,-0.003,1429734,-0.8022766907062925,-1.2605478379411685,-0.5543118384220272,,,867.0,0.7564,17.0,77.0,1,0,0.25
Isaiah Joe,Isaiah Joe,,2021,1517981,0.0135034871101464,0.0131,-0.0004,1472623,-0.5529290972127731,-0.053052320947564985,-0.4876884121635741,,,383.0,0.5,17.4,76.0,0,0,0.25
Avery Bradley,Avery Bradley,LAL,2019,4767000,0.043678,0.013,-0.0307,1418820,-1.1060869072730974,-1.8336038083749047,-0.894502493397638,,,1463.0,0.5976,14.2,75.0,0,0,0.25
Bruce Brown,Bruce Brown,DEN,2025,2296274,0.016261642399864,0.0128,-0.0035,1807462,-1.6678587408396863,-0.9101648075752399,-1.4679526393288727,29.0,841.0,569.0,0.4598,15.9,76.0,6,1,0.25
Ryan Arcidiacono,Ryan Arcidiacono,DET,2023,2019706,0.014848,0.0128,-0.0021,1741068,-0.9639408926050453,-0.2822847129232664,-1.8853295112282233,,,146.0,0.1988,11.3,75.0,4,0,0.25
Matisse Thybulle,Matisse Thybulle,,2021,2840160,0.0252651804935328,0.0128,-0.0125,1438899,0.10411644792123513,0.35391280191542257,1.0824789781730813,,,1298.0,0.834,9.4,77.0,1,0,0.25
Skylar Mays,Skylar Mays,POR,2022,105522,0.000853,0.0127,0.0118,1570418,-0.5920909311370747,-1.3814323605317893,-0.8254594064321062,,,220.0,0.3643,15.5,76.0,1,0,0.25
Anthony Tolliver,Anthony Tolliver,MEM,2019,434704,0.003983,0.0126,0.0086,1375164,-0.3704724821950856,-0.6983571465278806,-1.016066308722242,,,1079.0,0.7927,12.5,80.0,0,0,0.25
De'Anthony Melton,De'Anthony Melton,,2019,1416852,0.0129819681143485,0.0126,-0.0004,1375164,-0.6743132229881774,-0.3555351347819972,-0.6032207752375763,,,984.0,0.6098,15.0,74.0,0,0,0.25
KZ Okpala,KZ Okpala,OKC,2021,1782621,0.015858,0.0126,-0.0033,1416416,-0.682091896683561,-1.116020925440443,-1.689925705677295,,,447.0,0.3081,11.9,80.0,1,0,0.25
Terrance Ferguson,Terrance Ferguson,OKC,2019,2475840,0.022685,0.0124,-0.0103,1353336,-0.6529910657395395,-0.732077344404525,-0.33315379493194686,,,1931.0,0.9024,10.6,78.0,0,0,0.25
Marko Guduric,Marko Guduric,MEM,2020,2750000,0.025197,0.0124,-0.0128,1353336,-0.649582409415511,-0.9344519171845473,-0.9912570226332914,,,484.0,0.6111,17.6,78.0,0,0,0.25
Julian Phillips,Julian Phillips,MIN,2025,2221677,0.0157333649651577,0.0123,-0.0034,1736858,-0.4350436169945731,-0.8003218198935541,-0.27542027819038156,22.0,484.0,1123.0,0.7851,12.9,78.0,1,1,0.25
Matt Ryan,Matt Ryan,NOP,2023,1500000,0.011028,0.0117,0.0006,1591445,-0.8227036065526298,-0.7387130796681977,-0.3039161409762742,,,181.0,0.1723,15.6,78.0,1,0,0.25
Troy Daniels,Troy Daniels,DEN,2019,481000,0.004407,0.0117,0.0073,1276938,-0.8395599416651222,-0.827617905055017,-0.7456625865459071,,,760.0,0.622,17.6,76.0,0,0,0.25
Tony Snell,Tony Snell,DET,2019,11392857,0.104388,0.0117,-0.0927,1276938,-0.301175471137012,-0.4791758603296928,-0.08834245492921289,,,1304.0,0.9024,12.9,78.0,0,0,0.25
Rajon Rondo,Rajon Rondo,CLE,2021,2641691,0.0235,0.0117,-0.0118,1315243,-0.8730282089447257,-0.8791307792963157,-0.9612309584555812,,,402.0,0.4768,16.2,73.0,2,0,0.25
Sidy Cissoko,Sidy Cissoko,POR,2025,686243,0.0048598025607614,0.0116,0.0068,1638012,-1.2012324556459753,0.03974270956643061,-2.7690717505146236,22.0,484.0,60.0,0.093,15.5,78.0,1,1,0.25
Jaden Springer,Jaden Springer,PHI,2022,2125200,0.017187,0.0116,-0.0056,1434398,-0.44835069178868947,-0.48600440793431615,0.41872382659741797,,,6.0,0.0244,15.0,76.0,0,0,0.25
R.J. Hampton,R.J. Hampton,DET,2022,485403,0.003925,0.0116,0.0077,1434398,-1.839756208681059,-2.0849828947155182,-1.1885184118620946,,,1402.0,0.6067,18.4,76.0,1,0,0.25
Nickeil Alexander-Walker,Nickeil Alexander-Walker,,2020,3113160,0.0285244639912039,0.0116,-0.017,1266024,-1.4187091596209285,-1.1360384863795494,-1.0819621613200048,,,591.0,0.6528,23.3,77.0,0,0,0.25
Ochai Agbaji,Ochai Agbaji,,2023,4114200,0.030246800126451,0.0114,-0.0189,1550639,-0.8735490295314995,-1.1062268295147655,-0.39442556308732907,,,1209.0,0.7195,15.8,77.0,0,0,0.25
Abdel Nader,Abdel Nader,PHO,2021,2000000,0.017791,0.0114,-0.0063,1281519,-1.0358856517557193,-0.6543888457749644,-0.10231201100356559,,,355.0,0.5243,19.0,77.0,2,0,0.25
Jaylen Nowell,Jaylen Nowell,MIN,2020,1517981,0.013909,0.0114,-0.0025,1244196,-0.7966213469547819,-0.25854400870718697,-0.5923494772261328,,,151.0,0.2083,17.3,76.0,0,0,0.25
James Johnson,James Johnson,IND,2023,2241188,0.016477,0.0114,-0.0051,1550639,-1.1164771615416544,-0.35341640644195693,-0.5422424584948308,,,162.0,0.3902,15.7,79.0,4,0,0.25
Pelle Larsson,Pelle Larsson,MIA,2025,1955377,0.0138474944762336,0.0113,-0.0026,1595650,-0.15276351854405662,-0.5410816874763433,-0.17932580912201,25.0,625.0,782.0,0.6707,14.4,77.0,0,1,0.25
Torrey Craig,Torrey Craig,PHO,2021,4878049,0.043394,0.0112,-0.0322,1259036,-0.6315499316732526,-0.17453444717532243,0.35970351278001766,,,602.0,0.6197,15.5,77.0,2,0,0.25
Taj Gibson,Taj Gibson,NYK,2021,4910000,0.043678,0.0112,-0.0325,1259036,-0.1261302815701694,0.4632467155204043,0.7404067967068814,,,936.0,0.7035,9.7,81.0,2,0,0.25
Will Richard,Will Richard,GSW,2026,2150917,0.0140582810457516,0.0111,-0.0029,1698300,-0.33003747025940616,-0.38661379191380213,-0.09265823712716176,23.0,529.0,1377.0,0.8415,13.0,75.0,0,1,0.25
Sandro Mamukelashvili,Sandro Mamukelashvili,,2022,357717,0.0028928632081193,0.0111,0.0082,1372570,-0.4598499109365603,-0.793008277396307,-1.0414347350892248,,,407.0,0.5,14.6,81.0,0,0,0.25
Jamal Shead,Jamal Shead,TOR,2025,1955377,0.0138474944762336,0.011,-0.0028,1553288,-1.0802552705957538,-1.297306893753946,-0.9464799871845095,24.0,576.0,1467.0,0.9146,18.6,73.0,0,1,0.25
Wilson Chandler,Wilson Chandler,BRK,2019,2564753,0.0235,0.011,-0.0125,1200540,-0.4610916505017972,-0.48479589330913353,-0.01190205027911577,,,951.0,0.439,11.2,80.0,0,0,0.25
Juan Toscano-Anderson,Juan Toscano-Anderson,GSW,2021,1701593,0.015137,0.011,-0.0042,1236554,-0.5697764188828759,-0.2109790850436497,0.6541098984681405,,,1107.0,0.4717,11.0,78.0,1,0,0.25
Matt Thomas,Matt Thomas,UTA,2020,1517981,0.013909,0.0109,-0.003,1189626,-0.28764040931884394,-1.1834706203077854,0.3033231288021655,,,440.0,0.5694,16.6,75.0,0,0,0.25
Anthony Lamb,Anthony Lamb,SAS,2021,85578,0.000761,0.0108,0.01,1214071,-0.8449493394945545,-0.9823905865899095,-1.4625006669975809,,,415.0,0.2927,15.0,78.0,0,0,0.25
Ousmane Dieng,Ousmane Dieng,,2023,4798440,0.0352771998441417,0.0105,-0.0248,1428220,-0.7323117434790838,-0.35341640644195693,-0.4690162426160377,,,569.0,0.4756,15.9,81.0,0,0,0.25
Moses Moody,Moses Moody,,2022,3740160,0.0302467348671707,0.0104,-0.0198,1286012,-0.4253522534929478,-1.566913864998409,-0.8085809517204654,,,607.0,0.6341,15.2,77.0,0,0,0.25
Darius Bazley,Darius Bazley,OKC,2020,2399160,0.021982,0.0103,-0.0116,1124142,-0.6835144719245736,-1.153825536602638,-0.7467757886103222,,,1130.0,0.8472,15.1,81.0,0,0,0.25
Blake Wesley,Blake Wesley,POR,2025,2296274,0.016261642399864,0.0103,-0.006,1454442,-0.838300900495311,-1.0132072018380993,-0.5188595998302562,23.0,529.0,683.0,0.6671,16.7,76.0,2,1,0.25
Rodney McGruder,Rodney McGruder,DET,2021,1939350,0.017252,0.0103,-0.007,1157864,-0.6596288011234239,-0.46001744381055254,0.8242113657546116,,,194.0,0.4919,18.1,76.0,2,0,0.25
Andre Jackson Jr.,Andre Jackson Jr.,MIL,2026,2406205,0.0157268300653594,0.0102,-0.0055,1560600,-0.9421444326714579,-0.4573469058277315,-1.8763701419176195,24.0,576.0,408.0,0.6768,17.8,78.0,2,1,0.25
Rajon Rondo,Rajon Rondo,LAC,2020,8250000,0.075591,0.0101,-0.0655,1102314,-1.266014878330147,-0.25854400870718697,-0.22335187002391188,,,984.0,0.627,18.7,73.0,1,0,0.25
Killian Hayes,Killian Hayes,,2024,119972,0.0008533587503912,0.01,0.0091,1405880,-1.038328120444376,-0.7793820791410521,-0.6161543797039855,,,1008.0,0.6951,15.1,76.0,3,1,0.25
Jabari Smith Jr.,Jabari Smith Jr.,,2023,9326520,0.0685667654259268,0.01,-0.0586,1360210,-1.2633639390361668,-1.4381747326019882,,,,,,,83.0,0,0,0.25
Lamar Stevens,Lamar Stevens,CLE,2022,1782621,0.014416,0.01,-0.0044,1236550,-1.2130487651220991,-1.2023467700122945,-0.5919167065445045,,,1015.0,0.6631,17.1,79.0,1,0,0.25
Dalton Knecht,Dalton Knecht,LAL,2026,4201080,0.0274580392156862,0.0099,-0.0175,1514700,-0.7010113868727708,-1.5801471011665915,-1.7646245970548602,25.0,625.0,553.0,0.7683,17.7,78.0,1,1,0.25
Kyle Guy,Kyle Guy,MIA,2021,191860,0.001707,0.0098,0.0081,1101657,-1.1369695817763357,-0.4417951248763889,-1.8622079610059001,,,235.0,0.378,19.7,73.0,0,0,0.25
Damyean Dotson,Damyean Dotson,NYK,2021,205662,0.00183,0.0097,0.0079,1090415,-1.3503689895976374,-1.6262458555970245,-1.2257293938515774,,,907.0,0.6585,16.9,77.0,2,0,0.25
Tyler Kolek,Tyler Kolek,NYK,2025,2191897,0.0155224703982777,0.0097,-0.0058,1369717,-0.2161325202370297,-0.2345422704083804,-0.9138078677012634,25.0,625.0,296.0,0.5,15.8,74.0,0,1,0.25
Tony Snell,Tony Snell,ATL,2020,12178571,0.111587,0.0097,-0.1019,1058658,-0.7683446281972299,-1.1775416035667556,-0.23668129900654714,,,1641.0,0.8506,11.4,78.0,1,0,0.25
T.J. McConnell,T.J. McConnell,,2019,3500000,0.032068902327286,0.0097,-0.0224,1058658,-0.6103467512422633,0.0491072397377341,0.13087650289992028,,,1470.0,0.9268,15.0,73.0,0,0,0.25
Orlando Robinson,Orlando Robinson,MIA,2023,1801769,0.013246,0.0096,-0.0037,1305801,-0.3311978510902232,0.29269647635281565,-0.3851017281462405,,,425.0,0.378,12.4,82.0,0,0,0.25
Anthony Gill,Anthony Gill,,2022,1836090,0.0148484897497068,0.0096,-0.0053,1187088,-0.5633428832673977,-0.3452943010975704,-0.04078349147051817,,,463.0,0.4543,14.4,79.0,1,0,0.25
Torrey Craig,Torrey Craig,BOS,2024,779820,0.005547,0.0094,0.0039,1321527,-1.1330267471504563,-0.5291600878573068,-0.44915807581102407,,,1049.0,,12.5,77.0,5,1,0.25
Damyean Dotson,Damyean Dotson,CLE,2020,2000000,0.018325,0.0093,-0.009,1015001,-0.7457232531911882,-1.2842639049052864,-0.208396900921443,,,836.0,0.7505,16.5,77.0,1,0,0.25
Zhaire Smith,Zhaire Smith,PHI,2019,3058800,0.028026,0.0092,-0.0188,1004088,-0.8662126382259195,-0.5072760252268964,-0.5493420759247325,,,111.0,0.0732,16.4,75.0,0,0,0.25
Theo Pinson,Theo Pinson,DAL,2021,197076,0.001753,0.0092,0.0075,1034208,-1.249285059577021,-0.3142388923372435,-4.300640533260861,,,34.0,0.2119,13.1,77.0,2,0,0.25
Nerlens Noel,Nerlens Noel,OKC,2019,2028594,0.018587,0.0092,-0.0094,1004088,-0.1625814490208649,0.599870471722924,0.4642509548981412,,,1055.0,0.939,13.8,82.0,0,0,0.25
Yante Maten,Yante Maten,MIA,2019,100000,0.000916,0.0091,0.0082,993174,-1.2233587721406063,-0.12511378262492798,,,,,,,79.0,0,0,0.25
Bruce Brown,Bruce Brown,,2019,1416852,0.0129819681143485,0.0091,-0.0039,993174,-0.32249762838565005,-1.1479597848831375,-0.296448931025072,,,1449.0,0.9024,11.5,76.0,0,0,0.25
Patrick Patterson,Patrick Patterson,OKC,2021,737066,0.006557,0.009,0.0025,1011725,-0.6147026100031499,-0.39927638069667376,-0.2141552834501647,,,582.0,0.6312,14.0,80.0,2,0,0.25
Dragan Bender,Dragan Bender,GSW,2019,189702,0.001738,0.009,0.0073,982259,-0.7702629306070485,-0.8557180699522207,-1.230234138490796,,,826.0,0.561,13.4,84.0,0,0,0.25
Jeremiah Robinson-Earl,Jeremiah Robinson-Earl,,2022,2000000,0.0161740325906756,0.0088,-0.0074,1088164,-1.167051888530616,-0.5307758055641899,-1.1850738292678824,,,1087.0,0.5976,15.4,81.0,0,0,0.25
Dyson Daniels,Dyson Daniels,,2023,5784120,0.0425237279537718,0.0086,-0.0339,1169780,-0.32554835964812656,-0.7802065675541003,-0.5763540497427159,,,1042.0,0.7195,11.6,79.0,0,0,0.25
Keon Johnson,Keon Johnson,,2022,2681040,0.0216816141684525,0.0085,-0.0132,1051067,-1.8800034756986068,-2.0657951528741436,-1.856422976879882,,,562.0,0.2683,21.1,77.0,0,0,0.25
Tyler Johnson,Tyler Johnson,BRK,2020,1620564,0.014848,0.0085,-0.0063,927690,-1.1698740345544698,-1.0945353691923432,-1.584904274396512,,,515.0,0.4703,17.3,75.0,1,0,0.25
Jahlil Okafor,Jahlil Okafor,BRK,2021,2130023,0.018948,0.0085,-0.0105,955519,-1.232437737906918,-1.832765470184212,-1.1886559971352952,,,347.0,0.4335,16.8,82.0,2,0,0.25
Quentin Grimes,Quentin Grimes,,2024,4296682,0.0305622243719236,0.0084,-0.0221,1180939,-0.8099373148591236,-0.7976910053325457,-0.14740301538530784,,,910.0,0.6463,15.3,76.0,2,1,0.25
Isaiah Todd,Isaiah Todd,MEM,2023,1836096,0.013499,0.0084,-0.0051,1142576,-1.30855987057294,-0.2941399951763815,-2.31650002460149,,,61.0,0.1006,15.6,81.0,1,0,0.25
Jalen Johnson,Jalen Johnson,,2022,2792640,0.0225841251870122,0.0084,-0.0142,1038701,-1.2705448608614534,-0.6395063426653116,-1.7124394244418033,,,120.0,0.2683,19.3,80.0,0,0,0.25
Langston Galloway,Langston Galloway,BRK,2021,257418,0.00229,0.0083,0.006,933036,-0.6427814794533212,-1.0795762875721155,-0.21322066000353573,,,438.0,0.714,17.3,73.0,2,0,0.25
Isaiah Mobley,Isaiah Mobley,PHI,2024,11997,8.5e-05,0.0083,0.0082,1166880,-0.82664883721902,-0.22401131799908086,-1.4790170212100515,,,72.0,0.122,16.2,80.0,0,1,0.25
Kyle Lowry,Kyle Lowry,PHI,2025,2296274,0.016261642399864,0.0083,-0.0079,1172026,-1.1724283639673512,-0.26044667796054405,-0.5550551831793428,40.0,1600.0,659.0,,10.1,72.0,6,1,0.25
Zeke Nnaji,Zeke Nnaji,,2022,2617800,0.0211701912579353,0.0082,-0.0129,1013971,-0.9428171151471348,-0.920926556338803,-0.4810011470108647,,,698.0,0.5046,14.9,82.0,1,0,0.25
Seth Curry,Seth Curry,,2024,2087519,0.0148484863572993,0.0082,-0.0066,1152821,-0.9102064490185027,-0.7000433989779135,-0.34663686663847554,,,457.0,,15.9,73.0,5,1,0.25
Kai Jones,Kai Jones,CHO,2022,2909040,0.023525,0.0082,-0.0154,1013971,-1.046310087477972,-0.8825510726560544,-2.7124017515416674,,,63.0,0.2561,15.9,83.0,0,0,0.25
Tristan Da Silva,Tristan da Silva,ORL,2025,3809520,0.0269780748966064,0.0081,-0.0189,1143784,-0.9477564488740828,-1.0934672250447115,-0.6136728093110494,25.0,625.0,1629.0,0.9024,15.2,80.0,0,1,0.25
Alfonzo McKinnie,Alfonzo McKinnie,CHI,2021,1293926,0.01151,0.0081,-0.0034,910553,-0.7494811833639721,-0.5450549321699827,0.3325994328277778,,,258.0,0.5801,17.8,79.0,2,0,0.25
Noah Penda,Noah Penda,ORL,2026,2150917,0.0140582810457516,0.0081,-0.0059,1239300,-0.503158631345643,-0.2388322329026773,-0.8126790592145627,21.0,441.0,757.0,0.7195,14.8,79.0,0,1,0.25
Robin Lopez,Robin Lopez,WAS,2020,7300000,0.066887,0.0079,-0.059,862206,-0.9945583782576468,-0.8455166660691051,-1.126176852579478,,,958.0,0.9113,16.6,85.0,1,0,0.25
Gary Clark,Gary Clark,NOP,2021,377645,0.003359,0.0079,0.0046,888070,-0.6708603489034924,-1.35291107158457,-1.3456727361689607,,,637.0,0.4378,10.3,78.0,2,0,0.25
Jericho Sims,Jericho Sims,MIL,2026,2801346,0.0183094509803921,0.0079,-0.0104,1208700,-1.1956432756905904,-1.748005682374482,-1.4272795559597382,27.0,729.0,1318.0,0.661,9.8,82.0,4,1,0.25
Quinndary Weatherspoon,Quinndary Weatherspoon,GSW,2021,95930,0.000853,0.0077,0.0068,865587,-0.9965752345254794,-0.7151299088888431,-0.8225951472056188,,,121.0,0.2439,18.7,75.0,0,0,0.25
Jordan Hawkins,Jordan Hawkins,,2024,4525680,0.0321910831649927,0.0076,-0.0246,1068468,-1.1664497918702494,-0.9380594394673296,-0.7907018208164546,,,1160.0,0.8171,19.9,77.0,0,1,0.25
Gary Harris,Gary Harris,,2021,20482143,0.1822027772341523,0.0074,-0.1748,831863,-0.6989392183536638,-0.8609084603621522,0.10860134678570335,,,581.0,0.4882,13.8,76.0,2,0,0.25
Jeff Dowtin,Jeff Dowtin,PHI,2023,2196970,0.016152,0.0074,-0.0088,1006555,-1.1899205502889107,,,,,,,,75.0,0,0,0.25
Ryan Broekhoff,Ryan Broekhoff,DAL,2019,1416852,0.012982,0.0074,-0.0056,807636,-0.290514392512693,-0.7826576412194913,0.029853941688338163,,,453.0,0.5122,14.3,78.0,0,0,0.25
Kenrich Williams,Kenrich Williams,,2020,2000000,0.0183250870441634,0.0073,-0.011,796722,-0.23108697180373972,-0.015454322324978464,-0.4493019466807785,,,832.0,0.5489,8.9,79.0,1,0,0.25
Charles Bassey,Charles Bassey,,2022,2600000,0.0210262423678783,0.0072,-0.0139,890316,-0.6610862460242997,-0.3069188174148216,0.025008036078938974,,,168.0,0.2805,16.1,82.0,0,0,0.25
Malik Fitts,Malik Fitts,BOS,2021,402218,0.003578,0.0072,0.0036,809380,-1.232437737906918,-0.07734874619311646,,,,,,,77.0,0,0,0.25
Rob Dillingham,Rob Dillingham,CHI,2025,6576120,0.0465704492663305,0.007,-0.0396,988456,-1.414382734067794,-1.4001498463180744,-1.160770653206978,21.0,441.0,516.0,0.5976,22.7,74.0,0,1,0.25
Killian Tillie,Killian Tillie,MEM,2021,1901625,0.016916,0.0068,-0.0102,764415,-0.8000231483742803,-0.8123156098710492,-1.1668481167139528,,,182.0,0.2195,14.8,81.0,0,0,0.25
Terry Taylor,Terry Taylor,CHI,2023,2019706,0.014848,0.0068,-0.008,924942,-0.6645178461739242,-0.7090748740354098,-1.038224995239079,,,228.0,0.3491,14.2,77.0,1,0,0.25
Naji Marshall,Naji Marshall,,2021,1517981,0.0135034871101464,0.0068,-0.0067,764415,-1.0864276167660276,-0.15631212824115878,-0.20231671979286453,,,700.0,0.3902,16.8,78.0,0,0,0.25
Rajon Rondo,Rajon Rondo,LAL,2019,2564753,0.0235,0.0067,-0.0168,731238,-1.5005468163729005,-0.9343985316643906,-0.38871620359831704,,,1369.0,0.561,17.4,73.0,0,0,0.25
Brice Sensabaugh,Brice Sensabaugh,,2024,2571480,0.0182908925370586,0.0067,-0.0116,941939,-1.4115521198153984,-0.9746772918503168,-1.3178292844090194,,,584.0,0.3902,20.3,78.0,0,1,0.25
Devontae Cacok,Devontae Cacok,SAS,2021,364533,0.003243,0.0065,0.0032,730691,-0.597855288333047,-0.016607683079237743,0.8612847624708937,,,98.0,0.2439,17.2,79.0,0,0,0.25
Malaki Branham,Malaki Branham,CHO,2025,4962033,0.0351398858421619,0.0064,-0.0288,903731,-1.587207284139539,-1.329712217668243,-1.099590507900115,23.0,529.0,427.0,0.722,23.8,76.0,2,1,0.25
Sekou Doumbouya,Sekou Doumbouya,HOU,2021,3613680,0.032146,0.0064,-0.0257,719449,-1.4289898240581171,-2.1425448920649934,-1.264360496312241,,,869.0,0.6247,17.8,80.0,1,0,0.25
Nick Richards,Nick Richards,,2022,1782621,0.0144160850754114,0.0064,-0.0081,791392,-0.9715651630168117,-1.1575753723824211,-1.4320504012729127,,,367.0,0.4634,15.4,83.0,1,0,0.25
Frank Jackson,Frank Jackson,OKC,2020,250000,0.002291,0.0064,0.0041,698496,-1.5091946596450954,,-1.4919233795420317,,,797.0,0.7911,21.2,75.0,1,0,0.25
Justin Jackson,Justin Jackson,OKC,2020,5029650,0.046084,0.0063,-0.0398,687582,-0.9323495969910321,-0.8277296158460167,-0.55106075818236,,,1045.0,0.802,15.4,80.0,1,0,0.25
Tyler Johnson,Tyler Johnson,PHI,2021,128709,0.001145,0.0062,0.0051,696966,-0.8505651133845887,-1.1099468191290551,-0.3674335286973144,,,684.0,0.4743,13.3,75.0,2,0,0.25
Quentin Grimes,Quentin Grimes,,2022,2277000,0.0184141361044842,0.0061,-0.0123,754295,-0.6150893694328163,-0.7738205355549325,0.15659109117785322,,,786.0,0.561,15.1,76.0,0,0,0.25
Jaden McDaniels,Jaden McDaniels,,2021,2063280,0.0183542975074279,0.006,-0.0124,674484,-0.87864398283476,-1.0006129055240733,-0.6702515254050978,,,1511.0,0.7683,12.0,81.0,0,0,0.25
Terrence Shannon Jr.,Terrence Shannon Jr.,MIN,2026,2801640,0.0183113725490196,0.006,-0.0123,918000,-1.0967168979270263,-0.8972726566229119,-1.0765812736546008,25.0,625.0,538.0,0.4741,17.7,78.0,1,1,0.25
Torrey Craig,Torrey Craig,PHO,2020,1620564,0.014848,0.0059,-0.0089,643926,-0.5195095031307713,-0.7447233814716041,-0.6749269153136783,,,1072.0,0.8465,12.6,77.0,1,0,0.25
AJ Griffin,AJ Griffin,HOU,2024,250000,0.001778,0.0058,0.004,815410,-0.9937640608179853,-0.8221029069212038,-2.9419046433123928,,,171.0,0.4817,17.3,78.0,1,1,0.25
Jalen Pickett,Jalen Pickett,,2024,1891857,0.0134567459527128,0.0058,-0.0077,815410,-0.4144312856749058,-0.9258534886730008,-0.7973816729721731,,,122.0,0.3293,16.4,74.0,0,1,0.25
Khyri Thomas,Khyri Thomas,DET,2019,1416852,0.012982,0.0057,-0.0072,622098,-0.8662126382259195,-0.5466162560829814,-1.065567363715917,,,195.0,0.3171,17.2,75.0,0,0,0.25
Isaiah Joe,Isaiah Joe,,2022,1836090,0.0148484897497068,0.0057,-0.0091,704833,-0.8105760949466204,-1.618081176575407,-0.9835657475064561,,,609.0,0.6067,15.5,76.0,1,0,0.25
Wesley Matthews,Wesley Matthews,ATL,2023,2019706,0.014848,0.0057,-0.0092,775319,-0.7153632691527939,-0.8572659021993485,-0.316423724433832,,,820.0,0.6378,9.8,77.0,4,0,0.25
Charles Bassey,Charles Bassey,,2024,2087519,0.0148484863572993,0.0056,-0.0093,787292,0.18718351928136914,0.2581237383769162,-0.07334378496321195,,,205.0,,11.9,82.0,2,1,0.25
Yang Hansen,Yang Hansen,POR,2026,4643520,0.0303498039215686,0.0055,-0.0249,841500,-1.7273725561697462,-1.4444748403351084,-4.102847413145424,21.0,441.0,300.0,0.5244,19.9,85.0,0,1,0.25
Justin Edwards,Justin Edwards,PHI,2025,2048494,0.0145069259532037,0.0055,-0.009,776644,-1.3971002790606195,-1.4993686761749707,-0.703681295338424,22.0,484.0,1155.0,0.5366,16.9,79.0,0,1,0.25
Matt Thomas,Matt Thomas,CHI,2021,1669178,0.014848,0.0055,-0.0094,618277,-0.8224862439344174,-0.8426861414279885,-1.4176387415593907,,,192.0,0.4117,16.0,75.0,1,0,0.25
James Bouknight,James Bouknight,CHO,2023,4570080,0.033598,0.0055,-0.0281,748115,-1.5514880025830948,-1.728629147803308,-1.1403323583744147,,,515.0,0.4009,19.5,76.0,1,0,0.25
Daniel Gafford,Daniel Gafford,,2020,1517981,0.0139085669781931,0.0053,-0.0086,578442,-0.37247056559150027,-0.3415502430815997,-0.237981731102414,,,609.0,0.5972,13.3,82.0,0,0,0.25
E'Twaun Moore,E'Twaun Moore,ORL,2021,2641691,0.0235,0.0053,-0.0182,595794,-0.9965752345254794,-0.9398718424101945,-0.3876837033742752,,,389.0,0.5272,17.2,75.0,2,0,0.25
Cody Williams,Cody Williams,UTA,2026,6015600,0.0393176470588235,0.0053,-0.034,810900,-1.82629893393331,-1.7460346138972709,-1.3425918946014836,21.0,441.0,1631.0,0.7393,16.0,80.0,1,1,0.25
Nicolas Batum,Nicolas Batum,,2020,8856969,0.0811523639362287,0.0051,-0.076,556614,0.02905884076573972,-0.49570467834836596,-0.0529952654653535,,,505.0,0.534,9.4,79.0,1,0,0.25
James Wiseman,James Wiseman,,2023,12119440,0.0890997713588343,0.0049,-0.0842,666502,-1.8170141003616365,-0.8217000554400032,-1.0643772151957909,,,605.0,,21.7,83.0,2,0,0.25
Hamidou Diallo,Hamidou Diallo,DET,2020,1663861,0.015245,0.0049,-0.0103,534786,-1.3678110658573348,-1.5866437586977897,-0.5013192305154527,,,896.0,0.6325,18.4,77.0,1,0,0.25
Ben Sheppard,Ben Sheppard,,2024,2663880,0.018948132130765,0.0047,-0.0143,660763,-0.1804699726363544,-0.706146374375078,-0.3364718742275997,,,814.0,0.6951,13.2,78.0,0,1,0.25
Grant Williams,Grant Williams,,2021,2617800,0.0232871350543526,0.0047,-0.0186,528345,-0.6483972533433554,-0.4721656564333283,-0.7979833964443892,,,1138.0,0.8396,12.3,79.0,1,0,0.25
Malachi Flynn,Malachi Flynn,DET,2023,3873025,0.028474,0.0047,-0.0238,639298,-1.3255083448992298,-0.6735090272760645,-1.1255506688336645,,,691.0,0.5988,17.4,73.0,2,0,0.25
Malaki Branham,Malaki Branham,,2024,3217920,0.0228890090192619,0.0046,-0.0183,646704,-1.8683337309859036,-2.3539497316094984,-1.6393334729472946,,,1594.0,0.8735,19.8,76.0,1,1,0.25
Dru Smith,Dru Smith,MIA,2025,2378870,0.0168465667667554,0.0045,-0.0124,635436,-0.5444991653733449,-0.29163136399318107,1.0679803993854529,28.0,784.0,268.0,0.1524,13.8,74.0,2,1,0.25
Thon Maker,Thon Maker,CLE,2020,309355,0.002834,0.0043,0.0015,469302,-1.1359419720454074,-0.5549948457586608,-0.761730757712791,,,776.0,0.6535,16.1,84.0,1,0,0.25
Dalano Banton,Dalano Banton,,2022,1563518,0.012644195544054,0.0043,-0.0083,531716,-0.7703288279290725,-0.8058001052905566,-1.0900033496676198,,,696.0,0.7805,16.9,80.0,0,0,0.25
Leonard Miller,Leonard Miller,,2024,1891857,0.0134567459527128,0.0042,-0.0093,590469,-0.38100824095511276,-0.40710057991401644,2.634319764939533,,,52.0,0.2073,18.6,82.0,0,1,0.25
Darius Bazley,Darius Bazley,PHI,2023,116075,0.000853,0.004,0.0032,544084,-1.201219533173104,-0.1755871726452306,-0.44400107570092195,,,555.0,0.6061,15.7,81.0,3,0,0.25
Julian Strawther,Julian Strawther,DEN,2025,2674200,0.018938020508753,0.004,-0.0149,564832,-1.6332938308253373,-1.1729820541810785,-1.0092617069758456,24.0,576.0,1384.0,0.7241,17.8,78.0,1,1,0.25
DeMarre Carroll,DeMarre Carroll,SAS,2020,6119676,0.056072,0.0039,-0.0521,425646,-0.5477862218883234,-0.5787109127227787,-0.5071711749468536,,,155.0,0.3845,14.3,78.0,1,0,0.25
Oshae Brissett,Oshae Brissett,IND,2020,955493,0.008755,0.0039,-0.0048,425646,-0.7231018781851465,-0.9048068334793999,-1.0543279792828342,,,135.0,0.2639,15.0,79.0,0,0,0.25
Neemias Queta,Neemias Queta,,2023,250000,0.0018379514927842,0.0039,0.002,530481,-1.0995286872153647,-0.07481727349375226,-0.7273546936666868,,,29.0,0.061,16.1,84.0,0,0,0.25
Bilal Coulibaly,Bilal Coulibaly,,2024,6945240,0.0494013713830483,0.0038,-0.0456,534234,-1.1998728365900424,-1.4507093728291494,-0.8281670785593972,,,1715.0,0.7683,14.2,79.0,0,1,0.25
Jabari Walker,Jabari Walker,PHI,2025,724598,0.00513142314883,0.0038,-0.0013,536590,-0.7979751721452374,-0.14994719110846136,0.21946623751173203,23.0,529.0,749.0,0.7659,16.3,79.0,2,1,0.25
Meyers Leonard,Meyers Leonard,MIA,2019,11286515,0.103413,0.0038,-0.0996,414732,-0.7596018519827294,0.026627107819971244,-0.6557525070675991,,,878.0,0.7439,14.8,84.0,0,0,0.25
Johnny Davis,Johnny Davis,WAS,2023,5050800,0.037133,0.0037,-0.0335,503277,-1.5232405453726117,-0.9106146723383663,-1.0273092860397557,,,423.0,0.3415,20.5,76.0,0,0,0.25
Thon Maker,Thon Maker,DET,2019,3569643,0.032707,0.0037,-0.029,403818,-0.8555515596016006,-0.41735549755584506,-0.5001777628017626,,,563.0,0.3537,13.7,84.0,0,0,0.25
Khyri Thomas,Khyri Thomas,ATL,2020,744684,0.006823,0.0035,-0.0033,381990,-1.062422503275772,-0.40676942723292386,-1.6378968823030866,,,61.0,0.1883,15.6,75.0,1,0,0.25
Jaylen Nowell,Jaylen Nowell,NOP,2024,278782,0.001983,0.0034,0.0014,477999,-0.865642389392112,-0.6390136450062681,-1.0979750199795035,,,156.0,,16.9,76.0,4,1,0.25
Haywood Highsmith,Haywood Highsmith,PHO,2026,3018158,0.0197265228758169,0.0033,-0.0164,504900,-0.09508732307094195,-0.18921422862513793,1.3892001361000565,29.0,841.0,91.0,0.4744,12.2,77.0,4,1,0.25
Oso Ighodaro,Oso Ighodaro,PHO,2025,1955377,0.0138474944762336,0.0033,-0.0105,465986,-0.2679798852585532,-0.7280224029851909,-0.6511496522477144,23.0,529.0,1045.0,0.7439,10.5,83.0,0,1,0.25
Dominick Barlow,Dominick Barlow,PHI,2025,3415000,0.0241841821993088,0.0032,-0.021,451865,-0.8901482655168346,-0.09060895749474478,-0.3317957000438262,23.0,529.0,375.0,0.4024,14.5,81.0,2,1,0.25
Gradey Dick,Gradey Dick,,2024,4763760,0.0338845420661791,0.0032,-0.0307,449881,-1.3057124782027205,-1.8290938474533498,-1.2832683102120415,,,1268.0,0.7317,17.4,79.0,0,1,0.25
Treveon Graham,Treveon Graham,ATL,2019,1645357,0.015076,0.0031,-0.012,338334,-0.6583216050516989,-0.2937147720081494,-0.4388907423334028,,,715.0,0.4268,12.8,77.0,0,0,0.25
Justin Holiday,Justin Holiday,DEN,2023,2019706,0.014848,0.003,-0.0119,408063,-1.2181680074993937,-1.4618852971082186,-1.0937131836689717,,,411.0,0.5256,14.0,78.0,4,0,0.25
Jeremiah Robinson-Earl,Jeremiah Robinson-Earl,,2024,2196970,0.0156270094175889,0.003,-0.0126,421764,-0.509129912380986,-1.0967367997936073,-0.6722070521411012,,,334.0,,15.4,81.0,2,1,0.25
KJ Martin,kj martin,UTA,2024,7975000,0.056726,0.0029,-0.0538,407705,,-1.5788718561696042,-0.44334950871909495,,,715.0,0.8171,13.2,78.0,1,1,0.25
Brad Wanamaker,Brad Wanamaker,BOS,2019,1355341,0.012418,0.0028,-0.0096,305592,-0.6636521443638584,-0.3218149369053529,0.21977635676611254,,,343.0,0.439,17.1,75.0,0,0,0.25
Brad Wanamaker,Brad Wanamaker,IND,2021,715538,0.006365,0.0027,-0.0037,303517,-1.097659164546096,-0.5936477826610858,-0.887084165023017,,,625.0,0.6214,16.0,75.0,2,0,0.25
Marcus Sasser,Marcus Sasser,,2024,2755080,0.0195968361453324,0.0026,-0.017,365528,-1.3001419707494217,-1.304237963297201,-0.6646559149215933,,,1351.0,0.8659,19.9,73.0,0,1,0.25
Justin James,Justin James,SAC,2020,1517981,0.013909,0.0026,-0.0113,283764,-0.9266942532395216,-0.03917038928909636,-0.7448251404665218,,,232.0,0.5,18.9,78.0,0,0,0.25
Blake Wesley,Blake Wesley,,2023,2504640,0.0184136273075481,0.0026,-0.0158,353654,-1.4554466480674522,-2.463656647496444,-1.5494440427407155,,,669.0,0.4512,18.5,76.0,0,0,0.25
James Johnson,James Johnson,IND,2024,2087519,0.014848,0.0025,-0.0123,351470,-1.2388663887631346,-0.2728351211763971,-0.794186961071612,,,47.0,0.272,14.2,79.0,5,1,0.25
Noah Clowney,Noah Clowney,,2024,3244080,0.0230750846444931,0.0024,-0.0206,337411,-0.5982580316337676,-0.24842321958773897,-0.2696733526704152,,,370.0,0.2805,14.2,82.0,0,1,0.25
Jarace Walker,Jarace Walker,,2024,6362520,0.0452564941531282,0.0024,-0.0428,337411,-0.5759760018205722,-0.053128006878474306,-0.2824522002726592,,,340.0,0.4024,16.1,79.0,0,1,0.25
Quinn Cook,Quinn Cook,CLE,2020,221996,0.002034,0.0024,0.0004,261935,-1.2716702220816576,-1.414702273207935,-1.071233596529103,,,508.0,0.7204,21.0,73.0,1,0,0.25
Jabari Walker,Jabari Walker,,2024,2019699,0.014366083876291,0.0024,-0.0119,337411,-1.567526328507766,-0.883132660892849,-0.5635868475220271,,,1700.0,0.8049,16.3,79.0,1,1,0.25
Jeenathan Williams,Jeenathan Williams,HOU,2024,515881,0.003669,0.0024,-0.0012,337411,-1.1553087769636516,,,,,,,,77.0,0,1,0.25
Ryan Arcidiacono,Ryan Arcidiacono,CHI,2019,3000000,0.027488,0.0023,-0.0252,251022,-0.8608820989137601,-0.1307338156043687,-0.1971100791670163,,,1961.0,0.9878,11.7,75.0,0,0,0.25
Ryan Arcidiacono,Ryan Arcidiacono,NYK,2021,791798,0.007044,0.0023,-0.0048,258552,-0.42376629774198515,-0.4296469122536131,-0.7447098599865386,,,450.0,0.7075,13.1,75.0,2,0,0.25
Jerome Robinson,Jerome Robinson,WAS,2019,3567720,0.032689,0.0023,-0.0304,251022,-0.8715431775380791,-0.9905988614587977,-0.8099802838506144,,,320.0,0.4024,16.7,77.0,0,0,0.25
Royce O'Neale,Royce O'Neale,,2019,1618520,0.0148297599413597,0.0021,-0.0127,229194,-0.4930748863747542,-0.5241361241652186,-0.003146761640778647,,,1671.0,1.0,11.0,78.0,0,0,0.25
Paul Watson,Paul Watson,TOR,2020,1445697,0.013246,0.002,-0.0112,218280,-0.649582409415511,-0.30597614263542283,1.0670018770999778,,,70.0,0.1111,15.9,78.0,0,0,0.25
Baylor Scheierman,Baylor Scheierman,BOS,2025,2619000,0.0185471078125885,0.0019,-0.0167,268295,-0.4292827986588483,-0.19570133066002168,-0.058567092992756385,25.0,625.0,384.0,0.378,14.5,78.0,0,1,0.25
Jontay Porter,Jontay Porter,MEM,2020,1900000,0.017409,0.0019,-0.0155,207366,-1.4696072533845224,,,,,,,,83.0,0,0,0.25
Anthony Gill,Anthony Gill,WAS,2025,2296274,0.016261642399864,0.0018,-0.0144,254174,-0.8267792638238614,-1.1241625884032107,-1.1040749164566388,33.0,1089.0,397.0,0.6378,12.7,79.0,4,1,0.25
Jay Huff,Jay Huff,,2024,2088033,0.0148521424303639,0.0017,-0.0132,238999,-0.40886077822160694,-0.7244553005665715,0.2757510972617263,,,49.0,0.2439,15.0,85.0,0,1,0.25
Drew Timme,Drew Timme,BRK,2025,1955377,0.0138474944762336,0.0016,-0.0122,225932,-1.8061183808970824,-0.3093603037629974,-1.1944037173809081,25.0,625.0,254.0,0.1098,21.3,81.0,0,1,0.25
Davion Mitchell,Davion Mitchell,,2024,6451077,0.0458863985546419,0.0016,-0.0443,224940,-0.8155078223124224,-1.2371052339283912,-1.1392158463322,,,1101.0,0.9146,14.9,72.0,2,1,0.25
Anthony Tolliver,Anthony Tolliver,PHI,2020,485498,0.004448,0.0015,-0.003,163710,-0.542130878136813,-1.0233871682999895,-1.5738506015816438,,,554.0,0.5837,11.2,80.0,1,0,0.25
DeAndre Jordan,DeAndre Jordan,,2024,2087519,0.0148484863572993,0.0015,-0.0133,210882,-1.6288019104940532,-0.5840868664317875,-1.0686417561652617,,,396.0,0.4402,15.4,83.0,5,1,0.25
Keita Bates-Diop,Keita Bates-Diop,DEN,2019,1416852,0.012982,0.0015,-0.0115,163710,-0.8662126382259195,-0.8051377731372542,-0.8591445969735843,,,503.0,0.3659,14.1,80.0,0,0,0.25
Josh Gray,Josh Gray,OKC,2020,1620564,0.014848,0.0013,-0.0135,141882,-1.3112576283422306,-0.24075695848409853,-5.121429359106432,,,23.0,0.0278,12.5,72.0,0,0,0.25
Ben Saraf,Ben Saraf,BRK,2026,3028560,0.0197945098039215,0.0013,-0.0185,198900,-2.0550661825115517,-1.9116889695838566,-1.742837729817467,20.0,400.0,916.0,0.5366,21.0,78.0,0,1,0.25
Jordan Walsh,Jordan Walsh,BOS,2025,2221677,0.0157333649651577,0.0012,-0.0145,169449,-0.49265180035182143,-1.1614109057737023,-1.2149038707821609,22.0,484.0,403.0,0.4375,11.5,78.0,1,1,0.25
Jett Howard,Jett Howard,ORL,2026,7337939,0.047960385620915,0.0012,-0.0467,183599,-1.4553250173199455,-0.6948701579759884,-1.0871233061888235,22.0,484.0,695.0,0.5988,17.2,80.0,2,1,0.25
Jaylin Williams,Jaylin Williams,,2023,2000000,0.0147036119422736,0.0012,-0.0135,163225,-0.8396520808789197,0.29269647635281565,-0.5679398572349041,,,914.0,0.5976,13.5,81.0,0,0,0.25
Jordan Nwora,Jordan Nwora,TOR,2023,3000000,0.022055,0.0011,-0.021,149623,-1.4949930881621287,-1.0232398537429597,-0.7027943479682096,,,597.0,0.5317,17.6,80.0,2,0,0.25
Jontay Porter,Jontay Porter,MEM,2021,300000,0.002669,0.0007,-0.002,78689,-0.8449493394945545,-0.4478692311877768,-1.0353777518881455,,,54.0,,18.9,83.0,1,0,0.25
Dylan Windler,Dylan Windler,CLE,2022,4037278,0.03265,0.0007,-0.032,86558,-0.36785615775359376,-1.0872203189640481,-0.5347366354805785,,,459.0,,11.8,79.0,2,0,0.25
Garrett Temple,Garrett Temple,,2024,2087519,0.0148484863572993,0.0007,-0.0142,98411,-1.428263642175295,-0.9075445624815072,-1.0189785075292679,,,289.0,0.4,15.0,77.0,5,1,0.25
R.J. Hampton,R.J. Hampton,WAS,2023,116075,0.000853,0.0006,-0.0002,81612,-1.3763537678780993,-1.260345498805262,-0.6832370356527555,,,389.0,0.4256,17.6,76.0,2,0,0.25
Jordan Miller,Jordan Miller,,2024,1050000,0.007468631746664,0.0006,-0.0069,84352,-0.932488478831698,-0.5901898418289521,-0.8577907707282355,,,28.0,0.0976,17.0,77.0,0,1,0.25
Avery Bradley,Avery Bradley,LAL,2021,2641691,0.0235,0.0006,-0.0229,67448,-1.0358856517557193,-1.3164664337162428,-1.5425667422587952,,,391.0,0.4273,13.8,75.0,2,0,0.25
Deni Avdija,Deni Avdija,,2021,4692840,0.0417460458661732,0.0003,-0.0414,33724,-0.8954913045048627,-0.18060855348671032,-0.5612121232983858,,,1257.0,0.6585,12.0,80.0,0,0,0.25
Goga Bitadze,Goga Bitadze,,2020,2957520,0.0270984057174271,0.0003,-0.0268,32741,-0.8814515032274383,-0.43641451093807127,-1.11804915198031,,,471.0,0.75,17.9,83.0,0,0,0.25
Caleb Houstan,Caleb Houstan,,2024,2019699,0.014366083876291,0.0002,-0.0141,28117,-0.4534248378479977,-1.328649864885859,-0.46571249202302195,,,815.0,0.6829,12.5,80.0,1,1,0.25
Sam Hauser,Sam Hauser,,2022,1637966,0.0132462577332093,0.0001,-0.0131,12365,-0.47134913008443113,-0.5947349450354379,0.22754949261862897,,,158.0,0.3171,14.5,79.0,0,0,0.25
Miye Oni,Miye Oni,NOP,2021,95930,0.000853,-0.0,-0.0009,0,-0.2889877243811629,-1.4743931978123275,-0.483638377228182,,,519.0,0.4637,9.8,77.0,1,0,0.25
Zeke Nnaji,Zeke Nnaji,DEN,2026,7466667,0.0488017450980392,-0.0002,-0.049,-30600,-1.4058618284381634,-1.126659668722242,-1.4044384854689227,25.0,625.0,626.0,0.6671,13.7,82.0,5,1,0.25
MarJon Beauchamp,MarJon Beauchamp,MIL,2023,2609400,0.019184,-0.0003,-0.0195,-40806,-1.2068690246152005,-1.4855958616144487,-0.8562965085836921,,,701.0,0.6341,18.3,79.0,0,0,0.25
Jordan McLaughlin,Jordan McLaughlin,,2021,2000000,0.0177913782980767,-0.0003,-0.0181,-33724,-0.6652445750134582,0.5482842038798345,-0.3440679425315903,,,938.0,0.622,13.7,71.0,0,0,0.25
Dominick Barlow,Dominick Barlow,,2024,491887,0.0034987836799726,-0.0003,-0.0038,-42176,-0.6818156434332502,0.10554935344780322,-0.04575309127654878,,,420.0,0.3796,14.1,81.0,1,1,0.25
Anthony Gill,Anthony Gill,,2023,1997238,0.0146833062541813,-0.0005,-0.0152,-68010,-0.7718581835737601,-0.4660415878465503,-0.4990344429141764,,,624.0,0.5841,12.3,79.0,2,0,0.25
Joshua Primo,Joshua Primo,LAC,2023,1764341,0.012971,-0.0005,-0.0135,-68010,-1.3707042764360027,-0.14594896701244284,-1.2872396113486397,,,93.0,0.2591,18.2,76.0,1,0,0.25
Christian Braun,Christian Braun,,2023,2949120,0.0216813580255989,-0.0006,-0.0223,-81612,-0.5063320857952186,-1.1773585230334562,-0.44172696961772967,,,1181.0,0.9268,13.0,78.0,0,0,0.25
Rayjon Tucker,Rayjon Tucker,CLE,2020,340000,0.003115,-0.0007,-0.0039,-76398,-1.0058690657606677,-0.38305336026880593,-1.2532940899504634,,,161.0,0.2778,16.6,75.0,0,0,0.25
Noah Vonleh,Noah Vonleh,BRK,2020,263995,0.002419,-0.0007,-0.0031,-76398,-0.6043396594034276,-0.35340827656365864,-0.45580410716011277,,,347.0,0.5627,13.9,82.0,1,0,0.25
Alize Johnson,Alize Johnson,BRK,2020,621587,0.005695,-0.0007,-0.0064,-76398,-0.9775923470031156,-0.1281056404045385,-0.24285835146191476,,,118.0,0.2116,15.0,81.0,1,0,0.25
AJ Johnson,AJ Johnson,DAL,2026,3237120,0.0211576470588235,-0.0007,-0.0218,-107100,-1.974688500578656,-0.6093407558684362,-2.3075392725673223,21.0,441.0,240.0,0.2759,20.5,77.0,1,1,0.25
Robin Lopez,Robin Lopez,SAC,2023,2019706,0.014848,-0.001,-0.0159,-136021,-1.641879865656641,-1.9301689461062648,-1.4168636580906027,,,299.0,0.5305,16.1,85.0,4,0,0.25
Matt Ryan,Matt Ryan,NYK,2024,621439,0.00442,-0.001,-0.0054,-140588,-1.2332958813098356,-1.7070343395100591,-0.6687219118859438,,,390.0,0.2537,15.4,78.0,2,1,0.25
Devin Vassell,Devin Vassell,,2021,4235160,0.0376746668564413,-0.0011,-0.0387,-123655,-0.7438654094739378,-0.42357280594222524,-0.1490431833350137,,,1056.0,0.7561,14.3,77.0,0,0,0.25
Amir Coffey,Amir Coffey,,2024,3938271,0.0280128531595868,-0.0011,-0.0292,-154646,-1.3001419707494217,-1.3835766434603398,-0.3329867339724423,,,1460.0,0.778,12.5,79.0,3,1,0.25
Malachi Flynn,Malachi Flynn,TOR,2022,2145720,0.017352,-0.0014,-0.0187,-173117,-0.9888139917386181,-0.4028575266216937,-0.5023575590949818,,,537.0,0.5503,16.5,73.0,1,0,0.25
Jordan Bell,Jordan Bell,CLE,2019,250000,0.002291,-0.0014,-0.0037,-152796,-0.5836940546814657,-0.15321394752213158,-1.368298305479958,,,788.0,0.8293,13.7,80.0,0,0,0.25
DeAndre Jordan,DeAndre Jordan,,2023,2019706,0.0148484866307408,-0.0014,-0.0163,-190429,-1.5684364769093848,-1.206996728666244,-0.916560319788289,,,586.0,0.4939,13.7,83.0,4,0,0.25
Kennedy Chandler,Kennedy Chandler,MEM,2023,1719864,0.012644,-0.0015,-0.0141,-204031,-0.6701673376160208,-0.6794366684026221,-0.8287798249770649,,,281.0,0.439,15.8,72.0,0,0,0.25
Mouhamed Gueye,Mouhamed Gueye,,2024,1891857,0.0134567459527128,-0.0017,-0.0151,-238999,-1.3669880601890079,-0.07143693306996785,,,,,,,83.0,0,1,0.25
Zeke Nnaji,Zeke Nnaji,DEN,2025,8177778,0.0579129935980964,-0.0017,-0.0597,-240053,-0.8786266288453849,-0.47921278207391244,-0.542883217097349,25.0,625.0,608.0,0.689,12.2,82.0,4,1,0.25
Nick Smith Jr.,Nick Smith Jr.,CHO,2025,2710680,0.0191963628123052,-0.0018,-0.021,-254174,-2.284266302762243,-2.4770832640249005,-1.6185006408693212,22.0,484.0,1369.0,0.6905,20.8,74.0,1,1,0.25
Dru Smith,Dru Smith,,2023,1801769,0.0132462560928092,-0.0019,-0.0151,-258439,-0.8566005552052096,-0.051106708987522086,0.6105019150753634,,,91.0,0.122,16.7,74.0,0,0,0.25
Johnny Furphy,Johnny Furphy,IND,2025,1955377,0.0138474944762336,-0.002,-0.0159,-282416,-0.2795015219300028,-0.6799904742409263,-0.5566567576638156,21.0,441.0,379.0,0.6098,13.0,80.0,0,1,0.25
Udoka Azubuike,Udoka Azubuike,UTA,2022,2174880,0.017588,-0.0021,-0.0197,-259675,-1.1728014981045514,-0.729049137925059,-0.6549525680185918,,,195.0,0.1982,14.7,83.0,1,0,0.25
Jeff Green,Jeff Green,,2024,8000000,0.0569038609269638,-0.0021,-0.059,-295234,-1.8739042384392024,-0.8159999315240393,-0.6844050430341522,,,1307.0,0.8634,15.5,80.0,5,1,0.25
Mike Scott,Mike Scott,PHI,2019,4767000,0.043678,-0.0023,-0.046,-251022,-0.8022461664800056,-1.2547404114925111,-0.4230638744102549,,,748.0,0.6341,14.9,79.0,0,0,0.25
Rasheer Fleming,Rasheer Fleming,PHO,2026,2150917,0.0140582810457516,-0.0023,-0.0164,-351900,-0.9235957368407895,-0.6895040452401677,-0.5986757987698448,21.0,441.0,673.0,0.6707,16.3,81.0,0,1,0.25
Ty Jerome,Ty Jerome,,2020,2303040,0.0211017042330951,-0.0023,-0.0234,-251022,-1.1472526595484283,-0.4719886113842482,-1.0605050317382017,,,328.0,0.4306,17.9,77.0,0,0,0.25
Tyrone Wallace,Tyrone Wallace,ATL,2019,502491,0.004604,-0.0023,-0.0069,-251022,-1.1007563679609378,-1.1985400816981042,-1.3086949943651247,,,628.0,0.7561,18.7,77.0,0,0,0.25
Duncan Robinson,Duncan Robinson,,2019,1416852,0.0129819681143485,-0.0024,-0.0154,-261935,-0.9195180313475146,-0.732077344404525,-1.1837637603334683,,,161.0,0.1829,14.0,79.0,0,0,0.25
Solomon Hill,Solomon Hill,MIA,2019,12758781,0.116903,-0.0025,-0.1194,-272850,-0.6476605264273799,-1.4064813019374103,-1.2753575491653024,,,878.0,0.5366,10.4,78.0,0,0,0.25
Devonte' Graham,Devonte' Graham,CHO,2019,1416852,0.012982,-0.0025,-0.0154,-272850,-1.0900952893366187,-0.18693414539877581,-0.9076354263551437,,,676.0,0.561,17.0,73.0,0,0,0.25
Keaton Wallace,Keaton Wallace,ATL,2025,2296274,0.016261642399864,-0.0025,-0.0187,-353020,-0.9131915388597339,-0.3645326671608118,-0.7331502658527248,27.0,729.0,501.0,0.378,16.4,75.0,0,1,0.25
Theo Pinson,Theo Pinson,DAL,2022,1836090,0.014848,-0.0025,-0.0174,-309137,-1.2705448608614534,-0.5691512892469387,-0.18270029435206964,,,148.0,0.222,14.7,77.0,3,0,0.25
Tyson Chandler,Tyson Chandler,HOU,2019,2564753,0.0235,-0.0025,-0.026,-272850,-0.237208999391098,-0.4510756954324893,-0.8658794343876898,,,786.0,0.5854,8.0,84.0,0,0,0.25
David Roddy,David Roddy,PHO,2023,2718240,0.019984,-0.0026,-0.0226,-353654,-1.229466990383587,-1.248490216552147,-0.7273546936666868,,,1258.0,0.8537,16.7,77.0,0,0,0.25
Alize Johnson,Alize Johnson,SAS,2022,192293,0.001555,-0.0027,-0.0043,-333868,-1.3510393948965491,-0.38366978478031927,-1.8409223552059262,,,121.0,0.2106,12.4,81.0,3,0,0.25
Patrick Patterson,Patrick Patterson,LAC,2020,3077704,0.0282,-0.0028,-0.031,-305592,-0.7400679094396776,-0.7091492810254272,-0.20059430834624184,,,776.0,0.8003,14.7,80.0,1,0,0.25
Ty Jerome,Ty Jerome,,2024,2560975,0.0182161706546789,-0.003,-0.0213,-421764,-0.7375207179662386,-0.05923098227563883,-1.6933531469022352,,,15.0,,14.7,77.0,4,1,0.25
Patrick Williams,Patrick Williams,,2022,7775400,0.0628797865027698,-0.003,-0.0659,-370965,-0.8910706289817161,-0.9017388144974287,-0.7014544330404593,,,422.0,0.4543,14.2,78.0,1,0,0.25
Sterling Brown,Sterling Brown,HOU,2020,1620564,0.014848,-0.0034,-0.0182,-371076,-1.1076652532878553,-0.31783417611748177,-0.2305042465511796,,,767.0,0.7166,17.0,77.0,1,0,0.25
Hunter Tyson,Hunter Tyson,BRK,2025,2221677,0.0157333649651577,-0.0035,-0.0192,-494228,-1.0802552705957538,-1.076607115459702,-1.9061434182806467,26.0,676.0,400.0,0.471,15.5,80.0,1,1,0.25
Taylor Hendricks,Taylor Hendricks,MEM,2025,6127080,0.043390459464053,-0.0035,-0.0469,-494228,-0.642433077080667,0.4697409597694638,-0.4903515740066393,22.0,484.0,75.0,0.2058,12.1,81.0,1,1,0.25
Vince Carter,Vince Carter,ATL,2019,2564753,0.0235,-0.0035,-0.027,-381990,-1.1593923003946924,-0.7264573114250843,-0.2792750956191031,,,1330.0,0.9268,16.7,78.0,0,0,0.25
Jacob Evans,Jacob Evans,NYK,2020,2017320,0.018484,-0.0036,-0.0221,-392904,-1.5996801596692622,-1.2309027542360211,-1.8066279467418114,,,414.0,0.3716,17.6,76.0,1,0,0.25
Liam McNeeley,Liam McNeeley,CHO,2026,2902080,0.0189678431372549,-0.0039,-0.0229,-596700,-0.9421444326714579,-0.028029683554898124,-0.9050975444312471,20.0,400.0,368.0,0.378,14.4,79.0,0,1,0.25
Gui Santos,Gui Santos,,2024,1891857,0.0134567459527128,-0.0039,-0.0174,-548293,-0.5759760018205722,0.03841662407899351,0.134312488573253,,,192.0,0.2805,15.2,79.0,0,1,0.25
Mamadi Diakite,Mamadi Diakite,,2024,464050,0.0033007795828946,-0.0041,-0.0074,-576410,-1.4338341496285938,-0.004304203701158134,2.348538264016622,,,16.0,0.1329,20.2,81.0,3,1,0.25
Nassir Little,Nassir Little,,2021,2316240,0.0206045510345686,-0.0043,-0.0249,-483380,-0.87864398283476,-1.4075780283870607,-0.8901995765117802,,,640.0,0.6159,13.8,78.0,1,0,0.25
Jonathan Mogbo,Jonathan Mogbo,TOR,2025,1955377,0.0138474944762336,-0.0044,-0.0183,-621315,-1.1205809989458277,-0.7833915634922692,-0.544484791581822,24.0,576.0,1286.0,0.7683,15.0,81.0,0,1,0.25
Nick Richards,Nick Richards,,2021,1517981,0.0135034871101464,-0.0046,-0.0181,-517104,-0.7944073744842461,-0.6604629520863523,-2.3522621881883525,,,63.0,0.2195,11.5,83.0,0,0,0.25
Gary Trent Jr.,Gary Trent Jr.,,2019,1416852,0.0129819681143485,-0.0047,-0.0177,-512958,-1.5112078949972196,-0.5522362890624222,,,,,,,77.0,0,0,0.25
Thanasis Antetokounmpo,Thanasis Antetokounmpo,,2023,2019706,0.0148484866307408,-0.0047,-0.0196,-639298,-1.0938791957732679,-1.3788983213364128,-1.6581463135173093,,,206.0,0.5402,13.8,79.0,3,0,0.25
Isaiah Hartenstein,Isaiah Hartenstein,,2019,1416852,0.0129819681143485,-0.0048,-0.0178,-523871,-0.5037359649990732,-0.7264573114250843,-0.5170148563370263,,,221.0,0.3415,11.8,84.0,0,0,0.25
Jett Howard,Jett Howard,ORL,2025,5529720,0.0391601042433856,-0.0048,-0.0439,-677798,-1.8349224725757065,-1.3331172629000099,-1.5493126231400938,22.0,484.0,701.0,0.5396,19.2,80.0,1,1,0.25
Micah Peavy,Micah Peavy,NOP,2026,2150917,0.0140582810457516,-0.0048,-0.0189,-734399,-0.694828488262548,-0.7579289066492823,-0.8615238099564605,24.0,576.0,913.0,0.7439,14.0,79.0,0,1,0.25
Kobe Brown,Kobe Brown,IND,2025,2654880,0.0188012010650954,-0.0049,-0.0237,-691919,-0.6366722587449422,-0.35829265947441535,-1.3340610124269414,26.0,676.0,272.0,0.5061,14.0,79.0,1,1,0.25
Isaiah Livers,Isaiah Livers,DET,2022,1563518,0.012644,-0.005,-0.0177,-618275,-0.6610862460242997,-1.2087426839594195,0.17519183718660025,,,383.0,0.2317,12.4,78.0,0,0,0.25
Ish Wainright,Ish Wainright,PHO,2022,474851,0.00384,-0.0052,-0.009,-643006,-0.5575932736934622,-1.1767631142237953,-0.45068882018179557,,,359.0,0.5488,14.7,77.0,0,0,0.25
E.J. Liddell,E.J. Liddell,,2024,706898,0.0050281531851936,-0.0054,-0.0104,-759175,-0.5258414347408826,-0.3460708259423713,-1.6518218921949421,,,23.0,,16.8,78.0,1,1,0.25
Trayce Jackson-Davis,Trayce Jackson-Davis,TOR,2026,2406205,0.0157268300653594,-0.0055,-0.0213,-841500,-0.8370351562976711,-0.0020237587944959235,-0.665442004819921,26.0,676.0,411.0,0.6122,14.8,81.0,2,1,0.25
Javonte Green,Javonte Green,,2020,1517981,0.0139085669781931,-0.0055,-0.0194,-600270,-0.462956065615667,-0.9759550343717536,0.1836833759824146,,,468.0,0.6667,15.3,77.0,0,0,0.25
Julian Strawther,Julian Strawther,,2024,2552520,0.0181560303866617,-0.0055,-0.0237,-773234,-1.3669880601890079,-1.0967367997936073,-1.1790045309119144,,,545.0,0.6098,20.7,78.0,0,1,0.25
KZ Okpala,KZ Okpala,MIA,2020,1517981,0.013909,-0.0056,-0.0195,-611184,-0.45730072186415655,-0.27040204218924596,0.5445532825854676,,,26.0,0.0694,11.7,80.0,0,0,0.25
Anthony Black,Anthony Black,,2024,7607760,0.0541138646257148,-0.0056,-0.0597,-787292,-0.6038285390870665,-1.401885569651833,-0.8967081702441604,,,1164.0,0.8415,12.7,79.0,0,1,0.25
Julian Phillips,Julian Phillips,MIN,2026,2406205,0.0157268300653594,-0.0057,-0.0214,-872100,-0.5711705160580931,-1.0089244125479149,-0.7135839533928706,22.0,484.0,334.0,0.6,12.5,78.0,2,1,0.25
Jaylon Tyson,Jaylon Tyson,CLE,2025,3492480,0.0247328763242875,-0.0059,-0.0306,-833127,-0.9650389038812573,-0.9582899784678436,-0.8862607865683301,23.0,529.0,453.0,0.5732,17.4,78.0,0,1,0.25
Ryan Arcidiacono,Ryan Arcidiacono,CHI,2020,3000000,0.027488,-0.006,-0.0335,-654840,-0.6156503469064485,-0.9759550343717536,-0.9096549086176461,,,930.0,0.8739,12.5,75.0,1,0,0.25
Pau Gasol,Pau Gasol,POR,2019,463684,0.004249,-0.0061,-0.0104,-665754,-1.1593923003946924,0.9145923185716038,-0.4213801650567286,,,330.0,0.3293,15.8,84.0,0,0,0.25
Eugene Omoruyi,Eugene Omoruyi,DET,2022,269445,0.002179,-0.0062,-0.0083,-766661,-1.1440534502348743,-0.18539645241945024,0.32882022088847396,,,18.0,0.0488,16.9,78.0,0,0,0.25
Justin Jackson,Justin Jackson,MIN,2023,116075,0.000853,-0.0062,-0.0071,-843330,-1.382003259320196,-0.5075350757324532,-1.1189557611924068,,,107.0,0.2427,12.2,80.0,4,0,0.25
Sterling Brown,Sterling Brown,MIL,2019,1618520,0.01483,-0.0065,-0.0213,-709410,-1.0474509748393426,-0.7601775093017284,-0.2392028130051755,,,1034.0,0.7073,15.2,77.0,0,0,0.25
Amir Coffey,Amir Coffey,LAC,2021,153488,0.001365,-0.0065,-0.0078,-730691,-0.7550969572540063,-0.8001673972482735,-0.5786584276354596,,,394.0,0.5366,15.1,79.0,0,0,0.25
Jake LaRavia,Jake LaRavia,,2023,3199920,0.0235251909631601,-0.0066,-0.0301,-897738,-0.5628270002161849,-2.0131559218780706,-0.9327064729789545,,,414.0,0.4268,11.7,79.0,0,0,0.25
Blake Wesley,Blake Wesley,,2024,2624280,0.0186664580191766,-0.0069,-0.0256,-970057,-0.97148203100479,-1.0540159720134556,-0.5403525791543108,,,876.0,0.6341,14.7,76.0,1,1,0.25
Luguentz Dort,Luguentz Dort,,2020,1517981,0.0139085669781931,-0.007,-0.0209,-763980,-0.9945583782576468,-0.6735751805792503,-0.21847524966441112,,,820.0,0.5,14.1,76.0,0,0,0.25
Precious Achiuwa,Precious Achiuwa,,2021,2711280,0.0241187040760047,-0.0071,-0.0312,-798139,-1.3952951807179115,-0.4721656564333283,-0.700471016846101,,,737.0,0.7439,19.5,80.0,0,0,0.25
Jerian Grant,Jerian Grant,WAS,2019,196288,0.001798,-0.0071,-0.0089,-774894,-0.732949155421932,-0.7826576412194913,-0.4762690899816881,,,939.0,0.7317,13.4,76.0,0,0,0.25
Semi Ojeleye,Semi Ojeleye,LAC,2021,1789256,0.015917,-0.0072,-0.0231,-809380,-0.8954913045048627,-1.3589851778959579,-0.6350473755820737,,,950.0,0.7655,11.6,78.0,2,0,0.25
Caleb Houstan,Caleb Houstan,ATL,2025,699440,0.004953260438502,-0.0072,-0.0122,-1016697,-0.7461278071237138,-1.0649003262082661,-0.3750382111245934,23.0,529.0,788.0,0.6939,11.7,80.0,2,1,0.25
Zach Collins,Zach Collins,,2020,5406255,0.0495350467289719,-0.0075,-0.0571,-818550,-0.6835144719245736,-0.19925384129689225,-0.425894168955175,,,290.0,0.4476,12.5,81.0,1,0,0.25
Omer Yurtseven,Omer Yurtseven,MIA,2021,1489065,0.013246,-0.0076,-0.0209,-854346,-1.6985469707797616,,,,,,,,83.0,0,0,0.25
Gary Clark,Gary Clark,HOU,2019,708426,0.006491,-0.0077,-0.0142,-840378,-0.3544808642586071,-0.7208372784456435,-0.5436174641227429,,,641.0,0.622,10.9,78.0,0,0,0.25
Taj Gibson,Taj Gibson,NYK,2020,2442968,0.022384,-0.0078,-0.0302,-851292,-1.1246312845423865,-0.27040204218924596,-0.5864975327947318,,,1025.0,0.8583,14.8,81.0,1,0,0.25
Udonis Haslem,Udonis Haslem,MIA,2019,2564753,0.0235,-0.0078,-0.0313,-851292,-2.566654678804802,-0.4285955635147265,-4.020477279154694,,,74.0,0.122,21.9,80.0,0,0,0.25
David Roddy,David Roddy,ATL,2024,2847240,0.020252,-0.0079,-0.0281,-1110645,-1.6956479999336396,-1.7131373149072238,-1.144443556714936,,,1114.0,0.686,18.1,77.0,1,1,0.25
Svi Mykhailiuk,Svi Mykhailiuk,,2019,1416852,0.0129819681143485,-0.0081,-0.0211,-884034,-1.1220785252095757,-1.4177213678962917,-1.2544795531815758,,,420.0,0.4756,15.9,79.0,0,0,0.25
Javonte Green,Javonte Green,,2021,1669178,0.0148484886224135,-0.0082,-0.0231,-921794,-0.5585448711028074,-0.3446094238941829,0.019500578207075698,,,345.0,0.4405,12.1,77.0,1,0,0.25
Anthony Gill,Anthony Gill,,2021,1517981,0.0135034871101464,-0.0084,-0.0219,-944277,-0.6933234444636295,-0.3628317428283465,0.2581410982463372,,,218.0,0.3171,14.2,79.0,0,0,0.25
Cam Christie,Cam Christie,LAC,2026,2296271,0.0150083071895424,-0.0086,-0.0236,-1315800,-1.541885597863064,-0.6228578833488653,-1.3338068674896313,20.0,400.0,480.0,0.4787,16.9,77.0,1,1,0.25
Olivier-Maxence Prosper,Olivier-Maxence Prosper,DAL,2025,1002360,0.0070984646762223,-0.0086,-0.0157,-1214388,-1.1781891823030761,-0.1255271728868911,-0.6428214649284556,23.0,529.0,584.0,0.5793,16.3,79.0,1,1,0.25
Patrick McCaw,Patrick McCaw,TOR,2020,4000000,0.03665,-0.0086,-0.0452,-938604,-0.8531747844698863,-1.6815080265542612,-0.2500107279891825,,,908.0,0.4401,9.4,79.0,1,0,0.25
Iman Shumpert,Iman Shumpert,BRK,2020,558153,0.005114,-0.0088,-0.0139,-960432,-0.9775923470031156,-1.0411742185230777,-0.8514605723276043,,,241.0,0.3049,13.4,77.0,1,0,0.25
Max Christie,Max Christie,,2024,7142857,0.0508070176686488,-0.0088,-0.0596,-1237174,-0.9269179713783993,-1.5361510283894528,-0.8830580375781271,,,944.0,0.6982,13.6,77.0,1,1,0.25
Josh Green,Josh Green,,2021,2957520,0.0263091785720639,-0.009,-0.0353,-1011725,-0.49677135831243047,-0.8062415035596612,-0.35310263584900364,,,445.0,0.4756,11.9,78.0,0,0,0.25
KZ Okpala,KZ Okpala,SAC,2022,1902133,0.015383,-0.009,-0.0244,-1112895,-1.36253861404442,-0.47960849398719135,-0.663908482763544,,,244.0,0.2773,14.4,80.0,2,0,0.25
Juan Toscano-Anderson,Juan Toscano-Anderson,GSW,2020,358295,0.003283,-0.009,-0.0123,-982259,-0.8984175344819696,-0.46605959464321867,-0.5552871624939274,,,272.0,0.1806,12.7,78.0,0,0,0.25
Ryan Arcidiacono,Ryan Arcidiacono,POR,2022,1836090,0.014848,-0.0092,-0.024,-1137626,-0.609339759858881,-0.5435676334584395,-1.7789198685101029,,,76.0,0.3831,8.6,75.0,3,0,0.25
Udonis Haslem,Udonis Haslem,MIA,2022,1836090,0.014848,-0.0093,-0.0242,-1149991,-2.6906984256235,-0.4348370963573178,-2.5088269202237132,,,83.0,0.094,20.0,80.0,3,0,0.25
Garrison Mathews,Garrison Mathews,HOU,2021,2000000,0.017791,-0.0093,-0.0271,-1045450,-0.5360817755426703,-0.9277236297874187,-0.1639971584810771,,,1038.0,0.7805,11.5,77.0,0,0,0.25
Amir Coffey,Amir Coffey,,2023,3666667,0.0269566243447702,-0.0094,-0.0364,-1278597,-1.122126652983751,-1.7108462244236355,-1.1603444919065073,,,625.0,0.6646,13.5,79.0,2,0,0.25
Tim Frazier,Tim Frazier,MEM,2020,518612,0.004752,-0.0096,-0.0143,-1047743,-1.345189690851293,-0.6557881303561618,-1.02799422934153,,,355.0,0.4493,17.3,73.0,1,0,0.25
Jaylen Adams,Jaylen Adams,ATL,2019,100000,0.000916,-0.0098,-0.0107,-1069572,-0.850221020289441,-1.0186990263560012,-1.3413589558235364,,,428.0,0.4146,13.5,72.0,0,0,0.25
Yuta Watanabe,Yuta Watanabe,TOR,2020,321893,0.002949,-0.0099,-0.0128,-1080486,-1.0115244095121783,-0.10438957344042059,-0.12386881469009724,,,105.0,0.25,15.7,81.0,0,0,0.25
Anthony Lamb,Anthony Lamb,GSW,2022,253254,0.002048,-0.01,-0.012,-1236550,-1.1383038406609387,-0.3516902150446952,-3.203254771216937,,,8.0,0.125,10.6,78.0,1,0,0.25
Julian Champagnie,Julian Champagnie,,2023,3000000,0.0220554179134104,-0.0101,-0.0322,-1373812,-1.031734789910205,-0.6083049748839315,-1.1587526176482725,,,7.0,0.0244,12.8,79.0,0,0,0.25
Grant Williams,Grant Williams,,2020,2498760,0.0228949972512369,-0.0102,-0.0331,-1113228,-0.40074728434905244,-0.6261430466510146,-0.42394352081137465,,,1043.0,0.9583,11.6,79.0,0,0,0.25
Davon Reed,Davon Reed,LAL,2022,1902133,0.015383,-0.0102,-0.0256,-1261281,-0.47134913008443113,-0.42844118241019297,0.3370872191145838,,,668.0,0.5854,12.1,77.0,0,0,0.25
Xavier Cooks,Xavier Cooks,WAS,2023,1719864,0.012644,-0.0103,-0.023,-1401016,-0.941342926836659,,0.132712226996654,,,126.0,0.122,13.9,80.0,0,0,0.25
Jeff Green,Jeff Green,,2023,9600000,0.0705773373229133,-0.0104,-0.081,-1414618,-2.201179518424207,-1.1714308819068984,-0.8433341039094959,,,1091.0,0.7817,17.0,80.0,4,0,0.25
Myron Gardner,Myron Gardner,MIA,2026,2150917,0.0140582810457516,-0.0105,-0.0245,-1606500,-0.4227809494127473,0.4736483597492202,0.6649625009989664,25.0,625.0,411.0,0.5488,15.0,77.0,0,1,0.25
Brandon Knight,Brandon Knight,DET,2019,15643750,0.143337,-0.0106,-0.154,-1156884,-1.671124074362005,-0.8163778390961356,-1.0012496664112098,,,618.0,0.3293,17.6,74.0,0,0,0.25
Christian Koloko,Christian Koloko,,2023,1719864,0.0126441064247432,-0.0109,-0.0236,-1482628,-0.4950331029110253,0.2334200650872402,-0.48538980641502244,,,802.0,0.7073,10.4,83.0,0,0,0.25
Bismack Biyombo,Bismack Biyombo,,2019,17000000,0.1557632398753894,-0.011,-0.1667,-1200540,-0.8981958740988766,-0.4510756954324893,-1.1901618558768685,,,783.0,0.6585,12.7,80.0,0,0,0.25
Sion James,Sion James,CHO,2026,2411090,0.0157587581699346,-0.0111,-0.0269,-1698300,-0.9050470410101213,0.07938714038908844,-0.2275962535652106,23.0,529.0,1843.0,1.0,11.0,77.0,0,1,0.25
Taylor Hendricks,Taylor Hendricks,,2024,5848680,0.0416015591657894,-0.0111,-0.0527,-1560526,-1.0216165980844796,-0.36437975213386475,-0.32485474004374154,,,856.0,0.4878,13.7,81.0,0,1,0.25
Ajay Mitchell,Ajay Mitchell,OKC,2025,3000000,0.0212452552263327,-0.0112,-0.0324,-1581529,-1.0226470872385056,-1.1790142270977162,0.11312169174273415,24.0,576.0,597.0,0.439,16.2,76.0,0,1,0.25
Justin Champagnie,Justin Champagnie,,2022,825000,0.0066717884436537,-0.0114,-0.018,-1409667,-0.3793553769014646,-0.7610287076606829,0.09079956362839608,,,281.0,0.439,12.0,78.0,0,0,0.25
Mario Hezonja,Mario Hezonja,MEM,2020,1977011,0.018114,-0.0114,-0.0296,-1244196,-1.1529080032999388,-1.4087732564669053,-0.8218757421466332,,,871.0,0.7253,13.9,80.0,1,0,0.25
Jemerrio Jones,Jemerrio Jones,WAS,2019,199000,0.001823,-0.0115,-0.0133,-1255110,-0.5890245939936253,0.015387041861089825,0.6255503109659672,,,143.0,0.0732,11.3,77.0,0,0,0.25
DeAndre Jordan,DeAndre Jordan,,2022,7827907,0.0633044114673891,-0.0116,-0.0749,-1434398,-1.2130487651220991,-0.5051921497756906,-0.6821647705128697,,,408.0,0.5592,12.8,83.0,3,0,0.25
Georges Niang,Georges Niang,,2019,1678854,0.015382572842221,-0.0119,-0.0273,-1298766,-1.0261288175907048,-0.9006783337877462,-0.4190229719617916,,,516.0,0.7195,17.8,78.0,0,0,0.25
Bronny James,Bronny James,LAL,2026,2296271,0.0150083071895424,-0.0119,-0.0269,-1820700,-1.3749473353870498,-1.3250982871683854,-1.097665338723046,21.0,441.0,375.0,0.4436,16.7,74.0,1,1,0.25
Nassir Little,Nassir Little,,2024,3107143,0.0221010541440236,-0.012,-0.0341,-1687056,-1.2945714632961227,-1.1638695291624168,-0.7779229732142106,,,458.0,0.5744,13.9,78.0,4,1,0.25
Trent Forrest,Trent Forrest,UTA,2021,8558,7.6e-05,-0.0121,-0.0121,-1360209,-0.9628805911852737,-0.8852048856077037,-0.9780541804949026,,,302.0,0.3659,14.3,76.0,0,0,0.25
Maxwell Lewis,Maxwell Lewis,BRK,2024,1891857,0.013457,-0.0122,-0.0256,-1715173,-1.0327576129910774,-1.035707045821962,-4.0963573528333,,,103.0,0.4146,13.6,79.0,0,1,0.25
Deonte Burton,Deonte Burton,OKC,2019,1416852,0.012982,-0.0122,-0.0252,-1331508,-1.1220785252095757,,-0.9409728715549659,,,240.0,0.3902,16.3,76.0,0,0,0.25
Semi Ojeleye,Semi Ojeleye,BOS,2019,1618520,0.01483,-0.0124,-0.0273,-1353336,-0.775593469919208,-1.0130789933765605,-0.8109905094627302,,,594.0,0.6829,14.1,78.0,0,0,0.25
Johni Broome,Johni Broome,PHI,2026,2150917,0.0140582810457516,-0.0124,-0.0264,-1897200,-1.6902751645084095,-0.23672098114494827,,23.0,529.0,,,,82.0,0,1,0.25
Carter Bryant,Carter Bryant,SAS,2026,5145360,0.0336298039215686,-0.0126,-0.0463,-1927800,-1.109082695147472,-0.43099325826290147,-1.0048954524218876,20.0,400.0,818.0,0.8659,16.3,78.0,0,1,0.25
Jon Leuer,Jon Leuer,MIL,2019,3169348,0.029039,-0.0128,-0.0419,-1396992,-1.1647228397068519,-0.8950583008083056,-0.6668649888008731,,,402.0,0.5,16.1,82.0,0,0,0.25
Simone Fontecchio,Simone Fontecchio,,2023,3044872,0.0223853081509472,-0.0128,-0.0352,-1741068,-1.8622100318984094,-1.6456421720315026,-1.1762632344888535,,,766.0,0.6341,20.2,79.0,0,0,0.25
Tyler Cook,Tyler Cook,BRK,2020,99020,0.000907,-0.0131,-0.014,-1429734,-1.0115244095121783,0.18020323012899428,1.3293640524411163,,,35.0,0.1528,16.7,80.0,0,0,0.25
AJ Johnson,AJ Johnson,DAL,2025,3090480,0.0218860121239589,-0.0133,-0.0352,-1878066,-1.8694873825900553,-1.6988764405705243,-1.5518751423152504,21.0,441.0,595.0,0.2683,17.0,77.0,0,1,0.25
Johnny Juzang,Johnny Juzang,UTA,2024,3087519,0.021961,-0.0135,-0.0354,-1897938,-1.0661806577108703,-0.9746772918503168,-0.6007616769103734,,,372.0,0.2439,14.5,79.0,0,1,0.25
Deividas Sirvydis,Deividas Sirvydis,DET,2021,1603559,0.014265,-0.0135,-0.0277,-1517589,-1.3728320851577744,-0.5632772511041464,-1.5936594906745118,,,133.0,0.2439,15.7,80.0,0,0,0.25
Ed Davis,Ed Davis,CLE,2021,2641691,0.0235,-0.0136,-0.0371,-1528830,-0.4574609410821906,0.20813425044211362,-0.5219579385399693,,,299.0,0.4545,7.9,81.0,2,0,0.25
Jalen Wilson,Jalen Wilson,,2024,1891857,0.0134567459527128,-0.0136,-0.0271,-1911996,-0.904635941565204,-0.8526177839070265,-0.6086032424844775,,,664.0,0.5244,14.3,78.0,0,1,0.25
Shake Milton,Shake Milton,PHI,2019,1445697,0.013246,-0.0137,-0.027,-1495218,-1.1647228397068519,-0.6196766848157106,-0.46178918954136144,,,268.0,0.2439,15.0,77.0,0,0,0.25
Taj Gibson,Taj Gibson,CHO,2024,2087519,0.014848,-0.014,-0.0288,-1968232,-0.9826230459113876,-0.6939404235807489,-2.014566907085914,,,165.0,0.4037,7.6,81.0,5,1,0.25
Christian Koloko,Christian Koloko,MEM,2025,263940,0.0018691575548127,-0.0141,-0.016,-1991032,-0.6539547137521167,-0.36540720683056416,-0.948401876565877,26.0,676.0,342.0,0.5473,10.8,83.0,2,1,0.25
Ben Sheppard,Ben Sheppard,IND,2025,2790720,0.0197631862217438,-0.0142,-0.034,-2005153,-1.0168862689027807,-0.9292575309953091,-0.6309698137433564,24.0,576.0,1229.0,0.7409,11.3,78.0,1,1,0.25
John Konchar,John Konchar,,2020,2100000,0.0192413413963716,-0.0142,-0.0335,-1549788,-0.15756750303410422,,1.3485454258551526,,,181.0,0.2639,10.3,77.0,0,0,0.25
P.J. Tucker,P.J. Tucker,MIA,2021,7000000,0.06227,-0.0143,-0.0766,-1607520,-0.7438654094739378,-1.583727111417309,-1.0525125150763432,,,959.0,0.6951,7.7,77.0,2,0,0.25
Adou Thiero,Adou Thiero,LAL,2026,2150917,0.0140582810457516,-0.0145,-0.0286,-2218500,-1.0658024048759127,-0.33678776410244676,-1.3229134338709347,22.0,484.0,149.0,0.3049,14.6,79.0,0,1,0.25
Jase Richardson,Jase Richardson,ORL,2026,3132360,0.0204729411764705,-0.0149,-0.0353,-2279700,-1.1028997965372491,-0.9506982252183647,-0.45003314003730666,20.0,400.0,587.0,0.6585,16.8,73.0,0,1,0.25
Amile Jefferson,Amile Jefferson,ORL,2019,1519851,0.013926,-0.015,-0.0289,-1637100,-0.5730329760571469,-0.01271312303611373,1.855668364652332,,,68.0,0.1463,13.1,81.0,0,0,0.25
Kobi Simmons,Kobi Simmons,TOR,2023,116075,0.000853,-0.015,-0.0159,-2040315,-0.9639408926050453,-0.14594896701244284,-1.1905901028129653,,,28.0,0.061,11.8,77.0,0,0,0.25
Joshua Primo,Joshua Primo,SAS,2022,4144320,0.033515,-0.0151,-0.0486,-1867190,-1.5292772916885469,-1.7332076276236537,-1.3862374527698875,,,965.0,0.6098,15.4,76.0,0,0,0.25
Braxton Key,Braxton Key,GSW,2024,11997,8.5e-05,-0.0151,-0.0152,-2122878,-0.759802747779434,-0.6023957926232811,0.4857307976349629,,,60.0,0.2439,15.7,79.0,0,1,0.25
Jericho Sims,Jericho Sims,,2023,1927896,0.0141735173245307,-0.0154,-0.0296,-2094723,-0.5854249659845714,-0.928397595718039,-0.579537798259185,,,812.0,0.5838,7.4,82.0,1,0,0.25
Tim Frazier,Tim Frazier,DET,2019,1882867,0.017252,-0.0155,-0.0327,-1691670,-0.9461707279083121,-0.7039771795073214,-0.4974838278361204,,,909.0,0.5732,12.3,73.0,0,0,0.25
Trey Lyles,Trey Lyles,SAC,2021,2500000,0.022239,-0.0155,-0.0377,-1742417,-1.0864276167660276,-0.7333522278230069,-0.8905111176606566,,,358.0,0.5588,12.9,81.0,2,0,0.25
Dariq Whitehead,Dariq Whitehead,,2024,3114240,0.0221515349816485,-0.0155,-0.0376,-2179114,-0.832219344672319,-0.04702503148130978,-1.9033328472754716,,,24.0,0.0244,10.6,78.0,0,1,0.25
Zylan Cheatham,Zylan Cheatham,OKC,2020,1445697,0.013246,-0.0157,-0.029,-1713497,-0.8984175344819696,-0.35340827656365864,-1.5504428238560404,,,51.0,0.0556,10.4,77.0,0,0,0.25
Zeke Nnaji,Zeke Nnaji,,2021,2498760,0.0222281922180511,-0.0157,-0.0379,-1764899,-0.8337177917144859,-1.401503922075673,-0.8322529228207846,,,397.0,0.5122,12.9,82.0,0,0,0.25
Jalen Pickett,Jalen Pickett,DEN,2026,2406205,0.0157268300653594,-0.0158,-0.0315,-2417400,-1.4676908145403909,-1.384313287251294,-0.9630787233694713,26.0,676.0,807.0,0.55,14.8,74.0,2,1,0.25
Kessler Edwards,Kessler Edwards,SAC,2022,1637966,0.013246,-0.0159,-0.0292,-1966114,-1.3855370523401616,-1.2790977373777923,-0.8196036160219451,,,987.0,0.5854,13.8,80.0,0,0,0.25
Jalen Smith,Jalen Smith,,2021,4458000,0.039656982226413,-0.0161,-0.0557,-1809865,-1.5244579801886995,-1.0370575433924005,-1.720145197118298,,,156.0,0.3293,17.1,80.0,0,0,0.25
Sidy Cissoko,Sidy Cissoko,,2024,1891857,0.0134567459527128,-0.0163,-0.0298,-2291584,-0.6038285390870665,-0.32165892435371324,0.5827338680701787,,,141.0,0.1463,12.7,78.0,0,1,0.25
Wenyen Gabriel,Wenyen Gabriel,BRK,2021,99380,0.000884,-0.0164,-0.0173,-1843589,-0.9572648172952396,-0.3932022743852859,-0.6761708072337479,,,241.0,,14.4,81.0,2,0,0.25
Cam Spencer,Cam Spencer,MEM,2025,2537989,0.0179734080222083,-0.0165,-0.0345,-2329932,-0.7576494437951635,0.012865652380990156,0.6442037907939343,26.0,676.0,252.0,0.3049,15.4,75.0,0,1,0.25
Patrick Patterson,Patrick Patterson,LAC,2019,2331593,0.021363,-0.0165,-0.0379,-1800810,-0.8555515596016006,-1.513261928546784,-1.2359587502927853,,,861.0,0.7683,12.0,80.0,0,0,0.25
Terrance Ferguson,Terrance Ferguson,NYK,2020,3944013,0.036137,-0.0167,-0.0529,-1822638,-0.9493156282455634,-2.03724903101603,-1.2688992751008656,,,1257.0,0.8245,9.1,78.0,1,0,0.25
Sekou Doumbouya,Sekou Doumbouya,DET,2020,3449400,0.031605,-0.0171,-0.0487,-1866294,-1.7806511597175956,-1.776372294410733,-1.5442657714006727,,,754.0,0.5278,16.9,80.0,0,0,0.25
Alfonzo McKinnie,Alfonzo McKinnie,LAL,2020,1762796,0.016152,-0.0171,-0.0333,-1866294,-1.2264274720695743,-1.278334888164257,-0.7861138595102947,,,593.0,0.6765,15.2,79.0,1,0,0.25
Keon Ellis,Keon Ellis,,2023,683430,0.005024444754854,-0.0177,-0.0227,-2407571,-0.5741259831003782,-0.12223840250621268,0.5977669210094864,,,71.0,0.1951,12.1,76.0,0,0,0.25
Admiral Schofield,Admiral Schofield,ORL,2022,506508,0.004096,-0.018,-0.0221,-2225790,-1.6327702640193842,-1.6692484881524057,-1.566733580706618,,,469.0,0.4615,14.5,77.0,2,0,0.25
Johnny Davis,Johnny Davis,MEM,2024,5291160,0.037636,-0.018,-0.0556,-2530584,-0.9993345682712842,-1.7070343395100591,-1.4238356338367253,,,613.0,0.5091,12.2,76.0,1,1,0.25
Markieff Morris,Markieff Morris,LAL,2024,2087519,0.014848,-0.0181,-0.0329,-2544642,-2.358538386876202,-0.6207047188147747,-1.8757421535888086,,,216.0,0.2988,16.4,81.0,5,1,0.25
Sam Merrill,Sam Merrill,,2021,1517981,0.0135034871101464,-0.0181,-0.0316,-2034693,-1.0078067823055479,-1.2192807327340367,-0.3269331793433927,,,233.0,0.3659,15.0,76.0,0,0,0.25
Udonis Haslem,Udonis Haslem,MIA,2021,2641691,0.0235,-0.0182,-0.0417,-2045934,-2.479139541494523,0.025911061100477376,5.877720341677406,,,3.0,0.0472,30.1,80.0,2,0,0.25
JT Thor,JT Thor,CHO,2023,1836096,0.013499,-0.0182,-0.0317,-2475582,-1.4328486822990656,-1.7938332001954411,-1.031402676989502,,,969.0,0.6768,13.1,81.0,1,0,0.25
Aaron Nesmith,Aaron Nesmith,,2021,3631200,0.0323020264379881,-0.0186,-0.0509,-2090900,-1.0695802950959246,-1.012761118146849,-0.6098125425230917,,,669.0,0.561,13.7,77.0,0,0,0.25
Alize Johnson,Alize Johnson,IND,2019,1416852,0.012982,-0.0186,-0.0316,-2030003,-1.260672547325723,-0.5690963880007442,-1.6269160621816081,,,64.0,0.1707,13.3,81.0,0,0,0.25
Shaun Livingston,Shaun Livingston,GSW,2019,666667,0.006108,-0.0187,-0.0248,-2040918,-0.850221020289441,-0.9849788284793569,-0.507922825827984,,,967.0,0.7805,12.0,79.0,0,0,0.25
JT Thor,JT Thor,CHO,2022,1563518,0.012644,-0.0187,-0.0314,-2312348,-0.862322581112039,-0.8761551587089296,-1.120315676496689,,,262.0,0.4024,12.0,81.0,0,0,0.25
Isaac Jones,Isaac Jones,DET,2025,1955377,0.0138474944762336,-0.0189,-0.0327,-2668831,-1.1032985439386531,-0.4518504294741166,-0.9455190424938258,25.0,625.0,304.0,0.4878,16.3,80.0,0,1,0.25
Jeff Green,Jeff Green,HOU,2025,2296274,0.016261642399864,-0.019,-0.0353,-2682952,-2.2612230294193436,-0.8142892131332407,-0.37279600684633135,39.0,1521.0,396.0,0.6171,14.7,80.0,6,1,0.25
Romeo Langford,Romeo Langford,SAS,2021,3804360,0.033842,-0.0195,-0.0534,-2192073,-1.1257380339962673,-1.5715788987945334,-1.5008202283093683,,,283.0,0.3039,11.3,77.0,1,0,0.25
Zeke Nnaji,Zeke Nnaji,,2024,8888889,0.0632265129314024,-0.0197,-0.0829,-2769583,-1.6510839403072488,-0.8648237347013554,-1.2251826392927505,,,576.0,0.6476,15.4,82.0,3,1,0.25
Daniel Oturu,Daniel Oturu,MEM,2021,1517981,0.013503,-0.0198,-0.0333,-2225797,-1.6704681013295903,-0.387128168073898,-1.2889722470734704,,,161.0,0.3659,18.2,82.0,0,0,0.25
Gabe Vincent,Gabe Vincent,,2024,11000000,0.0782428087745753,-0.0199,-0.0981,-2797701,-0.8712128968454109,-0.7488672021552296,-1.41279935636206,,,218.0,0.4817,10.9,74.0,3,1,0.25
Xavier Sneed,Xavier Sneed,CHO,2022,94136,0.000761,-0.0205,-0.0213,-2534927,-1.2417968129917762,-0.3452943010975704,-2.620431396276196,,,31.0,0.0854,11.2,77.0,0,0,0.25
Norvel Pelle,Norvel Pelle,BRK,2020,217845,0.001996,-0.0205,-0.0225,-2237370,-1.3338790033482721,-0.5964979629458671,-2.0286767271110775,,,232.0,0.3333,13.4,82.0,0,0,0.25
Terry Taylor,Terry Taylor,SAC,2024,119972,0.000853,-0.0205,-0.0214,-2882054,-0.8600718819388131,-0.8159999315240393,-0.9004837388539144,,,188.0,0.3646,11.3,77.0,2,1,0.25
Abdel Nader,Abdel Nader,OKC,2019,1618520,0.01483,-0.0208,-0.0356,-2270112,-1.1860449969554898,-1.7324432147449718,-1.3905232689465061,,,694.0,0.7439,15.1,77.0,0,0,0.25
Kendall Brown,Kendall Brown,IND,2023,1100000,0.008087,-0.021,-0.0291,-2856441,-0.6588683547318276,-0.40083753545441736,0.40264861907158406,,,40.0,0.0732,10.4,78.0,0,0,0.25
MarJon Beauchamp,MarJon Beauchamp,LAC,2024,2733720,0.019445,-0.022,-0.0414,-3092936,-1.1720202993235485,-1.5361510283894528,-0.6530387807377351,,,608.0,0.6037,14.6,79.0,1,1,0.25
Dominick Barlow,Dominick Barlow,,2023,455620,0.0033496298365693,-0.0221,-0.0254,-3006064,-0.9752398754892386,-0.9461805190977117,-0.4974425686559419,,,408.0,0.3415,11.3,81.0,0,0,0.25
Alfonzo McKinnie,Alfonzo McKinnie,CLE,2019,2391985,0.021917,-0.0221,-0.0441,-2411994,-1.1114174465852569,-0.7376973773839657,-0.7631731638225814,,,1003.0,0.878,13.9,79.0,0,0,0.25
Nassir Little,Nassir Little,,2020,2210640,0.0202550852116547,-0.0224,-0.0426,-2444736,-0.9832476907546259,-0.6735751805792503,-0.8862471308920427,,,573.0,0.6667,13.7,78.0,0,0,0.25
Vincent Poirier,Vincent Poirier,NYK,2020,2619207,0.023999,-0.0224,-0.0464,-2444736,-1.4752625971360327,-0.8277296158460167,-1.301410077497537,,,130.0,0.3056,15.4,84.0,0,0,0.25
Udoka Azubuike,Udoka Azubuike,UTA,2021,2075880,0.018466,-0.0226,-0.0411,-2540556,-1.3222901201474664,-0.8123156098710492,-2.0120592536154103,,,57.0,0.1829,12.4,83.0,0,0,0.25
Isaiah Roby,Isaiah Roby,OKC,2020,1517981,0.013909,-0.0226,-0.0366,-2466564,-1.3225683158452513,-0.20518285803792172,-4.6643274774092305,,,11.0,0.0417,8.0,78.0,0,0,0.25
Caleb Houstan,Caleb Houstan,,2023,2000000,0.0147036119422736,-0.0226,-0.0373,-3074074,-0.9865388583734319,-1.3907536035895278,-0.912466928838543,,,812.0,0.622,11.0,80.0,0,0,0.25
Nick Smith Jr.,Nick Smith Jr.,,2024,2587200,0.0184027086237801,-0.0228,-0.0412,-3205406,-1.8961862682523978,-2.1098307157229175,-1.6741848754988693,,,729.0,0.622,20.3,74.0,0,1,0.25
Jericho Sims,Jericho Sims,,2024,2092344,0.0148828064984209,-0.0228,-0.0377,-3205406,-0.45899534530129654,-1.4324004466376559,-1.0297243566493366,,,585.0,0.5646,6.0,82.0,2,1,0.25
Tony Snell,Tony Snell,NOP,2021,2389641,0.021258,-0.0229,-0.0441,-2574280,-0.9123386261749655,-1.832765470184212,-0.09670427032379185,,,992.0,0.7129,8.6,78.0,2,0,0.25
Jalen McDaniels,Jalen McDaniels,CHO,2020,1517981,0.013909,-0.0229,-0.0369,-2499306,-1.266014878330147,-0.49570467834836596,-0.23863194715034744,,,293.0,0.2222,13.3,81.0,0,0,0.25
Mamadi Diakite,Mamadi Diakite,,2023,252525,0.0018565148028613,-0.0233,-0.0252,-3169289,-2.0203957922771147,-0.8276276965665608,-1.228112853185639,,,176.0,0.2317,16.0,81.0,2,0,0.25
Lance Thomas,Lance Thomas,BRK,2019,262152,0.002402,-0.0234,-0.0258,-2553876,-1.39926656944187,-1.6987230168683274,-1.4659534479844873,,,783.0,0.561,12.9,80.0,0,0,0.25
Jacob Evans,Jacob Evans,MIN,2019,1925880,0.017646,-0.0239,-0.0415,-2608446,-1.239350390077085,-1.5582221923823096,-2.0811808457630225,,,204.0,0.3659,13.5,76.0,0,0,0.25
Juwan Morgan,Juwan Morgan,BOS,2021,115116,0.001024,-0.0239,-0.0249,-2686694,-1.0246541039756507,-1.2739476895365278,-1.371219110376819,,,147.0,0.3304,10.9,79.0,1,0,0.25
Juwan Morgan,Juwan Morgan,UTA,2020,1517981,0.013909,-0.024,-0.0379,-2619360,-0.7796553157002508,-0.5312787787945429,-0.6381897086054396,,,134.0,0.2917,11.0,79.0,0,0,0.25
Sindarius Thornwell,Sindarius Thornwell,NOP,2019,183115,0.001678,-0.0242,-0.0259,-2641188,-0.279853313888374,-0.6196766848157106,-0.9440035483913133,,,313.0,0.7805,11.3,76.0,0,0,0.25
Joe Wieskamp,Joe Wieskamp,SAS,2022,2175000,0.017589,-0.0247,-0.0423,-3054278,-1.1268046215130678,-0.7802164495020574,-1.2522431898550246,,,205.0,0.3537,13.1,78.0,0,0,0.25
Jericho Sims,Jericho Sims,MIL,2025,2461463,0.0174314698883915,-0.0252,-0.0426,-3558441,-0.8555833555024855,-1.1687539731529513,-1.5159998738630582,27.0,729.0,422.0,0.5293,7.5,82.0,3,1,0.25
Hamidou Diallo,Hamidou Diallo,OKC,2019,1416852,0.012982,-0.0253,-0.0383,-2761242,-1.3832749515053917,-1.1479597848831375,-0.7352235885540436,,,526.0,0.622,16.6,77.0,0,0,0.25
Keshad Johnson,Keshad Johnson,MIA,2025,1955377,0.0138474944762336,-0.0254,-0.0393,-3586683,-0.9535172672098077,0.03478743527419568,1.2323019414923682,25.0,625.0,98.0,0.1951,15.4,78.0,0,1,0.25
Max Christie,Max Christie,,2023,1719864,0.0126441064247432,-0.0254,-0.0381,-3454933,-0.8001056407842433,-1.248490216552147,-0.8638010586582269,,,512.0,0.5,10.4,77.0,0,0,0.25
Justin Robinson,Justin Robinson,DET,2021,95930,0.000853,-0.0256,-0.0264,-2877798,-1.4402213718381858,-0.22920140397781327,-1.686187211890779,,,88.0,0.1155,12.2,73.0,1,0,0.25
Garrett Temple,Garrett Temple,,2022,5155500,0.0416926125106142,-0.0257,-0.0674,-3177933,-2.058241372490605,-1.330265048954791,-1.1089485539357882,,,1098.0,0.7369,13.9,77.0,3,0,0.25
Justin Robinson,Justin Robinson,OKC,2020,198040,0.001815,-0.0259,-0.0277,-2826726,-1.277325565833168,0.09719699575458159,-1.673658764939425,,,49.0,0.125,12.7,73.0,0,0,0.25
Jonathan Mogbo,Jonathan Mogbo,TOR,2026,2296271,0.0150083071895424,-0.026,-0.041,-3978000,-0.5773534146683159,-0.73186326550063,-0.574780525025607,24.0,576.0,249.0,0.593,11.1,81.0,1,1,0.25
Wenyen Gabriel,Wenyen Gabriel,NOP,2020,1620564,0.014848,-0.0261,-0.0409,-2848554,-0.542130878136813,-0.13996367388659747,-0.450927486800612,,,174.0,,11.5,81.0,1,0,0.25
Alondes Williams,Alondes Williams,WAS,2025,131970,0.0009345787774063,-0.0264,-0.0273,-3727891,-0.5444991653733449,0.12982351249469898,8.222854251319506,27.0,729.0,4.0,0.0122,21.1,76.0,0,1,0.25
Rayan Rupert,Rayan Rupert,POR,2025,2221677,0.0157333649651577,-0.0269,-0.0426,-3798495,-1.748510197539834,-1.4768301133826032,-1.5099138908220615,22.0,484.0,460.0,0.5747,16.8,79.0,1,1,0.25
Drake Powell,Drake Powell,BRK,2026,3540600,0.0231411764705882,-0.027,-0.0502,-4131000,-2.0117858922399923,-2.624073393308425,-1.7980077000798984,20.0,400.0,1320.0,0.7683,14.9,77.0,0,1,0.25
Jalen Pickett,Jalen Pickett,DEN,2025,2221677,0.0157333649651577,-0.0284,-0.0441,-4010307,-1.2357973656603243,-0.6924384318166873,-0.40610875612336683,26.0,676.0,666.0,0.497,13.2,74.0,1,1,0.25
Ed Davis,Ed Davis,MIN,2020,5005350,0.045862,-0.0285,-0.0744,-3110490,-0.7231018781851465,-0.6439300968741029,-1.3225420990553733,,,303.0,0.6135,9.4,81.0,1,0,0.25
Rayan Rupert,Rayan Rupert,,2024,1891857,0.0134567459527128,-0.0286,-0.0421,-4020816,-1.3725585676423067,-1.4201944958433268,-1.4116376429436743,,,633.0,0.4756,13.6,79.0,0,1,0.25
Jordan Walsh,Jordan Walsh,,2024,1891857,0.0134567459527128,-0.0287,-0.0422,-4034875,-0.5815465092738711,-0.6756314973892553,0.3721733109877492,,,83.0,0.1098,9.9,78.0,0,1,0.25
Bryce McGowens,Bryce McGowens,CHO,2023,1719864,0.012644,-0.0302,-0.0428,-4107834,-1.715323254403897,-1.6574974542846177,-1.0505051680883175,,,787.0,0.561,15.0,78.0,0,0,0.25
Trent Forrest,Trent Forrest,ATL,2023,533945,0.003925,-0.0302,-0.0341,-4107834,-1.4949930881621287,-1.5389446317534665,-1.1225943309255146,,,277.0,0.3125,11.6,76.0,2,0,0.25
Jamison Battle,Jamison Battle,TOR,2025,1955377,0.0138474944762336,-0.0304,-0.0442,-4292723,-1.5584031924609147,-1.308582337646718,-0.6543528012166601,25.0,625.0,1042.0,0.7195,15.3,79.0,0,1,0.25
Ochai Agbaji,Ochai Agbaji,,2024,4310280,0.0306589467095342,-0.0315,-0.0622,-4428522,-1.3836995825489042,-1.3225468894886945,-0.7125765934300082,,,1003.0,0.6585,12.2,77.0,1,1,0.25
Rodney McGruder,Rodney McGruder,DET,2020,5192307,0.047575,-0.0317,-0.0792,-3459738,-1.0002137220091574,-1.0352452017820484,-0.4743352645262155,,,871.0,0.7879,10.6,76.0,1,0,0.25
Mac McClung,Mac McClung,IND,2025,164060,0.0011618321908107,-0.0318,-0.0329,-4490414,-1.005364632231331,0.1725835031115821,-2.5704765144399895,27.0,729.0,10.0,0.0244,8.7,74.0,0,1,0.25
Terance Mann,Terance Mann,,2020,1517984,0.0139085944658237,-0.032,-0.0459,-3492480,-0.8701408157244176,-0.7210073145074861,-0.10046103696449378,,,362.0,0.5694,12.6,78.0,0,0,0.25
Jaylen Clark,Jaylen Clark,MIN,2025,2191897,0.0155224703982777,-0.0323,-0.0478,-4561018,-0.642433077080667,-0.7438901654775072,0.8351114693430993,24.0,576.0,522.0,,12.0,77.0,1,1,0.25
Admiral Schofield,Admiral Schofield,OKC,2020,1517981,0.013909,-0.0323,-0.0462,-3525222,-1.1698740345544698,-0.9996711013358716,-1.4002429167834183,,,368.0,0.4583,11.9,77.0,0,0,0.25
Jordan Hawkins,Jordan Hawkins,NOP,2026,7021895,0.0458947385620915,-0.0325,-0.0784,-4972500,-2.308565025530684,-1.8192088297598696,-2.1729526572137474,24.0,576.0,692.0,0.6793,18.2,77.0,2,1,0.25
Jabari Walker,Jabari Walker,,2023,1719864,0.0126441064247432,-0.0325,-0.0452,-4420682,-1.7605191859406701,-1.2010690875396866,-1.1701231480642342,,,619.0,0.6829,17.3,79.0,0,0,0.25
Ariel Hukporti,Ariel Hukporti,NYK,2025,1955377,0.0138474944762336,-0.0326,-0.0465,-4603380,-1.4892733724322167,-1.0483760947711458,-2.9782373781867792,24.0,576.0,217.0,0.3049,11.6,84.0,0,1,0.25
Juan Toscano-Anderson,Juan Toscano-Anderson,SAC,2023,323506,0.002378,-0.0327,-0.0351,-4447886,-1.2690134304782634,-1.4203918092223158,-0.8278701825437879,,,365.0,0.5793,10.4,78.0,3,0,0.25
Olivier-Maxence Prosper,Olivier-Maxence Prosper,,2024,2870400,0.0204171053005946,-0.033,-0.0535,-4639404,-1.50068023906818,-0.13246668704161305,-1.0886813126324169,,,336.0,0.4878,16.6,79.0,0,1,0.25
E.J. Liddell,E.J. Liddell,PHO,2025,706898,0.0050060761429947,-0.0332,-0.0382,-4688105,-0.9592780855455325,0.12247250688547404,-0.9083625144540556,25.0,625.0,53.0,,14.1,78.0,2,1,0.25
Haywood Highsmith,Haywood Highsmith,,2022,1752638,0.0141736120658283,-0.0333,-0.0474,-4117711,-1.615521435297578,-0.8441755889733055,-1.5591554989993508,,,163.0,0.2317,14.0,77.0,0,0,0.25
Usman Garuba,Usman Garuba,HOU,2022,2471160,0.019984,-0.0338,-0.0538,-4179538,-0.7760784375030079,0.5373418236056531,0.3236533469971553,,,240.0,0.2927,9.4,80.0,0,0,0.25
Micah Potter,Micah Potter,IND,2025,1527805,0.0108195357203557,-0.034,-0.0449,-4801072,-1.2069932739817002,-1.2971702524374833,-1.4436087071648849,28.0,784.0,705.0,0.4634,10.3,81.0,0,1,0.25
Julian Phillips,Julian Phillips,,2024,1891857,0.0134567459527128,-0.034,-0.0475,-4779992,-1.038328120444376,-1.2615171355170491,-1.1331168508856744,,,323.0,0.4878,13.0,78.0,0,1,0.25
Freddie Gillespie,Freddie Gillespie,ORL,2021,171156,0.001523,-0.0344,-0.0359,-3867041,-1.5019948846285625,-1.0006129055240733,-0.4658805317422317,,,392.0,0.2439,12.2,81.0,0,0,0.25
Miles McBride,Miles McBride,,2022,1563518,0.012644195544054,-0.0352,-0.0479,-4352656,-1.2360472034178407,-0.27493924767919753,-0.4689451079311214,,,372.0,0.4878,13.9,74.0,0,0,0.25
Romeo Langford,Romeo Langford,BOS,2020,3631200,0.033271,-0.0352,-0.0685,-3841728,-1.1585633470514491,-1.367270139279699,-0.9135562049052467,,,370.0,0.4444,11.8,77.0,0,0,0.25
Leandro Bolmaro,Leandro Bolmaro,UTA,2022,2471160,0.019984,-0.0361,-0.0561,-4463945,-1.3280409566008073,-1.566913864998409,-1.653881520340192,,,241.0,0.4268,12.6,78.0,0,0,0.25
Tre Jones,Tre Jones,,2021,1517981,0.0135034871101464,-0.0366,-0.0501,-4114352,-1.619926136319282,-1.012761118146849,-1.320749444258855,,,269.0,0.4512,16.1,73.0,0,0,0.25
Wes Iwundu,Wes Iwundu,ATL,2021,102831,0.000915,-0.0375,-0.0385,-4215525,-1.232437737906918,-1.261799476913752,-1.289595329371223,,,288.0,0.5228,9.9,78.0,2,0,0.25
Jamison Battle,Jamison Battle,TOR,2026,2296271,0.0150083071895424,-0.0375,-0.0525,-5737500,-1.2636551604030404,-1.6207448955033554,-0.8956097151504469,25.0,625.0,517.0,0.7348,14.1,79.0,1,1,0.25
Tyler Lydon,Tyler Lydon,SAC,2019,50000,0.000458,-0.0376,-0.0381,-4103664,-1.1167479858974163,-0.7433174103634064,-1.0036068595061467,,,94.0,0.3049,10.6,82.0,0,0,0.25
Mamadi Diakite,Mamadi Diakite,,2021,1040234,0.0092535983062607,-0.0382,-0.0474,-4294214,-1.6704681013295903,-0.16238623455254667,0.05096623424358406,,,141.0,0.1707,14.6,81.0,0,0,0.25
P.J. Tucker,P.J. Tucker,NYK,2024,246833,0.001756,-0.0386,-0.0404,-5426696,-1.010475583177882,-1.6704164871270721,-1.176971532429739,,,420.0,0.6183,5.5,77.0,5,1,0.25
Jericho Sims,Jericho Sims,,2022,1639842,0.0132614289757793,-0.0396,-0.0529,-4896738,-0.7128327321897183,-0.38366978478031927,-0.1100196016141877,,,555.0,0.5,6.9,82.0,0,0,0.25
Donta Hall,Donta Hall,ORL,2020,277256,0.00254,-0.041,-0.0435,-4474740,-1.5770587846632205,-0.0806735064763027,0.39825467180044616,,,85.0,0.0694,12.9,82.0,0,0,0.25
Jamal Crawford,Jamal Crawford,BRK,2019,289803,0.002655,-0.0418,-0.0444,-4562052,-2.80119840853982,-1.7605433796421754,-1.110017290649013,,,1211.0,0.7805,20.8,77.0,0,0,0.25
Cody Williams,Cody Williams,UTA,2025,5742480,0.0406668177440371,-0.0418,-0.0824,-5902494,-2.082637661011874,-2.3728541206500164,-2.0467616580173638,21.0,441.0,1060.0,0.6098,12.5,80.0,0,1,0.25
Semi Ojeleye,Semi Ojeleye,BOS,2020,1752950,0.016061,-0.0421,-0.0582,-4594794,-1.2547041908271261,-1.574785725215731,-0.7360472238194207,,,1011.0,0.8551,9.7,78.0,1,0,0.25
Kobe Brown,Kobe Brown,,2024,2533920,0.0180237289100065,-0.0432,-0.0612,-6073401,-1.0717511651641691,-1.5788718561696042,-1.3471625482232614,,,394.0,0.5366,11.1,79.0,0,1,0.25
Dillon Jones,Dillon Jones,WAS,2025,2753280,0.0194980454365191,-0.0436,-0.0631,-6156668,-1.281883912346123,-1.137933341938435,-0.954487859606874,24.0,576.0,552.0,0.6585,13.3,77.0,0,1,0.25
Andre Jackson Jr.,Andre Jackson Jr.,MIL,2025,2221677,0.0157333649651577,-0.0439,-0.0596,-6199031,-1.5411207374537403,-1.499933975706425,-0.8276431604366236,24.0,576.0,980.0,0.7713,11.9,78.0,1,1,0.25
Patrick McCaw,Patrick McCaw,TOR,2019,4000000,0.03665,-0.0458,-0.0824,-4998612,-1.1327396038338948,-1.0467991912532049,0.027496748593401246,,,344.0,0.3171,9.3,79.0,0,0,0.25
Spencer Jones,Spencer Jones,DEN,2025,623967,0.0044187793892697,-0.046,-0.0504,-6495568,-1.8291616542399818,-0.7698252025333217,-2.303333890429916,25.0,625.0,125.0,0.2439,13.7,79.0,0,1,0.25
Dean Wade,Dean Wade,,2020,1517981,0.0139085669781931,-0.0492,-0.0631,-5369688,-1.2999469408392097,0.3284286486547312,0.004223746752788258,,,71.0,0.1667,9.9,81.0,0,0,0.25
Garrett Temple,Garrett Temple,,2023,2019706,0.0148484866307408,-0.0498,-0.0647,-6773845,-1.9751998607403418,-0.537173281365241,0.07585957491684563,,,162.0,0.5049,13.4,77.0,4,0,0.25
Andre Jackson Jr.,Andre Jackson Jr.,,2024,1891857,0.0134567459527128,-0.05,-0.0634,-7029400,-0.97148203100479,-1.4507093728291494,-1.059348048818175,,,572.0,0.6951,10.0,78.0,0,1,0.25
Chaz Lanier,Chaz Lanier,DET,2026,2150917,0.0140582810457516,-0.0511,-0.0652,-7818300,-1.8139331367128646,-1.2086951863817574,-1.5478101279343495,24.0,576.0,262.0,0.4146,15.0,75.0,0,1,0.25
Jared Dudley,Jared Dudley,LAL,2020,1620564,0.014848,-0.0519,-0.0667,-5664366,-0.8192427219608236,-1.0708193022282253,-0.10241168510829407,,,364.0,0.6604,8.0,78.0,1,0,0.25
Amari Williams,Amari Williams,BOS,2026,2150917,0.0140582810457516,-0.0537,-0.0678,-8216100,-1.6964580631186326,-0.5753275544470531,-1.8303365998515142,24.0,576.0,146.0,0.2683,11.1,83.0,0,1,0.25
Tyler Ulis,Tyler Ulis,SAC,2019,50000,0.000458,-0.0538,-0.0543,-5871732,-0.6903048409246559,0.10530756953214122,-3.1681836043996454,,,1.0,0.0122,0.0,70.0,0,0,0.25
Udonis Haslem,Udonis Haslem,MIA,2020,1620564,0.014848,-0.0545,-0.0693,-5948130,-2.606331347438118,-0.3415502430815997,-2.45586867060334,,,44.0,0.0805,13.8,80.0,1,0,0.25
Norvel Pelle,Norvel Pelle,BOS,2021,95930,0.000853,-0.058,-0.0589,-6520012,-1.209974642346781,-0.33853531758279504,0.2727835322435243,,,52.0,0.1936,6.8,82.0,1,0,0.25
Juwan Morgan,Juwan Morgan,IND,2022,576230,0.00466,-0.0586,-0.0633,-7246183,-1.3280409566008073,-0.5563594613526891,-0.959109211087548,,,27.0,0.1705,4.8,79.0,2,0,0.25
Pat Spencer,Pat Spencer,,2024,438810,0.0031212479016701,-0.0706,-0.0737,-9925512,-1.6176608955874556,0.02621067328466446,-1.4749510242457013,,,26.0,0.0732,8.1,74.0,0,1,0.25
