player_name,player_name_norm,season,age,year_in_contract,contract_years,cap_pct,predicted_cap_pct,actual_salary,predicted_salary,diff,darko_dpm_z,lebron_z,rapm_z,age,age_squared,mpg,availability_3yr,usage_pct,height_inches,cba_era,ast_pct,award_score_cum,draft_pick
Paul George,paul george,2026,35.0,8,9,0.3537671895424836,0.11203498,54.13,17.14,-36.99,0.6479943076502382,0.8492224494343876,1.0385398789393128,35.0,1225.0,30.67567567567568,0.5561,23.3,80.0,1,17.7,0.0,10.0
Zach LaVine,zach lavine,2026,30.0,5,5,0.3200482352941176,0.096685134,48.97,14.79,-34.18,-1.365004853989863,-0.6084237532912543,-0.5728306525030814,30.0,900.0,31.384615384615383,0.4524,23.7,77.0,1,11.2,0.0,13.0
Jimmy Butler,jimmy butler,2026,36.0,4,4,0.3714560326797385,0.15224656,56.83,23.29,-33.54,1.1542219074709736,,2.206423373950244,36.0,1296.0,31.105263157894736,0.4878,23.3,78.0,1,24.3,0.0,75.0
John Wall,john wall,2022,,3,3,0.33049,0.06157479,40.87,7.61,-33.26,-0.3470830920804262,,,,,,,,75.0,0,,0.0,1.0
Domantas Sabonis,domantas sabonis,2026,29.0,3,4,0.2972026143790849,0.09576435,45.47,14.65,-30.82,-0.4180614613840164,0.8310451753455281,-0.639027866757739,29.0,841.0,29.68421052631579,0.572,23.0,82.0,1,21.3,0.0,11.0
Ja Morant,ja morant,2026,26.0,4,5,0.2755981045751633,0.07485022,42.17,11.45,-30.72,0.5407931688646708,0.3275049485603775,-0.602327856782359,26.0,676.0,28.45,0.3268,32.5,74.0,1,45.1,0.0,2.0
Kyrie Irving,kyrie irving,2026,34.0,2,3,0.258112954248366,0.058480926,39.49,8.95,-30.54,0.2430122277936498,,,34.0,1156.0,,,,74.0,1,,0.0,1.0
Stephen Curry,stephen curry,2026,37.0,8,8,0.4090663921568627,0.22409756,62.59,34.29,-28.3,1.1959112392209164,1.4401988042597251,1.172992251933229,37.0,1369.0,30.906976744186046,0.6988,32.5,74.0,1,27.0,26.0,7.0
John Wall,john wall,2021,30.0,2,3,0.394175,0.14256051,44.31,16.03,-28.28,0.4866219141665231,-0.186584435634868,-0.7022989537740074,30.0,900.0,32.2,,31.7,75.0,0,36.2,0.0,1.0
Klay Thompson,klay thompson,2021,,3,5,0.3378646787766648,0.0897954,37.98,10.09,-27.89,0.4699481627534814,,,,,,,,77.0,0,,0.0,11.0
Darius Garland,darius garland,2026,26.0,4,5,0.2755981045751633,0.09756822,42.17,14.93,-27.24,0.5824825006146136,0.2140025191430571,-0.4455810852052678,26.0,676.0,30.46153846153846,0.572,25.8,73.0,1,33.2,0.0,5.0
Anthony Davis,anthony davis,2026,32.0,2,3,0.3820690588235294,0.20442735,58.46,31.28,-27.18,0.9576864863641,0.9678296634186844,0.9315267657400732,32.0,1024.0,31.3,0.461,27.5,82.0,1,15.1,0.0,1.0
Stephen Curry,stephen curry,2020,31.0,2,8,0.3940476635514018,0.14522284,43.01,15.85,-27.16,3.221405489824859,1.1037132672945502,0.2712312649348103,31.0,961.0,27.8,0.359,33.6,74.0,0,42.3,0.0,7.0
Ben Simmons,ben simmons,2024,27.0,4,4,0.279228,0.087887466,39.26,12.36,-26.9,0.4234246029209503,0.8347402463861543,0.2960714286329208,27.0,729.0,23.933333333333334,,13.0,82.0,1,33.2,0.0,1.0
Ben Simmons,ben simmons,2023,26.0,3,4,0.278585,0.08100889,37.89,11.02,-26.87,0.2669366696029044,0.0134728690004866,0.0403037527737992,26.0,676.0,26.30952380952381,,14.3,82.0,0,31.3,0.0,1.0
Bradley Beal,bradley beal,2024,30.0,3,3,0.3570996813383788,0.16711353,50.2,23.49,-26.71,0.3693668318885854,0.0975344199814134,0.6064103548193474,30.0,900.0,33.33962264150944,0.6037,22.7,76.0,1,22.5,0.0,3.0
Jordan Poole,jordan poole,2026,26.0,4,4,0.222514,0.055357393,34.04,8.47,-25.57,-1.097002007025944,-0.608304811382195,-1.5273739026103998,26.0,676.0,23.923076923076923,0.6768,25.1,76.0,1,18.3,0.0,28.0
Khris Middleton,khris middleton,2025,33.0,3,3,0.2357961022038411,0.055515815,33.3,7.84,-25.46,0.1023097944216992,0.3217295832222699,1.0612682916911385,33.0,1089.0,23.217391304347824,0.422,22.0,79.0,1,28.5,0.0,39.0
Russell Westbrook,russell westbrook,2022,33.0,4,4,0.3743905624519833,0.17034017,46.3,21.06,-25.24,-0.114942345808904,-0.4636987258544096,-0.6196811970069117,33.0,1089.0,34.333333333333336,0.8717,27.3,76.0,0,31.6,0.0,4.0
Lauri Markkanen,lauri markkanen,2025,27.0,2,5,0.3285514984986686,0.15114087,46.39,21.34,-25.05,0.5495288848097971,-0.2227570171388863,0.04003339016194,27.0,729.0,31.404255319148938,0.6488,24.0,85.0,1,7.5,0.0,7.0
Kevin Love,kevin love,2021,32.0,3,3,0.2780637287170637,0.058062114,31.26,6.53,-24.73,0.0642202117028013,1.2190619513365994,0.0309711324655252,32.0,1024.0,24.88,0.4394,21.9,82.0,0,16.0,0.0,5.0
Joel Embiid,joel embiid,2025,30.0,3,6,0.3910863832077502,0.22542666,55.22,31.83,-23.39,2.0253518830905204,1.4126351701854185,-0.0477808079899674,30.0,900.0,30.21052631578948,0.4195,34.2,84.0,1,25.6,0.0,3.0
Klay Thompson,klay thompson,2022,31.0,4,5,0.3283335085520197,0.14067616,40.6,17.4,-23.2,0.3776489938404235,0.5500412731992849,0.5707273719183501,31.0,961.0,29.40625,,29.6,77.0,0,16.1,0.0,11.0
Zach LaVine,zach lavine,2025,29.0,4,5,0.3363807999546768,0.17227824,47.5,24.33,-23.17,0.1302609875709554,-0.3162789438787072,0.916911858038542,29.0,841.0,34.095238095238095,0.5354,26.6,77.0,1,20.5,0.0,13.0
Jimmy Butler,jimmy butler,2025,35.0,3,4,0.3833100815817801,0.21963084,54.13,31.01,-23.12,1.466328020105398,1.7321071593245534,2.3402599762849285,35.0,1225.0,32.666666666666664,0.5585,20.6,78.0,1,26.5,0.0,75.0
Mike Conley,mike conley,2020,32.0,2,2,0.3161456111416529,0.104725026,34.5,11.43,-23.07,0.6080584750724831,0.2863359166302329,-0.0019570089489806,32.0,1024.0,29.0,0.7281,23.1,73.0,0,23.1,0.0,4.0
Jalen Green,jalen green,2026,23.0,2,3,0.2369357254901961,0.08890412,36.25,13.6,-22.65,0.0226543314010943,-0.293418669395837,-0.166729607541865,23.0,529.0,25.875,0.6951,31.9,76.0,1,18.6,0.0,2.0
Klay Thompson,klay thompson,2020,,2,5,0.324,0.11764216,35.36,12.84,-22.52,0.8984303656005249,,,,,,,,77.0,0,,0.0,11.0
John Wall,john wall,2020,,1,3,0.378,0.17329492,41.25,18.91,-22.34,1.0212800115931582,,,,,,,,75.0,0,,0.0,1.0
Paul George,paul george,2025,34.0,7,9,0.36588642286556,0.21204638,51.67,29.94,-21.73,1.2706696680606049,-0.166977962208992,0.1780722556021688,34.0,1156.0,32.53658536585366,0.6573,23.5,80.0,1,20.9,0.0,10.0
Tyrese Haliburton,tyrese haliburton,2026,26.0,3,5,0.3197687843137254,0.17792264,48.92,27.22,-21.7,1.559203987327562,,,26.0,676.0,,,,77.0,1,,5.0,12.0
Kawhi Leonard,kawhi leonard,2022,,4,8,0.3436374752335125,0.17142172,42.49,21.2,-21.29,2.965169019354708,,,,,,,,78.0,0,,12.0,15.0
Klay Thompson,klay thompson,2023,32.0,5,5,0.317740937061189,0.16361566,43.22,22.26,-20.96,0.4486204403513813,0.2092152565053542,0.3298572608273012,32.0,1024.0,33.028985507246375,,26.4,77.0,0,11.0,0.0,11.0
Jerami Grant,jerami grant,2026,31.0,4,5,0.2235744967320261,0.08801051,34.21,13.47,-20.74,-0.3168159414198694,0.0159128706060568,0.2222219000476784,31.0,961.0,29.73684210526316,0.6512,23.8,79.0,1,11.0,0.0,39.0
Jerami Grant,jerami grant,2025,30.0,3,5,0.2266160628293014,0.0802692,32.0,11.33,-20.67,-1.004557454288843,-0.4022614550436553,-0.5727707264377024,30.0,900.0,32.42553191489362,0.6378,19.4,79.0,1,9.5,0.0,39.0
Joel Embiid,joel embiid,2026,31.0,4,6,0.3797385620915032,0.24533264,58.1,37.54,-20.56,1.5532483685061416,1.0523667976205706,0.7078967984134575,31.0,961.0,31.605263157894736,0.3963,33.5,84.0,1,21.7,0.0,3.0
Terry Rozier,terry rozier,2025,30.0,4,4,0.1886793311993654,0.04435154,26.64,6.26,-20.38,-1.3902839197485777,-0.6668147630878571,-1.217794440920419,30.0,900.0,25.90625,0.6537,20.4,73.0,1,14.8,0.0,16.0
Dejounte Murray,dejounte murray,2026,29.0,3,4,0.2142815098039215,0.0820756,32.79,12.56,-20.23,0.2489678466150702,0.6433865429376319,0.4746630901587048,29.0,841.0,27.785714285714285,0.389,26.6,76.0,1,35.4,0.0,29.0
Tobias Harris,tobias harris,2023,30.0,5,5,0.2887065232574382,0.14253327,39.27,19.39,-19.88,0.7128877432582567,0.2322437726823975,0.488637382638231,30.0,900.0,32.91891891891892,0.8695,18.2,80.0,0,11.4,0.0,19.0
Al Horford,al horford,2021,34.0,3,4,0.2401836070240361,0.06447677,27.0,7.25,-19.75,-0.6916565190217535,1.5793326639637404,0.363432263932205,34.0,1156.0,27.928571428571427,0.6158,21.6,80.0,0,20.1,0.0,3.0
Immanuel Quickley,immanuel quickley,2025,25.0,2,5,0.2301569316186051,0.0906584,32.5,12.8,-19.7,0.4824460212515825,0.679553838755815,0.3957124805182275,25.0,625.0,27.818181818181817,0.5378,25.1,74.0,1,31.5,0.0,25.0
D'Angelo Russell,d'angelo russell,2021,24.0,3,4,0.2669907662746633,0.09213831,30.01,10.36,-19.65,-0.0636118824638513,-0.3283302897832513,-0.1774742653098627,24.0,576.0,28.476190476190474,0.5912,29.1,75.0,0,33.6,0.0,2.0
Jaren Jackson Jr.,jaren jackson jr.,2026,26.0,1,4,0.3202614379084967,0.19195192,49.0,29.37,-19.63,0.8504853475785323,-0.4136832245966744,,26.0,676.0,,,,82.0,1,,13.0,4.0
Kevin Durant,kevin durant,2020,,2,7,0.3578793293018142,0.17934483,39.06,19.57,-19.49,1.8812275335415896,,,,,,,,83.0,0,,0.0,2.0
Brandon Ingram,brandon ingram,2025,27.0,6,8,0.2697810180726304,0.13456474,38.1,19.0,-19.1,0.0296366922336333,-0.7386907880051341,-0.4495781462965373,27.0,729.0,33.05555555555556,0.4537,30.2,80.0,1,26.8,0.0,2.0
Gordon Hayward,gordon hayward,2019,28.0,1,1,0.299621,0.12476845,32.7,13.62,-19.08,0.3441777956691783,0.6733082299374672,0.6774537692514457,28.0,784.0,25.875,0.878,19.0,79.0,0,18.4,0.0,9.0
Kyle Lowry,kyle lowry,2023,,3,3,0.2182202748105072,0.078298755,29.68,10.65,-19.03,0.3880591834352223,0.8079566771084788,,,,,,,72.0,0,,0.0,24.0
Zion Williamson,zion williamson,2026,25.0,4,5,0.2755981045751633,0.15134418,42.17,23.16,-19.01,0.5348375500432503,0.1222446962014128,1.0700950277031909,25.0,625.0,29.693548387096776,0.6585,25.7,78.0,1,17.7,0.0,1.0
Stephen Curry,stephen curry,2025,36.0,7,8,0.4221206801314373,0.28788003,59.61,40.65,-18.96,2.3104540532129327,2.0250890779864203,1.2056247253437349,36.0,1296.0,32.17142857142857,0.8341,29.8,74.0,1,31.3,22.0,7.0
Pascal Siakam,pascal siakam,2026,31.0,7,8,0.3197687843137254,0.19588313,48.92,29.97,-18.95,0.6479943076502382,0.4046040889975692,0.5267976837685907,31.0,961.0,33.17741935483871,0.7585,30.1,80.0,1,19.9,5.0,27.0
Zach LaVine,zach lavine,2024,28.0,3,5,0.3167549150709876,0.1831609,44.53,25.75,-18.78,0.1585415248623622,0.0858327401972111,0.0350199404003866,28.0,784.0,34.88,0.5976,23.8,77.0,1,16.8,0.0,13.0
Giannis Antetokounmpo,giannis antetokounmpo,2026,31.0,6,7,0.3820690588235294,0.26007068,58.46,39.79,-18.67,3.0719311679683474,2.292098302598611,2.79293755206146,31.0,961.0,28.86111111111111,0.6427,37.0,83.0,1,38.7,57.0,15.0
Bruce Brown,bruce brown,2024,27.0,2,2,0.1635986001650212,0.031605184,23.0,4.44,-18.56,-1.0685698775723216,-1.0960369180072147,-1.3774090228248173,27.0,729.0,26.029411764705884,0.6756,16.4,76.0,1,14.3,0.0,42.0
Jrue Holiday,jrue holiday,2026,35.0,3,4,0.2274509803921568,0.108036436,34.8,16.53,-18.27,0.189411658400866,0.6602851811087537,0.5960818147501495,35.0,1225.0,29.433962264150946,0.7183,23.5,76.0,1,32.1,0.0,17.0
Kevin Love,kevin love,2020,31.0,2,3,0.2864051310243724,0.12228437,31.26,13.35,-17.91,0.0831554421948691,0.1754061333257897,0.2003447341521678,31.0,961.0,31.785714285714285,0.5867,23.1,82.0,0,15.4,0.0,5.0
Kyle Kuzma,kyle kuzma,2023,,1,4,0.1879723130987127,0.056579992,25.57,7.7,-17.87,-0.2615979362108463,-0.3780119060092486,,,,,,,80.0,0,,0.0,27.0
Jonathan Kuminga,jonathan kuminga,2026,23.0,2,2,0.1588235294117647,0.04442156,24.3,6.8,-17.5,-0.7634873530264007,-0.0912175773988133,-1.266357943813537,23.0,529.0,23.8,0.4744,24.0,79.0,1,15.9,0.0,7.0
De'Andre Hunter,de'andre hunter,2026,28.0,4,4,0.1628151241830065,0.04965789,24.91,7.6,-17.31,-0.8230435412406047,-0.2421964648525616,-0.8890681216367313,28.0,784.0,26.162790697674417,0.5366,22.9,79.0,1,11.0,0.0,4.0
LaMelo Ball,lamelo ball,2025,23.0,2,5,0.2688145147583706,0.14846402,37.96,20.96,-17.0,0.4265436349530702,0.4135944850360183,0.3470672052829982,23.0,529.0,32.02127659574468,0.4549,35.9,79.0,1,43.8,0.0,3.0
Jamal Murray,jamal murray,2022,,3,5,0.2559589179572197,0.11911567,31.65,14.73,-16.92,0.8589163946472378,,,,,,,,76.0,0,,0.0,7.0
Gordon Hayward,gordon hayward,2023,32.0,1,1,0.244958,0.122873925,33.32,16.71,-16.61,-0.3606981748009245,-0.5679971644698555,0.0432399427930625,32.0,1024.0,31.54,0.5915,20.0,79.0,0,19.3,0.0,9.0
Kevin Love,kevin love,2022,33.0,1,1,0.221930613400186,0.08921492,27.44,11.03,-16.41,-0.1036184069663907,0.8220202973356419,0.224247414267724,33.0,1089.0,22.5,0.6982,25.1,82.0,0,15.3,0.0,5.0
Kevin Durant,kevin durant,2025,36.0,7,7,0.3874327870942156,0.2719689,54.71,38.4,-16.31,1.320981815729266,0.5713316776041065,0.7400199480922535,36.0,1296.0,36.53225806451613,0.7476,28.7,83.0,1,19.6,6.0,2.0
Devin Booker,devin booker,2026,29.0,3,6,0.3730635816993464,0.26684496,57.08,40.83,-16.25,1.1959112392209164,1.170853129803313,1.0234482860522405,29.0,841.0,33.53125,0.8305,32.2,77.0,1,30.2,0.0,13.0
Stephen Curry,stephen curry,2024,35.0,6,8,0.3966285600477992,0.2830279,55.76,39.79,-15.97,1.7802746558333098,1.7299187498776254,0.7373659312433518,35.0,1225.0,32.71621621621622,0.8122,31.3,74.0,1,24.7,19.0,7.0
Nic Claxton,nic claxton,2025,25.0,2,4,0.1795384964024701,0.06653664,25.35,9.4,-15.95,,-0.3386380420378537,-0.4274666575532511,25.0,625.0,26.88571428571429,0.872,16.8,83.0,1,13.7,0.0,31.0
Fred VanVleet,fred vanvleet,2026,32.0,2,2,0.1633986928104575,0.06239189,25.0,9.55,-15.45,0.5705712629717727,,,32.0,1024.0,,,,72.0,1,,0.0,75.0
Devin Booker,devin booker,2025,28.0,2,6,0.3763403206617189,0.26726156,53.14,37.74,-15.4,1.0638308387561095,0.4249367247701843,0.5527040505955586,28.0,784.0,37.266666666666666,0.8354,29.3,77.0,1,30.6,6.0,13.0
Jrue Holiday,jrue holiday,2025,34.0,2,4,0.229448756444394,0.121024966,32.4,17.09,-15.31,0.5495288848097971,0.4371902264684432,0.4718391774772553,34.0,1156.0,30.580645161290324,0.7939,15.8,76.0,1,17.3,10.0,17.0
Draymond Green,draymond green,2026,35.0,4,4,0.1809056928104575,0.08385622,27.68,12.83,-14.85,0.1715448019366048,-0.5798163202878865,-0.7405531279980433,35.0,1225.0,27.48529411764705,0.7976,16.1,78.0,1,27.3,10.0,35.0
Gordon Hayward,gordon hayward,2022,31.0,3,3,0.243217,0.12330433,30.07,15.25,-14.82,0.1681561252539279,0.1915234686559051,0.2762704108531467,31.0,961.0,31.918367346938776,0.6042,20.7,79.0,0,16.1,0.0,9.0
Rudy Gobert,rudy gobert,2023,30.0,3,4,0.3014240448166092,0.19270535,41.0,26.21,-14.79,1.5442286336528022,0.767656773798653,0.1344876941609367,30.0,900.0,30.685714285714287,0.8415,16.3,85.0,0,5.6,18.0,27.0
Evan Fournier,evan fournier,2023,30.0,1,1,0.138634,0.030232439,18.86,4.11,-14.75,-0.6414821841394797,-0.5161830030715081,-0.749757223178736,30.0,900.0,17.0,0.5207,18.4,78.0,0,10.6,0.0,20.0
Myles Turner,myles turner,2022,25.0,1,1,0.2836076179693502,0.16473775,35.07,20.37,-14.7,0.621113678954459,1.7739468818128916,0.1525032817218142,25.0,625.0,29.404761904761905,0.6003,17.1,83.0,0,5.1,0.0,11.0
Zion Williamson,zion williamson,2025,24.0,3,5,0.2793474165769645,0.1756794,39.45,24.81,-14.64,0.9017139184904244,1.0918894822341163,1.468119684567602,24.0,576.0,28.566666666666663,0.5098,34.7,78.0,1,36.6,0.0,1.0
Duncan Robinson,duncan robinson,2024,,4,4,0.1380345406435826,0.034039885,19.41,4.79,-14.62,-0.2955437518095031,-0.1657533751631369,,,,,,,79.0,1,,0.0,75.0
John Collins,john collins,2024,26.0,4,5,0.1890630779298375,0.085148096,26.58,11.97,-14.61,-0.349601522841868,0.4017780943706716,0.0301485075793624,26.0,676.0,27.955882352941178,,20.4,81.0,1,6.1,0.0,19.0
Kentavious Caldwell-Pope,kentavious caldwell-pope,2026,32.0,3,3,0.1413169934640523,0.047632553,21.62,7.29,-14.33,-0.5729075507409473,-0.9269314271520324,-0.6256512276078342,32.0,1024.0,21.33333333333333,0.778,17.7,77.0,1,17.7,0.0,8.0
Bradley Beal,bradley beal,2026,32.0,2,5,0.126686339869281,0.033021115,19.38,5.05,-14.33,-0.8289991600620252,-0.3376372151217488,-2.393768530627319,32.0,1024.0,20.166666666666668,0.3598,22.2,76.0,1,12.0,0.0,3.0
Mike Conley,mike conley,2023,35.0,3,3,0.1790899934568927,0.074590966,24.36,10.15,-14.21,0.6468209175315378,1.2627698716050828,0.26887485273491,35.0,1225.0,29.67441860465116,0.65,16.1,73.0,0,34.0,0.0,4.0
Karl-Anthony Towns,karl-anthony towns,2026,30.0,3,4,0.3730635816993464,0.2809488,57.08,42.99,-14.09,2.1368990130053422,1.6210345989583888,0.8673874959700163,30.0,900.0,30.96,0.872,25.9,84.0,1,14.7,4.0,1.0
Al Horford,al horford,2020,33.0,2,4,0.2519699468572475,0.12305016,27.5,13.43,-14.07,0.4461203053549213,0.4614882060583009,0.3780465852922167,33.0,1089.0,30.22388059701493,0.8926,17.5,80.0,0,19.2,0.0,3.0
Jaylen Brown,jaylen brown,2026,29.0,3,5,0.3730635816993464,0.28138295,57.08,43.05,-14.03,1.0708432439710878,1.1351528635397867,0.8941407742698262,29.0,841.0,34.40845070422535,0.8341,36.2,78.0,1,25.9,0.0,3.0
Steven Adams,steven adams,2020,26.0,2,2,0.2711443558731904,0.14259605,29.59,15.56,-14.03,1.6522804660098642,1.033652351523323,0.9292783748942264,26.0,676.0,26.666666666666668,0.9127,17.3,83.0,0,13.2,0.0,12.0
D'Angelo Russell,d'angelo russell,2020,23.0,2,4,0.2625,0.13558827,28.65,14.8,-13.85,-0.2853934957830301,0.1520524947353807,-0.14275902214738,23.0,529.0,32.121212121212125,0.6569,32.2,75.0,0,36.0,0.0,2.0
Kevin Durant,kevin durant,2024,35.0,6,7,0.3640354866702706,0.26592878,51.18,37.39,-13.79,2.58032966711231,1.6246036318198052,1.0861032102543222,35.0,1225.0,37.21333333333333,0.7341,29.0,83.0,1,22.2,0.0,2.0
Tobias Harris,tobias harris,2022,29.0,4,5,0.3043390885932635,0.19305192,37.63,23.87,-13.76,0.6833953425882819,0.7972949315050641,0.2919113117873261,29.0,841.0,34.83561643835616,0.872,21.7,80.0,0,15.9,0.0,19.0
Duncan Robinson,duncan robinson,2023,28.0,3,4,0.1334646856000176,0.032489907,18.15,4.42,-13.73,0.0687361924227479,-0.366497647920727,-0.8127723782075402,28.0,784.0,16.452380952380953,0.7207,17.9,79.0,0,9.7,0.0,75.0
Andrew Wiggins,andrew wiggins,2026,30.0,4,4,0.1971872156862745,0.10769765,30.17,16.48,-13.69,-0.2810822284913469,0.1831125362623096,0.2184490018259103,30.0,900.0,30.33823529411765,0.7451,19.7,78.0,1,12.3,0.0,1.0
Bismack Biyombo,bismack biyombo,2019,26.0,1,1,0.1557632398753894,0.030762719,17.0,3.36,-13.64,-0.8992694678149525,-0.4574298635495017,-1.1946946715983708,26.0,676.0,14.5,0.6585,12.7,80.0,0,5.9,0.0,7.0
Evan Turner,evan turner,2019,30.0,1,1,0.170483,0.04608951,18.61,5.03,-13.58,-0.9256136894989384,-0.145502113622062,-0.5799393070271945,30.0,900.0,21.98630136986301,0.8902,15.9,78.0,0,23.6,0.0,75.0
Trae Young,trae young,2025,26.0,4,4,0.3285514984986686,0.23248924,46.39,32.83,-13.56,0.7284165209650363,0.9740482433564872,0.2380891536196596,26.0,676.0,36.03947368421053,0.839,29.6,74.0,1,46.4,0.0,5.0
Andrew Wiggins,andrew wiggins,2024,28.0,2,4,0.186906322018949,0.0906288,26.28,12.74,-13.54,0.0774548683138148,-0.1599025352710358,-0.0572507283272488,28.0,784.0,27.04225352112676,0.7463,20.9,78.0,1,8.6,0.0,1.0
Darius Garland,darius garland,2024,24.0,2,5,0.2612290522661962,0.16512845,36.73,23.22,-13.51,0.5045112594694977,0.2847612965286492,-0.0136943878098556,24.0,576.0,33.35087719298246,0.7659,25.3,73.0,1,29.4,0.0,5.0
John Collins,john collins,2023,,3,5,0.1862947633086067,0.08712212,25.34,11.85,-13.49,0.4871594220253005,-0.1016697118847296,,,,,,,81.0,0,,0.0,19.0
Keldon Johnson,keldon johnson,2023,,1,4,0.1470361194227362,0.049828373,20.0,6.78,-13.22,-0.3496870371798048,-0.1765123894601201,,,,,,,78.0,0,,0.0,29.0
Michael Porter Jr.,michael porter jr.,2025,26.0,4,5,0.2714651436179253,0.17800108,38.33,25.14,-13.19,0.7340067595948875,0.2442115999652102,0.4702597854241633,26.0,676.0,33.675324675324674,0.9171,20.2,82.0,1,8.7,0.0,14.0
Khris Middleton,khris middleton,2024,32.0,2,3,0.2205024610919851,0.12746567,31.0,17.92,-13.08,0.9748138674510726,0.5363474118889973,0.839092910741211,32.0,1024.0,27.036363636363635,0.6171,23.9,79.0,1,28.9,0.0,39.0
Jalen Suggs,jalen suggs,2026,24.0,2,5,0.2117647058823529,0.1265387,32.4,19.36,-13.04,0.731372971150124,0.9185700289917974,0.8787061906353205,24.0,576.0,27.61403508771929,0.6585,22.9,77.0,1,29.6,0.0,5.0
Jordan Clarkson,jordan clarkson,2023,,1,1,0.1726764911300461,0.0772935,23.49,10.51,-12.98,0.3990703210563421,-0.6198113258682026,,,,,,,77.0,0,,0.0,46.0
Myles Turner,myles turner,2026,29.0,2,4,0.1737527058823529,0.08942916,26.58,13.68,-12.9,-0.0071237627060077,-0.2438162441967949,-0.5632269115749445,29.0,841.0,26.92957746478873,0.8841,18.6,83.0,1,7.7,0.0,11.0
Tim Hardaway Jr.,tim hardaway jr.,2019,,1,6,0.1663001649257834,0.04836427,18.15,5.28,-12.87,-0.3881915671456276,0.0160318997332192,,,,,,,77.0,0,,0.0,24.0
Deandre Ayton,deandre ayton,2024,25.0,3,3,0.2418778700884855,0.15083864,34.01,21.21,-12.8,0.0125855430749769,-0.4407428500918895,0.0794359455332547,25.0,625.0,32.43636363636364,0.722,21.1,84.0,1,8.8,0.0,1.0
Joe Harris,joe harris,2023,,1,1,0.146511,0.05282831,19.93,7.19,-12.74,-0.1239587159468487,-0.6831397453550716,,,,,,,78.0,0,,0.0,33.0
Jabari Smith Jr.,jabari smith jr.,2026,23.0,1,5,0.1545320980392157,0.071724236,23.64,10.97,-12.67,-0.0011681438845872,0.18085265108896,,23.0,529.0,,,,83.0,1,,0.0,3.0
Rudy Gobert,rudy gobert,2024,31.0,4,4,0.3117448573135687,0.22202432,43.83,31.21,-12.62,1.8721728665883304,1.759172949338131,0.7731852902214713,31.0,961.0,34.11842105263158,0.8805,15.4,85.0,1,5.6,0.0,27.0
Danilo Gallinari,danilo gallinari,2021,32.0,2,2,0.182139,0.07081005,20.47,7.96,-12.51,0.0753360459781624,-0.0034960406932063,0.591979962679997,32.0,1024.0,23.96078431372549,0.7352,21.2,82.0,0,9.2,0.0,6.0
Fred VanVleet,fred vanvleet,2024,29.0,2,2,0.3047672276438956,0.21718438,42.85,30.53,-12.32,1.5478262403941403,1.413973395704165,1.0012829681941355,29.0,841.0,36.76712328767123,0.8561,19.7,72.0,1,31.1,0.0,75.0
Nic Claxton,nic claxton,2024,24.0,1,4,0.1960111602697243,0.10875308,27.56,15.29,-12.27,,1.0746246819623002,0.0688334152757314,24.0,576.0,29.80281690140845,0.8256,15.6,83.0,1,10.4,0.0,31.0
Gary Trent Jr.,gary trent jr.,2021,,1,3,0.142331026384614,0.033673953,16.0,3.79,-12.21,-0.9751102930434614,-1.3677998868713954,,,,,,,77.0,0,,0.0,37.0
Kyle Kuzma,kyle kuzma,2026,30.0,4,4,0.1329748496732026,0.053287692,20.35,8.15,-12.2,-1.7044751268108265,-1.1624546554232704,-0.4987446510574541,30.0,900.0,26.17391304347826,0.7122,21.8,80.0,1,15.5,0.0,27.0
Dillon Brooks,dillon brooks,2023,,1,4,0.1663542467707192,0.07685438,22.63,10.45,-12.18,0.4486204403513813,-0.0786411957076863,,,,,,,79.0,0,,0.0,45.0
Tim Hardaway Jr.,tim hardaway jr.,2022,,4,6,0.1585239011766608,0.060485076,19.6,7.48,-12.12,0.1738180946751845,0.2595182246899943,,,,,,,77.0,0,,0.0,24.0
Stephen Curry,stephen curry,2021,32.0,3,8,0.4072532424786948,0.2998886,45.78,33.71,-12.07,2.732020437789465,2.937730432885747,1.840796752319488,32.0,1024.0,34.15873015873016,0.5733,34.8,74.0,0,30.5,0.0,7.0
Allen Crabbe,allen crabbe,2019,26.0,1,1,0.163262,0.054061163,17.82,5.9,-11.92,0.2493385976068293,-1.0478645330550127,-0.3152249751790599,26.0,676.0,26.348837209302324,0.5244,16.4,77.0,0,5.8,0.0,75.0
Jordan Poole,jordan poole,2025,25.0,3,4,0.2255411520593734,0.1416694,31.85,20.0,-11.85,-0.5517481252708939,-1.0473180555367192,-0.0484125648112041,25.0,625.0,29.426470588235293,0.9,29.0,76.0,1,25.6,0.0,28.0
Tim Hardaway Jr.,tim hardaway jr.,2021,,3,6,0.1895388118917572,0.08412379,21.31,9.46,-11.85,0.5422010855433287,-0.1038993540483111,,,,,,,77.0,0,,0.0,24.0
Kent Bazemore,kent bazemore,2019,29.0,1,1,0.176559,0.06862449,19.27,7.49,-11.78,-0.5515257415863396,-0.8473395509588014,-0.1224000684774997,29.0,841.0,24.52238805970149,0.8171,22.0,76.0,0,13.5,0.0,75.0
Jerami Grant,jerami grant,2024,29.0,2,5,0.2119178308248214,0.12813307,29.79,18.01,-11.78,-0.7982810224104969,-0.9731692802730912,-0.0924969775617183,29.0,841.0,33.888888888888886,0.6744,25.7,79.0,1,13.8,0.0,39.0
Gary Trent Jr.,gary trent jr.,2023,,3,3,0.1364495188242991,0.049946837,18.56,6.79,-11.77,-0.1459809911890884,-0.1707552604158593,,,,,,,77.0,0,,0.0,37.0
Terry Rozier,terry rozier,2019,24.0,1,3,0.1822863936228697,0.074391395,19.89,8.12,-11.77,-0.4408800105135992,-0.1900632207545533,-0.247702664644193,24.0,576.0,22.670886075949365,0.9634,18.6,73.0,0,17.7,0.0,16.0
Paul Millsap,paul millsap,2019,33.0,1,1,0.279458,0.17177051,30.5,18.75,-11.75,1.3716024413446255,1.3361546985332766,1.4910808146019312,33.0,1089.0,27.071428571428573,0.8537,19.6,79.0,0,10.6,0.0,47.0
De'Andre Hunter,de'andre hunter,2023,,1,4,0.1476925327706751,0.06131777,20.09,8.34,-11.75,-0.5588986519810811,-0.6946540034435933,,,,,,,79.0,0,,0.0,4.0
Rudy Gobert,rudy gobert,2026,33.0,2,3,0.238562091503268,0.1624845,36.5,24.86,-11.64,1.160177526292394,0.7708187627835643,0.3378097819327544,33.0,1089.0,31.31578947368421,0.9122,12.9,85.0,1,7.2,28.0,27.0
Jalen Williams,jalen williams,2026,24.0,1,5,0.2712418300653594,0.19541705,41.5,29.9,-11.6,0.7968847781857487,0.6857129985858177,1.3955932470175445,24.0,576.0,28.363636363636363,0.6268,26.2,77.0,1,29.3,5.0,12.0
Andrew Wiggins,andrew wiggins,2021,25.0,3,4,0.280920436956251,0.17770392,31.58,19.98,-11.6,0.1809364715940928,0.0910011954057158,0.3145682092608233,25.0,625.0,33.29577464788732,0.786,23.3,78.0,0,10.9,0.0,1.0
Gorgui Dieng,gorgui dieng,2020,30.0,2,2,0.151985,0.046246428,16.59,5.05,-11.54,0.0440669184699404,0.595771627953153,0.2362735237269318,30.0,900.0,16.91304347826087,0.7469,18.4,82.0,0,11.1,0.0,21.0
Franz Wagner,franz wagner,2026,24.0,2,5,0.2729064705882353,0.19753233,41.75,30.22,-11.53,0.9517308675426795,0.8769275521132658,0.9116333023889326,24.0,576.0,29.97058823529412,0.6024,27.0,82.0,1,18.2,0.0,8.0
Brandon Knight,brandon knight,2019,27.0,1,1,0.143337,0.03811643,15.64,4.16,-11.48,-1.6632518966505416,-0.8194888590009942,-1.0062368795085184,27.0,729.0,22.88888888888889,0.3293,17.6,74.0,0,15.1,0.0,8.0
Ian Mahinmi,ian mahinmi,2019,32.0,1,1,0.141562,0.0366816,15.45,4.0,-11.45,0.4074039277107443,0.1887061898716234,-0.931324067323069,32.0,1024.0,14.647058823529411,0.4146,12.9,83.0,0,6.5,0.0,75.0
Zach Collins,zach collins,2025,27.0,2,2,0.1280415840462296,0.04712069,18.08,6.65,-11.43,-0.3169581028171425,0.3815409719641254,0.3628611258139168,27.0,729.0,19.714285714285715,0.5768,17.1,81.0,1,14.6,0.0,10.0
Luguentz Dort,luguentz dort,2023,,2,5,0.1123192595261025,0.0283762,15.28,3.86,-11.42,-0.3441814683692449,0.3128435793020488,,,,,,,76.0,0,,0.0,75.0
Gary Harris,gary harris,2021,26.0,3,3,0.1822027772341523,0.0808361,20.48,9.09,-11.39,-0.7027723532971146,-0.853971165583506,0.0983911572652799,26.0,676.0,30.57894736842105,0.4882,13.8,76.0,0,7.1,0.0,19.0
Terance Mann,terance mann,2025,28.0,1,3,0.1097671520027193,0.029562475,15.5,4.17,-11.33,-0.7362260000559843,-0.705840079603387,-0.4840088930539399,28.0,784.0,19.783783783783782,0.6976,14.0,78.0,1,10.9,0.0,48.0
Eric Gordon,eric gordon,2022,33.0,3,3,0.158249646193037,0.06660626,19.57,8.24,-11.33,-0.3300971838166563,-1.607246895518638,-0.2783015331391703,33.0,1089.0,29.29824561403509,0.5463,18.6,75.0,0,14.1,0.0,7.0
Tyler Herro,tyler herro,2026,26.0,4,4,0.2156862745098039,0.1417435,33.0,21.69,-11.31,0.3383021289363765,-0.0331769528864804,0.3285490317520509,26.0,676.0,31.303030303030305,0.5854,24.7,77.0,1,19.7,0.0,13.0
CJ McCollum,cj mccollum,2025,33.0,7,7,0.2171737153702339,0.13733728,30.67,19.39,-11.28,-0.0262656940648788,-1.1658379159934351,-0.44515584854788,33.0,1089.0,32.714285714285715,0.7659,27.2,75.0,1,20.6,0.0,10.0
Malik Monk,malik monk,2026,27.0,3,4,0.1319610130718954,0.058213823,20.19,8.91,-11.28,-0.4478395554911186,-0.5857989350788163,-0.5683717727864465,27.0,729.0,22.0,0.7915,24.0,75.0,1,20.6,0.0,11.0
Damian Lillard,damian lillard,2024,33.0,4,4,0.3470258912567218,0.26690966,48.79,37.52,-11.27,1.5370146861876677,1.6246036318198052,0.9270652563914722,33.0,1089.0,35.32876712328767,0.728,28.4,74.0,1,28.8,8.0,6.0
Isaiah Hartenstein,isaiah hartenstein,2024,25.0,1,3,0.2133894784761146,0.13342361,30.0,18.76,-11.24,1.3586240417808633,1.203343159588525,1.1608940318006356,25.0,625.0,25.28,,12.0,84.0,1,13.5,0.0,43.0
Jerami Grant,jerami grant,2020,25.0,1,3,0.1745464540956569,0.07183862,19.05,7.84,-11.21,-0.3300660943258057,-1.0097910251374702,0.0925583654278759,25.0,625.0,26.64788732394366,0.9822,18.0,79.0,0,6.6,0.0,39.0
Patrick Williams,patrick williams,2026,24.0,3,5,0.1176470588235294,0.044424962,18.0,6.8,-11.2,-1.597273988025259,-1.4304004281347429,-1.5815664407048864,24.0,576.0,20.47222222222222,0.7744,16.6,78.0,1,9.4,0.0,4.0
Norman Powell,norman powell,2024,30.0,4,5,0.1368635943323754,0.057433564,19.24,8.07,-11.17,-0.2414859807771382,-0.5226546085813052,0.2745798132460492,30.0,900.0,26.18421052631579,0.7805,20.0,75.0,1,5.9,0.0,46.0
Domantas Sabonis,domantas sabonis,2025,28.0,2,4,0.2998130417540082,0.22077289,42.34,31.17,-11.17,0.7172360437053339,1.457082269857299,0.8306770519397265,28.0,784.0,34.7,0.9195,21.6,82.0,1,26.0,4.0,11.0
Dejounte Murray,dejounte murray,2025,28.0,2,4,0.2181257648291881,0.13965765,30.8,19.72,-11.08,-0.5349774093813403,0.2580339921990253,-0.227199745221203,28.0,784.0,32.645161290322584,0.6549,27.3,76.0,1,34.6,0.0,29.0
Russell Westbrook,russell westbrook,2021,32.0,3,4,0.3932886117387514,0.29559812,44.21,33.23,-10.98,1.4203519932968556,1.7328906726244888,0.4478619280163014,32.0,1024.0,36.44615384615385,0.8119,30.2,76.0,0,48.6,2.0,4.0
Tobias Harris,tobias harris,2020,27.0,2,5,0.3148144584936778,0.2143451,34.36,23.39,-10.97,0.5242973528047787,1.4014721593222654,0.746397599130788,27.0,729.0,34.291666666666664,0.8765,23.9,80.0,0,14.6,0.0,19.0
Alex Caruso,alex caruso,2026,31.0,2,4,0.1277788235294117,0.056134187,19.55,8.59,-10.96,1.2256893333280188,1.1637805997857629,1.2978408839990083,31.0,961.0,18.214285714285715,0.7122,15.7,77.0,1,14.1,0.0,75.0
Paul George,paul george,2020,29.0,2,9,0.3248159428257284,0.22442064,35.45,24.49,-10.96,2.791431728850644,1.699231051349981,1.903239886880396,29.0,841.0,29.5625,0.7688,29.6,80.0,0,21.1,0.0,10.0
Jordan Poole,jordan poole,2024,24.0,2,4,0.2109126383475118,0.13291071,29.65,18.69,-10.96,-1.0145121065399565,-1.2423079153097427,-0.6601621786469546,24.0,576.0,30.07692307692308,0.961,26.4,76.0,1,21.4,0.0,28.0
Nicolas Batum,nicolas batum,2019,30.0,1,1,0.2342424134139637,0.13394299,25.57,14.62,-10.95,0.1228863335236973,-0.2791854350195362,0.1691888148272984,30.0,900.0,31.386666666666667,0.9146,13.2,79.0,0,14.5,0.0,25.0
Chris Paul,chris paul,2020,34.0,2,2,0.3789519332966831,0.27889627,41.36,30.44,-10.92,3.3442551358174923,2.580830908137924,1.8812294572309909,34.0,1156.0,31.542857142857144,0.8729,23.3,72.0,0,34.0,0.0,4.0
Stephen Curry,stephen curry,2023,34.0,5,8,0.3816735283522397,0.30146557,51.92,41.01,-10.91,2.733431496733741,2.3220816157490725,1.0941701089186049,34.0,1156.0,34.660714285714285,0.7293,31.0,74.0,0,30.0,16.0,7.0
Patrick Williams,patrick williams,2025,23.0,2,5,0.1274715313579967,0.050652683,18.0,7.15,-10.85,-0.8256698181336039,-0.9520271051778112,-1.0841778732288476,23.0,529.0,25.015873015873016,,16.9,78.0,1,10.3,0.0,4.0
CJ McCollum,cj mccollum,2023,31.0,5,7,0.2632128053756405,0.18394755,35.8,25.02,-10.78,0.3880591834352223,0.5143430958511773,0.0089091056447533,31.0,961.0,35.32,0.7037,26.4,75.0,0,25.1,0.0,10.0
Hassan Whiteside,hassan whiteside,2019,29.0,1,1,0.248241,0.15017758,27.09,16.39,-10.7,0.4653612154155131,1.9154490912556648,0.5326671232786714,29.0,841.0,23.25,0.878,22.6,84.0,0,5.6,0.0,33.0
Tristan Thompson,tristan thompson,2019,27.0,1,1,0.169866,0.07182071,18.54,7.84,-10.7,-0.562063430259934,-0.0786604529233249,-0.584978285425319,27.0,729.0,27.86046511627907,0.5244,17.7,81.0,0,11.2,0.0,4.0
Trae Young,trae young,2024,25.0,3,4,0.3060854411471818,0.23005185,43.03,32.34,-10.69,0.4126130487144773,1.080475521854401,0.4725892296770932,25.0,625.0,35.96296296296296,0.7817,30.5,74.0,1,45.1,0.0,5.0
Joe Harris,joe harris,2022,30.0,3,3,0.150765,0.064793974,18.64,8.01,-10.63,-0.0583226515963376,-1.5887028711457047,-0.2449796137576576,30.0,900.0,30.214285714285715,0.5295,14.5,78.0,0,4.5,0.0,33.0
Gary Trent Jr.,gary trent jr.,2022,,2,3,0.1415632202498888,0.055650674,17.5,6.88,-10.62,-0.0017029573837712,0.5809479804875073,,,,,,,77.0,0,,0.0,37.0
Brandon Ingram,brandon ingram,2026,28.0,7,8,0.261437908496732,0.1921227,40.0,29.39,-10.61,0.3919026983291603,-0.2162902512361302,-0.0652043463015608,28.0,784.0,33.81818181818182,0.6915,26.9,80.0,1,16.8,0.0,2.0
Paul George,paul george,2024,33.0,6,9,0.35,0.27470982,49.21,38.62,-10.59,2.569518112905837,1.607051112143502,1.439998476958142,33.0,1089.0,33.810810810810814,0.7317,26.6,80.0,1,16.1,0.0,10.0
Norman Powell,norman powell,2023,29.0,3,5,0.1323325074804625,0.054468907,18.0,7.41,-10.59,-0.7075490098661985,-0.7061682615321149,0.2645834980913714,29.0,841.0,26.116666666666667,0.6146,26.0,75.0,0,11.0,0.0,46.0
Andrew Wiggins,andrew wiggins,2025,29.0,3,4,0.1998698019942213,0.12513836,28.22,17.67,-10.55,-0.3001873869275888,0.1939247095883195,0.3694945724369026,29.0,841.0,30.13953488372093,0.6122,23.5,78.0,1,12.2,0.0,1.0
Collin Sexton,collin sexton,2023,,2,4,0.1273700384499452,0.04976875,17.32,6.77,-10.55,-0.4708095510121226,-0.8731250038156785,,,,,,,75.0,0,,0.0,8.0
Keldon Johnson,keldon johnson,2025,25.0,3,4,0.1239306554869412,0.049311206,17.5,6.96,-10.54,-0.9710160225097356,-0.5942091114711706,-0.1782385915753553,25.0,625.0,23.87012987012987,,21.6,78.0,1,10.2,0.0,29.0
Deandre Ayton,deandre ayton,2023,24.0,2,3,0.238635490108145,0.16135477,32.46,21.95,-10.51,0.5532262477520195,0.4337432892315259,0.0825397168970479,24.0,576.0,30.37313432835821,0.789,22.9,84.0,0,9.2,0.0,1.0
Michael Porter Jr.,michael porter jr.,2023,24.0,2,5,0.245453643187449,0.16844209,33.39,22.91,-10.48,1.4176005510099243,0.0652870303988339,0.6706811638325545,24.0,576.0,29.0,0.5598,22.7,82.0,0,5.3,0.0,14.0
Terance Mann,terance mann,2026,29.0,2,3,0.1013071895424836,0.033049364,15.5,5.06,-10.44,-1.3411823787041812,-1.5204660773611678,-0.7041961087700965,29.0,841.0,24.26984126984127,0.7024,13.5,78.0,1,18.6,0.0,48.0
D'Angelo Russell,d'angelo russell,2022,25.0,4,4,0.2537523755610367,0.16979264,31.38,21.0,-10.38,0.4625785351592731,0.7169374925556858,0.477562005484325,25.0,625.0,31.95384615384616,0.6417,25.1,75.0,0,33.1,0.0,2.0
Jonathan Kuminga,jonathan kuminga,2025,22.0,1,2,0.1685426392272392,0.0950751,23.8,13.43,-10.37,-0.0709876031036886,0.2000385942940236,-0.1318044652144545,22.0,484.0,24.34042553191489,,27.4,79.0,1,14.6,0.0,7.0
Max Strus,max strus,2026,29.0,4,4,0.1088943529411764,0.04125783,16.66,6.31,-10.35,-0.1024136638487343,-0.1130618090665485,-0.4829670766755149,29.0,841.0,24.0,0.4268,17.4,77.0,1,11.3,0.0,75.0
Evan Mobley,evan mobley,2026,24.0,2,5,0.3274877647058823,0.26015604,50.11,39.8,-10.31,1.0887101004353492,1.664224773585235,1.0152165081138376,24.0,576.0,31.907692307692308,0.778,22.6,83.0,1,16.8,15.0,3.0
Immanuel Quickley,immanuel quickley,2026,26.0,3,5,0.2124183006535947,0.14515851,32.5,22.21,-10.29,0.5348375500432503,1.1278561244458285,0.7013799742122218,26.0,676.0,31.87142857142857,0.6402,21.1,74.0,1,26.4,0.0,25.0
Dorian Finney-Smith,dorian finney-smith,2026,32.0,2,4,0.087156862745098,0.019870602,13.33,3.04,-10.29,-0.6205525013123107,-1.5458895219029196,-1.3960084463433848,32.0,1024.0,16.756756756756758,0.5488,10.7,79.0,1,7.1,0.0,75.0
Michael Porter Jr.,michael porter jr.,2022,23.0,1,5,0.25,0.16680883,30.91,20.63,-10.28,0.9381839665448308,-0.0248234823616516,-0.411249191079695,23.0,529.0,29.444444444444443,0.4308,19.7,82.0,0,8.9,0.0,14.0
Eric Gordon,eric gordon,2021,32.0,2,3,0.162068941590905,0.07058771,18.22,7.94,-10.28,-0.3804131593116426,-0.1629601266101375,-0.1236619519375815,32.0,1024.0,29.22222222222222,0.4805,25.2,75.0,0,14.6,0.0,7.0
Nic Claxton,nic claxton,2026,26.0,3,4,0.1512923333333333,0.08418517,23.15,12.88,-10.27,,-0.930967155158588,-0.4167698624208572,26.0,676.0,27.82608695652174,0.85,17.7,83.0,1,21.8,0.0,31.0
Miles Plumlee,miles plumlee,2019,30.0,1,1,0.114532,0.020388834,12.5,2.23,-10.27,-0.5093749868919624,-0.2067736359292376,-0.3763645797429691,30.0,900.0,9.61111111111111,0.2195,16.7,83.0,0,14.7,0.0,75.0
Kyle Lowry,kyle lowry,2022,35.0,2,3,0.2291321337592495,0.14626718,28.33,18.09,-10.24,0.9155360888598042,1.4030663943542228,0.8213218064507459,35.0,1225.0,33.857142857142854,0.7136,18.2,72.0,0,32.3,0.0,24.0
Andre Iguodala,andre iguodala,2020,36.0,1,1,0.137438,0.043645423,15.0,4.76,-10.24,0.1278280407376447,0.070314759668949,-0.2994214920049095,36.0,1296.0,19.904761904761905,0.4933,12.7,78.0,0,16.9,0.0,9.0
Kawhi Leonard,kawhi leonard,2025,33.0,7,8,0.3540875871055464,0.2816336,50.0,39.77,-10.23,3.07631674550255,1.2301996197205172,1.9447802061907264,33.0,1089.0,31.89189189189189,0.6012,27.7,78.0,1,16.4,15.0,15.0
Russell Westbrook,russell westbrook,2020,31.0,2,4,0.3789519332966831,0.28537738,41.36,31.15,-10.21,1.5126785955636903,0.9460762068092888,0.4845382228606613,31.0,961.0,35.94736842105263,0.8286,34.4,76.0,0,35.6,0.0,4.0
LeBron James,lebron james,2025,40.0,7,7,0.3726924324400884,0.30039188,52.63,42.42,-10.21,1.5893132699621249,1.6093535553539835,1.1825656013685937,40.0,1600.0,34.91428571428571,0.8207,30.1,81.0,1,40.3,21.0,1.0
Bradley Beal,bradley beal,2023,29.0,2,3,0.3436351004624286,0.2686171,46.74,36.54,-10.2,1.158838816913609,0.8885564837281301,0.6790380123489191,29.0,841.0,33.46,0.5976,29.2,76.0,0,26.6,0.0,3.0
Ben Simmons,ben simmons,2022,,2,4,0.286674,0.2042753,35.45,25.26,-10.19,1.0061275995999104,,,,,,,,82.0,0,,8.0,1.0
Jaylen Brown,jaylen brown,2025,28.0,2,5,0.3763403206617189,0.30434808,53.14,42.98,-10.16,1.399245156547183,1.1310948719703984,1.0704287655990712,28.0,784.0,34.25396825396825,0.8037,28.9,78.0,1,21.4,11.0,3.0
Spencer Dinwiddie,spencer dinwiddie,2021,27.0,1,1,0.152498,0.06255847,17.14,7.03,-10.11,0.4866219141665231,-0.1983965901472333,-0.0565511933066331,27.0,729.0,21.33333333333333,0.4508,16.1,77.0,0,17.6,0.0,38.0
OG Anunoby,og anunoby,2025,27.0,2,5,0.2802175939040281,0.20873465,39.57,29.48,-10.09,1.2986208612098613,0.6391678689963356,0.6888476455720772,27.0,729.0,36.567567567567565,0.7134,19.7,79.0,1,8.5,0.0,23.0
Kevin Huerter,kevin huerter,2025,26.0,4,4,0.1274082983966914,0.056113936,17.99,7.92,-10.07,0.2085243283888725,-0.1732022982035982,-0.4830612578220847,26.0,676.0,20.906976744186046,0.6793,17.2,78.0,1,11.0,0.0,19.0
CJ McCollum,cj mccollum,2024,32.0,6,7,0.237099418158022,0.165434,33.33,23.26,-10.07,0.3585552776821125,0.8288894064940532,0.5390699599404828,32.0,1024.0,32.71212121212121,0.7646,24.7,75.0,1,21.4,0.0,10.0
De'Aaron Fox,de'aaron fox,2026,28.0,1,4,0.3254901960784314,0.26031405,49.8,39.83,-9.97,1.2971567591850637,1.0771282069152095,1.0388828696867465,28.0,784.0,30.98611111111111,0.7841,24.9,75.0,1,29.6,0.0,5.0
Tim Hardaway Jr.,tim hardaway jr.,2020,,2,6,0.1738592633315008,0.08300778,18.98,9.06,-9.92,0.496376978715544,0.0819915789641535,,,,,,,77.0,0,,0.0,24.0
Jimmy Butler,jimmy butler,2024,34.0,2,4,0.347104141178479,0.2768101,48.8,38.92,-9.88,2.0073172941692423,1.7357695897697265,1.6231070400542884,34.0,1156.0,34.03333333333333,0.739,24.0,78.0,1,23.1,0.0,75.0
Jonathan Isaac,jonathan isaac,2023,25.0,3,3,0.1279214238977805,0.055541582,17.4,7.55,-9.85,0.5917652294259388,0.617971418647872,1.462097304409365,25.0,625.0,11.272727272727272,,21.1,82.0,0,7.3,0.0,6.0
Desmond Bane,desmond bane,2026,27.0,3,5,0.2578175816993464,0.19387053,39.45,29.66,-9.79,0.445503267721944,0.6526273145989046,0.9181501265901684,27.0,729.0,33.609756097560975,0.8549,23.3,78.0,1,19.3,0.0,30.0
Damian Lillard,damian lillard,2022,31.0,2,4,0.3436374752335125,0.26462704,42.49,32.72,-9.77,2.54052131276046,1.3474343212354227,0.1477430075244552,31.0,961.0,36.41379310344828,0.6053,29.3,74.0,0,34.0,6.0,6.0
Jayson Tatum,jayson tatum,2026,27.0,2,5,0.3820690588235294,0.31878507,58.46,48.77,-9.69,2.041609111862616,1.9570051465159093,1.5701755374611754,27.0,729.0,32.625,0.5415,30.0,80.0,1,25.1,19.0,3.0
Lauri Markkanen,lauri markkanen,2026,28.0,3,5,0.3013931633986928,0.2381395,46.11,36.44,-9.67,0.9695977240069408,0.4957608092954846,1.01350155437667,28.0,784.0,34.357142857142854,0.5622,28.1,85.0,1,10.1,0.0,7.0
Markelle Fultz,markelle fultz,2022,23.0,2,3,0.133436,0.055518866,16.5,6.87,-9.63,-0.4659844499268156,0.2471555417747054,0.5210845124316068,23.0,529.0,20.0,0.339,27.5,76.0,0,48.9,0.0,1.0
Cameron Johnson,cameron johnson,2024,,1,3,0.1600421088570859,0.09214095,22.5,12.95,-9.55,0.3855841631982948,0.6124083304863117,,,,,,,80.0,1,,0.0,11.0
Khris Middleton,khris middleton,2023,31.0,1,3,0.2155622146580307,0.14562339,29.32,19.81,-9.51,1.219400073829768,0.5201002248954382,0.6078918695744627,31.0,961.0,24.27272727272728,0.6085,27.4,79.0,0,30.7,0.0,39.0
Klay Thompson,klay thompson,2026,35.0,3,3,0.1141197189542483,0.052218433,17.46,7.99,-9.47,-0.7158424024550373,-0.9418711492080446,-0.8825512974354955,35.0,1225.0,21.695652173913043,0.872,22.7,77.0,1,9.5,0.0,11.0
Daniel Gafford,daniel gafford,2026,27.0,1,3,0.1128338823529411,0.05101475,17.26,7.81,-9.45,-0.0726355697416323,0.3237624364177249,0.1117788793741043,27.0,729.0,21.727272727272727,0.6537,15.8,82.0,1,7.0,0.0,38.0
Nikola Jokić,nikola jokic,2025,29.0,3,5,0.3910863832077502,0.32450527,55.22,45.82,-9.4,3.775096574233953,4.311657206689412,3.206714456611124,29.0,841.0,36.72857142857143,0.8841,29.5,83.0,1,44.1,56.0,41.0
Caris LeVert,caris levert,2026,31.0,2,2,0.0967921568627451,0.035369575,14.81,5.41,-9.4,-1.549629037453896,-0.5488019242925825,-0.3769829357185759,31.0,961.0,19.23333333333333,0.6707,18.4,79.0,1,18.2,0.0,20.0
Naz Reid,naz reid,2026,26.0,2,5,0.152129816993464,0.09087886,23.28,13.9,-9.38,0.1358110890080823,0.6980637255340978,-0.0590305128477586,26.0,676.0,26.064935064935064,0.9598,22.1,81.0,1,12.4,0.0,75.0
Harrison Barnes,harrison barnes,2025,32.0,7,7,0.1345532831001076,0.06817243,19.0,9.63,-9.37,-0.205153330220118,-0.9823620740241384,-0.0341980363333774,32.0,1024.0,27.195121951219512,1.0,15.7,79.0,1,8.6,0.0,7.0
Isaiah Stewart,isaiah stewart,2025,23.0,2,4,0.1062262761316639,0.04018942,15.0,5.68,-9.32,-0.4008116822649109,0.2684719544189857,-0.3431271219181457,23.0,529.0,19.916666666666668,0.7293,12.4,80.0,1,11.3,0.0,16.0
Clint Capela,clint capela,2024,29.0,6,6,0.1583725495774888,0.092474364,22.27,13.0,-9.27,0.7207423435989574,0.9283536846597722,0.0797225004050797,29.0,841.0,25.794520547945204,0.8634,17.3,82.0,1,6.9,0.0,25.0
Pascal Siakam,pascal siakam,2025,30.0,6,8,0.3225774177100448,0.25699466,45.55,36.29,-9.26,1.371293963397927,1.0302243038226404,1.0056736914223048,30.0,900.0,32.666666666666664,0.7915,24.2,80.0,1,15.7,0.0,27.0
Marcus Morris,marcus morris,2021,31.0,3,4,0.139021,0.056866392,15.63,6.39,-9.24,,,0.354772811205631,31.0,961.0,26.35087719298245,0.7097,20.1,80.0,0,5.6,0.0,75.0
Ricky Rubio,ricky rubio,2021,30.0,3,3,0.158343266852883,0.07645333,17.8,8.59,-9.21,0.6589173454346202,0.6048299166936052,0.0192190180508892,30.0,900.0,26.058823529411764,0.8513,16.0,74.0,0,33.3,0.0,5.0
Stephen Curry,stephen curry,2022,33.0,4,8,0.3887429865351178,0.3146896,48.07,38.91,-9.16,2.846267661508318,2.886588344188897,1.691431925810856,33.0,1089.0,34.546875,0.6346,30.8,74.0,0,30.4,4.0,7.0
Paul George,paul george,2023,32.0,5,9,0.3355370420743855,0.26841456,45.64,36.51,-9.13,2.634331258143664,1.6772831627918616,0.9444244179361774,32.0,1024.0,34.625,0.5866,29.5,80.0,0,24.2,0.0,10.0
Gorgui Dieng,gorgui dieng,2019,29.0,1,2,0.148701,0.065088764,16.23,7.1,-9.13,0.0069717581141597,0.1664256363053777,-0.2718897609551901,29.0,841.0,13.56578947368421,0.9268,19.6,82.0,0,10.3,0.0,21.0
Duncan Robinson,duncan robinson,2025,30.0,1,3,0.1192191093989009,0.0547455,16.83,7.73,-9.1,-0.5852895570500012,-0.550210926588296,-0.1248551401808503,30.0,900.0,24.135135135135137,,19.2,79.0,1,14.7,0.0,75.0
James Johnson,james johnson,2020,32.0,1,1,0.147032,0.06364892,16.05,6.95,-9.1,-0.4920042640433675,-0.4025964217868344,0.2340077442041989,32.0,1024.0,24.142857142857142,0.3731,21.4,79.0,0,24.4,0.0,16.0
Zach LaVine,zach lavine,2023,27.0,2,5,0.2945443718249388,0.22811365,40.06,31.03,-9.03,0.7459211561216161,0.4222290311430042,0.5550404492277237,27.0,729.0,35.94805194805195,0.8561,28.3,77.0,0,18.7,0.0,13.0
Zach Collins,zach collins,2024,26.0,1,2,0.1190798645688109,0.054949857,16.74,7.73,-9.01,-1.1874969738435244,-0.7449865244811477,-1.1028894556165103,26.0,676.0,22.115942028985508,0.7195,22.7,81.0,1,18.9,0.0,10.0
De'Aaron Fox,de'aaron fox,2022,24.0,2,5,0.245455339452509,0.17271097,30.35,21.36,-8.99,-0.2111958259702669,0.2595182246899943,0.163043888873109,24.0,576.0,35.32203389830509,0.7136,29.1,75.0,0,26.8,0.0,5.0
James Johnson,james johnson,2019,31.0,1,1,0.14064,0.058506746,15.35,6.39,-8.96,-0.0351789965802175,-0.6802353992119586,-0.4314574102291292,31.0,961.0,21.163636363636364,0.6707,17.8,79.0,0,17.0,0.0,16.0
Solomon Hill,solomon hill,2019,27.0,1,1,0.116903,0.035194535,12.76,3.84,-8.92,-0.6516337839854858,-1.4043533901149436,-1.2796854405800686,27.0,729.0,19.954545454545453,0.5366,10.4,78.0,0,7.6,0.0,23.0
Isaiah Hartenstein,isaiah hartenstein,2025,26.0,2,3,0.2018299246501614,0.13869399,28.5,19.58,-8.92,1.2874403839501587,1.535449485231269,0.6319895316607701,26.0,676.0,27.894736842105264,,16.7,84.0,1,18.3,0.0,43.0
Pascal Siakam,pascal siakam,2024,29.0,5,8,0.3,0.23684742,42.18,33.3,-8.88,1.034277415586674,1.121431401099109,0.564286788661079,29.0,841.0,34.717948717948715,0.6634,25.3,80.0,1,22.1,0.0,27.0
Luguentz Dort,luguentz dort,2026,26.0,5,5,0.1190994901960784,0.061125208,18.22,9.35,-8.87,-0.3644608919912327,-0.4568555021065563,-0.5134932531970928,26.0,676.0,26.797101449275363,0.8732,14.1,76.0,1,5.9,3.0,75.0
Richaun Holmes,richaun holmes,2023,29.0,1,1,0.08856,0.023824863,12.05,3.24,-8.81,-0.1459809911890884,-1.2530955207368923,-1.132817090307238,29.0,841.0,8.285714285714286,0.5695,13.7,81.0,0,3.5,0.0,37.0
Malik Beasley,malik beasley,2020,23.0,1,2,0.123015,0.042447917,13.43,4.63,-8.8,-0.296561645418724,-0.7937698681761862,-0.1673589141084797,23.0,529.0,18.195121951219512,0.7263,20.6,76.0,0,9.1,0.0,19.0
Tobias Harris,tobias harris,2025,32.0,2,2,0.1886164098351368,0.12662692,26.63,17.88,-8.75,0.4712655439918801,0.2702643444572747,0.4456212693959304,32.0,1024.0,31.58904109589041,0.8817,17.6,80.0,1,9.8,0.0,19.0
Kemba Walker,kemba walker,2020,29.0,2,2,0.315,0.23491605,34.38,25.64,-8.74,1.964988655809294,1.2963807856654248,0.8962627304201188,29.0,841.0,31.107142857142858,0.8611,27.2,72.0,0,24.2,0.0,9.0
Al Horford,al horford,2019,32.0,1,4,0.2565512186182884,0.17652467,28.0,19.27,-8.73,1.1186979131783614,0.8682630736421171,0.8128343222143877,32.0,1024.0,29.014705882352946,0.8293,18.9,80.0,0,21.2,0.0,3.0
Ja Morant,ja morant,2025,25.0,3,5,0.2793474165769645,0.21776399,39.45,30.75,-8.7,1.3768842020277785,1.0251948798016042,0.704009809281759,25.0,625.0,30.38,0.4866,32.2,74.0,1,36.0,0.0,2.0
Corey Kispert,corey kispert,2026,26.0,2,4,0.0913398692810457,0.034634754,13.97,5.3,-8.67,-1.03744581881174,-0.3262615456445438,-1.2845364534275103,26.0,676.0,18.205128205128204,0.6561,19.6,78.0,1,11.6,0.0,15.0
Dillon Brooks,dillon brooks,2025,29.0,3,4,0.1495957027930428,0.08816664,21.12,12.45,-8.67,0.0687683626425919,-0.6078683980065593,0.2023948932197835,29.0,841.0,31.84,,17.7,79.0,1,7.4,0.0,45.0
Marvin Bagley III,marvin bagley iii,2022,22.0,2,4,0.1010877036917229,0.03123275,12.5,3.86,-8.64,-1.1907165358476657,-0.0866368969380964,-0.5727584942043735,22.0,484.0,22.1,0.3764,18.8,82.0,0,3.9,0.0,2.0
Markelle Fultz,markelle fultz,2021,22.0,1,3,0.146779,0.070430025,16.5,7.92,-8.58,-0.5693823419927814,-0.269269517221425,-0.8420872620744161,22.0,484.0,26.875,0.3951,26.2,76.0,0,33.1,0.0,1.0
Naz Reid,naz reid,2023,,1,2,0.0952088280486101,0.032137945,12.95,4.37,-8.58,-0.4818206886332424,-0.3837690350535094,,,,,,,81.0,0,,0.0,75.0
Isaiah Stewart,isaiah stewart,2026,24.0,3,4,0.0980392156862745,0.042045567,15.0,6.43,-8.57,-1.0910463882045236,-0.0472606533148639,-0.6270231905975681,24.0,576.0,22.70689655172414,0.7293,16.6,80.0,1,6.9,0.0,16.0
Tim Hardaway Jr.,tim hardaway jr.,2024,,6,6,0.1151818291746094,0.054189596,16.19,7.62,-8.57,-0.327978414428922,-0.5226546085813052,,,,,,,77.0,1,,0.0,24.0
Tobias Harris,tobias harris,2019,26.0,1,5,0.3,0.22144173,32.74,24.17,-8.57,0.3599843286795698,0.472783247841256,0.8497868304672999,26.0,676.0,34.6,0.6707,23.5,80.0,0,12.5,0.0,19.0
Josh Green,josh green,2026,25.0,3,3,0.0959412549019607,0.040106103,14.68,6.14,-8.54,0.1238998513652414,-0.4852003823281903,0.3865144680683057,25.0,625.0,15.655172413793103,0.7415,10.6,78.0,1,6.8,0.0,18.0
Anfernee Simons,anfernee simons,2025,25.0,4,4,0.196012768398391,0.13575827,27.68,19.17,-8.51,-0.6411919433485135,-0.2407957652819393,0.1692276601048544,25.0,625.0,32.74285714285714,0.7463,24.6,75.0,1,23.3,0.0,24.0
Andrew Wiggins,andrew wiggins,2020,24.0,2,4,0.2706799523547737,0.19279875,29.54,21.04,-8.5,-0.1178712512476213,0.1286988561449716,-0.0239674385983856,24.0,576.0,34.642857142857146,0.6984,28.0,78.0,0,18.1,0.0,1.0
Karl-Anthony Towns,karl-anthony towns,2025,29.0,2,4,0.3763403206617189,0.31623787,53.14,44.66,-8.48,1.6508058948904882,1.89809043619022,0.9892480140701494,29.0,841.0,34.958333333333336,0.7366,27.4,84.0,1,13.8,0.0,1.0
Julius Randle,julius randle,2025,30.0,2,4,0.2185725879553566,0.15853551,30.86,22.39,-8.47,0.1917536124993188,0.3787927646738548,0.2902090913716911,30.0,900.0,32.26086956521739,0.7768,25.0,81.0,1,22.5,0.0,7.0
Serge Ibaka,serge ibaka,2019,29.0,1,1,0.213227,0.13562371,23.27,14.8,-8.47,0.3757908616899613,0.6733082299374672,-0.0357296400297602,29.0,841.0,27.16216216216216,0.9024,22.9,83.0,0,7.7,0.0,24.0
John Wall,john wall,2019,28.0,1,1,0.35,0.2724279,38.2,29.73,-8.47,1.1134290688415645,0.6900186451121515,-0.0031442463885557,28.0,784.0,34.5,0.3902,28.8,75.0,0,39.2,0.0,1.0
Doug McDermott,doug mcdermott,2023,31.0,3,3,0.1010873321031311,0.03888259,13.75,5.29,-8.46,-1.0709165513631522,-1.6848801990564533,-0.6628008264544003,31.0,961.0,20.53125,0.7378,19.2,79.0,0,9.8,0.0,11.0
Gordon Hayward,gordon hayward,2021,30.0,2,3,0.266203,0.19089645,29.92,21.46,-8.46,0.5199694169926065,0.1323437361989942,0.8325890420112312,30.0,900.0,34.0,0.6606,23.9,79.0,0,19.5,0.0,9.0
Nikola Jokić,nikola jokic,2026,30.0,4,5,0.3858373464052287,0.33091307,59.03,50.63,-8.4,4.197543125216807,3.659718704402717,3.322515266098722,30.0,900.0,34.84615384615385,0.8451,30.4,83.0,1,50.3,60.0,41.0
Bruce Brown,bruce brown,2023,26.0,1,2,0.1617397313650098,0.100282006,22.0,13.64,-8.36,0.2394088255501049,-0.1649981313715985,0.1457807326965647,26.0,676.0,28.5,0.9098,17.8,76.0,0,15.7,0.0,42.0
De'Aaron Fox,de'aaron fox,2025,27.0,5,5,0.2627090533114271,0.20358703,37.1,28.75,-8.35,0.1805731352396164,0.7680966543277802,0.515746276553209,27.0,729.0,36.95555555555556,0.7232,29.1,75.0,1,26.0,0.0,5.0
Tyrese Maxey,tyrese maxey,2025,24.0,2,5,0.2688145147583706,0.20972644,37.96,29.62,-8.34,0.5607093620694995,0.4323251029592396,0.680950685306618,24.0,576.0,37.69230769230769,0.7195,29.8,74.0,1,28.0,2.0,21.0
Jeff Teague,jeff teague,2019,30.0,1,1,0.174088,0.097787686,19.0,10.67,-8.33,0.0280471354613484,0.7011589218952744,0.2387267167214151,30.0,900.0,30.09523809523809,0.5122,19.3,75.0,0,37.6,0.0,19.0
Gabe Vincent,gabe vincent,2024,27.0,2,3,0.0782428087745753,0.019297305,11.0,2.71,-8.29,-0.8631503476493348,-0.7391356845890465,-1.4069241746227876,27.0,729.0,19.818181818181817,0.4817,10.9,74.0,1,11.6,0.0,75.0
Jonathan Isaac,jonathan isaac,2026,28.0,2,4,0.0947712418300653,0.040696524,14.5,6.23,-8.27,0.4216807924362623,0.2924756858000187,-0.5995839308028913,28.0,784.0,10.01923076923077,0.7183,12.4,82.0,1,5.6,0.0,6.0
Zion Williamson,zion williamson,2024,23.0,2,5,0.2612290522661962,0.20242484,36.73,28.46,-8.27,0.6883076809795384,0.7820826873572442,0.9938325415266868,23.0,529.0,31.52857142857143,,29.7,78.0,1,26.5,0.0,1.0
P.J. Washington,p.j. washington,2023,,1,3,0.1238619477874739,0.063966,16.85,8.7,-8.15,-0.162497697620768,-0.3895261640977702,,,,,,,79.0,0,,0.0,12.0
Clint Capela,clint capela,2023,28.0,5,6,0.1515648319009564,0.09193324,20.62,12.5,-8.12,0.7349100185004963,1.3318554201362125,0.4032620113088833,28.0,784.0,26.615384615384617,0.8207,15.7,82.0,0,4.7,0.0,25.0
Kevin Love,kevin love,2019,30.0,1,3,0.2651899395272127,0.19081083,28.94,20.83,-8.11,1.1450421348623472,1.7539150779003836,0.2383907848282068,30.0,900.0,27.181818181818183,0.2683,27.4,82.0,0,12.8,0.0,5.0
Desmond Bane,desmond bane,2025,26.0,2,5,0.2600820775026911,0.20275311,36.73,28.63,-8.1,0.8905334412307218,0.9748169106595056,0.9699794310224288,26.0,676.0,31.95652173913044,0.7159,23.3,78.0,1,23.6,0.0,30.0
Malcolm Brogdon,malcolm brogdon,2023,30.0,1,1,0.165416,0.10610161,22.5,14.43,-8.07,0.3440146329507431,0.6755427090904801,0.4068757836402842,30.0,900.0,26.029850746268657,0.6768,22.8,76.0,0,21.5,0.0,36.0
Buddy Hield,buddy hield,2022,29.0,3,4,0.1712648093485908,0.106006555,21.18,13.11,-8.07,-0.1545761317577005,-0.1422689700568967,-0.2419194374879269,29.0,841.0,28.618181818181817,0.7951,22.5,76.0,0,10.0,0.0,6.0
Klay Thompson,klay thompson,2019,28.0,1,5,0.3,0.22609106,32.74,24.68,-8.06,0.7498788096025599,0.4393624174918875,1.0221198916831542,28.0,784.0,34.0,0.9512,25.6,77.0,0,10.5,0.0,11.0
Maxi Kleber,maxi kleber,2025,33.0,3,3,0.0778992691632202,0.020998161,11.0,2.97,-8.03,-0.9933769770291404,-1.6232536446635937,-1.5181948094184914,33.0,1089.0,18.73529411764705,0.4549,8.7,82.0,1,8.3,0.0,75.0
DeMar DeRozan,demar derozan,2026,36.0,3,3,0.168235294117647,0.11599055,25.74,17.75,-7.99,-0.9421559176690132,-0.3575035329518559,0.1752321676492944,36.0,1296.0,31.246753246753247,0.9439,22.8,78.0,1,20.0,0.0,9.0
Mikal Bridges,mikal bridges,2026,29.0,1,4,0.2188375490196078,0.16657458,33.48,25.49,-7.99,0.2906571783650131,1.039353162633745,1.0827856853582292,29.0,841.0,32.829268292682926,1.0,17.3,78.0,1,15.9,0.0,10.0
Meyers Leonard,meyers leonard,2019,26.0,1,1,0.103413,0.0312559,11.29,3.41,-7.88,-0.7622795150582262,0.0160318997332192,-0.6615707570768099,26.0,676.0,14.39344262295082,0.7439,14.8,84.0,0,11.8,0.0,11.0
Michael Porter Jr.,michael porter jr.,2024,25.0,3,5,0.2550712009559848,0.1990707,35.86,27.99,-7.87,1.2613200539226066,0.6884692490836264,0.7144415414973554,25.0,625.0,31.666666666666668,0.7427,20.7,82.0,1,6.7,0.0,14.0
Jerami Grant,jerami grant,2023,28.0,1,5,0.202808441343616,0.14522012,27.59,19.75,-7.84,0.0246916419382686,-0.6255684549124635,0.2564525103457192,28.0,784.0,35.65079365079365,0.6878,22.8,79.0,0,10.3,0.0,39.0
Pat Connaughton,pat connaughton,2025,32.0,3,3,0.0760557687949691,0.020762525,10.74,2.93,-7.81,-0.8088991022440503,-0.3118933909417614,-0.514649098883922,32.0,1024.0,14.707317073170731,0.6768,15.6,77.0,1,15.8,0.0,41.0
Luguentz Dort,luguentz dort,2025,25.0,4,5,0.1290452523936321,0.07378651,18.22,10.42,-7.8,0.7563677141142924,0.4112083005510256,0.6313577748395334,25.0,625.0,29.197183098591548,,13.6,76.0,1,6.9,0.0,75.0
Gabe Vincent,gabe vincent,2025,28.0,3,3,0.0814401450342756,0.026436737,11.5,3.73,-7.77,-0.9151136362112234,-1.1683187214549982,-0.9843602954734418,28.0,784.0,21.20833333333333,0.6451,13.5,74.0,1,8.7,0.0,75.0
Max Strus,max strus,2025,28.0,3,4,0.1128579967140672,0.058057796,15.94,8.2,-7.74,0.3259193396157482,0.1296720486006074,0.3947648452863724,28.0,784.0,25.46,0.7561,14.7,77.0,1,15.6,0.0,75.0
Devin Vassell,devin vassell,2025,24.0,2,5,0.191207297036995,0.13690205,27.0,19.33,-7.67,-0.5237969321216378,-0.5055401408549837,-0.0076642498414341,24.0,576.0,30.984375,0.7317,22.1,77.0,1,13.8,0.0,11.0
Karl-Anthony Towns,karl-anthony towns,2024,28.0,1,4,0.35,0.2957778,49.21,41.58,-7.63,1.7424342161106543,0.5948558108100084,0.6419431589256417,28.0,784.0,32.67741935483871,0.6646,27.4,84.0,1,15.1,0.0,1.0
Jerami Grant,jerami grant,2022,27.0,3,3,0.1694634264688043,0.107884206,20.95,13.34,-7.61,-0.3414211226591696,0.358419688012306,0.0028946640905331,27.0,729.0,31.91489361702128,0.6814,25.7,79.0,0,12.5,0.0,39.0
Michael Porter Jr.,michael porter jr.,2026,27.0,5,5,0.266706862745098,0.21701743,40.81,33.2,-7.61,0.81475163465001,0.0545986943176621,0.5490920823517655,27.0,729.0,32.48076923076923,0.7963,30.5,82.0,1,18.2,0.0,14.0
Devonte' Graham,devonte' graham,2023,27.0,2,2,0.088957,0.03328331,12.1,4.53,-7.57,-0.7791214044034772,0.1689153531955285,-0.6221458877261395,27.0,729.0,26.35,0.5341,20.2,73.0,0,20.4,0.0,34.0
Tobias Harris,tobias harris,2021,28.0,3,5,0.3202087818243279,0.2535171,36.0,28.5,-7.5,1.353656987644689,0.900133779502737,1.2593763549638062,28.0,784.0,32.483870967741936,0.8122,23.9,80.0,0,17.6,0.0,19.0
Luguentz Dort,luguentz dort,2024,24.0,3,5,0.117364213161863,0.064045765,16.5,9.0,-7.5,0.1531357477591257,-0.4875495692286984,0.3571076163316363,24.0,576.0,28.43037974683544,,15.4,76.0,1,6.3,0.0,75.0
LaMelo Ball,lamelo ball,2026,24.0,3,5,0.2664739869281046,0.21777764,40.77,33.32,-7.45,1.5532483685061416,1.6824982436382068,1.2367885309558526,24.0,576.0,28.01388888888889,0.6646,32.0,79.0,1,42.6,0.0,3.0
Jalen Green,jalen green,2025,22.0,1,3,0.2378370843011727,0.18512815,33.58,26.14,-7.44,0.1749828966097652,0.2348628444639073,0.1319540076518865,22.0,484.0,32.890243902439025,,27.3,76.0,1,16.0,0.0,2.0
Immanuel Quickley,immanuel quickley,2024,24.0,1,5,0.2311719350157908,0.17854783,32.5,25.1,-7.4,0.4666708197468422,0.6358116900547163,0.0482014645043346,24.0,576.0,33.28947368421053,0.7183,23.5,74.0,1,29.5,0.0,25.0
Dion Waiters,dion waiters,2020,28.0,1,1,0.115906,0.048386447,12.65,5.28,-7.37,-0.151375700154703,-0.5777487112149025,-0.4065604951512777,28.0,784.0,23.571428571428573,0.262,23.8,75.0,0,14.9,0.0,75.0
Al Horford,al horford,2022,35.0,4,4,0.2143059318264526,0.15488236,26.5,19.15,-7.35,0.983479721914884,2.336448954458539,0.8577039021019892,35.0,1225.0,29.05797101449276,0.7093,14.8,80.0,0,16.4,0.0,3.0
Trevor Ariza,trevor ariza,2020,34.0,1,1,0.117281,0.05009918,12.8,5.47,-7.33,-0.1792960742439379,-0.5543950726244934,0.0041929640412942,34.0,1156.0,24.71875,0.4744,11.2,80.0,0,8.3,0.0,43.0
Jaden McDaniels,jaden mcdaniels,2024,23.0,1,5,0.163721242211284,0.111828454,23.02,15.72,-7.3,0.2612512898238556,-0.908810041459979,0.0350199404003866,23.0,529.0,29.23611111111111,0.8988,15.7,81.0,1,6.8,0.0,28.0
John Henson,john henson,2019,28.0,1,1,0.089174,0.022731816,9.73,2.48,-7.25,0.0227782911245512,-0.2012034975376762,-0.3511696877523472,28.0,784.0,13.428571428571429,0.1707,18.6,81.0,0,10.1,0.0,75.0
Khris Middleton,khris middleton,2022,30.0,4,4,0.3068883263919776,0.24826771,37.95,30.7,-7.25,1.453423183879185,1.199082126251955,1.1106784737330646,30.0,900.0,32.43939393939394,0.8234,26.7,79.0,0,25.5,0.0,39.0
Marcus Morris,marcus morris,2022,32.0,4,4,0.132401,0.07376695,16.37,9.12,-7.25,,,-0.4945539895334766,32.0,1024.0,28.96296296296296,0.6572,23.2,80.0,0,11.3,0.0,75.0
Draymond Green,draymond green,2025,34.0,3,4,0.1833667851679791,0.13209227,25.89,18.65,-7.24,1.371293963397927,0.762395708836188,0.4017141703199766,34.0,1156.0,29.16176470588235,0.7939,15.9,78.0,1,26.2,0.0,35.0
Chris Paul,chris paul,2019,33.0,1,2,0.3528173172072567,0.28647438,38.51,31.27,-7.24,3.099783383814096,1.8207567385991204,1.6687887861091175,33.0,1089.0,32.01724137931034,0.7073,22.5,72.0,0,39.3,0.0,4.0
Spencer Dinwiddie,spencer dinwiddie,2022,28.0,1,1,0.157697,0.0997137,19.5,12.33,-7.17,0.3833109632616802,0.4202331025887508,-0.4115892106652207,28.0,784.0,30.227272727272727,0.457,21.0,77.0,0,27.5,0.0,38.0
Rui Hachimura,rui hachimura,2023,24.0,1,3,0.115722873673918,0.06306823,15.74,8.58,-7.16,-0.5919320648444406,-1.0515960041877637,-0.4213556625626736,24.0,576.0,24.266666666666666,0.4756,23.0,80.0,0,7.3,0.0,9.0
Luke Kennard,luke kennard,2021,24.0,1,3,0.1132178643229491,0.0498362,12.73,5.6,-7.13,-0.6249615133695868,-0.8126286247902276,-0.004285210778383,24.0,576.0,19.55555555555556,0.6545,17.1,77.0,0,11.9,0.0,12.0
James Harden,james harden,2021,31.0,3,3,0.3941754585727756,0.33070907,44.31,37.18,-7.13,2.915431703332924,2.423901711597857,1.6608038420742717,31.0,961.0,36.638888888888886,0.6931,28.4,77.0,0,43.8,4.0,3.0
Duncan Robinson,duncan robinson,2022,27.0,2,4,0.1366867494238001,0.079055674,16.9,9.78,-7.12,0.1681561252539279,0.48822785862284,0.0470972102088661,27.0,729.0,25.860759493670887,0.9479,17.7,79.0,0,9.3,0.0,75.0
Norman Powell,norman powell,2019,25.0,1,2,0.0926935678944474,0.02747621,10.12,3.0,-7.12,-0.2195885483681182,-0.3070361269773433,0.1248458049238038,25.0,625.0,18.766666666666666,0.7317,19.0,75.0,0,11.6,0.0,46.0
Taurean Prince,taurean prince,2021,26.0,2,2,0.1156439589374988,0.05236771,13.0,5.89,-7.11,-0.6082877619565451,-0.7712860839969492,-0.3386019392579001,26.0,676.0,23.6896551724138,0.5776,19.7,78.0,0,15.5,0.0,12.0
Caleb Martin,caleb martin,2026,30.0,3,4,0.0653692352941176,0.01910756,10.0,2.92,-7.08,-1.0731795317402624,-0.758326141121439,-0.9442896319735185,30.0,900.0,14.758620689655173,0.6232,12.5,77.0,1,12.4,0.0,75.0
Marvin Bagley III,marvin bagley iii,2023,23.0,3,4,0.0918975746392101,0.0399392,12.5,5.43,-7.07,-0.8947383494252352,-0.6428398420452459,-0.4276797641426253,23.0,529.0,23.571428571428573,0.4707,20.4,82.0,0,5.9,0.0,2.0
Bradley Beal,bradley beal,2022,28.0,1,3,0.35,0.29295704,43.28,36.23,-7.05,0.8532544252259812,0.8467456631662198,0.3643354835042872,28.0,784.0,35.975,0.6217,30.8,76.0,0,30.8,2.0,3.0
Obi Toppin,obi toppin,2026,27.0,3,4,0.0980392156862745,0.051930066,15.0,7.95,-7.05,-0.1500586144200977,0.5863980667750179,0.6238640652922598,27.0,729.0,17.666666666666668,0.6354,24.8,81.0,1,21.2,0.0,8.0
Julius Randle,julius randle,2026,31.0,3,4,0.2178649281045751,0.17196423,33.33,26.31,-7.02,-0.3346827978841306,0.0156976799469926,0.7459687713785715,31.0,961.0,33.037974683544306,0.8463,26.5,81.0,1,23.1,0.0,7.0
Collin Sexton,collin sexton,2022,23.0,1,4,0.1334357688730743,0.07671132,16.5,9.49,-7.01,-1.0151954837887096,-1.063288847245924,-0.8760559644932434,23.0,529.0,28.727272727272727,0.4671,27.9,75.0,0,11.9,0.0,8.0
Isaiah Hartenstein,isaiah hartenstein,2026,27.0,3,3,0.1862745098039215,0.14061481,28.5,21.51,-6.99,1.457958467363415,1.581989762884415,1.1321763529886473,27.0,729.0,24.19148936170213,0.678,16.1,84.0,1,20.1,0.0,43.0
Kyle Kuzma,kyle kuzma,2025,29.0,3,4,0.1587063410005099,0.10943384,22.41,15.45,-6.96,-1.6586153739814362,-1.1745472315585694,-0.9619329283195376,29.0,841.0,31.78787878787879,,21.4,80.0,1,9.9,0.0,27.0
Doug McDermott,doug mcdermott,2022,30.0,2,3,0.1111964740608952,0.055008497,13.75,6.8,-6.95,-0.4206886945567625,-1.359993237212859,-0.8780960820063973,30.0,900.0,23.980392156862745,0.7441,18.3,79.0,0,7.3,0.0,11.0
Harrison Barnes,harrison barnes,2024,31.0,6,7,0.1280336870856687,0.07875346,18.0,11.07,-6.93,-0.2522975349836112,-0.1891567347315414,-0.2586988032201923,31.0,961.0,29.036585365853657,0.9878,15.7,79.0,1,5.6,0.0,7.0
Zach LaVine,zach lavine,2022,26.0,1,5,0.3,0.24404387,37.1,30.18,-6.92,0.5701559541631492,0.5809479804875073,0.8009206313192077,26.0,676.0,34.74626865671642,0.7874,28.8,77.0,0,20.8,0.0,13.0
CJ McCollum,cj mccollum,2022,30.0,4,7,0.2695672071489224,0.21371628,33.33,26.43,-6.9,1.0231135078636804,0.4264144440463953,0.3255732507543644,30.0,900.0,35.19444444444444,0.5859,26.1,75.0,0,22.5,0.0,10.0
Jamal Murray,jamal murray,2025,27.0,1,4,0.3285514984986686,0.27973807,46.39,39.5,-6.89,1.5837230313322734,0.8438880498253248,0.793719277897377,27.0,729.0,36.08955223880597,0.7829,24.0,76.0,1,23.2,0.0,7.0
Eric Gordon,eric gordon,2020,31.0,1,3,0.1545654755360088,0.09140068,16.87,9.98,-6.89,-0.0396942037977639,-0.6711632655765386,-0.6159832596095867,31.0,961.0,28.22222222222222,0.6235,22.5,75.0,0,7.9,0.0,7.0
Derrick Rose,derrick rose,2022,33.0,2,2,0.117429,0.061939143,14.52,7.66,-6.86,0.2247758194664942,-0.34007189670152,0.7118354999114902,33.0,1089.0,24.46153846153846,0.4255,22.5,75.0,0,27.5,0.0,1.0
Dillon Brooks,dillon brooks,2024,28.0,2,4,0.1583029348166273,0.10963752,22.26,15.41,-6.85,-0.0252548966476785,-1.0316776791941025,-0.1116961539739903,28.0,784.0,30.93055555555556,,17.6,79.0,1,7.5,2.0,45.0
Kevin Durant,kevin durant,2023,34.0,5,7,0.3503093860506833,0.30006555,47.65,40.82,-6.83,2.920620836292778,1.976653873093424,1.3920804654884715,34.0,1156.0,35.97435897435897,0.5244,31.5,83.0,0,25.9,3.0,2.0
Brandon Clarke,brandon clarke,2026,29.0,4,4,0.0816993464052287,0.037666626,12.5,5.76,-6.74,0.7015948770430219,-0.2914634478607327,0.200270492211937,29.0,841.0,10.0,0.261,22.4,80.0,1,7.1,0.0,21.0
Jaren Jackson Jr.,jaren jackson jr.,2025,26.0,1,1,0.2478613109738825,0.20026198,35.0,28.28,-6.72,1.320981815729266,1.4339921619950022,,26.0,676.0,,,,82.0,1,,0.0,4.0
Lonzo Ball,lonzo ball,2024,,4,4,0.1521847383844994,0.104764886,21.4,14.73,-6.67,0.682901903876302,,,,,,,,77.0,1,,0.0,2.0
Luke Kennard,luke kennard,2023,26.0,3,3,0.1085393873004903,0.059467822,14.76,8.09,-6.67,0.2394088255501049,-0.890396390948461,0.0161366503075552,26.0,676.0,20.714285714285715,0.6232,15.0,77.0,0,7.1,0.0,12.0
Patrick Williams,patrick williams,2024,22.0,1,5,0.1280336870856687,0.080801636,18.0,11.36,-6.64,-0.1820224326415368,-0.6455222463154286,-0.3908005991314968,22.0,484.0,27.302325581395348,,16.6,78.0,1,7.7,0.0,4.0
Michael Kidd-Gilchrist,michael kidd-gilchrist,2019,25.0,1,1,0.111684,0.051123615,12.19,5.58,-6.61,0.4495546824051216,0.0383124532994649,-0.1180329538657919,25.0,625.0,18.421875,0.7805,15.7,78.0,0,7.4,0.0,75.0
Kelly Olynyk,kelly olynyk,2022,30.0,4,7,0.1035532570458129,0.050256986,12.8,6.21,-6.59,0.4399306574742465,0.7416628583862638,-0.1157721712579148,30.0,900.0,19.1,0.5873,21.5,84.0,0,23.3,0.0,13.0
Kevin Durant,kevin durant,2021,32.0,3,7,0.3640018147205864,0.30566093,40.92,34.36,-6.56,3.382296742898089,2.0813492307392645,2.087900421195653,32.0,1024.0,33.05714285714286,,31.2,83.0,0,27.5,0.0,2.0
Kelly Olynyk,kelly olynyk,2024,32.0,6,7,0.0910808746123424,0.044375423,12.8,6.24,-6.56,-0.4469055107001249,0.0975344199814134,0.3344697814574648,32.0,1024.0,20.38,,15.6,84.0,1,29.6,0.0,13.0
Malcolm Brogdon,malcolm brogdon,2019,26.0,1,3,0.183251,0.12325732,20.0,13.45,-6.55,0.4126727720475414,1.079928332521451,1.4729404923686833,26.0,676.0,28.625,0.7805,20.7,76.0,0,16.2,0.0,36.0
Harrison Barnes,harrison barnes,2019,26.0,1,7,0.2212545995968481,0.16133721,24.15,17.61,-6.54,-0.3144277464304673,-0.947602042006907,-0.0101988161459299,26.0,676.0,32.326530612244895,0.5976,23.7,79.0,0,6.3,0.0,7.0
Matthew Dellavedova,matthew dellavedova,2019,28.0,1,1,0.088029,0.028194452,9.61,3.08,-6.53,-0.6305584066382971,-0.6078236001216603,-0.8171072236322494,28.0,784.0,19.86111111111111,0.439,18.4,75.0,0,31.3,0.0,75.0
Jarrett Allen,jarrett allen,2021,22.0,1,5,0.1779137829807675,0.119811356,20.0,13.47,-6.53,-0.0858435510145734,0.0319404228438894,-0.1245897504440001,22.0,484.0,30.274509803921568,0.7978,16.8,81.0,0,8.8,0.0,22.0
Tim Hardaway Jr.,tim hardaway jr.,2023,,5,6,0.1315806235801824,0.08380871,17.9,11.4,-6.5,0.5312039725097798,-0.2340836799027282,,,,,,,77.0,0,,0.0,24.0
Jalen Brunson,jalen brunson,2022,25.0,1,3,0.2242799078080142,0.17174493,27.73,21.24,-6.49,0.8136206392771846,0.5253159073687069,1.198743546384205,25.0,625.0,31.949367088607595,0.8888,21.9,74.0,0,24.3,0.0,33.0
OG Anunoby,og anunoby,2026,28.0,3,5,0.2777777777777778,0.23533195,42.5,36.01,-6.49,2.148810250648183,0.9522434232799204,1.2367885309558526,28.0,784.0,33.19402985074627,0.7451,19.7,79.0,1,9.2,0.0,23.0
Jordan Poole,jordan poole,2023,23.0,1,4,0.2018464575322928,0.15422545,27.46,20.98,-6.48,-0.2836202114530859,-0.7694966810189838,-0.4656243736223354,23.0,529.0,29.97560975609756,0.9024,29.2,76.0,0,22.5,0.0,28.0
Harrison Barnes,harrison barnes,2020,27.0,2,7,0.2035542330951072,0.14430964,22.22,15.75,-6.47,-0.3356501691436527,-0.0756454815211076,-0.0197595623418817,27.0,729.0,34.47222222222222,0.8491,17.4,79.0,0,9.2,0.0,7.0
Corey Kispert,corey kispert,2025,25.0,1,4,0.0989674805960002,0.053200703,13.97,7.51,-6.46,-0.6915040910171745,-2.0903059146843272,-0.6094126220694337,25.0,625.0,26.262295081967213,,17.5,78.0,1,9.7,0.0,15.0
Lonzo Ball,lonzo ball,2023,,3,4,0.1504555693606134,0.10308559,20.47,14.02,-6.45,0.4981705596464204,,,,,,,,77.0,0,,0.0,2.0
Gary Harris,gary harris,2020,25.0,2,3,0.1755608759391607,0.11656093,19.16,12.72,-6.44,0.3176865845444413,-0.3325355060156073,0.285796990438093,25.0,625.0,31.785714285714285,0.7468,15.1,76.0,0,8.9,0.0,19.0
Jarred Vanderbilt,jarred vanderbilt,2025,25.0,2,4,0.0819459874794629,0.036599003,11.57,5.17,-6.4,0.7507774754844412,-0.0237084844372242,0.2106077318958612,25.0,625.0,16.13888888888889,,12.5,80.0,1,9.4,0.0,41.0
Anfernee Simons,anfernee simons,2022,22.0,1,4,0.1805137600582265,0.12882544,22.32,15.93,-6.39,-0.4886323276118422,-0.7789471401942779,0.1161211860705708,22.0,484.0,29.49122807017544,0.7762,24.8,75.0,0,22.2,0.0,24.0
Ben Simmons,ben simmons,2020,23.0,1,1,0.28,0.22155926,30.56,24.18,-6.38,0.6471469987974119,1.2905423760178223,1.2859768083301713,23.0,529.0,35.3859649122807,0.8561,20.9,82.0,0,33.8,0.0,1.0
Draymond Green,draymond green,2021,30.0,2,3,0.2137341612254701,0.15707827,24.03,17.66,-6.37,1.3203094848186057,1.372619959997348,1.0648479347846975,30.0,900.0,31.46031746031746,0.7243,13.1,78.0,0,36.4,0.0,35.0
Lauri Markkanen,lauri markkanen,2021,23.0,1,3,0.1395814489298485,0.082944505,15.69,9.32,-6.37,-0.0802856338768929,-0.4641700666754521,0.2329219406959828,23.0,529.0,25.823529411764707,0.6461,20.2,85.0,0,5.0,0.0,7.0
John Collins,john collins,2025,27.0,5,5,0.1882329613053084,0.14354211,26.58,20.27,-6.31,0.2364755215381286,-0.046567666374142,0.6973763626587733,27.0,729.0,30.5,,24.2,81.0,1,10.8,0.0,19.0
Brandon Ingram,brandon ingram,2024,26.0,5,8,0.2561826044897146,0.21135695,36.02,29.71,-6.31,0.7369596749086668,0.3374188555575592,0.8290634902273375,26.0,676.0,32.859375,0.689,27.2,80.0,1,26.7,0.0,2.0
Mitchell Robinson,mitchell robinson,2022,23.0,1,4,0.1378468642594315,0.087156,17.05,10.78,-6.27,1.0400994161274502,1.236170174997822,0.7485576151482592,23.0,529.0,25.666666666666668,0.7219,11.4,84.0,0,3.2,0.0,36.0
Isaiah Joe,isaiah joe,2024,24.0,1,4,0.0924093806014738,0.047812648,12.99,6.72,-6.27,0.7693943375280857,-0.1189466560263279,0.422442127107726,24.0,576.0,18.525641025641026,0.8768,16.6,76.0,1,8.9,0.0,49.0
Marvin Bagley III,marvin bagley iii,2021,21.0,1,4,0.1006290497624851,0.04510036,11.31,5.07,-6.24,-0.9862261273188224,-0.0212142724617542,-0.3172625736102713,21.0,441.0,25.86046511627907,0.4676,23.5,82.0,0,5.8,0.0,2.0
Steven Adams,steven adams,2021,27.0,1,2,0.1518776220043766,0.09640532,17.07,10.84,-6.23,0.6533594282969396,-0.1629601266101375,-0.0871685440184483,27.0,729.0,27.67241379310345,0.8113,11.7,83.0,0,9.1,0.0,12.0
Talen Horton-Tucker,talen horton-tucker,2023,,2,2,0.081017,0.03526601,11.02,4.8,-6.22,-0.2671035050214062,-0.3261977446109013,,,,,,,76.0,0,,0.0,46.0
Khris Middleton,khris middleton,2021,29.0,3,4,0.3157969647908623,0.26053452,35.5,29.29,-6.21,1.5704157560142304,1.2604044921298778,0.8718658454496204,29.0,841.0,33.36764705882353,0.8608,25.0,79.0,0,23.2,0.0,39.0
Grant Williams,grant williams,2024,25.0,2,4,0.092648376817367,0.048596986,13.03,6.83,-6.2,-0.636107709313402,-0.5577596479339119,-0.8942775089279429,25.0,625.0,26.42553191489361,,13.6,79.0,1,8.2,0.0,22.0
Draymond Green,draymond green,2020,29.0,1,3,0.2038387025838372,0.14735481,22.25,16.08,-6.17,1.4847582214744557,0.4322961578202895,0.1433765632948844,29.0,841.0,28.41860465116279,0.6751,15.7,78.0,0,31.2,0.0,35.0
Marcus Morris,marcus morris,2019,29.0,1,4,0.137438,0.080993846,15.0,8.84,-6.16,,,0.0724404295833101,29.0,841.0,27.88,0.9146,20.9,80.0,0,7.5,0.0,75.0
Giannis Antetokounmpo,giannis antetokounmpo,2025,30.0,5,7,0.3833100815817801,0.3402207,54.13,48.04,-6.09,3.892491585460829,3.567482737154087,2.3759542366848048,30.0,900.0,34.16417910447761,0.8293,35.2,83.0,1,36.0,53.0,15.0
Naz Reid,naz reid,2024,24.0,2,2,0.0994852476740546,0.056228735,13.99,7.91,-6.08,-0.327978414428922,-0.0604382571053167,0.4955136194230897,24.0,576.0,24.246913580246915,,23.1,81.0,1,8.3,0.0,75.0
Grant Williams,grant williams,2026,27.0,4,4,0.0932401960784313,0.053616542,14.27,8.2,-6.07,0.6063049759002953,0.2200316237919034,0.5700145179452066,27.0,729.0,19.75,0.3927,14.1,79.0,1,10.6,0.0,22.0
Isaac Okoro,isaac okoro,2026,25.0,4,4,0.0772210065359477,0.037574034,11.81,5.75,-6.06,-0.7277536400978781,-1.4854021791639285,-0.8420783892383473,25.0,625.0,26.904761904761905,0.7537,13.6,76.0,1,7.8,0.0,5.0
Bobby Portis,bobby portis,2019,23.0,1,1,0.1374381528312259,0.08222196,15.0,8.97,-6.03,-0.3934604114824247,-0.4184388948085717,-0.0038161101749723,23.0,529.0,27.428571428571427,0.3415,23.3,81.0,0,8.4,0.0,22.0
T.J. McConnell,t.j. mcconnell,2026,33.0,6,8,0.0718954248366013,0.0327153,11.0,5.01,-5.99,-0.269170990848506,0.4253878348807943,1.0241342675471077,33.0,1089.0,17.196428571428573,0.8037,23.2,73.0,1,50.0,0.0,75.0
Reed Sheppard,reed sheppard,2025,20.0,2,3,0.0750917795025777,0.032729667,10.6,4.62,-5.98,-0.4008116822649109,-0.6982430625667984,-0.8324227799660047,20.0,400.0,12.576923076923077,0.6341,17.8,74.0,1,15.2,0.0,3.0
Scottie Barnes,scottie barnes,2025,23.0,1,5,0.2737929154155571,0.23144022,38.66,32.68,-5.98,0.4824460212515825,0.5001805124880208,0.5590216188079261,23.0,529.0,32.83076923076923,0.8037,27.0,80.0,1,27.7,0.0,4.0
Dejounte Murray,dejounte murray,2020,23.0,1,4,0.1308960967564596,0.07624486,14.29,8.32,-5.97,-0.0006056800728352,0.0411227114309376,0.299715350363452,23.0,529.0,25.560606060606062,,20.8,76.0,0,23.1,0.0,29.0
Will Barton,will barton,2021,30.0,3,3,0.138995,0.085832134,15.62,9.65,-5.97,0.1253573002172874,0.2445592040664644,0.0829278488249692,30.0,900.0,31.0,0.688,19.0,77.0,0,14.1,0.0,40.0
Jarred Vanderbilt,jarred vanderbilt,2026,26.0,3,4,0.0812324901960784,0.04227249,12.43,6.47,-5.96,0.3859470795077399,-0.3374086968735785,-0.3567464816200018,26.0,676.0,17.353846153846153,,12.4,80.0,1,9.6,0.0,41.0
Rudy Gobert,rudy gobert,2022,29.0,2,4,0.3087009340503821,0.26059657,38.17,32.22,-5.95,2.200803147485061,2.9113137100194755,1.5574642091137545,29.0,841.0,32.121212121212125,0.8511,16.9,85.0,0,5.1,15.0,27.0
Gary Payton II,gary payton ii,2023,30.0,2,3,0.0640709890384573,0.02057949,8.72,2.8,-5.92,0.5697429541836991,0.0134728690004866,0.3940017197096683,30.0,900.0,17.0,0.3756,9.3,74.0,0,11.6,0.0,75.0
Stephen Curry,stephen curry,2019,30.0,1,8,0.3686252336448598,0.31440586,40.23,34.31,-5.92,3.210429114886836,2.4947434839780525,2.276153649029712,30.0,900.0,33.78260869565217,0.8415,30.4,74.0,0,24.2,0.0,7.0
Devin Booker,devin booker,2024,27.0,1,6,0.35,0.30800933,49.21,43.3,-5.91,1.958665300240114,2.022460744482681,1.079799003074173,27.0,729.0,35.98529411764706,0.7744,29.8,77.0,1,31.2,0.0,13.0
Draymond Green,draymond green,2022,31.0,3,3,0.2086973272411144,0.16091429,25.81,19.9,-5.91,1.419451367351645,1.4216104187271563,0.7060551669575544,31.0,961.0,28.89130434782609,0.6304,14.3,78.0,0,32.5,3.0,35.0
Will Barton,will barton,2019,28.0,1,3,0.117068,0.0631479,12.78,6.89,-5.89,-0.6305584066382971,-0.6245340152963443,-0.6276416358627723,28.0,784.0,27.65116279069768,0.5244,20.0,77.0,0,14.6,0.0,40.0
Santi Aldama,santi aldama,2025,24.0,1,3,0.1309126678375163,0.08929114,18.49,12.61,-5.88,0.0687683626425919,0.9302456430428356,0.7589726527293559,24.0,576.0,25.53846153846154,0.8073,18.5,84.0,1,15.2,0.0,30.0
Tony Snell,tony snell,2020,28.0,1,1,0.111587,0.05800138,12.18,6.33,-5.85,-0.7712080049357153,-1.1732664952703336,-0.244395417881397,28.0,784.0,27.8135593220339,0.8506,11.4,78.0,0,10.9,0.0,20.0
Jayson Tatum,jayson tatum,2025,26.0,1,5,0.3833100815817801,0.34196034,54.13,48.29,-5.84,3.316697006586153,2.9988669255292946,1.5398240837779729,26.0,676.0,36.44444444444444,0.8902,31.2,80.0,1,27.0,15.0,3.0
D'Angelo Russell,d'angelo russell,2019,22.0,1,4,0.25,0.19683926,27.28,21.48,-5.8,0.4600923710787159,0.7847109977686957,0.8309746444476355,22.0,484.0,30.22222222222222,0.9878,31.9,75.0,0,41.3,0.0,2.0
Marvin Bagley III,marvin bagley iii,2024,24.0,4,4,0.088912282698381,0.04766566,12.5,6.7,-5.8,-0.338789968635395,0.1209377795498178,-0.0538120698653493,24.0,576.0,23.95833333333333,0.3732,20.9,82.0,1,7.3,0.0,2.0
Rui Hachimura,rui hachimura,2024,25.0,2,3,0.1209207044697982,0.079743505,17.0,11.21,-5.79,-0.2901379747062666,-0.5811630075023164,0.3198554829943921,25.0,625.0,26.852941176470587,0.6268,18.5,80.0,1,6.3,0.0,9.0
Daniel Gafford,daniel gafford,2023,24.0,1,3,0.0911770976540387,0.048676778,12.4,6.62,-5.78,-0.0193529085462105,-0.1016697118847296,0.1042223508854537,24.0,576.0,20.56410256410257,0.7951,15.2,82.0,0,7.5,0.0,38.0
De'Andre Hunter,de'andre hunter,2024,26.0,2,4,0.1543263223034683,0.11327528,21.7,15.93,-5.77,-0.2955437518095031,-0.6396714064233274,-0.1397785314128359,26.0,676.0,29.49122807017544,,20.6,79.0,1,7.3,0.0,4.0
Rudy Gay,rudy gay,2020,33.0,2,2,0.132857,0.07999725,14.5,8.73,-5.77,0.0328987688342465,0.2045981815638011,-0.1039170874719595,33.0,1089.0,21.80597014925373,0.8971,22.0,80.0,0,11.3,0.0,8.0
Kawhi Leonard,kawhi leonard,2024,32.0,6,8,0.35,0.30903926,49.21,43.45,-5.76,3.029009166680939,2.250643500274625,2.2495159898636405,32.0,1024.0,34.26470588235294,,26.5,78.0,1,16.9,0.0,15.0
Gary Payton II,gary payton ii,2024,31.0,3,3,0.0649415312828975,0.024086202,9.13,3.39,-5.74,0.5315401449856801,0.033175181168301,0.927924921006947,31.0,961.0,15.454545454545457,0.4963,13.6,74.0,1,9.4,0.0,75.0
Rudy Gobert,rudy gobert,2021,28.0,1,4,0.3144166029142277,0.2634385,35.34,29.61,-5.73,2.898757951919882,3.386592304355627,1.816055458814991,28.0,784.0,30.80281690140845,0.9138,17.0,85.0,0,6.0,5.0,27.0
John Collins,john collins,2022,24.0,2,5,0.1900448829404391,0.14381552,23.5,17.78,-5.72,0.355001116155397,0.7478441998439083,0.4928628868329787,24.0,576.0,30.796296296296298,0.6736,20.5,81.0,0,8.9,0.0,19.0
Talen Horton-Tucker,talen horton-tucker,2021,20.0,1,1,0.084509,0.03376258,9.5,3.8,-5.7,-0.1136331367029762,-0.2633634399652423,0.46023257476855,20.0,400.0,20.06153846153846,0.5267,21.7,76.0,0,20.8,0.0,46.0
Malik Beasley,malik beasley,2022,25.0,1,1,0.125818,0.07988217,15.56,9.88,-5.68,0.0152829508799986,-0.51933079897321,0.0141153104128792,25.0,625.0,25.0126582278481,0.731,19.4,76.0,0,8.5,0.0,19.0
Marvin Williams,marvin williams,2019,32.0,1,1,0.128733,0.07715021,14.05,8.42,-5.63,0.2282632202596407,0.4226520023172032,0.3220378262370717,32.0,1024.0,28.44,0.9146,14.9,80.0,0,6.1,0.0,75.0
James Harden,james harden,2020,30.0,2,3,0.378,0.32646465,41.25,35.63,-5.62,3.4950251558993606,3.690128741182354,2.635734038301034,30.0,900.0,36.51470588235294,0.947,36.3,77.0,0,35.9,0.0,3.0
Matisse Thybulle,matisse thybulle,2025,27.0,3,3,0.0817942326213812,0.04213552,11.55,5.95,-5.6,0.2085243283888725,0.7814169845125736,2.159893403821838,27.0,729.0,20.8,0.3829,14.4,77.0,1,12.7,0.0,20.0
Dorian Finney-Smith,dorian finney-smith,2024,30.0,3,3,0.1061553404273479,0.066298395,14.92,9.32,-5.6,0.1477299706558892,-0.370532771386676,-0.2707341078368405,30.0,900.0,28.44117647058824,0.7049,13.2,79.0,1,7.6,0.0,75.0
Maxi Kleber,maxi kleber,2024,32.0,2,3,0.0782428087745753,0.038509,11.0,5.41,-5.59,0.1315126393461797,-0.6338205665312263,-0.6865252268548505,32.0,1024.0,20.25581395348837,0.5415,9.6,82.0,1,9.5,0.0,75.0
Nikola Jokić,nikola jokic,2024,28.0,2,5,0.3657206731726747,0.32605332,51.42,45.84,-5.58,4.126381918637947,4.1463156253153866,2.7392382658124887,28.0,784.0,34.64556962025316,0.9146,29.3,83.0,1,42.0,42.0,41.0
DeAndre Jordan,deandre jordan,2022,33.0,2,2,0.0633044114673891,0.01824913,7.83,2.26,-5.57,-1.2077024441114352,-0.506968116057921,-0.68530497701336,33.0,1089.0,12.75,0.5592,12.8,83.0,0,4.5,0.0,35.0
Draymond Green,draymond green,2024,33.0,2,4,0.1714736890773039,0.13200305,24.11,18.56,-5.55,1.2288853913031876,1.3379124771068505,0.6069834645629972,33.0,1089.0,27.09090909090909,0.7146,15.3,78.0,1,28.6,7.0,35.0
LaMelo Ball,lamelo ball,2024,22.0,1,5,0.25,0.21071793,35.15,29.62,-5.53,0.8288578856636873,1.4958851541935807,0.5276077650674846,22.0,484.0,32.31818181818182,0.4488,34.3,79.0,1,43.1,0.0,3.0
CJ McCollum,cj mccollum,2026,34.0,1,1,0.1372549019607843,0.10114381,21.0,15.48,-5.52,0.6956392582216016,0.1378594099816395,0.3446695968814235,34.0,1156.0,28.82926829268293,0.6159,26.9,75.0,1,21.3,0.0,10.0
Evan Mobley,evan mobley,2025,23.0,1,5,0.3285514984986686,0.28942066,46.39,40.87,-5.52,1.9806299740517104,2.37618758021171,1.5366652996717889,23.0,529.0,30.52112676056338,0.8085,23.2,83.0,1,15.1,0.0,3.0
Klay Thompson,klay thompson,2025,34.0,2,3,0.1180291980624327,0.07905261,16.67,11.16,-5.51,-0.2890069096678864,-0.5913833349847766,-0.1921372416425636,34.0,1156.0,27.291666666666668,0.889,21.8,77.0,1,10.7,0.0,11.0
Kyrie Irving,kyrie irving,2022,29.0,4,6,0.3147228741255913,0.27033255,38.92,33.43,-5.49,2.251760872276371,1.3165276139472,1.5391031514953697,29.0,841.0,37.62068965517241,0.4299,29.4,74.0,0,25.2,2.0,1.0
Andrew Wiggins,andrew wiggins,2022,26.0,4,4,0.2718593667866241,0.22758609,33.62,28.14,-5.48,0.9268600277023176,0.5500412731992849,0.7999005725626307,26.0,676.0,31.91780821917808,0.8215,23.1,78.0,0,10.8,0.0,1.0
Devin Vassell,devin vassell,2026,25.0,3,5,0.1764705882352941,0.14079024,27.0,21.54,-5.46,0.67181678293592,-0.1807210811915163,0.8162818746024308,25.0,625.0,30.507462686567163,0.8085,18.0,77.0,1,11.0,0.0,11.0
Evan Fournier,evan fournier,2022,29.0,2,2,0.145566,0.10145956,18.0,12.55,-5.45,-0.4037027862929926,-0.6058695793802326,0.2453286285703136,29.0,841.0,29.475,0.7663,20.8,78.0,0,11.9,0.0,20.0
Malcolm Brogdon,malcolm brogdon,2020,27.0,2,3,0.189665,0.13993157,20.7,15.27,-5.43,0.5187132779869318,0.4556497964106986,0.3443835752401856,27.0,729.0,30.85185185185185,0.7614,25.2,76.0,0,33.8,0.0,36.0
Andrew Wiggins,andrew wiggins,2019,23.0,1,4,0.2520123694337548,0.2024605,27.5,22.1,-5.4,-0.5041061425551652,-0.8194888590009942,-0.4405275713457531,23.0,529.0,34.83561643835616,0.8902,24.4,78.0,0,10.9,0.0,1.0
DeMar DeRozan,demar derozan,2020,30.0,2,5,0.2541687282389591,0.2047942,27.74,22.35,-5.39,-0.1960482986974787,0.4322961578202895,0.9684439923586086,30.0,900.0,34.05882352941177,0.9424,26.3,78.0,0,26.1,0.0,9.0
Gabe Vincent,gabe vincent,2023,26.0,1,3,0.0771939626969365,0.037562653,10.5,5.11,-5.39,-0.685526734623959,-0.6658683582222892,-0.6343423693446177,26.0,676.0,25.86764705882353,0.7854,17.5,74.0,0,13.9,0.0,75.0
RJ Barrett,rj barrett,2025,24.0,3,4,0.1962024602005552,0.15816359,27.71,22.33,-5.38,-0.5908797956798525,-0.2555406529924154,0.3053712550813729,24.0,576.0,32.224137931034484,0.6488,28.7,78.0,1,27.3,0.0,3.0
Bam Adebayo,bam adebayo,2026,28.0,1,3,0.3254901960784314,0.29042196,49.8,44.43,-5.37,1.3567129473992678,1.845197524101132,0.7281332525120316,28.0,784.0,32.397260273972606,0.9037,25.0,81.0,1,14.1,0.0,14.0
Kevin Durant,kevin durant,2022,33.0,4,7,0.3567979054627795,0.31337175,44.12,38.75,-5.37,2.9028873557208845,2.0212005401186706,1.9712680446984567,33.0,1089.0,37.21818181818182,,31.2,83.0,0,29.1,0.0,2.0
Joe Harris,joe harris,2021,29.0,2,3,0.154404,0.10687089,17.36,12.01,-5.35,0.1642627201810512,0.3626807491901171,0.6603277859861704,29.0,841.0,31.02898550724637,0.8936,16.2,78.0,0,8.4,0.0,33.0
Khris Middleton,khris middleton,2020,28.0,2,4,0.3028378596298332,0.2537897,33.05,27.7,-5.35,2.182767573705325,2.382324980119446,1.8967662311011588,28.0,784.0,29.887096774193548,0.8903,26.4,79.0,0,22.2,0.0,39.0
Kawhi Leonard,kawhi leonard,2026,34.0,8,8,0.3287581699346405,0.29393458,50.3,44.97,-5.33,3.5126469607534587,2.8780517403593096,2.9133273044106045,34.0,1156.0,32.07692307692308,0.6976,33.5,78.0,1,21.0,0.0,15.0
Mason Plumlee,mason plumlee,2019,28.0,1,1,0.1286521531977277,0.08002841,14.04,8.73,-5.31,0.1018109561765087,0.8125616897265028,0.2954992066736165,28.0,784.0,21.10975609756097,1.0,16.2,84.0,0,19.5,0.0,22.0
Cade Cunningham,cade cunningham,2025,23.0,1,5,0.3285514984986686,0.29111633,46.39,41.11,-5.28,0.8793529639710194,1.1834711696441678,0.69800811948001,23.0,529.0,35.02857142857143,0.6829,33.2,78.0,1,43.0,0.0,1.0
Aaron Wiggins,aaron wiggins,2024,25.0,1,5,0.0747860201439667,0.0372157,10.51,5.23,-5.28,0.3531495005788759,-0.5051020889050017,0.6617154450815637,25.0,625.0,15.743589743589745,,16.4,77.0,1,9.3,0.0,55.0
Tony Snell,tony snell,2019,27.0,1,1,0.104388,0.056051917,11.39,6.12,-5.27,-0.3091589020936701,-0.4852805555073088,-0.0955255170208363,27.0,729.0,17.62162162162162,0.9024,12.9,78.0,0,6.7,0.0,20.0
Markelle Fultz,markelle fultz,2019,20.0,1,1,0.089291,0.0410427,9.75,4.48,-5.27,-1.0309905762348817,-0.8974707964828542,-0.255765030081192,20.0,400.0,22.473684210526315,0.2317,19.3,76.0,0,19.5,0.0,1.0
Zeke Nnaji,zeke nnaji,2024,23.0,1,4,0.0632265129314024,0.025927994,8.89,3.65,-5.24,-1.6199591421024435,-0.8503016425389678,-1.2218097274238666,23.0,529.0,9.93103448275862,0.6476,15.4,82.0,1,7.0,0.0,22.0
Simone Fontecchio,simone fontecchio,2025,29.0,2,2,0.058833012293921,0.021947652,8.31,3.1,-5.21,-0.7362260000559843,-0.7788110372791781,-0.5970933640553171,29.0,841.0,16.493333333333332,0.7671,15.8,79.0,1,6.9,0.0,75.0
Derrick Jones Jr.,derrick jones jr.,2021,23.0,2,2,0.0864741046488871,0.040510513,9.72,4.55,-5.17,-0.030264379637768,-0.8008164702778623,-0.2349977727078184,23.0,529.0,22.724137931034484,0.7458,12.3,78.0,0,4.8,0.0,75.0
P.J. Tucker,p.j. tucker,2023,37.0,1,1,0.080976,0.043125153,11.01,5.87,-5.14,-0.6359766153289198,-1.109167294630372,-0.6262113815989656,37.0,1369.0,25.6,0.7951,6.5,77.0,0,3.9,0.0,35.0
Jimmy Butler,jimmy butler,2019,29.0,1,4,0.3,0.25296777,32.74,27.61,-5.13,1.840529587319573,1.1913311003526796,1.8129035682954755,29.0,841.0,33.163636363636364,0.6707,22.1,78.0,0,18.0,0.0,75.0
Naji Marshall,naji marshall,2024,26.0,1,3,0.0609684254701681,0.024586715,8.57,3.46,-5.11,-0.2901379747062666,-0.2476651336525525,0.5545439230190304,26.0,676.0,19.045454545454547,,16.3,78.0,1,13.6,0.0,75.0
Kevin Porter Jr.,kevin porter jr.,2023,,1,1,0.1165996427022298,0.07920299,15.86,10.77,-5.09,0.3550257705718628,-0.4528545835846392,,,,,,,77.0,0,,0.0,30.0
KJ Martin,kj martin,2024,23.0,1,1,0.056726,0.020497471,7.97,2.88,-5.09,,-1.5348499099147983,-0.4504040124710873,23.0,529.0,12.327586206896552,0.8171,13.2,78.0,1,9.6,0.0,52.0
OG Anunoby,og anunoby,2024,26.0,1,5,0.260605,0.22446132,36.64,31.56,-5.08,1.6559417824588705,-0.3880852910629794,0.3857631035141319,26.0,676.0,33.333333333333336,0.5268,18.2,79.0,1,11.4,2.0,23.0
Brandon Clarke,brandon clarke,2025,28.0,3,4,0.0885218967763866,0.052578676,12.5,7.42,-5.08,1.147684418203878,0.2921981742297367,1.0704287655990712,28.0,784.0,18.859375,0.5488,15.3,80.0,1,7.4,0.0,21.0
Jonathan Isaac,jonathan isaac,2024,26.0,1,1,0.1778245653967621,0.14179249,25.0,19.93,-5.07,1.6451302282523974,2.116074182756299,1.503327103631457,26.0,676.0,15.758620689655173,,16.7,82.0,1,4.8,0.0,6.0
Grayson Allen,grayson allen,2025,29.0,2,4,0.1195045606481219,0.08376632,16.87,11.83,-5.04,0.3091486237261945,-0.0667630914811949,-0.020299386266169,29.0,841.0,24.125,0.8402,17.6,75.0,1,12.5,0.0,21.0
Cameron Johnson,cameron johnson,2026,29.0,3,3,0.150735294117647,0.11784066,23.06,18.03,-5.03,0.4633701241862052,-0.0334975991443423,0.3858284865734387,29.0,841.0,30.5,,15.1,80.0,1,10.6,0.0,11.0
Paul George,paul george,2022,31.0,4,9,0.3436374752335125,0.30299002,42.49,37.47,-5.02,2.619788884658053,1.7306774916093803,1.1079583170488596,31.0,961.0,34.74193548387097,0.5199,33.7,80.0,0,28.1,2.0,10.0
Jamal Murray,jamal murray,2026,28.0,2,4,0.3274877647058823,0.29470146,50.11,45.09,-5.02,1.6783163637559704,0.7767984450159776,1.3321399587423544,28.0,784.0,35.36,0.8463,27.9,76.0,1,31.1,0.0,7.0
Andre Drummond,andre drummond,2020,26.0,2,2,0.2561594099321971,0.21028335,27.96,22.95,-5.01,-0.151375700154703,1.0686828094089365,0.8143709848127739,26.0,676.0,33.755102040816325,0.7866,25.5,83.0,0,14.0,0.0,9.0
Devin Vassell,devin vassell,2024,23.0,1,5,0.2087505761515919,0.17360681,29.35,24.41,-4.94,-0.5388037214551452,-0.417339490523485,0.4427875230072979,23.0,529.0,33.05882352941177,0.7268,23.5,77.0,1,19.1,0.0,11.0
Jaylen Brown,jaylen brown,2024,27.0,1,5,0.35,0.3149231,49.21,44.27,-4.94,1.5478262403941403,0.717723448544132,1.1783738789819578,27.0,729.0,33.47142857142857,0.8329,28.9,78.0,1,16.6,3.0,3.0
Steven Adams,steven adams,2022,28.0,2,2,0.1449745582467348,0.10512427,17.93,13.0,-4.93,1.2212824376076628,0.9827351752343984,0.3704558360437487,28.0,784.0,26.30263157894737,0.8506,12.0,83.0,0,16.1,0.0,12.0
De'Anthony Melton,de'anthony melton,2020,21.0,1,4,0.0877012277808319,0.042634528,9.57,4.65,-4.92,0.0217306191985525,0.9460762068092888,0.5363274690945553,21.0,441.0,19.45,0.7495,19.2,74.0,0,20.1,0.0,46.0
James Wiseman,james wiseman,2021,19.0,2,3,0.0815450032914049,0.037977956,9.17,4.27,-4.9,-1.9366299578621964,-1.6099490543748831,-1.5407195374076528,19.0,361.0,21.435897435897434,0.4756,23.8,83.0,0,4.9,0.0,2.0
Buddy Hield,buddy hield,2020,27.0,1,4,0.2263316291002382,0.1816223,24.7,19.82,-4.88,0.3009343600909004,-0.0055845657498804,0.2835312109153601,27.0,729.0,30.77777777777778,1.0,27.2,76.0,0,15.5,0.0,6.0
Rajon Rondo,rajon rondo,2020,33.0,1,1,0.075591,0.03091385,8.25,3.37,-4.88,-1.2626065889062474,-0.2683129998919824,-0.2311244235339617,33.0,1089.0,20.5,0.627,18.7,73.0,0,32.9,0.0,21.0
Duncan Robinson,duncan robinson,2026,31.0,2,3,0.1045291307189542,0.07262169,15.99,11.11,-4.88,0.3502133665792173,0.6239280840872847,0.5974537777398834,31.0,961.0,27.44155844155844,,15.8,79.0,1,10.1,0.0,75.0
Jeff Green,jeff green,2023,36.0,1,1,0.0705773373229133,0.035157133,9.6,4.78,-4.82,-2.161019175854013,-1.155224326984458,-0.8482325192094122,36.0,1296.0,19.482142857142858,0.7817,17.0,80.0,0,8.3,0.0,5.0
Aaron Gordon,aaron gordon,2026,30.0,1,3,0.2199871699346405,0.18848439,33.66,28.84,-4.82,1.2673786650779617,0.2597349843430668,1.1801950576293316,30.0,900.0,27.916666666666668,0.5841,21.9,80.0,1,13.7,0.0,4.0
A.J. Green,a.j. green,2026,26.0,1,4,0.0656512679738562,0.034161843,10.04,5.23,-4.81,-0.2274816590985631,,,26.0,676.0,,,,76.0,1,,0.0,75.0
Robert Covington,robert covington,2023,32.0,1,1,0.08596,0.05059392,11.69,6.88,-4.81,1.1753555233452886,0.3301149664348313,0.3657691233705983,32.0,1024.0,16.229166666666668,0.639,15.6,79.0,0,10.2,0.0,75.0
Onyeka Okongwu,onyeka okongwu,2024,23.0,1,4,0.0995817566221868,0.065541565,14.0,9.21,-4.79,0.2342224043076731,-0.0136315379685078,-0.1962298411623521,23.0,529.0,25.545454545454547,0.7451,13.7,82.0,1,7.2,0.0,6.0
Patty Mills,patty mills,2020,31.0,2,2,0.124022,0.08040638,13.54,8.78,-4.76,0.8090851685149735,0.157890904382983,0.3330546776265213,31.0,961.0,22.5,0.9479,20.4,74.0,0,11.4,0.0,55.0
Khaman Maluach,khaman maluach,2026,19.0,2,3,0.0412854901960784,0.010390865,6.32,1.59,-4.73,-0.5371738378124248,-0.1040635753676529,-1.2255420448689551,19.0,361.0,8.934782608695652,0.561,14.8,85.0,1,2.0,0.0,75.0
Max Christie,max christie,2024,20.0,1,4,0.0508070176686488,0.017253052,7.14,2.43,-4.71,-0.9172081186816996,-1.4938940306700907,-0.8842480884140695,20.0,400.0,14.08955223880597,0.6982,13.6,77.0,1,8.0,0.0,35.0
Zeke Nnaji,zeke nnaji,2025,24.0,2,4,0.0579129935980964,0.024639662,8.18,3.48,-4.7,-0.8703917271724136,-0.4819578319277669,-0.5475004535882326,24.0,576.0,10.666666666666666,0.689,12.2,82.0,1,4.6,0.0,22.0
Andre Drummond,andre drummond,2019,25.0,1,2,0.2482409657320872,0.20512418,27.09,22.39,-4.7,0.3810597060267585,1.5589602341957336,1.3106853879490776,25.0,625.0,33.50632911392405,0.9634,22.9,83.0,0,7.2,0.0,9.0
Marcus Morris,marcus morris,2020,30.0,2,4,0.136373,0.09346169,14.88,10.2,-4.68,,,0.3621861286330867,30.0,900.0,32.25581395348837,0.7163,24.4,80.0,0,6.8,0.0,75.0
Buddy Hield,buddy hield,2026,33.0,3,4,0.0631276862745098,0.032604363,9.66,4.99,-4.67,-0.4895288872410614,-0.4428336994216905,-0.4239726681169599,33.0,1089.0,17.454545454545453,0.6951,19.7,76.0,1,12.7,0.0,6.0
Scoot Henderson,scoot henderson,2026,21.0,1,1,0.0887942679738562,0.05839381,13.59,8.93,-4.66,-0.5014401248839023,-0.2784839240956377,-0.4322044460553629,21.0,441.0,24.933333333333334,0.5756,25.0,75.0,1,22.8,0.0,3.0
Dewayne Dedmon,dewayne dedmon,2019,29.0,1,1,0.122167,0.07958291,13.33,8.69,-4.64,0.6339642341930224,0.4170818639256417,-0.0763773991079636,29.0,841.0,25.140625,0.7805,16.7,82.0,0,8.1,0.0,75.0
LeBron James,lebron james,2022,37.0,4,7,0.3596699526909547,0.32218042,44.47,39.84,-4.63,3.287901276366336,2.1880967594750715,1.4129558852653576,37.0,1369.0,37.21428571428572,0.6922,32.3,81.0,0,30.6,15.0,1.0
Josh Richardson,josh richardson,2022,28.0,1,1,0.09863,0.061181992,12.2,7.57,-4.63,-0.0017029573837712,-0.1731756773451191,0.3633154247477104,28.0,784.0,24.704545454545453,0.6369,16.7,77.0,0,8.7,0.0,40.0
Keldon Johnson,keldon johnson,2024,24.0,2,4,0.1351466697015392,0.10226334,19.0,14.38,-4.62,-0.7550348055846049,-0.6689256058838331,0.0353064952722116,24.0,576.0,29.536231884057973,,21.9,78.0,1,14.2,0.0,29.0
James Wiseman,james wiseman,2023,21.0,1,1,0.0890997713588343,0.05522783,12.12,7.51,-4.61,-1.7866404967359395,-0.8155537133730704,-1.0677691883420204,21.0,441.0,25.20833333333333,,21.7,83.0,0,4.4,0.0,2.0
Kentavious Caldwell-Pope,kentavious caldwell-pope,2025,31.0,2,3,0.1531180952920514,0.12051981,21.62,17.02,-4.6,1.0135186910874487,-0.7318200659399036,0.3205334187910549,31.0,961.0,29.5974025974026,0.9329,12.4,77.0,1,8.7,0.0,8.0
Tre Mann,tre mann,2026,24.0,2,3,0.0522875816993464,0.02221653,8.0,3.4,-4.6,-1.6746970327037245,-0.778295423414559,-2.093651626623042,24.0,576.0,12.62264150943396,0.439,23.3,76.0,1,18.7,0.0,18.0
Pat Connaughton,pat connaughton,2024,31.0,2,3,0.0670318163712407,0.034477167,9.42,4.85,-4.57,-0.4793401733195438,-0.3822344511708783,-0.3065534668149599,31.0,961.0,22.05263157894737,0.8451,10.9,77.0,1,12.0,0.0,41.0
De'Andre Hunter,de'andre hunter,2025,27.0,3,4,0.1650301045266557,0.13263507,23.3,18.73,-4.57,0.5159874530306898,0.1111113345596846,0.1202665064590067,27.0,729.0,28.75675675675676,,24.2,79.0,1,7.8,0.0,4.0
Jimmy Butler,jimmy butler,2023,33.0,1,4,0.3321837069276068,0.29852572,45.18,40.61,-4.57,2.127818927572152,3.628949908796277,1.919917086643724,33.0,1089.0,33.40625,0.7256,25.6,78.0,0,27.1,0.0,75.0
Landry Shamet,landry shamet,2022,24.0,1,2,0.0768266548057094,0.039972294,9.5,4.94,-4.56,-0.8623223094147804,-0.4080666527356093,-0.2541601425668499,24.0,576.0,20.82608695652174,0.7911,16.8,77.0,0,9.7,0.0,26.0
Tyrese Haliburton,tyrese haliburton,2025,24.0,2,5,0.3225774177100448,0.29026955,45.55,40.99,-4.56,2.019761644460669,2.5491763494937043,1.7069237629950915,24.0,576.0,33.57534246575342,0.8341,21.6,77.0,1,38.9,3.0,12.0
Caris LeVert,caris levert,2022,27.0,3,3,0.1520059520439933,0.11530698,18.8,14.26,-4.54,-0.7320970127258778,-0.0619115311075184,0.4632811828922482,27.0,729.0,31.128205128205128,0.4909,26.8,79.0,0,22.8,0.0,20.0
Kyle Anderson,kyle anderson,2025,31.0,4,4,0.0652902951674126,0.03321407,9.22,4.69,-4.53,-0.2834166710380352,0.2334076848140593,0.1057360995705615,31.0,961.0,15.02777777777778,0.6768,15.7,80.0,1,21.2,0.0,30.0
Jrue Holiday,jrue holiday,2024,33.0,1,4,0.2133894784761146,0.181192,30.0,25.47,-4.53,1.0721178553093291,0.4953915326442894,0.396938743515305,33.0,1089.0,32.79710144927536,0.8293,16.3,76.0,1,19.3,8.0,17.0
Paolo Banchero,paolo banchero,2026,23.0,1,5,0.2712418300653594,0.24171828,41.5,36.98,-4.52,0.1834560395794456,0.489666078000838,0.2819022901011004,23.0,529.0,34.75,0.8024,27.6,82.0,1,23.4,0.0,1.0
Kyle Lowry,kyle lowry,2019,32.0,1,2,0.3050787612241158,0.26397634,33.3,28.81,-4.49,2.393758242683276,1.854177568948489,1.3651063546488214,32.0,1024.0,34.04615384615385,0.7927,19.6,72.0,0,34.8,0.0,24.0
Gary Harris,gary harris,2019,24.0,1,3,0.1634532343778633,0.122506194,17.84,13.37,-4.47,0.4021350833739471,-0.3571673725013961,0.5645806531334592,24.0,576.0,28.75438596491228,0.6951,20.0,76.0,0,11.0,0.0,19.0
LeBron James,lebron james,2024,39.0,6,7,0.3466074273764475,0.31500843,48.73,44.29,-4.44,2.5478950044928914,1.9581015056695688,1.6331364605681618,39.0,1521.0,35.267605633802816,0.7707,29.2,81.0,1,37.5,19.0,1.0
Delon Wright,delon wright,2019,26.0,1,1,0.086803,0.046055183,9.47,5.03,-4.44,0.238800908933235,0.617606846021853,-0.0058317015342221,26.0,676.0,18.3061224489796,0.5976,17.1,76.0,0,16.8,0.0,20.0
Royce O'Neale,royce o'neale,2025,31.0,6,8,0.0717027363888731,0.04019487,10.12,5.68,-4.44,-0.3393190573365474,0.203090741130185,0.0280300105584419,31.0,961.0,24.49333333333333,,15.5,78.0,1,12.3,0.0,75.0
Terrence Ross,terrence ross,2022,30.0,1,1,0.085573,0.049713716,10.58,6.15,-4.43,-1.8701528663984623,-2.2315623827407305,-1.0725872849270628,30.0,900.0,22.984126984126984,0.7441,20.5,78.0,0,12.5,0.0,8.0
Daniel Theis,daniel theis,2022,29.0,1,1,0.070312,0.03446267,8.69,4.26,-4.43,-0.4489985416630457,-0.506968116057921,-1.8583725470768144,29.0,841.0,22.46153846153846,0.4928,16.5,80.0,0,5.1,0.0,75.0
DeAndre Jordan,deandre jordan,2020,31.0,2,2,0.0950676012461059,0.054576263,10.38,5.96,-4.42,0.0664032177413282,0.4031041095822781,0.5033118246204479,31.0,961.0,22.035714285714285,0.7148,14.1,83.0,0,12.6,0.0,35.0
Caris LeVert,caris levert,2025,30.0,1,2,0.0998810265707325,0.06866791,14.1,9.7,-4.4,-0.1883826143305643,0.2474657930806276,0.8790064487643375,30.0,900.0,23.789473684210527,0.661,18.1,79.0,1,20.0,0.0,20.0
Andrew Nembhard,andrew nembhard,2025,25.0,1,3,0.128193870035692,0.0972037,18.1,13.73,-4.37,0.1805731352396164,-0.2501881347817072,0.2598847639523273,25.0,625.0,28.93846153846154,0.828,16.3,76.0,1,22.5,0.0,31.0
Steven Adams,steven adams,2019,25.0,1,2,0.2367848359904709,0.19678204,25.84,21.48,-4.36,1.5085923941013517,0.985235979864907,0.7036564569216924,25.0,625.0,33.3625,0.9756,16.4,83.0,0,6.6,0.0,12.0
Jaden McDaniels,jaden mcdaniels,2026,25.0,3,5,0.1712418366013071,0.14277846,26.2,21.85,-4.35,0.1775004207580252,-0.7300239606776107,0.3120854758752449,25.0,625.0,31.726027397260275,0.9207,18.5,81.0,1,12.2,0.0,28.0
Jaren Jackson Jr.,jaren jackson jr.,2022,,1,3,0.2340916663297076,0.19891375,28.95,24.6,-4.35,1.357169703717822,1.5019678576765343,,,,,,,82.0,0,,0.0,4.0
LeBron James,lebron james,2020,35.0,2,7,0.3593509803921568,0.31963018,39.22,34.88,-4.34,3.774228896791709,3.550006909639899,1.9437002355006248,35.0,1225.0,34.56716417910448,0.8331,31.5,81.0,0,49.1,0.0,1.0
Paul George,paul george,2021,30.0,3,9,0.3500006226982404,0.3113154,39.34,35.0,-4.34,3.0099162946734928,2.2585315484247435,1.4665846880639692,30.0,900.0,33.72222222222222,0.7171,30.0,80.0,0,24.6,0.0,10.0
Goga Bitadze,goga bitadze,2024,24.0,1,3,0.064429190258059,0.03367522,9.06,4.73,-4.33,0.309903283752984,1.0044146032570866,0.308106733249569,24.0,576.0,15.435483870967742,0.5622,13.3,83.0,1,11.7,0.0,18.0
Fred VanVleet,fred vanvleet,2023,28.0,1,2,0.3,0.26820472,40.81,36.48,-4.33,1.891079468718076,1.930596840739337,0.4954132057596078,28.0,784.0,36.73913043478261,0.7854,23.2,72.0,0,28.1,0.0,75.0
Tyus Jones,tyus jones,2022,25.0,1,2,0.1213052444300675,0.086288184,15.0,10.67,-4.33,0.558832015320636,0.5562226146569293,1.0521951050226548,25.0,625.0,21.21917808219178,0.8818,16.6,72.0,0,28.2,0.0,24.0
Kyle Kuzma,kyle kuzma,2024,28.0,2,4,0.1739555367456682,0.14315179,24.46,20.13,-4.33,-0.9658601126108282,-0.8444508026468667,-0.6813672391620013,28.0,784.0,32.58571428571429,,29.7,80.0,1,20.7,0.0,27.0
Pascal Siakam,pascal siakam,2021,26.0,2,8,0.293592755350757,0.2550923,33.0,28.68,-4.32,1.1591298878258698,1.5557083549390098,0.7113567038391955,26.0,676.0,35.82142857142857,0.7866,26.3,80.0,0,20.5,3.0,27.0
Zaccharie Risacher,zaccharie risacher,2026,20.0,3,3,0.0903662745098039,0.06224197,13.83,9.52,-4.31,-1.3173599034184995,-0.1438754360359773,-0.5316717628110662,20.0,400.0,22.432835820895523,0.8537,17.6,80.0,1,6.8,1.0,1.0
Andre Iguodala,andre iguodala,2019,35.0,1,1,0.15746,0.11808108,17.19,12.89,-4.3,1.487517016754163,0.9295345959492928,0.7372496462425218,35.0,1225.0,23.205882352941178,0.8293,10.4,78.0,0,16.8,0.0,9.0
Nic Claxton,nic claxton,2022,22.0,1,2,0.0687396385103716,0.034052268,8.5,4.21,-4.29,,0.0431712736724376,0.1895654165441088,22.0,484.0,20.72340425531915,0.4453,15.1,83.0,0,6.4,0.0,31.0
Meyers Leonard,meyers leonard,2020,27.0,1,1,0.086128,0.046957605,9.4,5.12,-4.28,-0.1904642238796318,-0.1340295779971302,-0.5541598469178757,27.0,729.0,20.274509803921568,0.7217,12.2,84.0,0,7.6,0.0,11.0
Khem Birch,khem birch,2023,30.0,2,2,0.051352,0.019913265,6.98,2.71,-4.27,-0.2505867985897265,-0.95372481043533,-1.0539916813285544,30.0,900.0,8.1,0.4402,11.1,80.0,0,5.8,0.0,75.0
Malcolm Brogdon,malcolm brogdon,2022,29.0,1,1,0.182767,0.14843151,22.6,18.35,-4.25,0.2247758194664942,0.6736681023521744,0.3840566194647743,29.0,841.0,33.5,0.5744,24.6,76.0,0,26.9,0.0,36.0
Nicolas Batum,nicolas batum,2023,34.0,2,2,0.0860956616992964,0.05481935,11.71,7.46,-4.25,0.1237918805283469,0.2552722888594407,0.2103769131203569,34.0,1156.0,21.91025641025641,0.8549,11.5,79.0,0,9.4,0.0,25.0
Royce O'Neale,royce o'neale,2026,32.0,7,8,0.071078431372549,0.043244883,10.87,6.62,-4.25,-0.7337092589192986,-0.8177255579150754,-0.2651679520552679,32.0,1024.0,28.371794871794872,0.8695,14.3,78.0,1,12.8,0.0,75.0
Marcus Smart,marcus smart,2024,29.0,3,3,0.1437553987538054,0.11370851,20.21,15.99,-4.22,0.7748001146313224,-0.0545874172132156,0.0811552747642044,29.0,841.0,30.25,0.5183,22.9,75.0,1,22.7,0.0,6.0
Jalen Suggs,jalen suggs,2025,23.0,1,5,0.2478613109738825,0.2179918,35.0,30.78,-4.22,0.9240748730098292,0.3711526126547154,-0.0250375624254446,23.0,529.0,28.62857142857143,0.6171,27.5,77.0,1,21.6,2.0,5.0
Max Strus,max strus,2023,26.0,1,4,0.1065106417391432,0.075547785,14.49,10.28,-4.21,-0.2836202114530859,-0.7522252938862015,-0.3404975066475771,26.0,676.0,28.4,0.8317,17.6,77.0,0,11.2,0.0,75.0
Joakim Noah,joakim noah,2020,34.0,1,2,0.05893,0.020391349,6.43,2.23,-4.2,-0.7209513315750928,-0.3208586867204028,-1.3869956629166835,34.0,1156.0,10.0,0.2355,14.7,83.0,0,17.9,0.0,75.0
Damian Lillard,damian lillard,2023,32.0,3,4,0.3355370420743855,0.30476886,45.64,41.45,-4.19,2.6508479645753424,2.37389577714742,1.0799408803637134,32.0,1024.0,36.32758620689656,0.6232,33.8,74.0,0,35.0,0.0,6.0
Joe Ingles,joe ingles,2023,35.0,1,1,0.0808698656825049,0.05023756,11.0,6.83,-4.17,-0.1239587159468487,-0.5392115192485514,0.2252837239873859,35.0,1225.0,22.695652173913043,0.6085,12.6,80.0,0,18.4,0.0,75.0
Isaac Okoro,isaac okoro,2025,24.0,3,4,0.0778992691632202,0.04837282,11.0,6.83,-4.17,0.521577691660541,-0.4312587402960826,0.2952631459415851,24.0,576.0,19.145454545454545,0.7732,12.5,76.0,1,8.0,0.0,5.0
Duncan Robinson,duncan robinson,2021,26.0,1,4,0.1384169231590371,0.10141819,15.56,11.4,-4.16,0.6144540083331758,0.7761061571229017,0.0677738065534647,26.0,676.0,31.416666666666668,0.7798,16.6,79.0,0,8.3,0.0,75.0
Luke Kennard,luke kennard,2022,25.0,2,3,0.1165787473211758,0.083065584,14.42,10.27,-4.15,-0.0243508350687978,-0.4636987258544096,0.7182958720364774,25.0,625.0,27.414285714285715,0.7351,16.8,77.0,0,11.2,0.0,12.0
Wendell Carter Jr.,wendell carter jr.,2023,,2,4,0.0959410679233353,0.06565026,13.05,8.93,-4.12,0.2669366696029044,0.3013293212135272,,,,,,,82.0,0,,0.0,7.0
Norman Powell,norman powell,2022,28.0,2,5,0.1355272411143908,0.10226758,16.76,12.65,-4.11,-0.0017029573837712,-0.506968116057921,0.08109916876143,28.0,784.0,33.325,0.542,22.5,75.0,0,10.0,0.0,46.0
Daniel Theis,daniel theis,2023,30.0,1,1,0.05094,0.02077884,6.93,2.83,-4.1,-0.5809209272233208,-0.1131839699732512,-0.7456917293059099,30.0,900.0,15.571428571428571,0.2402,20.1,80.0,0,12.2,0.0,75.0
Kelly Olynyk,kelly olynyk,2020,28.0,2,7,0.1174605919003115,0.08009589,12.82,8.74,-4.08,0.4572884549906152,0.1462140850877784,0.0679584734667762,28.0,784.0,19.402985074626866,0.9429,17.4,84.0,0,13.3,0.0,13.0
Thaddeus Young,thaddeus young,2023,34.0,1,1,0.058814,0.028898636,8.0,3.93,-4.07,-0.8286715236985165,-0.763739551974723,0.1114498955482556,34.0,1156.0,14.72222222222222,0.5902,13.5,80.0,0,12.9,0.0,12.0
Naz Reid,naz reid,2025,25.0,1,5,0.1526239589824939,0.12386189,21.55,17.49,-4.06,0.3930022031739629,1.001232697339716,0.3356955825007368,25.0,625.0,27.5,,21.5,81.0,1,12.6,2.0,75.0
Trae Young,trae young,2023,24.0,2,4,0.2945443718249388,0.26469114,40.06,36.0,-4.06,1.3680504317148852,0.95764203225926,0.436237683832917,24.0,576.0,34.80821917808219,0.8768,32.6,74.0,0,42.5,2.0,5.0
Anthony Davis,anthony davis,2025,31.0,1,3,0.3833100815817801,0.35458943,54.13,50.07,-4.06,2.1036152239084376,2.703729128072298,1.4131568411200053,31.0,961.0,34.285714285714285,0.6707,30.2,82.0,1,17.1,13.0,1.0
Darius Garland,darius garland,2025,25.0,3,5,0.2793474165769645,0.2505992,39.45,35.39,-4.06,1.3042110998397125,1.7026022663967786,1.2163645913047592,25.0,625.0,30.68,0.8341,27.2,73.0,1,32.2,0.0,5.0
Markelle Fultz,markelle fultz,2023,24.0,3,3,0.124981,0.095309116,17.0,12.96,-4.04,-0.2836202114530859,0.2207295145938758,0.1902753045269391,24.0,576.0,29.633333333333333,0.4512,21.3,76.0,0,29.8,0.0,1.0
Patty Mills,patty mills,2023,34.0,1,1,0.050014,0.020269418,6.8,2.76,-4.04,-0.9773218815836338,-1.2185527464713273,-1.0458606935829022,34.0,1156.0,14.175,0.7061,19.7,74.0,0,13.9,0.0,55.0
Talen Horton-Tucker,talen horton-tucker,2022,21.0,1,2,0.082973,0.050283417,10.26,6.22,-4.04,-0.5848858077732051,-0.482242750227343,-0.1609947761328248,21.0,441.0,25.183333333333334,0.6203,19.2,76.0,0,14.9,0.0,46.0
Maxi Kleber,maxi kleber,2023,31.0,1,3,0.0808698656825049,0.051302746,11.0,6.98,-4.02,-0.0578918902201299,-1.0861387784533287,-0.5600341757801854,31.0,961.0,25.135135135135137,0.5634,10.3,82.0,0,7.5,0.0,75.0
Jarace Walker,jarace walker,2024,20.0,2,3,0.0452564941531282,0.01668113,6.36,2.35,-4.01,-0.5766441611778007,-0.072139936889519,-0.2916526134800622,20.0,400.0,10.303030303030305,0.4024,16.1,79.0,1,13.9,0.0,8.0
Ousmane Dieng,ousmane dieng,2025,21.0,1,1,0.0472415302249164,0.01886263,6.67,2.66,-4.01,-0.3784507277455059,-0.7786700766995955,-0.8109430480439553,21.0,441.0,10.945945945945946,0.4415,15.7,81.0,1,9.6,0.0,11.0
Josh Green,josh green,2025,24.0,2,3,0.0967839428360999,0.0684455,13.67,9.67,-4.0,-0.3113678641872912,-2.4412396163172017,-0.5503433592837981,24.0,576.0,27.75,0.7695,11.8,78.0,1,8.2,0.0,18.0
Kevon Looney,kevon looney,2026,29.0,5,5,0.0522875816993464,0.026143687,8.0,4.0,-4.0,-0.1560142332415181,-0.0264533184925639,-1.062621439838062,29.0,841.0,14.666666666666666,0.5866,9.9,81.0,1,14.0,0.0,30.0
Donovan Mitchell,donovan mitchell,2025,28.0,1,3,0.3285514984986686,0.30018267,46.39,42.39,-4.0,2.841526723048799,2.462665182928133,1.7050284925313814,28.0,784.0,31.43661971830986,0.8,30.9,74.0,1,23.9,0.0,13.0
Collin Sexton,collin sexton,2025,26.0,4,4,0.1343762393065548,0.106076665,18.97,14.98,-3.99,0.147031703460509,-1.1469263562679657,0.1259523178501374,26.0,676.0,27.904761904761905,,27.0,75.0,1,25.1,0.0,8.0
JaMychal Green,jamychal green,2021,30.0,2,2,0.072945,0.037413854,8.2,4.21,-3.99,0.1698206373187318,-0.3755789078327124,-0.1122191036917516,30.0,900.0,19.310344827586206,0.7162,17.6,81.0,0,6.4,0.0,75.0
Keldon Johnson,keldon johnson,2026,26.0,4,4,0.1143790849673202,0.08835853,17.5,13.52,-3.98,-0.1321917579558364,0.3847305035958773,0.6238640652922598,26.0,676.0,23.304878048780488,0.95,21.0,78.0,1,8.5,0.0,29.0
RJ Barrett,rj barrett,2026,25.0,4,4,0.1935690915032679,0.1677572,29.62,25.67,-3.95,0.3799914606863194,0.5245085656661017,0.4369341079410242,25.0,625.0,30.28070175438597,0.6378,25.8,78.0,1,16.8,0.0,3.0
Gary Harris,gary harris,2023,28.0,2,2,0.0955734776247785,0.06656546,13.0,9.05,-3.95,0.3605313393824227,-0.303169228433858,0.1085137055289923,28.0,784.0,24.666666666666668,0.5622,12.6,76.0,0,6.9,0.0,19.0
Tyrese Maxey,tyrese maxey,2026,25.0,3,5,0.2664739869281046,0.24075064,40.77,36.83,-3.94,1.0767988627925082,1.3670191701423997,1.3880474505740084,25.0,625.0,38.01428571428571,0.7878,29.4,74.0,1,28.9,0.0,21.0
LeBron James,lebron james,2021,36.0,3,7,0.3663293184122974,0.3313666,41.18,37.25,-3.93,3.78802469394877,2.7487359606879025,1.6679169639568143,36.0,1296.0,33.422222222222224,0.6877,31.9,81.0,0,41.8,12.0,1.0
Davion Mitchell,davion mitchell,2025,26.0,1,2,0.0821483202084867,0.05439373,11.6,7.68,-3.92,0.046407408123187,-0.9370785549365444,-0.9543518464646964,26.0,676.0,24.545454545454547,0.7268,13.1,72.0,1,24.6,0.0,9.0
Mo Bamba,mo bamba,2021,22.0,1,1,0.067329176081271,0.032478556,7.57,3.65,-3.92,-0.2748127336957121,0.2799956676035602,-0.5622013793047926,22.0,484.0,15.76086956521739,0.6535,21.8,84.0,0,8.1,0.0,6.0
Dereck Lively II,dereck lively ii,2026,21.0,1,1,0.0473145816993464,0.02172958,7.24,3.32,-3.92,0.2906571783650131,0.2289700874707233,-0.2610520630860664,21.0,441.0,16.428571428571427,0.3085,11.8,85.0,1,14.7,0.0,12.0
Nikola Jokić,nikola jokic,2023,27.0,1,5,0.35,0.3212675,47.61,43.7,-3.91,4.137351543426517,4.054977458071577,2.1568450351212,27.0,729.0,33.666666666666664,0.8671,27.2,83.0,0,46.6,31.0,41.0
Thaddeus Young,thaddeus young,2020,31.0,2,2,0.124107,0.08830132,13.55,9.64,-3.91,-0.0508623534334578,-0.3558891446060164,0.0686058390446999,31.0,961.0,24.859375,0.926,19.7,80.0,0,11.3,0.0,12.0
Ivica Zubac,ivica zubac,2023,,2,3,0.0803797428338271,0.05170566,10.93,7.03,-3.9,0.0962640364755474,0.2840579340807448,,,,,,,84.0,0,,0.0,32.0
Grant Williams,grant williams,2023,,1,4,0.0911991530719521,0.06279705,12.4,8.54,-3.86,0.2394088255501049,0.1458868370184853,,,,,,,79.0,0,,0.0,22.0
Kevin Knox,kevin knox,2021,21.0,1,1,0.052004,0.017779289,5.85,2.0,-3.85,,,-0.7155973990326746,21.0,441.0,11.047619047619047,0.7099,16.2,80.0,0,5.9,0.0,75.0
Khris Middleton,khris middleton,2019,27.0,1,4,0.2804054242257651,0.24532643,30.6,26.77,-3.83,1.787841143951601,1.130059578045504,0.9925578850808244,27.0,729.0,31.07792207792208,0.939,25.1,79.0,0,20.1,0.0,39.0
Deandre Ayton,deandre ayton,2022,23.0,1,3,0.25,0.21912201,30.91,27.1,-3.81,1.5100428780917512,0.4140517611311063,0.9423687788978734,23.0,529.0,29.53448275862069,0.7117,21.4,84.0,0,7.6,0.0,1.0
Reggie Jackson,reggie jackson,2019,28.0,1,1,0.158392,0.12368642,17.29,13.5,-3.79,0.528587347457079,-0.1399319752305005,0.1466813779823428,28.0,784.0,27.914634146341463,1.0,24.5,74.0,0,24.7,0.0,24.0
DeMarre Carroll,demarre carroll,2020,33.0,1,1,0.056072,0.021545338,6.12,2.35,-3.77,-0.5534290870396841,-0.5835871208625047,-0.513699498297646,33.0,1089.0,17.22222222222222,0.3845,14.3,78.0,0,12.2,0.0,75.0
Clint Capela,clint capela,2022,27.0,4,6,0.1512829808742064,0.12091948,18.71,14.95,-3.76,1.153338804552583,1.5823252966259127,0.7210160287206825,27.0,729.0,27.5945945945946,0.79,15.5,82.0,0,6.6,0.0,25.0
Jae'Sean Tate,jae'sean tate,2024,28.0,1,1,0.0538112570062878,0.027303223,7.57,3.84,-3.73,0.1585415248623622,-0.6513730862075298,0.1281502737434971,28.0,784.0,15.861538461538462,,11.7,76.0,1,8.2,0.0,75.0
Joe Harris,joe harris,2020,28.0,1,3,0.147255,0.11318924,16.07,12.35,-3.72,-0.1457916253368561,0.0352843017833354,0.439222632406004,28.0,784.0,30.768115942028984,0.9465,18.3,78.0,0,10.4,0.0,33.0
Kawhi Leonard,kawhi leonard,2023,31.0,5,8,0.3355370420743855,0.30823863,45.64,41.93,-3.71,2.7994983224604604,2.7481091650243723,1.5698328920392564,31.0,961.0,33.61538461538461,,27.0,78.0,0,19.6,0.0,15.0
Patty Mills,patty mills,2019,30.0,1,2,0.113877,0.08001056,12.43,8.73,-3.7,0.5391250361306733,0.2611179889619219,0.0902448199233496,30.0,900.0,23.26829268292683,1.0,18.5,74.0,0,17.6,0.0,55.0
Landry Shamet,landry shamet,2023,25.0,2,2,0.0753560112041523,0.048200145,10.25,6.56,-3.69,-0.4818206886332424,0.0365013851775298,0.0150073464539924,25.0,625.0,20.175,0.6451,18.9,77.0,0,15.7,0.0,26.0
Derrick Favors,derrick favors,2021,29.0,1,1,0.086474,0.05372669,9.72,6.04,-3.68,0.303210648623065,0.5162387578508657,0.4642530349630307,29.0,841.0,15.279411764705882,0.8125,13.0,81.0,0,6.0,0.0,3.0
Kevin Huerter,kevin huerter,2024,25.0,3,4,0.1197140367598941,0.09352947,16.83,13.15,-3.68,0.3747726089918219,0.4134797741548738,0.2522285332437027,25.0,625.0,24.40625,0.8451,17.3,78.0,1,14.4,0.0,19.0
Damian Lillard,damian lillard,2021,30.0,1,4,0.35,0.31730026,39.34,35.67,-3.67,2.387429575253272,2.364840939036031,1.425143021443937,30.0,900.0,35.791044776119406,0.8787,31.4,74.0,0,34.6,3.0,6.0
Isaiah Jackson,isaiah jackson,2026,24.0,2,3,0.0457516339869281,0.021832207,7.0,3.34,-3.66,-0.0845468073844731,0.3107383353837981,-0.7120848959610661,24.0,576.0,16.789473684210527,0.3939,16.0,80.0,1,7.0,0.0,22.0
Marvin Bagley III,marvin bagley iii,2020,20.0,2,2,0.0821297416162726,0.04853335,8.96,5.3,-3.66,-1.3910403097167277,-0.5602334822720957,-1.091473276594526,20.0,400.0,25.692307692307693,0.3964,25.8,82.0,0,4.9,0.0,2.0
Royce O'Neale,royce o'neale,2023,,4,8,0.0698421567257996,0.043097932,9.5,5.86,-3.64,-0.0854197342729294,-0.5392115192485514,,,,,,,78.0,0,,0.0,75.0
Pascal Siakam,pascal siakam,2020,25.0,1,8,0.28,0.24669352,30.56,26.92,-3.64,0.8760940663291371,1.1387437251801635,1.0862645275407177,25.0,625.0,35.166666666666664,0.8867,28.1,80.0,0,16.4,0.0,27.0
Patrick Williams,patrick williams,2022,20.0,3,3,0.0628797865027698,0.033537727,7.78,4.15,-3.63,-0.8906321565210636,-0.8902112864318785,-0.7043460738027958,20.0,400.0,24.823529411764707,0.4543,14.2,78.0,0,4.8,0.5,4.0
DeAndre Jordan,deandre jordan,2021,32.0,1,2,0.0700582934509936,0.037829135,7.88,4.25,-3.63,-0.3970869107246843,0.2150288177855512,-0.3488077228285051,32.0,1024.0,21.859649122807017,0.7028,13.1,83.0,0,10.1,0.0,35.0
John Collins,john collins,2021,23.0,1,5,0.2046008504278826,0.17243104,23.0,19.38,-3.62,0.9090236166302448,0.9591945520645634,1.0790741785497835,23.0,529.0,29.33333333333333,0.7038,22.2,81.0,0,6.9,0.0,19.0
Patrick Beverley,patrick beverley,2020,31.0,2,2,0.122167,0.08930959,13.33,9.75,-3.58,1.038032236046699,1.459856255798288,0.8331445865725604,31.0,961.0,26.31372549019608,0.7994,13.3,74.0,0,18.2,0.0,42.0
LeBron James,lebron james,2023,38.0,5,7,0.35,0.3238569,47.61,44.05,-3.56,2.4416363497740665,2.402681422368724,1.2269762420975898,38.0,1444.0,35.527272727272724,0.65,33.3,81.0,0,33.5,17.0,1.0
Luguentz Dort,luguentz dort,2022,22.0,1,5,0.1235516396425538,0.09480662,15.28,11.72,-3.56,-0.8396744317297539,-0.197901043175697,-0.3446053523166699,22.0,484.0,32.64705882352941,0.6012,23.3,76.0,0,8.6,0.0,75.0
Zeke Nnaji,zeke nnaji,2026,25.0,3,4,0.0488017450980392,0.025634818,7.47,3.92,-3.55,-1.3709604728112832,-1.1040913303278777,-1.380573862708879,25.0,625.0,12.038461538461538,0.6671,13.7,82.0,1,5.9,0.0,22.0
Fred VanVleet,fred vanvleet,2025,30.0,1,2,0.1770437935527732,0.15205032,25.0,21.47,-3.53,1.220357520391944,0.9036324857532628,0.68442534782342,30.0,900.0,35.18333333333333,0.8012,17.7,72.0,1,21.2,0.0,75.0
Dwight Powell,dwight powell,2022,30.0,4,4,0.0896051514293801,0.06104547,11.08,7.55,-3.53,0.7286910979583352,1.199082126251955,0.3167327415306978,30.0,900.0,21.92682926829268,0.8233,14.0,82.0,0,8.1,0.0,45.0
Chris Boucher,chris boucher,2024,31.0,3,3,0.0768913420775599,0.05175018,10.81,7.28,-3.53,0.8450752169733967,0.0682802205209078,-0.0512330760189247,31.0,961.0,14.1,0.778,17.3,80.0,1,4.5,0.0,75.0
Brandon Clarke,brandon clarke,2024,27.0,2,4,0.088912282698381,0.0638817,12.5,8.98,-3.52,0.5693805847083356,,0.742523918936201,27.0,729.0,22.33333333333333,0.3976,20.8,80.0,1,12.2,0.0,21.0
Gary Harris,gary harris,2022,27.0,1,2,0.1051312118393918,0.07667813,13.0,9.48,-3.52,-0.4320126333992758,-1.285817139721125,0.0634181503140968,27.0,729.0,28.36065573770492,0.597,16.4,76.0,0,9.5,0.0,19.0
Chris Paul,chris paul,2024,38.0,1,1,0.0744017981620052,0.04946576,10.46,6.95,-3.51,0.2180050729979636,0.4544356533995816,0.7190264194465548,38.0,1444.0,26.39655172413793,0.728,15.6,72.0,1,33.4,0.0,4.0
James Wiseman,james wiseman,2022,,3,3,0.0776625288099955,0.04926123,9.6,6.09,-3.51,-0.9359279118911168,,,,,,,,83.0,0,,0.0,2.0
Mitchell Robinson,mitchell robinson,2023,24.0,2,4,0.1152896832106807,0.08966696,15.68,12.2,-3.48,1.1092886976185696,0.9403706451264776,0.6311555289578565,24.0,576.0,26.966101694915253,0.6988,10.1,84.0,0,4.5,0.0,36.0
Josh Green,josh green,2024,23.0,1,3,0.0900099652886448,0.065429874,12.65,9.2,-3.45,0.0720490912105783,-0.4816987293365973,-0.2380668524487955,23.0,529.0,26.403508771929825,0.7305,13.1,78.0,1,11.1,0.0,18.0
Paul Reed,paul reed,2023,23.0,1,1,0.0567779975150895,0.03149197,7.72,4.28,-3.44,0.6743487615843373,0.4970717087183949,0.205182115393968,23.0,529.0,10.942028985507246,0.6232,16.4,81.0,0,5.3,0.0,58.0
DeMar DeRozan,demar derozan,2021,31.0,3,5,0.2312879178749977,0.20090906,26.0,22.58,-3.42,-0.0858435510145734,0.9532884748083807,1.2188624868501925,31.0,961.0,33.704918032786885,0.8431,26.1,78.0,0,32.0,0.0,9.0
Jarrett Culver,jarrett culver,2021,21.0,1,1,0.056889,0.026598446,6.4,2.99,-3.41,-0.7639094418116006,-0.7063192341789402,-1.312481104828667,21.0,441.0,14.676470588235292,0.5873,18.2,78.0,0,6.8,0.0,6.0
Dorian Finney-Smith,dorian finney-smith,2023,29.0,2,3,0.1024254196043258,0.07736876,13.93,10.52,-3.41,0.3825536146246624,0.3589006116561354,-0.6356975339688931,29.0,841.0,27.73076923076923,0.5976,13.9,79.0,0,7.4,0.0,75.0
Ivica Zubac,ivica zubac,2019,21.0,1,3,0.0593868609125893,0.028131261,6.48,3.07,-3.41,-0.4935684538815708,0.0216020381247807,-0.2705460333823569,21.0,441.0,20.15384615384616,0.3171,20.1,84.0,0,10.9,0.0,32.0
Zaccharie Risacher,zaccharie risacher,2025,19.0,2,3,0.0934629766018922,0.06942028,13.2,9.8,-3.4,-0.9710160225097356,-0.8903901251212225,-0.6312082324021014,19.0,361.0,24.57333333333333,0.9146,20.9,80.0,1,7.1,0.0,1.0
Georges Niang,georges niang,2025,31.0,3,3,0.0580703642853096,0.034057092,8.2,4.81,-3.39,-0.479075023082828,-0.6922888714209299,-0.4081980745055304,31.0,961.0,20.647058823529413,0.8012,16.5,78.0,1,8.3,0.0,50.0
Anthony Edwards,anthony edwards,2025,23.0,2,5,0.3225774177100448,0.29862037,45.55,42.17,-3.38,2.4502100189592126,1.796056257462463,1.1692987081226218,23.0,529.0,36.34177215189873,0.9634,31.4,76.0,1,20.9,4.0,1.0
Daniel Gafford,daniel gafford,2024,25.0,2,3,0.0952724272341878,0.071268804,13.39,10.02,-3.37,0.5315401449856801,1.121431401099109,0.3069605137622692,25.0,625.0,26.488888888888887,0.7354,13.9,82.0,1,8.0,0.0,38.0
Kelly Oubre Jr.,kelly oubre jr.,2019,23.0,1,2,0.143164742532527,0.112458974,15.62,12.27,-3.35,-0.2301262370417126,-0.2179139127123605,0.2111803014783351,23.0,529.0,29.5,0.4878,24.7,80.0,0,8.7,0.0,15.0
Darius Miller,darius miller,2020,,1,1,0.064138,0.033412714,7.0,3.65,-3.35,-0.4752520395898266,,,,,,,,78.0,0,,0.0,46.0
Thaddeus Young,thaddeus young,2022,33.0,1,1,0.064696,0.037594046,8.0,4.65,-3.35,0.0152829508799986,-0.0866368969380964,0.9705904044965016,33.0,1089.0,18.26923076923077,0.5851,16.0,80.0,0,13.6,0.0,12.0
De'Aaron Fox,de'aaron fox,2021,23.0,1,5,0.25,0.22043629,28.1,24.78,-3.32,0.6033381740578146,0.8351669296847279,0.4478619280163014,23.0,529.0,35.10344827586207,0.7637,31.0,75.0,0,32.7,0.0,5.0
Patrick Beverley,patrick beverley,2019,30.0,1,2,0.113118,0.082741186,12.35,9.03,-3.32,0.8236426303177202,0.8682630736421171,0.3542872879850678,30.0,900.0,27.39743589743589,0.9512,12.2,74.0,0,18.4,0.0,42.0
Larry Nance Jr.,larry nance jr.,2019,26.0,1,6,0.1166141927799157,0.08621069,12.73,9.41,-3.32,0.5760069464882536,0.249977712178799,0.4369265337143079,26.0,676.0,26.791044776119403,0.8171,15.5,78.0,0,17.8,0.0,27.0
Derrick Rose,derrick rose,2021,32.0,1,2,0.119604,0.0905219,13.45,10.18,-3.27,0.4866219141665231,0.2091227405293685,1.144329340167895,32.0,1024.0,26.77142857142857,0.5461,24.3,75.0,0,26.3,0.0,1.0
Kentavious Caldwell-Pope,kentavious caldwell-pope,2020,26.0,1,4,0.1106195711929631,0.08069721,12.07,8.81,-3.26,0.0384828436520934,0.0177690728405286,0.3010100815192993,26.0,676.0,25.536231884057973,0.974,14.7,77.0,0,8.5,0.0,8.0
Jaden Hardy,jaden hardy,2025,22.0,1,3,0.0424905104526655,0.0194617,6.0,2.75,-3.25,-0.9710160225097356,-1.4834844822011182,-1.156514029260455,22.0,484.0,15.912280701754383,,25.3,75.0,1,13.2,0.0,37.0
Jeff Green,jeff green,2024,37.0,1,1,0.0569038609269638,0.03387392,8.0,4.76,-3.24,-1.836190226231904,-0.8034949234021588,-0.6882445560858002,37.0,1369.0,16.756410256410255,0.8634,15.5,80.0,1,7.3,0.0,5.0
Rob Dillingham,rob dillingham,2025,20.0,2,3,0.0465704492663305,0.023618566,6.58,3.34,-3.24,-1.3902839197485777,-1.373640914188023,-1.156829907671073,20.0,400.0,10.53061224489796,0.5976,22.7,74.0,1,28.4,0.0,8.0
Kris Dunn,kris dunn,2021,26.0,2,2,0.0445260376821392,0.0157088,5.01,1.77,-3.24,-0.1858860594928234,-0.4346396803945389,-4.0167044848702,26.0,676.0,11.25,0.3491,16.2,75.0,0,5.4,0.0,5.0
Dorian Finney-Smith,dorian finney-smith,2025,31.0,1,4,0.0899382471248087,0.067046784,12.7,9.47,-3.23,0.6669238960366729,-0.8542569412258273,0.050141499301728,31.0,961.0,28.813953488372093,0.5744,11.5,79.0,1,6.3,0.0,75.0
Romeo Langford,romeo langford,2022,22.0,1,1,0.045564,0.019461991,5.63,2.41,-3.22,-0.7151111044621078,-0.5255121404308545,-0.4003685643428746,22.0,484.0,16.545454545454547,0.423,13.0,77.0,0,3.6,0.0,14.0
Mo Bamba,mo bamba,2019,20.0,1,2,0.0522045079714128,0.02285114,5.7,2.49,-3.21,-0.467224232197585,-0.067520176140202,-1.457393412087256,20.0,400.0,16.29787234042553,0.5732,17.8,84.0,0,7.4,0.0,6.0
Eric Bledsoe,eric bledsoe,2021,31.0,1,1,0.161234,0.13263963,18.12,14.91,-3.21,0.2865368972100233,-0.0389325042303021,-0.0627365166827574,31.0,961.0,29.732394366197184,0.8773,18.5,73.0,0,17.3,2.0,18.0
JaMychal Green,jamychal green,2020,29.0,1,2,0.065968,0.036636524,7.2,4.0,-3.2,-0.2630571965116423,-0.1048375297591189,0.1187766713337847,29.0,841.0,20.746031746031747,0.7344,13.7,81.0,0,5.0,0.0,75.0
Terance Mann,terance mann,2024,27.0,2,2,0.0812521481207499,0.05870225,11.42,8.25,-3.17,-0.1279646616091718,-0.7625390441574511,-0.1016667334601169,27.0,729.0,24.973333333333333,0.9512,13.6,78.0,1,8.5,0.0,48.0
Tyus Jones,tyus jones,2021,24.0,3,3,0.0676072375326916,0.039470404,7.6,4.44,-3.16,-0.7750252760869617,-0.5822916117991048,0.0977726249276674,24.0,576.0,17.457142857142856,0.8635,16.6,72.0,0,28.6,0.0,24.0
T.J. McConnell,t.j. mcconnell,2025,32.0,5,8,0.0722338677695314,0.04997088,10.2,7.06,-3.14,0.0408171694933358,0.4992887014232788,0.4607834331056122,32.0,1024.0,17.911392405063292,0.9244,23.4,73.0,1,37.0,0.0,75.0
Anfernee Simons,anfernee simons,2024,24.0,3,4,0.1841754417162204,0.16203491,25.89,22.78,-3.11,-0.3117610831192126,0.0975344199814134,-0.0073901806297066,24.0,576.0,34.391304347826086,0.6463,28.0,75.0,1,27.6,0.0,24.0
Justin Jackson,justin jackson,2020,24.0,1,1,0.046084,0.017582858,5.03,1.92,-3.11,-0.9331461746532772,-0.8288003260617999,-0.557396674807494,24.0,576.0,16.076923076923077,0.802,15.4,80.0,0,6.8,0.0,43.0
Chris Boucher,chris boucher,2022,29.0,1,3,0.1026242367878371,0.07762617,12.69,9.6,-3.09,0.8589163946472378,0.6798494438098189,0.8291422569178357,29.0,841.0,21.125,0.8795,17.8,80.0,0,2.2,0.0,75.0
Onyeka Okongwu,onyeka okongwu,2021,20.0,2,3,0.0543017773586919,0.02687437,6.1,3.02,-3.08,-0.15253855666674,0.0024100365629762,-0.2900471507553245,20.0,400.0,12.02,0.6098,14.7,82.0,0,4.4,0.0,6.0
Kelly Olynyk,kelly olynyk,2025,33.0,7,7,0.0952150161463939,0.073458284,13.45,10.37,-3.08,0.2923779078366408,-0.1853842329650702,-0.4609497690787987,33.0,1089.0,25.4,,18.2,84.0,1,20.4,0.0,13.0
Trevor Ariza,trevor ariza,2019,33.0,1,1,0.111783,0.08366702,12.2,9.13,-3.07,-0.1985131710209296,-0.8306291357841171,0.0405268997285222,33.0,1089.0,34.06976744186046,0.5244,18.2,80.0,0,15.5,0.0,43.0
Jordan Clarkson,jordan clarkson,2019,26.0,1,1,0.1231216785779732,0.09500939,13.44,10.37,-3.07,-0.372385034135236,-1.4934756043799264,0.1268613962830535,26.0,676.0,27.33333333333333,0.9878,27.6,77.0,0,15.6,0.0,46.0
Paolo Banchero,paolo banchero,2023,,2,3,0.0853403518574337,0.06275631,11.61,8.54,-3.07,-0.3496870371798048,-0.0959125828404687,,,,,,,82.0,0,,0.0,1.0
Al-Farouq Aminu,al-farouq aminu,2020,29.0,1,1,0.089068,0.061039425,9.72,6.66,-3.06,0.4517043801727683,-0.4317884700248458,-0.7985403525840631,29.0,841.0,21.11111111111111,0.5267,13.2,81.0,0,7.4,0.0,8.0
Luke Kennard,luke kennard,2025,28.0,1,1,0.0778992691632202,0.056425694,11.0,7.97,-3.03,-0.2945971482977376,-0.1591101665730447,0.5593374972185444,28.0,784.0,22.646153846153847,0.6244,14.5,77.0,1,18.5,0.0,12.0
Brandon Ingram,brandon ingram,2020,22.0,1,8,0.25,0.22234458,27.28,24.27,-3.01,0.4517043801727683,-0.1223527587019257,0.6700084609357942,22.0,484.0,33.935483870967744,0.776,28.1,80.0,0,19.3,0.0,2.0
Derrick Jones Jr.,derrick jones jr.,2020,22.0,1,2,0.0848268279274326,0.057357557,9.26,6.26,-3.0,0.5633858765297074,0.3447200131062555,0.7247108522703448,22.0,484.0,23.30508474576272,0.7865,13.9,78.0,0,6.7,0.0,75.0
Langston Galloway,langston galloway,2019,27.0,1,1,0.067192,0.03975806,7.33,4.34,-2.99,-0.4566865435239906,-0.5354118010313617,0.1184630989528462,27.0,729.0,21.8125,0.9756,16.1,73.0,0,7.3,0.0,75.0
Larry Nance Jr.,larry nance jr.,2020,27.0,2,6,0.1072850558915154,0.079913825,11.71,8.72,-2.99,0.7364921958829631,0.1870829526209943,0.8914074885856912,27.0,729.0,26.285714285714285,0.7925,15.2,78.0,0,12.3,0.0,27.0
CJ McCollum,cj mccollum,2020,28.0,2,7,0.2689586952538024,0.24169448,29.35,26.38,-2.97,1.294899677667659,-0.0873223008163121,0.6470269829195039,28.0,784.0,36.51428571428571,0.9278,25.9,75.0,0,19.1,0.0,10.0
Jaylin Williams,jaylin williams,2025,22.0,1,3,0.0598457877740637,0.038883902,8.45,5.49,-2.96,0.2644267146873847,1.173580586297668,0.9323899001588424,22.0,484.0,16.680851063829788,0.6585,14.6,81.0,1,19.0,0.0,34.0
Khem Birch,khem birch,2022,29.0,1,2,0.05392,0.030017665,6.67,3.71,-2.96,-0.1092803763876474,-0.197901043175697,-0.7196469551514496,29.0,841.0,18.01818181818182,0.6443,11.2,80.0,0,7.6,0.0,75.0
Anthony Black,anthony black,2024,20.0,2,3,0.0541138646257148,0.03304774,7.61,4.65,-2.96,-0.6036730466939833,-1.365175553043866,-0.8977161673898424,20.0,400.0,16.869565217391305,0.8415,12.7,79.0,1,10.6,0.0,6.0
Obi Toppin,obi toppin,2025,26.0,2,4,0.099144524389553,0.07825662,14.0,11.05,-2.95,-0.0765778417335398,0.4223129414525484,0.0994185313581941,26.0,676.0,19.55696202531645,0.9451,20.1,81.0,1,11.9,0.0,8.0
Jock Landale,jock landale,2024,28.0,2,2,0.0569038609269638,0.03593078,8.0,5.05,-2.95,0.5639748076050991,-0.1833058948394402,0.0854535978415788,28.0,784.0,13.625,,14.8,83.0,1,11.8,0.0,75.0
Jonathan Isaac,jonathan isaac,2025,27.0,1,4,0.1062262761316639,0.08531654,15.0,12.05,-2.95,1.1029625091650683,1.6395276985297609,0.644624668085505,27.0,729.0,15.352112676056338,0.672,16.2,82.0,1,5.5,0.0,6.0
Max Christie,max christie,2025,21.0,2,4,0.0546306583196419,0.033800896,7.71,4.77,-2.94,-0.7082748069067282,-0.7821233245787996,-0.283110223900655,21.0,441.0,25.08695652173913,0.6256,13.9,77.0,1,7.7,0.0,35.0
Timofey Mozgov,timofey mozgov,2019,,1,1,0.051066,0.02412141,5.57,2.63,-2.94,-1.104754396950042,,,,,,,,85.0,0,,0.0,75.0
Jett Howard,jett howard,2026,22.0,1,1,0.047960385620915,0.028793478,7.34,4.41,-2.93,-1.4186054233826466,-0.6866211305237548,-1.0708532177764651,22.0,484.0,12.636363636363637,0.5988,17.2,80.0,1,9.3,0.0,11.0
P.J. Tucker,p.j. tucker,2022,36.0,1,1,0.084833,0.06117502,10.49,7.56,-2.93,-0.0469987127538244,0.4325957855040397,0.2874910571754928,36.0,1296.0,27.901408450704224,0.75,11.7,77.0,0,10.6,0.0,35.0
Johnny Davis,johnny davis,2024,21.0,1,1,0.037636,0.016879223,5.29,2.37,-2.92,-0.9874832210237742,-1.657717547648922,-1.417813259752136,21.0,441.0,12.26,0.5091,12.2,76.0,1,6.6,0.0,10.0
Myles Turner,myles turner,2020,23.0,2,3,0.1603445116364302,0.13356957,17.5,14.58,-2.92,0.5801381009832484,0.7300550498480051,-0.043064723147134,23.0,529.0,29.451612903225808,0.8766,17.9,83.0,0,5.4,0.0,11.0
Josh Richardson,josh richardson,2021,27.0,1,1,0.103326,0.07746985,11.62,8.71,-2.91,-0.5804981762681424,-0.1334297403292243,0.2746728734848217,27.0,729.0,30.338983050847457,0.767,18.4,77.0,0,12.1,0.0,40.0
Ryan Anderson,ryan anderson,2020,31.0,1,2,0.047779,0.02125187,5.21,2.32,-2.89,-0.436163515864898,-0.2741514095395846,-1.1824281402928027,31.0,961.0,7.0,0.086,23.7,81.0,0,20.4,0.0,75.0
Doug McDermott,doug mcdermott,2021,29.0,1,3,0.1223157257992776,0.09667673,13.75,10.87,-2.88,-0.1136331367029762,-0.6826949251542096,-0.0717052355781376,29.0,841.0,24.53030303030303,0.8777,20.0,79.0,0,7.8,0.0,11.0
Rudy Gobert,rudy gobert,2025,32.0,1,3,0.2478613109738825,0.22746882,35.0,32.12,-2.88,2.0141714058308176,1.1816993819126456,0.7684490050479071,32.0,1024.0,33.18055555555556,0.8878,13.0,85.0,1,7.5,26.0,27.0
Chet Holmgren,chet holmgren,2026,23.0,1,5,0.2712418300653594,0.25249332,41.5,38.63,-2.87,1.970141686005571,2.515208691502892,1.7097727716665936,23.0,529.0,28.94202898550725,0.7378,21.9,85.0,1,8.6,0.0,2.0
Richaun Holmes,richaun holmes,2022,28.0,2,2,0.090698,0.06760594,11.22,8.36,-2.86,0.5191982293718395,-0.0310048238192961,-0.3129835308627854,28.0,784.0,23.866666666666667,0.6198,15.8,81.0,0,6.8,0.0,37.0
Kyle Lowry,kyle lowry,2021,34.0,1,3,0.2400424146458626,0.21455973,26.98,24.12,-2.86,1.6760161816301609,0.7170453845610754,0.1580795278448791,34.0,1156.0,34.80434782608695,0.6807,21.4,72.0,0,31.8,0.0,24.0
D'Angelo Russell,d'angelo russell,2026,29.0,2,2,0.0390147058823529,0.020376453,5.97,3.12,-2.85,-0.7039311648121964,-0.3117053152921139,-1.3040869260312176,29.0,841.0,19.03846153846154,0.45,26.0,75.0,1,31.2,0.0,2.0
Isaiah Joe,isaiah joe,2025,25.0,2,4,0.0875470086680641,0.06744035,12.36,9.52,-2.84,0.7284165209650363,0.5080130145978755,0.8101449552495323,25.0,625.0,21.67567567567568,0.9146,17.2,76.0,1,9.7,0.0,49.0
Buddy Hield,buddy hield,2021,28.0,2,4,0.1999508335260732,0.17467077,22.48,19.64,-2.84,0.1809364715940928,0.2563713585788296,0.1917895402447564,28.0,784.0,34.267605633802816,0.9329,20.7,76.0,0,14.7,0.0,6.0
Yang Hansen,yang hansen,2026,20.0,2,3,0.0303498039215686,0.011821043,4.64,1.81,-2.83,-1.6806526515251448,-1.4113668891173892,-4.014399812250416,20.0,400.0,6.976744186046512,0.5244,19.9,85.0,1,9.8,0.0,75.0
Zach Collins,zach collins,2022,24.0,2,3,0.059439569770733,0.036722425,7.35,4.54,-2.81,-0.25649158134032,0.07407798096066,-0.5285559480860406,24.0,576.0,17.928571428571427,,19.2,81.0,0,16.3,0.0,10.0
Daniss Jenkins,daniss jenkins,2025,23.0,1,2,0.0269781032236133,0.0072015054,3.81,1.02,-2.79,-0.6691431364977697,0.1199427795567005,-4.016793037409818,23.0,529.0,3.2857142857142856,0.0854,21.8,76.0,1,17.3,0.0,75.0
Nassir Little,nassir little,2023,22.0,1,1,0.045948787319605,0.0256054,6.25,3.48,-2.77,-1.0543998449314724,-0.9594819394795906,-0.7671485025236031,22.0,484.0,18.07407407407408,0.6,16.0,78.0,0,7.3,0.0,25.0
Chris Boucher,chris boucher,2020,27.0,1,2,0.0595565328935312,0.034237944,6.5,3.74,-2.76,0.1445802651911856,1.2555119181322087,0.6981688635754741,27.0,729.0,13.209677419354838,0.6662,19.7,80.0,0,4.8,0.0,75.0
Kyle Anderson,kyle anderson,2020,26.0,2,3,0.087090892431739,0.06192222,9.51,6.76,-2.75,0.1389961903733386,-0.4901725665008685,0.1627975306325946,26.0,676.0,19.85074626865672,0.7782,13.5,80.0,0,15.9,0.0,30.0
Andrew Nembhard,andrew nembhard,2026,26.0,2,3,0.1277788235294117,0.10982906,19.55,16.8,-2.75,-0.1143249014915752,0.1298880963565591,-0.3224474068766557,26.0,676.0,31.33333333333333,0.7512,23.6,76.0,1,37.0,0.0,31.0
Dillon Brooks,dillon brooks,2026,30.0,4,4,0.1306714183006536,0.11271522,19.99,17.25,-2.74,-0.1143249014915752,-0.5340141487397878,-0.2912352488602109,30.0,900.0,30.392857142857142,0.7915,28.6,79.0,1,9.6,0.0,45.0
Kevin Durant,kevin durant,2026,37.0,1,2,0.286944045751634,0.26899236,43.9,41.16,-2.74,1.8986742601485256,0.9956708612055106,1.1208576583233432,37.0,1369.0,36.41025641025641,0.8854,27.1,83.0,1,20.7,0.0,2.0
Santi Aldama,santi aldama,2026,25.0,2,3,0.1111571437908496,0.09327982,17.01,14.27,-2.74,-0.126236139134416,-0.5207145001431902,0.2671536879614616,25.0,625.0,27.86046511627907,0.6488,20.2,84.0,1,15.7,0.0,30.0
Jerami Grant,jerami grant,2021,26.0,2,3,0.1779360222036401,0.15366186,20.0,17.27,-2.73,-0.1358648052536984,0.1973105860170032,0.3198257341305289,26.0,676.0,33.870370370370374,0.8202,28.5,79.0,0,14.3,0.0,39.0
Jalen McDaniels,jalen mcdaniels,2024,26.0,1,1,0.033728,0.014310972,4.74,2.01,-2.73,-0.8631503476493348,-1.7688835055988432,-1.9467935531410032,26.0,676.0,10.76,0.5268,18.7,81.0,1,9.1,0.0,52.0
Danny Green,danny green,2020,32.0,1,1,0.14079,0.11593439,15.37,12.65,-2.72,1.4568378473852206,0.6716709533719823,0.7049662021436727,32.0,1024.0,24.808823529411764,0.9561,13.9,78.0,0,7.1,0.0,46.0
Robin Lopez,robin lopez,2020,31.0,1,1,0.066887,0.04194607,7.3,4.58,-2.72,-0.9945709976495936,-0.8463155550046066,-1.129991528480985,31.0,961.0,14.515151515151516,0.9113,16.6,85.0,0,6.3,0.0,15.0
Jordan Clarkson,jordan clarkson,2025,32.0,1,1,0.0754317106679508,0.056254853,10.65,7.94,-2.71,-1.049279363327653,-0.2822707837998494,-0.343443000328764,32.0,1024.0,26.0,,27.8,77.0,1,22.9,0.0,46.0
Devin Booker,devin booker,2019,22.0,1,5,0.25,0.2250879,27.28,24.57,-2.71,0.1913813099020605,-0.7080860911697658,0.3569747431307342,22.0,484.0,35.03125,0.7805,32.9,77.0,0,34.1,0.0,13.0
Russell Westbrook,russell westbrook,2019,30.0,1,4,0.3528173172072567,0.32801747,38.51,35.8,-2.71,2.8784919216686147,2.628426805375527,1.2391318946957115,30.0,900.0,36.02739726027397,0.8902,30.9,76.0,0,46.5,0.0,4.0
Rodney McGruder,rodney mcgruder,2020,28.0,1,1,0.047575,0.022713292,5.19,2.48,-2.71,-1.0001550724674406,-1.0331446637278792,-0.4810075366125004,28.0,784.0,15.553571428571429,0.7879,10.6,76.0,0,5.3,0.0,75.0
John Konchar,john konchar,2025,28.0,2,3,0.0436589994901138,0.02453173,6.16,3.46,-2.7,0.1582121807202115,0.0398647421985202,0.5975587849033674,28.0,784.0,12.130434782608695,0.6573,8.0,77.0,1,8.8,0.0,75.0
Rudy Gobert,rudy gobert,2020,27.0,2,2,0.2522015851200293,0.22763342,27.53,24.84,-2.69,2.2553605463373354,2.137111774920151,1.3811395482849516,27.0,729.0,34.30882352941177,0.9607,16.2,85.0,0,6.5,0.0,27.0
Giannis Antetokounmpo,giannis antetokounmpo,2021,26.0,1,7,0.3500006226982404,0.32604057,39.34,36.65,-2.69,4.249331816376255,4.089415497841361,2.3560341895506403,26.0,676.0,33.0,0.8101,32.5,83.0,0,28.7,22.0,15.0
George Hill,george hill,2019,32.0,1,1,0.092852,0.06857725,10.13,7.48,-2.65,0.881599918022489,0.1775659130885006,0.2766870206539522,32.0,1024.0,20.382978723404257,0.5732,14.4,76.0,0,13.3,0.0,26.0
T.J. McConnell,t.j. mcconnell,2022,29.0,2,8,0.0655048319922364,0.044042766,8.1,5.45,-2.65,-0.0753085598601076,-0.34007189670152,0.3395140537609156,29.0,841.0,24.14814814814815,0.6143,16.2,73.0,0,28.7,0.0,75.0
Jevon Carter,jevon carter,2024,28.0,2,2,0.0462343870031581,0.02745493,6.5,3.86,-2.64,-0.1495877700221178,-0.3529802517103726,-0.9458573858564348,28.0,784.0,13.944444444444445,,17.7,72.0,1,12.9,0.0,32.0
Damian Lillard,damian lillard,2026,35.0,2,3,0.0875738562091503,0.070394516,13.4,10.77,-2.63,-0.2334372779199835,,,35.0,1225.0,,,,74.0,1,,9.0,6.0
Kyrie Irving,kyrie irving,2023,30.0,5,6,0.2722891097698149,0.25314555,37.04,34.43,-2.61,2.2269191661622303,1.2627698716050828,0.715627457204354,30.0,900.0,36.95,0.4817,29.7,74.0,0,24.1,0.0,1.0
Devin Carter,devin carter,2025,22.0,2,3,0.0348685626876664,0.016385505,4.92,2.31,-2.61,-0.4902555003425304,0.3265659916596583,-0.6188889743879848,22.0,484.0,11.0,0.439,17.9,74.0,1,13.5,0.0,13.0
Cameron Payne,cameron payne,2021,26.0,1,3,0.0578219794687494,0.034789056,6.5,3.91,-2.59,0.597780256920134,0.6697967665116142,0.6996045894245594,26.0,676.0,17.983333333333334,0.4748,19.8,74.0,0,28.1,0.0,14.0
Seth Curry,seth curry,2019,28.0,1,4,0.0683652189847901,0.04457649,7.46,4.87,-2.59,-0.1510935719897551,-0.5966833233385374,0.1275332600694701,28.0,784.0,18.905405405405407,0.9024,16.6,73.0,0,6.5,0.0,75.0
Monte Morris,monte morris,2021,25.0,1,3,0.0787185848737701,0.055696048,8.85,6.26,-2.59,0.0642202117028013,-0.1038993540483111,0.1444718164174057,25.0,625.0,25.4468085106383,0.7908,16.5,74.0,0,17.1,0.0,51.0
Patrick McCaw,patrick mccaw,2019,23.0,1,2,0.03665,0.013011277,4.0,1.42,-2.58,-1.1310986186340275,-1.0478645330550127,0.0200350542428164,23.0,529.0,13.23076923076923,0.3171,9.3,79.0,0,9.8,0.0,38.0
Jalen Smith,jalen smith,2024,23.0,1,3,0.0609684254701681,0.0425986,8.57,5.99,-2.58,-0.2685148662933206,0.7469776480046375,0.1043662193820258,23.0,529.0,17.16393442622951,0.6744,19.4,80.0,1,8.0,0.0,10.0
Jae'Sean Tate,jae'sean tate,2023,,2,2,0.0477867388123892,0.028923282,6.5,3.93,-2.57,-0.4047427252854038,-0.1592410023273377,,,,,,,76.0,0,,0.0,75.0
Obi Toppin,obi toppin,2024,25.0,1,4,0.0922909494409195,0.07406692,12.97,10.41,-2.56,0.2288166272044366,-0.0838416166737212,0.422442127107726,25.0,625.0,21.09756097560976,0.9207,16.8,81.0,1,9.4,0.0,8.0
Nicolas Batum,nicolas batum,2020,31.0,1,2,0.0811523639362287,0.057767272,8.86,6.3,-2.56,0.0161465443807056,-0.501849385796073,-0.0615146421179587,31.0,961.0,22.954545454545453,0.534,9.4,79.0,0,18.3,0.0,25.0
Brook Lopez,brook lopez,2023,34.0,1,2,0.1837951492784202,0.16507106,25.0,22.45,-2.55,1.4231061198204844,1.6369832594820355,0.5475870437942092,34.0,1156.0,30.423076923076923,0.6939,19.3,85.0,0,6.1,0.0,10.0
Devonte' Graham,devonte' graham,2022,26.0,1,2,0.093405,0.07294489,11.55,9.02,-2.53,-0.4263506639780191,0.0802593224183045,-0.1609947761328248,26.0,676.0,28.44736842105263,0.8396,19.5,73.0,0,21.0,0.0,34.0
Malik Monk,malik monk,2024,25.0,1,4,0.1238029063646968,0.1059203,17.41,14.89,-2.52,-0.4685286191130709,0.5363474118889973,0.2399066737552296,25.0,625.0,26.0,0.9061,25.9,75.0,1,28.9,0.0,11.0
Luke Kornet,luke kornet,2025,29.0,1,4,0.0778992691632202,0.060083594,11.0,8.48,-2.52,1.041469884236705,1.35944643047786,1.2217345242852715,29.0,841.0,18.64383561643836,,11.4,85.0,1,11.9,0.0,75.0
Garrett Temple,garrett temple,2022,35.0,4,4,0.0416926125106142,0.021463333,5.16,2.65,-2.51,-2.040011949036161,-1.304361164094059,-1.1065892434796267,35.0,1225.0,18.610169491525426,0.7369,13.9,77.0,0,9.2,0.0,75.0
Drew Eubanks,drew eubanks,2024,26.0,1,1,0.0355649130793524,0.017682018,5.0,2.49,-2.51,-1.0037005523334834,-0.4056378107392828,-0.8853943079013694,26.0,676.0,15.586666666666666,,13.2,82.0,1,7.2,0.0,75.0
Tobias Harris,tobias harris,2024,31.0,1,2,0.1804268785387088,0.1626227,25.37,22.86,-2.51,0.4288303800241868,0.7352759682204352,0.6998272430342827,31.0,961.0,33.82857142857143,0.8756,20.7,80.0,1,13.8,0.0,19.0
Jordan Clarkson,jordan clarkson,2024,31.0,1,1,0.1002402552138162,0.08245096,14.09,11.59,-2.5,-1.0685698775723216,-0.7391356845890465,-0.4779132801662831,31.0,961.0,30.581818181818186,,26.1,77.0,1,24.6,0.0,46.0
Kevin Durant,kevin durant,2019,30.0,1,7,0.3408374564779182,0.31797388,37.2,34.7,-2.5,2.530748195440002,2.8456622026464222,1.991955267375496,30.0,900.0,34.64102564102564,0.9512,29.0,83.0,0,26.2,0.0,2.0
Aron Baynes,aron baynes,2020,33.0,1,1,0.064138,0.041313794,7.0,4.51,-2.49,-0.3524023935971935,0.2045981815638011,-0.5162889606093407,33.0,1089.0,22.23809523809524,0.5978,21.1,82.0,0,10.9,0.0,75.0
Victor Oladipo,victor oladipo,2022,29.0,1,1,0.070761,0.050614487,8.75,6.26,-2.49,0.0379308285650251,-0.2906211650403642,0.566987156477568,29.0,841.0,21.625,0.1747,25.1,75.0,0,26.3,0.0,2.0
Tyus Jones,tyus jones,2020,23.0,2,3,0.0729805754077331,0.050320353,7.97,5.49,-2.48,0.3065184349087474,0.2279518201542102,0.5347090551497461,23.0,529.0,18.95384615384616,0.8752,17.2,72.0,0,32.0,0.0,24.0
Kyrie Irving,kyrie irving,2020,27.0,2,6,0.3065819131390874,0.28386626,33.46,30.98,-2.48,1.7862982616381913,1.7459383285307992,1.912626687760289,27.0,729.0,32.9,0.48,32.6,74.0,0,36.7,0.0,1.0
Dillon Brooks,dillon brooks,2020,24.0,1,3,0.1044529961517317,0.08183042,11.4,8.93,-2.47,-0.436163515864898,-0.437626879672448,-0.2155876496637934,24.0,576.0,28.931506849315067,0.716,25.2,79.0,0,10.5,0.0,45.0
Anfernee Simons,anfernee simons,2023,23.0,2,4,0.1772310378544489,0.15916008,24.11,21.65,-2.46,-0.4322705693382033,0.0883155465758772,0.126130845644572,23.0,529.0,35.016129032258064,0.7427,25.1,75.0,0,18.6,0.0,24.0
Kenrich Williams,kenrich williams,2026,31.0,4,4,0.0468169934640522,0.030803278,7.16,4.71,-2.45,-0.0369018568131097,-0.1733258832827836,-0.0826968744206673,31.0,961.0,15.267857142857142,0.7622,18.3,79.0,1,12.7,0.0,75.0
Ed Davis,ed davis,2020,30.0,1,1,0.045862,0.023563296,5.01,2.57,-2.44,-0.7265354063929399,-0.6478096269861295,-1.3254959330139344,30.0,900.0,10.821428571428571,0.6135,9.4,81.0,0,5.2,0.0,13.0
Norman Powell,norman powell,2021,27.0,1,5,0.1380365612824025,0.11659712,15.52,13.11,-2.41,0.5422010855433287,0.1795923542484553,0.777230397794919,27.0,729.0,30.404761904761905,0.6191,24.2,75.0,0,10.0,0.0,46.0
Nickeil Alexander-Walker,nickeil alexander-walker,2025,26.0,1,4,0.1073721035635374,0.09030045,15.16,12.75,-2.41,0.2923779078366408,-0.1463237846802207,0.1796516476552607,26.0,676.0,25.28048780487805,0.8878,16.0,77.0,1,15.0,0.0,17.0
Pascal Siakam,pascal siakam,2022,27.0,3,8,0.286673988112086,0.26723292,35.45,33.04,-2.41,1.7082118078357336,1.3597970041507117,1.1011579253383468,27.0,729.0,37.91176470588236,0.7862,25.8,80.0,0,23.0,0.0,27.0
Marc Gasol,marc gasol,2019,34.0,1,1,0.234522,0.21244396,25.6,23.19,-2.41,1.361064752671031,1.013086671822714,0.1298847833219282,34.0,1156.0,33.735849056603776,0.6463,22.3,83.0,0,22.6,0.0,48.0
Sam Merrill,sam merrill,2025,28.0,1,4,0.0600684380488357,0.043060817,8.48,6.08,-2.4,0.1917536124993188,0.307717940334891,0.3938172100545173,28.0,784.0,19.732394366197184,0.6683,14.3,76.0,1,9.6,0.0,60.0
Jakob Poeltl,jakob poeltl,2026,30.0,4,4,0.1274509803921568,0.111816235,19.5,17.11,-2.39,1.3269348532921657,-0.2533843574250616,0.3745097919081345,30.0,900.0,24.97826086956522,,15.3,84.0,1,11.7,0.0,9.0
Aron Baynes,aron baynes,2019,32.0,1,1,0.049966,0.028108446,5.45,3.07,-2.38,-0.0141036192330288,-0.2401944662786061,-0.6820626025625157,32.0,1024.0,16.098039215686274,0.622,15.2,82.0,0,9.3,0.0,75.0
Noa Essengue,noa essengue,2026,19.0,2,3,0.0372627450980392,0.021764113,5.7,3.33,-2.37,-1.0314901999903194,0.1189973711008392,,19.0,361.0,,,,80.0,1,,0.0,75.0
Harrison Barnes,harrison barnes,2021,28.0,3,7,0.1804409682068069,0.15944588,20.28,17.92,-2.36,0.3087685657607456,0.1795923542484553,0.3962144778256637,28.0,784.0,36.241379310344826,0.7732,17.2,79.0,0,13.0,0.0,7.0
Tyus Jones,tyus jones,2023,26.0,2,2,0.1029252835959153,0.08566375,14.0,11.65,-2.35,0.0522194859910681,-0.2225694218142066,0.3666725664534485,26.0,676.0,24.25,0.9256,17.7,72.0,0,28.8,0.0,24.0
Devin Booker,devin booker,2021,24.0,3,5,0.281553898980554,0.26066688,31.65,29.3,-2.35,1.7816166072460913,1.337183496460252,0.9420692657686308,24.0,576.0,33.88059701492537,0.8563,32.7,77.0,0,20.6,0.0,13.0
Jalen Smith,jalen smith,2021,20.0,2,4,0.039656982226413,0.018735478,4.46,2.11,-2.35,-1.519786172536155,-1.0252474060128025,-1.7170012536271946,20.0,400.0,5.777777777777778,0.3293,17.1,80.0,0,3.4,0.0,10.0
Aaron Wiggins,aaron wiggins,2026,27.0,3,5,0.0602895424836601,0.04503618,9.22,6.89,-2.33,-0.3049047037770285,-0.0428458921241992,-0.1639856815623973,27.0,729.0,21.753846153846155,0.8646,19.9,77.0,1,10.6,0.0,55.0
Ace Bailey,ace bailey,2026,19.0,2,3,0.0622423529411764,0.04706538,9.52,7.2,-2.32,-1.2994930469542385,-1.5534514180808443,-1.3119757132221872,19.0,361.0,27.61111111111111,0.878,21.4,81.0,1,9.7,0.0,75.0
Joan Beringer,joan beringer,2026,19.0,2,3,0.0288313725490196,0.013650155,4.41,2.09,-2.32,0.1655891831151844,0.1801891441598302,0.8083930874114612,19.0,361.0,7.85,0.4878,16.8,83.0,1,5.6,0.0,75.0
Carter Bryant,carter bryant,2026,20.0,2,3,0.0336298039215686,0.018579625,5.15,2.84,-2.31,-1.0850907693831031,-0.4314951042881333,-0.9905933828770356,20.0,400.0,11.52112676056338,0.8659,16.3,78.0,1,7.5,0.0,75.0
Bradley Beal,bradley beal,2025,31.0,1,5,0.1372656648348535,0.12088742,19.38,17.07,-2.31,-0.5237969321216378,-0.4101314347178209,-0.0695764183226351,31.0,961.0,32.113207547169814,0.639,22.1,76.0,1,17.6,0.0,3.0
Cole Anthony,cole anthony,2024,23.0,1,1,0.0917574757447292,0.07536791,12.9,10.6,-2.3,-0.3009495289127396,0.3023138162049525,-0.0208582596054795,23.0,529.0,22.43209876543209,0.872,23.7,74.0,1,19.8,0.0,15.0
LeBron James,lebron james,2019,34.0,1,7,0.3430168407549936,0.3220714,37.44,35.15,-2.29,3.2525798695812136,2.723119158032071,2.102812792134233,34.0,1156.0,35.21818181818182,0.6707,31.6,81.0,0,39.4,0.0,1.0
Jaden McDaniels,jaden mcdaniels,2025,24.0,2,5,0.172745906747493,0.15654159,24.39,22.1,-2.29,0.7619579527441437,0.5595129363350645,0.4405672148260364,24.0,576.0,31.87804878048781,0.9561,16.3,81.0,1,9.0,2.0,28.0
Mike Scott,mike scott,2019,30.0,1,2,0.043678,0.022758985,4.77,2.48,-2.29,-0.8044302697526036,-1.2539596535427853,-0.4294418188698795,30.0,900.0,14.384615384615383,0.6341,14.9,79.0,0,8.1,0.0,43.0
Max Strus,max strus,2024,27.0,2,4,0.1082031752354397,0.09188341,15.21,12.92,-2.29,0.0071797659717404,0.4076289342627727,0.4442202973664226,27.0,729.0,31.985714285714284,0.8854,17.4,77.0,1,17.3,0.0,75.0
Brook Lopez,brook lopez,2024,35.0,2,2,0.1635986001650212,0.14741158,23.0,20.72,-2.28,0.9153503193154712,0.7060217687599297,0.0977754573300518,35.0,1225.0,30.51898734177216,0.7988,16.0,85.0,1,7.1,5.0,10.0
Jett Howard,jett howard,2025,21.0,3,3,0.0391601042433856,0.023036323,5.53,3.25,-2.28,-1.7983713397277168,-1.3087376510718365,-1.539990419751159,21.0,441.0,11.683333333333334,0.5396,19.2,80.0,1,9.6,0.0,11.0
Joel Embiid,joel embiid,2020,25.0,2,4,0.2706799523547737,0.2497506,29.54,27.26,-2.28,2.1604312744339373,2.353132931881435,1.0396542059302127,25.0,625.0,29.529411764705884,0.7354,32.9,84.0,0,16.9,0.0,3.0
Pat Connaughton,pat connaughton,2023,30.0,1,3,0.069282456385411,0.05251333,9.42,7.14,-2.28,-0.0854197342729294,-0.4067975512305526,0.0588243359722291,30.0,900.0,23.65573770491803,0.778,13.8,77.0,0,6.9,0.0,41.0
Bobby Portis,bobby portis,2026,30.0,5,6,0.094911202614379,0.079992816,14.52,12.24,-2.28,-0.5431294566338453,-1.01513244517281,-0.0778950039565988,30.0,900.0,24.16417910447761,0.7878,23.1,81.0,1,10.5,0.0,22.0
Torrey Craig,torrey craig,2021,30.0,1,2,0.043394,0.023257244,4.88,2.61,-2.27,-0.6360773476449479,-0.186584435634868,0.3476596893230881,30.0,900.0,18.8125,0.6197,15.5,77.0,0,7.4,0.0,75.0
Rudy Gay,rudy gay,2023,36.0,1,1,0.047632,0.03096081,6.48,4.21,-2.27,-0.7626046979717975,-0.8961535199927217,-0.5089896415991468,36.0,1296.0,14.571428571428571,0.6963,17.7,80.0,0,9.4,0.0,8.0
Josh Hart,josh hart,2026,30.0,3,4,0.1367566013071895,0.122055285,20.92,18.67,-2.25,0.3263908912935357,0.8070514936084573,0.7675771884668795,30.0,900.0,30.21212121212121,0.8817,16.7,77.0,1,21.6,0.0,30.0
Jordan Hawkins,jordan hawkins,2026,23.0,1,1,0.0458947385620915,0.031236283,7.02,4.78,-2.24,-2.240480820738664,-1.7736736833889275,-2.130694627345856,23.0,529.0,13.568627450980392,0.6793,18.2,77.0,1,8.2,0.0,14.0
Terry Rozier,terry rozier,2024,29.0,3,4,0.1772848749537656,0.16131133,24.92,22.68,-2.24,-0.1495877700221178,0.2087003779313346,0.5390699599404828,29.0,841.0,35.5,0.5915,27.8,73.0,1,31.3,0.0,16.0
Christian Braun,christian braun,2026,24.0,1,5,0.140860954248366,0.12618065,21.55,19.31,-2.24,0.3561689854006377,-0.3311730055834389,0.3700509121914996,24.0,576.0,31.795454545454547,0.7573,14.8,78.0,1,11.4,0.0,21.0
Taurean Prince,taurean prince,2022,27.0,1,1,0.0589947838744895,0.04098579,7.29,5.07,-2.22,-0.3074493061316297,-0.7974911645672114,-0.1586146390341453,27.0,729.0,17.057971014492754,0.7046,17.0,78.0,0,8.1,0.0,12.0
Frank Ntilikina,frank ntilikina,2020,21.0,1,1,0.056593,0.036330145,6.18,3.97,-2.21,-0.6483583589430824,-0.7470625909953682,-0.4282472420117208,21.0,441.0,20.82456140350877,0.6914,15.4,76.0,0,20.2,0.0,8.0
Steven Adams,steven adams,2025,31.0,3,5,0.1000682255962834,0.08440713,14.13,11.92,-2.21,1.343342770248671,-0.1566304433873969,-0.1207487208428114,31.0,961.0,13.689655172413794,,13.6,83.0,1,10.9,0.0,12.0
Gary Payton II,gary payton ii,2022,29.0,1,3,0.067122235251304,0.04936909,8.3,6.1,-2.2,1.0344374467061936,1.6008693209988465,2.250084104829481,29.0,841.0,17.577464788732396,0.5501,14.3,74.0,0,7.6,0.0,75.0
Austin Reaves,austin reaves,2023,24.0,1,4,0.0883330515141044,0.072303034,12.02,9.83,-2.19,0.2779478072240242,0.0480156432660515,0.5541370061448735,24.0,576.0,28.796875,0.7668,16.2,77.0,0,15.7,0.0,75.0
Tyrese Maxey,tyrese maxey,2024,23.0,1,5,0.25,0.23441671,35.15,32.96,-2.19,1.1748276202708223,1.2969565978621425,0.9456913230600944,23.0,529.0,37.51428571428571,0.8293,28.0,74.0,1,26.7,0.0,21.0
Johnny Davis,johnny davis,2023,20.0,2,2,0.037133,0.020990115,5.05,2.86,-2.19,-1.500350918586825,-0.9019106490369824,-1.0309538827158733,20.0,400.0,15.107142857142858,0.3415,20.5,76.0,0,9.2,0.0,10.0
James Harden,james harden,2019,29.0,1,3,0.35,0.33007738,38.2,36.02,-2.18,2.889029610342209,3.1910107829232306,2.3806284678174907,29.0,841.0,36.756410256410255,0.9512,40.5,77.0,0,39.5,0.0,3.0
Georges Niang,georges niang,2023,29.0,1,3,0.0646958925460039,0.048634794,8.8,6.62,-2.18,-0.2065422481052473,-1.0285674880107205,-0.3278493034876737,29.0,841.0,19.384615384615383,0.9293,17.0,78.0,0,7.3,0.0,50.0
Aaron Gordon,aaron gordon,2022,26.0,1,4,0.1592407019530144,0.14164113,19.69,17.51,-2.18,0.5644939847418926,0.2904249319782168,0.3942572070305435,26.0,676.0,31.68,0.721,19.7,80.0,0,11.6,0.0,4.0
Dwight Powell,dwight powell,2021,29.0,3,4,0.0985653477324888,0.07920561,11.08,8.9,-2.18,1.3925624076084528,0.4512719080328566,0.4682734951575115,29.0,841.0,16.655172413793103,0.7081,13.2,82.0,0,8.9,0.0,45.0
Malcolm Brogdon,malcolm brogdon,2021,28.0,3,3,0.193036,0.17376137,21.7,19.53,-2.17,0.6200119254708563,0.7938243888914496,0.1605536571953288,28.0,784.0,34.464285714285715,0.7226,25.9,76.0,0,25.7,0.0,36.0
Luke Kornet,luke kornet,2026,30.0,2,4,0.0683006535947712,0.054175735,10.45,8.29,-2.16,0.2668347030793315,0.5681335576991471,0.4955855257521459,30.0,900.0,21.029411764705884,0.8354,10.3,85.0,1,11.3,0.0,75.0
Clint Capela,clint capela,2020,25.0,2,6,0.1466006963533077,0.12682305,16.0,13.84,-2.16,0.5857221758010952,0.619125266543562,0.6305191606824501,25.0,625.0,32.7948717948718,0.6449,16.1,82.0,0,5.7,0.0,25.0
Jett Howard,jett howard,2024,20.0,2,3,0.0375445984010015,0.02234429,5.28,3.14,-2.14,-0.636107709313402,-0.02533321775271,-0.8352472053320021,20.0,400.0,3.7222222222222223,0.2195,22.7,80.0,1,13.0,0.0,11.0
Jordan Clarkson,jordan clarkson,2020,27.0,1,3,0.1053692505039398,0.08577065,11.5,9.36,-2.14,0.2730139860016656,-0.0172613850450849,0.6942846701079322,27.0,729.0,24.73809523809524,0.735,26.7,77.0,0,10.8,0.0,46.0
Jabari Smith Jr.,jabari smith jr.,2025,23.0,1,1,0.0874624100617528,0.0722883,12.35,10.21,-2.14,0.1302609875709554,-0.2565059339371518,,23.0,529.0,,,,83.0,1,,0.0,3.0
Tre Johnson,tre johnson,2026,19.0,2,3,0.0565333333333333,0.042693514,8.65,6.53,-2.12,-1.8057206467749736,-2.34506980490158,-1.376800964487111,19.0,361.0,24.05,0.7317,22.5,77.0,1,12.4,0.0,75.0
P.J. Tucker,p.j. tucker,2021,35.0,1,1,0.06227,0.043379877,7.0,4.88,-2.12,-0.7472356903985589,-1.5567943590692397,-1.0542438538754786,35.0,1225.0,29.96875,0.6951,7.7,77.0,0,6.1,0.0,35.0
Markelle Fultz,markelle fultz,2020,21.0,1,1,0.112596,0.09313891,12.29,10.17,-2.12,-0.3244820195079588,-0.1632216262351416,-0.0174937828191488,21.0,441.0,27.72222222222222,0.7119,21.4,76.0,0,29.0,0.0,1.0
Luol Deng,luol deng,2019,33.0,1,3,0.045813,0.026600733,5.0,2.9,-2.1,0.270413974954018,-0.1343618368389391,0.577010133182166,33.0,1089.0,17.818181818181817,0.2683,15.8,81.0,0,6.5,0.0,75.0
Victor Oladipo,victor oladipo,2020,27.0,1,1,0.192413,0.17318623,21.0,18.9,-2.1,1.417749323660292,-0.525203024386482,-0.388110576180453,27.0,729.0,27.789473684210527,0.3296,26.5,75.0,0,15.4,0.0,2.0
DeMar DeRozan,demar derozan,2019,29.0,1,5,0.2541687282389591,0.23501919,27.74,25.65,-2.09,-0.2775458360728871,0.7345797522446429,1.0170809132850298,29.0,841.0,34.90909090909091,0.939,27.9,78.0,0,27.6,0.0,9.0
Kawhi Leonard,kawhi leonard,2021,29.0,3,8,0.35,0.33137214,39.34,37.25,-2.09,3.838045948187895,3.07947628703413,2.748492957765725,29.0,841.0,34.09615384615385,0.7009,28.6,78.0,0,24.9,6.0,15.0
Ryan Rollins,ryan rollins,2025,22.0,1,3,0.0283270069684437,0.013627925,4.0,1.92,-2.08,-0.2386947619992253,-0.26238950753791,0.2425114513683168,22.0,484.0,14.642857142857142,0.4073,18.4,75.0,1,17.8,0.0,44.0
Torrey Craig,torrey craig,2022,31.0,2,2,0.041421,0.024549352,5.12,3.04,-2.08,-1.2077024441114352,-1.304361164094059,-0.742768286967193,31.0,961.0,20.274509803921568,0.5892,13.9,77.0,0,7.7,0.0,75.0
Caleb Martin,caleb martin,2025,29.0,2,4,0.0679426378108889,0.053379923,9.59,7.54,-2.05,-0.8927526816918185,-1.2187355584059802,-0.5354970739847346,29.0,841.0,30.41935483870968,0.5963,14.2,77.0,1,10.2,0.0,75.0
Kobe Bufkin,kobe bufkin,2025,21.0,3,3,0.0318942269559798,0.017317643,4.5,2.45,-2.05,-0.9766062611395868,0.0685326749666459,-1.4417522340488451,21.0,441.0,12.4,0.154,20.8,76.0,1,18.2,0.0,15.0
Dominick Barlow,dominick barlow,2025,21.0,1,2,0.0241841821993088,0.009637906,3.41,1.36,-2.05,-0.881572204432116,-0.1056981834323863,-0.3393365809907252,21.0,441.0,10.714285714285714,0.4024,14.5,81.0,1,6.9,0.0,75.0
Anthony Edwards,anthony edwards,2026,24.0,3,5,0.3197687843137254,0.3063448,48.92,46.87,-2.05,2.142854631826763,0.578464252182532,1.422003534569921,24.0,576.0,35.032786885245905,0.8537,31.5,76.0,1,17.6,7.0,1.0
Kris Dunn,kris dunn,2024,29.0,1,3,0.0367598941588186,0.022345861,5.17,3.14,-2.03,-0.019849119544442,0.3140154959891548,0.2315965824723059,29.0,841.0,18.924242424242426,0.5171,13.6,75.0,1,27.1,0.0,5.0
Monte Morris,monte morris,2023,27.0,3,3,0.07205450628947,0.057135876,9.8,7.77,-2.03,0.057725054801628,0.4049576440102219,0.1374238841802,27.0,729.0,27.33870967741936,0.7671,15.6,74.0,0,26.4,0.0,51.0
Kyle Kuzma,kyle kuzma,2021,25.0,1,2,0.1156439589374988,0.09759721,13.0,10.97,-2.03,-0.5582665077174203,-0.4228275258821736,-0.2452035562784235,25.0,625.0,28.73529411764705,0.8395,20.3,80.0,0,9.8,0.0,27.0
Matisse Thybulle,matisse thybulle,2024,26.0,2,3,0.0784206333399721,0.06398817,11.02,9.0,-2.02,0.309903283752984,-0.8912575217836757,0.786653369197244,26.0,676.0,22.87692307692308,0.6378,10.6,77.0,1,8.3,0.0,20.0
Jock Landale,jock landale,2023,,1,2,0.0588144477690944,0.043931443,8.0,5.98,-2.02,-0.107442009515169,0.46252893445283,,,,,,,83.0,0,,0.0,75.0
Jimmy Butler,jimmy butler,2021,31.0,3,4,0.320388919529596,0.30247498,36.02,34.0,-2.02,2.220692061122855,3.2566586047196093,2.808799860682937,31.0,961.0,33.55769230769231,0.6929,26.6,78.0,0,35.1,0.0,75.0
Chris Boucher,chris boucher,2023,30.0,2,3,0.0863837201608575,0.071518704,11.75,9.73,-2.02,0.6137875046681783,0.8252280642412613,0.1855322283419753,30.0,900.0,20.039473684210527,0.9024,18.0,80.0,0,2.7,0.0,75.0
Brandon Clarke,brandon clarke,2023,26.0,1,4,0.0918975746392101,0.07713093,12.5,10.49,-2.01,0.7624378625532958,-0.395283293142031,0.6291227820214433,26.0,676.0,19.464285714285715,0.7195,17.7,80.0,0,9.5,0.0,21.0
Reggie Bullock,reggie bullock,2022,30.0,2,2,0.080974,0.0647094,10.01,8.0,-2.01,0.5305221682143528,,0.2653897841163263,30.0,900.0,27.97058823529412,0.733,13.3,78.0,0,6.1,0.0,75.0
Keegan Murray,keegan murray,2026,25.0,1,5,0.1577642875816993,0.14465803,24.14,22.13,-2.01,-0.1202805203129956,-0.2555007511231164,-0.7347222852916745,25.0,625.0,34.47826086956522,0.6061,18.7,80.0,1,6.8,0.0,4.0
Ish Smith,ish smith,2022,33.0,1,1,0.038211,0.021939613,4.72,2.71,-2.01,-0.7943786763597008,-1.0880142130765018,0.0844993646166864,33.0,1089.0,21.964285714285715,0.5206,20.9,72.0,0,36.1,0.0,75.0
Thomas Bryant,thomas bryant,2019,21.0,1,3,0.0733003481766538,0.054907087,8.0,5.99,-2.01,-0.0615232182642033,0.6900186451121515,-0.0374092994958016,21.0,441.0,20.77777777777778,0.878,17.6,81.0,0,9.3,0.0,42.0
Ja Morant,ja morant,2024,24.0,2,5,0.2612290522661962,0.24701206,36.73,34.73,-2.0,1.191044951580532,1.121431401099109,0.736506266627877,24.0,576.0,35.333333333333336,0.4171,30.4,74.0,1,42.2,0.0,2.0
Jabari Smith Jr.,jabari smith jr.,2023,,2,3,0.0685667654259268,0.0539688,9.33,7.34,-1.99,-1.2470947533010692,-1.4142951339761949,,,,,,,83.0,0,,0.0,3.0
Tyler Herro,tyler herro,2024,24.0,2,4,0.2062764958602441,0.19209294,29.0,27.01,-1.99,0.3801783860950584,0.2145512178234357,0.3210017024816919,24.0,576.0,33.5,0.6622,27.8,77.0,1,22.4,0.0,13.0
Josh Hart,josh hart,2021,25.0,1,3,0.1067482697884605,0.08911068,12.0,10.02,-1.98,-0.0858435510145734,-0.4110153713698083,0.1389050253788939,25.0,625.0,28.70212765957447,0.7208,13.5,77.0,0,10.6,0.0,30.0
Jamal Murray,jamal murray,2021,23.0,2,5,0.262136388706033,0.24455592,29.47,27.49,-1.98,1.2591723963041197,1.3785260372535304,0.8802160320073883,23.0,529.0,35.5,0.7214,24.8,76.0,0,20.3,0.0,7.0
Rudy Gay,rudy gay,2019,32.0,1,2,0.128276,0.11021568,14.0,12.03,-1.97,0.2651451306172208,0.4783533862328175,0.7755458820682671,32.0,1024.0,26.695652173913043,0.8415,22.1,80.0,0,14.7,0.0,8.0
Maxi Kleber,maxi kleber,2019,27.0,1,4,0.0733003481766538,0.055298906,8.0,6.04,-1.96,0.0017029137773626,0.5451950469315545,0.5078081631812578,27.0,729.0,21.154929577464788,0.8659,13.5,82.0,0,6.8,0.0,75.0
Simone Fontecchio,simone fontecchio,2024,28.0,1,2,0.0547152530799214,0.04075382,7.69,5.73,-1.96,-0.5820499382810372,-0.1540516953789346,0.0398913732214109,28.0,784.0,23.2,0.6189,15.4,79.0,1,8.6,0.0,75.0
Jonathan Isaac,jonathan isaac,2021,,1,3,0.1547849911932677,0.1374081,17.4,15.45,-1.95,1.153571970688189,,,,,,,,82.0,0,,0.0,6.0
Darius Miller,darius miller,2019,28.0,1,1,0.066428,0.048715673,7.25,5.32,-1.93,-0.5726011189335283,-1.2038284080187325,-0.5396274798421996,28.0,784.0,25.463768115942027,0.8415,13.4,78.0,0,10.4,0.0,46.0
P.J. Washington,p.j. washington,2026,27.0,1,4,0.1294970196078431,0.116907775,19.81,17.89,-1.92,-0.6086412636694698,-0.251272258691086,-0.4109390197144884,27.0,729.0,31.0,0.6573,20.1,79.0,1,8.1,0.0,12.0
Caris LeVert,caris levert,2020,25.0,1,3,0.1484671431189298,0.13097796,16.2,14.29,-1.91,0.7253240462472692,0.3622352420490622,0.6596506116890154,25.0,625.0,29.55555555555556,0.5736,29.5,79.0,0,25.0,0.0,20.0
Jaden Hardy,jaden hardy,2026,23.0,2,3,0.0392156862745098,0.026718095,6.0,4.09,-1.91,-1.0493570564545809,-1.1341571740782936,-1.5352626898013697,23.0,529.0,20.43478260869565,0.5268,25.4,75.0,1,9.5,0.0,37.0
Terence Davis,terence davis,2022,24.0,2,2,0.032348,0.017008722,4.0,2.1,-1.9,0.1851420335176978,0.3398756636393725,0.5969088800038242,24.0,576.0,17.866666666666667,0.4817,25.6,76.0,0,11.9,0.0,75.0
Killian Hayes,killian hayes,2021,19.0,2,3,0.0495728290070631,0.03267213,5.57,3.67,-1.9,-1.0084577958695446,-1.6926341359614403,-1.7609170495976771,19.0,361.0,25.76923076923077,0.3171,19.0,76.0,0,29.7,0.0,7.0
Lonzo Ball,lonzo ball,2021,23.0,1,4,0.1655011920223459,0.14866444,18.6,16.71,-1.89,0.2309577258332178,0.9119459340151024,0.4722939553519923,23.0,529.0,31.76363636363636,0.7125,20.5,77.0,0,25.4,0.0,2.0
T.J. Warren,t.j. warren,2021,27.0,3,3,0.112886,0.09609571,12.69,10.8,-1.89,0.5755485883694118,-0.511418684724913,-0.561273580798374,27.0,729.0,29.25,0.4084,21.6,80.0,0,6.5,0.0,14.0
Jalen Green,jalen green,2023,,3,3,0.0727202417273803,0.058860164,9.89,8.01,-1.88,-0.3717093124220443,-1.1897671012500233,,,,,,,76.0,0,,1.0,2.0
Reggie Bullock,reggie bullock,2021,29.0,1,2,0.084829,0.06821148,9.54,7.67,-1.87,0.1309152173549679,,0.3321963808827775,29.0,841.0,29.984615384615385,0.6245,14.4,78.0,0,7.4,0.0,75.0
Ayo Dosunmu,ayo dosunmu,2023,,1,3,0.0476505980694157,0.03386297,6.48,4.61,-1.87,-0.8011436796457169,-0.9076677780812432,,,,,,,76.0,0,,0.5,38.0
Romeo Langford,romeo langford,2020,20.0,2,2,0.033271,0.016152902,3.63,1.76,-1.87,-1.1565091673671557,-1.3600956039936063,-0.9183029844999432,20.0,400.0,11.5625,0.4444,11.8,77.0,0,4.5,0.0,14.0
Marcus Sasser,marcus sasser,2026,25.0,1,1,0.0339802810457516,0.021799656,5.2,3.34,-1.86,-0.7575317342049803,-0.9481134058183158,-0.4246586496118267,25.0,625.0,12.026315789473683,0.6134,19.6,73.0,1,21.9,0.0,25.0
Zhaire Smith,zhaire smith,2019,19.0,1,1,0.028026,0.010982882,3.06,1.2,-1.86,-0.8676564017941696,-0.513131247465116,-0.5554162788229893,19.0,361.0,18.5,0.0732,16.4,75.0,0,12.3,0.0,75.0
Ousmane Dieng,ousmane dieng,2023,19.0,2,3,0.0352771998441417,0.021672452,4.8,2.95,-1.85,-0.7295712851084382,-0.3607405188764661,-0.4764656906165383,19.0,361.0,14.58974358974359,0.4756,15.9,81.0,0,10.7,0.0,11.0
Delon Wright,delon wright,2020,27.0,1,1,0.082463,0.06563121,9.0,7.16,-1.84,-0.1681279246082439,0.443972977115494,0.7438081368190933,27.0,729.0,21.506849315068493,0.8578,14.4,76.0,0,21.0,0.0,20.0
Moritz Wagner,moritz wagner,2024,26.0,1,1,0.0782428087745753,0.065189764,11.0,9.16,-1.84,0.2612512898238556,0.3900764145864693,0.5023909363468887,26.0,676.0,17.6875,0.85,22.8,83.0,1,11.2,0.0,25.0
Ousmane Dieng,ousmane dieng,2024,20.0,3,3,0.0357572481292855,0.022761622,5.03,3.2,-1.83,-0.4955575046292532,-0.961467600488889,-0.963050678165932,20.0,400.0,11.06060606060606,0.4299,16.9,81.0,1,12.9,0.0,11.0
Daniel Theis,daniel theis,2021,28.0,1,1,0.073659,0.057382286,8.28,6.45,-1.83,0.1031256316665652,0.250465281322647,0.0671552742158523,28.0,784.0,24.45238095238096,0.6879,15.0,80.0,0,9.3,0.0,75.0
Ricky Rubio,ricky rubio,2023,32.0,1,1,0.0271672094750075,0.013887959,3.7,1.89,-1.81,-0.8672105053724358,0.1631582241512677,-0.3373354558576013,32.0,1024.0,17.151515151515152,0.4915,17.7,74.0,0,27.1,0.0,5.0
Furkan Korkmaz,furkan korkmaz,2023,25.0,1,1,0.039482,0.026271353,5.37,3.57,-1.8,-0.7791214044034772,-1.2818811659581963,-0.8281309106159942,25.0,625.0,9.54054054054054,0.6049,19.1,79.0,0,8.8,0.0,26.0
Jarace Walker,jarace walker,2025,21.0,3,3,0.0472035578720752,0.03455199,6.67,4.88,-1.79,-0.5908797956798525,-0.2515435894142829,-0.700385604327525,21.0,441.0,15.826666666666666,0.7226,17.1,79.0,1,12.2,0.0,8.0
Jalen McDaniels,jalen mcdaniels,2023,25.0,1,1,0.033201,0.02011818,4.52,2.74,-1.78,0.0687361924227479,-0.2916549703453364,0.105577515509729,25.0,625.0,17.458333333333332,0.4622,16.1,81.0,0,6.5,0.0,52.0
Giannis Antetokounmpo,giannis antetokounmpo,2023,28.0,3,7,0.3355370420743855,0.322529,45.64,43.87,-1.77,3.7684784331190033,3.686521199238885,1.526241763291732,28.0,784.0,32.12698412698413,0.778,38.8,83.0,0,33.2,45.0,15.0
Anthony Davis,anthony davis,2022,28.0,3,5,0.3071507015486636,0.2929521,37.98,36.22,-1.76,1.3854795508241051,1.872848345135204,0.9355683871873606,28.0,784.0,35.1,0.5478,27.1,82.0,0,14.7,0.0,1.0
Domantas Sabonis,domantas sabonis,2024,27.0,1,4,0.2880757959427547,0.27554032,40.5,38.74,-1.76,0.926161873521944,2.1745825816773103,0.8986963240808016,27.0,729.0,35.707317073170735,0.9037,22.2,82.0,1,33.9,2.0,11.0
Kentavious Caldwell-Pope,kentavious caldwell-pope,2024,30.0,1,3,0.1618701453893646,0.1494011,22.76,21.0,-1.76,1.1423929576514036,0.1911478582550313,0.7731852902214713,30.0,900.0,31.605263157894736,0.9293,12.9,77.0,1,9.5,0.0,8.0
Cam Spencer,cam spencer,2025,24.0,1,4,0.0179734080222083,0.0055641932,2.54,0.79,-1.75,-0.752996715945538,-0.0055104912957922,0.6231449361634557,24.0,576.0,10.08,0.3049,15.4,75.0,1,16.9,0.0,53.0
Romeo Langford,romeo langford,2021,21.0,1,1,0.033842,0.018239727,3.8,2.05,-1.75,-1.125174055760836,-1.5449822045568744,-1.4992778707876202,21.0,441.0,15.72222222222222,0.3039,11.3,77.0,0,5.9,0.0,14.0
Giannis Antetokounmpo,giannis antetokounmpo,2022,27.0,2,7,0.3436374752335125,0.32952297,42.49,40.75,-1.74,4.159844567239858,4.2217580990401045,2.7839148541047343,27.0,729.0,32.8955223880597,0.8067,34.9,83.0,0,31.7,38.0,15.0
Joel Embiid,joel embiid,2023,28.0,1,6,0.35,0.3372331,47.61,45.87,-1.74,3.658367056907805,3.346850585627497,1.5228538517310437,28.0,784.0,34.60606060606061,0.7756,37.0,84.0,0,22.9,8.0,3.0
Jerome Robinson,jerome robinson,2019,21.0,1,2,0.032689,0.016801804,3.57,1.83,-1.74,-0.8729252461309667,-0.9921631491393984,-0.815427564166208,21.0,441.0,9.696969696969695,0.4024,16.7,77.0,0,8.3,0.0,13.0
RJ Barrett,rj barrett,2024,23.0,2,4,0.1834768472415853,0.17114422,25.79,24.06,-1.73,-0.6307019322101656,-0.0019298581843056,0.2218537168302574,23.0,529.0,33.5,0.6329,25.7,78.0,1,19.5,0.0,3.0
Isaiah Joe,isaiah joe,2026,26.0,3,4,0.0740065751633986,0.06267105,11.32,9.59,-1.73,0.1596335642937639,0.7236099367283846,0.9545071458181152,26.0,676.0,21.225352112676056,0.8939,18.4,76.0,1,8.6,0.0,49.0
Taj Gibson,taj gibson,2019,33.0,1,1,0.089793,0.074049115,9.8,8.08,-1.72,0.0333159797981456,0.1385749443475706,0.4375983975007245,33.0,1089.0,24.085714285714285,0.8537,17.2,81.0,0,7.3,0.0,26.0
James Bouknight,james bouknight,2023,22.0,3,3,0.033598,0.02099415,4.57,2.86,-1.71,-1.5278787626396242,-1.6963944571449747,-1.1432066857600156,22.0,484.0,15.147058823529411,0.4009,19.5,76.0,0,11.1,0.0,11.0
Alex Caruso,alex caruso,2021,26.0,1,4,0.0765443005319622,0.06141964,8.6,6.9,-1.7,0.3921373228259538,1.0418796336511202,0.1843671521934073,26.0,676.0,20.96551724137931,0.6813,14.8,77.0,0,18.1,0.0,75.0
Julian Champagnie,julian champagnie,2023,21.0,1,4,0.0220554179134104,0.009544746,3.0,1.3,-1.7,-1.021366432068113,-0.6082970677796812,-1.1615014081877328,21.0,441.0,3.5,0.0244,12.8,79.0,0,0.0,0.0,75.0
Amir Coffey,amir coffey,2023,25.0,2,3,0.0269566243447702,0.01447528,3.67,1.97,-1.7,-1.1094555330370717,-1.679123070012192,-1.163082433582721,25.0,625.0,12.5,0.6646,13.5,79.0,0,11.2,0.0,75.0
Daniss Jenkins,daniss jenkins,2026,24.0,2,2,0.0261437908496732,0.015065345,4.0,2.3,-1.7,-0.9778896305975356,0.1944149034744376,-0.1903959691147737,24.0,576.0,20.20833333333333,0.5808,21.5,76.0,1,25.8,0.0,75.0
Patrick Beverley,patrick beverley,2021,32.0,1,1,0.127395,0.11222792,14.32,12.62,-1.7,1.153571970688189,0.5989238394374226,0.0711757344103331,32.0,1024.0,22.486486486486488,0.6284,14.6,74.0,0,12.0,2.0,42.0
Joel Embiid,joel embiid,2024,29.0,2,6,0.3657206731726747,0.35375845,51.42,49.73,-1.69,3.450659780733386,3.491021557400062,2.38133123090312,29.0,841.0,33.56410256410256,0.6451,39.6,84.0,1,32.4,22.0,3.0
Cameron Johnson,cameron johnson,2023,26.0,1,1,0.1887895839613001,0.1763562,25.68,23.99,-1.69,0.982660614975692,0.8712850965953477,0.7962597523487379,26.0,676.0,30.8,0.5402,21.1,80.0,0,10.0,0.0,11.0
James Bouknight,james bouknight,2022,21.0,2,3,0.035278,0.021630934,4.36,2.67,-1.69,-1.2813080465877718,-1.4094439688740148,-1.6768020884061232,21.0,441.0,9.806451612903226,0.378,23.7,76.0,0,11.9,0.0,11.0
Collin Sexton,collin sexton,2024,25.0,3,4,0.1305232310012234,0.11852523,18.35,16.66,-1.69,0.4342361571274233,0.7645301676809408,0.8872341292078033,25.0,625.0,26.602564102564106,,27.5,75.0,1,29.5,0.0,8.0
Herbert Jones,herbert jones,2026,27.0,4,4,0.0973776862745098,0.08631897,14.9,13.21,-1.69,0.5110150747575686,-0.2071371797739011,-0.354688537135401,27.0,729.0,28.357142857142858,0.6,15.2,79.0,1,12.9,0.0,35.0
Ty Jerome,ty jerome,2022,24.0,1,1,0.0341276697262545,0.020501733,4.22,2.54,-1.68,-0.7604068598321609,-0.5935068964649436,-0.1154321516723892,24.0,576.0,16.6875,0.4995,20.8,77.0,0,21.3,0.0,24.0
Larry Nance Jr.,larry nance jr.,2022,29.0,4,6,0.0782235008693542,0.06459434,9.67,7.99,-1.68,0.7626629144858749,-0.1113622627686743,-0.0287271573633513,29.0,841.0,23.18918918918919,0.5092,12.4,78.0,0,12.5,0.0,27.0
Joe Ingles,joe ingles,2020,32.0,2,3,0.0995385468205974,0.08411254,10.86,9.18,-1.68,0.7364921958829631,0.6366404954863687,0.8214920061699342,32.0,1024.0,29.68055555555556,1.0,15.1,80.0,0,24.4,0.0,75.0
Taylor Hendricks,taylor hendricks,2024,20.0,2,3,0.0416015591657894,0.029735941,5.85,4.18,-1.67,-1.0091063294367202,-0.370532771386676,-0.3334896247665057,20.0,400.0,21.4,0.4878,13.7,81.0,1,5.0,0.0,9.0
Kentavious Caldwell-Pope,kentavious caldwell-pope,2021,27.0,2,4,0.1159896632092088,0.10114128,13.04,11.37,-1.67,0.3865794056882732,-0.7122253114351228,0.4973445150252956,27.0,729.0,28.388059701492537,0.896,14.2,77.0,0,9.2,0.0,8.0
Patrick Williams,patrick williams,2023,,1,1,0.0723114886671911,0.060043804,9.84,8.17,-1.67,-0.3551926059903646,-1.0573531332320243,,,,,,,78.0,0,,0.0,4.0
Aaron Gordon,aaron gordon,2021,25.0,3,3,0.1459701727542832,0.13134181,16.41,14.76,-1.65,0.3421160685868288,0.1146255044304463,-0.023150447075562,25.0,625.0,29.44,0.601,23.8,80.0,0,23.0,0.0,4.0
Daniel Gafford,daniel gafford,2025,26.0,3,3,0.1018803467225653,0.09027362,14.39,12.75,-1.64,0.3985924418038141,1.319812892846009,0.8771111783006272,26.0,676.0,21.50877192982456,0.7024,19.5,82.0,1,10.2,0.0,38.0
Justise Winslow,justise winslow,2022,25.0,2,2,0.033137,0.019991962,4.1,2.47,-1.63,0.1171984004626181,0.2966062734358612,-0.2830618073365292,25.0,625.0,12.972972972972974,0.3513,18.0,78.0,0,15.5,0.0,10.0
Moses Moody,moses moody,2025,22.0,1,3,0.0819647257945725,0.07043737,11.57,9.95,-1.62,0.147031703460509,-0.038557132396414,0.1774404987809321,22.0,484.0,22.283783783783782,0.8463,17.4,77.0,1,8.3,0.0,14.0
Paul Millsap,paul millsap,2020,34.0,1,1,0.091625,0.076801926,10.0,8.38,-1.62,0.904014440418372,1.1212284962373569,0.9202152568032947,34.0,1156.0,24.31372549019608,0.7628,20.0,79.0,0,9.6,0.0,47.0
Kelly Oubre Jr.,kelly oubre jr.,2022,26.0,2,2,0.1018964053212567,0.0888575,12.6,10.99,-1.61,-0.3244352143953997,0.0555339565877265,0.2436285306426854,26.0,676.0,26.30263157894737,0.8202,23.0,80.0,0,6.2,0.0,15.0
Zach Collins,zach collins,2020,22.0,1,1,0.0495350467289719,0.034864746,5.41,3.81,-1.6,-0.687446882668011,-0.2099289034159597,-0.4327788010571866,22.0,484.0,26.363636363636363,0.4476,12.5,81.0,0,7.2,0.0,10.0
Scoot Henderson,scoot henderson,2025,20.0,3,3,0.0761149509942779,0.0647946,10.75,9.15,-1.6,-0.6635528978679184,-0.5066098876973456,-0.3718720572844177,20.0,400.0,26.651515151515152,0.7866,22.5,75.0,1,28.1,0.0,3.0
Chris Paul,chris paul,2023,37.0,3,3,0.2264356239110137,0.21472993,30.8,29.21,-1.59,1.8580460558547167,1.7233401951459482,0.8457232611347886,37.0,1369.0,32.016949152542374,0.7683,19.2,72.0,0,38.7,8.0,4.0
Ben Simmons,ben simmons,2021,24.0,1,4,0.293593,0.27938473,33.0,31.41,-1.59,1.2591723963041197,1.744702827136854,1.0314471885536267,24.0,576.0,32.36206896551724,0.7838,20.2,82.0,0,31.3,5.0,1.0
Devin Carter,devin carter,2026,23.0,3,3,0.0337129411764705,0.023366842,5.16,3.58,-1.58,-0.1441029955986773,0.1761901368634857,-0.9727578640104956,23.0,529.0,18.42105263157895,0.4543,23.5,74.0,1,20.9,0.0,13.0
Frank Ntilikina,frank ntilikina,2019,20.0,1,1,0.044491,0.030012876,4.86,3.28,-1.58,-1.0309905762348817,-1.0311541178803283,-1.5339858837387468,20.0,400.0,21.023255813953487,0.5244,16.6,76.0,0,19.5,0.0,8.0
Jake Layman,jake layman,2021,26.0,3,3,0.035051,0.021035085,3.94,2.36,-1.58,-0.0469381310508096,-0.983904865219524,-0.5136465908022171,26.0,676.0,13.933333333333334,0.5434,15.1,80.0,0,6.4,0.0,47.0
Gordon Hayward,gordon hayward,2020,29.0,1,3,0.261132,0.24661307,28.5,26.92,-1.58,1.3898289495710574,0.8876921103332662,1.2299796858397734,29.0,841.0,33.46153846153846,0.7807,21.1,79.0,0,18.7,0.0,9.0
Ivica Zubac,ivica zubac,2022,24.0,1,3,0.0818685617241518,0.06915589,10.12,8.55,-1.57,-0.177224009442727,0.5253159073687069,-0.1334531897052481,24.0,576.0,24.36842105263158,0.9268,16.8,84.0,0,9.8,0.0,32.0
Devin Booker,devin booker,2020,23.0,2,5,0.27,0.25562054,29.47,27.9,-1.57,1.0771207597716277,1.2029662313037883,1.0263832115827776,23.0,529.0,35.885714285714286,0.9003,30.0,77.0,0,30.0,0.0,13.0
Jimmy Butler,jimmy butler,2020,30.0,2,4,0.315,0.30062407,34.38,32.81,-1.57,2.020829403987764,3.158833463250548,2.2146227298616834,30.0,900.0,33.77586206896552,0.755,25.1,78.0,0,28.1,0.0,75.0
Brook Lopez,brook lopez,2026,37.0,2,2,0.0600490196078431,0.049869448,9.19,7.63,-1.56,-0.5609963130981065,0.1300500108258713,-0.6668101172998493,37.0,1369.0,21.8,0.9427,17.2,85.0,1,8.5,0.0,10.0
Wendell Carter Jr.,wendell carter jr.,2026,26.0,1,3,0.118313725490196,0.108153746,18.1,16.55,-1.55,0.4097695547934215,0.0629306276547474,-0.1015613655295076,26.0,676.0,29.33333333333333,0.8585,15.6,82.0,1,9.5,0.0,7.0
Liam McNeeley,liam mcneeley,2026,20.0,2,3,0.0189678431372549,0.008837523,2.9,1.35,-1.55,-0.924289061204752,-0.0418948943238078,-0.8931840106059328,20.0,400.0,11.870967741935484,0.378,14.4,79.0,1,8.7,0.0,75.0
Mo Bamba,mo bamba,2020,21.0,2,2,0.0546915887850467,0.040578768,5.97,4.43,-1.54,-0.0061897548906822,0.5373875314771303,0.0093718886646836,21.0,441.0,14.161290322580646,0.7531,17.1,84.0,0,7.2,0.0,6.0
Gradey Dick,gradey dick,2026,22.0,1,1,0.0466111830065359,0.03656762,7.13,5.59,-1.54,-1.138691338775887,-1.080804873590295,-0.3855577044044123,22.0,484.0,14.039473684210526,0.8073,18.7,79.0,1,6.5,0.0,13.0
Bones Hyland,bones hyland,2024,23.0,1,1,0.0295789043161578,0.01873567,4.16,2.63,-1.53,,-0.815196603186361,-1.0581868956118174,23.0,529.0,14.594594594594597,0.5476,24.8,74.0,1,24.5,0.0,26.0
Tre Jones,tre jones,2025,25.0,1,3,0.0566540139368874,0.04582705,8.0,6.47,-1.53,0.2644267146873847,0.3313371983637561,0.8480503645237369,25.0,625.0,25.27777777777778,0.5573,16.0,73.0,1,27.1,0.0,41.0
Dwight Powell,dwight powell,2020,28.0,2,4,0.1015221275426058,0.08760324,11.08,9.56,-1.52,1.2055544805821077,0.2571438683922215,0.8153420331796594,28.0,784.0,26.525,0.6994,12.6,82.0,0,7.7,0.0,45.0
Georges Niang,georges niang,2024,30.0,2,3,0.0604603522348991,0.04966769,8.5,6.98,-1.52,-0.4955575046292532,-0.8327491228626644,-0.7146076042936961,30.0,900.0,22.32926829268293,0.9707,17.6,78.0,1,7.5,0.0,50.0
Mo Bamba,mo bamba,2022,23.0,1,1,0.0832962678419797,0.07105038,10.3,8.79,-1.51,0.0435927979862818,-0.5131494575155655,-0.3551459594679646,23.0,529.0,25.690140845070424,0.7734,17.2,84.0,0,7.4,0.0,6.0
Maxi Kleber,maxi kleber,2021,29.0,3,4,0.0778372800540857,0.06440993,8.75,7.24,-1.51,-0.030264379637768,-0.4110153713698083,0.2193142292685094,29.0,841.0,26.82,0.7864,10.6,82.0,0,6.6,0.0,75.0
Jaxson Hayes,jaxson hayes,2021,20.0,3,3,0.0475766363620189,0.03423775,5.35,3.85,-1.5,-0.5527085905797398,0.2091227405293685,0.0915873015515432,20.0,400.0,16.066666666666666,0.7907,16.2,84.0,0,5.2,0.0,8.0
Rudy Gay,rudy gay,2022,35.0,2,2,0.050014,0.03803616,6.18,4.7,-1.48,-0.194209917706497,0.1791607857406161,-0.0222667852383641,35.0,1225.0,18.87272727272727,0.752,19.3,80.0,0,7.8,0.0,8.0
Shake Milton,shake milton,2023,,1,1,0.036759,0.025911093,5.0,3.52,-1.48,-0.6745155970028391,-0.4240689383633351,,,,,,,77.0,0,,0.0,54.0
Khem Birch,khem birch,2021,28.0,1,1,0.056488,0.043341495,6.35,4.87,-1.48,0.1475889687680096,-0.399203216857443,-0.3679822252944904,28.0,784.0,19.83333333333333,0.6146,12.2,80.0,0,8.0,0.0,75.0
Kevin Knox,kevin knox,2022,22.0,1,1,0.024261,0.012333281,3.0,1.53,-1.47,,,-1.3677242851633171,22.0,484.0,6.529411764705882,0.4379,20.6,80.0,0,8.8,0.0,75.0
Kobe Bufkin,kobe bufkin,2024,20.0,2,3,0.0305787122656272,0.020152777,4.3,2.83,-1.47,-1.1226276486046864,-0.2418142937604514,-1.218657623833792,20.0,400.0,11.529411764705882,0.2073,22.4,76.0,1,19.3,0.0,15.0
Dyson Daniels,dyson daniels,2023,19.0,2,3,0.0425237279537718,0.031708784,5.78,4.31,-1.47,-0.3331703307481251,-0.7752538100632446,-0.5830719743928666,19.0,361.0,17.661016949152543,0.7195,11.6,79.0,0,16.4,0.0,8.0
Cam Whitmore,cam whitmore,2026,21.0,1,1,0.0356752287581699,0.02615599,5.46,4.0,-1.46,-0.739664877740719,-0.8099975451852047,-1.172378479016769,21.0,441.0,16.857142857142858,0.4293,23.7,78.0,1,6.5,0.0,20.0
Dalen Terry,dalen terry,2025,22.0,1,1,0.0382352133023624,0.027957605,5.4,3.95,-1.45,-0.6467821819783647,-0.9051012141998384,-0.831791023144768,22.0,484.0,13.52054794520548,0.7537,14.9,78.0,1,12.7,0.0,18.0
De'Anthony Melton,de'anthony melton,2021,22.0,2,4,0.0783352251498923,0.06548957,8.81,7.36,-1.45,0.8034231910143145,0.657984611999249,0.4701290921703488,22.0,484.0,20.096153846153847,0.689,19.5,74.0,0,17.5,0.0,46.0
Myles Turner,myles turner,2021,24.0,3,3,0.1556745601081715,0.14275596,17.5,16.05,-1.45,0.8256548595650366,1.2485923376175123,-0.0500566037617027,24.0,576.0,30.95744680851064,0.7254,16.4,83.0,0,4.4,0.0,11.0
Donte DiVincenzo,donte divincenzo,2023,26.0,1,4,0.0801346850853912,0.069569685,10.9,9.46,-1.44,0.2173865503078653,-0.0153127762208174,0.5166441182065885,26.0,676.0,26.30555555555556,0.6915,15.1,76.0,0,17.3,0.0,17.0
Terance Mann,terance mann,2023,26.0,1,2,0.0777594856676542,0.06728551,10.58,9.15,-1.43,0.3385090641401831,0.278300805036484,0.1414893780530261,26.0,676.0,23.11111111111111,0.9537,15.3,78.0,0,14.0,0.0,48.0
Donovan Mitchell,donovan mitchell,2026,29.0,2,3,0.3274877647058823,0.31829247,50.11,48.7,-1.41,2.315567577647955,2.0149840955667915,1.9824504158761944,29.0,841.0,33.457142857142856,0.8207,32.2,74.0,1,27.9,7.0,13.0
Ziaire Williams,ziaire williams,2023,21.0,3,3,0.0353636570823622,0.025105722,4.81,3.41,-1.4,-0.9497940375308344,-1.869108328472799,-0.9995592355868276,21.0,441.0,15.16216216216216,0.5655,18.0,81.0,0,8.2,0.0,10.0
Reggie Bullock,reggie bullock,2020,28.0,2,2,0.038483,0.025715094,4.2,2.81,-1.39,-0.6762787330323171,,-0.2175297463975645,28.0,784.0,23.58620689655172,0.453,15.6,78.0,0,8.8,0.0,75.0
Charles Bassey,charles bassey,2022,21.0,1,2,0.0210262423678783,0.0098319715,2.6,1.22,-1.38,-0.6641533796707981,-0.3153465308709421,0.0127552320707766,21.0,441.0,7.304347826086956,0.2805,16.1,82.0,0,6.5,0.0,53.0
Royce O'Neale,royce o'neale,2024,30.0,5,8,0.0666842120237858,0.0568116,9.37,7.99,-1.38,0.2125992958947271,0.2145512178234357,0.0616695434801075,30.0,900.0,24.53061224489796,,13.9,78.0,1,15.5,0.0,75.0
Aaron Nesmith,aaron nesmith,2021,21.0,2,3,0.0323020264379881,0.019990083,3.63,2.25,-1.38,-1.0695948843840306,-1.001623096988072,-0.614776628001849,21.0,441.0,14.543478260869565,0.561,13.7,77.0,0,4.6,0.0,14.0
Jase Richardson,jase richardson,2026,20.0,2,3,0.0204729411764705,0.01152111,3.13,1.76,-1.37,-1.0791351505616829,-0.933965245397217,-0.4490109926796024,20.0,400.0,10.87037037037037,0.6585,16.8,73.0,1,14.2,0.0,75.0
Daniel Theis,daniel theis,2019,26.0,1,1,0.045813,0.033301752,5.0,3.63,-1.37,-0.1721689493369438,0.7735707209855728,0.0250740326409408,26.0,676.0,13.757575757575758,0.8049,15.8,80.0,0,10.5,0.0,75.0
Kelly Olynyk,kelly olynyk,2021,29.0,3,7,0.1084840144465991,0.09633814,12.2,10.83,-1.37,0.7144965168114256,1.3549017282287998,-0.2600483323811218,29.0,841.0,26.906976744186046,0.734,17.5,84.0,0,11.7,0.0,13.0
Johnny Juzang,johnny juzang,2024,22.0,1,1,0.021961,0.012207153,3.09,1.72,-1.37,-1.0523525462626122,-0.955616760596788,-0.6057167530002131,22.0,484.0,18.6,0.2439,14.5,79.0,1,8.4,0.0,75.0
Jamal Murray,jamal murray,2023,25.0,4,5,0.2487365921438601,0.23872407,33.83,32.47,-1.36,1.4671506703049635,0.7906852899756963,0.391065529690405,25.0,625.0,32.815384615384616,,26.1,76.0,0,27.5,0.0,7.0
Danilo Gallinari,danilo gallinari,2019,30.0,1,1,0.207216,0.1948917,22.62,21.27,-1.35,0.8499868520017062,1.4364171895813822,1.2945606570750796,30.0,900.0,30.279411764705884,0.8293,23.8,82.0,0,13.2,0.0,6.0
Collin Gillespie,collin gillespie,2025,25.0,1,1,0.016261642399864,0.0067464192,2.3,0.95,-1.35,0.1582121807202115,0.9009932150874874,0.2722040219664439,25.0,625.0,13.969696969696969,0.4024,17.7,73.0,1,24.0,0.0,75.0
Vincent Poirier,vincent poirier,2020,26.0,1,1,0.023999,0.011708692,2.62,1.28,-1.34,-1.469217357166585,-0.8288003260617999,-1.3044565517314153,26.0,676.0,5.909090909090909,0.3056,15.4,84.0,0,8.5,0.0,75.0
Will Barton,will barton,2020,29.0,2,3,0.12574,0.11355734,13.72,12.39,-1.33,0.1110758162841039,0.6016100376007553,0.9237757674818748,29.0,841.0,33.03448275862069,0.7001,20.1,77.0,0,16.0,0.0,40.0
Trey Burke,trey burke,2022,29.0,1,1,0.027688,0.016965127,3.42,2.1,-1.32,-1.1624066887413824,-1.4032626274163704,-1.32386175863051,29.0,841.0,10.5,0.5524,25.6,72.0,0,20.7,0.0,9.0
Fred VanVleet,fred vanvleet,2020,25.0,1,3,0.1947040498442367,0.18263732,21.25,19.93,-1.32,0.8928462907826781,0.8001159656192323,1.4701523152494569,25.0,625.0,35.7037037037037,0.7614,21.7,72.0,0,27.7,0.0,75.0
Maxi Kleber,maxi kleber,2022,30.0,4,4,0.0727831466580405,0.06222522,9.0,7.69,-1.31,0.6267756483757156,-0.210263726090986,-0.2038372439090553,30.0,900.0,24.57627118644068,0.7482,13.3,82.0,0,6.5,0.0,75.0
Wendell Carter Jr.,wendell carter jr.,2025,25.0,4,4,0.0768370064019035,0.06756071,10.85,9.54,-1.31,0.3259193396157482,0.0964644586938385,-0.1858196734301962,25.0,625.0,25.852941176470587,,16.0,82.0,1,11.5,0.0,7.0
Jon Leuer,jon leuer,2019,29.0,1,3,0.029039,0.017060744,3.17,1.86,-1.31,-1.162711684654811,-0.8974707964828542,-0.6726565095526835,29.0,841.0,9.804878048780488,0.5,16.1,82.0,0,5.5,0.0,75.0
Svi Mykhailiuk,svi mykhailiuk,2024,26.0,1,4,0.0248954391555467,0.015561625,3.5,2.19,-1.31,-0.2901379747062666,-0.5343562883655074,0.4404950840326982,26.0,676.0,10.073170731707316,0.4561,16.1,79.0,1,11.0,0.0,47.0
David Nwaba,david nwaba,2022,29.0,1,1,0.040613,0.030069109,5.02,3.72,-1.3,0.8532544252259812,0.4758651757075511,0.3191128786293772,29.0,841.0,13.23913043478261,0.4458,15.8,77.0,0,8.5,0.0,75.0
Dru Smith,dru smith,2023,25.0,1,1,0.0132462560928092,0.0037179308,1.8,0.51,-1.29,-0.850693798940756,-0.0671269376191647,0.5956953879559845,25.0,625.0,9.1,0.122,16.7,74.0,0,26.0,0.0,75.0
Marcus Smart,marcus smart,2019,24.0,1,3,0.1078328660436137,0.09598939,11.77,10.48,-1.29,0.6234265455194281,0.6343172611965373,1.2475301920259187,24.0,576.0,27.5,0.9756,14.6,75.0,0,19.1,0.0,6.0
Mitchell Robinson,mitchell robinson,2025,26.0,4,4,0.0917408787037561,0.08260259,12.95,11.66,-1.29,1.388064679287481,0.3578150259247683,0.9785081481091248,26.0,676.0,17.058823529411764,,11.1,84.0,1,5.9,0.0,36.0
Killian Hayes,killian hayes,2022,20.0,3,3,0.0472100602482714,0.03687301,5.84,4.56,-1.28,-1.1850545664264087,-0.9767500668389012,-0.8451141822104103,20.0,400.0,24.954545454545453,0.622,15.7,76.0,0,24.6,0.0,7.0
Tony Bradley,tony bradley,2020,22.0,1,1,0.0324542789078248,0.020721417,3.54,2.26,-1.28,-0.3021457202365709,0.3388816034586532,0.4236858585358358,22.0,484.0,11.43103448275862,0.5172,15.8,82.0,0,5.4,0.0,28.0
Kenrich Williams,kenrich williams,2024,29.0,2,4,0.0474364810652402,0.038361453,6.67,5.39,-1.28,0.5099170365727342,-0.1599025352710358,0.1189805178450985,29.0,841.0,14.91304347826087,0.7341,13.4,79.0,1,11.4,0.0,75.0
Jeremy Lamb,jeremy lamb,2021,28.0,1,1,0.093405,0.081976384,10.5,9.22,-1.28,0.4532744113404398,0.3922111354710303,0.7042435819566525,28.0,784.0,21.25,0.6039,18.4,77.0,0,9.4,0.0,12.0
Asa Newell,asa newell,2026,20.0,2,3,0.0222188235294117,0.013939635,3.4,2.13,-1.27,-0.3227715602412898,-0.5795432100089613,-0.5796904674517506,20.0,400.0,11.363636363636363,0.5366,17.1,82.0,1,7.2,0.0,75.0
Mike Scott,mike scott,2020,31.0,2,2,0.045862,0.034298465,5.01,3.74,-1.27,-0.0676145778869987,0.0119306631929263,-0.0844961201342492,31.0,961.0,17.75,0.8281,14.0,79.0,0,6.4,0.0,43.0
Josh Okogie,josh okogie,2024,25.0,1,1,0.0586821065809315,0.049690727,8.25,6.99,-1.26,0.3747726089918219,-0.1950075746236425,0.0493476839916344,25.0,625.0,16.0,0.7488,13.0,76.0,1,8.4,0.0,20.0
Jared McCain,jared mccain,2026,21.0,3,3,0.0289058823529411,0.02063857,4.42,3.16,-1.26,-0.882599729454809,-1.0798114362996174,-0.6554914226345452,21.0,441.0,16.756756756756758,0.3872,18.5,75.0,1,13.9,0.0,16.0
E'Twaun Moore,e'twaun moore,2019,29.0,1,1,0.079393,0.06800586,8.66,7.42,-1.24,0.238800908933235,-1.3932131133318209,-0.0044879739613889,29.0,841.0,27.60377358490566,0.6463,17.3,75.0,0,9.5,0.0,55.0
Tyus Jones,tyus jones,2019,22.0,1,3,0.0769653655854865,0.065728925,8.4,7.17,-1.23,0.2019189985756548,0.3725207567931504,0.5383779654632124,22.0,484.0,22.94117647058824,0.8293,14.1,72.0,0,28.3,0.0,24.0
Pat Connaughton,pat connaughton,2026,33.0,1,1,0.0249402679738562,0.016920147,3.82,2.59,-1.23,-1.2458924775614544,-0.2689306757903781,-0.256250192621998,33.0,1089.0,7.071428571428571,0.5915,14.9,77.0,1,8.4,0.0,41.0
Cade Cunningham,cade cunningham,2026,24.0,2,5,0.3274877647058823,0.3194523,50.11,48.88,-1.23,2.1785883447552856,2.7771564298637847,1.528673657021727,24.0,576.0,33.9375,0.7976,30.5,78.0,1,45.2,3.0,1.0
Wendell Carter Jr.,wendell carter jr.,2021,21.0,1,1,0.0615584090949525,0.050632507,6.92,5.69,-1.23,-0.4971294192029342,0.1323437361989942,-0.4635454714556104,21.0,441.0,24.75,0.4816,19.1,82.0,0,12.3,0.0,7.0
Jonathan Isaac,jonathan isaac,2022,,2,3,0.1407140835388783,0.13084763,17.4,16.18,-1.22,1.0400994161274502,,,,,,,,82.0,0,,0.0,6.0
Jakob Poeltl,jakob poeltl,2024,,2,4,0.1387031610094745,0.13005479,19.5,18.28,-1.22,1.245102722612897,0.9810112436886824,,,,,,,84.0,1,,0.0,9.0
Hamidou Diallo,hamidou diallo,2021,22.0,1,2,0.046258,0.035402637,5.2,3.98,-1.22,-1.1863111442753222,-1.2851148052848385,0.3294129853635215,22.0,484.0,23.78125,0.5112,22.5,77.0,0,16.4,0.0,45.0
Rob Dillingham,rob dillingham,2026,21.0,3,3,0.0450282352941176,0.0370745,6.89,5.67,-1.22,-1.6746970327037245,-1.4138934832345682,-1.843954362491484,21.0,441.0,21.466666666666665,0.4527,22.7,74.0,1,18.9,0.0,8.0
Dylan Windler,dylan windler,2022,25.0,1,1,0.03265,0.022892602,4.04,2.83,-1.21,-0.3753929391867094,-1.0694701887035685,-0.5397765944083867,25.0,625.0,9.18,,11.8,79.0,0,10.0,0.0,26.0
Lou Williams,lou williams,2021,34.0,1,1,0.044478,0.03380227,5.0,3.8,-1.2,-1.1474057243115583,-0.5409490710058263,-0.0571697256442455,34.0,1156.0,21.857142857142858,0.7099,26.5,74.0,0,23.3,0.0,45.0
Marko Guduric,marko guduric,2020,24.0,2,2,0.025197,0.014322983,2.75,1.56,-1.19,-0.6539424337609292,-0.9338916997186408,-0.9956631710618222,24.0,576.0,11.0,0.6111,17.6,78.0,0,12.3,0.0,75.0
Kevin Knox,kevin knox,2020,20.0,2,2,0.042044,0.031252917,4.59,3.41,-1.18,,,-1.1251362866465573,20.0,400.0,17.93846153846154,0.9072,17.8,80.0,0,7.4,0.0,75.0
Justise Winslow,justise winslow,2020,23.0,2,2,0.119113,0.10829455,13.0,11.82,-1.18,-0.1067031016119274,-0.2916666384823915,-0.551570384606181,23.0,529.0,32.0,0.3973,20.6,78.0,0,18.7,0.0,10.0
Jabari Smith Jr.,jabari smith jr.,2024,,3,3,0.0695000995817566,0.061080422,9.77,8.59,-1.18,-0.4955575046292532,-0.171604215055238,,,,,,,83.0,1,,0.5,3.0
Ajay Mitchell,ajay mitchell,2025,22.0,2,4,0.0212452552263327,0.012943871,3.0,1.83,-1.17,-1.0101476929186943,-1.1595297678353973,0.0994185313581941,22.0,484.0,16.583333333333332,0.439,16.2,76.0,1,13.8,0.0,38.0
Kelly Olynyk,kelly olynyk,2019,27.0,1,7,0.1069075041231445,0.09622712,11.67,10.5,-1.17,0.7182657435817771,0.4115117255340803,0.3818337032281479,27.0,729.0,22.93670886075949,0.9634,18.0,84.0,0,11.4,0.0,13.0
Larry Nance Jr.,larry nance jr.,2024,31.0,6,6,0.0797009702108288,0.071339905,11.2,10.03,-1.17,0.9423792048316536,-0.1599025352710358,0.2745798132460492,31.0,961.0,19.9344262295082,0.7,11.3,78.0,1,12.1,0.0,27.0
Jordan Nwora,jordan nwora,2023,24.0,1,1,0.022055,0.013432906,3.0,1.83,-1.17,-1.4728230745340252,-1.011296100877938,-0.7086505629090499,24.0,576.0,15.710526315789474,0.5317,17.6,80.0,0,8.4,0.0,45.0
T.J. McConnell,t.j. mcconnell,2023,30.0,3,8,0.0639607119488902,0.055454683,8.7,7.54,-1.16,0.3605313393824227,-0.147726744238816,0.2013424822918545,30.0,900.0,20.346666666666668,0.7244,19.1,73.0,0,37.9,0.0,75.0
Alex Len,alex len,2022,28.0,2,2,0.03169,0.022322794,3.92,2.76,-1.16,-0.6698153490920548,-0.2535331162944973,-1.2487174302293438,28.0,784.0,15.897435897435898,0.5575,17.1,84.0,0,10.6,0.0,5.0
Grayson Allen,grayson allen,2026,30.0,3,4,0.1184640522875817,0.11082093,18.12,16.96,-1.16,0.2489678466150702,0.6227220660194285,0.788842614807754,30.0,900.0,28.764705882352946,0.728,23.8,75.0,1,19.9,0.0,21.0
Zeke Nnaji,zeke nnaji,2023,22.0,1,1,0.0316589423691929,0.023131007,4.31,3.15,-1.16,-0.5313708079282816,-1.4430807791974989,-0.6447319647973955,22.0,484.0,13.735849056603774,0.5756,15.2,82.0,0,3.3,0.0,22.0
Ish Smith,ish smith,2019,30.0,1,2,0.054975,0.044339962,6.0,4.84,-1.16,0.1070798005133059,-0.6468145688625901,-0.2608040084793164,30.0,900.0,22.339285714285715,0.6829,19.9,72.0,0,25.4,0.0,75.0
Kemba Walker,kemba walker,2019,28.0,1,2,0.3,0.2895641,32.74,31.6,-1.14,1.840529587319573,1.7260643859425762,1.0520178301786922,28.0,784.0,34.91463414634146,1.0,31.5,72.0,0,29.4,0.0,9.0
Davion Mitchell,davion mitchell,2026,27.0,2,2,0.0810457516339869,0.07359468,12.4,11.26,-1.14,-0.0964580450273139,-0.2008362751717366,0.0774798046307583,27.0,729.0,28.571428571428573,0.7634,13.6,72.0,1,29.1,0.0,9.0
JaVale McGee,javale mcgee,2021,33.0,1,2,0.0444784457451918,0.034370683,5.0,3.86,-1.14,-0.3581814907609204,0.2977138993721081,-0.646631043388889,33.0,1089.0,15.242424242424242,0.6675,24.6,84.0,0,11.4,0.0,18.0
Rui Hachimura,rui hachimura,2025,26.0,3,3,0.1293075392329046,0.121279314,18.26,17.13,-1.13,0.2141145670187237,-0.3143065367333901,0.2564101014355252,26.0,676.0,31.67796610169492,0.6817,15.8,80.0,1,6.4,0.0,9.0
Tre Mann,tre mann,2025,23.0,1,3,0.0566540139368874,0.048666783,8.0,6.87,-1.13,-0.752996715945538,-0.7938521421463595,-0.8630629857959868,23.0,529.0,24.53846153846154,0.3451,26.0,76.0,1,21.2,0.0,18.0
JD Davison,jd davison,2025,22.0,1,1,0.0160807815421222,0.008060821,2.27,1.14,-1.13,-0.8480307726530087,-0.2990514991933217,-2.391598614778291,22.0,484.0,5.8125,0.1585,23.6,73.0,1,19.1,0.0,53.0
Jalen Smith,jalen smith,2023,22.0,4,4,0.0370808404584586,0.028740468,5.04,3.91,-1.13,-0.61945990889724,-0.4413403254961175,-0.612659735356212,22.0,484.0,18.808823529411764,0.561,21.0,80.0,0,7.6,0.0,10.0
Maurice Harkless,maurice harkless,2022,28.0,1,1,0.036917,0.02784944,4.56,3.44,-1.12,0.1171984004626181,-1.5701588467727714,-0.7033260150462188,28.0,784.0,18.361702127659573,0.5206,11.2,79.0,0,3.6,0.0,15.0
Reggie Jackson,reggie jackson,2021,30.0,1,1,0.092377,0.082361124,10.38,9.26,-1.12,0.7367281853621478,0.7583879253543537,0.7085733083199396,30.0,900.0,23.044776119402982,0.6669,19.9,74.0,0,19.0,0.0,24.0
Terrence Ross,terrence ross,2021,29.0,3,3,0.111196,0.10121363,12.5,11.38,-1.12,-0.6416352647826284,-1.2024297236982815,-0.0639735813579823,29.0,841.0,29.282608695652176,0.7655,24.1,78.0,0,13.2,0.0,8.0
Jevon Carter,jevon carter,2022,26.0,3,3,0.031741538959201,0.02274622,3.92,2.81,-1.11,-0.0866324987026208,-0.5996882379225881,-1.6689816379390334,26.0,676.0,12.0,0.6611,15.9,72.0,0,10.9,0.0,32.0
Giannis Antetokounmpo,giannis antetokounmpo,2024,29.0,4,7,0.3470258912567218,0.33916035,48.79,47.68,-1.11,3.483094443352805,3.929834549307646,2.2486563252481653,29.0,841.0,35.16438356164384,0.839,33.0,83.0,1,32.7,49.0,15.0
Lauri Markkanen,lauri markkanen,2024,26.0,1,5,0.3,0.29221588,42.18,41.08,-1.1,1.1640160660643497,1.7825763089065354,1.2583226882211205,26.0,676.0,33.09090909090909,0.7256,25.0,85.0,1,9.5,2.0,7.0
Thon Maker,thon maker,2019,21.0,1,1,0.032707,0.022729183,3.57,2.48,-1.09,-0.8571187131205752,-0.4240090332001332,-0.5063702224145785,21.0,441.0,19.41379310344828,0.3537,13.7,84.0,0,6.7,0.0,10.0
Nicolas Batum,nicolas batum,2022,33.0,1,2,0.0876903481460515,0.078878865,10.84,9.75,-1.09,0.4455926268955032,0.4696838342499067,0.2140468267019548,33.0,1089.0,24.79661016949153,0.666,13.3,79.0,0,9.7,0.0,25.0
Udonis Haslem,udonis haslem,2021,40.0,1,1,0.0235,0.013755681,2.64,1.55,-1.09,-2.464632085941848,0.0083161138191589,5.825382071218745,40.0,1600.0,3.0,0.0472,30.1,80.0,0,0.0,0.0,75.0
Terry Rozier,terry rozier,2020,25.0,2,3,0.1731720725673446,0.16334645,18.9,17.83,-1.07,-0.9889869228317468,-0.9747605672518564,-0.3774290441447123,25.0,625.0,34.34920634920635,0.9082,23.7,73.0,0,20.4,0.0,16.0
George Hill,george hill,2020,33.0,1,1,0.087874,0.07805128,9.59,8.52,-1.07,1.0659526101359338,1.0686828094089365,1.3232003290607826,33.0,1089.0,21.54237288135593,0.7271,15.5,76.0,0,19.0,0.0,26.0
Bronny James,bronny james,2026,21.0,1,2,0.0150083071895424,0.0081140315,2.3,1.24,-1.06,-1.3411823787041812,-1.2959491861344972,-1.0811429401994688,21.0,441.0,8.928571428571429,0.4436,16.7,74.0,1,18.1,0.0,55.0
Anthony Edwards,anthony edwards,2024,22.0,1,5,0.3,0.2925117,42.18,41.12,-1.06,2.0505635109951346,1.133133080883311,1.249152932322722,22.0,484.0,35.063291139240505,0.9463,32.3,76.0,1,24.6,0.0,1.0
Maurice Harkless,maurice harkless,2019,25.0,1,1,0.105472,0.09572803,11.51,10.45,-1.06,1.1503109791991446,0.3948013103593961,0.9367931908082476,25.0,625.0,23.58333333333333,0.7317,13.9,79.0,0,7.1,0.0,15.0
Nikola Jokić,nikola jokic,2020,24.0,2,4,0.2706799523547737,0.2609401,29.54,28.48,-1.06,2.6797502324937046,2.067050859148924,1.5170863196489233,24.0,576.0,32.0,0.9995,26.6,83.0,0,35.2,0.0,41.0
Keaton Wallace,keaton wallace,2025,25.0,1,1,0.016261642399864,0.0088272905,2.3,1.25,-1.05,-0.903933158951521,-0.3709205826846819,-0.735132229495546,25.0,625.0,16.161290322580644,0.378,16.4,75.0,1,21.0,0.0,75.0
Edmond Sumner,edmond sumner,2020,24.0,2,2,0.019791,0.010167191,2.16,1.11,-1.05,-0.7656239301178684,-1.1966201338607427,-0.3984684254272319,24.0,576.0,14.419354838709678,0.3743,17.3,76.0,0,16.7,0.0,52.0
Rodney Hood,rodney hood,2020,27.0,1,1,0.09206,0.082433306,10.05,9.0,-1.05,-0.2239686727867135,-0.9922757961946632,0.2165288736002597,27.0,729.0,29.476190476190474,0.3881,13.9,80.0,0,7.0,0.0,23.0
Stanley Johnson,stanley johnson,2020,23.0,2,2,0.034856,0.025214277,3.8,2.75,-1.05,-0.5701813114932249,-0.5485566629768911,-1.016055186766418,23.0,529.0,6.0,0.4365,23.1,78.0,0,19.4,0.0,8.0
Jaden Springer,jaden springer,2024,21.0,1,1,0.028583,0.021187132,4.02,2.98,-1.04,-0.0468780050606244,-0.4816987293365973,-0.3738938616938244,21.0,441.0,11.78125,0.2585,18.2,76.0,1,12.6,0.0,28.0
Jacob Evans,jacob evans,2019,21.0,1,1,0.017646,0.008189422,1.93,0.89,-1.04,-1.2364755053699712,-1.554747126687102,-2.083570461027514,21.0,441.0,6.8,0.3659,13.5,76.0,0,13.7,0.0,75.0
Bol Bol,bol bol,2022,22.0,2,2,0.017791,0.009577912,2.2,1.18,-1.02,-0.9868856366824263,-0.197901043175697,-0.9882624277167044,22.0,484.0,5.785714285714286,0.2219,18.0,87.0,0,9.1,0.0,44.0
Doug McDermott,doug mcdermott,2019,27.0,1,2,0.0671919919369617,0.05789872,7.33,6.32,-1.01,-0.2301262370417126,-0.9698825955731528,-0.2013440633814486,27.0,729.0,17.4025974025974,0.939,16.3,79.0,0,7.1,0.0,11.0
Malachi Flynn,malachi flynn,2023,24.0,1,1,0.028474,0.020992704,3.87,2.86,-1.01,-1.307656010217228,-0.67162548726655,-1.1285257356636993,24.0,576.0,13.037735849056604,0.5988,17.4,73.0,0,13.7,0.0,29.0
Maxi Kleber,maxi kleber,2020,28.0,2,4,0.0762781748213304,0.06698251,8.32,7.31,-1.01,0.0999076666484099,0.2045981815638011,0.2654049747334972,28.0,784.0,25.54054054054054,0.9671,13.9,82.0,0,6.3,0.0,75.0
Edmond Sumner,edmond sumner,2019,23.0,1,2,0.018325,0.009209611,2.0,1.01,-0.99,-0.6410960953118914,-1.304090899066838,-1.2669200286381537,23.0,529.0,9.130434782608695,0.2805,17.6,76.0,0,6.3,0.0,52.0
Trey Lyles,trey lyles,2019,23.0,1,2,0.050394,0.041290715,5.5,4.51,-0.99,-0.593676496280717,-0.2958958501942205,-0.5171200429972439,23.0,529.0,17.5,0.7805,23.4,81.0,0,11.3,0.0,12.0
Clint Capela,clint capela,2026,31.0,2,3,0.0459803921568627,0.039500717,7.03,6.04,-0.99,0.5467487876860911,0.1799160065999176,0.323404170540549,31.0,961.0,12.346666666666666,0.8366,13.7,82.0,1,7.1,0.0,25.0
Bradley Beal,bradley beal,2021,27.0,1,1,0.3,0.29112667,33.72,32.73,-0.99,1.5092786674997445,1.484835427864818,1.3796808946294232,27.0,729.0,35.78333333333333,0.8034,34.1,76.0,0,21.3,0.0,3.0
Ish Smith,ish smith,2020,31.0,2,2,0.054975,0.046032347,6.0,5.02,-0.98,-0.6148539100360007,-0.2216057227111642,-0.196490365115045,31.0,961.0,26.279411764705884,0.8464,19.1,72.0,0,27.1,0.0,75.0
Jarred Vanderbilt,jarred vanderbilt,2021,21.0,1,3,0.0355827565961535,0.026890162,4.0,3.02,-0.98,0.8145390252896755,1.0418796336511202,0.6819764178026051,21.0,441.0,17.796875,0.4692,12.3,80.0,0,9.3,0.0,41.0
Tyler Kolek,tyler kolek,2025,23.0,2,4,0.0155224703982777,0.00859317,2.19,1.21,-0.98,-0.2275142847395229,-0.2450593896230558,-0.913287653084308,23.0,529.0,7.219512195121951,0.5,15.8,74.0,1,29.5,0.0,34.0
Isaiah Thomas,isaiah thomas,2019,29.0,1,1,0.021258,0.012286833,2.32,1.34,-0.98,-1.4735735005258437,-0.7080860911697658,-1.8023954664121729,29.0,841.0,15.083333333333334,0.1463,30.4,69.0,0,18.6,0.0,60.0
Robert Covington,robert covington,2021,30.0,1,2,0.115426,0.106861055,12.98,12.01,-0.97,1.181361556376592,0.965100629320746,0.5743517910580428,30.0,900.0,32.042857142857144,0.6805,11.5,79.0,0,6.8,0.0,75.0
Joe Wieskamp,joe wieskamp,2022,22.0,1,1,0.017589,0.009694864,2.17,1.2,-0.97,-1.122772902792586,-0.7727657987366334,-1.2480373910582925,22.0,484.0,7.068965517241379,0.3537,13.1,78.0,0,5.5,0.0,41.0
Thomas Sorber,thomas sorber,2026,20.0,2,3,0.0319458823529411,0.025706574,4.89,3.93,-0.96,-0.638419357776572,,,20.0,400.0,,,,,1,,0.0,75.0
Ish Smith,ish smith,2021,32.0,1,1,0.040031,0.031604744,4.5,3.55,-0.95,-0.202559810905865,0.3922111354710303,-0.1245897504440001,32.0,1024.0,21.0,0.6882,15.8,72.0,0,24.7,0.0,75.0
Devin Vassell,devin vassell,2021,20.0,2,3,0.0376746668564413,0.029383266,4.24,3.3,-0.94,-0.7472356903985589,-0.4287336031383562,-0.1573719643374588,20.0,400.0,17.032258064516128,0.7561,14.3,77.0,0,7.1,0.0,11.0
Delon Wright,delon wright,2022,29.0,1,1,0.063118,0.055455245,7.8,6.86,-0.94,0.5305221682143528,0.500590541538129,1.125299315910667,29.0,841.0,18.857142857142858,0.804,10.3,76.0,0,16.6,0.0,20.0
Marvin Bagley III,marvin bagley iii,2019,19.0,1,2,0.0783958218801539,0.06986759,8.56,7.63,-0.93,-0.7622795150582262,-0.7470770599106958,-0.044799801146384,19.0,361.0,25.274193548387096,0.7561,24.2,82.0,0,5.9,0.0,2.0
Seth Curry,seth curry,2023,,1,1,0.0294072238845472,0.022535723,4.0,3.07,-0.93,-0.7185601474873183,-0.9076677780812432,,,,,,,73.0,0,,0.0,75.0
Wayne Ellington,wayne ellington,2019,31.0,1,1,0.0733,0.06490223,8.0,7.08,-0.92,0.1703059325548718,0.5451950469315545,0.940488441633539,31.0,961.0,27.285714285714285,0.3415,17.7,76.0,0,8.6,0.0,28.0
Buddy Hield,buddy hield,2023,30.0,4,4,0.1458973099741951,0.13915248,19.85,18.93,-0.92,0.3054756512768238,-0.2168122927699458,0.4217825945073132,30.0,900.0,31.025,0.8622,20.8,76.0,0,13.3,0.0,6.0
Joe Ingles,joe ingles,2021,33.0,3,3,0.1106300282882915,0.10247896,12.44,11.52,-0.92,0.9979502908331336,1.1245647152376772,1.3042199494407072,33.0,1089.0,27.86567164179105,0.9085,16.6,80.0,0,24.0,0.0,75.0
Blake Griffin,blake griffin,2019,29.0,1,1,0.313679,0.3052241,34.23,33.31,-0.92,1.6245069695108894,1.1523401316117496,1.0009561824110318,29.0,841.0,34.96,0.9146,30.2,81.0,0,27.1,0.0,1.0
Keshad Johnson,keshad johnson,2025,23.0,1,1,0.0138474944762336,0.0074055973,1.96,1.05,-0.91,-0.9430648293604796,0.0157149362581488,1.2030976980587875,23.0,529.0,6.125,0.1951,15.4,78.0,1,6.3,0.0,75.0
Bronny James,bronny james,2025,20.0,1,1,0.0138474944762336,0.0074333223,1.96,1.05,-0.91,-1.183445090444082,-0.1745666129877661,-1.8893519418950788,20.0,400.0,6.703703703703703,0.3293,20.9,74.0,1,16.5,0.0,55.0
Jacob Evans,jacob evans,2020,22.0,1,1,0.018484,0.010249203,2.02,1.12,-0.9,-1.592067003159218,-1.2258121820987542,-1.807459605778111,22.0,484.0,15.333333333333334,0.3716,17.6,76.0,0,10.9,0.0,75.0
Chaz Lanier,chaz lanier,2026,24.0,1,1,0.0140582810457516,0.008195891,2.15,1.25,-0.9,-1.7640313150250309,-1.183406327788477,-1.5205140876617305,24.0,576.0,7.705882352941177,0.4146,15.0,75.0,1,8.2,0.0,75.0
Josh Giddey,josh giddey,2025,22.0,1,4,0.1770437935527732,0.17068714,25.0,24.1,-0.9,0.4936264985112849,0.9288269130856222,0.4137175499234747,22.0,484.0,30.242857142857144,0.9049,21.7,79.0,1,32.9,0.0,6.0
Patrick Williams,patrick williams,2021,19.0,2,3,0.0660238048641628,0.0581202,7.42,6.53,-0.89,-0.8472781988768089,-1.3205512688219343,-0.5417898121635826,19.0,361.0,27.92957746478873,0.8659,14.9,78.0,0,6.7,0.0,4.0
Vince Williams Jr.,vince williams jr.,2023,22.0,1,3,0.0164114952838164,0.009843644,2.23,1.34,-0.89,-0.5203596703071618,-0.4298260674075959,-1.296566149073844,22.0,484.0,7.0,0.1829,18.1,76.0,0,4.8,0.0,47.0
Victor Oladipo,victor oladipo,2023,,1,1,0.069475,0.06310803,9.45,8.58,-0.87,-0.0744085966518096,0.0710441594430947,,,,,,,75.0,0,,0.0,2.0
Danilo Gallinari,danilo gallinari,2023,,1,1,0.050014,0.043670267,6.8,5.94,-0.86,-0.790132542024597,,,,,,,,82.0,0,,0.0,6.0
John Konchar,john konchar,2020,23.0,1,4,0.0192413413963716,0.011405387,2.1,1.24,-0.86,-0.1681279246082439,,1.3338818610965233,23.0,529.0,9.526315789473683,0.2639,10.3,77.0,0,16.2,0.0,75.0
Sandro Mamukelashvili,sandro mamukelashvili,2024,24.0,2,2,0.0148484863572993,0.008773456,2.09,1.23,-0.86,-0.3441957457386315,0.6533642097310196,-0.3294778565609562,24.0,576.0,9.804347826086955,0.45,17.7,81.0,1,15.4,0.0,54.0
Rodney McGruder,rodney mcgruder,2019,27.0,1,1,0.044051,0.03616817,4.81,3.95,-0.86,-0.498837298218368,-0.7303666447360115,-0.3743489883837194,27.0,729.0,23.484848484848484,0.8049,15.4,76.0,0,10.3,0.0,75.0
Patrick McCaw,patrick mccaw,2020,24.0,2,2,0.03665,0.028822714,4.0,3.15,-0.85,-0.8549691272034199,-1.669531315316526,-0.2576664122288324,24.0,576.0,24.54054054054054,0.4401,9.4,79.0,0,11.5,0.0,38.0
Brandon Williams,brandon williams,2025,25.0,1,1,0.0160807815421222,0.010077198,2.27,1.42,-0.85,-0.0262656940648788,0.0203249721490755,0.3694945724369026,25.0,625.0,14.757575757575758,0.3293,22.6,73.0,1,23.2,0.0,75.0
Killian Tillie,killian tillie,2021,22.0,1,2,0.016916,0.009402762,1.9,1.06,-0.84,-0.8028148617753644,-0.8067225475340449,-1.1677445378273592,22.0,484.0,10.11111111111111,0.2195,14.8,81.0,0,5.6,0.0,75.0
Terrence Ross,terrence ross,2020,28.0,2,3,0.123694,0.11601406,13.5,12.66,-0.84,0.1613324896447265,-0.5719103015673002,0.3239915595355898,28.0,784.0,27.3768115942029,0.9694,22.8,78.0,0,6.8,0.0,8.0
Josh Green,josh green,2021,20.0,2,3,0.0263091785720639,0.018894821,2.96,2.12,-0.84,-0.5026873363406147,-0.8008164702778623,-0.3599413049055288,20.0,400.0,11.41025641025641,0.4756,11.9,78.0,0,8.3,0.0,18.0
Pat Connaughton,pat connaughton,2020,27.0,1,3,0.0452471412864211,0.03770314,4.94,4.11,-0.83,-0.2518890468759484,0.3622352420490622,0.1566475576423197,27.0,729.0,18.55223880597015,0.8606,12.3,77.0,0,10.9,0.0,41.0
Garrett Temple,garrett temple,2020,33.0,2,4,0.0436778449697636,0.036133334,4.77,3.94,-0.83,-0.6986150323037049,-0.811285097118993,0.1427291977169607,33.0,1089.0,27.90322580645161,0.7623,16.6,77.0,0,12.8,0.0,75.0
Terry Taylor,terry taylor,2023,23.0,1,1,0.014848,0.00874533,2.02,1.19,-0.83,-0.6635044593817193,-0.7061682615321149,-1.0417951997100765,23.0,529.0,8.76923076923077,0.3491,14.2,77.0,0,5.9,0.0,75.0
Bol Bol,bol bol,2021,21.0,1,2,0.019225,0.011829688,2.16,1.33,-0.83,-0.4415502478261286,-1.2555844190039254,-2.0754407432735964,21.0,441.0,5.0,0.2804,21.2,87.0,0,6.0,0.0,44.0
Hamidou Diallo,hamidou diallo,2022,23.0,2,2,0.042052,0.03542238,5.2,4.38,-0.82,-0.4659844499268156,-0.494605433142632,0.5533863730565424,23.0,529.0,21.879310344827587,0.5985,21.8,77.0,0,9.8,0.0,45.0
Kyrie Irving,kyrie irving,2021,28.0,3,6,0.3106036614656537,0.30340272,34.92,34.11,-0.81,2.192902475434452,2.2112829303752823,1.596167212793773,28.0,784.0,34.925925925925924,0.576,30.4,74.0,0,28.6,0.0,1.0
Jake Layman,jake layman,2019,24.0,1,3,0.03282,0.025408933,3.58,2.77,-0.81,-0.593676496280717,-0.3738777876760804,0.0378394445828559,24.0,576.0,18.690140845070424,0.8659,15.9,80.0,0,5.6,0.0,47.0
Desmond Bane,desmond bane,2024,25.0,1,5,0.2418787520983298,0.23619272,34.01,33.21,-0.8,0.9640023132445996,0.4661373331837838,0.6826339507247855,25.0,625.0,34.357142857142854,0.6537,28.5,78.0,1,29.2,0.0,30.0
Danny Green,danny green,2019,31.0,1,1,0.134086,0.12671103,14.63,13.83,-0.8,1.619238125174092,0.7290096138530815,1.3839185406684855,31.0,961.0,27.7,0.9756,14.1,78.0,0,7.7,0.0,46.0
Dru Smith,dru smith,2026,28.0,2,3,0.0168924117647058,0.011700786,2.58,1.79,-0.79,-0.3525496543483918,0.5820930445439048,1.0563753978058523,28.0,784.0,16.3,0.5024,15.2,74.0,1,20.0,0.0,75.0
Taylor Hendricks,taylor hendricks,2025,21.0,3,3,0.043390459464053,0.037852988,6.13,5.35,-0.78,-0.6411919433485135,0.4368519655080399,-0.4956963942468196,21.0,441.0,25.0,0.2058,12.1,81.0,1,3.4,0.0,9.0
Kenrich Williams,kenrich williams,2025,30.0,3,4,0.0507265877287405,0.045148868,7.16,6.38,-0.78,0.8681724867113169,0.0131969591353254,0.4314067409181036,30.0,900.0,16.405797101449274,0.8024,15.4,79.0,1,11.0,0.0,75.0
Ariel Hukporti,ariel hukporti,2025,22.0,1,1,0.0138474944762336,0.008338393,1.96,1.18,-0.78,-1.4629570219366432,-1.033041414812833,-2.949124009519719,22.0,484.0,8.68,0.3049,11.6,84.0,1,6.4,0.0,58.0
Thomas Bryant,thomas bryant,2021,23.0,3,3,0.0770959755902289,0.07025493,8.67,7.9,-0.77,0.3476739857245093,0.4335536762643087,0.3201350002993351,23.0,529.0,27.1,0.4283,17.2,81.0,0,8.2,0.0,42.0
Jalen Hood-Schifino,jalen hood-schifino,2024,20.0,1,1,0.027597,0.022130763,3.88,3.11,-0.77,-1.3442645098373829,-0.6162680468549231,-3.659245467166936,20.0,400.0,5.190476190476191,0.2561,24.9,77.0,1,9.1,0.0,17.0
Moses Moody,moses moody,2022,19.0,2,3,0.0302467348671707,0.023979306,3.74,2.97,-0.77,-0.4320126333992758,-1.5330707980269045,-0.8100921649012696,19.0,361.0,11.673076923076923,0.6341,15.2,77.0,0,5.3,0.0,14.0
Obi Toppin,obi toppin,2021,22.0,2,3,0.0454139164161047,0.038568456,5.11,4.34,-0.77,0.1753785544564123,-0.6708827706418443,-0.0435620142167722,22.0,484.0,11.016129032258064,0.7561,15.9,81.0,0,6.4,0.0,8.0
Edmond Sumner,edmond sumner,2021,25.0,1,1,0.020638,0.013882169,2.32,1.56,-0.76,-0.5026873363406147,-1.361893809615213,-0.164794352388808,25.0,625.0,16.245283018867923,0.5084,18.3,76.0,0,7.9,0.0,52.0
Cam Christie,cam christie,2026,20.0,1,2,0.0150083071895424,0.010134047,2.3,1.55,-0.75,-1.5019840868825325,-0.6169969781793008,-1.3116327224747537,20.0,400.0,8.727272727272727,0.4787,16.9,77.0,1,8.9,0.0,46.0
Kennedy Chandler,kennedy chandler,2023,20.0,1,1,0.012644,0.007135131,1.72,0.97,-0.75,-0.6690100281922792,-0.6773826163108109,-0.8337774298838083,20.0,400.0,7.805555555555555,0.439,15.8,72.0,0,26.4,0.0,38.0
Dean Wade,dean wade,2020,23.0,1,1,0.0139085669781931,0.007168577,1.52,0.78,-0.74,-1.2961110378133294,0.3096895552206419,-0.0045464712606753,23.0,529.0,5.916666666666667,0.1667,9.9,81.0,0,4.0,0.0,75.0
Trey Burke,trey burke,2020,27.0,1,2,0.027488,0.02082874,3.0,2.27,-0.73,0.1780847140982674,-0.4025964217868344,-0.0815829750335927,27.0,729.0,13.16,0.3679,19.2,72.0,0,23.9,0.0,9.0
Royce O'Neale,royce o'neale,2020,26.0,1,8,0.0778816199376947,0.071291156,8.5,7.78,-0.72,-0.1904642238796318,0.181244542973392,0.5806720111823271,26.0,676.0,28.859154929577464,0.9913,9.6,78.0,0,11.6,0.0,75.0
Bam Adebayo,bam adebayo,2025,27.0,5,5,0.2627090533114271,0.25760743,37.1,36.38,-0.72,0.991157736568044,1.043643722699955,0.405504711247397,27.0,729.0,34.282051282051285,0.9183,23.5,81.0,1,20.0,11.0,14.0
Josh Gray,josh gray,2020,26.0,1,1,0.014848,0.008280338,1.62,0.9,-0.72,-1.3072791874490233,-0.2507977709491755,-5.107729322033007,26.0,676.0,11.5,0.0278,12.5,72.0,0,10.4,0.0,75.0
Taurean Prince,taurean prince,2020,25.0,1,2,0.1122411581455011,0.105652824,12.25,11.53,-0.72,-0.2853934957830301,0.2454670490970169,-0.1602378927513192,25.0,625.0,29.015625,0.8071,20.4,78.0,0,9.2,0.0,12.0
Adou Thiero,adou thiero,2026,21.0,1,1,0.0140582810457516,0.0093594035,2.15,1.43,-0.72,-1.0434014376331602,-0.3404137197453699,-1.3010000093043166,21.0,441.0,5.96,0.3049,14.6,79.0,1,8.7,0.0,75.0
Jalen Pickett,jalen pickett,2025,25.0,1,2,0.0157333649651577,0.010650578,2.22,1.5,-0.72,-1.2169865222231897,-0.6884102725574943,-0.4126203722541877,25.0,625.0,13.591836734693878,0.497,13.2,74.0,1,19.5,0.0,32.0
Damian Lillard,damian lillard,2020,29.0,2,2,0.2897833333333333,0.28330696,31.63,30.92,-0.71,2.595989110226,1.7050694609975832,1.7812114754417832,29.0,841.0,37.48484848484848,0.9388,30.3,74.0,0,34.4,0.0,6.0
DeAndre Jordan,deandre jordan,2019,30.0,1,2,0.0905405717427157,0.084015116,9.88,9.17,-0.71,-0.1194805059689721,-0.3070361269773433,0.1100648016226389,30.0,900.0,31.08,0.6098,14.4,83.0,0,9.5,0.0,35.0
Brandon Goodwin,brandon goodwin,2020,24.0,1,1,0.015591,0.009093884,1.7,0.99,-0.71,-0.9163939501997364,-0.6069407594529138,-1.4756847470922272,24.0,576.0,12.647058823529411,0.3683,22.4,72.0,0,18.0,0.0,75.0
Amari Williams,amari williams,2026,24.0,1,1,0.0140582810457516,0.009468971,2.15,1.45,-0.7,-1.6508745574180428,-0.5710428838588948,-1.7962786485982325,24.0,576.0,6.636363636363637,0.2683,11.1,83.0,1,8.5,0.0,75.0
E'Twaun Moore,e'twaun moore,2021,31.0,1,1,0.0235,0.017251285,2.64,1.94,-0.7,-0.9973419615941836,-0.9307501699138804,-0.3942698496430186,31.0,961.0,14.407407407407408,0.5272,17.2,75.0,0,13.7,0.0,55.0
Seth Curry,seth curry,2020,29.0,2,4,0.0717834799340296,0.06537995,7.83,7.14,-0.69,-0.1290394008833153,-0.4726573375580617,0.865836548257706,29.0,841.0,24.625,0.894,18.4,73.0,0,11.6,0.0,75.0
Tyrese Haliburton,tyrese haliburton,2024,23.0,1,5,0.3,0.29508707,42.18,41.49,-0.69,1.7099995534912356,2.472975416174468,1.6907339898049778,23.0,529.0,32.231884057971016,0.75,24.6,77.0,1,44.9,0.0,12.0
Chet Holmgren,chet holmgren,2023,,2,3,0.0763558568162269,0.07137371,10.39,9.71,-0.68,0.2449143943606648,,,,,,,,85.0,0,,0.0,2.0
Bismack Biyombo,bismack biyombo,2023,30.0,1,1,0.036759029855684,0.031736895,5.0,4.32,-0.68,-0.1514865599996482,0.1574010951070069,-0.3574370644510191,30.0,900.0,14.327868852459016,0.6646,14.0,80.0,0,8.7,0.0,7.0
Rajon Rondo,rajon rondo,2021,34.0,1,1,0.0235,0.017403578,2.64,1.96,-0.68,-0.8750677845652115,-0.871689397352054,-0.963628866415258,34.0,1156.0,14.88888888888889,0.4768,16.2,73.0,0,32.2,0.0,21.0
Jalen Lecque,jalen lecque,2020,19.0,1,1,0.013909,0.00765683,1.52,0.84,-0.68,-1.0615798954637572,-0.215767313063562,-2.9329046629984203,19.0,361.0,6.4,0.0694,17.1,76.0,0,8.6,0.0,75.0
Sam Hauser,sam hauser,2025,27.0,1,4,0.071133675145884,0.066362984,10.04,9.37,-0.67,0.3818217259142605,0.439191496316109,0.5400689141708237,27.0,729.0,21.70422535211268,0.9171,14.3,79.0,1,5.8,0.0,75.0
Derrick Jones Jr.,derrick jones jr.,2024,26.0,1,3,0.0677426949668535,0.0629276,9.52,8.85,-0.67,0.5153228136759707,-0.4699970495523951,0.1238519506661228,26.0,676.0,23.46052631578948,0.822,14.9,78.0,1,5.5,0.0,75.0
Harrison Barnes,harrison barnes,2022,29.0,4,7,0.1484151308074885,0.14302169,18.35,17.69,-0.66,-0.5056182358756122,0.0431712736724376,-0.0273670790212487,29.0,841.0,33.506493506493506,0.8817,18.8,79.0,0,10.5,0.0,7.0
Nicolas Batum,nicolas batum,2026,37.0,2,2,0.0384423529411764,0.03414084,5.88,5.22,-0.66,-0.954067155311854,-0.833424063217179,-0.6582353486140129,37.0,1369.0,17.5,0.8756,9.6,79.0,1,6.5,0.0,25.0
Jalen Pickett,jalen pickett,2024,24.0,2,2,0.0134567459527128,0.008822438,1.89,1.24,-0.65,-0.4198766251839424,-0.908810041459979,-0.7997144012257078,24.0,576.0,4.518518518518518,0.3293,16.4,74.0,1,21.7,0.0,32.0
Myron Gardner,myron gardner,2026,24.0,1,1,0.0140582810457516,0.009833517,2.15,1.5,-0.65,-0.4240170802054369,0.4431461448008991,0.6392986489267656,24.0,576.0,9.133333333333333,0.5488,15.0,77.0,1,14.0,0.0,75.0
Jake LaRavia,jake laravia,2023,21.0,2,3,0.0235251909631601,0.018778661,3.2,2.55,-0.65,-0.5644042207916411,-1.972736651269494,-0.9369958020994482,21.0,441.0,11.82857142857143,0.4268,11.7,79.0,0,6.2,0.0,19.0
Jericho Sims,jericho sims,2025,26.0,1,2,0.0174314698883915,0.012825806,2.46,1.81,-0.65,-0.8480307726530087,-1.149595435493426,-1.507139065046848,26.0,676.0,10.82051282051282,0.5293,7.5,82.0,1,6.3,0.0,58.0
Jay Huff,jay huff,2024,25.0,1,4,0.0148521424303639,0.010322425,2.09,1.45,-0.64,-0.4144708480807059,-0.7157323250206421,0.2591058501675016,25.0,625.0,2.45,0.2439,15.0,85.0,1,5.6,0.0,75.0
Sam Merrill,sam merrill,2021,24.0,1,1,0.0135034871101464,0.007841027,1.52,0.88,-0.64,-1.0084577958695446,-1.2024297236982815,-0.3339629467258069,24.0,576.0,7.766666666666667,0.3659,15.0,76.0,0,11.4,0.0,60.0
Haywood Highsmith,haywood highsmith,2022,25.0,1,2,0.0141736120658283,0.009016893,1.75,1.11,-0.64,-1.6040403035994002,-0.8345792133130783,-1.5509948417616368,25.0,625.0,8.578947368421053,0.2317,14.0,77.0,0,5.1,0.0,75.0
T.J. McConnell,t.j. mcconnell,2024,31.0,4,8,0.0661507383275955,0.06167973,9.3,8.67,-0.63,0.9964369758640184,0.5890049709179073,1.0840973261515476,31.0,961.0,18.183098591549296,0.7732,23.7,73.0,1,41.8,0.0,75.0
Kendrick Nunn,kendrick nunn,2022,,1,1,0.042457,0.03733327,5.25,4.62,-0.63,-0.1715620400214704,,,,,,,,75.0,0,,0.0,75.0
Kelly Olynyk,kelly olynyk,2023,,5,7,0.0896561707383418,0.08508036,12.2,11.57,-0.63,0.4761482844041807,0.0825584175316163,,,,,,,84.0,0,,0.0,13.0
Cameron Payne,cameron payne,2022,27.0,2,3,0.048522097772027,0.043447163,6.0,5.37,-0.63,-0.1885479482852403,-0.0186421409040071,-0.1851361667051452,27.0,729.0,22.03448275862069,0.5954,24.6,74.0,0,30.7,0.0,14.0
CJ McCollum,cj mccollum,2021,29.0,3,7,0.2745583112423719,0.2689342,30.86,30.23,-0.63,1.720479518731605,1.644299513781749,1.5002947004638465,29.0,841.0,34.04255319148936,0.749,27.1,75.0,0,23.0,0.0,10.0
Jordan Walsh,jordan walsh,2025,20.0,1,2,0.0157333649651577,0.011269412,2.22,1.59,-0.63,-0.4958457389723816,-1.1424856239675456,-1.210213359065578,20.0,400.0,7.75,0.4375,11.5,78.0,1,6.0,0.0,38.0
Kevon Looney,kevon looney,2025,28.0,4,5,0.0566540139368874,0.05217805,8.0,7.37,-0.63,0.7563677141142924,0.7980610738370862,0.3012648357433341,28.0,784.0,15.026315789473683,0.9341,13.3,81.0,1,14.3,0.0,30.0
PJ Dozier,pj dozier,2020,23.0,1,1,0.016152,0.010358305,1.76,1.13,-0.63,-1.0504117458280633,-0.5777487112149025,-0.4971916760605922,23.0,529.0,14.20689655172414,0.2792,20.8,78.0,0,21.6,0.0,75.0
Jordan McLaughlin,jordan mclaughlin,2021,24.0,1,3,0.0177913782980767,0.012317828,2.0,1.38,-0.62,-0.6694248504710313,0.5162387578508657,-0.3509725860101486,24.0,576.0,18.392156862745097,0.622,13.7,71.0,0,28.0,0.0,75.0
Ivica Zubac,ivica zubac,2024,,3,3,0.0835292485845164,0.079118855,11.74,11.12,-0.62,0.5801921389148086,0.6884692490836264,,,,,,,84.0,1,,0.0,32.0
Dariq Whitehead,dariq whitehead,2024,19.0,2,3,0.0221515349816485,0.0177498,3.11,2.5,-0.61,-0.8253099079266792,-0.0662890969974179,-1.890915353135137,19.0,361.0,12.0,0.0244,10.6,78.0,1,15.6,0.0,22.0
Jake Layman,jake layman,2020,25.0,2,3,0.034461,0.02887059,3.76,3.15,-0.61,-0.4138272165935101,-0.9514069286614474,-0.2926241534367108,25.0,625.0,21.95652173913044,0.5243,17.7,80.0,0,4.4,0.0,47.0
Kai Jones,kai jones,2022,21.0,2,3,0.023525,0.018709958,2.91,2.31,-0.6,-1.0435053308949929,-0.8716672620589452,-2.689380414101476,21.0,441.0,3.0,0.2561,15.9,83.0,0,8.6,0.0,19.0
Dwight Powell,dwight powell,2019,27.0,1,4,0.0940019699468572,0.08848075,10.26,9.66,-0.6,1.166117512209536,1.0632179173467668,0.7288513489123145,27.0,729.0,21.584415584415584,0.939,17.2,82.0,0,10.7,0.0,45.0
Nassir Little,nassir little,2024,23.0,1,5,0.0221010541440236,0.017945705,3.11,2.52,-0.59,-1.2739894074953082,-1.1369927972519225,-0.7805152248134357,23.0,529.0,10.177777777777775,0.5744,13.9,78.0,1,6.1,0.0,25.0
Nathan Knight,nathan knight,2022,24.0,1,1,0.014848,0.010099617,1.84,1.25,-0.59,-0.4829703581905856,-0.0124607994463626,0.105580578919276,24.0,576.0,7.216216216216216,0.4512,20.7,80.0,0,11.9,0.0,75.0
Hunter Tyson,hunter tyson,2025,24.0,1,1,0.0157333649651577,0.011520002,2.22,1.63,-0.59,-1.0660500792172063,-1.0603756643726387,-1.891878969180026,24.0,576.0,7.84313725490196,0.471,15.5,80.0,1,6.1,0.0,37.0
Kessler Edwards,kessler edwards,2023,22.0,1,1,0.014174,0.009819028,1.93,1.34,-0.59,-0.6469877529500395,-0.2225694218142066,-1.7464808043332636,22.0,484.0,5.642857142857143,0.3262,16.2,80.0,0,3.2,0.0,44.0
Devonte' Graham,devonte' graham,2024,28.0,1,1,0.020272,0.016098477,2.85,2.26,-0.59,-0.5009632817324897,-0.1482008554868335,-0.7816614443007356,28.0,784.0,13.608695652173912,0.3988,17.8,73.0,1,21.0,0.0,34.0
Nickeil Alexander-Walker,nickeil alexander-walker,2023,24.0,2,3,0.0344615904897038,0.030136663,4.69,4.1,-0.59,-0.5478875143599613,-0.7810109391075054,0.1480393404036903,24.0,576.0,14.666666666666666,0.5146,18.4,77.0,0,19.9,0.0,17.0
Zylan Cheatham,zylan cheatham,2020,24.0,1,1,0.013246,0.007867214,1.45,0.86,-0.59,-0.8996417257461954,-0.3617275542536187,-1.5523975680761828,24.0,576.0,12.75,0.0556,10.4,77.0,0,7.7,0.0,75.0
Cam Christie,cam christie,2025,19.0,1,1,0.0138474944762336,0.009695455,1.96,1.37,-0.59,-0.5908797956798525,0.0117766431417326,-0.5020139624591871,19.0,361.0,4.538461538461538,0.1585,20.5,77.0,1,13.7,0.0,46.0
Joshua Primo,joshua primo,2022,19.0,2,2,0.033515,0.02877264,4.14,3.56,-0.58,-1.5191107622805506,-1.6937856759256606,-1.380305009827766,19.0,361.0,19.3,0.6098,15.4,76.0,0,10.6,0.0,12.0
Sam Merrill,sam merrill,2023,26.0,1,2,0.0146833062541813,0.010466488,2.0,1.42,-0.58,-0.3441814683692449,-0.2168122927699458,0.931776214776274,26.0,676.0,11.8,0.1256,17.3,76.0,0,12.0,0.0,60.0
Theo Pinson,theo pinson,2019,23.0,1,1,0.013246,0.007962876,1.45,0.87,-0.58,-0.8992694678149525,-0.2290541894954833,-0.9125118813034048,23.0,529.0,11.72222222222222,0.2195,20.0,77.0,0,14.1,0.0,75.0
Josh Jackson,josh jackson,2020,22.0,1,1,0.043678,0.03852367,4.77,4.2,-0.57,-0.0508623534334578,0.1520524947353807,0.3887281173279574,22.0,484.0,17.318181818181817,0.5523,22.8,80.0,0,13.1,0.0,4.0
Gui Santos,gui santos,2024,21.0,1,1,0.0134567459527128,0.009415024,1.89,1.32,-0.57,-0.5766441611778007,0.0156226614919977,0.1195536275887484,21.0,441.0,8.347826086956522,0.2805,15.2,79.0,1,9.6,0.0,55.0
Shake Milton,shake milton,2024,27.0,1,1,0.02045,0.01643162,2.88,2.31,-0.57,-1.3010182930114909,-0.9497659207046868,-0.9286640935469376,27.0,729.0,12.921052631578949,,18.7,77.0,1,14.1,0.0,54.0
Jordan Nwora,jordan nwora,2022,23.0,1,1,0.022644,0.018073704,2.8,2.23,-0.57,-1.6833078754969932,-1.3785372615857925,-1.02056428834164,23.0,529.0,19.11290322580645,0.6098,19.4,80.0,0,7.0,0.0,45.0
Jahmi'us Ramsey,jahmi'us ramsey,2021,19.0,1,1,0.013503,0.008477666,1.52,0.95,-0.57,-0.9028573702536145,-0.1570540493539549,-0.5952928593670576,19.0,361.0,7.230769230769231,0.1585,19.8,75.0,0,8.8,0.0,43.0
Juwan Morgan,juwan morgan,2020,22.0,1,1,0.013909,0.008702736,1.52,0.95,-0.57,-0.7823761545714093,-0.5368798436816865,-0.6441436622492666,22.0,484.0,6.380952380952381,0.2917,11.0,79.0,0,6.2,0.0,75.0
Tre Jones,tre jones,2021,21.0,1,1,0.0135034871101464,0.0084200185,1.52,0.95,-0.57,-1.6142707638767246,-1.001623096988072,-1.3205220252176286,21.0,441.0,7.27027027027027,0.4512,16.1,73.0,0,20.0,0.0,41.0
Jaylen Nowell,jaylen nowell,2020,20.0,2,2,0.013909,0.00882697,1.52,0.96,-0.56,-0.7991283790249503,-0.2683129998919824,-0.5985043890056475,20.0,400.0,10.066666666666666,0.2083,17.3,76.0,0,17.8,0.0,43.0
Isaac Jones,isaac jones,2025,24.0,1,1,0.0138474944762336,0.009947833,1.96,1.4,-0.56,-1.0884110337366113,-0.4554646568223622,-0.9445596157355268,24.0,576.0,7.6,0.4878,16.3,80.0,1,5.6,0.0,75.0
Theo Pinson,theo pinson,2022,26.0,1,1,0.014848,0.010390969,1.84,1.28,-0.56,-1.2643221383240018,-0.5687815306343659,-0.1922765780011836,26.0,676.0,7.7894736842105265,0.222,14.7,77.0,0,15.9,0.0,75.0
Kai Jones,kai jones,2023,22.0,3,3,0.022407,0.018292628,3.05,2.49,-0.56,-0.3551926059903646,-1.0573531332320243,-0.838520506068772,22.0,484.0,11.956521739130435,0.4466,12.4,83.0,0,3.7,0.0,19.0
Miles Bridges,miles bridges,2025,26.0,2,3,0.1770437935527732,0.17305759,25.0,24.44,-0.56,0.0184562149739309,-0.270234140202366,0.2181888137507021,26.0,676.0,31.703125,0.8037,28.0,79.0,1,21.7,0.0,12.0
Vince Williams Jr.,vince williams jr.,2025,24.0,3,3,0.0162992677468698,0.012346957,2.3,1.74,-0.56,-0.8033088636141991,-0.6262017951821918,-0.8406356186420825,24.0,576.0,18.48148148148148,0.3915,17.0,76.0,1,13.8,0.0,47.0
Garrett Temple,garrett temple,2021,34.0,3,4,0.0436778337217784,0.038732458,4.91,4.35,-0.56,-0.4248764964130871,-1.24377226449156,-0.0584067903194704,34.0,1156.0,27.285714285714285,0.7193,13.1,77.0,0,10.5,0.0,75.0
Amile Jefferson,amile jefferson,2019,25.0,1,1,0.013926,0.008893178,1.52,0.97,-0.55,-0.5778699632703256,-0.0229590690077106,1.8438093024706383,25.0,625.0,5.666666666666667,0.1463,13.1,81.0,0,6.4,0.0,75.0
Isaiah Roby,isaiah roby,2020,21.0,2,2,0.013909,0.008882377,1.52,0.97,-0.55,-1.3184473370847172,-0.215767313063562,-4.652631320752664,21.0,441.0,3.6666666666666665,0.0417,8.0,78.0,0,0.0,0.0,45.0
Luke Kornet,luke kornet,2020,24.0,2,2,0.0206157229246838,0.015577643,2.25,1.7,-0.55,-0.0620305030691517,0.1170220368497671,-0.7642299769541083,24.0,576.0,15.52777777777778,0.5229,16.3,85.0,0,8.5,0.0,75.0
Ed Davis,ed davis,2021,31.0,1,1,0.0235,0.018628702,2.64,2.09,-0.55,-0.4637819163768508,0.185498431504638,-0.5275635683984966,31.0,961.0,13.0,0.4545,7.9,81.0,0,9.0,0.0,13.0
Jamal Murray,jamal murray,2020,22.0,1,5,0.25,0.24492046,27.28,26.73,-0.55,1.3786607999353635,0.8409848331524481,0.6509111763870459,22.0,484.0,32.271186440677965,0.8551,25.2,76.0,0,22.9,0.0,7.0
Fred VanVleet,fred vanvleet,2019,24.0,1,1,0.0856345336265347,0.08066291,9.35,8.8,-0.55,0.5180496587834847,0.5563353237146773,0.5343467827447128,24.0,576.0,27.5,0.7805,17.9,72.0,0,23.9,0.0,75.0
Isaiah Joe,isaiah joe,2021,21.0,1,1,0.0135034871101464,0.008753732,1.52,0.98,-0.54,-0.5582665077174203,-0.0684628905112153,-0.4935442898298132,21.0,441.0,9.341463414634148,0.5,17.4,76.0,0,7.2,0.0,49.0
KZ Okpala,kz okpala,2021,21.0,1,1,0.015858,0.010996158,1.78,1.24,-0.54,-0.6860986018840729,-1.1020264103431767,-1.687002435252992,21.0,441.0,12.08108108108108,0.3081,11.9,80.0,0,5.8,0.0,32.0
KZ Okpala,kz okpala,2022,22.0,1,1,0.015383,0.011002325,1.9,1.36,-0.54,-1.354913649064108,-0.482242750227343,-0.6672839389805012,22.0,484.0,11.61904761904762,0.2773,14.4,80.0,0,8.3,0.0,32.0
Admiral Schofield,admiral schofield,2020,22.0,1,1,0.013909,0.009116135,1.52,0.99,-0.53,-1.1676773170028494,-0.9981142058422656,-1.402856119575814,22.0,484.0,11.151515151515152,0.4583,11.9,77.0,0,5.3,0.0,42.0
Trey Lyles,trey lyles,2020,24.0,2,2,0.050394,0.045492534,5.5,4.97,-0.53,-0.5645972366753781,-0.0989991201115167,-0.2230323538099157,24.0,576.0,20.17460317460317,0.8396,13.6,81.0,0,7.2,0.0,12.0
Julian Strawther,julian strawther,2026,23.0,1,1,0.0315485686274509,0.028110955,4.83,4.3,-0.53,-0.9004665859190703,-0.7553025485861625,-0.456213798375705,23.0,529.0,15.105263157894736,0.7073,19.4,78.0,1,9.8,0.0,29.0
Justin James,justin james,2020,23.0,1,1,0.013909,0.009068311,1.52,0.99,-0.53,-0.9275620998354304,-0.0522918429306985,-0.7503116170287493,23.0,529.0,6.444444444444445,0.5,18.9,78.0,0,11.2,0.0,40.0
Luke Kennard,luke kennard,2024,27.0,1,1,0.065795089196802,0.06201928,9.25,8.72,-0.53,-0.1549935471253543,-0.91466088135208,-0.0374784421713269,27.0,729.0,25.615384615384617,0.5366,16.7,77.0,1,20.8,0.0,12.0
Malaki Branham,malaki branham,2025,21.0,1,1,0.0351398858421619,0.031422015,4.96,4.44,-0.52,-1.5579910786441142,-1.3054407686404734,-1.096497131242964,21.0,441.0,9.085106382978724,0.722,23.8,76.0,1,13.4,0.0,20.0
Moses Brown,moses brown,2023,23.0,1,1,0.014848,0.011005883,2.02,1.5,-0.52,-0.4597984133910028,1.164898677852649,0.0400778920030866,23.0,529.0,8.470588235294118,0.3634,21.5,86.0,0,2.2,0.0,75.0
Wenyen Gabriel,wenyen gabriel,2022,24.0,1,1,0.015193,0.011071629,1.88,1.37,-0.51,-1.0604912391587629,-0.4204293356508983,-0.6251215103753219,24.0,576.0,16.36842105263158,0.2455,17.5,81.0,0,5.5,0.0,75.0
Cody Williams,cody williams,2025,20.0,2,3,0.0406668177440371,0.0371008,5.74,5.24,-0.5,-2.03875160081132,-2.315446797715889,-2.0305495914414915,20.0,400.0,21.2,0.6098,12.5,80.0,1,7.4,0.0,10.0
Matt Thomas,matt thomas,2021,26.0,1,1,0.014848,0.010383206,1.67,1.17,-0.5,-0.8250465303260867,-0.8362529338149581,-1.416703803716361,26.0,676.0,7.384615384615385,0.4117,16.0,75.0,0,6.7,0.0,75.0
Kawhi Leonard,kawhi leonard,2020,28.0,2,8,0.315,0.31046104,34.38,33.88,-0.5,3.6067066522563,4.151363103342933,3.017356046487041,28.0,784.0,32.421052631578945,0.7692,33.0,78.0,0,26.4,0.0,15.0
Drew Eubanks,drew eubanks,2020,22.0,1,3,0.0148484881803188,0.010300367,1.62,1.12,-0.5,-0.4808361144076736,-0.3091818674251982,-0.8137534436652695,22.0,484.0,12.363636363636363,0.3056,15.8,82.0,0,7.7,0.0,75.0
Dean Wade,dean wade,2023,,1,3,0.0419779078230567,0.03828313,5.71,5.21,-0.5,-0.2065422481052473,-0.4010404221862919,,,,,,,81.0,0,,0.0,75.0
Bilal Coulibaly,bilal coulibaly,2024,19.0,2,3,0.0494013713830483,0.045960285,6.95,6.46,-0.49,-1.1820911967402878,-1.4119822721806752,-0.830089217639153,19.0,361.0,27.22222222222222,0.7683,14.2,79.0,1,8.2,0.0,7.0
Deonte Burton,deonte burton,2019,25.0,1,1,0.012982,0.008482546,1.42,0.93,-0.49,-1.1205609299604335,,-0.946105070624234,25.0,625.0,7.5,0.3902,16.3,76.0,0,5.0,0.0,75.0
Malcolm Miller,malcolm miller,2019,25.0,1,1,0.014552,0.010192216,1.59,1.11,-0.48,-0.8360433357733865,-0.6356742920794672,-0.353185279111597,25.0,625.0,6.7,0.122,18.5,79.0,0,2.1,0.0,75.0
Ryan Arcidiacono,ryan arcidiacono,2020,25.0,2,2,0.027488,0.023132904,3.0,2.52,-0.48,-0.6204379848538475,-0.9747605672518564,-0.914418791032401,25.0,625.0,16.03448275862069,0.8739,12.5,75.0,0,14.3,0.0,75.0
Keita Bates-Diop,keita bates-diop,2021,25.0,1,2,0.015383,0.011089554,1.73,1.25,-0.48,-0.7027723532971146,-0.6413523843609312,-0.412207287433779,25.0,625.0,8.166666666666666,0.3659,14.8,80.0,0,6.6,0.0,48.0
Miles McBride,miles mcbride,2022,21.0,1,1,0.012644195544054,0.008736013,1.56,1.08,-0.48,-1.230350321796462,-0.2844398235827197,-0.4748328535729896,21.0,441.0,9.3,0.4878,13.9,74.0,0,15.9,0.0,36.0
Nick Richards,nick richards,2022,24.0,1,1,0.0144160850754114,0.010518698,1.78,1.3,-0.48,-0.9698997284186566,-1.1374649447376577,-1.425527614702676,24.0,576.0,7.34,0.4634,15.4,83.0,0,4.9,0.0,42.0
Devonte' Graham,devonte' graham,2019,23.0,1,1,0.012982,0.008646109,1.42,0.94,-0.48,-1.0889478639396504,-0.1956333591461148,-0.9128478131966128,23.0,529.0,14.695652173913045,0.561,17.0,73.0,0,24.8,0.0,34.0
Rayan Rupert,rayan rupert,2025,20.0,1,1,0.0157333649651577,0.0123745855,2.22,1.75,-0.47,-1.7145177602799484,-1.4478853979202049,-1.5011373752450994,20.0,400.0,8.846153846153847,0.5747,16.8,79.0,1,7.6,0.0,43.0
Dru Smith,dru smith,2025,27.0,1,3,0.0168465667667554,0.013574338,2.38,1.92,-0.46,-0.5461578866410426,-0.3003350223536363,1.0410520734115625,27.0,729.0,19.142857142857142,0.1524,13.8,74.0,1,12.0,0.0,75.0
Rui Hachimura,rui hachimura,2022,23.0,1,1,0.0506505034167643,0.046884496,6.26,5.8,-0.46,-1.196378505268922,-0.636776286668455,-0.2613005538628883,23.0,529.0,22.45238095238096,0.598,20.9,80.0,0,7.9,0.0,9.0
Trayce Jackson-Davis,trayce jackson-davis,2026,25.0,2,2,0.0157268300653594,0.012756773,2.41,1.95,-0.46,-0.8230435412406047,-0.01675139654163,-0.6592643208563133,25.0,625.0,11.416666666666666,0.6122,14.8,81.0,1,11.1,0.0,57.0
Jalen Pickett,jalen pickett,2026,26.0,2,2,0.0157268300653594,0.012713205,2.41,1.95,-0.46,-1.4305166610254874,-1.3532004562575002,-0.9497774839324536,26.0,676.0,16.14,0.55,14.8,74.0,1,18.4,0.0,32.0
Jarred Vanderbilt,jarred vanderbilt,2020,20.0,1,1,0.0152451988271944,0.011025729,1.66,1.2,-0.46,-0.4194112914113571,-0.6653248559289364,-1.434253350105112,20.0,400.0,4.555555555555555,0.1559,14.8,80.0,0,6.6,0.0,41.0
Orlando Robinson,orlando robinson,2023,22.0,1,1,0.013246,0.00987286,1.8,1.34,-0.46,-0.338675899558685,0.2667865469479624,-0.3931230662236036,22.0,484.0,13.709677419354838,0.378,12.4,82.0,0,8.4,0.0,75.0
Aaron Nesmith,aaron nesmith,2022,22.0,3,3,0.0307659213133314,0.0270187,3.8,3.34,-0.46,-0.5452520218244086,-0.8593045791436562,-0.8335535163025386,22.0,484.0,11.038461538461538,0.6067,17.2,77.0,0,5.4,0.0,14.0
Jeremy Lamb,jeremy lamb,2020,27.0,2,2,0.096207,0.09196548,10.5,10.04,-0.46,0.1557484148268795,-0.3558891446060164,0.6127166072895489,27.0,729.0,28.065217391304348,0.7606,19.6,77.0,0,10.5,0.0,12.0
Thaddeus Young,thaddeus young,2021,32.0,1,1,0.12623,0.122152545,14.19,13.73,-0.46,0.6033381740578146,1.0241614018825724,1.386175484174354,32.0,1024.0,24.294117647058822,0.8789,22.3,80.0,0,27.1,0.0,12.0
Mike Muscala,mike muscala,2021,29.0,1,1,0.031135,0.027108602,3.5,3.05,-0.45,0.1364731344926485,-0.0094021179493889,-0.2489147503040981,29.0,841.0,18.428571428571427,0.5239,20.0,82.0,0,7.0,0.0,44.0
Anfernee Simons,anfernee simons,2021,21.0,1,1,0.035038500542637,0.031058207,3.94,3.49,-0.45,-0.5249190048913369,-1.3796120413837607,-0.2127306085537711,21.0,441.0,17.25,0.7307,18.3,75.0,0,11.4,0.0,24.0
Caris LeVert,caris levert,2023,28.0,1,2,0.1131047117724469,0.1097788,15.38,14.93,-0.45,-0.3551926059903646,0.3186007083463097,0.2779092835634124,28.0,784.0,30.22972972972973,0.6793,18.7,79.0,0,18.0,0.0,20.0
Toumani Camara,toumani camara,2026,25.0,1,4,0.1181722745098039,0.115226574,18.08,17.63,-0.45,0.3502133665792173,-0.0121539790942634,0.1519087968238191,25.0,625.0,33.30487804878049,0.9561,16.3,79.0,1,10.4,2.0,52.0
Paul Watson,paul watson,2020,25.0,1,1,0.013246,0.009288545,1.45,1.01,-0.44,-0.6539424337609292,-0.3150202770728005,1.053572565855572,25.0,625.0,8.75,0.1111,15.9,78.0,0,10.3,0.0,75.0
Duncan Robinson,duncan robinson,2019,24.0,1,1,0.0129819681143485,0.008964963,1.42,0.98,-0.44,-0.9203448451621412,-0.7359367831275729,-1.1883119656274133,24.0,576.0,10.733333333333333,0.1829,14.0,79.0,0,4.4,0.0,75.0
Nick Richards,nick richards,2021,23.0,1,1,0.0135034871101464,0.009657684,1.52,1.09,-0.43,-0.7972569446376839,-0.659070616129479,-2.3445023101350024,23.0,529.0,3.5,0.2195,11.5,83.0,0,4.2,0.0,42.0
Jared Butler,jared butler,2022,21.0,1,1,0.012644,0.009163258,1.56,1.13,-0.43,-0.9302659424698602,-0.5873255550072991,-0.1932966367577605,21.0,441.0,8.571428571428571,0.5122,23.1,75.0,0,26.0,0.0,40.0
Udonis Haslem,udonis haslem,2019,38.0,1,1,0.0235,0.01948987,2.56,2.13,-0.43,-2.548417745232465,-0.435149309983256,-4.018202234014073,38.0,1444.0,7.4,0.122,21.9,80.0,0,4.0,0.0,75.0
Jericho Sims,jericho sims,2024,25.0,2,2,0.0148828064984209,0.0118171945,2.09,1.66,-0.43,-0.4631228420098344,-1.3944297525043718,-1.028958298685672,25.0,625.0,13.0,0.5646,6.0,82.0,1,5.4,0.0,58.0
Maxwell Lewis,maxwell lewis,2024,21.0,1,1,0.013457,0.01041543,1.89,1.46,-0.43,-1.0199178836431932,-1.014125159517799,-4.054691190285373,21.0,441.0,3.0294117647058822,0.4146,13.6,79.0,1,6.8,0.0,40.0
Shake Milton,shake milton,2019,22.0,1,1,0.013246,0.009421006,1.45,1.03,-0.42,-1.162711684654811,-0.6245340152963443,-0.4680739865888331,22.0,484.0,13.4,0.2439,15.0,77.0,0,9.2,0.0,54.0
Jae Crowder,jae crowder,2021,30.0,2,2,0.086474,0.08274138,9.72,9.3,-0.42,0.9256973680432864,0.1736862769922727,0.4376561444456964,30.0,900.0,27.466666666666665,0.7485,15.7,78.0,0,10.0,0.0,34.0
Derrick White,derrick white,2022,27.0,2,4,0.1366128098338118,0.1331795,16.89,16.47,-0.42,0.5022123211080696,0.6180360292333742,0.8400228836546562,27.0,729.0,30.3265306122449,0.6194,20.7,76.0,0,25.2,0.0,29.0
Wendell Carter Jr.,wendell carter jr.,2019,19.0,1,2,0.0476580538757559,0.043858346,5.2,4.79,-0.41,-0.7095910716902547,0.144145082739132,-1.2198895635889926,19.0,361.0,25.227272727272727,0.5366,19.1,82.0,0,10.7,0.0,7.0
Derrick Rose,derrick rose,2023,34.0,1,1,0.0235,0.020523474,3.2,2.79,-0.41,-0.8837272118041154,-1.1206815527188934,-1.193347776858204,34.0,1156.0,12.51851851851852,0.3451,23.6,75.0,0,19.9,0.0,1.0
Malachi Flynn,malachi flynn,2022,23.0,3,3,0.017352,0.01404167,2.15,1.74,-0.41,-0.9868856366824263,-0.4080666527356093,-0.5078147533689766,23.0,529.0,12.204545454545457,0.5503,16.5,73.0,0,18.5,0.0,29.0
Ziaire Williams,ziaire williams,2024,22.0,1,3,0.0436239579480467,0.04065753,6.13,5.72,-0.41,-1.0577583233658483,-1.1955011961729336,-0.7673337007094879,22.0,484.0,20.352941176470587,0.5976,19.7,81.0,1,11.1,0.0,10.0
Drew Eubanks,drew eubanks,2021,23.0,2,3,0.0156812852491682,0.012047719,1.76,1.35,-0.41,-0.6249615133695868,0.2091227405293685,-0.4316910560685703,23.0,529.0,13.98148148148148,0.5262,17.1,82.0,0,7.9,0.0,75.0
Nae'Qwan Tomlin,nae'qwan tomlin,2026,25.0,1,1,0.0157587581699346,0.013141453,2.41,2.01,-0.4,-0.4180614613840164,-0.0479299938273685,-0.0333062067902491,25.0,625.0,15.6875,0.5107,15.5,80.0,1,7.0,0.0,75.0
Isaiah Joe,isaiah joe,2022,22.0,1,2,0.0148484897497068,0.011667757,1.84,1.44,-0.4,-0.8113645846234707,-1.58252152968806,-0.982822114348294,22.0,484.0,11.072727272727272,0.6067,15.5,76.0,0,8.1,0.0,49.0
Trae Young,trae young,2022,23.0,1,4,0.3,0.29680502,37.1,36.7,-0.4,1.5496766640405475,2.317904930085606,1.3299911063971015,23.0,529.0,34.89473684210526,0.8606,34.4,74.0,0,46.7,0.0,5.0
Yogi Ferrell,yogi ferrell,2019,25.0,1,1,0.028862,0.025179382,3.15,2.75,-0.4,-0.3565785011248445,-0.5688326313807303,-0.4502695962487936,25.0,625.0,15.028169014084508,0.8659,16.3,72.0,0,17.0,0.0,75.0
AJ Johnson,aj johnson,2026,21.0,3,3,0.0211576470588235,0.018532462,3.24,2.84,-0.4,-1.9188774043819616,-0.6039281152968284,-2.262060083612871,21.0,441.0,10.434782608695652,0.2759,20.5,77.0,1,14.1,0.0,23.0
Eric Bledsoe,eric bledsoe,2020,30.0,1,1,0.154618,0.15099068,16.88,16.48,-0.4,2.08225422698408,1.237996689189402,1.0587514904789612,30.0,900.0,26.983606557377048,0.8862,23.7,73.0,0,28.7,0.0,18.0
Jalen Johnson,jalen johnson,2022,20.0,2,3,0.0225841251870122,0.019319007,2.79,2.39,-0.4,-1.2643221383240018,-0.636776286668455,-1.7023035573205465,20.0,400.0,5.454545454545454,0.2683,19.3,80.0,0,3.7,0.0,20.0
Alex Caruso,alex caruso,2023,28.0,3,4,0.0695480844869542,0.0666021,9.46,9.06,-0.4,0.8119879818483349,1.1015702583657805,0.244256028727241,28.0,784.0,23.507462686567163,0.7,11.1,77.0,0,15.4,0.0,75.0
Sidy Cissoko,sidy cissoko,2024,19.0,1,1,0.0134567459527128,0.0106119225,1.89,1.49,-0.4,-0.6036730466939833,-0.3295768921419681,0.5619943496864792,19.0,361.0,11.75,0.1463,12.7,78.0,1,9.4,0.0,44.0
Khyri Thomas,khyri thomas,2019,22.0,1,1,0.012982,0.009450397,1.42,1.03,-0.39,-0.8676564017941696,-0.552122216206046,-1.0703998711113023,22.0,484.0,7.5,0.3171,17.2,75.0,0,6.0,0.0,38.0
Deni Avdija,deni avdija,2021,20.0,2,3,0.0417460458661732,0.038247224,4.69,4.3,-0.39,-0.8972994531159337,-0.1924905128910507,-0.5665311056680796,20.0,400.0,23.27777777777778,0.6585,12.0,80.0,0,6.3,0.0,9.0
DeMar DeRozan,demar derozan,2022,32.0,4,5,0.2207755448627229,0.2176384,27.3,26.91,-0.39,0.3323532384703704,0.9023777362850202,1.1147587087593724,32.0,1024.0,36.0921052631579,0.8755,31.8,78.0,0,23.3,0.0,9.0
Al Horford,al horford,2026,39.0,2,2,0.0390147058823529,0.036468927,5.97,5.58,-0.39,-0.6622418330622535,0.6812991317644109,-0.3605193798417698,39.0,1521.0,21.53333333333333,0.6524,16.5,80.0,1,17.0,0.0,3.0
Justin Champagnie,justin champagnie,2024,22.0,1,1,0.0128033687085668,0.010058031,1.8,1.41,-0.39,-0.3441957457386315,0.0975344199814134,-0.1747382257754804,22.0,484.0,15.666666666666666,0.1866,17.0,78.0,1,10.7,0.0,75.0
Alize Johnson,alize johnson,2019,22.0,1,1,0.012982,0.009421079,1.42,1.03,-0.39,-1.2575508827171598,-0.5744027697722917,-1.6303983370895268,22.0,484.0,4.571428571428571,0.1707,13.3,81.0,0,2.0,0.0,50.0
Dewayne Dedmon,dewayne dedmon,2022,32.0,3,5,0.022229,0.019080738,2.75,2.36,-0.39,-0.3697309697654528,-9.811653107372496e-05,-0.3976484076586695,32.0,1024.0,15.8955223880597,0.5615,16.9,82.0,0,6.7,0.0,75.0
Thomas Bryant,thomas bryant,2022,24.0,1,1,0.0148484897497068,0.011808964,1.84,1.46,-0.38,-0.3470830920804262,0.1049846882488824,-0.8189326741249362,24.0,576.0,16.25925925925926,0.329,18.7,81.0,0,7.9,0.0,42.0
Jaylen Clark,jaylen clark,2025,23.0,1,1,0.0155224703982777,0.012803093,2.19,1.81,-0.38,-0.6411919433485135,-0.7382276186493986,0.8114084688920058,23.0,529.0,13.05,,12.0,77.0,1,6.7,0.0,53.0
Naz Reid,naz reid,2020,20.0,1,1,0.0139085669781931,0.010581466,1.52,1.15,-0.37,-0.9163939501997364,0.1403756754401762,-0.1751273010435638,20.0,400.0,16.5,0.4167,24.0,81.0,0,11.2,0.0,75.0
Raul Neto,raul neto,2019,26.0,1,1,0.015917,0.012532877,1.74,1.37,-0.37,-0.114211661632175,-0.3627375108929574,0.3778025205096483,26.0,676.0,12.81081081081081,0.4512,19.0,74.0,0,28.7,0.0,47.0
Deividas Sirvydis,deividas sirvydis,2021,20.0,1,1,0.014265,0.010924326,1.6,1.23,-0.37,-1.3697224098187804,-0.5645733800305569,-1.591439189091872,20.0,400.0,6.65,0.2439,15.7,80.0,0,5.4,0.0,37.0
Cameron Payne,cameron payne,2023,,3,3,0.0477867388123892,0.045124087,6.5,6.14,-0.36,-0.4157538629065236,-0.0153127762208174,,,,,,,74.0,0,,0.0,14.0
JaVale McGee,javale mcgee,2022,34.0,2,2,0.0441649670454086,0.041241318,5.46,5.1,-0.36,-0.2225197648127801,0.642761395063952,0.0654582678272506,34.0,1156.0,15.83783783783784,0.7608,22.8,84.0,0,5.4,0.0,18.0
Jimmy Butler,jimmy butler,2022,32.0,4,4,0.3045028506732441,0.30160165,37.65,37.29,-0.36,2.4272819243353267,2.6331533444254736,2.4231540738620305,32.0,1024.0,33.87719298245614,0.6989,26.5,78.0,0,26.4,0.0,75.0
Gabe Vincent,gabe vincent,2021,24.0,1,2,0.0148484886224135,0.011769292,1.67,1.32,-0.35,-0.9250890388043363,-0.936656247170063,-1.473299512607898,24.0,576.0,13.1,0.6098,19.1,74.0,0,15.1,0.0,75.0
Ryan Arcidiacono,ryan arcidiacono,2022,27.0,1,1,0.014848,0.012046667,1.84,1.49,-0.35,-0.6131956548794883,-0.5440561648037879,-1.7679273373269944,27.0,729.0,7.6,0.3831,8.6,75.0,0,7.5,0.0,75.0
Dariq Whitehead,dariq whitehead,2025,20.0,3,3,0.0231046399637414,0.020597732,3.26,2.91,-0.35,-1.295249863041107,-0.6634555964621828,-1.087968414156268,20.0,400.0,12.3,0.1616,20.1,78.0,1,7.8,0.0,22.0
Luke Kornet,luke kornet,2019,23.0,1,2,0.0206157229246838,0.017436905,2.25,1.9,-0.35,-0.1247493503057693,0.433792279100326,-0.2325857294498198,23.0,529.0,17.043478260869566,0.561,17.9,85.0,0,10.5,0.0,75.0
Simone Fontecchio,simone fontecchio,2023,27.0,2,2,0.0223853081509472,0.019852716,3.04,2.7,-0.34,-1.830685047220419,-1.6157946505253236,-1.1788926875326,27.0,729.0,14.73076923076923,0.6341,20.2,79.0,0,7.5,0.0,75.0
Olivier-Maxence Prosper,olivier-maxence prosper,2024,21.0,2,2,0.0204171053005946,0.018011317,2.87,2.53,-0.34,-1.4740031603150583,-0.1482008554868335,-1.087128937666138,21.0,441.0,8.4,0.4878,16.6,79.0,1,8.4,0.0,24.0
Jaylen Nowell,jaylen nowell,2022,22.0,2,2,0.015613,0.012862015,1.93,1.59,-0.34,-0.3300971838166563,-0.0928182383957408,0.7329167142140798,22.0,484.0,15.725806451612904,0.5734,21.0,76.0,0,20.2,0.0,43.0
Nerlens Noel,nerlens noel,2021,26.0,1,1,0.078282,0.07526977,8.8,8.46,-0.34,0.5477590026810092,-0.6354463071047486,0.398070074838501,26.0,676.0,24.171875,0.8322,9.2,82.0,0,4.1,0.0,6.0
Jake LaRavia,jake laravia,2025,23.0,1,2,0.0424905104526655,0.040078297,6.0,5.66,-0.34,-0.3952214436350596,-0.2926131012230586,0.5805013507299754,23.0,529.0,20.8936170212766,0.5,14.5,79.0,1,16.7,0.0,19.0
Sam Hauser,sam hauser,2022,24.0,1,1,0.0132462577332093,0.010600189,1.64,1.31,-0.33,-0.4773083887693289,-0.5935068964649436,0.2126867483598523,24.0,576.0,6.076923076923077,0.3171,14.5,79.0,0,9.1,0.0,75.0
Spencer Dinwiddie,spencer dinwiddie,2019,25.0,1,2,0.097174,0.09417143,10.61,10.28,-0.33,-0.1827066380105381,0.105154113998202,0.0690811106512271,25.0,625.0,28.147058823529413,0.8293,24.9,77.0,0,25.6,0.0,38.0
Rodney McGruder,rodney mcgruder,2021,29.0,1,2,0.017252,0.014330715,1.94,1.61,-0.33,-0.6638669333333507,-0.4641700666754521,0.8087755470131528,29.0,841.0,12.125,0.4919,18.1,76.0,0,13.6,0.0,75.0
Dewayne Dedmon,dewayne dedmon,2023,33.0,4,5,0.020208,0.017832238,2.75,2.43,-0.32,-1.1259722394687512,0.0134728690004866,-0.7718915787085668,33.0,1089.0,11.666666666666666,0.4671,21.2,82.0,0,7.3,0.0,75.0
Luke Kornet,luke kornet,2022,26.0,1,2,0.0172518539484857,0.014649856,2.13,1.81,-0.32,-0.1262662846514173,-0.0989995798533853,0.6951745402207339,26.0,676.0,7.083333333333333,0.239,11.6,85.0,0,13.5,0.0,75.0
Alec Burks,alec burks,2021,29.0,1,1,0.084829,0.082053006,9.54,9.22,-0.32,0.5811065055070924,0.0732829636371679,0.82207399227182,29.0,841.0,25.612244897959183,0.5817,21.3,77.0,0,13.2,0.0,12.0
Ty Jerome,ty jerome,2020,22.0,2,3,0.0211017042330951,0.01813293,2.3,1.98,-0.32,-1.1453410177314614,-0.4784957472056639,-1.064607605110694,22.0,484.0,10.580645161290322,0.4306,17.9,77.0,0,18.2,0.0,24.0
Jaylen Nowell,jaylen nowell,2021,21.0,1,2,0.015858,0.012971649,1.78,1.46,-0.32,-0.6416352647826284,-0.2279269764281465,-0.3506633198413424,21.0,441.0,18.071428571428573,0.3982,21.4,76.0,0,12.5,0.0,43.0
Jericho Sims,jericho sims,2022,23.0,1,1,0.0132614289757793,0.010734518,1.64,1.33,-0.31,-0.7151111044621078,-0.3895226283626758,-0.1205324454552738,23.0,529.0,13.53658536585366,0.5,6.9,82.0,0,5.3,0.0,58.0
Patty Mills,patty mills,2022,33.0,2,2,0.052396,0.049914636,6.48,6.17,-0.31,-0.4093647557142493,-0.9705687253812568,0.0593379152877891,33.0,1089.0,28.96296296296296,0.926,16.4,74.0,0,10.6,0.0,55.0
Leandro Bolmaro,leandro bolmaro,2022,21.0,1,1,0.019984,0.017474294,2.47,2.16,-0.31,-1.3209418325365685,-1.5330707980269045,-1.644500227781187,21.0,441.0,6.885714285714286,0.4268,12.6,78.0,0,11.0,0.0,23.0
Goga Bitadze,goga bitadze,2022,22.0,1,1,0.0385373741458089,0.03602777,4.77,4.46,-0.31,-0.0809705292813642,0.2842435905205723,-0.3697668016455671,22.0,484.0,14.58,0.6195,19.9,83.0,0,11.2,0.0,18.0
Omari Spellman,omari spellman,2019,21.0,1,1,0.017389,0.014637679,1.9,1.6,-0.3,-0.6147518736279057,-0.8194888590009942,-0.6420867072707288,21.0,441.0,17.5,0.561,14.9,80.0,0,8.0,0.0,75.0
JaMychal Green,jamychal green,2019,28.0,1,1,0.043678,0.040951386,4.77,4.47,-0.3,0.1070798005133059,-0.2234840511039219,-0.4559804384333346,28.0,784.0,21.951219512195124,0.5,20.4,81.0,0,6.5,0.0,75.0
Max Christie,max christie,2023,19.0,1,1,0.0126441064247432,0.010433441,1.72,1.42,-0.3,-0.795638110835157,-1.230067004559849,-0.8685599885735426,19.0,361.0,12.48780487804878,0.5,10.4,77.0,0,5.1,0.0,35.0
Udoka Azubuike,udoka azubuike,2021,21.0,2,3,0.018466,0.015805772,2.08,1.78,-0.3,-1.3197011555796554,-0.8067225475340449,-2.006783653798617,21.0,441.0,3.8,0.1829,12.4,83.0,0,0.0,0.0,27.0
Usman Garuba,usman garuba,2022,19.0,2,2,0.019984,0.01756937,2.47,2.17,-0.3,-0.7773927680959309,0.500590541538129,0.3075522127215055,19.0,361.0,10.0,0.2927,9.4,80.0,0,9.6,0.0,23.0
Amir Coffey,amir coffey,2024,26.0,3,3,0.0280128531595868,0.02591136,3.94,3.64,-0.3,-1.2793951845985447,-1.347623033367563,-0.3415131611776044,26.0,676.0,20.857142857142858,0.778,12.5,79.0,1,6.8,0.0,75.0
Moses Brown,moses brown,2020,20.0,1,1,0.011453,0.008727106,1.25,0.95,-0.3,-1.0224913717388284,-0.1398679876447325,-2.985988640388162,20.0,400.0,3.6666666666666665,0.125,21.2,86.0,0,4.0,0.0,75.0
Abdel Nader,abdel nader,2021,27.0,2,2,0.017791,0.015186979,2.0,1.71,-0.29,-1.0362473815579476,-0.6531645388732964,-0.1109820390165267,27.0,729.0,14.791666666666666,0.5243,19.0,77.0,0,7.3,0.0,58.0
Jaylon Tyson,jaylon tyson,2025,22.0,2,3,0.0247328763242875,0.022649545,3.49,3.2,-0.29,-0.954245306620182,-0.9458169247005668,-0.8861221097711279,22.0,484.0,9.638297872340424,0.5732,17.4,78.0,1,12.4,0.0,20.0
J.J. Barea,j.j. barea,2020,35.0,1,1,0.014848,0.012231719,1.62,1.33,-0.29,0.0273146940163995,-0.1982520841207552,-0.6182490391323195,35.0,1225.0,15.517241379310343,0.4255,24.2,70.0,0,37.1,0.0,75.0
Josh Minott,josh minott,2024,21.0,1,1,0.014366083876291,0.012316755,2.02,1.73,-0.29,-0.3928477396677599,-0.3997869708471817,1.6093524062066906,21.0,441.0,2.84375,0.3125,21.4,80.0,1,13.2,0.0,45.0
Alex Caruso,alex caruso,2019,24.0,1,2,0.0251969946857247,0.022571877,2.75,2.46,-0.29,-0.5567945859231369,-0.0340993457908335,0.2659372000712868,24.0,576.0,21.24,0.3049,19.0,77.0,0,19.7,0.0,75.0
Lamar Stevens,lamar stevens,2021,23.0,1,1,0.013503,0.011050655,1.52,1.24,-0.28,-0.3970869107246843,-0.3932971396012604,-0.8495096501257651,23.0,529.0,12.475,0.4878,15.8,79.0,0,7.4,0.0,75.0
Gary Payton II,gary payton ii,2021,28.0,1,1,0.0172518547511875,0.014780626,1.94,1.66,-0.28,0.0141989574636764,-0.2928938262461555,4.436158440941234,28.0,784.0,4.0,0.1891,16.8,74.0,0,4.1,0.0,75.0
Derrick Jones Jr.,derrick jones jr.,2025,27.0,2,3,0.0708175174211092,0.06882362,10.0,9.72,-0.28,0.6557434187769704,-0.0997770700926277,0.6196702736466536,27.0,729.0,24.32467532467533,0.9037,16.5,78.0,1,4.6,0.0,75.0
Mike Muscala,mike muscala,2022,30.0,1,1,0.028305,0.026043762,3.5,3.22,-0.28,0.7173671591158218,0.8838337119120867,0.6346510539971703,30.0,900.0,13.767441860465116,0.5208,20.9,82.0,0,6.2,0.0,44.0
Nick Richards,nick richards,2025,27.0,3,3,0.0354087587105546,0.033514153,5.0,4.73,-0.27,-0.8871624430619673,-0.1913534697343104,-1.2222167386690763,27.0,729.0,22.666666666666668,,17.0,83.0,1,3.8,0.0,42.0
Isaiah Hartenstein,isaiah hartenstein,2019,20.0,1,3,0.0129819681143485,0.01054201,1.42,1.15,-0.27,-0.5093749868919624,-0.7303666447360115,-0.5231668170749931,20.0,400.0,7.892857142857143,0.3415,11.8,84.0,0,9.4,0.0,43.0
Julian Phillips,julian phillips,2024,20.0,1,1,0.0134567459527128,0.011497987,1.89,1.62,-0.27,-1.0253236607464296,-1.2306062355255405,-1.130971833055356,20.0,400.0,8.075,0.4878,13.0,78.0,1,5.3,0.0,35.0
Drake Powell,drake powell,2026,20.0,2,3,0.0231411764705882,0.021376958,3.54,3.27,-0.27,-1.954611117310484,-2.5518467556786155,-1.7647234998343542,20.0,400.0,20.95238095238096,0.7683,14.9,77.0,1,10.3,0.0,75.0
Ryan Rollins,ryan rollins,2023,20.0,1,1,0.0126441064247432,0.010748729,1.72,1.46,-0.26,-0.955299606341394,-0.3377120026994229,-3.855568681247149,20.0,400.0,5.166666666666667,0.1463,26.1,75.0,0,12.4,0.0,44.0
Hunter Tyson,hunter tyson,2024,23.0,1,1,0.0134567459527128,0.011602046,1.89,1.63,-0.26,-1.030729437849666,-0.8210474430784621,-1.8516573356951185,23.0,529.0,2.6666666666666665,0.2195,20.0,80.0,1,5.6,0.0,37.0
Jabari Walker,jabari walker,2026,23.0,1,1,0.0168924117647058,0.015177913,2.58,2.32,-0.26,-0.4061502237411756,-0.496677267853367,-0.5868932731478532,23.0,529.0,11.90625,0.7854,15.0,79.0,1,6.1,0.0,57.0
Thanasis Antetokounmpo,thanasis antetokounmpo,2020,27.0,1,4,0.0155909199193696,0.013214886,1.7,1.44,-0.26,-0.955482473924665,-0.4201116507296412,-0.2537822187612903,27.0,729.0,6.45,0.2778,21.6,79.0,0,16.3,0.0,51.0
Gorgui Dieng,gorgui dieng,2021,31.0,1,1,0.035583,0.03331135,4.0,3.74,-0.26,-0.0247064625000874,-0.0330264269741195,0.4605418409373562,31.0,961.0,16.863636363636363,0.5112,17.0,82.0,0,10.6,0.0,21.0
Zeke Nnaji,zeke nnaji,2021,20.0,2,3,0.0222281922180511,0.020046972,2.5,2.25,-0.25,-0.8361623646014478,-1.3796120413837607,-0.8355926725294855,20.0,400.0,9.452380952380953,0.5122,12.9,82.0,0,3.3,0.0,22.0
Svi Mykhailiuk,svi mykhailiuk,2025,27.0,2,4,0.0260254376522576,0.024240825,3.67,3.42,-0.25,-0.7082748069067282,-1.0600022224706935,-0.7913585865856163,27.0,729.0,20.0,0.428,20.3,79.0,1,14.7,0.0,47.0
Jalen McDaniels,jalen mcdaniels,2022,24.0,1,1,0.015613,0.013561526,1.93,1.68,-0.25,-0.6358435325645149,-0.884029944974234,-0.1164522104289661,24.0,576.0,16.272727272727273,0.5518,15.3,81.0,0,8.7,0.0,52.0
Terance Mann,terance mann,2020,23.0,1,1,0.0139085944658237,0.01160277,1.52,1.27,-0.25,-0.8717213516569606,-0.7237089524049591,-0.108772329306387,23.0,529.0,8.829268292682928,0.5694,12.6,78.0,0,19.3,0.0,48.0
Svi Mykhailiuk,svi mykhailiuk,2019,21.0,1,1,0.0129819681143485,0.010748617,1.42,1.17,-0.25,-1.1205609299604335,-1.4154936668980664,-1.2588576632011546,21.0,441.0,10.76923076923077,0.4756,15.9,79.0,0,10.1,0.0,47.0
Jarred Vanderbilt,jarred vanderbilt,2024,,1,4,0.0762105300594645,0.07438863,10.71,10.46,-0.25,0.6018152473277546,-0.5343562883655074,,,,,,,80.0,1,,0.0,41.0
Kobe Brown,kobe brown,2024,24.0,2,3,0.0180237289100065,0.016240168,2.53,2.28,-0.25,-1.0577583233658483,-1.5348499099147983,-1.342162773590348,24.0,576.0,8.954545454545455,0.5366,11.1,79.0,1,8.1,0.0,30.0
Mario Hezonja,mario hezonja,2020,24.0,1,1,0.018114,0.015817946,1.98,1.73,-0.25,-1.1509250925493086,-1.400964471526822,-0.8270244380127049,24.0,576.0,16.433962264150942,0.7253,13.9,80.0,0,7.5,0.0,75.0
Kyle Lowry,kyle lowry,2020,33.0,2,2,0.2794575774234927,0.27715746,30.5,30.25,-0.25,2.735590980672174,2.142950184567753,1.0118174860794948,33.0,1089.0,36.172413793103445,0.8007,23.1,72.0,0,30.6,0.0,24.0
Tyler Smith,tyler smith,2025,20.0,1,1,0.0138474944762336,0.012199821,1.96,1.72,-0.24,-0.4902555003425304,-0.0396960850929958,-0.4012487494719263,20.0,400.0,5.304347826086956,0.2805,22.1,81.0,1,4.9,0.0,33.0
KZ Okpala,kz okpala,2020,20.0,1,1,0.013909,0.011762852,1.52,1.28,-0.24,-0.4640838899541327,-0.2799898191871869,0.5334143239938988,20.0,400.0,5.2,0.0694,11.7,80.0,0,5.5,0.0,32.0
Quinten Post,quinten post,2025,24.0,1,1,0.0138474944762336,0.012197899,1.96,1.72,-0.24,-0.5461578866410426,0.10362574627085,-0.1362267629631117,24.0,576.0,16.333333333333332,0.5122,19.6,84.0,1,12.2,0.0,52.0
Jericho Sims,jericho sims,2023,24.0,1,2,0.0141735173245307,0.01245327,1.93,1.69,-0.24,-0.5864264960338806,-0.9191820361697648,-0.5862340251828424,24.0,576.0,15.615384615384617,0.5838,7.4,82.0,0,4.0,0.0,58.0
Naji Marshall,naji marshall,2022,24.0,1,2,0.0144160850754114,0.0125029525,1.78,1.55,-0.23,-0.2508296119190634,0.3089689563511502,-0.3473255090008749,24.0,576.0,13.363636363636363,0.5655,20.8,78.0,0,12.3,0.0,75.0
Cole Anthony,cole anthony,2026,25.0,1,2,0.0241830065359477,0.022668952,3.7,3.47,-0.23,-0.9183334423833316,-1.0457420807477436,-1.860074927620856,25.0,625.0,15.057142857142855,0.6561,25.8,74.0,1,34.8,0.0,15.0
Jordan Walsh,jordan walsh,2024,19.0,1,1,0.0134567459527128,0.011838663,1.89,1.66,-0.23,-0.5820499382810372,-0.6689256058838331,0.3542420676133867,19.0,361.0,9.22222222222222,0.1098,9.9,78.0,1,7.2,0.0,38.0
Wayne Ellington,wayne ellington,2020,32.0,1,1,0.0235,0.021370633,2.56,2.33,-0.23,-0.1290394008833153,-0.3208586867204028,-0.5353862451580892,32.0,1024.0,15.5,0.4405,15.0,76.0,0,11.0,0.0,28.0
Jarrett Allen,jarrett allen,2026,27.0,1,3,0.1830065359477124,0.18148857,28.0,27.77,-0.23,1.571115224970403,1.3114304736522542,1.0995922319824687,27.0,729.0,27.125,0.8293,19.9,81.0,1,9.7,0.0,22.0
Jalen McDaniels,jalen mcdaniels,2020,22.0,1,1,0.013909,0.011825738,1.52,1.29,-0.23,-1.2626065889062474,-0.501849385796073,-0.246337514615168,22.0,484.0,18.3125,0.2222,13.3,81.0,0,6.8,0.0,52.0
Justin Jackson,justin jackson,2019,23.0,1,1,0.030062,0.028032381,3.28,3.06,-0.22,-0.3934604114824247,-1.0200138410972055,-0.6027826757653585,23.0,529.0,20.82692307692308,0.6341,12.9,80.0,0,8.0,0.0,43.0
Bol Bol,bol bol,2020,20.0,1,1,0.018859,0.016819486,2.06,1.84,-0.22,0.0049783947450117,-0.5193646147388797,-0.9111819631427824,20.0,400.0,12.428571428571429,0.0972,21.2,87.0,0,9.8,0.0,44.0
Oshae Brissett,oshae brissett,2023,24.0,1,1,0.015917,0.014386831,2.17,1.96,-0.21,-0.3772148812326042,-0.2455979379912499,-0.3881541292679273,24.0,576.0,16.661538461538463,0.6927,16.1,79.0,0,5.4,0.0,75.0
Killian Tillie,killian tillie,2022,23.0,2,2,0.015378,0.013700499,1.9,1.69,-0.21,-0.1659000706002137,-0.921117993720101,-1.1443314174729726,23.0,529.0,12.805555555555555,0.3567,12.8,81.0,0,5.9,0.0,75.0
Udoka Azubuike,udoka azubuike,2022,22.0,3,3,0.017588,0.015888551,2.17,1.96,-0.21,-1.168068658162639,-0.7233150670754778,-0.6584434297568347,22.0,484.0,11.470588235294118,0.1982,14.7,83.0,0,0.0,0.0,27.0
Jarred Vanderbilt,jarred vanderbilt,2019,19.0,1,1,0.0129819681143485,0.011060544,1.42,1.21,-0.21,-0.7412041377110375,-0.4518597251579404,0.0821824544863506,19.0,361.0,4.0588235294117645,0.2073,19.4,80.0,0,5.9,0.0,41.0
Jordan McRae,jordan mcrae,2019,27.0,1,1,0.015076,0.013206992,1.65,1.44,-0.21,-0.6094830292911084,-0.3738777876760804,-0.0542058941562163,27.0,729.0,12.333333333333334,0.3293,20.4,77.0,0,13.2,0.0,75.0
Mason Plumlee,mason plumlee,2020,29.0,1,3,0.0733003481766538,0.07139817,8.0,7.79,-0.21,0.1725006392804204,0.6950245919623914,0.1132740639214335,29.0,841.0,17.327868852459016,0.9045,18.0,84.0,0,20.9,0.0,22.0
Kobe Brown,kobe brown,2025,25.0,3,3,0.0188012010650954,0.017250942,2.65,2.44,-0.21,-0.6356017047186623,-0.364878791662078,-1.3277201278156128,25.0,625.0,6.8,0.5061,14.0,79.0,1,11.9,0.0,30.0
Jalen McDaniels,jalen mcdaniels,2021,23.0,1,1,0.015858,0.013940064,1.78,1.57,-0.21,-0.8361623646014478,-0.6413523843609312,-0.7533278716270326,23.0,529.0,19.23404255319149,0.4416,17.0,81.0,0,8.6,0.0,52.0
Craig Porter Jr.,craig porter jr.,2025,24.0,1,2,0.0157333649651577,0.0143153155,2.22,2.02,-0.2,,-0.7387364228981378,-0.8583248096367112,24.0,576.0,10.058823529411764,0.622,15.9,73.0,1,17.7,0.0,75.0
Jamison Battle,jamison battle,2026,24.0,1,1,0.0150083071895424,0.013732645,2.3,2.1,-0.2,-1.2339812399186136,-1.581791351312851,-0.8839232604252294,24.0,576.0,8.475409836065573,0.7348,14.1,79.0,1,6.3,0.0,75.0
Matt Ryan,matt ryan,2023,25.0,1,1,0.011028,0.009572003,1.5,1.3,-0.2,-0.8176603860773967,-0.734953906753419,-0.3124907710792197,25.0,625.0,8.227272727272727,0.1723,15.6,78.0,0,8.9,0.0,75.0
Noah Clowney,noah clowney,2024,19.0,2,3,0.0230750846444931,0.021695644,3.24,3.05,-0.19,-0.5982672695907466,-0.2593668134367548,-0.2790441991197642,19.0,361.0,16.08695652173913,0.2805,14.2,82.0,1,6.9,0.0,21.0
Wenyen Gabriel,wenyen gabriel,2020,22.0,1,1,0.014848,0.013098582,1.62,1.43,-0.19,-0.5478450122218371,-0.1515448069399371,-0.4577023758072481,22.0,484.0,9.157894736842104,,11.5,81.0,0,3.6,0.0,75.0
Keita Bates-Diop,keita bates-diop,2019,23.0,1,1,0.012982,0.0112761585,1.42,1.23,-0.19,-0.8676564017941696,-0.8083485822178714,-0.8644736205746186,23.0,529.0,16.766666666666666,0.3659,14.1,80.0,0,4.6,0.0,48.0
Gary Clark,gary clark,2020,25.0,1,1,0.018325,0.016601475,2.0,1.81,-0.19,-0.0006056800728352,-1.2199737724511517,-0.9700922307338372,25.0,625.0,14.791666666666666,0.4416,10.1,78.0,0,1.9,0.0,75.0
Tyler Kolek,tyler kolek,2026,24.0,3,4,0.0150083071895424,0.0137863485,2.3,2.11,-0.19,-0.5431294566338453,-0.2858166299138873,-0.4702764190204769,24.0,576.0,11.725806451612904,0.6601,18.4,74.0,1,31.7,0.0,34.0
Domantas Sabonis,domantas sabonis,2023,26.0,1,1,0.2249652627167863,0.22354221,30.6,30.41,-0.19,0.5422151101308996,2.1781533896425525,0.7944528661830375,26.0,676.0,34.63291139240506,0.8049,21.3,82.0,0,30.4,0.0,11.0
Alex Sarr,alex sarr,2025,19.0,2,3,0.0836230241912639,0.08231956,11.81,11.62,-0.19,,-1.2271894511295531,-1.35930796887745,19.0,361.0,27.074626865671643,0.8171,23.5,84.0,1,13.9,0.0,2.0
Trendon Watford,trendon watford,2026,25.0,3,3,0.0183094509803921,0.017062677,2.8,2.61,-0.19,-0.9362002988475928,-1.1091234392675198,-1.144596228474659,25.0,625.0,16.30188679245283,0.6378,17.9,80.0,1,21.8,0.0,75.0
Tyson Chandler,tyson chandler,2019,36.0,1,1,0.0235,0.021776058,2.56,2.38,-0.18,-0.2459327700521041,-0.4574298635495017,-0.8711922584387846,36.0,1296.0,16.375,0.5854,8.0,84.0,0,4.8,0.0,75.0
Patrick Baldwin Jr.,patrick baldwin jr.,2024,21.0,3,3,0.0174185563490482,0.016150447,2.45,2.27,-0.18,-0.5009632817324897,-0.0194823778606089,-0.5266276083765254,21.0,441.0,12.973684210526317,0.4314,15.9,84.0,1,7.6,0.0,28.0
Javonte Green,javonte green,2021,27.0,2,3,0.0148484886224135,0.013250384,1.67,1.49,-0.18,-0.5638244248551009,-0.3519545988079819,0.0099410329867027,27.0,729.0,13.8,0.4405,12.1,77.0,0,4.3,0.0,75.0
Garrison Mathews,garrison mathews,2021,24.0,1,4,0.017791,0.016219527,2.0,1.82,-0.18,-0.5415927563043786,-0.9189380154015152,-0.1722167404401571,24.0,576.0,16.21875,0.7805,11.5,77.0,0,3.1,0.0,75.0
Ben McLemore,ben mclemore,2019,25.0,1,2,0.018587,0.016956177,2.03,1.85,-0.18,-0.5041061425551652,-0.4518597251579404,-0.4868861726084976,25.0,625.0,8.31578947368421,0.2317,19.4,75.0,0,3.4,0.0,7.0
Rayan Rupert,rayan rupert,2024,19.0,1,1,0.0134567459527128,0.012192935,1.89,1.71,-0.18,-1.3496702869406192,-1.3827280727201696,-1.405777955135488,19.0,361.0,16.23076923076923,0.4756,13.6,79.0,1,13.5,0.0,43.0
Justise Winslow,justise winslow,2021,24.0,1,2,0.034715,0.033135068,3.9,3.72,-0.18,-1.1418478071738778,-1.3677998868713954,-1.8014309177112908,24.0,576.0,19.5,0.3653,21.9,78.0,0,13.3,0.0,10.0
Brandon Ingram,brandon ingram,2021,23.0,2,8,0.262136388706033,0.2605193,29.47,29.29,-0.18,1.0757611307606614,0.4453658307766739,0.7045528481254588,23.0,529.0,34.31147540983606,0.7571,28.0,80.0,0,22.4,2.0,2.0
Evan Fournier,evan fournier,2019,26.0,1,1,0.155763,0.15410993,17.0,16.82,-0.18,0.0333159797981456,0.2276971586125533,0.3284205322080293,26.0,676.0,31.51851851851852,0.9878,22.1,78.0,0,17.6,0.0,20.0
JT Thor,jt thor,2022,19.0,1,1,0.012644,0.011200739,1.56,1.39,-0.17,-0.8623223094147804,-0.8654859206013007,-1.1178098898019728,19.0,361.0,7.9393939393939394,0.4024,12.0,81.0,0,9.2,0.0,37.0
Ryan Arcidiacono,ryan arcidiacono,2023,28.0,1,1,0.014848,0.013608794,2.02,1.85,-0.17,-0.955299606341394,-0.2916549703453364,-1.8831265706143627,28.0,784.0,16.22222222222222,0.1988,11.3,75.0,0,18.3,0.0,75.0
Talen Horton-Tucker,talen horton-tucker,2020,19.0,1,1,0.013909,0.012380197,1.52,1.35,-0.17,-0.5869335359467659,-0.7529010006429705,0.8687496933583626,19.0,361.0,13.5,0.0833,19.7,76.0,0,10.5,0.0,46.0
Jevon Carter,jevon carter,2019,23.0,1,1,0.0129819681143485,0.011476169,1.42,1.25,-0.17,-0.8360433357733865,-0.908611073265977,-1.3609809587364756,23.0,529.0,14.794871794871796,0.4756,18.0,72.0,0,17.4,0.0,32.0
Klay Thompson,klay thompson,2024,33.0,1,3,0.112904486869434,0.111681275,15.87,15.7,-0.17,-0.1171531074026988,0.3900764145864693,0.2367545701651551,33.0,1089.0,29.662337662337663,0.8,24.2,77.0,1,11.2,0.0,11.0
Donte DiVincenzo,donte divincenzo,2019,22.0,1,2,0.026624518966465,0.025135487,2.91,2.74,-0.17,-0.2564704587256984,-0.6301041536879058,-0.0434560735735509,22.0,484.0,15.22222222222222,0.3293,15.1,76.0,0,9.7,0.0,17.0
Saben Lee,saben lee,2021,21.0,1,1,0.013246,0.011719571,1.49,1.32,-0.17,-0.4526660821014897,-0.8775954746082366,-0.1728352727777695,21.0,441.0,16.270833333333332,0.5854,17.0,74.0,0,33.2,0.0,38.0
Jalen Wilson,jalen wilson,2024,23.0,1,1,0.0134567459527128,0.012252885,1.89,1.72,-0.17,-0.8955850102687538,-0.8385999627547656,-0.6134537345394868,23.0,529.0,15.44186046511628,0.5244,14.3,78.0,1,9.3,0.0,51.0
Tyler Johnson,tyler johnson,2020,27.0,1,1,0.014848,0.013402578,1.62,1.46,-0.16,-1.1676773170028494,-1.091528760203902,-1.5867079437061375,27.0,729.0,16.612903225806452,0.4703,17.3,75.0,0,13.3,0.0,75.0
Trey Burke,trey burke,2021,28.0,2,2,0.028021,0.02661655,3.15,2.99,-0.16,-0.1803281423551428,-0.4110153713698083,-0.3011807328323482,28.0,784.0,14.693548387096774,0.5627,20.0,72.0,0,12.9,0.0,9.0
Naji Marshall,naji marshall,2025,27.0,2,3,0.0637357656789983,0.06257314,9.0,8.84,-0.16,-0.456714068563423,-0.5189725766826978,0.2639911832903662,27.0,729.0,27.81159420289855,,20.0,78.0,1,15.8,0.0,75.0
Terence Davis,terence davis,2021,23.0,1,2,0.035583,0.034180652,4.0,3.84,-0.16,-0.2414652308696289,-0.4759822211878173,0.120349055250521,23.0,529.0,21.51851851851852,0.5808,21.9,76.0,0,11.3,0.5,75.0
Sam Merrill,sam merrill,2024,27.0,2,2,0.0153995575724812,0.014194631,2.16,2.0,-0.16,-0.636107709313402,0.2145512178234357,0.0418972573241856,27.0,729.0,17.524590163934427,0.4049,17.5,76.0,1,14.1,0.0,60.0
Josh Minott,josh minott,2023,20.0,1,1,0.0126441064247432,0.011480043,1.72,1.56,-0.16,-0.3441814683692449,-0.2686264541682931,0.5751420578211416,20.0,400.0,6.4,0.1829,18.9,80.0,0,7.5,0.0,45.0
Svi Mykhailiuk,svi mykhailiuk,2022,24.0,3,4,0.015193239254377,0.0138827,1.88,1.72,-0.16,-0.8793082176785504,-1.1003768959917908,-0.967861252585166,24.0,576.0,12.785714285714286,0.6068,16.9,79.0,0,8.8,0.0,47.0
Gary Payton II,gary payton ii,2019,26.0,1,1,0.0099943283855598,0.008657517,1.09,0.94,-0.15,-0.1827066380105381,-0.0563798993570792,6.647971307242435,26.0,676.0,5.333333333333333,0.0366,23.8,74.0,0,45.1,0.0,75.0
Dillon Brooks,dillon brooks,2019,23.0,1,1,0.0148297599413597,0.01349472,1.62,1.47,-0.15,-0.7306664490374432,-1.148127024103118,-1.223920746307492,23.0,529.0,18.33333333333333,0.2195,20.9,79.0,0,7.6,0.0,45.0
Dwayne Bacon,dwayne bacon,2020,24.0,1,1,0.015383,0.014008512,1.68,1.53,-0.15,-1.223518065181319,-1.3834492425840152,-1.2442515529845135,24.0,576.0,17.615384615384617,0.5352,19.5,78.0,0,11.7,0.0,40.0
Frank Jackson,frank jackson,2021,22.0,1,1,0.026687,0.02537045,3.0,2.85,-0.15,-0.313718153659476,,-0.4802458445711459,22.0,484.0,18.45,0.6385,21.3,75.0,0,7.9,0.0,31.0
Jaren Jackson Jr.,jaren jackson jr.,2019,,1,2,0.0634733369983507,0.062223997,6.93,6.79,-0.14,-0.3091589020936701,-0.2958958501942205,,,,,,,82.0,0,,0.0,4.0
Tim Frazier,tim frazier,2019,28.0,1,1,0.017252,0.015924275,1.88,1.74,-0.14,-0.946689066846127,-0.7080860911697658,-0.5036827672689121,28.0,784.0,19.34042553191489,0.5732,12.3,73.0,0,28.0,0.0,75.0
Sekou Doumbouya,sekou doumbouya,2021,20.0,1,1,0.032146,0.03083175,3.61,3.47,-0.14,-1.4253015811955858,-2.100153466638042,-1.264544848663704,20.0,400.0,15.517857142857142,0.6247,17.8,80.0,0,8.0,0.0,15.0
Abdel Nader,abdel nader,2019,25.0,1,1,0.01483,0.013528499,1.62,1.48,-0.14,-1.1837870620019997,-1.7274214168255062,-1.394574148057305,25.0,625.0,11.37704918032787,0.7439,15.1,77.0,0,3.8,0.0,58.0
Ish Smith,ish smith,2023,34.0,1,1,0.014848,0.013791239,2.02,1.88,-0.14,-1.6324845700402624,-1.811537038030191,-1.7821668061058484,34.0,1156.0,9.255813953488373,0.472,19.3,72.0,0,32.5,0.0,75.0
Caleb Martin,caleb martin,2020,24.0,1,1,0.0139085669781931,0.0126535315,1.52,1.38,-0.14,-0.4026590669578162,-0.4960109761484708,0.2540760771198329,24.0,576.0,17.61111111111111,0.25,15.0,77.0,0,11.1,0.0,75.0
Isaiah Todd,isaiah todd,2023,21.0,1,1,0.013499,0.012529278,1.84,1.7,-0.14,-1.2911393037855483,-0.303169228433858,-2.311358591885377,21.0,441.0,10.166666666666666,0.1006,15.6,81.0,0,7.9,0.0,31.0
Julian Phillips,julian phillips,2026,22.0,2,2,0.0157268300653594,0.014887003,2.41,2.28,-0.13,-0.5669519319195269,-0.9902604944788566,-0.7062540532546973,22.0,484.0,9.542857142857144,0.6,12.5,78.0,1,2.7,0.0,35.0
Haywood Highsmith,haywood highsmith,2026,29.0,1,1,0.0197265228758169,0.01890335,3.02,2.89,-0.13,-0.1083692826701548,-0.1977341228393734,1.3462025793871262,29.0,841.0,13.0,0.4744,12.2,77.0,1,10.7,0.0,75.0
Miye Oni,miye oni,2020,22.0,1,1,0.013909,0.012722124,1.52,1.39,-0.13,0.0049783947450117,-0.367565963901221,-0.5764939593562425,22.0,484.0,10.9,0.1389,15.3,77.0,0,5.1,0.0,58.0
Justin Jackson,justin jackson,2022,26.0,1,1,0.014848,0.013826789,1.84,1.71,-0.13,-0.8170265540447272,-0.6429576281260995,-2.123247804201287,26.0,676.0,5.833333333333333,0.3379,18.4,80.0,0,7.5,0.0,43.0
Richaun Holmes,richaun holmes,2019,25.0,1,2,0.043678,0.042551313,4.77,4.64,-0.13,0.0912732675029144,-0.0898007297064477,-0.0256516832335114,25.0,625.0,16.914285714285715,0.8537,17.9,81.0,0,7.9,0.0,37.0
Paul Reed,paul reed,2022,22.0,1,1,0.0144160850754114,0.0133403605,1.78,1.65,-0.13,0.2021279417814677,0.7787509071321307,1.666610496067484,22.0,484.0,7.947368421052632,0.4085,16.7,81.0,0,8.3,0.0,58.0
Khem Birch,khem birch,2019,26.0,1,1,0.027488,0.026323315,3.0,2.87,-0.13,0.207187842912452,0.539624908539993,0.320022234877822,26.0,676.0,12.86,0.6098,14.1,80.0,0,8.5,0.0,75.0
Brad Wanamaker,brad wanamaker,2019,29.0,1,1,0.012418,0.011319445,1.36,1.24,-0.12,-0.6674403169958774,-0.3293166805435889,0.2118521652647516,29.0,841.0,9.52777777777778,0.439,17.1,75.0,0,22.5,0.0,75.0
Kevin Knox,kevin knox,2023,23.0,1,1,0.013568,0.0127382465,1.85,1.73,-0.12,,,-0.5320274402118281,23.0,529.0,14.11904761904762,0.4207,16.2,80.0,0,3.7,0.0,75.0
Yuta Watanabe,yuta watanabe,2022,27.0,1,1,0.014848,0.013904052,1.84,1.72,-0.12,-0.8170265540447272,-0.6058695793802326,-0.8162125174407311,27.0,729.0,11.710526315789474,0.4646,16.8,81.0,0,6.6,0.0,75.0
Quinn Cook,quinn cook,2019,25.0,1,1,0.027488,0.026370183,3.0,2.88,-0.12,-1.0151840432244903,-1.103565916970627,-1.1046649242185482,25.0,625.0,14.31081081081081,0.9024,20.2,73.0,0,15.2,0.0,75.0
Tyrese Proctor,tyrese proctor,2026,21.0,1,1,0.0140582810457516,0.013264387,2.15,2.03,-0.12,-0.8289991600620252,-0.0651647340563078,-0.8612858710946211,21.0,441.0,10.9,0.6098,22.0,76.0,1,18.6,0.0,75.0
Brook Lopez,brook lopez,2022,33.0,4,4,0.1124659415308721,0.111525945,13.91,13.79,-0.12,1.09105714091876,0.3769637123852394,-0.4537516392703999,33.0,1089.0,22.923076923076923,0.5243,21.9,85.0,0,3.0,0.0,10.0
Yuta Watanabe,yuta watanabe,2021,26.0,1,1,0.015681,0.014664979,1.76,1.65,-0.11,-0.3915289935870037,-0.0684628905112153,-0.2653058572508274,26.0,676.0,14.46,0.4748,12.7,81.0,0,7.7,0.0,75.0
Daniel Oturu,daniel oturu,2021,21.0,1,1,0.013503,0.012575557,1.52,1.41,-0.11,-1.6642920181158496,-0.3932971396012604,-1.2889768759993947,21.0,441.0,5.366666666666666,0.3659,18.2,82.0,0,8.5,0.0,33.0
Nick Richards,nick richards,2023,,1,3,0.036759029855684,0.035930995,5.0,4.89,-0.11,-0.4212594317170836,-0.4989116159387256,,,,,,,83.0,0,,0.0,42.0
Garrett Temple,garrett temple,2025,38.0,3,3,0.016261642399864,0.015504458,2.3,2.19,-0.11,-1.457366783306792,-0.3537006893503603,-0.2521541396600544,38.0,1444.0,8.107142857142858,0.3305,13.9,77.0,1,17.4,0.0,75.0
Trendon Watford,trendon watford,2024,23.0,1,3,0.0193942797393803,0.018602282,2.73,2.62,-0.11,-0.5928614924875103,-0.5402071282576085,-0.2337685293714212,23.0,529.0,13.587301587301589,0.728,21.1,80.0,1,14.6,0.0,75.0
Tre Jones,tre jones,2024,24.0,2,2,0.0647577816029817,0.063958324,9.1,8.99,-0.11,0.1585415248623622,-0.1072449762421257,0.4430740778791228,24.0,576.0,27.766233766233768,0.8866,15.2,73.0,1,30.8,0.0,41.0
Terrence Ross,terrence ross,2019,27.0,1,3,0.114532,0.1136044,12.5,12.4,-0.1,0.2598762862804236,-0.0730903145317634,0.6992893423099847,27.0,729.0,26.54320987654321,0.9878,23.9,78.0,0,9.9,0.0,8.0
Myles Turner,myles turner,2023,26.0,1,2,0.1542041302445946,0.15347238,20.98,20.88,-0.1,0.6523264863420977,1.5045692914640367,0.2433525856443907,26.0,676.0,29.43548387096774,0.6463,22.0,83.0,0,7.5,0.0,11.0
JaKarr Sampson,jakarr sampson,2020,26.0,2,2,0.014848,0.013938903,1.62,1.52,-0.1,-0.4026590669578162,-0.4784957472056639,0.1032398974636165,26.0,676.0,13.852941176470589,0.3134,13.2,79.0,0,6.1,0.0,75.0
Isaiah Hartenstein,isaiah hartenstein,2020,21.0,2,3,0.0148484881803188,0.013947276,1.62,1.52,-0.1,0.2953502852730535,-0.040615023635494,0.3589493007434683,21.0,441.0,11.565217391304348,0.3277,14.8,84.0,0,10.0,0.0,43.0
Kevon Looney,kevon looney,2021,24.0,3,3,0.0460669667479139,0.045252953,5.18,5.09,-0.09,0.3976952399636344,-0.0330264269741195,-0.3194274367919149,24.0,576.0,19.0327868852459,0.6504,9.4,81.0,0,13.4,0.0,30.0
Kasparas Jakučionis,kasparas jakucionis,2026,19.0,2,3,0.0251090196078431,0.024498634,3.84,3.75,-0.09,0.1119886137224006,-0.1592042176709729,-0.4212287421374922,19.0,361.0,17.830188679245282,0.6463,13.7,77.0,1,18.1,0.0,75.0
Craig Porter Jr.,craig porter jr.,2024,23.0,1,1,0.0134567459527128,0.012852791,1.89,1.81,-0.08,,-0.2827701730051593,-0.3446652647676789,23.0,529.0,12.72549019607843,0.622,20.2,73.0,1,26.5,0.0,75.0
Jonah Bolden,jonah bolden,2019,23.0,1,1,0.015562,0.01485312,1.7,1.62,-0.08,-0.2459327700521041,-0.4295791715916946,-0.2786083988193559,23.0,529.0,14.522727272727272,0.5366,13.8,80.0,0,8.5,0.0,75.0
Ben Saraf,ben saraf,2026,19.0,2,3,0.0197945098039215,0.019307926,3.03,2.95,-0.08,-1.996300449060427,-1.863086931023193,-1.710873952487301,19.0,361.0,20.818181818181817,0.5366,21.0,78.0,1,24.5,0.0,75.0
P.J. Tucker,p.j. tucker,2020,34.0,1,1,0.073021,0.07237677,7.97,7.9,-0.07,-0.2239686727867135,-0.3967580121392322,-0.0586014970173022,34.0,1156.0,34.263888888888886,1.0,8.7,77.0,0,6.0,0.0,35.0
Didi Louzada,didi louzada,2021,21.0,1,1,0.0158955112352553,0.015303852,1.79,1.72,-0.07,,-0.3460485215517992,-2.3980053573384774,21.0,441.0,18.666666666666668,0.0366,12.0,77.0,0,6.5,0.0,35.0
Santi Aldama,santi aldama,2022,21.0,2,3,0.0169351825643928,0.0163195,2.09,2.02,-0.07,-0.9755616978399132,-0.5378748233461434,-1.4921714534657011,21.0,441.0,11.25,0.3902,18.4,84.0,0,7.7,0.0,30.0
Rasheer Fleming,rasheer fleming,2026,21.0,1,1,0.0140582810457516,0.013572785,2.15,2.08,-0.07,-0.9064222047404908,-0.6814329726360775,-0.5940960788439559,21.0,441.0,12.236363636363636,0.6707,16.3,81.0,1,3.3,0.0,75.0
Jae Crowder,jae crowder,2022,31.0,1,1,0.082357,0.081855185,10.18,10.12,-0.06,0.9608318442298572,0.7787509071321307,0.734616812141708,31.0,961.0,28.149253731343283,0.753,14.6,78.0,0,8.3,0.0,34.0
Jevon Carter,jevon carter,2020,24.0,1,3,0.0359629833241707,0.0353516,3.92,3.86,-0.06,0.6583151484331058,-0.2566361805967778,-0.0103727614619884,24.0,576.0,16.29310344827586,0.6818,12.9,72.0,0,11.9,0.0,32.0
Andre Drummond,andre drummond,2025,31.0,2,2,0.0354087587105546,0.034965616,5.0,4.94,-0.06,-0.5070262162320841,-0.1060596927498612,-1.065225168591745,31.0,961.0,18.775,0.6963,19.1,83.0,1,6.8,0.0,9.0
Al Horford,al horford,2024,37.0,2,2,0.0675733348507696,0.067173526,9.5,9.44,-0.06,0.5801921389148086,0.1735953385787279,0.5273212101956597,37.0,1369.0,26.76923076923077,0.7951,12.0,80.0,1,12.3,0.0,3.0
Justin Edwards,justin edwards,2026,22.0,1,2,0.0157587581699346,0.015389942,2.41,2.35,-0.06,-0.7515761153835598,-0.6664610177828016,-0.195883821073709,22.0,484.0,15.265625,0.689,16.1,79.0,1,11.5,0.0,75.0
Elijah Hughes,elijah hughes,2021,22.0,1,1,0.013503,0.012960723,1.52,1.46,-0.06,-0.8917415359782532,-0.7653800067407666,-1.9891554821766624,22.0,484.0,3.555555555555556,0.2195,25.4,77.0,0,13.4,0.0,39.0
Gui Santos,gui santos,2025,22.0,1,1,0.0157333649651577,0.015264829,2.22,2.16,-0.06,-0.2386947619992253,-0.6525650824731334,-0.1220122344852849,22.0,484.0,13.607142857142858,0.532,13.2,79.0,1,14.2,0.0,55.0
Lindy Waters III,lindy waters iii,2022,24.0,1,1,0.0155909263677166,0.015087553,1.93,1.87,-0.06,-0.1545761317577005,0.0864406638759489,0.3752161102411077,24.0,576.0,18.6,0.3049,17.5,77.0,0,8.1,0.0,75.0
Dwayne Bacon,dwayne bacon,2019,23.0,1,1,0.01483,0.0143416235,1.62,1.57,-0.05,-0.7728172037318205,-0.8361992741756785,-0.2322497975566115,23.0,529.0,17.651162790697676,0.5244,16.8,78.0,0,9.2,0.0,40.0
Jordan Goodwin,jordan goodwin,2022,23.0,1,1,0.007278314665804,0.006837406,0.9,0.85,-0.05,-1.6323501507056832,0.0369899322147931,-8.064410022090776,23.0,529.0,3.0,0.0244,22.2,75.0,0,0.0,0.0,75.0
Grayson Allen,grayson allen,2020,24.0,2,2,0.023321605277625,0.022986546,2.55,2.51,-0.04,-0.7097831819393988,-0.8404771453570044,-0.3751632646219795,24.0,576.0,18.894736842105264,0.5036,17.6,75.0,0,10.0,0.0,21.0
Zach Collins,zach collins,2021,,1,3,0.0622698240432686,0.06191088,7.0,6.96,-0.04,-0.0802856338768929,,,,,,,,81.0,0,,0.0,10.0
Paul Reed,paul reed,2021,21.0,1,1,0.0135034871101464,0.013134244,1.52,1.48,-0.04,-0.1803281423551428,0.0910011954057158,1.0527865542012556,21.0,441.0,6.807692307692308,0.3171,22.7,81.0,0,11.0,0.0,58.0
Mike Conley,mike conley,2024,36.0,1,1,0.0709588442825845,0.07071923,9.98,9.94,-0.04,0.4666708197468422,0.9459062043360756,0.8946845558752522,36.0,1296.0,28.855263157894736,0.7963,16.0,73.0,1,28.4,0.0,4.0
Damyean Dotson,damyean dotson,2020,25.0,1,1,0.018325,0.017921792,2.0,1.96,-0.04,-0.7488717056643275,-1.2783578689271744,-0.2162350152417171,25.0,625.0,17.416666666666668,0.7505,16.5,77.0,0,10.0,0.0,44.0
Lindy Waters III,lindy waters iii,2025,27.0,2,2,0.016261642399864,0.016066091,2.3,2.27,-0.03,-0.3393190573365474,-0.5545185851787505,-0.80810014234839,27.0,729.0,17.236842105263158,0.4707,14.6,77.0,1,8.8,0.0,75.0
Tre Jones,tre jones,2022,22.0,1,1,0.0144160850754114,0.014167136,1.78,1.75,-0.03,-0.2395056730765501,0.3027876148935057,0.175284593952032,22.0,484.0,16.63768115942029,0.6951,15.6,73.0,0,27.0,0.0,41.0
Xavier Cooks,xavier cooks,2023,27.0,1,1,0.012644,0.012449868,1.72,1.69,-0.03,-0.9332773310991546,,0.1211619086888957,27.0,729.0,12.6,0.122,13.9,80.0,0,6.4,0.0,75.0
Denzel Valentine,denzel valentine,2020,26.0,1,1,0.04254,0.042292416,4.64,4.62,-0.02,-0.6316061344895414,-0.6127791691005161,-0.0178174656081107,26.0,676.0,13.555555555555555,,23.3,76.0,0,14.2,0.0,14.0
Alex Len,alex len,2023,29.0,1,1,0.014848,0.014731151,2.02,2.0,-0.02,-0.4047427252854038,-0.1822695185043809,-0.927283788958808,29.0,841.0,6.1923076923076925,0.4402,14.1,84.0,0,9.3,0.0,5.0
Gary Harris,gary harris,2026,31.0,2,2,0.0249402679738562,0.024877483,3.82,3.81,-0.01,-0.4776176495982206,-1.451585829643114,-1.0060279665115412,31.0,961.0,13.770833333333334,0.6,8.5,76.0,1,9.9,0.0,19.0
Caris LeVert,caris levert,2021,26.0,2,3,0.1556745601081715,0.15556347,17.5,17.49,-0.01,-0.1025173024276151,-0.6945070796665749,0.7531076366280344,26.0,676.0,32.91428571428571,0.4985,27.9,79.0,0,22.9,0.0,20.0
Enes Freedom,enes freedom,2020,27.0,1,1,0.045862,0.045850467,5.01,5.0,-0.01,,0.5023570735915166,0.81016310855627,27.0,729.0,16.948275862068964,0.7047,19.4,82.0,0,8.8,0.0,3.0
Hamidou Diallo,hamidou diallo,2019,20.0,1,1,0.012982,0.01297929,1.42,1.42,0.0,-1.3787343024634946,-1.148127024103118,-0.7408506838739669,20.0,400.0,10.31372549019608,0.622,16.6,77.0,0,4.4,0.0,45.0
Evan Fournier,evan fournier,2021,28.0,1,2,0.152498,0.15249601,17.14,17.14,0.0,0.3476739857245093,0.1795923542484553,0.7889825122095551,28.0,784.0,30.26923076923077,0.6311,26.2,78.0,0,20.9,0.0,20.0
Georges Niang,georges niang,2019,25.0,1,2,0.015382572842221,0.015392144,1.68,1.68,0.0,-1.025721731898085,-0.9030409348744156,-0.42541063615138,25.0,625.0,8.745762711864407,0.7195,17.8,78.0,0,10.1,0.0,50.0
Jordan Nwora,jordan nwora,2021,22.0,1,1,0.013503,0.013606311,1.52,1.53,0.01,-0.8472781988768089,-0.8775954746082366,0.0866390428506437,22.0,484.0,9.133333333333333,0.3659,26.0,80.0,0,3.6,0.0,45.0
Neemias Queta,neemias queta,2024,24.0,1,3,0.0153825788829772,0.015441591,2.16,2.17,0.01,0.0882664225202878,0.7001709288678286,1.3617689969499294,24.0,576.0,11.892857142857142,0.2363,16.9,84.0,1,8.5,0.0,39.0
Bobby Portis,bobby portis,2025,29.0,4,6,0.0952194918134949,0.09532299,13.45,13.46,0.01,0.1861633738694676,0.7044466032159883,0.429195592043775,29.0,841.0,25.387755102040817,0.7695,24.1,81.0,1,12.9,0.0,22.0
Baylor Scheierman,baylor scheierman,2025,24.0,2,3,0.0185471078125885,0.018680234,2.62,2.64,0.02,-0.4343531140440181,-0.2074522498766213,-0.0698922967332535,24.0,576.0,12.387096774193548,0.378,14.5,78.0,1,11.3,0.0,30.0
Isaiah Todd,isaiah todd,2022,20.0,2,2,0.012737,0.01288591,1.57,1.59,0.02,-0.9868856366824263,-0.1175436042263188,-2.226613758201081,20.0,400.0,6.166666666666667,0.1463,19.6,81.0,0,7.3,0.0,31.0
Peyton Watson,peyton watson,2023,20.0,2,3,0.016935032090633,0.01709276,2.3,2.32,0.02,-0.6690100281922792,-0.8040394552845487,-0.8660755200957044,20.0,400.0,8.08695652173913,0.2805,17.7,80.0,0,7.9,0.0,30.0
Mike Conley,mike conley,2019,31.0,1,2,0.2978891607110134,0.29812098,32.51,32.54,0.03,2.293650200284129,2.049132412653139,1.3600673762506967,31.0,961.0,33.457142857142856,0.8537,27.3,73.0,0,33.4,0.0,4.0
Mamadi Diakite,mamadi diakite,2021,24.0,1,1,0.0092535983062607,0.009489285,1.04,1.07,0.03,-1.6642920181158496,-0.1747722811225028,0.0411769160361303,24.0,576.0,10.071428571428571,0.1707,14.6,81.0,0,7.0,0.0,75.0
Daniel Gafford,daniel gafford,2020,21.0,1,1,0.0139085669781931,0.014187051,1.52,1.55,0.03,-0.3803227676864283,-0.3500507349584141,-0.2456901490372444,21.0,441.0,14.16279069767442,0.5972,13.3,82.0,0,5.2,0.0,38.0
Moritz Wagner,moritz wagner,2023,25.0,1,1,0.0588144477690944,0.059026457,8.0,8.03,0.03,-0.0083417709250907,0.7273568704888274,0.0407554743152243,25.0,625.0,19.45614035087719,0.639,21.1,83.0,0,11.5,0.0,25.0
Matt Thomas,matt thomas,2020,25.0,1,1,0.013909,0.014184326,1.52,1.55,0.03,-0.296561645418724,-1.1791049049179358,0.2932416945842152,25.0,625.0,10.731707317073171,0.5694,16.6,75.0,0,7.5,0.0,75.0
Franz Wagner,franz wagner,2025,23.0,1,5,0.2737929154155571,0.2739811,38.66,38.69,0.03,1.421606111066588,1.1444053784996315,1.632376458089156,23.0,529.0,33.71666666666667,0.8244,31.0,82.0,1,26.6,0.0,8.0
Trey Lyles,trey lyles,2021,25.0,1,2,0.022239,0.022707343,2.5,2.55,0.05,-1.0862686357970726,-0.7299435432036707,-0.8934254460962475,25.0,625.0,15.565217391304348,0.5588,12.9,81.0,0,5.3,0.0,12.0
Kentavious Caldwell-Pope,kentavious caldwell-pope,2022,28.0,3,4,0.1132562613723666,0.1135877,14.0,14.05,0.05,-0.7151111044621078,-0.6182322622955215,0.1365223612021092,28.0,784.0,30.246753246753247,0.9063,19.0,77.0,0,9.1,0.0,8.0
Anfernee Simons,anfernee simons,2019,19.0,1,2,0.019695437053326,0.02019813,2.15,2.2,0.05,-0.8360433357733865,-0.88076038130817,-1.574297710923742,19.0,361.0,7.05,0.2439,24.3,75.0,0,13.7,0.0,24.0
Jamal Murray,jamal murray,2024,26.0,5,5,0.2561826044897146,0.25655565,36.02,36.07,0.05,1.2613200539226066,0.91665200487557,1.0574477230718269,26.0,676.0,31.54237288135593,,27.9,76.0,1,31.2,0.0,7.0
Dalton Knecht,dalton knecht,2026,24.0,3,3,0.0274580392156862,0.027754344,4.2,4.25,0.05,-0.6920199271693557,-1.5425398899142544,-1.7321393788281751,24.0,576.0,10.24074074074074,0.7683,17.7,78.0,1,5.3,0.0,17.0
Onyeka Okongwu,onyeka okongwu,2022,21.0,3,3,0.0517177631312927,0.052222375,6.4,6.46,0.06,0.2247758194664942,0.8529270046238643,0.5333252175105299,21.0,441.0,20.666666666666668,0.5945,14.0,82.0,0,7.6,0.0,6.0
Noah Penda,noah penda,2026,21.0,1,1,0.0140582810457516,0.014416282,2.15,2.21,0.06,-0.5014401248839023,-0.2457066595594677,-0.802977444030933,21.0,441.0,12.830508474576272,0.7195,14.8,79.0,1,12.5,0.0,75.0
De'Anthony Melton,de'anthony melton,2024,25.0,1,1,0.0912026631006913,0.09162358,12.82,12.88,0.06,0.8504809940766334,0.717723448544132,1.1041561671792943,25.0,625.0,26.92105263157895,0.6915,18.3,74.0,1,15.4,0.0,46.0
John Konchar,john konchar,2021,24.0,2,4,0.0195705161278844,0.020229103,2.2,2.27,0.07,0.4810639970288425,,0.7209439550721881,24.0,576.0,13.372093023255816,0.4267,12.4,77.0,0,10.7,0.0,75.0
Leonard Miller,leonard miller,2024,20.0,2,2,0.0134567459527128,0.013941155,1.89,1.96,0.07,-0.3874419625645235,-0.4114886506313839,2.586217964257963,20.0,400.0,3.0588235294117645,0.2073,18.6,82.0,1,25.5,0.0,33.0
Sterling Brown,sterling brown,2020,24.0,1,1,0.014848,0.015445613,1.62,1.69,0.07,-1.1062524940065328,-0.326697096368005,-0.2382454448911221,24.0,576.0,14.75,0.7166,17.0,77.0,0,8.6,0.0,46.0
Oshae Brissett,oshae brissett,2020,21.0,1,1,0.008755,0.009544856,0.96,1.04,0.08,-0.7265354063929399,-0.9046996514806294,-1.0584576321204189,21.0,441.0,7.105263157894737,0.2639,15.0,79.0,0,7.0,0.0,75.0
Dewayne Dedmon,dewayne dedmon,2021,31.0,2,5,0.025501,0.026233073,2.87,2.95,0.08,0.8034231910143145,0.4748962170575871,1.529984252669243,31.0,961.0,13.125,0.3953,19.3,82.0,0,9.6,0.0,75.0
Sam Hauser,sam hauser,2026,28.0,2,4,0.0709033660130719,0.07146366,10.85,10.93,0.08,0.1834560395794456,0.5936896010049972,0.3806836253619368,28.0,784.0,24.7948717948718,0.928,14.5,79.0,1,7.9,0.0,75.0
Kevin Huerter,kevin huerter,2022,23.0,1,4,0.1173339452508996,0.1180778,14.51,14.6,0.09,-0.0866324987026208,-0.2040823846333415,0.1926255928138396,23.0,529.0,29.56756756756757,0.8592,17.5,78.0,0,13.2,0.0,19.0
Brandon Goodwin,brandon goodwin,2019,23.0,1,1,0.00479,0.005545284,0.52,0.61,0.09,-1.3734654581266974,-0.3961583412423261,-2.0523287949591427,23.0,529.0,3.5625,0.1951,23.1,72.0,0,32.1,0.0,75.0
Garrett Temple,garrett temple,2023,36.0,1,3,0.0148484866307408,0.015522101,2.02,2.11,0.09,-1.9407964234316168,-0.5392115192485514,0.0646967160107557,36.0,1296.0,6.48,0.5049,13.4,77.0,0,10.6,0.0,75.0
Semi Ojeleye,semi ojeleye,2019,24.0,1,2,0.01483,0.015643869,1.62,1.71,0.09,-0.7780860480686178,-1.014443702705644,-0.8164353598458328,24.0,576.0,10.607142857142858,0.6829,14.1,78.0,0,5.1,0.0,37.0
Jaden Springer,jaden springer,2022,19.0,2,2,0.017187,0.017978488,2.13,2.22,0.09,-0.4546605110843024,-0.4884240916849875,0.4013976183265819,19.0,361.0,3.0,0.0244,15.0,76.0,0,0.0,0.0,28.0
Zeke Nnaji,zeke nnaji,2022,21.0,3,3,0.0211701912579353,0.022013547,2.62,2.72,0.1,-0.9415898813123734,-0.908755310804812,-0.4867335390663869,21.0,441.0,17.024390243902438,0.5046,14.9,82.0,0,3.4,0.0,22.0
Andre Jackson Jr.,andre jackson jr.,2025,23.0,1,2,0.0157333649651577,0.016413312,2.22,2.32,0.1,-1.5132691696053044,-1.4702553556175093,-0.8283163606279659,23.0,529.0,14.626865671641792,0.7713,11.9,78.0,1,10.9,0.0,36.0
Keita Bates-Diop,keita bates-diop,2022,26.0,2,2,0.015193,0.015979046,1.88,1.98,0.1,-0.5622379300881785,-0.921117993720101,-0.2579003580076319,26.0,676.0,16.220338983050848,0.5427,14.8,80.0,0,5.7,0.0,48.0
Seth Curry,seth curry,2024,33.0,1,1,0.0148484863572993,0.015669722,2.09,2.2,0.11,-0.9009907873719902,-0.6923289654522375,-0.3549812401533772,33.0,1089.0,12.694444444444445,,15.9,73.0,1,8.4,0.0,75.0
Caleb Houstan,caleb houstan,2023,20.0,2,3,0.0147036119422736,0.0155421505,2.0,2.11,0.11,-0.9773218815836338,-1.368238101622108,-0.9168941935060304,20.0,400.0,15.92156862745098,0.622,11.0,80.0,0,4.9,0.0,32.0
Allonzo Trier,allonzo trier,2019,23.0,1,1,0.032537,0.03351204,3.55,3.66,0.11,-1.4366915901682633,-2.033779028361385,-0.6189074066393566,23.0,529.0,22.796875,0.7805,21.5,76.0,0,12.9,0.0,75.0
Jaylin Williams,jaylin williams,2026,23.0,2,3,0.0508146928104575,0.051532775,7.77,7.88,0.11,0.0643436631510373,0.795139824648345,0.370393902938933,23.0,529.0,19.646153846153847,0.7366,15.6,81.0,1,16.0,0.0,34.0
Max Strus,max strus,2021,24.0,1,2,0.0148484886224135,0.015862301,1.67,1.78,0.11,-0.1247489709783373,-0.7830982385093145,-0.3590135063991101,24.0,576.0,13.0,0.4756,18.3,77.0,0,7.3,0.0,75.0
Jeremiah Robinson-Earl,jeremiah robinson-earl,2024,23.0,1,1,0.0156270094175889,0.016438013,2.2,2.31,0.11,-0.5117748359389628,-1.0726335584388105,-0.6762092514691521,23.0,529.0,8.564102564102564,,15.4,81.0,1,8.4,0.0,32.0
Abdel Nader,abdel nader,2020,26.0,1,2,0.016061,0.017093701,1.75,1.87,0.12,-0.8047124538427971,-1.2550042303367654,-0.5606335026971124,26.0,676.0,15.763636363636364,0.7564,17.0,77.0,0,6.4,0.0,58.0
Steven Adams,steven adams,2026,32.0,4,5,0.0849673202614379,0.08579215,13.0,13.13,0.13,0.874307822864214,-0.4757201446443856,0.1172667313330397,32.0,1024.0,22.8125,,12.1,83.0,1,8.3,0.0,12.0
Bryce McGowens,bryce mcgowens,2023,20.0,1,1,0.012644,0.013580881,1.72,1.85,0.13,-1.6875402581458614,-1.6273089086138448,-1.0539916813285544,20.0,400.0,17.108695652173914,0.561,15.0,78.0,0,9.1,0.0,40.0
Khem Birch,khem birch,2020,27.0,1,1,0.023695,0.024954624,2.59,2.72,0.13,-0.2686412713294892,-0.9805989768994589,-0.9836869078702344,27.0,729.0,19.20833333333333,0.6453,10.2,80.0,0,7.3,0.0,75.0
Alex Caruso,alex caruso,2025,30.0,1,4,0.128193870035692,0.12909922,18.1,18.23,0.13,1.4998694518845053,1.3318803272615565,1.869917022874172,30.0,900.0,19.27777777777778,0.7524,15.2,77.0,1,16.6,5.0,75.0
Thomas Bryant,thomas bryant,2025,27.0,2,2,0.016261642399864,0.01729989,2.3,2.44,0.14,-0.4902555003425304,0.3446930620266744,-0.2733179931714854,27.0,729.0,15.142857142857142,0.5805,17.6,81.0,1,8.0,0.0,42.0
Marco Belinelli,marco belinelli,2019,32.0,1,1,0.053566,0.054901626,5.85,5.99,0.14,-0.4461488548503964,-0.6468145688625901,-0.0612604639135904,32.0,1024.0,22.9746835443038,0.9634,19.8,77.0,0,10.1,0.0,75.0
Tony Bradley,tony bradley,2019,21.0,1,1,0.0179802089059923,0.019257322,1.96,2.1,0.14,-0.8623875574573723,-0.3571673725013961,-0.1160173625065422,21.0,441.0,12.0,0.0366,23.6,82.0,0,4.5,0.0,28.0
Elie Okobo,elie okobo,2019,21.0,1,1,0.012982,0.01431,1.42,1.56,0.14,-0.883462934804561,-1.4767651892052422,-1.779888029567217,21.0,441.0,18.07547169811321,0.6463,17.0,75.0,0,18.7,0.0,75.0
Lauri Markkanen,lauri markkanen,2022,24.0,2,3,0.1332372649710889,0.13442014,16.48,16.62,0.14,0.1455082475689013,0.5624039561145738,0.8424030207533355,24.0,576.0,30.78688524590164,0.6974,19.5,85.0,0,6.6,0.0,7.0
Patrick Patterson,patrick patterson,2020,30.0,1,1,0.0282,0.02951327,3.08,3.22,0.14,-0.7432876308464806,-0.7120321331097546,-0.208466628306633,30.0,900.0,13.152542372881356,0.8003,14.7,80.0,0,7.2,0.0,14.0
Sam Merrill,sam merrill,2026,29.0,2,4,0.059873954248366,0.06075765,9.16,9.3,0.14,0.046476806686776,0.6963802197200795,0.575502369904142,29.0,841.0,26.48076923076923,0.7256,17.0,76.0,1,12.3,0.0,60.0
Nic Claxton,nic claxton,2020,20.0,1,1,0.0139085669781931,0.015296872,1.52,1.67,0.15,,-0.525203024386482,-0.987894784126738,20.0,400.0,12.466666666666669,0.2083,14.8,83.0,0,12.4,0.0,31.0
Garrison Mathews,garrison mathews,2024,27.0,4,4,0.015863750817993,0.01696104,2.23,2.38,0.15,-0.4360939564936519,-1.4178331120727763,-0.7555849509646646,27.0,729.0,15.030303030303031,,11.1,77.0,1,4.8,0.0,75.0
Sterling Brown,sterling brown,2019,23.0,1,1,0.01483,0.016247157,1.62,1.77,0.15,-1.046797109245273,-0.76378747508538,-0.2460230051781515,23.0,529.0,17.82758620689655,0.7073,15.2,77.0,0,10.7,0.0,46.0
Omari Spellman,omari spellman,2020,22.0,1,1,0.018218,0.019616699,1.99,2.14,0.15,-0.6204379848538475,-0.7237089524049591,-0.7700562671554213,22.0,484.0,18.081632653061224,0.6357,18.8,80.0,0,8.1,0.0,75.0
Drew Eubanks,drew eubanks,2025,27.0,1,1,0.016261642399864,0.01736467,2.3,2.45,0.15,-0.8871624430619673,0.1505247016663546,-0.6293129619383913,27.0,729.0,15.35135135135135,,14.8,82.0,1,11.7,0.0,75.0
Nickeil Alexander-Walker,nickeil alexander-walker,2020,21.0,2,3,0.0285244639912039,0.029850025,3.11,3.26,0.15,-1.4133766089881157,-1.1323976277371175,-1.085970669182175,21.0,441.0,12.574468085106384,0.6528,23.3,77.0,0,21.1,0.0,17.0
Grayson Allen,grayson allen,2019,23.0,1,2,0.020868270111783,0.022263546,2.28,2.43,0.15,-1.1890559063387969,-1.5770276802533478,-1.9320651771905737,23.0,529.0,10.947368421052632,0.4634,24.4,75.0,0,8.9,0.0,21.0
Kevon Looney,kevon looney,2020,23.0,2,3,0.0441765530511269,0.045620926,4.82,4.98,0.16,0.8984303656005249,-0.5660718919196979,-1.6313761685828712,23.0,529.0,13.1,0.5395,15.7,81.0,0,11.1,0.0,30.0
Terrence Shannon Jr.,terrence shannon jr.,2026,25.0,3,3,0.0183113725490196,0.01933474,2.8,2.96,0.16,-1.0731795317402624,-0.8823114135159245,-1.0605634953534613,25.0,625.0,12.511627906976743,0.4741,17.7,78.0,1,9.5,0.0,27.0
Lamar Stevens,lamar stevens,2022,24.0,1,1,0.014416,0.015712917,1.78,1.94,0.16,-1.2077024441114352,-1.180734334941169,-0.5962198456056427,24.0,576.0,16.11111111111111,0.6631,17.1,79.0,0,6.5,0.0,75.0
Patty Mills,patty mills,2024,35.0,1,1,0.014848,0.016016806,2.09,2.25,0.16,-0.7496290284813686,-0.3354277320340693,-0.6329394658235838,35.0,1225.0,16.384615384615383,0.4232,19.4,74.0,1,13.4,0.0,55.0
John Wall,john wall,2023,32.0,1,1,0.050014,0.051191445,6.8,6.96,0.16,-0.8121548172668367,-0.4183118093190743,-0.6268889639111033,32.0,1024.0,22.205882352941178,,27.0,75.0,0,35.3,0.0,1.0
Rodney Hood,rodney hood,2021,28.0,1,1,0.019922,0.021395206,2.24,2.41,0.17,-0.941762790217378,-1.9879379987705723,-1.655457286034758,28.0,784.0,19.105263157894736,0.429,14.1,80.0,0,8.5,0.0,23.0
Kendall Brown,kendall brown,2023,19.0,1,1,0.008087,0.00937144,1.1,1.27,0.17,-0.6579988905711593,-0.4067975512305526,0.3892586435247046,19.0,361.0,6.666666666666667,0.0732,10.4,78.0,0,9.7,0.0,48.0
Terrence Shannon Jr.,terrence shannon jr.,2025,24.0,2,3,0.0189371706985439,0.020166835,2.67,2.85,0.18,-0.5629286025305963,-1.0262863863619502,-0.5048568681547524,24.0,576.0,10.59375,0.3902,17.7,78.0,1,13.8,0.0,27.0
Mark Williams,mark williams,2023,21.0,2,3,0.028732034024158,0.030071782,3.91,4.09,0.18,-0.3992371564748439,-0.0843983247519471,0.1100947309239802,21.0,441.0,19.25581395348837,0.5244,17.0,85.0,0,3.3,0.0,15.0
Khyri Thomas,khyri thomas,2020,23.0,1,1,0.006823,0.008503649,0.74,0.93,0.19,-1.0615798954637572,-0.414273241082039,-1.6394682383069172,23.0,529.0,7.625,0.1883,15.6,75.0,0,6.7,0.0,38.0
Jordan Miller,jordan miller,2024,24.0,1,1,0.007468631746664,0.008811737,1.05,1.24,0.19,-0.9226138957849362,-0.5870138473944175,-0.8593178145652984,24.0,576.0,3.5,0.0976,17.0,77.0,1,0.0,0.0,48.0
Joe Ingles,joe ingles,2025,37.0,2,2,0.016261642399864,0.01761268,2.3,2.49,0.19,-1.2113962835933385,-0.559265819654466,-2.2807252926512427,37.0,1369.0,6.0,0.4768,12.2,80.0,1,25.4,0.0,75.0
Keon Johnson,keon johnson,2023,20.0,3,3,0.0206491644672513,0.02204187,2.81,3.0,0.19,-1.2360836156799493,-0.8788821328599393,-1.242133703332117,20.0,400.0,10.4,0.4055,25.0,77.0,0,20.9,0.0,21.0
John Konchar,john konchar,2024,27.0,1,3,0.0438515378268415,0.045143336,6.16,6.35,0.19,0.3153090608562204,,0.2101049670854343,27.0,729.0,21.327272727272728,0.7744,9.7,77.0,1,13.0,0.0,75.0
Anthony Gill,anthony gill,2021,28.0,1,1,0.0135034871101464,0.015247943,1.52,1.71,0.19,-0.697214436159434,-0.3696728305765298,0.2468389182922624,28.0,784.0,8.384615384615385,0.3171,14.2,79.0,0,6.7,0.0,75.0
Chris Boucher,chris boucher,2019,26.0,1,1,0.0136427249404434,0.015453533,1.49,1.69,0.2,0.0543913571453342,0.0773034220403949,0.9492226708569548,26.0,676.0,5.821428571428571,0.3415,23.6,80.0,0,1.9,0.0,75.0
Marquese Chriss,marquese chriss,2022,24.0,1,1,0.017742,0.019315341,2.19,2.39,0.2,-0.8793082176785504,-0.6553203110413884,-0.3735070170863492,24.0,576.0,10.176470588235292,0.3785,21.5,81.0,0,7.7,0.0,8.0
Jaxson Hayes,jaxson hayes,2022,21.0,1,1,0.0550160689013788,0.056642707,6.8,7.0,0.2,-0.177224009442727,0.358419688012306,0.1773247114651858,21.0,441.0,19.97142857142857,0.8241,16.4,84.0,0,4.7,0.0,8.0
Jarrett Allen,jarrett allen,2022,23.0,2,5,0.1617403259067567,0.16338234,20.0,20.2,0.2,0.966493813651114,1.2794395652013335,1.235465661620974,23.0,529.0,32.32142857142857,0.7225,18.1,81.0,0,8.2,0.0,22.0
Jonathan Mogbo,jonathan mogbo,2026,24.0,1,1,0.0150083071895424,0.01631104,2.3,2.5,0.2,-0.5729075507409473,-0.7223874462987646,-0.5707727080184807,24.0,576.0,6.225,0.593,11.1,81.0,1,12.9,0.0,31.0
Thomas Bryant,thomas bryant,2020,22.0,2,3,0.0763545262964999,0.07815061,8.33,8.53,0.2,0.4796247542620031,-0.2274441323587665,0.2692891682010392,22.0,484.0,24.93478260869565,0.7286,18.9,81.0,0,11.1,0.0,42.0
Terrance Ferguson,terrance ferguson,2020,21.0,1,1,0.036137,0.037918568,3.94,4.14,0.2,-0.9498983991068178,-2.019835894172662,-1.2720882728352316,21.0,441.0,22.446428571428573,0.8245,9.1,78.0,0,5.3,0.0,21.0
Davion Mitchell,davion mitchell,2024,25.0,1,1,0.0458863985546419,0.047277234,6.45,6.65,0.2,-0.8090925766169699,-1.2072028759571358,-1.13698948536368,25.0,625.0,15.291666666666666,0.9146,14.9,72.0,1,16.0,0.0,9.0
Kevin Love,kevin love,2025,36.0,3,3,0.0293892697297603,0.030868893,4.15,4.36,0.21,-0.6579626592380672,1.1636462636814655,0.100997923411286,36.0,1296.0,10.91304347826087,,24.6,82.0,1,13.1,0.0,5.0
Jevon Carter,jevon carter,2021,25.0,2,3,0.03246926539399,0.034371424,3.65,3.86,0.21,0.475506079891162,0.3567746719339345,-0.1521144394677532,25.0,625.0,11.95,0.7026,15.0,72.0,0,13.0,0.0,32.0
Garrett Temple,garrett temple,2024,37.0,2,3,0.0148484863572993,0.016372675,2.09,2.3,0.21,-1.403728057972984,-0.8912575217836757,-1.0183557684281486,37.0,1369.0,10.703703703703704,0.4,15.0,77.0,1,12.5,0.0,75.0
Nassir Little,nassir little,2021,20.0,3,3,0.0206045510345686,0.02262358,2.32,2.54,0.22,-0.8806257017028921,-1.3855181186399432,-0.8931161799274412,20.0,400.0,13.333333333333334,0.6159,13.8,78.0,0,4.9,0.0,25.0
Sekou Doumbouya,sekou doumbouya,2020,19.0,2,2,0.031605,0.033617254,3.45,3.67,0.22,-1.7707573973303208,-1.7629458696781626,-1.5462475950859078,19.0,361.0,19.84210526315789,0.5278,16.9,80.0,0,3.6,0.0,15.0
Alfonzo McKinnie,alfonzo mckinnie,2020,27.0,1,1,0.016152,0.018150615,1.76,1.98,0.22,-1.223518065181319,-1.2725194592795723,-0.7914193312269028,27.0,729.0,14.825,0.6765,15.2,79.0,0,3.3,0.0,75.0
Justin Champagnie,justin champagnie,2022,20.0,1,1,0.0066717884436537,0.008420331,0.82,1.04,0.22,-0.3867168780292227,-0.7542217743637,0.0776989729061736,20.0,400.0,7.805555555555555,0.439,12.0,78.0,0,5.4,0.0,75.0
Frank Kaminsky,frank kaminsky,2019,25.0,1,1,0.043678,0.045728132,4.77,4.99,0.22,0.3915973947003527,0.3223895112690976,-0.5624708485803633,25.0,625.0,16.06382978723404,0.5732,22.1,84.0,0,12.9,0.0,9.0
Lester Quinones,lester quinones,2023,22.0,1,1,0.004035,0.005697683,0.55,0.78,0.23,-0.8892327806146753,0.0077157399562258,-1.47883579103888,22.0,484.0,4.5,0.0488,29.4,77.0,0,14.2,0.0,75.0
Patrick Baldwin Jr.,patrick baldwin jr.,2023,20.0,2,3,0.0171864638548459,0.018866954,2.34,2.57,0.23,-1.2526003221116289,-0.2225694218142066,-0.6709318142000524,20.0,400.0,7.290322580645161,0.378,22.8,84.0,0,6.9,0.0,28.0
Moses Moody,moses moody,2023,20.0,3,3,0.0288079046617801,0.030499985,3.92,4.15,0.23,-0.162497697620768,-0.8213108424173311,-0.4405538280732412,20.0,400.0,12.968253968253968,0.718,14.6,77.0,0,8.2,0.0,14.0
Stanley Johnson,stanley johnson,2019,22.0,1,2,0.033196,0.035237048,3.62,3.85,0.23,-1.0889478639396504,-1.315231175849961,-0.4018954036267994,22.0,484.0,20.02083333333333,0.5854,19.1,78.0,0,9.4,0.0,8.0
Johnny Furphy,johnny furphy,2026,21.0,1,2,0.0150083071895424,0.016542364,2.3,2.53,0.23,-0.412105842562596,-0.5058106263719275,-0.8170400646757048,21.0,441.0,18.37142857142857,0.4954,12.8,80.0,1,8.6,0.0,35.0
Omer Yurtseven,omer yurtseven,2022,23.0,1,1,0.014174,0.016023377,1.75,1.98,0.23,-0.5282661135606388,0.6242173706910187,-0.2412393983168756,23.0,529.0,12.607142857142858,,19.9,83.0,0,11.0,0.0,75.0
Thanasis Antetokounmpo,thanasis antetokounmpo,2022,29.0,3,4,0.015193239254377,0.017161362,1.88,2.12,0.24,-0.8000406457809575,-0.9272993351777454,-0.8406939275985771,29.0,841.0,9.854166666666666,0.5568,15.7,79.0,0,6.5,0.0,51.0
Matthew Dellavedova,matthew dellavedova,2020,29.0,1,1,0.014848,0.017087698,1.62,1.86,0.24,-0.3803227676864283,-0.4960109761484708,-0.9001767483180801,29.0,841.0,14.403508771929824,0.6594,13.0,75.0,0,29.0,0.0,75.0
Goga Bitadze,goga bitadze,2020,20.0,2,3,0.0270984057174271,0.029404573,2.96,3.21,0.25,-0.8828895012926545,-0.4434652893200503,-1.1218994587569389,20.0,400.0,8.722222222222221,0.75,17.9,83.0,0,6.7,0.0,18.0
T.J. McConnell,t.j. mcconnell,2019,26.0,1,2,0.032068902327286,0.034337115,3.5,3.75,0.25,-0.6147518736279057,0.0383124532994649,0.1231661454577623,26.0,676.0,19.34210526315789,0.9268,15.0,73.0,0,24.7,0.0,75.0
Andre Jackson Jr.,andre jackson jr.,2026,24.0,2,2,0.0157268300653594,0.017393755,2.41,2.66,0.25,-0.924289061204752,-0.4569747934437191,-1.841210436512016,24.0,576.0,8.5,0.6768,17.8,78.0,1,14.0,0.0,36.0
Jaylin Williams,jaylin williams,2023,20.0,2,3,0.0147036119422736,0.016569678,2.0,2.25,0.25,-0.8341770925090763,0.2667865469479624,-0.5747151258765019,20.0,400.0,18.6530612244898,0.5976,13.5,81.0,0,10.7,0.0,34.0
Andre Jackson Jr.,andre jackson jr.,2024,22.0,1,1,0.0134567459527128,0.015203336,1.89,2.14,0.25,-0.9604543355075916,-1.4119822721806752,-1.0581868956118174,22.0,484.0,10.035087719298245,0.6951,10.0,78.0,1,10.8,0.0,36.0
Caris LeVert,caris levert,2024,29.0,2,2,0.1181849375480126,0.119968206,16.62,16.87,0.25,-0.0252548966476785,0.5656016113495029,0.5267481004520098,29.0,841.0,28.794117647058822,0.7805,23.1,79.0,1,25.7,0.0,20.0
Luka Dončić,luka doncic,2025,25.0,4,7,0.3257581723415104,0.32761222,46.0,46.26,0.26,3.266384858917492,2.8573594990459097,1.5628832077531138,25.0,625.0,35.142857142857146,0.5878,34.5,80.0,1,35.6,20.0,3.0
Adem Bona,adem bona,2025,21.0,1,1,0.0138474944762336,0.015750583,1.96,2.22,0.26,-0.3784507277455059,-0.4702326231242043,-0.7474514875096624,21.0,441.0,15.60344827586207,0.7073,14.3,82.0,1,4.4,0.0,41.0
Jerome Robinson,jerome robinson,2020,22.0,2,2,0.034245,0.036628384,3.74,4.0,0.26,-0.9889869228317468,-0.9689221576042542,-0.5593387715412651,22.0,484.0,23.95238095238096,0.3332,17.7,77.0,0,11.3,0.0,13.0
Micah Peavy,micah peavy,2026,24.0,1,1,0.0140582810457516,0.015750008,2.15,2.41,0.26,-0.6860643083479352,-0.7475886801118415,-0.8506531579241837,24.0,576.0,14.9672131147541,0.7439,14.0,79.0,1,8.8,0.0,75.0
Dalen Terry,dalen terry,2023,20.0,2,3,0.024634,0.026647622,3.35,3.62,0.27,-0.1735088352418878,-0.0325841633535998,0.1925339122340647,20.0,400.0,5.631578947368421,0.4634,18.4,78.0,0,14.1,0.0,18.0
Derrick Jones Jr.,derrick jones jr.,2026,28.0,3,3,0.0684718300653594,0.070248134,10.48,10.75,0.27,0.7730623029000669,-0.1080599787072583,0.1783190843761956,28.0,784.0,27.0,0.772,15.1,78.0,1,7.3,0.0,75.0
Isaac Bonga,isaac bonga,2019,19.0,1,1,0.012982,0.015479274,1.42,1.69,0.27,0.0491225128085371,-0.1566423904051848,-1.0257209293145992,19.0,361.0,5.454545454545454,0.2683,15.7,80.0,0,14.9,0.0,39.0
Norman Powell,norman powell,2020,26.0,2,2,0.099559758108851,0.102095634,10.87,11.14,0.27,0.5857221758010952,-0.2040904937683574,1.092738183319954,26.0,676.0,28.442307692307693,0.7258,21.5,75.0,0,9.7,0.0,46.0
Karl-Anthony Towns,karl-anthony towns,2021,25.0,3,5,0.281554,0.2840779,31.65,31.93,0.28,1.848311612898258,2.217189007631465,0.6634204476742324,25.0,625.0,33.78,0.6385,29.1,84.0,0,22.6,0.0,1.0
Thanasis Antetokounmpo,thanasis antetokounmpo,2021,28.0,2,4,0.0153825769032326,0.017909322,1.73,2.01,0.28,-0.6416352647826284,-1.2733026507724732,-0.7647707198728627,28.0,784.0,9.666666666666666,0.5386,15.3,79.0,0,10.3,0.0,51.0
Trendon Watford,trendon watford,2023,22.0,1,1,0.0148484866307408,0.01693178,2.02,2.3,0.28,-0.856199367751316,-0.6773826163108109,-0.3188148726591713,22.0,484.0,19.06451612903226,0.6921,16.1,80.0,0,16.0,0.0,75.0
Scottie Barnes,scottie barnes,2026,24.0,2,5,0.2729064705882353,0.27472886,41.75,42.03,0.28,1.7259613143273336,1.5079467782816736,1.3022997637156433,24.0,576.0,33.5125,0.872,23.4,80.0,1,26.3,0.0,4.0
Stanley Umude,stanley umude,2023,23.0,1,1,0.003959,0.0060412893,0.54,0.82,0.28,-0.9387828999097144,0.1401297079742245,11.7450864734108,23.0,529.0,2.0,0.0122,40.0,78.0,0,0.0,0.0,75.0
Cody Williams,cody williams,2026,21.0,3,3,0.0393176470588235,0.04127207,6.02,6.31,0.29,-1.7759425526678716,-1.7029261229308852,-1.3202074911605903,21.0,441.0,24.34328358208955,0.7393,16.0,80.0,1,11.4,0.0,10.0
Taj Gibson,taj gibson,2021,35.0,1,1,0.043678,0.046233244,4.91,5.2,0.29,-0.1358648052536984,0.4335536762643087,0.7255829476042812,35.0,1225.0,20.8,0.7035,9.7,81.0,0,5.4,0.0,26.0
Jamison Battle,jamison battle,2025,23.0,1,1,0.0138474944762336,0.015935186,1.96,2.25,0.29,-1.530039885494858,-1.2849820888056618,-0.6574261404834264,23.0,529.0,17.661016949152543,0.7195,15.3,79.0,1,7.1,0.0,75.0
Jahlil Okafor,jahlil okafor,2021,25.0,1,1,0.018948,0.021634733,2.13,2.43,0.3,-1.2307744813767665,-1.798943526572728,-1.1893931696437945,25.0,625.0,12.851851851851851,0.4335,16.8,82.0,0,6.1,0.0,3.0
Nassir Little,nassir little,2020,19.0,2,3,0.0202550852116547,0.02300499,2.21,2.51,0.3,-0.9834028480138997,-0.6770016752241409,-0.8911136302271486,19.0,361.0,11.9375,0.6667,13.7,78.0,0,5.0,0.0,25.0
Lamar Stevens,lamar stevens,2023,25.0,1,1,0.014848,0.017091993,2.02,2.32,0.3,-0.8451882301301962,-0.947967681391069,-0.4062229909249321,25.0,625.0,18.06451612903226,0.7061,13.6,79.0,0,4.0,0.0,75.0
Malik Monk,malik monk,2020,21.0,1,1,0.0489800897929265,0.05174753,5.35,5.65,0.3,-1.0336595213745223,-1.0273062540802769,-0.5907360020705633,21.0,441.0,21.25454545454545,0.8113,22.9,75.0,0,16.6,0.0,11.0
Bones Hyland,bones hyland,2025,24.0,1,1,0.016261642399864,0.018447941,2.3,2.6,0.3,,0.4901836598820111,0.0880469085759327,24.0,576.0,11.1,0.3598,29.6,74.0,1,19.2,0.0,26.0
Anthony Gill,anthony gill,2022,29.0,1,4,0.0148484897497068,0.0173424,1.84,2.14,0.3,-0.5678998995094352,-0.352434579616809,-0.0521885087646204,29.0,841.0,10.522727272727272,0.4543,14.4,79.0,0,8.3,0.0,75.0
Brice Sensabaugh,brice sensabaugh,2024,20.0,2,3,0.0182908925370586,0.020466853,2.57,2.88,0.31,-1.3875107266632745,-0.955616760596788,-1.3132207315360274,20.0,400.0,18.25,0.3902,20.3,78.0,1,13.0,0.0,28.0
Sam Merrill,sam merrill,2022,25.0,1,1,0.0068739638510371,0.009403267,0.85,1.16,0.31,-0.743420951568391,-0.649138969583744,-1.9807795978660443,25.0,625.0,9.666666666666666,0.1829,19.6,76.0,0,9.0,0.0,60.0
Ryan Arcidiacono,ryan arcidiacono,2019,24.0,1,2,0.027488,0.030359551,3.0,3.31,0.31,-0.8623875574573723,-0.1399319752305005,-0.2040315185271149,24.0,576.0,24.20987654320988,0.9878,11.7,75.0,0,18.9,0.0,75.0
DeAndre Jordan,deandre jordan,2025,36.0,3,3,0.0160747266443827,0.018273506,2.27,2.58,0.31,-1.278479147151553,-0.1224435190108743,-1.0203704342839364,36.0,1296.0,12.339285714285714,0.5683,12.8,83.0,1,9.5,0.0,35.0
Leonard Miller,leonard miller,2025,21.0,1,2,0.0157333649651577,0.017884953,2.22,2.53,0.31,-0.529387170751489,-0.164446130334799,0.4693121501923084,21.0,441.0,2.4615384615384617,0.1768,27.8,82.0,1,0.0,0.0,33.0
Jabari Walker,jabari walker,2023,20.0,1,1,0.0126441064247432,0.015026261,1.72,2.04,0.32,-1.7315848086303407,-1.1840099722057624,-1.172794446723361,20.0,400.0,11.053571428571429,0.6829,17.3,79.0,0,7.8,0.0,57.0
Kyle O'Quinn,kyle o'quinn,2019,28.0,1,1,0.018587,0.021620702,2.03,2.36,0.33,-0.1352870389793636,-0.1009410064895706,-0.7038981756210547,28.0,784.0,8.244444444444444,0.5488,20.8,81.0,0,22.4,0.0,75.0
Derrick Favors,derrick favors,2019,27.0,1,1,0.161719,0.1647514,17.65,17.98,0.33,0.8921376066960833,1.804046323424436,0.829294984981594,27.0,729.0,23.23684210526316,0.9268,19.4,81.0,0,8.0,0.0,3.0
Aaron Holiday,aaron holiday,2021,24.0,1,1,0.0354097443378938,0.038395766,3.98,4.32,0.34,-0.2859285679710732,-0.6708827706418443,-1.1207360801688149,24.0,576.0,17.818181818181817,0.7994,19.5,72.0,0,14.0,0.0,23.0
Dean Wade,dean wade,2022,25.0,2,2,0.0156134487080991,0.018334366,1.93,2.27,0.34,-0.2848014284466031,-0.1051809213110298,-0.0909507415145432,25.0,625.0,19.215686274509803,0.5748,11.1,81.0,0,7.3,0.0,75.0
Josh Giddey,josh giddey,2026,23.0,2,4,0.1633986928104575,0.16562395,25.0,25.34,0.34,0.1000773760795598,0.0935866272999551,0.0370068964336101,23.0,529.0,32.05555555555556,0.7805,24.4,79.0,1,41.1,0.0,6.0
Javonte Green,javonte green,2020,26.0,1,3,0.0139085669781931,0.017015673,1.52,1.86,0.34,-0.4696679647719796,-0.9747605672518564,0.174126428246259,26.0,676.0,9.75,0.6667,15.3,77.0,0,7.7,0.0,75.0
Jay Huff,jay huff,2025,26.0,2,4,0.0166391280947255,0.0190168,2.35,2.69,0.34,-0.0039047395454739,0.8373058484797424,0.1752293499066035,26.0,676.0,11.6875,0.5793,19.6,85.0,1,7.0,0.0,75.0
Dalano Banton,dalano banton,2023,23.0,1,2,0.0148484866307408,0.017351555,2.02,2.36,0.34,0.1292974493389068,-0.118941099017512,-0.6162735076876129,23.0,529.0,9.0,0.529,24.2,80.0,0,19.3,0.0,46.0
Treveon Graham,treveon graham,2019,25.0,1,1,0.015076,0.018299835,1.65,2.0,0.35,-0.66217147265908,-0.3014659885857819,-0.4452306178506692,25.0,625.0,20.428571428571427,0.4268,12.8,77.0,0,6.5,0.0,75.0
Alize Johnson,alize johnson,2021,24.0,1,1,0.006277,0.009446517,0.71,1.06,0.35,-0.2970444022464343,0.2032166632731859,1.01567461394451,24.0,576.0,10.5,0.2147,19.1,81.0,0,10.9,0.0,50.0
Udonis Haslem,udonis haslem,2020,39.0,1,1,0.014848,0.018099496,1.62,1.98,0.36,-2.5860323207359768,-0.3500507349584141,-2.453854135334901,39.0,1521.0,11.0,0.0805,13.8,80.0,0,3.2,0.0,75.0
Marvin Bagley III,marvin bagley iii,2025,25.0,1,1,0.016261642399864,0.018850328,2.3,2.66,0.36,-0.1212997507723496,0.2720135760554585,-0.2265679883999662,25.0,625.0,8.736842105263158,0.3061,23.3,82.0,1,7.1,0.0,2.0
Blake Wesley,blake wesley,2023,19.0,2,3,0.0184136273075481,0.021047445,2.5,2.86,0.36,-1.4342840928601055,-2.410278458633316,-1.5495302122719112,19.0,361.0,18.08108108108108,0.4512,18.5,76.0,0,18.6,0.0,25.0
Donovan Clingan,donovan clingan,2025,20.0,2,3,0.050835646705569,0.05337293,7.18,7.54,0.36,-0.2722361937783327,0.6648612640307306,-0.05504601143419,20.0,400.0,19.761194029850746,0.8171,14.2,86.0,1,8.3,0.0,7.0
Kelan Martin,kelan martin,2020,24.0,1,1,0.007347,0.010668792,0.8,1.16,0.36,-0.8326328279320321,-0.8463155550046066,-1.0073157514644484,24.0,576.0,15.96774193548387,0.4306,17.8,77.0,0,6.8,0.0,75.0
Hugo González,hugo gonzalez,2026,19.0,2,3,0.0191082352941176,0.021447051,2.92,3.28,0.36,-0.4299726990268573,0.0605638112420349,0.0229442757888382,19.0,361.0,14.64864864864865,0.9024,11.8,78.0,1,4.8,0.0,75.0
Moritz Wagner,moritz wagner,2019,21.0,1,2,0.018907091808686,0.0221887,2.06,2.42,0.36,-0.6674403169958774,-0.6523847072541515,-2.193084258213417,21.0,441.0,10.372093023255816,0.5244,21.7,83.0,0,7.4,0.0,25.0
Grayson Allen,grayson allen,2022,26.0,1,2,0.0687396385103716,0.07168907,8.5,8.86,0.36,0.0322688591437685,0.2595182246899943,0.6183301138919396,26.0,676.0,27.348484848484848,0.6909,15.2,75.0,0,7.6,0.0,21.0
Nicolas Batum,nicolas batum,2025,36.0,1,2,0.0396691405586085,0.04227232,5.6,5.97,0.37,-0.2498752392589278,-0.1173149092577052,0.0409810253937952,36.0,1296.0,17.525641025641026,0.8744,9.0,79.0,1,7.8,0.0,25.0
Nic Claxton,nic claxton,2021,21.0,1,1,0.0158576422865479,0.019104518,1.78,2.15,0.37,,0.7820122343790843,0.751252039615197,21.0,441.0,18.5625,0.322,14.0,83.0,0,6.4,0.0,31.0
Josh Richardson,josh richardson,2020,26.0,1,1,0.09956,0.103030294,10.87,11.24,0.37,0.0831554421948691,-0.1515448069399371,0.1207187680675558,26.0,676.0,30.78181818181818,0.8113,20.6,77.0,0,13.9,0.0,40.0
Lindy Waters III,lindy waters iii,2024,26.0,1,2,0.0156270094175889,0.018361745,2.2,2.58,0.38,0.0828606454170513,-0.5694613277181141,-0.0979415201263924,26.0,676.0,7.368421052631579,0.4427,17.3,77.0,1,11.5,0.0,75.0
Donovan Mitchell,donovan mitchell,2021,24.0,1,4,0.25,0.25331378,28.1,28.48,0.38,1.948354121376508,1.1718133332871383,0.9327912807044444,24.0,576.0,33.41509433962264,0.7985,33.5,74.0,0,26.7,0.0,13.0
Justin Patton,justin patton,2019,21.0,1,1,0.014848,0.018335387,1.62,2.0,0.38,-0.7043222273534574,-0.1844930823629919,-0.1506183475069963,21.0,441.0,7.0,0.0366,15.7,83.0,0,18.7,0.0,16.0
Garrett Temple,garrett temple,2019,32.0,1,4,0.0436778449697636,0.04718723,4.77,5.15,0.38,-0.7095910716902547,-0.7247965063444501,-0.2440074138189018,32.0,1024.0,31.22448979591837,0.5976,13.9,77.0,0,6.7,0.0,75.0
Justin Robinson,justin robinson,2020,22.0,1,1,0.001815,0.0054151197,0.2,0.59,0.39,-1.2737747385419416,0.0819915789641535,-1.675073345092719,22.0,484.0,5.444444444444445,0.125,12.7,73.0,0,18.8,0.0,75.0
Davon Reed,davon reed,2022,26.0,1,1,0.015383,0.018530289,1.9,2.29,0.39,-0.4773083887693289,-0.4327920185661872,0.3208129765570055,26.0,676.0,13.916666666666666,0.5854,12.1,77.0,0,10.7,0.0,32.0
Ben Sheppard,ben sheppard,2026,24.0,1,1,0.032886725490196,0.03539746,5.03,5.42,0.39,-0.8230435412406047,-0.9461208545862876,-0.819440999907739,24.0,576.0,21.384615384615383,0.7659,13.8,78.0,1,11.3,0.0,26.0
Wesley Matthews,wesley matthews,2023,36.0,1,1,0.014848,0.017822953,2.02,2.42,0.4,-0.7130545786767585,-0.8500964876386352,-0.3249131134684104,36.0,1296.0,15.76923076923077,0.6378,9.8,77.0,0,5.1,0.0,75.0
Keon Ellis,keon ellis,2023,23.0,1,1,0.005024444754854,0.007939192,0.68,1.08,0.4,-0.5754153584127609,-0.1362124861502945,0.5830471847960812,23.0,529.0,4.4375,0.1951,12.1,76.0,0,10.5,0.0,75.0
Alize Johnson,alize johnson,2020,23.0,1,1,0.005695,0.009318323,0.62,1.02,0.4,-0.9778187731960528,-0.1398679876447325,-0.250545390871672,23.0,529.0,6.941176470588236,0.2116,15.0,81.0,0,7.7,0.0,50.0
Jeff Green,jeff green,2025,38.0,1,1,0.016261642399864,0.01908664,2.3,2.7,0.4,-2.212048998336708,-0.8063904087455612,-0.3797690175498769,38.0,1444.0,12.375,0.6171,14.7,80.0,1,7.0,0.0,5.0
Moses Moody,moses moody,2024,21.0,1,1,0.0412785515122201,0.044135265,5.8,6.2,0.4,0.1855704103785447,0.0273243412761999,0.3221479219689918,21.0,441.0,17.515151515151516,0.7598,18.4,77.0,1,6.7,0.0,14.0
Julian Phillips,julian phillips,2025,21.0,1,2,0.0157333649651577,0.018549321,2.22,2.62,0.4,-0.4399433526738694,-0.7928666960634938,-0.2837419807218917,21.0,441.0,14.21518987341772,0.7851,12.9,78.0,1,4.4,0.0,35.0
Caleb Houstan,caleb houstan,2024,21.0,3,3,0.014366083876291,0.017291578,2.02,2.43,0.41,-0.4577170649065979,-1.2949654743386527,-0.4724687376016089,21.0,441.0,13.813559322033898,0.6829,12.5,80.0,1,4.8,0.0,32.0
Isaiah Jackson,isaiah jackson,2025,23.0,1,3,0.053821313240043,0.05672347,7.6,8.01,0.41,0.4768557826217312,-0.1515604365538659,0.0059185218151558,23.0,529.0,16.8,,17.6,80.0,1,8.1,0.0,22.0
Jordan McLaughlin,jordan mclaughlin,2023,26.0,3,3,0.0170561898530373,0.02013454,2.32,2.74,0.42,0.1788475686339459,-0.3146834865223796,0.0394003096909489,26.0,676.0,15.767441860465116,0.6134,11.7,71.0,0,27.4,0.0,75.0
Anthony Gill,anthony gill,2023,30.0,2,4,0.0146833062541813,0.017757295,2.0,2.42,0.42,-0.7681102667823574,-0.4701259707174215,-0.5062793123505962,30.0,900.0,10.576271186440678,0.5841,12.3,79.0,0,7.2,0.0,75.0
A.J. Lawson,a.j. lawson,2023,22.0,1,1,0.007352,0.010422986,1.0,1.42,0.42,,,-0.5568721249902097,22.0,484.0,7.571428571428571,0.1707,21.1,78.0,0,3.0,0.0,75.0
Tre Jones,tre jones,2023,23.0,1,2,0.0727522441387727,0.075873025,9.9,10.32,0.42,0.0522194859910681,0.4913145796741341,0.0764414760878088,23.0,529.0,29.176470588235293,0.7573,19.3,73.0,0,31.5,0.0,41.0
Tim Frazier,tim frazier,2020,29.0,1,1,0.004752,0.008707839,0.52,0.95,0.43,-1.340783636356105,-0.6594864462813341,-1.0322393262145098,29.0,841.0,13.148148148148149,0.4493,17.3,73.0,0,36.5,0.0,75.0
Mike Muscala,mike muscala,2023,31.0,1,1,0.025731,0.028895114,3.5,3.93,0.43,0.5587318165625793,0.1977009984168326,-0.455008917398845,31.0,961.0,16.15,0.3646,14.0,82.0,0,5.0,0.0,44.0
Semi Ojeleye,semi ojeleye,2021,26.0,1,1,0.015917,0.019759312,1.79,2.22,0.43,-0.8972994531159337,-1.338269500590482,-0.6398271876751522,26.0,676.0,16.964285714285715,0.7655,11.6,78.0,0,5.1,0.0,37.0
Chris Paul,chris paul,2021,35.0,1,3,0.273987225790382,0.2778244,30.8,31.23,0.43,2.554167089383688,2.299874089218022,1.6110119888964711,35.0,1225.0,31.414285714285715,0.86,22.6,72.0,0,40.9,3.0,4.0
Myles Turner,myles turner,2019,22.0,1,3,0.1603445116364302,0.16429734,17.5,17.93,0.43,0.9184818283800692,1.4308470511898208,0.2975147980328663,22.0,484.0,28.635135135135137,0.9024,20.0,83.0,0,8.0,0.0,11.0
Thanasis Antetokounmpo,thanasis antetokounmpo,2023,30.0,4,4,0.0148484866307408,0.018011775,2.02,2.45,0.43,-1.081927688984272,-1.3567238435335869,-1.657491660672515,30.0,900.0,5.567567567567568,0.5402,13.8,79.0,0,9.3,0.0,51.0
Isaac Bonga,isaac bonga,2021,21.0,1,1,0.015383,0.01925696,1.73,2.16,0.43,0.2142839744201762,-1.633573363399614,-1.4148482067035235,21.0,441.0,10.8,0.5726,10.2,80.0,0,6.5,0.0,39.0
Taj Gibson,taj gibson,2024,38.0,1,1,0.014848,0.017952964,2.09,2.52,0.43,-0.9712658897140646,-0.6864781255601364,-2.0006658690440946,38.0,1444.0,10.3125,0.4037,7.6,81.0,1,6.7,0.0,26.0
Jordan Goodwin,jordan goodwin,2025,26.0,1,1,0.0166391280947255,0.019674398,2.35,2.78,0.43,-0.3225483414469937,-0.214770827918527,-0.3396524594013436,26.0,676.0,18.724137931034484,,14.1,75.0,1,10.5,0.0,75.0
James Johnson,james johnson,2023,35.0,1,2,0.016477,0.019696588,2.24,2.68,0.44,-1.1039499642265116,-0.3607405188764661,-0.5491928587859826,35.0,1225.0,9.0,0.3902,15.7,79.0,0,12.6,0.0,16.0
John Konchar,john konchar,2026,29.0,3,3,0.0402941176470588,0.043123554,6.16,6.6,0.44,-0.1679254708843589,0.1186822187045096,0.7432248453991038,29.0,841.0,26.15384615384616,0.461,9.8,77.0,1,14.4,0.0,75.0
Jalen Suggs,jalen suggs,2022,20.0,2,3,0.055980914641543,0.05949016,6.92,7.36,0.44,-1.1624066887413824,-1.2240037251446805,-1.2677585270187794,20.0,400.0,27.229166666666668,0.5854,25.3,77.0,0,24.9,0.0,5.0
Rayjon Tucker,rayjon tucker,2020,22.0,1,1,0.003115,0.0071861986,0.34,0.78,0.44,-1.0057391472852877,-0.3909196024916299,-1.2565514989650637,22.0,484.0,8.05,0.2778,16.6,75.0,0,4.4,0.0,75.0
MarJon Beauchamp,marjon beauchamp,2024,23.0,1,1,0.019445,0.022593183,2.73,3.18,0.45,-1.1550623112241054,-1.4938940306700907,-0.657296629928705,23.0,529.0,12.666666666666666,0.6037,14.6,79.0,1,6.7,0.0,24.0
Avery Bradley,avery bradley,2021,30.0,1,1,0.0235,0.027515002,2.64,3.09,0.45,-1.0362473815579476,-1.2969269597972035,-1.5407195374076528,30.0,900.0,23.0,0.4273,13.8,75.0,0,11.2,0.0,19.0
Jarace Walker,jarace walker,2026,22.0,1,1,0.0554153071895424,0.05839601,8.48,8.93,0.45,-0.9719340117761152,-1.1277299109409964,-1.0132307722076437,22.0,484.0,25.69736842105263,0.8183,20.7,79.0,1,14.3,0.0,8.0
Pat Spencer,pat spencer,2024,27.0,1,1,0.0031212479016701,0.00642111,0.44,0.9,0.46,-1.5875244794830248,0.0039209817077955,-1.468246917193328,27.0,729.0,4.333333333333333,0.0732,8.1,74.0,1,23.3,0.0,75.0
Eugene Omoruyi,eugene omoruyi,2023,25.0,1,1,0.006617,0.010001869,0.9,1.36,0.46,-0.4597984133910028,-0.2398408089469891,-0.3332699619847752,25.0,625.0,11.826086956521738,0.1936,18.8,78.0,0,5.6,0.0,75.0
Rodney McGruder,rodney mcgruder,2022,30.0,2,2,0.014848,0.01856353,1.84,2.3,0.46,-0.4093647557142493,-0.6182322622955215,-0.0797300951921971,30.0,900.0,14.784313725490197,0.5251,14.8,76.0,0,9.6,0.0,75.0
Blake Wesley,blake wesley,2024,20.0,3,3,0.0186664580191766,0.021886893,2.62,3.08,0.46,-0.9604543355075916,-1.0316776791941025,-0.5461133396606224,20.0,400.0,14.36065573770492,0.6341,14.7,76.0,1,25.3,0.0,25.0
Pascal Siakam,pascal siakam,2023,28.0,4,8,0.2785849832011233,0.2819271,37.89,38.35,0.46,1.4231061198204844,1.7809114855885562,0.6065367049501874,28.0,784.0,37.352112676056336,0.8183,27.2,80.0,0,24.9,5.0,27.0
Miles McBride,miles mcbride,2023,22.0,1,1,0.0134986215363804,0.016965222,1.84,2.31,0.47,-0.2230589545369269,0.1689153531955285,-0.4349073088054273,22.0,484.0,11.875,0.6707,14.6,74.0,0,12.4,0.0,36.0
Alex Len,alex len,2021,27.0,1,2,0.033199,0.037317876,3.73,4.2,0.47,0.1086835488042457,-0.0448385814864848,-0.1910819767373361,27.0,729.0,15.842105263157896,0.702,16.7,84.0,0,7.2,0.0,5.0
Dalano Banton,dalano banton,2022,22.0,1,1,0.012644195544054,0.01644299,1.56,2.03,0.47,-0.7717307986746742,-0.7974911645672114,-1.0878881662757165,22.0,484.0,10.875,0.7805,16.9,80.0,0,19.8,0.0,46.0
Seth Curry,seth curry,2025,34.0,1,1,0.0124298764942496,0.015821854,1.76,2.23,0.47,-0.7977186249843478,-1.528808257856306,-0.2913230625767326,34.0,1156.0,15.617647058823527,,15.7,73.0,1,8.8,0.0,75.0
Ben McLemore,ben mclemore,2021,27.0,1,1,0.021258,0.025556426,2.39,2.87,0.48,-0.3303919050725176,-0.481888298444,-0.9228057321328378,27.0,729.0,16.78125,0.5373,21.1,75.0,0,7.8,0.0,7.0
Kelly Oubre Jr.,kelly oubre jr.,2024,,1,2,0.0567829402224941,0.0601513,7.98,8.46,0.48,-0.0252548966476785,-0.0428857374290134,,,,,,,80.0,1,,0.0,15.0
Kyle Lowry,kyle lowry,2025,38.0,2,2,0.016261642399864,0.019718628,2.3,2.78,0.48,-1.155493897294826,-0.2701409319640591,-0.5595038331917309,38.0,1444.0,18.82857142857143,,10.1,72.0,1,19.2,0.0,24.0
Trendon Watford,trendon watford,2022,21.0,1,1,0.012644195544054,0.016519701,1.56,2.04,0.48,-0.5678998995094352,-1.3290865299246366,-0.6693240564936551,21.0,441.0,18.104166666666668,0.5854,17.6,80.0,0,14.6,0.0,75.0
Day'Ron Sharpe,day'ron sharpe,2025,23.0,1,2,0.0442609483881933,0.047688875,6.25,6.73,0.48,0.6781043732963753,0.6457329757874412,0.5798695939087387,23.0,529.0,18.16,,19.9,82.0,1,16.8,0.0,29.0
Alex Caruso,alex caruso,2022,27.0,2,4,0.0730257571469006,0.07691533,9.03,9.51,0.48,0.5022123211080696,0.66748676089453,0.9814710312333218,27.0,729.0,27.97560975609756,0.64,13.3,77.0,0,18.5,0.0,75.0
Bilal Coulibaly,bilal coulibaly,2026,21.0,1,1,0.0603922352941176,0.063577734,9.24,9.73,0.49,-0.6443749765979924,-1.010502852013932,-0.3804128431929104,21.0,441.0,26.214285714285715,0.711,19.9,79.0,1,13.9,0.0,7.0
Dean Wade,dean wade,2021,24.0,1,2,0.0158576422865479,0.020233104,1.78,2.27,0.49,0.0697781288404819,-0.5232308392372784,-0.4579786804170986,24.0,576.0,19.23809523809524,0.5427,12.9,81.0,0,8.9,0.0,75.0
Ochai Agbaji,ochai agbaji,2025,24.0,1,1,0.0452065392895586,0.048686784,6.38,6.87,0.49,-0.7641771932052404,-1.3173518316270556,-0.0430426318306918,24.0,576.0,27.171875,0.7207,14.6,77.0,1,7.9,0.0,14.0
DeAndre Jordan,deandre jordan,2024,35.0,2,3,0.0148484863572993,0.018320413,2.09,2.58,0.49,-1.5983360336894976,-0.5811630075023164,-1.067356651510216,35.0,1225.0,11.0,0.4402,15.4,83.0,1,8.5,0.0,35.0
Trent Forrest,trent forrest,2023,24.0,1,1,0.003925,0.007474397,0.53,1.02,0.49,-1.4728230745340252,-1.5121663277286286,-1.125589545644436,24.0,576.0,12.043478260869565,0.3125,11.6,76.0,0,16.5,0.0,75.0
Jordan McLaughlin,jordan mclaughlin,2022,25.0,2,3,0.0174679551979297,0.021415854,2.16,2.65,0.49,0.3210292996278571,0.1915234686559051,0.6434915632208368,25.0,625.0,14.548387096774194,0.7058,11.8,71.0,0,26.1,0.0,75.0
Sidy Cissoko,sidy cissoko,2026,21.0,1,1,0.0163255686274509,0.019528627,2.5,2.99,0.49,0.046476806686776,-0.7190856544234624,-0.9919653458667692,21.0,441.0,19.133333333333333,0.5049,12.5,78.0,1,10.2,0.0,44.0
Rodions Kurucs,rodions kurucs,2020,21.0,1,1,0.016311,0.020809434,1.78,2.27,0.49,-0.2407208972402544,-0.963083747956652,-0.4729154668884545,21.0,441.0,14.5531914893617,0.6961,14.7,81.0,0,10.4,0.0,40.0
Seth Curry,seth curry,2021,30.0,3,4,0.0730115288131371,0.077395245,8.21,8.7,0.49,0.2920948143477039,-0.2751755944776076,0.6955841292300786,30.0,900.0,28.73684210526316,0.7947,17.1,73.0,0,13.6,0.0,75.0
Devonte' Graham,devonte' graham,2021,25.0,1,1,0.097853,0.10223632,11.0,11.49,0.49,0.192052305869454,0.8351669296847279,0.2298292790079207,25.0,625.0,30.163636363636364,0.7101,21.4,73.0,0,26.3,0.0,34.0
Trey Lyles,trey lyles,2023,,1,2,0.058814,0.062496964,8.0,8.5,0.5,0.1292974493389068,0.1631582241512677,,,,,,,81.0,0,,0.0,12.0
Haywood Highsmith,haywood highsmith,2024,27.0,1,2,0.0369875096025265,0.040553816,5.2,5.7,0.5,0.2504397356173826,-0.3003226926814625,-0.0030918575523323,27.0,729.0,20.69696969696969,0.6463,12.4,77.0,1,7.2,0.0,75.0
Christian Koloko,christian koloko,2023,22.0,2,2,0.0126441064247432,0.01631538,1.72,2.22,0.5,-0.4983373950649221,0.2092152565053542,-0.4927276661078425,22.0,484.0,13.827586206896552,0.7073,10.4,83.0,0,5.0,0.0,33.0
Isaiah Stewart,isaiah stewart,2024,22.0,1,4,0.1066947392380573,0.11024919,15.0,15.5,0.5,-0.338789968635395,-0.8268982829705633,-0.3939527027215712,22.0,484.0,30.93478260869565,0.6366,14.5,80.0,1,7.1,0.0,16.0
Anthony Gill,anthony gill,2025,32.0,4,4,0.016261642399864,0.019808456,2.3,2.8,0.5,-0.8200795795037525,-1.1064205162294969,-1.100919428991621,32.0,1024.0,7.784313725490196,0.6378,12.7,79.0,1,5.7,0.0,75.0
Keita Bates-Diop,keita bates-diop,2024,28.0,1,1,0.018882,0.022434197,2.65,3.15,0.5,-0.4036592938742329,-0.3529802517103726,-0.1930777375722776,28.0,784.0,15.307692307692308,0.6268,13.0,80.0,1,7.4,0.0,48.0
JT Thor,jt thor,2023,20.0,1,1,0.013499,0.017228238,1.84,2.34,0.5,-1.412261817617866,-1.7597228766318438,-1.0350193765886997,20.0,400.0,14.043478260869565,0.6768,13.1,81.0,0,4.9,0.0,37.0
Tyler Ulis,tyler ulis,2019,23.0,1,1,0.000458,0.0049945987,0.05,0.55,0.5,-0.6937845386798631,0.0940138372150792,-3.1679586123038828,23.0,529.0,1.0,0.0122,0.0,70.0,0,0.0,0.0,75.0
Jakob Poeltl,jakob poeltl,2020,24.0,1,3,0.0742335715594649,0.07889137,8.1,8.61,0.51,0.9766074130503823,1.5591092198075267,0.7062609332995201,24.0,576.0,17.742424242424242,0.9251,13.2,84.0,0,13.6,0.0,9.0
Precious Achiuwa,precious achiuwa,2021,21.0,2,3,0.0241187040760047,0.02863587,2.71,3.22,0.51,-1.3919540783695026,-0.4759822211878173,-0.7047730831244571,21.0,441.0,12.081967213114757,0.7439,19.5,80.0,0,6.1,0.0,20.0
Kelly Oubre Jr.,kelly oubre jr.,2021,25.0,1,2,0.1067482697884605,0.11134964,12.0,12.52,0.52,-0.9084152873912948,-0.3460485215517992,-0.215514004073027,25.0,625.0,30.672727272727272,0.6663,22.1,80.0,0,6.5,0.0,15.0
Devontae Cacok,devontae cacok,2021,24.0,1,1,0.003243,0.007868326,0.36,0.88,0.52,-0.6027298448188646,-0.0330264269741195,0.8455782211010923,24.0,576.0,4.9,0.2439,17.2,79.0,0,1.5,0.0,75.0
P.J. Washington,p.j. washington,2024,25.0,2,3,0.1102512305459925,0.113943405,15.5,16.02,0.52,0.320714837959457,0.0156226614919977,-0.5782074853050174,25.0,625.0,29.227272727272727,,21.2,79.0,1,11.5,0.0,12.0
Kevon Harris,kevon harris,2024,26.0,1,1,0.000853,0.0046131457,0.12,0.65,0.53,-0.8036867995137332,0.0507277008446044,-1.372824144875618,26.0,676.0,3.0,0.0244,29.1,77.0,1,33.0,0.0,75.0
Amir Coffey,amir coffey,2022,24.0,1,3,0.0274559217176822,0.031749543,3.4,3.93,0.53,-0.4942942970330989,-1.1127395789070798,0.2942914488860056,24.0,576.0,22.71014492753623,0.7271,15.8,79.0,0,11.4,0.0,75.0
Sindarius Thornwell,sindarius thornwell,2020,25.0,1,1,0.008645,0.013471306,0.94,1.47,0.53,-0.2798094209651832,0.0352843017833354,0.3010100815192993,25.0,625.0,17.5,0.31,17.3,76.0,0,16.1,0.0,48.0
Payton Pritchard,payton pritchard,2023,25.0,1,1,0.0296812771557333,0.033571016,4.04,4.57,0.53,0.0412083483699483,-0.8616107457271569,-0.8644944947007165,25.0,625.0,13.395833333333334,0.7134,19.8,73.0,0,14.0,0.0,26.0
Quentin Grimes,quentin grimes,2024,23.0,1,1,0.0305622243719236,0.034336474,4.3,4.83,0.53,-0.8036867995137332,-0.7859424037258554,-0.158404598081458,23.0,529.0,20.22222222222222,0.6463,15.3,76.0,1,7.8,0.0,25.0
Gary Clark,gary clark,2019,24.0,1,1,0.006491,0.011422122,0.71,1.25,0.54,-0.3618473454616417,-0.7247965063444501,-0.5497054366384483,24.0,576.0,12.568627450980392,0.622,10.9,78.0,0,3.8,0.0,75.0
Mikal Bridges,mikal bridges,2022,25.0,1,4,0.1625490275362905,0.16693619,20.1,20.64,0.54,0.7966347310134148,0.976553833776754,1.3860943380088324,25.0,625.0,34.80487804878049,0.9662,15.0,78.0,0,8.7,0.0,10.0
Darius Garland,darius garland,2023,23.0,1,5,0.25,0.25399444,34.01,34.55,0.54,1.3019836059881664,1.6254690013935138,0.6923637978209602,23.0,529.0,35.46376811594203,0.8012,26.9,73.0,0,34.1,0.0,5.0
Markieff Morris,markieff morris,2023,33.0,2,2,0.014848,0.018788729,2.02,2.56,0.54,-1.131477808279311,-0.6601112291780283,-0.3321406581312124,33.0,1089.0,10.555555555555555,0.3756,15.6,81.0,0,11.8,0.0,13.0
Zach Collins,zach collins,2019,21.0,1,1,0.0388510170423309,0.043820888,4.24,4.78,0.54,-0.4830307652079765,-0.5242715242482388,-0.9427457516921508,21.0,441.0,17.61038961038961,0.939,16.6,81.0,0,7.1,0.0,10.0
Thomas Bryant,thomas bryant,2024,26.0,1,2,0.0148484863572993,0.018717546,2.09,2.63,0.54,-0.1279646616091718,0.477839012967986,-0.0678532585847722,26.0,676.0,11.605263157894736,0.4476,19.3,81.0,1,8.3,0.0,42.0
Luguentz Dort,luguentz dort,2020,20.0,1,1,0.0139085669781931,0.018948795,1.52,2.07,0.55,-0.9945709976495936,-0.6770016752241409,-0.2262691816995341,20.0,400.0,22.77777777777778,0.5,14.1,76.0,0,4.6,0.0,75.0
Craig Porter Jr.,craig porter jr.,2026,25.0,2,2,0.0157268300653594,0.019350294,2.41,2.96,0.55,,1.070803757554874,0.0853685918217279,25.0,625.0,17.9375,0.7012,12.3,73.0,1,22.4,0.0,75.0
Coby White,coby white,2023,22.0,1,3,0.0816867321957638,0.08569588,11.11,11.66,0.55,0.2724422384134643,-0.1995409056371634,0.2304785217137748,22.0,484.0,23.37837837837838,0.8427,17.9,76.0,0,16.3,0.0,7.0
Antonio Blakeney,antonio blakeney,2019,22.0,1,1,0.013636,0.018730586,1.49,2.04,0.55,-1.4103473684842776,-1.827683907873612,-1.2622169821332374,22.0,484.0,14.543859649122806,0.6951,24.5,76.0,0,8.2,0.0,75.0
Ryan Broekhoff,ryan broekhoff,2019,28.0,1,1,0.012982,0.018139394,1.42,1.98,0.56,-0.2986212134200757,-0.7860680286516257,0.0223865774952744,28.0,784.0,10.785714285714286,0.5122,14.3,78.0,0,7.2,0.0,75.0
De'Andre Hunter,de'andre hunter,2022,24.0,1,1,0.0795429299260038,0.084104724,9.84,10.4,0.56,-0.8226885234659839,-0.6800456768719664,-0.5095148512966048,24.0,576.0,29.75471698113208,0.5823,19.9,79.0,0,6.1,0.0,4.0
Marc Gasol,marc gasol,2021,36.0,1,1,0.023956,0.02891501,2.69,3.25,0.56,-0.0024747939493652,0.2681835130911949,-0.0803646883047116,36.0,1296.0,19.096153846153847,0.6297,11.8,83.0,0,14.7,0.0,48.0
Nolan Traoré,nolan traore,2026,19.0,2,3,0.026156862745098,0.029776959,4.0,4.56,0.56,-1.412649804561226,-1.8612537875439208,-1.9856095411815025,19.0,361.0,22.196428571428573,0.6829,22.8,75.0,1,27.2,0.0,75.0
Micah Potter,micah potter,2025,26.0,1,1,0.0108195357203557,0.014800348,1.53,2.09,0.56,-1.1890353290739335,-1.2739325136398074,-1.435750544247096,26.0,676.0,18.55263157894737,0.4634,10.3,81.0,1,5.8,0.0,75.0
Bryce McGowens,bryce mcgowens,2026,23.0,1,2,0.0168924117647058,0.020553594,2.58,3.14,0.56,-0.8885553482762294,-0.6393740958216972,-0.2164632659197166,23.0,529.0,20.95238095238096,0.4159,14.0,78.0,1,9.5,0.0,40.0
Dewayne Dedmon,dewayne dedmon,2020,30.0,1,5,0.026266,0.031470936,2.87,3.43,0.56,0.3065184349087474,0.3622352420490622,-1.7563177251221405,30.0,900.0,15.911764705882351,0.5878,18.5,82.0,0,3.9,0.0,75.0
Patrick Patterson,patrick patterson,2019,29.0,1,1,0.021363,0.026472889,2.33,2.89,0.56,-0.8571187131205752,-1.5101860195546108,-1.2403814090746983,29.0,841.0,13.666666666666666,0.7683,12.0,80.0,0,4.6,0.0,14.0
Alondes Williams,alondes williams,2025,25.0,1,1,0.0009345787774063,0.0048878673,0.13,0.69,0.56,-0.5461578866410426,0.1077321495423727,8.09682813139415,25.0,625.0,4.0,0.0122,21.1,76.0,1,65.0,0.0,75.0
Reggie Jackson,reggie jackson,2023,32.0,1,1,0.036759,0.040984035,5.0,5.57,0.57,-1.2140613404377096,-0.1534838732830769,-0.7486279193251731,32.0,1024.0,25.73076923076923,0.7549,20.8,74.0,0,19.8,0.0,24.0
Day'Ron Sharpe,day'ron sharpe,2022,20.0,2,3,0.0170593991346892,0.021686833,2.11,2.68,0.57,-0.8057026152022141,0.0802593224183045,0.2864709984189159,20.0,400.0,12.21875,0.3902,21.7,82.0,0,6.7,0.0,29.0
Thomas Bryant,thomas bryant,2023,25.0,1,1,0.0185870784658251,0.022792608,2.53,3.1,0.57,-0.7130545786767585,0.0825584175316163,0.3815793773204775,25.0,625.0,21.365853658536587,0.3732,18.2,81.0,0,5.0,0.0,42.0
Udonis Haslem,udonis haslem,2022,41.0,1,1,0.014848,0.019452969,1.84,2.41,0.57,-2.662828585374392,-0.4389733600238317,-2.488428839055824,41.0,1681.0,6.384615384615385,0.094,20.0,80.0,0,7.4,0.0,75.0
Frank Kaminsky,frank kaminsky,2021,27.0,1,1,0.018587,0.023689577,2.09,2.66,0.57,-0.7305619389855172,0.8292608524285454,-0.0914982703817353,27.0,729.0,15.212765957446807,0.5637,19.0,84.0,0,15.3,0.0,9.0
Ochai Agbaji,ochai agbaji,2024,23.0,3,3,0.0306589467095342,0.034783088,4.31,4.89,0.58,-1.360481841147092,-1.2891146344465516,-0.7160403786528208,23.0,529.0,19.666666666666668,0.6585,12.2,77.0,1,6.1,0.0,14.0
P.J. Tucker,p.j. tucker,2019,33.0,1,1,0.076498,0.08178353,8.35,8.93,0.58,0.2493385976068293,0.1775659130885006,0.3841852264806059,33.0,1089.0,34.170731707317074,1.0,9.5,77.0,0,4.6,0.0,35.0
Jordan Hawkins,jordan hawkins,2024,21.0,2,3,0.0321910831649927,0.0364203,4.53,5.12,0.59,-1.1496565341208689,-0.9205117212441812,-0.7931236391737339,21.0,441.0,17.313432835820894,0.8171,19.9,77.0,1,8.2,0.0,14.0
Isaiah Hartenstein,isaiah hartenstein,2021,22.0,3,3,0.0153825769032326,0.02067658,1.73,2.32,0.59,0.6255698426085369,0.8824155477341891,0.1596258586889102,22.0,484.0,17.9375,0.2617,19.6,84.0,0,22.8,0.0,43.0
Miles Bridges,miles bridges,2024,25.0,1,3,0.193287570774177,0.1974736,27.17,27.76,0.59,-0.2955437518095031,-1.2891146344465516,-0.0724381365339714,25.0,625.0,37.40579710144928,0.8428,24.7,79.0,1,14.6,0.0,12.0
Ty Jerome,ty jerome,2024,26.0,2,2,0.0182161706546789,0.022435717,2.56,3.15,0.59,-0.733411697171659,-0.0779907767816201,-1.6837361808056943,26.0,676.0,7.5,,14.7,77.0,1,27.3,0.0,24.0
Justin Robinson,justin robinson,2021,23.0,1,1,0.000853,0.006141945,0.1,0.69,0.59,-1.4364174154709468,-0.2397391309405118,-1.683291241227317,23.0,529.0,9.77777777777778,0.1155,12.2,73.0,0,14.1,0.0,75.0
Deni Avdija,deni avdija,2023,,1,1,0.0460457429367524,0.050407946,6.26,6.86,0.6,-0.3662037436114844,-0.3204406155666405,,,,,,,80.0,0,,0.0,9.0
Justin Holiday,justin holiday,2023,33.0,1,1,0.014848,0.019244945,2.02,2.62,0.6,-1.20305020281659,-1.437323650153238,-1.0969052277639408,33.0,1089.0,14.678571428571429,0.5256,14.0,78.0,0,7.6,0.0,75.0
Frank Jackson,frank jackson,2019,20.0,1,1,0.01483,0.020335816,1.62,2.22,0.6,-1.1785182176652025,,-1.4819164402914613,20.0,400.0,19.16393442622951,0.7439,18.5,75.0,0,8.0,0.0,31.0
PJ Dozier,pj dozier,2021,24.0,1,1,0.016998,0.022376165,1.91,2.52,0.61,-0.6138456790942257,0.3095260538844733,0.1027208836285668,24.0,576.0,21.76,0.4403,17.2,78.0,0,11.2,0.0,75.0
Monte Morris,monte morris,2024,28.0,1,1,0.0148484863572993,0.019193972,2.09,2.7,0.61,0.0125855430749769,0.1735953385787279,0.6620019999533887,28.0,784.0,15.11111111111111,0.5744,14.3,74.0,1,20.4,0.0,51.0
Caleb Martin,caleb martin,2022,26.0,1,2,0.0523957785774938,0.05743,6.48,7.1,0.62,0.5191982293718395,0.1420727369947493,1.0831368873054878,26.0,676.0,22.866666666666667,0.6098,16.3,77.0,0,7.0,0.0,75.0
Trey Murphy III,trey murphy iii,2025,24.0,1,4,0.1770437935527732,0.18141867,25.0,25.62,0.62,-0.3616800118559523,-0.5164865821079737,0.3120047017043588,24.0,576.0,34.9811320754717,0.7244,23.7,80.0,1,15.9,0.0,17.0
Hassan Whiteside,hassan whiteside,2021,31.0,1,1,0.021363,0.02682384,2.4,3.02,0.62,-0.6082877619565451,-0.05665073599885,-0.8850752595384798,31.0,961.0,15.166666666666666,0.6743,23.5,84.0,0,5.6,0.0,33.0
Matt Ryan,matt ryan,2022,24.0,1,1,0.003578,0.008590564,0.44,1.06,0.62,-0.884970187099807,-0.3338905552438755,0.3078922323070312,24.0,576.0,5.0,0.0122,44.0,78.0,0,0.0,0.0,75.0
Sidy Cissoko,sidy cissoko,2025,20.0,1,1,0.0048598025607614,0.009291491,0.69,1.31,0.62,-1.183445090444082,0.0205128040233814,-2.742855407385921,20.0,400.0,12.0,0.093,15.5,78.0,1,19.4,0.0,44.0
Mikal Bridges,mikal bridges,2025,28.0,4,4,0.1763356183785621,0.1807001,24.9,25.52,0.62,-0.0598071258439862,-0.2011831004713908,0.5501770233106117,28.0,784.0,37.02439024390244,0.9366,19.6,78.0,1,14.4,0.0,10.0
Anthony Lamb,anthony lamb,2022,24.0,1,1,0.002048,0.007135812,0.25,0.88,0.63,-1.1340968416350992,-0.3586159210744535,-3.173908323475512,24.0,576.0,4.0,0.125,10.6,78.0,0,27.9,0.0,75.0
Tremont Waters,tremont waters,2021,23.0,1,1,0.000853,0.006464234,0.1,0.73,0.63,0.2087260572824956,-0.6413523843609312,-0.0185114545434688,23.0,529.0,9.153846153846152,0.3171,21.4,70.0,0,36.4,0.0,51.0
Will Riley,will riley,2026,19.0,2,3,0.0241066666666666,0.028266452,3.69,4.32,0.63,-1.18038067052583,-2.2584058759275725,-1.2639570085815028,19.0,361.0,22.06756756756757,0.9024,20.2,81.0,1,12.7,0.0,75.0
Mac McClung,mac mcclung,2025,26.0,1,1,0.0011618321908107,0.0055864616,0.16,0.79,0.63,-0.9933769770291404,0.1491338497356155,-2.547010792802531,26.0,676.0,5.0,0.0244,8.7,74.0,1,37.8,0.0,75.0
DeAndre Jordan,deandre jordan,2023,34.0,1,3,0.0148484866307408,0.019498143,2.02,2.65,0.63,-1.544395469071304,-1.1897671012500233,-0.9209596873788566,34.0,1156.0,15.025641025641026,0.4939,13.7,83.0,0,7.7,0.0,35.0
Dillon Jones,dillon jones,2025,23.0,2,2,0.0194980454365191,0.023981357,2.75,3.39,0.64,-1.2617084312619993,-1.1197538355561687,-0.9534042112328414,23.0,529.0,10.22222222222222,0.6585,13.3,77.0,1,12.6,0.0,26.0
Marcus Smart,marcus smart,2025,30.0,1,2,0.0363577134439975,0.040857468,5.13,5.77,0.64,0.0519976467530382,-0.0208888706381117,0.0422445390362687,30.0,900.0,21.05263157894737,0.3378,20.0,75.0,1,22.2,0.0,6.0
Devin Cannady,devin cannady,2021,24.0,1,1,0.001651,0.0074134967,0.19,0.83,0.64,-0.6305194305072673,-0.2397391309405118,-0.3797343397091265,24.0,576.0,9.25,0.0976,19.3,74.0,0,2.1,0.0,75.0
Pat Spencer,pat spencer,2025,28.0,1,1,0.0060747549713897,0.010712091,0.86,1.51,0.65,-0.7306357614261331,-0.1820009696257467,-0.6924886440620657,28.0,784.0,6.410256410256411,0.3247,21.2,74.0,1,28.1,0.0,75.0
George Hill,george hill,2021,34.0,1,1,0.035583,0.041326273,4.0,4.65,0.65,-0.4693398335145314,-0.4700761439316347,0.493633320999621,34.0,1156.0,26.357142857142858,0.4458,16.5,76.0,0,18.2,0.0,26.0
Draymond Green,draymond green,2019,28.0,1,1,0.169865585486531,0.17583849,18.54,19.19,0.65,1.4769793280805683,0.7512901674193272,1.0237995511491955,28.0,784.0,31.28787878787879,0.8049,13.1,78.0,0,26.8,0.0,35.0
Lonzo Ball,lonzo ball,2022,24.0,2,4,0.1579789252355343,0.16316037,19.53,20.18,0.65,0.4116208103679634,0.5994920048604407,0.7356368708982849,24.0,576.0,34.628571428571426,0.5896,17.4,77.0,0,20.0,0.0,2.0
Bismack Biyombo,bismack biyombo,2020,27.0,1,1,0.032068902327286,0.038056348,3.5,4.15,0.65,-0.5645972366753781,-0.2858282288347892,-0.5580440403854178,27.0,729.0,19.41509433962264,0.707,16.8,80.0,0,7.8,0.0,7.0
Tyler Cook,tyler cook,2020,22.0,1,1,0.000907,0.00685633,0.1,0.75,0.65,-1.0113232221031343,0.1637293140305852,1.3147845765477748,22.0,484.0,3.1818181818181817,0.1528,16.7,80.0,0,4.5,0.0,75.0
Goga Bitadze,goga bitadze,2021,21.0,3,3,0.0275624032593805,0.03346682,3.1,3.76,0.66,-0.041380213913129,0.6048299166936052,-0.5386971504755204,21.0,441.0,12.466666666666669,0.6242,18.1,83.0,0,8.9,0.0,18.0
Dillon Brooks,dillon brooks,2021,25.0,2,3,0.1085274076182681,0.114411905,12.2,12.86,0.66,0.4699481627534814,-0.1038993540483111,0.0541660951259913,25.0,625.0,29.80597014925373,0.7566,26.1,79.0,0,11.7,0.0,45.0
Thabo Sefolosha,thabo sefolosha,2019,34.0,1,1,0.0235,0.029471898,2.56,3.22,0.66,0.9500948944008524,0.0271721765163421,1.0446273285281098,34.0,1156.0,12.18,0.6098,12.9,78.0,0,6.1,0.0,75.0
Torrey Craig,torrey craig,2023,,1,1,0.018587,0.023470087,2.53,3.19,0.66,-0.9993441568258734,-0.3722547769649877,,,,,,,77.0,0,,0.0,75.0
Eric Paschall,eric paschall,2021,24.0,1,1,0.015858,0.021725886,1.78,2.44,0.66,-1.1807532271376415,-0.7771921612531318,-0.7626058566912192,24.0,576.0,17.375,0.6174,23.5,78.0,0,11.4,1.0,41.0
Jeff Dowtin,jeff dowtin,2023,,1,1,0.016152,0.02103985,2.2,2.86,0.66,-1.1755223587637904,,,,,,,,75.0,0,,0.0,75.0
Alfonzo McKinnie,alfonzo mckinnie,2021,28.0,1,1,0.01151,0.017345639,1.29,1.95,0.66,-0.7527936075362395,-0.546855148262009,0.3207535326369475,28.0,784.0,6.615384615384615,0.5801,17.8,79.0,0,3.6,0.0,75.0
Naji Marshall,naji marshall,2021,23.0,1,1,0.0135034871101464,0.019392246,1.52,2.18,0.66,-1.0862686357970726,-0.1688662038663201,-0.2102564792033214,23.0,529.0,21.875,0.3902,16.8,78.0,0,16.5,0.0,75.0
Brad Wanamaker,brad wanamaker,2020,30.0,1,1,0.020616,0.026745522,2.25,2.92,0.67,-0.6483583589430824,-0.7061937234621523,0.2187946531229926,30.0,900.0,19.281690140845072,0.781,15.5,75.0,0,17.8,0.0,75.0
Markieff Morris,markieff morris,2024,34.0,1,1,0.014848,0.019629411,2.09,2.76,0.67,-2.3064928342134783,-0.6162680468549231,-1.8636926403117664,34.0,1156.0,8.307692307692308,0.2988,16.4,81.0,1,9.4,0.0,13.0
Nae'Qwan Tomlin,nae'qwan tomlin,2025,24.0,1,1,0.0050857600135969,0.009839392,0.72,1.39,0.67,-1.893405396435188,-0.143812571590132,-1.1119751733632643,24.0,576.0,12.6,0.061,26.1,80.0,1,4.4,0.0,75.0
Robin Lopez,robin lopez,2023,34.0,1,1,0.014848,0.019740539,2.02,2.69,0.67,-1.6159678636085826,-1.892136844649842,-1.4178533829464888,34.0,1156.0,8.08108108108108,0.5305,16.1,85.0,0,9.1,0.0,15.0
Ochai Agbaji,ochai agbaji,2023,22.0,2,3,0.030246800126451,0.035168942,4.11,4.78,0.67,-0.8672105053724358,-1.0918959074975894,-0.4023833578228186,22.0,484.0,20.491525423728813,0.7195,15.8,77.0,0,7.5,0.0,14.0
Jonathan Kuminga,jonathan kuminga,2022,19.0,2,3,0.0464181796126319,0.051950198,5.74,6.42,0.68,-0.7320970127258778,-0.482242750227343,0.0617180523864686,19.0,361.0,16.928571428571427,0.8537,22.7,79.0,0,8.4,0.0,7.0
Jaden Hardy,jaden hardy,2024,21.0,1,1,0.014366083876291,0.019220565,2.02,2.7,0.68,-0.744223251378132,-0.709881485128541,-0.937833849445336,21.0,441.0,13.547945205479452,,24.9,75.0,1,15.7,0.0,37.0
Paul George,paul george,2019,28.0,1,9,0.3024148433205058,0.308699,33.01,33.69,0.68,2.678275836870322,3.051757323134195,2.4380728215561085,28.0,784.0,36.896103896103895,0.939,29.5,80.0,0,17.7,0.0,10.0
Isaiah Thomas,isaiah thomas,2021,31.0,1,1,0.004911,0.010949955,0.55,1.23,0.68,-1.4197436640579053,-0.204302667403416,-3.356111948300127,31.0,961.0,16.0,0.2142,29.7,69.0,0,15.1,0.0,60.0
Kyle Guy,kyle guy,2021,23.0,1,1,0.001707,0.007834078,0.19,0.88,0.69,-1.1362898900361973,-0.4464518349069041,-1.858026626602828,23.0,529.0,7.580645161290323,0.378,19.7,73.0,0,17.9,0.0,55.0
Aaron Holiday,aaron holiday,2019,22.0,1,2,0.0205167674546454,0.02683321,2.24,2.93,0.69,-0.5567945859231369,-0.9253214884406612,-0.2923816064408959,22.0,484.0,12.92,0.6098,21.9,72.0,0,19.3,0.0,23.0
Trevelin Queen,trevelin queen,2022,24.0,1,1,0.002669,0.008260201,0.33,1.02,0.69,-0.3923788474504793,0.2347928588594164,1.0756564564239235,24.0,576.0,7.4,0.122,23.9,77.0,0,8.8,0.0,75.0
Dusty Hannahs,dusty hannahs,2019,25.0,1,1,0.000748,0.007161886,0.08,0.78,0.7,-1.2048624393491882,-0.2290541894954833,-1.872941163985914,25.0,625.0,13.0,0.0244,23.9,76.0,0,28.8,0.0,75.0
Jaylen Adams,jaylen adams,2019,22.0,1,1,0.000916,0.007289979,0.1,0.8,0.7,-0.851849868783778,-1.0200138410972055,-1.3455280916488943,22.0,484.0,12.588235294117649,0.4146,13.5,72.0,0,19.8,0.0,75.0
Spencer Jones,spencer jones,2025,23.0,1,1,0.0044187793892697,0.009326466,0.62,1.32,0.7,-1.7927811010978656,-0.7633388175340288,-2.283568198346808,23.0,529.0,6.25,0.2439,13.7,79.0,1,4.7,0.0,75.0
Doug McDermott,doug mcdermott,2025,33.0,2,2,0.016261642399864,0.021213993,2.3,3.0,0.7,-1.0716403178470577,-0.9662488278270324,-0.7825139910883019,33.0,1089.0,8.142857142857142,0.5805,15.7,79.0,1,2.8,0.0,11.0
Shake Milton,shake milton,2020,23.0,1,3,0.015591,0.022006454,1.7,2.4,0.7,-0.3914909173221222,-0.2216057227111642,0.275762823980276,23.0,529.0,20.125,0.4387,18.9,77.0,0,18.8,0.0,54.0
Admiral Schofield,admiral schofield,2022,24.0,1,1,0.004096,0.009800474,0.51,1.21,0.7,-1.62102621186317,-1.6319722613492158,-1.558475272643201,24.0,576.0,12.342105263157896,0.4615,14.5,77.0,0,7.9,0.0,42.0
Coby White,coby white,2022,21.0,1,1,0.0599567748979014,0.06558303,7.41,8.11,0.7,-0.8283504928872406,-0.7913098231095669,-0.5860192580398735,21.0,441.0,27.459016393442624,0.8049,19.8,76.0,0,15.0,0.0,7.0
Rayjon Tucker,rayjon tucker,2021,23.0,1,1,0.000853,0.007215165,0.1,0.81,0.71,-1.0028998787318644,-0.269269517221425,-0.6506515035833698,23.0,529.0,4.857142857142857,0.2109,19.2,75.0,0,12.2,0.0,75.0
Johnny Furphy,johnny furphy,2025,20.0,2,2,0.0138474944762336,0.018936157,1.96,2.67,0.71,-0.2890069096678864,-0.6763577299789096,-0.5610832252448227,20.0,400.0,7.58,0.6098,13.0,80.0,1,6.2,0.0,35.0
Frank Ntilikina,frank ntilikina,2021,22.0,1,2,0.015917,0.022229064,1.79,2.5,0.71,0.0753360459781624,-0.983904865219524,-0.5912723991725767,22.0,484.0,9.757575757575758,0.5436,13.6,76.0,0,8.1,0.0,8.0
Day'Ron Sharpe,day'ron sharpe,2023,21.0,3,3,0.0162477852684511,0.021437267,2.21,2.92,0.71,-0.3221591931270053,-0.2398408089469891,-0.7251383991710669,21.0,441.0,11.5,0.5122,19.0,82.0,0,9.7,0.0,29.0
Kyrie Irving,kyrie irving,2019,26.0,1,6,0.2908374564779182,0.29734215,31.74,32.45,0.71,2.1777356248745914,1.9767206135628403,1.886136721014884,26.0,676.0,33.04477611940298,0.8171,29.6,74.0,0,35.0,0.0,1.0
Jae Crowder,jae crowder,2020,29.0,1,2,0.084827,0.09143021,9.26,9.98,0.72,0.4014477068121457,0.6132868568959597,0.0151981788659967,29.0,841.0,29.377777777777776,0.7565,15.6,78.0,0,12.2,0.0,34.0
De'Anthony Melton,de'anthony melton,2019,20.0,1,1,0.0129819681143485,0.019647643,1.42,2.14,0.72,-0.6779780056694718,-0.3627375108929574,-0.6091653817363162,20.0,400.0,19.68,0.6098,15.0,74.0,0,22.3,0.0,46.0
Joe Chealey,joe chealey,2019,23.0,1,1,0.001497,0.008022293,0.16,0.88,0.72,-1.0836790196028534,-0.1343618368389391,-3.0765851373512274,23.0,529.0,8.0,0.0122,16.2,76.0,0,17.7,0.0,75.0
Isaac Okoro,isaac okoro,2023,22.0,1,4,0.0655839539482874,0.07086602,8.92,9.64,0.72,0.3660369081929827,0.0710441594430947,0.1923080514633521,22.0,484.0,21.73684210526316,0.872,11.9,76.0,0,7.0,0.0,5.0
Yuta Watanabe,yuta watanabe,2020,25.0,1,1,0.002949,0.009554143,0.32,1.04,0.72,-1.0113232221031343,-0.1165143490543234,-0.1320774901116393,25.0,625.0,5.833333333333333,0.25,15.7,81.0,0,6.4,0.0,75.0
Brandon Williams,brandon williams,2024,24.0,1,1,0.000341344922753,0.005481873,0.05,0.77,0.72,-1.2037143051532335,-0.2301126139762492,-2.372900647544712,24.0,576.0,6.647058823529412,0.2073,26.0,73.0,1,20.9,0.0,75.0
Daniel Theis,daniel theis,2024,31.0,1,1,0.014848,0.019991605,2.09,2.81,0.72,-1.0199178836431932,-0.5109529287971029,-0.516884742734477,31.0,961.0,17.06779661016949,0.4488,15.4,80.0,1,8.3,0.0,75.0
Bobby Portis,bobby portis,2024,28.0,3,6,0.0894691296554471,0.09468511,12.58,13.31,0.73,-0.2685148662933206,0.0916835800893122,0.2516554235000528,28.0,784.0,24.48780487804878,0.9317,22.9,81.0,1,7.8,0.0,22.0
Neemias Queta,neemias queta,2025,25.0,2,3,0.0166391280947255,0.021788409,2.35,3.08,0.73,0.2532462374276823,0.0417663215989603,0.0665671766538834,25.0,625.0,13.919354838709678,0.4927,13.7,84.0,1,7.4,0.0,39.0
PJ Dozier,pj dozier,2019,22.0,1,1,0.001678,0.008310143,0.18,0.91,0.73,-0.7201287603638489,-0.2958958501942205,0.8376932823118014,22.0,484.0,8.5,0.0732,18.5,78.0,0,13.7,0.0,75.0
Orlando Robinson,orlando robinson,2024,23.0,1,1,0.006827,0.012014986,0.96,1.69,0.73,-0.2414859807771382,-0.2593668134367548,-0.7249235796793945,23.0,529.0,8.444444444444445,0.4162,14.8,82.0,1,15.8,0.0,75.0
Jordan Miller,jordan miller,2025,25.0,1,1,0.0050467183162427,0.010170635,0.71,1.44,0.73,-0.9207038748410749,-0.946550324107538,-0.92844981679399,25.0,625.0,11.35135135135135,0.3186,18.2,77.0,1,11.2,0.0,48.0
Rudy Gobert,rudy gobert,2019,26.0,1,2,0.2291408008063038,0.23589605,25.01,25.75,0.74,2.356876332325696,2.750969849989878,1.4846981086309736,26.0,676.0,31.814814814814813,0.9878,17.8,85.0,0,9.6,0.0,27.0
Naz Reid,naz reid,2021,21.0,1,2,0.0158576422865479,0.02239672,1.78,2.52,0.74,-0.5082452534782953,0.3449625174215692,-0.5538511927470248,21.0,441.0,19.242857142857144,0.6898,22.5,81.0,0,8.7,0.0,75.0
David Nwaba,david nwaba,2021,28.0,1,1,0.041365,0.047961693,4.65,5.39,0.74,0.7033806825360646,-0.1747722811225028,0.366215659451461,28.0,784.0,22.633333333333333,0.3907,16.6,77.0,0,6.9,0.0,75.0
Max Christie,max christie,2026,22.0,3,4,0.0541549934640522,0.059028674,8.29,9.03,0.74,-0.7217980212764578,-1.1812059021318748,-0.5042325030163894,22.0,484.0,29.142857142857142,0.8012,16.5,77.0,1,9.3,0.0,35.0
Dylan Windler,dylan windler,2021,24.0,3,3,0.019919,0.026597567,2.24,2.99,0.75,-0.3303919050725176,-0.4228275258821736,-0.572716429044204,24.0,576.0,16.548387096774192,,14.8,79.0,0,9.4,0.0,26.0
Theo Pinson,theo pinson,2021,25.0,1,1,0.001753,0.0084193805,0.2,0.95,0.75,-1.2474482327898082,-0.3224242125270686,-4.278652929849063,25.0,625.0,2.0,0.2119,13.1,77.0,0,3.7,0.0,75.0
Mike Muscala,mike muscala,2020,28.0,2,2,0.020918,0.02778984,2.28,3.03,0.75,-0.162543849790397,-0.0055845657498804,-0.6127464317199683,28.0,784.0,12.170212765957446,0.6229,16.6,82.0,0,10.1,0.0,44.0
Josh Jackson,josh jackson,2019,21.0,1,1,0.064683,0.07178524,7.06,7.83,0.77,-1.004646354550896,-1.526896434729295,-1.073423258150177,21.0,441.0,25.16455696202532,0.9634,23.9,80.0,0,14.1,0.0,4.0
Dominick Barlow,dominick barlow,2024,20.0,2,2,0.0034987836799726,0.008966306,0.49,1.26,0.77,-0.679353926139294,0.07998190030511,-0.0581103929427237,20.0,400.0,12.727272727272728,0.3796,14.1,81.0,1,11.7,0.0,75.0
Bismack Biyombo,bismack biyombo,2025,32.0,1,1,0.016261642399864,0.021753073,2.3,3.07,0.77,-1.2617084312619993,-0.6608219173140121,-1.2680191082087404,32.0,1024.0,18.857142857142858,0.4293,12.3,80.0,1,7.9,0.0,7.0
Brandon Goodwin,brandon goodwin,2021,25.0,1,1,0.000884,0.007846899,0.1,0.88,0.78,-1.2696799013405304,-0.3460485215517992,-1.393508841055895,25.0,625.0,13.191489361702128,0.4673,19.5,72.0,0,21.6,0.0,75.0
Keon Ellis,keon ellis,2024,24.0,1,2,0.0150844524425982,0.020653872,2.12,2.9,0.78,0.5693805847083356,0.2438054172839413,0.6373582809764424,24.0,576.0,17.157894736842106,0.5076,12.4,76.0,1,11.1,0.0,75.0
Haywood Highsmith,haywood highsmith,2023,26.0,2,2,0.0139841421545202,0.019694503,1.9,2.68,0.78,-0.1459809911890884,-0.8385822295501136,-0.5851047213292797,26.0,676.0,17.944444444444443,0.4985,12.5,77.0,0,6.2,0.0,75.0
Elfrid Payton,elfrid payton,2019,24.0,1,1,0.0733,0.08050908,8.0,8.79,0.79,0.0438536684717399,0.2945388193112904,-0.2104142244980724,24.0,576.0,29.761904761904763,0.5122,18.3,75.0,0,33.5,0.0,10.0
Eugene Omoruyi,eugene omoruyi,2022,24.0,1,1,0.002179,0.008608925,0.27,1.06,0.79,-1.139758811056356,-0.197901043175697,0.3126525065043901,24.0,576.0,4.5,0.0488,16.9,78.0,0,15.8,0.0,75.0
Grant Williams,grant williams,2025,26.0,3,4,0.0966340433969746,0.10225166,13.65,14.44,0.79,0.0519976467530382,-0.620636516854198,0.1111060325510739,26.0,676.0,29.9375,,14.8,79.0,1,11.3,0.0,22.0
Frank Ntilikina,frank ntilikina,2023,24.0,1,1,0.014848,0.020646906,2.02,2.81,0.79,-0.3221591931270053,-0.8155537133730704,-0.7502089447201611,24.0,576.0,12.914893617021276,0.5793,13.1,76.0,0,12.8,0.0,8.0
Joe Ingles,joe ingles,2024,36.0,1,2,0.0148484863572993,0.020559285,2.09,2.89,0.8,-0.8847734560622809,-0.2593668134367548,0.5711641055848778,36.0,1296.0,17.191176470588236,0.6927,11.6,80.0,1,23.0,0.0,75.0
Bryce McGowens,bryce mcgowens,2025,22.0,1,1,0.00513142314883,0.010755799,0.72,1.52,0.8,-1.0101476929186943,0.1674370512621089,-3.675328475531357,22.0,484.0,2.4615384615384617,0.3095,26.8,78.0,1,8.7,0.0,40.0
Jontay Porter,jontay porter,2020,,1,1,0.017409,0.024708236,1.9,2.7,0.8,-1.463633282348738,,,,,,,,83.0,0,,0.0,75.0
Anthony Gill,anthony gill,2024,31.0,3,4,0.0159166571826898,0.021674652,2.24,3.05,0.81,-0.6631365948295846,-0.7917932436179566,-0.7607429386575139,31.0,961.0,9.32,0.628,18.0,79.0,1,10.0,0.0,75.0
Alex Caruso,alex caruso,2020,25.0,2,2,0.0251969946857247,0.032629177,2.75,3.56,0.81,0.6862355225223405,0.1637293140305852,0.4848619056496231,25.0,625.0,18.359375,0.6699,13.8,77.0,0,13.6,0.0,75.0
Xavier Sneed,xavier sneed,2022,24.0,1,1,0.000761,0.0073055765,0.09,0.9,0.81,-1.2360122912177187,-0.352434579616809,-2.5985951847661304,24.0,576.0,4.428571428571429,0.0854,11.2,77.0,0,4.1,0.0,75.0
Jock Landale,jock landale,2022,26.0,1,1,0.012644195544054,0.019147424,1.56,2.37,0.81,-0.5792238383519485,-0.3153465308709421,-0.8532746522630258,26.0,676.0,10.907407407407408,0.6585,18.1,83.0,0,10.6,0.0,75.0
Gary Harris,gary harris,2025,30.0,1,2,0.0257361693388476,0.03143484,3.63,4.44,0.81,0.3203291009858969,-1.3039229181893348,-0.3383889457588701,30.0,900.0,14.8125,0.6073,9.5,76.0,1,5.8,0.0,19.0
Shai Gilgeous-Alexander,shai gilgeous-alexander,2022,23.0,1,5,0.25,0.25651094,30.91,31.72,0.81,0.9891416913361404,1.2299888335401776,0.6696730713063109,23.0,529.0,34.67857142857143,0.664,30.8,78.0,0,31.1,0.0,11.0
Charles Bassey,charles bassey,2024,23.0,1,1,0.0148484863572993,0.020656755,2.09,2.9,0.81,0.1639473019655987,0.226252897607638,-0.0853331057660944,23.0,529.0,10.789473684210526,,11.9,82.0,1,14.1,0.0,53.0
Jeff Green,jeff green,2020,33.0,2,2,0.0234996609858896,0.030834535,2.56,3.37,0.81,-0.4975883388612144,-0.7762546392333796,-1.0079631170423722,33.0,1089.0,18.433333333333334,0.6126,19.7,80.0,0,5.2,0.0,5.0
Duop Reath,duop reath,2025,28.0,3,3,0.0157333649651577,0.021511305,2.22,3.04,0.82,-0.3840409663753572,-0.1262368748191644,-0.9464548861992372,28.0,784.0,10.195652173913045,0.6616,17.0,81.0,1,8.0,0.0,75.0
Danilo Gallinari,danilo gallinari,2022,33.0,1,1,0.052396,0.059056934,6.48,7.3,0.82,-0.3527450615016829,-0.0804555554804519,-0.0266870398501975,33.0,1089.0,25.33333333333333,0.7612,18.4,82.0,0,8.5,0.0,6.0
Michael Carter-Williams,michael carter-williams,2019,27.0,1,1,0.018587,0.026233986,2.03,2.86,0.83,-0.1089428172953778,0.6677380915459058,1.1168526855678926,27.0,729.0,18.916666666666668,0.1463,16.1,78.0,0,28.9,0.0,11.0
Jaden Springer,jaden springer,2023,20.0,1,1,0.016367,0.022475475,2.23,3.06,0.83,-0.5148541014966018,-0.5161830030715081,0.8330750579748851,20.0,400.0,5.5625,0.1311,20.8,76.0,0,13.8,0.0,28.0
Ziaire Williams,ziaire williams,2022,20.0,2,3,0.0371329909829768,0.043864068,4.59,5.42,0.83,-0.2451676424978067,-1.1869156763988136,-0.3456254110732467,20.0,400.0,21.70967741935484,0.7561,14.9,81.0,0,6.3,0.0,10.0
Bam Adebayo,bam adebayo,2021,23.0,1,5,0.2500004447844574,0.25736082,28.1,28.93,0.83,1.2702882305794805,1.5498022776828269,0.9909333204400128,23.0,529.0,33.484375,0.8902,23.7,81.0,0,26.9,2.0,14.0
Semi Ojeleye,semi ojeleye,2020,25.0,2,2,0.016061,0.023700079,1.75,2.59,0.84,-1.2514384392705535,-1.5644399416596857,-0.7415721817267797,25.0,625.0,14.652173913043478,0.8551,9.7,78.0,0,4.7,0.0,37.0
Kenrich Williams,kenrich williams,2020,25.0,1,3,0.0183250870441634,0.026028918,2.0,2.84,0.84,-0.2407208972402544,-0.0289382043402895,-0.4560839618624389,25.0,625.0,21.33333333333333,0.5489,8.9,79.0,0,8.4,0.0,75.0
Keon Johnson,keon johnson,2024,21.0,1,2,0.0153825788829772,0.021331685,2.16,3.0,0.84,-0.6469192635198749,-0.1072449762421257,-0.3495366975887032,21.0,441.0,12.2,0.2305,22.2,77.0,1,6.9,0.0,21.0
Quinndary Weatherspoon,quinndary weatherspoon,2021,24.0,1,1,0.000853,0.008347331,0.1,0.94,0.84,-0.9973419615941836,-0.7122253114351228,-0.826005421296493,24.0,576.0,6.05,0.2439,18.7,75.0,0,9.1,0.0,49.0
Kyle Anderson,kyle anderson,2019,25.0,1,3,0.0831322155030236,0.09091806,9.07,9.92,0.85,0.5443938804674706,-0.4630000019410632,0.3129676651204478,25.0,625.0,29.79069767441861,0.5244,12.6,80.0,0,15.0,0.0,30.0
Blake Wesley,blake wesley,2025,21.0,1,1,0.016261642399864,0.02232653,2.3,3.15,0.85,-0.831260056763455,-0.998989677655357,-0.5238095727918548,21.0,441.0,11.775862068965518,0.6671,16.7,76.0,1,22.3,0.0,25.0
Donta Hall,donta hall,2020,22.0,1,1,0.00254,0.01047385,0.28,1.14,0.86,-1.5697307038878303,-0.0931607104639144,0.3877570689610718,22.0,484.0,17.0,0.0694,12.9,82.0,0,3.5,0.0,75.0
Robin Lopez,robin lopez,2021,32.0,1,1,0.044478,0.05216228,5.0,5.86,0.86,-0.0636118824638513,-0.5173247619810957,-0.4449895013272376,32.0,1024.0,19.070422535211268,0.8884,17.1,85.0,0,5.9,0.0,15.0
Jahlil Okafor,jahlil okafor,2020,24.0,1,1,0.017252,0.025151737,1.88,2.75,0.87,-0.843800977567726,-0.1865752648255506,-0.6040069964179987,24.0,576.0,15.566666666666666,0.5302,19.9,82.0,0,12.0,0.0,3.0
Jeff Green,jeff green,2022,35.0,2,2,0.0363915733290202,0.043432847,4.5,5.37,0.87,-0.5735618689306918,-0.4389733600238317,-0.3599062336653236,35.0,1225.0,24.65333333333333,0.7894,16.3,80.0,0,7.3,0.0,5.0
Jeremiah Fears,jeremiah fears,2026,19.0,2,3,0.0516094117647058,0.057349883,7.9,8.77,0.87,-0.4597507931339594,-0.4064102220864924,-0.9309129928236134,19.0,361.0,25.75609756097561,1.0,25.5,75.0,1,19.9,0.0,75.0
Furkan Korkmaz,furkan korkmaz,2021,23.0,1,2,0.041184,0.04889561,4.63,5.5,0.87,0.2809789800723428,0.2209348950417338,0.5647645398250501,23.0,529.0,19.30909090909091,0.7524,20.5,79.0,0,11.1,0.0,26.0
Gorgui Dieng,gorgui dieng,2022,32.0,1,1,0.014848,0.021924324,1.84,2.71,0.87,-0.6358435325645149,0.2471555417747054,-0.5703783571056941,32.0,1024.0,8.431818181818182,0.4766,16.9,82.0,0,12.7,0.0,21.0
Herbert Jones,herbert jones,2023,24.0,1,4,0.0883330515141044,0.09478006,12.02,12.89,0.87,0.7404155873110563,0.6928140962232624,0.5189027259137141,24.0,576.0,29.560606060606062,0.8598,14.5,79.0,0,11.1,0.5,35.0
Gabriel Deck,gabriel deck,2021,25.0,1,1,0.015038,0.022787299,1.69,2.56,0.87,-0.5304769220290175,-0.0802750450235806,0.4376561444456964,25.0,625.0,21.2,0.122,16.6,78.0,0,17.3,0.0,75.0
Isaiah Livers,isaiah livers,2022,23.0,1,1,0.012644,0.019672688,1.56,2.43,0.87,-0.6641533796707981,-1.1869156763988136,0.1610037713599552,23.0,529.0,20.157894736842103,0.2317,12.4,78.0,0,8.0,0.0,42.0
Dwight Howard,dwight howard,2021,35.0,1,1,0.0235,0.031326804,2.64,3.52,0.88,-0.5304769220290175,0.0201282683315241,-0.6995155582547514,35.0,1225.0,17.333333333333332,0.7302,18.2,82.0,0,7.2,0.0,1.0
Oshae Brissett,oshae brissett,2022,23.0,2,2,0.014935,0.022115905,1.85,2.73,0.88,-0.7094491350408512,-0.0186421409040071,-0.2980226690996573,23.0,529.0,23.34328358208955,0.5381,17.3,79.0,0,6.4,0.0,75.0
Trent Forrest,trent forrest,2021,22.0,1,1,7.6e-05,0.0079893265,0.01,0.9,0.89,-0.9639944587681004,-0.8775954746082366,-0.9803292395307937,22.0,484.0,10.066666666666666,0.3659,14.3,76.0,0,19.9,0.0,75.0
Darius Bazley,darius bazley,2020,19.0,2,3,0.021982,0.03018223,2.4,3.29,0.89,-0.687446882668011,-1.1499128566799246,-0.7522537137625204,19.0,361.0,18.524590163934427,0.8472,15.1,81.0,0,5.1,0.0,23.0
Danny Wolf,danny wolf,2026,21.0,2,3,0.0192250980392156,0.025056269,2.94,3.83,0.89,-0.7873098283120824,-0.5426987478549742,-0.9405167337517504,21.0,441.0,20.82456140350877,0.6951,20.6,83.0,1,17.1,0.0,75.0
Lou Williams,lou williams,2020,33.0,1,1,0.0733,0.081442825,8.0,8.89,0.89,-0.5645972366753781,-0.0230997946926872,0.2051999759865954,33.0,1089.0,28.67692307692308,0.9072,28.4,74.0,0,30.1,0.0,45.0
Zach Collins,zach collins,2023,25.0,3,3,0.0566089059777534,0.063180864,7.7,8.59,0.89,-0.3056424866953255,-0.7061682615321149,-0.4292607895376132,25.0,625.0,22.87301587301588,,21.2,81.0,0,18.0,0.0,10.0
Derrick Jones Jr.,derrick jones jr.,2022,24.0,1,2,0.025878452145081,0.033191923,3.2,4.1,0.9,0.5418461070568661,-0.4389733600238317,-0.2028171851524784,24.0,576.0,17.627450980392158,0.6871,12.5,78.0,0,4.4,0.0,75.0
Josh Minott,josh minott,2025,22.0,1,2,0.0168465667667554,0.02321753,2.38,3.28,0.9,0.74518723685459,-0.134714561005434,0.6060875019900636,22.0,484.0,6.0,0.4341,17.2,80.0,1,9.5,0.0,45.0
Terance Mann,terance mann,2021,24.0,1,2,0.0158576422865479,0.023840455,1.78,2.68,0.9,-0.0858435510145734,0.2740895903473775,0.285187923224233,24.0,576.0,18.85074626865672,0.7242,15.1,78.0,0,11.3,0.0,48.0
Juwan Morgan,juwan morgan,2021,23.0,1,1,0.001024,0.009080051,0.12,1.02,0.9,-1.0251315472825866,-1.2555844190039254,-1.3706231445642352,23.0,529.0,5.068965517241379,0.3304,10.9,79.0,0,8.0,0.0,75.0
James Johnson,james johnson,2024,36.0,2,2,0.014848,0.02134673,2.09,3.0,0.91,-1.2199316364629431,-0.2827701730051593,-0.7965622976356332,36.0,1296.0,5.222222222222222,0.272,14.2,79.0,1,18.6,0.0,16.0
David Nwaba,david nwaba,2020,27.0,1,1,0.016713,0.024971945,1.82,2.73,0.91,0.4014477068121457,-0.2683129998919824,0.8671312794135534,27.0,729.0,13.4,0.4068,14.2,77.0,0,4.3,0.0,75.0
Precious Achiuwa,precious achiuwa,2023,23.0,1,1,0.0321974327493548,0.038927812,4.38,5.29,0.91,-0.8727160741829956,-0.7694966810189838,-0.6250820777454028,23.0,529.0,20.727272727272727,0.7512,19.4,80.0,0,6.3,0.0,20.0
Kobi Simmons,kobi simmons,2023,25.0,1,1,0.000853,0.007583698,0.12,1.03,0.91,-0.955299606341394,-0.1592410023273377,-1.1931219160874915,25.0,625.0,5.6,0.061,11.8,77.0,0,21.8,0.0,75.0
Armoni Brooks,armoni brooks,2021,22.0,1,1,0.013246,0.021561317,1.49,2.42,0.93,-1.052921132970989,-0.853971165583506,-0.6927117025410149,22.0,484.0,26.0,0.2439,17.9,75.0,0,8.7,0.0,75.0
Marquese Chriss,marquese chriss,2019,21.0,1,1,0.012949,0.021449108,1.41,2.34,0.93,-1.4419604345050605,-0.4072986180254489,-1.361316890629684,21.0,441.0,14.62962962962963,0.3293,20.7,81.0,0,6.1,0.0,8.0
Aaron Holiday,aaron holiday,2024,27.0,1,1,0.0332034028508834,0.039858717,4.67,5.6,0.93,-0.1225588845059353,-0.563610487826013,-0.2048264873171008,27.0,729.0,16.26923076923077,0.8061,16.7,72.0,1,15.4,0.0,23.0
Michael Carter-Williams,michael carter-williams,2020,28.0,1,2,0.030236,0.038796525,3.3,4.23,0.93,0.6638992232509527,0.3855888806394713,0.8959390476311568,28.0,784.0,18.51111111111112,0.4455,18.3,78.0,0,19.1,0.0,11.0
T.J. McConnell,t.j. mcconnell,2021,28.0,1,8,0.0667176686177878,0.07495111,7.5,8.43,0.93,0.3699056542752316,0.7583879253543537,1.0023761686858426,28.0,784.0,26.02898550724637,0.9019,15.3,73.0,0,34.3,0.0,75.0
Jordan Bell,jordan bell,2020,25.0,1,1,0.005315,0.013795545,0.58,1.51,0.93,-0.430579441047051,-0.2274441323587665,-1.29474606806256,25.0,625.0,8.703703703703704,0.5454,15.9,80.0,0,8.6,0.0,38.0
Kelan Martin,kelan martin,2021,25.0,1,1,0.001707,0.009948164,0.19,1.12,0.93,-0.7083302704347951,-0.4346396803945389,0.0550938936324099,25.0,625.0,9.2,0.4282,20.9,77.0,0,7.5,0.0,75.0
Jrue Holiday,jrue holiday,2023,32.0,3,3,0.2710001176288955,0.27786693,36.86,37.8,0.94,2.80500389127102,1.7003116789689048,0.8655990089574939,32.0,1024.0,32.582089552238806,0.7976,25.0,76.0,0,34.4,5.0,17.0
Ignas Brazdeikis,ignas brazdeikis,2020,21.0,1,1,0.001361,0.009994835,0.15,1.09,0.94,-0.5869335359467659,-0.0289382043402895,-2.985988640388162,21.0,441.0,5.888888888888889,0.125,21.0,78.0,0,10.6,0.0,47.0
Bobby Portis,bobby portis,2020,24.0,1,1,0.0331958951805021,0.04182425,3.62,4.56,0.94,-0.8549691272034199,-1.3367419654031971,-0.3605975391186967,24.0,576.0,21.10606060606061,0.701,21.4,81.0,0,11.1,0.0,22.0
Moses Brown,moses brown,2024,24.0,1,1,0.000853,0.0075988476,0.12,1.07,0.95,-0.6252961551069293,0.2438054172839413,-1.2974602135856548,24.0,576.0,9.090909090909092,0.2927,19.1,86.0,1,5.4,0.0,75.0
Quentin Grimes,quentin grimes,2022,21.0,2,3,0.0184141361044842,0.026104242,2.28,3.23,0.95,-0.618857624300745,-0.7665844572789889,0.1426427137415707,21.0,441.0,17.08695652173913,0.561,15.1,76.0,0,8.5,0.0,25.0
Tyler Lydon,tyler lydon,2019,22.0,1,1,0.000458,0.009173122,0.05,1.0,0.95,-1.1152920856236364,-0.7470770599106958,-1.0085884027609764,22.0,484.0,3.76,0.3049,10.6,82.0,0,8.2,0.0,75.0
Ryan Arcidiacono,ryan arcidiacono,2021,26.0,1,1,0.007044,0.01551431,0.79,1.74,0.95,-0.4304344135507676,-0.4346396803945389,-0.7486888790949395,26.0,676.0,10.227272727272728,0.7075,13.1,75.0,0,16.3,0.0,75.0
Jeff Green,jeff green,2021,34.0,1,2,0.0400306011706726,0.04843875,4.5,5.45,0.95,-0.313718153659476,-0.0330264269741195,0.1753984332980271,34.0,1156.0,26.98529411764705,0.7274,15.6,80.0,0,7.8,0.0,5.0
Avery Bradley,avery bradley,2020,29.0,1,1,0.051631,0.060343187,5.64,6.59,0.95,-0.0676145778869987,-0.811285097118993,0.1504975846520448,29.0,841.0,24.20408163265306,0.6494,15.7,75.0,0,7.2,0.0,19.0
Alex Sarr,alex sarr,2026,20.0,3,3,0.0808541176470588,0.08702969,12.37,13.32,0.95,,-0.2157912994406554,-0.4699334282730434,20.0,400.0,27.1875,0.6723,25.7,84.0,1,15.9,1.0,2.0
Demetrius Jackson,demetrius jackson,2019,24.0,1,5,0.000851,0.009520721,0.09,1.04,0.95,-0.2459327700521041,-0.3850180644592032,1.2438349412006275,24.0,576.0,6.5,0.0732,19.1,73.0,0,19.6,0.0,75.0
Caleb Martin,caleb martin,2021,25.0,1,1,0.004693,0.013290724,0.53,1.49,0.96,-0.3359498222101982,-0.8303468565587755,-0.6280750732605161,25.0,625.0,15.433962264150944,0.4977,16.7,77.0,0,11.5,0.0,75.0
Gary Payton II,gary payton ii,2020,27.0,1,1,0.0021430639545537,0.0108733075,0.23,1.19,0.96,-0.3691546180507344,-0.3150202770728005,-0.0793171955108598,27.0,729.0,14.89655172413793,0.2655,13.4,74.0,0,14.8,0.0,75.0
Aaron Gordon,aaron gordon,2020,24.0,2,3,0.1661752244823162,0.17497475,18.14,19.1,0.96,0.7197399714294224,0.4322961578202895,0.227857771213924,24.0,576.0,32.53225806451613,0.8949,20.7,80.0,0,17.4,0.0,4.0
Nique Clifford,nique clifford,2026,23.0,2,3,0.0213294117647058,0.02762912,3.26,4.23,0.97,-1.067223912918842,-0.7501112754366975,-0.9713859010207616,23.0,529.0,25.093333333333334,0.9146,17.0,77.0,1,13.0,0.0,75.0
Tyrone Wallace,tyrone wallace,2019,24.0,1,1,0.004604,0.013496178,0.5,1.47,0.97,-1.0994855526132448,-1.198258269627171,-1.3129426980076897,24.0,576.0,10.129032258064516,0.7561,18.7,77.0,0,9.5,0.0,60.0
Hamidou Diallo,hamidou diallo,2020,21.0,1,1,0.015245,0.024060123,1.66,2.63,0.97,-1.3631199356274928,-1.57611676095489,-0.5078732080963329,21.0,441.0,19.47826086956522,0.6325,18.4,77.0,0,5.9,0.0,45.0
Pau Gasol,pau gasol,2019,38.0,1,1,0.004249,0.013128457,0.46,1.43,0.97,-1.1574428403180137,0.8961137655999243,-0.4277621594038379,38.0,1444.0,12.22222222222222,0.3293,15.8,84.0,0,20.2,0.0,75.0
Rodney Hood,rodney hood,2019,26.0,1,1,0.052391,0.061287712,5.72,6.69,0.97,-0.6516337839854858,-0.0898007297064477,-0.0834319688653377,26.0,676.0,27.42222222222222,0.5488,19.1,80.0,0,11.5,0.0,23.0
Trey Lyles,trey lyles,2024,28.0,2,2,0.056904,0.06383854,8.0,8.97,0.97,0.3801783860950584,-0.3471294118182715,-0.1125558185894652,28.0,784.0,19.96551724137931,,14.4,81.0,1,8.1,0.0,12.0
Aaron Nesmith,aaron nesmith,2024,24.0,1,3,0.0782428087745753,0.08513418,11.0,11.97,0.97,0.0666433141073418,-0.1189466560263279,0.4393488645453984,24.0,576.0,27.70833333333333,0.8329,16.0,77.0,1,6.6,0.0,14.0
Raul Neto,raul neto,2020,27.0,1,1,0.014848,0.02384783,1.62,2.6,0.98,-0.0731986527048457,-1.202458543508345,-0.4619102520637519,27.0,729.0,12.37037037037037,0.638,18.7,74.0,0,20.3,0.0,47.0
Kessler Edwards,kessler edwards,2022,21.0,1,1,0.013246,0.021222504,1.64,2.62,0.98,-1.3775615267491346,-1.2549104324329028,-0.82097279163809,21.0,441.0,20.5625,0.5854,13.8,80.0,0,4.1,0.0,44.0
Tony Bradley,tony bradley,2022,24.0,2,2,0.0164677368484897,0.024446692,2.04,3.02,0.98,0.1851420335176978,-0.4451547014814762,-0.7308676014737956,24.0,576.0,9.981818181818182,0.577,13.6,82.0,0,6.7,0.0,28.0
Aaron Nesmith,aaron nesmith,2025,25.0,2,3,0.0778992691632202,0.08482617,11.0,11.98,0.98,0.7172360437053339,-0.2390511072546721,0.7415993401453453,25.0,625.0,24.933333333333334,0.7159,17.4,77.0,1,6.6,0.0,14.0
Tyus Jones,tyus jones,2025,28.0,1,1,0.0495722621947765,0.056487337,7.0,7.98,0.98,-0.7138650455365794,-0.0806648645357516,0.0024438592983537,28.0,784.0,26.839506172839503,0.9305,16.2,72.0,1,27.7,0.0,24.0
Alfonzo McKinnie,alfonzo mckinnie,2019,26.0,1,1,0.021917,0.030858919,2.39,3.37,0.98,-1.1100232412868392,-0.7415069215191343,-0.7687330310102553,26.0,676.0,13.930555555555555,0.878,13.9,79.0,0,4.0,0.0,75.0
Naji Marshall,naji marshall,2026,28.0,3,3,0.0616246470588235,0.06803206,9.43,10.41,0.98,-0.8289991600620252,-0.5182354967931924,0.2455452708731537,28.0,784.0,29.513513513513512,0.8646,20.5,78.0,1,16.4,0.0,75.0
Gradey Dick,gradey dick,2024,20.0,2,3,0.0338845420661791,0.04087534,4.76,5.75,0.99,-1.284800961701781,-1.7747343454909446,-1.2791207017888575,20.0,400.0,21.133333333333333,0.7317,17.4,79.0,1,7.4,0.0,13.0
Nick Smith Jr.,nick smith jr.,2024,19.0,2,3,0.0184027086237801,0.025464593,2.59,3.58,0.99,-1.857813334644849,-2.043872980527596,-1.6648235592652474,19.0,361.0,14.294117647058824,0.622,20.3,74.0,1,12.0,0.0,27.0
Julian Strawther,julian strawther,2024,21.0,2,3,0.0181560303866617,0.02515742,2.55,3.54,0.99,-1.3442645098373829,-1.0726335584388105,-1.1762475028036987,21.0,441.0,10.9,0.6098,20.7,78.0,1,11.3,0.0,29.0
Neemias Queta,neemias queta,2023,23.0,1,1,0.0018379514927842,0.009092234,0.25,1.24,0.99,-1.0874332577948318,-0.0901554537962079,-0.7330435261460065,23.0,529.0,5.8,0.061,16.1,84.0,0,5.0,0.0,39.0
Taj Gibson,taj gibson,2020,34.0,1,1,0.022384,0.03139126,2.44,3.43,0.99,-1.1230047184600735,-0.2799898191871869,-0.5926780988043343,34.0,1156.0,16.532258064516128,0.8583,14.8,81.0,0,7.6,0.0,26.0
Dorian Finney-Smith,dorian finney-smith,2022,28.0,1,3,0.1046447616351946,0.11276716,12.94,13.94,1.0,0.8362685169622113,0.3893263953005284,0.6312508581419137,28.0,784.0,33.05,0.9045,13.8,79.0,0,8.2,0.0,75.0
Taylor Hendricks,taylor hendricks,2026,22.0,1,1,0.051018954248366,0.057602014,7.81,8.81,1.0,-0.2453485155628244,-1.1497437539042683,0.0671900822077546,22.0,484.0,24.07692307692308,0.2671,18.2,81.0,1,7.2,0.0,9.0
Sandro Mamukelashvili,sandro mamukelashvili,2025,25.0,1,2,0.0174314698883915,0.024550842,2.46,3.47,1.01,0.3315095782455994,0.8161761117542928,0.4996364776116721,25.0,625.0,11.163934426229508,0.5866,20.8,81.0,1,10.7,0.0,54.0
Jared Dudley,jared dudley,2020,34.0,1,1,0.014848,0.024089994,1.62,2.63,1.01,-0.8214646782963381,-1.0681751216134927,-0.110714426040158,34.0,1156.0,8.088888888888889,0.6604,8.0,78.0,0,9.5,0.0,22.0
Skylar Mays,skylar mays,2022,24.0,1,1,0.000853,0.009108143,0.11,1.13,1.02,-0.5962097466157185,-1.3538118957552143,-0.8267531245920258,24.0,576.0,7.857142857142857,0.3643,15.5,76.0,0,10.8,0.0,50.0
Dominick Barlow,dominick barlow,2023,19.0,1,2,0.0033496298365693,0.01085131,0.46,1.48,1.02,-0.966310743962514,-0.9364534233025472,-0.5046982869556083,19.0,361.0,14.571428571428571,0.3415,11.3,81.0,0,7.6,0.0,75.0
Serge Ibaka,serge ibaka,2021,31.0,1,1,0.086474,0.095552914,9.72,10.74,1.02,0.8867919480795227,1.2013437195680514,0.1515849382999486,31.0,961.0,23.29268292682927,0.6597,20.1,83.0,0,11.5,0.0,24.0
Miles McBride,miles mcbride,2024,23.0,1,3,0.0335031723902466,0.04075426,4.71,5.73,1.02,-0.009037565337969,-0.2008584145157436,-0.005097741655107,23.0,529.0,19.529411764705884,0.7463,16.4,74.0,1,12.2,0.0,36.0
Juan Toscano-Anderson,juan toscano-anderson,2021,27.0,1,1,0.015137,0.02415963,1.7,2.72,1.02,-0.574940259130462,-0.2220208991719639,0.6399162188449602,27.0,729.0,20.88679245283019,0.4717,11.0,78.0,0,18.1,0.0,75.0
Armoni Brooks,armoni brooks,2022,23.0,1,1,0.000404,0.0086477315,0.05,1.07,1.02,-0.9642377589974,-0.2040823846333415,-0.7536489137040134,23.0,529.0,16.829268292682926,0.404,17.4,75.0,0,10.3,0.0,75.0
Jericho Sims,jericho sims,2026,27.0,2,2,0.0183094509803921,0.024954716,2.8,3.82,1.02,-1.168469432882989,-1.7048318254329835,-1.4028682612920538,27.0,729.0,19.671641791044777,0.661,9.8,82.0,1,10.7,0.0,58.0
Peyton Watson,peyton watson,2025,22.0,1,1,0.0308514815024644,0.03808508,4.36,5.38,1.02,-1.256118192632148,-0.397784504625512,-0.3333348911889761,22.0,484.0,24.352941176470587,0.7634,13.9,80.0,1,7.0,0.0,30.0
Amir Coffey,amir coffey,2021,23.0,1,1,0.001365,0.010505405,0.15,1.18,1.03,-0.75835152467392,-0.7949103930216797,-0.5838500111212275,23.0,529.0,8.954545454545455,0.5366,15.1,79.0,0,7.4,0.0,75.0
Juan Toscano-Anderson,juan toscano-anderson,2022,28.0,1,1,0.014848,0.023204166,1.84,2.87,1.03,-0.5112802052968688,0.3275129807240837,0.1956857690835703,28.0,784.0,13.616438356164384,0.6751,14.7,78.0,0,17.6,0.0,75.0
Mychal Mulder,mychal mulder,2020,25.0,1,1,0.013909,0.023358729,1.52,2.55,1.03,-0.7544557804821745,-0.5777487112149025,-0.7260354078566116,25.0,625.0,29.142857142857142,0.0972,16.2,75.0,0,5.8,0.0,75.0
Josh Richardson,josh richardson,2024,30.0,1,1,0.021703,0.02901658,3.05,4.08,1.03,-1.3118298472179637,-0.5343562883655074,-0.2624240165539168,30.0,900.0,25.65116279069768,0.5232,16.5,77.0,1,13.9,0.0,40.0
Terry Taylor,terry taylor,2024,24.0,1,1,0.000853,0.008166836,0.12,1.15,1.03,-0.8523387934428619,-0.8034949234021588,-0.9014413807235668,24.0,576.0,6.064516129032258,0.3646,11.3,77.0,1,7.0,0.0,75.0
JaVale McGee,javale mcgee,2023,35.0,1,5,0.0172644224053638,0.02491729,2.35,3.39,1.04,-1.4012506799967464,-0.3722547769649877,-0.969971474623482,35.0,1225.0,8.452380952380953,0.6073,22.8,84.0,0,5.2,0.0,18.0
Sandro Mamukelashvili,sandro mamukelashvili,2022,22.0,1,1,0.0028928632081193,0.011296421,0.36,1.4,1.04,-0.4659844499268156,-0.7851284816519224,-1.0399454047166017,22.0,484.0,9.926829268292684,0.5,14.6,81.0,0,7.4,0.0,54.0
Joe Ingles,joe ingles,2022,34.0,1,1,0.0523957785774938,0.060880747,6.48,7.53,1.05,0.3606630855766536,-0.1731756773451191,0.2752503520965698,34.0,1156.0,24.933333333333334,0.7195,13.2,80.0,0,19.0,0.0,75.0
Mason Plumlee,mason plumlee,2022,31.0,3,3,0.0734334802474627,0.081899606,9.08,10.13,1.05,0.8022967004346714,0.3831450538428839,-0.3286244317969648,31.0,961.0,24.56164383561644,0.8194,11.7,84.0,0,16.4,0.0,22.0
Ivica Zubac,ivica zubac,2026,28.0,2,3,0.1329551633986928,0.13980854,20.34,21.39,1.05,0.7373285899715445,0.1440331900375297,-0.3516016204084998,28.0,784.0,30.88372093023256,,19.0,84.0,1,11.3,2.0,32.0
PJ Dozier,pj dozier,2022,25.0,1,1,0.004363,0.012824553,0.54,1.59,1.05,-1.0038715449461963,-0.8469418962283672,-1.0076435440916658,25.0,625.0,18.88888888888889,0.3732,15.2,78.0,0,11.3,0.0,75.0
Alize Johnson,alize johnson,2022,25.0,1,1,0.001555,0.009987945,0.19,1.24,1.05,-1.3435897102215948,-0.3895226283626758,-1.8291308627216087,25.0,625.0,7.5625,0.2106,12.4,81.0,0,8.6,0.0,50.0
Buddy Hield,buddy hield,2024,31.0,1,4,0.0624554585028594,0.06995181,8.78,9.83,1.05,-0.0955299989897529,-0.0194823778606089,0.3061008491467943,31.0,961.0,25.692307692307693,0.7439,18.6,76.0,1,12.9,0.0,6.0
Vince Carter,vince carter,2019,42.0,1,1,0.0235,0.03317735,2.56,3.62,1.06,-1.1574428403180137,-0.7303666447360115,-0.2859989004699384,42.0,1764.0,17.5,0.9268,16.7,78.0,0,9.3,0.0,75.0
Keldon Johnson,keldon johnson,2020,20.0,2,3,0.0187652556349642,0.028535346,2.05,3.11,1.06,0.0664032177413282,-0.1573832165875393,1.4775970193955792,20.0,400.0,17.705882352941178,0.2361,17.4,78.0,0,7.2,0.0,29.0
Josh Hart,josh hart,2024,28.0,1,4,0.1290579565823541,0.13654047,18.14,19.2,1.06,0.4396419342306598,0.5656016113495029,0.6066969096911723,28.0,784.0,33.41975308641975,0.7805,13.5,77.0,1,16.3,0.0,30.0
E.J. Liddell,e.j. liddell,2025,24.0,2,3,0.0050060761429947,0.012562147,0.71,1.77,1.06,-0.9486550679903308,0.1006146519479787,-0.9079177201037956,24.0,576.0,4.416666666666667,,14.1,78.0,1,7.6,0.0,41.0
Clint Capela,clint capela,2025,30.0,1,3,0.0474477366721432,0.054958597,6.7,7.76,1.06,0.2867876692067896,0.2658501740605015,-0.4132521290754244,30.0,900.0,21.381818181818183,0.761,16.7,82.0,1,7.4,0.0,25.0
Mamadi Diakite,mamadi diakite,2024,27.0,1,3,0.0033007795828946,0.010821789,0.46,1.52,1.06,-1.4091338350762204,-0.02533321775271,2.3042479703822067,27.0,729.0,5.333333333333333,0.1329,20.2,81.0,1,20.3,0.0,75.0
Nate Hinton,nate hinton,2021,21.0,1,1,0.000761,0.01020572,0.09,1.15,1.06,-0.6471931819203091,-0.186584435634868,-0.5714793643689791,21.0,441.0,4.428571428571429,0.2561,24.4,77.0,0,12.4,0.0,75.0
Reggie Perry,reggie perry,2021,20.0,1,1,0.000761,0.010294549,0.09,1.16,1.07,-1.0640369672463503,-0.5586673027743743,-1.1652704084769094,20.0,400.0,8.115384615384615,0.3171,20.4,80.0,0,9.0,0.0,57.0
Jarrell Brantley,jarrell brantley,2021,24.0,1,1,0.000751,0.010241857,0.08,1.15,1.07,-0.3303919050725176,-0.611821998080018,0.6473386068963093,24.0,576.0,4.928571428571429,0.3415,19.0,77.0,0,16.1,0.0,50.0
Jaxson Hayes,jaxson hayes,2024,23.0,2,2,0.0175260050644436,0.025087787,2.46,3.53,1.07,-0.5225863901454357,-1.0843352382230125,-0.6231966001815354,23.0,529.0,12.528571428571428,0.7695,12.5,84.0,1,5.0,0.0,8.0
Georges Niang,georges niang,2021,27.0,1,2,0.0293557741918266,0.038839325,3.3,4.37,1.07,0.0364306260143985,-0.0153081952055716,0.4017812688641756,27.0,729.0,16.02777777777778,0.8579,17.4,78.0,0,7.3,0.0,50.0
Julius Randle,julius randle,2019,24.0,1,3,0.1649257833974711,0.17483689,18.0,19.08,1.08,-0.145824727652958,0.3836610335762732,0.6196734836196193,24.0,576.0,30.575342465753423,0.8902,27.8,81.0,0,15.8,0.0,7.0
Kyrie Irving,kyrie irving,2024,31.0,6,6,0.2916322872506899,0.29931772,41.0,42.08,1.08,2.066780842304844,2.4144670172534566,1.7944668534056116,31.0,961.0,35.0,0.5707,28.1,74.0,1,23.8,0.0,1.0
Miye Oni,miye oni,2021,23.0,1,1,0.000853,0.010611348,0.1,1.19,1.09,-0.2970444022464343,-1.4504849684579524,-0.4895238296353324,23.0,529.0,9.61111111111111,0.4637,9.8,77.0,0,6.8,0.0,58.0
Marquese Chriss,marquese chriss,2021,23.0,1,1,0.011501,0.021191383,1.29,2.38,1.09,-0.4026448278623649,-0.0448385814864848,-1.8703972733550769,23.0,529.0,13.5,0.3239,28.1,81.0,0,11.0,0.0,8.0
Furkan Korkmaz,furkan korkmaz,2022,24.0,2,2,0.040435,0.049210124,5.0,6.09,1.09,-0.5962097466157185,-1.193097017856458,-0.4527315805138229,24.0,576.0,21.104477611940297,0.8098,17.6,79.0,0,13.1,0.0,26.0
Mo Bamba,mo bamba,2024,25.0,2,2,0.0148484863572993,0.022641113,2.09,3.18,1.09,-0.4739343962163074,0.2672087768523458,-0.5908158996653154,25.0,625.0,12.982456140350877,0.6671,15.1,84.0,1,7.6,0.0,6.0
Georges Niang,georges niang,2020,26.0,2,2,0.0163419186366135,0.026253344,1.78,2.87,1.09,-0.5143405633147553,-0.1690600358827439,-0.3605975391186967,26.0,676.0,13.984848484848484,0.8427,17.2,78.0,0,7.0,0.0,50.0
Norvel Pelle,norvel pelle,2020,26.0,1,1,0.001996,0.011973096,0.22,1.31,1.09,-1.329615486720411,-0.6011023498053115,-2.028534950639046,26.0,676.0,9.666666666666666,0.3333,13.4,82.0,0,4.6,0.0,75.0
Wes Iwundu,wes iwundu,2020,25.0,1,1,0.015383,0.025358532,1.68,2.77,1.09,-0.2016323735153257,-0.589425530510107,-0.2288586440112288,25.0,625.0,18.32692307692308,0.7624,13.7,78.0,0,8.8,0.0,33.0
Jose Alvarado,jose alvarado,2026,27.0,2,2,0.0294117647058823,0.036572963,4.5,5.6,1.1,0.1715448019366048,-0.1689712439088283,-0.7035101272752295,27.0,729.0,21.853658536585368,0.5915,15.7,72.0,1,19.3,0.0,75.0
Tim Frazier,tim frazier,2021,30.0,1,1,0.001145,0.010974572,0.13,1.23,1.1,-1.1807532271376415,-0.2869877489899729,-2.9469528069695063,30.0,900.0,12.4,0.2576,18.1,73.0,0,30.8,0.0,75.0
Josh Minott,josh minott,2026,23.0,2,2,0.0168924117647058,0.024052992,2.58,3.68,1.1,0.7075504958644423,0.0166836105381866,0.8598416995264802,23.0,529.0,15.93939393939394,0.4476,13.8,80.0,1,8.4,0.0,45.0
Landry Shamet,landry shamet,2025,27.0,1,1,0.016261642399864,0.024092196,2.3,3.4,1.1,-0.0877583189932423,-1.3979807333793093,-0.4116727370223325,27.0,729.0,15.24,0.5707,14.8,77.0,1,4.7,0.0,26.0
Oso Ighodaro,oso ighodaro,2025,22.0,1,1,0.0138474944762336,0.021704162,1.96,3.06,1.1,-0.2778264324081839,-0.7228639028027194,-0.6542673563772425,22.0,484.0,17.131147540983605,0.7439,10.5,83.0,1,9.1,0.0,40.0
Trayce Jackson-Davis,trayce jackson-davis,2025,24.0,1,2,0.0157333649651577,0.023539867,2.22,3.32,1.1,-0.1883826143305643,0.2837421023876785,-0.2464683282689237,24.0,576.0,15.596774193548388,0.7835,17.1,81.0,1,16.1,0.0,57.0
Ed Davis,ed davis,2019,29.0,1,1,0.043678,0.053866863,4.77,5.88,1.11,0.6919215218977911,0.80142141294338,0.2820619309452848,29.0,841.0,17.85185185185185,0.9878,12.7,81.0,0,6.0,0.0,13.0
Kyle Anderson,kyle anderson,2022,28.0,1,4,0.0710079495370183,0.079997726,8.78,9.89,1.11,0.4682405045805298,0.7663882242168417,0.3952772657871203,28.0,784.0,21.5072463768116,0.8593,16.2,80.0,0,16.2,0.0,30.0
Goga Bitadze,goga bitadze,2026,26.0,3,3,0.0497300392156862,0.05702053,7.61,8.72,1.11,0.6182162135431362,1.2483936675185758,0.7569444752964423,26.0,676.0,15.1875,0.7976,13.5,83.0,1,12.5,0.0,18.0
Justin James,justin james,2021,24.0,1,1,0.000853,0.010808258,0.1,1.21,1.11,-0.930646955942017,-1.1610871829050031,-1.1349623239339006,24.0,576.0,8.61111111111111,0.4619,19.7,78.0,0,9.9,0.0,40.0
N'Faly Dante,n'faly dante,2025,24.0,1,1,0.0145069259532037,0.022475,2.05,3.17,1.12,-0.8536210112828599,-0.2172198421582329,,24.0,576.0,,,,83.0,1,,0.0,75.0
Kris Murray,kris murray,2025,24.0,3,3,0.0221800464562914,0.030126859,3.13,4.25,1.12,-0.3672702504858035,-1.1020906106609574,-0.6179413391561298,24.0,576.0,15.07246376811594,0.8095,13.9,80.0,1,9.0,0.0,23.0
John Konchar,john konchar,2022,25.0,3,4,0.018600137479277,0.027691443,2.3,3.42,1.12,0.2417617277302642,,0.5911285470498884,25.0,625.0,17.944444444444443,0.6491,9.9,77.0,0,10.6,0.0,75.0
Jordan McLaughlin,jordan mclaughlin,2025,28.0,2,2,0.016261642399864,0.024186276,2.3,3.42,1.12,0.5886605552187558,-0.0098064840549441,-0.8599042016898031,28.0,784.0,6.785714285714286,0.4805,14.0,71.0,1,15.7,0.0,75.0
Matt Ryan,matt ryan,2024,26.0,1,1,0.00442,0.0124266045,0.62,1.75,1.13,-1.2145258593597068,-1.657717547648922,-0.6727705930072526,26.0,676.0,13.928571428571429,0.2537,15.4,78.0,1,6.1,0.0,75.0
Bol Bol,bol bol,2024,24.0,2,2,0.014848,0.022898758,2.09,3.22,1.13,0.1855704103785447,0.0039209817077955,0.3505168542796623,24.0,576.0,10.906976744186046,,16.5,87.0,1,5.3,0.0,44.0
Robert Covington,robert covington,2020,29.0,1,1,0.111218,0.1215582,12.14,13.27,1.13,1.4512537725673738,1.1562589541229704,0.6030061236206938,29.0,841.0,29.39583333333333,0.5173,17.8,79.0,0,5.9,0.0,75.0
MarJon Beauchamp,marjon beauchamp,2023,22.0,2,2,0.019184,0.02750736,2.61,3.74,1.13,-1.19203906519547,-1.4603521663302812,-0.861106583140028,22.0,484.0,13.48076923076923,0.6341,18.3,79.0,0,6.7,0.0,24.0
Patty Mills,patty mills,2021,32.0,1,2,0.052396,0.062412206,5.89,7.02,1.13,0.0197568746013569,-0.7358496204598534,-0.3317980835441634,32.0,1024.0,24.779411764705884,0.8896,18.4,74.0,0,13.5,0.0,55.0
Karl-Anthony Towns,karl-anthony towns,2023,27.0,5,5,0.264784,0.27313712,36.02,37.15,1.13,1.825012642991357,0.5719143862937854,0.437818709227905,27.0,729.0,33.0,0.5695,25.6,84.0,0,22.0,2.0,1.0
Dalen Terry,dalen terry,2024,21.0,3,3,0.02497,0.033031203,3.51,4.64,1.13,0.288280175340038,0.07998190030511,-0.2518214862963934,21.0,441.0,11.542372881355933,0.6235,13.4,78.0,1,15.6,0.0,18.0
Johnathan Williams,johnathan williams,2019,23.0,1,1,0.000973,0.011493592,0.11,1.25,1.14,-0.5251815199023538,-0.1900632207545533,-0.3891299916848844,23.0,529.0,15.5,0.2927,16.4,81.0,0,4.9,0.0,75.0
Jabari Parker,jabari parker,2019,23.0,1,1,0.059557,0.06995712,6.5,7.64,1.14,-0.082598595611392,-0.9643124571815912,-0.6907968317859313,23.0,529.0,26.71794871794872,0.4756,25.0,79.0,0,13.2,0.0,2.0
Adem Bona,adem bona,2026,22.0,1,2,0.0150083071895424,0.022458583,2.3,3.44,1.14,-0.2513041343842448,-0.45245245400488,-0.9689849657887276,22.0,484.0,17.380281690140844,0.8064,11.1,82.0,1,3.4,0.0,41.0
Micah Potter,micah potter,2026,27.0,1,1,0.0183094509803921,0.025723074,2.8,3.94,1.14,-0.1798367085271998,0.0411058773266219,-0.247332433188728,27.0,729.0,19.31914893617021,0.532,18.0,81.0,1,11.2,0.0,75.0
Terry Taylor,terry taylor,2022,22.0,1,1,0.012644,0.021813918,1.56,2.7,1.14,-0.6358435325645149,-0.5626001891767214,0.0763388945640711,22.0,484.0,21.63636363636364,0.4024,15.9,77.0,0,8.6,0.0,75.0
Skylar Mays,skylar mays,2021,23.0,1,1,0.000305,0.0103794625,0.03,1.17,1.14,-0.0247064625000874,0.2268409722979165,0.9847479970638884,23.0,529.0,8.151515151515152,0.4024,19.1,76.0,0,16.4,0.0,50.0
Wendell Carter Jr.,wendell carter jr.,2024,24.0,3,4,0.0850001422596523,0.09315066,11.95,13.1,1.15,0.5153228136759707,0.7001709288678286,0.0851670429697538,24.0,576.0,25.563636363636363,,17.2,82.0,1,9.9,0.0,7.0
Jeremy Sochan,jeremy sochan,2025,21.0,1,1,0.0502537462466715,0.05844042,7.1,8.25,1.15,-0.6635528978679184,-0.6021071042915804,-0.1163264230941542,21.0,441.0,25.25925925925926,0.7366,19.0,80.0,1,13.7,0.0,9.0
Scoot Henderson,scoot henderson,2024,19.0,2,3,0.0729732267334338,0.08117,10.26,11.41,1.15,-1.030729437849666,-1.868347783764562,-1.6628176751624726,19.0,361.0,28.467741935483872,0.7561,26.5,75.0,1,29.9,0.0,3.0
Quentin Grimes,quentin grimes,2025,24.0,1,1,0.0619030720639057,0.0700168,8.74,9.89,1.15,0.046407408123187,-0.2368157162708506,-0.0781051354093312,24.0,576.0,22.76595744680851,0.6244,18.5,76.0,1,13.2,0.0,25.0
Peyton Watson,peyton watson,2024,21.0,3,3,0.0171676103223603,0.025356853,2.41,3.56,1.15,-1.095598763088504,-1.0199759994099002,-0.2827694124534886,21.0,441.0,18.6,0.7149,16.2,80.0,1,7.4,0.0,30.0
Alec Burks,alec burks,2023,31.0,1,1,0.077118,0.08563281,10.49,11.65,1.16,0.6413153487209778,0.1113440627529204,0.5850799317324942,31.0,961.0,22.0,0.7268,22.8,77.0,0,15.9,0.0,12.0
A.J. Green,a.j. green,2023,,1,3,0.0139814366899228,0.022493362,1.9,3.06,1.16,-0.9167606246674748,,,,,,,,76.0,0,,0.0,75.0
Sterling Brown,sterling brown,2021,25.0,1,1,0.026687,0.037170917,3.0,4.18,1.18,-0.3970869107246843,-1.1551811056488206,-0.1109820390165267,25.0,625.0,24.09803921568628,0.6691,13.5,77.0,0,8.4,0.0,46.0
Jaylen Hoard,jaylen hoard,2021,21.0,1,1,0.001707,0.012164988,0.19,1.37,1.18,-0.5193610877536564,-0.5645733800305569,-0.1796391284915062,21.0,441.0,16.842105263157894,0.2317,16.3,80.0,0,11.2,0.0,75.0
Anthony Lamb,anthony lamb,2021,23.0,1,1,0.000761,0.0112991715,0.09,1.27,1.18,-0.8472781988768089,-0.9720927107071587,-1.4612381320244558,23.0,529.0,17.291666666666668,0.2927,15.0,78.0,0,7.9,0.0,75.0
Kentavious Caldwell-Pope,kentavious caldwell-pope,2019,25.0,1,1,0.0741183983873923,0.08496858,8.09,9.27,1.18,-0.1352870389793636,-0.5187013858566774,0.341857807936361,25.0,625.0,24.817073170731707,1.0,18.1,77.0,0,7.5,0.0,8.0
Grant Williams,grant williams,2021,22.0,3,3,0.0232871350543526,0.033791713,2.62,3.8,1.18,-0.6527510990579896,-0.4759822211878173,-0.8015733939608021,22.0,484.0,18.063492063492063,0.8396,12.3,79.0,0,7.4,0.0,22.0
Gary Clark,gary clark,2021,26.0,1,1,0.003359,0.014000184,0.38,1.57,1.19,-0.6749827676087118,-1.3323634233342996,-1.3452633187221257,26.0,676.0,18.2,0.4378,10.3,78.0,0,6.4,0.0,75.0
Norvel Pelle,norvel pelle,2021,27.0,1,1,0.000853,0.0114934025,0.1,1.29,1.19,-1.2085428128260445,-0.3460485215517992,0.2613744282261545,27.0,729.0,5.777777777777778,0.1936,6.8,82.0,0,2.7,0.0,75.0
Tre Jones,tre jones,2026,26.0,2,3,0.0522875816993464,0.06003778,8.0,9.19,1.19,-0.1381473767772569,0.3665836807689782,0.7346500767132674,26.0,676.0,26.95384615384616,0.65,19.2,73.0,1,29.2,0.0,41.0
Anthony Davis,anthony davis,2021,27.0,2,5,0.3145636664472396,0.3251401,35.36,36.55,1.19,2.2818291496373404,2.1581282350696385,1.5578182078618024,27.0,729.0,32.27777777777778,0.6144,29.2,82.0,0,16.4,7.0,1.0
Isaiah Jackson,isaiah jackson,2022,20.0,2,3,0.0208140390602887,0.030390598,2.57,3.76,1.19,-0.1998718871277536,0.4387771269616842,0.0909597367416735,20.0,400.0,15.02777777777778,0.439,22.5,80.0,0,2.9,0.0,22.0
Julius Randle,julius randle,2022,27.0,1,1,0.1921475071772269,0.20188768,23.76,24.96,1.2,-0.3697309697654528,-0.3091651894132976,-0.3888078984350029,27.0,729.0,35.333333333333336,0.8766,28.7,81.0,0,25.1,5.0,7.0
Trey Murphy III,trey murphy iii,2022,21.0,2,3,0.0259311794913266,0.035756957,3.21,4.42,1.21,-0.177224009442727,-0.0371861652769405,-0.0814301931198253,21.0,441.0,13.935483870967742,0.7561,15.7,80.0,0,6.2,0.0,17.0
Dragan Bender,dragan bender,2019,21.0,1,1,0.001738,0.012826859,0.19,1.4,1.21,-0.7728172037318205,-0.8584798277419242,-1.2346705668901576,21.0,441.0,17.956521739130434,0.561,13.4,84.0,0,9.4,0.0,75.0
Brad Wanamaker,brad wanamaker,2021,31.0,1,1,0.006365,0.017143672,0.72,1.93,1.21,-1.0973844700724336,-0.5941037663114701,-0.8900235182393792,31.0,961.0,16.025641025641026,0.6214,16.0,75.0,0,20.8,0.0,75.0
JaMychal Green,jamychal green,2022,31.0,1,1,0.014848,0.024669996,1.84,3.05,1.21,-0.5792238383519485,-0.3153465308709421,-0.277621493968119,31.0,961.0,16.19402985074627,0.7957,17.2,81.0,0,7.6,0.0,75.0
Solomon Hill,solomon hill,2020,28.0,1,1,0.014848,0.02601664,1.62,2.84,1.22,-0.3859068425042753,-1.1090439891467083,-0.1942245855923122,28.0,784.0,18.77083333333333,0.6179,13.4,78.0,0,13.4,0.0,23.0
Shake Milton,shake milton,2022,25.0,3,3,0.016156,0.026046794,2.0,3.22,1.22,-0.8170265540447272,-0.4142479941932538,-0.3089032958364777,25.0,625.0,21.43636363636364,0.677,18.3,77.0,0,17.6,0.0,54.0
Ivica Zubac,ivica zubac,2020,22.0,2,3,0.0641378046545721,0.07535822,7.0,8.22,1.22,0.7364921958829631,1.8159992443020263,1.0034017335664869,22.0,484.0,18.416666666666668,0.7439,16.4,84.0,0,9.1,0.0,32.0
Tony Bradley,tony bradley,2021,23.0,1,2,0.0159166651840518,0.026783,1.79,3.01,1.22,0.1809364715940928,0.0850951181495331,-0.0884056086936732,23.0,529.0,18.045454545454547,0.3831,18.0,82.0,0,8.3,0.0,28.0
Jerami Grant,jerami grant,2019,24.0,1,1,0.0856345336265347,0.096977636,9.35,10.58,1.23,0.3810597060267585,0.7847109977686957,0.6579697194453646,24.0,576.0,32.65,0.9756,15.4,79.0,0,4.2,0.0,39.0
Moritz Wagner,moritz wagner,2021,23.0,1,2,0.0153825769032326,0.026370484,1.73,2.96,1.23,-0.3415077393478787,-0.1806783583786854,0.4392024752897274,23.0,529.0,15.0,0.4448,18.3,83.0,0,11.7,0.0,25.0
Pelle Larsson,pelle larsson,2025,23.0,1,1,0.0138474944762336,0.022597246,1.96,3.19,1.23,-0.1660216598111594,-0.5418614435937663,-0.1889784575363799,23.0,529.0,14.21818181818182,0.6707,14.4,77.0,1,11.6,0.0,44.0
James Johnson,james johnson,2022,34.0,1,1,0.014848,0.024835028,1.84,3.07,1.23,-0.9529138201548868,-0.5996882379225881,-0.6808847224015268,34.0,1156.0,19.20967741935484,0.4974,13.7,79.0,0,14.5,0.0,16.0
Dean Wade,dean wade,2024,27.0,2,3,0.0438633951688622,0.052699585,6.17,7.41,1.24,0.607221024430991,0.2906121364207503,0.2433453322171291,27.0,729.0,20.51851851851852,,10.5,81.0,1,5.0,0.0,75.0
JD Davison,jd davison,2024,21.0,1,1,8.533445244259823e-05,0.008926284,0.01,1.25,1.24,0.245033958514146,-0.516803768689204,1.177227659494658,21.0,441.0,4.875,0.0976,17.6,73.0,1,32.9,0.0,53.0
Ish Wainright,ish wainright,2022,27.0,1,1,0.00384,0.013813827,0.47,1.71,1.24,-0.5622379300881785,-1.156008969110591,-0.4568118155401307,27.0,729.0,7.977777777777778,0.5488,14.7,77.0,0,5.3,0.0,75.0
Svi Mykhailiuk,svi mykhailiuk,2026,28.0,3,4,0.0251633986928104,0.033255156,3.85,5.09,1.24,-0.3465940355269714,-1.294310132423705,-0.6661241358049824,28.0,784.0,23.12,0.5439,14.8,79.0,1,11.0,0.0,47.0
Jaxson Hayes,jaxson hayes,2020,19.0,2,3,0.0467762506871907,0.05825418,5.11,6.36,1.25,0.7029877469758813,-0.0873223008163121,0.0799347366583642,19.0,361.0,16.875,0.8889,15.0,84.0,0,7.2,0.0,8.0
Goga Bitadze,goga bitadze,2023,23.0,1,1,0.0151931319428617,0.024419673,2.07,3.32,1.25,0.1292974493389068,0.6697855800462191,0.2959781452204172,23.0,529.0,15.0,0.3963,15.3,83.0,0,12.2,0.0,18.0
Precious Achiuwa,precious achiuwa,2024,24.0,1,1,0.0426778956952229,0.051571604,6.0,7.25,1.25,-0.4793401733195438,-0.4816987293365973,-0.0873389898688691,24.0,576.0,24.22448979591837,0.678,14.0,80.0,1,6.2,0.0,20.0
Cameron Johnson,cameron johnson,2025,28.0,2,3,0.149120906747493,0.1580663,21.06,22.32,1.26,0.2364755215381286,-0.0085156588384975,0.6879000103402221,28.0,784.0,31.57894736842105,,22.9,80.0,1,18.5,0.0,11.0
Zion Williamson,zion williamson,2020,19.0,2,3,0.0938746564046179,0.10551266,10.25,11.52,1.27,0.7644125699721981,0.7709239173812209,1.2192981538040326,19.0,361.0,27.83333333333333,0.3333,30.5,78.0,0,13.3,0.0,1.0
Dean Wade,dean wade,2025,28.0,3,3,0.046905671066795,0.055969838,6.62,7.9,1.28,0.5159874530306898,0.1489847173440673,0.1777563771915505,28.0,784.0,21.220338983050848,,10.4,81.0,1,7.3,0.0,75.0
Sam Hauser,sam hauser,2023,25.0,1,2,0.0141735173245307,0.023603851,1.93,3.21,1.28,-0.0689030278412496,0.0998298046643988,0.3228555769352119,25.0,625.0,16.125,0.7287,14.7,79.0,0,7.6,0.0,75.0
T.J. McConnell,t.j. mcconnell,2020,27.0,2,2,0.032068902327286,0.043832507,3.5,4.78,1.28,-0.15695977497255,0.4089425192298804,0.5279117165815475,27.0,729.0,18.676056338028168,0.9639,17.5,73.0,0,37.6,0.0,75.0
Doug McDermott,doug mcdermott,2020,28.0,2,2,0.0671919827744181,0.07890755,7.33,8.61,1.28,-0.1290394008833153,-0.5427182533292888,0.1877211053826561,28.0,784.0,19.88405797101449,0.9511,19.6,79.0,0,8.4,0.0,11.0
Malachi Flynn,malachi flynn,2021,22.0,2,3,0.018219,0.029719168,2.05,3.34,1.29,-0.7472356903985589,-0.7830982385093145,-0.8306444138285861,22.0,484.0,19.74468085106383,0.5732,19.0,73.0,0,21.4,0.0,29.0
Al Horford,al horford,2023,36.0,1,2,0.0735180597113681,0.08307376,10.0,11.3,1.3,0.4155870274880218,0.4107147730544827,0.3248883238716249,36.0,1296.0,30.50793650793651,0.7049,11.9,80.0,0,13.2,0.0,3.0
Austin Rivers,austin rivers,2021,28.0,1,1,0.021363,0.03290738,2.4,3.7,1.3,-0.3859710764493232,-0.871689397352054,-0.277676504003076,28.0,784.0,21.047619047619047,0.526,16.5,76.0,0,13.9,0.0,10.0
Jaren Jackson Jr.,jaren jackson jr.,2024,,3,3,0.1796582780891683,0.18902259,25.26,26.57,1.31,0.8558867711798697,0.6007066507021095,,,,,,,82.0,1,,11.0,4.0
Luka Dončić,luka doncic,2026,26.0,5,7,0.3254901960784314,0.33404705,49.8,51.11,1.31,2.6669490881117595,2.7829850656084565,1.976276582422392,26.0,676.0,35.765625,0.6634,38.1,80.0,1,40.5,0.0,3.0
Jontay Porter,jontay porter,2021,21.0,1,1,0.002669,0.014292389,0.3,1.61,1.31,-0.8472781988768089,-0.4523579121630868,-1.0372342145911368,21.0,441.0,4.909090909090909,,18.9,83.0,0,2.5,0.0,75.0
Terry Rozier,terry rozier,2022,27.0,1,4,0.173760187618778,0.1844081,21.49,22.8,1.31,0.6097897401119458,0.4573211513346177,1.068856064713411,27.0,729.0,33.67123287671233,0.8726,23.2,73.0,0,19.7,0.0,16.0
Pat Connaughton,pat connaughton,2021,28.0,2,3,0.0474436724963082,0.059102625,5.33,6.64,1.31,0.142031051630329,0.2032166632731859,0.4320893534071844,28.0,784.0,22.82608695652174,0.8487,11.6,77.0,0,6.3,0.0,41.0
Isaiah Mobley,isaiah mobley,2024,24.0,1,1,8.5e-05,0.00939593,0.01,1.32,1.31,-0.8199041308234429,-0.2359634538683503,-1.4722586853988773,24.0,576.0,7.2,0.122,16.2,80.0,1,11.5,0.0,49.0
Wenyen Gabriel,wenyen gabriel,2021,23.0,1,1,0.000884,0.012667742,0.1,1.42,1.32,-0.9584365416304198,-0.399203216857443,-0.6806503219575725,23.0,529.0,11.476190476190476,,14.4,81.0,0,5.9,0.0,75.0
David Nwaba,david nwaba,2019,26.0,1,1,0.015383,0.02746062,1.68,3.0,1.32,-0.0457166852538118,-0.028529207399272,0.0512767203111876,26.0,676.0,19.294117647058822,0.622,14.6,77.0,0,8.1,0.0,75.0
Mike Conley,mike conley,2022,34.0,2,3,0.1834135295782621,0.19406305,22.68,24.0,1.32,1.453423183879185,1.8419416378469808,1.28646859944982,34.0,1156.0,28.58333333333333,0.7562,20.9,73.0,0,27.7,0.0,4.0
Gary Trent Jr.,gary trent jr.,2026,27.0,2,2,0.0253722875816993,0.03401928,3.88,5.2,1.32,-1.2816261904899768,-1.9482179770626729,,27.0,729.0,,,,77.0,1,,0.0,37.0
Nik Stauskas,nik stauskas,2022,28.0,1,3,0.00568,0.016367598,0.7,2.02,1.32,-0.6641533796707981,-0.055730189649874,-0.1351532876328763,28.0,784.0,12.0,0.0244,18.1,78.0,0,6.0,0.0,8.0
Johni Broome,johni broome,2026,23.0,1,1,0.0140582810457516,0.022689914,2.15,3.47,1.32,-1.6449189385966223,-0.2436654226345302,,23.0,529.0,,,,82.0,1,,0.0,75.0
Omer Yurtseven,omer yurtseven,2021,,1,1,0.013246,0.025096625,1.49,2.82,1.33,-1.692081603804252,,,,,,,,83.0,0,,0.0,75.0
Nerlens Noel,nerlens noel,2020,25.0,1,1,0.045813,0.057956725,5.0,6.33,1.33,0.2953502852730535,0.5432259411247325,1.0623120011575415,25.0,625.0,18.475409836065573,0.8816,14.9,82.0,0,7.6,0.0,6.0
Jabari Walker,jabari walker,2025,22.0,1,1,0.00513142314883,0.014495556,0.72,2.05,1.33,-0.7921283863544966,-0.163151511242559,0.2042901636834938,22.0,484.0,12.483333333333333,0.7659,16.3,79.0,1,7.2,0.0,57.0
Mario Hezonja,mario hezonja,2019,23.0,1,1,0.015917,0.028118828,1.74,3.07,1.33,-0.3565785011248445,-0.3905882028507646,-0.721366634067886,23.0,529.0,20.79310344827586,0.7073,21.3,80.0,0,11.5,0.0,75.0
Wes Iwundu,wes iwundu,2019,24.0,1,1,0.01483,0.02715461,1.62,2.96,1.34,-0.2459327700521041,-1.2873804838921536,-0.5937125146487348,24.0,576.0,18.13235294117647,0.8293,12.8,78.0,0,7.9,0.0,33.0
Isaiah Roby,isaiah roby,2021,22.0,1,1,0.015858,0.027714819,1.78,3.12,1.34,-1.1974269785506837,-1.4504849684579524,-0.7592039288343507,22.0,484.0,23.36065573770492,0.4806,17.7,78.0,0,11.4,0.0,45.0
Markieff Morris,markieff morris,2022,32.0,1,2,0.014848,0.02570672,1.84,3.18,1.34,-1.0321813920524794,-1.1065582374494354,-0.8376337513288462,32.0,1024.0,17.529411764705884,0.4491,20.6,81.0,0,12.1,0.0,13.0
Solomon Hill,solomon hill,2021,29.0,1,1,0.021258,0.033235718,2.39,3.74,1.35,-0.819488613188406,-1.279208728028656,-0.5823036802771965,29.0,841.0,21.309859154929576,0.7402,10.4,78.0,0,6.4,0.0,23.0
Malik Monk,malik monk,2023,24.0,2,2,0.0731198123819116,0.08308987,9.95,11.3,1.35,-0.0799141654623695,-0.3089263574781188,0.2584852572821323,24.0,576.0,22.32467532467533,0.85,25.8,75.0,0,25.0,0.0,11.0
Eric Gordon,eric gordon,2019,30.0,1,1,0.128804562946674,0.14117508,14.06,15.41,1.35,0.7604164982761542,0.3948013103593961,0.28105413526566,30.0,900.0,31.73529411764705,0.8293,22.0,75.0,0,9.4,0.0,7.0
JaVale McGee,javale mcgee,2024,36.0,2,5,0.0157115543289612,0.025413992,2.21,3.57,1.36,-1.295612515908254,0.1033852598735145,-0.3687358740009751,36.0,1296.0,7.369565217391305,0.6146,23.4,84.0,1,7.6,0.0,18.0
Sion James,sion james,2026,23.0,2,4,0.0157587581699346,0.024623793,2.41,3.77,1.36,-0.8885553482762294,0.0619596964853076,-0.2318978495542223,23.0,529.0,22.47560975609756,1.0,11.0,77.0,1,11.4,0.0,75.0
Kobe Brown,kobe brown,2026,26.0,1,1,0.0313206470588235,0.040239114,4.79,6.16,1.37,-0.5729075507409473,-1.3621755760580048,-0.7556447208851155,26.0,676.0,24.74074074074074,0.4183,15.2,79.0,1,11.2,0.0,30.0
Dejounte Murray,dejounte murray,2024,27.0,1,4,0.2099548681253023,0.21970676,29.52,30.89,1.37,0.2234108501012001,0.4836898528600871,0.5591288009682298,27.0,729.0,35.67948717948718,0.9122,26.6,76.0,1,27.9,0.0,29.0
James Harden,james harden,2026,36.0,2,2,0.2765837058823529,0.28556067,42.32,43.69,1.37,1.5830264626132438,1.3659017933796782,0.7610603642656437,36.0,1296.0,35.43181818181818,0.7329,31.2,77.0,1,36.3,6.0,3.0
Quinn Cook,quinn cook,2020,26.0,1,1,0.002034,0.014551683,0.22,1.59,1.37,-1.2681906637240947,-1.4068028811744244,-1.075289137146434,26.0,676.0,11.545454545454543,0.7204,21.0,73.0,0,13.8,0.0,75.0
Jrue Holiday,jrue holiday,2021,30.0,1,3,0.26805676339246,0.28018078,30.13,31.5,1.37,2.142881221195327,1.874636526772872,1.3874125488495783,30.0,900.0,32.32203389830509,0.7773,22.2,76.0,0,26.3,0.0,17.0
Blake Griffin,blake griffin,2022,32.0,1,1,0.014848,0.026053008,1.84,3.22,1.38,-0.7660688292534176,0.0493526151300821,-0.7046860933883214,32.0,1024.0,17.107142857142858,0.4646,16.9,81.0,0,15.0,0.0,1.0
Gary Harris,gary harris,2024,29.0,1,1,0.0533473696190286,0.06319723,7.5,8.88,1.38,0.2828743982368015,-0.5285054484734063,0.2768722522206489,29.0,841.0,24.01851851851852,0.6537,11.7,76.0,1,9.1,0.0,19.0
Lamar Stevens,lamar stevens,2024,26.0,1,1,0.002731,0.012536093,0.38,1.76,1.38,-0.6469192635198749,-0.2418142937604514,-0.1572583785941582,26.0,676.0,6.421052631578948,0.4963,21.0,79.0,1,8.9,0.0,75.0
Shaedon Sharpe,shaedon sharpe,2026,22.0,1,4,0.1313025294117647,0.14031696,20.09,21.47,1.38,0.0286099502225148,-0.4517933507390577,0.0863975640640283,22.0,484.0,29.42,0.6463,30.5,77.0,1,15.4,0.0,7.0
Jerian Grant,jerian grant,2020,27.0,1,1,0.000458,0.0131461965,0.05,1.43,1.38,-0.5310927877682963,-0.2566361805967778,-1.5365371114170527,27.0,729.0,13.333333333333334,0.3265,17.2,76.0,0,15.3,0.0,75.0
Devin Booker,devin booker,2022,25.0,4,5,0.2736112571266831,0.28484693,33.83,35.22,1.39,2.251760872276371,1.9593871255422264,1.779837018047522,25.0,625.0,34.48529411764706,0.8542,32.0,77.0,0,22.4,0.0,13.0
Austin Reaves,austin reaves,2024,25.0,2,4,0.0923006373232423,0.10227289,12.98,14.38,1.4,0.3801783860950584,0.1677444986866268,0.3585403906907611,25.0,625.0,32.0609756097561,0.8829,20.3,77.0,1,23.5,0.0,75.0
Moritz Wagner,moritz wagner,2020,22.0,2,2,0.0198086860912589,0.032617424,2.16,3.56,1.4,-0.0731986527048457,-0.0931607104639144,-0.4887759235475845,22.0,484.0,18.55555555555556,0.5873,18.6,83.0,0,9.8,0.0,25.0
Bruce Brown,bruce brown,2025,28.0,1,1,0.016261642399864,0.026182916,2.3,3.7,1.4,-1.6362544194620312,-0.8992204716073927,-1.4597573034540925,28.0,784.0,24.73913043478261,0.4598,15.9,76.0,1,13.8,0.0,42.0
Torrey Craig,torrey craig,2020,29.0,1,1,0.014848,0.027699826,1.62,3.02,1.4,-0.5255087129504493,-0.7470625909953682,-0.6807198174019542,29.0,841.0,18.48275862068965,0.8465,12.6,77.0,0,5.9,0.0,75.0
Kyle Korver,kyle korver,2019,37.0,1,1,0.0235,0.03626531,2.56,3.96,1.4,-0.209050859694524,-0.0508097609655177,0.1927040473518789,37.0,1369.0,20.05555555555556,0.6585,18.7,79.0,0,8.6,0.0,75.0
Markieff Morris,markieff morris,2021,31.0,1,1,0.0235,0.036060113,2.64,4.05,1.41,-0.8861836188405726,-1.2496783417477426,-0.608900570794531,31.0,961.0,19.672131147540984,0.6382,16.4,81.0,0,8.6,0.0,13.0
Christian Koloko,christian koloko,2025,24.0,1,1,0.0018691575548127,0.011816881,0.26,1.67,1.41,-0.652372420608216,-0.3717673422066517,-0.9474025214310924,24.0,576.0,9.243243243243244,0.5473,10.8,83.0,1,6.4,0.0,33.0
Lindy Waters III,lindy waters iii,2023,25.0,1,1,0.005632181795458,0.016124398,0.77,2.19,1.42,0.288958944845144,0.0480156432660515,0.2151199893053207,25.0,625.0,12.951219512195122,0.4268,15.5,77.0,0,7.0,0.0,75.0
Wesley Matthews,wesley matthews,2021,34.0,1,2,0.017422,0.030051302,1.96,3.38,1.42,-0.2192335623189066,-0.2751755944776076,-0.1536607703117843,34.0,1156.0,19.48275862068965,0.7401,11.4,77.0,0,6.3,0.0,75.0
Justin Edwards,justin edwards,2025,21.0,1,1,0.0145069259532037,0.02457513,2.05,3.47,1.42,-1.373513203859024,-1.4697080130811102,-0.7060714157186557,21.0,441.0,26.25,0.5366,16.9,79.0,1,8.9,0.0,75.0
Mamadi Diakite,mamadi diakite,2023,26.0,1,1,0.0018565148028613,0.012372089,0.25,1.68,1.43,-1.984840973916096,-0.8213108424173311,-1.230388943255064,26.0,676.0,8.0,0.2317,16.0,81.0,0,6.3,0.0,75.0
Justin Holiday,justin holiday,2020,30.0,1,1,0.052413,0.065514125,5.72,7.15,1.43,0.496376978715544,0.443972977115494,0.67454001998126,30.0,900.0,25.013698630136982,0.8075,13.4,78.0,0,6.7,0.0,75.0
Guerschon Yabusele,guerschon yabusele,2019,23.0,1,3,0.0095206157229246,0.022675417,1.04,2.47,1.43,-0.3881915671456276,-0.7804978902600642,-0.7428662752332168,23.0,529.0,6.121951219512195,0.5,17.5,79.0,0,8.2,0.0,16.0
Kenrich Williams,kenrich williams,2021,26.0,2,3,0.0177913782980767,0.030517997,2.0,3.43,1.43,-0.5693823419927814,-0.853971165583506,0.3043624256902182,26.0,676.0,21.60606060606061,0.6771,15.3,79.0,0,16.4,0.0,75.0
Troy Daniels,troy daniels,2019,27.0,1,1,0.004407,0.017455889,0.48,1.91,1.43,-0.8413121801101838,-0.8306291357841171,-0.751264572563424,27.0,729.0,14.901960784313726,0.622,17.6,76.0,0,5.0,0.0,75.0
E.J. Liddell,e.j. liddell,2024,23.0,1,3,0.0050281531851936,0.0153056225,0.71,2.15,1.44,-0.5279921672486723,-0.3529802517103726,-1.642758834134726,23.0,529.0,2.875,,16.8,78.0,1,5.2,0.0,41.0
Serge Ibaka,serge ibaka,2022,32.0,1,1,0.014848,0.02655232,1.84,3.28,1.44,-0.4263506639780191,-0.6305949452108105,-1.0474258355981654,32.0,1024.0,15.371428571428572,0.5162,19.4,83.0,0,10.2,0.0,24.0
E.J. Liddell,e.j. liddell,2026,25.0,3,3,0.004620248366013,0.014105223,0.71,2.16,1.45,-0.555040694276686,-0.6559569933204106,-0.7213456461417695,25.0,625.0,13.423076923076923,0.222,17.2,78.0,1,11.0,0.0,41.0
Rodions Kurucs,rodions kurucs,2019,20.0,1,1,0.015569,0.02886786,1.7,3.15,1.45,-0.6463649396486887,-0.4017284796338874,-0.2792802626057725,20.0,400.0,20.53968253968254,0.7683,18.4,81.0,0,6.0,0.0,40.0
Sandro Mamukelashvili,sandro mamukelashvili,2023,23.0,1,2,0.0148484866307408,0.025538316,2.02,3.47,1.45,-0.971816312773074,-0.0843983247519471,-0.6216941661847144,23.0,529.0,23.31578947368421,0.3323,20.1,81.0,0,14.6,0.0,54.0
Troy Williams,troy williams,2019,24.0,1,4,0.001125,0.014510135,0.12,1.58,1.46,-0.1300181946425665,-0.7582173366938186,-0.8869810574195743,24.0,576.0,14.857142857142858,0.2561,15.0,79.0,0,4.7,0.0,75.0
Donovan Mitchell,donovan mitchell,2022,25.0,2,4,0.25,0.26176187,30.91,32.37,1.46,2.1328595144299816,1.5328745649647568,1.7461750790804835,25.0,625.0,33.82089552238806,0.7941,32.9,74.0,0,27.7,0.0,13.0
Isaiah Hartenstein,isaiah hartenstein,2022,23.0,1,1,0.06311818365614,0.0748899,7.8,9.26,1.46,1.5496766640405475,0.8776523704544422,1.2929289715748071,23.0,529.0,17.88235294117647,0.5371,18.4,84.0,0,20.5,0.0,43.0
DeMar DeRozan,demar derozan,2023,33.0,5,5,0.2102616507745127,0.22104676,28.6,30.07,1.47,0.6468209175315378,1.2051985811624748,0.8436905141983755,33.0,1089.0,36.24324324324324,0.878,27.8,78.0,0,22.3,3.0,9.0
Caleb Martin,caleb martin,2024,28.0,1,4,0.0653440834210601,0.07583076,9.19,10.66,1.47,0.255845512720619,-0.2652176533288559,-0.0028053026805073,28.0,784.0,27.4375,0.7963,17.3,77.0,1,11.8,0.0,75.0
Justin Holiday,justin holiday,2021,31.0,1,1,0.053431,0.06649769,6.01,7.48,1.47,0.2087260572824956,-0.7063192341789402,0.0785981224616822,31.0,961.0,30.319444444444443,0.8359,14.0,78.0,0,7.0,0.0,75.0
Wes Iwundu,wes iwundu,2021,26.0,1,1,0.000915,0.014017488,0.1,1.58,1.48,-1.2307744813767665,-1.24377226449156,-1.2895954083370074,26.0,676.0,12.521739130434783,0.5228,9.9,78.0,0,4.4,0.0,33.0
Cameron Payne,cameron payne,2024,29.0,1,1,0.0148484863572993,0.025369493,2.09,3.57,1.48,-0.4414997335968884,-0.5577596479339119,-0.3343492893819805,29.0,841.0,14.936170212765957,,16.7,74.0,1,20.7,0.0,14.0
Jared Butler,jared butler,2024,23.0,1,1,0.005304,0.015861461,0.75,2.23,1.48,-0.2901379747062666,0.0156226614919977,0.0946233537399773,23.0,529.0,14.15,,19.9,75.0,1,30.9,0.0,40.0
Andre Iguodala,andre iguodala,2021,37.0,1,1,0.0235,0.036691092,2.64,4.12,1.48,-0.5304769220290175,-0.2279269764281465,-0.2909749492617431,37.0,1369.0,21.253968253968253,0.6375,11.2,78.0,0,14.3,0.0,9.0
Bismack Biyombo,bismack biyombo,2022,29.0,1,1,0.0148484897497068,0.0268595,1.84,3.32,1.48,-0.7660688292534176,0.4325957855040397,-0.3483455677574518,29.0,841.0,14.055555555555555,0.6082,17.1,80.0,0,6.2,0.0,7.0
Jarrett Culver,jarrett culver,2020,20.0,2,2,0.055931,0.06958297,6.1,7.59,1.49,-0.2239686727867135,-0.5777487112149025,-0.451876085605935,20.0,400.0,23.904761904761905,0.875,19.2,78.0,0,10.8,0.0,6.0
Justin Champagnie,justin champagnie,2023,21.0,1,1,0.0008533608780997,0.011859044,0.12,1.61,1.49,-0.61945990889724,-0.2858978413010756,-1.574826618591718,21.0,441.0,11.5,0.1799,22.8,78.0,0,16.7,0.0,75.0
Jamal Shead,jamal shead,2025,22.0,2,2,0.0138474944762336,0.024466757,1.96,3.45,1.49,-1.0660500792172063,-1.2740648144831097,-0.945507250967382,22.0,484.0,19.56,0.9146,18.6,73.0,1,29.8,0.0,45.0
Royce O'Neale,royce o'neale,2022,28.0,3,8,0.074400549917108,0.08643924,9.2,10.69,1.49,0.0435927979862818,0.1791607857406161,0.5938487037340935,28.0,784.0,31.246753246753247,0.9265,9.9,78.0,0,10.5,0.0,75.0
Jae'Sean Tate,jae'sean tate,2025,29.0,1,1,0.016261642399864,0.026818365,2.3,3.79,1.49,0.2420657601679798,-0.7187548782914862,0.4462530262171671,29.0,841.0,11.307692307692308,,13.3,76.0,1,10.5,0.0,75.0
Nerlens Noel,nerlens noel,2023,28.0,1,1,0.002206,0.0132644065,0.3,1.8,1.5,-0.5423819455494014,-0.2916549703453364,-0.4159350040655721,28.0,784.0,10.857142857142858,0.3329,11.9,82.0,0,6.2,0.0,6.0
Jabari Walker,jabari walker,2024,21.0,1,1,0.014366083876291,0.025016723,2.02,3.52,1.5,-1.5388724855538964,-0.8678541622152711,-0.5690377294066189,21.0,441.0,23.61111111111111,0.8049,16.3,79.0,1,6.2,0.0,57.0
A.J. Green,a.j. green,2024,,2,3,0.0150844524425982,0.025790298,2.12,3.63,1.51,-0.6415134864166386,,,,,,,,76.0,1,,0.0,75.0
Luka Dončić,luka doncic,2022,22.0,1,7,0.3,0.31222865,37.1,38.61,1.51,1.9630004317922825,2.5651585883913848,1.3806540246404222,22.0,484.0,35.4,0.8072,37.4,80.0,0,46.0,8.0,3.0
Tyrese Martin,tyrese martin,2025,25.0,1,1,0.0155224703982777,0.026202556,2.19,3.7,1.51,-0.9318843521007772,-1.1754284597551772,-0.8358974424828068,25.0,625.0,21.916666666666668,0.7317,18.8,78.0,1,14.6,0.0,51.0
Wilson Chandler,wilson chandler,2019,31.0,1,1,0.0235,0.037300866,2.56,4.07,1.51,-0.467224232197585,-0.4908506938988702,-0.0192689772625538,31.0,961.0,26.416666666666668,0.439,11.2,80.0,0,9.9,0.0,75.0
Wenyen Gabriel,wenyen gabriel,2023,25.0,1,1,0.000853,0.011963005,0.12,1.63,1.51,-0.5809209272233208,-0.0613698085749039,-0.3226545057612848,25.0,625.0,15.058823529411764,0.5354,14.1,81.0,0,4.8,0.0,75.0
LaMarcus Aldridge,lamarcus aldridge,2019,33.0,1,1,0.238226,0.25201744,26.0,27.51,1.51,1.7298838562468324,1.0075165334311529,0.3267408727419878,33.0,1089.0,33.17283950617284,0.9878,26.9,83.0,0,11.6,0.0,2.0
Nick Richards,nick richards,2024,26.0,2,3,0.0355649130793524,0.046411205,5.0,6.52,1.52,-0.2577033120868476,-1.1896503562808327,-0.7114555007036215,26.0,676.0,26.253731343283583,,13.3,83.0,1,4.5,0.0,42.0
Lou Williams,lou williams,2019,32.0,1,1,0.0733,0.08724575,8.0,9.52,1.52,-0.0562543739274062,0.2833985425281676,1.2253586870741713,32.0,1024.0,26.57333333333333,0.9146,32.4,74.0,0,33.0,0.0,45.0
Moses Brown,moses brown,2022,22.0,1,1,0.000853,0.013205739,0.11,1.63,1.52,0.0322688591437685,-0.0989995798533853,-0.0528685479356716,22.0,484.0,12.571428571428571,0.2677,19.3,86.0,0,0.0,0.0,75.0
Trendon Watford,trendon watford,2025,24.0,2,3,0.0174314698883915,0.02819439,2.46,3.98,1.52,-0.8088991022440503,-0.9466441444802433,-0.5967774856446988,24.0,576.0,20.75,0.65,23.3,80.0,1,21.0,0.0,75.0
Luka Garza,luka garza,2023,24.0,1,1,0.0009387006418126,0.012107578,0.13,1.65,1.52,-0.5258652391177217,-0.0843983247519471,0.1451031503844271,24.0,576.0,8.678571428571429,0.3415,26.9,82.0,0,11.8,0.0,52.0
Paul Reed,paul reed,2025,25.0,1,2,0.0377874766302192,0.048678942,5.34,6.87,1.53,0.4768557826217312,1.4990000397266483,1.283014935945236,25.0,625.0,9.733333333333333,0.7427,18.0,81.0,1,14.0,0.0,58.0
Anthony Davis,anthony davis,2023,29.0,4,5,0.2984839105726322,0.3097558,40.6,42.13,1.53,2.375569524047348,3.22019374665376,1.3109964488026624,29.0,841.0,34.0,0.5756,28.4,82.0,0,13.0,0.0,1.0
Tristan Thompson,tristan thompson,2024,32.0,2,2,0.014848,0.025728919,2.09,3.62,1.53,-0.5388037214551452,-0.3178752123577659,-0.8085976022522814,32.0,1024.0,11.20408163265306,,13.8,81.0,1,12.7,0.0,4.0
Aaron Wiggins,aaron wiggins,2022,23.0,1,1,0.012644195544054,0.025023421,1.56,3.09,1.53,-0.9529138201548868,-1.298179822636414,-0.6013201393885272,23.0,529.0,24.18,0.6098,15.3,77.0,0,8.5,0.0,55.0
Tony Snell,tony snell,2021,29.0,1,1,0.021258,0.034931928,2.39,3.93,1.54,-0.9139732045289756,-1.798943526572728,-0.1054152479780149,29.0,841.0,21.106382978723403,0.7129,8.6,78.0,0,7.9,0.0,20.0
Gary Payton II,gary payton ii,2025,32.0,1,1,0.016261642399864,0.027248967,2.3,3.85,1.55,0.6389727028874167,0.1786900205565695,1.0874861997724632,32.0,1024.0,14.951612903225806,0.5756,16.1,74.0,1,13.5,0.0,75.0
Tony Bradley,tony bradley,2025,27.0,1,1,0.0226957112911449,0.03363326,3.2,4.75,1.55,0.3818217259142605,0.1161517847029304,0.6124050702024311,27.0,729.0,8.071428571428571,0.3402,20.1,82.0,1,8.3,0.0,28.0
Nicolas Batum,nicolas batum,2021,32.0,2,2,0.0787888430266692,0.092571035,8.86,10.41,1.55,1.0590873793476197,0.7465757708419885,0.9170187060953277,32.0,1024.0,27.388059701492537,0.6831,11.8,79.0,0,10.5,0.0,25.0
Delon Wright,delon wright,2024,31.0,1,1,0.014848,0.025855811,2.09,3.64,1.55,0.0666433141073418,0.4427339736153793,0.4049622799264038,31.0,961.0,13.818181818181818,0.572,13.5,76.0,1,22.8,0.0,20.0
Bruce Brown,bruce brown,2019,22.0,1,1,0.0129819681143485,0.027167162,1.42,2.97,1.55,-0.3302342794408587,-1.148127024103118,-0.3031314270235613,22.0,484.0,19.58108108108108,0.9024,11.5,76.0,0,8.8,0.0,42.0
Jerian Grant,jerian grant,2019,26.0,1,1,0.001798,0.016029187,0.2,1.75,1.55,-0.7359352933742405,-0.7860680286516257,-0.4825190579967896,26.0,676.0,15.65,0.7317,13.4,76.0,0,22.4,0.0,75.0
Trey Lyles,trey lyles,2022,26.0,2,2,0.021228,0.033728305,2.62,4.17,1.55,-0.4659844499268156,-0.2720771406674308,-0.2922423361457215,26.0,676.0,19.41176470588235,0.5701,22.3,81.0,0,9.5,0.0,12.0
Malik Monk,malik monk,2022,23.0,1,2,0.0766019894060086,0.08918827,9.47,11.03,1.56,-0.0356747739113111,-0.5935068964649436,0.5397855896355169,23.0,529.0,28.144736842105264,0.7699,20.1,75.0,0,15.2,0.0,11.0
Svi Mykhailiuk,svi mykhailiuk,2021,23.0,2,4,0.0153825769032326,0.029392239,1.73,3.3,1.57,-0.8417202817391283,-0.659070616129479,-0.8055938541552827,23.0,529.0,23.0,0.5114,21.0,79.0,0,12.3,0.0,47.0
Jalen Brunson,jalen brunson,2020,23.0,1,2,0.0152451988271944,0.029571855,1.66,3.23,1.57,-0.022941979344223,-0.3500507349584141,0.1624738478436328,23.0,529.0,17.92982456140351,0.8286,20.4,74.0,0,27.0,0.0,33.0
Kevon Looney,kevon looney,2024,27.0,3,5,0.0569038609269638,0.06805352,8.0,9.57,1.57,1.028871638483437,0.2321037374997391,-0.1678609088516816,27.0,729.0,16.14864864864865,0.9512,11.3,81.0,1,14.1,0.0,30.0
David Roddy,david roddy,2023,21.0,1,1,0.019984,0.031576768,2.72,4.3,1.58,-1.2140613404377096,-1.230067004559849,-0.7330435261460065,21.0,441.0,17.97142857142857,0.8537,16.7,77.0,0,6.1,0.0,23.0
Charles Bassey,charles bassey,2023,,2,2,0.0191146955249557,0.03075558,2.6,4.18,1.58,-0.4597984133910028,0.3186007083463097,,,,,,,82.0,0,,0.0,53.0
Kevon Looney,kevon looney,2019,22.0,1,3,0.0409042147700201,0.055364173,4.46,6.04,1.58,1.1555798235359416,0.8069915513349414,0.4402858526463908,22.0,484.0,18.5125,0.9756,12.8,81.0,0,10.9,0.0,30.0
Iman Shumpert,iman shumpert,2020,29.0,1,1,0.005114,0.019660696,0.56,2.15,1.59,-0.9778187731960528,-1.0389830733754812,-0.8564795718082321,29.0,841.0,18.53846153846154,0.3049,13.4,77.0,0,6.7,0.0,17.0
Nemanja Bjelica,nemanja bjelica,2021,32.0,1,1,0.018587,0.03275083,2.09,3.68,1.59,-0.1025173024276151,-0.1747722811225028,-0.9401246375859856,32.0,1024.0,16.884615384615383,0.6463,19.3,82.0,0,15.3,0.0,35.0
Yogi Ferrell,yogi ferrell,2020,26.0,1,1,0.001017,0.015569649,0.11,1.7,1.59,-0.4920042640433675,-0.1632216262351416,-0.7124407307202143,26.0,676.0,10.6,0.7587,19.2,72.0,0,18.8,0.0,75.0
Jae'Sean Tate,jae'sean tate,2022,26.0,1,2,0.0571365250090979,0.07001569,7.07,8.66,1.59,-0.1659000706002137,-0.364797262532098,-0.3299845101390674,26.0,676.0,26.35897435897436,0.9146,19.6,76.0,0,16.9,1.0,75.0
Jalen Johnson,jalen johnson,2025,23.0,1,5,0.2124525522633278,0.22379394,30.0,31.6,1.6,0.9296651116396804,0.7056088207274609,0.7169608241171124,23.0,529.0,35.666666666666664,0.5951,22.5,80.0,1,20.5,0.0,20.0
Zach LaVine,zach lavine,2019,23.0,1,3,0.1786695986805937,0.19331963,19.5,21.1,1.6,0.0175094467877541,-0.1176514216642548,0.3072568229359069,23.0,529.0,34.46031746031746,0.7683,30.5,77.0,0,22.6,0.0,13.0
Davion Mitchell,davion mitchell,2023,24.0,3,3,0.0372268987876871,0.048995074,5.06,6.66,1.6,-0.4818206886332424,-0.2455979379912499,-0.5966236206356201,24.0,576.0,18.0875,0.9527,14.1,72.0,0,16.5,0.0,9.0
Jordan Bell,jordan bell,2021,26.0,1,1,0.000915,0.015179794,0.1,1.71,1.61,-0.7194461047101561,-0.1452418948415896,-1.5493789901342268,26.0,676.0,13.4,0.3088,14.2,80.0,0,9.5,0.0,38.0
Tre Mann,tre mann,2023,21.0,3,3,0.023462553576286,0.035319503,3.19,4.8,1.61,-0.9828274503941936,-1.0343246170549811,-0.7456917293059099,21.0,441.0,17.65671641791045,0.7851,20.7,76.0,0,14.0,0.0,18.0
E'Twaun Moore,e'twaun moore,2020,30.0,1,1,0.014848,0.029585918,1.62,3.23,1.61,-0.1960482986974787,-0.7237089524049591,-0.2078192627287093,30.0,900.0,18.214285714285715,0.7285,19.9,75.0,0,11.0,0.0,55.0
Didi Louzada,didi louzada,2022,22.0,1,7,0.0021675791516719,0.0152323395,0.27,1.88,1.61,,-1.038563481415346,-2.032122555280416,22.0,484.0,17.428571428571427,0.0671,12.7,77.0,0,4.7,0.0,35.0
Jeremiah Robinson-Earl,jeremiah robinson-earl,2022,21.0,2,3,0.0161740325906756,0.029305805,2.0,3.62,1.62,-1.1624066887413824,-0.531693481888499,-1.1817335718807929,21.0,441.0,22.18367346938776,0.5976,15.4,81.0,0,6.7,0.0,32.0
Marcus Sasser,marcus sasser,2025,24.0,3,3,0.0204430343889864,0.031927336,2.89,4.51,1.62,-0.2498752392589278,-0.1252587058628383,0.1199506280483883,24.0,576.0,14.228070175438596,0.7591,19.4,73.0,1,22.9,0.0,25.0
Tristan Thompson,tristan thompson,2020,28.0,1,1,0.084827,0.09969917,9.26,10.88,1.62,-1.0336595213745223,-0.4960109761484708,-0.5690492552101202,28.0,784.0,30.19298245614035,0.6914,18.3,81.0,0,10.5,0.0,4.0
Royce O'Neale,royce o'neale,2019,25.0,1,1,0.0148297599413597,0.029665116,1.62,3.24,1.62,-0.498837298218368,-0.5298416626398003,-0.0105347480391382,25.0,625.0,20.37804878048781,1.0,11.0,78.0,0,10.0,0.0,75.0
Caleb Houstan,caleb houstan,2025,22.0,1,1,0.004953260438502,0.01643337,0.7,2.32,1.62,-0.7418162386858355,-1.04904074657165,-0.3819801664242055,22.0,484.0,13.586206896551724,0.6939,11.7,80.0,1,6.4,0.0,32.0
Furkan Korkmaz,furkan korkmaz,2019,21.0,1,2,0.014848,0.029740091,1.62,3.25,1.63,-0.5567945859231369,-0.1120812832726934,0.2044616636141692,21.0,441.0,14.145833333333334,0.5854,17.9,79.0,0,10.7,0.0,26.0
Josh Hart,josh hart,2025,29.0,2,4,0.1378975695428021,0.14951919,19.47,21.11,1.64,0.6110215097381607,1.065872054661049,0.9740858503604676,29.0,841.0,37.62337662337662,0.8902,15.3,77.0,1,20.7,0.0,30.0
Bruce Brown,bruce brown,2022,25.0,1,1,0.0523957785774938,0.065762974,6.48,8.13,1.65,0.5531700458993793,0.1420727369947493,0.8230219043783741,25.0,625.0,24.63888888888889,0.8379,15.0,76.0,0,11.5,0.0,42.0
Matas Buzelis,matas buzelis,2025,20.0,2,3,0.0386349215341906,0.050324734,5.46,7.11,1.65,-0.4678945458231255,-0.3234671045006984,-0.4546322008664312,20.0,400.0,18.8875,0.9756,18.7,80.0,1,7.2,0.0,11.0
Royce O'Neale,royce o'neale,2021,27.0,2,8,0.0782820645115377,0.09300801,8.8,10.46,1.66,0.0253147917390375,0.6875149982801622,0.4920869901555899,27.0,729.0,31.56338028169014,0.9288,9.6,78.0,0,10.4,0.0,75.0
A.J. Green,a.j. green,2025,26.0,3,3,0.0162992677468698,0.02805903,2.3,3.96,1.66,-0.5908797956798525,,,26.0,676.0,,,,76.0,1,,0.0,75.0
Tyler Johnson,tyler johnson,2021,28.0,1,1,0.001145,0.015926015,0.13,1.79,1.66,-0.8528361160144894,-1.0961203330869942,-0.3741675486706147,28.0,784.0,17.53846153846154,0.4743,13.3,75.0,0,8.7,0.0,75.0
Will Richard,will richard,2026,23.0,1,1,0.0140582810457516,0.024942122,2.15,3.82,1.67,-0.3346827978841306,-0.3885873813748582,-0.1001894025397737,23.0,529.0,19.95652173913044,0.8415,13.0,75.0,1,9.3,0.0,75.0
Jordan Goodwin,jordan goodwin,2024,25.0,1,1,0.0015913022448573,0.013450528,0.22,1.89,1.67,-0.5333979443519088,0.226252897607638,-0.6295008073616843,25.0,625.0,13.95,,18.2,75.0,1,18.7,0.0,75.0
Dorian Finney-Smith,dorian finney-smith,2019,25.0,1,3,0.0366501740883269,0.051962633,4.0,5.67,1.67,-0.0562543739274062,-0.5242715242482388,-0.0175893177965123,25.0,625.0,24.50617283950617,0.9878,14.0,79.0,0,6.9,0.0,75.0
JaVale McGee,javale mcgee,2020,32.0,2,2,0.0384826827927432,0.053846695,4.2,5.88,1.68,0.2060050881875021,0.6366404954863687,0.7185608792800698,32.0,1024.0,16.61764705882353,0.9333,14.8,84.0,0,4.6,0.0,18.0
Jock Landale,jock landale,2025,29.0,1,1,0.016261642399864,0.028151179,2.3,3.98,1.68,-0.1772021370708619,-0.6306295391567431,-0.356078136753499,29.0,841.0,11.904761904761903,,15.7,83.0,1,10.3,0.0,75.0
Dylan Windler,dylan windler,2023,26.0,1,1,0.014848,0.027286904,2.02,3.71,1.69,0.0522194859910681,-0.2801407122568148,1.4327354042167322,26.0,676.0,3.333333333333333,0.2768,17.9,79.0,0,15.2,0.0,26.0
Aleksej Pokusevski,aleksej pokusevski,2022,20.0,3,3,0.026376,0.040058523,3.26,4.95,1.69,-0.8000406457809575,-0.1299062871416077,-0.6968656429212319,20.0,400.0,20.21311475409836,0.6707,20.0,84.0,0,16.5,0.0,17.0
James Harden,james harden,2022,32.0,1,3,0.2668715377461486,0.2805133,33.0,34.69,1.69,2.2404369334338576,1.6812267599482245,0.8539636866612074,32.0,1024.0,36.97727272727273,0.5889,28.3,77.0,0,39.7,0.0,3.0
Braxton Key,braxton key,2024,26.0,1,1,8.5e-05,0.012077649,0.01,1.7,1.69,-0.7550348055846049,-0.5987155271786198,0.4662850224969442,26.0,676.0,3.0,0.2439,15.7,79.0,1,18.8,0.0,75.0
Wenyen Gabriel,wenyen gabriel,2019,,1,1,0.013246,0.028749883,1.45,3.14,1.69,-0.6410960953118914,,,,,,,,81.0,0,,0.0,75.0
Kenrich Williams,kenrich williams,2023,28.0,1,4,0.0453974018717698,0.05786531,6.18,7.87,1.69,0.6137875046681783,0.2264866436381367,0.5060286619830981,28.0,784.0,22.75471698113208,0.6634,13.7,79.0,0,11.7,0.0,75.0
Julian Champagnie,julian champagnie,2024,22.0,2,4,0.0213389478476114,0.03338891,3.0,4.69,1.69,0.0288028743846864,-0.2476651336525525,-0.0563910637117739,22.0,484.0,19.83783783783784,0.5732,14.4,79.0,1,9.3,0.0,75.0
Jordan McLaughlin,jordan mclaughlin,2024,27.0,1,2,0.0148484863572993,0.026879158,2.09,3.78,1.69,0.7531770062183764,0.524645732104795,1.1683444584680849,27.0,729.0,11.178571428571429,0.65,12.1,71.0,1,23.7,0.0,75.0
Cole Anthony,cole anthony,2021,20.0,2,3,0.0306847901506929,0.0457954,3.45,5.15,1.7,-1.519786172536155,-1.0606838695498984,-1.3644378211881112,20.0,400.0,27.08510638297872,0.5732,24.3,74.0,0,24.2,0.0,15.0
Nemanja Bjelica,nemanja bjelica,2019,30.0,1,1,0.062534,0.078035355,6.82,8.52,1.7,0.7077280549081828,0.7178693370699586,0.4805976798313859,30.0,900.0,23.22077922077922,0.939,16.5,82.0,0,11.1,0.0,35.0
Mouhamed Gueye,mouhamed gueye,2025,22.0,1,2,0.0157333649651577,0.027813278,2.22,3.93,1.71,-0.1101192735126472,1.0756091459041457,0.394448966875754,22.0,484.0,16.151515151515152,,15.7,83.0,1,6.6,0.0,39.0
Ben Sheppard,ben sheppard,2024,22.0,2,3,0.018948132130765,0.031116305,2.66,4.37,1.71,-0.1928339868480097,-0.6981798053443387,-0.3449518196395039,22.0,484.0,14.280701754385966,0.6951,13.2,78.0,1,7.5,0.0,26.0
Drew Eubanks,drew eubanks,2023,,1,1,0.0172518508171532,0.029934807,2.35,4.07,1.72,-0.393731587664284,0.1113440627529204,,,,,,,82.0,0,,0.0,75.0
Andre Iguodala,andre iguodala,2022,38.0,1,1,0.014848,0.028788986,1.84,3.56,1.72,-0.2734774896040899,0.8838337119120867,0.8968061544374378,38.0,1444.0,19.451612903225808,0.4778,11.4,78.0,0,24.7,0.0,9.0
Justin Jackson,justin jackson,2023,27.0,1,1,0.000853,0.0135543365,0.12,1.84,1.72,-1.3627116983228271,-0.5104258740272473,-1.1219757733130349,27.0,729.0,4.652173913043479,0.2427,12.2,80.0,0,10.5,0.0,43.0
Cameron Payne,cameron payne,2019,24.0,1,1,0.0017984973428623,0.017635778,0.2,1.92,1.72,-0.8940006234781553,-0.9197513500490998,-1.5323062242727052,24.0,576.0,17.29032258064516,0.378,17.4,74.0,0,22.4,0.0,14.0
Aaron Nesmith,aaron nesmith,2023,23.0,1,1,0.0414219642555193,0.054009926,5.63,7.35,1.72,-0.5258652391177217,-0.3261977446109013,-0.3820558884586882,23.0,529.0,24.876712328767123,0.7476,16.8,77.0,0,7.4,0.0,14.0
Anfernee Simons,anfernee simons,2020,20.0,2,2,0.0206344145134689,0.036417708,2.25,3.97,1.72,-1.5808988535235242,-2.4518782080952293,-1.223535854490956,20.0,400.0,20.7,0.6991,18.7,75.0,0,9.2,0.0,24.0
CJ McCollum,cj mccollum,2019,27.0,1,7,0.2524918361737218,0.26824248,27.56,29.28,1.72,1.49278586109096,0.6287471228049759,1.168922129015178,27.0,729.0,33.92857142857143,0.8537,25.5,75.0,0,13.8,0.0,10.0
Anthony Tolliver,anthony tolliver,2020,34.0,1,1,0.004448,0.020382037,0.49,2.22,1.73,-0.5478450122218371,-1.0214678444326746,-1.5757027288814351,34.0,1156.0,16.78787878787879,0.5837,11.2,80.0,0,6.6,0.0,75.0
Jalen Smith,jalen smith,2022,21.0,3,4,0.0377676600218349,0.05177078,4.67,6.4,1.73,-0.4376746028205324,0.3089689563511502,0.5125840227934658,21.0,441.0,24.681818181818183,0.2912,20.1,80.0,0,5.1,0.0,10.0
Mo Bamba,mo bamba,2025,26.0,1,1,0.0013793198685626,0.013578935,0.19,1.92,1.73,-1.0995915109963137,0.7331240845243773,-0.9995224591831235,26.0,676.0,12.571428571428571,0.4768,16.5,84.0,1,6.3,0.0,6.0
Taurean Prince,taurean prince,2023,28.0,1,1,0.0332007557656538,0.04603255,4.52,6.26,1.74,-0.5313708079282816,-1.316423940223761,-0.4012540539692558,28.0,784.0,22.07407407407408,0.6524,17.3,78.0,0,9.6,0.0,12.0
Kenrich Williams,kenrich williams,2019,24.0,1,1,0.0129819681143485,0.028963951,1.42,3.16,1.74,-0.3038900577568729,0.0494527300825878,-0.4328011378019624,24.0,576.0,23.45652173913044,0.561,12.3,79.0,0,9.5,0.0,75.0
Marko Simonovic,marko simonovic,2022,,1,1,0.012644,0.026684862,1.56,3.3,1.74,-0.94725185073363,-0.0248234823616516,,,,,,,84.0,0,,0.0,44.0
Maurice Harkless,maurice harkless,2021,27.0,1,1,0.038675,0.054184977,4.35,6.09,1.74,-0.0358222967754485,-1.0784021013184462,-0.2786043025094946,27.0,729.0,24.923076923076923,0.5132,12.6,79.0,0,7.3,0.0,15.0
Olivier-Maxence Prosper,olivier-maxence prosper,2025,22.0,1,3,0.0070984646762223,0.01938776,1.0,2.74,1.74,-1.1610841359246773,-0.139507205934321,-0.646054517701165,22.0,484.0,11.23076923076923,0.5793,16.3,79.0,1,9.1,0.0,24.0
Freddie Gillespie,freddie gillespie,2021,23.0,1,1,0.001523,0.017023964,0.17,1.91,1.74,-1.497554503985433,-0.9898109424757068,-0.4718956580133782,23.0,529.0,19.6,0.2439,12.2,81.0,0,3.2,0.0,75.0
De'Aaron Fox,de'aaron fox,2023,25.0,3,5,0.2396693157674182,0.25247186,32.6,34.34,1.74,1.4891729455472031,1.4930550333755157,0.6320589720407067,25.0,625.0,33.35616438356164,0.8024,30.1,75.0,0,29.6,0.0,5.0
Harrison Barnes,harrison barnes,2023,30.0,5,7,0.1249807015093257,0.13787328,17.0,18.75,1.75,0.233903256739545,0.710085483356045,0.3025281075710815,30.0,900.0,32.46341463414634,0.9232,17.1,79.0,0,6.3,0.0,7.0
Day'Ron Sharpe,day'ron sharpe,2026,24.0,2,2,0.0408496732026143,0.052266028,6.25,8.0,1.75,0.7611510652572262,0.2718345458152297,0.5734444254195413,24.0,576.0,18.70967741935484,,19.9,82.0,1,21.1,0.0,29.0
T.J. Warren,t.j. warren,2019,25.0,1,3,0.099047,0.115106,10.81,12.56,1.75,-0.4935684538815708,-0.4574298635495017,0.1638139045359657,25.0,625.0,31.627906976744185,0.5244,22.7,80.0,0,7.7,0.0,14.0
Scotty Pippen Jr.,scotty pippen jr.,2026,25.0,3,4,0.0160879869281045,0.027496038,2.46,4.21,1.75,0.0822105196152985,-0.3869839774835834,-0.1132230509422452,25.0,625.0,21.2,0.4012,26.1,74.0,1,33.8,0.0,75.0
Joakim Noah,joakim noah,2019,33.0,1,1,0.003983,0.020082816,0.43,2.19,1.76,0.2124566872492492,1.1022088860876968,-0.0985489040597109,33.0,1089.0,16.5,0.5122,20.0,83.0,0,20.6,0.0,75.0
Enes Freedom,enes freedom,2019,26.0,1,1,0.043678,0.059874535,4.77,6.53,1.76,,1.0075165334311529,-0.4052547225588824,26.0,676.0,25.63636363636364,0.5366,22.9,82.0,0,13.1,0.0,3.0
Jordan Clarkson,jordan clarkson,2021,28.0,2,3,0.1104844592310566,0.12614457,12.42,14.18,1.76,0.3921373228259538,0.6697967665116142,0.955058444858492,28.0,784.0,26.73529411764705,0.7872,29.7,77.0,0,15.3,0.0,46.0
Joe Ingles,joe ingles,2019,31.0,1,3,0.102688171156313,0.11884581,11.21,12.97,1.76,0.8341803189913146,1.130059578045504,1.053025625858317,31.0,961.0,31.317073170731707,1.0,17.5,80.0,0,26.1,0.0,75.0
Myles Turner,myles turner,2024,27.0,2,2,0.141751074060375,0.15424559,19.93,21.69,1.76,1.0504947468963832,1.5894985924671985,0.2522285332437027,27.0,729.0,26.96103896103896,0.7988,23.4,83.0,1,6.4,0.0,11.0
Omer Yurtseven,omer yurtseven,2023,,1,1,0.020585,0.033541515,2.8,4.56,1.76,-0.3111480555058855,-0.1649981313715985,,,,,,,83.0,0,,0.0,75.0
Isaiah Jackson,isaiah jackson,2024,22.0,1,1,0.0315487879477622,0.044137485,4.44,6.21,1.77,0.3693668318885854,0.7060217687599297,0.5986733732800735,22.0,484.0,13.067796610169491,,17.2,80.0,1,8.3,0.0,22.0
Eric Gordon,eric gordon,2025,36.0,1,1,0.016261642399864,0.028843423,2.3,4.07,1.77,-0.8592112499127111,-1.0788713466617017,-0.508015652260936,36.0,1296.0,19.692307692307693,,14.4,75.0,1,12.0,0.0,7.0
Scotty Pippen Jr.,scotty pippen jr.,2024,23.0,1,4,0.0148484863572993,0.027445748,2.09,3.86,1.77,-0.371224631254814,-0.0487365773211145,0.4255942306978006,23.0,529.0,25.09523809523809,0.2561,23.0,74.0,1,30.7,0.0,75.0
Derrick Rose,derrick rose,2020,31.0,1,1,0.070395,0.08670457,7.68,9.46,1.78,0.094323591830563,-0.3792427831964255,0.3731913434577892,31.0,961.0,25.96,0.6673,31.6,75.0,0,40.5,0.0,1.0
Rudy Gay,rudy gay,2021,34.0,1,2,0.052396,0.06825008,5.89,7.67,1.78,0.2476314772462594,0.3685868264462997,0.3952866793192451,34.0,1156.0,21.55555555555556,0.8316,23.6,80.0,0,9.7,0.0,8.0
Terence Davis,terence davis,2020,22.0,1,1,0.013909,0.030206166,1.52,3.3,1.78,-0.022941979344223,-0.3383739156632096,0.4855092712275468,22.0,484.0,16.791666666666668,1.0,19.0,76.0,0,14.2,0.0,75.0
Ivica Zubac,ivica zubac,2021,23.0,3,3,0.0668823989894497,0.082770444,7.52,9.3,1.78,0.8367706938403977,0.4808022943137698,0.1936451372575937,23.0,529.0,22.34722222222222,0.8024,15.1,84.0,0,7.9,0.0,32.0
Robert Covington,robert covington,2019,28.0,1,1,0.103548,0.119959235,11.3,13.09,1.79,1.2556878659350876,1.2860234530092238,1.246858328239502,28.0,784.0,34.68181818181818,0.2683,16.5,79.0,0,5.8,0.0,75.0
Langston Galloway,langston galloway,2021,29.0,1,1,0.00229,0.018244794,0.26,2.05,1.79,-0.6471931819203091,-1.0665899468060809,-0.2210807951115388,29.0,841.0,10.95,0.714,17.3,73.0,0,8.0,0.0,75.0
Brandon Ingram,brandon ingram,2022,24.0,3,8,0.2559589179572197,0.27039713,31.65,33.44,1.79,1.6176202970956273,0.6180360292333742,0.8094211209573485,24.0,576.0,33.981818181818184,0.7308,29.3,80.0,0,27.8,0.0,2.0
Landry Shamet,landry shamet,2021,23.0,1,1,0.0335219990392655,0.04944101,3.77,5.56,1.79,-0.3415077393478787,-1.1374628738802726,-0.1205692902495194,23.0,529.0,23.0,0.7245,16.7,77.0,0,9.3,0.0,26.0
Josh Green,josh green,2022,21.0,3,3,0.0250568112894747,0.03954704,3.1,4.89,1.79,0.1002124921988482,-0.4080666527356093,0.4231588718002227,21.0,441.0,15.507462686567164,0.689,13.9,78.0,0,11.0,0.0,18.0
Kobe Sanders,kobe sanders,2026,23.0,1,1,0.0140582810457516,0.025847673,2.15,3.95,1.8,-0.638419357776572,-0.7436486515260288,-0.5814054211889178,23.0,529.0,19.86764705882353,0.8293,16.3,80.0,1,11.4,0.0,75.0
Derrick Rose,derrick rose,2019,30.0,1,1,0.067043,0.08359889,7.32,9.12,1.8,-0.3565785011248445,-0.2847555734110976,0.3250612132759464,30.0,900.0,27.294117647058822,0.622,27.3,75.0,0,26.4,0.0,1.0
LaMarcus Aldridge,lamarcus aldridge,2021,35.0,1,1,0.0235,0.03948022,2.64,4.44,1.8,-0.2859285679710732,0.3272442856530212,-0.6948765657226582,35.0,1225.0,25.904761904761905,0.5464,22.7,83.0,0,10.2,0.0,2.0
Kevin Knox,kevin knox,2024,24.0,1,1,0.001877,0.01468557,0.26,2.06,1.8,,,-0.5082880965797283,24.0,576.0,18.06451612903226,0.3841,16.6,80.0,1,5.9,0.0,75.0
Juan Toscano-Anderson,juan toscano-anderson,2020,26.0,2,2,0.003283,0.019827146,0.36,2.16,1.8,-0.8996417257461954,-0.4726573375580617,-0.561604551063998,26.0,676.0,20.923076923076923,0.1806,12.7,78.0,0,13.8,0.0,75.0
Shaedon Sharpe,shaedon sharpe,2023,19.0,2,3,0.0464178325405635,0.05964899,6.31,8.11,1.8,-0.5423819455494014,-1.6042803924368016,-0.6582836110401491,19.0,361.0,22.2375,0.9756,19.0,77.0,0,7.9,0.0,7.0
Kawhi Leonard,kawhi leonard,2019,27.0,1,8,0.3,0.31660834,32.74,34.55,1.81,3.3948386666747368,2.4223316848877543,2.470658215197313,27.0,729.0,34.0,0.7317,30.3,78.0,0,16.4,0.0,15.0
Jaylin Williams,jaylin williams,2024,21.0,3,3,0.014366083876291,0.027344842,2.02,3.84,1.82,0.2125992958947271,0.4661373331837838,-0.2899332842491124,21.0,441.0,13.0,0.75,13.5,81.0,1,15.0,0.0,34.0
Jalen Wilson,jalen wilson,2025,24.0,1,1,0.0157333649651577,0.028604282,2.22,4.04,1.82,-0.881572204432116,-1.8284935400306528,-0.8630629857959868,24.0,576.0,25.70886075949367,0.7988,16.6,78.0,1,10.8,0.0,51.0
Wesley Matthews,wesley matthews,2020,33.0,1,1,0.033196,0.04985859,3.62,5.44,1.82,-0.0117738297085291,0.006092253545324,0.4761224703476536,33.0,1089.0,24.402985074626866,0.7828,12.5,77.0,0,7.1,0.0,75.0
De'Anthony Melton,de'anthony melton,2025,26.0,1,2,0.0218183176590561,0.03469477,3.08,4.9,1.82,0.2308852829082774,-0.2300903559161966,0.5125874924470254,26.0,676.0,20.166666666666668,0.3634,23.5,74.0,1,21.1,0.0,46.0
Joshua Primo,joshua primo,2024,21.0,1,1,0.007113,0.020152142,1.0,2.83,1.83,-1.5172493771409503,-0.417339490523485,-7.8486776932477795,21.0,441.0,5.0,0.1488,30.7,76.0,1,0.0,0.0,12.0
Henry Ellenson,henry ellenson,2020,23.0,1,1,0.001475,0.01819908,0.16,1.99,1.83,-1.3854562348988808,0.0819915789641535,-3.961892249108102,23.0,529.0,3.0,0.0694,19.5,82.0,0,8.7,0.0,18.0
Doug McDermott,doug mcdermott,2024,32.0,1,2,0.0148484863572993,0.027961018,2.09,3.93,1.84,-0.9280196728881726,-1.5348499099147983,-0.7501404083999905,32.0,1024.0,15.217391304347826,0.639,14.9,79.0,1,11.1,0.0,11.0
Kevin Huerter,kevin huerter,2023,24.0,2,4,0.1152001749729821,0.12874532,15.67,17.51,1.84,0.2504199631712247,0.4855574506298732,0.6020194895359362,24.0,576.0,29.37333333333333,0.8963,19.9,78.0,0,14.1,0.0,19.0
Kyrie Irving,kyrie irving,2025,32.0,1,3,0.2589513483655317,0.27197844,36.57,38.41,1.84,1.5110499291442077,0.4204870435164272,1.2523747301152537,32.0,1024.0,36.08,0.6146,27.4,74.0,1,20.5,0.0,1.0
Anthony Davis,anthony davis,2024,30.0,5,5,0.3074191253876575,0.32050735,43.22,45.06,1.84,2.2938234806407767,2.976147646895164,1.331107625664659,30.0,900.0,35.526315789473685,0.7659,26.7,82.0,1,15.5,0.0,1.0
Baylor Scheierman,baylor scheierman,2026,25.0,3,3,0.0179349019607843,0.0299396,2.74,4.58,1.84,-0.4061502237411756,0.1547504651484346,0.2373134929347506,25.0,625.0,18.55844155844156,0.7287,11.9,78.0,1,10.5,0.0,30.0
Anthony Tolliver,anthony tolliver,2019,33.0,1,1,0.003983,0.020777823,0.43,2.27,1.84,-0.3776538784720332,-0.7025159527782043,-1.0210178828096832,33.0,1089.0,16.6,0.7927,12.5,80.0,0,5.5,0.0,75.0
Kris Dunn,kris dunn,2020,25.0,1,2,0.0436778449697636,0.06060341,4.77,6.61,1.84,0.0384828436520934,0.8585000620952549,0.6318138918382974,25.0,625.0,24.88235294117647,0.6531,14.6,75.0,0,19.4,0.0,5.0
Taurean Prince,taurean prince,2026,31.0,1,1,0.0249402679738562,0.037061065,3.82,5.67,1.85,-0.7337092589192986,-1.156008688663536,-0.7100269514764653,31.0,961.0,23.5,0.6415,16.2,78.0,1,10.7,0.0,12.0
Sindarius Thornwell,sindarius thornwell,2019,24.0,1,1,0.001678,0.01858118,0.18,2.03,1.85,-0.2880835247464814,-0.6245340152963443,-0.9491284576631086,24.0,576.0,4.890625,0.7805,11.3,76.0,0,7.2,0.0,48.0
Jonathon Simmons,jonathon simmons,2019,29.0,1,1,0.009163,0.02613086,1.0,2.85,1.85,-1.3734654581266974,-1.3375117294162069,-1.3250362461631884,29.0,841.0,20.60975609756097,0.5,19.3,78.0,0,15.7,0.0,75.0
Ryan Anderson,ryan anderson,2019,30.0,1,1,0.004581,0.021656845,0.5,2.36,1.86,-0.5515257415863396,-1.248389515151224,-2.4258850602067645,30.0,900.0,18.53333333333333,0.1829,12.1,81.0,0,8.1,0.0,75.0
AJ Johnson,aj johnson,2025,20.0,2,3,0.0218860121239589,0.03503071,3.09,4.95,1.86,-1.831912771506824,-1.6628783231902875,-1.542517447036106,20.0,400.0,27.045454545454547,0.2683,17.0,77.0,1,16.7,0.0,23.0
Jae Crowder,jae crowder,2023,32.0,1,1,0.014848,0.028519528,2.02,3.88,1.86,0.3164867888979436,-0.2052980346814242,0.516869978977301,32.0,1024.0,18.88888888888889,0.5012,13.2,78.0,0,10.6,0.0,34.0
Jaylen Nowell,jaylen nowell,2024,24.0,1,1,0.001983,0.015203941,0.28,2.14,1.86,-0.8577445705460982,-0.6338205665312263,-1.0962986935645365,24.0,576.0,17.333333333333332,,16.9,76.0,1,15.7,0.0,43.0
Richaun Holmes,richaun holmes,2021,27.0,1,2,0.092377,0.10888431,10.38,12.24,1.86,0.9534869537316892,0.5693934531565095,0.4988908458693267,27.0,729.0,29.21311475409836,0.726,17.5,81.0,0,8.3,0.0,37.0
Shaquille Harrison,shaquille harrison,2021,27.0,1,1,0.00183,0.018518157,0.21,2.08,1.87,0.1031256316665652,-1.361893809615213,-0.373239750164196,27.0,729.0,16.294117647058822,0.4609,11.2,76.0,0,7.1,0.0,75.0
Juan Toscano-Anderson,juan toscano-anderson,2023,29.0,1,1,0.002378,0.016108593,0.32,2.19,1.87,-1.2526003221116289,-1.3970237468434126,-0.832873986800958,29.0,841.0,12.166666666666666,0.5793,10.4,78.0,0,8.6,0.0,75.0
Juwan Morgan,juwan morgan,2022,24.0,1,3,0.00466,0.019825824,0.58,2.45,1.87,-1.3209418325365685,-0.5564188477190769,-0.9586807237759738,24.0,576.0,27.0,0.1705,4.8,79.0,0,4.8,0.0,75.0
Justin Champagnie,justin champagnie,2025,23.0,1,3,0.0166391280947255,0.029932767,2.35,4.23,1.88,-0.0989387962529447,-0.7570744289860244,0.4307749840968669,23.0,529.0,21.61290322580645,0.4378,15.6,78.0,1,6.8,0.0,75.0
Ayo Dosunmu,ayo dosunmu,2025,25.0,3,3,0.0532442779445923,0.06655144,7.52,9.4,1.88,-0.7082748069067282,-0.5220242803367025,-0.1419125743542424,25.0,625.0,30.30434782608696,,16.6,76.0,1,20.2,0.0,38.0
Josh Okogie,josh okogie,2022,23.0,1,1,0.0148484897497068,0.030082038,1.84,3.72,1.88,0.2587476359940341,-0.5007867746002765,-0.2528000642247474,23.0,529.0,10.53061224489796,0.6869,12.1,76.0,0,6.2,0.0,20.0
Larry Nance Jr.,larry nance jr.,2025,32.0,1,1,0.016261642399864,0.029628353,2.3,4.18,1.88,-0.2778264324081839,0.2819665776856739,0.04003339016194,32.0,1024.0,19.291666666666668,0.528,15.7,78.0,1,11.3,0.0,27.0
Gerald Green,gerald green,2019,33.0,1,1,0.0235,0.040755447,2.56,4.45,1.89,-0.6042141849543113,-0.9865930107478368,-0.1969769487697407,33.0,1089.0,20.17808219178082,0.8902,19.5,78.0,0,4.1,0.0,75.0
Jordan Bell,jordan bell,2019,24.0,1,1,0.002291,0.019723441,0.25,2.15,1.9,-0.5884076519439198,-0.1622125287967462,-1.3724026431055578,24.0,576.0,11.588235294117649,0.8293,13.7,80.0,0,12.3,0.0,38.0
Terry Rozier,terry rozier,2023,28.0,2,4,0.1706002823093493,0.18462563,23.21,25.11,1.9,0.0467139171805082,-0.1995409056371634,0.0836690207506107,28.0,784.0,35.25396825396825,0.8195,26.9,73.0,0,22.7,0.0,16.0
Justin Jackson,justin jackson,2021,25.0,1,1,0.000915,0.01779074,0.1,2.0,1.9,-0.6749827676087118,-0.7240374659474881,-0.5826129464460027,25.0,625.0,16.484848484848484,0.5989,20.2,80.0,0,14.5,0.0,43.0
Denzel Valentine,denzel valentine,2019,,1,1,0.030947,0.048358243,3.38,5.28,1.9,-0.3881915671456276,,,,,,,,76.0,0,,0.0,14.0
Shaun Livingston,shaun livingston,2019,33.0,1,3,0.006108,0.023567535,0.67,2.57,1.9,-0.851849868783778,-0.9865930107478368,-0.5140966559583693,33.0,1089.0,15.109375,0.7805,12.0,79.0,0,14.8,0.0,75.0
Jalen Smith,jalen smith,2025,24.0,2,3,0.0637357656789983,0.07733642,9.0,10.92,1.92,0.7563677141142924,1.393151237676865,-0.1744480506479348,24.0,576.0,15.03125,0.7793,21.0,80.0,1,9.7,0.0,10.0
Montrezl Harrell,montrezl harrell,2021,27.0,1,1,0.086474,0.1035202,9.72,11.64,1.92,0.1086835488042457,0.8942277022465543,0.8489801489579607,27.0,729.0,22.89855072463768,0.8832,21.7,79.0,0,7.7,2.0,32.0
Ausar Thompson,ausar thompson,2024,21.0,2,3,0.0595783423905312,0.07323488,8.38,10.3,1.92,0.0071797659717404,0.1209377795498178,0.2218537168302574,21.0,441.0,25.126984126984127,0.7683,16.6,79.0,1,10.8,0.0,5.0
Mason Plumlee,mason plumlee,2021,30.0,2,3,0.0723886704502997,0.08945405,8.14,10.06,1.92,0.4532744113404398,0.3626807491901171,0.28951764958752,30.0,900.0,26.767857142857142,0.7956,16.3,84.0,0,21.0,0.0,22.0
Josh Okogie,josh okogie,2021,22.0,1,1,0.0363647232551105,0.053586654,4.09,6.02,1.93,0.1976102230071345,-0.1570540493539549,-0.4595250112611297,22.0,484.0,20.28813559322034,0.7986,12.1,76.0,0,7.0,0.0,20.0
Buddy Hield,buddy hield,2025,32.0,2,4,0.0652902951674126,0.07894096,9.22,11.15,1.93,-0.1939728529604155,-0.0308000104694298,-0.0964260832251968,32.0,1024.0,22.71951219512195,0.8854,20.5,76.0,1,10.7,0.0,6.0
Isaiah Livers,isaiah livers,2023,24.0,1,1,0.013499,0.027719382,1.84,3.77,1.93,-0.5533930831705213,-1.4027808758876734,-0.5060534515798836,24.0,576.0,23.057692307692307,0.4832,11.9,78.0,0,4.8,0.0,42.0
E.J. Liddell,e.j. liddell,2023,,1,1,0.0132462560928092,0.027445652,1.8,3.73,1.93,-0.795638110835157,,,,,,,,78.0,0,,0.0,41.0
Corey Kispert,corey kispert,2024,24.0,1,1,0.0405858750391214,0.05444366,5.71,7.65,1.94,-0.711788588758713,-1.7279276263541354,-0.4372224883671394,24.0,576.0,25.8375,,19.6,78.0,1,10.7,0.0,15.0
Lance Thomas,lance thomas,2019,30.0,1,1,0.002402,0.02018851,0.26,2.2,1.94,-1.394540835473886,-1.6940005864761376,-1.4698228921359628,30.0,900.0,17.02173913043478,0.561,12.9,80.0,0,5.0,0.0,75.0
Karl-Anthony Towns,karl-anthony towns,2020,24.0,2,5,0.27,0.2878037,29.47,31.41,1.94,1.9873249550806813,2.2130111003389805,1.3542738768011189,24.0,576.0,33.91428571428571,0.656,28.8,84.0,0,22.8,0.0,1.0
Luka Garza,luka garza,2025,26.0,2,3,0.0174314698883915,0.031126076,2.46,4.4,1.94,-0.1492509439216058,-0.1126403410753118,-0.2922706978085878,26.0,676.0,5.615384615384615,,26.2,82.0,1,8.2,0.0,52.0
Noah Vonleh,noah vonleh,2020,24.0,1,1,0.002419,0.020251608,0.26,2.21,1.95,-0.6092698352181535,-0.3617275542536187,-0.4625576176416757,24.0,576.0,11.96551724137931,0.5627,13.9,82.0,0,10.8,0.0,9.0
Sterling Brown,sterling brown,2022,26.0,1,1,0.000853,0.016759178,0.11,2.07,1.96,-0.4829703581905856,-0.5378748233461434,-0.7050261129738472,26.0,676.0,12.816326530612244,0.6298,13.2,77.0,0,7.5,0.0,46.0
Julius Randle,julius randle,2020,25.0,2,3,0.1731720725673446,0.19121347,18.9,20.87,1.97,-0.1904642238796318,0.4322961578202895,0.0041929640412942,25.0,625.0,32.5,0.8894,27.6,81.0,0,15.8,0.0,7.0
Malachi Flynn,malachi flynn,2024,25.0,1,1,0.000853,0.014853453,0.12,2.09,1.97,-0.657730817726348,-0.7215831649127432,-1.1269600648498064,25.0,625.0,15.290322580645162,0.4902,16.2,73.0,1,20.3,0.0,29.0
Moses Moody,moses moody,2026,23.0,2,3,0.0816993464052287,0.094568856,12.5,14.47,1.97,0.344257747757797,0.0699303110323631,0.3419256709019559,23.0,529.0,25.666666666666668,0.7976,18.3,77.0,1,9.2,0.0,14.0
Ryan Rollins,ryan rollins,2024,21.0,1,1,0.0042677895695222,0.018307729,0.6,2.57,1.97,0.4774823739533153,0.3374188555575592,2.242065563196192,21.0,441.0,6.6,0.1311,25.2,75.0,1,24.0,0.0,44.0
John Henson,john henson,2020,29.0,1,1,0.001017,0.019120613,0.11,2.09,1.98,0.7029877469758813,0.6833477726671869,0.275762823980276,29.0,841.0,14.20689655172414,0.3158,16.1,81.0,0,15.2,0.0,75.0
Aaron Wiggins,aaron wiggins,2023,,1,1,0.0134986215363804,0.028071554,1.84,3.82,1.98,-0.3662037436114844,-0.1765123894601201,,,,,,,77.0,0,,0.0,55.0
Grant Williams,grant williams,2020,21.0,2,3,0.0228949972512369,0.041142337,2.5,4.49,1.99,-0.4082431417756632,-0.6302943980433229,-0.4308367043234155,21.0,441.0,15.115942028985508,0.9583,11.6,79.0,0,8.5,0.0,22.0
Justise Winslow,justise winslow,2019,22.0,1,2,0.119113,0.13733052,13.0,14.99,1.99,0.333640106995584,0.1719957746969391,0.3522716966258181,22.0,484.0,29.681818181818183,0.8049,20.8,78.0,0,21.9,0.0,10.0
Duop Reath,duop reath,2024,27.0,2,3,0.0145729365237431,0.028742015,2.05,4.04,1.99,-0.4360939564936519,-0.0955432964579234,-0.4816384935000075,27.0,729.0,17.852941176470587,0.8293,20.7,81.0,1,8.9,0.0,75.0
Delon Wright,delon wright,2021,28.0,1,1,0.075847,0.09361832,8.53,10.52,1.99,0.2476314772462594,0.8056365434038149,0.903101728499048,28.0,784.0,29.22222222222222,0.6432,15.8,76.0,0,25.7,0.0,20.0
Donte DiVincenzo,donte divincenzo,2025,28.0,3,4,0.08491020338791,0.09901833,11.99,13.98,1.99,0.2923779078366408,0.6510737858457788,0.8537361759148677,28.0,784.0,25.90322580645161,0.85,19.4,76.0,1,20.2,0.0,17.0
Joel Embiid,joel embiid,2021,26.0,3,4,0.280920436956251,0.29870638,31.58,33.58,2.0,3.5045709199270614,3.067664132521765,1.947493580557632,26.0,676.0,31.07843137254902,0.6796,35.3,84.0,0,16.2,0.0,3.0
Jaden McDaniels,jaden mcdaniels,2021,20.0,2,3,0.0183542975074279,0.036102004,2.06,4.06,2.0,-0.8806257017028921,-0.9898109424757068,-0.6747742647502544,20.0,400.0,23.984126984126984,0.7683,12.0,81.0,0,6.4,0.0,28.0
Yuta Watanabe,yuta watanabe,2023,,1,1,0.017252,0.03201039,2.35,4.35,2.0,-0.4928318262543622,-0.8673678747714176,,,,,,,81.0,0,,0.0,75.0
Tyrell Terry,tyrell terry,2021,,1,1,0.013503,0.031400032,1.52,3.53,2.01,-0.7194461047101561,0.1618741224799074,,,,,,,74.0,0,,0.0,31.0
Ish Wainright,ish wainright,2023,28.0,1,1,0.014174,0.02895463,1.93,3.94,2.01,0.2449143943606648,-0.2628693251240324,0.0513709305387146,28.0,784.0,15.25,0.6631,12.2,77.0,0,7.4,0.0,75.0
Jahlil Okafor,jahlil okafor,2019,23.0,1,1,0.015599,0.034067925,1.7,3.72,2.02,-1.0678724865924618,-0.1900632207545533,-0.9172149278083208,23.0,529.0,15.847457627118644,0.7195,19.9,82.0,0,6.3,0.0,3.0
Bam Adebayo,bam adebayo,2024,26.0,4,5,0.2478756366119441,0.26225603,34.85,36.87,2.02,1.1261756263416942,1.513437673869884,0.4619866994195699,26.0,676.0,34.028169014084504,0.8439,24.9,81.0,1,18.9,8.0,14.0
Justin Anderson,justin anderson,2020,26.0,1,1,0.001145,0.019580428,0.12,2.14,2.02,-0.9219780250175832,-0.0230997946926872,-1.9932535266422056,26.0,676.0,10.7,0.3063,17.1,78.0,0,10.1,0.0,21.0
Jabari Parker,jabari parker,2021,25.0,1,1,0.010393,0.028408237,1.17,3.19,2.02,0.2587473115216205,-0.2456452081966944,-0.1230434195999691,25.0,625.0,13.8,0.2894,18.9,79.0,0,10.8,0.0,2.0
R.J. Hampton,r.j. hampton,2021,19.0,2,2,0.020487,0.03850957,2.3,4.33,2.03,-1.4530911668839888,-1.338269500590482,-0.6821966528016035,19.0,361.0,25.192307692307693,0.3171,21.5,76.0,0,17.8,0.0,24.0
Evan Fournier,evan fournier,2020,27.0,1,1,0.159886,0.17850287,17.45,19.48,2.03,0.2115891630053491,0.4790034350011076,0.5819667423381745,27.0,729.0,31.454545454545453,0.9433,23.9,78.0,0,16.6,0.0,20.0
De'Anthony Melton,de'anthony melton,2022,23.0,3,4,0.0667178844365371,0.08314337,8.25,10.28,2.03,0.6380995872182288,0.4820465171651956,1.0389343411871548,23.0,529.0,22.698630136986303,0.802,21.3,74.0,0,16.0,0.0,46.0
Aleksej Pokusevski,aleksej pokusevski,2021,19.0,2,3,0.027694,0.04583717,3.11,5.15,2.04,-1.7921241122825022,-2.1178716984065904,-2.0494623850938742,19.0,361.0,24.22222222222222,0.5488,20.5,84.0,0,13.1,0.0,17.0
Taj Gibson,taj gibson,2022,36.0,1,1,0.014848,0.031339947,1.84,3.88,2.04,0.275733544257804,-0.741859091448411,-0.3510657244416569,36.0,1296.0,18.192307692307693,0.6539,10.0,81.0,0,4.9,0.0,26.0
Mfiondu Kabengele,mfiondu kabengele,2021,23.0,1,1,0.000171,0.01831935,0.02,2.06,2.04,-0.7527936075362395,-0.6000098435676527,-0.5705515658625604,23.0,529.0,11.625,0.1845,16.9,82.0,0,9.7,0.0,27.0
Derrick Jones Jr.,derrick jones jr.,2019,21.0,1,1,0.0150756551218618,0.03383726,1.65,3.69,2.04,0.3441777956691783,0.1330048059560092,0.2236097815270419,21.0,441.0,19.216666666666665,0.7317,15.6,78.0,0,4.7,0.0,75.0
Kyle Anderson,kyle anderson,2024,30.0,3,4,0.0624554585028594,0.07698109,8.78,10.82,2.04,0.1152953080364702,0.1209377795498178,0.4124127065938527,30.0,900.0,22.55696202531645,0.9024,14.5,80.0,1,25.0,0.0,30.0
Aaron Holiday,aaron holiday,2023,26.0,2,2,0.0148484866307408,0.029938035,2.02,4.07,2.05,0.3219923577085035,-0.3895261640977702,-0.5584531503851976,26.0,676.0,13.412698412698411,0.6951,13.4,72.0,0,13.0,0.0,23.0
Jaxson Hayes,jaxson hayes,2023,22.0,1,2,0.0159166599275111,0.030918699,2.16,4.21,2.05,0.057725054801628,-0.0095556471765566,-0.5293171109632774,22.0,484.0,12.97872340425532,0.689,15.7,84.0,0,7.7,0.0,8.0
Moritz Wagner,moritz wagner,2022,24.0,2,2,0.015193239254377,0.03183769,1.88,3.94,2.06,-0.4829703581905856,0.1729794442829716,-0.2582403775931576,24.0,576.0,15.238095238095235,0.6006,22.9,83.0,0,15.4,0.0,25.0
Jared Harper,jared harper,2020,,1,1,0.000907,0.01983643,0.1,2.16,2.06,-0.8549691272034199,-0.040615023635494,,,,,,,70.0,0,,0.0,75.0
Frank Jackson,frank jackson,2020,21.0,1,1,0.002291,0.021198308,0.25,2.31,2.06,-1.502721806073667,,-1.494134666063052,21.0,441.0,13.508474576271189,0.7911,21.2,75.0,0,10.8,0.0,31.0
Lonzo Ball,lonzo ball,2019,21.0,1,1,0.0798911489829576,0.098835945,8.72,10.79,2.07,-0.2143197040313211,0.1330048059560092,0.0794949993406842,21.0,441.0,30.27659574468085,0.5732,16.9,77.0,0,23.8,0.0,2.0
Josh Christopher,josh christopher,2023,21.0,1,1,0.018271,0.033491578,2.49,4.56,2.07,-1.026872000878673,-1.4776235534630635,-0.7432072608280716,21.0,441.0,12.28125,0.8262,21.9,76.0,0,14.3,0.0,24.0
Giannis Antetokounmpo,giannis antetokounmpo,2020,25.0,2,2,0.2522273043796958,0.27123085,27.53,29.6,2.07,3.958503365780658,4.997932502245261,3.152655452273089,25.0,625.0,30.428571428571427,0.8761,37.5,83.0,0,34.2,0.0,15.0
Shaquille Harrison,shaquille harrison,2022,28.0,1,1,9.9e-05,0.017021434,0.01,2.1,2.09,-0.1998718871277536,-0.4204293356508983,-1.722364712866559,28.0,784.0,11.5,0.1938,15.0,76.0,0,16.6,0.0,75.0
Jamal Crawford,jamal crawford,2019,38.0,1,1,0.002655,0.021911776,0.29,2.39,2.1,-2.78024689605154,-1.7552721087833134,-1.114742881014797,38.0,1444.0,18.921875,0.7805,20.8,77.0,0,27.7,0.0,75.0
RJ Barrett,rj barrett,2023,22.0,1,4,0.1755900118364076,0.19104189,23.88,25.99,2.11,-0.5148541014966018,-0.6485969710895068,-0.3768610907322993,22.0,484.0,33.9041095890411,0.8768,26.2,78.0,0,12.4,0.0,3.0
Malik Monk,malik monk,2019,20.0,1,1,0.036910390324354,0.056263678,4.03,6.14,2.11,-0.8149679584261978,-0.8473395509588014,-0.5554162788229893,20.0,400.0,17.232876712328768,0.8902,24.6,75.0,0,14.3,0.0,11.0
Ben Sheppard,ben sheppard,2025,23.0,3,3,0.0197631862217438,0.034709133,2.79,4.9,2.11,-1.004557454288843,-0.9177067060407116,-0.6343670165082852,23.0,529.0,19.50793650793651,0.7409,11.3,78.0,1,8.6,0.0,26.0
Jonathan Mogbo,jonathan mogbo,2025,23.0,2,2,0.0138474944762336,0.028916212,1.96,4.08,2.12,-1.105181749626165,-0.776474236906967,-0.5490798456413246,23.0,529.0,20.41269841269841,0.7683,15.0,81.0,1,15.3,0.0,31.0
Onyeka Okongwu,onyeka okongwu,2025,24.0,2,4,0.1062262761316639,0.12121236,15.0,17.12,2.12,0.8402212935620609,0.8265672567440724,0.3663357883307189,24.0,576.0,27.89189189189189,0.8476,17.3,82.0,1,11.4,0.0,6.0
Malik Fitts,malik fitts,2021,,1,1,0.003578,0.022596607,0.4,2.54,2.14,-1.2307744813767665,-0.0920871995359459,,,,,,,77.0,0,,0.0,75.0
Oshae Brissett,oshae brissett,2024,25.0,1,1,0.000853,0.01605097,0.12,2.26,2.14,-0.4090650709774694,-0.1364991757026313,0.269708380425025,25.0,625.0,11.454545454545457,0.7366,14.5,79.0,1,8.7,0.0,75.0
Jason Preston,jason preston,2022,,1,1,0.012644,0.029923113,1.56,3.7,2.14,-0.8793082176785504,,,,,,,,75.0,0,,0.0,33.0
Michael Porter Jr.,michael porter jr.,2019,,1,2,0.0310555250137438,0.050630227,3.39,5.53,2.14,-0.562063430259934,,,,,,,,82.0,0,,0.0,14.0
Keon Johnson,keon johnson,2022,19.0,2,3,0.0216816141684525,0.039029192,2.68,4.83,2.15,-1.8644908969772056,-2.0152154317231736,-1.8444317440702631,19.0,361.0,25.545454545454547,0.2683,21.1,77.0,0,17.0,0.0,21.0
OG Anunoby,og anunoby,2019,21.0,1,1,0.020907,0.040626418,2.28,4.43,2.15,-0.5146438312287596,-0.5465520778144846,-0.7495849130973826,21.0,441.0,20.17910447761194,0.8171,15.5,79.0,0,4.7,0.0,23.0
Andre Drummond,andre drummond,2022,28.0,1,2,0.025878452145081,0.043293916,3.2,5.35,2.15,0.2530856665727775,1.5699626137106235,0.4000375399844793,28.0,784.0,18.40816326530612,0.5264,17.6,83.0,0,16.0,0.0,9.0
Collin Murray-Boyles,collin murray-boyles,2026,20.0,2,3,0.0434611764705882,0.05762356,6.65,8.82,2.17,0.487192599471887,0.522550527249764,0.5768743328938759,20.0,400.0,21.859649122807017,0.6951,15.5,79.0,1,11.7,0.0,75.0
Jalen Suggs,jalen suggs,2023,21.0,3,3,0.0533158850471618,0.069238454,7.25,9.42,2.17,-0.2671035050214062,-0.5161830030715081,0.1690443920799585,21.0,441.0,23.50943396226415,0.6235,20.3,77.0,0,18.0,0.0,5.0
Pat Connaughton,pat connaughton,2022,29.0,3,3,0.0463256075370991,0.06391075,5.73,7.9,2.17,0.0492547674075384,-0.1608129944298301,0.4626011437211969,29.0,841.0,26.01538461538461,0.8349,14.0,77.0,0,6.6,0.0,41.0
Malik Beasley,malik beasley,2021,24.0,2,2,0.128026,0.14731698,14.39,16.56,2.17,-0.2359073137319483,-0.3460485215517992,0.0322081971407501,24.0,576.0,32.810810810810814,0.594,24.0,76.0,0,11.6,0.0,19.0
Ty Jerome,ty jerome,2021,23.0,3,3,0.0214638746063657,0.040700085,2.41,4.58,2.17,-0.6916565190217535,-0.871689397352054,0.1753984332980271,23.0,529.0,23.87878787878788,0.413,18.8,77.0,0,23.7,0.0,24.0
Dalano Banton,dalano banton,2025,25.0,1,1,0.0009345787774063,0.016283365,0.13,2.3,2.17,-0.8088991022440503,-0.1021175161666569,-0.6185730959773664,25.0,625.0,16.71641791044776,0.5939,24.1,80.0,1,21.5,0.0,46.0
Alex Len,alex len,2019,25.0,1,1,0.038116,0.05799242,4.16,6.33,2.17,-0.3987292558192219,-0.0340993457908335,-0.7485771174177577,25.0,625.0,20.05194805194805,0.939,22.1,84.0,0,8.6,0.0,5.0
Cam Thomas,cam thomas,2022,20.0,2,3,0.0172913347620395,0.034957677,2.14,4.32,2.18,-1.0944630556863026,-1.2301850666023249,-0.7519488157763853,20.0,400.0,17.55223880597015,0.8171,22.1,75.0,0,9.7,0.0,27.0
Raul Neto,raul neto,2022,29.0,1,1,0.014848,0.03250412,1.84,4.02,2.18,-0.3753929391867094,-0.3091651894132976,-0.2490598487839653,29.0,841.0,19.6,0.811,18.4,74.0,0,22.9,0.0,47.0
Wesley Matthews,wesley matthews,2022,35.0,2,2,0.014848,0.03254213,1.84,4.02,2.18,-0.2168577953915235,-1.2116410422293915,-0.3673866645468877,35.0,1225.0,20.448979591836736,0.6971,10.7,77.0,0,4.6,0.0,75.0
Eric Gordon,eric gordon,2023,34.0,1,2,0.0234996654928283,0.03959778,3.2,5.39,2.19,-0.5148541014966018,-0.7810109391075054,0.154363441983642,34.0,1156.0,24.863636363636363,0.4085,17.0,75.0,0,12.2,0.0,7.0
Jordan Hawkins,jordan hawkins,2025,22.0,3,3,0.0335768511699053,0.049143918,4.74,6.94,2.2,-1.3399717720799165,-1.771328754172703,-1.4641796012027497,22.0,484.0,23.589285714285715,0.7332,21.0,77.0,1,7.3,0.0,14.0
Isaiah Stewart,isaiah stewart,2022,20.0,3,3,0.0277653147871092,0.045592796,3.43,5.64,2.21,-1.1624066887413824,-0.4884240916849875,-1.184453728564998,20.0,400.0,25.5774647887324,0.8521,14.6,80.0,0,6.9,0.5,16.0
Draymond Green,draymond green,2023,32.0,1,4,0.1641028150065063,0.18032223,22.32,24.53,2.21,1.3900727069571248,0.8655279675510869,0.4538548239484968,32.0,1024.0,31.46575342465753,0.7671,13.2,78.0,0,27.8,5.0,35.0
Ricky Rubio,ricky rubio,2019,28.0,1,3,0.148433205057724,0.16868365,16.2,18.41,2.21,2.040745672117865,0.7512901674193272,0.4886600452683849,28.0,784.0,27.926470588235293,0.8293,22.7,74.0,0,32.1,0.0,5.0
Jared Harper,jared harper,2021,,1,1,0.000853,0.020557107,0.1,2.31,2.21,-0.8417202817391283,-0.2456452081966944,,,,,,,70.0,0,,0.0,75.0
James Wiseman,james wiseman,2024,22.0,1,1,0.0159166571826898,0.031729147,2.24,4.46,2.22,-1.328047178527673,-1.4821923508858883,-1.164785307930701,22.0,484.0,17.317460317460316,,16.3,83.0,1,7.3,0.0,2.0
Landry Shamet,landry shamet,2024,26.0,1,1,0.009557643611119,0.025297347,1.34,3.56,2.22,-0.8253099079266792,-0.7742407239416532,-0.7243504699357445,26.0,676.0,15.782608695652174,0.5951,18.8,77.0,1,10.2,0.0,26.0
James Wiseman,james wiseman,2025,23.0,1,1,0.0080163305195173,0.023702389,1.13,3.35,2.22,-1.026918408808248,-0.1530977738326377,0.6585233181527134,23.0,529.0,5.0,0.2951,42.2,83.0,1,0.0,0.0,2.0
Nickeil Alexander-Walker,nickeil alexander-walker,2022,23.0,1,3,0.0405129837046621,0.05843538,5.01,7.23,2.22,-0.7717307986746742,-0.6553203110413884,-0.8077120278025901,23.0,529.0,26.34,0.6037,24.8,77.0,0,16.1,0.0,17.0
Nicolas Batum,nicolas batum,2024,35.0,1,1,0.0332034028508834,0.04902576,4.67,6.89,2.22,-0.4252824022871789,-0.6572239260996309,0.0937636891245025,35.0,1225.0,25.87719298245614,0.7768,8.7,79.0,1,10.6,0.0,25.0
Al Horford,al horford,2025,38.0,1,2,0.0402597586539006,0.056045342,5.68,7.91,2.23,0.2588364760575335,0.7722329112020022,0.300317200511479,38.0,1444.0,27.65,0.7573,13.8,80.0,1,10.4,0.0,3.0
Danny Green,danny green,2023,35.0,1,1,0.00147,0.017896734,0.2,2.43,2.23,-0.3606981748009245,-0.4989116159387256,0.4143291890737987,35.0,1225.0,11.875,0.4439,21.4,78.0,0,6.4,0.0,46.0
Jeremy Sochan,jeremy sochan,2023,19.0,2,3,0.0390892582762955,0.05559177,5.32,7.56,2.24,-1.3461949918911476,-0.4355831964518568,-0.5087637808284343,19.0,361.0,26.035714285714285,0.6829,19.8,80.0,0,13.6,0.0,9.0
Jemerrio Jones,jemerrio jones,2019,23.0,1,1,0.001823,0.022329412,0.2,2.44,2.24,-0.593676496280717,0.0048916229500964,0.6166500965807447,23.0,529.0,23.83333333333333,0.0732,11.3,77.0,0,11.4,0.0,75.0
Oshae Brissett,oshae brissett,2021,22.0,1,2,0.015137,0.035073422,1.7,3.94,2.24,0.1142414659419262,0.2150288177855512,0.9414507334310186,22.0,484.0,24.714285714285715,0.259,15.6,79.0,0,4.6,0.0,75.0
DeAndre' Bembry,deandre' bembry,2021,26.0,1,1,0.017252,0.037307594,1.94,4.19,2.25,-0.1858860594928234,-0.5822916117991048,-0.1140747007045888,26.0,676.0,19.058823529411764,0.6901,14.6,77.0,0,15.6,0.0,21.0
Wayne Ellington,wayne ellington,2021,33.0,1,1,0.0235,0.043543905,2.64,4.89,2.25,-0.2692548165580316,-0.5645733800305569,0.1228231846009707,33.0,1089.0,22.0,0.4988,16.7,76.0,0,10.2,0.0,28.0
Jordan Goodwin,jordan goodwin,2023,,1,1,0.0141735173245307,0.030694267,1.93,4.18,2.25,-0.2946313490742058,0.3876862568774394,,,,,,,75.0,0,,0.0,75.0
Noah Clowney,noah clowney,2025,20.0,3,3,0.0240683247408078,0.040032648,3.4,5.65,2.25,-1.0157379315485455,-0.9508026830434696,-1.4477539238505943,20.0,400.0,22.65217391304348,0.4558,19.0,82.0,1,5.9,0.0,21.0
Facundo Campazzo,facundo campazzo,2022,30.0,1,1,0.003755,0.021941476,0.46,2.71,2.25,-0.4999562664543555,-0.7604031158213445,-0.4955740482900536,30.0,900.0,18.21538461538461,0.7927,14.7,70.0,0,24.1,0.0,75.0
Bobby Portis,bobby portis,2023,27.0,2,6,0.0860956616992964,0.1025982,11.71,13.96,2.25,0.2779478072240242,0.3992005149659611,0.2964298667618423,27.0,729.0,25.97142857142857,0.8512,21.7,81.0,0,8.7,0.0,22.0
Ivan Rabb,ivan rabb,2019,21.0,1,1,0.003406,0.024011973,0.37,2.62,2.25,-0.1036739729585806,-0.4240090332001332,-0.1553213940119124,21.0,441.0,14.714285714285714,0.5976,17.2,82.0,0,12.0,0.0,75.0
Corey Kispert,corey kispert,2022,22.0,2,3,0.028731874974728,0.046947293,3.55,5.81,2.26,-0.6868012573558246,-0.8098538474825003,-0.1208724650407994,22.0,484.0,23.38961038961039,0.939,14.6,78.0,0,6.7,0.0,15.0
Naz Reid,naz reid,2022,22.0,2,2,0.0156134487080991,0.03386183,1.93,4.19,2.26,0.2474236971515208,0.0988033467912379,-0.4758529123295664,22.0,484.0,15.77922077922078,0.8089,21.4,81.0,0,8.7,0.0,75.0
Bruce Brown,bruce brown,2021,24.0,1,1,0.0421308911701389,0.06227324,4.74,7.0,2.26,0.4699481627534814,0.9414763202960156,0.3111662814039549,24.0,576.0,22.32307692307692,0.8185,15.9,76.0,0,9.8,0.0,42.0
Jaden Springer,jaden springer,2025,22.0,1,1,0.0005009064642229,0.016473196,0.07,2.33,2.26,-0.2219240461096717,-0.0988858576838504,-0.7247082419451396,22.0,484.0,13.176470588235292,0.2598,14.1,76.0,1,14.0,0.0,28.0
Facundo Campazzo,facundo campazzo,2021,29.0,2,2,0.026465,0.046659965,2.98,5.25,2.27,0.0364306260143985,0.0910011954057158,0.0866390428506437,29.0,841.0,21.923076923076923,0.7927,13.1,70.0,0,20.2,0.0,75.0
Joe Harris,joe harris,2019,27.0,1,1,0.070246,0.09105486,7.67,9.94,2.27,-0.4935684538815708,0.0383124532994649,0.4936990236665094,27.0,729.0,30.17105263157895,0.9268,17.0,78.0,0,11.9,0.0,33.0
Clint Capela,clint capela,2019,24.0,1,6,0.1364903060289536,0.15742242,14.9,17.18,2.28,0.7604164982761542,1.130059578045504,0.8900986576522951,24.0,576.0,33.56716417910448,0.8171,18.2,82.0,0,7.1,0.0,25.0
Patrick Patterson,patrick patterson,2021,31.0,1,1,0.006557,0.026827225,0.74,3.02,2.28,-0.6194035962319062,-0.4051092941136257,-0.2220085936179575,31.0,961.0,15.31578947368421,0.6312,14.0,80.0,0,6.7,0.0,14.0
Al-Farouq Aminu,al-farouq aminu,2019,28.0,1,1,0.084827,0.105701104,9.26,11.54,2.28,0.9975144934320268,0.8682630736421171,0.8931220446911697,28.0,784.0,28.296296296296298,0.9878,13.7,81.0,0,6.0,0.0,8.0
Gary Trent Jr.,gary trent jr.,2019,,1,1,0.0129819681143485,0.033856705,1.42,3.7,2.28,-1.5051865665466264,-0.5576923545976074,,,,,,,77.0,0,,0.0,37.0
George Hill,george hill,2022,35.0,1,1,0.032348,0.050836686,4.0,6.29,2.29,0.2870574831003173,-0.2658957992097863,0.0916397759127248,35.0,1225.0,23.203703703703702,0.5444,11.7,76.0,0,12.4,0.0,26.0
Anthony Davis,anthony davis,2020,26.0,1,5,0.3,0.320975,32.74,35.03,2.29,2.551316511683224,3.4040466684498427,2.273532997452738,26.0,676.0,34.37096774193548,0.7943,29.3,82.0,0,15.1,0.0,1.0
Bismack Biyombo,bismack biyombo,2021,28.0,1,1,0.013505550910029,0.03398265,1.52,3.82,2.3,-0.7361198561231977,-1.4032363504084913,-1.431239313650253,28.0,784.0,20.439393939393938,0.755,11.5,80.0,0,8.3,0.0,7.0
J.P. Macura,j.p. macura,2019,,1,1,0.000973,0.022102624,0.11,2.41,2.3,-0.7991614254158065,-0.0842305913148863,,,,,,,76.0,0,,0.0,75.0
Luc Mbah a Moute,luc mbah a moute,2019,32.0,1,1,0.002655,0.023775129,0.29,2.59,2.3,0.2546074419436265,-0.3126062653689046,-1.1073523793642146,32.0,1024.0,15.25,0.0488,15.4,80.0,0,4.5,0.0,75.0
Amir Coffey,amir coffey,2025,27.0,1,1,0.016261642399864,0.032626294,2.3,4.61,2.31,-1.3679229652291724,-0.775109255599047,-0.5020139624591871,27.0,729.0,24.27777777777778,0.8171,15.3,79.0,1,6.1,0.0,75.0
Saddiq Bey,saddiq bey,2025,27.0,2,3,0.0433307178063565,0.059747655,6.12,8.44,2.32,-0.0486266485842837,,,27.0,729.0,,,,80.0,1,,0.0,19.0
De'Anthony Melton,de'anthony melton,2023,24.0,4,4,0.0588144477690944,0.075966425,8.0,10.33,2.33,0.756932293742736,0.0652870303988339,0.4554358493434846,24.0,576.0,27.92207792207792,0.8634,16.4,74.0,0,12.9,0.0,46.0
Aaron Holiday,aaron holiday,2022,25.0,1,2,0.0148484897497068,0.03374738,1.84,4.17,2.33,-0.1489141623364439,-0.8593045791436562,-0.8515745543353975,25.0,625.0,16.170731707317074,0.6748,18.0,72.0,0,17.1,0.0,23.0
Mason Plumlee,mason plumlee,2025,34.0,2,2,0.016261642399864,0.032799035,2.3,4.63,2.33,0.2476559987978311,0.4997191619127441,-0.3617639481446297,34.0,1156.0,17.56756756756757,0.7561,10.8,84.0,1,13.6,0.0,22.0
Derrick White,derrick white,2023,28.0,3,4,0.1349581535204123,0.15210773,18.36,20.69,2.33,1.3900727069571248,1.406698097711603,0.8915729975894383,28.0,784.0,28.28048780487805,0.7671,17.7,76.0,0,19.4,0.0,29.0
Luka Dončić,luka doncic,2024,24.0,3,7,0.3060854411471818,0.32272205,43.03,45.37,2.34,2.6884452091770403,3.912282029631344,2.045775475996097,24.0,576.0,37.48571428571429,0.8268,36.0,80.0,1,44.3,16.0,3.0
Mason Plumlee,mason plumlee,2024,33.0,1,2,0.0148484863572993,0.03155784,2.09,4.44,2.35,-0.2847321976030301,-0.3061735325735637,-0.619471386847811,33.0,1089.0,14.652173913043478,0.6634,15.1,84.0,1,10.8,0.0,22.0
Luka Dončić,luka doncic,2023,23.0,2,7,0.2945443718249388,0.31180668,40.06,42.41,2.35,2.133324496382712,2.6962950036260254,1.313706778051213,23.0,529.0,36.22727272727273,0.8012,37.6,80.0,0,42.3,12.0,3.0
Zion Williamson,zion williamson,2023,22.0,1,5,0.25,0.2673882,34.01,36.37,2.36,1.3460281564726455,1.660011775659079,1.3329049435617806,22.0,484.0,32.96551724137931,,30.4,78.0,0,24.4,0.0,1.0
Mfiondu Kabengele,mfiondu kabengele,2020,22.0,1,1,0.003266,0.024987282,0.36,2.73,2.37,-0.4864201892255205,-0.2624745902443801,0.3935833591623849,22.0,484.0,5.333333333333333,0.1667,23.7,82.0,0,4.9,0.0,27.0
Svi Mykhailiuk,svi mykhailiuk,2020,22.0,1,4,0.0152451988271944,0.036970653,1.66,4.03,2.37,-0.3468183187793466,-0.0698070718735053,0.0822005161810971,22.0,484.0,22.589285714285715,0.6645,17.1,79.0,0,12.3,0.0,47.0
Charles Bassey,charles bassey,2025,24.0,1,1,0.0018691575548127,0.018631829,0.26,2.63,2.37,-0.2610557165186302,0.4480980946236905,-0.6694295200869245,24.0,576.0,10.444444444444445,,17.5,82.0,1,6.6,0.0,53.0
Obi Toppin,obi toppin,2023,24.0,1,1,0.0500144242433153,0.067488484,6.8,9.18,2.38,0.4210925962985817,-0.1534838732830769,0.0113935741225915,24.0,576.0,15.671641791044776,0.8232,19.5,81.0,0,9.2,0.0,8.0
Alex Len,alex len,2020,26.0,1,1,0.020689,0.04251759,2.26,4.64,2.38,-0.0899508771583865,-0.5310414340340843,-0.2583137778067561,26.0,676.0,18.625,0.6994,18.6,84.0,0,8.7,0.0,5.0
Denzel Valentine,denzel valentine,2021,27.0,1,1,0.008031,0.029201414,0.9,3.28,2.38,-0.7416777732608784,-0.1688662038663201,-0.1852059195300181,27.0,729.0,16.70967741935484,,19.5,76.0,0,14.0,0.0,14.0
Jake LaRavia,jake laravia,2026,24.0,2,2,0.0392156862745098,0.054786064,6.0,8.38,2.38,-0.3882833672769144,-0.5730510474705904,-0.0600594850900589,24.0,576.0,25.134146341463413,0.7573,14.4,79.0,1,9.3,0.0,19.0
P.J. Tucker,p.j. tucker,2024,38.0,1,1,0.001756,0.018780954,0.25,2.64,2.39,-0.9982947752302472,-1.6226125082963152,-1.174241618700924,38.0,1444.0,15.0,0.6183,5.5,77.0,1,4.5,0.0,35.0
Isaiah Joe,isaiah joe,2023,23.0,2,2,0.0146833062541813,0.032258827,2.0,4.39,2.39,0.3219923577085035,0.5776715153380462,0.5378750306535691,23.0,529.0,19.10958904109589,0.7463,17.7,76.0,0,8.7,0.0,49.0
Robin Lopez,robin lopez,2022,33.0,1,1,0.014848,0.034231048,1.84,4.23,2.39,-0.5339280829818953,-0.8716672620589452,-1.4183872034066374,33.0,1089.0,17.0,0.6626,18.9,85.0,0,14.4,0.0,15.0
Raul Neto,raul neto,2021,28.0,1,1,0.018587,0.039893705,2.09,4.48,2.39,-0.1858860594928234,0.3685868264462997,0.2174586322556721,28.0,784.0,21.921875,0.7055,15.8,74.0,0,14.0,0.0,47.0
Bennedict Mathurin,bennedict mathurin,2024,21.0,3,3,0.0515386803994651,0.06858918,7.25,9.64,2.39,-1.501032045831241,-1.1428436371440236,-0.4005434647735452,21.0,441.0,26.06779661016949,0.8064,23.4,77.0,1,9.8,1.0,6.0
Patrick Beverley,patrick beverley,2023,,1,1,0.014848,0.032444086,2.02,4.41,2.39,-0.2671035050214062,0.341629224523353,,,,,,,74.0,0,,0.0,42.0
Rajon Rondo,rajon rondo,2019,32.0,1,1,0.0235,0.045344897,2.56,4.95,2.39,-1.494648877873032,-0.936461765223784,-0.3951767657626335,32.0,1024.0,29.76086956521739,0.561,17.4,73.0,0,35.5,0.0,21.0
Naji Marshall,naji marshall,2023,,2,2,0.0141939921041603,0.031864826,1.93,4.33,2.4,-0.509348532686042,-0.4413403254961175,,,,,,,78.0,0,,0.0,75.0
Jared Butler,jared butler,2023,,1,1,0.00919,0.026899576,1.25,3.66,2.41,-0.7460879915401178,-0.4816402288059431,,,,,,,75.0,0,,0.0,40.0
Avery Bradley,avery bradley,2019,28.0,1,1,0.043678,0.06577944,4.77,7.18,2.41,-1.104754396950042,-1.827683907873612,-0.8997464693614894,28.0,784.0,29.857142857142858,0.5976,14.2,75.0,0,8.8,0.0,19.0
Brandon Ingram,brandon ingram,2023,25.0,4,8,0.2487365921438601,0.2665004,33.83,36.25,2.42,1.3900727069571248,0.583428644382307,0.5618162723491005,25.0,625.0,34.17777777777778,0.6244,30.8,80.0,0,28.1,0.0,2.0
Payton Pritchard,payton pritchard,2021,23.0,2,3,0.0190140018147205,0.04056384,2.14,4.56,2.42,-0.25258106514499,-0.5350429937496437,0.2211698262813467,23.0,529.0,19.21212121212121,0.8049,16.7,73.0,0,13.3,0.0,26.0
Serge Ibaka,serge ibaka,2020,30.0,1,1,0.084827,0.10714224,9.26,11.69,2.43,0.6471469987974119,-0.2332825420063688,-0.0925881898582952,30.0,900.0,27.0,0.8158,24.0,83.0,0,8.6,0.0,24.0
DeAndre' Bembry,deandre' bembry,2020,25.0,1,1,0.015917,0.038236335,1.74,4.17,2.43,-0.3859068425042753,-1.0564983023182883,-0.3997631565830792,25.0,625.0,21.27906976744186,0.7483,14.0,77.0,0,12.3,0.0,21.0
Cam Spencer,cam spencer,2026,25.0,2,4,0.0157587581699346,0.031697985,2.41,4.85,2.44,-0.3346827978841306,-0.2977173568170395,0.7006939927173549,25.0,625.0,23.80555555555556,0.6631,17.2,75.0,1,33.1,0.0,53.0
Grayson Allen,grayson allen,2021,25.0,1,1,0.0360693063141601,0.05775376,4.05,6.49,2.44,-0.0024747939493652,0.0378465001000721,0.3458040923102509,25.0,625.0,25.18,0.5559,16.8,75.0,0,11.5,0.0,21.0
Justin Anderson,justin anderson,2019,25.0,1,1,0.002698,0.024993896,0.29,2.73,2.44,-0.3881915671456276,-0.4462895867663789,-0.5611271210075304,25.0,625.0,9.645833333333334,0.5854,17.2,78.0,0,6.9,0.0,21.0
Nikola Jokić,nikola jokic,2021,25.0,3,4,0.2714112388136709,0.2931319,30.51,32.95,2.44,2.648651680724257,4.095321575097544,2.4877815774620875,25.0,625.0,34.55555555555556,0.9383,29.6,83.0,0,40.4,3.0,41.0
Dwight Howard,dwight howard,2019,33.0,1,1,0.0235,0.045817386,2.56,5.0,2.44,-0.1774377936737409,-0.1343618368389391,-0.8288648398945396,33.0,1089.0,25.55555555555556,0.1098,19.6,82.0,0,2.6,0.0,1.0
Ayo Dosunmu,ayo dosunmu,2024,24.0,2,3,0.0497908783110934,0.06715391,7.0,9.44,2.44,-0.4523112878033614,-0.86200332232317,0.0633888727110572,24.0,576.0,29.105263157894736,,17.2,76.0,1,15.6,0.0,38.0
Trey Murphy III,trey murphy iii,2026,25.0,2,4,0.1764705882352941,0.19257307,27.0,29.46,2.46,0.0524324255081964,0.5306173110428204,0.7860986888282863,25.0,625.0,35.46969696969697,0.7354,22.7,80.0,1,16.2,0.0,17.0
Luke Kornet,luke kornet,2021,25.0,1,1,0.0053970323980998,0.027268836,0.61,3.07,2.46,0.4421585770650787,0.2622774358350123,-0.3509725860101486,25.0,625.0,14.11111111111111,0.372,13.7,85.0,0,10.9,0.0,75.0
Frank Kaminsky,frank kaminsky,2020,26.0,1,1,0.014848,0.03746285,1.62,4.09,2.47,-0.4920042640433675,0.0469611210785399,-0.5056074285736001,26.0,676.0,19.923076923076923,0.5535,21.0,84.0,0,14.3,0.0,9.0
Robert Franks,robert franks,2020,,1,1,0.001815,0.024614416,0.2,2.69,2.49,-0.8940576509283485,,,,,,,,79.0,0,,0.0,75.0
Aaron Gordon,aaron gordon,2019,23.0,1,3,0.1820014293567894,0.20474368,19.86,22.35,2.49,0.7867607199601402,0.2945388193112904,0.4671604041030542,23.0,529.0,33.756410256410255,0.9512,21.8,80.0,0,16.6,0.0,4.0
Mouhamed Gueye,mouhamed gueye,2024,,1,1,0.0134567459527128,0.031217901,1.89,4.39,2.5,-1.3442645098373829,-0.0896924565658223,,,,,,,83.0,1,,0.0,39.0
Josh Green,josh green,2023,22.0,1,1,0.0350338477146911,0.05348078,4.77,7.27,2.5,-0.3717093124220443,-0.4701259707174215,0.0238159165117823,22.0,484.0,25.65,0.7061,14.6,78.0,0,9.7,0.0,18.0
Joshua Primo,joshua primo,2023,20.0,1,1,0.012971,0.03135298,1.76,4.26,2.5,-1.3517005607017072,-0.1592410023273377,-1.2891127436403296,20.0,400.0,23.25,0.2591,18.2,76.0,0,24.4,0.0,12.0
Taj Gibson,taj gibson,2023,37.0,1,1,0.00256,0.020969227,0.35,2.85,2.5,-0.850693798940756,-0.6946540034435933,-0.7506606662615862,37.0,1369.0,9.79591836734694,0.5988,15.3,81.0,0,9.6,0.0,26.0
Marcus Sasser,marcus sasser,2024,23.0,2,3,0.0195968361453324,0.037486833,2.76,5.27,2.51,-1.2793951845985447,-1.2715621147702485,-0.6687588248017032,23.0,529.0,19.028169014084508,0.8659,19.9,73.0,1,25.4,0.0,25.0
Trayce Jackson-Davis,trayce jackson-davis,2024,23.0,1,1,0.0134567459527128,0.031381175,1.89,4.41,2.52,0.0125855430749769,1.0863263617465024,0.946264432803744,23.0,529.0,16.61764705882353,0.8293,16.4,81.0,1,10.4,0.0,57.0
Monte Morris,monte morris,2022,26.0,2,3,0.0737940236949577,0.09417118,9.12,11.64,2.52,0.4512545963167598,0.6860307852674634,0.6458717003195162,26.0,676.0,29.85333333333333,0.832,17.4,74.0,0,21.4,0.0,51.0
AJ Griffin,aj griffin,2024,20.0,1,1,0.001778,0.019750735,0.25,2.78,2.53,-0.9820774439205376,-0.8093457632942599,-2.9156355747811764,20.0,400.0,8.55,0.4817,17.3,78.0,1,3.7,0.0,16.0
Luke Kornet,luke kornet,2024,28.0,1,1,0.0148484863572993,0.032885004,2.09,4.62,2.53,0.5910036931212815,0.7352759682204352,0.8110105333023653,28.0,784.0,15.603174603174605,,11.0,85.0,1,8.9,0.0,75.0
Malik Fitts,malik fitts,2022,,1,3,0.00449,0.024952132,0.56,3.09,2.53,-0.8679842788360371,-0.6615016524990329,,,,,,,77.0,0,,0.0,75.0
Cam Whitmore,cam whitmore,2024,19.0,2,3,0.0240353372976356,0.04210662,3.38,5.92,2.54,-0.2036455410544827,0.3608222151259637,0.3768799024875582,19.0,361.0,18.72340425531915,0.5732,27.1,78.0,1,6.0,0.0,20.0
Killian Hayes,killian hayes,2023,21.0,1,1,0.0545059586387396,0.07314585,7.41,9.95,2.54,-1.2526003221116289,-1.4027808758876734,-0.674771447302166,21.0,441.0,28.34210526315789,0.7683,20.5,76.0,0,32.3,0.0,7.0
Tyrese Maxey,tyrese maxey,2021,20.0,2,3,0.0231547671998149,0.045709338,2.6,5.14,2.54,-0.202559810905865,-0.7771921612531318,-0.0512936684369275,20.0,400.0,15.327868852459016,0.7439,23.0,74.0,0,19.9,0.0,21.0
DeMar DeRozan,demar derozan,2025,35.0,2,3,0.1739986403036655,0.1920427,24.57,27.12,2.55,0.3426900555053018,0.5106600895131757,0.7431787321984373,35.0,1225.0,35.94805194805195,0.939,25.0,78.0,1,18.7,0.0,9.0
Jarrett Allen,jarrett allen,2023,24.0,3,5,0.1470361194227362,0.16575634,20.0,22.55,2.55,1.3570392940937654,1.1533844197641276,0.6438037321177599,24.0,576.0,32.64705882352941,0.7439,16.4,81.0,0,7.5,0.0,22.0
Thon Maker,thon maker,2020,22.0,1,1,0.002834,0.026297735,0.31,2.87,2.56,-1.1341728680957677,-0.5602334822720957,-0.7671431220547649,22.0,484.0,12.933333333333334,0.6535,16.1,84.0,0,8.0,0.0,10.0
Jae Crowder,jae crowder,2024,33.0,1,1,0.011776,0.030022085,1.66,4.22,2.56,-0.733411697171659,-0.4758478894444961,-0.5859444668442912,33.0,1089.0,23.12,0.5341,11.5,78.0,1,7.2,0.0,34.0
Derrick Jones Jr.,derrick jones jr.,2023,25.0,2,2,0.0247020680630196,0.04356502,3.36,5.93,2.57,1.0707497159446504,-0.1074268409289904,0.2264130278409487,25.0,625.0,13.953125,0.7183,14.5,78.0,0,5.1,0.0,75.0
Isaac Okoro,isaac okoro,2024,23.0,2,4,0.0724470509574074,0.09084077,10.19,12.77,2.58,0.4126130487144773,-0.0311840576448112,0.3316042327392153,23.0,529.0,27.347826086956523,0.8622,13.9,76.0,1,9.5,0.0,5.0
Alex Len,alex len,2024,30.0,1,1,0.005291,0.023591157,0.74,3.32,2.58,0.6342499099471735,0.6007066507021095,-0.0698591426875469,30.0,900.0,9.25,0.4829,11.8,84.0,1,14.4,0.0,5.0
Garrison Mathews,garrison mathews,2025,28.0,1,1,0.0030403730666817,0.021329453,0.43,3.01,2.58,-0.3560897732261011,-0.2328801036524549,-0.508015652260936,28.0,784.0,17.659574468085108,,15.9,77.0,1,9.3,0.0,75.0
Jose Alvarado,jose alvarado,2022,23.0,2,2,0.012644195544054,0.033507776,1.56,4.14,2.58,-0.1715620400214704,1.6626827355752911,1.6445092230083178,23.0,529.0,15.444444444444445,0.6585,18.4,72.0,0,26.9,0.0,75.0
Jalen Brunson,jalen brunson,2025,28.0,1,4,0.247464739958076,0.2657779,34.94,37.53,2.59,1.7570204288576614,1.3041992622663354,0.8161466450512813,28.0,784.0,35.4,0.8439,29.5,74.0,1,32.3,3.0,33.0
Danilo Gallinari,danilo gallinari,2020,31.0,1,2,0.17867,0.20237647,19.5,22.09,2.59,1.2781474532141182,1.1095516769421525,1.238395438352781,31.0,961.0,29.580645161290324,0.8492,24.6,82.0,0,10.3,0.0,6.0
Yante Maten,yante maten,2019,,1,1,0.000916,0.024628583,0.1,2.69,2.59,-1.2206689723595796,-0.1343618368389391,,,,,,,79.0,0,,0.0,75.0
James Johnson,james johnson,2021,33.0,1,1,0.0235,0.046613257,2.64,5.24,2.6,-0.413760662137726,-0.5232308392372784,-0.5974577225487009,33.0,1089.0,24.5,0.3266,18.0,79.0,0,12.2,0.0,16.0
Ziaire Williams,ziaire williams,2025,23.0,2,3,0.0442609483881933,0.062734306,6.25,8.86,2.61,-0.3616800118559523,-0.6647122341704946,-0.2673163033697363,23.0,529.0,24.46031746031746,0.661,18.2,81.0,1,8.5,0.0,10.0
Isaac Bonga,isaac bonga,2020,20.0,1,1,0.015245,0.039137267,1.66,4.27,2.61,0.5689699513475545,0.5432259411247325,-0.2356559825794274,20.0,400.0,18.939393939393938,0.6735,11.0,80.0,0,7.9,0.0,39.0
Jordan Walsh,jordan walsh,2026,21.0,2,2,0.0157268300653594,0.03280837,2.41,5.02,2.61,0.3502133665792173,0.0569552497178691,0.4050359684297125,21.0,441.0,17.823529411764707,0.6268,11.7,78.0,1,5.8,0.0,38.0
Pat Connaughton,pat connaughton,2019,26.0,1,1,0.0157875206157229,0.039723836,1.72,4.34,2.62,-0.1300181946425665,0.144145082739132,0.6280717809498265,26.0,676.0,20.672131147540984,0.7439,13.3,77.0,0,12.6,0.0,41.0
Jaren Jackson Jr.,jaren jackson jr.,2021,,1,1,0.0816674079740957,0.10495364,9.18,11.8,2.62,0.4088110742389955,0.6993271527925274,,,,,,,82.0,0,,0.0,4.0
Stanley Johnson,stanley johnson,2021,24.0,1,1,0.001068,0.024348728,0.12,2.74,2.62,-0.8972994531159337,-0.6413523843609312,-0.6620943518291996,24.0,576.0,16.491803278688526,0.5932,13.4,78.0,0,12.0,0.0,8.0
Cameron Johnson,cameron johnson,2020,23.0,2,3,0.0388048378229796,0.06283476,4.24,6.86,2.62,0.0161465443807056,0.1111836272021648,0.2022868308859389,23.0,529.0,22.017543859649123,0.7917,15.7,80.0,0,7.7,0.0,11.0
Mike Muscala,mike muscala,2019,27.0,1,2,0.018587,0.042614978,2.03,4.65,2.62,0.1544993995444804,-0.4295791715916946,-0.4200357258600473,27.0,729.0,22.148936170212767,0.5732,14.3,82.0,0,7.9,0.0,44.0
Christian Braun,christian braun,2023,21.0,2,3,0.0216813580255989,0.041011993,2.95,5.58,2.63,-0.509348532686042,-1.1609814560287193,-0.4493623981310311,21.0,441.0,15.539473684210526,0.9268,13.0,78.0,0,6.4,0.0,21.0
Reggie Jackson,reggie jackson,2022,31.0,1,1,0.087961,0.10931219,10.88,13.52,2.64,-0.0413367433325677,-0.612050920837877,-0.2755813764549651,31.0,961.0,31.16,0.7413,27.6,74.0,0,24.6,0.0,24.0
Luca Vildoza,luca vildoza,2021,,1,1,0.000381,0.02390858,0.04,2.69,2.65,-1.0473632158333086,,,,,,,,,0,,0.0,75.0
Shabazz Napier,shabazz napier,2019,27.0,1,1,0.016908,0.04122414,1.85,4.5,2.65,0.3757908616899613,0.84041238168431,0.3616777896356503,27.0,729.0,17.553571428571427,0.6829,24.0,72.0,0,22.2,0.0,75.0
Monte Morris,monte morris,2025,29.0,1,1,0.0022745453515381,0.021115204,0.32,2.98,2.66,0.2476559987978311,-0.0733472900013417,-0.3939835460277037,29.0,841.0,12.688888888888888,0.5244,18.1,74.0,1,18.1,0.0,51.0
Jevon Carter,jevon carter,2025,29.0,1,1,0.0061682057673786,0.025004297,0.87,3.53,2.66,0.1134902716814017,0.3237227471534227,-0.518123761400724,29.0,841.0,8.916666666666666,,21.0,72.0,1,17.2,0.0,32.0
Jakob Poeltl,jakob poeltl,2019,23.0,1,1,0.0344043063954553,0.05879437,3.75,6.42,2.67,0.4284793050579329,0.7958512745518185,0.2370470572553736,23.0,529.0,16.532467532467532,0.939,13.1,84.0,0,10.0,0.0,9.0
Jared Dudley,jared dudley,2019,33.0,1,1,0.0235,0.047956858,2.56,5.23,2.67,0.207187842912452,-0.2736152966279747,-0.1129939754676675,33.0,1089.0,20.67796610169492,0.7195,10.4,78.0,0,9.2,0.0,22.0
Dylan Windler,dylan windler,2020,,2,3,0.019584,0.044039518,2.14,4.81,2.67,-0.8549691272034199,,,,,,,,79.0,0,,0.0,26.0
Karl-Anthony Towns,karl-anthony towns,2019,23.0,1,5,0.25,0.27443177,27.28,29.95,2.67,1.935368785381922,2.2106664260084203,0.8783410413900048,23.0,529.0,33.05194805194805,0.939,28.9,84.0,0,17.2,0.0,1.0
Grayson Allen,grayson allen,2023,27.0,2,2,0.065614868292396,0.08537709,8.92,11.61,2.69,0.3660369081929827,0.3186007083463097,0.5078355481487986,27.0,729.0,27.38888888888889,0.8024,14.6,75.0,0,10.9,0.0,21.0
Gabe Vincent,gabe vincent,2022,25.0,2,2,0.0146834094860701,0.036433082,1.82,4.51,2.69,-0.4942942970330989,-0.364797262532098,-0.1643949719880812,25.0,625.0,23.36764705882353,0.747,17.8,74.0,0,19.4,0.0,75.0
Dwight Powell,dwight powell,2025,33.0,3,3,0.0283270069684437,0.047390584,4.0,6.69,2.69,0.946435827529234,-0.4048314135227915,-0.5408670069652468,33.0,1089.0,10.018181818181818,0.7512,7.6,82.0,1,12.5,0.0,45.0
Cameron Payne,cameron payne,2020,25.0,1,1,0.0181144493311343,0.042971745,1.98,4.69,2.71,-0.3635705432328874,0.0294458921357331,1.5445993567106795,25.0,625.0,22.875,0.2112,19.1,74.0,0,19.5,0.0,14.0
Ziaire Williams,ziaire williams,2026,24.0,3,3,0.0408496732026143,0.05856801,6.25,8.96,2.71,-0.4716620307768002,-0.5318356666909988,-0.1996567192954771,24.0,576.0,22.875,0.6963,18.9,81.0,1,7.4,0.0,10.0
Ryan Dunn,ryan dunn,2025,22.0,2,3,0.0188215965101127,0.038001932,2.66,5.37,2.71,-0.8088991022440503,-0.3647128075689958,-0.6008839049827376,22.0,484.0,19.054054054054053,0.9024,16.7,79.0,1,5.7,0.0,28.0
Daniel Theis,daniel theis,2020,27.0,1,1,0.045813,0.07077026,5.0,7.72,2.72,0.4852088290798501,1.0686828094089365,0.6939609873189703,27.0,729.0,24.09230769230769,0.8661,14.4,80.0,0,10.1,0.0,75.0
Deni Avdija,deni avdija,2022,21.0,3,3,0.039757066030488,0.0617948,4.92,7.64,2.72,-0.5509139912456652,0.3336943221817282,0.0657982874127763,21.0,441.0,24.195121951219512,0.872,16.3,80.0,0,11.8,0.0,9.0
Dejounte Murray,dejounte murray,2021,24.0,2,4,0.1372505203978152,0.16145158,15.43,18.15,2.72,0.4866219141665231,0.8587912387094585,0.5867224378102913,24.0,576.0,31.92537313432836,,23.4,76.0,0,25.9,0.0,29.0
Jeenathan Williams,jeenathan williams,2024,,1,1,0.003669,0.02308129,0.52,3.24,2.72,-1.1388449799143958,,,,,,,,77.0,1,,0.0,75.0
Dyson Daniels,dyson daniels,2026,22.0,1,4,0.1633986928104575,0.18117203,25.0,27.72,2.72,0.4633701241862052,1.1224873377756146,1.3197922918347498,22.0,484.0,33.1578947368421,0.8902,16.0,79.0,1,23.9,5.0,8.0
Derik Queen,derik queen,2026,21.0,2,3,0.0353992156862745,0.053267553,5.42,8.15,2.73,-0.2929934661341877,-0.0694697554706923,-0.7631905173286515,21.0,441.0,24.97530864197531,0.9878,21.8,81.0,1,21.1,0.0,75.0
R.J. Hampton,r.j. hampton,2023,21.0,1,1,0.000853,0.02095931,0.12,2.85,2.73,-1.357206129512267,-1.2415812626483704,-0.6892265366277699,21.0,441.0,18.52380952380953,0.4256,17.6,76.0,0,7.5,0.0,24.0
Jarred Vanderbilt,jarred vanderbilt,2023,23.0,3,3,0.0345387844524007,0.054679863,4.7,7.44,2.74,0.1843531374445058,-0.3722547769649877,0.4723754071469267,23.0,529.0,24.115384615384617,0.7439,14.1,80.0,0,15.3,0.0,41.0
Bobby Portis,bobby portis,2021,25.0,1,1,0.0386748981443592,0.0631925,4.35,7.1,2.75,0.2198418915578567,0.2032166632731859,0.6034228109258268,25.0,625.0,20.78787878787879,0.7457,20.9,81.0,0,7.4,0.0,22.0
Frank Ntilikina,frank ntilikina,2022,23.0,2,2,0.016468,0.038767837,2.04,4.79,2.75,-0.194209917706497,-0.4389733600238317,0.0103750949720971,23.0,529.0,11.810344827586206,0.6327,17.4,76.0,0,14.7,0.0,8.0
Torrey Craig,torrey craig,2024,33.0,1,1,0.005547,0.025186367,0.78,3.54,2.76,-1.11722187150145,-0.5285054484734063,-0.4561351099075865,33.0,1089.0,19.79245283018868,,12.5,77.0,1,7.3,0.0,75.0
Ayo Dosunmu,ayo dosunmu,2022,22.0,1,1,0.012644195544054,0.035028324,1.56,4.33,2.77,-0.9982095755249396,-1.0262007985000572,-0.2980226690996573,22.0,484.0,27.4025974025974,0.939,14.1,76.0,0,16.5,0.0,38.0
Wendell Carter Jr.,wendell carter jr.,2022,22.0,1,4,0.1144312805790303,0.13684805,14.15,16.92,2.77,0.3323532384703704,0.5624039561145738,0.4819822600961583,22.0,484.0,29.870967741935484,0.6146,20.9,82.0,0,15.4,0.0,7.0
Damyean Dotson,damyean dotson,2021,26.0,1,1,0.00183,0.026533125,0.21,2.98,2.77,-1.347490741268058,-1.5981368998625185,-1.2261958437317335,26.0,676.0,19.717391304347824,0.6585,16.9,77.0,0,15.1,0.0,44.0
Reggie Bullock,reggie bullock,2019,27.0,1,2,0.03665,0.062021907,4.0,6.77,2.77,-0.0141036192330288,,0.2276409642455414,27.0,729.0,30.795454545454547,0.5366,16.7,78.0,0,12.0,0.0,75.0
Miles Bridges,miles bridges,2026,27.0,3,3,0.1491901111111111,0.16736235,22.83,25.61,2.78,0.0941217572581393,0.6090797091345161,0.6060285464257199,27.0,729.0,31.0,0.872,22.3,79.0,1,15.9,0.0,12.0
Patrick Baldwin Jr.,patrick baldwin jr.,2025,22.0,1,1,0.0009345787774063,0.020614784,0.13,2.91,2.78,-0.0821680803633911,0.128576782460756,0.077307042614908,22.0,484.0,4.590909090909091,0.3488,16.5,84.0,1,3.0,0.0,28.0
Jaylen Clark,jaylen clark,2024,,1,1,0.0035018849403932,0.023277653,0.49,3.27,2.78,-0.8793676789590442,,,,,,,,77.0,1,,0.0,53.0
Obi Toppin,obi toppin,2022,23.0,3,3,0.0432516275120294,0.065808706,5.35,8.14,2.79,0.3946349021041934,0.8529270046238643,0.7648785552534899,23.0,529.0,17.083333333333332,0.8323,20.8,81.0,0,10.9,0.0,8.0
Georges Niang,georges niang,2022,28.0,2,2,0.0280215114633455,0.050510973,3.46,6.25,2.79,-0.4999562664543555,-1.156008969110591,-0.5962198456056427,28.0,784.0,22.84210526315789,0.9102,16.8,78.0,0,8.7,0.0,50.0
Shaquille Harrison,shaquille harrison,2020,26.0,1,1,0.007059,0.03266166,0.77,3.56,2.79,0.3679432579050639,0.8001159656192323,1.6928460740552012,26.0,676.0,11.255813953488373,0.7071,18.1,76.0,0,15.3,0.0,75.0
Jose Alvarado,jose alvarado,2024,25.0,2,2,0.0141448630039548,0.03405393,1.99,4.79,2.8,0.3747726089918219,0.0624293806288066,0.4958001742949146,25.0,625.0,18.357142857142858,,17.3,72.0,1,15.3,0.0,75.0
Jevon Carter,jevon carter,2023,,1,2,0.0455111784209791,0.06618382,6.19,9.0,2.81,0.3605313393824227,-0.0325841633535998,,,,,,,72.0,0,,0.0,32.0
Kent Bazemore,kent bazemore,2020,30.0,1,1,0.014848,0.040587123,1.62,4.43,2.81,-0.3133138698722649,-0.5485566629768911,-0.5450967288269443,30.0,900.0,25.837209302325583,0.6797,15.9,76.0,0,7.1,0.0,75.0
James Harden,james harden,2024,34.0,3,3,0.2393792215551825,0.25931367,33.65,36.46,2.81,1.8883901978980395,2.2213893008141192,0.902134982542701,34.0,1156.0,34.30555555555556,0.7585,20.6,77.0,1,33.6,0.0,3.0
Jalen Johnson,jalen johnson,2023,21.0,3,3,0.0215066791157247,0.042194963,2.93,5.74,2.81,0.3054756512768238,0.2207295145938758,0.077344919170659,21.0,441.0,14.885714285714286,0.6341,16.0,80.0,0,10.4,0.0,20.0
Aaron Holiday,aaron holiday,2025,28.0,1,1,0.016261642399864,0.03615819,2.3,5.11,2.81,-0.0709876031036886,-0.7380745597209676,-0.2910071841661142,28.0,784.0,12.774193548387096,0.8171,16.8,72.0,1,14.3,0.0,23.0
Damyean Dotson,damyean dotson,2019,24.0,1,1,0.01483,0.040717777,1.62,4.44,2.82,-0.6832468500062687,-1.7051408632592606,-0.1684227378470358,24.0,576.0,27.45205479452055,0.8902,17.3,77.0,0,10.4,0.0,44.0
Isaiah Roby,isaiah roby,2022,23.0,1,1,0.003235,0.026041357,0.4,3.22,2.82,-0.5452520218244086,-0.043367506734585,0.3524347980108899,23.0,529.0,21.066666666666663,0.5059,19.0,78.0,0,12.1,0.0,45.0
Austin Rivers,austin rivers,2022,29.0,1,1,0.014848,0.03770337,1.84,4.66,2.82,-0.5792238383519485,-1.7123297002985944,-0.3551459594679646,29.0,841.0,22.08955223880597,0.6743,12.6,76.0,0,8.0,0.0,10.0
Mark Williams,mark williams,2025,23.0,1,1,0.0444488343436632,0.06448597,6.28,9.11,2.83,-0.57969931842015,0.8356931063105312,0.5141668845001173,23.0,529.0,26.613636363636363,0.4427,21.4,85.0,1,16.5,0.0,15.0
Bam Adebayo,bam adebayo,2023,25.0,3,5,0.2396693157674182,0.26046807,32.6,35.43,2.83,1.263444624314247,1.136113032631345,0.3883552004418543,25.0,625.0,34.64,0.8183,25.2,81.0,0,15.9,6.0,14.0
Dylan Harper,dylan harper,2026,19.0,2,3,0.0848956862745098,0.10341336,12.99,15.82,2.83,0.9636421051855204,0.5903202767263849,0.9888062205614612,19.0,361.0,22.57971014492753,0.8415,21.8,77.0,1,24.7,0.0,75.0
Daniel Gafford,daniel gafford,2021,22.0,1,2,0.0158576422865479,0.04099556,1.78,4.61,2.83,1.1202244678621056,1.160001178774773,1.5649313297443457,22.0,484.0,17.73913043478261,0.3993,18.9,82.0,0,4.4,0.0,38.0
Nerlens Noel,nerlens noel,2019,24.0,1,1,0.018587,0.044549957,2.03,4.86,2.83,-0.1721689493369438,0.5841860156724845,0.4557387197339723,24.0,576.0,13.7012987012987,0.939,13.8,82.0,0,5.9,0.0,6.0
Nemanja Bjelica,nemanja bjelica,2020,31.0,1,1,0.065512,0.0914916,7.15,9.99,2.84,0.5578018017118604,0.4731650253535054,0.6263112844259462,31.0,961.0,27.93055555555556,0.9771,17.0,82.0,0,14.7,0.0,35.0
Willie Cauley-Stein,willie cauley-stein,2021,27.0,2,2,0.036472,0.061817788,4.1,6.95,2.85,0.920139450905606,0.3922111354710303,0.0745776622672014,27.0,729.0,17.09433962264151,0.6916,12.0,84.0,0,5.3,0.0,6.0
Julius Randle,julius randle,2023,28.0,1,1,0.2075185449305621,0.22864956,28.23,31.1,2.87,0.4761482844041807,1.2167128392509965,0.604729818784487,28.0,784.0,35.54545454545455,0.9061,29.5,81.0,0,18.5,0.0,7.0
Kevin Porter Jr.,kevin porter jr.,2025,24.0,1,2,0.0363577134439975,0.056721337,5.13,8.01,2.88,0.2085243283888725,0.3890867311162417,-0.5797200514713068,24.0,576.0,19.64444444444445,,25.9,77.0,1,24.5,0.0,30.0
Trevor Ariza,trevor ariza,2021,35.0,1,1,0.0235,0.049132507,2.64,5.52,2.88,0.3143264828984261,0.4571779852890392,0.366215659451461,35.0,1225.0,28.03333333333333,0.4211,15.1,80.0,0,9.4,0.0,43.0
Jalen Brunson,jalen brunson,2019,22.0,1,1,0.0129819681143485,0.039505307,1.42,4.31,2.89,-0.372385034135236,-0.4128687564170104,-0.350833755859139,22.0,484.0,21.794520547945204,0.8902,19.1,74.0,0,22.6,0.0,33.0
Reed Sheppard,reed sheppard,2026,21.0,3,3,0.0726070588235294,0.09152768,11.11,14.0,2.89,0.0226543314010943,-0.3781254366945126,1.0635782035019554,21.0,441.0,26.182926829268293,0.8628,21.7,74.0,1,18.6,0.0,3.0
Monte Morris,monte morris,2020,24.0,2,2,0.0157935404068169,0.042305652,1.72,4.62,2.9,-0.290977570600877,-0.1165143490543234,0.2022868308859389,24.0,576.0,22.410958904109588,1.0087,17.5,74.0,0,22.1,0.0,51.0
Talen Horton-Tucker,talen horton-tucker,2024,23.0,1,1,0.014848,0.035578024,2.09,5.0,2.91,-0.1874282097447733,0.07998190030511,-0.235201303730546,23.0,529.0,19.7843137254902,,24.0,76.0,1,25.5,0.0,46.0
Wesley Matthews,wesley matthews,2019,32.0,1,1,0.0235,0.050095975,2.56,5.47,2.91,-0.4303423218400049,-0.7303666447360115,0.0059259147280681,32.0,1024.0,29.818181818181817,0.5366,18.9,77.0,0,11.6,0.0,75.0
J.J. Barea,j.j. barea,2019,34.0,1,1,0.0235,0.05036731,2.56,5.5,2.94,0.8341803189913146,0.6955887835037129,0.2561951751682463,34.0,1156.0,19.789473684210527,0.4634,28.1,70.0,0,47.5,0.0,75.0
Jaylen Wells,jaylen wells,2025,21.0,1,1,0.0138474944762336,0.034761604,1.96,4.91,2.95,-0.680323613757472,-0.7036094305403654,-0.1952960257487474,21.0,441.0,25.860759493670887,0.9634,15.9,79.0,1,8.4,0.0,39.0
Julian Strawther,julian strawther,2025,22.0,3,3,0.018938020508753,0.039800804,2.67,5.62,2.95,-1.6027129876829238,-1.1536892096171776,-1.007419419448583,22.0,484.0,21.29230769230769,0.7241,17.8,78.0,1,7.6,0.0,29.0
Kevon Looney,kevon looney,2022,25.0,1,5,0.0646961303627026,0.08852503,8.0,10.95,2.95,1.1646627433950965,0.8776523704544422,0.1416226549849937,25.0,625.0,21.121951219512194,0.7787,12.2,81.0,0,13.2,0.0,30.0
Jonathan Kuminga,jonathan kuminga,2023,,3,3,0.0442052330154902,0.06589399,6.01,8.96,2.95,0.1843531374445058,-0.95372481043533,,,,,,,79.0,0,,0.0,7.0
Malik Monk,malik monk,2025,26.0,2,4,0.1331200711007875,0.15408096,18.8,21.76,2.96,-0.3281385800768449,0.4601986456797116,0.2886296993185993,26.0,676.0,31.6,0.8476,24.6,75.0,1,25.7,0.0,11.0
Ja'Kobe Walter,ja'kobe walter,2025,20.0,2,3,0.0257645459180782,0.046827503,3.64,6.61,2.97,-0.5629286025305963,-1.074919818623471,-0.3333348911889761,20.0,400.0,21.21153846153846,0.6341,18.2,76.0,1,10.2,0.0,19.0
Jose Alvarado,jose alvarado,2023,,1,2,0.0134986215363804,0.035356868,1.84,4.81,2.97,-0.0413751837884501,0.2437580307709191,,,,,,,72.0,0,,0.0,75.0
Larry Nance Jr.,larry nance jr.,2021,28.0,3,6,0.0951030031846567,0.12147778,10.69,13.66,2.97,0.6644752625723007,0.3036199766282907,0.4855924006106594,28.0,784.0,31.17142857142857,0.6102,13.9,78.0,0,14.4,0.0,27.0
Chris Boucher,chris boucher,2021,28.0,2,2,0.0624477378262494,0.08891944,7.02,10.0,2.98,0.9979502908331336,1.000537092857842,0.8356817036992934,28.0,784.0,24.216666666666665,0.6925,20.5,80.0,0,6.9,0.0,75.0
Kyshawn George,kyshawn george,2025,21.0,2,3,0.021009857798425,0.04211494,2.97,5.95,2.98,-0.7697674318350917,-1.6678567898844434,-0.7300781749256521,21.0,441.0,26.5,0.8293,15.9,80.0,1,13.3,0.0,24.0
Mo Bamba,mo bamba,2023,24.0,1,2,0.0148484866307408,0.03682876,2.02,5.01,2.99,-0.0633974590306897,0.030744256133269,0.0226866126582195,24.0,576.0,17.025,0.6159,16.3,84.0,0,9.0,0.0,6.0
Nickeil Alexander-Walker,nickeil alexander-walker,2021,22.0,3,3,0.0290131122458056,0.055685032,3.26,6.26,3.0,-0.363739407898601,-0.316518135270886,0.0275692046086569,22.0,484.0,21.89130434782609,0.5954,23.2,77.0,0,14.7,0.0,17.0
Cedric Coward,cedric coward,2026,22.0,2,3,0.0392227450980392,0.058855858,6.0,9.0,3.0,-0.1381473767772569,-0.9438612715583916,0.0177994145773363,22.0,484.0,25.774193548387096,0.7561,21.5,77.0,1,16.0,0.0,75.0
Zach Edey,zach edey,2025,22.0,2,3,0.0428091892810605,0.064111315,6.04,9.05,3.01,-0.1101192735126472,0.4851246029542085,0.1768087419596954,22.0,484.0,21.454545454545453,0.8049,16.4,87.0,1,6.1,0.0,9.0
Jalen Duren,jalen duren,2023,,2,3,0.0318383190830827,0.05395742,4.33,7.34,3.01,-0.3056424866953255,-0.274383583212554,,,,,,,82.0,0,,0.0,13.0
Dillon Brooks,dillon brooks,2022,26.0,3,3,0.0921919857668513,0.11650092,11.4,14.41,3.01,0.5871418624269191,0.5624039561145738,0.7488976347337849,26.0,676.0,27.65625,0.643,28.8,79.0,0,15.4,0.0,45.0
Damian Lillard,damian lillard,2019,28.0,1,2,0.2730650632215503,0.3006917,29.8,32.82,3.02,2.451715530388044,2.7899608187308083,1.9607136013071245,28.0,784.0,35.475,0.9756,29.3,74.0,0,30.6,0.0,6.0
Monte Morris,monte morris,2019,23.0,1,2,0.0145522356606193,0.042275816,1.59,4.61,3.02,-0.2512016143889012,0.3725207567931504,0.873973926778297,23.0,529.0,24.02439024390244,1.0,17.1,74.0,0,21.7,0.0,51.0
Mouhamed Gueye,mouhamed gueye,2026,23.0,2,2,0.0157268300653594,0.0355799,2.41,5.44,3.03,0.6241718323645565,0.3123026738047498,-0.0120407804493746,23.0,529.0,15.311688311688313,,12.4,83.0,1,7.4,0.0,39.0
Robin Lopez,robin lopez,2019,30.0,1,1,0.043678,0.07148899,4.77,7.8,3.03,0.3125647296483953,-1.2929506222837153,-1.1039930604321315,30.0,900.0,21.7027027027027,0.9024,18.6,85.0,0,8.8,0.0,15.0
Tristan Da Silva,tristan da silva,2025,23.0,2,3,0.0269780748966064,0.048443355,3.81,6.84,3.03,-0.9374745907306284,-1.076700204958206,-0.617309582334893,23.0,529.0,22.013513513513512,0.9024,15.2,80.0,1,10.3,0.0,18.0
Moses Brown,moses brown,2021,21.0,1,1,0.001877,0.028886368,0.21,3.25,3.04,0.0475464602897597,-0.0979932767921285,-0.5479751355397068,21.0,441.0,21.3953488372093,0.3746,16.9,86.0,0,1.7,0.0,75.0
OG Anunoby,og anunoby,2021,23.0,1,2,0.142966,0.17002428,16.07,19.11,3.04,0.9701607051447309,-0.2751755944776076,0.8038272883122534,23.0,529.0,33.325581395348834,0.7131,19.3,79.0,0,10.1,0.0,23.0
Jordan Poole,jordan poole,2020,20.0,2,3,0.0189048927982407,0.04683804,2.06,5.11,3.05,-1.2514384392705535,-1.3484187846984017,-1.327114346958744,20.0,400.0,22.35087719298245,0.7917,21.1,76.0,0,15.8,0.0,28.0
Kris Dunn,kris dunn,2023,28.0,1,1,0.0190166591923305,0.041569132,2.59,5.65,3.06,-0.4818206886332424,0.4337432892315259,0.5760455009039918,28.0,784.0,25.818181818181817,0.1951,20.2,75.0,0,32.3,0.0,5.0
Terrance Ferguson,terrance ferguson,2019,20.0,1,1,0.022685,0.0507694,2.48,5.54,3.06,-0.6569026283222831,-0.7359367831275729,-0.3397480033832652,20.0,400.0,26.0945945945946,0.9024,10.6,78.0,0,4.8,0.0,21.0
Jaxson Hayes,jaxson hayes,2025,24.0,1,1,0.0244272491643532,0.046146125,3.45,6.52,3.07,-0.1995630915902668,0.1482443454899916,0.0485621072486361,24.0,576.0,19.517857142857142,0.7122,12.4,84.0,1,7.5,0.0,8.0
Dyson Daniels,dyson daniels,2024,20.0,3,3,0.0431012604205195,0.064989015,6.06,9.14,3.08,0.2125992958947271,0.4895406927521883,0.250222649140928,20.0,400.0,22.262295081967213,0.7348,12.6,79.0,1,15.4,0.0,8.0
Jaylen Brown,jaylen brown,2020,23.0,1,2,0.2147471137987905,0.24308601,23.44,26.53,3.09,0.904014440418372,0.706701411257596,0.9347809823065776,23.0,529.0,33.92982456140351,0.8332,24.7,78.0,0,9.7,0.0,3.0
Haywood Highsmith,haywood highsmith,2025,28.0,2,2,0.0397711177836949,0.061656702,5.62,8.71,3.09,0.1023097944216992,-0.6373263566005091,0.0618290004946078,28.0,784.0,24.56756756756757,0.8244,11.3,77.0,1,8.4,0.0,75.0
Svi Mykhailiuk,svi mykhailiuk,2023,25.0,4,4,0.0148484866307408,0.037545197,2.02,5.11,3.09,-0.338675899558685,-0.1246982280617728,0.2065372800182434,25.0,625.0,22.526315789473685,0.3939,19.5,79.0,0,17.7,0.0,47.0
Tim Hardaway Jr.,tim hardaway jr.,2025,34.0,1,1,0.016261642399864,0.038333934,2.3,5.41,3.11,-0.6579626592380672,-0.6733463163583747,,34.0,1156.0,,,,77.0,1,,0.0,24.0
Maurice Harkless,maurice harkless,2020,26.0,1,1,0.033196,0.061711647,3.62,6.74,3.12,0.0217306191985525,-1.3892876522316175,0.3039232266199559,26.0,676.0,22.82,0.7084,10.3,79.0,0,5.5,0.0,15.0
Luka Garza,luka garza,2026,27.0,3,3,0.0183094509803921,0.038663376,2.8,5.92,3.12,0.5527044065075115,0.5166017348552564,0.4952425350047124,27.0,729.0,16.202898550724637,,17.7,82.0,1,8.5,0.0,52.0
Cam Whitmore,cam whitmore,2025,20.0,3,3,0.0250677015466545,0.04716699,3.54,6.66,3.12,-0.0262656940648788,-0.0731266002115747,0.2257698956055431,20.0,400.0,16.215686274509803,0.6037,23.9,78.0,1,8.9,0.0,20.0
Seth Curry,seth curry,2022,31.0,4,4,0.0687125712668311,0.0942613,8.5,11.66,3.16,0.213451880623981,-0.2658957992097863,0.3850766782213513,31.0,961.0,34.8,0.6607,18.5,73.0,0,17.7,0.0,75.0
Matisse Thybulle,matisse thybulle,2023,25.0,1,3,0.0771939626969365,0.100517064,10.5,13.67,3.17,0.2724422384134643,-0.1074268409289904,0.2164751539295961,25.0,625.0,27.681818181818183,0.5341,11.4,77.0,0,6.6,4.0,20.0
Josh Hart,josh hart,2022,26.0,2,3,0.1048077311875783,0.1305212,12.96,16.14,3.18,0.0322688591437685,0.5685852975722183,0.5380854917078887,26.0,676.0,33.51219512195122,0.6025,16.7,77.0,0,17.7,0.0,30.0
Kyle Lowry,kyle lowry,2024,37.0,1,2,0.0148484863572993,0.03756276,2.09,5.28,3.19,-0.5442094985583816,-0.0136315379685078,-0.1526735006449589,37.0,1369.0,28.027027027027028,,13.5,72.0,1,19.5,0.0,24.0
Dwight Howard,dwight howard,2020,34.0,1,1,0.014848,0.04409838,1.62,4.81,3.19,-0.0173579045263761,1.7225846899403905,0.4356621217274238,34.0,1156.0,18.92753623188406,0.6401,14.7,82.0,0,4.8,0.0,1.0
Gary Trent Jr.,gary trent jr.,2020,,1,1,0.0152451988271944,0.044581763,1.66,4.87,3.21,-0.2463049720581014,-0.414273241082039,,,,,,,77.0,0,,0.0,37.0
Jeremiah Robinson-Earl,jeremiah robinson-earl,2025,24.0,1,1,0.0009345787774063,0.023617813,0.13,3.34,3.21,-0.2331045233693741,-1.5235727959375638,-0.9660393476575764,24.0,576.0,18.77272727272728,,14.4,81.0,1,9.9,0.0,32.0
Nikola Jokić,nikola jokic,2019,23.0,1,4,0.2434817207256734,0.27292135,26.57,29.79,3.22,2.9838688084045577,2.695268466074264,1.6808823342646164,23.0,529.0,31.3,0.9756,27.4,83.0,0,37.0,0.0,41.0
Trey Burke,trey burke,2019,26.0,1,1,0.0021,0.031644084,0.23,3.45,3.22,-0.0246413079066232,-0.2401944662786061,-0.2426636862460686,26.0,676.0,20.87878787878788,0.4024,26.1,72.0,0,23.6,0.0,9.0
Kevin Porter Jr.,kevin porter jr.,2020,19.0,1,2,0.0157410756826094,0.0453983,1.72,4.95,3.23,-1.0113232221031343,-1.4943790258884584,-0.7121170479312525,19.0,361.0,23.24,0.6944,20.5,77.0,0,13.9,0.0,30.0
Frank Kaminsky,frank kaminsky,2022,28.0,1,1,0.014848,0.040999647,1.84,5.07,3.23,-0.5112802052968688,-0.6429576281260995,1.2249250544696793,28.0,784.0,20.11111111111111,0.3352,19.0,84.0,0,10.1,0.0,9.0
Killian Hayes,killian hayes,2025,23.0,1,1,0.0018691575548127,0.024764474,0.26,3.5,3.24,-0.6915040910171745,0.1252052300138141,-0.2824784670794182,23.0,529.0,27.0,0.3756,15.5,76.0,1,28.6,0.0,7.0
Karl-Anthony Towns,karl-anthony towns,2022,26.0,4,5,0.273611,0.29977575,33.83,37.07,3.24,2.551845251602973,2.1201020034409823,1.2164245648315384,26.0,676.0,33.45945945945946,0.7314,27.8,84.0,0,18.0,0.0,1.0
Norman Powell,norman powell,2025,31.0,5,5,0.1450538071497365,0.16799343,20.48,23.72,3.24,0.7284165209650363,0.6599091176524295,1.1020166066609085,31.0,961.0,32.63333333333333,0.7902,26.1,75.0,1,10.2,0.0,46.0
Darius Bazley,darius bazley,2023,22.0,1,1,0.000853,0.024785742,0.12,3.37,3.25,-1.1865334963849103,-0.1880266475486418,-0.4516210058381567,22.0,484.0,15.416666666666666,0.6061,15.7,81.0,0,7.6,0.0,23.0
Danny Green,danny green,2021,33.0,1,1,0.088957,0.11784883,10.0,13.25,3.25,1.3981203247461331,0.1500619679675422,0.7339331341620491,33.0,1089.0,28.02898550724637,0.8992,14.0,78.0,0,8.3,0.0,46.0
Jordan Miller,jordan miller,2026,26.0,1,1,0.0163255686274509,0.037624232,2.5,5.76,3.26,-0.0428574756345302,-0.092820224875599,0.144363000380283,26.0,676.0,22.08333333333333,0.5207,18.0,77.0,1,15.1,0.0,48.0
Kendrick Nunn,kendrick nunn,2021,25.0,1,1,0.044478,0.07358559,5.0,8.27,3.27,-0.041380213913129,0.2445592040664644,-0.0055222754536079,25.0,625.0,29.464285714285715,0.7758,20.9,75.0,0,14.5,1.0,75.0
Isaiah Thomas,isaiah thomas,2020,30.0,1,1,0.001017,0.030931849,0.11,3.38,3.27,-1.5250581053450547,-1.681208134611731,-1.4847478651831587,30.0,900.0,23.125,0.4021,24.1,69.0,0,23.4,0.0,60.0
Elfrid Payton,elfrid payton,2021,26.0,1,1,0.019922,0.04913443,2.24,5.52,3.28,-1.0028998787318644,-1.2969269597972035,-0.88260113018803,26.0,676.0,23.55555555555556,0.6741,23.2,75.0,0,21.6,0.0,10.0
Jakob Poeltl,jakob poeltl,2023,27.0,1,4,0.1433602164371678,0.1674548,19.5,22.78,3.28,1.3845671381465652,1.746368711322991,0.9889189897665516,27.0,729.0,27.192307692307693,0.5756,17.5,84.0,0,12.1,0.0,9.0
Langston Galloway,langston galloway,2020,28.0,1,1,0.014848,0.04485471,1.62,4.9,3.28,-0.3356501691436527,-1.2958730978699813,0.1893395193274653,28.0,784.0,25.78787878787879,0.9388,15.9,73.0,0,8.8,0.0,75.0
Dominick Barlow,dominick barlow,2026,22.0,2,2,0.0223202614379084,0.04379191,3.41,6.7,3.29,-0.1381473767772569,-0.4740779754605485,0.0013358587005303,22.0,484.0,23.7887323943662,0.6415,12.8,81.0,1,7.0,0.0,75.0
Derrick Favors,derrick favors,2022,30.0,1,1,0.000853,0.027463153,0.11,3.4,3.29,-0.4037027862929926,-0.3091651894132976,-0.8315133987893848,30.0,900.0,16.743589743589745,0.6283,13.4,81.0,0,5.9,0.0,3.0
Terry Rozier,terry rozier,2021,26.0,3,3,0.1592796537797783,0.18861075,17.91,21.2,3.29,-0.1247489709783373,-0.0861811222797632,0.9615530344034224,26.0,676.0,34.53623188405797,0.8759,24.4,73.0,0,20.0,0.0,16.0
Noah Clowney,noah clowney,2026,21.0,1,1,0.0353858431372549,0.056925725,5.41,8.71,3.3,-0.8647328729905478,-1.604823130684665,-0.7772531379734234,21.0,441.0,26.96969696969697,0.6268,20.4,82.0,1,9.5,0.0,21.0
Kris Dunn,kris dunn,2022,27.0,1,1,0.0059505802434191,0.032687247,0.74,4.04,3.3,-0.522604144139382,-0.8283978718554338,-0.4282501703559771,27.0,729.0,24.0,0.2417,18.3,75.0,0,35.1,0.0,5.0
Jalen Smith,jalen smith,2026,25.0,3,3,0.0616246470588235,0.08329763,9.43,12.74,3.31,0.7135061146858628,0.6540103885448744,-0.0501127534144886,25.0,625.0,20.660377358490567,0.7061,19.0,80.0,1,8.5,0.0,10.0
Michael Porter Jr.,michael porter jr.,2020,21.0,2,2,0.0325343595382078,0.0628882,3.55,6.86,3.31,0.3456069586336761,0.5607411700675393,0.6356980853058395,21.0,441.0,16.418181818181818,,22.3,82.0,0,7.9,0.0,14.0
Precious Achiuwa,precious achiuwa,2025,25.0,1,1,0.0149532321114951,0.038458318,2.11,5.43,3.32,-0.6411919433485135,-0.1937096801600973,-0.6400528278994159,25.0,625.0,20.526315789473685,0.661,14.9,80.0,1,6.2,0.0,20.0
Nassir Little,nassir little,2022,21.0,1,1,0.0337353766527839,0.06056417,4.17,7.49,3.32,-0.0753085598601076,-0.7233150670754778,-0.003565708034454,21.0,441.0,25.904761904761905,0.565,15.8,78.0,0,7.4,0.0,25.0
Torrey Craig,torrey craig,2019,28.0,1,1,0.018325,0.04872331,2.0,5.32,3.32,0.0438536684717399,-0.3404569573267118,-0.2036955866339066,28.0,784.0,20.04,0.9146,12.4,77.0,0,6.3,0.0,75.0
Shaquille Harrison,shaquille harrison,2019,25.0,1,1,0.008231,0.038772278,0.9,4.23,3.33,-0.2828146804096843,-0.8139187206094328,0.2037897998277526,25.0,625.0,19.58904109589041,0.8902,16.5,76.0,0,14.1,0.0,75.0
Jrue Holiday,jrue holiday,2022,31.0,2,3,0.2722497270632,0.2992301,33.67,37.0,3.33,2.0535919425323885,1.9717498084575151,1.6859916124424457,31.0,961.0,32.95522388059702,0.7938,23.5,76.0,0,31.8,3.0,17.0
Ty Jerome,ty jerome,2023,,1,2,0.0179312385587519,0.04247244,2.44,5.78,3.34,-0.9883330192047536,-0.3722547769649877,,,,,,,77.0,0,,0.0,24.0
Markieff Morris,markieff morris,2020,30.0,1,1,0.014848,0.045411196,1.62,4.96,3.34,-0.5813494611289188,-1.3309035557555948,-0.3910237212811095,30.0,900.0,22.454545454545453,0.5374,21.8,81.0,0,11.0,0.0,13.0
Kent Bazemore,kent bazemore,2021,31.0,1,1,0.021363,0.051027827,2.4,5.74,3.34,0.686706931123023,-0.0389325042303021,0.3365261072460644,31.0,961.0,19.895522388059703,0.7511,16.3,76.0,0,11.1,0.0,75.0
Desmond Bane,desmond bane,2021,22.0,2,3,0.0180863593502588,0.047850415,2.03,5.38,3.35,-0.3859710764493232,-0.4877943757001826,0.0213838812325327,22.0,484.0,22.33823529411765,0.8293,16.1,78.0,0,10.6,0.0,30.0
Bradley Beal,bradley beal,2019,25.0,1,2,0.2327259025105369,0.2635385,25.4,28.76,3.36,1.5981627478269034,0.7735707209855728,1.2324132568315456,25.0,625.0,36.926829268292686,1.0,28.4,76.0,0,24.1,0.0,3.0
Alec Burks,alec burks,2022,30.0,1,1,0.080974,0.108124726,10.01,13.37,3.36,0.6607474649032554,0.7972949315050641,1.0062924609766934,30.0,900.0,28.617283950617285,0.8065,17.7,77.0,0,15.7,0.0,12.0
Tyler Zeller,tyler zeller,2019,29.0,1,1,0.002251,0.033147175,0.25,3.62,3.37,-0.1879754823473353,-0.3348868189351504,-0.1072831332831266,29.0,841.0,20.5,0.0488,21.8,84.0,0,6.2,0.0,75.0
Rondae Hollis-Jefferson,rondae hollis-jefferson,2019,24.0,1,1,0.022906,0.05386584,2.5,5.88,3.38,-0.0720609069377976,0.0383124532994649,-0.1355014123126232,24.0,576.0,20.91525423728813,0.7195,21.6,78.0,0,11.7,0.0,23.0
Javonte Green,javonte green,2023,29.0,1,1,0.0009387006418126,0.025835557,0.13,3.51,3.38,0.7899657066060953,0.122858320841442,0.4933804588231947,29.0,841.0,15.0,0.4939,13.6,77.0,0,6.4,0.0,75.0
Russell Westbrook,russell westbrook,2025,36.0,1,1,0.016261642399864,0.04027872,2.3,5.69,3.39,-0.7306357614261331,-0.0178352175069539,-0.529179505772367,36.0,1296.0,27.89333333333333,0.7573,23.8,76.0,1,28.8,0.0,4.0
Isaiah Stewart,isaiah stewart,2021,19.0,2,3,0.0291518849965306,0.05933625,3.28,6.67,3.39,-0.0636118824638513,0.2209348950417338,0.0077761698050592,19.0,361.0,21.397058823529413,0.8293,15.5,80.0,0,6.3,0.0,16.0
D'Angelo Russell,d'angelo russell,2025,28.0,1,2,0.0402597586539006,0.06435903,5.68,9.09,3.41,0.0855390785321456,0.6122256867289981,-0.3023788069483757,28.0,784.0,26.310344827586206,0.5866,22.1,75.0,1,26.2,0.0,2.0
Jared McCain,jared mccain,2025,20.0,2,3,0.0298946235340773,0.054128867,4.22,7.64,3.42,-0.2890069096678864,-0.7901857378864567,-0.2114058246902844,20.0,400.0,25.73913043478261,0.2805,24.7,75.0,1,16.7,0.0,16.0
Tristan Thompson,tristan thompson,2022,30.0,1,1,8.5e-05,0.027699089,0.01,3.43,3.42,0.1511702169901579,0.2224301759441275,-1.1946543161307672,30.0,900.0,15.166666666666666,0.5388,19.5,81.0,0,5.9,0.0,4.0
Cam Thomas,cam thomas,2023,21.0,3,3,0.0164692216643018,0.04166875,2.24,5.67,3.43,-0.4928318262543622,-0.95372481043533,-0.3389164812525892,21.0,441.0,16.63157894736842,0.7409,27.8,75.0,0,12.7,0.0,27.0
Jonathan Isaac,jonathan isaac,2019,21.0,1,1,0.0532017592083562,0.08470631,5.81,9.24,3.43,0.2282632202596407,0.511774216582186,0.263921608712037,21.0,441.0,26.613333333333333,0.9146,16.3,82.0,0,5.7,0.0,6.0
Jose Alvarado,jose alvarado,2025,26.0,1,2,0.0318678828394991,0.056261618,4.5,7.94,3.44,0.2532462374276823,-0.6381174035215039,-0.289111913702404,26.0,676.0,24.392857142857142,,19.8,72.0,1,27.3,0.0,75.0
Maxime Raynaud,maxime raynaud,2026,22.0,1,1,0.0140582810457516,0.036529787,2.15,5.59,3.44,-1.0076677247046375,-1.1663267319042248,-1.0489018099407237,22.0,484.0,26.54054054054054,0.9024,18.2,85.0,1,7.6,0.0,75.0
Paul Reed,paul reed,2024,24.0,1,1,0.0176797664096508,0.042279042,2.49,5.94,3.45,0.6018152473277546,0.7411268081125363,0.2975042029920456,24.0,576.0,19.390243902439025,0.8451,15.9,81.0,1,9.8,0.0,58.0
Jae Crowder,jae crowder,2019,28.0,1,1,0.07161,0.10336195,7.82,11.28,3.46,0.5127808144466875,0.5284846317568702,0.1554156072057584,28.0,784.0,27.075,0.9756,19.1,78.0,0,8.9,0.0,34.0
Kevin Knox,kevin knox,2019,19.0,1,2,0.040133,0.07194445,4.38,7.85,3.47,,,-1.5326421561659134,19.0,361.0,28.773333333333333,0.9146,22.3,80.0,0,6.0,0.0,75.0
Saben Lee,saben lee,2022,22.0,1,1,0.000853,0.028992489,0.11,3.59,3.48,0.4625785351592731,-0.055730189649874,0.0868795017153659,22.0,484.0,16.324324324324323,0.5015,17.3,74.0,0,26.2,0.0,38.0
Malaki Branham,malaki branham,2024,20.0,3,3,0.0228890090192619,0.04769477,3.22,6.71,3.49,-1.830784449128667,-2.2779065762116404,-1.6304369746462528,20.0,400.0,21.25333333333333,0.8735,19.8,76.0,1,14.0,0.0,20.0
Yves Missi,yves missi,2026,21.0,3,3,0.0229592156862745,0.04576599,3.51,7.0,3.49,-0.5371738378124248,-0.0291160398490142,-0.8153251109385375,21.0,441.0,19.651515151515152,0.8369,12.6,83.0,1,8.6,0.5,21.0
DeMar DeRozan,demar derozan,2024,34.0,1,3,0.1664437932113694,0.19126937,23.4,26.89,3.49,0.5099170365727342,0.9400553644439744,1.1078813805130188,34.0,1156.0,37.83544303797469,0.9378,25.8,78.0,1,21.8,0.0,9.0
Montrezl Harrell,montrezl harrell,2023,,1,1,0.014848,0.040616486,2.02,5.52,3.5,-0.3331703307481251,-0.1419696151945553,,,,,,,79.0,0,,0.0,32.0
Austin Rivers,austin rivers,2019,26.0,1,1,0.019922,0.051910248,2.17,5.67,3.5,-0.7464729820478347,-1.0590048098381355,-0.1785006946432846,26.0,676.0,28.617021276595743,0.5732,13.9,76.0,0,11.7,0.0,10.0
Devin Booker,devin booker,2023,26.0,5,5,0.2647841142176576,0.29053092,36.02,39.52,3.5,1.9956852761187145,1.6945545499246435,1.194678151885694,26.0,676.0,34.62264150943396,0.7354,31.8,77.0,0,27.3,4.0,13.0
Steven Adams,steven adams,2023,29.0,1,5,0.0926327552363238,0.11837252,12.6,16.1,3.5,1.439622826252164,1.2454984844723007,0.2803937520412506,29.0,841.0,26.976190476190474,0.6756,14.6,83.0,0,11.2,0.0,12.0
Davion Mitchell,davion mitchell,2022,23.0,2,3,0.0390894019651449,0.06743616,4.83,8.34,3.51,-1.3662375879066213,-1.4959827492810376,-0.8138323803420516,23.0,529.0,27.68,0.9146,20.6,72.0,0,22.5,0.0,9.0
Payton Pritchard,payton pritchard,2022,24.0,3,3,0.0181084468885204,0.046576202,2.24,5.76,3.52,0.338015207891627,-0.4266106771085428,0.1440027920836732,24.0,576.0,14.098591549295774,0.843,18.6,73.0,0,20.4,0.0,26.0
Miles Bridges,miles bridges,2019,20.0,1,2,0.0344090159428257,0.06671274,3.76,7.28,3.52,-0.1247493503057693,-0.145502113622062,-0.0985489040597109,20.0,400.0,21.2,0.9756,15.1,79.0,0,8.1,0.0,12.0
Jaylen Nowell,jaylen nowell,2023,,1,1,0.000853,0.026846174,0.12,3.65,3.53,-1.0488942761209126,-0.7522252938862015,,,,,,,76.0,0,,0.0,43.0
Robert Covington,robert covington,2022,31.0,2,2,0.099533,0.12810165,12.31,15.84,3.53,1.4420992450366716,0.6242173706910187,-0.1433137576854916,31.0,961.0,29.8125,0.6821,12.4,79.0,0,6.7,0.0,75.0
Elfrid Payton,elfrid payton,2020,25.0,1,1,0.05284,0.08534962,5.77,9.32,3.55,0.6248106995260241,1.1445821348277658,0.5560721192212275,25.0,625.0,27.68888888888889,0.5827,19.5,75.0,0,38.6,0.0,10.0
Brice Sensabaugh,brice sensabaugh,2025,21.0,3,3,0.0190765395728287,0.04425909,2.69,6.25,3.56,-0.4511238299335718,-1.2164926090209836,-0.3109075240350717,21.0,441.0,20.169014084507044,0.6875,21.5,78.0,1,12.0,0.0,28.0
Bismack Biyombo,bismack biyombo,2024,31.0,1,1,0.0035841181324152,0.028896628,0.5,4.06,3.56,-0.8793676789590442,-1.0433793589783047,-1.091140705871687,31.0,961.0,23.933333333333334,0.4939,10.6,80.0,1,10.1,0.0,7.0
Jamal Shead,jamal shead,2026,23.0,1,1,0.0150083071895424,0.03831185,2.3,5.86,3.56,-0.2810822284913469,0.1308251509496436,-0.1979417655583098,23.0,529.0,22.585365853658537,0.968,15.5,73.0,1,30.6,0.0,45.0
Iman Shumpert,iman shumpert,2019,28.0,1,1,0.003843,0.036498867,0.42,3.98,3.56,-0.7412041377110375,-0.8751902429166085,0.0647139960395193,28.0,784.0,26.166666666666668,0.5122,15.2,77.0,0,10.7,0.0,17.0
Markieff Morris,markieff morris,2019,29.0,1,1,0.020541,0.053110868,2.24,5.8,3.56,-0.0984051286217835,-0.2736152966279747,-0.7505927087770073,29.0,841.0,25.97058823529412,0.4146,19.5,81.0,0,9.6,0.0,13.0
Bradley Beal,bradley beal,2020,26.0,2,2,0.2634393806120579,0.29603642,28.75,32.31,3.56,1.5126785955636903,1.2029662313037883,1.0859408447517556,26.0,676.0,36.01754385964912,0.8698,34.4,76.0,0,29.5,0.0,3.0
Kemba Walker,kemba walker,2022,31.0,1,1,0.005537,0.034365073,0.68,4.25,3.57,-1.105786994528816,-0.3895226283626758,-0.4241699353296694,31.0,961.0,25.62162162162162,0.5385,20.8,72.0,0,22.2,0.0,9.0
Mark Williams,mark williams,2024,22.0,3,3,0.0291225424645062,0.054500602,4.09,7.66,3.57,-0.2739206433965571,0.9868620835807834,0.7628693148357729,22.0,484.0,26.73684210526316,0.3415,17.1,85.0,1,6.8,0.0,15.0
Joel Embiid,joel embiid,2019,24.0,1,4,0.2520123694337548,0.28476587,27.5,31.08,3.58,2.825803478300643,2.4111914081046315,1.037908690663944,24.0,576.0,33.65625,0.7805,33.3,84.0,0,18.4,0.0,3.0
Kyle Filipowski,kyle filipowski,2025,21.0,2,4,0.0212452552263327,0.04659442,3.0,6.58,3.58,-0.3113678641872912,-0.5853692185882551,-0.6211001232623135,21.0,441.0,21.13888888888889,0.878,18.7,83.0,1,13.9,0.0,32.0
Bruce Brown,bruce brown,2020,23.0,1,1,0.0152451988271944,0.04797942,1.66,5.24,3.58,-0.5143405633147553,-0.6127791691005161,-0.2486032941379009,23.0,529.0,28.17241379310345,0.8419,16.0,76.0,0,20.4,0.0,42.0
Andre Drummond,andre drummond,2024,30.0,1,2,0.0355649130793524,0.061120715,5.0,8.59,3.59,0.5801921389148086,1.1974923196964236,0.5811935260987513,30.0,900.0,17.10126582278481,0.8463,21.3,83.0,1,4.1,0.0,9.0
Gary Trent Jr.,gary trent jr.,2025,27.0,1,2,0.026181979774517,0.05168116,3.7,7.3,3.6,0.147031703460509,-0.3369928340385849,,27.0,729.0,,,,77.0,1,,0.0,37.0
Jeremiah Robinson-Earl,jeremiah robinson-earl,2023,,3,3,0.0139684313451599,0.04046691,1.9,5.5,3.6,-0.4983373950649221,-0.118941099017512,,,,,,,81.0,0,,0.0,32.0
Paul Reed,paul reed,2026,26.0,2,2,0.0366188823529411,0.060178123,5.6,9.21,3.61,0.915997154614157,1.4568316193595858,1.84422514466051,26.0,676.0,13.861538461538462,0.761,20.6,81.0,1,13.3,0.0,58.0
Guerschon Yabusele,guerschon yabusele,2025,29.0,1,1,0.0389496345816101,0.064483196,5.5,9.11,3.61,-0.0262656940648788,-0.990738440068846,-0.3573416503959724,29.0,841.0,27.071428571428573,0.721,16.3,79.0,1,11.6,0.0,16.0
Tyler Herro,tyler herro,2023,23.0,1,4,0.1984987612206938,0.2250128,27.0,30.61,3.61,0.233903256739545,0.7503853866658706,0.3316641469930017,23.0,529.0,34.88059701492537,0.7817,25.6,77.0,0,19.9,2.5,13.0
Yves Missi,yves missi,2025,20.0,2,3,0.0237453968613676,0.049337257,3.35,6.97,3.62,-1.2840693857814045,-1.4803679466514683,-1.1309278780003666,20.0,400.0,26.794520547945204,0.8902,14.3,83.0,1,7.2,0.0,21.0
Tre Mann,tre mann,2022,20.0,2,3,0.0246346690388581,0.053952347,3.05,6.67,3.62,-1.105786994528816,-2.064666163384329,-1.2340965880517412,20.0,400.0,22.78333333333333,0.7317,22.0,76.0,0,10.7,0.0,18.0
Jalen Johnson,jalen johnson,2026,24.0,2,5,0.196078431372549,0.21976832,30.0,33.62,3.62,0.2489678466150702,0.95227278829009,0.9702847202000542,24.0,576.0,35.166666666666664,0.7073,27.0,80.0,1,33.5,0.0,20.0
Brook Lopez,brook lopez,2025,36.0,1,2,0.0619653277434706,0.08757849,8.75,12.37,3.62,0.3482802941351531,0.3458931351604712,-0.0120865475900913,36.0,1296.0,31.825,0.9671,15.8,85.0,1,7.8,0.0,10.0
James Harden,james harden,2025,35.0,1,2,0.2774821044133477,0.30308938,39.18,42.8,3.62,2.6123269392248987,2.4897473981385163,0.9409186172455384,35.0,1225.0,35.30379746835443,0.8866,29.6,77.0,1,36.8,0.0,3.0
Bobby Portis,bobby portis,2022,26.0,1,6,0.0876903481460515,0.11692987,10.84,14.46,3.62,0.7286910979583352,0.5438599317416404,0.3901769720042358,26.0,676.0,28.166666666666668,0.8638,21.3,81.0,0,6.4,0.0,22.0
John Konchar,john konchar,2023,26.0,4,4,0.0176443343307283,0.044223968,2.4,6.02,3.62,0.0522194859910681,,0.4434652284957189,26.0,676.0,20.75,0.8073,10.4,77.0,0,8.2,0.0,75.0
Drew Eubanks,drew eubanks,2022,24.0,3,3,0.0148484897497068,0.044166725,1.84,5.46,3.62,-0.7943786763597008,-0.636776286668455,-0.546917005704425,24.0,576.0,29.545454545454547,0.3928,18.0,82.0,0,9.1,0.0,75.0
Precious Achiuwa,precious achiuwa,2022,22.0,3,3,0.0229684202013667,0.052287254,2.84,6.47,3.63,-0.7660688292534176,-0.4513360429391207,-0.9916626235719608,22.0,484.0,23.63013698630137,0.8354,18.5,80.0,0,6.9,0.0,20.0
Montrezl Harrell,montrezl harrell,2020,26.0,1,1,0.084827,0.11823085,9.26,12.9,3.64,0.1222439659197978,1.0511675804661298,1.1264011933719853,26.0,676.0,27.761904761904763,0.9219,25.7,79.0,0,10.3,0.0,32.0
Drew Timme,drew timme,2025,24.0,1,1,0.0138474944762336,0.03971806,1.96,5.61,3.65,-1.7704201465784608,-0.317500794340597,-1.1899971407860024,24.0,576.0,28.22222222222222,0.1098,21.3,81.0,1,13.1,0.0,75.0
Kris Dunn,kris dunn,2019,24.0,1,1,0.0490013468938977,0.082457736,5.35,9.0,3.65,-0.8465810244469809,-0.6858055376035201,-0.2214999769739462,24.0,576.0,30.195652173913043,0.561,20.1,75.0,0,30.0,0.0,5.0
Stanley Johnson,stanley johnson,2022,25.0,1,1,0.01007,0.039661564,1.25,4.9,3.65,-0.3584070309229395,-0.5007867746002765,-0.1603147369617736,25.0,625.0,22.791666666666668,0.5853,12.5,78.0,0,9.8,0.0,8.0
Kel'el Ware,kel'el ware,2025,20.0,2,3,0.031466772420826,0.05738685,4.44,8.1,3.66,-0.5685188411604475,0.5584765816692162,0.0640401493689364,20.0,400.0,22.21875,0.7805,17.2,84.0,1,6.5,0.0,15.0
Alec Burks,alec burks,2019,27.0,1,1,0.021258,0.05484155,2.32,5.99,3.67,-0.9256136894989384,-0.3905882028507646,-0.220156249401113,27.0,729.0,28.794117647058822,0.4146,19.2,77.0,0,15.0,0.0,12.0
Gui Santos,gui santos,2026,23.0,1,3,0.0302590196078431,0.054283634,4.63,8.31,3.68,0.3621246042220581,0.1183997727639288,0.0750788693987241,23.0,529.0,20.514705882352946,0.6756,18.7,79.0,1,16.7,0.0,55.0
Malaki Branham,malaki branham,2023,19.0,2,3,0.0225838657266157,0.049623407,3.07,6.75,3.68,-1.3902395423756264,-1.719422973322018,-0.7432072608280716,19.0,361.0,23.484848484848484,0.8049,19.1,76.0,0,11.4,0.0,20.0
Austin Reaves,austin reaves,2022,23.0,1,1,0.012644195544054,0.042411875,1.56,5.24,3.68,-0.0583226515963376,-0.5935068964649436,0.105580578919276,23.0,529.0,23.24590163934426,0.7439,12.4,77.0,0,10.3,0.0,75.0
Grant Williams,grant williams,2022,23.0,1,1,0.0348249646193037,0.064716734,4.31,8.0,3.69,-0.2395056730765501,-0.6305949452108105,-0.0861904673171842,23.0,529.0,24.350649350649352,0.8917,12.6,79.0,0,5.7,0.0,22.0
Garrison Mathews,garrison mathews,2022,25.0,2,4,0.0161740325906756,0.045977447,2.0,5.69,3.69,-0.2225197648127801,-0.34007189670152,0.0827992666890582,25.0,625.0,26.338461538461537,0.7881,14.4,77.0,0,5.3,0.0,75.0
Derrick Favors,derrick favors,2020,28.0,1,1,0.084827,0.11875003,9.26,12.96,3.7,1.2446430043070364,0.9811066646949024,0.6583558805331681,28.0,784.0,24.37254901960784,0.7903,14.0,81.0,0,9.2,0.0,3.0
Landry Shamet,landry shamet,2019,21.0,1,2,0.0182803738317757,0.052209064,2.0,5.7,3.7,0.2019189985756548,-0.6412444304710286,-0.1217282046910831,21.0,441.0,20.51851851851852,0.6585,15.0,77.0,0,7.4,0.0,26.0
Matisse Thybulle,matisse thybulle,2021,23.0,3,3,0.0252651804935328,0.058248352,2.84,6.55,3.71,0.092009797391204,0.3272442856530212,1.065157200953504,23.0,529.0,19.96923076923077,0.834,9.4,77.0,0,6.3,0.0,20.0
Onyeka Okongwu,onyeka okongwu,2023,22.0,1,1,0.0596162577837245,0.0870058,8.11,11.83,3.72,0.8780548075750538,0.2495151598151799,0.3000436390932433,22.0,484.0,23.1125,0.7854,15.1,82.0,0,5.8,0.0,6.0
David Roddy,david roddy,2024,22.0,1,1,0.020252,0.046729162,2.85,6.57,3.72,-1.6632053589283358,-1.6635683875410232,-1.142147473056529,22.0,484.0,23.20833333333333,0.686,18.1,77.0,1,10.4,0.0,23.0
Larry Nance Jr.,larry nance jr.,2023,30.0,5,6,0.0762749869505444,0.103795715,10.38,14.12,3.74,1.4120949821993645,0.6755427090904801,0.5771748047575546,30.0,900.0,21.246153846153845,0.6171,11.9,78.0,0,11.7,0.0,27.0
Marquese Chriss,marquese chriss,2020,22.0,1,1,0.016713,0.051066022,1.82,5.57,3.75,-0.5087564884969084,0.5257107121819257,0.321725780012857,22.0,484.0,20.271186440677965,0.6356,19.0,81.0,0,15.3,0.0,8.0
Willie Cauley-Stein,willie cauley-stein,2020,26.0,1,2,0.037566,0.07205714,4.1,7.86,3.76,0.619226624708177,0.1228604464973694,0.1437002460838462,26.0,676.0,22.92682926829268,0.7263,14.4,84.0,0,9.9,0.0,6.0
Andre Drummond,andre drummond,2023,29.0,2,2,0.0247020680630196,0.052316144,3.36,7.12,3.76,0.5532262477520195,1.1764129359411708,0.2108286346617821,29.0,841.0,12.671641791044776,0.6488,21.0,83.0,0,5.7,0.0,9.0
Zach Edey,zach edey,2026,23.0,3,3,0.0413905882352941,0.06592984,6.33,10.09,3.76,0.0286099502225148,0.1048257435710424,0.6077435001628873,23.0,529.0,25.818181818181817,0.3857,20.2,87.0,1,6.6,1.0,9.0
Kevin Huerter,kevin huerter,2019,20.0,1,2,0.0241550302363936,0.058719464,2.64,6.41,3.77,-0.7991614254158065,-0.435149309983256,-0.0511825071173416,20.0,400.0,27.30666666666667,0.9146,15.7,78.0,0,14.5,0.0,19.0
Kevin Love,kevin love,2023,,1,3,0.0281996015321163,0.05594914,3.84,7.61,3.77,-0.2010366792946874,0.767656773798653,,,,,,,82.0,0,,0.0,5.0
Jordan Poole,jordan poole,2021,21.0,3,3,0.0192274983542975,0.052753817,2.16,5.93,3.77,-0.1636543909421011,-0.5527612255181916,0.3266295898442656,21.0,441.0,19.37254901960784,0.6856,25.0,76.0,0,15.4,0.0,28.0
Jakob Poeltl,jakob poeltl,2021,25.0,2,3,0.0778372800540857,0.11142231,8.75,12.53,3.78,1.1702457221012308,0.7288575390734405,0.348896753998313,25.0,625.0,26.73913043478261,0.8835,13.4,84.0,0,10.1,0.0,9.0
Frank Jackson,frank jackson,2022,23.0,1,1,0.000853,0.03151395,0.11,3.9,3.79,-0.7717307986746742,,-1.0185241708284862,23.0,529.0,21.9622641509434,0.6334,20.9,75.0,0,7.6,0.0,31.0
Jaylen Brown,jaylen brown,2021,24.0,2,2,0.220883137331649,0.25460723,24.83,28.62,3.79,1.487046998949022,0.2091227405293685,1.1517517282192438,24.0,576.0,34.46551724137931,0.7716,29.7,78.0,0,16.5,0.0,3.0
Julian Champagnie,julian champagnie,2025,23.0,3,4,0.0212452552263327,0.048135478,3.0,6.8,3.8,-0.0653973644738374,-0.7833123208094682,-0.176343321111645,23.0,529.0,23.5609756097561,0.7756,17.2,79.0,1,7.9,0.0,75.0
Deandre Ayton,deandre ayton,2026,27.0,2,2,0.0529673202614379,0.07777769,8.1,11.9,3.8,0.1119886137224006,-0.322537784635833,-0.1883380246301729,27.0,729.0,27.194444444444443,0.7195,16.7,84.0,1,4.5,0.0,1.0
Bones Hyland,bones hyland,2022,21.0,2,3,0.0178037281145121,0.048594404,2.2,6.01,3.81,,0.061715298045371,0.3051720756228261,21.0,441.0,18.98550724637681,0.8415,23.8,74.0,0,21.2,0.0,26.0
Deni Avdija,deni avdija,2024,23.0,1,4,0.1111403533729763,0.13819149,15.62,19.43,3.81,0.33152639216593,-0.3178752123577659,0.0923309147653777,23.0,529.0,30.093333333333334,,20.2,80.0,1,17.8,0.0,9.0
Bones Hyland,bones hyland,2023,22.0,3,3,0.0169562052918299,0.044981882,2.31,6.12,3.81,,-0.0210699052650782,-0.7443365646816346,22.0,484.0,19.52380952380953,0.6357,28.5,74.0,0,22.0,0.5,26.0
De'Andre Hunter,de'andre hunter,2021,23.0,3,3,0.0691675414094329,0.10321337,7.78,11.6,3.82,-0.2081177280435455,0.1618741224799074,0.6658945770246821,23.0,529.0,29.47826086956522,0.5034,20.2,79.0,0,9.7,0.0,4.0
Tyler Johnson,tyler johnson,2019,26.0,1,1,0.001949,0.03692114,0.21,4.03,3.82,-0.3776538784720332,-0.4964208322904316,-0.3256388638685169,26.0,676.0,25.52272727272728,0.5366,19.2,75.0,0,14.9,0.0,75.0
Shake Milton,shake milton,2021,24.0,2,3,0.016428,0.050489187,1.85,5.68,3.83,-0.6194035962319062,-0.5291369164934611,0.21436597056761,24.0,576.0,23.19047619047619,0.5996,24.9,77.0,0,20.3,0.0,54.0
Myles Turner,myles turner,2025,28.0,1,4,0.1792975681264517,0.20643772,25.32,29.15,3.83,1.3824744406576297,0.9733388214129064,-0.004189587324632,28.0,784.0,30.194444444444443,0.872,20.7,83.0,1,7.1,0.0,11.0
Miles McBride,miles mcbride,2025,24.0,2,3,0.0306875885218967,0.05775505,4.33,8.16,3.83,-0.0430364099544325,0.1568020703199958,0.5612327676822547,24.0,576.0,24.890625,0.7951,16.8,74.0,1,15.6,0.0,36.0
Steven Adams,steven adams,2024,,2,5,0.0896235809599681,0.1169084,12.6,16.44,3.84,0.8450752169733967,,,,,,,,83.0,1,,0.0,12.0
Malik Beasley,malik beasley,2023,,1,1,0.014848,0.04318022,2.02,5.87,3.85,-0.9993441568258734,-1.276124036913935,,,,,,,76.0,0,,0.0,19.0
Dalton Knecht,dalton knecht,2025,23.0,2,3,0.0283989575661435,0.05567243,4.01,7.86,3.85,-0.2666459551484815,-0.4603948179560289,-0.4034598983462549,23.0,529.0,19.15384615384616,0.9512,18.5,78.0,1,6.5,0.0,17.0
Javonte Green,javonte green,2025,31.0,1,1,0.016261642399864,0.043564852,2.3,6.15,3.85,0.5551191234396484,-1.0454762233127768,-0.3851389505303892,31.0,961.0,21.84,0.4159,10.9,77.0,1,5.5,0.0,75.0
Moritz Wagner,moritz wagner,2025,27.0,1,1,0.0354087587105546,0.06269261,5.0,8.85,3.85,0.3874119645441117,1.0209652552577384,0.6430452760324131,27.0,729.0,18.8,0.6146,26.8,83.0,1,13.7,0.0,25.0
Dereck Lively II,dereck lively ii,2025,20.0,3,3,0.0372029913319358,0.06448197,5.25,9.11,3.86,0.6613336574068217,0.7685409254696124,0.7741348164390378,20.0,400.0,23.13888888888889,0.5259,13.6,85.0,1,14.3,0.5,12.0
Nick Smith Jr.,nick smith jr.,2025,20.0,3,3,0.0191963628123052,0.046549495,2.71,6.57,3.86,-2.234409952856112,-2.416365055254085,-1.6082201564447276,20.0,400.0,22.816666666666663,0.6905,20.8,74.0,1,16.7,0.0,27.0
Aleksej Pokusevski,aleksej pokusevski,2023,21.0,1,1,0.004155,0.032633748,0.57,4.44,3.87,-1.147994514710991,-0.3146834865223796,-0.5173464901155116,21.0,441.0,20.61764705882353,0.5402,18.3,84.0,0,12.4,0.0,17.0
OG Anunoby,og anunoby,2023,25.0,1,1,0.137059,0.16557479,18.64,22.52,3.88,1.1368165416713694,1.0209704517461289,0.5048993581295353,25.0,625.0,35.61194029850746,0.689,19.5,79.0,0,8.0,0.0,23.0
Jake LaRavia,jake laravia,2024,22.0,3,3,0.0238475545565766,0.051397853,3.35,7.23,3.88,-0.2090513181577192,-0.5285054484734063,-0.3354955088692803,22.0,484.0,23.02857142857143,0.4268,21.1,79.0,1,11.1,0.0,19.0
Vince Williams Jr.,vince williams jr.,2024,23.0,2,3,0.0150844524425982,0.042840116,2.12,6.02,3.9,-0.2685148662933206,-0.224261774084148,0.2444915517044289,23.0,529.0,27.615384615384617,0.4649,15.8,76.0,1,18.0,0.0,47.0
Justin Holiday,justin holiday,2019,29.0,1,1,0.043678,0.07942948,4.77,8.67,3.9,-0.1774377936737409,-0.76378747508538,0.2111803014783351,29.0,841.0,34.86842105263158,0.4634,15.2,78.0,0,9.1,0.0,75.0
Kris Murray,kris murray,2026,25.0,1,1,0.0347385882352941,0.06032133,5.32,9.23,3.91,0.2549234654364906,-0.6210726251982192,-0.2902062766179105,25.0,625.0,23.385964912280706,0.7512,10.6,80.0,1,8.1,0.0,23.0
Eric Paschall,eric paschall,2020,23.0,1,1,0.013909,0.049850456,1.52,5.44,3.92,-0.7209513315750928,-0.9922757961946632,-0.633138447424564,23.0,529.0,27.566666666666663,0.8333,21.4,78.0,0,12.7,0.0,41.0
Jaylen Brown,jaylen brown,2022,25.0,1,2,0.2324295095224617,0.26408637,28.74,32.66,3.92,2.234774964012601,0.8467456631662198,1.4493379809166012,25.0,625.0,33.63636363636363,0.773,30.5,78.0,0,17.9,0.0,3.0
Jaren Jackson Jr.,jaren jackson jr.,2023,,2,3,0.1992501304945559,0.22810191,27.1,31.03,3.93,1.4726562391155231,2.074525066845857,,,,,,,82.0,0,,3.0,4.0
Garrison Mathews,garrison mathews,2023,,3,4,0.0147036119422736,0.043588143,2.0,5.93,3.93,0.0522194859910681,-0.5449686482928122,,,,,,,77.0,0,,0.0,75.0
Mikal Bridges,mikal bridges,2023,26.0,2,4,0.1595341895736687,0.18850093,21.7,25.64,3.94,0.6082819358576186,0.9000707418166517,0.5480387653356343,26.0,676.0,36.42857142857143,0.8171,19.2,78.0,0,14.1,3.0,10.0
Aaron Gordon,aaron gordon,2025,29.0,4,4,0.1617575137385983,0.18978637,22.84,26.8,3.96,1.5837230313322734,-0.2446144619768454,0.5340672243690747,29.0,841.0,28.37254901960784,0.7439,19.0,80.0,1,15.0,0.0,4.0
Corey Kispert,corey kispert,2023,,3,3,0.02736371589681,0.056447167,3.72,7.68,3.96,-0.2560923674002864,-1.1897671012500233,,,,,,,78.0,0,,0.0,15.0
Cameron Payne,cameron payne,2025,30.0,1,1,0.0050467183162427,0.03306255,0.71,4.67,3.96,-0.1212997507723496,0.4307272891265546,0.1221617769227169,30.0,900.0,15.13888888888889,,20.8,74.0,1,25.5,0.0,14.0
Jayson Tatum,jayson tatum,2021,22.0,1,4,0.2500004447844574,0.2851916,28.1,32.06,3.96,1.8149641100721747,2.069537076226899,1.3138072006736998,22.0,484.0,35.78125,0.8579,30.8,80.0,0,20.3,2.0,3.0
Cole Anthony,cole anthony,2023,22.0,1,1,0.0407273215165305,0.06995136,5.54,9.51,3.97,-0.1349698535679685,0.3128435793020488,0.0080056625619031,22.0,484.0,25.866666666666667,0.7183,21.5,74.0,0,22.9,0.0,15.0
Leonard Miller,leonard miller,2026,22.0,2,2,0.0157268300653594,0.041668497,2.41,6.38,3.97,-0.555040694276686,-0.3655131129071884,0.1158947683433058,22.0,484.0,23.11111111111111,0.2537,18.3,82.0,1,8.3,0.0,33.0
Gary Trent Jr.,gary trent jr.,2024,,1,1,0.0148484863572993,0.04310672,2.09,6.06,3.97,-0.3063553060159761,-0.7976440835100577,,,,,,,77.0,1,,0.0,37.0
Josh Christopher,josh christopher,2022,20.0,2,2,0.019184,0.051346473,2.37,6.35,3.98,-0.6528294408282849,-1.2487290909752584,-0.4914938132637459,20.0,400.0,18.027027027027028,0.9024,21.1,76.0,0,17.3,0.0,24.0
Malcolm Hill,malcolm hill,2023,,1,1,0.000853,0.030114356,0.12,4.1,3.98,-0.4763151198226825,,,,,,,,78.0,0,,0.0,75.0
Luke Kornet,luke kornet,2023,,2,2,0.0177421427573683,0.04707974,2.41,6.4,3.99,0.2614311007923445,-0.118941099017512,,,,,,,85.0,0,,0.0,75.0
Andrew Wiggins,andrew wiggins,2023,27.0,1,4,0.1788720638724902,0.20829827,24.33,28.33,4.0,1.2469279178825672,0.3070864502577881,0.6020194895359362,27.0,729.0,32.16216216216216,0.6659,21.5,78.0,0,10.5,0.0,1.0
Tari Eason,tari eason,2024,22.0,3,3,0.0262836088428599,0.05475352,3.7,7.7,4.0,-0.0576895592670974,0.2672087768523458,1.2021579333434291,22.0,484.0,21.818181818181817,0.5427,19.8,80.0,1,8.3,0.5,17.0
P.J. Washington,p.j. washington,2022,23.0,1,1,0.0469729084954106,0.07939593,5.81,9.82,4.01,0.2304377888877509,0.216248834486483,-0.2983626886851829,23.0,529.0,27.2,0.7916,15.6,79.0,0,11.2,0.0,12.0
Darius Bazley,darius bazley,2022,21.0,1,1,0.034488,0.06691481,4.26,8.27,4.01,-1.309617893694055,-1.5454334809421937,-0.7335877581580007,21.0,441.0,27.88405797101449,0.7914,18.3,81.0,0,7.7,0.0,23.0
Andrew Nembhard,andrew nembhard,2023,23.0,2,3,0.0156733519088964,0.045248028,2.13,6.15,4.02,-1.2305780468693892,-1.103410165586111,-0.3237838096148477,23.0,529.0,27.64,0.9146,16.1,76.0,0,22.4,0.0,31.0
Dion Waiters,dion waiters,2019,27.0,1,1,0.004615,0.04146304,0.5,4.53,4.03,-0.5199126755655566,-0.4574298635495017,-0.1052675419238768,27.0,729.0,25.863636363636363,0.5366,21.1,75.0,0,16.4,0.0,75.0
OG Anunoby,og anunoby,2022,24.0,2,2,0.140367,0.17298423,17.36,21.39,4.03,0.6437615566394855,0.6365800536063075,0.8621241567138227,24.0,576.0,36.0,0.6417,20.5,79.0,0,11.0,0.0,23.0
Josh Okogie,josh okogie,2025,26.0,1,1,0.016261642399864,0.04502243,2.3,6.36,4.06,1.0806015546456635,0.60465631219541,0.4178239692615135,26.0,676.0,14.04,0.5476,18.1,76.0,1,5.8,0.0,20.0
Coby White,coby white,2020,19.0,2,3,0.0510599230346344,0.08824706,5.57,9.63,4.06,-0.5645972366753781,-0.5719103015673002,-0.8797847326134843,19.0,361.0,25.753846153846155,0.9028,24.4,76.0,0,16.5,0.0,7.0
Jay Huff,jay huff,2026,27.0,3,4,0.0174375424836601,0.044084366,2.67,6.74,4.07,-0.0369018568131097,0.0795695835578404,-0.529956809073899,27.0,729.0,20.963414634146343,0.7829,18.0,85.0,1,10.4,0.0,75.0
Kris Murray,kris murray,2024,23.0,2,3,0.0212681025407573,0.050318155,2.99,7.07,4.08,-0.1603993242285908,-0.6221188867470241,-0.3099921252768594,23.0,529.0,21.741935483870968,0.7561,14.1,80.0,1,8.4,0.0,23.0
Dwight Powell,dwight powell,2023,31.0,1,3,0.0294072238845472,0.05937961,4.0,8.08,4.08,1.2138945050192078,0.8827993546838693,0.1322290864538111,31.0,961.0,19.18421052631579,0.9049,12.6,82.0,0,6.9,0.0,45.0
Hamidou Diallo,hamidou diallo,2023,24.0,1,1,0.000853,0.030918999,0.12,4.21,4.09,0.0081749355065889,-0.2340836799027282,0.4405290384764557,24.0,576.0,17.785714285714285,0.6317,21.8,77.0,0,9.2,0.0,45.0
Jaren Jackson Jr.,jaren jackson jr.,2020,,2,2,0.066495876855415,0.10409444,7.26,11.36,4.1,0.6248106995260241,0.0995068079069603,,,,,,,82.0,0,,0.0,4.0
Dwight Powell,dwight powell,2024,32.0,2,3,0.0284519304634819,0.057648454,4.0,8.1,4.1,0.9640023132445996,-0.1657533751631369,-0.228897096550397,32.0,1024.0,13.26984126984127,0.8622,9.1,82.0,1,12.4,0.0,45.0
Kyle Anderson,kyle anderson,2023,29.0,2,4,0.0677800633725674,0.09791027,9.22,13.32,4.1,0.7349100185004963,0.5604001282052639,0.5674627916169146,29.0,841.0,28.36231884057971,0.8415,14.4,80.0,0,22.6,0.0,30.0
Alec Burks,alec burks,2020,28.0,1,1,0.054975,0.09256941,6.0,10.1,4.1,-0.3356501691436527,-0.7820930488809817,0.1310766173143346,28.0,784.0,28.95833333333333,0.5722,23.8,77.0,0,17.4,0.0,12.0
Wendell Carter Jr.,wendell carter jr.,2020,20.0,2,2,0.0499252336448598,0.08771902,5.45,9.57,4.12,0.0161465443807056,0.3914272902870736,-0.1259275171213645,20.0,400.0,29.2093023255814,0.5745,16.4,82.0,0,6.0,0.0,7.0
Isaiah Jackson,isaiah jackson,2023,,3,3,0.0198225274038567,0.05015942,2.7,6.82,4.12,-0.4267650005276434,0.0883155465758772,,,,,,,80.0,0,,0.0,22.0
Domantas Sabonis,domantas sabonis,2020,23.0,1,3,0.1814183617372182,0.2192271,19.8,23.93,4.13,0.7420762707008102,1.4890483040362994,1.095327645631649,23.0,529.0,34.82258064516129,0.8766,23.3,82.0,0,21.7,0.0,11.0
Noah Vonleh,noah vonleh,2019,23.0,1,1,0.018325,0.056285534,2.0,6.14,4.14,-0.3565785011248445,0.1274346675644477,-0.0236360918742616,23.0,529.0,25.323529411764707,0.8293,14.8,82.0,0,11.1,0.0,9.0
Jack White,jack white,2023,,1,1,0.000457,0.03088247,0.06,4.2,4.14,-0.4487872757698831,-0.3722547769649877,,,,,,,79.0,0,,0.0,75.0
Luka Garza,luka garza,2024,,1,3,0.0153825788829772,0.044885743,2.16,6.31,4.15,0.1152953080364702,-0.5226546085813052,,,,,,,82.0,1,,0.0,52.0
Anthony Davis,anthony davis,2019,25.0,1,1,0.2482409657320872,0.2862732,27.09,31.24,4.15,2.114509492833026,3.915128773826216,2.173022557814765,25.0,625.0,33.035714285714285,0.6829,29.5,82.0,0,19.0,0.0,1.0
Christian Braun,christian braun,2024,22.0,3,3,0.021976555609298,0.051465284,3.09,7.24,4.15,-0.5658326069713276,-0.6455222463154286,-0.2440845047571196,22.0,484.0,20.182926829268293,0.9726,15.7,78.0,1,10.2,0.0,21.0
Luguentz Dort,luguentz dort,2021,21.0,1,1,0.0158576422865479,0.05295649,1.78,5.95,4.17,-0.9473207073550588,-0.6177280753362007,-0.3219015661423645,21.0,441.0,29.673076923076923,0.5838,21.7,76.0,0,8.8,0.0,75.0
Thaddeus Young,thaddeus young,2019,30.0,1,2,0.118197,0.15649314,12.9,17.08,4.18,1.1134290688415645,1.118919301262381,1.0536974896447338,30.0,900.0,30.7283950617284,0.9878,18.0,80.0,0,12.0,0.0,12.0
Bol Bol,bol bol,2023,,1,2,0.014848,0.04566008,2.02,6.21,4.19,0.1127807429072271,-0.3146834865223796,,,,,,,87.0,0,,0.0,44.0
Luke Kennard,luke kennard,2019,22.0,1,1,0.0350665200659703,0.07366112,3.83,8.04,4.21,0.0438536684717399,-0.9197513500490998,0.1164475075935965,22.0,484.0,22.80952380952381,0.7683,18.1,77.0,0,12.3,0.0,12.0
Usman Garuba,usman garuba,2023,20.0,1,1,8.5e-05,0.031119425,0.01,4.23,4.22,0.2614311007923445,-0.5967828096911595,-0.5299946932754149,20.0,400.0,12.933333333333334,0.6814,10.5,80.0,0,8.8,0.0,23.0
T.J. Warren,t.j. warren,2023,29.0,1,1,0.001621,0.03262767,0.22,4.44,4.22,-0.3166536243164454,-0.8846392619042002,0.107158540904717,29.0,841.0,12.3125,,16.0,80.0,0,7.7,0.0,14.0
Grayson Allen,grayson allen,2024,28.0,1,4,0.1111403533729763,0.14111772,15.62,19.84,4.22,0.6126268015342275,0.5187948922126939,0.7006869076497576,28.0,784.0,33.50666666666667,0.8817,14.5,75.0,1,12.1,0.0,21.0
Chris Paul,chris paul,2025,39.0,1,1,0.016261642399864,0.04628908,2.3,6.54,4.24,0.1582121807202115,0.1676840236870486,0.5056381674134212,39.0,1521.0,27.951219512195124,0.8561,14.0,72.0,1,34.8,0.0,4.0
Ja Morant,ja morant,2023,23.0,1,5,0.25,0.28121215,34.01,38.25,4.24,1.3625448629043255,2.1896676477310737,0.8000993854508515,23.0,529.0,31.9344262295082,0.7341,34.9,74.0,0,41.1,8.0,2.0
Keita Bates-Diop,keita bates-diop,2023,27.0,1,1,0.017252,0.04849361,2.35,6.6,4.25,0.2394088255501049,-0.2398408089469891,0.0269779673017581,27.0,729.0,21.671641791044777,0.6976,16.7,80.0,0,9.8,0.0,48.0
Victor Oladipo,victor oladipo,2019,26.0,1,1,0.192413,0.23131308,21.0,25.25,4.25,2.1355848701802143,1.2693130378345396,1.5031743627574294,26.0,676.0,31.86111111111111,0.439,27.9,75.0,0,25.2,0.0,2.0
Mike Conley,mike conley,2021,33.0,1,3,0.1868094721298059,0.22467107,21.0,25.26,4.26,2.092859966956202,1.862824372260507,1.8707955706936907,33.0,1089.0,29.37254901960784,0.6775,23.1,73.0,0,30.6,0.0,4.0
D'Angelo Russell,d'angelo russell,2023,26.0,1,2,0.1272428007440027,0.15857999,17.31,21.57,4.26,0.4376093027302615,0.3301149664348313,0.0111677133518789,26.0,676.0,32.925925925925924,0.6695,22.8,75.0,0,27.0,0.0,2.0
Isaiah Hartenstein,isaiah hartenstein,2023,,1,1,0.0679683357716823,0.09984891,9.25,13.58,4.33,1.0707497159446504,0.6064571605593503,,,,,,,84.0,0,,0.0,43.0
Jrue Holiday,jrue holiday,2020,29.0,2,2,0.2370909932197178,0.276768,25.88,30.21,4.33,1.964988655809294,0.9110457489236752,1.1639483968915585,29.0,841.0,34.704918032786885,0.8359,24.5,76.0,0,29.1,0.0,17.0
Malik Monk,malik monk,2021,22.0,1,1,0.0159166651840518,0.05450837,1.79,6.13,4.34,-0.4804556677898925,-0.4641700666754521,-0.0027388799343519,22.0,484.0,20.904761904761905,0.6633,23.8,75.0,0,15.7,0.0,11.0
Payton Pritchard,payton pritchard,2024,26.0,1,4,0.0476315830654109,0.07854807,6.7,11.04,4.34,0.3963957174047678,1.168238120235918,0.5370640758377082,26.0,676.0,22.25609756097561,0.8488,17.2,73.0,1,20.7,0.0,26.0
Javonte Green,javonte green,2022,28.0,3,3,0.0146834094860701,0.049987055,1.82,6.18,4.36,0.1794800640964411,0.2966062734358612,0.7580781635429772,28.0,784.0,23.369230769230768,0.6211,11.5,77.0,0,5.3,0.0,75.0
Josh Richardson,josh richardson,2023,29.0,1,1,0.021258,0.053356897,2.89,7.26,4.37,-0.1129475783257289,-0.9076677780812432,0.0628898298450552,29.0,841.0,23.73809523809524,0.561,20.5,77.0,0,19.3,0.0,40.0
DeMarcus Cousins,demarcus cousins,2021,30.0,1,1,0.010129,0.049010113,1.14,5.51,4.37,-0.4248764964130871,0.8824155477341891,-0.4038571008760112,30.0,900.0,20.24,,23.1,82.0,0,18.0,0.0,5.0
AJ Griffin,aj griffin,2023,19.0,2,2,0.027297,0.059538055,3.71,8.1,4.39,-0.4102482940959637,-0.763739551974723,0.0454985505001881,19.0,361.0,19.45833333333333,0.878,17.9,78.0,0,7.0,0.0,16.0
Michael Carter-Williams,michael carter-williams,2021,29.0,2,2,0.029356,0.06838857,3.3,7.69,4.39,0.5644327540940509,-0.5350429937496437,-0.549830732552544,29.0,841.0,25.806451612903224,0.4058,20.2,78.0,0,24.3,0.0,11.0
R.J. Hampton,r.j. hampton,2022,20.0,1,1,0.003925,0.039648995,0.49,4.9,4.41,-1.824857111028409,-2.0337594560961074,-1.1851337677360492,20.0,400.0,21.90625,0.6067,18.4,76.0,0,16.9,0.0,24.0
Brook Lopez,brook lopez,2020,31.0,2,4,0.1163429998167491,0.15680747,12.7,17.11,4.41,1.535014894835078,1.6058164969883448,0.8201972750140869,31.0,961.0,26.72058823529412,0.9607,18.3,85.0,0,7.4,0.0,10.0
Donte DiVincenzo,donte divincenzo,2022,25.0,2,2,0.0363915733290202,0.07203256,4.5,8.91,4.41,-0.1715620400214704,-1.2240037251446805,0.5234646495302864,25.0,625.0,26.6,0.5772,18.5,76.0,0,18.6,0.0,17.0
Pelle Larsson,pelle larsson,2026,24.0,1,1,0.0150083071895424,0.04398397,2.3,6.73,4.43,-0.4001946049197551,-0.0269883540969552,0.0479826003514808,24.0,576.0,26.414285714285715,0.7851,16.8,77.0,1,16.8,0.0,44.0
Matisse Thybulle,matisse thybulle,2020,22.0,2,3,0.0248422210005497,0.06544957,2.71,7.14,4.43,0.2450936119124309,-0.1807368551779483,0.714353003023566,22.0,484.0,19.8,0.9028,11.2,77.0,0,8.0,0.0,20.0
Emmanuel Mudiay,emmanuel mudiay,2019,22.0,1,1,0.015917,0.056550868,1.74,6.17,4.43,-1.167980528991608,-1.421063805289628,-0.8241617933896236,22.0,484.0,27.23728813559322,0.7195,25.6,75.0,0,24.2,0.0,7.0
Lonzo Ball,lonzo ball,2020,22.0,1,1,0.1008226314824995,0.14153183,11.0,15.45,4.45,0.2115891630053491,-0.2741514095395846,0.0802584194473261,22.0,484.0,32.142857142857146,0.7618,18.5,77.0,0,29.1,0.0,2.0
Santi Aldama,santi aldama,2024,23.0,1,1,0.0281711881526161,0.059868097,3.96,8.42,4.46,-0.5171806130421992,-0.4992512490129006,-0.2879274001463377,23.0,529.0,26.524590163934427,0.7317,17.9,84.0,1,13.3,0.0,30.0
Killian Hayes,killian hayes,2024,22.0,1,1,0.0008533587503912,0.032826692,0.12,4.62,4.5,-1.0253236607464296,-0.7683898840495521,-0.6209041612069357,22.0,484.0,24.0,0.6951,15.1,76.0,1,27.8,0.0,7.0
Aaron Wiggins,aaron wiggins,2025,26.0,2,5,0.0715455427454535,0.10346142,10.1,14.61,4.51,1.1700453727232831,0.6182063627083693,0.901433815918242,26.0,676.0,22.94736842105263,,20.3,77.0,1,10.6,0.0,55.0
Goga Bitadze,goga bitadze,2025,25.0,2,3,0.0590145954903404,0.091004774,8.33,12.85,4.52,0.8681724867113169,1.3278991993441402,0.7030621740499039,25.0,625.0,20.428571428571427,0.6951,14.3,83.0,1,14.8,0.0,18.0
Jeff Teague,jeff teague,2020,31.0,1,1,0.004678,0.04608276,0.51,5.03,4.52,-0.6986150323037049,-0.7470625909953682,-0.0414463092023248,31.0,961.0,27.794117647058822,0.4872,20.2,75.0,0,32.5,0.0,19.0
Keegan Murray,keegan murray,2023,22.0,2,3,0.0618213364112894,0.09513786,8.41,12.94,4.53,-0.3882260188537241,0.1804296112840502,0.0877345146234368,22.0,484.0,29.775,0.9756,15.8,80.0,0,5.5,0.0,4.0
Anthony Black,anthony black,2025,21.0,3,3,0.0564435442751118,0.088546135,7.97,12.5,4.53,-0.154841182551457,-0.4024606536837634,-0.3570257719853541,21.0,441.0,24.192307692307693,0.9101,19.6,79.0,1,19.4,0.0,6.0
Shaquille Harrison,shaquille harrison,2023,29.0,1,1,0.000853,0.03422359,0.12,4.66,4.54,-0.1294642847574086,0.341629224523353,1.5946775768176378,29.0,841.0,24.0,0.0793,17.6,76.0,0,34.9,0.0,75.0
Jaime Jaquez Jr.,jaime jaquez jr.,2025,23.0,3,3,0.0273468925273355,0.059453636,3.86,8.4,4.54,-0.3504995345962499,-0.18427107748571,-0.1605494005807264,23.0,529.0,20.727272727272727,0.846,20.2,78.0,1,17.9,1.0,18.0
Reggie Jackson,reggie jackson,2024,33.0,1,1,0.013843,0.046196587,1.95,6.49,4.54,-1.6740169131348086,-1.0960369180072147,-0.7607429386575139,33.0,1089.0,22.15853658536585,0.8732,21.7,74.0,1,23.0,0.0,24.0
DeAndre' Bembry,deandre' bembry,2019,24.0,1,1,0.023859,0.065434396,2.6,7.14,4.54,-0.4408800105135992,-0.8974707964828542,-0.0199408410489704,24.0,576.0,23.54878048780488,1.0,17.2,77.0,0,14.7,0.0,21.0
Andre Roberson,andre roberson,2019,,1,1,0.098413,0.14013807,10.74,15.29,4.55,1.6877331015524553,,,,,,,,79.0,0,,0.0,26.0
Cason Wallace,cason wallace,2024,20.0,2,3,0.0395188778558625,0.07217617,5.56,10.15,4.59,0.4720765968500787,-0.5402071282576085,0.3785992317185079,20.0,400.0,20.634146341463413,1.0,12.9,75.0,1,8.9,0.0,10.0
Derrick White,derrick white,2021,26.0,1,4,0.1350238493426085,0.17591503,15.18,19.78,4.6,1.2258248934780365,0.770200079866719,0.7589836938353525,26.0,676.0,29.55555555555556,0.6663,22.4,76.0,0,17.4,0.0,29.0
Brook Lopez,brook lopez,2021,32.0,3,4,0.1183333481594819,0.15936513,13.3,17.91,4.61,1.5481840874635082,1.0595978654196685,0.0776703239552635,32.0,1024.0,27.17142857142857,0.9077,16.9,85.0,0,3.5,2.0,10.0
Aaron Holiday,aaron holiday,2020,23.0,2,2,0.0214920285871357,0.06379525,2.35,6.96,4.61,-0.4584998151362857,-0.4960109761484708,-0.1016513079492266,23.0,529.0,24.5,0.8016,18.7,72.0,0,19.1,0.0,23.0
Bobi Klintman,bobi klintman,2025,23.0,1,1,0.0138474944762336,0.04670185,1.96,6.59,4.63,-0.0430364099544325,0.1050435949929427,,23.0,529.0,,,,81.0,1,,0.0,37.0
Jaden McDaniels,jaden mcdaniels,2022,21.0,3,3,0.017479600501395,0.0550643,2.16,6.81,4.65,-0.3131112755528864,-0.4451547014814762,-0.567658200421489,21.0,441.0,25.757142857142856,0.8216,15.3,81.0,0,6.1,0.0,28.0
JaVale McGee,javale mcgee,2019,31.0,1,2,0.0366501740883269,0.07929778,4.0,8.65,4.65,-0.082598595611392,0.656597814762783,0.1523922201668838,31.0,961.0,22.28,0.9146,20.2,84.0,0,4.8,0.0,18.0
Isaiah Collier,isaiah collier,2026,21.0,3,3,0.0180650980392156,0.048514623,2.76,7.42,4.66,-1.03744581881174,-0.8115821411806449,-0.832131657562777,21.0,441.0,25.71186440677966,0.7744,20.4,76.0,1,39.2,0.0,29.0
Josh Jackson,josh jackson,2021,23.0,1,1,0.044526,0.08611418,5.01,9.68,4.67,-0.0691697996015318,-0.9071258608891498,-0.2612853970563467,23.0,529.0,25.161290322580644,0.6624,26.5,80.0,0,15.1,0.0,4.0
Reggie Bullock,reggie bullock,2023,31.0,1,1,0.014848,0.049237795,2.02,6.7,4.68,-0.4377761381487632,,-0.3716662930059103,31.0,961.0,30.307692307692307,0.8829,10.0,78.0,0,6.2,0.0,75.0
Chris Boucher,chris boucher,2025,32.0,1,1,0.016261642399864,0.049421847,2.3,6.98,4.68,1.0582406001262583,0.588339666791746,0.5438594550982442,32.0,1024.0,17.24,0.6732,21.2,80.0,1,5.9,0.0,75.0
Bruno Caboclo,bruno caboclo,2019,,1,1,0.016908,0.059932187,1.85,6.54,4.69,-0.1405558833161608,,,,,,,,81.0,0,,0.0,20.0
Marc Gasol,marc gasol,2020,35.0,1,1,0.0235,0.066563606,2.56,7.26,4.7,0.9375188893254538,0.7417318691432097,0.3032758610420322,35.0,1225.0,26.38636363636364,0.6243,13.2,83.0,0,17.3,0.0,48.0
Ben McLemore,ben mclemore,2020,26.0,2,2,0.020918,0.06402816,2.28,6.99,4.71,0.3009343600909004,-0.6186175787481183,0.283854893704322,26.0,676.0,22.80281690140845,0.7032,16.0,75.0,0,5.2,0.0,7.0
Enes Freedom,enes freedom,2021,28.0,1,1,0.0235,0.06535053,2.64,7.35,4.71,,1.000537092857842,0.4608511071061623,28.0,784.0,24.416666666666668,0.788,17.4,82.0,0,7.2,0.0,3.0
Max Strus,max strus,2022,25.0,2,2,0.0146834094860701,0.052820835,1.82,6.53,4.71,0.2077899112027243,-0.043367506734585,0.4000375399844793,25.0,625.0,23.33823529411765,0.6966,18.1,77.0,0,8.8,0.0,75.0
Jeremy Lamb,jeremy lamb,2019,26.0,1,2,0.096207,0.13940625,10.5,15.21,4.71,0.5654692578146593,0.8459825200758714,1.112485570956185,26.0,676.0,28.481012658227847,0.9634,22.5,77.0,0,11.9,0.0,12.0
Jeff Green,jeff green,2019,32.0,1,2,0.0234996609858896,0.066931486,2.56,7.3,4.74,-0.467224232197585,-0.6858055376035201,-0.225867091585654,32.0,1024.0,27.233766233766232,0.939,17.8,80.0,0,9.2,0.0,5.0
Ausar Thompson,ausar thompson,2025,22.0,3,3,0.0621423715370234,0.09590919,8.78,13.54,4.76,0.521577691660541,0.9208842105254672,1.4820183346348106,22.0,484.0,22.508474576271187,0.7378,19.1,79.0,1,14.4,0.0,5.0
Dorian Finney-Smith,dorian finney-smith,2020,26.0,2,3,0.0366501740883269,0.08022973,4.0,8.76,4.76,0.3735273327229109,-0.3500507349584141,0.5191722812795779,26.0,676.0,29.859154929577464,0.9867,12.9,79.0,0,7.2,0.0,75.0
Kendrick Nunn,kendrick nunn,2020,24.0,1,1,0.015245,0.05878321,1.66,6.42,4.76,-0.8326328279320321,-0.3909196024916299,-0.3217556044432763,24.0,576.0,29.28358208955224,0.9306,24.1,75.0,0,18.5,0.0,75.0
Bam Adebayo,bam adebayo,2022,24.0,2,5,0.245455339452509,0.28400669,30.35,35.12,4.77,1.83277513510338,1.8048535891011144,1.3313511847392043,24.0,576.0,32.589285714285715,0.7756,25.0,81.0,0,17.5,4.0,14.0
Eric Gordon,eric gordon,2024,,2,2,0.023499665689817,0.05741128,3.3,8.07,4.77,-0.1928339868480097,-0.7742407239416532,,,,,,,75.0,1,,0.0,7.0
Landry Shamet,landry shamet,2020,22.0,2,2,0.0191500824628917,0.06306905,2.09,6.88,4.79,-0.4138272165935101,-0.4843341568532662,0.0333244150478596,22.0,484.0,27.39622641509434,0.707,13.4,77.0,0,9.1,0.0,26.0
Ryan Dunn,ryan dunn,2026,23.0,3,3,0.0181976470588235,0.049571946,2.78,7.58,4.8,-0.1321917579558364,0.1175724212306624,-0.0977884673077395,23.0,529.0,19.357142857142858,0.872,13.7,79.0,1,10.3,0.0,28.0
JaKarr Sampson,jakarr sampson,2019,25.0,1,2,0.015917,0.05989782,1.74,6.54,4.8,-0.3829227228088304,-0.067520176140202,1.461182876106393,25.0,625.0,31.75,0.0488,23.1,79.0,0,5.3,0.0,75.0
Rondae Hollis-Jefferson,rondae hollis-jefferson,2020,25.0,1,1,0.003966,0.048034918,0.43,5.24,4.81,0.3344388089979822,0.9635914357520956,0.4395463151949659,25.0,625.0,18.7,0.7907,17.2,78.0,0,13.6,0.0,23.0
Taurean Prince,taurean prince,2025,30.0,1,1,0.0233965072800407,0.057408396,3.3,8.11,4.81,-0.6020602729395549,-0.7469910485706844,-0.1068500707756031,30.0,900.0,27.075,0.9049,12.5,78.0,1,9.4,0.0,12.0
VJ Edgecombe,vj edgecombe,2026,20.0,2,3,0.0762345098039215,0.10768067,11.66,16.48,4.82,-0.2751266096699264,-0.1652989178740121,0.3916593292798075,20.0,400.0,34.973333333333336,0.9146,20.1,76.0,1,17.4,0.0,75.0
Justin Holiday,justin holiday,2022,32.0,1,1,0.004608,0.04377763,0.57,5.41,4.84,-0.3753929391867094,-0.531693481888499,-0.2565402796655294,32.0,1024.0,28.897959183673468,0.765,15.9,78.0,0,8.8,0.0,75.0
Marcus Smart,marcus smart,2026,31.0,2,2,0.0352333333333333,0.06688599,5.39,10.23,4.84,0.5943937382574545,0.1207341649282096,0.2229078815425453,31.0,961.0,28.532258064516128,0.4963,15.4,75.0,1,13.6,0.0,6.0
Day'Ron Sharpe,day'ron sharpe,2024,,1,1,0.0283745554385865,0.062861435,3.99,8.84,4.85,0.1801646332753081,0.5421982517810984,,,,,,,82.0,1,,0.0,29.0
Daniel Gafford,daniel gafford,2022,23.0,2,2,0.0156134487080991,0.055019755,1.93,6.8,4.87,0.2191138500452376,0.5067718829957735,0.1769846918796602,23.0,529.0,20.05555555555556,0.6426,16.7,82.0,0,7.3,0.0,38.0
Isaiah Collier,isaiah collier,2025,20.0,2,3,0.018683077446037,0.053391818,2.64,7.54,4.9,-1.2672986698918507,-1.750005888739637,-1.1975782226408431,20.0,400.0,25.901408450704224,0.8659,18.9,76.0,1,34.3,0.0,29.0
Toumani Camara,toumani camara,2024,23.0,1,1,0.0134567459527128,0.048262093,1.89,6.79,4.9,-0.019849119544442,-0.6338205665312263,-0.254687035014643,23.0,529.0,24.84285714285714,0.8537,13.8,79.0,1,7.2,0.0,52.0
Josh Hart,josh hart,2020,24.0,1,1,0.0319878962800073,0.07699301,3.49,8.4,4.91,0.1557484148268795,-0.525203024386482,0.1472607567624265,24.0,576.0,27.0,0.8706,15.3,77.0,0,8.2,0.0,30.0
Josh Okogie,josh okogie,2023,24.0,1,1,0.020702222450945,0.05704392,2.82,7.76,4.94,0.9165937892489732,0.4164719020987434,0.2921385121183037,24.0,576.0,18.75,0.7622,17.7,76.0,0,10.3,0.0,20.0
Jaylen Brown,jaylen brown,2019,22.0,1,1,0.0598756551218618,0.10522576,6.53,11.48,4.95,0.207187842912452,-0.0118187922245878,0.2346955340029156,22.0,484.0,25.85135135135135,0.9024,22.1,78.0,0,7.7,0.0,3.0
Jarrett Allen,jarrett allen,2024,25.0,4,5,0.1422596523174097,0.17746632,20.0,24.95,4.95,1.0829294095158024,1.612901952035603,0.8370870266384363,25.0,625.0,31.714285714285715,0.8549,19.4,81.0,1,13.2,0.0,22.0
Cole Anthony,cole anthony,2025,24.0,1,1,0.016261642399864,0.05139429,2.3,7.26,4.96,0.3091486237261945,0.0760419312130802,-0.3949311812595588,24.0,576.0,18.417910447761194,0.8512,24.6,74.0,1,25.5,0.0,15.0
Tristan Thompson,tristan thompson,2021,29.0,1,1,0.008896,0.052979883,1.0,5.96,4.96,-0.0135906282247263,0.2445592040664644,-0.5631291778112113,29.0,841.0,23.83333333333333,0.6716,14.8,81.0,0,7.2,0.0,4.0
Jordan Clarkson,jordan clarkson,2022,29.0,3,3,0.1078807973798067,0.14796886,13.34,18.3,4.96,0.932521997123574,0.7478441998439083,0.641451445707683,29.0,841.0,27.10126582278481,0.8472,26.8,77.0,0,14.5,2.0,46.0
Tyler Herro,tyler herro,2020,20.0,2,3,0.0350214403518416,0.08046764,3.82,8.78,4.96,-0.4473316655005919,-1.5235710741264696,-0.280324207456161,20.0,400.0,27.41818181818181,0.7639,22.3,77.0,0,12.7,0.0,13.0
Keon Johnson,keon johnson,2025,22.0,2,2,0.0166391280947255,0.051909365,2.35,7.33,4.98,-1.026918408808248,-1.2991976158446066,-0.7420815545291501,22.0,484.0,24.367088607594937,0.5976,21.7,77.0,1,14.6,0.0,21.0
Skylar Mays,skylar mays,2023,25.0,1,1,0.013227,0.049975608,1.8,6.8,5.0,-0.2065422481052473,0.3070864502577881,0.3662208449120234,25.0,625.0,31.5,0.2195,19.3,76.0,0,40.0,0.0,50.0
Deandre Ayton,deandre ayton,2019,20.0,1,2,0.0876206706981858,0.13345829,9.56,14.57,5.01,-0.4145357888296134,-0.106511144881132,-0.2702101014891486,20.0,400.0,30.74647887323944,0.8659,21.2,84.0,0,9.6,0.0,1.0
D'Angelo Russell,d'angelo russell,2024,27.0,2,2,0.1329580547415142,0.1689907,18.69,23.76,5.07,0.5585690305018626,0.1852970183629301,0.3596866101780609,27.0,729.0,32.68421052631579,0.8195,23.0,75.0,1,27.6,0.0,2.0
Lonzo Ball,lonzo ball,2025,27.0,1,1,0.0708175174211092,0.10684378,10.0,15.09,5.09,0.9128943957501268,0.6429288785877996,0.3385384881963021,27.0,729.0,22.2,,15.9,77.0,1,18.9,0.0,2.0
Jarred Vanderbilt,jarred vanderbilt,2022,22.0,2,3,0.0353726092758076,0.07663251,4.37,9.48,5.11,1.0344374467061936,0.203886151571194,0.9233276821084376,22.0,484.0,25.405405405405407,0.7104,10.9,80.0,0,6.7,0.0,41.0
Josh Okogie,josh okogie,2020,21.0,2,2,0.0242902693787795,0.07105958,2.65,7.76,5.11,0.0328987688342465,-0.916376470775834,-0.0990618456375319,21.0,441.0,24.951612903225808,0.8766,15.1,76.0,0,8.9,0.0,20.0
Andrew Nembhard,andrew nembhard,2024,24.0,3,3,0.014366083876291,0.05070994,2.02,7.13,5.11,-0.5712383840745643,-0.6221188867470241,-0.3816308432330982,24.0,576.0,24.955882352941178,0.8613,16.0,76.0,1,20.0,0.0,31.0
Ja'Kobe Walter,ja'kobe walter,2026,21.0,3,3,0.024913725490196,0.058336787,3.81,8.93,5.12,0.046476806686776,-0.1438630530926865,0.2613228452550928,21.0,441.0,20.47222222222222,0.7866,14.0,76.0,1,7.7,0.0,19.0
Kenrich Williams,kenrich williams,2022,27.0,3,3,0.0161740325906756,0.057697218,2.0,7.13,5.13,0.4455926268955032,-0.2411704333792083,0.6064294283985421,27.0,729.0,21.877551020408163,0.6486,15.6,79.0,0,15.3,0.0,75.0
Nerlens Noel,nerlens noel,2022,27.0,1,1,0.000853,0.042368714,0.11,5.24,5.13,0.0775646145138216,-0.6058695793802326,-0.10523156410662,27.0,729.0,22.48,0.556,7.3,82.0,0,5.7,0.0,6.0
Josh Okogie,josh okogie,2019,20.0,1,2,0.0231874656404617,0.07031551,2.53,7.67,5.14,-0.082598595611392,0.1330048059560092,-0.0461435287192172,20.0,400.0,23.74324324324324,0.9024,15.4,76.0,0,6.9,0.0,20.0
Dereck Lively II,dereck lively ii,2024,19.0,2,3,0.0356684781062395,0.07218407,5.01,10.15,5.14,0.6234383557407004,0.6943200889757275,0.4958001742949146,19.0,361.0,23.527272727272727,0.6707,12.6,85.0,1,6.4,0.0,12.0
Eric Bledsoe,eric bledsoe,2022,32.0,1,3,0.010513,0.052153327,1.3,6.45,5.15,-0.0753085598601076,0.061715298045371,-0.1756156183104273,32.0,1024.0,25.203703703703702,0.7585,20.5,73.0,0,24.1,0.0,18.0
Jarrett Allen,jarrett allen,2025,26.0,5,5,0.1416350348422185,0.17824182,20.0,25.17,5.17,1.5893132699621249,2.1689747829658343,1.3815690000581682,26.0,676.0,28.0,0.9476,15.9,81.0,1,9.5,0.0,22.0
Aaron Gordon,aaron gordon,2024,28.0,3,4,0.162470872336188,0.19923232,22.84,28.01,5.17,1.2505084997161335,0.9225028447676712,0.7230381876521041,28.0,784.0,31.46575342465753,0.8768,17.8,80.0,1,15.2,0.0,4.0
Mitchell Robinson,mitchell robinson,2019,20.0,1,3,0.0142909290819131,0.061942,1.56,6.76,5.2,0.4284793050579329,0.6788783683290286,0.8124983903211793,20.0,400.0,20.60606060606061,0.8049,12.1,84.0,0,4.2,0.0,36.0
Ricky Rubio,ricky rubio,2024,,1,3,0.0030206845534469,0.040057875,0.42,5.63,5.21,-1.3010182930114909,,,,,,,,74.0,1,,0.0,5.0
Jalen Brunson,jalen brunson,2026,29.0,2,4,0.2466635359477124,0.28077435,37.74,42.96,5.22,2.029697874219775,1.1143405922052052,0.8197117820767653,29.0,841.0,35.0,0.8768,30.4,74.0,1,31.3,7.0,33.0
De'Anthony Melton,de'anthony melton,2026,27.0,2,2,0.0225606470588235,0.056806754,3.45,8.69,5.24,0.374035841864899,0.350956433534888,-0.0933295875911045,27.0,729.0,22.959183673469383,0.4134,25.4,74.0,1,16.9,0.0,46.0
Stephon Castle,stephon castle,2025,20.0,2,3,0.0677052291654863,0.10498548,9.56,14.82,5.26,-0.2498752392589278,-0.9474910586516792,-0.4754801759672438,20.0,400.0,26.69135802469136,0.9878,26.0,78.0,1,22.8,0.0,4.0
Mitchell Robinson,mitchell robinson,2024,,3,4,0.1018449796568697,0.13931008,14.32,19.59,5.27,1.3802471501938092,0.3491205353417614,,,,,,,84.0,1,,0.0,36.0
Jakob Poeltl,jakob poeltl,2025,29.0,3,4,0.1380941589711631,0.1755731,19.5,24.79,5.29,1.371293963397927,0.2024142728924461,0.7678172482266703,29.0,841.0,29.57894736842105,,18.7,84.0,1,14.5,0.0,9.0
Bam Adebayo,bam adebayo,2019,21.0,1,1,0.031648158328752,0.0801864,3.45,8.75,5.3,0.7288034322553715,0.8459825200758714,0.2504843329837053,21.0,441.0,23.32926829268293,1.0,15.8,81.0,0,14.2,0.0,14.0
Tyler Herro,tyler herro,2025,25.0,3,4,0.2195343040054387,0.2571385,31.0,36.31,5.31,1.1700453727232831,0.940853229414492,1.013570651687764,25.0,625.0,35.38961038961039,0.7866,28.0,77.0,1,26.2,0.0,13.0
KJ Martin,kj martin,2023,22.0,1,1,0.014194,0.053317703,1.93,7.25,5.32,,-0.8846392619042002,0.0278814103846084,22.0,484.0,27.951219512195124,1.0,16.4,78.0,0,8.1,0.0,52.0
James Harden,james harden,2023,33.0,2,3,0.2623168113747142,0.30157295,35.68,41.02,5.34,2.5021976066902254,2.183910518686813,0.8954126306915519,33.0,1089.0,36.810344827586206,0.6024,25.0,77.0,0,43.3,0.0,3.0
Jonathan Kuminga,jonathan kuminga,2024,21.0,1,1,0.0543169189404501,0.092357576,7.64,12.98,5.34,0.1044837538299973,0.0273243412761999,0.5138531312198867,21.0,441.0,26.33783783783784,,24.1,79.0,1,12.5,0.0,7.0
Josh Richardson,josh richardson,2019,25.0,1,1,0.092694,0.14190868,10.12,15.49,5.37,0.5391250361306733,0.6287471228049759,0.8565054683314658,25.0,625.0,34.78082191780822,0.8902,20.9,77.0,0,17.9,0.0,40.0
Brandon Clarke,brandon clarke,2020,23.0,2,3,0.0238493677844969,0.07324015,2.6,7.99,5.39,0.1948369385518082,0.2396286394494147,1.0555146625893428,23.0,529.0,22.41379310344828,0.8056,18.7,80.0,0,9.5,0.0,21.0
Jaden Hardy,jaden hardy,2023,,1,1,0.0126441064247432,0.052235097,1.72,7.11,5.39,0.173341999823386,-0.6082970677796812,,,,,,,75.0,0,,0.0,37.0
Taurean Prince,taurean prince,2019,24.0,1,1,0.0319038482682792,0.08138384,3.48,8.88,5.4,-0.2775458360728871,-1.0478645330550127,-0.4217153853260887,24.0,576.0,28.21818181818182,0.6707,19.5,78.0,0,11.1,0.0,12.0
Al-Farouq Aminu,al-farouq aminu,2021,30.0,1,1,0.001351,0.04975318,0.15,5.59,5.44,0.3921373228259538,-0.8657833200958713,-0.6441569140384392,30.0,900.0,21.58823529411765,0.3762,14.3,81.0,0,11.3,0.0,8.0
Chris Paul,chris paul,2022,36.0,2,3,0.2296712627875945,0.27403575,28.4,33.89,5.49,2.721704334240672,2.4415317592384955,2.311287630224096,36.0,1296.0,32.90769230769231,0.8469,19.7,72.0,0,44.5,6.0,4.0
Taurean Prince,taurean prince,2024,29.0,1,1,0.0148484863572993,0.05429887,2.09,7.63,5.54,-0.4847459504227804,-0.815196603186361,-0.6856655622393756,29.0,841.0,27.025641025641026,0.8415,13.8,78.0,1,7.2,0.0,12.0
Herbert Jones,herbert jones,2024,25.0,2,4,0.0923006373232423,0.13186719,12.98,18.54,5.56,1.2234796141999509,0.4895406927521883,0.9236265979295728,25.0,625.0,30.539473684210527,0.8951,14.1,79.0,1,11.3,0.0,35.0
Olivier-Maxence Prosper,olivier-maxence prosper,2026,23.0,2,3,0.0065513725490196,0.0429316,1.0,6.57,5.57,-0.0309462379916893,-1.042579657154466,-0.0463398551927206,23.0,529.0,18.56603773584905,0.611,18.9,79.0,1,7.8,0.0,24.0
Mike Conley,mike conley,2025,37.0,1,1,0.0051401761939833,0.044625983,0.73,6.3,5.57,0.0296366922336333,0.7382529633112003,0.6506263578872541,37.0,1369.0,24.732394366197184,0.8159,14.4,73.0,1,24.5,0.0,4.0
Alec Burks,alec burks,2024,32.0,1,1,0.014848,0.05456075,2.09,7.67,5.58,-0.5874557153842737,-0.7040306452364399,0.0063644532178911,32.0,1024.0,20.953488372093023,0.6463,23.5,77.0,1,11.2,0.0,12.0
Julius Randle,julius randle,2024,29.0,1,4,0.2352542179986912,0.27515224,33.07,38.68,5.61,1.1586102889611132,0.5304965719968961,0.4138454809529774,29.0,841.0,35.43478260869565,0.7378,29.9,81.0,1,22.8,7.0,7.0
Shai Gilgeous-Alexander,shai gilgeous-alexander,2023,24.0,2,5,0.245453643187449,0.28677702,33.39,39.01,5.62,1.4120949821993645,2.489038358032636,1.304446486451998,24.0,576.0,35.529411764705884,0.7049,32.8,78.0,0,25.7,0.0,11.0
Kevin Love,kevin love,2024,35.0,2,3,0.0273849830711013,0.06743757,3.85,9.48,5.63,0.2180050729979636,1.852786387611749,0.6522591343113401,35.0,1225.0,16.8,,21.9,82.0,1,19.0,0.0,5.0
Marcus Smart,marcus smart,2022,27.0,1,3,0.1411761918240265,0.18682845,17.46,23.1,5.64,1.374155611981592,1.0507299312684877,1.0620556730028985,27.0,729.0,32.33802816901409,0.7752,18.3,75.0,0,25.6,0.0,6.0
Cameron Johnson,cameron johnson,2021,24.0,3,3,0.0394701727542832,0.08978223,4.44,10.09,5.65,0.3810214885505927,0.770200079866719,0.1379772268724752,24.0,576.0,23.95,0.7542,17.0,80.0,0,8.0,0.0,11.0
Santi Aldama,santi aldama,2023,22.0,3,3,0.0161313326618683,0.057695378,2.19,7.85,5.66,-0.1349698535679685,0.4970717087183949,0.1816925952398618,22.0,484.0,21.844155844155843,0.7332,16.0,84.0,0,7.6,0.0,30.0
Scotty Pippen Jr.,scotty pippen jr.,2025,24.0,2,4,0.0160807815421222,0.05622292,2.27,7.94,5.67,0.6333824642575655,0.8397365538329113,0.6705266977562117,24.0,576.0,21.303797468354432,0.6982,19.3,74.0,1,27.1,0.0,75.0
Montrezl Harrell,montrezl harrell,2019,25.0,1,1,0.054975,0.10694866,6.0,11.67,5.67,0.7129968992449798,0.7512901674193272,0.9844955196438254,25.0,625.0,26.317073170731707,1.0,23.5,79.0,0,12.5,0.0,32.0
Zach LaVine,zach lavine,2020,24.0,2,3,0.1786695986805937,0.2307783,19.5,25.19,5.69,0.22834138745889,0.5840948086579484,0.5486274150751052,24.0,576.0,34.75,0.8089,31.7,77.0,0,21.7,0.0,13.0
Russell Westbrook,russell westbrook,2024,35.0,1,1,0.023499665689817,0.064170614,3.3,9.02,5.72,-0.1549935471253543,0.1326394593340201,0.0467686901452098,35.0,1225.0,22.48529411764705,0.6817,25.2,76.0,1,29.2,0.0,4.0
Domantas Sabonis,domantas sabonis,2022,25.0,3,3,0.1496098014637499,0.19584522,18.5,24.22,5.72,0.4625785351592731,1.5946879795412017,1.0746363976673468,25.0,625.0,34.723404255319146,0.6856,21.7,82.0,0,22.2,0.0,11.0
Giannis Antetokounmpo,giannis antetokounmpo,2019,24.0,1,2,0.2367848359904709,0.2892391,25.84,31.57,5.73,3.510753242084274,4.288328046060832,3.050140730981618,24.0,576.0,32.75,0.878,32.3,83.0,0,30.3,0.0,15.0
Furkan Korkmaz,furkan korkmaz,2020,22.0,2,2,0.016152,0.06879598,1.76,7.51,5.75,0.0328987688342465,-1.1032055794991065,0.1009741179408837,22.0,484.0,21.65277777777778,0.8445,18.4,79.0,0,7.3,0.0,26.0
Aaron Nesmith,aaron nesmith,2026,26.0,3,3,0.0718954248366013,0.10960269,11.0,16.77,5.77,-0.0428574756345302,-0.7363193939558874,-0.9912793643719024,26.0,676.0,29.666666666666668,0.6146,19.8,77.0,1,9.4,0.0,14.0
RJ Barrett,rj barrett,2020,19.0,2,3,0.0754238592633315,0.12848024,8.23,14.02,5.79,-1.5250581053450547,-0.8171235067665953,-0.7710273155223069,19.0,361.0,30.428571428571427,0.7778,24.0,78.0,0,12.8,0.0,3.0
De'Andre Hunter,de'andre hunter,2020,22.0,2,3,0.0680043980208906,0.12101562,7.42,13.21,5.79,-0.8661372768391138,-1.3367419654031971,-0.7480458375060164,22.0,484.0,32.03174603174603,0.875,17.5,79.0,0,8.0,0.0,4.0
Markelle Fultz,markelle fultz,2024,25.0,1,1,0.005206,0.046459146,0.73,6.53,5.8,-0.5496152756616183,-0.3003226926814625,-0.1314684401299123,25.0,625.0,21.162790697674417,0.5256,18.8,76.0,1,19.7,0.0,1.0
Ryan Kalkbrenner,ryan kalkbrenner,2026,24.0,2,4,0.0157587581699346,0.053837877,2.41,8.24,5.83,0.3978583171505807,0.0592744680227583,0.2054153534234389,24.0,576.0,21.43478260869565,0.8415,11.6,85.0,1,5.2,0.0,75.0
Jaylon Tyson,jaylon tyson,2026,23.0,3,3,0.023912156862745,0.06211479,3.66,9.5,5.84,-0.8945109670976499,0.4431450088481147,0.2729845306678304,23.0,529.0,26.924242424242426,0.718,19.3,78.0,1,11.6,0.0,20.0
Willie Cauley-Stein,willie cauley-stein,2022,28.0,1,1,0.000853,0.04820315,0.11,5.96,5.85,0.8759023029110078,-0.921117993720101,-1.3024405247423947,28.0,784.0,9.833333333333334,0.4175,10.9,84.0,0,7.0,0.0,6.0
Isaiah Stewart,isaiah stewart,2023,21.0,1,1,0.0387198520816638,0.08192487,5.27,11.14,5.87,-0.4212594317170836,-0.2974120993895972,-0.635245812427468,21.0,441.0,28.28,0.7305,17.3,80.0,0,7.3,0.0,16.0
Shai Gilgeous-Alexander,shai gilgeous-alexander,2019,20.0,1,2,0.0362188015393073,0.09001111,3.95,9.82,5.87,-0.1932443266841325,-0.6022534617300987,-0.0266594789131362,20.0,400.0,26.51219512195122,1.0,18.3,78.0,0,17.8,0.0,11.0
Caris LeVert,caris levert,2019,24.0,1,1,0.0240582554517133,0.078059874,2.63,8.52,5.89,0.2493385976068293,0.3836610335762732,0.5773460650753743,24.0,576.0,26.575,0.4878,24.0,79.0,0,23.2,0.0,20.0
Tristan Da Silva,tristan da silva,2026,24.0,3,3,0.0260862745098039,0.064633705,3.99,9.89,5.9,-0.5609963130981065,-0.2687646746777387,0.0215723127991044,24.0,576.0,24.662337662337663,0.9253,16.2,80.0,1,9.3,0.0,18.0
Kentavious Caldwell-Pope,kentavious caldwell-pope,2023,29.0,4,4,0.1081078509935965,0.15168983,14.7,20.63,5.93,1.037716303081291,0.8655279675510869,0.6636794799404651,29.0,841.0,31.32894736842105,0.9085,14.1,77.0,0,9.8,0.0,8.0
DeMarre Carroll,demarre carroll,2019,32.0,1,1,0.007435,0.061907567,0.81,6.76,5.95,0.1070798005133059,0.0773034220403949,0.1298847833219282,32.0,1024.0,25.417910447761194,0.8171,18.6,78.0,0,7.2,0.0,75.0
Brandin Podziemski,brandin podziemski,2024,20.0,2,3,0.0250374142885594,0.06742139,3.52,9.48,5.96,-0.6144846009004562,0.3023138162049525,0.596094379433649,20.0,400.0,26.5945945945946,0.9024,15.4,76.0,1,18.1,0.0,19.0
Brandon Clarke,brandon clarke,2022,25.0,1,1,0.0351293518256439,0.08356524,4.34,10.33,5.99,0.9438459359660872,1.056911272726132,1.6445092230083178,25.0,625.0,19.46875,0.7672,17.7,80.0,0,10.3,0.0,21.0
T.J. Warren,t.j. warren,2022,,1,1,0.014848,0.06342103,1.84,7.84,6.0,0.2247758194664942,,,,,,,,80.0,0,,0.0,14.0
Ricky Rubio,ricky rubio,2022,31.0,1,1,0.0473386357203509,0.095823094,5.85,11.85,6.0,0.5644939847418926,0.7602068827591972,0.6570923466418623,31.0,961.0,28.529411764705884,0.6367,24.9,74.0,0,34.6,0.0,5.0
Danny Green,danny green,2022,34.0,1,1,0.016174,0.064757146,2.0,8.01,6.01,1.062747293812477,-0.3895226283626758,0.0722586595377634,34.0,1156.0,21.82258064516129,0.8194,12.3,78.0,0,6.5,0.0,46.0
Jrue Holiday,jrue holiday,2019,28.0,1,2,0.2394274418178486,0.29467934,26.13,32.16,6.03,2.420102464367261,1.8764581225147348,1.7141395916922375,28.0,784.0,35.850746268656714,0.8171,25.4,76.0,0,31.8,0.0,17.0
Austin Rivers,austin rivers,2020,27.0,1,1,0.002746,0.05803424,0.3,6.33,6.03,-0.2183845979688665,-0.6478096269861295,-0.046948916614676,27.0,729.0,23.44117647058824,0.8052,15.6,76.0,0,10.0,0.0,10.0
Brook Lopez,brook lopez,2019,30.0,1,4,0.1108028587135789,0.16610706,12.09,18.13,6.04,1.5928939034901062,1.748344939508822,0.3734354058979405,30.0,900.0,28.666666666666668,0.9878,16.7,85.0,0,5.7,0.0,10.0
Oso Ighodaro,oso ighodaro,2026,23.0,1,2,0.0150083071895424,0.054706328,2.3,8.37,6.07,0.3799914606863194,0.227969883802504,0.494213562762412,23.0,529.0,22.04878048780488,0.904,12.2,83.0,1,14.2,0.0,40.0
Caleb Martin,caleb martin,2023,27.0,2,2,0.0500139684313451,0.09476713,6.8,12.89,6.09,0.8450213947116944,0.0134728690004866,0.0500157659144393,27.0,729.0,29.253521126760564,0.7817,14.4,77.0,0,8.2,0.0,75.0
Josh Hart,josh hart,2023,27.0,3,3,0.095279405385933,0.14016278,12.96,19.07,6.11,0.867043669953934,0.4049576440102219,0.3047867152782071,27.0,729.0,33.411764705882355,0.5756,12.6,77.0,0,16.0,0.0,30.0
Mason Plumlee,mason plumlee,2023,32.0,1,1,0.036759029855684,0.081674285,5.0,11.11,6.11,0.0907584676649875,0.923099257993695,0.0759897545463837,32.0,1024.0,28.517857142857142,0.7451,15.7,84.0,0,18.7,0.0,22.0
Jaden Ivey,jaden ivey,2025,22.0,1,1,0.0715764191830491,0.11500837,10.11,16.24,6.13,-0.5517481252708939,-0.468840004811196,-0.1526524403152671,22.0,484.0,29.933333333333334,0.6451,26.0,75.0,1,19.7,0.0,5.0
Tari Eason,tari eason,2023,21.0,2,3,0.0259309959491549,0.07103822,3.53,9.66,6.13,-0.0799141654623695,0.001958610911965,0.2422232817908279,21.0,441.0,21.54878048780488,1.0,19.3,80.0,0,7.4,0.0,17.0
Julius Randle,julius randle,2021,26.0,3,3,0.1761346451509598,0.23077555,19.8,25.94,6.14,0.5588748369563703,0.3272442856530212,1.0076336935555483,26.0,676.0,37.563380281690144,0.8776,29.3,81.0,0,27.2,0.0,7.0
Josh Hart,josh hart,2019,23.0,1,1,0.0177218251786696,0.074048266,1.93,8.08,6.15,0.2440697532700322,-0.5632624929891688,0.1490329012348009,23.0,529.0,25.59701492537313,0.8171,13.5,77.0,0,7.0,0.0,30.0
Kris Dunn,kris dunn,2026,31.0,3,3,0.0371555555555555,0.07738084,5.68,11.84,6.16,0.1953672772222864,0.3614544268146561,0.0239732480311386,31.0,961.0,27.195121951219512,0.9317,12.4,75.0,1,17.9,0.0,5.0
Keyonte George,keyonte george,2024,20.0,2,3,0.0290508435997382,0.07283642,4.08,10.24,6.16,-1.9334942140901603,-1.4529381514253827,-1.3261157007681503,20.0,400.0,26.973333333333333,0.9146,22.8,76.0,1,23.1,0.0,16.0
Kyle Kuzma,kyle kuzma,2020,24.0,1,1,0.032638610958402,0.08917405,3.56,9.73,6.17,-0.1681279246082439,-0.367565963901221,-0.1670352313195179,24.0,576.0,25.016393442622952,0.8496,22.9,80.0,0,7.6,0.0,27.0
Bruno Caboclo,bruno caboclo,2020,,1,1,0.00331,0.05991467,0.36,6.54,6.18,-0.0676145778869987,,,,,,,,81.0,0,,0.0,20.0
Marcus Smart,marcus smart,2023,28.0,2,3,0.1384618036920769,0.18391445,18.83,25.02,6.19,1.142322110481929,0.710085483356045,0.1512013911936662,28.0,784.0,32.08196721311475,0.7488,17.8,75.0,0,26.4,11.0,6.0
Nickeil Alexander-Walker,nickeil alexander-walker,2024,25.0,3,3,0.0306747375309414,0.07484562,4.31,10.52,6.21,0.4558592655403692,-0.5577596479339119,0.4379160901862737,25.0,625.0,23.42682926829268,0.7537,14.8,77.0,1,14.5,0.0,17.0
Donte DiVincenzo,donte divincenzo,2020,23.0,2,2,0.0278922484881803,0.08488842,3.04,9.26,6.22,0.5354655024404728,1.1387437251801635,1.5238836582171218,23.0,529.0,23.03030303030303,0.6964,17.3,76.0,0,13.6,0.0,17.0
Jalen Brunson,jalen brunson,2023,26.0,2,3,0.1936955764183471,0.23968823,26.35,32.6,6.25,1.2964780371776066,1.1015702583657805,0.6343175797478323,26.0,676.0,34.98529411764706,0.8695,27.2,74.0,0,28.7,0.0,33.0
P.J. Washington,p.j. washington,2025,26.0,3,3,0.1002221828791569,0.14455462,14.15,20.41,6.26,0.5103972144008386,-0.2460195322507617,0.0504573777123464,26.0,676.0,32.19298245614035,,20.4,79.0,1,10.1,0.0,12.0
Lauri Markkanen,lauri markkanen,2020,22.0,1,1,0.0616777350192413,0.11922011,6.73,13.01,6.28,-0.2463049720581014,0.1929213622685966,0.0637505972102723,22.0,484.0,29.84,0.6718,21.1,85.0,0,7.6,0.0,7.0
Malik Beasley,malik beasley,2019,22.0,1,1,0.025029,0.08274408,2.73,9.03,6.3,0.1386928665340888,-0.3126062653689046,0.6821568157563617,22.0,484.0,23.19753086419753,0.9878,18.7,76.0,0,7.5,0.0,19.0
Isaac Okoro,isaac okoro,2021,20.0,2,3,0.0597854359777252,0.116097756,6.72,13.05,6.33,-1.0306894644202669,-1.3323634233342996,-0.75518346863987,20.0,400.0,32.43283582089552,0.8171,14.3,76.0,0,8.6,0.0,5.0
Justise Winslow,justise winslow,2023,26.0,1,1,0.000853,0.04746684,0.12,6.46,6.34,-0.0248584773567704,-0.7867680681517663,-0.3642128875723959,26.0,676.0,26.75862068965517,0.3756,14.2,78.0,0,17.2,0.0,10.0
Reggie Jackson,reggie jackson,2020,29.0,1,1,0.014848,0.072937794,1.62,7.96,6.34,0.362359183087217,-0.0347766139878917,-0.0764040504102033,29.0,841.0,27.214285714285715,0.4965,27.0,74.0,0,30.8,0.0,24.0
Paul Millsap,paul millsap,2021,35.0,1,1,0.0235,0.08005868,2.64,9.0,6.36,1.314751567680925,0.9414763202960156,0.7125937685144204,35.0,1225.0,20.75,0.7247,18.6,79.0,0,11.6,0.0,47.0
Keon Ellis,keon ellis,2025,25.0,2,2,0.0162992677468698,0.06163845,2.3,8.7,6.4,0.6669238960366729,0.5750141010223289,0.9052243568456624,25.0,625.0,24.35,0.7354,12.7,76.0,1,8.0,0.0,75.0
Immanuel Quickley,immanuel quickley,2021,21.0,2,3,0.0196651662604301,0.0766054,2.21,8.61,6.4,0.364347737137551,-0.1452418948415896,0.254879838681224,21.0,441.0,19.421875,0.7805,25.6,74.0,0,16.2,0.0,25.0
LaMelo Ball,lamelo ball,2021,19.0,2,3,0.0732271781094881,0.13011324,8.23,14.63,6.4,0.25318939438394,0.1618741224799074,0.3102384828975363,19.0,361.0,28.80392156862745,0.622,26.1,79.0,0,33.9,0.0,3.0
Dorian Finney-Smith,dorian finney-smith,2021,27.0,3,3,0.0355827565961535,0.09256579,4.0,10.41,6.41,0.5533169198186898,0.6048299166936052,0.5888873009919349,27.0,729.0,32.016666666666666,0.8592,12.2,79.0,0,7.2,0.0,75.0
Isaac Okoro,isaac okoro,2022,21.0,3,3,0.0569397112935182,0.1088773,7.04,13.46,6.42,-0.0073649268050279,-0.0804555554804519,0.3051720756228261,21.0,441.0,29.56716417910448,0.8171,12.4,76.0,0,8.5,0.5,5.0
Sam Hauser,sam hauser,2024,26.0,2,2,0.0148828064984209,0.060993217,2.09,8.57,6.48,0.607221024430991,0.6943200889757275,0.87720470869393,26.0,676.0,22.037974683544306,0.8378,15.0,79.0,1,6.2,0.0,75.0
Jaylen Wells,jaylen wells,2026,22.0,1,2,0.0150083071895424,0.05747957,2.3,8.79,6.49,-0.5371738378124248,-1.1181039993185855,-0.5409325129917696,22.0,484.0,26.39130434782609,0.8872,19.3,79.0,1,8.8,1.0,39.0
Duncan Robinson,duncan robinson,2020,25.0,1,1,0.0152451988271944,0.07484087,1.66,8.17,6.51,0.6303947743438709,0.6891861823147891,0.8059552322997661,25.0,625.0,29.671232876712327,0.7023,16.0,79.0,0,7.1,0.0,75.0
Justin Champagnie,justin champagnie,2026,24.0,2,3,0.0174375424836601,0.060155045,2.67,9.2,6.53,0.4335920300791032,-0.3987432579738739,0.0695910174397888,24.0,576.0,19.95652173913044,0.6841,16.7,78.0,1,8.7,0.0,75.0
Jabari Parker,jabari parker,2020,24.0,1,1,0.003947,0.06393111,0.43,6.98,6.55,0.1725006392804204,0.35639683240146,0.3909938968506902,24.0,576.0,26.15625,0.4561,24.0,79.0,0,11.6,0.0,2.0
Mikal Bridges,mikal bridges,2024,27.0,3,4,0.1657324949497823,0.21229881,23.3,29.85,6.55,0.1207010851397067,0.2028495380392335,0.403816060439104,27.0,729.0,34.80487804878049,0.9049,24.3,78.0,1,16.3,0.0,10.0
Tristan Thompson,tristan thompson,2023,,1,2,0.014848,0.06316504,2.02,8.59,6.57,-0.2560923674002864,,,,,,,,81.0,0,,0.0,4.0
Jae'Sean Tate,jae'sean tate,2021,25.0,2,2,0.0135034871101464,0.07192863,1.52,8.09,6.57,0.1086835488042457,0.0614708091248026,0.2261180849822461,25.0,625.0,29.185714285714287,0.8537,16.4,76.0,0,13.2,0.0,75.0
Nikola Jokić,nikola jokic,2022,26.0,4,4,0.2672581213861146,0.32060257,33.05,39.64,6.59,3.1237041631498936,4.475193098803529,3.1052333624264623,26.0,676.0,33.45945945945946,0.9174,31.9,83.0,0,42.6,17.0,41.0
Jayson Tatum,jayson tatum,2022,23.0,2,4,0.245455339452509,0.29893047,30.35,36.96,6.61,3.072746438358584,2.800049563781875,2.058653078178546,23.0,529.0,35.93421052631579,0.8809,32.1,80.0,0,21.1,0.0,3.0
Kyle Anderson,kyle anderson,2021,27.0,3,3,0.0883977974273667,0.14740068,9.94,16.57,6.63,1.1480140535505086,1.7328906726244888,0.958151106546554,27.0,729.0,27.347826086956523,0.8048,18.5,80.0,0,18.3,0.0,30.0
Andre Roberson,andre roberson,2020,28.0,1,1,0.002518,0.06328278,0.27,6.91,6.64,1.3172359769390467,-0.2799898191871869,-1.6171341258685503,28.0,784.0,12.428571428571429,,16.1,79.0,0,6.3,0.0,26.0
Darius Garland,darius garland,2020,20.0,2,3,0.0615788894997251,0.12260559,6.72,13.38,6.66,-1.8265981455087903,-2.5161007142188545,-1.0050499719417154,20.0,400.0,30.91525423728813,0.8194,20.7,73.0,0,18.5,0.0,5.0
Brice Sensabaugh,brice sensabaugh,2026,22.0,1,1,0.0317793267973856,0.07534913,4.86,11.53,6.67,-0.2929934661341877,-1.1540336155539823,-0.9075896219981382,22.0,484.0,23.49333333333333,0.7951,24.9,78.0,1,12.4,0.0,28.0
Donovan Mitchell,donovan mitchell,2023,26.0,3,4,0.243800810169018,0.29315692,33.16,39.88,6.72,2.155346771624952,2.057253679713075,1.353232412925911,26.0,676.0,35.76470588235294,0.789,32.1,74.0,0,21.4,0.0,13.0
Cooper Flagg,cooper flagg,2026,19.0,2,3,0.0948854901960784,0.13915381,14.52,21.29,6.77,-0.0666799509202118,-0.0260450082401815,0.3676499769594654,19.0,361.0,33.48571428571429,0.8537,26.9,81.0,1,21.5,0.0,75.0
Kyle Kuzma,kyle kuzma,2022,26.0,2,2,0.1051312118393918,0.15990406,13.0,19.77,6.77,-1.1850545664264087,-0.6305949452108105,-0.4551117176125024,26.0,676.0,33.39393939393939,0.8207,24.2,80.0,0,16.3,0.0,27.0
Ausar Thompson,ausar thompson,2026,23.0,1,1,0.0726661764705882,0.11703626,11.12,17.91,6.79,0.5110150747575686,1.536144400531201,1.655580233572107,23.0,529.0,25.972602739726028,0.8146,16.9,79.0,1,16.3,0.0,5.0
Blake Griffin,blake griffin,2021,31.0,1,1,0.0235,0.08400141,2.64,9.44,6.8,0.3865794056882732,0.8292608524285454,-0.4477728968464934,31.0,961.0,31.3,0.3799,19.6,81.0,0,18.4,0.0,1.0
Ty Jerome,ty jerome,2025,27.0,1,3,0.062184862047476,0.11046382,8.78,15.6,6.82,1.0135186910874487,1.4253331327191046,1.8212717476389424,27.0,729.0,19.9,,23.6,77.0,1,24.5,0.0,24.0
Russell Westbrook,russell westbrook,2023,34.0,1,1,0.0281996015321163,0.07834607,3.84,10.66,6.82,0.5146872660781001,0.1804296112840502,0.2128613815981951,34.0,1156.0,30.23809523809524,0.572,25.2,76.0,0,38.9,0.0,4.0
Herbert Jones,herbert jones,2025,26.0,3,4,0.0987024389552999,0.14703083,13.94,20.76,6.82,0.9240748730098292,-1.107624157163049,0.2488290195806843,26.0,676.0,32.4,0.561,14.6,79.0,1,13.8,3.5,35.0
Tyus Jones,tyus jones,2024,27.0,1,1,0.0148484863572993,0.06347359,2.09,8.92,6.83,-0.7604405826878415,-0.0545874172132156,0.0980620122018768,27.0,729.0,29.28787878787879,0.8732,16.3,72.0,1,34.6,0.0,24.0
Rui Hachimura,rui hachimura,2020,21.0,2,3,0.042998350742166,0.10554701,4.69,11.52,6.83,-1.3631199356274928,-0.8579923742998112,-0.3835790171349872,21.0,441.0,30.08333333333333,0.6667,19.0,80.0,0,8.8,0.0,9.0
Deandre Ayton,deandre ayton,2025,26.0,1,2,0.0573905161180669,0.10632512,8.1,15.01,6.91,-0.3393190573365474,0.0108127768566285,-0.2812149534369447,26.0,676.0,30.15,0.6085,19.4,84.0,1,8.5,0.0,1.0
Cameron Johnson,cameron johnson,2022,25.0,1,1,0.0476155351583033,0.10362431,5.89,12.81,6.92,0.479564443423043,0.6489427365215965,0.7465174976351053,25.0,625.0,26.21212121212121,0.7803,17.5,80.0,0,7.7,0.0,11.0
Matisse Thybulle,matisse thybulle,2022,24.0,1,1,0.035417306214872,0.0914825,4.38,11.31,6.93,0.1398462781476447,0.1667981028253272,1.054575242121334,24.0,576.0,25.53030303030303,0.8208,9.5,77.0,0,6.1,2.0,20.0
Mitchell Robinson,mitchell robinson,2020,21.0,2,3,0.0152451988271944,0.078847826,1.66,8.61,6.95,0.8425896174220553,1.097874857646948,1.3613948981582795,21.0,441.0,23.14754098360656,0.8313,13.3,84.0,0,3.9,0.0,36.0
Bennedict Mathurin,bennedict mathurin,2025,22.0,1,1,0.0650641110985213,0.11429102,9.19,16.14,6.95,-0.7697674318350917,-0.4887884450025867,-0.1719210233629878,22.0,484.0,29.84722222222222,0.8451,22.8,77.0,1,8.8,0.0,6.0
Jarrett Allen,jarrett allen,2019,20.0,1,1,0.0217778999450247,0.08560648,2.38,9.34,6.96,0.270413974954018,0.5451950469315545,0.1439939228366765,20.0,400.0,26.2,0.9756,15.9,81.0,0,7.9,0.0,22.0
Devin Vassell,devin vassell,2022,21.0,3,3,0.0358820913024139,0.0925339,4.44,11.44,7.0,0.0549167368287951,0.1111660297065269,0.5108839248658377,21.0,441.0,27.281690140845072,0.8247,18.9,77.0,0,9.7,0.0,11.0
Marcus Smart,marcus smart,2021,26.0,3,3,0.1231099774049495,0.18564586,13.84,20.87,7.03,1.1758036392389113,0.9591945520645634,0.4243576991870291,26.0,676.0,32.9375,0.7378,18.4,75.0,0,23.6,3.0,6.0
Bennedict Mathurin,bennedict mathurin,2023,20.0,2,3,0.0508456782408598,0.102864906,6.92,13.99,7.07,-1.4948453497762646,-1.2703669078696744,-0.4082557378613451,20.0,400.0,28.487179487179485,0.9512,24.6,77.0,0,7.6,0.0,6.0
Jaden Ivey,jaden ivey,2024,21.0,3,3,0.0567419694426266,0.10739716,7.98,15.1,7.12,-1.2037143051532335,-1.2423079153097427,-0.4237544093913665,21.0,441.0,28.7922077922078,0.9253,24.9,75.0,1,20.2,0.5,5.0
Jaylen Brown,jaylen brown,2023,26.0,2,2,0.2340106086560163,0.28641805,31.83,38.96,7.13,1.428611688631044,0.5258573539396989,0.6835552277631703,26.0,676.0,35.8955223880597,0.7915,31.4,78.0,0,16.5,0.0,3.0
Jarrett Allen,jarrett allen,2020,21.0,1,1,0.0358246472420744,0.101319626,3.91,11.06,7.15,0.619226624708177,1.6642005934643676,0.9509651217546692,21.0,441.0,26.457142857142856,0.9735,14.9,81.0,0,8.9,0.0,22.0
Terance Mann,terance mann,2022,25.0,2,2,0.0156134487080991,0.073812686,1.93,9.13,7.2,0.0945505227775915,-0.6985897012448998,0.4387997727344022,25.0,625.0,28.604938271604937,0.8529,16.0,78.0,0,13.1,0.0,48.0
Kelly Oubre Jr.,kelly oubre jr.,2020,24.0,2,2,0.1317115631299248,0.1979769,14.37,21.61,7.24,0.4349521557192274,0.9168841585712776,0.524998571480891,24.0,576.0,34.517857142857146,0.669,22.4,80.0,0,6.6,0.0,15.0
Jalen Duren,jalen duren,2025,21.0,1,1,0.045912016316356,0.097181916,6.48,13.72,7.24,0.7004653278157803,1.3233881969828438,0.741283461734727,21.0,441.0,26.07692307692308,,16.4,82.0,1,14.7,0.0,13.0
Richaun Holmes,richaun holmes,2020,26.0,2,2,0.045862,0.1131669,5.01,12.35,7.34,1.121793358314403,1.454017846150686,0.8625997203680876,26.0,676.0,28.227272727272727,0.7021,15.6,81.0,0,5.1,0.0,37.0
Malik Beasley,malik beasley,2024,27.0,1,1,0.042678,0.094879135,6.0,13.34,7.34,0.309903283752984,-0.2593668134367548,0.256813411192902,27.0,729.0,29.58227848101265,,14.6,76.0,1,6.1,0.0,19.0
Brandon Clarke,brandon clarke,2021,24.0,3,3,0.0242574768267297,0.09009336,2.73,10.13,7.4,0.7478440196375089,0.8883216249903717,0.7249644152666689,24.0,576.0,23.983050847457623,0.7518,17.2,80.0,0,9.5,1.0,21.0
Kel'el Ware,kel'el ware,2026,21.0,3,3,0.0304243137254901,0.07881179,4.65,12.06,7.41,-0.0190350003488485,0.733482911523909,0.2921920125241042,21.0,441.0,22.12987012987013,0.8796,18.0,84.0,1,4.6,0.5,15.0
Fred VanVleet,fred vanvleet,2022,27.0,3,3,0.171849096275929,0.23174837,21.25,28.66,7.41,1.4420992450366716,1.5823252966259127,1.009012617660899,27.0,729.0,37.87692307692308,0.7366,23.7,72.0,0,26.7,0.0,75.0
Donte DiVincenzo,donte divincenzo,2024,27.0,2,4,0.0814080860386377,0.13418715,11.44,18.87,7.43,0.7261481207021938,0.8815469655229632,0.9866686697310628,27.0,729.0,29.135802469135804,0.8183,21.3,76.0,1,13.7,0.0,17.0
Derrick White,derrick white,2026,31.0,2,4,0.1983529411764706,0.2470426,30.35,37.8,7.45,0.9279083922569978,2.395685388594968,1.416172691863552,31.0,961.0,34.09090909090909,0.9256,22.0,76.0,1,22.2,0.0,29.0
Donte DiVincenzo,donte divincenzo,2021,24.0,1,2,0.0415947301937481,0.108174615,4.68,12.16,7.48,0.4310427427897176,1.5025536596333655,0.6900173381915667,24.0,576.0,27.484848484848484,0.7433,16.7,76.0,0,14.2,0.0,17.0
Spencer Dinwiddie,spencer dinwiddie,2020,26.0,2,2,0.104948,0.1737562,11.45,18.96,7.51,0.6583151484331058,0.992783483990107,0.4045885739870874,26.0,676.0,31.15625,0.8665,29.2,77.0,0,35.0,0.0,38.0
Joel Embiid,joel embiid,2022,27.0,4,4,0.2718593667866241,0.33261716,33.62,41.13,7.51,3.672915197011787,3.399639685173389,2.1766398743559425,27.0,729.0,33.779411764705884,0.7429,37.2,84.0,0,23.5,5.0,3.0
Ja Morant,ja morant,2020,20.0,2,3,0.0839912039582188,0.15297143,9.17,16.7,7.53,-0.3635705432328874,-0.1223527587019257,0.1631212134215565,20.0,400.0,30.95522388059701,0.9306,25.9,74.0,0,35.2,0.0,2.0
Eric Bledsoe,eric bledsoe,2019,29.0,1,1,0.143165,0.21238284,15.63,23.18,7.55,2.1355848701802143,2.104833796568753,1.5706966732922962,29.0,841.0,29.128205128205128,0.9512,22.9,73.0,0,27.4,0.0,18.0
Fred VanVleet,fred vanvleet,2021,26.0,2,3,0.175030921415482,0.24253896,19.68,27.26,7.58,1.192477390651953,1.7683271361615849,1.3518469394368642,26.0,676.0,36.51923076923077,0.6982,23.9,72.0,0,26.7,0.0,75.0
Derrick White,derrick white,2025,30.0,1,4,0.1989972239533171,0.25273,28.1,35.69,7.59,1.7346594743382566,1.8152693420622064,1.3202885883982038,30.0,900.0,33.86842105263158,0.9305,19.8,76.0,1,20.2,4.0,29.0
Keldon Johnson,keldon johnson,2021,21.0,3,3,0.0190876581208746,0.08670029,2.15,9.75,7.6,-0.4082027450000454,-0.1806783583786854,-0.2687077851076958,21.0,441.0,28.52173913043478,0.6145,19.2,78.0,0,8.9,0.0,29.0
Zach LaVine,zach lavine,2021,25.0,3,3,0.1734659384062483,0.24113587,19.5,27.11,7.61,0.981276539420092,0.4276475990081261,1.1690706336723915,25.0,625.0,35.06896551724138,0.7573,31.0,77.0,0,23.4,0.0,13.0
Michael Carter-Williams,michael carter-williams,2022,,1,1,0.005279,0.0668906,0.65,8.27,7.62,0.338015207891627,,,,,,,,78.0,0,,0.0,11.0
DeMarcus Cousins,demarcus cousins,2020,,1,1,0.014848,0.0847346,1.62,9.25,7.63,0.3511910334515231,,,,,,,,82.0,0,,0.0,5.0
Dalano Banton,dalano banton,2024,24.0,2,2,0.0156270094175889,0.07008505,2.2,9.85,7.65,-0.5928614924875103,-0.516803768689204,-0.7959891878919833,24.0,576.0,29.2,0.4524,27.2,80.0,1,20.5,0.0,46.0
Jaime Jaquez Jr.,jaime jaquez jr.,2024,22.0,2,3,0.0262170313255754,0.08066724,3.69,11.34,7.65,-0.668542371932821,-0.2125600942999458,0.4539631630084712,22.0,484.0,28.17333333333333,0.9146,18.7,78.0,1,13.9,0.0,18.0
Cason Wallace,cason wallace,2026,22.0,1,1,0.048502,0.09889594,7.42,15.13,7.71,0.9338640110784184,0.9838580273401154,1.2950969580195406,22.0,484.0,26.571428571428573,0.9183,14.5,75.0,1,12.7,0.0,10.0
Miles Bridges,miles bridges,2021,22.0,1,1,0.0482279164516875,0.11701718,5.42,13.15,7.73,0.2754210629346622,-0.4877943757001826,0.2885898510811013,22.0,484.0,29.27272727272728,0.8684,17.3,79.0,0,11.4,0.0,12.0
Javonte Green,javonte green,2024,30.0,1,1,0.0122947050957407,0.06738879,1.73,9.47,7.74,1.2396969455096607,,1.5721002728694464,30.0,900.0,25.55555555555556,0.3305,16.7,77.0,1,3.3,0.0,75.0
Saddiq Bey,saddiq bey,2021,21.0,2,3,0.025124272777412,0.09393626,2.82,10.56,7.74,-0.15253855666674,-0.966186633450976,-0.0246967779195931,21.0,441.0,27.27142857142857,0.8537,18.7,80.0,0,7.6,0.0,19.0
Andre Drummond,andre drummond,2021,27.0,1,1,0.0213633266319141,0.09097283,2.4,10.23,7.83,0.4921798313042037,1.189531565055686,-0.0902612057065104,27.0,729.0,28.88,0.5493,31.3,83.0,0,16.2,0.0,9.0
Jalen Green,jalen green,2022,19.0,2,3,0.0763563139379725,0.13970287,9.44,17.27,7.83,-0.8793082176785504,-1.965764700062017,-0.675104389447591,19.0,361.0,31.91044776119403,0.8171,23.7,76.0,0,13.1,0.0,2.0
Mitchell Robinson,mitchell robinson,2021,22.0,3,3,0.0160305389008486,0.0861574,1.8,9.69,7.89,0.9034656994925644,0.3626807491901171,0.6000208830689586,22.0,484.0,27.516129032258064,0.6042,11.8,84.0,0,2.9,0.0,36.0
Shai Gilgeous-Alexander,shai gilgeous-alexander,2024,25.0,3,5,0.2550712009559848,0.3113685,35.86,43.77,7.91,2.6235758839382024,3.262838801608118,2.708003784783569,25.0,625.0,34.04,0.8427,32.8,78.0,1,29.8,4.0,11.0
Mikal Bridges,mikal bridges,2020,23.0,2,2,0.0399395272127542,0.11250487,4.36,12.28,7.92,1.1050411338608623,-0.2040904937683574,0.909533724767554,23.0,529.0,27.972602739726028,1.0087,12.7,78.0,0,8.6,0.0,10.0
Ricky Rubio,ricky rubio,2020,29.0,2,3,0.1557632398753894,0.22888176,17.0,24.98,7.98,1.7695460371846503,1.278865556722618,0.8522418711213089,29.0,841.0,31.01538461538461,0.8752,20.4,74.0,0,39.7,0.0,5.0
Jalen Duren,jalen duren,2024,20.0,3,3,0.0322704640509858,0.08914816,4.54,12.53,7.99,-0.7063828116554766,-0.0779907767816201,-0.1449365191056851,20.0,400.0,29.131147540983605,,18.5,82.0,1,12.7,0.5,13.0
Alex Caruso,alex caruso,2024,29.0,4,4,0.0703473980709591,0.12718123,9.89,17.88,7.99,1.1153640721352214,0.6358116900547163,0.9196148297240232,29.0,841.0,28.732394366197184,0.778,14.7,77.0,1,16.4,3.0,75.0
Zion Williamson,zion williamson,2022,,1,1,0.1094562856334155,0.17434907,13.53,21.56,8.03,1.062747293812477,,,,,,,,78.0,0,,0.0,1.0
Cason Wallace,cason wallace,2025,21.0,3,3,0.0412174947595037,0.09823689,5.82,13.87,8.05,0.4433143508426239,0.5960655200792381,0.9143848307535952,21.0,441.0,27.58823529411765,0.8933,12.8,75.0,1,11.5,0.5,10.0
Gradey Dick,gradey dick,2025,21.0,3,3,0.0353419069741091,0.09270567,4.99,13.09,8.1,-1.2393474767425945,-1.3605916109448442,-0.5149649772945404,21.0,441.0,29.38888888888889,0.686,21.0,79.0,1,8.9,0.0,13.0
Marcus Smart,marcus smart,2020,25.0,2,3,0.1232034817665383,0.19785306,13.45,21.59,8.14,1.3451563510282816,1.4248257979126746,1.215090277547529,25.0,625.0,31.98333333333333,0.8867,18.9,75.0,0,21.1,0.0,6.0
Blake Griffin,blake griffin,2020,30.0,1,1,0.007119,0.082042605,0.78,8.95,8.17,0.7588284951543509,0.6775093630195846,-0.8053376911522616,30.0,900.0,28.444444444444443,0.4992,28.4,81.0,0,18.0,0.0,1.0
Jalen Brunson,jalen brunson,2021,24.0,2,2,0.0160305389008486,0.0886722,1.8,9.97,8.17,0.7367281853621478,0.5398630668755963,0.466108631975868,24.0,576.0,24.955882352941178,0.8302,20.2,74.0,0,21.3,0.0,33.0
DeMarcus Cousins,demarcus cousins,2019,28.0,1,1,0.032069,0.1071833,3.5,11.7,8.2,0.939557205727258,1.3083040065754694,0.6609931064842393,28.0,784.0,25.7,0.3659,28.1,82.0,0,20.4,0.0,5.0
Patrick Beverley,patrick beverley,2022,33.0,1,1,0.004096,0.07052576,0.51,8.72,8.21,1.1420148657100695,1.236170174997822,0.696874638148362,33.0,1089.0,25.448275862068964,0.6307,16.1,74.0,0,24.5,0.0,42.0
Kyle Filipowski,kyle filipowski,2026,22.0,3,4,0.0196078431372549,0.07375474,3.0,11.28,8.28,0.2847015595435927,-0.3268043273072744,-0.533729707295667,22.0,484.0,23.38961038961039,0.9162,20.0,83.0,1,15.7,0.0,32.0
Rui Hachimura,rui hachimura,2021,22.0,3,3,0.0437326311669365,0.11768188,4.92,13.23,8.31,-1.0807107186593918,-0.3519545988079819,-0.1886078473868864,22.0,484.0,31.526315789473685,0.6845,18.1,80.0,0,6.3,0.5,9.0
Bub Carrington,bub carrington,2026,20.0,3,3,0.0320298039215686,0.086675294,4.9,13.26,8.36,,-2.8641046816788123,-1.9561123369022249,20.0,400.0,27.695121951219512,1.0,18.0,76.0,1,23.0,0.5,14.0
Keegan Murray,keegan murray,2025,24.0,1,1,0.0789197000169962,0.13850811,11.14,19.56,8.42,0.2364755215381286,-0.1817989636670618,-0.1968754178018392,24.0,576.0,34.3421052631579,0.9402,15.0,80.0,1,5.6,0.0,4.0
Mikal Bridges,mikal bridges,2019,22.0,1,2,0.038125343595382,0.1153822,4.16,12.59,8.43,0.6339642341930224,-0.5075611090735546,-0.0162455902236792,22.0,484.0,29.47560975609756,1.0,12.2,78.0,0,9.8,0.0,10.0
Derrick White,derrick white,2019,24.0,1,1,0.0178493677844969,0.09566923,1.95,10.44,8.49,0.7656853426129515,0.6677380915459058,0.54476067143417,24.0,576.0,25.791044776119403,0.8171,17.7,76.0,0,21.0,0.0,29.0
Clint Capela,clint capela,2021,26.0,3,6,0.1521469567847421,0.2277691,17.1,25.6,8.5,1.475931164673661,2.093161385251629,1.1913377978264392,26.0,676.0,30.126984126984127,0.7101,19.9,82.0,0,4.1,0.0,25.0
Miles McBride,miles mcbride,2026,25.0,3,3,0.0258596274509803,0.081631705,3.96,12.49,8.53,0.7194617335072832,0.4574634118060313,0.8005043002204916,25.0,625.0,26.341463414634145,0.65,18.2,74.0,1,13.5,0.0,36.0
Montrezl Harrell,montrezl harrell,2022,28.0,1,1,0.019922,0.08921782,2.46,11.03,8.57,0.9381839665448308,1.211444809167244,0.9790908941346425,28.0,784.0,24.282608695652176,0.7079,20.8,79.0,0,13.9,0.0,32.0
Donovan Mitchell,donovan mitchell,2024,27.0,4,4,0.2518729194525848,0.31295377,35.41,44.0,8.59,2.7100683175899865,2.297450219411434,1.9747098677835084,27.0,729.0,35.30909090909091,0.7476,31.4,74.0,1,28.3,3.0,13.0
Onyeka Okongwu,onyeka okongwu,2026,25.0,3,4,0.105359477124183,0.16201594,16.12,24.79,8.67,0.7968847781857487,0.6315627224748861,0.0088816551440664,25.0,625.0,31.04054054054054,0.8561,19.5,82.0,1,13.9,0.0,6.0
Sandro Mamukelashvili,sandro mamukelashvili,2026,26.0,2,2,0.0183094509803921,0.07512023,2.8,11.49,8.69,0.874307822864214,1.0184507513616967,0.6766846403970127,26.0,676.0,21.8875,0.8232,18.8,81.0,1,12.4,0.0,54.0
Kon Knueppel,kon knueppel,2026,20.0,2,3,0.0687356862745098,0.12562335,10.52,19.22,8.7,0.0286099502225148,0.53229184005302,0.9020295614607956,20.0,400.0,31.493827160493822,0.9878,22.3,78.0,1,16.6,0.0,75.0
Delon Wright,delon wright,2023,30.0,1,1,0.004864,0.06915604,0.66,9.41,8.75,0.5752485229942591,0.4452575473200476,0.8637921227917934,30.0,900.0,24.42,0.6744,12.9,76.0,0,20.9,0.0,20.0
Josh Giddey,josh giddey,2024,21.0,1,1,0.0594102412723703,0.121630356,8.35,17.1,8.75,0.3909899403015314,0.0214735013840988,0.4413547486481732,21.0,441.0,25.1375,0.8976,23.1,79.0,1,26.6,0.0,6.0
Kris Dunn,kris dunn,2025,30.0,2,3,0.0384284176533907,0.10083352,5.43,14.24,8.81,1.002338213827746,0.6404758716563962,0.6367277078200457,30.0,900.0,24.0945945945946,0.7463,12.7,75.0,1,15.6,0.0,5.0
Nic Claxton,nic claxton,2023,23.0,2,2,0.0707611324721917,0.13552819,9.62,18.43,8.81,,1.8960540664737724,0.730985989612808,23.0,529.0,29.88157894736842,0.7134,15.4,83.0,0,9.3,0.0,31.0
Toumani Camara,toumani camara,2025,24.0,1,1,0.0157333649651577,0.07840656,2.22,11.07,8.85,0.5383484075500947,-0.3985318809289785,0.2987378084583871,24.0,576.0,32.666666666666664,0.9146,14.4,79.0,1,9.6,0.0,52.0
Willie Cauley-Stein,willie cauley-stein,2019,25.0,1,1,0.019951,0.10129567,2.18,11.06,8.88,0.8289114746545175,1.0075165334311529,0.3284205322080293,25.0,625.0,27.320987654320987,0.9878,17.5,84.0,0,12.3,0.0,6.0
De'Aaron Fox,de'aaron fox,2024,26.0,4,5,0.2478756366119441,0.3110715,34.85,43.73,8.88,1.8829844207948032,1.969803185453771,1.189836073854956,26.0,676.0,35.932432432432435,0.8622,31.0,75.0,1,25.2,3.0,5.0
P.J. Washington,p.j. washington,2020,21.0,2,3,0.036866410115448,0.118460566,4.02,12.93,8.91,-0.9498983991068178,-1.4827022065932538,-0.0100490786730265,21.0,441.0,30.32758620689655,0.8056,18.6,79.0,0,11.3,0.0,12.0
Domantas Sabonis,domantas sabonis,2021,24.0,2,3,0.1645702492572099,0.2440779,18.5,27.44,8.94,0.870118196666481,0.7997304661476322,0.7784674624701439,24.0,576.0,35.983870967741936,0.8169,24.1,82.0,0,27.5,0.0,11.0
Deandre Ayton,deandre ayton,2021,22.0,1,1,0.1123787962353443,0.19199206,12.63,21.58,8.95,1.2758461477171612,0.8469790841970932,0.5910521641735783,22.0,484.0,30.65217391304348,0.7522,18.2,84.0,0,6.8,0.0,1.0
Amen Thompson,amen thompson,2024,21.0,2,3,0.0657948046774973,0.12942748,9.25,18.2,8.95,0.9099445422122346,1.0629230021780978,1.2035907077025538,21.0,441.0,22.387096774193548,0.7561,18.5,79.0,1,17.0,0.0,4.0
Jeremy Sochan,jeremy sochan,2024,20.0,3,3,0.0396195976897032,0.10363207,5.57,14.57,9.0,-1.030729437849666,-1.154545316928226,-0.6495596483894313,20.0,400.0,29.635135135135137,0.8201,18.8,80.0,1,16.0,0.5,9.0
Jayson Tatum,jayson tatum,2023,24.0,3,4,0.2396693157674182,0.30590528,32.6,41.61,9.01,2.876576285808299,2.5926666808293306,1.3977269847562854,24.0,576.0,36.91891891891892,0.8854,32.7,80.0,0,20.9,6.0,3.0
Dejounte Murray,dejounte murray,2019,,1,1,0.0212729979842404,0.10404354,2.32,11.36,9.04,0.8447180076649089,,,,,,,,76.0,0,,0.0,29.0
OG Anunoby,og anunoby,2020,22.0,1,1,0.035479,0.11845346,3.87,12.93,9.06,0.6303947743438709,0.4790034350011076,0.9121231870792488,22.0,484.0,29.94202898550725,0.9054,14.3,79.0,0,7.5,0.0,23.0
Walker Kessler,walker kessler,2024,22.0,3,3,0.0210965374000625,0.08596316,2.97,12.09,9.12,0.4450477113338963,0.3783747348022671,-0.0257296924265037,22.0,484.0,23.328125,0.8262,12.8,86.0,1,5.6,1.0,22.0
Cam Thomas,cam thomas,2025,23.0,1,1,0.0424421562517704,0.107094094,5.99,15.12,9.13,0.0575878853828894,0.0396148684314449,0.1471161713615683,23.0,529.0,31.24,0.5329,32.6,75.0,1,22.9,0.0,27.0
Shai Gilgeous-Alexander,shai gilgeous-alexander,2025,26.0,4,5,0.2714651436179253,0.3372248,38.33,47.62,9.29,3.48440416548169,4.549420926321383,3.124901948260965,26.0,676.0,34.18421052631579,0.9037,34.8,78.0,1,31.3,8.0,11.0
Luke Kennard,luke kennard,2020,23.0,1,1,0.0483216602528862,0.13376929,5.27,14.6,9.33,-0.3859068425042753,-0.5835871208625047,0.3557124728538499,23.0,529.0,32.92857142857143,0.5312,19.8,77.0,0,19.2,0.0,12.0
Jayson Tatum,jayson tatum,2024,25.0,4,4,0.2478756366119441,0.31440637,34.85,44.2,9.35,2.872241630687081,2.32670441887194,1.538573352865927,25.0,625.0,35.74324324324324,0.9073,30.2,80.0,1,21.0,11.0,3.0
Kevon Looney,kevon looney,2023,26.0,2,5,0.055138544783526,0.12386058,7.5,16.85,9.35,1.5717564777056017,0.9173421289494342,0.4617599509234363,26.0,676.0,23.87804878048781,0.9488,10.6,81.0,0,13.8,0.0,30.0
Derrick White,derrick white,2020,25.0,1,1,0.0322181051859996,0.11871532,3.52,12.96,9.44,1.155297807221485,0.7125398209051983,0.7049662021436727,25.0,625.0,24.66176470588235,0.8967,18.9,76.0,0,20.0,0.0,29.0
Cade Cunningham,cade cunningham,2023,21.0,3,3,0.081276861661067,0.15067703,11.06,20.5,9.44,-0.2946313490742058,0.3992005149659611,-0.607464937629823,21.0,441.0,33.333333333333336,0.3841,30.0,78.0,0,30.7,1.0,1.0
Aaron Gordon,aaron gordon,2023,27.0,2,4,0.1636966497820189,0.23395388,22.27,31.82,9.55,1.5772620465161615,1.4297266138886464,1.0338652831383512,27.0,729.0,30.22058823529412,0.75,21.1,80.0,0,14.2,0.0,4.0
Darius Garland,darius garland,2021,21.0,3,3,0.0626334798156813,0.147882,7.04,16.62,9.58,-0.6194035962319062,-0.5586673027743743,-0.3837547999036073,21.0,441.0,33.148148148148145,0.7189,24.9,73.0,0,30.9,0.0,5.0
Walker Kessler,walker kessler,2023,21.0,2,3,0.0208141389932436,0.09146451,2.83,12.44,9.61,0.9055826516278532,1.297312645870648,0.5855316532739194,21.0,441.0,23.013513513513512,0.9024,13.3,86.0,0,5.7,0.0,22.0
Spencer Dinwiddie,spencer dinwiddie,2024,30.0,1,1,0.014848,0.083443396,2.09,11.73,9.64,0.2071935187914906,0.0390260210604022,0.0290022880920626,30.0,900.0,30.70833333333333,0.5939,18.6,77.0,1,27.5,0.0,38.0
Deandre Ayton,deandre ayton,2020,21.0,2,2,0.0917921935129191,0.18019669,10.02,19.67,9.65,0.22834138745889,0.2045981815638011,0.3939070419513468,21.0,441.0,32.526315789473685,0.6546,23.7,84.0,0,9.7,0.0,1.0
Jalen Suggs,jalen suggs,2024,22.0,1,1,0.0653568227729251,0.13400261,9.19,18.84,9.65,0.8450752169733967,0.6007066507021095,0.8047063261222163,22.0,484.0,27.0,0.7683,19.7,77.0,1,15.0,0.0,5.0
Brandon Miller,brandon miller,2024,21.0,2,3,0.0812629811932739,0.14984551,11.42,21.07,9.65,-0.690165480345767,-1.75133098592254,-0.3016820339939355,21.0,441.0,32.2027027027027,0.9024,23.9,79.0,1,11.6,0.0,2.0
Hassan Whiteside,hassan whiteside,2020,30.0,1,1,0.014848,0.10400336,1.62,11.35,9.73,0.6694832980687997,1.5941396776931402,0.9797728899722729,30.0,900.0,29.970149253731343,0.9109,19.6,84.0,0,5.9,0.0,33.0
Domantas Sabonis,domantas sabonis,2019,22.0,1,1,0.0323397013010811,0.12147797,3.53,13.26,9.73,0.4442858380683244,1.1579102700033113,0.526620349200922,22.0,484.0,24.83783783783784,0.9024,23.5,82.0,0,18.2,0.0,11.0
Herbert Jones,herbert jones,2022,23.0,2,2,0.014435324087178,0.093529694,1.78,11.57,9.79,0.6324376177969723,0.9147404192003092,0.5734475286025552,23.0,529.0,29.935897435897434,0.9512,13.7,79.0,0,10.0,0.0,35.0
Dejounte Murray,dejounte murray,2023,26.0,4,4,0.1339057939582858,0.20589747,18.21,28.01,9.8,0.2834533760345841,0.7215997414445665,0.5726575893433034,26.0,676.0,36.391891891891895,0.8634,24.4,76.0,0,24.0,0.0,29.0
Miles Bridges,miles bridges,2020,21.0,2,2,0.0360483782297965,0.1258891,3.93,13.74,9.81,-0.704199107121552,-1.4068028811744244,-0.5512467018172192,21.0,441.0,30.692307692307693,0.9301,20.0,79.0,0,9.4,0.0,12.0
Tyrese Haliburton,tyrese haliburton,2021,20.0,2,3,0.0357926948600708,0.12325045,4.02,13.86,9.84,-0.2581389822826705,-0.7949103930216797,0.2217883586189591,20.0,400.0,30.103448275862068,0.7073,18.1,77.0,0,24.6,0.0,12.0
Jakob Poeltl,jakob poeltl,2022,26.0,3,3,0.0760029760219966,0.15609364,9.4,19.3,9.9,1.028775477284937,1.4586984674730237,0.5499861772012861,26.0,676.0,28.97058823529412,0.8504,18.3,84.0,0,14.0,0.0,9.0
Kevin Porter Jr.,kevin porter jr.,2021,20.0,2,2,0.0158576422865479,0.10394499,1.78,11.68,9.9,-0.7694673589492811,-0.3460485215517992,-0.7895120133773597,20.0,400.0,32.11538461538461,0.4586,25.4,77.0,0,31.2,0.0,30.0
Brandin Podziemski,brandin podziemski,2025,21.0,3,3,0.0261172171548354,0.09698066,3.69,13.69,10.0,0.096719555791848,0.5341851337110317,0.8306770519397265,21.0,441.0,26.8125,0.8262,18.3,76.0,1,18.7,1.0,19.0
Coby White,coby white,2021,20.0,3,3,0.0519308982866902,0.14124863,5.84,15.88,10.04,-0.6471931819203091,-0.8008164702778623,-0.6893097746841464,20.0,400.0,31.246376811594203,0.8645,22.5,76.0,0,21.8,0.5,7.0
Derrick White,derrick white,2024,29.0,4,4,0.1427677255526787,0.21448515,20.07,30.15,10.08,1.4343049212261745,1.6304544717119065,1.4695136287561126,29.0,841.0,32.61643835616438,0.8646,18.6,76.0,1,21.2,2.0,29.0
Saddiq Bey,saddiq bey,2024,24.0,1,3,0.0458124306484194,0.11789855,6.44,16.58,10.14,-0.0901242218865164,-0.4231903304155862,0.0361661598876865,24.0,576.0,32.73015873015873,0.7744,17.0,80.0,1,6.0,0.0,19.0
Jonathan Isaac,jonathan isaac,2020,22.0,1,1,0.0674598314091992,0.16083406,7.36,17.55,10.19,1.05478446050024,1.4656946654458904,1.1005065702550385,22.0,484.0,28.823529411764707,0.6381,18.3,82.0,0,7.4,0.0,6.0
Will Barton,will barton,2022,31.0,1,1,0.003499,0.08592768,0.43,10.63,10.2,0.1285223393051314,-0.0928182383957408,0.3255732507543644,31.0,961.0,32.070422535211264,0.7989,20.8,77.0,0,17.6,0.0,40.0
Tre Mann,tre mann,2024,22.0,1,1,0.034913171821208,0.108058654,4.91,15.19,10.28,-0.5388037214551452,-0.3003226926814625,0.0146745445008148,22.0,484.0,31.0,0.5622,18.2,76.0,1,24.3,0.0,18.0
Devonte' Graham,devonte' graham,2020,24.0,1,1,0.015245,0.110678196,1.66,12.08,10.42,0.0217306191985525,0.2396286394494147,0.2822364797595127,24.0,576.0,35.095238095238095,0.7572,24.8,73.0,0,35.3,0.0,34.0
Josh Giddey,josh giddey,2022,19.0,2,3,0.0508463062553071,0.13511382,6.29,16.71,10.42,-0.6868012573558246,-0.7109523841601888,-0.3466454698298237,19.0,361.0,31.48148148148148,0.6585,22.2,79.0,0,32.3,0.0,6.0
Cade Cunningham,cade cunningham,2024,22.0,1,1,0.0991607320681708,0.17358373,13.94,24.4,10.46,0.245033958514146,0.0390260210604022,-0.1306087755144374,22.0,484.0,33.45161290322581,0.578,30.8,78.0,1,37.5,0.0,1.0
Brandon Ingram,brandon ingram,2019,21.0,1,1,0.0665703225215319,0.16457511,7.27,17.96,10.69,-0.27227699173609,-0.7192263679528886,-0.3283263190141833,21.0,441.0,33.84615384615385,0.6341,23.2,80.0,0,12.9,0.0,2.0
Kevin Huerter,kevin huerter,2020,21.0,2,2,0.0253062122045079,0.124011524,2.76,13.53,10.77,-0.704199107121552,-1.0623367119658904,0.000632453362714,21.0,441.0,31.428571428571427,0.8291,17.1,78.0,0,17.5,0.0,19.0
Saddiq Bey,saddiq bey,2023,23.0,1,1,0.0335020548297689,0.1128043,4.56,15.34,10.78,-0.0248584773567704,0.0883155465758772,0.1179998578989198,23.0,529.0,28.846153846153847,0.7878,21.3,80.0,0,8.5,0.0,19.0
Julian Champagnie,julian champagnie,2026,24.0,4,4,0.0196078431372549,0.09033972,3.0,13.82,10.82,1.1065769568996104,0.8090638492052765,0.6849164183354157,24.0,576.0,27.634146341463413,0.9805,15.2,79.0,1,7.3,0.0,75.0
Tari Eason,tari eason,2025,23.0,1,1,0.0401943657583139,0.11723494,5.68,16.55,10.87,1.0358796456068535,1.0683715410621828,1.4602227243021426,23.0,529.0,24.912280701754387,0.628,19.4,80.0,1,8.5,0.0,17.0
Donte DiVincenzo,donte divincenzo,2026,29.0,4,4,0.0819281045751634,0.15351692,12.54,23.49,10.95,0.8683522040427937,0.1044138223817745,0.6554192140561381,29.0,841.0,30.414634146341463,0.9244,16.9,76.0,1,16.8,0.0,17.0
Cole Anthony,cole anthony,2022,21.0,3,3,0.0292238890461364,0.117759205,3.61,14.56,10.95,-0.8623223094147804,-0.5440561648037879,-0.3979884272441951,21.0,441.0,31.67692307692308,0.7104,25.1,74.0,0,28.9,0.0,15.0
Ivica Zubac,ivica zubac,2025,27.0,1,3,0.133802475780409,0.21164653,18.89,29.89,11.0,1.8408740083054296,1.819729951609199,1.1636128967314912,27.0,729.0,32.8,,19.5,84.0,1,12.8,0.0,32.0
Darius Bazley,darius bazley,2021,20.0,3,3,0.022355,0.121354476,2.51,13.64,11.13,-1.931072040724516,-1.2969269597972035,-1.2809359556104332,20.0,400.0,31.163636363636364,0.7369,22.1,81.0,0,8.9,0.0,23.0
Shai Gilgeous-Alexander,shai gilgeous-alexander,2026,27.0,5,5,0.266706862745098,0.33953825,40.81,51.95,11.14,3.357800871396528,3.345462767120801,3.376707804193208,27.0,729.0,33.22058823529412,0.8756,33.4,78.0,1,35.0,30.0,11.0
Bilal Coulibaly,bilal coulibaly,2025,20.0,3,3,0.0515239929749022,0.13114442,7.28,18.52,11.24,-1.4741374991963456,-2.086919444828529,-0.6150984334605644,20.0,400.0,33.016949152542374,0.7378,17.9,79.0,1,14.9,0.0,7.0
Anthony Black,anthony black,2026,22.0,1,1,0.0660543529411764,0.14026964,10.11,21.46,11.35,0.2013228960437069,0.2642607089986798,-0.0223305028723784,22.0,484.0,29.84375,0.8439,22.2,79.0,1,18.5,0.0,6.0
P.J. Washington,p.j. washington,2021,22.0,3,3,0.0374963972458946,0.13867792,4.22,15.59,11.37,0.0086410403259958,-0.1629601266101375,0.1648833835586158,22.0,484.0,30.53125,0.7899,19.4,79.0,0,12.2,0.5,12.0
Kevin Huerter,kevin huerter,2021,22.0,1,1,0.0378365417118864,0.13938521,4.25,15.67,11.42,-0.1358648052536984,0.4571779852890392,0.5641460074874377,22.0,484.0,30.81159420289855,0.837,17.2,78.0,0,16.3,0.0,19.0
Collin Sexton,collin sexton,2019,20.0,1,2,0.0436591533809785,0.14850758,4.76,16.21,11.45,-0.9572267555197214,-1.8778151533976648,-1.5235719950492896,20.0,400.0,31.76829268292683,1.0,25.2,75.0,0,15.3,0.0,8.0
Tyler Herro,tyler herro,2021,21.0,3,3,0.0356208301457113,0.13740641,4.0,15.45,11.45,-0.5471506734420591,-0.8067225475340449,-0.066447710708432,21.0,441.0,30.27777777777778,0.698,23.5,77.0,0,18.0,0.5,13.0
Evan Mobley,evan mobley,2022,20.0,2,3,0.0685675468036068,0.16149266,8.48,19.97,11.49,-0.5678998995094352,0.4449584684193287,0.3701158164582231,20.0,400.0,33.78260869565217,0.8415,20.4,83.0,0,11.6,0.0,3.0
Brandon Miller,brandon miller,2025,22.0,3,3,0.0847600702509772,0.16665904,11.97,23.53,11.56,-0.7585869545753892,-0.3989990813434852,0.0356110924132829,22.0,484.0,34.22222222222222,0.5442,27.7,79.0,1,18.3,1.0,2.0
Ajay Mitchell,ajay mitchell,2026,23.0,3,4,0.0186274509803921,0.09471032,2.85,14.49,11.64,0.5765268817931932,1.138765160735945,1.4449839146479628,23.0,529.0,25.84210526315789,0.5991,21.8,76.0,1,20.1,0.0,38.0
T.J. Warren,t.j. warren,2020,26.0,2,3,0.109951,0.21708696,12.0,23.69,11.69,1.015695936775311,0.420619338525085,1.1785141223948412,26.0,676.0,32.865671641791046,0.7782,23.3,80.0,0,7.1,0.0,14.0
Bub Carrington,bub carrington,2025,19.0,2,3,0.033125601948898,0.11634453,4.68,16.43,11.75,,-2.8449028465764243,-1.564628935779392,19.0,361.0,29.97560975609756,1.0,15.8,76.0,1,21.2,0.0,14.0
Victor Oladipo,victor oladipo,2021,28.0,1,1,0.021258,0.126372,2.39,14.21,11.82,-0.030264379637768,0.6461724574868837,0.0909687692139307,28.0,784.0,33.45,0.2889,29.8,75.0,0,25.3,0.0,2.0
Jalen Green,jalen green,2024,21.0,1,1,0.0887917034170768,0.1731196,12.48,24.34,11.86,0.288280175340038,-0.4524445298760918,0.0163938737317646,21.0,441.0,31.71951219512195,,27.4,76.0,1,17.3,0.0,2.0
Quentin Grimes,quentin grimes,2023,22.0,3,3,0.0175393505414605,0.10492992,2.39,14.27,11.88,0.1953642750656256,0.3243578373905705,0.3077229052974704,22.0,484.0,29.87323943661972,0.7515,14.4,76.0,0,9.7,0.0,25.0
Immanuel Quickley,immanuel quickley,2022,22.0,3,3,0.0187314706239133,0.11542582,2.32,14.27,11.95,0.7966347310134148,0.9023777362850202,0.6332909756550676,22.0,484.0,23.102564102564106,0.8872,22.2,74.0,0,24.5,0.5,25.0
Deni Avdija,deni avdija,2025,24.0,2,4,0.1018001812928446,0.18650095,14.38,26.34,11.96,0.8122701004128047,0.6534232667262815,0.686952375108367,24.0,576.0,30.01388888888889,,23.2,80.0,1,19.9,0.0,9.0
Anthony Edwards,anthony edwards,2021,19.0,2,3,0.0911406052626897,0.19783174,10.25,22.24,11.99,0.5866644226447729,-0.629540229848566,-0.1119098375229454,19.0,361.0,32.138888888888886,0.878,27.0,76.0,0,14.6,0.0,1.0
Lauri Markkanen,lauri markkanen,2019,21.0,1,1,0.048565145684442,0.15849745,5.3,17.3,12.0,-0.2512016143889012,0.3892311719678347,0.2027820041481277,21.0,441.0,32.34615384615385,0.6341,25.1,85.0,0,7.2,0.0,7.0
Spencer Dinwiddie,spencer dinwiddie,2023,29.0,1,1,0.01143,0.10068186,1.55,13.69,12.14,0.635809779910418,1.297312645870648,0.4082309482645596,29.0,841.0,34.113207547169814,0.4915,21.9,77.0,0,23.8,0.0,38.0
Brandon Miller,brandon miller,2026,23.0,1,1,0.0987230457516339,0.17822859,15.1,27.27,12.17,0.4335920300791032,0.7855744487452179,0.9068314319248642,23.0,529.0,30.27692307692308,0.6756,28.1,79.0,1,17.8,0.0,2.0
Jaden Ivey,jaden ivey,2023,20.0,2,3,0.0559801795311018,0.14665507,7.61,19.95,12.34,-1.0929388266053917,-1.707908715233496,-0.636826837822456,20.0,400.0,31.135135135135137,0.9024,25.4,75.0,0,26.2,0.0,5.0
Ja Morant,ja morant,2021,21.0,3,3,0.0854285053463091,0.1958214,9.6,22.01,12.41,-0.091401468152254,0.8824155477341891,-0.0645921136955947,21.0,441.0,32.58730158730159,0.8291,27.2,74.0,0,33.5,3.0,2.0
Walker Kessler,walker kessler,2025,23.0,1,1,0.0345514276811512,0.12278157,4.88,17.34,12.46,0.4880362598814337,0.4682696711766574,0.2074489477896775,23.0,529.0,30.0,0.7683,13.7,86.0,1,8.3,0.0,22.0
LaMarcus Aldridge,lamarcus aldridge,2020,34.0,1,1,0.005085,0.119869746,0.55,13.08,12.53,0.6359788491617179,0.4673266157059031,0.2249446261132675,34.0,1156.0,33.094339622641506,0.8305,23.4,83.0,0,11.4,0.0,2.0
John Collins,john collins,2019,21.0,1,1,0.0246157229246838,0.14018095,2.69,15.3,12.61,0.1176174891869002,0.1497152211306934,0.7862957026509325,21.0,441.0,29.983606557377048,0.7439,23.7,81.0,0,11.0,0.0,19.0
Jaime Jaquez Jr.,jaime jaquez jr.,2026,24.0,1,1,0.0388179150326797,0.121529475,5.94,18.59,12.65,-0.2751266096699264,-0.4774934249172805,0.1097209348895036,24.0,576.0,28.28,0.8817,22.3,78.0,1,24.0,0.0,18.0
Trae Young,trae young,2019,20.0,1,2,0.0574766355140186,0.17418887,6.27,19.01,12.74,0.3547154843427726,-0.7415069215191343,-0.3420995266357233,20.0,400.0,30.90123456790124,0.9878,28.4,74.0,0,40.5,0.0,5.0
Kemba Walker,kemba walker,2021,30.0,1,1,0.077651,0.19116548,8.73,21.49,12.76,1.4592574132606193,1.3017470329231562,0.6031135447570207,30.0,900.0,31.837209302325583,0.6955,26.1,72.0,0,23.8,0.0,9.0
Cade Cunningham,cade cunningham,2022,20.0,2,3,0.0853406655614411,0.1890547,10.55,23.38,12.83,-0.3810549086079661,-1.2240037251446805,-0.2687809847444524,20.0,400.0,32.625,0.7805,27.5,78.0,0,29.1,0.0,1.0
Kyshawn George,kyshawn george,2026,22.0,3,3,0.020313725490196,0.10455135,3.11,16.0,12.89,-0.6324637389551515,-0.6856489981454297,-0.75907462835945,22.0,484.0,28.979166666666668,0.6768,22.8,80.0,1,22.4,0.0,24.0
Kevin Porter Jr.,kevin porter jr.,2022,21.0,1,1,0.0260210343293841,0.13065667,3.22,16.16,12.94,-0.0243508350687978,-1.4836200663657486,-0.3864277613363234,21.0,441.0,31.262295081967213,0.606,24.1,77.0,0,30.7,0.0,30.0
Matas Buzelis,matas buzelis,2026,21.0,3,3,0.037355294117647,0.12197256,5.72,18.66,12.94,-0.4776176495982206,-0.6019520859364144,-0.3810988246877774,21.0,441.0,29.194805194805195,0.9527,22.8,80.0,1,10.3,0.5,11.0
Kelly Oubre Jr.,kelly oubre jr.,2025,29.0,2,2,0.0593603053651351,0.15165502,8.38,21.41,13.03,-0.1995630915902668,-0.9939646677397108,0.0991026529475757,29.0,841.0,34.63333333333333,,18.9,80.0,1,7.9,0.0,15.0
Shaedon Sharpe,shaedon sharpe,2025,21.0,1,1,0.0594865942439521,0.1522494,8.4,21.5,13.1,-0.0989387962529447,-0.6010739115417985,-0.0285122249422467,21.0,441.0,31.27777777777778,0.7512,25.1,77.0,1,14.2,0.0,7.0
De'Aaron Fox,de'aaron fox,2020,22.0,1,1,0.0742131849001282,0.19442528,8.1,21.22,13.12,0.5745540261654013,0.7942775559716301,0.6030061236206938,22.0,484.0,32.03921568627451,0.8131,29.8,75.0,0,35.3,0.0,5.0
Saddiq Bey,saddiq bey,2026,26.0,3,3,0.0420959346405228,0.12834388,6.44,19.64,13.2,-0.2513041343842448,0.0155460237032717,0.2846462160805681,26.0,676.0,31.194444444444443,,21.6,80.0,1,11.9,0.0,19.0
Coby White,coby white,2025,24.0,3,3,0.0912759121296243,0.18506378,12.89,26.13,13.24,0.2476559987978311,-0.0046470349404684,0.192602662490614,24.0,576.0,33.108108108108105,0.9207,24.4,76.0,1,19.5,0.0,7.0
Jaden McDaniels,jaden mcdaniels,2023,22.0,1,1,0.0286823284639871,0.1261761,3.9,17.16,13.26,0.1017696052861073,-0.2283265508584674,0.1444255680722894,22.0,484.0,30.58227848101265,0.8915,15.8,81.0,0,8.4,0.0,28.0
Payton Pritchard,payton pritchard,2025,27.0,2,4,0.0512162412894453,0.1453532,7.23,20.53,13.3,1.1141429864247707,1.6454996139468416,1.0814845099707142,27.0,729.0,28.3875,0.9049,19.0,73.0,1,18.1,0.0,26.0
Mikal Bridges,mikal bridges,2021,24.0,1,1,0.0494397939758393,0.16809565,5.56,18.9,13.34,1.1702457221012308,1.289934878410791,1.225666342563929,24.0,576.0,32.611111111111114,0.9432,14.9,78.0,0,8.8,0.0,10.0
Ty Jerome,ty jerome,2026,28.0,2,3,0.0602617647058823,0.14859746,9.22,22.74,13.52,1.380535422684949,1.485391983816567,1.9779915361595592,28.0,784.0,22.6,0.3524,32.7,77.0,1,44.9,0.0,24.0
RJ Barrett,rj barrett,2021,20.0,3,3,0.076715711566175,0.19711684,8.62,22.16,13.54,-0.1191910538406568,-0.9248440926576976,0.4070387937338812,20.0,400.0,34.875,0.8404,23.4,78.0,0,13.8,0.0,3.0
Keldon Johnson,keldon johnson,2022,22.0,1,1,0.0313212162872508,0.14111368,3.87,17.45,13.58,0.4682405045805298,-0.043367506734585,0.5578066276683759,22.0,484.0,31.89333333333333,0.757,21.3,78.0,0,9.5,0.0,29.0
Franz Wagner,franz wagner,2022,20.0,2,3,0.042523796045449,0.15299258,5.26,18.92,13.66,-0.2791394590253466,-0.222626409006275,0.4932029064185044,20.0,400.0,30.746835443037973,0.9634,21.2,82.0,0,15.7,0.0,8.0
Devin Vassell,devin vassell,2023,22.0,1,1,0.0432866910256504,0.14398938,5.89,19.59,13.7,-0.3662037436114844,-0.3722547769649877,0.0863793499991614,22.0,484.0,31.0,0.6427,24.4,77.0,0,17.3,0.0,11.0
Donovan Clingan,donovan clingan,2026,21.0,3,3,0.0491498039215686,0.13879426,7.52,21.24,13.72,0.558660025328932,1.9037481307046968,0.6643369734894081,21.0,441.0,27.194805194805195,0.8933,16.9,86.0,1,11.4,0.5,7.0
Neemias Queta,neemias queta,2026,26.0,3,3,0.0174375424836601,0.108329184,2.67,16.57,13.9,0.6182162135431362,1.9493698117654643,1.4106848399046166,26.0,676.0,25.34210526315789,0.7585,14.7,84.0,1,9.3,0.0,39.0
Chet Holmgren,chet holmgren,2025,22.0,1,1,0.0972421392555662,0.19586205,13.73,27.66,13.93,1.119733225054622,1.374478998978346,0.6566280476890033,22.0,484.0,27.40625,,22.0,85.0,1,9.7,1.0,2.0
Brandin Podziemski,brandin podziemski,2026,22.0,1,1,0.0371206470588235,0.1299683,5.68,19.89,14.21,0.344257747757797,0.2408900070706224,0.29870883672534,22.0,484.0,28.451219512195124,0.9146,20.1,76.0,1,19.2,0.0,19.0
De'Aaron Fox,de'aaron fox,2019,21.0,1,1,0.0585739417262232,0.18892495,6.39,20.62,14.23,0.333640106995584,0.7624304442024501,0.8195529600785536,21.0,441.0,31.43209876543209,0.9878,24.5,75.0,0,33.2,0.0,5.0
Buddy Hield,buddy hield,2019,26.0,1,1,0.0445410298698918,0.17497228,4.86,19.1,14.24,0.3441777956691783,0.0717332836488335,0.5800335202210407,26.0,676.0,31.890243902439025,1.0,25.1,76.0,0,11.9,0.0,6.0
Jalen Williams,jalen williams,2023,21.0,2,3,0.0335145308445019,0.1387443,4.56,18.87,14.31,-0.0523863214095699,0.2955721921692664,0.5150630928116006,21.0,441.0,30.346666666666668,0.9146,18.4,77.0,0,15.4,0.0,12.0
RJ Barrett,rj barrett,2022,21.0,1,1,0.0881536128745299,0.20404416,10.9,25.23,14.33,-0.3697309697654528,-0.506968116057921,-0.2657208084747216,21.0,441.0,34.52857142857143,0.8458,27.6,78.0,0,14.9,0.0,3.0
Kelly Oubre Jr.,kelly oubre jr.,2023,27.0,1,1,0.0148484866307408,0.120570935,2.02,16.4,14.38,-0.3717093124220443,0.2264866436381367,0.0784742230242218,27.0,729.0,32.25,0.7049,26.5,80.0,0,5.6,0.0,15.0
Scottie Barnes,scottie barnes,2022,20.0,2,3,0.0618220047713396,0.1789256,7.64,22.13,14.49,0.2417617277302642,0.3955077367581729,0.3323736424648772,20.0,400.0,35.36486486486486,0.9024,19.0,80.0,0,14.7,0.0,4.0
Evan Mobley,evan mobley,2024,22.0,1,1,0.0798621290579565,0.18303533,11.23,25.73,14.5,0.607221024430991,1.1799398000201202,0.8393794656130359,22.0,484.0,30.64,0.7622,20.6,83.0,1,15.9,4.0,3.0
Shaedon Sharpe,shaedon sharpe,2024,20.0,3,3,0.0470464050985859,0.15064654,6.61,21.18,14.57,-1.1820911967402878,-1.0024234797335967,-0.5206099560682014,20.0,400.0,33.09375,0.6098,22.4,77.0,1,13.8,0.0,7.0
Josh Giddey,josh giddey,2023,20.0,3,3,0.048426640004117,0.1561201,6.59,21.24,14.65,-0.3992371564748439,-0.0440984214421214,0.0515967913094272,20.0,400.0,31.144736842105264,0.8262,24.6,79.0,0,29.9,0.5,6.0
Collin Sexton,collin sexton,2020,21.0,2,2,0.0457383177570093,0.18021564,4.99,19.67,14.68,-0.6427742841252353,-1.1791049049179358,-0.4046183984175067,21.0,441.0,32.96923076923077,0.9392,27.2,75.0,0,15.1,0.0,8.0
Keegan Murray,keegan murray,2024,23.0,3,3,0.062662247133468,0.1688746,8.81,23.74,14.93,0.3963957174047678,0.7937843671414464,0.6362120614891427,23.0,529.0,33.61038961038961,0.9527,18.1,80.0,1,6.9,1.0,4.0
Coby White,coby white,2024,23.0,2,3,0.0853557913904458,0.19187014,12.0,26.97,14.97,0.3369321692691664,-0.2301126139762492,-0.2366340780896708,23.0,529.0,36.46835443037975,0.9012,22.7,76.0,1,20.8,0.0,7.0
Austin Reaves,austin reaves,2026,27.0,4,4,0.0973776862745098,0.19650747,14.9,30.07,15.17,0.6182162135431362,0.9680108560128978,1.2419333921673543,27.0,729.0,34.549019607843135,0.778,26.7,77.0,1,24.0,0.0,75.0
John Collins,john collins,2020,22.0,1,1,0.0379082096389957,0.17806317,4.14,19.43,15.29,-0.0508623534334578,0.8701768813904595,1.258463771268415,22.0,484.0,33.24390243902439,0.6349,22.7,81.0,0,7.6,0.0,19.0
Jayson Tatum,jayson tatum,2019,20.0,1,1,0.0717427157778999,0.21234569,7.83,23.18,15.35,0.9606325830744468,0.9629554262986612,0.5736508142500831,20.0,400.0,31.075949367088608,0.9634,22.1,80.0,0,10.0,0.0,3.0
Kyle Kuzma,kyle kuzma,2019,23.0,1,1,0.0180923584387025,0.15894298,1.97,17.35,15.38,-0.2143197040313211,0.0438825916910264,0.0203709861360247,23.0,529.0,33.05714285714286,0.8537,23.8,80.0,0,11.5,0.0,27.0
Trey Murphy III,trey murphy iii,2023,22.0,3,3,0.0246967747627204,0.13798793,3.36,18.77,15.41,0.690865468016017,-0.1880266475486418,0.6618725937747646,22.0,484.0,30.9873417721519,0.8857,16.6,80.0,0,6.4,0.0,17.0
Lauri Markkanen,lauri markkanen,2023,25.0,3,3,0.1268921637100153,0.2412173,17.26,32.81,15.55,1.1753555233452886,1.5563834528623846,1.0397376631768778,25.0,625.0,34.43939393939394,0.75,26.6,85.0,0,8.6,0.0,7.0
Nickeil Alexander-Walker,nickeil alexander-walker,2026,27.0,2,4,0.0941418954248366,0.19722651,14.4,30.18,15.78,0.5169706935789891,0.377157087820651,0.9112903116414992,27.0,729.0,33.37179487179487,0.9756,23.9,77.0,1,15.8,0.0,17.0
Keyonte George,keyonte george,2025,21.0,3,3,0.0303025324344229,0.14249474,4.28,20.12,15.84,-1.3623327265993217,-1.108886634307254,-0.9300292088470818,21.0,441.0,31.47761194029851,0.8537,24.3,76.0,1,26.9,0.5,16.0
Ryan Rollins,ryan rollins,2026,23.0,2,3,0.0261437908496732,0.12988192,4.0,19.87,15.87,0.7015948770430219,-0.6301344763322867,0.2908200495343704,23.0,529.0,32.108108108108105,0.6805,24.2,75.0,1,27.1,0.0,44.0
Damian Lillard,damian lillard,2025,34.0,1,3,0.0998810265707325,0.21289696,14.1,30.06,15.96,1.002338213827746,1.7024507534215565,1.043894979107128,34.0,1156.0,36.08620689655172,0.7622,27.8,74.0,1,29.7,9.0,6.0
Saddiq Bey,saddiq bey,2022,22.0,3,3,0.0239301281792082,0.15345232,2.96,18.98,16.02,-0.8453364011510105,-1.1374649447376577,0.0130952516563022,22.0,484.0,32.97560975609756,0.9451,21.3,80.0,0,13.8,1.0,19.0
Collin Sexton,collin sexton,2021,22.0,1,1,0.0564846994146636,0.1994034,6.35,22.42,16.07,-0.536034839166698,-0.5291369164934611,0.2366331347216574,22.0,484.0,35.25,0.8367,29.7,75.0,0,22.6,0.0,8.0
Jalen Brunson,jalen brunson,2024,27.0,3,3,0.1775400532051099,0.2940639,24.96,41.34,16.38,2.07218661940808,2.180433421569412,1.4927245733739338,27.0,729.0,35.4025974025974,0.911,32.5,74.0,1,33.5,0.0,33.0
Tyler Herro,tyler herro,2022,22.0,1,1,0.0462748453358133,0.17935497,5.72,22.18,16.46,-0.3131112755528864,-0.729496408533122,0.6587924445694905,22.0,484.0,32.59090909090909,0.7528,28.8,77.0,0,20.9,0.0,13.0
Michael Porter Jr.,michael porter jr.,2021,22.0,1,1,0.0467800718771683,0.19372271,5.26,21.78,16.52,1.2369407277533973,0.8174486979161801,1.2983438922333892,22.0,484.0,31.34426229508197,,21.7,82.0,0,5.6,0.0,14.0
Dyson Daniels,dyson daniels,2025,21.0,1,1,0.054584081638434,0.1719607,7.71,24.28,16.57,0.3259193396157482,0.7828740621667564,1.2438460130285578,21.0,441.0,33.828947368421055,0.8305,18.2,79.0,1,17.9,0.0,8.0
Jordan Poole,jordan poole,2022,22.0,1,1,0.0315506772876147,0.16569228,3.9,20.49,16.59,0.5475080764781227,0.346057005097017,0.775079142819259,22.0,484.0,30.039473684210527,0.8083,26.0,76.0,0,21.0,0.0,28.0
Jalen Johnson,jalen johnson,2024,22.0,1,1,0.0320859888468432,0.15047361,4.51,21.15,16.64,0.0720490912105783,0.3198663358812559,0.627042305590744,22.0,484.0,33.732142857142854,0.6512,19.1,80.0,1,15.4,0.0,20.0
Immanuel Quickley,immanuel quickley,2023,23.0,1,1,0.0306684114952838,0.15307423,4.17,20.82,16.65,1.1147942664291297,0.5431287410724814,0.8965419345451145,23.0,529.0,28.938271604938272,0.9354,20.9,74.0,0,17.4,0.0,25.0
Christian Braun,christian braun,2025,23.0,1,1,0.0348549444790663,0.15326822,4.92,21.64,16.72,0.7619579527441437,0.2372889478077132,1.067585859903506,23.0,529.0,33.860759493670884,0.9671,15.8,78.0,1,10.1,0.0,21.0
Tyrese Maxey,tyrese maxey,2022,21.0,3,3,0.0220523229954308,0.16070688,2.73,19.87,17.14,-0.2111958259702669,0.2718809076052833,0.4979631806158633,21.0,441.0,35.333333333333336,0.8506,20.2,74.0,0,19.1,0.0,21.0
Pascal Siakam,pascal siakam,2019,24.0,1,1,0.0215488271944291,0.18131179,2.35,19.79,17.44,0.7972984086337346,1.1133491628708196,1.538111279651092,24.0,576.0,31.85,0.9756,20.8,80.0,0,14.6,0.0,27.0
Paolo Banchero,paolo banchero,2025,22.0,1,1,0.1085970270806186,0.23303373,15.33,32.91,17.58,0.3930022031739629,1.0638197692128886,0.4686803933710715,22.0,484.0,34.391304347826086,,33.6,82.0,1,26.0,0.0,1.0
Dejounte Murray,dejounte murray,2022,25.0,3,4,0.1340109174719987,0.27651915,16.57,34.19,17.62,1.340183795454052,2.1880967594750715,1.7254338843634198,25.0,625.0,34.794117647058826,0.8431,27.3,76.0,0,40.6,0.0,29.0
Trey Murphy III,trey murphy iii,2024,23.0,1,1,0.0367019518024297,0.16262183,5.16,22.86,17.7,0.958596536141363,0.8581436059545586,1.19585372616328,23.0,529.0,29.649122807017545,0.7878,18.6,80.0,1,10.2,0.0,17.0
Cam Thomas,cam thomas,2024,22.0,1,1,0.0287453338834039,0.15487567,4.04,21.77,17.73,0.0936721996235243,-0.464146209660294,-0.0297414606320531,22.0,484.0,31.439393939393938,0.7744,30.5,75.0,1,15.7,0.0,27.0
Tyrese Haliburton,tyrese haliburton,2022,21.0,3,3,0.0340877441268044,0.17805934,4.22,22.02,17.8,0.3833109632616802,0.6056733463180852,1.310950009607666,21.0,441.0,34.450980392156865,0.654,18.3,77.0,0,31.4,1.0,12.0
Austin Reaves,austin reaves,2025,26.0,3,4,0.0987024389552999,0.22716682,13.94,32.08,18.14,0.9576163047889366,1.020816893854306,1.1572953285191236,26.0,676.0,34.93150684931507,0.9012,23.7,77.0,1,24.9,0.0,75.0
Ben Simmons,ben simmons,2019,22.0,1,1,0.074344,0.2420855,8.11,26.42,18.31,0.8289114746545175,1.0854984709130129,0.9344416675557898,22.0,484.0,34.177215189873415,0.9634,22.1,82.0,0,34.2,0.0,1.0
Keyonte George,keyonte george,2026,22.0,1,1,0.0429014705882352,0.16313633,6.56,24.96,18.4,-0.6265081201337311,-0.6445241536042673,-0.2041155990121121,22.0,484.0,33.07407407407408,0.7573,27.9,76.0,1,28.4,0.0,16.0
Jamal Murray,jamal murray,2019,21.0,1,1,0.0407251786695986,0.20979922,4.44,22.9,18.46,0.7182657435817771,0.6120367076302916,0.3828414989077727,21.0,441.0,32.626666666666665,0.9146,24.9,76.0,0,22.4,0.0,7.0
Zion Williamson,zion williamson,2021,20.0,3,3,0.0954809899122885,0.26216227,10.73,29.47,18.74,1.2035932249273142,1.6383934365255668,1.6741022873329388,20.0,400.0,33.21311475409836,0.5899,29.8,78.0,0,19.7,1.0,1.0
Evan Mobley,evan mobley,2023,21.0,3,3,0.0653034457914586,0.20688659,8.88,28.14,19.26,0.6578320551526576,1.7521258403672522,0.6279934781678806,21.0,441.0,34.36708860759494,0.9177,20.2,83.0,0,12.4,1.0,3.0
Bam Adebayo,bam adebayo,2020,22.0,1,1,0.0468709180868609,0.2238644,5.12,24.43,19.31,1.2390589294891892,1.547432400512322,1.320610866749088,22.0,484.0,33.56944444444444,1.0,21.2,81.0,0,24.2,0.0,14.0
Trae Young,trae young,2020,21.0,2,2,0.0602144035184167,0.23715828,6.57,25.88,19.31,0.6918195973401875,0.8059543752668346,0.7515765237541774,21.0,441.0,35.333333333333336,0.8913,34.9,74.0,0,45.6,0.0,5.0
Payton Pritchard,payton pritchard,2026,28.0,3,4,0.0507703071895424,0.17866907,7.77,27.34,19.57,0.2906571783650131,1.363393307489921,0.6838874460931152,28.0,784.0,32.35443037974684,0.9744,21.4,73.0,1,23.5,2.0,26.0
Shai Gilgeous-Alexander,shai gilgeous-alexander,2021,22.0,1,1,0.0488865443805931,0.22389528,5.5,25.17,19.67,0.686706931123023,0.6520785347430663,1.0772185815369464,22.0,484.0,33.714285714285715,0.7051,27.8,78.0,0,31.2,0.0,11.0
Scottie Barnes,scottie barnes,2023,21.0,3,3,0.0588782614449239,0.20425099,8.01,27.78,19.77,0.4155870274880218,1.2627698716050828,0.2941712590547167,21.0,441.0,34.77922077922078,0.9253,20.3,80.0,0,20.0,3.0,4.0
Luka Dončić,luka doncic,2019,19.0,1,2,0.0703991203958218,0.25252396,7.68,27.56,19.88,1.1450421348623472,0.9406748727324156,0.9149576177497089,19.0,361.0,32.19444444444444,0.878,30.5,80.0,0,31.6,0.0,3.0
Ja Morant,ja morant,2022,22.0,1,1,0.0980101087703691,0.25912502,12.12,32.04,19.92,1.4930569698279814,1.6626827355752911,1.1654216270026925,22.0,484.0,33.14035087719298,0.7642,33.7,74.0,0,34.1,0.0,2.0
Amen Thompson,amen thompson,2026,23.0,1,1,0.0801216274509803,0.211541,12.26,32.37,20.11,0.7432842087929649,0.7901903607253624,1.07592587040956,23.0,529.0,37.37974683544304,0.8854,20.0,79.0,1,20.4,3.5,4.0
Shai Gilgeous-Alexander,shai gilgeous-alexander,2020,21.0,2,2,0.0379450247388675,0.22460604,4.14,24.51,20.37,0.6638992232509527,0.7242166402004028,1.091119769375145,21.0,441.0,34.68571428571428,0.9826,23.7,78.0,0,15.2,0.0,11.0
Tyrese Maxey,tyrese maxey,2023,22.0,1,1,0.0319356569941406,0.18735427,4.34,25.48,21.14,0.6798543303948973,0.3243578373905705,0.6686484168961415,22.0,484.0,33.6,0.789,24.1,74.0,0,16.9,0.0,21.0
Jayson Tatum,jayson tatum,2020,21.0,1,1,0.0906827927432655,0.28576523,9.9,31.19,21.29,2.305617219697958,2.1254349556249466,1.766969432727462,21.0,441.0,34.31818181818182,0.9342,28.6,80.0,0,14.5,0.0,3.0
Paolo Banchero,paolo banchero,2024,21.0,3,3,0.0864995589950778,0.23844767,12.16,33.52,21.36,0.3369321692691664,0.7411268081125363,0.2863285629908724,21.0,441.0,34.9875,,29.7,82.0,1,25.2,3.0,1.0
Deni Avdija,deni avdija,2026,25.0,3,4,0.0857843137254902,0.2257802,13.12,34.54,21.42,0.5943937382574545,1.1633527648048212,0.7048098816865564,25.0,625.0,33.31818181818182,0.8488,29.3,80.0,1,32.2,0.0,9.0
Desmond Bane,desmond bane,2022,23.0,3,3,0.0172272855929804,0.190804,2.13,23.59,21.46,1.2495922847139458,0.8096576144203531,1.374193652515435,23.0,529.0,29.81578947368421,0.8902,23.1,78.0,0,13.5,0.5,30.0
Chet Holmgren,chet holmgren,2024,21.0,3,3,0.077393803169545,0.23009941,10.88,32.35,21.47,1.428899144122938,1.6480069913882096,0.7345003825251022,21.0,441.0,29.42682926829268,,21.6,85.0,1,11.6,0.0,2.0
LaMelo Ball,lamelo ball,2023,21.0,1,1,0.0801393534821829,0.23933233,10.9,32.55,21.65,0.7844601377955354,0.7849281609314356,0.0735052860685455,21.0,441.0,35.22222222222222,0.6183,30.0,79.0,0,38.7,0.0,3.0
Franz Wagner,franz wagner,2023,21.0,3,3,0.0404990405893207,0.20013823,5.51,27.22,21.71,0.1237918805283469,0.9173421289494342,0.4929287372817697,21.0,441.0,32.6125,0.971,23.5,82.0,0,17.2,1.0,8.0
Trae Young,trae young,2021,22.0,1,1,0.0740696977244827,0.26976585,8.33,30.33,22.0,1.7649428558330496,1.0595978654196685,0.946398992131918,22.0,484.0,33.73015873015873,0.8317,33.0,74.0,0,45.5,0.0,5.0
Darius Garland,darius garland,2022,22.0,1,1,0.0721426145323682,0.25300193,8.92,31.28,22.36,0.949507905387344,1.0754552970990656,1.2830684035945634,22.0,484.0,35.73529411764706,0.7761,27.8,73.0,0,39.9,0.0,5.0
Amen Thompson,amen thompson,2025,22.0,3,3,0.0686264234321001,0.22743843,9.69,32.12,22.43,1.393654917917332,1.1493438591084737,1.5388764485461175,22.0,484.0,32.2463768115942,0.8095,17.5,79.0,1,16.9,0.5,4.0
Scottie Barnes,scottie barnes,2024,22.0,1,1,0.0720614846217315,0.23329872,10.13,32.8,22.67,0.5423516991921531,0.9576078841202778,0.8021273322757917,22.0,484.0,34.9,0.828,24.8,80.0,1,26.2,0.0,4.0
Victor Wembanyama,victor wembanyama,2026,22.0,1,1,0.1102499738562091,0.2586001,16.87,39.57,22.7,3.798516664181639,4.275141806224831,2.8646226182750527,22.0,484.0,29.15625,0.7317,32.4,88.0,1,17.6,0.0,1.0
Donovan Mitchell,donovan mitchell,2020,23.0,1,1,0.0476040040315191,0.25585714,5.2,27.92,22.72,1.4959263711101496,0.6249636761911643,0.9224810363260276,23.0,529.0,34.26086956521739,0.9511,30.8,74.0,0,21.6,0.0,13.0
Anthony Edwards,anthony edwards,2022,20.0,3,3,0.0868011807043791,0.27194357,10.73,33.63,22.9,1.3854795508241051,0.5500412731992849,0.975690698279386,20.0,400.0,34.25,0.878,26.4,76.0,0,17.4,1.0,1.0
Kevin Porter Jr.,kevin porter jr.,2026,25.0,2,2,0.0352333333333333,0.18614171,5.39,28.48,23.09,0.2787459407221723,0.4989686563440025,0.8570977735470124,25.0,625.0,33.18421052631579,,24.3,77.0,1,33.8,0.0,30.0
Anthony Edwards,anthony edwards,2023,21.0,1,1,0.099505348438844,0.27300414,13.53,37.13,23.6,1.896585037528636,0.6409999348249152,0.5871126786689073,21.0,441.0,35.9746835443038,0.9207,29.9,76.0,0,19.3,0.0,1.0
Victor Wembanyama,victor wembanyama,2024,20.0,2,3,0.0908253905027456,0.259025,12.77,36.42,23.65,3.0452264979906487,2.162880901893108,0.5981002635364235,20.0,400.0,29.66197183098592,0.8659,32.2,88.0,1,21.5,0.0,1.0
Luka Dončić,luka doncic,2021,21.0,1,1,0.0905082196167737,0.30773112,10.17,34.59,24.42,1.7649428558330496,2.5715536430024235,1.2225736808758667,21.0,441.0,34.27272727272727,0.8322,36.0,80.0,0,44.1,4.0,3.0
Donovan Mitchell,donovan mitchell,2019,22.0,1,1,0.0333128092358438,0.2577458,3.64,28.13,24.49,1.6297758138476863,0.80142141294338,1.2004997269767577,22.0,484.0,33.74025974025974,0.939,31.6,74.0,0,21.2,0.0,13.0
Luka Dončić,luka doncic,2020,20.0,2,2,0.0737526113249038,0.29837605,8.05,32.56,24.51,2.037581628441304,2.9544891255844683,1.6947881707889725,20.0,400.0,33.557377049180324,0.8588,36.8,80.0,0,45.7,0.0,3.0
LaMelo Ball,lamelo ball,2022,20.0,3,3,0.0697417815696898,0.2743207,8.62,33.92,25.3,1.2382683458714323,0.6736681023521744,0.786299789141605,20.0,400.0,32.29333333333334,0.8049,28.2,79.0,0,35.7,3.0,3.0
Stephon Castle,stephon castle,2026,21.0,3,3,0.0654635294117647,0.23613302,10.02,36.13,26.11,1.207822476863757,0.7574809728229805,0.6804575386187807,21.0,441.0,29.97058823529412,0.8887,24.9,78.0,1,34.5,3.0,4.0
Franz Wagner,franz wagner,2024,22.0,1,1,0.0498413235838051,0.24585657,7.01,34.56,27.55,1.0072485300704914,1.724067909985524,1.2018713784716044,22.0,484.0,32.458333333333336,0.9244,25.7,82.0,1,18.8,0.0,8.0
Jalen Williams,jalen williams,2024,22.0,3,3,0.0339698978575696,0.2327819,4.78,32.73,27.95,1.1477987347546403,0.5012423725363906,1.1494318369276373,22.0,484.0,31.309859154929576,0.8841,23.7,77.0,1,21.3,1.0,12.0
Desmond Bane,desmond bane,2023,24.0,1,1,0.0282683041589166,0.23873526,3.85,32.47,28.62,1.5387230648422423,1.326098291091952,1.0422221316547158,24.0,576.0,31.74137931034483,0.7976,26.1,78.0,0,20.8,0.0,30.0
Tyrese Haliburton,tyrese haliburton,2023,22.0,1,1,0.04270248711596,0.27394643,5.81,37.26,31.45,1.1698499545347287,1.9075683245622936,1.2301382928875657,22.0,484.0,33.625,0.6695,23.8,77.0,0,47.6,0.0,12.0
Victor Wembanyama,victor wembanyama,2025,21.0,3,3,0.0947317432440088,0.32381767,13.38,45.73,32.35,2.880658393457758,2.6064292335460064,1.0306280858611565,21.0,441.0,33.19565217391305,0.6753,30.4,88.0,1,18.3,6.0,1.0
Jalen Williams,jalen williams,2025,23.0,1,1,0.0466049869695767,0.28503063,6.58,40.25,33.67,1.4775084973651005,2.236990645892531,1.457063940195959,23.0,529.0,32.42028985507246,0.8634,27.5,77.0,1,23.4,0.0,12.0
