player_name_norm,season,salary,contract_years,bbref_salary,base,cash_total,n_teams,split_total,extra_amounts,active_total,retained_total,other_total,statuses,n_active,cap_hit,salary_merged,salary_season_cash,has_signing_start,branch,source,cap
cj mccollum,2025,30666666.0,7.0,30666666.0,16567049.0,16567049.0,2.0,30666666.0,14099617,16567049.0,14099617.0,0.0,Active;Retained,1.0,,30666666.0,30666666.0,False,status_active,spotrac,154647000
jalen johnson,2025,30000000.0,5.0,30000000.0,30000000.0,30000000.0,1.0,,,30000000.0,,0.0,Active,1.0,30000000.0,30000000.0,30000000.0,True,spotrac_cap_hit,spotrac,154647000
jonathan kuminga,2025,23799569.0,2.0,23799569.0,8534483.0,8534483.0,2.0,22500000.0,13965517,,,,,,23799569.0,23799569.0,23799569.0,True,spotrac_cap_hit,spotrac,154647000
nickeil alexander-walker,2025,15161800.0,4.0,15161800.0,15161800.0,15161800.0,1.0,,,,,,,,15161800.0,15161800.0,15161800.0,True,spotrac_cap_hit,spotrac,154647000
onyeka okongwu,2025,15000000.0,4.0,15000000.0,15000000.0,15000000.0,1.0,,,15000000.0,,0.0,Active,1.0,15000000.0,15000000.0,15000000.0,False,spotrac_cap_hit,spotrac,154647000
corey kispert,2025,13975000.0,4.0,13975000.0,7549713.0,7549713.0,2.0,13975000.0,6425287,,,,,,13975000.0,13975000.0,13975000.0,True,spotrac_cap_hit,spotrac,154647000
zaccharie risacher,2025,13197720.0,3.0,13197720.0,13197720.0,13197720.0,1.0,,,,,,,,13197720.0,13197720.0,13197720.0,False,spotrac_cap_hit,spotrac,154647000
gabe vincent,2025,11500000.0,3.0,11500000.0,11500000.0,11500000.0,2.0,18691024.0,53093;7137931,11500000.0,7137931.0,53093.0,Active;NBA Cup;Retained,1.0,11500000.0,11500000.0,11500000.0,False,spotrac_cap_hit,spotrac,154647000
buddy hield,2025,9219512.0,4.0,9219512.0,3497056.0,3497056.0,2.0,9219512.0,5722456,,,,,,9219512.0,9219512.0,9219512.0,False,spotrac_cap_hit,spotrac,154647000
dyson daniels,2025,7707709.0,1.0,7707709.0,7707709.0,7707709.0,1.0,,,7707709.0,,0.0,Active / Club Exercised,1.0,,7707709.0,7707709.0,False,status_active,spotrac,154647000
asa newell,2025,3237480.0,3.0,3237480.0,3237480.0,3237480.0,1.0,,,,,,,,3237480.0,3237480.0,3237480.0,True,spotrac_cap_hit,spotrac,154647000
keaton wallace,2025,2296274.0,1.0,2296274.0,2296274.0,2296274.0,1.0,,,2296274.0,,0.0,Active,1.0,,2296274.0,2296274.0,True,vet_min,spotrac,154647000
jock landale,2025,2296274.0,1.0,2296274.0,933658.0,933658.0,3.0,2461463.0,1499512;28293,933658.0,1527805.0,0.0,Active;Retained;Retained,1.0,,2296274.0,2296274.0,True,vet_min,spotrac,154647000
mouhamed gueye,2025,2221677.0,2.0,2221677.0,2221677.0,2221677.0,1.0,,,,,,,,2221677.0,2221677.0,2221677.0,False,spotrac_cap_hit,spotrac,154647000
duop reath,2025,2221677.0,3.0,2221677.0,906546.0,906546.0,2.0,2221677.0,1315131,,2221677.0,0.0,Retained;Retained,0.0,,2221677.0,2221677.0,False,status_active,spotrac,154647000
n'faly dante,2025,2048494.0,1.0,2048494.0,2048494.0,2048494.0,1.0,,,,2048494.0,0.0,Retained,0.0,,,,False,retained_only,spotrac,154647000
nikola djurisic,2025,1272870.0,1.0,1272870.0,,,,,,,,,,,,1272870.0,,False,fallback_bbref,bbref,154647000
caleb houstan,2025,699440.0,1.0,699440.0,724598.0,724598.0,1.0,,442578,,1167176.0,0.0,Retained;Retained,0.0,,724598.0,,True,signing_contract,spotrac,154647000
jayson tatum,2025,54126450.0,5.0,54126450.0,54126450.0,54126450.0,1.0,,,,,,,,54126450.0,54126450.0,54126450.0,True,spotrac_cap_hit,spotrac,154647000
jaylen brown,2025,53142264.0,5.0,53142264.0,53142264.0,53142264.0,1.0,,,53142264.0,,0.0,Active,1.0,53142264.0,53142264.0,53142264.0,False,spotrac_cap_hit,spotrac,154647000
derrick white,2025,28100000.0,4.0,28100000.0,26350000.0,26350000.0,1.0,,,,,,,,28100000.0,28100000.0,28100000.0,True,spotrac_cap_hit,spotrac,154647000
nikola vucevic,2025,21481481.0,3.0,21481481.0,8148148.0,8148148.0,2.0,21481481.0,13333333,8148148.0,13333333.0,0.0,Active;Retained,1.0,,21481481.0,21481481.0,False,status_active,spotrac,154647000
sam hauser,2025,10044644.0,4.0,10044644.0,10044644.0,10044644.0,1.0,,,,,,,,10044644.0,10044644.0,10044644.0,True,spotrac_cap_hit,spotrac,154647000
payton pritchard,2025,7232143.0,4.0,7232143.0,7232143.0,7232143.0,1.0,,,7232143.0,,0.0,Active,1.0,7232143.0,7232143.0,7232143.0,False,spotrac_cap_hit,spotrac,154647000
hugo gonzalez,2025,2783880.0,3.0,2783880.0,2783880.0,2783880.0,1.0,,,,,,,,2783880.0,2783880.0,2783880.0,True,spotrac_cap_hit,spotrac,154647000
baylor scheierman,2025,2619000.0,3.0,2619000.0,2619000.0,2619000.0,1.0,,,,,,,,2619000.0,2619000.0,2619000.0,False,spotrac_cap_hit,spotrac,154647000
luka garza,2025,2461463.0,3.0,2461463.0,2461463.0,2461463.0,1.0,,,2461463.0,,0.0,Active,1.0,2461463.0,2461463.0,2461463.0,True,spotrac_cap_hit,spotrac,154647000
neemias queta,2025,2349578.0,3.0,2349578.0,2349578.0,2349578.0,1.0,,,,,,,,2349578.0,2349578.0,2349578.0,False,spotrac_cap_hit,spotrac,154647000
jordan walsh,2025,2221677.0,2.0,2221677.0,2221677.0,2221677.0,1.0,,,,,,,,2221677.0,2221677.0,2221677.0,False,spotrac_cap_hit,spotrac,154647000
amari williams,2025,490128.0,1.0,490128.0,490128.0,490128.0,1.0,,,490128.0,,0.0,Active,1.0,,490128.0,490128.0,True,status_active,spotrac,154647000
dalano banton,2025,131970.0,1.0,131970.0,141463.0,141463.0,2.0,311219.0,141463;28293,28293.0,282926.0,0.0,Retained;Retained;Active,1.0,,2296274.0,28293.0,True,vet_min,spotrac,154647000
john tonje,2025,73153.0,1.0,73153.0,73153.0,73153.0,2.0,1068040.0,395029;442578;157280,157280.0,910760.0,0.0,Retained;Retained;Retained;Active,1.0,,1068040.0,1068040.0,False,status_active,spotrac,154647000
jd davison,2025,2270735.0,1.0,2270735.0,82030.0,82030.0,1.0,,618147,,,,,,82030.0,82030.0,82030.0,True,spotrac_cap_hit,spotrac,154647000
michael porter jr.,2025,38333050.0,5.0,38333050.0,38333050.0,38333050.0,1.0,,,38333050.0,,0.0,Active,1.0,38333050.0,38333050.0,38333050.0,False,spotrac_cap_hit,spotrac,154647000
nic claxton,2025,25352272.0,4.0,25352272.0,25352272.0,25541760.0,1.0,,,25541760.0,,0.0,Active,1.0,25541760.0,25541760.0,25541760.0,False,spotrac_cap_hit,spotrac,154647000
terance mann,2025,15500000.0,3.0,15500000.0,15500000.0,15500000.0,1.0,,,15500000.0,,0.0,Active,1.0,15500000.0,15500000.0,15500000.0,False,spotrac_cap_hit,spotrac,154647000
egor dеmin,2025,6889200.0,3.0,6889200.0,,,,,,,,,,,,6889200.0,,False,fallback_bbref,bbref,154647000
ochai agbaji,2025,6383525.0,1.0,6383525.0,2421337.0,2421337.0,2.0,6436618.0,53093;3962188,2421337.0,3962188.0,53093.0,Active / Club Exercised;NBA Cup;Retained,1.0,,6383525.0,6383525.0,False,status_active,spotrac,154647000
ziaire williams,2025,6250000.0,3.0,6250000.0,6250000.0,6250000.0,1.0,,,6250000.0,,0.0,Active,1.0,,6250000.0,6250000.0,True,status_active,spotrac,154647000
day'ron sharpe,2025,6250000.0,2.0,6250000.0,6250000.0,6250000.0,1.0,,,,,,,,,6250000.0,6250000.0,True,single,spotrac,154647000
nolan traore,2025,3811560.0,3.0,3811560.0,3811560.0,3811560.0,1.0,,,,,,,,3811560.0,3811560.0,3811560.0,True,spotrac_cap_hit,spotrac,154647000
noah clowney,2025,3398640.0,3.0,3398640.0,3398640.0,3398640.0,1.0,,,,,,,,3398640.0,3398640.0,3398640.0,False,spotrac_cap_hit,spotrac,154647000
drake powell,2025,3372240.0,3.0,3372240.0,3372240.0,3372240.0,1.0,,,,,,,,3372240.0,3372240.0,3372240.0,True,spotrac_cap_hit,spotrac,154647000
ben saraf,2025,2884560.0,3.0,2884560.0,2884560.0,2884560.0,1.0,,,,,,,,2884560.0,2884560.0,2884560.0,True,spotrac_cap_hit,spotrac,154647000
danny wolf,2025,2801280.0,3.0,2801280.0,2801280.0,2801280.0,1.0,,,,,,,,2801280.0,2801280.0,2801280.0,True,spotrac_cap_hit,spotrac,154647000
josh minott,2025,2378870.0,2.0,2378870.0,902330.0,902330.0,2.0,2378870.0,1476540,,,,,,,2378870.0,2378870.0,True,signing_contract,spotrac,154647000
jalen wilson,2025,2221677.0,1.0,2221677.0,2221677.0,2221677.0,1.0,,,2221677.0,,0.0,Active / Club Exercised,1.0,,2221677.0,2221677.0,False,status_active,spotrac,154647000
malachi smith,2025,73153.0,1.0,73153.0,,,,,,,,,,,,73153.0,,False,fallback_bbref,bbref,154647000
cam thomas,2025,5993172.0,1.0,5993172.0,5993172.0,5993172.0,1.0,,,,5993172.0,0.0,Retained,0.0,,,,True,retained_only,spotrac,154647000
haywood highsmith,2025,5616000.0,2.0,5616000.0,5616000.0,5616000.0,2.0,6443984.0,827984,827984.0,5616000.0,0.0,Retained;Active,1.0,827984.0,827984.0,827984.0,True,spotrac_cap_hit,spotrac,154647000
kobe bufkin,2025,4503720.0,3.0,4503720.0,4503720.0,4503720.0,3.0,5612267.0,844607;131970;131970,,5612267.0,0.0,Retained;Retained;Retained;Retained,0.0,,5612267.0,5612267.0,True,status_active,spotrac,154647000
dariq whitehead,2025,3262560.0,3.0,3262560.0,3262560.0,3262560.0,2.0,3394530.0,131970,,3394530.0,0.0,Retained;Retained,0.0,,2296274.0,,True,vet_min,spotrac,154647000
keon johnson,2025,2349578.0,2.0,2349578.0,271614.0,271614.0,1.0,,,,271614.0,0.0,Retained,0.0,,,,False,retained_only,spotrac,154647000
hunter tyson,2025,2221677.0,1.0,2221677.0,842705.0,842705.0,2.0,2221677.0,1378972,,2221677.0,0.0,Retained;Retained,0.0,,2221677.0,2221677.0,False,status_active,spotrac,154647000
tyrese martin,2025,2191897.0,1.0,2191897.0,2191897.0,2191897.0,2.0,2385754.0,193857,193857.0,2191897.0,0.0,Retained;Active,1.0,,193857.0,193857.0,False,status_active,spotrac,154647000
drew timme,2025,1955377.0,1.0,1955377.0,85300.0,85300.0,1.0,,26547,85300.0,,26546.0,Active;NBA Cup,1.0,,85300.0,85300.0,False,status_active,spotrac,154647000
tre scott,2025,129503.0,1.0,129503.0,,,,,,,,,,,,129503.0,,False,fallback_bbref,bbref,154647000
grant nelson,2025,73153.0,1.0,73153.0,,,,,,,,,,,,73153.0,,False,fallback_bbref,bbref,154647000
evan mobley,2025,46394100.0,5.0,46394100.0,46394100.0,46394100.0,1.0,,,46394100.0,,0.0,Active,1.0,46394100.0,46394100.0,46394100.0,True,spotrac_cap_hit,spotrac,154647000
donovan mitchell,2025,46394100.0,3.0,46394100.0,46394100.0,46394100.0,1.0,,,,,,,,46394100.0,46394100.0,46394100.0,True,spotrac_cap_hit,spotrac,154647000
james harden,2025,39182693.0,2.0,39182693.0,15312777.0,15312777.0,2.0,39182693.0,23869916,,,,,,39446090.0,39446090.0,39446090.0,True,spotrac_cap_hit,spotrac,154647000
jarrett allen,2025,20000000.0,5.0,20000000.0,20000000.0,20000000.0,1.0,,,20000000.0,,0.0,Active,1.0,20000000.0,20000000.0,20000000.0,False,spotrac_cap_hit,spotrac,154647000
max strus,2025,15936452.0,4.0,15936452.0,15936452.0,15936452.0,1.0,,,15936452.0,,0.0,Active,1.0,15936452.0,15936452.0,15936452.0,False,spotrac_cap_hit,spotrac,154647000
dennis schroder,2025,14104000.0,5.0,14104000.0,,,,,,,,,,,,14104000.0,,False,fallback_bbref,bbref,154647000
sam merrill,2025,8482144.0,4.0,8482144.0,8482144.0,8482144.0,1.0,,,8482144.0,,0.0,Active,1.0,8482144.0,8482144.0,8482144.0,True,spotrac_cap_hit,spotrac,154647000
dean wade,2025,6623456.0,3.0,6623456.0,6623456.0,6623456.0,1.0,,,6623456.0,,0.0,Active,1.0,,6623456.0,6623456.0,False,status_active,spotrac,154647000
jaylon tyson,2025,3492480.0,3.0,3492480.0,3492480.0,3492480.0,1.0,,,,,,,,3492480.0,3492480.0,3492480.0,False,spotrac_cap_hit,spotrac,154647000
keon ellis,2025,2301587.0,2.0,2301587.0,939153.0,939153.0,2.0,2301587.0,1362434,,,,,,,2301587.0,2301587.0,False,split,spotrac,154647000
larry nance jr.,2025,2296274.0,1.0,2296274.0,3634153.0,3634153.0,1.0,,,3634153.0,,0.0,Active,1.0,,2296274.0,2296274.0,True,vet_min,spotrac,154647000
thomas bryant,2025,2296274.0,2.0,2296274.0,3287409.0,3287409.0,1.0,,,3287409.0,,0.0,Active,1.0,,3287409.0,3287409.0,True,status_active,spotrac,154647000
craig porter jr.,2025,2221677.0,2.0,2221677.0,2221677.0,2221677.0,1.0,,,,,,,,2221677.0,2221677.0,2221677.0,False,spotrac_cap_hit,spotrac,154647000
tyrese proctor,2025,1272870.0,1.0,1272870.0,1272870.0,1272870.0,1.0,,,,,,,,1272870.0,1272870.0,1272870.0,True,spotrac_cap_hit,spotrac,154647000
nae'qwan tomlin,2025,718150.0,1.0,718150.0,718150.0,718150.0,1.0,,413317,,,,,,718150.0,718150.0,718150.0,True,spotrac_cap_hit,spotrac,154647000
ricky rubio,2025,424672.0,3.0,424672.0,424672.0,424672.0,1.0,,,,424672.0,0.0,Buyout,0.0,,,,False,retained_only,spotrac,154647000
kyrie irving,2025,36566002.0,3.0,36566002.0,36566002.0,36566002.0,1.0,,,,,,,,36566002.0,36566002.0,36566002.0,True,spotrac_cap_hit,spotrac,154647000
khris middleton,2025,33296296.0,3.0,33296296.0,33296296.0,35086419.0,2.0,53580246.0,20283950,35086419.0,20283950.0,0.0,Active / Player Exercised;Retained,1.0,,53580246.0,53580246.0,False,status_active,spotrac,154647000
klay thompson,2025,16666667.0,3.0,16666667.0,16666667.0,16666667.0,1.0,,,16666667.0,,0.0,Active,1.0,16666667.0,16666667.0,16666667.0,False,spotrac_cap_hit,spotrac,154647000
daniel gafford,2025,14386320.0,3.0,14386320.0,14386320.0,14386320.0,1.0,,,14386320.0,,0.0,Active,1.0,14386320.0,14386320.0,14386320.0,False,spotrac_cap_hit,spotrac,154647000
p.j. washington,2025,14152174.0,3.0,14152174.0,14152174.0,14152174.0,1.0,,,14152174.0,,0.0,Active,1.0,14152174.0,14152174.0,14152174.0,False,spotrac_cap_hit,spotrac,154647000
cooper flagg,2025,13825920.0,3.0,13825920.0,13825920.0,13825920.0,1.0,,,,,,,,13825920.0,13825920.0,13825920.0,True,spotrac_cap_hit,spotrac,154647000
caleb martin,2025,9594044.0,4.0,9594044.0,8556451.0,8556451.0,1.0,,,,,,,,9594044.0,9594044.0,9594044.0,False,spotrac_cap_hit,spotrac,154647000
naji marshall,2025,9000000.0,3.0,9000000.0,9000000.0,9000000.0,1.0,,,9000000.0,,0.0,Active,1.0,9000000.0,9000000.0,9000000.0,False,spotrac_cap_hit,spotrac,154647000
max christie,2025,7714286.0,4.0,7714286.0,7714286.0,7714286.0,1.0,,,,,,,,7714286.0,7714286.0,7714286.0,False,spotrac_cap_hit,spotrac,154647000
dereck lively ii,2025,5253360.0,3.0,5253360.0,5253360.0,5253360.0,1.0,,,,,,,,5253360.0,5253360.0,5253360.0,False,spotrac_cap_hit,spotrac,154647000
dwight powell,2025,4000000.0,3.0,4000000.0,4000000.0,4000000.0,1.0,,,,,,,,4000000.0,4000000.0,4000000.0,False,spotrac_cap_hit,spotrac,154647000
aj johnson,2025,3090480.0,3.0,3090480.0,1207774.0,1207774.0,2.0,3090480.0,1882706,,,,,,3090480.0,3090480.0,3090480.0,False,spotrac_cap_hit,spotrac,154647000
marvin bagley iii,2025,2296274.0,1.0,2296274.0,1204038.0,1204038.0,2.0,3080921.0,1876883,1204038.0,1876883.0,0.0,Active;Retained,1.0,,2296274.0,2296274.0,True,vet_min,spotrac,154647000
brandon williams,2025,2270735.0,1.0,2270735.0,2270735.0,2270735.0,1.0,,,2270735.0,,0.0,Active,1.0,2270735.0,2270735.0,2270735.0,False,spotrac_cap_hit,spotrac,154647000
tyus jones,2025,7000000.0,1.0,7000000.0,2655172.0,2655172.0,4.0,7960969.0,814552;106187;4344828;40230,814552.0,7040230.0,106187.0,Retained;Active;NBA Cup;Retained;Retained,1.0,,814552.0,7854782.0,True,signing_contract,spotrac,154647000
javale mcgee,2025,2208856.0,5.0,2208856.0,2208856.0,2208856.0,1.0,,,,2208856.0,0.0,Retained,0.0,,,,False,retained_only,spotrac,154647000
olivier-maxence prosper,2025,1002360.0,3.0,1002360.0,1002360.0,1002360.0,2.0,2020367.0,527879;490128,,,,,,527879.0,527879.0,527879.0,True,spotrac_cap_hit,spotrac,154647000
jeremiah robinson-earl,2025,131970.0,1.0,131970.0,141463.0,141463.0,2.0,749754.0,325365;141463;141463,,749754.0,0.0,Retained;Retained;Retained;Retained,0.0,,2296274.0,,True,vet_min,spotrac,154647000
cade cunningham,2025,46394100.0,5.0,46394100.0,46394100.0,46394100.0,1.0,,,46394100.0,,0.0,Active,1.0,46394100.0,46394100.0,46394100.0,True,spotrac_cap_hit,spotrac,154647000
tobias harris,2025,26634146.0,2.0,26634146.0,26634146.0,26634146.0,1.0,,,26634146.0,,0.0,Active,1.0,,26634146.0,26634146.0,False,status_active,spotrac,154647000
kevin huerter,2025,17991071.0,4.0,17991071.0,7030993.0,7030993.0,2.0,17991071.0,10960078,,,,,,,17991071.0,17991071.0,False,split,spotrac,154647000
duncan robinson,2025,16834692.0,3.0,16834692.0,16834692.0,16834692.0,1.0,,,16834692.0,,0.0,Active,1.0,16834692.0,16834692.0,16834692.0,True,spotrac_cap_hit,spotrac,154647000
isaiah stewart,2025,15000000.0,4.0,15000000.0,15000000.0,15000000.0,1.0,,,,,,,,15000000.0,15000000.0,15000000.0,False,spotrac_cap_hit,spotrac,154647000
caris levert,2025,14104000.0,2.0,14104000.0,14104000.0,14104000.0,1.0,,,14104000.0,,0.0,Active,1.0,14104000.0,14104000.0,14104000.0,True,spotrac_cap_hit,spotrac,154647000
ausar thompson,2025,8775000.0,3.0,8775000.0,8775000.0,8775000.0,1.0,,,,,,,,8775000.0,8775000.0,8775000.0,False,spotrac_cap_hit,spotrac,154647000
ron holland,2025,8657280.0,3.0,8657280.0,,,,,,,,,,,,8657280.0,,False,fallback_bbref,bbref,154647000
jalen duren,2025,6483144.0,1.0,6483144.0,6483144.0,6483144.0,1.0,,,,,,,,6483144.0,6483144.0,6483144.0,False,spotrac_cap_hit,spotrac,154647000
paul reed,2025,5335894.0,2.0,5335894.0,5335894.0,5335894.0,1.0,,,5335894.0,,0.0,Active,1.0,5335894.0,5335894.0,5335894.0,True,spotrac_cap_hit,spotrac,154647000
daniss jenkins,2025,3809524.0,2.0,3809524.0,3809524.0,3809524.0,1.0,,406002,,,,,,3809524.0,3809524.0,3809524.0,True,spotrac_cap_hit,spotrac,154647000
marcus sasser,2025,2886720.0,3.0,2886720.0,2886720.0,2886720.0,1.0,,,,,,,,2886720.0,2886720.0,2886720.0,False,spotrac_cap_hit,spotrac,154647000
javonte green,2025,2296274.0,1.0,2296274.0,2874436.0,2874436.0,1.0,,,2874436.0,,0.0,Active,1.0,,2296274.0,2296274.0,True,vet_min,spotrac,154647000
isaac jones,2025,1955377.0,1.0,1955377.0,1955377.0,1955377.0,1.0,,230433,230433.0,1955377.0,0.0,Retained;Active,1.0,,230433.0,230433.0,False,status_active,spotrac,154647000
chaz lanier,2025,1372870.0,1.0,1372870.0,1272870.0,1272870.0,1.0,,,,,,,,1272870.0,1272870.0,1272870.0,True,spotrac_cap_hit,spotrac,154647000
dario saric,2025,5426400.0,2.0,5426400.0,,,,,,,,,,,,5426400.0,,False,fallback_bbref,bbref,154647000
bobi klintman,2025,1955377.0,1.0,1955377.0,1955377.0,1955377.0,1.0,,,,1955377.0,0.0,Retained,0.0,,,,False,retained_only,spotrac,154647000
stephen curry,2025,59606817.0,8.0,59606817.0,59606817.0,59606817.0,1.0,,,59606817.0,,0.0,Active,1.0,59606817.0,59606817.0,59606817.0,False,spotrac_cap_hit,spotrac,154647000
jimmy butler,2025,54126450.0,4.0,54126450.0,54126450.0,54126450.0,1.0,,,54126450.0,,0.0,Active,1.0,54126450.0,54126450.0,54126450.0,True,spotrac_cap_hit,spotrac,154647000
kristaps porzingis,2025,30731707.0,2.0,30731707.0,,,,,,,,,,,,30731707.0,,False,fallback_bbref,bbref,154647000
draymond green,2025,25892857.0,4.0,25892857.0,25892857.0,25892857.0,1.0,,,25892857.0,,0.0,Active,1.0,,25892857.0,25892857.0,False,status_active,spotrac,154647000
moses moody,2025,11574075.0,3.0,11574075.0,11574075.0,11574075.0,1.0,,,11574075.0,,0.0,Active,1.0,11574075.0,11574075.0,11574075.0,True,spotrac_cap_hit,spotrac,154647000
al horford,2025,5685000.0,2.0,5685000.0,5685000.0,5685000.0,1.0,,,,,,,,,5685000.0,5685000.0,True,single,spotrac,154647000
brandin podziemski,2025,3687960.0,3.0,3687960.0,,,,,,,,,,,3687960.0,3687960.0,3687960.0,False,spotrac_cap_hit,spotrac,154647000
de'anthony melton,2025,3080921.0,2.0,3080921.0,3080921.0,3080921.0,1.0,,,,,,,,,3080921.0,3080921.0,True,vet_min,spotrac,154647000
gary payton ii,2025,2296274.0,1.0,2296274.0,3303774.0,3303774.0,1.0,,,3303774.0,,0.0,Active,1.0,,3303774.0,3303774.0,True,status_active,spotrac,154647000
gui santos,2025,2221677.0,1.0,2221677.0,2221677.0,2221677.0,1.0,,,,,,,,,2221677.0,2221677.0,False,single,spotrac,154647000
quinten post,2025,1955377.0,1.0,1955377.0,1955377.0,1955377.0,1.0,,,,,,,,,1955377.0,1955377.0,False,vet_min,spotrac,154647000
seth curry,2025,1755198.0,1.0,1755198.0,2777830.0,2777830.0,1.0,,,2777830.0,,0.0,Active,1.0,1755198.0,1755198.0,1755198.0,True,spotrac_cap_hit,spotrac,154647000
will richard,2025,1272870.0,1.0,1272870.0,1272870.0,1272870.0,1.0,,,,,,,,1272870.0,1272870.0,1272870.0,True,spotrac_cap_hit,spotrac,154647000
pat spencer,2025,857804.0,1.0,857804.0,857804.0,857804.0,1.0,,636435,857804.0,,636435.0,Active;Reserve,1.0,,1494239.0,1494239.0,False,status_active,spotrac,154647000
tyrese haliburton,2025,45550512.0,5.0,45550512.0,45550512.0,45550512.0,1.0,,,45550512.0,,0.0,Active,1.0,45550512.0,45550512.0,45550512.0,False,spotrac_cap_hit,spotrac,154647000
pascal siakam,2025,45550512.0,8.0,45550512.0,45550512.0,45550512.0,1.0,,,45550512.0,,0.0,Active,1.0,45550512.0,45550512.0,45550512.0,False,spotrac_cap_hit,spotrac,154647000
ivica zubac,2025,18893980.0,3.0,18893980.0,6866276.0,6866276.0,2.0,18102000.0,11235724,6866276.0,13611664.0,0.0,Active;Retained,1.0,18893980.0,18893980.0,18893980.0,True,spotrac_cap_hit,spotrac,154647000
andrew nembhard,2025,18102000.0,3.0,18102000.0,18102000.0,18102000.0,1.0,,,,,,,,18102000.0,18102000.0,18102000.0,True,spotrac_cap_hit,spotrac,154647000
obi toppin,2025,14000000.0,4.0,14000000.0,14000000.0,14000000.0,1.0,,,14000000.0,,0.0,Active,1.0,14000000.0,14000000.0,14000000.0,False,spotrac_cap_hit,spotrac,154647000
aaron nesmith,2025,11000000.0,3.0,11000000.0,11000000.0,11000000.0,1.0,,,11000000.0,,0.0,Active,1.0,11000000.0,11000000.0,11000000.0,False,spotrac_cap_hit,spotrac,154647000
t.j. mcconnell,2025,10200000.0,8.0,10200000.0,10200000.0,10200000.0,1.0,,,,,,,,10200000.0,10200000.0,10200000.0,True,spotrac_cap_hit,spotrac,154647000
jarace walker,2025,6665520.0,3.0,6665520.0,6665520.0,6665520.0,1.0,,,,,,,,6665520.0,6665520.0,6665520.0,False,spotrac_cap_hit,spotrac,154647000
ben sheppard,2025,2790720.0,3.0,2790720.0,2790720.0,2790720.0,1.0,,,,,,,,2790720.0,2790720.0,2790720.0,False,spotrac_cap_hit,spotrac,154647000
kobe brown,2025,2654880.0,3.0,2654880.0,1007023.0,1007023.0,2.0,2654880.0,1647857,1007023.0,1647857.0,0.0,Active / Club Exercised;Retained,1.0,,2654880.0,2654880.0,False,status_active,spotrac,154647000
jay huff,2025,2349578.0,4.0,2349578.0,2349578.0,2349578.0,1.0,,,,,,,,2349578.0,2349578.0,2349578.0,False,spotrac_cap_hit,spotrac,154647000
johnny furphy,2025,1955377.0,2.0,1955377.0,1955377.0,1955377.0,1.0,,,,,,,,1955377.0,1955377.0,1955377.0,False,spotrac_cap_hit,spotrac,154647000
micah potter,2025,1527805.0,1.0,1527805.0,1527805.0,1527805.0,2.0,1542805.0,15000,,,,,,1527805.0,1527805.0,1527805.0,True,spotrac_cap_hit,spotrac,154647000
kam jones,2025,1272870.0,1.0,1272870.0,,,,,,,,,,,,1272870.0,,False,fallback_bbref,bbref,154647000
tony bradley,2025,3204816.0,1.0,3204816.0,1335225.0,1335225.0,2.0,1813298.0,177064;177064;123945,123945.0,1689353.0,0.0,Retained;Retained;Retained;Active,1.0,92379.0,92379.0,92379.0,True,spotrac_cap_hit,spotrac,154647000
james wiseman,2025,1131970.0,1.0,1131970.0,1000000.0,1000000.0,1.0,,153330,,1153330.0,0.0,Retained;Retained,0.0,,,,True,retained_only,spotrac,154647000
garrison mathews,2025,429325.0,1.0,429325.0,297355.0,297355.0,1.0,,165197,,462552.0,0.0,Retained;Retained,0.0,,2296274.0,,True,vet_min,spotrac,154647000
monte morris,2025,321184.0,1.0,321184.0,321184.0,321184.0,1.0,,,,321184.0,0.0,Retained,0.0,,,,True,retained_only,spotrac,154647000
mac mcclung,2025,164060.0,1.0,164060.0,164060.0,164060.0,2.0,409124.0,245064,245064.0,164060.0,0.0,Retained;Active,1.0,,245064.0,245064.0,True,status_active,spotrac,154647000
gabe mcglothan,2025,73153.0,1.0,73153.0,,,,,,,,,,,,73153.0,,False,fallback_bbref,bbref,154647000
lebron james,2025,52627153.0,7.0,52627153.0,52627153.0,52627153.0,1.0,,53093,,,,,,,52627153.0,52627153.0,False,single,spotrac,154647000
luka doncic,2025,45999660.0,7.0,45999660.0,45999660.0,45999660.0,1.0,,53093,,,,,,,45999660.0,45999660.0,False,single,spotrac,154647000
rui hachimura,2025,18259259.0,3.0,18259259.0,18259259.0,18259259.0,1.0,,53093,,,,,,,18259259.0,18259259.0,False,single,spotrac,154647000
austin reaves,2025,13937574.0,4.0,13937574.0,13937574.0,13937574.0,1.0,,53093,,,,,,,13937574.0,13937574.0,False,single,spotrac,154647000
jarred vanderbilt,2025,11571429.0,4.0,11571429.0,11571429.0,11571429.0,1.0,,53093,,,,,,11571429.0,11571429.0,11571429.0,False,spotrac_cap_hit,spotrac,154647000
luke kennard,2025,11000000.0,1.0,11000000.0,6827586.0,6827586.0,2.0,11000000.0,4172414,,,,,,,11000000.0,11000000.0,True,signing_contract,spotrac,154647000
maxi kleber,2025,11000000.0,3.0,11000000.0,11000000.0,11000000.0,1.0,,53093,11000000.0,,53093.0,Active;NBA Cup,1.0,,11000000.0,11000000.0,False,status_active,spotrac,154647000
deandre ayton,2025,8104000.0,2.0,8104000.0,25550814.0,25550814.0,2.0,33707907.0,8104000;53093,,,,,,8104000.0,8104000.0,8104000.0,True,spotrac_cap_hit,spotrac,154647000
jake laravia,2025,6000000.0,2.0,6000000.0,6000000.0,6000000.0,1.0,,53093,6000000.0,,53093.0,Active;NBA Cup,1.0,6000000.0,6000000.0,6000000.0,True,spotrac_cap_hit,spotrac,154647000
marcus smart,2025,5134000.0,2.0,5134000.0,14786855.0,14786855.0,2.0,19973948.0,5134000;53093,,,,,,,5134000.0,,True,signing_contract,spotrac,154647000
dalton knecht,2025,4010160.0,3.0,4010160.0,4010160.0,4010160.0,1.0,,53093,,,,,,4010160.0,4010160.0,4010160.0,False,spotrac_cap_hit,spotrac,154647000
jaxson hayes,2025,3449323.0,1.0,3449323.0,3449323.0,3449323.0,1.0,,53093,,,,,,,3449323.0,3449323.0,True,signing_contract,spotrac,154647000
bronny james,2025,1955377.0,1.0,1955377.0,1955377.0,1955377.0,1.0,,53093,,,,,,1955377.0,1955377.0,1955377.0,False,spotrac_cap_hit,spotrac,154647000
adou thiero,2025,1272870.0,1.0,1272870.0,1272870.0,1272870.0,1.0,,53093,,,,,,1272870.0,1272870.0,1272870.0,True,spotrac_cap_hit,spotrac,154647000
bam adebayo,2025,37096620.0,5.0,37096620.0,37096620.0,37096620.0,1.0,,53093,,,,,,37096620.0,37096620.0,37096620.0,False,spotrac_cap_hit,spotrac,154647000
tyler herro,2025,31000000.0,4.0,31000000.0,31000000.0,31000000.0,1.0,,53093,31000000.0,,53093.0,Active;NBA Cup,1.0,31000000.0,31000000.0,31000000.0,False,spotrac_cap_hit,spotrac,154647000
andrew wiggins,2025,28223215.0,4.0,28223215.0,28223215.0,28223215.0,1.0,,53093,,,,,,28223215.0,28223215.0,28223215.0,False,spotrac_cap_hit,spotrac,154647000
norman powell,2025,20482758.0,5.0,20482758.0,20482758.0,20482758.0,1.0,,53093,,,,,,,20482758.0,20482758.0,False,single,spotrac,154647000
davion mitchell,2025,11600000.0,2.0,11600000.0,11600000.0,11600000.0,1.0,,53093,11600000.0,,53093.0,Active;NBA Cup,1.0,11600000.0,11600000.0,11600000.0,True,spotrac_cap_hit,spotrac,154647000
simone fontecchio,2025,8307692.0,2.0,8307692.0,8307692.0,8307692.0,1.0,,53093,8307692.0,,53093.0,Active;NBA Cup,1.0,,8307692.0,8307692.0,False,status_active,spotrac,154647000
nikola jovic,2025,4445417.0,1.0,4445417.0,,,,,,,,,,,,4445417.0,,False,fallback_bbref,bbref,154647000
kel'el ware,2025,4443360.0,3.0,4443360.0,4443360.0,4443360.0,1.0,,53093,,,,,,4443360.0,4443360.0,4443360.0,False,spotrac_cap_hit,spotrac,154647000
jaime jaquez jr.,2025,3861600.0,3.0,3861600.0,3861600.0,3861600.0,1.0,,53093,,,,,,3861600.0,3861600.0,3861600.0,False,spotrac_cap_hit,spotrac,154647000
kasparas jakucionis,2025,3658800.0,3.0,3658800.0,3658800.0,3658800.0,1.0,,53093,,,,,,3658800.0,3658800.0,3658800.0,True,spotrac_cap_hit,spotrac,154647000
dru smith,2025,2378870.0,3.0,2378870.0,2378870.0,2378870.0,1.0,,53093,,,,,,2378870.0,2378870.0,2378870.0,True,spotrac_cap_hit,spotrac,154647000
keshad johnson,2025,1955377.0,1.0,1955377.0,1955377.0,1955377.0,1.0,,53093,1955377.0,,53093.0,Active / Club Exercised;NBA Cup,1.0,,1955377.0,1955377.0,False,vet_min,spotrac,154647000
pelle larsson,2025,1955377.0,1.0,1955377.0,1955377.0,1955377.0,1.0,,53093,,,,,,1955377.0,1955377.0,1955377.0,False,spotrac_cap_hit,spotrac,154647000
myron gardner,2025,395029.0,1.0,395029.0,395029.0,395029.0,1.0,,438921;438921;26547,,,,,,395029.0,395029.0,395029.0,True,spotrac_cap_hit,spotrac,154647000
terry rozier,2025,26643031.0,4.0,26643031.0,26643031.0,26643031.0,1.0,,53093,,26643031.0,53093.0,Retained;NBA Cup,0.0,,,,False,retained_only,spotrac,154647000
anthony edwards,2025,45550512.0,5.0,45550512.0,45550512.0,45550512.0,1.0,,,45550512.0,,0.0,Active,1.0,45550512.0,45550512.0,45550512.0,False,spotrac_cap_hit,spotrac,154647000
rudy gobert,2025,35000000.0,3.0,35000000.0,35000000.0,35000000.0,1.0,,,,,,,,35000000.0,35000000.0,35000000.0,True,spotrac_cap_hit,spotrac,154647000
julius randle,2025,30864198.0,4.0,30864198.0,30864198.0,30864198.0,1.0,,,,,,,,30864198.0,30864198.0,30864198.0,True,spotrac_cap_hit,spotrac,154647000
jaden mcdaniels,2025,24393104.0,5.0,24393104.0,24393103.0,24393103.0,1.0,,,24393103.0,,0.0,Active,1.0,24393103.0,24393103.0,24393103.0,False,spotrac_cap_hit,spotrac,154647000
naz reid,2025,21551724.0,5.0,21551724.0,21551724.0,21551724.0,1.0,,,,,,,,21551724.0,21551724.0,21551724.0,True,spotrac_cap_hit,spotrac,154647000
donte divincenzo,2025,11990000.0,4.0,11990000.0,11990000.0,11990000.0,1.0,,,11990000.0,,0.0,Active,1.0,11990000.0,11990000.0,11990000.0,False,spotrac_cap_hit,spotrac,154647000
ayo dosunmu,2025,7518518.0,3.0,7518518.0,2851852.0,2851852.0,2.0,7518518.0,4666666,,,,,,,7518518.0,7518518.0,False,split,spotrac,154647000
joan beringer,2025,4201080.0,3.0,4201080.0,4201080.0,4201080.0,1.0,,,,,,,,4201080.0,4201080.0,4201080.0,True,spotrac_cap_hit,spotrac,154647000
terrence shannon jr.,2025,2674080.0,3.0,2674080.0,2674080.0,2674080.0,1.0,,,,,,,,2674080.0,2674080.0,2674080.0,False,spotrac_cap_hit,spotrac,154647000
bones hyland,2025,2296274.0,1.0,2296274.0,2461463.0,2461463.0,1.0,,,2461463.0,,0.0,Active,1.0,,2296274.0,2296274.0,True,vet_min,spotrac,154647000
joe ingles,2025,2296274.0,2.0,2296274.0,3634153.0,3634153.0,1.0,,,3634153.0,,0.0,Active,1.0,2296274.0,2296274.0,2296274.0,True,spotrac_cap_hit,spotrac,154647000
julian phillips,2025,2221677.0,2.0,2221677.0,842705.0,842705.0,2.0,2221677.0,1378972,842705.0,1378972.0,0.0,Active;Retained,1.0,,2221677.0,2221677.0,False,status_active,spotrac,154647000
jaylen clark,2025,2191897.0,1.0,2191897.0,2191897.0,2191897.0,1.0,,,2191897.0,,0.0,Active,1.0,,2191897.0,2191897.0,False,status_active,spotrac,154647000
mike conley,2025,725834.0,1.0,725834.0,3352740.0,3352740.0,2.0,11064961.0,1148727;6563494,1148727.0,9916234.0,0.0,Buyout;Active;Retained,1.0,,1148727.0,7712221.0,True,signing_contract,spotrac,154647000
shai gilgeous-alexander,2025,38333050.0,5.0,38333050.0,38333050.0,38333050.0,1.0,,106187,,,,,,38333050.0,38333050.0,38333050.0,False,spotrac_cap_hit,spotrac,154647000
isaiah hartenstein,2025,28500000.0,3.0,28500000.0,28500000.0,28500000.0,1.0,,106187,,,,,,,28500000.0,28500000.0,False,single,spotrac,154647000
luguentz dort,2025,18222222.0,5.0,18222222.0,17722222.0,17722222.0,1.0,,106187,,,,,,17722222.0,17722222.0,17722222.0,False,spotrac_cap_hit,spotrac,154647000
alex caruso,2025,18102000.0,4.0,18102000.0,18102000.0,18102000.0,1.0,,106187,18102000.0,,106187.0,Active;NBA Cup,1.0,18102000.0,18102000.0,18102000.0,True,spotrac_cap_hit,spotrac,154647000
chet holmgren,2025,13731368.0,1.0,13731368.0,13731368.0,13731368.0,1.0,,106187,13731368.0,,106187.0,Active / Club Exercised;NBA Cup,1.0,,13731368.0,13731368.0,False,status_active,spotrac,154647000
isaiah joe,2025,12362338.0,4.0,12362338.0,12362338.0,12362338.0,1.0,,106187,,,,,,12362338.0,12362338.0,12362338.0,False,spotrac_cap_hit,spotrac,154647000
aaron wiggins,2025,10102803.0,5.0,10102803.0,9672897.0,9887850.0,1.0,,106187,,,,,,9887850.0,9887850.0,9887850.0,False,spotrac_cap_hit,spotrac,154647000
jaylin williams,2025,8450704.0,3.0,8450704.0,8450704.0,8450704.0,1.0,,106187,,,,,,8450704.0,8450704.0,8450704.0,True,spotrac_cap_hit,spotrac,154647000
kenrich williams,2025,7163000.0,4.0,7163000.0,7163000.0,7163000.0,1.0,,106187,7163000.0,,106187.0,Active;NBA Cup,1.0,,7163000.0,7163000.0,False,status_active,spotrac,154647000
jalen williams,2025,6580997.0,1.0,6580997.0,6580997.0,6580997.0,1.0,,106187,6580997.0,,106187.0,Active / Club Exercised;NBA Cup,1.0,,6580997.0,6580997.0,False,status_active,spotrac,154647000
cason wallace,2025,5820240.0,3.0,5820240.0,5820240.0,5820240.0,1.0,,106187,,,,,,5820240.0,5820240.0,5820240.0,False,spotrac_cap_hit,spotrac,154647000
nikola topic,2025,5182920.0,3.0,5182920.0,,,,,,,,,,,,5182920.0,,False,fallback_bbref,bbref,154647000
thomas sorber,2025,4655040.0,3.0,4655040.0,4655040.0,4655040.0,1.0,,106187,,,,,,4655040.0,4655040.0,4655040.0,True,spotrac_cap_hit,spotrac,154647000
jared mccain,2025,4221360.0,3.0,4221360.0,1649727.0,1649727.0,2.0,4221360.0,2571633,,,,,,4221360.0,4221360.0,4221360.0,False,spotrac_cap_hit,spotrac,154647000
ajay mitchell,2025,3000000.0,4.0,3000000.0,3000000.0,3000000.0,1.0,,106187,,,,,,3000000.0,3000000.0,3000000.0,True,spotrac_cap_hit,spotrac,154647000
mason plumlee,2025,2296274.0,2.0,2296274.0,2213909.0,2213909.0,3.0,4782879.0,1420244;939867;208859,939867.0,3843012.0,0.0,Retained;Retained;Active;Retained,1.0,593864.0,593864.0,593864.0,True,spotrac_cap_hit,spotrac,154647000
franz wagner,2025,38661750.0,5.0,38661750.0,38661750.0,38661750.0,1.0,,106187,38661750.0,,106187.0,Active;NBA Cup,1.0,38661750.0,38661750.0,38661750.0,True,spotrac_cap_hit,spotrac,154647000
desmond bane,2025,36725670.0,5.0,36725670.0,36725670.0,36725670.0,1.0,,106187,36725670.0,,106187.0,Active;NBA Cup,1.0,36725670.0,36725670.0,36725670.0,False,spotrac_cap_hit,spotrac,154647000
jalen suggs,2025,35000000.0,5.0,35000000.0,35000000.0,35000000.0,1.0,,106187,35000000.0,,106187.0,Active;NBA Cup,1.0,35000000.0,35000000.0,35000000.0,True,spotrac_cap_hit,spotrac,154647000
paolo banchero,2025,15334769.0,1.0,15334769.0,15334769.0,15334769.0,1.0,,106187,,,,,,,15334769.0,15334769.0,False,single,spotrac,154647000
jonathan isaac,2025,15000000.0,4.0,15000000.0,15000000.0,15000000.0,1.0,,106187,15000000.0,,106187.0,Active;NBA Cup,1.0,,15000000.0,15000000.0,True,status_active,spotrac,154647000
wendell carter jr.,2025,10850000.0,4.0,10850000.0,10850000.0,10850000.0,1.0,,106187,,,,,,10850000.0,10850000.0,10850000.0,False,spotrac_cap_hit,spotrac,154647000
goga bitadze,2025,8333333.0,3.0,8333333.0,8333333.0,8333333.0,1.0,,106187,8333333.0,,106187.0,Active;NBA Cup,1.0,8333333.0,8333333.0,8333333.0,False,spotrac_cap_hit,spotrac,154647000
anthony black,2025,7970280.0,3.0,7970280.0,7970280.0,7970280.0,1.0,,106187,,,,,,7970280.0,7970280.0,7970280.0,False,spotrac_cap_hit,spotrac,154647000
jett howard,2025,5529720.0,3.0,5529720.0,5529720.0,5529720.0,1.0,,106187,5529720.0,,106187.0,Active / Club Exercised;NBA Cup,1.0,,5529720.0,5529720.0,False,status_active,spotrac,154647000
moritz wagner,2025,5000000.0,1.0,5000000.0,5000000.0,5000000.0,1.0,,106187,,,,,,,5000000.0,5000000.0,True,signing_contract,spotrac,154647000
tristan da silva,2025,3809520.0,3.0,3809520.0,3809520.0,3809520.0,1.0,,106187,,,,,,3809520.0,3809520.0,3809520.0,False,spotrac_cap_hit,spotrac,154647000
jase richardson,2025,2983320.0,3.0,2983320.0,2983320.0,2983320.0,1.0,,106187,,,,,,2983320.0,2983320.0,2983320.0,True,spotrac_cap_hit,spotrac,154647000
noah penda,2025,1272870.0,1.0,1272870.0,1272870.0,1272870.0,1.0,,106187,,,,,,1272870.0,1272870.0,1272870.0,True,spotrac_cap_hit,spotrac,154647000
jevon carter,2025,871000.0,1.0,871000.0,6809524.0,6809524.0,2.0,7978149.0,1168625,1168625.0,6809524.0,0.0,Retained;Active,1.0,,1168625.0,1168625.0,True,signing_contract,spotrac,154647000
joel embiid,2025,55224526.0,6.0,55224526.0,55224526.0,55224526.0,1.0,,,,,,,,,55224526.0,55224526.0,False,single,spotrac,154647000
paul george,2025,51666090.0,9.0,51666090.0,51666090.0,51666090.0,1.0,,,,,,,,51666090.0,51666090.0,51666090.0,False,spotrac_cap_hit,spotrac,154647000
tyrese maxey,2025,37958760.0,5.0,37958760.0,37958760.0,37958760.0,1.0,,,,,,,,37958760.0,37958760.0,37958760.0,False,spotrac_cap_hit,spotrac,154647000
vj edgecombe,2025,11108880.0,3.0,11108880.0,11108880.0,11108880.0,1.0,,,,,,,,11108880.0,11108880.0,11108880.0,True,spotrac_cap_hit,spotrac,154647000
quentin grimes,2025,8741209.0,1.0,8741209.0,8741209.0,8741209.0,1.0,,,,,,,,,8741209.0,8741209.0,True,single,spotrac,154647000
kelly oubre jr.,2025,8382150.0,2.0,8382150.0,8382150.0,8382150.0,1.0,,,8382150.0,,0.0,Active / Player Exercised,1.0,,8382150.0,8382150.0,False,status_active,spotrac,154647000
andre drummond,2025,5000000.0,2.0,5000000.0,5000000.0,5000000.0,1.0,,,5000000.0,,0.0,Active / Player Exercised,1.0,,5000000.0,5000000.0,False,status_active,spotrac,154647000
dominick barlow,2025,3415000.0,2.0,3415000.0,3415000.0,3415000.0,1.0,,,,,,,,3415000.0,3415000.0,3415000.0,True,spotrac_cap_hit,spotrac,154647000
trendon watford,2025,2461463.0,3.0,2461463.0,2461463.0,2461463.0,1.0,,,,,,,,2461463.0,2461463.0,2461463.0,True,spotrac_cap_hit,spotrac,154647000
kyle lowry,2025,2296274.0,2.0,2296274.0,3634153.0,3634153.0,1.0,,,3634153.0,,0.0,Active,1.0,2296274.0,2296274.0,2296274.0,True,spotrac_cap_hit,spotrac,154647000
justin edwards,2025,2048494.0,1.0,2048494.0,2048494.0,2048494.0,1.0,,,,,,,,2048494.0,2048494.0,2048494.0,True,spotrac_cap_hit,spotrac,154647000
adem bona,2025,1955377.0,1.0,1955377.0,1955377.0,1955377.0,1.0,,,,,,,,1955377.0,1955377.0,1955377.0,False,spotrac_cap_hit,spotrac,154647000
johni broome,2025,1272870.0,1.0,1272870.0,1272870.0,1272870.0,1.0,,,,,,,,1272870.0,1272870.0,1272870.0,True,spotrac_cap_hit,spotrac,154647000
jabari walker,2025,724598.0,1.0,724598.0,724598.0,724598.0,1.0,,442578,724598.0,442578.0,0.0,Active;Retained,1.0,724598.0,724598.0,724598.0,True,spotrac_cap_hit,spotrac,154647000
cameron payne,2025,712637.0,1.0,712637.0,1127841.0,1127841.0,1.0,,,,1127841.0,0.0,Retained,0.0,,,,True,retained_only,spotrac,154647000
charles bassey,2025,263940.0,1.0,263940.0,141463.0,141463.0,4.0,820486.0,141463;141463;141463;141463;113171,113171.0,707315.0,0.0,Retained;Retained;Retained;Retained;Retained;Active,1.0,,113171.0,113171.0,True,signing_contract,spotrac,154647000
patrick baldwin jr.,2025,131970.0,1.0,131970.0,136717.0,136717.0,3.0,456318.0,136717;182884,182884.0,273434.0,0.0,Retained;Retained;Active,1.0,,2378870.0,182884.0,True,signing_contract,spotrac,154647000
devin booker,2025,53142264.0,6.0,53142264.0,53142264.0,53142264.0,1.0,,53093,,,,,,53142264.0,53142264.0,53142264.0,False,spotrac_cap_hit,spotrac,154647000
jalen green,2025,33584499.0,3.0,33584499.0,33333333.0,33333333.0,2.0,33386426.0,53093,,,,,,33584499.0,33584499.0,33584499.0,True,spotrac_cap_hit,spotrac,154647000
dillon brooks,2025,21124110.0,4.0,21124110.0,21124110.0,22124110.0,1.0,,53093,22124110.0,,53093.0,Active;NBA Cup,1.0,22124110.0,22124110.0,22124110.0,False,spotrac_cap_hit,spotrac,154647000
grayson allen,2025,16875000.0,4.0,16875000.0,16875000.0,16875000.0,1.0,,53093,,,,,,16875000.0,16875000.0,16875000.0,False,spotrac_cap_hit,spotrac,154647000
royce o'neale,2025,10125000.0,8.0,10125000.0,10125000.0,10125000.0,1.0,,53093,10125000.0,,53093.0,Active;NBA Cup,1.0,10125000.0,10125000.0,10125000.0,False,spotrac_cap_hit,spotrac,154647000
mark williams,2025,6276531.0,1.0,6276531.0,6276531.0,6276531.0,1.0,,53093,6276531.0,,53093.0,Active / Club Exercised;NBA Cup,1.0,,6276531.0,6276531.0,False,status_active,spotrac,154647000
khaman maluach,2025,6016080.0,3.0,6016080.0,6016080.0,6016080.0,1.0,,53093,,,,,,6016080.0,6016080.0,6016080.0,True,spotrac_cap_hit,spotrac,154647000
ryan dunn,2025,2657760.0,3.0,2657760.0,2657760.0,2657760.0,1.0,,53093,,,,,,2657760.0,2657760.0,2657760.0,False,spotrac_cap_hit,spotrac,154647000
jordan goodwin,2025,2349578.0,1.0,2296274.0,2349578.0,2349578.0,1.0,,53093,,,,,,,2296274.0,,False,waived,bbref,154647000
collin gillespie,2025,2296274.0,1.0,2296274.0,2378870.0,2378870.0,1.0,,53093,2378870.0,,53093.0,Active;NBA Cup,1.0,,2378870.0,2378870.0,True,status_active,spotrac,154647000
amir coffey,2025,2296274.0,1.0,2296274.0,1090303.0,1090303.0,2.0,2874436.0,1784133,1090303.0,1784133.0,0.0,Active;Retained,1.0,2296274.0,2296274.0,2296274.0,True,spotrac_cap_hit,spotrac,154647000
oso ighodaro,2025,1955377.0,1.0,1955377.0,1955377.0,1955377.0,1.0,,53093,,,,,,1955377.0,1955377.0,1955377.0,False,spotrac_cap_hit,spotrac,154647000
rasheer fleming,2025,1272870.0,1.0,1272870.0,1272870.0,1272870.0,1.0,,53093,,,,,,1272870.0,1272870.0,1272870.0,True,spotrac_cap_hit,spotrac,154647000
bradley beal,2025,19383010.0,5.0,5360000.0,19383010.0,19383010.0,2.0,24737010.0,5354000,,,,,,5354000.0,5360000.0,5354000.0,True,salary_override,curated,154647000
nassir little,2025,3107143.0,5.0,3107143.0,3107143.0,3107143.0,1.0,,,,3107143.0,0.0,Retained,0.0,,,,False,retained_only,spotrac,154647000
cole anthony,2025,2296274.0,1.0,2296274.0,3700000.0,3700000.0,3.0,6367947.0,1655967;1011980,,6367947.0,0.0,Buyout;Retained;Retained,0.0,,2296274.0,2296274.0,True,vet_min,spotrac,154647000
e.j. liddell,2025,706898.0,3.0,706898.0,706898.0,706898.0,2.0,792198.0,85300,85300.0,706898.0,0.0,Retained;Active,1.0,,85300.0,85300.0,False,status_active,spotrac,154647000
jrue holiday,2025,32400000.0,4.0,32400000.0,32400000.0,32400000.0,1.0,,,,,,,,32400000.0,32400000.0,32400000.0,False,spotrac_cap_hit,spotrac,154647000
jerami grant,2025,32000001.0,5.0,32000001.0,32000001.0,32000001.0,1.0,,,,,,,,32000001.0,32000001.0,32000001.0,False,spotrac_cap_hit,spotrac,154647000
deni avdija,2025,14375000.0,4.0,14375000.0,14375000.0,14375000.0,1.0,,,14375000.0,,0.0,Active,1.0,14375000.0,14375000.0,14375000.0,False,spotrac_cap_hit,spotrac,154647000
damian lillard,2025,14104000.0,3.0,14104000.0,22516603.0,22516603.0,2.0,36620603.0,14104000,,,,,,14104000.0,14104000.0,14104000.0,True,spotrac_cap_hit,spotrac,154647000
robert williams,2025,13285713.0,4.0,13285713.0,,,,,,,,,,,,13285713.0,,False,fallback_bbref,bbref,154647000
matisse thybulle,2025,11550000.0,3.0,11550000.0,11550000.0,11550000.0,1.0,,,11550000.0,,0.0,Active / Player Exercised,1.0,,11550000.0,11550000.0,False,status_active,spotrac,154647000
scoot henderson,2025,10748040.0,3.0,10748040.0,10748040.0,10748040.0,1.0,,,,,,,,10748040.0,10748040.0,10748040.0,False,spotrac_cap_hit,spotrac,154647000
shaedon sharpe,2025,8399983.0,1.0,8399983.0,8399983.0,8399983.0,1.0,,,8399983.0,,0.0,Active / Club Exercised,1.0,,8399983.0,8399983.0,False,status_active,spotrac,154647000
donovan clingan,2025,7178400.0,3.0,7178400.0,7178400.0,7178400.0,1.0,,,,,,,,7178400.0,7178400.0,7178400.0,False,spotrac_cap_hit,spotrac,154647000
yang hansen,2025,4422360.0,3.0,4422360.0,4422360.0,4422360.0,1.0,,,,,,,,4422360.0,4422360.0,4422360.0,True,spotrac_cap_hit,spotrac,154647000
kris murray,2025,3132000.0,3.0,3132000.0,3132000.0,3132000.0,1.0,,,,,,,,3132000.0,3132000.0,3132000.0,False,spotrac_cap_hit,spotrac,154647000
vit krejci,2025,2349578.0,4.0,2349578.0,,,,,,,,,,,,2349578.0,,False,fallback_bbref,bbref,154647000
blake wesley,2025,2296274.0,1.0,2296274.0,2378870.0,2378870.0,2.0,5726328.0,3347458,2378870.0,3347458.0,0.0,Active;Buyout,1.0,2296274.0,2296274.0,2296274.0,True,spotrac_cap_hit,spotrac,154647000
toumani camara,2025,2221677.0,1.0,2221677.0,2221677.0,2221677.0,1.0,,,2221677.0,,0.0,Active,1.0,,2221677.0,2221677.0,False,status_active,spotrac,154647000
sidy cissoko,2025,686243.0,1.0,686243.0,686243.0,686243.0,1.0,,446236,686243.0,446236.0,0.0,Active;Retained,1.0,686243.0,686243.0,686243.0,True,spotrac_cap_hit,spotrac,154647000
rayan rupert,2025,2221677.0,1.0,2221677.0,2221677.0,2221677.0,2.0,2499954.0,131970;146307,146307.0,2353647.0,0.0,Retained;Retained;Active,1.0,,146307.0,146307.0,False,status_active,spotrac,154647000
didi louzada,2025,268032.0,7.0,268032.0,268032.0,268032.0,1.0,,,,268032.0,0.0,Retained,0.0,,,,False,retained_only,spotrac,154647000
zach lavine,2025,47499660.0,5.0,47499660.0,45999660.0,45999660.0,1.0,,,,,,,,47499660.0,47499660.0,47499660.0,False,spotrac_cap_hit,spotrac,154647000
domantas sabonis,2025,42336000.0,4.0,42336000.0,42336000.0,42336000.0,1.0,,,42336000.0,,0.0,Active,1.0,42336000.0,42336000.0,42336000.0,False,spotrac_cap_hit,spotrac,154647000
demar derozan,2025,24570000.0,3.0,24570000.0,24570000.0,24570000.0,1.0,,,24570000.0,,0.0,Active,1.0,,24570000.0,24570000.0,False,status_active,spotrac,154647000
de'andre hunter,2025,23303571.0,4.0,23303571.0,9508928.0,9508928.0,2.0,23303571.0,13794643,9508928.0,13794643.0,0.0,Active;Retained,1.0,23303571.0,23303571.0,23303571.0,False,spotrac_cap_hit,spotrac,154647000
malik monk,2025,18797619.0,4.0,18797619.0,18797619.0,18797619.0,1.0,,,,,,,,18797619.0,18797619.0,18797619.0,False,spotrac_cap_hit,spotrac,154647000
keegan murray,2025,11144093.0,1.0,11144093.0,11144093.0,11144093.0,1.0,,,11144093.0,,0.0,Active / Club Exercised,1.0,,11144093.0,11144093.0,False,status_active,spotrac,154647000
devin carter,2025,4923720.0,3.0,4923720.0,4923720.0,4923720.0,1.0,,,,,,,,4923720.0,4923720.0,4923720.0,False,spotrac_cap_hit,spotrac,154647000
nique clifford,2025,3108120.0,3.0,3108120.0,3108120.0,3108120.0,1.0,,,,,,,,3108120.0,3108120.0,3108120.0,True,spotrac_cap_hit,spotrac,154647000
russell westbrook,2025,2296274.0,1.0,2296274.0,3634153.0,3634153.0,1.0,,,3634153.0,,0.0,Active,1.0,2296274.0,2296274.0,2296274.0,True,spotrac_cap_hit,spotrac,154647000
drew eubanks,2025,2296274.0,1.0,2296274.0,3080921.0,3080921.0,1.0,,,3080921.0,,0.0,Active,1.0,2296274.0,2296274.0,2296274.0,True,spotrac_cap_hit,spotrac,154647000
doug mcdermott,2025,2296274.0,2.0,2296274.0,3634153.0,3634153.0,1.0,,,3634153.0,,0.0,Active,1.0,2296274.0,2296274.0,2296274.0,True,spotrac_cap_hit,spotrac,154647000
precious achiuwa,2025,2111516.0,1.0,2111516.0,2453285.0,2453285.0,1.0,,,2453285.0,,0.0,Active,1.0,,2453285.0,2453285.0,True,status_active,spotrac,154647000
maxime raynaud,2025,1272870.0,1.0,1272870.0,1272870.0,1272870.0,1.0,,,,,,,,1272870.0,1272870.0,1272870.0,True,spotrac_cap_hit,spotrac,154647000
killian hayes,2025,263940.0,1.0,263940.0,444658.0,444658.0,1.0,,165197;165197,444658.0,330394.0,0.0,Active;Retained;Retained,1.0,,2296274.0,444658.0,True,vet_min,spotrac,154647000
de'aaron fox,2025,37096620.0,5.0,37096620.0,37096620.0,37096620.0,1.0,,212373,37096620.0,,212373.0,Active;NBA Cup,1.0,,37096620.0,37096620.0,False,status_active,spotrac,154647000
devin vassell,2025,27000000.0,5.0,27000000.0,27000000.0,27500000.0,1.0,,212373,27500000.0,,212373.0,Active;NBA Cup,1.0,27500000.0,27500000.0,27500000.0,False,spotrac_cap_hit,spotrac,154647000
harrison barnes,2025,19000000.0,7.0,19000000.0,19000000.0,19000000.0,1.0,,212373,19000000.0,,212373.0,Active;NBA Cup,1.0,,19000000.0,19000000.0,False,status_active,spotrac,154647000
keldon johnson,2025,17500000.0,4.0,17500000.0,17500000.0,18000000.0,1.0,,212373,18000000.0,,212373.0,Active;NBA Cup,1.0,18000000.0,18000000.0,18000000.0,False,spotrac_cap_hit,spotrac,154647000
kelly olynyk,2025,13445122.0,7.0,13445122.0,13445122.0,13445122.0,1.0,,212373,13445122.0,,212373.0,Active;NBA Cup,1.0,13445122.0,13445122.0,13445122.0,False,spotrac_cap_hit,spotrac,154647000
victor wembanyama,2025,13376880.0,3.0,13376880.0,13376880.0,13376880.0,1.0,,212373,,,,,,13376880.0,13376880.0,13376880.0,False,spotrac_cap_hit,spotrac,154647000
dylan harper,2025,12370320.0,3.0,12370320.0,12370320.0,12370320.0,1.0,,212373,,,,,,12370320.0,12370320.0,12370320.0,True,spotrac_cap_hit,spotrac,154647000
luke kornet,2025,11000000.0,4.0,11000000.0,11000000.0,11000000.0,1.0,,212373,,,,,,11000000.0,11000000.0,11000000.0,True,spotrac_cap_hit,spotrac,154647000
stephon castle,2025,9560520.0,3.0,9560520.0,9560520.0,9560520.0,1.0,,212373,,,,,,9560520.0,9560520.0,9560520.0,False,spotrac_cap_hit,spotrac,154647000
carter bryant,2025,4900320.0,3.0,4900320.0,4900320.0,4900320.0,1.0,,212373,,,,,,4900320.0,4900320.0,4900320.0,True,spotrac_cap_hit,spotrac,154647000
julian champagnie,2025,3000000.0,4.0,3000000.0,3000000.0,3000000.0,1.0,,212373,3000000.0,,212373.0,Active;NBA Cup,1.0,,3000000.0,3000000.0,False,status_active,spotrac,154647000
jordan mclaughlin,2025,2296274.0,2.0,2296274.0,2874436.0,2874436.0,1.0,,212373,,,,,,,2296274.0,2874436.0,True,vet_min,spotrac,154647000
lindy waters iii,2025,2296274.0,2.0,2296274.0,2461463.0,2461463.0,1.0,,212373,2461463.0,,212373.0,Active;NBA Cup,1.0,2296274.0,2296274.0,2296274.0,True,spotrac_cap_hit,spotrac,154647000
bismack biyombo,2025,2296274.0,1.0,2296274.0,3634153.0,3634153.0,1.0,,212373,3634153.0,,212373.0,Active;NBA Cup,1.0,2296274.0,2296274.0,2296274.0,True,spotrac_cap_hit,spotrac,154647000
jeremy sochan,2025,7096231.0,1.0,7096231.0,7096231.0,7096231.0,2.0,8115232.0,806628;212373,806628.0,7096231.0,212373.0,Retained;Active;NBA Cup,1.0,,806628.0,806628.0,True,signing_contract,spotrac,154647000
scottie barnes,2025,38661750.0,5.0,38661750.0,38661750.0,38661750.0,1.0,,53093,38661750.0,,53093.0,Active;NBA Cup,1.0,38661750.0,38661750.0,38661750.0,True,spotrac_cap_hit,spotrac,154647000
brandon ingram,2025,38095238.0,8.0,38095238.0,38095238.0,38095238.0,1.0,,53093,,,,,,38095238.0,38095238.0,38095238.0,True,spotrac_cap_hit,spotrac,154647000
immanuel quickley,2025,32500000.0,5.0,32500000.0,32500000.0,32500000.0,1.0,,53093,32500000.0,,53093.0,Active;NBA Cup,1.0,32500000.0,32500000.0,32500000.0,False,spotrac_cap_hit,spotrac,154647000
rj barrett,2025,27705357.0,4.0,27705357.0,27705357.0,27705357.0,1.0,,53093,27705357.0,,53093.0,Active;NBA Cup,1.0,27705357.0,27705357.0,27705357.0,False,spotrac_cap_hit,spotrac,154647000
jakob poeltl,2025,19500000.0,4.0,19500000.0,19500000.0,19500000.0,1.0,,53093,,,,,,19500000.0,19500000.0,19500000.0,False,spotrac_cap_hit,spotrac,154647000
collin murray-boyles,2025,6332520.0,3.0,6332520.0,6332520.0,6332520.0,1.0,,53093,,,,,,6332520.0,6332520.0,6332520.0,True,spotrac_cap_hit,spotrac,154647000
gradey dick,2025,4990560.0,3.0,4990560.0,4990560.0,4990560.0,1.0,,53093,,,,,,4990560.0,4990560.0,4990560.0,False,spotrac_cap_hit,spotrac,154647000
ja'kobe walter,2025,3638160.0,3.0,3638160.0,3638160.0,3638160.0,1.0,,53093,,,,,,3638160.0,3638160.0,3638160.0,False,spotrac_cap_hit,spotrac,154647000
sandro mamukelashvili,2025,2461463.0,2.0,2461463.0,2461463.0,2461463.0,1.0,,53093,,,,,,,2514556.0,2461463.0,True,signing_contract,spotrac,154647000
garrett temple,2025,2296274.0,3.0,2296274.0,3634153.0,3634153.0,1.0,,53093;53093,3634153.0,,106186.0,Active;NBA Cup;NBA Cup,1.0,,3634153.0,3634153.0,True,vet_min,spotrac,154647000
trayce jackson-davis,2025,2221677.0,2.0,2221677.0,842705.0,842705.0,2.0,2221677.0,1378972,,,,,,2221677.0,2221677.0,2221677.0,False,spotrac_cap_hit,spotrac,154647000
jonathan mogbo,2025,1955377.0,2.0,1955377.0,1955377.0,1955377.0,1.0,,53093,1955377.0,,53093.0,Active;NBA Cup,1.0,,1955377.0,1955377.0,False,vet_min,spotrac,154647000
jamison battle,2025,1955377.0,1.0,1955377.0,1955377.0,1955377.0,1.0,,53093,,,,,,1955377.0,1955377.0,1955377.0,False,spotrac_cap_hit,spotrac,154647000
jamal shead,2025,1955377.0,2.0,1955377.0,1955377.0,1955377.0,1.0,,53093,,,,,,1955377.0,1955377.0,1955377.0,False,spotrac_cap_hit,spotrac,154647000
chris paul,2025,2296274.0,1.0,2296274.0,2255681.0,2255681.0,2.0,3634153.0,1378472,,3634153.0,0.0,Retained;Retained,0.0,,2296274.0,2296274.0,True,vet_min,spotrac,154647000
mo bamba,2025,194771.0,1.0,194771.0,194771.0,194771.0,2.0,548899.0,177064;177064,,,,,,,2296274.0,,True,vet_min,spotrac,154647000
lauri markkanen,2025,46394100.0,5.0,46394100.0,46394100.0,46394100.0,1.0,,,46394100.0,,0.0,Active,1.0,46394100.0,46394100.0,46394100.0,True,spotrac_cap_hit,spotrac,154647000
jaren jackson jr.,2025,35000000.0,1.0,35000000.0,13678161.0,13678161.0,2.0,35000000.0,21321839,,,,,,35000000.0,35000000.0,35000000.0,False,spotrac_cap_hit,spotrac,154647000
jusuf nurkic,2025,19375000.0,4.0,19375000.0,19375000.0,19375000.0,1.0,,,19375000.0,,0.0,Active,1.0,,19375000.0,19375000.0,False,status_active,spotrac,154647000
ace bailey,2025,9069840.0,3.0,9069840.0,9069840.0,9069840.0,1.0,,,,,,,,9069840.0,9069840.0,9069840.0,True,spotrac_cap_hit,spotrac,154647000
john konchar,2025,6165000.0,3.0,6165000.0,2409310.0,2409310.0,2.0,6165000.0,3755690,2409310.0,3755690.0,0.0,Active;Retained,1.0,6165000.0,6165000.0,6165000.0,False,spotrac_cap_hit,spotrac,154647000
cody williams,2025,5742480.0,3.0,5742480.0,5742480.0,5742480.0,1.0,,,,,,,,5742480.0,5742480.0,5742480.0,False,spotrac_cap_hit,spotrac,154647000
walker kessler,2025,4878938.0,1.0,4878938.0,4878938.0,4878938.0,1.0,,,,,,,,,4878938.0,4878938.0,False,single,spotrac,154647000
keyonte george,2025,4278960.0,3.0,4278960.0,4278960.0,4278960.0,1.0,,,,,,,,4278960.0,4278960.0,4278960.0,False,spotrac_cap_hit,spotrac,154647000
kevin love,2025,4150000.0,3.0,4150000.0,4150000.0,4150000.0,1.0,,,4150000.0,,0.0,Active,1.0,4150000.0,4150000.0,4150000.0,False,spotrac_cap_hit,spotrac,154647000
svi mykhailiuk,2025,3675000.0,4.0,3675000.0,3675000.0,3675000.0,1.0,,,,,,,,3675000.0,3675000.0,3675000.0,False,spotrac_cap_hit,spotrac,154647000
kyle filipowski,2025,3000000.0,4.0,3000000.0,3000000.0,3000000.0,1.0,,,,,,,,3000000.0,3000000.0,3000000.0,False,spotrac_cap_hit,spotrac,154647000
brice sensabaugh,2025,2693760.0,3.0,2693760.0,2693760.0,2693760.0,1.0,,,,,,,,2693760.0,2693760.0,2693760.0,False,spotrac_cap_hit,spotrac,154647000
isaiah collier,2025,2638200.0,3.0,2638200.0,2638200.0,2638200.0,1.0,,,,,,,,2638200.0,2638200.0,2638200.0,False,spotrac_cap_hit,spotrac,154647000
jordan clarkson,2025,10651561.0,1.0,10651561.0,10651561.0,10651561.0,2.0,14816647.0,3634153;530933,3634153.0,10651561.0,530933.0,Retained;Active;NBA Cup,1.0,,2296274.0,2296274.0,True,vet_min,spotrac,154647000
lonzo ball,2025,10000000.0,1.0,10000000.0,6206897.0,6206897.0,2.0,10000000.0,3793103,,10000000.0,0.0,Retained;Retained,0.0,,10000000.0,10000000.0,True,signing_contract,spotrac,154647000
vince williams jr.,2025,2301587.0,3.0,2301587.0,899471.0,899471.0,2.0,2301587.0,1402116,,2301587.0,0.0,Retained;Retained,0.0,,2301587.0,2301587.0,False,status_active,spotrac,154647000
chris boucher,2025,2296274.0,1.0,2296274.0,2040461.0,2040461.0,2.0,3287409.0,1246948,,3287409.0,0.0,Retained;Retained,0.0,,3287409.0,3287409.0,True,signing_contract,spotrac,154647000
anthony davis,2025,54126450.0,3.0,54126450.0,21152866.0,21152866.0,2.0,54126450.0,32973584,,,,,,54126450.0,54126450.0,54126450.0,True,spotrac_cap_hit,spotrac,154647000
trae young,2025,46394100.0,4.0,46394100.0,24850391.0,24850391.0,2.0,45999660.0,21149269,,,,,,,45999660.0,45999660.0,False,split,spotrac,154647000
alex sarr,2025,11808240.0,3.0,11808240.0,11808240.0,11808240.0,1.0,,,,,,,,11808240.0,11808240.0,11808240.0,False,spotrac_cap_hit,spotrac,154647000
tre johnson,2025,8237640.0,3.0,8237640.0,8237640.0,8237640.0,1.0,,,,,,,,8237640.0,8237640.0,8237640.0,True,spotrac_cap_hit,spotrac,154647000
bilal coulibaly,2025,7275600.0,3.0,7275600.0,7275600.0,7275600.0,1.0,,,,,,,,7275600.0,7275600.0,7275600.0,False,spotrac_cap_hit,spotrac,154647000
jaden hardy,2025,6000000.0,3.0,6000000.0,2344828.0,2344828.0,2.0,6000000.0,3655172,,,,,,6000000.0,6000000.0,6000000.0,True,spotrac_cap_hit,spotrac,154647000
d'angelo russell,2025,5685000.0,2.0,5685000.0,2221724.0,2221724.0,2.0,5685000.0,3463276,,,,,,5685000.0,5685000.0,5685000.0,True,spotrac_cap_hit,spotrac,154647000
bub carrington,2025,4677600.0,3.0,4677600.0,4677600.0,4677600.0,1.0,,,,,,,,4677600.0,4677600.0,4677600.0,False,spotrac_cap_hit,spotrac,154647000
cam whitmore,2025,3539760.0,3.0,3539760.0,3539760.0,3539760.0,1.0,,,3539760.0,,0.0,Active / Club Exercised,1.0,,3539760.0,3539760.0,False,status_active,spotrac,154647000
will riley,2025,3512520.0,3.0,3512520.0,3512520.0,3512520.0,1.0,,,,,,,,3512520.0,3512520.0,3512520.0,True,spotrac_cap_hit,spotrac,154647000
kyshawn george,2025,2966760.0,3.0,2966760.0,2966760.0,2966760.0,1.0,,,,,,,,2966760.0,2966760.0,2966760.0,False,spotrac_cap_hit,spotrac,154647000
justin champagnie,2025,2349578.0,3.0,2349578.0,2349578.0,2349578.0,1.0,,,,,,,,2349578.0,2349578.0,2349578.0,False,spotrac_cap_hit,spotrac,154647000
anthony gill,2025,2296274.0,4.0,2296274.0,2667947.0,2667947.0,1.0,,,2667947.0,,0.0,Active,1.0,2296274.0,2296274.0,2296274.0,True,spotrac_cap_hit,spotrac,154647000
dillon jones,2025,2753280.0,2.0,2753280.0,2753280.0,2753280.0,2.0,3056867.0,303587,303587.0,2753280.0,0.0,Retained;Active,1.0,,303587.0,303587.0,False,status_active,spotrac,154647000
dante exum,2025,2296274.0,1.0,2296274.0,,,,,,,,,,,,2296274.0,,False,fallback_bbref,bbref,154647000
skal labissiere,2025,131970.0,2.0,131970.0,,,,,,,,,,,,131970.0,,False,fallback_bbref,bbref,154647000
alondes williams,2025,131970.0,1.0,131970.0,136717.0,136717.0,1.0,,,,136717.0,0.0,Retained,0.0,,,,True,retained_only,spotrac,154647000
kadary richmond,2025,73153.0,1.0,73153.0,,,,,,,,,,,,73153.0,,False,fallback_bbref,bbref,154647000
keshon gilbert,2025,73153.0,1.0,73153.0,,,,,,,,,,,,73153.0,,False,fallback_bbref,bbref,154647000
lamelo ball,2025,37958760.0,5.0,37958760.0,37958760.0,37958760.0,1.0,,,37958760.0,,0.0,Active,1.0,37958760.0,37958760.0,37958760.0,False,spotrac_cap_hit,spotrac,154647000
miles bridges,2025,25000000.0,3.0,25000000.0,25000000.0,25000000.0,1.0,,,25000000.0,,0.0,Active,1.0,25000000.0,25000000.0,25000000.0,False,spotrac_cap_hit,spotrac,154647000
josh green,2025,13666667.0,3.0,13666667.0,13666667.0,13666667.0,1.0,,,13666667.0,,0.0,Active,1.0,13666667.0,13666667.0,13666667.0,False,spotrac_cap_hit,spotrac,154647000
grant williams,2025,13645500.0,4.0,13645500.0,13645500.0,13645500.0,1.0,,,13645500.0,,0.0,Active,1.0,13645500.0,13645500.0,13645500.0,False,spotrac_cap_hit,spotrac,154647000
coby white,2025,12888889.0,3.0,12888889.0,12888889.0,12888889.0,1.0,,,12888889.0,,0.0,Active,1.0,,12888889.0,12888889.0,False,status_active,spotrac,154647000
brandon miller,2025,11968800.0,3.0,11968800.0,11968800.0,11968800.0,1.0,,,,,,,,11968800.0,11968800.0,11968800.0,False,spotrac_cap_hit,spotrac,154647000
pat connaughton,2025,10739683.0,3.0,10739683.0,9423869.0,9423869.0,1.0,,1315814,,,,,,1315814.0,1315814.0,1315814.0,True,spotrac_cap_hit,spotrac,154647000
kon knueppel,2025,10015680.0,3.0,10015680.0,10015680.0,10015680.0,1.0,,,,,,,,10015680.0,10015680.0,10015680.0,True,spotrac_cap_hit,spotrac,154647000
tre mann,2025,8000000.0,3.0,8000000.0,8000000.0,8000000.0,1.0,,,,,,,,8000000.0,8000000.0,8000000.0,True,spotrac_cap_hit,spotrac,154647000
tidjane salaun,2025,7863240.0,3.0,7863240.0,,,,,,,,,,,,7863240.0,,False,fallback_bbref,bbref,154647000
liam mcneeley,2025,2763960.0,3.0,2763960.0,2763960.0,2763960.0,1.0,,,,,,,,2763960.0,2763960.0,2763960.0,True,spotrac_cap_hit,spotrac,154647000
xavier tillman sr.,2025,2546675.0,2.0,2546675.0,,,,,,,,,,,,2546675.0,,False,fallback_bbref,bbref,154647000
sion james,2025,2296274.0,4.0,2296274.0,2296274.0,2296274.0,1.0,,,,,,,,2296274.0,2296274.0,2296274.0,True,spotrac_cap_hit,spotrac,154647000
ryan kalkbrenner,2025,2296274.0,4.0,2296274.0,2296274.0,2296274.0,1.0,,,,,,,,2296274.0,2296274.0,2296274.0,True,spotrac_cap_hit,spotrac,154647000
moussa diabate,2025,2270735.0,2.0,2270735.0,,,,,,,,,,,,2270735.0,,False,fallback_bbref,bbref,154647000
malaki branham,2025,4962033.0,1.0,4962033.0,1882150.0,1882150.0,3.0,4933515.0,28517;3022848,,4933515.0,0.0,Retained;Retained;Retained,0.0,,4933515.0,4933515.0,False,status_active,spotrac,154647000
nick smith jr.,2025,2710680.0,3.0,2710680.0,2710680.0,2710680.0,2.0,3383201.0,13197;26547;632777,13197.0,3343457.0,26546.0,Retained;Active;NBA Cup;Retained,1.0,,13197.0,13197.0,True,status_active,spotrac,154647000
anfernee simons,2025,27678571.0,4.0,27678571.0,10498768.0,10498768.0,2.0,27678571.0,17179803,,,,,,,27678571.0,27678571.0,False,split,spotrac,154647000
josh giddey,2025,25000000.0,4.0,25000000.0,25000000.0,25000000.0,1.0,,,25000000.0,,0.0,Active,1.0,25000000.0,25000000.0,25000000.0,True,spotrac_cap_hit,spotrac,154647000
collin sexton,2025,18975000.0,4.0,18975000.0,18975000.0,19175000.0,1.0,,,,,,,,,18975000.0,18975000.0,False,single,spotrac,154647000
zach collins,2025,18080496.0,2.0,18080496.0,18080496.0,18080496.0,1.0,,,,,,,,,18080496.0,18080496.0,False,single,spotrac,154647000
patrick williams,2025,18000000.0,5.0,18000000.0,18000000.0,18000000.0,1.0,,,,,,,,18000000.0,18000000.0,18000000.0,False,spotrac_cap_hit,spotrac,154647000
isaac okoro,2025,11000000.0,4.0,11000000.0,11000000.0,11000000.0,1.0,,,11000000.0,,0.0,Active,1.0,11000000.0,11000000.0,11000000.0,False,spotrac_cap_hit,spotrac,154647000
jalen smith,2025,9000000.0,3.0,9000000.0,9000000.0,9000000.0,1.0,,,9000000.0,,0.0,Active,1.0,9000000.0,9000000.0,9000000.0,False,spotrac_cap_hit,spotrac,154647000
tre jones,2025,8000000.0,3.0,8000000.0,8000000.0,8000000.0,1.0,,,,,,,,8000000.0,8000000.0,8000000.0,True,spotrac_cap_hit,spotrac,154647000
rob dillingham,2025,6576120.0,3.0,6576120.0,2494390.0,2494390.0,2.0,6576120.0,4081730,,,,,,6576120.0,6576120.0,6576120.0,False,spotrac_cap_hit,spotrac,154647000
guerschon yabusele,2025,5500000.0,1.0,5500000.0,2086207.0,2086207.0,2.0,6030933.0,530933;3413793,2086207.0,3413793.0,530933.0,Active;NBA Cup;Retained,1.0,,5500000.0,5500000.0,True,signing_contract,spotrac,154647000
matas buzelis,2025,5455560.0,3.0,5455560.0,5455560.0,5455560.0,1.0,,,,,,,,5455560.0,5455560.0,5455560.0,False,spotrac_cap_hit,spotrac,154647000
noa essengue,2025,5429520.0,3.0,5429520.0,5429520.0,5429520.0,1.0,,,,,,,,5429520.0,5429520.0,5429520.0,True,spotrac_cap_hit,spotrac,154647000
nick richards,2025,5000000.0,3.0,5000000.0,1896552.0,1896552.0,2.0,5053093.0,53093;3103448,1896552.0,3103448.0,53093.0,Active;NBA Cup;Retained,1.0,,5000000.0,5000000.0,False,status_active,spotrac,154647000
leonard miller,2025,2221677.0,2.0,2221677.0,842705.0,842705.0,2.0,2221677.0,1378972,,,,,,2221677.0,2221677.0,2221677.0,False,spotrac_cap_hit,spotrac,154647000
jaden ivey,2025,10107163.0,1.0,10107163.0,3949926.0,3949926.0,2.0,10107163.0,6157237,,10107163.0,0.0,Retained;Retained,0.0,,10107163.0,10107163.0,False,status_active,spotrac,154647000
nikola jokic,2025,55224526.0,5.0,55224526.0,55224526.0,55224526.0,1.0,,,,,,,,55224526.0,55224526.0,55224526.0,False,spotrac_cap_hit,spotrac,154647000
jamal murray,2025,46394100.0,4.0,46394100.0,46394100.0,46394100.0,1.0,,,46394100.0,,0.0,Active,1.0,46394100.0,46394100.0,46394100.0,True,spotrac_cap_hit,spotrac,154647000
aaron gordon,2025,22841455.0,4.0,22841455.0,22841455.0,22841455.0,1.0,,,,,,,,22841455.0,22841455.0,22841455.0,False,spotrac_cap_hit,spotrac,154647000
cameron johnson,2025,21057065.0,3.0,21057065.0,20543478.0,20543478.0,1.0,,,20543478.0,,0.0,Active,1.0,21057065.0,21057065.0,21057065.0,False,spotrac_cap_hit,spotrac,154647000
jonas valanciunas,2025,10395000.0,3.0,10395000.0,,,,,,,,,,,,10395000.0,,False,fallback_bbref,bbref,154647000
zeke nnaji,2025,8177778.0,4.0,8177778.0,8177778.0,8177778.0,1.0,,,,,,,,8177778.0,8177778.0,8177778.0,False,spotrac_cap_hit,spotrac,154647000
christian braun,2025,4921797.0,1.0,4921797.0,4921797.0,4921797.0,1.0,,,4921797.0,,0.0,Active / Club Exercised,1.0,,4921797.0,4921797.0,False,status_active,spotrac,154647000
peyton watson,2025,4356476.0,1.0,4356476.0,4356476.0,4356476.0,1.0,,,,,,,,,4356476.0,4356476.0,False,single,spotrac,154647000
daron holmes,2025,3218760.0,3.0,3218760.0,,,,,,,,,,,,3218760.0,,False,fallback_bbref,bbref,154647000
julian strawther,2025,2674200.0,3.0,2674200.0,2674200.0,2674200.0,1.0,,,,,,,,2674200.0,2674200.0,2674200.0,False,spotrac_cap_hit,spotrac,154647000
tim hardaway jr.,2025,2296274.0,1.0,2296274.0,3634153.0,3634153.0,1.0,,,3634153.0,,0.0,Active,1.0,,2296274.0,2296274.0,True,vet_min,spotrac,154647000
bruce brown,2025,2296274.0,1.0,2296274.0,3080921.0,3080921.0,1.0,,,3080921.0,,0.0,Active,1.0,2296274.0,2296274.0,2296274.0,True,spotrac_cap_hit,spotrac,154647000
jalen pickett,2025,2221677.0,2.0,2221677.0,2221677.0,2221677.0,1.0,,,2221677.0,,0.0,Active,1.0,,2221677.0,2221677.0,False,status_active,spotrac,154647000
spencer jones,2025,623967.0,1.0,623967.0,623967.0,623967.0,1.0,,442578,623967.0,442578.0,0.0,Active;Retained,1.0,,623967.0,623967.0,True,signing_contract,spotrac,154647000
kevin durant,2025,54708609.0,7.0,54708609.0,53282608.0,53282608.0,1.0,,,,,,,,54708609.0,54708609.0,54708609.0,False,spotrac_cap_hit,spotrac,154647000
alperen sengun,2025,33944954.0,5.0,33944954.0,,,,,,,,,,,,33944954.0,,False,fallback_bbref,bbref,154647000
fred vanvleet,2025,25000000.0,2.0,25000000.0,25000000.0,25000000.0,1.0,,,,,,,,25000000.0,25000000.0,25000000.0,True,spotrac_cap_hit,spotrac,154647000
steven adams,2025,14130434.0,5.0,14130434.0,14130435.0,14130435.0,1.0,,,14130435.0,,0.0,Active,1.0,14130435.0,14130435.0,14130435.0,True,spotrac_cap_hit,spotrac,154647000
dorian finney-smith,2025,12700000.0,4.0,12700000.0,12700000.0,12700000.0,1.0,,,,,,,,12700000.0,12700000.0,12700000.0,True,spotrac_cap_hit,spotrac,154647000
jabari smith jr.,2025,12350392.0,1.0,12350392.0,12350392.0,12350392.0,1.0,,,12350392.0,,0.0,Active / Club Exercised,1.0,,12350392.0,12350392.0,False,status_active,spotrac,154647000
reed sheppard,2025,10603560.0,3.0,10603560.0,10603560.0,10603560.0,1.0,,,,,,,,10603560.0,10603560.0,10603560.0,False,spotrac_cap_hit,spotrac,154647000
amen thompson,2025,9690600.0,3.0,9690600.0,9690600.0,9690600.0,1.0,,,,,,,,9690600.0,9690600.0,9690600.0,False,spotrac_cap_hit,spotrac,154647000
clint capela,2025,6700000.0,3.0,6700000.0,6700000.0,6700000.0,1.0,,,6700000.0,,0.0,Active,1.0,6700000.0,6700000.0,6700000.0,True,spotrac_cap_hit,spotrac,154647000
tari eason,2025,5675766.0,1.0,5675766.0,5675766.0,5675766.0,1.0,,,,,,,,,5675766.0,5675766.0,False,single,spotrac,154647000
aaron holiday,2025,2296274.0,1.0,2296274.0,3080921.0,3080921.0,1.0,,,3080921.0,,0.0,Active,1.0,2296274.0,2296274.0,2296274.0,True,spotrac_cap_hit,spotrac,154647000
josh okogie,2025,2296274.0,1.0,2296274.0,3080921.0,3080921.0,1.0,,,,,,,,,2296274.0,2296274.0,True,vet_min,spotrac,154647000
jeff green,2025,2296274.0,1.0,2296274.0,3634153.0,3634153.0,1.0,,,3634153.0,,0.0,Active,1.0,2296274.0,2296274.0,2296274.0,True,spotrac_cap_hit,spotrac,154647000
jae'sean tate,2025,2296274.0,1.0,2296274.0,2667947.0,2667947.0,1.0,,,,,,,,,2296274.0,2296274.0,True,vet_min,spotrac,154647000
kawhi leonard,2025,50000000.0,8.0,50000000.0,50000000.0,50000000.0,1.0,,,50000000.0,,0.0,Active,1.0,50000000.0,50000000.0,50000000.0,False,spotrac_cap_hit,spotrac,154647000
darius garland,2025,39446090.0,5.0,39446090.0,15415713.0,15415713.0,2.0,39446090.0,24030377,15415713.0,24030377.0,0.0,Active;Retained,1.0,39446090.0,39446090.0,39446090.0,False,spotrac_cap_hit,spotrac,154647000
john collins,2025,26580000.0,5.0,26580000.0,26580000.0,26580000.0,1.0,,,26580000.0,,0.0,Active / Player Exercised,1.0,,26580000.0,26580000.0,False,status_active,spotrac,154647000
bogdan bogdanovic,2025,16020000.0,7.0,16020000.0,16020000.0,16020000.0,1.0,,,16020000.0,,0.0,Active,1.0,,16020000.0,16020000.0,False,status_active,spotrac,154647000
derrick jones jr.,2025,10000000.0,3.0,10000000.0,10000000.0,10000000.0,1.0,,,10000000.0,,0.0,Active,1.0,10000000.0,10000000.0,10000000.0,False,spotrac_cap_hit,spotrac,154647000
bennedict mathurin,2025,9187573.0,1.0,9187573.0,3484941.0,3484941.0,2.0,9187573.0,5702632,,,,,,9187573.0,9187573.0,9187573.0,False,spotrac_cap_hit,spotrac,154647000
brook lopez,2025,8750000.0,2.0,8750000.0,8750000.0,8750000.0,1.0,,,,,,,,8750000.0,8750000.0,8750000.0,True,spotrac_cap_hit,spotrac,154647000
isaiah jackson,2025,7600000.0,3.0,7600000.0,2882759.0,2882759.0,2.0,7600000.0,4717241,2882759.0,4717241.0,0.0,Active;Retained,1.0,7600000.0,7600000.0,7600000.0,True,spotrac_cap_hit,spotrac,154647000
nicolas batum,2025,5601600.0,2.0,5601600.0,5601600.0,5601600.0,1.0,,,5601600.0,,0.0,Active,1.0,,5601600.0,5601600.0,True,status_active,spotrac,154647000
kris dunn,2025,5426400.0,3.0,5426400.0,5426400.0,5426400.0,1.0,,,5426400.0,,0.0,Active,1.0,5426400.0,5426400.0,5426400.0,False,spotrac_cap_hit,spotrac,154647000
yanic konan niederhauser,2025,2743800.0,3.0,2743800.0,,,,,,,,,,,,2743800.0,,False,fallback_bbref,bbref,154647000
cam christie,2025,1955377.0,1.0,1955377.0,1955377.0,1955377.0,1.0,,,,,,,,1955377.0,1955377.0,1955377.0,False,spotrac_cap_hit,spotrac,154647000
jordan miller,2025,712637.0,1.0,712637.0,712637.0,712637.0,1.0,,438921,,,,,,,1151558.0,,True,signing_contract,spotrac,154647000
kobe sanders,2025,475497.0,1.0,475497.0,475497.0,475497.0,1.0,,398686,475497.0,398686.0,0.0,Active;Retained,1.0,,874183.0,475497.0,True,signing_contract,spotrac,154647000
ja morant,2025,39446090.0,5.0,39446090.0,39446090.0,39446090.0,1.0,,,39446090.0,,0.0,Active,1.0,39446090.0,39446090.0,39446090.0,False,spotrac_cap_hit,spotrac,154647000
kentavious caldwell-pope,2025,21621500.0,3.0,21621500.0,21621500.0,21621500.0,1.0,,,,,,,,21621500.0,21621500.0,21621500.0,False,spotrac_cap_hit,spotrac,154647000
santi aldama,2025,18485916.0,3.0,18485916.0,18485916.0,18485916.0,1.0,,,,,,,,18485916.0,18485916.0,18485916.0,True,spotrac_cap_hit,spotrac,154647000
brandon clarke,2025,12500000.0,4.0,12500000.0,12500000.0,12500000.0,1.0,,,12500000.0,,0.0,Active,1.0,,12500000.0,12500000.0,False,status_active,spotrac,154647000
ty jerome,2025,8781000.0,3.0,8781000.0,8781000.0,8781000.0,1.0,,,,,,,,8781000.0,8781000.0,8781000.0,True,spotrac_cap_hit,spotrac,154647000
taylor hendricks,2025,6127080.0,3.0,6127080.0,6127080.0,6127080.0,1.0,,,,,,,,6127080.0,6127080.0,6127080.0,False,spotrac_cap_hit,spotrac,154647000
zach edey,2025,6045000.0,3.0,6045000.0,6045000.0,6045000.0,1.0,,,,,,,,6045000.0,6045000.0,6045000.0,False,spotrac_cap_hit,spotrac,154647000
cedric coward,2025,5715120.0,3.0,5715120.0,5715120.0,5715120.0,1.0,,,,,,,,5715120.0,5715120.0,5715120.0,True,spotrac_cap_hit,spotrac,154647000
walter clayton,2025,3991320.0,3.0,3991320.0,,,,,,,,,,,,3991320.0,,False,fallback_bbref,bbref,154647000
cam spencer,2025,2537989.0,4.0,2537989.0,2537989.0,2537989.0,1.0,,,,,,,,2537989.0,2537989.0,2537989.0,True,spotrac_cap_hit,spotrac,154647000
scotty pippen jr.,2025,2270735.0,4.0,2270735.0,2270735.0,2270735.0,1.0,,,,,,,,2270735.0,2270735.0,2270735.0,False,spotrac_cap_hit,spotrac,154647000
gg jackson ii,2025,2221677.0,2.0,2221677.0,,,,,,,,,,,,2221677.0,,False,fallback_bbref,bbref,154647000
jaylen wells,2025,1955377.0,1.0,1955377.0,1955377.0,1955377.0,1.0,,,,,,,,1955377.0,1955377.0,1955377.0,False,spotrac_cap_hit,spotrac,154647000
kyle anderson,2025,9219512.0,4.0,9219512.0,2684047.0,2684047.0,2.0,9198626.0,898095;5616484,898095.0,8300531.0,0.0,Buyout;Active;Retained,1.0,,898095.0,6514579.0,True,signing_contract,spotrac,154647000
georges niang,2025,8200000.0,3.0,8200000.0,3204598.0,3204598.0,2.0,8200000.0,4995402,,8200000.0,0.0,Retained;Retained,0.0,,8200000.0,8200000.0,False,status_active,spotrac,154647000
eric gordon,2025,2296274.0,1.0,2296274.0,1378472.0,1378472.0,2.0,3634153.0,2255681,,3634153.0,0.0,Retained;Retained,0.0,,2296274.0,2296274.0,True,vet_min,spotrac,154647000
mamadi diakite,2025,464050.0,3.0,464050.0,464050.0,464050.0,1.0,,,,464050.0,0.0,Retained,0.0,,,,False,retained_only,spotrac,154647000
christian koloko,2025,263940.0,1.0,263940.0,131970.0,131970.0,3.0,663800.0,131970;85300;314560,314560.0,349240.0,0.0,Retained;Retained;Retained;Active,1.0,,314560.0,314560.0,False,status_active,spotrac,154647000
adama-alpha bal,2025,117045.0,1.0,117045.0,,,,,,,,,,,,117045.0,,False,fallback_bbref,bbref,154647000
lawson lovering,2025,87784.0,1.0,87784.0,,,,,,,,,,,,87784.0,,False,fallback_bbref,bbref,154647000
lucas williamson,2025,21946.0,1.0,21946.0,,,,,,,,,,,,21946.0,,False,fallback_bbref,bbref,154647000
giannis antetokounmpo,2025,54126450.0,7.0,54126450.0,54126450.0,54126450.0,1.0,,,,,,,,54126450.0,54126450.0,54126450.0,True,spotrac_cap_hit,spotrac,154647000
myles turner,2025,25318251.0,4.0,25318251.0,25318251.0,25318251.0,1.0,,,,,,,,25318251.0,25318251.0,25318251.0,True,spotrac_cap_hit,spotrac,154647000
kyle kuzma,2025,22410605.0,4.0,22410605.0,21477272.0,22227272.0,1.0,,,22227272.0,,0.0,Active,1.0,22560605.0,22560605.0,22560605.0,False,spotrac_cap_hit,spotrac,154647000
bobby portis,2025,13445754.0,6.0,13445754.0,13445754.0,13445754.0,1.0,,,,,,,,13445754.0,13445754.0,13445754.0,True,spotrac_cap_hit,spotrac,154647000
ousmane dieng,2025,6670882.0,1.0,6670882.0,2530335.0,2530335.0,3.0,6738731.0,106187;4063871;38338,,,,,,,6738731.0,6738731.0,False,split,spotrac,154647000
kevin porter jr.,2025,5134000.0,2.0,5134000.0,5134000.0,5134000.0,1.0,,,,,,,,5134000.0,5134000.0,5134000.0,True,spotrac_cap_hit,spotrac,154647000
ryan rollins,2025,4000000.0,3.0,4000000.0,4000000.0,4000000.0,1.0,,,,,,,,4000000.0,4000000.0,4000000.0,True,spotrac_cap_hit,spotrac,154647000
gary trent jr.,2025,3697105.0,2.0,3697105.0,3697105.0,3697105.0,1.0,,,3697105.0,,0.0,Active,1.0,,3697105.0,3697105.0,True,status_active,spotrac,154647000
gary harris,2025,3634153.0,2.0,3634153.0,3634153.0,3634153.0,1.0,,,,,,,,3634153.0,3634153.0,3634153.0,True,spotrac_cap_hit,spotrac,154647000
taurean prince,2025,3303774.0,1.0,2296274.0,3303774.0,3303774.0,1.0,,,,,,,,3303774.0,3303774.0,3303774.0,True,spotrac_cap_hit,spotrac,154647000
jericho sims,2025,2461463.0,2.0,2461463.0,2461463.0,2461463.0,1.0,,,,,,,,2461463.0,2461463.0,2461463.0,True,spotrac_cap_hit,spotrac,154647000
a.j. green,2025,2301587.0,3.0,2301587.0,2301587.0,2301587.0,1.0,,,2301587.0,,0.0,Active,1.0,2301587.0,2301587.0,2301587.0,False,spotrac_cap_hit,spotrac,154647000
thanasis antetokounmpo,2025,2296274.0,1.0,2296274.0,2874436.0,2874436.0,1.0,,,2874436.0,,0.0,Active,1.0,2296274.0,2296274.0,2296274.0,True,spotrac_cap_hit,spotrac,154647000
andre jackson jr.,2025,2221677.0,2.0,2221677.0,2221677.0,2221677.0,1.0,,,2221677.0,,0.0,Active,1.0,,2221677.0,2221677.0,False,status_active,spotrac,154647000
nigel hayes-davis,2025,2048494.0,1.0,2048494.0,,,,,,,,,,,,2048494.0,,False,fallback_bbref,bbref,154647000
tyler smith,2025,1955377.0,1.0,1955377.0,1955377.0,1955377.0,3.0,2197957.0,85300;157280,157280.0,2040677.0,0.0,Retained;Retained;Active,1.0,,157280.0,157280.0,False,status_active,spotrac,154647000
vasilije micic,2025,666667.0,3.0,666667.0,,,,,,,,,,,,666667.0,,False,fallback_bbref,bbref,154647000
zion williamson,2025,39446090.0,5.0,39446090.0,39446090.0,39446090.0,1.0,,,39446090.0,,0.0,Active,1.0,39446090.0,39446090.0,39446090.0,False,spotrac_cap_hit,spotrac,154647000
jordan poole,2025,31848215.0,4.0,31848215.0,31848215.0,31848215.0,1.0,,,31848215.0,,0.0,Active,1.0,31848215.0,31848215.0,31848215.0,False,spotrac_cap_hit,spotrac,154647000
dejounte murray,2025,30801103.0,4.0,30801103.0,26783568.0,26783568.0,1.0,,,,,,,,30801103.0,30801103.0,30801103.0,False,spotrac_cap_hit,spotrac,154647000
trey murphy iii,2025,25000000.0,4.0,25000000.0,25000000.0,25000000.0,1.0,,,25000000.0,,0.0,Active,1.0,25000000.0,25000000.0,25000000.0,True,spotrac_cap_hit,spotrac,154647000
herbert jones,2025,13937574.0,4.0,13937574.0,13937574.0,13937574.0,1.0,,,,,,,,13937574.0,13937574.0,13937574.0,False,spotrac_cap_hit,spotrac,154647000
kevon looney,2025,8000000.0,5.0,8000000.0,8000000.0,8000000.0,1.0,,,,,,,,,8000000.0,8000000.0,True,single,spotrac,154647000
jeremiah fears,2025,7520040.0,3.0,7520040.0,7520040.0,7520040.0,1.0,,,,,,,,7520040.0,7520040.0,7520040.0,True,spotrac_cap_hit,spotrac,154647000
saddiq bey,2025,6118644.0,3.0,6118644.0,6118644.0,6229755.0,1.0,,,6229755.0,,0.0,Active,1.0,6229755.0,6229755.0,6229755.0,False,spotrac_cap_hit,spotrac,154647000
derik queen,2025,5157960.0,3.0,5157960.0,5157960.0,5157960.0,1.0,,,,,,,,5157960.0,5157960.0,5157960.0,True,spotrac_cap_hit,spotrac,154647000
jordan hawkins,2025,4741320.0,3.0,4741320.0,4741320.0,4741320.0,1.0,,,,,,,,4741320.0,4741320.0,4741320.0,False,spotrac_cap_hit,spotrac,154647000
yves missi,2025,3353040.0,3.0,3353040.0,3353040.0,3353040.0,1.0,,,,,,,,3353040.0,3353040.0,3353040.0,False,spotrac_cap_hit,spotrac,154647000
deandre jordan,2025,2269880.0,3.0,2269880.0,3592381.0,3592381.0,1.0,,,3592381.0,,0.0,Active,1.0,,3592381.0,3592381.0,True,status_active,spotrac,154647000
karlo matkovic,2025,1955377.0,1.0,1955377.0,,,,,,,,,,,,1955377.0,,False,fallback_bbref,bbref,154647000
micah peavy,2025,1272870.0,1.0,1272870.0,1272870.0,1272870.0,1.0,,,,,,,,1272870.0,1272870.0,1272870.0,True,spotrac_cap_hit,spotrac,154647000
bryce mcgowens,2025,724598.0,1.0,724598.0,724598.0,724598.0,1.0,,446236,,,,,,724598.0,724598.0,724598.0,True,spotrac_cap_hit,spotrac,154647000
dalen terry,2025,5399118.0,1.0,5399118.0,2047941.0,2047941.0,3.0,5740852.0,125931;3351177;215803,125931.0,5614921.0,0.0,Retained;Active;Retained;Retained,1.0,,5740852.0,5740852.0,True,status_active,spotrac,154647000
jaden springer,2025,70732.0,1.0,70732.0,70732.0,70732.0,1.0,,,,70732.0,0.0,Retained,0.0,,,,True,retained_only,spotrac,154647000
karl-anthony towns,2025,53142264.0,4.0,53142264.0,53142264.0,53142264.0,1.0,,530933,,,,,,53142264.0,53142264.0,53142264.0,False,spotrac_cap_hit,spotrac,154647000
og anunoby,2025,39568966.0,5.0,39568966.0,39568966.0,39568966.0,1.0,,530933,,,,,,39568966.0,39568966.0,39568966.0,False,spotrac_cap_hit,spotrac,154647000
jalen brunson,2025,34944001.0,4.0,34944001.0,34944001.0,34944001.0,1.0,,530933,,,,,,34944001.0,34944001.0,34944001.0,True,spotrac_cap_hit,spotrac,154647000
mikal bridges,2025,24900000.0,4.0,24900000.0,24900000.0,24900000.0,1.0,,530933,,,,,,24900000.0,24900000.0,24900000.0,False,spotrac_cap_hit,spotrac,154647000
josh hart,2025,19472240.0,4.0,19472240.0,19472240.0,19472240.0,1.0,,530933,,,,,,19472240.0,19472240.0,19472240.0,False,spotrac_cap_hit,spotrac,154647000
mitchell robinson,2025,12954546.0,4.0,12954546.0,12954546.0,12954546.0,1.0,,530933,,,,,,,12954546.0,12954546.0,False,single,spotrac,154647000
jose alvarado,2025,4500000.0,2.0,4500000.0,1706897.0,1706897.0,2.0,4500000.0,2793103,1706897.0,2793103.0,0.0,Active;Retained,1.0,,4500000.0,4500000.0,True,signing_contract,spotrac,154647000
miles mcbride,2025,4333333.0,3.0,4333333.0,4333333.0,4333333.0,1.0,,530933,4333333.0,,530933.0,Active;NBA Cup,1.0,4333333.0,4333333.0,4333333.0,False,spotrac_cap_hit,spotrac,154647000
pacome dadiet,2025,2847600.0,2.0,2847600.0,,,,,,,,,,,,2847600.0,,False,fallback_bbref,bbref,154647000
landry shamet,2025,2296274.0,1.0,2296274.0,3080921.0,3080921.0,1.0,,530933,,,,,,,2296274.0,2296274.0,True,vet_min,spotrac,154647000
tyler kolek,2025,2191897.0,4.0,2191897.0,2191897.0,2191897.0,1.0,,530933,,,,,,2191897.0,2191897.0,2191897.0,False,spotrac_cap_hit,spotrac,154647000
ariel hukporti,2025,1955377.0,1.0,1955377.0,1955377.0,1955377.0,1.0,,530933,1955377.0,,530933.0,Active / Club Exercised;NBA Cup,1.0,,1955377.0,1955377.0,False,vet_min,spotrac,154647000
mohamed diawara,2025,1272870.0,1.0,1272870.0,1272870.0,1272870.0,1.0,,530933,,,,,,,1272870.0,1272870.0,True,vet_min,spotrac,154647000
cj mccollum,2019,27556959.0,7.0,27556959.0,25834649.0,25834649.0,1.0,,,25834649.0,,0.0,Active,1.0,,27556958.933333334,27556958.933333334,False,status_active,spotrac,109140000
cj mccollum,2020,29354152.0,7.0,29354152.0,29354152.0,29354152.0,1.0,,,29354152.0,,0.0,Active,1.0,,29354152.0,29354152.0,False,status_active,spotrac,109140000
cj mccollum,2021,30864198.0,7.0,30864198.0,10820207.0,10820207.0,2.0,30864198.0,20043991,10820207.0,20043991.0,0.0,Active;Retained,1.0,,30864198.0,30864198.0,True,signing_contract,spotrac,112414000
cj mccollum,2022,33333333.0,7.0,33333333.0,33333333.0,33333333.0,1.0,,,33333333.0,,0.0,Active,1.0,,33333333.0,33333333.0,False,status_active,spotrac,123655000
cj mccollum,2023,35802469.0,7.0,35802469.0,35802469.0,35802469.0,1.0,,100000,35802469.0,,100000.0,Active;NBA Cup,1.0,,35802469.0,35802469.0,False,status_active,spotrac,136021000
cj mccollum,2024,33333333.0,7.0,33333333.0,33333333.0,33333333.0,1.0,,,33333333.0,,0.0,Active,1.0,,33333333.0,33333333.0,True,status_active,spotrac,140588000
jalen johnson,2021,2659560.0,3.0,2659560.0,2659680.0,2659680.0,1.0,,,2659680.0,,0.0,Active,1.0,,2659680.0,2659680.0,True,status_active,spotrac,112414000
jalen johnson,2022,2792640.0,3.0,2792640.0,2792640.0,2792640.0,1.0,,,2792640.0,,0.0,Active,1.0,,2792640.0,2792640.0,False,status_active,spotrac,123655000
jalen johnson,2023,2925360.0,3.0,2925360.0,2925360.0,2925360.0,1.0,,,2925360.0,,0.0,Active / Club Exercised,1.0,,2925360.0,2925360.0,False,status_active,spotrac,136021000
jalen johnson,2024,4510905.0,1.0,4510905.0,4510905.0,4510905.0,1.0,,102994,4510905.0,,102994.0,Active / Club Exercised;NBA Cup,1.0,,4510905.0,4510905.0,False,status_active,spotrac,140588000
jonathan kuminga,2021,5466360.0,3.0,5466360.0,5466360.0,5466360.0,1.0,,,,,,,,,5466360.0,5466360.0,True,single,spotrac,112414000
jonathan kuminga,2022,5739840.0,3.0,5739840.0,5739840.0,5739840.0,1.0,,,,,,,,,5739840.0,5739840.0,False,single,spotrac,123655000
jonathan kuminga,2023,6012840.0,3.0,6012840.0,6012840.0,6012840.0,1.0,,,,,,,,,6012840.0,6012840.0,False,single,spotrac,136021000
jonathan kuminga,2024,7636307.0,1.0,7636307.0,7636307.0,7636307.0,1.0,,51497,,,,,,,7636307.0,7636307.0,False,single,spotrac,140588000
nickeil alexander-walker,2019,2964840.0,3.0,2964840.0,2964840.0,2964840.0,1.0,,,,,,,,,3162496.0,3162496.0,True,single,spotrac,109140000
nickeil alexander-walker,2020,3113160.0,3.0,3113160.0,3113160.0,3113160.0,1.0,,,,,,,,,3113160.0,3113160.0,False,single,spotrac,109140000
nickeil alexander-walker,2021,3261480.0,3.0,3261480.0,1105904.0,1105904.0,3.0,3242736.0,2118088;18744,,,,,,,3242736.0,3242736.0,False,split,spotrac,112414000
nickeil alexander-walker,2022,5009633.0,3.0,5009633.0,1727460.0,1727460.0,2.0,3883036.0,2155576,,,,,,,3883036.0,3883036.0,False,split,spotrac,123655000
nickeil alexander-walker,2023,4687500.0,3.0,4687500.0,4687500.0,4687500.0,1.0,,,,,,,,,4687500.0,4687500.0,True,single,spotrac,136021000
nickeil alexander-walker,2024,4312500.0,3.0,4312500.0,4312500.0,4312500.0,1.0,,,,,,,,,4312500.0,4312500.0,False,single,spotrac,140588000
onyeka okongwu,2020,5813640.0,3.0,5813640.0,5813640.0,5813640.0,1.0,,,5813640.0,,0.0,Active,1.0,,5813640.0,5813640.0,True,status_active,spotrac,109140000
onyeka okongwu,2021,6104280.0,3.0,6104280.0,6104280.0,6104280.0,1.0,,,6104280.0,,0.0,Active,1.0,,6104280.0,6104280.0,False,status_active,spotrac,112414000
onyeka okongwu,2022,6395160.0,3.0,6395160.0,6395160.0,6395160.0,1.0,,,6395160.0,,0.0,Active / Club Exercised,1.0,,6395160.0,6395160.0,False,status_active,spotrac,123655000
onyeka okongwu,2023,8109063.0,1.0,8109063.0,8109063.0,8109063.0,1.0,,,8109063.0,,0.0,Active / Club Exercised,1.0,,8109063.0,8109063.0,False,status_active,spotrac,136021000
onyeka okongwu,2024,14000000.0,4.0,14000000.0,14000000.0,14000000.0,1.0,,102994,14000000.0,,102994.0,Active;NBA Cup,1.0,14000000.0,14000000.0,14000000.0,True,spotrac_cap_hit,spotrac,140588000
corey kispert,2021,3383640.0,3.0,3383640.0,3383640.0,3383640.0,1.0,,,,,,,,,3383640.0,3383640.0,True,single,spotrac,112414000
corey kispert,2022,3552840.0,3.0,3552840.0,3552840.0,3552840.0,1.0,,,,,,,,,3552840.0,3552840.0,False,single,spotrac,123655000
corey kispert,2023,3722040.0,3.0,3722040.0,3722040.0,3722040.0,1.0,,,,,,,,,3722040.0,3722040.0,False,single,spotrac,136021000
corey kispert,2024,5705887.0,1.0,5705887.0,5705888.0,5705888.0,1.0,,,,,,,,,5705888.0,5705888.0,False,single,spotrac,140588000
zaccharie risacher,2024,12569040.0,3.0,12569040.0,12569040.0,12569040.0,1.0,,102994,,,,,,12569040.0,12569040.0,12569040.0,True,spotrac_cap_hit,spotrac,140588000
gabe vincent,2021,1669178.0,2.0,1669178.0,1669178.0,1669178.0,1.0,,,1669178.0,,0.0,Active,1.0,,1669178.0,1669178.0,True,vet_min,spotrac,112414000
gabe vincent,2022,1815677.0,2.0,1815677.0,1815677.0,1815677.0,1.0,,,1815677.0,,0.0,Active,1.0,,1815677.0,1815677.0,False,status_active,spotrac,123655000
gabe vincent,2023,10500000.0,3.0,10500000.0,10500000.0,10500000.0,1.0,,500000,10500000.0,,500000.0,Active;NBA Cup,1.0,10500000.0,10500000.0,10500000.0,True,spotrac_cap_hit,spotrac,136021000
gabe vincent,2024,11000000.0,3.0,11000000.0,4362069.0,4362069.0,1.0,,,4362069.0,,0.0,Active,1.0,11000000.0,11000000.0,11000000.0,False,spotrac_cap_hit,spotrac,140588000
buddy hield,2019,4861208.0,1.0,4861208.0,4557383.0,4557383.0,1.0,,,,,,,,,4861208.533333333,4861208.533333333,False,single,spotrac,109140000
buddy hield,2020,24701834.0,4.0,24701834.0,24201834.0,24971851.0,1.0,,,,,,,,,24201834.0,24201834.0,True,single,spotrac,109140000
buddy hield,2021,22477273.0,4.0,22477273.0,7879963.0,8475925.0,2.0,22477272.0,14597309,,,,,,,22477272.0,22477272.0,False,split,spotrac,112414000
buddy hield,2022,21177750.0,4.0,21177750.0,20522728.0,21177750.0,1.0,,,,,,,,,20522728.0,20522728.0,False,single,spotrac,123655000
buddy hield,2023,19845098.0,4.0,19845098.0,7043104.0,8320019.0,2.0,18768183.0,11525079;200000,,,,,,,18768183.0,18768183.0,False,split,spotrac,136021000
buddy hield,2024,8780488.0,4.0,8780488.0,8780488.0,8780488.0,1.0,,51497,,,,,,8780488.0,8780488.0,8780488.0,True,spotrac_cap_hit,spotrac,140588000
dyson daniels,2022,5508600.0,3.0,5508600.0,5508600.0,5508600.0,1.0,,,5508600.0,,0.0,Active,1.0,,5508600.0,5508600.0,True,status_active,spotrac,123655000
dyson daniels,2023,5784120.0,3.0,5784120.0,5784120.0,5784120.0,1.0,,100000,5784120.0,,100000.0,Active;NBA Cup,1.0,,5784120.0,5784120.0,False,status_active,spotrac,136021000
dyson daniels,2024,6059520.0,3.0,6059520.0,6059520.0,6059520.0,1.0,,102994,6059520.0,,102994.0,Active / Club Exercised;NBA Cup,1.0,,6059520.0,6059520.0,False,status_active,spotrac,140588000
jock landale,2021,925258.0,1.0,925258.0,925258.0,925258.0,1.0,,,925258.0,,0.0,Active,1.0,,925258.0,925258.0,True,vet_min,spotrac,112414000
jock landale,2022,1563518.0,1.0,1563518.0,1563518.0,1563518.0,1.0,,,1563518.0,,0.0,Active,1.0,,1563518.0,1563518.0,False,status_active,spotrac,123655000
jock landale,2023,8000000.0,2.0,8000000.0,8000000.0,8000000.0,1.0,,,8000000.0,,0.0,Active,1.0,,8000000.0,8000000.0,True,status_active,spotrac,136021000
jock landale,2024,8000000.0,2.0,8000000.0,8000000.0,8000000.0,1.0,,102994,8000000.0,,102994.0,Active;NBA Cup,1.0,,8000000.0,8000000.0,False,status_active,spotrac,140588000
mouhamed gueye,2023,1119563.0,1.0,1119563.0,1119563.0,1119563.0,1.0,,,,,,,,1119563.0,1119563.0,1119563.0,True,spotrac_cap_hit,spotrac,136021000
mouhamed gueye,2024,1891857.0,1.0,1891857.0,1891857.0,1891857.0,1.0,,102994,,,,,,1891857.0,1891857.0,1891857.0,False,spotrac_cap_hit,spotrac,140588000
duop reath,2023,1951220.0,3.0,1951220.0,1951220.0,1951220.0,1.0,,,1951220.0,,0.0,Active,1.0,,1951220.0,1951220.0,True,status_active,spotrac,136021000
duop reath,2024,2048780.0,3.0,2048780.0,2048780.0,2048780.0,1.0,,,2048780.0,,0.0,Active,1.0,,2048780.0,2048780.0,False,status_active,spotrac,140588000
caleb houstan,2022,2000000.0,3.0,2000000.0,2000000.0,2000000.0,1.0,,,2000000.0,,0.0,Active,1.0,,2000000.0,2000000.0,True,status_active,spotrac,123655000
caleb houstan,2023,2000000.0,3.0,2000000.0,2000000.0,2000000.0,1.0,,,2000000.0,,0.0,Active,1.0,,2000000.0,2000000.0,False,status_active,spotrac,136021000
caleb houstan,2024,2019699.0,3.0,2019699.0,2019699.0,2019699.0,1.0,,51497,2019699.0,,51497.0,Active;NBA Cup,1.0,,2019699.0,2019699.0,False,status_active,spotrac,140588000
jayson tatum,2019,7830000.0,1.0,7830000.0,7340625.0,7340625.0,1.0,,,,,,,,,7830000.0,7830000.0,False,single,spotrac,109140000
jayson tatum,2020,9897120.0,1.0,9897120.0,9897120.0,9897120.0,1.0,,,,,,,,,9897120.0,9897120.0,False,single,spotrac,109140000
jayson tatum,2021,28103550.0,4.0,28103550.0,28103500.0,28103500.0,1.0,,,,,,,,,28103500.0,28103500.0,True,single,spotrac,112414000
jayson tatum,2022,30351780.0,4.0,30351780.0,30351780.0,30351780.0,1.0,,,,,,,,,30351780.0,30351780.0,False,single,spotrac,123655000
jayson tatum,2023,32600060.0,4.0,32600060.0,32600060.0,32600060.0,1.0,,50000,,,,,,,32600060.0,32600060.0,False,single,spotrac,136021000
jayson tatum,2024,34848340.0,4.0,34848340.0,34848340.0,34848340.0,1.0,,,,,,,,,34848340.0,34848340.0,False,single,spotrac,140588000
jaylen brown,2019,6534829.0,1.0,6534829.0,6126402.0,6126402.0,1.0,,,6126402.0,,0.0,Active,1.0,,6534828.8,6534828.8,False,status_active,spotrac,109140000
jaylen brown,2020,23437500.0,2.0,23437500.0,22991071.0,23437500.0,1.0,,,23437500.0,,0.0,Active,1.0,,22991071.0,22991071.0,True,status_active,spotrac,109140000
jaylen brown,2021,24830357.0,2.0,24830357.0,24830357.0,26758929.0,1.0,,,26758929.0,,0.0,Active,1.0,,24830357.0,24830357.0,False,status_active,spotrac,112414000
jaylen brown,2022,28741071.0,2.0,28741071.0,26669643.0,29776785.0,1.0,,,29776785.0,,0.0,Active,1.0,,26669643.0,26669643.0,False,status_active,spotrac,123655000
jaylen brown,2023,31830357.0,2.0,31830357.0,28508929.0,31830357.0,1.0,,50000,31830357.0,,50000.0,Active;NBA Cup,1.0,,28508929.0,28508929.0,False,status_active,spotrac,136021000
jaylen brown,2024,49205800.0,5.0,49205800.0,49205800.0,49205800.0,1.0,,,49205800.0,,0.0,Active,1.0,49205800.0,49205800.0,49205800.0,True,spotrac_cap_hit,spotrac,140588000
derrick white,2019,1948080.0,1.0,1948080.0,1826325.0,1826325.0,1.0,,,,,,,,,1948080.0,1948080.0,False,single,spotrac,109140000
derrick white,2020,3516284.0,1.0,3516284.0,3516284.0,3516284.0,1.0,,,,,,,,,3516284.0,3516284.0,False,single,spotrac,109140000
derrick white,2021,15178571.0,4.0,15178571.0,5146757.0,5646757.0,2.0,15178571.0,10031814,,,,,,,15178571.0,15178571.0,True,signing_contract,spotrac,112414000
derrick white,2022,16892857.0,4.0,16892857.0,16392857.0,17142857.0,1.0,,,,,,,,,16392857.0,16392857.0,False,single,spotrac,123655000
derrick white,2023,18357143.0,4.0,18357143.0,17607143.0,18857143.0,1.0,,50000,,,,,,,17607143.0,17607143.0,False,single,spotrac,136021000
derrick white,2024,20071429.0,4.0,20071429.0,18821429.0,19821429.0,1.0,,,,,,,,,18821429.0,18821429.0,False,single,spotrac,140588000
nikola vucevic,2019,28000000.0,4.0,28000000.0,26250000.0,26250000.0,1.0,,,26250000.0,,0.0,Active,1.0,,28000000.0,28000000.0,True,status_active,spotrac,109140000
nikola vucevic,2020,26000000.0,4.0,26000000.0,9438356.0,9438356.0,2.0,26000000.0,16561644,9438356.0,16561644.0,0.0,Active;Retained,1.0,,26000000.0,26000000.0,False,status_active,spotrac,109140000
nikola vucevic,2021,24000000.0,4.0,24000000.0,24000000.0,24000000.0,1.0,,,24000000.0,,0.0,Active,1.0,,24000000.0,24000000.0,False,status_active,spotrac,112414000
nikola vucevic,2022,22000000.0,4.0,22000000.0,22000000.0,22000000.0,1.0,,,22000000.0,,0.0,Active,1.0,,22000000.0,22000000.0,False,status_active,spotrac,123655000
nikola vucevic,2023,18518519.0,3.0,18518519.0,18518519.0,18518519.0,1.0,,,18518519.0,,0.0,Active,1.0,,18518519.0,18518519.0,True,status_active,spotrac,136021000
nikola vucevic,2024,20000000.0,3.0,20000000.0,20000000.0,20000000.0,1.0,,,20000000.0,,0.0,Active,1.0,,20000000.0,20000000.0,False,status_active,spotrac,140588000
sam hauser,2022,1637966.0,1.0,1637966.0,1637966.0,1637966.0,1.0,,,,,,,,1637966.0,1637966.0,1637966.0,True,spotrac_cap_hit,spotrac,123655000
sam hauser,2023,1927896.0,2.0,1927896.0,1927896.0,1927896.0,1.0,,50000,,,,,,1927896.0,1927896.0,1927896.0,False,spotrac_cap_hit,spotrac,136021000
sam hauser,2024,2092344.0,2.0,2092344.0,2092344.0,2092344.0,1.0,,,,,,,,2092344.0,2092344.0,2092344.0,False,spotrac_cap_hit,spotrac,140588000
payton pritchard,2020,2035800.0,3.0,2035800.0,2035800.0,2035800.0,1.0,,,2035800.0,,0.0,Active,1.0,,2035800.0,2035800.0,True,status_active,spotrac,109140000
payton pritchard,2021,2137440.0,3.0,2137440.0,2137440.0,2137440.0,1.0,,,2137440.0,,0.0,Active,1.0,,2137440.0,2137440.0,False,status_active,spotrac,112414000
payton pritchard,2022,2239200.0,3.0,2239200.0,2239200.0,2239200.0,1.0,,,2239200.0,,0.0,Active / Club Exercised,1.0,,2239200.0,2239200.0,False,status_active,spotrac,123655000
payton pritchard,2023,4037277.0,1.0,4037277.0,4037278.0,4037278.0,1.0,,50000,4037278.0,,50000.0,Active / Club Exercised;NBA Cup,1.0,,4037278.0,4037278.0,False,status_active,spotrac,136021000
payton pritchard,2024,6696429.0,4.0,6696429.0,6696429.0,6696429.0,1.0,,,6696429.0,,0.0,Active,1.0,6696429.0,6696429.0,6696429.0,True,spotrac_cap_hit,spotrac,140588000
baylor scheierman,2024,2494320.0,3.0,2494320.0,2494320.0,2494320.0,1.0,,,,,,,,2494320.0,2494320.0,2494320.0,True,spotrac_cap_hit,spotrac,140588000
luka garza,2021,925258.0,1.0,925258.0,925258.0,925258.0,1.0,,,925258.0,,0.0,Active,1.0,,925258.0,925258.0,True,vet_min,spotrac,112414000
luka garza,2023,127683.0,1.0,127683.0,127683.0,127683.0,1.0,,,127683.0,,0.0,Active,1.0,,127683.0,127683.0,True,status_active,spotrac,136021000
luka garza,2024,2162606.0,3.0,2162606.0,2162606.0,2162606.0,1.0,,,2162606.0,,0.0,Active,1.0,,2162606.0,2162606.0,True,status_active,spotrac,140588000
neemias queta,2023,250000.0,1.0,250000.0,250000.0,250000.0,2.0,356253.0,81253;25000,,,,,,,250000.0,,True,waived,bbref,136021000
neemias queta,2024,2162606.0,3.0,2162606.0,2162606.0,2162606.0,1.0,,,,,,,,2162606.0,2162606.0,2162606.0,True,spotrac_cap_hit,spotrac,140588000
jordan walsh,2023,1119563.0,1.0,1119563.0,1119563.0,1119563.0,1.0,,50000,,,,,,1119563.0,1119563.0,1119563.0,True,spotrac_cap_hit,spotrac,136021000
jordan walsh,2024,1891857.0,1.0,1891857.0,1891857.0,1891857.0,1.0,,,,,,,,1891857.0,1891857.0,1891857.0,False,spotrac_cap_hit,spotrac,140588000
dalano banton,2021,925258.0,1.0,925258.0,925258.0,925258.0,1.0,,,925258.0,,0.0,Active,1.0,,925258.0,925258.0,True,vet_min,spotrac,112414000
dalano banton,2022,1563518.0,1.0,1563518.0,1563518.0,1563518.0,1.0,,,1563518.0,,0.0,Active,1.0,,1563518.0,1563518.0,False,status_active,spotrac,123655000
dalano banton,2023,2019706.0,2.0,2019706.0,766095.0,766095.0,2.0,2069706.0,1253611;50000,766095.0,1253611.0,50000.0,Active;Retained;NBA Cup,1.0,,2019706.0,2019706.0,True,vet_min,spotrac,136021000
dalano banton,2024,2196970.0,2.0,2196970.0,2196970.0,2196970.0,1.0,,,2196970.0,,0.0,Active / Club Exercised,1.0,,2196970.0,2196970.0,False,status_active,spotrac,140588000
jd davison,2024,11997.0,1.0,11997.0,11997.0,11997.0,1.0,,,,,,,,,11997.0,11997.0,True,single,spotrac,140588000
michael porter jr.,2019,3389400.0,2.0,3389400.0,3177563.0,3177563.0,1.0,,,3177563.0,,0.0,Active,1.0,,3389400.533333333,3389400.533333333,False,status_active,spotrac,109140000
michael porter jr.,2020,3550800.0,2.0,3550800.0,3550800.0,3550800.0,1.0,,,3550800.0,,0.0,Active / Club Exercised,1.0,,3550800.0,3550800.0,False,status_active,spotrac,109140000
michael porter jr.,2021,5258735.0,1.0,5258735.0,5258735.0,5258735.0,1.0,,,5258735.0,,0.0,Active / Club Exercised,1.0,,5258735.0,5258735.0,False,status_active,spotrac,112414000
michael porter jr.,2022,30913750.0,5.0,30913750.0,30913750.0,30913750.0,1.0,,,30913750.0,,0.0,Active,1.0,30913750.0,30913750.0,30913750.0,True,spotrac_cap_hit,spotrac,123655000
michael porter jr.,2023,33386850.0,5.0,33386850.0,33386850.0,33386850.0,1.0,,,33386850.0,,0.0,Active,1.0,33386850.0,33386850.0,33386850.0,False,spotrac_cap_hit,spotrac,136021000
michael porter jr.,2024,35859950.0,5.0,35859950.0,35859950.0,35859950.0,1.0,,,35859950.0,,0.0,Active,1.0,35859950.0,35859950.0,35859950.0,False,spotrac_cap_hit,spotrac,140588000
nic claxton,2019,898310.0,1.0,898310.0,842166.0,842166.0,1.0,,,842166.0,,0.0,Active,1.0,,898310.4,898310.4,True,vet_min,spotrac,109140000
nic claxton,2020,1517981.0,1.0,1517981.0,1517981.0,1517981.0,1.0,,,1517981.0,,0.0,Active,1.0,,1517981.0,1517981.0,False,status_active,spotrac,109140000
nic claxton,2021,1782621.0,1.0,1782621.0,1782621.0,1782621.0,1.0,,,1782621.0,,0.0,Active,1.0,,1782621.0,1782621.0,False,status_active,spotrac,112414000
nic claxton,2022,8500000.0,2.0,8500000.0,8500000.0,9350000.0,1.0,,,9350000.0,,0.0,Active,1.0,,8500000.0,8500000.0,True,status_active,spotrac,123655000
nic claxton,2023,9625000.0,2.0,9625000.0,8750000.0,8750000.0,1.0,,,8750000.0,,0.0,Active,1.0,,8750000.0,8750000.0,False,status_active,spotrac,136021000
nic claxton,2024,27556817.0,4.0,27556817.0,27556817.0,27556817.0,1.0,,,27556817.0,,0.0,Active,1.0,27556817.0,27556817.0,27556817.0,True,spotrac_cap_hit,spotrac,140588000
terance mann,2019,1000000.0,1.0,1000000.0,937500.0,937500.0,1.0,,,937500.0,,0.0,Active,1.0,,1000000.0,1000000.0,True,status_active,spotrac,109140000
terance mann,2020,1517984.0,1.0,1517984.0,1517981.0,1517981.0,1.0,,,1517981.0,,0.0,Active,1.0,,1517981.0,1517981.0,False,status_active,spotrac,109140000
terance mann,2021,1782621.0,2.0,1782621.0,1782621.0,1782621.0,1.0,,,1782621.0,,0.0,Active,1.0,,1782621.0,1782621.0,False,status_active,spotrac,112414000
terance mann,2022,1930681.0,2.0,1930681.0,1930681.0,1930681.0,1.0,,,1930681.0,,0.0,Active / Club Exercised,1.0,,1930681.0,1930681.0,False,status_active,spotrac,123655000
terance mann,2023,10576923.0,2.0,10576923.0,10576923.0,10576923.0,1.0,,,10576923.0,,0.0,Active,1.0,10576923.0,10576923.0,10576923.0,True,spotrac_cap_hit,spotrac,136021000
terance mann,2024,11423077.0,2.0,11423077.0,4332891.0,4332891.0,2.0,11423077.0,7090186,4332891.0,7090186.0,0.0,Active;Retained,1.0,11423077.0,11423077.0,11423077.0,False,spotrac_cap_hit,spotrac,140588000
ochai agbaji,2022,3918360.0,3.0,3918360.0,3918360.0,3918360.0,1.0,,,3918360.0,,0.0,Active,1.0,,3918360.0,3918360.0,True,status_active,spotrac,123655000
ochai agbaji,2023,4114200.0,3.0,4114200.0,1560559.0,1560559.0,2.0,4114200.0,2553641,1560559.0,2553641.0,0.0,Active;Retained,1.0,,4114200.0,4114200.0,False,status_active,spotrac,136021000
ochai agbaji,2024,4310280.0,3.0,4310280.0,4310280.0,4310280.0,1.0,,,4310280.0,,0.0,Active / Club Exercised,1.0,,4310280.0,4310280.0,False,status_active,spotrac,140588000
ziaire williams,2021,4373160.0,3.0,4373160.0,4373040.0,4373040.0,1.0,,,4373040.0,,0.0,Active,1.0,,4373040.0,4373040.0,True,status_active,spotrac,112414000
ziaire williams,2022,4591680.0,3.0,4591680.0,4591680.0,4591680.0,1.0,,,4591680.0,,0.0,Active,1.0,,4591680.0,4591680.0,False,status_active,spotrac,123655000
ziaire williams,2023,4810200.0,3.0,4810200.0,4810200.0,4810200.0,1.0,,,4810200.0,,0.0,Active / Club Exercised,1.0,,4810200.0,4810200.0,False,status_active,spotrac,136021000
ziaire williams,2024,6133005.0,3.0,6133005.0,6133005.0,6133005.0,1.0,,,6133005.0,,0.0,Active / Club Exercised,1.0,,6133005.0,6133005.0,False,status_active,spotrac,140588000
day'ron sharpe,2021,2009040.0,3.0,2009040.0,2009160.0,2009160.0,1.0,,,,,,,,,2009160.0,2009160.0,True,single,spotrac,112414000
day'ron sharpe,2022,2109480.0,3.0,2109480.0,2109480.0,2109480.0,1.0,,,,,,,,,2109480.0,2109480.0,False,single,spotrac,123655000
day'ron sharpe,2023,2210040.0,3.0,2210040.0,2210040.0,2210040.0,1.0,,,,,,,,,2210040.0,2210040.0,False,single,spotrac,136021000
day'ron sharpe,2024,3989122.0,1.0,3989122.0,3989122.0,3989122.0,1.0,,,,,,,,,3989122.0,3989122.0,False,single,spotrac,140588000
noah clowney,2023,3089520.0,3.0,3089520.0,3089520.0,3089520.0,1.0,,,,,,,,3089520.0,3089520.0,3089520.0,True,spotrac_cap_hit,spotrac,136021000
noah clowney,2024,3244080.0,3.0,3244080.0,3244080.0,3244080.0,1.0,,,,,,,,3244080.0,3244080.0,3244080.0,False,spotrac_cap_hit,spotrac,140588000
josh minott,2022,1017781.0,1.0,1017781.0,1017781.0,1017781.0,1.0,,,,,,,,,1017781.0,1017781.0,True,single,spotrac,123655000
josh minott,2023,1719864.0,1.0,1719864.0,1719864.0,1719864.0,1.0,,,,,,,,,1719864.0,1719864.0,False,single,spotrac,136021000
josh minott,2024,2019699.0,1.0,2019699.0,2019699.0,2019699.0,1.0,,,,,,,,,2019699.0,2019699.0,False,single,spotrac,140588000
jalen wilson,2023,850000.0,1.0,850000.0,850000.0,850000.0,1.0,,,850000.0,,0.0,Active,1.0,,850000.0,850000.0,True,status_active,spotrac,136021000
jalen wilson,2024,1891857.0,1.0,1891857.0,1891857.0,1891857.0,1.0,,,1891857.0,,0.0,Active,1.0,,1891857.0,1891857.0,False,status_active,spotrac,140588000
cam thomas,2021,2036280.0,3.0,2036280.0,2036280.0,2036280.0,1.0,,,2036280.0,,0.0,Active,1.0,,2036280.0,2036280.0,True,status_active,spotrac,112414000
cam thomas,2022,2138160.0,3.0,2138160.0,2138160.0,2138160.0,1.0,,,2138160.0,,0.0,Active,1.0,,2138160.0,2138160.0,False,status_active,spotrac,123655000
cam thomas,2023,2240160.0,3.0,2240160.0,2240160.0,2240160.0,1.0,,,2240160.0,,0.0,Active / Club Exercised,1.0,,2240160.0,2240160.0,False,vet_min,spotrac,136021000
cam thomas,2024,4041249.0,1.0,4041249.0,4041249.0,4041249.0,1.0,,,4041249.0,,0.0,Active / Club Exercised,1.0,,4041249.0,4041249.0,False,status_active,spotrac,140588000
haywood highsmith,2021,547701.0,1.0,547701.0,290967.0,290967.0,1.0,,85578;85578;85578,290967.0,256734.0,0.0,Active;Retained;Retained;Retained,1.0,,1489065.0,290967.0,True,vet_min,spotrac,112414000
haywood highsmith,2022,1752638.0,2.0,1752638.0,1752638.0,1752638.0,1.0,,,1752638.0,,0.0,Active,1.0,,1752638.0,1752638.0,False,status_active,spotrac,123655000
haywood highsmith,2023,1902137.0,2.0,1902137.0,1902137.0,1902137.0,1.0,,,1902137.0,,0.0,Active,1.0,,1902137.0,1902137.0,False,status_active,spotrac,136021000
haywood highsmith,2024,5200000.0,2.0,5200000.0,5200000.0,5200000.0,1.0,,,5200000.0,,0.0,Active,1.0,,5200000.0,5200000.0,True,status_active,spotrac,140588000
kobe bufkin,2023,4094280.0,3.0,4094280.0,4094280.0,4094280.0,1.0,,,4094280.0,,0.0,Active,1.0,,4094280.0,4094280.0,True,status_active,spotrac,136021000
kobe bufkin,2024,4299000.0,3.0,4299000.0,4299000.0,4299000.0,1.0,,102994,4299000.0,,102994.0,Active;NBA Cup,1.0,,4299000.0,4299000.0,False,status_active,spotrac,140588000
dariq whitehead,2023,2966040.0,3.0,2966040.0,2966040.0,2966040.0,1.0,,,2966040.0,,0.0,Active,1.0,,2966040.0,2966040.0,True,status_active,spotrac,136021000
dariq whitehead,2024,3114240.0,3.0,3114240.0,3114240.0,3114240.0,1.0,,,3114240.0,,0.0,Active,1.0,,3114240.0,3114240.0,False,status_active,spotrac,140588000
keon johnson,2021,2553240.0,3.0,2553240.0,1599443.0,1599443.0,2.0,2553240.0,953797,953797.0,1599443.0,0.0,Retained;Active,1.0,,2553240.0,2553240.0,True,signing_contract,spotrac,112414000
keon johnson,2022,2681040.0,3.0,2681040.0,2681040.0,2681040.0,1.0,,,2681040.0,,0.0,Active,1.0,,2681040.0,2681040.0,False,status_active,spotrac,123655000
keon johnson,2023,2808720.0,3.0,2808720.0,2808720.0,2808720.0,1.0,,,,2808720.0,0.0,Retained,0.0,,2808720.0,2808720.0,False,status_active,spotrac,136021000
keon johnson,2024,2162606.0,2.0,2162606.0,2162606.0,2162606.0,1.0,,,2162606.0,,0.0,Active,1.0,,2162606.0,2162606.0,True,status_active,spotrac,140588000
hunter tyson,2023,1119563.0,1.0,1119563.0,1119563.0,1119563.0,1.0,,,1119563.0,,0.0,Active,1.0,,1119563.0,1119563.0,True,vet_min,spotrac,136021000
hunter tyson,2024,1891857.0,1.0,1891857.0,1891857.0,1891857.0,1.0,,,1891857.0,,0.0,Active,1.0,,1891857.0,1891857.0,False,status_active,spotrac,140588000
tyrese martin,2022,1017781.0,1.0,1017781.0,1017781.0,1017781.0,1.0,,,1017781.0,,0.0,Active,1.0,,1017781.0,1017781.0,True,status_active,spotrac,123655000
tyrese martin,2024,635853.0,1.0,635853.0,635853.0,635853.0,1.0,,,635853.0,,0.0,Active,1.0,,635853.0,635853.0,True,status_active,spotrac,140588000
drew timme,2024,113055.0,1.0,113055.0,113055.0,113055.0,1.0,,,113055.0,,0.0,Active,1.0,,113055.0,113055.0,True,status_active,spotrac,140588000
tre scott,2021,53176.0,1.0,53176.0,,,,,,,,,,,,53176.0,,False,fallback_bbref,bbref,112414000
evan mobley,2021,8075160.0,3.0,8075160.0,8075160.0,8075160.0,1.0,,,8075160.0,,0.0,Active,1.0,,8075160.0,8075160.0,True,status_active,spotrac,112414000
evan mobley,2022,8478720.0,3.0,8478720.0,8478720.0,8478720.0,1.0,,,8478720.0,,0.0,Active,1.0,,8478720.0,8478720.0,False,status_active,spotrac,123655000
evan mobley,2023,8882640.0,3.0,8882640.0,8882640.0,8882640.0,1.0,,,8882640.0,,0.0,Active / Club Exercised,1.0,,8882640.0,8882640.0,False,status_active,spotrac,136021000
evan mobley,2024,11227657.0,1.0,11227657.0,11227657.0,11227657.0,1.0,,,11227657.0,,0.0,Active / Club Exercised,1.0,,11227657.0,11227657.0,False,status_active,spotrac,140588000
donovan mitchell,2019,3635760.0,1.0,3635760.0,3408525.0,3408525.0,1.0,,,,,,,,,3635760.0,3635760.0,False,single,spotrac,109140000
donovan mitchell,2020,5195501.0,1.0,5195501.0,5195501.0,5195501.0,1.0,,,,,,,,,5195501.0,5195501.0,False,single,spotrac,109140000
donovan mitchell,2021,28103500.0,4.0,28103500.0,28103500.0,28103500.0,1.0,,,,,,,,,28103500.0,28103500.0,True,single,spotrac,112414000
donovan mitchell,2022,30913750.0,4.0,30913750.0,30351780.0,30351780.0,2.0,,,,,,,,,30351780.0,30351780.0,False,single,spotrac,123655000
donovan mitchell,2023,33162030.0,4.0,33162030.0,32600060.0,32600060.0,1.0,,,,,,,,,32600060.0,32600060.0,False,single,spotrac,136021000
donovan mitchell,2024,35410310.0,4.0,35410310.0,34848340.0,34848340.0,1.0,,,,,,,,,34848340.0,34848340.0,False,single,spotrac,140588000
james harden,2019,38199000.0,3.0,38199000.0,35811563.0,35811563.0,1.0,,,,,,,,,38199000.53333333,38199000.53333333,True,single,spotrac,109140000
james harden,2020,41254920.0,3.0,41254920.0,34190721.0,34190721.0,2.0,41254920.0,7064199,,,,,,,41254920.0,41254920.0,False,split,spotrac,109140000
james harden,2021,44310840.0,3.0,44310840.0,15024940.0,15024940.0,2.0,44310840.0,29285900,,,,,,,44310840.0,44310840.0,False,split,spotrac,112414000
james harden,2022,33000000.0,3.0,33000000.0,33000000.0,33000000.0,1.0,,,,,,,,,33000000.0,33000000.0,True,single,spotrac,123655000
james harden,2023,35680595.0,3.0,35680595.0,35640000.0,35640000.0,2.0,36868966.0,1228966,,,,,,,36868966.0,36868966.0,False,split,spotrac,136021000
james harden,2024,33653846.0,3.0,33653846.0,33653846.0,33653846.0,1.0,,,,,,,,,33653846.0,33653846.0,True,single,spotrac,140588000
jarrett allen,2019,2376840.0,1.0,2376840.0,2228288.0,2228288.0,1.0,,,2228288.0,,0.0,Active,1.0,,2376840.533333333,2376840.533333333,False,status_active,spotrac,109140000
jarrett allen,2020,3909902.0,1.0,3909902.0,3240398.0,3240398.0,2.0,3909902.0,669504,3240398.0,669504.0,0.0,Active;Retained,1.0,,3909902.0,3909902.0,False,status_active,spotrac,109140000
jarrett allen,2021,20000000.0,5.0,20000000.0,20000000.0,20000000.0,1.0,,,20000000.0,,0.0,Active,1.0,20000000.0,20000000.0,20000000.0,True,spotrac_cap_hit,spotrac,112414000
jarrett allen,2022,20000000.0,5.0,20000000.0,20000000.0,20000000.0,1.0,,,20000000.0,,0.0,Active,1.0,20000000.0,20000000.0,20000000.0,False,spotrac_cap_hit,spotrac,123655000
jarrett allen,2023,20000000.0,5.0,20000000.0,20000000.0,20000000.0,1.0,,,20000000.0,,0.0,Active,1.0,20000000.0,20000000.0,20000000.0,False,spotrac_cap_hit,spotrac,136021000
jarrett allen,2024,20000000.0,5.0,20000000.0,20000000.0,20000000.0,1.0,,,20000000.0,,0.0,Active,1.0,20000000.0,20000000.0,20000000.0,False,spotrac_cap_hit,spotrac,140588000
max strus,2019,415414.0,1.0,415414.0,415414.0,415414.0,1.0,,,,415414.0,0.0,Retained,0.0,,,,True,retained_only,spotrac,109140000
max strus,2021,1669178.0,2.0,1669178.0,1669178.0,1669178.0,1.0,,,1669178.0,,0.0,Active,1.0,,1669178.0,1669178.0,True,vet_min,spotrac,112414000
max strus,2022,1815677.0,2.0,1815677.0,1815677.0,1815677.0,1.0,,,1815677.0,,0.0,Active,1.0,,1815677.0,1815677.0,False,status_active,spotrac,123655000
max strus,2023,14487684.0,4.0,14487684.0,14487684.0,14487684.0,1.0,,,14487684.0,,0.0,Active,1.0,14487684.0,14487684.0,14487684.0,True,spotrac_cap_hit,spotrac,136021000
max strus,2024,15212068.0,4.0,15212068.0,15212068.0,15212068.0,1.0,,,15212068.0,,0.0,Active,1.0,15212068.0,15212068.0,15212068.0,False,spotrac_cap_hit,spotrac,140588000
dennis schroder,2019,15500000.0,2.0,15500000.0,,,,,,,,,,,,15500000.0,,False,fallback_bbref,bbref,109140000
dennis schroder,2020,16000000.0,2.0,16000000.0,,,,,,,,,,,,16000000.0,,False,fallback_bbref,bbref,109140000
dennis schroder,2021,5890000.0,1.0,5890000.0,,,,,,,,,,,,5890000.0,,False,fallback_bbref,bbref,112414000
dennis schroder,2022,1836090.0,1.0,1836090.0,,,,,,,,,,,,1836090.0,,False,fallback_bbref,bbref,123655000
dennis schroder,2023,12405000.0,5.0,12405000.0,,,,,,,,,,,,12405000.0,,False,fallback_bbref,bbref,136021000
dennis schroder,2024,13025250.0,5.0,13025250.0,,,,,,,,,,,,13025250.0,,False,fallback_bbref,bbref,140588000
sam merrill,2020,898310.0,1.0,898310.0,898310.0,898310.0,1.0,,,898310.0,,0.0,Active,1.0,,898310.0,898310.0,True,vet_min,spotrac,109140000
sam merrill,2021,1517981.0,1.0,1517981.0,1517981.0,1517981.0,1.0,,,,1517981.0,0.0,Retained,0.0,,1517981.0,1517981.0,False,status_active,spotrac,112414000
sam merrill,2022,850000.0,1.0,850000.0,850000.0,850000.0,2.0,1105522.0,150000;105522,850000.0,255522.0,0.0,Active;Retained;Retained,1.0,,850000.0,850000.0,True,status_active,spotrac,123655000
sam merrill,2023,1997238.0,2.0,1997238.0,1997238.0,1997238.0,1.0,,,1997238.0,,0.0,Active,1.0,,1997238.0,1997238.0,False,status_active,spotrac,136021000
sam merrill,2024,2164993.0,2.0,2164993.0,2164993.0,2164993.0,1.0,,,2164993.0,,0.0,Active,1.0,,2164993.0,2164993.0,False,status_active,spotrac,140588000
dean wade,2019,375000.0,1.0,375000.0,375000.0,375000.0,1.0,,,375000.0,,0.0,Active,1.0,,400000.0,400000.0,True,status_active,spotrac,109140000
dean wade,2020,1517981.0,1.0,1517981.0,1517981.0,1517981.0,1.0,,,1517981.0,,0.0,Active,1.0,,1517981.0,1517981.0,False,status_active,spotrac,109140000
dean wade,2021,1782621.0,2.0,1782621.0,1782621.0,1782621.0,1.0,,,1782621.0,,0.0,Active,1.0,,1782621.0,1782621.0,False,status_active,spotrac,112414000
dean wade,2022,1930681.0,2.0,1930681.0,1930681.0,1930681.0,1.0,,,1930681.0,,0.0,Active / Club Exercised,1.0,,1930681.0,1930681.0,False,status_active,spotrac,123655000
dean wade,2023,5709877.0,3.0,5709877.0,5709877.0,5709877.0,1.0,,,5709877.0,,0.0,Active,1.0,,5709877.0,5709877.0,True,status_active,spotrac,136021000
dean wade,2024,6166667.0,3.0,6166667.0,6166667.0,6166667.0,1.0,,,6166667.0,,0.0,Active,1.0,,6166667.0,6166667.0,False,status_active,spotrac,140588000
jaylon tyson,2024,3326160.0,3.0,3326160.0,3326160.0,3326160.0,1.0,,,,,,,,3326160.0,3326160.0,3326160.0,True,spotrac_cap_hit,spotrac,140588000
keon ellis,2023,683430.0,1.0,683430.0,683430.0,683430.0,1.0,,50000,,,,,,,683430.0,683430.0,True,single,spotrac,136021000
keon ellis,2024,2120693.0,2.0,2120693.0,2120693.0,2120693.0,1.0,,,,,,,,,2120693.0,2120693.0,False,single,spotrac,140588000
larry nance jr.,2019,12727273.0,6.0,12727273.0,11931818.0,11931818.0,1.0,,,11931818.0,,0.0,Active,1.0,,12727272.533333333,12727272.533333333,True,status_active,spotrac,109140000
larry nance jr.,2020,11709091.0,6.0,11709091.0,11709091.0,11709091.0,1.0,,,11709091.0,,0.0,Active,1.0,,11709091.0,11709091.0,False,status_active,spotrac,109140000
larry nance jr.,2021,10690909.0,6.0,10690909.0,3747962.0,3747962.0,2.0,10690909.0,6942947,3747962.0,6942947.0,0.0,Active;Retained,1.0,,10690909.0,10690909.0,False,status_active,spotrac,112414000
larry nance jr.,2022,9672727.0,6.0,9672727.0,9672727.0,9672727.0,1.0,,,9672727.0,,0.0,Active,1.0,,9672727.0,9672727.0,False,status_active,spotrac,123655000
larry nance jr.,2023,10375000.0,6.0,10375000.0,10375000.0,10375000.0,1.0,,100000,10375000.0,,100000.0,Active;NBA Cup,1.0,,10375000.0,10375000.0,True,status_active,spotrac,136021000
larry nance jr.,2024,11205000.0,6.0,11205000.0,11205000.0,11205000.0,1.0,,102994,11205000.0,,102994.0,Active;NBA Cup,1.0,,11205000.0,11205000.0,False,status_active,spotrac,140588000
thomas bryant,2019,8000000.0,3.0,8000000.0,7500000.0,7500000.0,1.0,,,7500000.0,,0.0,Active,1.0,,8000000.0,8000000.0,True,status_active,spotrac,109140000
thomas bryant,2020,8333333.0,3.0,8333333.0,8333333.0,8333333.0,1.0,,,8333333.0,,0.0,Active,1.0,,8333333.0,8333333.0,False,status_active,spotrac,109140000
thomas bryant,2021,8666667.0,3.0,8666667.0,8666667.0,8666667.0,1.0,,,8666667.0,,0.0,Active,1.0,,8666667.0,8666667.0,False,status_active,spotrac,112414000
thomas bryant,2022,1836090.0,1.0,1836090.0,723353.0,723353.0,2.0,2133278.0,1409925,723353.0,1409925.0,0.0,Active;Retained,1.0,,2133278.0,2133278.0,True,signing_contract,spotrac,123655000
thomas bryant,2023,2528233.0,1.0,2019706.0,2528233.0,2528233.0,1.0,,,2528233.0,,0.0,Active,1.0,,2019706.0,2019706.0,True,vet_min,spotrac,136021000
thomas bryant,2024,2087519.0,2.0,2087519.0,1947706.0,1947706.0,2.0,2800834.0,853128,1947706.0,853128.0,0.0,Active;Retained,1.0,,2087519.0,2800834.0,True,vet_min,spotrac,140588000
craig porter jr.,2023,1500000.0,1.0,1500000.0,1500000.0,1500000.0,1.0,,,,,,,,1500000.0,1500000.0,1500000.0,True,spotrac_cap_hit,spotrac,136021000
craig porter jr.,2024,1891857.0,1.0,1891857.0,1891857.0,1891857.0,1.0,,,,,,,,1891857.0,1891857.0,1891857.0,False,spotrac_cap_hit,spotrac,140588000
nae'qwan tomlin,2024,66503.0,1.0,66503.0,66503.0,66503.0,1.0,,,,,,,,,66503.0,66503.0,True,single,spotrac,140588000
ricky rubio,2019,16200000.0,3.0,16200000.0,15187500.0,15187500.0,1.0,,,15187500.0,,0.0,Active,1.0,,16200000.0,16200000.0,True,status_active,spotrac,109140000
ricky rubio,2020,17000000.0,3.0,17000000.0,17000000.0,17000000.0,1.0,,,17000000.0,,0.0,Active,1.0,,17000000.0,17000000.0,False,status_active,spotrac,109140000
ricky rubio,2021,17800000.0,3.0,17800000.0,11355172.0,11355172.0,2.0,17800000.0,6444828,6444828.0,11355172.0,0.0,Retained;Active,1.0,,17800000.0,17800000.0,False,status_active,spotrac,112414000
ricky rubio,2022,5853659.0,1.0,5853659.0,5853659.0,5853659.0,1.0,,,5853659.0,,0.0,Active,1.0,,5853659.0,5853659.0,True,status_active,spotrac,123655000
ricky rubio,2023,3695311.0,1.0,3695311.0,3695311.0,3695311.0,1.0,,,,3695311.0,0.0,Buyout,0.0,,,,False,retained_only,spotrac,136021000
ricky rubio,2024,424672.0,3.0,424672.0,424672.0,424672.0,1.0,,,,424672.0,0.0,Buyout,0.0,,,,False,retained_only,spotrac,140588000
kyrie irving,2019,31742000.0,6.0,31742000.0,29758125.0,29758125.0,1.0,,,,,,,,,31742000.0,31742000.0,True,single,spotrac,109140000
kyrie irving,2020,33460350.0,6.0,33460350.0,33329100.0,33722850.0,1.0,,,,,,,,,33329100.0,33329100.0,False,single,spotrac,109140000
kyrie irving,2021,34916200.0,6.0,34916200.0,34916200.0,35328700.0,1.0,,,,,,,,,34916200.0,34916200.0,False,single,spotrac,112414000
kyrie irving,2022,38917057.0,6.0,38917057.0,13006923.0,13581923.0,2.0,36503300.0,23496377,,,,,,,36503300.0,36503300.0,False,split,spotrac,123655000
kyrie irving,2023,37037037.0,6.0,37037037.0,37037037.0,38037037.0,1.0,,,,,,,,,37037037.0,37037037.0,True,single,spotrac,136021000
kyrie irving,2024,41000000.0,6.0,41000000.0,40000000.0,40000000.0,1.0,,51497,,,,,,,40000000.0,40000000.0,False,single,spotrac,140588000
khris middleton,2019,30603448.0,4.0,30603448.0,28690733.0,28690733.0,1.0,,,28690733.0,,0.0,Active,1.0,,30603448.533333335,30603448.533333335,True,status_active,spotrac,109140000
khris middleton,2020,33051724.0,4.0,33051724.0,33051724.0,33051724.0,1.0,,,33051724.0,,0.0,Active,1.0,,33051724.0,33051724.0,False,status_active,spotrac,109140000
khris middleton,2021,35500000.0,4.0,35500000.0,35500000.0,35500000.0,1.0,,,35500000.0,,0.0,Active,1.0,,35500000.0,35500000.0,False,status_active,spotrac,112414000
khris middleton,2022,37948276.0,4.0,37948276.0,37948276.0,37948276.0,1.0,,,37948276.0,,0.0,Active,1.0,,37948276.0,37948276.0,False,status_active,spotrac,123655000
khris middleton,2023,29320988.0,3.0,29320988.0,28703704.0,28703704.0,1.0,,100000,28703704.0,,100000.0,Active;NBA Cup,1.0,,28703704.0,28703704.0,True,status_active,spotrac,136021000
khris middleton,2024,31000000.0,3.0,31000000.0,11758621.0,11758621.0,2.0,31514970.0,514970;19241379,11758621.0,19241379.0,514970.0,Active;NBA Cup;Retained,1.0,,31000000.0,31000000.0,False,status_active,spotrac,140588000
klay thompson,2019,32742000.0,5.0,32742000.0,30695625.0,30695625.0,1.0,,,30695625.0,,0.0,Active,1.0,,32742000.0,32742000.0,True,status_active,spotrac,109140000
klay thompson,2020,35361360.0,5.0,35361360.0,35361360.0,35361360.0,1.0,,,35361360.0,,0.0,Active,1.0,,35361360.0,35361360.0,False,status_active,spotrac,109140000
klay thompson,2021,37980720.0,5.0,37980720.0,37980720.0,37980720.0,1.0,,,37980720.0,,0.0,Active,1.0,,37980720.0,37980720.0,False,status_active,spotrac,112414000
klay thompson,2022,40600080.0,5.0,40600080.0,40600080.0,40600080.0,1.0,,,40600080.0,,0.0,Active,1.0,,40600080.0,40600080.0,False,status_active,spotrac,123655000
klay thompson,2023,43219440.0,5.0,43219440.0,43219440.0,43219440.0,1.0,,,43219440.0,,0.0,Active,1.0,,43219440.0,43219440.0,False,status_active,spotrac,136021000
klay thompson,2024,15873016.0,3.0,15873016.0,15873016.0,15873016.0,1.0,,51497,15873016.0,,51497.0,Active;NBA Cup,1.0,15873016.0,15873016.0,15873016.0,True,spotrac_cap_hit,spotrac,140588000
daniel gafford,2019,898310.0,1.0,898310.0,842166.0,842166.0,1.0,,,842166.0,,0.0,Active,1.0,,898310.4,898310.4,True,vet_min,spotrac,109140000
daniel gafford,2020,1517981.0,1.0,1517981.0,551048.0,551048.0,2.0,1517981.0,966933,551048.0,966933.0,0.0,Active;Retained,1.0,,1517981.0,1517981.0,False,status_active,spotrac,109140000
daniel gafford,2021,1782621.0,2.0,1782621.0,1782621.0,1782621.0,1.0,,,1782621.0,,0.0,Active,1.0,,1782621.0,1782621.0,False,status_active,spotrac,112414000
daniel gafford,2022,1930681.0,2.0,1930681.0,1930681.0,1930681.0,1.0,,,1930681.0,,0.0,Active / Club Exercised,1.0,,1930681.0,1930681.0,False,status_active,spotrac,123655000
daniel gafford,2023,12402000.0,3.0,12402000.0,4704207.0,4704207.0,2.0,12402000.0,7697793,4704207.0,7697793.0,0.0,Active;Retained,1.0,12402000.0,12402000.0,12402000.0,True,spotrac_cap_hit,spotrac,136021000
daniel gafford,2024,13394160.0,3.0,13394160.0,13394160.0,13394160.0,1.0,,51497,13394160.0,,51497.0,Active;NBA Cup,1.0,13394160.0,13394160.0,13394160.0,False,spotrac_cap_hit,spotrac,140588000
p.j. washington,2019,3831840.0,3.0,3831840.0,3592350.0,3592350.0,1.0,,,3592350.0,,0.0,Active,1.0,,3831840.0,3831840.0,True,status_active,spotrac,109140000
p.j. washington,2020,4023600.0,3.0,4023600.0,4023600.0,4023600.0,1.0,,,4023600.0,,0.0,Active,1.0,,4023600.0,4023600.0,False,status_active,spotrac,109140000
p.j. washington,2021,4215120.0,3.0,4215120.0,4215120.0,4215120.0,1.0,,,4215120.0,,0.0,Active / Club Exercised,1.0,,4215120.0,4215120.0,False,status_active,spotrac,112414000
p.j. washington,2022,5808435.0,1.0,5808435.0,5808435.0,5808435.0,1.0,,,5808435.0,,0.0,Active / Club Exercised,1.0,,5808435.0,5808435.0,False,status_active,spotrac,123655000
p.j. washington,2023,16847826.0,3.0,16847826.0,6390555.0,6390555.0,2.0,16847826.0,10457271,6390555.0,10457271.0,0.0,Active;Retained,1.0,16847826.0,16847826.0,16847826.0,True,spotrac_cap_hit,spotrac,136021000
p.j. washington,2024,15500000.0,3.0,15500000.0,15500000.0,15500000.0,1.0,,51497,15500000.0,,51497.0,Active;NBA Cup,1.0,15500000.0,15500000.0,15500000.0,False,spotrac_cap_hit,spotrac,140588000
caleb martin,2019,842166.0,1.0,842166.0,842166.0,842166.0,1.0,,,,,,,,,898310.4,898310.4,True,vet_min,spotrac,109140000
caleb martin,2020,1517981.0,1.0,1517981.0,1517981.0,1517981.0,1.0,,,,,,,,,1517981.0,1517981.0,False,single,spotrac,109140000
caleb martin,2022,6479000.0,2.0,6479000.0,6479000.0,6479000.0,1.0,,,,,,,,,6479000.0,6479000.0,True,single,spotrac,123655000
caleb martin,2023,6802950.0,2.0,6802950.0,6802950.0,6802950.0,1.0,,,,,,,,,6802950.0,6802950.0,False,single,spotrac,136021000
caleb martin,2024,9186594.0,4.0,9186594.0,3184667.0,3184667.0,2.0,8149001.0,4964334,,,,,,9186594.0,9186594.0,9186594.0,True,spotrac_cap_hit,spotrac,140588000
naji marshall,2021,1517981.0,1.0,1517981.0,1517981.0,1517981.0,1.0,,,1517981.0,,0.0,Active,1.0,,1517981.0,1517981.0,False,status_active,spotrac,112414000
naji marshall,2022,1782621.0,2.0,1782621.0,1782621.0,1782621.0,1.0,,,1782621.0,,0.0,Active,1.0,,1782621.0,1782621.0,False,vet_min,spotrac,123655000
naji marshall,2023,1930681.0,2.0,1930681.0,1930681.0,1930681.0,1.0,,100000,1930681.0,,100000.0,Active / Club Exercised;NBA Cup,1.0,,1930681.0,1930681.0,False,status_active,spotrac,136021000
naji marshall,2024,8571429.0,3.0,8571429.0,8571429.0,8571429.0,1.0,,51497,8571429.0,,51497.0,Active;NBA Cup,1.0,8571429.0,8571429.0,8571429.0,True,spotrac_cap_hit,spotrac,140588000
max christie,2022,1017781.0,1.0,1017781.0,1017781.0,1017781.0,1.0,,,,,,,,,1017781.0,1017781.0,True,single,spotrac,123655000
max christie,2023,1719864.0,1.0,1719864.0,1719864.0,1719864.0,1.0,,500000,,,,,,,1719864.0,1719864.0,False,single,spotrac,136021000
max christie,2024,7142857.0,4.0,7142857.0,2914614.0,2914614.0,2.0,7142857.0,4228243,,,,,,7142857.0,7142857.0,7142857.0,True,spotrac_cap_hit,spotrac,140588000
dereck lively ii,2023,4775640.0,3.0,4775640.0,4775640.0,4775640.0,1.0,,,,,,,,4775640.0,4775640.0,4775640.0,True,spotrac_cap_hit,spotrac,136021000
dereck lively ii,2024,5014560.0,3.0,5014560.0,5014560.0,5014560.0,1.0,,51497,,,,,,5014560.0,5014560.0,5014560.0,False,spotrac_cap_hit,spotrac,140588000
dwight powell,2019,10259375.0,4.0,10259375.0,9618164.0,9618164.0,1.0,,,,,,,,,10259374.933333334,10259374.933333334,False,single,spotrac,109140000
dwight powell,2020,11080125.0,4.0,11080125.0,11080125.0,11080125.0,1.0,,,,,,,,,11080125.0,11080125.0,True,single,spotrac,109140000
dwight powell,2021,11080125.0,4.0,11080125.0,11080125.0,11080125.0,1.0,,,,,,,,,11080125.0,11080125.0,False,single,spotrac,112414000
dwight powell,2022,11080125.0,4.0,11080125.0,11080125.0,11080125.0,1.0,,,,,,,,,11080125.0,11080125.0,False,single,spotrac,123655000
dwight powell,2023,4000000.0,3.0,4000000.0,4000000.0,4000000.0,1.0,,,,,,,,4000000.0,4000000.0,4000000.0,True,spotrac_cap_hit,spotrac,136021000
dwight powell,2024,4000000.0,3.0,4000000.0,4000000.0,4000000.0,1.0,,51497,,,,,,4000000.0,4000000.0,4000000.0,False,spotrac_cap_hit,spotrac,140588000
aj johnson,2024,2795294.0,3.0,2795294.0,1060284.0,1060284.0,2.0,3310264.0,514970;1735010,,,,,,2795294.0,2795294.0,2795294.0,True,spotrac_cap_hit,spotrac,140588000
marvin bagley iii,2019,8556120.0,2.0,8556120.0,8021363.0,8021363.0,1.0,,,8021363.0,,0.0,Active,1.0,,8556120.533333333,8556120.533333333,False,status_active,spotrac,109140000
marvin bagley iii,2020,8963640.0,2.0,8963640.0,8963640.0,8963640.0,1.0,,,8963640.0,,0.0,Active / Club Exercised,1.0,,8963640.0,8963640.0,False,status_active,spotrac,109140000
marvin bagley iii,2021,11312114.0,4.0,11312114.0,3835717.0,3835717.0,2.0,11312114.0,7476397,3835717.0,7476397.0,0.0,Active / Club Exercised;Retained,1.0,,11312114.0,11312114.0,False,status_active,spotrac,112414000
marvin bagley iii,2022,12500000.0,4.0,12500000.0,12500000.0,12500000.0,1.0,,,12500000.0,,0.0,Active,1.0,,12500000.0,12500000.0,True,status_active,spotrac,123655000
marvin bagley iii,2023,12500000.0,4.0,12500000.0,6609195.0,6609195.0,2.0,12500000.0,5890805,6609195.0,5890805.0,0.0,Active;Retained,1.0,,12500000.0,12500000.0,False,status_active,spotrac,136021000
marvin bagley iii,2024,12500000.0,4.0,12500000.0,4741379.0,4741379.0,2.0,12500000.0,7758621,4741379.0,7758621.0,0.0,Active;Retained,1.0,,12500000.0,12500000.0,False,status_active,spotrac,140588000
brandon williams,2024,47989.0,1.0,47989.0,47989.0,47989.0,1.0,,25749,47989.0,,25749.0,Active;NBA Cup,1.0,47989.0,47989.0,47989.0,True,spotrac_cap_hit,spotrac,140588000
tyus jones,2019,8400000.0,3.0,8400000.0,7821375.0,8679375.0,1.0,,,8679375.0,,0.0,Active,1.0,,8342800.0,8342800.0,True,status_active,spotrac,109140000
tyus jones,2020,7965100.0,3.0,7965100.0,7965100.0,8817143.0,1.0,,,8817143.0,,0.0,Active,1.0,,7965100.0,7965100.0,False,status_active,spotrac,109140000
tyus jones,2021,7600000.0,3.0,7600000.0,7600000.0,8376286.0,1.0,,,8376286.0,,0.0,Active,1.0,,7600000.0,7600000.0,False,status_active,spotrac,112414000
tyus jones,2022,15000000.0,2.0,15000000.0,15000000.0,15000000.0,1.0,,,15000000.0,,0.0,Active,1.0,,15000000.0,15000000.0,True,status_active,spotrac,123655000
tyus jones,2023,14000000.0,2.0,14000000.0,14000000.0,14000000.0,1.0,,,14000000.0,,0.0,Active,1.0,,14000000.0,14000000.0,False,status_active,spotrac,136021000
tyus jones,2024,2087519.0,1.0,2087519.0,3003427.0,3003427.0,1.0,,,3003427.0,,0.0,Active,1.0,,3003427.0,3003427.0,True,status_active,spotrac,140588000
javale mcgee,2019,4000000.0,2.0,4000000.0,3750000.0,3750000.0,1.0,,,3750000.0,,0.0,Active,1.0,,4000000.0,4000000.0,True,status_active,spotrac,109140000
javale mcgee,2020,4200000.0,2.0,4200000.0,2675342.0,2675342.0,2.0,4200000.0,1524658,1524658.0,2675342.0,0.0,Retained;Active / Player Exercised,1.0,,4200000.0,4200000.0,False,status_active,spotrac,109140000
javale mcgee,2021,5000000.0,2.0,5000000.0,5000000.0,5000000.0,1.0,,,5000000.0,,0.0,Active,1.0,,5000000.0,5000000.0,True,status_active,spotrac,112414000
javale mcgee,2022,5461219.0,2.0,5461219.0,5461219.0,5461219.0,1.0,,,5461219.0,,0.0,Active,1.0,,5461219.0,5461219.0,True,status_active,spotrac,123655000
javale mcgee,2023,2348324.0,5.0,2348324.0,2348324.0,2348324.0,2.0,5594772.0,3196448;50000,3196448.0,2348324.0,50000.0,Retained;Active;NBA Cup,1.0,,2019706.0,3196448.0,True,vet_min,spotrac,136021000
javale mcgee,2024,2208856.0,5.0,2208856.0,2208856.0,2208856.0,1.0,,,,2208856.0,0.0,Retained,0.0,,,,False,retained_only,spotrac,140588000
olivier-maxence prosper,2023,2733720.0,2.0,2733720.0,2733720.0,2733720.0,1.0,,,,,,,,,2733720.0,2733720.0,True,single,spotrac,136021000
olivier-maxence prosper,2024,2870400.0,2.0,2870400.0,2870400.0,2870400.0,1.0,,51497,,,,,,,2870400.0,2870400.0,False,single,spotrac,140588000
jeremiah robinson-earl,2021,2000000.0,3.0,2000000.0,2000000.0,2000000.0,1.0,,,2000000.0,,0.0,Active,1.0,,2000000.0,2000000.0,True,status_active,spotrac,112414000
jeremiah robinson-earl,2022,2000000.0,3.0,2000000.0,2000000.0,2000000.0,1.0,,,2000000.0,,0.0,Active,1.0,,2000000.0,2000000.0,False,status_active,spotrac,123655000
jeremiah robinson-earl,2023,1900000.0,3.0,1900000.0,648843.0,648843.0,2.0,2648843.0,100000;1900000,648843.0,1900000.0,100000.0,Active;NBA Cup;Retained,1.0,,1900000.0,2548843.0,True,signing_contract,spotrac,136021000
jeremiah robinson-earl,2024,2196970.0,1.0,2196970.0,2196970.0,2196970.0,1.0,,,2196970.0,,0.0,Active / Club Exercised,1.0,,2196970.0,2196970.0,False,status_active,spotrac,140588000
cade cunningham,2021,10050120.0,3.0,10050120.0,10050120.0,10050120.0,1.0,,,10050120.0,,0.0,Active,1.0,,10050120.0,10050120.0,True,status_active,spotrac,112414000
cade cunningham,2022,10552800.0,3.0,10552800.0,10552800.0,10552800.0,1.0,,,10552800.0,,0.0,Active,1.0,,10552800.0,10552800.0,False,status_active,spotrac,123655000
cade cunningham,2023,11055360.0,3.0,11055360.0,11055360.0,11055360.0,1.0,,,11055360.0,,0.0,Active / Club Exercised,1.0,,11055360.0,11055360.0,False,status_active,spotrac,136021000
cade cunningham,2024,13940809.0,1.0,13940809.0,13940809.0,13940809.0,1.0,,,13940809.0,,0.0,Active / Club Exercised,1.0,,13940809.0,13940809.0,False,status_active,spotrac,140588000
tobias harris,2019,32742000.0,5.0,32742000.0,30695625.0,30695625.0,1.0,,,30695625.0,,0.0,Active,1.0,,32742000.0,32742000.0,True,status_active,spotrac,109140000
tobias harris,2020,34358850.0,5.0,34358850.0,34358850.0,34358850.0,1.0,,,34358850.0,,0.0,Active,1.0,,34358850.0,34358850.0,False,status_active,spotrac,109140000
tobias harris,2021,35995950.0,5.0,35995950.0,35995950.0,35995950.0,1.0,,,35995950.0,,0.0,Active,1.0,,35995950.0,35995950.0,False,status_active,spotrac,112414000
tobias harris,2022,37633050.0,5.0,37633050.0,37633050.0,37633050.0,1.0,,,37633050.0,,0.0,Active,1.0,,37633050.0,37633050.0,False,status_active,spotrac,123655000
tobias harris,2023,39270150.0,5.0,39270150.0,39270150.0,39270150.0,1.0,,,39270150.0,,0.0,Active,1.0,,39270150.0,39270150.0,False,status_active,spotrac,136021000
tobias harris,2024,25365854.0,2.0,25365854.0,25365854.0,25365854.0,1.0,,,25365854.0,,0.0,Active,1.0,,25365854.0,25365854.0,True,status_active,spotrac,140588000
kevin huerter,2019,2636280.0,2.0,2636280.0,2471513.0,2471513.0,1.0,,,,,,,,,2636280.533333333,2636280.533333333,False,single,spotrac,109140000
kevin huerter,2020,2761920.0,2.0,2761920.0,2761920.0,2761920.0,1.0,,,,,,,,,2761920.0,2761920.0,False,single,spotrac,109140000
kevin huerter,2021,4253357.0,1.0,4253357.0,4253357.0,4253357.0,1.0,,,,,,,,,4253357.0,4253357.0,False,single,spotrac,112414000
kevin huerter,2022,14508929.0,4.0,14508929.0,14508929.0,14508929.0,1.0,,,,,,,,,14508929.0,14508929.0,True,single,spotrac,123655000
kevin huerter,2023,15669643.0,4.0,15669643.0,15669643.0,15669643.0,1.0,,50000,,,,,,,15669643.0,15669643.0,False,single,spotrac,136021000
kevin huerter,2024,16830357.0,4.0,16830357.0,6770833.0,6770833.0,2.0,16830357.0,10059524,,,,,,,16830357.0,16830357.0,False,split,spotrac,140588000
duncan robinson,2019,1416852.0,1.0,1416852.0,1328299.0,1328299.0,1.0,,,1328299.0,,0.0,Active,1.0,,1416852.2666666666,1416852.2666666666,False,status_active,spotrac,109140000
duncan robinson,2020,1663861.0,1.0,1663861.0,1663861.0,1663861.0,1.0,,,1663861.0,,0.0,Active,1.0,,1663861.0,1663861.0,False,status_active,spotrac,109140000
duncan robinson,2021,15560000.0,4.0,15560000.0,15650000.0,15650000.0,1.0,,,15650000.0,,0.0,Active,1.0,,15650000.0,15650000.0,True,status_active,spotrac,112414000
duncan robinson,2022,16902000.0,4.0,16902000.0,16902000.0,16902000.0,1.0,,,16902000.0,,0.0,Active,1.0,,16902000.0,16902000.0,False,status_active,spotrac,123655000
duncan robinson,2023,18154000.0,4.0,18154000.0,18154000.0,18154000.0,1.0,,,18154000.0,,0.0,Active,1.0,,18154000.0,18154000.0,False,status_active,spotrac,136021000
duncan robinson,2024,19406000.0,4.0,19406000.0,19406000.0,19406000.0,1.0,,,19406000.0,,0.0,Active,1.0,,19406000.0,19406000.0,False,status_active,spotrac,140588000
isaiah stewart,2020,3121080.0,3.0,3121080.0,3121080.0,3121080.0,1.0,,,,,,,,,3121080.0,3121080.0,True,single,spotrac,109140000
isaiah stewart,2021,3277080.0,3.0,3277080.0,3277080.0,3277080.0,1.0,,,,,,,,,3277080.0,3277080.0,False,single,spotrac,112414000
isaiah stewart,2022,3433320.0,3.0,3433320.0,3433320.0,3433320.0,1.0,,,,,,,,,3433320.0,3433320.0,False,single,spotrac,123655000
isaiah stewart,2023,5266713.0,1.0,5266713.0,5266713.0,5266713.0,1.0,,,,,,,,,5266713.0,5266713.0,False,single,spotrac,136021000
isaiah stewart,2024,15000000.0,4.0,15000000.0,15000000.0,15000000.0,1.0,,,,,,,,15000000.0,15000000.0,15000000.0,True,spotrac_cap_hit,spotrac,140588000
caris levert,2019,2625718.0,1.0,2625718.0,2461611.0,2461611.0,1.0,,,2461611.0,,0.0,Active,1.0,,2625718.4,2625718.4,False,status_active,spotrac,109140000
caris levert,2020,16203704.0,3.0,16203704.0,13429097.0,13429097.0,2.0,16203704.0,2774607,13429097.0,2774607.0,0.0,Active;Retained,1.0,,16203704.0,16203704.0,True,signing_contract,spotrac,109140000
caris levert,2021,17500000.0,3.0,17500000.0,6336207.0,6336207.0,2.0,17500000.0,11163793,6336207.0,11163793.0,0.0,Active;Retained,1.0,,17500000.0,17500000.0,False,status_active,spotrac,112414000
caris levert,2022,18796296.0,3.0,18796296.0,18796296.0,18796296.0,1.0,,,18796296.0,,0.0,Active,1.0,,18796296.0,18796296.0,False,status_active,spotrac,123655000
caris levert,2023,15384616.0,2.0,15384616.0,15384616.0,15384616.0,1.0,,,15384616.0,,0.0,Active,1.0,,15384616.0,15384616.0,True,status_active,spotrac,136021000
caris levert,2024,16615384.0,2.0,16615384.0,6302387.0,6302387.0,2.0,16615384.0,10312997,6302387.0,10312997.0,0.0,Active;Retained,1.0,,16615384.0,16615384.0,False,status_active,spotrac,140588000
ausar thompson,2023,7977480.0,3.0,7977480.0,7977480.0,7977480.0,1.0,,,,,,,,7977480.0,7977480.0,7977480.0,True,spotrac_cap_hit,spotrac,136021000
ausar thompson,2024,8376000.0,3.0,8376000.0,8376000.0,8376000.0,1.0,,,,,,,,8376000.0,8376000.0,8376000.0,False,spotrac_cap_hit,spotrac,140588000
ron holland,2024,8245320.0,3.0,8245320.0,,,,,,,,,,,,8245320.0,,False,fallback_bbref,bbref,140588000
jalen duren,2022,4124280.0,3.0,4124280.0,4124280.0,4124280.0,1.0,,,,,,,,4124280.0,4124280.0,4124280.0,True,spotrac_cap_hit,spotrac,123655000
jalen duren,2023,4330680.0,3.0,4330680.0,4330680.0,4330680.0,1.0,,,,,,,,4330680.0,4330680.0,4330680.0,False,spotrac_cap_hit,spotrac,136021000
jalen duren,2024,4536840.0,3.0,4536840.0,4536840.0,4536840.0,1.0,,,,,,,,4536840.0,4536840.0,4536840.0,False,spotrac_cap_hit,spotrac,140588000
paul reed,2021,1517981.0,1.0,1517981.0,1517981.0,1517981.0,1.0,,,1517981.0,,0.0,Active,1.0,,1517981.0,1517981.0,False,status_active,spotrac,112414000
paul reed,2022,1782621.0,1.0,1782621.0,1782621.0,1782621.0,1.0,,,1782621.0,,0.0,Active,1.0,,1782621.0,1782621.0,False,vet_min,spotrac,123655000
paul reed,2023,7723000.0,1.0,7723000.0,7723000.0,7723000.0,1.0,,,7723000.0,,0.0,Active,1.0,,7723000.0,7723000.0,True,status_active,spotrac,136021000
paul reed,2024,2485563.0,1.0,2485563.0,2485563.0,2485563.0,1.0,,1530375,1530375.0,2485563.0,0.0,Retained;Active,1.0,,1530375.0,1530375.0,True,signing_contract,spotrac,140588000
marcus sasser,2023,2624040.0,3.0,2624040.0,2624040.0,2624040.0,1.0,,,,,,,,2624040.0,2624040.0,2624040.0,True,spotrac_cap_hit,spotrac,136021000
marcus sasser,2024,2755080.0,3.0,2755080.0,2755080.0,2755080.0,1.0,,,,,,,,2755080.0,2755080.0,2755080.0,False,spotrac_cap_hit,spotrac,140588000
javonte green,2019,898310.0,1.0,898310.0,842166.0,842166.0,1.0,,,842166.0,,0.0,Active,1.0,,898310.4,898310.4,True,vet_min,spotrac,109140000
javonte green,2020,1517981.0,3.0,1517981.0,551048.0,551048.0,2.0,1517981.0,966933,551048.0,966933.0,0.0,Active;Retained,1.0,,1517981.0,1517981.0,False,status_active,spotrac,109140000
javonte green,2021,1669178.0,3.0,1669178.0,1669178.0,1669178.0,1.0,,,1669178.0,,0.0,Active,1.0,,1669178.0,1669178.0,True,vet_min,spotrac,112414000
javonte green,2022,1815677.0,3.0,1815677.0,1815677.0,1815677.0,1.0,,,1815677.0,,0.0,Active,1.0,,1815677.0,1815677.0,False,status_active,spotrac,123655000
javonte green,2023,127683.0,1.0,127683.0,136868.0,136868.0,1.0,,124425,136868.0,124425.0,0.0,Active;Retained,1.0,,136868.0,136868.0,True,signing_contract,spotrac,136021000
javonte green,2024,1728488.0,1.0,1728488.0,2008213.0,2008213.0,2.0,2705168.0,696955,696955.0,2008213.0,0.0,Buyout;Active,1.0,,696955.0,696955.0,True,signing_contract,spotrac,140588000
isaac jones,2024,152957.0,1.0,152957.0,152957.0,152957.0,1.0,,,152957.0,,0.0,Active,1.0,,152957.0,152957.0,True,status_active,spotrac,140588000
dario saric,2019,3481986.0,1.0,3481986.0,,,,,,,,,,,,3481986.0,,False,fallback_bbref,bbref,109140000
dario saric,2020,9250000.0,3.0,9250000.0,,,,,,,,,,,,9250000.0,,False,fallback_bbref,bbref,109140000
dario saric,2021,8510000.0,3.0,8510000.0,,,,,,,,,,,,8510000.0,,False,fallback_bbref,bbref,112414000
dario saric,2022,9240000.0,3.0,9240000.0,,,,,,,,,,,,9240000.0,,False,fallback_bbref,bbref,123655000
dario saric,2023,2019706.0,1.0,2019706.0,,,,,,,,,,,,2019706.0,,False,fallback_bbref,bbref,136021000
dario saric,2024,5168000.0,2.0,5168000.0,,,,,,,,,,,,5168000.0,,False,fallback_bbref,bbref,140588000
bobi klintman,2024,1257153.0,1.0,1257153.0,1257153.0,1257153.0,1.0,,,1257153.0,,0.0,Active,1.0,,1257153.0,1257153.0,True,status_active,spotrac,140588000
stephen curry,2019,40231758.0,8.0,40231758.0,40231758.0,40231758.0,1.0,,,40231758.0,,0.0,Active,1.0,,42913875.2,42913875.2,False,status_active,spotrac,109140000
stephen curry,2020,43006362.0,8.0,43006362.0,40491877.0,40491877.0,1.0,,,40491877.0,,0.0,Active,1.0,,40491877.0,40491877.0,False,status_active,spotrac,109140000
stephen curry,2021,45780966.0,8.0,45780966.0,45780966.0,45780966.0,1.0,,,45780966.0,,0.0,Active,1.0,,45780966.0,45780966.0,False,status_active,spotrac,112414000
stephen curry,2022,48070014.0,8.0,48070014.0,48070014.0,48070014.0,1.0,,,48070014.0,,0.0,Active,1.0,48070014.0,48070014.0,48070014.0,True,spotrac_cap_hit,spotrac,123655000
stephen curry,2023,51915615.0,8.0,51915615.0,51915615.0,51915615.0,1.0,,,51915615.0,,0.0,Active,1.0,51915615.0,51915615.0,51915615.0,False,spotrac_cap_hit,spotrac,136021000
stephen curry,2024,55761216.0,8.0,55761216.0,55761216.0,55761216.0,1.0,,51497,55761216.0,,51497.0,Active;NBA Cup,1.0,55761216.0,55761216.0,55761216.0,False,spotrac_cap_hit,spotrac,140588000
jimmy butler,2019,32742000.0,4.0,32742000.0,30695625.0,30695625.0,1.0,,,30695625.0,,0.0,Active,1.0,,32742000.0,32742000.0,True,status_active,spotrac,109140000
jimmy butler,2020,34379100.0,4.0,34379100.0,34379100.0,34379100.0,1.0,,,34379100.0,,0.0,Active,1.0,,34379100.0,34379100.0,False,status_active,spotrac,109140000
jimmy butler,2021,36016200.0,4.0,36016200.0,36016200.0,36016200.0,1.0,,,36016200.0,,0.0,Active,1.0,,36016200.0,36016200.0,False,status_active,spotrac,112414000
jimmy butler,2022,37653300.0,4.0,37653300.0,37653300.0,37653300.0,1.0,,,37653300.0,,0.0,Active / Player Exercised,1.0,,37653300.0,37653300.0,False,status_active,spotrac,123655000
jimmy butler,2023,45183960.0,4.0,45183960.0,45183960.0,45183960.0,1.0,,,45183960.0,,0.0,Active,1.0,,45183960.0,45183960.0,True,status_active,spotrac,136021000
jimmy butler,2024,48798677.0,4.0,48798677.0,18509843.0,18509843.0,2.0,48798677.0,30288834,18509843.0,30288834.0,0.0,Active;Retained,1.0,,48798677.0,48798677.0,False,status_active,spotrac,140588000
kristaps porzingis,2019,27285000.0,5.0,27285000.0,,,,,,,,,,,,27285000.0,,False,fallback_bbref,bbref,109140000
kristaps porzingis,2020,29467800.0,5.0,29467800.0,,,,,,,,,,,,29467800.0,,False,fallback_bbref,bbref,109140000
kristaps porzingis,2021,31650600.0,5.0,31650600.0,,,,,,,,,,,,31650600.0,,False,fallback_bbref,bbref,112414000
kristaps porzingis,2022,33833400.0,5.0,33833400.0,,,,,,,,,,,,33833400.0,,False,fallback_bbref,bbref,123655000
kristaps porzingis,2023,36016200.0,5.0,36016200.0,,,,,,,,,,,,36016200.0,,False,fallback_bbref,bbref,136021000
kristaps porzingis,2024,29268293.0,2.0,29268293.0,,,,,,,,,,,,29268293.0,,False,fallback_bbref,bbref,140588000
draymond green,2019,18539130.0,1.0,18539130.0,17380434.0,17380434.0,1.0,,,17380434.0,,0.0,Active,1.0,,18539129.6,18539129.6,False,status_active,spotrac,109140000
draymond green,2020,22246956.0,3.0,22246956.0,22246956.0,22246956.0,1.0,,,22246956.0,,0.0,Active,1.0,,22246956.0,22246956.0,True,status_active,spotrac,109140000
draymond green,2021,24026712.0,3.0,24026712.0,24026712.0,24026712.0,1.0,,,24026712.0,,0.0,Active,1.0,,24026712.0,24026712.0,False,status_active,spotrac,112414000
draymond green,2022,25806468.0,3.0,25806468.0,25806469.0,25806469.0,1.0,,,25806469.0,,0.0,Active,1.0,,25806469.0,25806469.0,False,status_active,spotrac,123655000
draymond green,2023,22321429.0,4.0,22321429.0,22321429.0,22321429.0,1.0,,,22321429.0,,0.0,Active,1.0,,22321429.0,22321429.0,True,status_active,spotrac,136021000
draymond green,2024,24107143.0,4.0,24107143.0,24107143.0,24107143.0,1.0,,51497,24107143.0,,51497.0,Active;NBA Cup,1.0,,24107143.0,24107143.0,False,status_active,spotrac,140588000
moses moody,2021,3562080.0,3.0,3562080.0,3562200.0,3562200.0,1.0,,,3562200.0,,0.0,Active,1.0,,3562200.0,3562200.0,True,status_active,spotrac,112414000
moses moody,2022,3740160.0,3.0,3740160.0,3740160.0,3740160.0,1.0,,,3740160.0,,0.0,Active,1.0,,3740160.0,3740160.0,False,status_active,spotrac,123655000
moses moody,2023,3918480.0,3.0,3918480.0,3918480.0,3918480.0,1.0,,,3918480.0,,0.0,Active / Club Exercised,1.0,,3918480.0,3918480.0,False,status_active,spotrac,136021000
moses moody,2024,5803269.0,1.0,5803269.0,5803269.0,5803269.0,1.0,,51497,5803269.0,,51497.0,Active / Club Exercised;NBA Cup,1.0,,5803269.0,5803269.0,False,status_active,spotrac,140588000
al horford,2019,28000000.0,4.0,28000000.0,26250000.0,26250000.0,1.0,,,,,,,,,28000000.0,28000000.0,True,single,spotrac,109140000
al horford,2020,27500000.0,4.0,27500000.0,27500000.0,27500000.0,1.0,,,,,,,,,27500000.0,27500000.0,False,single,spotrac,109140000
al horford,2021,27000000.0,4.0,27000000.0,27000000.0,27000000.0,1.0,,,,,,,,,27000000.0,27000000.0,False,single,spotrac,112414000
al horford,2022,26500000.0,4.0,26500000.0,26500000.0,26500000.0,1.0,,,,,,,,,26500000.0,26500000.0,False,single,spotrac,123655000
al horford,2023,10000000.0,2.0,10000000.0,10000000.0,10000000.0,1.0,,50000,,,,,,,10000000.0,10000000.0,True,signing_contract,spotrac,136021000
al horford,2024,9500000.0,2.0,9500000.0,9500000.0,9500000.0,1.0,,,,,,,,,9500000.0,9500000.0,False,single,spotrac,140588000
brandin podziemski,2023,3352440.0,3.0,3352440.0,3352440.0,3352440.0,1.0,,,,,,,,3352440.0,3352440.0,3352440.0,True,spotrac_cap_hit,spotrac,136021000
brandin podziemski,2024,3519960.0,3.0,3519960.0,3519960.0,3519960.0,1.0,,51497,,,,,,3519960.0,3519960.0,3519960.0,False,spotrac_cap_hit,spotrac,140588000
de'anthony melton,2019,1416852.0,1.0,1416852.0,1328299.0,1328299.0,1.0,,,,,,,,,1416852.2666666666,1416852.2666666666,False,single,spotrac,109140000
de'anthony melton,2020,9571712.0,4.0,9571712.0,9571712.0,9571712.0,1.0,,,,,,,,,9571712.0,9571712.0,True,single,spotrac,109140000
de'anthony melton,2021,8805976.0,4.0,8805976.0,8805976.0,8805976.0,1.0,,,,,,,,,8805976.0,8805976.0,False,single,spotrac,112414000
de'anthony melton,2022,8250000.0,4.0,8250000.0,8250000.0,8250000.0,1.0,,,,,,,,,8250000.0,8250000.0,False,single,spotrac,123655000
de'anthony melton,2023,8000000.0,4.0,8000000.0,8000000.0,8000000.0,1.0,,,,,,,,,8000000.0,8000000.0,False,single,spotrac,136021000
de'anthony melton,2024,12822000.0,1.0,12822000.0,8769069.0,8769069.0,2.0,12873497.0,4052931;51497,,,,,,,12822000.0,12873497.0,True,signing_contract,spotrac,140588000
gary payton ii,2019,1090781.0,1.0,1090781.0,1090781.0,1090781.0,1.0,,,1090781.0,,0.0,Active,1.0,,1163499.7333333334,1163499.7333333334,True,status_active,spotrac,109140000
gary payton ii,2020,233894.0,1.0,233894.0,118983.0,118983.0,1.0,,118983;11898,11898.0,237966.0,0.0,Retained;Retained;Active,1.0,,11898.0,11898.0,True,status_active,spotrac,109140000
gary payton ii,2021,1939350.0,1.0,1669178.0,1939350.0,1939350.0,1.0,,,1939350.0,,0.0,Active,1.0,,1939350.0,1939350.0,True,status_active,spotrac,112414000
gary payton ii,2022,8300000.0,3.0,8300000.0,2814368.0,2814368.0,2.0,8300000.0,5485632,2814368.0,5485632.0,0.0,Active;Retained,1.0,,8300000.0,2814368.0,True,salary_override,curated,123655000
gary payton ii,2023,8715000.0,3.0,8715000.0,8715000.0,8715000.0,1.0,,,8715000.0,,0.0,Active,1.0,,8715000.0,8715000.0,False,status_active,spotrac,136021000
gary payton ii,2024,9130000.0,3.0,9130000.0,9130000.0,9130000.0,1.0,,51497,9130000.0,,51497.0,Active / Player Exercised;NBA Cup,1.0,,9130000.0,9130000.0,False,status_active,spotrac,140588000
gui santos,2023,1029483.0,1.0,1029483.0,1029483.0,1029483.0,1.0,,,,,,,,,1029483.0,1029483.0,True,single,spotrac,136021000
gui santos,2024,1891857.0,1.0,1891857.0,1891857.0,1891857.0,1.0,,51497,,,,,,,1891857.0,1891857.0,False,single,spotrac,140588000
quinten post,2024,438920.0,1.0,438920.0,438920.0,438920.0,1.0,,25749,,,,,,,438920.0,438920.0,True,single,spotrac,140588000
seth curry,2019,7461380.0,4.0,7461380.0,6995044.0,6995044.0,1.0,,,6995044.0,,0.0,Active,1.0,,7461380.266666667,7461380.266666667,True,status_active,spotrac,109140000
seth curry,2020,7834449.0,4.0,7834449.0,7834449.0,7834449.0,1.0,,,7834449.0,,0.0,Active,1.0,,7834449.0,7834449.0,False,status_active,spotrac,109140000
seth curry,2021,8207518.0,4.0,8207518.0,2783009.0,2783009.0,2.0,8207518.0,5424509,2783009.0,5424509.0,0.0,Active;Retained,1.0,,8207518.0,8207518.0,False,status_active,spotrac,112414000
seth curry,2022,8496653.0,4.0,8496653.0,8496653.0,8496653.0,1.0,,,8496653.0,,0.0,Active,1.0,,8496653.0,8496653.0,False,status_active,spotrac,123655000
seth curry,2023,4000000.0,1.0,4000000.0,1517241.0,1517241.0,2.0,4000000.0,2482759,1517241.0,2482759.0,0.0,Active;Retained,1.0,,4000000.0,4000000.0,True,signing_contract,spotrac,136021000
seth curry,2024,2087519.0,1.0,2087519.0,3303771.0,3303771.0,1.0,,,3303771.0,,0.0,Active,1.0,,2087519.0,2087519.0,True,vet_min,spotrac,140588000
pat spencer,2024,438810.0,1.0,438810.0,438810.0,438810.0,1.0,,25749,438810.0,,25749.0,Active;NBA Cup,1.0,,438810.0,438810.0,True,status_active,spotrac,140588000
tyrese haliburton,2020,3831840.0,3.0,3831840.0,3831840.0,3831840.0,1.0,,,3831840.0,,0.0,Active,1.0,,3831840.0,3831840.0,True,status_active,spotrac,109140000
tyrese haliburton,2021,4023600.0,3.0,4023600.0,1410572.0,1410572.0,2.0,4023600.0,2613028,1410572.0,2613028.0,0.0,Active;Retained,1.0,,4023600.0,4023600.0,False,status_active,spotrac,112414000
tyrese haliburton,2022,4215120.0,3.0,4215120.0,4215120.0,4215120.0,1.0,,,4215120.0,,0.0,Active / Club Exercised,1.0,,4215120.0,4215120.0,False,status_active,spotrac,123655000
tyrese haliburton,2023,5808435.0,1.0,5808435.0,5808435.0,5808435.0,1.0,,200000,5808435.0,,200000.0,Active / Club Exercised;NBA Cup,1.0,,5808435.0,5808435.0,False,status_active,spotrac,136021000
tyrese haliburton,2024,42176400.0,5.0,42176400.0,42176400.0,42176400.0,1.0,,,42176400.0,,0.0,Active,1.0,42176400.0,42176400.0,42176400.0,True,spotrac_cap_hit,spotrac,140588000
pascal siakam,2019,2351839.0,1.0,2351839.0,2204849.0,2204849.0,1.0,,,2204849.0,,0.0,Active,1.0,,2351838.933333333,2351838.933333333,False,status_active,spotrac,109140000
pascal siakam,2020,30559200.0,8.0,30559200.0,30559200.0,30559200.0,1.0,,,30559200.0,,0.0,Active,1.0,,30559200.0,30559200.0,True,status_active,spotrac,109140000
pascal siakam,2021,33003936.0,8.0,33003936.0,33003936.0,33003936.0,1.0,,,33003936.0,,0.0,Active,1.0,,33003936.0,33003936.0,False,status_active,spotrac,112414000
pascal siakam,2022,35448672.0,8.0,35448672.0,35448672.0,35448672.0,1.0,,,35448672.0,,0.0,Active,1.0,,35448672.0,35448672.0,False,status_active,spotrac,123655000
pascal siakam,2023,37893408.0,8.0,37893408.0,19382260.0,19382260.0,2.0,37893408.0,18511148,19382260.0,18511148.0,0.0,Active;Retained,1.0,,37893408.0,37893408.0,False,status_active,spotrac,136021000
pascal siakam,2024,42176400.0,8.0,42176400.0,42176400.0,42176400.0,1.0,,,42176400.0,,0.0,Active,1.0,42176400.0,42176400.0,42176400.0,True,spotrac_cap_hit,spotrac,140588000
ivica zubac,2019,6481482.0,3.0,6481482.0,6076389.0,6076389.0,1.0,,,6076389.0,,0.0,Active,1.0,,6481481.6,6481481.6,True,status_active,spotrac,109140000
ivica zubac,2020,7000000.0,3.0,7000000.0,7000000.0,7000000.0,1.0,,,7000000.0,,0.0,Active,1.0,,7000000.0,7000000.0,False,status_active,spotrac,109140000
ivica zubac,2021,7518518.0,3.0,7518518.0,7518518.0,7518518.0,1.0,,,7518518.0,,0.0,Active,1.0,,7518518.0,7518518.0,False,status_active,spotrac,112414000
ivica zubac,2022,10123457.0,3.0,10123457.0,10123457.0,10123457.0,1.0,,,10123457.0,,0.0,Active,1.0,,10123457.0,10123457.0,True,status_active,spotrac,123655000
ivica zubac,2023,10933333.0,3.0,10933333.0,10933333.0,10933333.0,1.0,,,10933333.0,,0.0,Active,1.0,,10933333.0,10933333.0,False,status_active,spotrac,136021000
ivica zubac,2024,11743210.0,3.0,11743210.0,11743210.0,11743210.0,1.0,,,11743210.0,,0.0,Active,1.0,,11743210.0,11743210.0,False,status_active,spotrac,140588000
andrew nembhard,2022,2244111.0,3.0,2244111.0,2244111.0,2244111.0,1.0,,,,,,,,2244111.0,2244111.0,2244111.0,True,spotrac_cap_hit,spotrac,123655000
andrew nembhard,2023,2131905.0,3.0,2131905.0,2131905.0,2131905.0,1.0,,200000,,,,,,2131905.0,2131905.0,2131905.0,False,spotrac_cap_hit,spotrac,136021000
andrew nembhard,2024,2019699.0,3.0,2019699.0,2019699.0,2019699.0,1.0,,,,,,,,2019699.0,2019699.0,2019699.0,False,spotrac_cap_hit,spotrac,140588000
obi toppin,2020,4862040.0,3.0,4862040.0,4862040.0,4862040.0,1.0,,,4862040.0,,0.0,Active,1.0,,4862040.0,4862040.0,True,status_active,spotrac,109140000
obi toppin,2021,5105160.0,3.0,5105160.0,5105160.0,5105160.0,1.0,,,5105160.0,,0.0,Active,1.0,,5105160.0,5105160.0,False,status_active,spotrac,112414000
obi toppin,2022,5348280.0,3.0,5348280.0,5348280.0,5348280.0,1.0,,,5348280.0,,0.0,Active / Club Exercised,1.0,,5348280.0,5348280.0,False,status_active,spotrac,123655000
obi toppin,2023,6803012.0,1.0,6803012.0,6803012.0,6803012.0,1.0,,200000,6803012.0,,200000.0,Active / Club Exercised;NBA Cup,1.0,,6803012.0,6803012.0,False,status_active,spotrac,136021000
obi toppin,2024,12975000.0,4.0,12975000.0,12975000.0,12975000.0,1.0,,,12975000.0,,0.0,Active,1.0,12975000.0,12975000.0,12975000.0,True,spotrac_cap_hit,spotrac,140588000
aaron nesmith,2020,3458400.0,3.0,3458400.0,3458400.0,3458400.0,1.0,,,3458400.0,,0.0,Active,1.0,,3458400.0,3458400.0,True,status_active,spotrac,109140000
aaron nesmith,2021,3631200.0,3.0,3631200.0,3631200.0,3631200.0,1.0,,,3631200.0,,0.0,Active,1.0,,3631200.0,3631200.0,False,status_active,spotrac,112414000
aaron nesmith,2022,3804360.0,3.0,3804360.0,3804360.0,3804360.0,1.0,,,3804360.0,,0.0,Active / Club Exercised,1.0,,3804360.0,3804360.0,False,status_active,spotrac,123655000
aaron nesmith,2023,5634257.0,1.0,5634257.0,5634257.0,5634257.0,1.0,,200000,5634257.0,,200000.0,Active / Club Exercised;NBA Cup,1.0,,5634257.0,5634257.0,False,status_active,spotrac,136021000
aaron nesmith,2024,11000000.0,3.0,11000000.0,11000000.0,11000000.0,1.0,,,11000000.0,,0.0,Active,1.0,11000000.0,11000000.0,11000000.0,True,spotrac_cap_hit,spotrac,140588000
t.j. mcconnell,2019,3500000.0,2.0,3500000.0,3281250.0,3281250.0,1.0,,,,,,,,,3500000.0,3500000.0,True,single,spotrac,109140000
t.j. mcconnell,2020,3500000.0,2.0,3500000.0,3500000.0,3500000.0,1.0,,,,,,,,,3500000.0,3500000.0,False,single,spotrac,109140000
t.j. mcconnell,2021,7500000.0,8.0,7500000.0,7500000.0,7500000.0,1.0,,,,,,,,7500000.0,7500000.0,7500000.0,True,spotrac_cap_hit,spotrac,112414000
t.j. mcconnell,2022,8100000.0,8.0,8100000.0,8100000.0,8100000.0,1.0,,,,,,,,8100000.0,8100000.0,8100000.0,False,spotrac_cap_hit,spotrac,123655000
t.j. mcconnell,2023,8700000.0,8.0,8700000.0,8700000.0,8700000.0,1.0,,200000,,,,,,8700000.0,8700000.0,8700000.0,False,spotrac_cap_hit,spotrac,136021000
t.j. mcconnell,2024,9300000.0,8.0,9300000.0,9300000.0,9500000.0,1.0,,,,,,,,9500000.0,9500000.0,9500000.0,False,spotrac_cap_hit,spotrac,140588000
jarace walker,2023,6059520.0,3.0,6059520.0,6059520.0,6059520.0,1.0,,200000,,,,,,6059520.0,6059520.0,6059520.0,True,spotrac_cap_hit,spotrac,136021000
jarace walker,2024,6362520.0,3.0,6362520.0,6362520.0,6362520.0,1.0,,,,,,,,6362520.0,6362520.0,6362520.0,False,spotrac_cap_hit,spotrac,140588000
ben sheppard,2023,2537160.0,3.0,2537160.0,2537160.0,2537160.0,1.0,,200000,,,,,,2537160.0,2537160.0,2537160.0,True,spotrac_cap_hit,spotrac,136021000
ben sheppard,2024,2663880.0,3.0,2663880.0,2663880.0,2663880.0,1.0,,,,,,,,2663880.0,2663880.0,2663880.0,False,spotrac_cap_hit,spotrac,140588000
kobe brown,2023,2413320.0,3.0,2413320.0,2413320.0,2413320.0,1.0,,,2413320.0,,0.0,Active,1.0,,2413320.0,2413320.0,True,status_active,spotrac,136021000
kobe brown,2024,2533920.0,3.0,2533920.0,2533920.0,2533920.0,1.0,,,2533920.0,,0.0,Active,1.0,,2533920.0,2533920.0,False,status_active,spotrac,140588000
jay huff,2024,2088033.0,4.0,2088033.0,2088033.0,2088033.0,1.0,,,,,,,,2088033.0,2088033.0,2088033.0,True,spotrac_cap_hit,spotrac,140588000
johnny furphy,2024,1850842.0,2.0,1850842.0,1850842.0,1850842.0,1.0,,,,,,,,1850842.0,1850842.0,1850842.0,True,spotrac_cap_hit,spotrac,140588000
micah potter,2021,53176.0,1.0,53176.0,53176.0,53176.0,1.0,,,,,,,,,53176.0,53176.0,True,single,spotrac,112414000
tony bradley,2019,1962360.0,1.0,1962360.0,1839713.0,1839713.0,1.0,,,1839713.0,,0.0,Active,1.0,,1962360.5333333334,1962360.5333333334,False,status_active,spotrac,109140000
tony bradley,2020,3542060.0,1.0,3542060.0,1285816.0,1285816.0,2.0,3542060.0,2256244,1285816.0,2256244.0,0.0,Active;Retained,1.0,,3542060.0,3542060.0,False,status_active,spotrac,109140000
tony bradley,2021,1789256.0,2.0,1789256.0,1789256.0,1789256.0,1.0,,,1789256.0,,0.0,Active,1.0,,1789256.0,1789256.0,True,vet_min,spotrac,112414000
tony bradley,2022,2036318.0,2.0,2036318.0,2036318.0,2036318.0,1.0,,,,2036318.0,0.0,Retained,0.0,,,,False,retained_only,spotrac,123655000
tony bradley,2024,330394.0,1.0,330394.0,330394.0,330394.0,1.0,,150179;150179,330394.0,300358.0,0.0,Active;Retained;Retained,1.0,,2087519.0,330394.0,True,vet_min,spotrac,140588000
james wiseman,2020,8730240.0,3.0,8730240.0,8730240.0,8730240.0,1.0,,,8730240.0,,0.0,Active,1.0,,8730240.0,8730240.0,True,status_active,spotrac,109140000
james wiseman,2021,9166800.0,3.0,9166800.0,9166800.0,9166800.0,1.0,,,9166800.0,,0.0,Active,1.0,,9166800.0,9166800.0,False,status_active,spotrac,112414000
james wiseman,2022,9603360.0,3.0,9603360.0,3256312.0,3256312.0,2.0,9603360.0,6347048,3256312.0,6347048.0,0.0,Active / Club Exercised;Retained,1.0,,9603360.0,9603360.0,False,status_active,spotrac,123655000
james wiseman,2023,12119440.0,1.0,12119440.0,12119440.0,12119440.0,1.0,,,12119440.0,,0.0,Active / Club Exercised,1.0,,12119440.0,12119440.0,False,status_active,spotrac,136021000
james wiseman,2024,2237691.0,1.0,2087519.0,1388912.0,1388912.0,2.0,2237691.0,848779,,2237691.0,0.0,Retained;Retained,0.0,,2237691.0,2087519.0,True,vet_min,spotrac,140588000
garrison mathews,2022,2000000.0,4.0,2000000.0,678161.0,678161.0,2.0,2000000.0,1321839,678161.0,1321839.0,0.0,Active;Retained,1.0,,2000000.0,2000000.0,False,status_active,spotrac,123655000
garrison mathews,2023,2000000.0,4.0,2000000.0,2000000.0,2000000.0,1.0,,,2000000.0,,0.0,Active,1.0,,2000000.0,2000000.0,False,status_active,spotrac,136021000
garrison mathews,2024,2230253.0,4.0,2230253.0,2230253.0,2230253.0,1.0,,102994,2230253.0,,102994.0,Active / Club Exercised;NBA Cup,1.0,,2230253.0,2230253.0,False,status_active,spotrac,140588000
monte morris,2019,1588231.0,2.0,1588231.0,1488967.0,1488967.0,1.0,,,1488967.0,,0.0,Active,1.0,,1588231.4666666666,1588231.4666666666,False,status_active,spotrac,109140000
monte morris,2020,1723707.0,2.0,1723707.0,1723707.0,1723707.0,1.0,,,1723707.0,,0.0,Active,1.0,,1723707.0,1723707.0,False,status_active,spotrac,109140000
monte morris,2021,8849071.0,3.0,8849071.0,8849071.0,8849071.0,1.0,,,8849071.0,,0.0,Active,1.0,,8849071.0,8849071.0,True,status_active,spotrac,112414000
monte morris,2022,9125000.0,3.0,9125000.0,9125000.0,9125000.0,1.0,,,9125000.0,,0.0,Active,1.0,,9125000.0,9125000.0,False,status_active,spotrac,123655000
monte morris,2023,9800926.0,3.0,9800926.0,6027006.0,6027006.0,2.0,9800926.0,3773920,3773920.0,6027006.0,0.0,Retained;Active,1.0,,9800926.0,9800926.0,False,status_active,spotrac,136021000
monte morris,2024,2087519.0,1.0,2087519.0,2800834.0,2800834.0,1.0,,,2800834.0,,0.0,Active,1.0,,2087519.0,2087519.0,True,vet_min,spotrac,140588000
mac mcclung,2021,106352.0,1.0,106352.0,53176.0,53176.0,1.0,,53176,,106352.0,0.0,Retained;Retained,0.0,,925258.0,,True,vet_min,spotrac,112414000
lebron james,2019,37436858.0,7.0,37436858.0,37436858.0,37436858.0,1.0,,,,,,,,,39932648.53333333,39932648.53333333,False,single,spotrac,109140000
lebron james,2020,39219566.0,7.0,39219566.0,39219566.0,39219566.0,1.0,,,,,,,,,39219566.0,39219566.0,False,single,spotrac,109140000
lebron james,2021,41180544.0,7.0,41180544.0,41180544.0,41180544.0,1.0,,,,,,,,,41180544.0,41180544.0,True,single,spotrac,112414000
lebron james,2022,44474988.0,7.0,44474988.0,44474988.0,44474988.0,1.0,,,,,,,,,44474988.0,44474988.0,False,single,spotrac,123655000
lebron james,2023,47607350.0,7.0,47607350.0,47607350.0,47607350.0,1.0,,500000,,,,,,,48107350.0,47607350.0,True,signing_contract,spotrac,136021000
lebron james,2024,48728845.0,7.0,48728845.0,48728845.0,48728845.0,1.0,,,,,,,,,48728845.0,48728845.0,True,single,spotrac,140588000
luka doncic,2019,7683360.0,2.0,7683360.0,7203150.0,7203150.0,1.0,,,,,,,,,7683360.0,7683360.0,False,single,spotrac,109140000
luka doncic,2020,8049360.0,2.0,8049360.0,8049360.0,8049360.0,1.0,,,,,,,,,8049360.0,8049360.0,False,single,spotrac,109140000
luka doncic,2021,10174391.0,1.0,10174391.0,10174391.0,10174391.0,1.0,,,,,,,,,10174391.0,10174391.0,False,single,spotrac,112414000
luka doncic,2022,37096500.0,7.0,37096500.0,37096500.0,37096500.0,1.0,,,,,,,,,37096500.0,37096500.0,True,single,spotrac,123655000
luka doncic,2023,40064220.0,7.0,40064220.0,40064220.0,40064220.0,1.0,,,,,,,,,40064220.0,40064220.0,False,single,spotrac,136021000
luka doncic,2024,43031940.0,7.0,43031940.0,17559010.0,17559010.0,2.0,43083437.0,51497;25472930,,,,,,,43083437.0,43083437.0,False,split,spotrac,140588000
rui hachimura,2019,4469160.0,3.0,4469160.0,4189838.0,4189838.0,1.0,,,,,,,,,4469160.533333333,4469160.533333333,True,single,spotrac,109140000
rui hachimura,2020,4692840.0,3.0,4692840.0,4692840.0,4692840.0,1.0,,,,,,,,,4692840.0,4692840.0,False,single,spotrac,109140000
rui hachimura,2021,4916160.0,3.0,4916160.0,4916160.0,4916160.0,1.0,,,,,,,,,4916160.0,4916160.0,False,single,spotrac,112414000
rui hachimura,2022,6263188.0,1.0,6263188.0,2735645.0,2735645.0,2.0,6263188.0,3527543,,,,,,,6263188.0,6263188.0,False,split,spotrac,123655000
rui hachimura,2023,15740741.0,3.0,15740741.0,15740741.0,15740741.0,1.0,,500000,,,,,,,16240741.0,15740741.0,True,signing_contract,spotrac,136021000
rui hachimura,2024,17000000.0,3.0,17000000.0,17000000.0,17000000.0,1.0,,,,,,,,,17000000.0,17000000.0,False,single,spotrac,140588000
austin reaves,2021,925258.0,1.0,925258.0,925258.0,925258.0,1.0,,,,,,,,,925258.0,925258.0,True,vet_min,spotrac,112414000
austin reaves,2022,1563518.0,1.0,1563518.0,1563518.0,1563518.0,1.0,,,,,,,,,1563518.0,1563518.0,False,single,spotrac,123655000
austin reaves,2023,12015150.0,4.0,12015150.0,12015150.0,12015150.0,1.0,,500000,,,,,,,12515150.0,12015150.0,True,signing_contract,spotrac,136021000
austin reaves,2024,12976362.0,4.0,12976362.0,12976362.0,12976362.0,1.0,,,,,,,,,12976362.0,12976362.0,False,single,spotrac,140588000
jarred vanderbilt,2019,1416852.0,1.0,1416852.0,848510.0,848510.0,2.0,1416852.0,568342,,,,,,,1511308.8,1511308.8,False,split,spotrac,109140000
jarred vanderbilt,2020,1663861.0,1.0,1663861.0,1663861.0,1663861.0,1.0,,,,,,,,,1663861.0,1663861.0,False,single,spotrac,109140000
jarred vanderbilt,2021,4000000.0,3.0,4000000.0,4000000.0,4050000.0,1.0,,,,,,,,,4000000.0,4000000.0,True,single,spotrac,112414000
jarred vanderbilt,2022,4374000.0,3.0,4374000.0,1464828.0,1518828.0,2.0,4320000.0,2855172,,,,,,,4320000.0,4320000.0,False,split,spotrac,123655000
jarred vanderbilt,2023,4698000.0,3.0,4698000.0,4640000.0,4640000.0,1.0,,500000,,,,,,,4640000.0,4640000.0,False,single,spotrac,136021000
jarred vanderbilt,2024,10714286.0,4.0,10714286.0,10714286.0,10714286.0,1.0,,,,,,,,10714286.0,10714286.0,10714286.0,True,spotrac_cap_hit,spotrac,140588000
luke kennard,2019,3827160.0,1.0,3827160.0,3587963.0,3587963.0,1.0,,,,,,,,,3827160.533333333,3827160.533333333,False,single,spotrac,109140000
luke kennard,2020,5273826.0,1.0,5273826.0,5273826.0,5273826.0,1.0,,,,,,,,,5273826.0,5273826.0,False,single,spotrac,109140000
luke kennard,2021,12727273.0,3.0,12727273.0,12727273.0,13347727.0,1.0,,,,,,,,,12727273.0,12727273.0,True,single,spotrac,112414000
luke kennard,2022,14415545.0,3.0,14415545.0,4660815.0,4660815.0,2.0,13745455.0,9084640,,,,,,,13745455.0,13745455.0,False,split,spotrac,123655000
luke kennard,2023,14763636.0,3.0,14763636.0,14763636.0,14763636.0,1.0,,,,,,,,,14763636.0,14763636.0,False,single,spotrac,136021000
luke kennard,2024,9250000.0,1.0,9250000.0,9250000.0,9250000.0,1.0,,,,,,,,,9250000.0,9250000.0,True,single,spotrac,140588000
maxi kleber,2019,8000000.0,4.0,8000000.0,7900000.0,8075000.0,1.0,,,8075000.0,,0.0,Active,1.0,,8426666.666666666,8426666.666666666,True,status_active,spotrac,109140000
maxi kleber,2020,8325000.0,4.0,8325000.0,8150000.0,8475000.0,1.0,,,8475000.0,,0.0,Active,1.0,,8150000.0,8150000.0,False,status_active,spotrac,109140000
maxi kleber,2021,8750000.0,4.0,8750000.0,8750000.0,8750000.0,1.0,,,8750000.0,,0.0,Active,1.0,,8750000.0,8750000.0,False,status_active,spotrac,112414000
maxi kleber,2022,9000000.0,4.0,9000000.0,9000000.0,9000000.0,1.0,,,9000000.0,,0.0,Active,1.0,,9000000.0,9000000.0,False,status_active,spotrac,123655000
maxi kleber,2023,11000000.0,3.0,11000000.0,11000000.0,11000000.0,1.0,,,11000000.0,,0.0,Active,1.0,,11000000.0,11000000.0,True,status_active,spotrac,136021000
maxi kleber,2024,11000000.0,3.0,11000000.0,4488506.0,4488506.0,2.0,11051497.0,51497;6511494,4488506.0,6511494.0,51497.0,Active;NBA Cup;Retained,1.0,,11000000.0,11000000.0,False,status_active,spotrac,140588000
deandre ayton,2019,9562920.0,2.0,9562920.0,8965238.0,8965238.0,1.0,,,,,,,,,9562920.533333333,9562920.533333333,False,single,spotrac,109140000
deandre ayton,2020,10018200.0,2.0,10018200.0,10018200.0,10018200.0,1.0,,,,,,,,,10018200.0,10018200.0,False,single,spotrac,109140000
deandre ayton,2021,12632950.0,1.0,12632950.0,12632950.0,12632950.0,1.0,,,,,,,,,12632950.0,12632950.0,False,single,spotrac,112414000
deandre ayton,2022,30913750.0,3.0,30913750.0,30913750.0,30913750.0,1.0,,,,,,,,,30913750.0,30913750.0,True,single,spotrac,123655000
deandre ayton,2023,32459438.0,3.0,32459438.0,32459438.0,32459438.0,1.0,,,,,,,,,32459438.0,32459438.0,False,single,spotrac,136021000
deandre ayton,2024,34005126.0,3.0,34005126.0,34005126.0,34005126.0,1.0,,,,,,,,,34005126.0,,False,waived,bbref,140588000
jake laravia,2022,3047640.0,3.0,3047640.0,3047640.0,3047640.0,1.0,,,3047640.0,,0.0,Active,1.0,,3047640.0,3047640.0,True,status_active,spotrac,123655000
jake laravia,2023,3199920.0,3.0,3199920.0,3199920.0,3199920.0,1.0,,,3199920.0,,0.0,Active,1.0,,3199920.0,3199920.0,False,vet_min,spotrac,136021000
jake laravia,2024,3352680.0,3.0,3352680.0,2080974.0,2080974.0,2.0,3352680.0,1271706,1271706.0,2080974.0,0.0,Retained;Active / Club Exercised,1.0,,3352680.0,3352680.0,False,status_active,spotrac,140588000
marcus smart,2019,11768879.0,3.0,11768879.0,11300129.0,11768879.0,1.0,,,,,,,,,12053470.933333334,12053470.933333334,False,single,spotrac,109140000
marcus smart,2020,13446428.0,3.0,13446428.0,12946428.0,13446428.0,1.0,,,,,,,,,12946428.0,12946428.0,False,single,spotrac,109140000
marcus smart,2021,13839285.0,3.0,13839285.0,13839285.0,13839285.0,1.0,,,,,,,,,13839285.0,13839285.0,False,single,spotrac,112414000
marcus smart,2022,17457142.0,3.0,17457142.0,16607142.0,17207142.0,1.0,,,,,,,,,16607142.0,16607142.0,True,single,spotrac,123655000
marcus smart,2023,18833713.0,3.0,18833713.0,18583713.0,18583713.0,1.0,,,,,,,,,18583713.0,18583713.0,False,single,spotrac,136021000
marcus smart,2024,20210284.0,3.0,20210284.0,7571143.0,7571143.0,2.0,19960285.0,12389142,,,,,,,19960285.0,19960285.0,False,split,spotrac,140588000
dalton knecht,2024,3819120.0,3.0,3819120.0,3819120.0,3819120.0,1.0,,,,,,,,3819120.0,3819120.0,3819120.0,True,spotrac_cap_hit,spotrac,140588000
jaxson hayes,2019,4862040.0,3.0,4862040.0,4862040.0,4862040.0,1.0,,,,,,,,,5186176.0,5186176.0,True,single,spotrac,109140000
jaxson hayes,2020,5105160.0,3.0,5105160.0,5105160.0,5105160.0,1.0,,,,,,,,,5105160.0,5105160.0,False,single,spotrac,109140000
jaxson hayes,2021,5348280.0,3.0,5348280.0,5348280.0,5348280.0,1.0,,,,,,,,,5348280.0,5348280.0,False,single,spotrac,112414000
jaxson hayes,2022,6803012.0,1.0,6803012.0,6803012.0,6803012.0,1.0,,,,,,,,,6803012.0,6803012.0,False,single,spotrac,123655000
jaxson hayes,2023,2165000.0,2.0,2165000.0,2165000.0,2165000.0,1.0,,500000,,,,,,,2165000.0,2165000.0,True,vet_min,spotrac,136021000
jaxson hayes,2024,2463946.0,2.0,2463946.0,2463946.0,2463946.0,1.0,,,,,,,,,2463946.0,2463946.0,False,single,spotrac,140588000
bronny james,2024,1157153.0,1.0,1157153.0,1157153.0,1157153.0,1.0,,,,,,,,1157153.0,1157153.0,1157153.0,True,spotrac_cap_hit,spotrac,140588000
bam adebayo,2019,3454080.0,1.0,3454080.0,3238200.0,3238200.0,1.0,,,,,,,,,3454080.0,3454080.0,False,single,spotrac,109140000
bam adebayo,2020,5115492.0,1.0,5115492.0,5115492.0,5115492.0,1.0,,,,,,,,,5115492.0,5115492.0,False,single,spotrac,109140000
bam adebayo,2021,28103550.0,5.0,28103550.0,28103500.0,28103500.0,1.0,,,,,,,,28103500.0,28103500.0,28103500.0,True,spotrac_cap_hit,spotrac,112414000
bam adebayo,2022,30351780.0,5.0,30351780.0,30351780.0,30351780.0,1.0,,,,,,,,30351780.0,30351780.0,30351780.0,False,spotrac_cap_hit,spotrac,123655000
bam adebayo,2023,32600060.0,5.0,32600060.0,32600060.0,32600060.0,1.0,,,,,,,,32600060.0,32600060.0,32600060.0,False,spotrac_cap_hit,spotrac,136021000
bam adebayo,2024,34848340.0,5.0,34848340.0,34848340.0,34848340.0,1.0,,,,,,,,34848340.0,34848340.0,34848340.0,False,spotrac_cap_hit,spotrac,140588000
tyler herro,2019,3640200.0,3.0,3640200.0,3412688.0,3412688.0,1.0,,,3412688.0,,0.0,Active,1.0,,3640200.533333333,3640200.533333333,True,status_active,spotrac,109140000
tyler herro,2020,3822240.0,3.0,3822240.0,3822240.0,3822240.0,1.0,,,3822240.0,,0.0,Active,1.0,,3822240.0,3822240.0,False,status_active,spotrac,109140000
tyler herro,2021,4004280.0,3.0,4004280.0,4004280.0,4004280.0,1.0,,,4004280.0,,0.0,Active / Club Exercised,1.0,,4004280.0,4004280.0,False,status_active,spotrac,112414000
tyler herro,2022,5722116.0,1.0,5722116.0,5722116.0,5722116.0,1.0,,,5722116.0,,0.0,Active / Club Exercised,1.0,,5722116.0,5722116.0,False,status_active,spotrac,123655000
tyler herro,2023,27000000.0,4.0,27000000.0,27000000.0,27000000.0,1.0,,,27000000.0,,0.0,Active,1.0,27000000.0,27000000.0,27000000.0,True,spotrac_cap_hit,spotrac,136021000
tyler herro,2024,29000000.0,4.0,29000000.0,29000000.0,29000000.0,1.0,,,29000000.0,,0.0,Active,1.0,29000000.0,29000000.0,29000000.0,False,spotrac_cap_hit,spotrac,140588000
andrew wiggins,2019,27504630.0,4.0,27504630.0,9158498.0,9158498.0,2.0,25785591.0,16627093,,,,,,,27504630.4,27504630.4,False,split,spotrac,109140000
andrew wiggins,2020,29542010.0,4.0,29542010.0,29542010.0,29542010.0,1.0,,,,,,,,,29542010.0,29542010.0,False,single,spotrac,109140000
andrew wiggins,2021,31579390.0,4.0,31579390.0,31579390.0,31579390.0,1.0,,,,,,,,,31579390.0,31579390.0,False,single,spotrac,112414000
andrew wiggins,2022,33616770.0,4.0,33616770.0,33616770.0,33616770.0,1.0,,,,,,,,,33616770.0,33616770.0,False,single,spotrac,123655000
andrew wiggins,2023,24330357.0,4.0,24330357.0,24330357.0,24330357.0,1.0,,,,,,,,24330357.0,24330357.0,24330357.0,True,spotrac_cap_hit,spotrac,136021000
andrew wiggins,2024,26276786.0,4.0,26276786.0,9967057.0,9967057.0,2.0,26328283.0,51497;16309729,,,,,,26276786.0,26276786.0,26276786.0,False,spotrac_cap_hit,spotrac,140588000
norman powell,2019,10116576.0,2.0,10116576.0,9484290.0,9484290.0,1.0,,,,,,,,,10116576.0,10116576.0,False,single,spotrac,109140000
norman powell,2020,10865952.0,2.0,10865952.0,3944489.0,3944489.0,2.0,10865952.0,6921463,,,,,,,10865952.0,10865952.0,False,split,spotrac,109140000
norman powell,2021,15517242.0,5.0,15517242.0,5796671.0,5796671.0,2.0,15517242.0,9720571,,,,,,,15517242.0,15517242.0,True,signing_contract,spotrac,112414000
norman powell,2022,16758621.0,5.0,16758621.0,16758621.0,16758621.0,1.0,,,,,,,,,16758621.0,16758621.0,False,single,spotrac,123655000
norman powell,2023,18000000.0,5.0,18000000.0,18000000.0,18000000.0,1.0,,,,,,,,,18000000.0,18000000.0,False,single,spotrac,136021000
norman powell,2024,19241379.0,5.0,19241379.0,19241379.0,19241379.0,1.0,,,,,,,,,19241379.0,19241379.0,False,single,spotrac,140588000
davion mitchell,2021,4603200.0,3.0,4603200.0,4603200.0,4603200.0,1.0,,,4603200.0,,0.0,Active,1.0,,4603200.0,4603200.0,True,status_active,spotrac,112414000
davion mitchell,2022,4833600.0,3.0,4833600.0,4833600.0,4833600.0,1.0,,,4833600.0,,0.0,Active,1.0,,4833600.0,4833600.0,False,status_active,spotrac,123655000
davion mitchell,2023,5063640.0,3.0,5063640.0,5063640.0,5063640.0,1.0,,50000,5063640.0,,50000.0,Active / Club Exercised;NBA Cup,1.0,,5063640.0,5063640.0,False,status_active,spotrac,136021000
davion mitchell,2024,6451077.0,1.0,6451077.0,2446960.0,2446960.0,2.0,6451077.0,4004117,2446960.0,4004117.0,0.0,Active / Club Exercised;Retained,1.0,,6451077.0,6451077.0,False,status_active,spotrac,140588000
simone fontecchio,2022,3205128.0,2.0,3205128.0,3205128.0,3205128.0,1.0,,,3205128.0,,0.0,Active,1.0,,3205128.0,3205128.0,True,status_active,spotrac,123655000
simone fontecchio,2023,3044872.0,2.0,3044872.0,1172451.0,1172451.0,2.0,3044872.0,1872421,1172451.0,1872421.0,0.0,Active;Retained,1.0,,3044872.0,3044872.0,False,status_active,spotrac,136021000
simone fontecchio,2024,7692308.0,2.0,7692308.0,7692308.0,7692308.0,1.0,,,7692308.0,,0.0,Active,1.0,,7692308.0,7692308.0,True,status_active,spotrac,140588000
nikola jovic,2022,2239920.0,3.0,2239920.0,,,,,,,,,,,,2239920.0,,False,fallback_bbref,bbref,123655000
nikola jovic,2023,2352000.0,3.0,2352000.0,,,,,,,,,,,,2352000.0,,False,fallback_bbref,bbref,136021000
nikola jovic,2024,2464200.0,3.0,2464200.0,,,,,,,,,,,,2464200.0,,False,fallback_bbref,bbref,140588000
kel'el ware,2024,4231800.0,3.0,4231800.0,4231800.0,4231800.0,1.0,,,,,,,,4231800.0,4231800.0,4231800.0,True,spotrac_cap_hit,spotrac,140588000
jaime jaquez jr.,2023,3510600.0,3.0,3510600.0,3510600.0,3510600.0,1.0,,,,,,,,3510600.0,3510600.0,3510600.0,True,spotrac_cap_hit,spotrac,136021000
jaime jaquez jr.,2024,3685800.0,3.0,3685800.0,3685800.0,3685800.0,1.0,,,,,,,,3685800.0,3685800.0,3685800.0,False,spotrac_cap_hit,spotrac,140588000
dru smith,2023,1801769.0,1.0,1801769.0,1801769.0,1801769.0,1.0,,,,,,,,,1801769.0,1801769.0,True,vet_min,spotrac,136021000
keshad johnson,2024,724883.0,1.0,724883.0,724883.0,724883.0,1.0,,,724883.0,,0.0,Active,1.0,,724883.0,724883.0,True,status_active,spotrac,140588000
pelle larsson,2024,1157153.0,1.0,1157153.0,1157153.0,1157153.0,1.0,,,,,,,,1157153.0,1157153.0,1157153.0,True,spotrac_cap_hit,spotrac,140588000
terry rozier,2019,19894737.0,3.0,19894737.0,18651316.0,18651316.0,1.0,,,18651316.0,,0.0,Active,1.0,,19894737.066666666,19894737.066666666,True,status_active,spotrac,109140000
terry rozier,2020,18900000.0,3.0,18900000.0,18900000.0,18900000.0,1.0,,,18900000.0,,0.0,Active,1.0,,18900000.0,18900000.0,False,status_active,spotrac,109140000
terry rozier,2021,17905263.0,3.0,17905263.0,17905263.0,17905263.0,1.0,,,17905263.0,,0.0,Active,1.0,,17905263.0,17905263.0,False,status_active,spotrac,112414000
terry rozier,2022,21486316.0,4.0,21486316.0,21486316.0,21486316.0,1.0,,,21486316.0,,0.0,Active,1.0,,21486316.0,21486316.0,True,status_active,spotrac,123655000
terry rozier,2023,23205221.0,4.0,23205221.0,11069157.0,11069157.0,2.0,23205221.0,12136064,11069157.0,12136064.0,0.0,Active;Retained,1.0,,23205221.0,23205221.0,False,status_active,spotrac,136021000
terry rozier,2024,24924126.0,4.0,24924126.0,24924126.0,24924126.0,1.0,,,24924126.0,,0.0,Active,1.0,,24924126.0,24924126.0,False,status_active,spotrac,140588000
anthony edwards,2020,9757440.0,3.0,9757440.0,9757440.0,9757440.0,1.0,,,9757440.0,,0.0,Active,1.0,,9757440.0,9757440.0,True,status_active,spotrac,109140000
anthony edwards,2021,10245480.0,3.0,10245480.0,10245480.0,10245480.0,1.0,,,10245480.0,,0.0,Active,1.0,,10245480.0,10245480.0,False,status_active,spotrac,112414000
anthony edwards,2022,10733400.0,3.0,10733400.0,10733400.0,10733400.0,1.0,,,10733400.0,,0.0,Active / Club Exercised,1.0,,10733400.0,10733400.0,False,status_active,spotrac,123655000
anthony edwards,2023,13534817.0,1.0,13534817.0,13534817.0,13534817.0,1.0,,,13534817.0,,0.0,Active / Club Exercised,1.0,,13534817.0,13534817.0,False,status_active,spotrac,136021000
anthony edwards,2024,42176400.0,5.0,42176400.0,42176400.0,42176400.0,1.0,,,42176400.0,,0.0,Active,1.0,42176400.0,42176400.0,42176400.0,True,spotrac_cap_hit,spotrac,140588000
rudy gobert,2019,25008427.0,2.0,25008427.0,23445400.0,24195400.0,1.0,,,,,,,,,25008426.666666668,25008426.666666668,False,single,spotrac,109140000
rudy gobert,2020,27525281.0,2.0,27525281.0,25775281.0,27525281.0,1.0,,,,,,,,,25775281.0,25775281.0,False,single,spotrac,109140000
rudy gobert,2021,35344828.0,4.0,35344828.0,35344828.0,35344828.0,1.0,,,,,,,,,35344828.0,35344828.0,True,single,spotrac,112414000
rudy gobert,2022,38172414.0,4.0,38172414.0,38172414.0,38172414.0,1.0,,,,,,,,,38172414.0,38172414.0,False,single,spotrac,123655000
rudy gobert,2023,41000000.0,4.0,41000000.0,41000000.0,41000000.0,1.0,,,,,,,,,41000000.0,41000000.0,False,single,spotrac,136021000
rudy gobert,2024,43827586.0,4.0,43827586.0,43827586.0,43827586.0,1.0,,,,,,,,,43827586.0,43827586.0,False,single,spotrac,140588000
julius randle,2019,18000000.0,3.0,18000000.0,16875000.0,16875000.0,1.0,,,,,,,,,18000000.0,18000000.0,True,single,spotrac,109140000
julius randle,2020,18900000.0,3.0,18900000.0,18900000.0,20790000.0,1.0,,,,,,,,,18900000.0,18900000.0,False,single,spotrac,109140000
julius randle,2021,19800000.0,3.0,19800000.0,19800000.0,19800000.0,1.0,,,,,,,,,19800000.0,19800000.0,False,single,spotrac,112414000
julius randle,2022,23760000.0,1.0,23760000.0,23760000.0,26136000.0,1.0,,,,,,,,,23760000.0,23760000.0,True,single,spotrac,123655000
julius randle,2023,28226880.0,1.0,28226880.0,25660800.0,26943840.0,1.0,,,,,,,,,25660800.0,25660800.0,False,single,spotrac,136021000
julius randle,2024,33073920.0,4.0,33073920.0,27561600.0,27561600.0,2.0,31745840.0,4134240;50000,,,,,,,31745840.0,31745840.0,False,split,spotrac,140588000
jaden mcdaniels,2020,1964760.0,3.0,1964760.0,1964760.0,1964760.0,1.0,,,1964760.0,,0.0,Active,1.0,,1964760.0,1964760.0,True,status_active,spotrac,109140000
jaden mcdaniels,2021,2063280.0,3.0,2063280.0,2063280.0,2063280.0,1.0,,,2063280.0,,0.0,Active,1.0,,2063280.0,2063280.0,False,status_active,spotrac,112414000
jaden mcdaniels,2022,2161440.0,3.0,2161440.0,2161440.0,2161440.0,1.0,,,2161440.0,,0.0,Active / Club Exercised,1.0,,2161440.0,2161440.0,False,status_active,spotrac,123655000
jaden mcdaniels,2023,3901399.0,1.0,3901399.0,3901399.0,3901399.0,1.0,,,3901399.0,,0.0,Active / Club Exercised,1.0,,3901399.0,3901399.0,False,status_active,spotrac,136021000
jaden mcdaniels,2024,23017242.0,5.0,23017242.0,22586207.0,22586207.0,1.0,,,22586207.0,,0.0,Active,1.0,22586207.0,22586207.0,22586207.0,True,spotrac_cap_hit,spotrac,140588000
naz reid,2019,898310.0,1.0,898310.0,842166.0,842166.0,1.0,,,,,,,,,898310.4,898310.4,True,vet_min,spotrac,109140000
naz reid,2020,1517981.0,1.0,1517981.0,1517981.0,1517981.0,1.0,,,,,,,,,1517981.0,1517981.0,False,single,spotrac,109140000
naz reid,2021,1782621.0,2.0,1782621.0,1782621.0,1782621.0,1.0,,,,,,,,,1782621.0,1782621.0,False,single,spotrac,112414000
naz reid,2022,1930681.0,2.0,1930681.0,1930681.0,1930681.0,1.0,,,,,,,,,1930681.0,1930681.0,False,single,spotrac,123655000
naz reid,2023,12950400.0,2.0,12950400.0,12950400.0,12950400.0,1.0,,,,,,,,,12950400.0,12950400.0,True,single,spotrac,136021000
naz reid,2024,13986432.0,2.0,13986432.0,13986432.0,13986432.0,1.0,,,,,,,,,13986432.0,13986432.0,False,single,spotrac,140588000
donte divincenzo,2019,2905800.0,2.0,2905800.0,2724188.0,2724188.0,1.0,,,2724188.0,,0.0,Active,1.0,,2905800.533333333,2905800.533333333,False,status_active,spotrac,109140000
donte divincenzo,2020,3044160.0,2.0,3044160.0,3044160.0,3044160.0,1.0,,,3044160.0,,0.0,Active / Club Exercised,1.0,,3044160.0,3044160.0,False,status_active,spotrac,109140000
donte divincenzo,2021,4675830.0,2.0,4675830.0,3090347.0,3090347.0,2.0,4675830.0,1585483,1585483.0,3090347.0,0.0,Retained;Active / Club Exercised,1.0,,4675830.0,4675830.0,False,status_active,spotrac,112414000
donte divincenzo,2022,4500000.0,2.0,4500000.0,4500000.0,4500000.0,1.0,,,4500000.0,,0.0,Active,1.0,,4500000.0,4500000.0,True,status_active,spotrac,123655000
donte divincenzo,2023,10900000.0,4.0,10900000.0,10900000.0,10900000.0,1.0,,50000,10900000.0,,50000.0,Active;NBA Cup,1.0,10900000.0,10900000.0,10900000.0,True,spotrac_cap_hit,spotrac,136021000
donte divincenzo,2024,11445000.0,4.0,11445000.0,11445000.0,11445000.0,1.0,,,11445000.0,,0.0,Active,1.0,11445000.0,11445000.0,11445000.0,False,spotrac_cap_hit,spotrac,140588000
ayo dosunmu,2021,925258.0,1.0,925258.0,925258.0,925258.0,1.0,,,,,,,,,925258.0,925258.0,True,vet_min,spotrac,112414000
ayo dosunmu,2022,1563518.0,1.0,1563518.0,1563518.0,1563518.0,1.0,,,,,,,,,1563518.0,1563518.0,False,single,spotrac,123655000
ayo dosunmu,2023,6481482.0,3.0,6481482.0,6481482.0,6481482.0,1.0,,,,,,,,,6481482.0,6481482.0,True,single,spotrac,136021000
ayo dosunmu,2024,7000000.0,3.0,7000000.0,7000000.0,7000000.0,1.0,,,,,,,,,7000000.0,7000000.0,False,single,spotrac,140588000
terrence shannon jr.,2024,2546640.0,3.0,2546640.0,2546640.0,2546640.0,1.0,,,,,,,,2546640.0,2546640.0,2546640.0,True,spotrac_cap_hit,spotrac,140588000
bones hyland,2021,2096880.0,3.0,2096880.0,2096880.0,2096880.0,1.0,,,2096880.0,,0.0,Active,1.0,,2096880.0,2096880.0,True,status_active,spotrac,112414000
bones hyland,2022,2201520.0,3.0,2201520.0,746492.0,746492.0,2.0,2201520.0,1455028,746492.0,1455028.0,0.0,Active;Retained,1.0,,2201520.0,2201520.0,False,status_active,spotrac,123655000
bones hyland,2023,2306400.0,3.0,2306400.0,2306400.0,2306400.0,1.0,,,2306400.0,,0.0,Active / Club Exercised,1.0,,2306400.0,2306400.0,False,vet_min,spotrac,136021000
bones hyland,2024,4158439.0,1.0,4158439.0,1577339.0,1577339.0,2.0,4158440.0,2581101,,4158440.0,0.0,Retained;Retained,0.0,,4158440.0,4158440.0,False,status_active,spotrac,140588000
joe ingles,2019,11207387.0,3.0,11207387.0,11207387.0,11207387.0,1.0,,,11207387.0,,0.0,Active,1.0,,11954546.133333333,11954546.133333333,False,status_active,spotrac,109140000
joe ingles,2020,10863637.0,3.0,10863637.0,10363637.0,10863637.0,1.0,,,10863637.0,,0.0,Active,1.0,,10363637.0,10363637.0,False,status_active,spotrac,109140000
joe ingles,2021,12436364.0,3.0,12436364.0,4288401.0,4888401.0,2.0,12436364.0,8147963,4888401.0,8147963.0,0.0,Active;Retained,1.0,,13036364.0,12436364.0,True,signing_contract,spotrac,112414000
joe ingles,2022,6479000.0,1.0,6479000.0,6479000.0,6479000.0,1.0,,,6479000.0,,0.0,Active,1.0,,6479000.0,6479000.0,True,status_active,spotrac,123655000
joe ingles,2023,11000000.0,1.0,11000000.0,11000000.0,11000000.0,1.0,,,11000000.0,,0.0,Active,1.0,,11000000.0,11000000.0,True,status_active,spotrac,136021000
joe ingles,2024,2087519.0,2.0,2087519.0,3303771.0,3303771.0,1.0,,,3303771.0,,0.0,Active,1.0,,3303771.0,3303771.0,True,vet_min,spotrac,140588000
julian phillips,2023,1600000.0,1.0,1600000.0,1600000.0,1600000.0,1.0,,,1600000.0,,0.0,Active,1.0,,1600000.0,1600000.0,True,status_active,spotrac,136021000
julian phillips,2024,1891857.0,1.0,1891857.0,1891857.0,1891857.0,1.0,,,1891857.0,,0.0,Active,1.0,,1891857.0,1891857.0,False,status_active,spotrac,140588000
jaylen clark,2024,492323.0,1.0,492323.0,492323.0,492323.0,1.0,,,492323.0,,0.0,Active,1.0,,492323.0,492323.0,True,status_active,spotrac,140588000
mike conley,2019,32511623.0,2.0,32511623.0,30479647.0,30479647.0,1.0,,,30479647.0,,0.0,Active,1.0,,32511623.466666665,32511623.466666665,False,status_active,spotrac,109140000
mike conley,2020,34504132.0,2.0,34504132.0,34502132.0,34502132.0,1.0,,,34502132.0,,0.0,Active,1.0,,34502132.0,34502132.0,False,status_active,spotrac,109140000
mike conley,2021,21000000.0,3.0,21000000.0,21000000.0,21000000.0,1.0,,,21000000.0,,0.0,Active,1.0,,21000000.0,21000000.0,True,status_active,spotrac,112414000
mike conley,2022,22680000.0,3.0,22680000.0,7690345.0,7690345.0,2.0,22680000.0,14989655,7690345.0,14989655.0,0.0,Active;Retained,1.0,,22680000.0,22680000.0,False,status_active,spotrac,123655000
mike conley,2023,24360000.0,3.0,24360000.0,24360000.0,24360000.0,1.0,,,24360000.0,,0.0,Active,1.0,,24360000.0,24360000.0,False,status_active,spotrac,136021000
mike conley,2024,9975962.0,1.0,9975962.0,9975962.0,9975962.0,1.0,,,9975962.0,,0.0,Active,1.0,,9975962.0,9975962.0,True,status_active,spotrac,140588000
shai gilgeous-alexander,2019,3952920.0,2.0,3952920.0,3705863.0,3705863.0,1.0,,,,,,,,,3952920.533333333,3952920.533333333,False,single,spotrac,109140000
shai gilgeous-alexander,2020,4141320.0,2.0,4141320.0,4141320.0,4141320.0,1.0,,,,,,,,,4141320.0,4141320.0,False,single,spotrac,109140000
shai gilgeous-alexander,2021,5495532.0,1.0,5495532.0,5495532.0,5495532.0,1.0,,,,,,,,,5495532.0,5495532.0,False,single,spotrac,112414000
shai gilgeous-alexander,2022,30913750.0,5.0,30913750.0,30913750.0,30913750.0,1.0,,,,,,,,30913750.0,30913750.0,30913750.0,True,spotrac_cap_hit,spotrac,123655000
shai gilgeous-alexander,2023,33386850.0,5.0,33386850.0,33386850.0,33386850.0,1.0,,,,,,,,33386850.0,33386850.0,33386850.0,False,spotrac_cap_hit,spotrac,136021000
shai gilgeous-alexander,2024,35859950.0,5.0,35859950.0,35859950.0,35859950.0,1.0,,205988,,,,,,35859950.0,35859950.0,35859950.0,False,spotrac_cap_hit,spotrac,140588000
isaiah hartenstein,2019,1416852.0,3.0,1416852.0,1416852.0,1416852.0,1.0,,,,,,,,,1416852.0,,False,waived,bbref,109140000
isaiah hartenstein,2020,1620564.0,3.0,1620564.0,588287.0,588287.0,2.0,1620564.0,1032277,,,,,,,1620564.0,1620564.0,True,vet_min,spotrac,109140000
isaiah hartenstein,2021,1729217.0,3.0,1729217.0,1729217.0,1729217.0,1.0,,,,,,,,,1729217.0,1729217.0,True,vet_min,spotrac,112414000
isaiah hartenstein,2022,7804879.0,1.0,7804879.0,7804879.0,8854879.0,1.0,,,,,,,,,7804879.0,7804879.0,True,single,spotrac,123655000
isaiah hartenstein,2023,9245121.0,1.0,9245121.0,8195121.0,8195121.0,1.0,,50000,,,,,,,8195121.0,8195121.0,False,single,spotrac,136021000
isaiah hartenstein,2024,30000000.0,3.0,30000000.0,30000000.0,30000000.0,1.0,,205988,,,,,,,30000000.0,30000000.0,True,signing_contract,spotrac,140588000
luguentz dort,2019,155647.0,1.0,155647.0,155647.0,155647.0,1.0,,,,,,,,,166023.46666666667,166023.46666666667,True,single,spotrac,109140000
luguentz dort,2020,1517981.0,1.0,1517981.0,1517981.0,1517981.0,1.0,,,,,,,,,1517981.0,1517981.0,False,single,spotrac,109140000
luguentz dort,2021,1782621.0,1.0,1669178.0,1782621.0,1782621.0,1.0,,,,,,,,,1782621.0,1782621.0,False,single,spotrac,112414000
luguentz dort,2022,15277778.0,5.0,15277778.0,15277778.0,15277778.0,1.0,,,,,,,,15277778.0,15277778.0,15277778.0,True,spotrac_cap_hit,spotrac,123655000
luguentz dort,2023,15277778.0,5.0,15277778.0,15277778.0,15277778.0,1.0,,,,,,,,15277778.0,15277778.0,15277778.0,False,spotrac_cap_hit,spotrac,136021000
luguentz dort,2024,16500000.0,5.0,16500000.0,16500000.0,17000000.0,1.0,,205988,,,,,,17000000.0,17000000.0,17000000.0,False,spotrac_cap_hit,spotrac,140588000
alex caruso,2019,2750000.0,2.0,2750000.0,2578125.0,2578125.0,1.0,,,2578125.0,,0.0,Active,1.0,,2750000.0,2750000.0,True,status_active,spotrac,109140000
alex caruso,2020,2750000.0,2.0,2750000.0,2750000.0,2750000.0,1.0,,,2750000.0,,0.0,Active,1.0,,2750000.0,2750000.0,False,status_active,spotrac,109140000
alex caruso,2021,8604651.0,4.0,8604651.0,8600000.0,8600000.0,1.0,,,8600000.0,,0.0,Active,1.0,8600000.0,8600000.0,8600000.0,True,spotrac_cap_hit,spotrac,112414000
alex caruso,2022,9030000.0,4.0,9030000.0,9030000.0,9030000.0,1.0,,,9030000.0,,0.0,Active,1.0,9030000.0,9030000.0,9030000.0,False,spotrac_cap_hit,spotrac,123655000
alex caruso,2023,9460000.0,4.0,9460000.0,9460000.0,9460000.0,1.0,,,9460000.0,,0.0,Active,1.0,9460000.0,9460000.0,9460000.0,False,spotrac_cap_hit,spotrac,136021000
alex caruso,2024,9890000.0,4.0,9890000.0,9890000.0,9890000.0,1.0,,205988,9890000.0,,205988.0,Active;NBA Cup,1.0,9890000.0,9890000.0,9890000.0,False,spotrac_cap_hit,spotrac,140588000
chet holmgren,2022,9891240.0,3.0,9891240.0,9891240.0,9891240.0,1.0,,,9891240.0,,0.0,Active,1.0,,9891240.0,9891240.0,True,status_active,spotrac,123655000
chet holmgren,2023,10386000.0,3.0,10386000.0,10386000.0,10386000.0,1.0,,,10386000.0,,0.0,Active,1.0,,10386000.0,10386000.0,False,status_active,spotrac,136021000
chet holmgren,2024,10880640.0,3.0,10880640.0,10880640.0,10880640.0,1.0,,205988,10880640.0,,205988.0,Active / Club Exercised;NBA Cup,1.0,,10880640.0,10880640.0,False,status_active,spotrac,140588000
isaiah joe,2020,898310.0,1.0,898310.0,898310.0,898310.0,1.0,,,,,,,,,898310.0,898310.0,True,vet_min,spotrac,109140000
isaiah joe,2021,1517981.0,1.0,1517981.0,1517981.0,1517981.0,1.0,,,,,,,,,1517981.0,1517981.0,False,single,spotrac,112414000
isaiah joe,2022,1836090.0,2.0,1836090.0,1836090.0,1836090.0,1.0,,,,,,,,,1836090.0,1836090.0,True,vet_min,spotrac,123655000
isaiah joe,2023,1997238.0,2.0,1997238.0,1997238.0,1997238.0,1.0,,,,,,,,,1997238.0,1997238.0,False,single,spotrac,136021000
isaiah joe,2024,12991650.0,4.0,12991650.0,12991650.0,12991650.0,1.0,,205988,,,,,,12991650.0,12991650.0,12991650.0,True,spotrac_cap_hit,spotrac,140588000
aaron wiggins,2022,1563518.0,1.0,1563518.0,1563518.0,1563518.0,1.0,,,,,,,,,1563518.0,1563518.0,False,single,spotrac,123655000
aaron wiggins,2023,1836096.0,1.0,1836096.0,1836096.0,1836096.0,1.0,,,,,,,,,1836096.0,1836096.0,False,single,spotrac,136021000
aaron wiggins,2024,10514017.0,5.0,10514017.0,10514017.0,10981303.0,1.0,,205988,,,,,,10981303.0,10981303.0,10981303.0,True,spotrac_cap_hit,spotrac,140588000
jaylin williams,2022,2000000.0,3.0,2000000.0,2000000.0,2000000.0,1.0,,,,,,,,,2000000.0,2000000.0,True,single,spotrac,123655000
jaylin williams,2023,2000000.0,3.0,2000000.0,2000000.0,2000000.0,1.0,,,,,,,,,2000000.0,2000000.0,False,single,spotrac,136021000
jaylin williams,2024,2019699.0,3.0,2019699.0,2019699.0,2019699.0,1.0,,205988,,,,,,,2019699.0,2019699.0,False,single,spotrac,140588000
kenrich williams,2019,1416852.0,1.0,1416852.0,1328299.0,1328299.0,1.0,,,1328299.0,,0.0,Active,1.0,,1416852.2666666666,1416852.2666666666,False,status_active,spotrac,109140000
kenrich williams,2020,2000000.0,3.0,2000000.0,2000000.0,2000000.0,1.0,,,2000000.0,,0.0,Active,1.0,,2000000.0,2000000.0,True,status_active,spotrac,109140000
kenrich williams,2021,2000000.0,3.0,2000000.0,2000000.0,2000000.0,1.0,,,2000000.0,,0.0,Active,1.0,,2000000.0,2000000.0,False,status_active,spotrac,112414000
kenrich williams,2022,2000000.0,3.0,2000000.0,2000000.0,2000000.0,1.0,,,2000000.0,,0.0,Active,1.0,,2000000.0,2000000.0,False,status_active,spotrac,123655000
kenrich williams,2023,6175000.0,4.0,6175000.0,6175000.0,6175000.0,1.0,,,6175000.0,,0.0,Active,1.0,,6175000.0,6175000.0,True,status_active,spotrac,136021000
kenrich williams,2024,6669000.0,4.0,6669000.0,6669000.0,6669000.0,1.0,,205988,6669000.0,,205988.0,Active;NBA Cup,1.0,,6669000.0,6669000.0,False,status_active,spotrac,140588000
jalen williams,2022,4341480.0,3.0,4341480.0,4341480.0,4341480.0,1.0,,,4341480.0,,0.0,Active,1.0,,4341480.0,4341480.0,True,status_active,spotrac,123655000
jalen williams,2023,4558680.0,3.0,4558680.0,4558680.0,4558680.0,1.0,,,4558680.0,,0.0,Active,1.0,,4558680.0,4558680.0,False,status_active,spotrac,136021000
jalen williams,2024,4775760.0,3.0,4775760.0,4775760.0,4775760.0,1.0,,205988,4775760.0,,205988.0,Active / Club Exercised;NBA Cup,1.0,,4775760.0,4775760.0,False,status_active,spotrac,140588000
cason wallace,2023,5291400.0,3.0,5291400.0,5291400.0,5291400.0,1.0,,,,,,,,5291400.0,5291400.0,5291400.0,True,spotrac_cap_hit,spotrac,136021000
cason wallace,2024,5555880.0,3.0,5555880.0,5555880.0,5555880.0,1.0,,205988,,,,,,5555880.0,5555880.0,5555880.0,False,spotrac_cap_hit,spotrac,140588000
nikola topic,2024,4935960.0,3.0,4935960.0,,,,,,,,,,,,4935960.0,,False,fallback_bbref,bbref,140588000
jared mccain,2024,4020360.0,3.0,4020360.0,4020360.0,4020360.0,1.0,,,,,,,,4020360.0,4020360.0,4020360.0,True,spotrac_cap_hit,spotrac,140588000
ajay mitchell,2024,3000000.0,4.0,3000000.0,3000000.0,3000000.0,1.0,,102994,,,,,,,3000000.0,3000000.0,True,signing_contract,spotrac,140588000
mason plumlee,2019,14041096.0,1.0,14041096.0,13163528.0,13163528.0,1.0,,,13163528.0,,0.0,Active,1.0,,14041096.533333333,14041096.533333333,False,status_active,spotrac,109140000
mason plumlee,2020,8000000.0,3.0,8000000.0,8000000.0,8000000.0,1.0,,,8000000.0,,0.0,Active,1.0,,8000000.0,8000000.0,True,status_active,spotrac,109140000
mason plumlee,2021,8137500.0,3.0,8137500.0,8137500.0,8137500.0,2.0,,,8137500.0,1666250.0,0.0,Active;Retained,1.0,,8137500.0,8137500.0,False,single,spotrac,112414000
mason plumlee,2022,9080417.0,3.0,9080417.0,5634339.0,5634339.0,2.0,8525000.0,2890661,2890661.0,5634339.0,0.0,Retained;Active,1.0,,8525000.0,8525000.0,False,status_active,spotrac,123655000
mason plumlee,2023,5000000.0,1.0,5000000.0,5000000.0,5000000.0,1.0,,,5000000.0,,0.0,Active,1.0,,5000000.0,5000000.0,True,status_active,spotrac,136021000
mason plumlee,2024,2087519.0,2.0,2087519.0,3303771.0,3303771.0,1.0,,,3303771.0,,0.0,Active,1.0,,3303771.0,3303771.0,True,vet_min,spotrac,140588000
franz wagner,2021,5007840.0,3.0,5007840.0,5007840.0,5007840.0,1.0,,,5007840.0,,0.0,Active,1.0,,5007840.0,5007840.0,True,status_active,spotrac,112414000
franz wagner,2022,5258280.0,3.0,5258280.0,5258280.0,5258280.0,1.0,,,5258280.0,,0.0,Active,1.0,,5258280.0,5258280.0,False,status_active,spotrac,123655000
franz wagner,2023,5508720.0,3.0,5508720.0,5508720.0,5508720.0,1.0,,,5508720.0,,0.0,Active / Club Exercised,1.0,,5508720.0,5508720.0,False,status_active,spotrac,136021000
franz wagner,2024,7007092.0,1.0,7007092.0,7007092.0,7007092.0,1.0,,51497,7007092.0,,51497.0,Active / Club Exercised;NBA Cup,1.0,,7007092.0,7007092.0,False,status_active,spotrac,140588000
desmond bane,2020,1936440.0,3.0,1936440.0,1936440.0,1936440.0,1.0,,,1936440.0,,0.0,Active,1.0,,1936440.0,1936440.0,True,status_active,spotrac,109140000
desmond bane,2021,2033160.0,3.0,2033160.0,2033160.0,2033160.0,1.0,,,2033160.0,,0.0,Active,1.0,,2033160.0,2033160.0,False,vet_min,spotrac,112414000
desmond bane,2022,2130240.0,3.0,2130240.0,2130240.0,2130240.0,1.0,,,2130240.0,,0.0,Active / Club Exercised,1.0,,2130240.0,2130240.0,False,status_active,spotrac,123655000
desmond bane,2023,3845083.0,1.0,3845083.0,3845083.0,3845083.0,1.0,,,3845083.0,,0.0,Active / Club Exercised,1.0,,3845083.0,3845083.0,False,status_active,spotrac,136021000
desmond bane,2024,34005250.0,5.0,34005250.0,34005250.0,34005250.0,1.0,,,34005250.0,,0.0,Active,1.0,34005250.0,34005250.0,34005250.0,True,spotrac_cap_hit,spotrac,140588000
jalen suggs,2021,6592920.0,3.0,6592920.0,6592920.0,6592920.0,1.0,,,6592920.0,,0.0,Active,1.0,,6592920.0,6592920.0,True,status_active,spotrac,112414000
jalen suggs,2022,6922320.0,3.0,6922320.0,6922320.0,6922320.0,1.0,,,6922320.0,,0.0,Active,1.0,,6922320.0,6922320.0,False,status_active,spotrac,123655000
jalen suggs,2023,7252080.0,3.0,7252080.0,7252080.0,7252080.0,1.0,,,7252080.0,,0.0,Active / Club Exercised,1.0,,7252080.0,7252080.0,False,status_active,spotrac,136021000
jalen suggs,2024,9188385.0,1.0,9188385.0,9188385.0,9188385.0,1.0,,51497,9188385.0,,51497.0,Active / Club Exercised;NBA Cup,1.0,,9188385.0,9188385.0,False,status_active,spotrac,140588000
paolo banchero,2022,11055120.0,3.0,11055120.0,11055120.0,11055120.0,1.0,,,,,,,,,11055120.0,11055120.0,True,single,spotrac,123655000
paolo banchero,2023,11608080.0,3.0,11608080.0,11608080.0,11608080.0,1.0,,,,,,,,,11608080.0,11608080.0,False,single,spotrac,136021000
paolo banchero,2024,12160800.0,3.0,12160800.0,12160800.0,12160800.0,1.0,,51497,,,,,,,12160800.0,12160800.0,False,single,spotrac,140588000
jonathan isaac,2019,5806440.0,1.0,5806440.0,5443538.0,5443538.0,1.0,,,5443538.0,,0.0,Active,1.0,,5806440.533333333,5806440.533333333,False,status_active,spotrac,109140000
jonathan isaac,2020,7362566.0,1.0,7362566.0,7362566.0,7362566.0,1.0,,,7362566.0,,0.0,Active,1.0,,7362566.0,7362566.0,False,status_active,spotrac,109140000
jonathan isaac,2021,17400000.0,3.0,17400000.0,17400000.0,17400000.0,1.0,,,17400000.0,,0.0,Active,1.0,,17400000.0,17400000.0,True,status_active,spotrac,112414000
jonathan isaac,2022,17400000.0,3.0,17400000.0,17400000.0,17400000.0,1.0,,,17400000.0,,0.0,Active,1.0,,17400000.0,17400000.0,False,status_active,spotrac,123655000
jonathan isaac,2023,17400000.0,3.0,17400000.0,17400000.0,17400000.0,1.0,,,17400000.0,,0.0,Active,1.0,,17400000.0,17400000.0,False,status_active,spotrac,136021000
jonathan isaac,2024,25000000.0,1.0,25000000.0,25000000.0,27600000.0,1.0,,51497,27600000.0,,51497.0,Active;NBA Cup,1.0,,25000000.0,25000000.0,False,status_active,spotrac,140588000
wendell carter jr.,2019,5201400.0,2.0,5201400.0,4876313.0,4876313.0,1.0,,,,,,,,,5201400.533333333,5201400.533333333,False,single,spotrac,109140000
wendell carter jr.,2020,5448840.0,2.0,5448840.0,1978004.0,1978004.0,2.0,5448840.0,3470836,,,,,,,5448840.0,5448840.0,False,split,spotrac,109140000
wendell carter jr.,2021,6920027.0,1.0,6920027.0,6920027.0,6920027.0,1.0,,,,,,,,,6920027.0,6920027.0,False,single,spotrac,112414000
wendell carter jr.,2022,14150000.0,4.0,14150000.0,14150000.0,14150000.0,1.0,,,,,,,,14150000.0,14150000.0,14150000.0,True,spotrac_cap_hit,spotrac,123655000
wendell carter jr.,2023,13050000.0,4.0,13050000.0,13050000.0,13050000.0,1.0,,,,,,,,13050000.0,13050000.0,13050000.0,False,spotrac_cap_hit,spotrac,136021000
wendell carter jr.,2024,11950000.0,4.0,11950000.0,11950000.0,11950000.0,1.0,,51497,,,,,,11950000.0,11950000.0,11950000.0,False,spotrac_cap_hit,spotrac,140588000
goga bitadze,2019,2816760.0,3.0,2816760.0,2816760.0,2816760.0,1.0,,,2816760.0,,0.0,Active,1.0,,3004544.0,3004544.0,True,status_active,spotrac,109140000
goga bitadze,2020,2957520.0,3.0,2957520.0,2957520.0,2957520.0,1.0,,,2957520.0,,0.0,Active,1.0,,2957520.0,2957520.0,False,status_active,spotrac,109140000
goga bitadze,2021,3098400.0,3.0,3098400.0,3098400.0,3098400.0,1.0,,,3098400.0,,0.0,Active / Club Exercised,1.0,,3098400.0,3098400.0,False,status_active,spotrac,112414000
goga bitadze,2022,4765339.0,1.0,4765339.0,4765339.0,4765339.0,2.0,5377520.0,612181,612181.0,4765339.0,0.0,Retained;Active,1.0,,612181.0,612181.0,True,status_active,spotrac,123655000
goga bitadze,2023,2066585.0,1.0,2019706.0,2066585.0,2066585.0,1.0,,,2066585.0,,0.0,Active / Club Exercised,1.0,,2066585.0,2066585.0,False,status_active,spotrac,136021000
goga bitadze,2024,9057971.0,3.0,9057971.0,9057971.0,9057971.0,1.0,,51497,9057971.0,,51497.0,Active;NBA Cup,1.0,9057971.0,9057971.0,9057971.0,True,spotrac_cap_hit,spotrac,140588000
anthony black,2023,7245480.0,3.0,7245480.0,7245480.0,7245480.0,1.0,,,,,,,,7245480.0,7245480.0,7245480.0,True,spotrac_cap_hit,spotrac,136021000
anthony black,2024,7607760.0,3.0,7607760.0,7607760.0,7607760.0,1.0,,51497,,,,,,7607760.0,7607760.0,7607760.0,False,spotrac_cap_hit,spotrac,140588000
jett howard,2023,5026800.0,3.0,5026800.0,5026800.0,5026800.0,1.0,,,5026800.0,,0.0,Active,1.0,,5026800.0,5026800.0,True,status_active,spotrac,136021000
jett howard,2024,5278320.0,3.0,5278320.0,5278320.0,5278320.0,1.0,,51497,5278320.0,,51497.0,Active;NBA Cup,1.0,,5278320.0,5278320.0,False,status_active,spotrac,140588000
moritz wagner,2019,2063520.0,2.0,2063520.0,1934550.0,1934550.0,1.0,,,,,,,,,2063520.0,2063520.0,False,single,spotrac,109140000
moritz wagner,2020,2161920.0,2.0,2161920.0,784807.0,784807.0,3.0,2383915.0,221995;1377113,,,,,,,221995.0,,True,signing_contract,spotrac,109140000
moritz wagner,2021,1729217.0,2.0,1729217.0,1729217.0,1729217.0,1.0,,,,,,,,,1729217.0,1729217.0,True,vet_min,spotrac,112414000
moritz wagner,2022,1878720.0,2.0,1878720.0,1878720.0,1878720.0,1.0,,,,,,,,,1878720.0,1878720.0,False,single,spotrac,123655000
moritz wagner,2023,8000000.0,1.0,8000000.0,8000000.0,8000000.0,1.0,,,,,,,,,8000000.0,8000000.0,True,single,spotrac,136021000
moritz wagner,2024,11000000.0,1.0,11000000.0,11000000.0,11000000.0,1.0,,51497,,,,,,,11000000.0,11000000.0,True,signing_contract,spotrac,140588000
tristan da silva,2024,3628440.0,3.0,3628440.0,3628440.0,3628440.0,1.0,,51497,,,,,,3628440.0,3628440.0,3628440.0,True,spotrac_cap_hit,spotrac,140588000
jevon carter,2019,1416852.0,1.0,1416852.0,1328299.0,1328299.0,1.0,,,1328299.0,,0.0,Active,1.0,,1416852.2666666666,1416852.2666666666,False,status_active,spotrac,109140000
jevon carter,2020,3925000.0,3.0,3925000.0,3925000.0,3925000.0,1.0,,,3925000.0,,0.0,Active,1.0,,3925000.0,3925000.0,True,status_active,spotrac,109140000
jevon carter,2021,3650000.0,3.0,3650000.0,3650000.0,3650000.0,2.0,4107149.0,457149,457149.0,3650000.0,0.0,Retained;Active,1.0,,457149.0,4107149.0,True,signing_contract,spotrac,112414000
jevon carter,2022,3925000.0,3.0,3925000.0,3925000.0,3925000.0,2.0,6025000.0,2100000,2100000.0,3925000.0,0.0,Retained;Active,1.0,,2100000.0,2100000.0,True,signing_contract,spotrac,123655000
jevon carter,2023,6190476.0,2.0,6190476.0,6190476.0,6190476.0,1.0,,,6190476.0,,0.0,Active,1.0,,6190476.0,6190476.0,True,status_active,spotrac,136021000
jevon carter,2024,6500000.0,2.0,6500000.0,6500000.0,6500000.0,1.0,,,6500000.0,,0.0,Active,1.0,,6500000.0,6500000.0,False,status_active,spotrac,140588000
joel embiid,2019,27504630.0,4.0,27504630.0,25785591.0,25785591.0,1.0,,,,,,,,,27504630.4,27504630.4,False,single,spotrac,109140000
joel embiid,2020,29542010.0,4.0,29542010.0,29542010.0,29542010.0,1.0,,,,,,,,,29542010.0,29542010.0,False,single,spotrac,109140000
joel embiid,2021,31579390.0,4.0,31579390.0,31579390.0,31579390.0,1.0,,,,,,,,,31579390.0,31579390.0,False,single,spotrac,112414000
joel embiid,2022,33616770.0,4.0,33616770.0,33616770.0,34466770.0,1.0,,,,,,,,,33616770.0,33616770.0,False,single,spotrac,123655000
joel embiid,2023,47607350.0,6.0,47607350.0,47607350.0,47607350.0,1.0,,,,,,,,,47607350.0,47607350.0,True,single,spotrac,136021000
joel embiid,2024,51415938.0,6.0,51415938.0,51415938.0,51415938.0,1.0,,,,,,,,,51415938.0,51415938.0,False,single,spotrac,140588000
paul george,2019,33005556.0,9.0,33005556.0,33005556.0,33005556.0,1.0,,,,,,,,,35205926.4,35205926.4,False,single,spotrac,109140000
paul george,2020,35450412.0,9.0,35450412.0,33387565.0,33387565.0,1.0,,,,,,,,,33387565.0,33387565.0,False,single,spotrac,109140000
paul george,2021,39344970.0,9.0,39344970.0,39344900.0,39344900.0,1.0,,,,,,,,,39344900.0,39344900.0,True,single,spotrac,112414000
paul george,2022,42492492.0,9.0,42492492.0,42492492.0,42492492.0,1.0,,,,,,,,,42492492.0,42492492.0,False,single,spotrac,123655000
paul george,2023,45640084.0,9.0,45640084.0,45640084.0,45640084.0,1.0,,,,,,,,,45640084.0,45640084.0,False,single,spotrac,136021000
paul george,2024,49205800.0,9.0,49205800.0,49205800.0,49205800.0,1.0,,,,,,,,49205800.0,49205800.0,49205800.0,True,spotrac_cap_hit,spotrac,140588000
tyrese maxey,2020,2478840.0,3.0,2478840.0,2478840.0,2478840.0,1.0,,,,,,,,2478840.0,2478840.0,2478840.0,True,spotrac_cap_hit,spotrac,109140000
tyrese maxey,2021,2602920.0,3.0,2602920.0,2602920.0,2602920.0,1.0,,,,,,,,2602920.0,2602920.0,2602920.0,False,spotrac_cap_hit,spotrac,112414000
tyrese maxey,2022,2726880.0,3.0,2726880.0,2726880.0,2726880.0,1.0,,,,,,,,2726880.0,2726880.0,2726880.0,False,spotrac_cap_hit,spotrac,123655000
tyrese maxey,2023,4343920.0,1.0,4343920.0,4343920.0,4343920.0,1.0,,,,,,,,4343920.0,4343920.0,4343920.0,False,spotrac_cap_hit,spotrac,136021000
tyrese maxey,2024,35147000.0,5.0,35147000.0,35147000.0,35147000.0,1.0,,,,,,,,35147000.0,35147000.0,35147000.0,True,spotrac_cap_hit,spotrac,140588000
quentin grimes,2021,2168760.0,3.0,2168760.0,2168640.0,2168640.0,1.0,,,,,,,,,2168640.0,2168640.0,True,single,spotrac,112414000
quentin grimes,2022,2277000.0,3.0,2277000.0,2277000.0,2277000.0,1.0,,,,,,,,,2277000.0,2277000.0,False,single,spotrac,123655000
quentin grimes,2023,2385720.0,3.0,2385720.0,904928.0,904928.0,2.0,2435720.0,1480792;50000,,,,,,,2435720.0,2435720.0,False,split,spotrac,136021000
quentin grimes,2024,4296682.0,1.0,4296682.0,1679163.0,1679163.0,2.0,4348179.0,51497;2617519,,,,,,,4348179.0,4348179.0,False,split,spotrac,140588000
kelly oubre jr.,2019,15625000.0,2.0,15625000.0,14648438.0,14648438.0,1.0,,,14648438.0,,0.0,Active,1.0,,15625000.533333333,15625000.533333333,True,status_active,spotrac,109140000
kelly oubre jr.,2020,14375000.0,2.0,14375000.0,14375000.0,14375000.0,1.0,,,14375000.0,,0.0,Active,1.0,,14375000.0,14375000.0,False,status_active,spotrac,109140000
kelly oubre jr.,2021,12000000.0,2.0,12000000.0,12000000.0,12000000.0,1.0,,,12000000.0,,0.0,Active,1.0,,12000000.0,12000000.0,True,status_active,spotrac,112414000
kelly oubre jr.,2022,12600000.0,2.0,12600000.0,12600000.0,12600000.0,1.0,,,12600000.0,,0.0,Active,1.0,,12600000.0,12600000.0,False,status_active,spotrac,123655000
kelly oubre jr.,2023,2019706.0,1.0,2019706.0,2891467.0,2891467.0,1.0,,,2891467.0,,0.0,Active,1.0,,2891467.0,2891467.0,True,status_active,spotrac,136021000
kelly oubre jr.,2024,7983000.0,2.0,7983000.0,7983000.0,7983000.0,1.0,,,7983000.0,,0.0,Active,1.0,,7983000.0,7983000.0,True,status_active,spotrac,140588000
andre drummond,2019,27093019.0,2.0,27093019.0,9021439.0,9021439.0,2.0,25399705.0,16378266,9021439.0,16378266.0,0.0,Active;Retained,1.0,,27093018.666666664,27093018.666666664,False,status_active,spotrac,109140000
andre drummond,2020,27957238.0,2.0,27957238.0,27957238.0,27957238.0,2.0,28751774.0,794536,794536.0,27957238.0,0.0,Retained;Active,1.0,,794536.0,794536.0,True,signing_contract,spotrac,109140000
andre drummond,2021,2401537.0,1.0,1669178.0,814314.0,814314.0,2.0,2401537.0,1587223,814314.0,1587223.0,0.0,Active;Retained,1.0,,2401537.0,2401537.0,True,signing_contract,spotrac,112414000
andre drummond,2022,3200000.0,2.0,3200000.0,3200000.0,3200000.0,1.0,,,3200000.0,,0.0,Active,1.0,,3200000.0,3200000.0,True,status_active,spotrac,123655000
andre drummond,2023,3360000.0,2.0,3360000.0,3360000.0,3360000.0,1.0,,,3360000.0,,0.0,Active / Player Exercised,1.0,,3360000.0,3360000.0,False,status_active,spotrac,136021000
andre drummond,2024,5000000.0,2.0,5000000.0,5000000.0,5000000.0,1.0,,,5000000.0,,0.0,Active,1.0,,5000000.0,5000000.0,True,status_active,spotrac,140588000
dominick barlow,2023,455620.0,2.0,455620.0,455620.0,455620.0,1.0,,,,,,,,,455620.0,455620.0,True,single,spotrac,136021000
dominick barlow,2024,491887.0,2.0,491887.0,491887.0,491887.0,1.0,,51497,,,,,,,491887.0,491887.0,True,single,spotrac,140588000
trendon watford,2022,1563518.0,1.0,1563518.0,1563518.0,1563518.0,1.0,,,,,,,,,1563518.0,,False,waived,bbref,123655000
trendon watford,2023,2019706.0,1.0,2019706.0,2019706.0,2019706.0,1.0,,,,,,,,,2019706.0,2019706.0,True,vet_min,spotrac,136021000
trendon watford,2024,2726603.0,3.0,2726603.0,2726603.0,2726603.0,1.0,,,,,,,,,2726603.0,2726603.0,True,single,spotrac,140588000
kyle lowry,2019,33296296.0,2.0,33296296.0,32809028.0,33009028.0,1.0,,,33009028.0,,0.0,Active,1.0,,34996296.53333333,34996296.53333333,False,status_active,spotrac,109140000
kyle lowry,2020,30500000.0,2.0,30500000.0,30000000.0,30000000.0,1.0,,,30000000.0,,0.0,Active,1.0,,30000000.0,30000000.0,True,status_active,spotrac,109140000
kyle lowry,2021,26984128.0,3.0,26984128.0,26984128.0,26984128.0,1.0,,,26984128.0,,0.0,Active,1.0,,26984128.0,26984128.0,True,status_active,spotrac,112414000
kyle lowry,2022,28333334.0,3.0,28333334.0,28333334.0,28333334.0,1.0,,,28333334.0,,0.0,Active,1.0,,28333334.0,28333334.0,False,status_active,spotrac,123655000
kyle lowry,2023,29682540.0,3.0,29682540.0,13019949.0,13019949.0,3.0,31339415.0,2795839;15523627,2795839.0,28543576.0,0.0,Buyout;Active;Retained,1.0,,2795839.0,18319466.0,True,signing_contract,spotrac,136021000
kyle lowry,2024,2087519.0,2.0,2087519.0,3303771.0,3303771.0,1.0,,,3303771.0,,0.0,Active,1.0,,3303771.0,3303771.0,True,vet_min,spotrac,140588000
justin edwards,2024,425619.0,1.0,425619.0,425619.0,425619.0,1.0,,,,,,,,,425619.0,425619.0,True,single,spotrac,140588000
adem bona,2024,1157153.0,1.0,1157153.0,1157153.0,1157153.0,1.0,,,,,,,,1157153.0,1157153.0,1157153.0,True,spotrac_cap_hit,spotrac,140588000
jabari walker,2022,1017781.0,1.0,1017781.0,1017781.0,1017781.0,1.0,,,1017781.0,,0.0,Active,1.0,,1017781.0,1017781.0,True,status_active,spotrac,123655000
jabari walker,2023,1719864.0,1.0,1719864.0,1719864.0,1719864.0,1.0,,,1719864.0,,0.0,Active,1.0,,1719864.0,1719864.0,False,status_active,spotrac,136021000
jabari walker,2024,2019699.0,1.0,2019699.0,2019699.0,2019699.0,1.0,,,2019699.0,,0.0,Active,1.0,,2019699.0,2019699.0,False,status_active,spotrac,140588000
cameron payne,2019,196288.0,1.0,196288.0,196288.0,196288.0,2.0,346288.0,150000,196288.0,150000.0,0.0,Active;Retained,1.0,,209373.86666666667,209373.86666666667,True,status_active,spotrac,109140000
cameron payne,2020,1977011.0,1.0,1977011.0,1977011.0,1977011.0,1.0,,,1977011.0,,0.0,Active / Club Exercised,1.0,,1977011.0,1977011.0,False,status_active,spotrac,109140000
cameron payne,2021,6500000.0,3.0,6500000.0,6500000.0,6500000.0,1.0,,,6500000.0,,0.0,Active,1.0,,6500000.0,6500000.0,True,status_active,spotrac,112414000
cameron payne,2022,6000000.0,3.0,6000000.0,6000000.0,6000000.0,1.0,,,6000000.0,,0.0,Active,1.0,,6000000.0,6000000.0,False,status_active,spotrac,123655000
cameron payne,2023,6500000.0,3.0,6500000.0,6500000.0,6500000.0,3.0,9491467.0,1096763;1794704;100000,1096763.0,8294704.0,100000.0,Retained;Active;Retained;NBA Cup,1.0,,2891467.0,9391467.0,True,signing_contract,spotrac,136021000
cameron payne,2024,2087519.0,1.0,2087519.0,3003427.0,3003427.0,1.0,,51497,3003427.0,,51497.0,Active;NBA Cup,1.0,,3003427.0,3003427.0,True,status_active,spotrac,140588000
charles bassey,2021,925258.0,1.0,925258.0,925258.0,925258.0,1.0,,,925258.0,,0.0,Active,1.0,,925258.0,925258.0,True,vet_min,spotrac,112414000
charles bassey,2022,2600000.0,2.0,2600000.0,2600000.0,2600000.0,2.0,2674742.0,74742,2600000.0,74742.0,0.0,Active;Retained,1.0,,2600000.0,2600000.0,True,signing_contract,spotrac,123655000
charles bassey,2023,2600000.0,2.0,2600000.0,2600000.0,2600000.0,1.0,,,2600000.0,,0.0,Active,1.0,,2600000.0,2600000.0,False,status_active,spotrac,136021000
charles bassey,2024,2087519.0,1.0,2087519.0,2162606.0,2162606.0,1.0,,,2162606.0,,0.0,Active,1.0,,2162606.0,2162606.0,True,status_active,spotrac,140588000
patrick baldwin jr.,2022,2226000.0,3.0,2226000.0,2226000.0,2226000.0,1.0,,,2226000.0,,0.0,Active,1.0,,2226000.0,2226000.0,True,status_active,spotrac,123655000
patrick baldwin jr.,2023,2337720.0,3.0,2337720.0,2337720.0,2337720.0,1.0,,,2337720.0,,0.0,Active,1.0,,2337720.0,2337720.0,False,status_active,spotrac,136021000
patrick baldwin jr.,2024,2448840.0,3.0,2448840.0,928870.0,928870.0,2.0,2448840.0,1519970,,2448840.0,0.0,Retained;Retained,0.0,,2448840.0,2448840.0,False,status_active,spotrac,140588000
devin booker,2019,27285000.0,5.0,27285000.0,25579688.0,25579688.0,1.0,,,,,,,,,27285000.533333335,27285000.533333335,True,single,spotrac,109140000
devin booker,2020,29467800.0,5.0,29467800.0,29467800.0,29467800.0,1.0,,,,,,,,,29467800.0,29467800.0,False,single,spotrac,109140000
devin booker,2021,31650600.0,5.0,31650600.0,31650600.0,31650600.0,1.0,,,,,,,,,31650600.0,31650600.0,False,single,spotrac,112414000
devin booker,2022,33833400.0,5.0,33833400.0,33833400.0,33833400.0,1.0,,,,,,,,,33833400.0,33833400.0,False,single,spotrac,123655000
devin booker,2023,36016200.0,5.0,36016200.0,36016200.0,36016200.0,1.0,,50000,,,,,,,36016200.0,36016200.0,False,single,spotrac,136021000
devin booker,2024,49205800.0,6.0,49205800.0,49205800.0,49205800.0,1.0,,,,,,,,49205800.0,49205800.0,49205800.0,True,spotrac_cap_hit,spotrac,140588000
jalen green,2021,8992200.0,3.0,8992200.0,8992080.0,8992080.0,1.0,,,,,,,,,8992080.0,8992080.0,True,single,spotrac,112414000
jalen green,2022,9441840.0,3.0,9441840.0,9441840.0,9441840.0,1.0,,,,,,,,,9441840.0,9441840.0,False,single,spotrac,123655000
jalen green,2023,9891480.0,3.0,9891480.0,9891480.0,9891480.0,1.0,,,,,,,,,9891480.0,9891480.0,False,single,spotrac,136021000
jalen green,2024,12483048.0,1.0,12483048.0,12483048.0,12483048.0,1.0,,102994,,,,,,,12483048.0,12483048.0,False,single,spotrac,140588000
dillon brooks,2019,1618520.0,1.0,1618520.0,1517363.0,1517363.0,1.0,,,1517363.0,,0.0,Active,1.0,,1618520.5333333334,1618520.5333333334,False,vet_min,spotrac,109140000
dillon brooks,2020,11400000.0,3.0,11400000.0,11400000.0,11400000.0,1.0,,,11400000.0,,0.0,Active,1.0,,11400000.0,11400000.0,True,status_active,spotrac,109140000
dillon brooks,2021,12200000.0,3.0,12200000.0,12200000.0,12200000.0,1.0,,,12200000.0,,0.0,Active,1.0,,12200000.0,12200000.0,False,status_active,spotrac,112414000
dillon brooks,2022,11400000.0,3.0,11400000.0,11400000.0,11400000.0,1.0,,,11400000.0,,0.0,Active,1.0,,11400000.0,11400000.0,False,status_active,spotrac,123655000
dillon brooks,2023,22627671.0,4.0,22627671.0,22627671.0,22627671.0,1.0,,,22627671.0,,0.0,Active,1.0,22627671.0,22627671.0,22627671.0,True,spotrac_cap_hit,spotrac,136021000
dillon brooks,2024,22255493.0,4.0,22255493.0,22255493.0,23255493.0,1.0,,102994,23255493.0,,102994.0,Active;NBA Cup,1.0,23255493.0,23255493.0,23255493.0,False,spotrac_cap_hit,spotrac,140588000
grayson allen,2019,2277563.0,2.0,2277563.0,2277563.0,2277563.0,1.0,,,,,,,,,2429400.533333333,2429400.533333333,False,single,spotrac,109140000
grayson allen,2020,2545320.0,2.0,2545320.0,2545320.0,2545320.0,1.0,,,,,,,,,2545320.0,2545320.0,False,single,spotrac,109140000
grayson allen,2021,4054695.0,1.0,4054695.0,4054695.0,4054695.0,1.0,,,,,,,,,4054695.0,4054695.0,False,single,spotrac,112414000
grayson allen,2022,8500000.0,2.0,8500000.0,8500000.0,8925000.0,1.0,,,,,,,,,8500000.0,8500000.0,True,single,spotrac,123655000
grayson allen,2023,8925000.0,2.0,8925000.0,8500000.0,8500000.0,1.0,,50000,,,,,,,8500000.0,8500000.0,False,single,spotrac,136021000
grayson allen,2024,15625000.0,4.0,15625000.0,15625000.0,15625000.0,1.0,,,,,,,,15625000.0,15625000.0,15625000.0,True,spotrac_cap_hit,spotrac,140588000
royce o'neale,2019,1618520.0,1.0,1618520.0,1517363.0,1517363.0,1.0,,,1517363.0,,0.0,Active,1.0,,1618520.5333333334,1618520.5333333334,False,vet_min,spotrac,109140000
royce o'neale,2020,8500000.0,8.0,8500000.0,8500000.0,8500000.0,1.0,,,8500000.0,,0.0,Active,1.0,,8500000.0,8500000.0,True,status_active,spotrac,109140000
royce o'neale,2021,8800000.0,8.0,8800000.0,8800000.0,8800000.0,1.0,,,8800000.0,,0.0,Active,1.0,,8800000.0,8800000.0,False,status_active,spotrac,112414000
royce o'neale,2022,9200000.0,8.0,9200000.0,9200000.0,9200000.0,1.0,,,9200000.0,,0.0,Active,1.0,,9200000.0,9200000.0,False,status_active,spotrac,123655000
royce o'neale,2023,9500000.0,8.0,9500000.0,3603448.0,3603448.0,1.0,,,3603448.0,,0.0,Active,1.0,,3603448.0,3603448.0,False,status_active,spotrac,136021000
royce o'neale,2024,9375000.0,8.0,9375000.0,9375000.0,9375000.0,1.0,,,9375000.0,,0.0,Active,1.0,9375000.0,9375000.0,9375000.0,True,spotrac_cap_hit,spotrac,140588000
mark williams,2022,3722040.0,3.0,3722040.0,3722040.0,3722040.0,1.0,,,3722040.0,,0.0,Active,1.0,,3722040.0,3722040.0,True,status_active,spotrac,123655000
mark williams,2023,3908160.0,3.0,3908160.0,3908160.0,3908160.0,1.0,,,3908160.0,,0.0,Active,1.0,,3908160.0,3908160.0,False,status_active,spotrac,136021000
mark williams,2024,4094280.0,3.0,4094280.0,4094280.0,4094280.0,1.0,,,4094280.0,,0.0,Active / Club Exercised,1.0,,4094280.0,4094280.0,False,status_active,spotrac,140588000
ryan dunn,2024,2530800.0,3.0,2530800.0,2530800.0,2530800.0,1.0,,,,,,,,2530800.0,2530800.0,2530800.0,True,spotrac_cap_hit,spotrac,140588000
jordan goodwin,2021,53176.0,1.0,53176.0,53176.0,53176.0,1.0,,,,,,,,,53176.0,,True,waived,bbref,112414000
jordan goodwin,2022,900000.0,1.0,900000.0,900000.0,900000.0,1.0,,,,,,,,,900000.0,900000.0,True,single,spotrac,123655000
jordan goodwin,2023,1927896.0,1.0,1927896.0,731271.0,731271.0,3.0,2093971.0,116075;1196625;50000,,,,,,,2019706.0,2019706.0,False,vet_min,spotrac,136021000
jordan goodwin,2024,223718.0,1.0,223718.0,223718.0,223718.0,1.0,,15000,,,,,,,2162606.0,,True,signing_contract,spotrac,140588000
amir coffey,2022,3395062.0,3.0,3395062.0,3395062.0,3395062.0,1.0,,,3395062.0,,0.0,Active,1.0,,3395062.0,3395062.0,True,status_active,spotrac,123655000
amir coffey,2023,3666667.0,3.0,3666667.0,3666667.0,3666667.0,1.0,,,3666667.0,,0.0,Active,1.0,,3666667.0,3666667.0,False,status_active,spotrac,136021000
amir coffey,2024,3938271.0,3.0,3938271.0,3938271.0,3938271.0,1.0,,,3938271.0,,0.0,Active,1.0,,3938271.0,3938271.0,False,status_active,spotrac,140588000
oso ighodaro,2024,1157153.0,1.0,1157153.0,1157153.0,1157153.0,1.0,,,,,,,,1157153.0,1157153.0,1157153.0,True,spotrac_cap_hit,spotrac,140588000
bradley beal,2019,25399705.0,2.0,25399705.0,25399705.0,25399705.0,1.0,,,,,,,,,27093018.666666668,27093018.666666668,False,single,spotrac,109140000
bradley beal,2020,28751774.0,2.0,28751774.0,28751774.0,28751774.0,1.0,,,,,,,,,28751774.0,28751774.0,False,single,spotrac,109140000
bradley beal,2021,33724200.0,1.0,33724200.0,33724200.0,33724200.0,1.0,,,,,,,,,33724200.0,33724200.0,True,single,spotrac,112414000
bradley beal,2022,43279250.0,3.0,43279250.0,43279250.0,43279250.0,1.0,,,,,,,,,43279250.0,43279250.0,True,single,spotrac,123655000
bradley beal,2023,46741590.0,3.0,46741590.0,46741590.0,46741590.0,1.0,,50000,,,,,,,46741590.0,46741590.0,False,single,spotrac,136021000
bradley beal,2024,50203930.0,3.0,50203930.0,50203930.0,50203930.0,1.0,,,,,,,,,50203930.0,50203930.0,False,single,spotrac,140588000
nassir little,2019,2105520.0,3.0,2105520.0,1973925.0,1973925.0,1.0,,,1973925.0,,0.0,Active,1.0,,2105520.0,2105520.0,True,status_active,spotrac,109140000
nassir little,2020,2210640.0,3.0,2210640.0,2210640.0,2210640.0,1.0,,,2210640.0,,0.0,Active,1.0,,2210640.0,2210640.0,False,status_active,spotrac,109140000
nassir little,2021,2316240.0,3.0,2316240.0,2316240.0,2316240.0,1.0,,,2316240.0,,0.0,Active / Club Exercised,1.0,,2316240.0,2316240.0,False,status_active,spotrac,112414000
nassir little,2022,4171548.0,1.0,4171548.0,4171548.0,4171548.0,1.0,,,4171548.0,,0.0,Active / Club Exercised,1.0,,4171548.0,4171548.0,False,status_active,spotrac,123655000
nassir little,2023,6250000.0,1.0,6250000.0,6250000.0,6250000.0,1.0,,50000,6250000.0,,50000.0,Active;NBA Cup,1.0,,6250000.0,6250000.0,True,status_active,spotrac,136021000
nassir little,2024,3107143.0,5.0,3107143.0,3107143.0,3107143.0,1.0,,,,3107143.0,0.0,Retained,0.0,,,,True,retained_only,spotrac,140588000
cole anthony,2020,3285120.0,3.0,3285120.0,3285120.0,3285120.0,1.0,,,3285120.0,,0.0,Active,1.0,,3285120.0,3285120.0,True,status_active,spotrac,109140000
cole anthony,2021,3449400.0,3.0,3449400.0,3449400.0,3449400.0,1.0,,,3449400.0,,0.0,Active,1.0,,3449400.0,3449400.0,False,status_active,spotrac,112414000
cole anthony,2022,3613680.0,3.0,3613680.0,3613680.0,3613680.0,1.0,,,3613680.0,,0.0,Active / Club Exercised,1.0,,3613680.0,3613680.0,False,status_active,spotrac,123655000
cole anthony,2023,5539771.0,1.0,5539771.0,5539771.0,5539771.0,1.0,,,5539771.0,,0.0,Active / Club Exercised,1.0,,5539771.0,5539771.0,False,status_active,spotrac,136021000
cole anthony,2024,12900000.0,1.0,12900000.0,12900000.0,12900000.0,1.0,,51497,12900000.0,,51497.0,Active;NBA Cup,1.0,,12900000.0,12900000.0,True,status_active,spotrac,140588000
e.j. liddell,2023,1801769.0,1.0,1801769.0,1801769.0,1801769.0,1.0,,100000,1801769.0,,100000.0,Active;NBA Cup,1.0,,1801769.0,1801769.0,True,vet_min,spotrac,136021000
e.j. liddell,2024,706898.0,3.0,706898.0,706898.0,706898.0,1.0,,,,706898.0,0.0,Retained,0.0,,706898.0,706898.0,True,status_active,spotrac,140588000
jrue holiday,2019,26131111.0,2.0,26131111.0,25111111.0,26231111.0,1.0,,,,,,,,,26785185.066666666,26785185.066666666,False,single,spotrac,109140000
jrue holiday,2020,25876111.0,2.0,25876111.0,25111111.0,27026111.0,1.0,,,,,,,,,25111111.0,25111111.0,False,single,spotrac,109140000
jrue holiday,2021,30133333.0,3.0,30133333.0,30133333.0,31171333.0,1.0,,,,,,,,,30133333.0,30133333.0,True,single,spotrac,112414000
jrue holiday,2022,33665040.0,3.0,33665040.0,32544000.0,34319480.0,1.0,,,,,,,,,32544000.0,32544000.0,False,single,spotrac,123655000
jrue holiday,2023,36861707.0,3.0,36861707.0,34954667.0,37620347.0,1.0,,50000,,,,,,,34954667.0,34954667.0,False,single,spotrac,136021000
jrue holiday,2024,30000000.0,4.0,30000000.0,30000000.0,30000000.0,1.0,,,,,,,,30000000.0,30000000.0,30000000.0,True,spotrac_cap_hit,spotrac,140588000
jerami grant,2019,9346153.0,1.0,9346153.0,8762018.0,8762018.0,1.0,,,,,,,,,9346152.533333333,9346152.533333333,False,single,spotrac,109140000
jerami grant,2020,19050000.0,3.0,19050000.0,19050000.0,19050000.0,1.0,,,,,,,,,19050000.0,19050000.0,True,single,spotrac,109140000
jerami grant,2021,20002500.0,3.0,20002500.0,20002500.0,20002500.0,1.0,,,,,,,,,20002500.0,20002500.0,False,single,spotrac,112414000
jerami grant,2022,20955000.0,3.0,20955000.0,20955000.0,20955000.0,1.0,,,,,,,,,20955000.0,20955000.0,False,single,spotrac,123655000
jerami grant,2023,27586207.0,5.0,27586207.0,27586207.0,27586207.0,1.0,,,,,,,,27586207.0,27586207.0,27586207.0,True,spotrac_cap_hit,spotrac,136021000
jerami grant,2024,29793104.0,5.0,29793104.0,29793104.0,29793104.0,1.0,,,,,,,,29793104.0,29793104.0,29793104.0,False,spotrac_cap_hit,spotrac,140588000
deni avdija,2020,4469160.0,3.0,4469160.0,4469160.0,4469160.0,1.0,,,4469160.0,,0.0,Active,1.0,,4469160.0,4469160.0,True,status_active,spotrac,109140000
deni avdija,2021,4692840.0,3.0,4692840.0,4692840.0,4692840.0,1.0,,,4692840.0,,0.0,Active,1.0,,4692840.0,4692840.0,False,status_active,spotrac,112414000
deni avdija,2022,4916160.0,3.0,4916160.0,4916160.0,4916160.0,1.0,,,4916160.0,,0.0,Active / Club Exercised,1.0,,4916160.0,4916160.0,False,status_active,spotrac,123655000
deni avdija,2023,6263188.0,1.0,6263188.0,6263188.0,6263188.0,1.0,,,6263188.0,,0.0,Active / Club Exercised,1.0,,6263188.0,6263188.0,False,status_active,spotrac,136021000
deni avdija,2024,15625000.0,4.0,15625000.0,15625000.0,15625000.0,1.0,,,15625000.0,,0.0,Active,1.0,15625000.0,15625000.0,15625000.0,True,spotrac_cap_hit,spotrac,140588000
damian lillard,2019,29802321.0,2.0,29802321.0,27939676.0,27939676.0,1.0,,,,,,,,,29802321.066666666,29802321.066666666,False,single,spotrac,109140000
damian lillard,2020,31626953.0,2.0,31626953.0,31626953.0,31626953.0,1.0,,,,,,,,,31626953.0,31626953.0,False,single,spotrac,109140000
damian lillard,2021,39344900.0,4.0,39344900.0,39344900.0,39344900.0,1.0,,,,,,,,,39344900.0,39344900.0,True,single,spotrac,112414000
damian lillard,2022,42492492.0,4.0,42492492.0,42492492.0,42492492.0,1.0,,,,,,,,,42492492.0,42492492.0,False,single,spotrac,123655000
damian lillard,2023,45640084.0,4.0,45640084.0,45640084.0,45640084.0,1.0,,100000,,,,,,,45640084.0,45640084.0,False,single,spotrac,136021000
damian lillard,2024,48787676.0,4.0,48787676.0,48787676.0,48787676.0,1.0,,514970,,,,,,,48787676.0,48787676.0,False,single,spotrac,140588000
robert williams,2019,1937520.0,2.0,1937520.0,,,,,,,,,,,,1937520.0,,False,fallback_bbref,bbref,109140000
robert williams,2020,2029920.0,2.0,2029920.0,,,,,,,,,,,,2029920.0,,False,fallback_bbref,bbref,109140000
robert williams,2021,3661976.0,1.0,3661976.0,,,,,,,,,,,,3661976.0,,False,fallback_bbref,bbref,112414000
robert williams,2022,10937502.0,4.0,10937502.0,,,,,,,,,,,,10937502.0,,False,fallback_bbref,bbref,123655000
robert williams,2023,11571429.0,4.0,11571429.0,,,,,,,,,,,,11571429.0,,False,fallback_bbref,bbref,136021000
robert williams,2024,12428571.0,4.0,12428571.0,,,,,,,,,,,,12428571.0,,False,fallback_bbref,bbref,140588000
matisse thybulle,2019,2582160.0,3.0,2582160.0,2582160.0,2582160.0,1.0,,,2582160.0,,0.0,Active,1.0,,2754304.0,2754304.0,True,status_active,spotrac,109140000
matisse thybulle,2020,2711280.0,3.0,2711280.0,2711280.0,2711280.0,1.0,,,2711280.0,,0.0,Active,1.0,,2711280.0,2711280.0,False,status_active,spotrac,109140000
matisse thybulle,2021,2840160.0,3.0,2840160.0,2840160.0,2840160.0,1.0,,,2840160.0,,0.0,Active / Club Exercised,1.0,,2840160.0,2840160.0,False,status_active,spotrac,112414000
matisse thybulle,2022,4379527.0,1.0,4379527.0,1485012.0,1485012.0,2.0,4379527.0,2894515,1485012.0,2894515.0,0.0,Active / Club Exercised;Retained,1.0,,4379527.0,4379527.0,False,status_active,spotrac,123655000
matisse thybulle,2023,10500000.0,3.0,10500000.0,10500000.0,10500000.0,1.0,,,10500000.0,,0.0,Active,1.0,,10500000.0,10500000.0,True,status_active,spotrac,136021000
matisse thybulle,2024,11025000.0,3.0,11025000.0,11025000.0,11025000.0,1.0,,,11025000.0,,0.0,Active,1.0,,11025000.0,11025000.0,False,status_active,spotrac,140588000
scoot henderson,2023,9770880.0,3.0,9770880.0,9770880.0,9770880.0,1.0,,,,,,,,9770880.0,9770880.0,9770880.0,True,spotrac_cap_hit,spotrac,136021000
scoot henderson,2024,10259160.0,3.0,10259160.0,10259160.0,10259160.0,1.0,,,,,,,,10259160.0,10259160.0,10259160.0,False,spotrac_cap_hit,spotrac,140588000
shaedon sharpe,2022,6012960.0,3.0,6012960.0,6012960.0,6012960.0,1.0,,,6012960.0,,0.0,Active,1.0,,6012960.0,6012960.0,True,status_active,spotrac,123655000
shaedon sharpe,2023,6313800.0,3.0,6313800.0,6313800.0,6313800.0,1.0,,,6313800.0,,0.0,Active,1.0,,6313800.0,6313800.0,False,status_active,spotrac,136021000
shaedon sharpe,2024,6614160.0,3.0,6614160.0,6614160.0,6614160.0,1.0,,,6614160.0,,0.0,Active / Club Exercised,1.0,,6614160.0,6614160.0,False,status_active,spotrac,140588000
donovan clingan,2024,6836400.0,3.0,6836400.0,6836400.0,6836400.0,1.0,,,,,,,,6836400.0,6836400.0,6836400.0,True,spotrac_cap_hit,spotrac,140588000
kris murray,2023,2847480.0,3.0,2847480.0,2847480.0,2847480.0,1.0,,,,,,,,2847480.0,2847480.0,2847480.0,True,spotrac_cap_hit,spotrac,136021000
kris murray,2024,2990040.0,3.0,2990040.0,2990040.0,2990040.0,1.0,,,,,,,,2990040.0,2990040.0,2990040.0,False,spotrac_cap_hit,spotrac,140588000
vit krejci,2021,925258.0,1.0,925258.0,,,,,,,,,,,,925258.0,,False,fallback_bbref,bbref,112414000
vit krejci,2022,1563518.0,1.0,1563518.0,,,,,,,,,,,,1563518.0,,False,fallback_bbref,bbref,123655000
vit krejci,2024,2162606.0,4.0,2162606.0,,,,,,,,,,,,2162606.0,,False,fallback_bbref,bbref,140588000
blake wesley,2022,2385480.0,3.0,2385480.0,2385480.0,2385480.0,1.0,,,2385480.0,,0.0,Active,1.0,,2385480.0,2385480.0,True,status_active,spotrac,123655000
blake wesley,2023,2504640.0,3.0,2504640.0,2504640.0,2504640.0,1.0,,,2504640.0,,0.0,Active,1.0,,2504640.0,2504640.0,False,status_active,spotrac,136021000
blake wesley,2024,2624280.0,3.0,2624280.0,2624280.0,2624280.0,1.0,,,2624280.0,,0.0,Active / Club Exercised,1.0,,2624280.0,2624280.0,False,status_active,spotrac,140588000
toumani camara,2023,1119563.0,1.0,1119563.0,1119563.0,1119563.0,1.0,,,1119563.0,,0.0,Active,1.0,,1119563.0,1119563.0,True,vet_min,spotrac,136021000
toumani camara,2024,1891857.0,1.0,1891857.0,1891857.0,1891857.0,1.0,,,1891857.0,,0.0,Active,1.0,,1891857.0,1891857.0,False,status_active,spotrac,140588000
sidy cissoko,2023,1119563.0,1.0,1119563.0,855605.0,855605.0,1.0,,,855605.0,,0.0,Active,1.0,,855605.0,855605.0,True,status_active,spotrac,136021000
sidy cissoko,2024,1891857.0,1.0,1891857.0,626835.0,626835.0,3.0,1618543.0,972997;18711,,1618543.0,0.0,Retained;Retained;Retained,0.0,,1618543.0,1618543.0,False,status_active,spotrac,140588000
rayan rupert,2023,1119563.0,1.0,1119563.0,1119563.0,1119563.0,1.0,,,1119563.0,,0.0,Active,1.0,,1119563.0,1119563.0,True,vet_min,spotrac,136021000
rayan rupert,2024,1891857.0,1.0,1891857.0,1891857.0,1891857.0,1.0,,,1891857.0,,0.0,Active,1.0,,1891857.0,1891857.0,False,status_active,spotrac,140588000
didi louzada,2020,123056.0,1.0,123056.0,123056.0,123056.0,1.0,,,123056.0,,0.0,Active,1.0,,123056.0,123056.0,True,status_active,spotrac,109140000
didi louzada,2021,1786878.0,1.0,1669178.0,1160444.0,1160444.0,2.0,1786878.0,626434,626434.0,1160444.0,0.0,Retained;Active,1.0,,1786878.0,1669178.0,True,vet_min,spotrac,112414000
didi louzada,2022,268032.0,7.0,268032.0,268032.0,268032.0,1.0,,,,268032.0,0.0,Retained,0.0,,,,False,retained_only,spotrac,123655000
didi louzada,2023,268032.0,7.0,268032.0,268032.0,268032.0,1.0,,,,268032.0,0.0,Retained,0.0,,,,False,retained_only,spotrac,136021000
didi louzada,2024,268032.0,7.0,268032.0,268032.0,268032.0,1.0,,,,268032.0,0.0,Retained,0.0,,,,False,retained_only,spotrac,140588000
zach lavine,2019,19500000.0,3.0,19500000.0,18281250.0,18281250.0,1.0,,,,,,,,,19500000.0,19500000.0,False,single,spotrac,109140000
zach lavine,2020,19500000.0,3.0,19500000.0,19500000.0,19500000.0,1.0,,,,,,,,,19500000.0,19500000.0,False,single,spotrac,109140000
zach lavine,2021,19500000.0,3.0,19500000.0,19500000.0,19500000.0,1.0,,,,,,,,,19500000.0,19500000.0,False,single,spotrac,112414000
zach lavine,2022,37096500.0,5.0,37096500.0,37096500.0,37096500.0,1.0,,,,,,,,37096500.0,37096500.0,37096500.0,True,spotrac_cap_hit,spotrac,123655000
zach lavine,2023,40064220.0,5.0,40064220.0,40064220.0,40064220.0,1.0,,,,,,,,40064220.0,40064220.0,40064220.0,False,spotrac_cap_hit,spotrac,136021000
zach lavine,2024,44531940.0,5.0,44531940.0,17311700.0,17311700.0,2.0,43031940.0,25720240,,,,,,44531940.0,44531940.0,44531940.0,False,spotrac_cap_hit,spotrac,140588000
domantas sabonis,2019,3529555.0,1.0,3529555.0,3308958.0,3308958.0,1.0,,,3308958.0,,0.0,Active,1.0,,3529555.2,3529555.2,False,status_active,spotrac,109140000
domantas sabonis,2020,19800000.0,3.0,19800000.0,18500000.0,19800000.0,1.0,,,19800000.0,,0.0,Active,1.0,,18500000.0,18500000.0,True,status_active,spotrac,109140000
domantas sabonis,2021,18500000.0,3.0,18500000.0,18500000.0,18500000.0,2.0,30514368.0,12014368,18500000.0,12014368.0,0.0,Active;Retained,1.0,,30514368.0,30514368.0,False,status_active,spotrac,112414000
domantas sabonis,2022,18500000.0,3.0,18500000.0,18500000.0,21100000.0,1.0,,,21100000.0,,0.0,Active,1.0,,18500000.0,18500000.0,False,status_active,spotrac,123655000
domantas sabonis,2023,30600000.0,1.0,30600000.0,28000000.0,29300000.0,1.0,,50000,29300000.0,,50000.0,Active;NBA Cup,1.0,,28000000.0,28000000.0,False,status_active,spotrac,136021000
domantas sabonis,2024,40500000.0,4.0,40500000.0,39200000.0,39200000.0,1.0,,,39200000.0,,0.0,Active,1.0,39200000.0,39200000.0,39200000.0,True,spotrac_cap_hit,spotrac,140588000
demar derozan,2019,27739975.0,5.0,27739975.0,26006227.0,26006227.0,1.0,,,26006227.0,,0.0,Active,1.0,,27739975.466666665,27739975.466666665,False,status_active,spotrac,109140000
demar derozan,2020,27739975.0,5.0,27739975.0,27739975.0,27739975.0,1.0,,,27739975.0,,0.0,Active / Player Exercised,1.0,,27739975.0,27739975.0,False,status_active,spotrac,109140000
demar derozan,2021,26000000.0,5.0,26000000.0,26000000.0,26000000.0,1.0,,,26000000.0,,0.0,Active,1.0,,26000000.0,26000000.0,True,status_active,spotrac,112414000
demar derozan,2022,27300000.0,5.0,27300000.0,27300000.0,27300000.0,1.0,,,27300000.0,,0.0,Active,1.0,,27300000.0,27300000.0,False,status_active,spotrac,123655000
demar derozan,2023,28600000.0,5.0,28600000.0,28600000.0,28600000.0,1.0,,,28600000.0,,0.0,Active,1.0,,28600000.0,28600000.0,False,status_active,spotrac,136021000
demar derozan,2024,23400000.0,3.0,23400000.0,23400000.0,23400000.0,1.0,,,23400000.0,,0.0,Active,1.0,,23400000.0,23400000.0,True,status_active,spotrac,140588000
de'andre hunter,2019,7068360.0,3.0,7068360.0,6626588.0,6626588.0,1.0,,,6626588.0,,0.0,Active,1.0,,7068360.533333333,7068360.533333333,True,status_active,spotrac,109140000
de'andre hunter,2020,7422000.0,3.0,7422000.0,7422000.0,7422000.0,1.0,,,7422000.0,,0.0,Active,1.0,,7422000.0,7422000.0,False,status_active,spotrac,109140000
de'andre hunter,2021,7775400.0,3.0,7775400.0,7775400.0,7775400.0,1.0,,,7775400.0,,0.0,Active / Club Exercised,1.0,,7775400.0,7775400.0,False,status_active,spotrac,112414000
de'andre hunter,2022,9835881.0,1.0,9835881.0,9835881.0,9835881.0,1.0,,,9835881.0,,0.0,Active / Club Exercised,1.0,,9835881.0,9835881.0,False,status_active,spotrac,123655000
de'andre hunter,2023,20089286.0,4.0,20089286.0,20089286.0,20089286.0,1.0,,,20089286.0,,0.0,Active,1.0,20089286.0,20089286.0,20089286.0,True,spotrac_cap_hit,spotrac,136021000
de'andre hunter,2024,21696429.0,4.0,21696429.0,8229680.0,8229680.0,2.0,21799423.0,102994;13466749,8229680.0,13466749.0,102994.0,Active;NBA Cup;Retained,1.0,21696429.0,21696429.0,21696429.0,False,spotrac_cap_hit,spotrac,140588000
malik monk,2019,4028400.0,1.0,4028400.0,3776625.0,3776625.0,1.0,,,,,,,,,4028400.0,4028400.0,False,single,spotrac,109140000
malik monk,2020,5345687.0,1.0,5345687.0,5345687.0,5345687.0,1.0,,,,,,,,,5345687.0,5345687.0,False,single,spotrac,109140000
malik monk,2021,1789256.0,1.0,1669178.0,1789256.0,1789256.0,1.0,,,,,,,,,1669178.0,1669178.0,True,vet_min,spotrac,112414000
malik monk,2022,9472219.0,2.0,9472219.0,9472219.0,9472219.0,1.0,,,,,,,,,9472219.0,9472219.0,True,single,spotrac,123655000
malik monk,2023,9945830.0,2.0,9945830.0,9945830.0,9945830.0,1.0,,50000,,,,,,,9945830.0,9945830.0,False,single,spotrac,136021000
malik monk,2024,17405203.0,4.0,17405203.0,17405203.0,17405203.0,1.0,,,,,,,,17405203.0,17405203.0,17405203.0,True,spotrac_cap_hit,spotrac,140588000
keegan murray,2022,8008440.0,3.0,8008440.0,8008440.0,8008440.0,1.0,,,8008440.0,,0.0,Active,1.0,,8008440.0,8008440.0,True,status_active,spotrac,123655000
keegan murray,2023,8409000.0,3.0,8409000.0,8409000.0,8409000.0,1.0,,50000,8409000.0,,50000.0,Active;NBA Cup,1.0,,8409000.0,8409000.0,False,status_active,spotrac,136021000
keegan murray,2024,8809560.0,3.0,8809560.0,8809560.0,8809560.0,1.0,,,8809560.0,,0.0,Active / Club Exercised,1.0,,8809560.0,8809560.0,False,status_active,spotrac,140588000
devin carter,2024,4689000.0,3.0,4689000.0,4689000.0,4689000.0,1.0,,,,,,,,4689000.0,4689000.0,4689000.0,True,spotrac_cap_hit,spotrac,140588000
russell westbrook,2019,38506482.0,4.0,38506482.0,37303152.0,37303152.0,1.0,,,37303152.0,,0.0,Active,1.0,,39790028.8,39790028.8,False,status_active,spotrac,109140000
russell westbrook,2020,41358814.0,4.0,41358814.0,40158814.0,40158814.0,1.0,,,40158814.0,,0.0,Active,1.0,,40158814.0,40158814.0,False,status_active,spotrac,109140000
russell westbrook,2021,44211146.0,4.0,44211146.0,44211146.0,44211146.0,1.0,,,44211146.0,,0.0,Active,1.0,,44211146.0,44211146.0,False,status_active,spotrac,112414000
russell westbrook,2022,46295265.0,4.0,46295265.0,15958306.0,15958306.0,3.0,47848392.0,784914;31105172,784914.0,47063478.0,0.0,Buyout;Active;Retained,1.0,,784914.0,31890086.0,True,signing_contract,spotrac,123655000
russell westbrook,2023,3835738.0,1.0,3835738.0,3835738.0,3835738.0,1.0,,,3835738.0,,0.0,Active,1.0,,3835738.0,3835738.0,True,status_active,spotrac,136021000
russell westbrook,2024,3303771.0,1.0,2087519.0,3303771.0,3303771.0,2.0,5631296.0,2327525,3303771.0,2327525.0,0.0,Active;Buyout,1.0,,3303771.0,2087519.0,True,vet_min,spotrac,140588000
drew eubanks,2020,1620564.0,3.0,1620564.0,1620564.0,1620564.0,1.0,,,1620564.0,,0.0,Active,1.0,,1620564.0,1620564.0,True,vet_min,spotrac,109140000
drew eubanks,2021,1762796.0,3.0,1762796.0,597730.0,597730.0,3.0,2239820.0,99380;99380;99380;99380;79504;1165066,,2239820.0,0.0,Retained;Retained;Retained;Retained;Retained;Retained;Retained,0.0,,2239820.0,2239820.0,False,status_active,spotrac,112414000
drew eubanks,2022,1836090.0,3.0,1836090.0,1968175.0,1968175.0,1.0,,,1968175.0,,0.0,Active,1.0,,1968175.0,1968175.0,True,vet_min,spotrac,123655000
drew eubanks,2023,2346614.0,1.0,2019706.0,2346614.0,2346614.0,1.0,,50000,2346614.0,,50000.0,Active;NBA Cup,1.0,,2346614.0,2346614.0,True,status_active,spotrac,136021000
drew eubanks,2024,5000000.0,1.0,5000000.0,2040230.0,2040230.0,2.0,5000000.0,2959770,2040230.0,2959770.0,0.0,Active;Retained,1.0,,5000000.0,5000000.0,True,signing_contract,spotrac,140588000
doug mcdermott,2019,7333334.0,2.0,7333334.0,6875000.0,6875000.0,1.0,,,6875000.0,,0.0,Active,1.0,,7333333.333333333,7333333.333333333,False,status_active,spotrac,109140000
doug mcdermott,2020,7333333.0,2.0,7333333.0,7333333.0,7333333.0,1.0,,,7333333.0,,0.0,Active,1.0,,7333333.0,7333333.0,False,status_active,spotrac,109140000
doug mcdermott,2021,13750000.0,3.0,13750000.0,13750000.0,13750000.0,1.0,,,13750000.0,,0.0,Active,1.0,,13750000.0,13750000.0,True,status_active,spotrac,112414000
doug mcdermott,2022,13750000.0,3.0,13750000.0,13750000.0,13750000.0,1.0,,,13750000.0,,0.0,Active,1.0,,13750000.0,13750000.0,False,status_active,spotrac,123655000
doug mcdermott,2023,13750000.0,3.0,13750000.0,5215517.0,5465517.0,2.0,13750000.0,8534483,5465517.0,8534483.0,0.0,Active;Retained,1.0,,13750000.0,13750000.0,False,status_active,spotrac,136021000
doug mcdermott,2024,2087519.0,2.0,2087519.0,3303771.0,3303771.0,1.0,,,3303771.0,,0.0,Active,1.0,,3303771.0,3303771.0,True,vet_min,spotrac,140588000
precious achiuwa,2020,2582160.0,3.0,2582160.0,2582160.0,2582160.0,1.0,,,2582160.0,,0.0,Active,1.0,,2582160.0,2582160.0,True,status_active,spotrac,109140000
precious achiuwa,2021,2711280.0,3.0,2711280.0,2711280.0,2711280.0,1.0,,,2711280.0,,0.0,Active,1.0,,2711280.0,2711280.0,False,status_active,spotrac,112414000
precious achiuwa,2022,2840160.0,3.0,2840160.0,2840160.0,2840160.0,1.0,,,2840160.0,,0.0,Active / Club Exercised,1.0,,2840160.0,2840160.0,False,status_active,spotrac,123655000
precious achiuwa,2023,4379527.0,1.0,4379527.0,2693157.0,2693157.0,2.0,4379527.0,1686370,2693157.0,1686370.0,0.0,Active / Club Exercised;Retained,1.0,,4379527.0,4379527.0,False,status_active,spotrac,136021000
precious achiuwa,2024,6000000.0,1.0,6000000.0,6000000.0,6000000.0,1.0,,51497,6000000.0,,51497.0,Active;NBA Cup,1.0,,6000000.0,6000000.0,True,status_active,spotrac,140588000
killian hayes,2020,5307120.0,3.0,5307120.0,5307120.0,5307120.0,1.0,,,5307120.0,,0.0,Active,1.0,,5307120.0,5307120.0,True,status_active,spotrac,109140000
killian hayes,2021,5572680.0,3.0,5572680.0,5572680.0,5572680.0,1.0,,,5572680.0,,0.0,Active,1.0,,5572680.0,5572680.0,False,status_active,spotrac,112414000
killian hayes,2022,5837760.0,3.0,5837760.0,5837760.0,5837760.0,1.0,,,5837760.0,,0.0,Active / Club Exercised,1.0,,5837760.0,5837760.0,False,status_active,spotrac,123655000
killian hayes,2023,7413955.0,1.0,7413955.0,7413955.0,7413955.0,1.0,,,,7413955.0,0.0,Retained,0.0,,,,False,retained_only,spotrac,136021000
killian hayes,2024,119972.0,1.0,119972.0,124288.0,124288.0,1.0,,,,124288.0,0.0,Retained,0.0,,,,True,retained_only,spotrac,140588000
de'aaron fox,2019,6392760.0,1.0,6392760.0,5993213.0,5993213.0,1.0,,,5993213.0,,0.0,Active / Club Exercised,1.0,,6392760.533333333,6392760.533333333,False,status_active,spotrac,109140000
de'aaron fox,2020,8099627.0,1.0,8099627.0,8099627.0,8099627.0,1.0,,,8099627.0,,0.0,Active / Club Exercised,1.0,,8099627.0,8099627.0,False,status_active,spotrac,109140000
de'aaron fox,2021,28103500.0,5.0,28103500.0,28103500.0,28103500.0,1.0,,,28103500.0,,0.0,Active,1.0,,28103500.0,28103500.0,True,status_active,spotrac,112414000
de'aaron fox,2022,30351780.0,5.0,30351780.0,30351780.0,30351780.0,1.0,,,30351780.0,,0.0,Active,1.0,,30351780.0,30351780.0,False,status_active,spotrac,123655000
de'aaron fox,2023,32600060.0,5.0,32600060.0,32600060.0,32600060.0,1.0,,50000,32600060.0,,50000.0,Active;NBA Cup,1.0,,32600060.0,32600060.0,False,status_active,spotrac,136021000
de'aaron fox,2024,34848340.0,5.0,34848340.0,14019447.0,14019447.0,2.0,34848340.0,20828893,14019447.0,20828893.0,0.0,Active;Retained,1.0,,34848340.0,34848340.0,False,status_active,spotrac,140588000
devin vassell,2020,4033440.0,3.0,4033440.0,4033440.0,4033440.0,1.0,,,4033440.0,,0.0,Active,1.0,,4033440.0,4033440.0,True,status_active,spotrac,109140000
devin vassell,2021,4235160.0,3.0,4235160.0,4235160.0,4235160.0,1.0,,,4235160.0,,0.0,Active,1.0,,4235160.0,4235160.0,False,status_active,spotrac,112414000
devin vassell,2022,4437000.0,3.0,4437000.0,4437000.0,4437000.0,1.0,,,4437000.0,,0.0,Active / Club Exercised,1.0,,4437000.0,4437000.0,False,status_active,spotrac,123655000
devin vassell,2023,5887899.0,1.0,5887899.0,5887899.0,5887899.0,1.0,,,5887899.0,,0.0,Active / Club Exercised,1.0,,5887899.0,5887899.0,False,status_active,spotrac,136021000
devin vassell,2024,29347826.0,5.0,29347826.0,29347826.0,29347826.0,1.0,,,29347826.0,,0.0,Active,1.0,29347826.0,29347826.0,29347826.0,True,spotrac_cap_hit,spotrac,140588000
harrison barnes,2019,24147727.0,7.0,24147727.0,22638494.0,22638494.0,1.0,,,22638494.0,,0.0,Active,1.0,,24147726.933333334,24147726.933333334,True,status_active,spotrac,109140000
harrison barnes,2020,22215909.0,7.0,22215909.0,22215909.0,22215909.0,1.0,,,22215909.0,,0.0,Active,1.0,,22215909.0,22215909.0,False,status_active,spotrac,109140000
harrison barnes,2021,20284091.0,7.0,20284091.0,20284091.0,20284091.0,1.0,,,20284091.0,,0.0,Active,1.0,,20284091.0,20284091.0,False,status_active,spotrac,112414000
harrison barnes,2022,18352273.0,7.0,18352273.0,18352273.0,18352273.0,1.0,,,18352273.0,,0.0,Active,1.0,,18352273.0,18352273.0,False,status_active,spotrac,123655000
harrison barnes,2023,17000000.0,7.0,17000000.0,17000000.0,17000000.0,1.0,,50000,17000000.0,,50000.0,Active;NBA Cup,1.0,,17000000.0,17000000.0,True,status_active,spotrac,136021000
harrison barnes,2024,18000000.0,7.0,18000000.0,18000000.0,18000000.0,2.0,,,18000000.0,3700000.0,0.0,Active;Retained,1.0,,18000000.0,18000000.0,False,single,spotrac,140588000
keldon johnson,2019,1950600.0,3.0,1950600.0,1828688.0,1828688.0,1.0,,,1828688.0,,0.0,Active,1.0,,1950600.5333333334,1950600.5333333334,True,status_active,spotrac,109140000
keldon johnson,2020,2048040.0,3.0,2048040.0,2048040.0,2048040.0,1.0,,,2048040.0,,0.0,Active,1.0,,2048040.0,2048040.0,False,status_active,spotrac,109140000
keldon johnson,2021,2145720.0,3.0,2145720.0,2145720.0,2145720.0,1.0,,,2145720.0,,0.0,Active / Club Exercised,1.0,,2145720.0,2145720.0,False,status_active,spotrac,112414000
keldon johnson,2022,3873025.0,1.0,3873025.0,3873025.0,3873025.0,1.0,,,3873025.0,,0.0,Active / Club Exercised,1.0,,3873025.0,3873025.0,False,status_active,spotrac,123655000
keldon johnson,2023,20000000.0,4.0,20000000.0,20000000.0,20000000.0,1.0,,,20000000.0,,0.0,Active,1.0,20000000.0,20000000.0,20000000.0,True,spotrac_cap_hit,spotrac,136021000
keldon johnson,2024,19000000.0,4.0,19000000.0,19000000.0,19000000.0,1.0,,,19000000.0,,0.0,Active,1.0,19000000.0,19000000.0,19000000.0,False,spotrac_cap_hit,spotrac,140588000
kelly olynyk,2019,11667885.0,7.0,11667885.0,10938643.0,11876143.0,1.0,,,11876143.0,,0.0,Active,1.0,,11667885.866666667,11667885.866666667,False,status_active,spotrac,109140000
kelly olynyk,2020,12819649.0,7.0,12819649.0,7770114.0,7991521.0,2.0,12198244.0,4428130,4828130.0,7991521.0,0.0,Retained;Active / Player Exercised,1.0,,12198244.0,12198244.0,False,status_active,spotrac,109140000
kelly olynyk,2021,12195122.0,7.0,12195122.0,12195122.0,12195122.0,1.0,,,12195122.0,,0.0,Active,1.0,,12195122.0,12195122.0,True,status_active,spotrac,112414000
kelly olynyk,2022,12804878.0,7.0,12804878.0,12804878.0,12804878.0,1.0,,,12804878.0,,0.0,Active,1.0,,12804878.0,12804878.0,False,status_active,spotrac,123655000
kelly olynyk,2023,12195122.0,7.0,12195122.0,4625736.0,4625736.0,2.0,12195122.0,7569386,4625736.0,7569386.0,0.0,Active;Retained,1.0,,12195122.0,12195122.0,False,status_active,spotrac,136021000
kelly olynyk,2024,12804878.0,7.0,12804878.0,4857023.0,4857023.0,2.0,12804878.0,7947855,4857023.0,7947855.0,0.0,Active;Retained,1.0,12804878.0,12804878.0,12804878.0,True,spotrac_cap_hit,spotrac,140588000
victor wembanyama,2023,12160680.0,3.0,12160680.0,12160680.0,12160680.0,1.0,,,,,,,,12160680.0,12160680.0,12160680.0,True,spotrac_cap_hit,spotrac,136021000
victor wembanyama,2024,12768960.0,3.0,12768960.0,12768960.0,12768960.0,1.0,,,,,,,,12768960.0,12768960.0,12768960.0,False,spotrac_cap_hit,spotrac,140588000
luke kornet,2019,2250000.0,2.0,2250000.0,2109375.0,2109375.0,1.0,,,,,,,,,2250000.0,2250000.0,True,single,spotrac,109140000
luke kornet,2020,2250000.0,2.0,2250000.0,816781.0,816781.0,2.0,2250000.0,1433219,,,,,,,2250000.0,2250000.0,False,split,spotrac,109140000
luke kornet,2021,606702.0,1.0,606702.0,606702.0,606702.0,3.0,812364.0,102831;102831,,,,,,,606702.0,,True,signing_contract,spotrac,112414000
luke kornet,2022,2133278.0,2.0,2133278.0,2133278.0,2133278.0,1.0,,,,,,,,,2133278.0,2133278.0,True,single,spotrac,123655000
luke kornet,2023,2413304.0,2.0,2413304.0,2413304.0,2413304.0,1.0,,50000,,,,,,,2413304.0,2413304.0,False,single,spotrac,136021000
luke kornet,2024,2087519.0,1.0,2087519.0,2800834.0,2800834.0,1.0,,,,,,,,,2087519.0,2087519.0,True,vet_min,spotrac,140588000
stephon castle,2024,9105120.0,3.0,9105120.0,9105120.0,9105120.0,1.0,,,,,,,,9105120.0,9105120.0,9105120.0,True,spotrac_cap_hit,spotrac,140588000
julian champagnie,2023,3000000.0,4.0,3000000.0,3000000.0,3000000.0,1.0,,,3000000.0,,0.0,Active,1.0,,3000000.0,3000000.0,True,status_active,spotrac,136021000
julian champagnie,2024,3000000.0,4.0,3000000.0,3000000.0,3000000.0,1.0,,,3000000.0,,0.0,Active,1.0,,3000000.0,3000000.0,False,status_active,spotrac,140588000
jordan mclaughlin,2021,2000000.0,3.0,2000000.0,2000000.0,2000000.0,1.0,,,,,,,,,2000000.0,2000000.0,True,single,spotrac,112414000
jordan mclaughlin,2022,2160000.0,3.0,2160000.0,2160000.0,2160000.0,1.0,,,,,,,,,2160000.0,2160000.0,False,single,spotrac,123655000
jordan mclaughlin,2023,2320000.0,3.0,2320000.0,2320000.0,2420000.0,1.0,,,,,,,,,2320000.0,2320000.0,False,single,spotrac,136021000
jordan mclaughlin,2024,2087519.0,2.0,2087519.0,975737.0,975737.0,2.0,2425403.0,1449666,,,,,,,2087519.0,2425403.0,True,vet_min,spotrac,140588000
lindy waters iii,2022,1927896.0,1.0,1927896.0,1927896.0,1927896.0,1.0,,,1927896.0,,0.0,Active,1.0,,1927896.0,1927896.0,True,status_active,spotrac,123655000
lindy waters iii,2023,766095.0,1.0,766095.0,766095.0,766095.0,1.0,,,766095.0,,0.0,Active,1.0,,766095.0,766095.0,True,status_active,spotrac,136021000
lindy waters iii,2024,2196970.0,2.0,2196970.0,833333.0,833333.0,2.0,2248467.0,1363637;51497,833333.0,1363637.0,51497.0,Active / Club Exercised;Retained;NBA Cup,1.0,,2196970.0,2196970.0,False,status_active,spotrac,140588000
bismack biyombo,2019,17000000.0,1.0,17000000.0,15937500.0,15937500.0,1.0,,,15937500.0,,0.0,Active,1.0,,17000000.0,17000000.0,False,status_active,spotrac,109140000
bismack biyombo,2020,3500000.0,1.0,3500000.0,3500000.0,3500000.0,1.0,,,3500000.0,,0.0,Active,1.0,,3500000.0,3500000.0,True,status_active,spotrac,109140000
bismack biyombo,2021,1518213.0,1.0,1518213.0,1366392.0,1366392.0,1.0,,151821,1366392.0,151821.0,0.0,Active;Retained,1.0,,1366392.0,1366392.0,True,signing_contract,spotrac,112414000
bismack biyombo,2022,1836090.0,1.0,1836090.0,2905851.0,2905851.0,1.0,,,2905851.0,,0.0,Active,1.0,,2905851.0,2905851.0,True,status_active,spotrac,123655000
bismack biyombo,2023,5000000.0,1.0,5000000.0,5000000.0,5000000.0,2.0,6194075.0,1194075,1194075.0,5000000.0,0.0,Retained;Active,1.0,,5000000.0,1194075.0,True,signing_contract,spotrac,136021000
bismack biyombo,2024,503884.0,1.0,503884.0,797462.0,797462.0,1.0,,227846;227846,797462.0,455692.0,0.0,Active;Retained;Retained,1.0,,797462.0,797462.0,True,signing_contract,spotrac,140588000
jeremy sochan,2022,5063520.0,3.0,5063520.0,5063520.0,5063520.0,1.0,,,5063520.0,,0.0,Active,1.0,,5063520.0,5063520.0,True,status_active,spotrac,123655000
jeremy sochan,2023,5316960.0,3.0,5316960.0,5316960.0,5316960.0,1.0,,,5316960.0,,0.0,Active,1.0,,5316960.0,5316960.0,False,status_active,spotrac,136021000
jeremy sochan,2024,5570040.0,3.0,5570040.0,5570040.0,5570040.0,1.0,,,5570040.0,,0.0,Active / Club Exercised,1.0,,5570040.0,5570040.0,False,status_active,spotrac,140588000
scottie barnes,2021,7280400.0,3.0,7280400.0,7280400.0,7280400.0,1.0,,,7280400.0,,0.0,Active,1.0,,7280400.0,7280400.0,True,status_active,spotrac,112414000
scottie barnes,2022,7644600.0,3.0,7644600.0,7644600.0,7644600.0,1.0,,,7644600.0,,0.0,Active,1.0,,7644600.0,7644600.0,False,status_active,spotrac,123655000
scottie barnes,2023,8008680.0,3.0,8008680.0,8008680.0,8008680.0,1.0,,,8008680.0,,0.0,Active / Club Exercised,1.0,,8008680.0,8008680.0,False,status_active,spotrac,136021000
scottie barnes,2024,10130980.0,1.0,10130980.0,10130980.0,10130980.0,1.0,,,10130980.0,,0.0,Active / Club Exercised,1.0,,10130980.0,10130980.0,False,status_active,spotrac,140588000
brandon ingram,2019,7265485.0,1.0,7265485.0,6811392.0,6811392.0,1.0,,,,,,,,,7265484.8,7265484.8,False,single,spotrac,109140000
brandon ingram,2020,27285000.0,8.0,27285000.0,27285000.0,27285000.0,1.0,,,,,,,,27285000.0,27285000.0,27285000.0,True,spotrac_cap_hit,spotrac,109140000
brandon ingram,2021,29467800.0,8.0,29467800.0,29467800.0,29467800.0,1.0,,,,,,,,29467800.0,29467800.0,29467800.0,False,spotrac_cap_hit,spotrac,112414000
brandon ingram,2022,31650600.0,8.0,31650600.0,31650600.0,31650600.0,1.0,,,,,,,,31650600.0,31650600.0,31650600.0,False,spotrac_cap_hit,spotrac,123655000
brandon ingram,2023,33833400.0,8.0,33833400.0,33833400.0,33833400.0,1.0,,100000,,,,,,33833400.0,33833400.0,33833400.0,False,spotrac_cap_hit,spotrac,136021000
brandon ingram,2024,36016200.0,8.0,36016200.0,13661317.0,13661317.0,2.0,36016200.0,22354883,,,,,,36016200.0,36016200.0,36016200.0,False,spotrac_cap_hit,spotrac,140588000
immanuel quickley,2020,2105520.0,3.0,2105520.0,2105520.0,2105520.0,1.0,,,2105520.0,,0.0,Active,1.0,,2105520.0,2105520.0,True,status_active,spotrac,109140000
immanuel quickley,2021,2210640.0,3.0,2210640.0,2210640.0,2210640.0,1.0,,,2210640.0,,0.0,Active,1.0,,2210640.0,2210640.0,False,status_active,spotrac,112414000
immanuel quickley,2022,2316240.0,3.0,2316240.0,2316240.0,2316240.0,1.0,,,2316240.0,,0.0,Active / Club Exercised,1.0,,2316240.0,2316240.0,False,status_active,spotrac,123655000
immanuel quickley,2023,4171548.0,1.0,4171548.0,2565262.0,2565262.0,2.0,4171548.0,1606286,2565262.0,1606286.0,0.0,Active / Club Exercised;Retained,1.0,,4171548.0,4171548.0,False,status_active,spotrac,136021000
immanuel quickley,2024,32500000.0,5.0,32500000.0,32500000.0,32500000.0,2.0,32550000.0,50000,32500000.0,,50000.0,Active;NBA Cup,1.0,32500000.0,32500000.0,32500000.0,True,spotrac_cap_hit,spotrac,140588000
rj barrett,2019,7839960.0,3.0,7839960.0,7839960.0,7839960.0,1.0,,,7839960.0,,0.0,Active,1.0,,8362624.0,8362624.0,True,status_active,spotrac,109140000
rj barrett,2020,8231760.0,3.0,8231760.0,8231760.0,8231760.0,1.0,,,8231760.0,,0.0,Active,1.0,,8231760.0,8231760.0,False,status_active,spotrac,109140000
rj barrett,2021,8623920.0,3.0,8623920.0,8623920.0,8623920.0,1.0,,,8623920.0,,0.0,Active / Club Exercised,1.0,,8623920.0,8623920.0,False,status_active,spotrac,112414000
rj barrett,2022,10900635.0,1.0,10900635.0,10900635.0,10900635.0,1.0,,,10900635.0,,0.0,Active / Club Exercised,1.0,,10900635.0,10900635.0,False,status_active,spotrac,123655000
rj barrett,2023,23883929.0,4.0,23883929.0,14687244.0,14687244.0,2.0,23933929.0,9196685;50000,14687244.0,9196685.0,50000.0,Active;Retained;NBA Cup,1.0,23883929.0,23883929.0,23883929.0,True,spotrac_cap_hit,spotrac,136021000
rj barrett,2024,25794643.0,4.0,25794643.0,25794643.0,25794643.0,1.0,,,25794643.0,,0.0,Active,1.0,25794643.0,25794643.0,25794643.0,False,spotrac_cap_hit,spotrac,140588000
jakob poeltl,2019,3754886.0,1.0,3754886.0,3520206.0,3520206.0,1.0,,,,,,,,,3754886.4,3754886.4,False,single,spotrac,109140000
jakob poeltl,2020,8101852.0,3.0,8101852.0,8101852.0,8101852.0,1.0,,,,,,,,,8101852.0,8101852.0,True,single,spotrac,109140000
jakob poeltl,2021,8750000.0,3.0,8750000.0,8750000.0,8750000.0,1.0,,,,,,,,,8750000.0,8750000.0,False,single,spotrac,112414000
jakob poeltl,2022,9398148.0,3.0,9398148.0,3186728.0,3186728.0,2.0,9398148.0,6211420,,,,,,,9398148.0,9398148.0,False,split,spotrac,123655000
jakob poeltl,2023,19500000.0,4.0,19500000.0,19500000.0,19500000.0,1.0,,,,,,,,19500000.0,19500000.0,19500000.0,True,spotrac_cap_hit,spotrac,136021000
jakob poeltl,2024,19500000.0,4.0,19500000.0,19500000.0,19500000.0,1.0,,,,,,,,19500000.0,19500000.0,19500000.0,False,spotrac_cap_hit,spotrac,140588000
gradey dick,2023,4536720.0,3.0,4536720.0,4536720.0,4536720.0,1.0,,,,,,,,4536720.0,4536720.0,4536720.0,True,spotrac_cap_hit,spotrac,136021000
gradey dick,2024,4763760.0,3.0,4763760.0,4763760.0,4763760.0,1.0,,,,,,,,4763760.0,4763760.0,4763760.0,False,spotrac_cap_hit,spotrac,140588000
ja'kobe walter,2024,3465000.0,3.0,3465000.0,3465000.0,3465000.0,1.0,,,,,,,,3465000.0,3465000.0,3465000.0,True,spotrac_cap_hit,spotrac,140588000
sandro mamukelashvili,2022,357717.0,1.0,357717.0,357717.0,357717.0,1.0,,,,,,,,,357717.0,,True,waived,bbref,123655000
sandro mamukelashvili,2023,2019706.0,2.0,2019706.0,2019706.0,2019706.0,1.0,,,,,,,,,2019706.0,2019706.0,True,vet_min,spotrac,136021000
sandro mamukelashvili,2024,2087519.0,2.0,2087519.0,2162606.0,2162606.0,1.0,,,,,,,,,2162606.0,2162606.0,True,single,spotrac,140588000
garrett temple,2019,4767000.0,4.0,4767000.0,4469063.0,4469063.0,1.0,,,4469063.0,,0.0,Active,1.0,,4767000.533333333,4767000.533333333,True,status_active,spotrac,109140000
garrett temple,2020,4767000.0,4.0,4767000.0,4767000.0,4767000.0,1.0,,,4767000.0,,0.0,Active,1.0,,4767000.0,4767000.0,True,status_active,spotrac,109140000
garrett temple,2021,4910000.0,4.0,4910000.0,4910000.0,4910000.0,1.0,,,4910000.0,,0.0,Active,1.0,,4910000.0,4910000.0,True,status_active,spotrac,112414000
garrett temple,2022,5155500.0,4.0,5155500.0,5155500.0,5155500.0,1.0,,,5155500.0,,0.0,Active,1.0,,5155500.0,5155500.0,False,status_active,spotrac,123655000
garrett temple,2023,2019706.0,3.0,2019706.0,3196448.0,3196448.0,1.0,,,3196448.0,,0.0,Active,1.0,,3196448.0,3196448.0,True,vet_min,spotrac,136021000
garrett temple,2024,2087519.0,3.0,2087519.0,3303771.0,3303771.0,1.0,,,3303771.0,,0.0,Active,1.0,,3303771.0,3303771.0,True,vet_min,spotrac,140588000
trayce jackson-davis,2023,1119563.0,1.0,1119563.0,1119563.0,1119563.0,1.0,,,,,,,,1119563.0,1119563.0,1119563.0,True,spotrac_cap_hit,spotrac,136021000
trayce jackson-davis,2024,1891857.0,1.0,1891857.0,1891857.0,1891857.0,1.0,,51497,,,,,,1891857.0,1891857.0,1891857.0,False,spotrac_cap_hit,spotrac,140588000
jonathan mogbo,2024,1862265.0,2.0,1862265.0,1862265.0,1862265.0,1.0,,,1862265.0,,0.0,Active,1.0,,1862265.0,1862265.0,True,status_active,spotrac,140588000
jamison battle,2024,1000000.0,1.0,1000000.0,1000000.0,1000000.0,1.0,,,,,,,,1000000.0,1000000.0,1000000.0,True,spotrac_cap_hit,spotrac,140588000
jamal shead,2024,1862265.0,2.0,1862265.0,1862265.0,1862265.0,1.0,,,,,,,,1862265.0,1862265.0,1862265.0,True,spotrac_cap_hit,spotrac,140588000
chris paul,2019,38506482.0,2.0,38506482.0,36099827.0,36099827.0,1.0,,,36099827.0,,0.0,Active,1.0,,38506482.13333333,38506482.13333333,False,status_active,spotrac,109140000
chris paul,2020,41358814.0,2.0,41358814.0,41358814.0,41358814.0,1.0,,,41358814.0,,0.0,Active,1.0,,41358814.0,41358814.0,False,status_active,spotrac,109140000
chris paul,2021,30800000.0,3.0,30800000.0,30800000.0,30800000.0,1.0,,,30800000.0,,0.0,Active,1.0,,30800000.0,30800000.0,True,status_active,spotrac,112414000
chris paul,2022,28400000.0,3.0,28400000.0,28400000.0,28400000.0,1.0,,,28400000.0,,0.0,Active,1.0,,28400000.0,28400000.0,False,status_active,spotrac,123655000
chris paul,2023,30800000.0,3.0,30800000.0,30800000.0,30800000.0,1.0,,,30800000.0,,0.0,Active,1.0,,30800000.0,30800000.0,False,status_active,spotrac,136021000
chris paul,2024,10460000.0,1.0,10460000.0,10460000.0,10983000.0,1.0,,,10983000.0,,0.0,Active,1.0,,10460000.0,10460000.0,True,status_active,spotrac,140588000
mo bamba,2019,5697600.0,2.0,5697600.0,5341500.0,5341500.0,1.0,,,,,,,,,5697600.0,5697600.0,False,single,spotrac,109140000
mo bamba,2020,5969040.0,2.0,5969040.0,5969040.0,5969040.0,1.0,,,,,,,,,5969040.0,5969040.0,False,single,spotrac,109140000
mo bamba,2021,7568742.0,1.0,7568742.0,7568743.0,7568743.0,1.0,,,,,,,,,7568743.0,7568743.0,False,single,spotrac,112414000
mo bamba,2022,10300000.0,1.0,10300000.0,3492529.0,3492529.0,2.0,10300000.0,6807471,,,,,,,10300000.0,,True,signing_contract,spotrac,123655000
mo bamba,2023,2019706.0,2.0,2019706.0,2346614.0,2346614.0,1.0,,,,,,,,,2346614.0,2346614.0,True,single,spotrac,136021000
mo bamba,2024,2087519.0,2.0,2087519.0,1066273.0,1066273.0,3.0,2763299.0,150179;1546847,,,,,,,2087519.0,,True,vet_min,spotrac,140588000
lauri markkanen,2019,5300400.0,1.0,5300400.0,4969125.0,4969125.0,1.0,,,4969125.0,,0.0,Active,1.0,,5300400.0,5300400.0,False,status_active,spotrac,109140000
lauri markkanen,2020,6731508.0,1.0,6731508.0,6731508.0,6731508.0,1.0,,,6731508.0,,0.0,Active,1.0,,6731508.0,6731508.0,False,status_active,spotrac,109140000
lauri markkanen,2021,15690909.0,3.0,15690909.0,15690909.0,15690909.0,1.0,,,15690909.0,,0.0,Active,1.0,15690909.0,15690909.0,15690909.0,True,spotrac_cap_hit,spotrac,112414000
lauri markkanen,2022,16475454.0,3.0,16475454.0,16475454.0,16475454.0,1.0,,,16475454.0,,0.0,Active,1.0,16475454.0,16475454.0,16475454.0,False,spotrac_cap_hit,spotrac,123655000
lauri markkanen,2023,17259999.0,3.0,17259999.0,17259999.0,17259999.0,1.0,,,17259999.0,,0.0,Active,1.0,17259999.0,17259999.0,17259999.0,False,spotrac_cap_hit,spotrac,136021000
lauri markkanen,2024,42176400.0,5.0,42176400.0,42176400.0,42176400.0,1.0,,,42176400.0,,0.0,Active,1.0,42176400.0,42176400.0,42176400.0,False,spotrac_cap_hit,spotrac,140588000
jaren jackson jr.,2019,6927480.0,2.0,6927480.0,6494513.0,6494513.0,1.0,,,,,,,,,6927480.533333333,6927480.533333333,False,single,spotrac,109140000
jaren jackson jr.,2020,7257360.0,2.0,7257360.0,7257360.0,7257360.0,1.0,,,,,,,,,7257360.0,7257360.0,False,single,spotrac,109140000
jaren jackson jr.,2021,9180560.0,1.0,9180560.0,9180560.0,9180560.0,1.0,,,,,,,,,9180560.0,9180560.0,False,single,spotrac,112414000
jaren jackson jr.,2022,28946605.0,3.0,28946605.0,28946605.0,28946605.0,1.0,,,,,,,,28946605.0,28946605.0,28946605.0,True,spotrac_cap_hit,spotrac,123655000
jaren jackson jr.,2023,27102202.0,3.0,27102202.0,27102202.0,27102202.0,1.0,,,,,,,,27102202.0,27102202.0,27102202.0,False,spotrac_cap_hit,spotrac,136021000
jaren jackson jr.,2024,25257798.0,3.0,25257798.0,25257798.0,25257798.0,1.0,,,,,,,,25257798.0,25257798.0,25257798.0,False,spotrac_cap_hit,spotrac,140588000
jusuf nurkic,2019,12000000.0,3.0,12000000.0,12421875.0,13671875.0,1.0,,,13671875.0,,0.0,Active,1.0,,13250000.0,13250000.0,False,status_active,spotrac,109140000
jusuf nurkic,2020,12888889.0,3.0,12888889.0,12888889.0,12888889.0,1.0,,,12888889.0,,0.0,Active,1.0,,12888889.0,12888889.0,False,status_active,spotrac,109140000
jusuf nurkic,2021,12000000.0,3.0,12000000.0,12000000.0,12000000.0,1.0,,,12000000.0,,0.0,Active,1.0,,12000000.0,12000000.0,False,status_active,spotrac,112414000
jusuf nurkic,2022,15625000.0,4.0,15625000.0,15625000.0,15625000.0,1.0,,,15625000.0,,0.0,Active,1.0,,15625000.0,15625000.0,True,status_active,spotrac,123655000
jusuf nurkic,2023,16875000.0,4.0,16875000.0,16875000.0,16875000.0,1.0,,50000,16875000.0,,50000.0,Active;NBA Cup,1.0,,16875000.0,16875000.0,False,status_active,spotrac,136021000
jusuf nurkic,2024,18125000.0,4.0,18125000.0,6875000.0,6875000.0,2.0,18125000.0,11250000,6875000.0,11250000.0,0.0,Active;Retained,1.0,,18125000.0,18125000.0,False,status_active,spotrac,140588000
john konchar,2020,2100000.0,4.0,2100000.0,2100000.0,2100000.0,1.0,,,2100000.0,,0.0,Active,1.0,,2100000.0,2100000.0,True,status_active,spotrac,109140000
john konchar,2021,2200000.0,4.0,2200000.0,2200000.0,2200000.0,1.0,,,2200000.0,,0.0,Active,1.0,,2200000.0,2200000.0,False,status_active,spotrac,112414000
john konchar,2022,2300000.0,4.0,2300000.0,2300000.0,2300000.0,1.0,,,2300000.0,,0.0,Active,1.0,,2300000.0,2300000.0,False,status_active,spotrac,123655000
john konchar,2023,2400000.0,4.0,2400000.0,2400000.0,2400000.0,1.0,,,2400000.0,,0.0,Active,1.0,,2400000.0,2400000.0,False,status_active,spotrac,136021000
john konchar,2024,6165000.0,3.0,6165000.0,6165000.0,6165000.0,1.0,,,6165000.0,,0.0,Active,1.0,6165000.0,6165000.0,6165000.0,True,spotrac_cap_hit,spotrac,140588000
cody williams,2024,5469120.0,3.0,5469120.0,5469120.0,5469120.0,1.0,,,,,,,,5469120.0,5469120.0,5469120.0,True,spotrac_cap_hit,spotrac,140588000
walker kessler,2022,2696400.0,3.0,2696400.0,2696400.0,2696400.0,1.0,,,,,,,,,2696400.0,2696400.0,True,single,spotrac,123655000
walker kessler,2023,2831160.0,3.0,2831160.0,2831160.0,2831160.0,1.0,,,,,,,,,2831160.0,2831160.0,False,single,spotrac,136021000
walker kessler,2024,2965920.0,3.0,2965920.0,2965920.0,2965920.0,1.0,,,,,,,,,2965920.0,2965920.0,False,single,spotrac,140588000
keyonte george,2023,3889800.0,3.0,3889800.0,3889800.0,3889800.0,1.0,,,,,,,,3889800.0,3889800.0,3889800.0,True,spotrac_cap_hit,spotrac,136021000
keyonte george,2024,4084200.0,3.0,4084200.0,4084200.0,4084200.0,1.0,,,,,,,,4084200.0,4084200.0,4084200.0,False,spotrac_cap_hit,spotrac,140588000
kevin love,2019,28942830.0,3.0,28942830.0,27133903.0,27133903.0,1.0,,,27133903.0,,0.0,Active,1.0,,28942829.866666667,28942829.866666667,True,status_active,spotrac,109140000
kevin love,2020,31258256.0,3.0,31258256.0,31258256.0,31258256.0,1.0,,,31258256.0,,0.0,Active,1.0,,31258256.0,31258256.0,False,status_active,spotrac,109140000
kevin love,2021,31258256.0,3.0,31258256.0,31258256.0,31258256.0,1.0,,,31258256.0,,0.0,Active,1.0,,31258256.0,31258256.0,False,status_active,spotrac,112414000
kevin love,2022,27442830.0,1.0,27442830.0,27442830.0,27442830.0,2.0,30556968.0,3114138,3114138.0,27442830.0,0.0,Buyout;Active,1.0,,3114138.0,3114138.0,True,signing_contract,spotrac,123655000
kevin love,2023,3835738.0,3.0,3835738.0,3835738.0,3835738.0,1.0,,,3835738.0,,0.0,Active,1.0,,3835738.0,3835738.0,True,status_active,spotrac,136021000
kevin love,2024,3850000.0,3.0,3850000.0,3850000.0,3850000.0,1.0,,,3850000.0,,0.0,Active,1.0,3850000.0,3850000.0,3850000.0,True,spotrac_cap_hit,spotrac,140588000
svi mykhailiuk,2019,1416852.0,1.0,1416852.0,1328299.0,1328299.0,1.0,,,,,,,,,1416852.2666666666,1416852.2666666666,False,single,spotrac,109140000
svi mykhailiuk,2020,1663861.0,4.0,1663861.0,740760.0,740760.0,2.0,1663861.0,923101,,,,,,,1663861.0,1663861.0,False,split,spotrac,109140000
svi mykhailiuk,2021,1729217.0,4.0,1729217.0,1729217.0,1729217.0,1.0,,,,,,,,,1729217.0,1729217.0,True,vet_min,spotrac,112414000
svi mykhailiuk,2022,1878720.0,4.0,1878720.0,667370.0,667370.0,3.0,3846895.0,1878720;1300805,,,,,,,1836090.0,,True,vet_min,spotrac,123655000
svi mykhailiuk,2023,2019706.0,4.0,2019706.0,2346614.0,2346614.0,1.0,,50000,,,,,,,2346614.0,,True,signing_contract,spotrac,136021000
svi mykhailiuk,2024,3500000.0,4.0,3500000.0,3500000.0,3500000.0,1.0,,,,,,,,3500000.0,3500000.0,3500000.0,True,spotrac_cap_hit,spotrac,140588000
kyle filipowski,2024,3000000.0,4.0,3000000.0,3000000.0,3000000.0,1.0,,,,,,,,3000000.0,3000000.0,3000000.0,True,spotrac_cap_hit,spotrac,140588000
brice sensabaugh,2023,2448600.0,3.0,2448600.0,2448600.0,2448600.0,1.0,,,,,,,,2448600.0,2448600.0,2448600.0,True,spotrac_cap_hit,spotrac,136021000
brice sensabaugh,2024,2571480.0,3.0,2571480.0,2571480.0,2571480.0,1.0,,,,,,,,2571480.0,2571480.0,2571480.0,False,spotrac_cap_hit,spotrac,140588000
isaiah collier,2024,2512680.0,3.0,2512680.0,2512680.0,2512680.0,1.0,,,,,,,,2512680.0,2512680.0,2512680.0,True,spotrac_cap_hit,spotrac,140588000
jordan clarkson,2019,13437500.0,1.0,13437500.0,7050891.0,7050891.0,2.0,11757812.0,4706921,7050891.0,4706921.0,0.0,Active;Retained,1.0,,12541666.133333333,12541666.133333333,False,status_active,spotrac,109140000
jordan clarkson,2020,11500000.0,3.0,11500000.0,11500000.0,11500000.0,1.0,,,11500000.0,,0.0,Active,1.0,,11500000.0,11500000.0,True,status_active,spotrac,109140000
jordan clarkson,2021,12420000.0,3.0,12420000.0,12420000.0,12420000.0,1.0,,,12420000.0,,0.0,Active,1.0,,12420000.0,12420000.0,False,status_active,spotrac,112414000
jordan clarkson,2022,13340000.0,3.0,13340000.0,13340000.0,13340000.0,1.0,,,13340000.0,,0.0,Active,1.0,,13340000.0,13340000.0,False,status_active,spotrac,123655000
jordan clarkson,2023,23487629.0,1.0,23487629.0,23487629.0,23487629.0,1.0,,,23487629.0,,0.0,Active / Player Exercised,1.0,,23487629.0,23487629.0,False,status_active,spotrac,136021000
jordan clarkson,2024,14092577.0,1.0,14092577.0,14092577.0,14092577.0,1.0,,,14092577.0,,0.0,Active,1.0,,14092577.0,14092577.0,True,status_active,spotrac,140588000
lonzo ball,2019,8719320.0,1.0,8719320.0,8174363.0,8174363.0,1.0,,,8174363.0,,0.0,Active,1.0,,8719320.533333333,8719320.533333333,False,status_active,spotrac,109140000
lonzo ball,2020,11003782.0,1.0,11003782.0,11003782.0,11003782.0,1.0,,,11003782.0,,0.0,Active,1.0,,11003782.0,11003782.0,False,status_active,spotrac,109140000
lonzo ball,2021,18604651.0,4.0,18604651.0,18604651.0,18604651.0,1.0,,,18604651.0,,0.0,Active,1.0,,18604651.0,18604651.0,True,status_active,spotrac,112414000
lonzo ball,2022,19534884.0,4.0,19534884.0,19534884.0,19534884.0,1.0,,,19534884.0,,0.0,Active,1.0,,19534884.0,19534884.0,False,status_active,spotrac,123655000
lonzo ball,2023,20465117.0,4.0,20465117.0,20465117.0,20465117.0,1.0,,,20465117.0,,0.0,Active,1.0,,20465117.0,20465117.0,False,status_active,spotrac,136021000
lonzo ball,2024,21395348.0,4.0,21395348.0,21395348.0,21395348.0,1.0,,,21395348.0,,0.0,Active / Player Exercised,1.0,,21395348.0,21395348.0,False,status_active,spotrac,140588000
vince williams jr.,2023,2232308.0,3.0,2232308.0,2232308.0,2232308.0,1.0,,,2232308.0,,0.0,Active,1.0,,2232308.0,2232308.0,False,status_active,spotrac,136021000
vince williams jr.,2024,2120693.0,3.0,2120693.0,2120693.0,2120693.0,1.0,,,2120693.0,,0.0,Active,1.0,,2120693.0,2120693.0,False,status_active,spotrac,140588000
chris boucher,2019,1488967.0,1.0,1488967.0,1488967.0,1488967.0,1.0,,,1488967.0,,0.0,Active,1.0,,1588231.4666666666,1588231.4666666666,False,status_active,spotrac,109140000
chris boucher,2020,6500000.0,2.0,6500000.0,6500000.0,6500000.0,1.0,,,6500000.0,,0.0,Active,1.0,,6500000.0,6500000.0,True,status_active,spotrac,109140000
chris boucher,2021,7020000.0,2.0,7020000.0,7020000.0,7020000.0,1.0,,,7020000.0,,0.0,Active,1.0,,7020000.0,7020000.0,False,status_active,spotrac,112414000
chris boucher,2022,12690000.0,3.0,12690000.0,12690000.0,12690000.0,1.0,,,12690000.0,,0.0,Active,1.0,,12690000.0,12690000.0,True,status_active,spotrac,123655000
chris boucher,2023,11750000.0,3.0,11750000.0,11750000.0,11750000.0,1.0,,,11750000.0,,0.0,Active,1.0,,11750000.0,11750000.0,False,status_active,spotrac,136021000
chris boucher,2024,10810000.0,3.0,10810000.0,10810000.0,10810000.0,1.0,,,10810000.0,,0.0,Active,1.0,,10810000.0,10810000.0,False,status_active,spotrac,140588000
anthony davis,2019,27093019.0,1.0,27093019.0,25399705.0,25399705.0,1.0,,,,,,,,,27093018.666666668,27093018.666666668,False,single,spotrac,109140000
anthony davis,2020,32742000.0,5.0,32742000.0,32742000.0,32742000.0,1.0,,,,,,,,,32742000.0,32742000.0,True,single,spotrac,109140000
anthony davis,2021,35361360.0,5.0,35361360.0,35361360.0,35361360.0,1.0,,,,,,,,,35361360.0,35361360.0,False,single,spotrac,112414000
anthony davis,2022,37980720.0,5.0,37980720.0,37980720.0,37980720.0,1.0,,,,,,,,,37980720.0,37980720.0,False,single,spotrac,123655000
anthony davis,2023,40600080.0,5.0,40600080.0,40600080.0,40600080.0,1.0,,500000,,,,,,,40600080.0,40600080.0,False,single,spotrac,136021000
anthony davis,2024,43219440.0,5.0,43219440.0,17635519.0,17635519.0,2.0,43219440.0,25583921,,,,,,,43219440.0,43219440.0,False,split,spotrac,140588000
trae young,2019,6273000.0,2.0,6273000.0,5880938.0,5880938.0,1.0,,,,,,,,,6273000.533333333,6273000.533333333,False,single,spotrac,109140000
trae young,2020,6571800.0,2.0,6571800.0,6571800.0,6571800.0,1.0,,,,,,,,,6571800.0,6571800.0,False,single,spotrac,109140000
trae young,2021,8326471.0,1.0,8326471.0,8326471.0,8326471.0,1.0,,,,,,,,,8326471.0,8326471.0,False,single,spotrac,112414000
trae young,2022,37096500.0,4.0,37096500.0,37096500.0,37096500.0,1.0,,,,,,,,,37096500.0,37096500.0,True,single,spotrac,123655000
trae young,2023,40064220.0,4.0,40064220.0,40064220.0,40064220.0,1.0,,,,,,,,,40064220.0,40064220.0,False,single,spotrac,136021000
trae young,2024,43031940.0,4.0,43031940.0,43031940.0,43031940.0,1.0,,102994,,,,,,,43031940.0,43031940.0,False,single,spotrac,140588000
alex sarr,2024,11245680.0,3.0,11245680.0,11245680.0,11245680.0,1.0,,,,,,,,11245680.0,11245680.0,11245680.0,True,spotrac_cap_hit,spotrac,140588000
bilal coulibaly,2023,6614280.0,3.0,6614280.0,6614280.0,6614280.0,1.0,,,,,,,,6614280.0,6614280.0,6614280.0,True,spotrac_cap_hit,spotrac,136021000
bilal coulibaly,2024,6945240.0,3.0,6945240.0,6945240.0,6945240.0,1.0,,,,,,,,6945240.0,6945240.0,6945240.0,False,spotrac_cap_hit,spotrac,140588000
jaden hardy,2022,1017781.0,1.0,1017781.0,1017781.0,1017781.0,1.0,,,,,,,,,1017781.0,1017781.0,True,single,spotrac,123655000
jaden hardy,2023,1719864.0,1.0,1719864.0,1719864.0,1719864.0,1.0,,,,,,,,,1719864.0,1719864.0,False,single,spotrac,136021000
jaden hardy,2024,2019699.0,1.0,2019699.0,2019699.0,2019699.0,1.0,,51497,,,,,,,2019699.0,2019699.0,False,single,spotrac,140588000
d'angelo russell,2019,27285000.0,4.0,27285000.0,9085366.0,9085366.0,2.0,25579688.0,16494322,,,,,,,27285000.53333333,27285000.533333335,True,signing_contract,spotrac,109140000
d'angelo russell,2020,28649250.0,4.0,28649250.0,28649250.0,28649250.0,1.0,,,,,,,,,28649250.0,28649250.0,False,single,spotrac,109140000
d'angelo russell,2021,30013500.0,4.0,30013500.0,30013500.0,30013500.0,1.0,,,,,,,,,30013500.0,30013500.0,False,single,spotrac,112414000
d'angelo russell,2022,31377750.0,4.0,31377750.0,10639582.0,10639582.0,2.0,31377750.0,20738168,,,,,,,31377750.0,31377750.0,False,split,spotrac,123655000
d'angelo russell,2023,17307693.0,2.0,17307693.0,17307693.0,17307693.0,1.0,,500000,,,,,,,17807693.0,17307693.0,True,signing_contract,spotrac,136021000
d'angelo russell,2024,18692307.0,2.0,18692307.0,11279840.0,11279840.0,2.0,18692307.0,7412467,,,,,,,18692307.0,18692307.0,False,split,spotrac,140588000
bub carrington,2024,4454880.0,3.0,4454880.0,4454880.0,4454880.0,1.0,,,,,,,,4454880.0,4454880.0,4454880.0,True,spotrac_cap_hit,spotrac,140588000
cam whitmore,2023,3218160.0,3.0,3218160.0,3218160.0,3218160.0,1.0,,,3218160.0,,0.0,Active,1.0,,3218160.0,3218160.0,True,status_active,spotrac,136021000
cam whitmore,2024,3379080.0,3.0,3379080.0,3379080.0,3379080.0,1.0,,102994,3379080.0,,102994.0,Active;NBA Cup,1.0,,3379080.0,3379080.0,False,status_active,spotrac,140588000
kyshawn george,2024,2825520.0,3.0,2825520.0,2825520.0,2825520.0,1.0,,,,,,,,2825520.0,2825520.0,2825520.0,True,spotrac_cap_hit,spotrac,140588000
justin champagnie,2022,825000.0,1.0,825000.0,825000.0,825000.0,2.0,853241.0,28241,,,,,,,825000.0,,True,waived,bbref,123655000
justin champagnie,2023,116075.0,1.0,116075.0,116075.0,116075.0,1.0,,,,,,,,,116075.0,,True,waived,bbref,136021000
justin champagnie,2024,1800000.0,1.0,1800000.0,1800000.0,1800000.0,1.0,,,,,,,,1800000.0,1800000.0,1800000.0,True,spotrac_cap_hit,spotrac,140588000
anthony gill,2020,898310.0,1.0,898310.0,898310.0,898310.0,1.0,,,898310.0,,0.0,Active,1.0,,898310.0,898310.0,True,vet_min,spotrac,109140000
anthony gill,2021,1517981.0,1.0,1517981.0,1517981.0,1517981.0,1.0,,,1517981.0,,0.0,Active,1.0,,1517981.0,1517981.0,False,status_active,spotrac,112414000
anthony gill,2022,1836090.0,4.0,1836090.0,1836090.0,1836090.0,1.0,,,1836090.0,,0.0,Active,1.0,,1836090.0,1836090.0,True,vet_min,spotrac,123655000
anthony gill,2023,1997238.0,4.0,1997238.0,1997238.0,1997238.0,1.0,,,1997238.0,,0.0,Active,1.0,,1997238.0,1997238.0,False,status_active,spotrac,136021000
anthony gill,2024,2237691.0,4.0,2237691.0,2237691.0,2237691.0,1.0,,,2237691.0,,0.0,Active,1.0,,2237691.0,2237691.0,True,vet_min,spotrac,140588000
dillon jones,2024,2622360.0,2.0,2622360.0,2622360.0,2622360.0,1.0,,205988,2622360.0,,205988.0,Active;NBA Cup,1.0,,2622360.0,2622360.0,True,status_active,spotrac,140588000
dante exum,2019,9600000.0,2.0,9600000.0,,,,,,,,,,,,9600000.0,,False,fallback_bbref,bbref,109140000
dante exum,2020,9600000.0,2.0,9600000.0,,,,,,,,,,,,9600000.0,,False,fallback_bbref,bbref,109140000
dante exum,2023,3000000.0,2.0,3000000.0,,,,,,,,,,,,3000000.0,,False,fallback_bbref,bbref,136021000
dante exum,2024,3150000.0,2.0,3150000.0,,,,,,,,,,,,3150000.0,,False,fallback_bbref,bbref,140588000
skal labissiere,2019,2338847.0,1.0,2338847.0,,,,,,,,,,,,2338847.0,,False,fallback_bbref,bbref,109140000
skal labissiere,2024,119972.0,2.0,119972.0,,,,,,,,,,,,119972.0,,False,fallback_bbref,bbref,140588000
lamelo ball,2020,7839960.0,3.0,7839960.0,7839960.0,7839960.0,1.0,,,7839960.0,,0.0,Active,1.0,,7839960.0,7839960.0,True,status_active,spotrac,109140000
lamelo ball,2021,8231760.0,3.0,8231760.0,8231760.0,8231760.0,1.0,,,8231760.0,,0.0,Active,1.0,,8231760.0,8231760.0,False,status_active,spotrac,112414000
lamelo ball,2022,8623920.0,3.0,8623920.0,8623920.0,8623920.0,1.0,,,8623920.0,,0.0,Active / Club Exercised,1.0,,8623920.0,8623920.0,False,status_active,spotrac,123655000
lamelo ball,2023,10900635.0,1.0,10900635.0,10900635.0,10900635.0,1.0,,,10900635.0,,0.0,Active / Club Exercised,1.0,,10900635.0,10900635.0,False,status_active,spotrac,136021000
lamelo ball,2024,35147000.0,5.0,35147000.0,35147000.0,35147000.0,1.0,,,35147000.0,,0.0,Active,1.0,35147000.0,35147000.0,35147000.0,True,spotrac_cap_hit,spotrac,140588000
miles bridges,2019,3755400.0,2.0,3755400.0,3520688.0,3520688.0,1.0,,,3520688.0,,0.0,Active,1.0,,3755400.533333333,3755400.533333333,False,status_active,spotrac,109140000
miles bridges,2020,3934320.0,2.0,3934320.0,3934320.0,3934320.0,1.0,,,3934320.0,,0.0,Active / Club Exercised,1.0,,3934320.0,3934320.0,False,status_active,spotrac,109140000
miles bridges,2021,5421493.0,1.0,5421493.0,5421493.0,5421493.0,1.0,,,5421493.0,,0.0,Active / Club Exercised,1.0,,5421493.0,5421493.0,False,status_active,spotrac,112414000
miles bridges,2023,7921300.0,1.0,7921300.0,7921300.0,7921300.0,1.0,,,7921300.0,,0.0,Active,1.0,,7921300.0,7921300.0,True,status_active,spotrac,136021000
miles bridges,2024,27173913.0,3.0,27173913.0,27173913.0,27173913.0,1.0,,,27173913.0,,0.0,Active,1.0,27173913.0,27173913.0,27173913.0,True,spotrac_cap_hit,spotrac,140588000
josh green,2020,2816760.0,3.0,2816760.0,2816760.0,2816760.0,1.0,,,2816760.0,,0.0,Active,1.0,,2816760.0,2816760.0,True,status_active,spotrac,109140000
josh green,2021,2957520.0,3.0,2957520.0,2957520.0,2957520.0,1.0,,,2957520.0,,0.0,Active,1.0,,2957520.0,2957520.0,False,status_active,spotrac,112414000
josh green,2022,3098400.0,3.0,3098400.0,3098400.0,3098400.0,1.0,,,3098400.0,,0.0,Active / Club Exercised,1.0,,3098400.0,3098400.0,False,status_active,spotrac,123655000
josh green,2023,4765339.0,1.0,4765339.0,4765339.0,4765339.0,1.0,,,4765339.0,,0.0,Active / Club Exercised,1.0,,4765339.0,4765339.0,False,status_active,spotrac,136021000
josh green,2024,12654321.0,3.0,12654321.0,12654321.0,12654321.0,1.0,,,12654321.0,,0.0,Active,1.0,12654321.0,12654321.0,12654321.0,True,spotrac_cap_hit,spotrac,140588000
grant williams,2019,2379840.0,3.0,2379840.0,2379840.0,2379840.0,1.0,,,2379840.0,,0.0,Active,1.0,,2538496.0,2538496.0,True,status_active,spotrac,109140000
grant williams,2020,2498760.0,3.0,2498760.0,2498760.0,2498760.0,1.0,,,2498760.0,,0.0,Active,1.0,,2498760.0,2498760.0,False,status_active,spotrac,109140000
grant williams,2021,2617800.0,3.0,2617800.0,2617800.0,2617800.0,1.0,,,2617800.0,,0.0,Active / Club Exercised,1.0,,2617800.0,2617800.0,False,status_active,spotrac,112414000
grant williams,2022,4306281.0,1.0,4306281.0,4306281.0,4306281.0,1.0,,,4306281.0,,0.0,Active / Club Exercised,1.0,,4306281.0,4306281.0,False,status_active,spotrac,123655000
grant williams,2023,12405000.0,4.0,12405000.0,4705345.0,4705345.0,2.0,12405000.0,7699655,4705345.0,7699655.0,0.0,Active;Retained,1.0,12405000.0,12405000.0,12405000.0,True,spotrac_cap_hit,spotrac,136021000
grant williams,2024,13025250.0,4.0,13025250.0,13025250.0,13025250.0,1.0,,,13025250.0,,0.0,Active,1.0,13025250.0,13025250.0,13025250.0,False,spotrac_cap_hit,spotrac,140588000
coby white,2019,5307120.0,3.0,5307120.0,4975425.0,4975425.0,1.0,,,4975425.0,,0.0,Active,1.0,,5307120.0,5307120.0,True,status_active,spotrac,109140000
coby white,2020,5572680.0,3.0,5572680.0,5572680.0,5572680.0,1.0,,,5572680.0,,0.0,Active,1.0,,5572680.0,5572680.0,False,status_active,spotrac,109140000
coby white,2021,5837760.0,3.0,5837760.0,5837760.0,5837760.0,1.0,,,5837760.0,,0.0,Active / Club Exercised,1.0,,5837760.0,5837760.0,False,status_active,spotrac,112414000
coby white,2022,7413955.0,1.0,7413955.0,7413955.0,7413955.0,1.0,,,7413955.0,,0.0,Active / Club Exercised,1.0,,7413955.0,7413955.0,False,status_active,spotrac,123655000
coby white,2023,11111111.0,3.0,11111111.0,11111111.0,11111111.0,1.0,,,11111111.0,,0.0,Active,1.0,,11111111.0,11111111.0,True,status_active,spotrac,136021000
coby white,2024,12000000.0,3.0,12000000.0,12000000.0,12000000.0,1.0,,,12000000.0,,0.0,Active,1.0,,12000000.0,12000000.0,False,status_active,spotrac,140588000
brandon miller,2023,10880400.0,3.0,10880400.0,10880400.0,10880400.0,1.0,,,,,,,,10880400.0,10880400.0,10880400.0,True,spotrac_cap_hit,spotrac,136021000
brandon miller,2024,11424600.0,3.0,11424600.0,11424600.0,11424600.0,1.0,,,,,,,,11424600.0,11424600.0,11424600.0,False,spotrac_cap_hit,spotrac,140588000
pat connaughton,2019,1723050.0,1.0,1723050.0,1615359.0,1615359.0,1.0,,,,,,,,,1723049.6,1723049.6,False,single,spotrac,109140000
pat connaughton,2020,4938273.0,3.0,4938273.0,4938273.0,4938273.0,1.0,,,,,,,,,4938273.0,4938273.0,True,single,spotrac,109140000
pat connaughton,2021,5333333.0,3.0,5333333.0,5333334.0,5333334.0,1.0,,,,,,,,,5333334.0,5333334.0,False,single,spotrac,112414000
pat connaughton,2022,5728393.0,3.0,5728393.0,5728393.0,5728393.0,1.0,,,,,,,,,5728393.0,5728393.0,False,single,spotrac,123655000
pat connaughton,2023,9423869.0,3.0,9423869.0,9423869.0,9423869.0,1.0,,100000,,,,,,,9423869.0,9423869.0,True,signing_contract,spotrac,136021000
pat connaughton,2024,9423869.0,3.0,9423869.0,9423869.0,9423869.0,1.0,,514970,,,,,,,9423869.0,9423869.0,False,single,spotrac,140588000
tre mann,2021,2901240.0,3.0,2901240.0,2901240.0,2901240.0,1.0,,,,,,,,,2901240.0,2901240.0,True,single,spotrac,112414000
tre mann,2022,3046200.0,3.0,3046200.0,3046200.0,3046200.0,1.0,,,,,,,,,3046200.0,3046200.0,False,single,spotrac,123655000
tre mann,2023,3191400.0,3.0,3191400.0,1210531.0,1210531.0,1.0,,,,,,,,,1210531.0,1210531.0,False,single,spotrac,136021000
tre mann,2024,4908373.0,1.0,4908373.0,4908373.0,4908373.0,1.0,,,,,,,,,4908373.0,4908373.0,False,single,spotrac,140588000
tidjane salaun,2024,7488720.0,3.0,7488720.0,,,,,,,,,,,,7488720.0,,False,fallback_bbref,bbref,140588000
xavier tillman sr.,2020,1300000.0,1.0,1300000.0,,,,,,,,,,,,1300000.0,,False,fallback_bbref,bbref,109140000
xavier tillman sr.,2021,1517981.0,1.0,1517981.0,,,,,,,,,,,,1517981.0,,False,fallback_bbref,bbref,112414000
xavier tillman sr.,2022,1782621.0,2.0,1782621.0,,,,,,,,,,,,1782621.0,,False,fallback_bbref,bbref,123655000
xavier tillman sr.,2023,1930681.0,2.0,1930681.0,,,,,,,,,,,,1930681.0,,False,fallback_bbref,bbref,136021000
xavier tillman sr.,2024,2237691.0,2.0,2237691.0,,,,,,,,,,,,2237691.0,,False,fallback_bbref,bbref,140588000
moussa diabate,2024,957763.0,1.0,957763.0,,,,,,,,,,,,957763.0,,False,fallback_bbref,bbref,140588000
malaki branham,2022,2925600.0,3.0,2925600.0,2925600.0,2925600.0,1.0,,,2925600.0,,0.0,Active,1.0,,2925600.0,2925600.0,True,status_active,spotrac,123655000
malaki branham,2023,3071880.0,3.0,3071880.0,3071880.0,3071880.0,1.0,,,3071880.0,,0.0,Active,1.0,,3071880.0,3071880.0,False,status_active,spotrac,136021000
malaki branham,2024,3217920.0,3.0,3217920.0,3217920.0,3217920.0,1.0,,,3217920.0,,0.0,Active / Club Exercised,1.0,,3217920.0,3217920.0,False,status_active,spotrac,140588000
nick smith jr.,2023,2463960.0,3.0,2463960.0,2463960.0,2463960.0,1.0,,,2463960.0,,0.0,Active,1.0,,2463960.0,2463960.0,True,status_active,spotrac,136021000
nick smith jr.,2024,2587200.0,3.0,2587200.0,2587200.0,2587200.0,1.0,,,2587200.0,,0.0,Active,1.0,,2587200.0,2587200.0,False,status_active,spotrac,140588000
anfernee simons,2019,2149560.0,2.0,2149560.0,2015213.0,2015213.0,1.0,,,,,,,,,2149560.533333333,2149560.533333333,False,single,spotrac,109140000
anfernee simons,2020,2252040.0,2.0,2252040.0,2252040.0,2252040.0,1.0,,,,,,,,,2252040.0,2252040.0,False,single,spotrac,109140000
anfernee simons,2021,3938818.0,1.0,3938818.0,3938818.0,3938818.0,1.0,,,,,,,,,3938818.0,3938818.0,False,single,spotrac,112414000
anfernee simons,2022,22321429.0,4.0,22321429.0,22321429.0,22321429.0,1.0,,,,,,,,,22321429.0,22321429.0,True,single,spotrac,123655000
anfernee simons,2023,24107143.0,4.0,24107143.0,24107143.0,24107143.0,1.0,,,,,,,,,24107143.0,24107143.0,False,single,spotrac,136021000
anfernee simons,2024,25892857.0,4.0,25892857.0,25892857.0,25892857.0,1.0,,,,,,,,,25892857.0,25892857.0,False,single,spotrac,140588000
josh giddey,2021,5988000.0,3.0,5988000.0,5988000.0,5988000.0,1.0,,,5988000.0,,0.0,Active,1.0,,5988000.0,5988000.0,True,status_active,spotrac,112414000
josh giddey,2022,6287400.0,3.0,6287400.0,6287400.0,6287400.0,1.0,,,6287400.0,,0.0,Active,1.0,,6287400.0,6287400.0,False,status_active,spotrac,123655000
josh giddey,2023,6587040.0,3.0,6587040.0,6587040.0,6587040.0,1.0,,,6587040.0,,0.0,Active / Club Exercised,1.0,,6587040.0,6587040.0,False,status_active,spotrac,136021000
josh giddey,2024,8352367.0,1.0,8352367.0,8352367.0,8352367.0,1.0,,,8352367.0,,0.0,Active / Club Exercised,1.0,,8352367.0,8352367.0,False,status_active,spotrac,140588000
collin sexton,2019,4764960.0,2.0,4764960.0,4467150.0,4467150.0,1.0,,,,,,,,,4764960.0,4764960.0,False,single,spotrac,109140000
collin sexton,2020,4991880.0,2.0,4991880.0,4991880.0,4991880.0,1.0,,,,,,,,,4991880.0,4991880.0,False,single,spotrac,109140000
collin sexton,2021,6349671.0,1.0,6349671.0,6349671.0,6349671.0,1.0,,,,,,,,,6349671.0,6349671.0,False,single,spotrac,112414000
collin sexton,2022,16500000.0,4.0,16500000.0,16500000.0,16500000.0,1.0,,,,,,,,,16500000.0,16500000.0,True,single,spotrac,123655000
collin sexton,2023,17325000.0,4.0,17325000.0,17325000.0,17525000.0,1.0,,,,,,,,,17325000.0,17325000.0,False,single,spotrac,136021000
collin sexton,2024,18350000.0,4.0,18350000.0,18150000.0,18150000.0,1.0,,,,,,,,,18150000.0,18150000.0,False,single,spotrac,140588000
zach collins,2019,4240200.0,1.0,4240200.0,3975188.0,3975188.0,1.0,,,,,,,,,4240200.533333333,4240200.533333333,False,single,spotrac,109140000
zach collins,2020,5406255.0,1.0,5406255.0,5406255.0,5406255.0,1.0,,,,,,,,,5406255.0,5406255.0,False,single,spotrac,109140000
zach collins,2021,7000000.0,3.0,7000000.0,7000000.0,7000000.0,1.0,,,,,,,,,7000000.0,7000000.0,True,single,spotrac,112414000
zach collins,2022,7350000.0,3.0,7350000.0,7350000.0,7350000.0,1.0,,,,,,,,,7350000.0,7350000.0,False,single,spotrac,123655000
zach collins,2023,7700000.0,3.0,7700000.0,7700000.0,7700000.0,1.0,,,,,,,,,7700000.0,7700000.0,False,single,spotrac,136021000
zach collins,2024,16741200.0,2.0,16741200.0,6734966.0,6734966.0,2.0,16741200.0,10006234,,,,,,,16741200.0,16741200.0,True,signing_contract,spotrac,140588000
patrick williams,2020,7068360.0,3.0,7068360.0,7068360.0,7068360.0,1.0,,,,,,,,,7068360.0,7068360.0,True,single,spotrac,109140000
patrick williams,2021,7422000.0,3.0,7422000.0,7422000.0,7422000.0,1.0,,,,,,,,,7422000.0,7422000.0,False,single,spotrac,112414000
patrick williams,2022,7775400.0,3.0,7775400.0,7775400.0,7775400.0,1.0,,,,,,,,,7775400.0,7775400.0,False,single,spotrac,123655000
patrick williams,2023,9835881.0,1.0,9835881.0,9835881.0,9835881.0,1.0,,,,,,,,,9835881.0,9835881.0,False,single,spotrac,136021000
patrick williams,2024,18000000.0,5.0,18000000.0,18000000.0,18000000.0,1.0,,,,,,,,18000000.0,18000000.0,18000000.0,True,spotrac_cap_hit,spotrac,140588000
isaac okoro,2020,6400920.0,3.0,6400920.0,6400920.0,6400920.0,1.0,,,6400920.0,,0.0,Active,1.0,,6400920.0,6400920.0,True,status_active,spotrac,109140000
isaac okoro,2021,6720720.0,3.0,6720720.0,6720720.0,6720720.0,1.0,,,6720720.0,,0.0,Active,1.0,,6720720.0,6720720.0,False,status_active,spotrac,112414000
isaac okoro,2022,7040880.0,3.0,7040880.0,7040880.0,7040880.0,1.0,,,7040880.0,,0.0,Active / Club Exercised,1.0,,7040880.0,7040880.0,False,status_active,spotrac,123655000
isaac okoro,2023,8920795.0,4.0,8920795.0,8920795.0,8920795.0,1.0,,,8920795.0,,0.0,Active / Club Exercised,1.0,,8920795.0,8920795.0,False,status_active,spotrac,136021000
isaac okoro,2024,10185186.0,4.0,10185186.0,10185186.0,10185186.0,1.0,,,10185186.0,,0.0,Active,1.0,10185186.0,10185186.0,10185186.0,True,spotrac_cap_hit,spotrac,140588000
jalen smith,2020,4245720.0,4.0,4245720.0,4245720.0,4245720.0,1.0,,,4245720.0,,0.0,Active,1.0,,4245720.0,4245720.0,True,status_active,spotrac,109140000
jalen smith,2021,4458000.0,4.0,4458000.0,1511621.0,1511621.0,2.0,4458000.0,2946379,1511621.0,2946379.0,0.0,Active;Retained,1.0,,4458000.0,4458000.0,False,status_active,spotrac,112414000
jalen smith,2022,4670160.0,4.0,4670160.0,4670160.0,4670160.0,1.0,,,4670160.0,,0.0,Active,1.0,,4670160.0,4670160.0,True,status_active,spotrac,123655000
jalen smith,2023,5043773.0,4.0,5043773.0,5043773.0,5043773.0,1.0,,200000,5043773.0,,200000.0,Active;NBA Cup,1.0,,5043773.0,5043773.0,False,status_active,spotrac,136021000
jalen smith,2024,8571429.0,3.0,8571429.0,8571429.0,8571429.0,1.0,,,8571429.0,,0.0,Active,1.0,8571429.0,8571429.0,8571429.0,True,spotrac_cap_hit,spotrac,140588000
tre jones,2020,898310.0,1.0,898310.0,898310.0,898310.0,1.0,,,,,,,,,898310.0,898310.0,True,vet_min,spotrac,109140000
tre jones,2021,1517981.0,1.0,1517981.0,1517981.0,1517981.0,1.0,,,,,,,,,1517981.0,1517981.0,False,single,spotrac,112414000
tre jones,2022,1782621.0,1.0,1782621.0,1782621.0,1782621.0,1.0,,,,,,,,,1782621.0,1782621.0,False,vet_min,spotrac,123655000
tre jones,2023,9895833.0,2.0,9895833.0,9895833.0,9895833.0,1.0,,,,,,,,,9895833.0,9895833.0,True,single,spotrac,136021000
tre jones,2024,9104167.0,2.0,9104167.0,3662596.0,3662596.0,2.0,9104167.0,5441571,,,,,,,9104167.0,9104167.0,False,split,spotrac,140588000
rob dillingham,2024,6262920.0,3.0,6262920.0,6262920.0,6262920.0,1.0,,,,,,,,6262920.0,6262920.0,6262920.0,True,spotrac_cap_hit,spotrac,140588000
guerschon yabusele,2019,1039080.0,3.0,1039080.0,1039080.0,1039080.0,1.0,,,,1039080.0,0.0,Retained,0.0,,,,False,retained_only,spotrac,109140000
guerschon yabusele,2020,1039080.0,3.0,1039080.0,1039080.0,1039080.0,1.0,,,,1039080.0,0.0,Retained,0.0,,,,False,retained_only,spotrac,109140000
guerschon yabusele,2021,1039080.0,3.0,1039080.0,1039080.0,1039080.0,1.0,,,,1039080.0,0.0,Retained,0.0,,,,False,retained_only,spotrac,112414000
guerschon yabusele,2024,2087519.0,1.0,2087519.0,2087519.0,2087519.0,1.0,,,2087519.0,,0.0,Active,1.0,,2087519.0,2087519.0,True,vet_min,spotrac,140588000
matas buzelis,2024,5195520.0,3.0,5195520.0,5195520.0,5195520.0,1.0,,,,,,,,5195520.0,5195520.0,5195520.0,True,spotrac_cap_hit,spotrac,140588000
nick richards,2020,1000000.0,1.0,1000000.0,1000000.0,1000000.0,1.0,,,1000000.0,,0.0,Active,1.0,,1000000.0,1000000.0,True,status_active,spotrac,109140000
nick richards,2021,1517981.0,1.0,1517981.0,1517981.0,1517981.0,1.0,,,1517981.0,,0.0,Active,1.0,,1517981.0,1517981.0,False,status_active,spotrac,112414000
nick richards,2022,1782621.0,1.0,1782621.0,1782621.0,1782621.0,1.0,,,1782621.0,,0.0,Active,1.0,,1782621.0,1782621.0,False,vet_min,spotrac,123655000
nick richards,2023,5000000.0,3.0,5000000.0,5000000.0,5000000.0,1.0,,,5000000.0,,0.0,Active,1.0,,5000000.0,5000000.0,True,status_active,spotrac,136021000
nick richards,2024,5000000.0,3.0,5000000.0,2528736.0,2528736.0,2.0,5000000.0,2471264,2528736.0,2471264.0,0.0,Active;Retained,1.0,,5000000.0,5000000.0,False,status_active,spotrac,140588000
leonard miller,2023,1800000.0,2.0,1800000.0,1800000.0,1800000.0,1.0,,,,,,,,1800000.0,1800000.0,1800000.0,True,spotrac_cap_hit,spotrac,136021000
leonard miller,2024,1891857.0,2.0,1891857.0,1891857.0,1891857.0,1.0,,,,,,,,1891857.0,1891857.0,1891857.0,False,spotrac_cap_hit,spotrac,140588000
jaden ivey,2022,7252200.0,3.0,7252200.0,7252200.0,7252200.0,1.0,,,7252200.0,,0.0,Active,1.0,,7252200.0,7252200.0,True,status_active,spotrac,123655000
jaden ivey,2023,7614480.0,3.0,7614480.0,7614480.0,7614480.0,1.0,,,7614480.0,,0.0,Active,1.0,,7614480.0,7614480.0,False,status_active,spotrac,136021000
jaden ivey,2024,7977240.0,3.0,7977240.0,7977240.0,7977240.0,1.0,,,7977240.0,,0.0,Active / Club Exercised,1.0,,7977240.0,7977240.0,False,status_active,spotrac,140588000
nikola jokic,2019,26573595.0,4.0,26573595.0,25785591.0,26716627.0,1.0,,,,,,,,,27504630.4,27504630.4,False,single,spotrac,109140000
nikola jokic,2020,29542010.0,4.0,29542010.0,28542009.0,29542010.0,1.0,,,,,,,,,28542009.0,28542009.0,False,single,spotrac,109140000
nikola jokic,2021,30510423.0,4.0,30510423.0,30510423.0,31044906.0,1.0,,,,,,,,,30510423.0,30510423.0,False,single,spotrac,112414000
nikola jokic,2022,33047803.0,4.0,33047803.0,32478838.0,33616770.0,1.0,,,,,,,,,32478838.0,32478838.0,False,single,spotrac,123655000
nikola jokic,2023,47607350.0,5.0,47607350.0,47607350.0,47607350.0,1.0,,,,,,,,47607350.0,47607350.0,47607350.0,True,spotrac_cap_hit,spotrac,136021000
nikola jokic,2024,51415938.0,5.0,51415938.0,51415938.0,51415938.0,1.0,,,,,,,,51415938.0,51415938.0,51415938.0,False,spotrac_cap_hit,spotrac,140588000
jamal murray,2019,4444746.0,1.0,4444746.0,4166949.0,4166949.0,1.0,,,4166949.0,,0.0,Active,1.0,,4444745.6,4444745.6,False,status_active,spotrac,109140000
jamal murray,2020,27285000.0,5.0,27285000.0,27285000.0,27285000.0,1.0,,,27285000.0,,0.0,Active,1.0,,27285000.0,27285000.0,True,status_active,spotrac,109140000
jamal murray,2021,29467800.0,5.0,29467800.0,29467800.0,29467800.0,1.0,,,29467800.0,,0.0,Active,1.0,,29467800.0,29467800.0,False,status_active,spotrac,112414000
jamal murray,2022,31650600.0,5.0,31650600.0,31650600.0,31650600.0,1.0,,,31650600.0,,0.0,Active,1.0,,31650600.0,31650600.0,False,status_active,spotrac,123655000
jamal murray,2023,33833400.0,5.0,33833400.0,33833400.0,33833400.0,1.0,,,33833400.0,,0.0,Active,1.0,,33833400.0,33833400.0,False,status_active,spotrac,136021000
jamal murray,2024,36016200.0,5.0,36016200.0,36016200.0,36016200.0,1.0,,,36016200.0,,0.0,Active,1.0,,36016200.0,36016200.0,False,status_active,spotrac,140588000
aaron gordon,2019,19863636.0,3.0,19863636.0,18622159.0,18622159.0,1.0,,,,,,,,,19863636.266666666,19863636.266666666,False,single,spotrac,109140000
aaron gordon,2020,18136364.0,3.0,18136364.0,6583749.0,6583749.0,2.0,18136364.0,11552615,,,,,,,18136364.0,18136364.0,False,split,spotrac,109140000
aaron gordon,2021,16409091.0,3.0,16409091.0,16409091.0,16409091.0,1.0,,,,,,,,,16409091.0,16409091.0,False,single,spotrac,112414000
aaron gordon,2022,19690909.0,4.0,19690909.0,19690909.0,20690909.0,1.0,,,,,,,,20690909.0,20690909.0,20690909.0,True,spotrac_cap_hit,spotrac,123655000
aaron gordon,2023,22266182.0,4.0,22266182.0,21266182.0,21266182.0,1.0,,,,,,,,21266182.0,21266182.0,21266182.0,False,spotrac_cap_hit,spotrac,136021000
aaron gordon,2024,22841455.0,4.0,22841455.0,22841455.0,22841455.0,1.0,,,,,,,,22841455.0,22841455.0,22841455.0,False,spotrac_cap_hit,spotrac,140588000
cameron johnson,2019,4033440.0,3.0,4033440.0,3781350.0,3781350.0,1.0,,,3781350.0,,0.0,Active,1.0,,4033440.0,4033440.0,True,status_active,spotrac,109140000
cameron johnson,2020,4235160.0,3.0,4235160.0,4235160.0,4235160.0,1.0,,,4235160.0,,0.0,Active,1.0,,4235160.0,4235160.0,False,status_active,spotrac,109140000
cameron johnson,2021,4437000.0,3.0,4437000.0,4437000.0,4437000.0,1.0,,,4437000.0,,0.0,Active / Club Exercised,1.0,,4437000.0,4437000.0,False,status_active,spotrac,112414000
cameron johnson,2022,5887899.0,1.0,5887899.0,1996472.0,1996472.0,2.0,5887900.0,3891428,1996472.0,3891428.0,0.0,Active / Club Exercised;Retained,1.0,,5887900.0,5887900.0,False,status_active,spotrac,123655000
cameron johnson,2023,25679348.0,1.0,25679348.0,24456522.0,24456522.0,1.0,,,24456522.0,,0.0,Active,1.0,24456522.0,24456522.0,24456522.0,True,spotrac_cap_hit,spotrac,136021000
cameron johnson,2024,22500000.0,3.0,22500000.0,22500000.0,23062500.0,1.0,,,23062500.0,,0.0,Active,1.0,23062500.0,23062500.0,23062500.0,False,spotrac_cap_hit,spotrac,140588000
jonas valanciunas,2019,16000000.0,5.0,16000000.0,,,,,,,,,,,,16000000.0,,False,fallback_bbref,bbref,109140000
jonas valanciunas,2020,15000000.0,5.0,15000000.0,,,,,,,,,,,,15000000.0,,False,fallback_bbref,bbref,109140000
jonas valanciunas,2021,14000000.0,5.0,14000000.0,,,,,,,,,,,,14000000.0,,False,fallback_bbref,bbref,112414000
jonas valanciunas,2022,14700000.0,5.0,14700000.0,,,,,,,,,,,,14700000.0,,False,fallback_bbref,bbref,123655000
jonas valanciunas,2023,15435000.0,5.0,15435000.0,,,,,,,,,,,,15435000.0,,False,fallback_bbref,bbref,136021000
jonas valanciunas,2024,9900000.0,3.0,9900000.0,,,,,,,,,,,,9900000.0,,False,fallback_bbref,bbref,140588000
zeke nnaji,2020,2379840.0,3.0,2379840.0,2379840.0,2379840.0,1.0,,,,,,,,,2379840.0,2379840.0,True,single,spotrac,109140000
zeke nnaji,2021,2498760.0,3.0,2498760.0,2498760.0,2498760.0,1.0,,,,,,,,,2498760.0,2498760.0,False,single,spotrac,112414000
zeke nnaji,2022,2617800.0,3.0,2617800.0,2617800.0,2617800.0,1.0,,,,,,,,,2617800.0,2617800.0,False,single,spotrac,123655000
zeke nnaji,2023,4306281.0,1.0,4306281.0,4306281.0,4306281.0,1.0,,,,,,,,,4306281.0,4306281.0,False,single,spotrac,136021000
zeke nnaji,2024,8888889.0,4.0,8888889.0,8888889.0,8888889.0,1.0,,,,,,,,8888889.0,8888889.0,8888889.0,True,spotrac_cap_hit,spotrac,140588000
christian braun,2022,2808600.0,3.0,2808600.0,2808600.0,2808600.0,1.0,,,2808600.0,,0.0,Active,1.0,,2808600.0,2808600.0,True,status_active,spotrac,123655000
christian braun,2023,2949120.0,3.0,2949120.0,2949120.0,2949120.0,1.0,,,2949120.0,,0.0,Active,1.0,,2949120.0,2949120.0,False,status_active,spotrac,136021000
christian braun,2024,3089640.0,3.0,3089640.0,3089640.0,3089640.0,1.0,,,3089640.0,,0.0,Active / Club Exercised,1.0,,3089640.0,3089640.0,False,status_active,spotrac,140588000
peyton watson,2022,2193960.0,3.0,2193960.0,2193960.0,2193960.0,1.0,,,,,,,,,2193960.0,2193960.0,True,single,spotrac,123655000
peyton watson,2023,2303520.0,3.0,2303520.0,2303520.0,2303520.0,1.0,,,,,,,,,2303520.0,2303520.0,False,single,spotrac,136021000
peyton watson,2024,2413560.0,3.0,2413560.0,2413560.0,2413560.0,1.0,,,,,,,,,2413560.0,2413560.0,False,single,spotrac,140588000
daron holmes,2024,3065640.0,3.0,3065640.0,,,,,,,,,,,,3065640.0,,False,fallback_bbref,bbref,140588000
julian strawther,2023,2431080.0,3.0,2431080.0,2431080.0,2431080.0,1.0,,,,,,,,2431080.0,2431080.0,2431080.0,True,spotrac_cap_hit,spotrac,136021000
julian strawther,2024,2552520.0,3.0,2552520.0,2552520.0,2552520.0,1.0,,,,,,,,2552520.0,2552520.0,2552520.0,False,spotrac_cap_hit,spotrac,140588000
tim hardaway jr.,2019,18150000.0,6.0,18150000.0,17015625.0,17015625.0,1.0,,,17015625.0,,0.0,Active,1.0,,18150000.0,18150000.0,False,status_active,spotrac,109140000
tim hardaway jr.,2020,18975000.0,6.0,18975000.0,18975000.0,18975000.0,1.0,,,18975000.0,,0.0,Active / Player Exercised,1.0,,18975000.0,18975000.0,False,status_active,spotrac,109140000
tim hardaway jr.,2021,21306816.0,6.0,21306816.0,21306816.0,21306816.0,1.0,,,21306816.0,,0.0,Active,1.0,,21306816.0,21306816.0,True,status_active,spotrac,112414000
tim hardaway jr.,2022,19602273.0,6.0,19602273.0,19602273.0,19602273.0,1.0,,,19602273.0,,0.0,Active,1.0,,19602273.0,19602273.0,False,status_active,spotrac,123655000
tim hardaway jr.,2023,17897728.0,6.0,17897728.0,17897728.0,17897728.0,1.0,,,17897728.0,,0.0,Active,1.0,,17897728.0,17897728.0,False,status_active,spotrac,136021000
tim hardaway jr.,2024,16193183.0,6.0,16193183.0,16193183.0,16193183.0,1.0,,,16193183.0,,0.0,Active,1.0,,16193183.0,16193183.0,False,status_active,spotrac,140588000
bruce brown,2019,1416852.0,1.0,1416852.0,1328299.0,1328299.0,1.0,,,1328299.0,,0.0,Active,1.0,,1416852.2666666666,1416852.2666666666,False,status_active,spotrac,109140000
bruce brown,2020,1663861.0,1.0,1663861.0,1663861.0,1663861.0,1.0,,,1663861.0,,0.0,Active,1.0,,1663861.0,1663861.0,False,status_active,spotrac,109140000
bruce brown,2021,4736102.0,1.0,4736102.0,4736102.0,4736102.0,1.0,,,4736102.0,,0.0,Active,1.0,,4736102.0,4736102.0,True,status_active,spotrac,112414000
bruce brown,2022,6479000.0,1.0,6479000.0,6479000.0,6479000.0,1.0,,,6479000.0,,0.0,Active,1.0,,6479000.0,6479000.0,True,status_active,spotrac,123655000
bruce brown,2023,22000000.0,2.0,22000000.0,10747126.0,10747126.0,2.0,22200000.0,200000;11252874,11252874.0,10747126.0,200000.0,Retained;NBA Cup;Active,1.0,,22000000.0,22000000.0,True,signing_contract,spotrac,136021000
bruce brown,2024,23000000.0,2.0,23000000.0,8724138.0,8724138.0,2.0,23000000.0,14275862,8724138.0,14275862.0,0.0,Active / Club Exercised;Retained,1.0,,23000000.0,23000000.0,False,status_active,spotrac,140588000
jalen pickett,2023,1708143.0,2.0,1708143.0,1708143.0,1708143.0,1.0,,,1708143.0,,0.0,Active,1.0,,1708143.0,1708143.0,True,status_active,spotrac,136021000
jalen pickett,2024,1891857.0,2.0,1891857.0,1891857.0,1891857.0,1.0,,,1891857.0,,0.0,Active,1.0,,1891857.0,1891857.0,False,status_active,spotrac,140588000
kevin durant,2019,37199000.0,7.0,37199000.0,37199000.0,38199000.0,1.0,,,,,,,,,37199000.0,39678933.333333336,True,salary_override,curated,109140000
kevin durant,2020,39058950.0,7.0,39058950.0,37721513.0,38771513.0,1.0,,,,,,,,,37721513.0,37721513.0,False,single,spotrac,109140000
kevin durant,2021,40918900.0,7.0,40918900.0,40918900.0,42018900.0,1.0,,,,,,,,,40918900.0,40918900.0,False,single,spotrac,112414000
kevin durant,2022,44119845.0,7.0,44119845.0,14570235.0,15725235.0,2.0,42969845.0,28399610,,,,,,44124845.0,44124845.0,44124845.0,True,spotrac_cap_hit,spotrac,123655000
kevin durant,2023,47649433.0,7.0,47649433.0,46407433.0,47649433.0,1.0,,50000,,,,,,47649433.0,47649433.0,47649433.0,False,spotrac_cap_hit,spotrac,136021000
kevin durant,2024,51179021.0,7.0,51179021.0,49856021.0,49856021.0,1.0,,,,,,,,51179021.0,51179021.0,51179021.0,False,spotrac_cap_hit,spotrac,140588000
alperen sengun,2021,3214680.0,3.0,3214680.0,,,,,,,,,,,,3214680.0,,False,fallback_bbref,bbref,112414000
alperen sengun,2022,3375360.0,3.0,3375360.0,,,,,,,,,,,,3375360.0,,False,fallback_bbref,bbref,123655000
alperen sengun,2023,3536280.0,3.0,3536280.0,,,,,,,,,,,,3536280.0,,False,fallback_bbref,bbref,136021000
alperen sengun,2024,5424654.0,1.0,5424654.0,,,,,,,,,,,,5424654.0,,False,fallback_bbref,bbref,140588000
fred vanvleet,2019,9346153.0,1.0,9346153.0,8762018.0,8762018.0,1.0,,,,,,,,,9346152.533333333,9346152.533333333,False,single,spotrac,109140000
fred vanvleet,2020,21250000.0,3.0,21250000.0,21250000.0,21250000.0,1.0,,,,,,,,,21250000.0,21250000.0,True,single,spotrac,109140000
fred vanvleet,2021,19675926.0,3.0,19675926.0,19675926.0,19675926.0,1.0,,,,,,,,,19675926.0,19675926.0,False,single,spotrac,112414000
fred vanvleet,2022,21250000.0,3.0,21250000.0,21250000.0,21250000.0,1.0,,,,,,,,,21250000.0,21250000.0,False,single,spotrac,123655000
fred vanvleet,2023,40806300.0,2.0,40806300.0,40806300.0,40806300.0,1.0,,,,,,,,,40806300.0,40806300.0,True,single,spotrac,136021000
fred vanvleet,2024,42846615.0,2.0,42846615.0,42846615.0,42846615.0,1.0,,102994,,,,,,,42846615.0,42846615.0,False,single,spotrac,140588000
steven adams,2019,25842697.0,2.0,25842697.0,24227528.0,24227528.0,1.0,,,24227528.0,,0.0,Active,1.0,,25842696.533333335,25842696.533333335,False,status_active,spotrac,109140000
steven adams,2020,29592695.0,2.0,29592695.0,27528088.0,27528088.0,2.0,,,27528088.0,2064606.0,0.0,Active;Retained,1.0,,27528088.0,27528088.0,False,single,spotrac,109140000
steven adams,2021,17073171.0,2.0,17073171.0,17073171.0,17073171.0,1.0,,,17073171.0,,0.0,Active,1.0,,17073171.0,17073171.0,True,status_active,spotrac,112414000
steven adams,2022,17926829.0,2.0,17926829.0,17926829.0,17926829.0,1.0,,,17926829.0,,0.0,Active,1.0,,17926829.0,17926829.0,False,status_active,spotrac,123655000
steven adams,2023,12600000.0,5.0,12600000.0,7313793.0,7313793.0,2.0,19913793.0,12600000,12600000.0,7313793.0,0.0,Retained;Active,1.0,,12600000.0,19913793.0,True,signing_contract,spotrac,136021000
steven adams,2024,12600000.0,5.0,12600000.0,5286207.0,5286207.0,1.0,,102994,5286207.0,,102994.0,Active;NBA Cup,1.0,,5286207.0,5286207.0,False,status_active,spotrac,140588000
dorian finney-smith,2019,4000000.0,3.0,4000000.0,3750000.0,3750000.0,1.0,,,,,,,,,4000000.0,4000000.0,True,single,spotrac,109140000
dorian finney-smith,2020,4000000.0,3.0,4000000.0,4000000.0,4000000.0,1.0,,,,,,,,,4000000.0,4000000.0,False,single,spotrac,109140000
dorian finney-smith,2021,4000000.0,3.0,4000000.0,4000000.0,4000000.0,1.0,,,,,,,,,4000000.0,4000000.0,False,single,spotrac,112414000
dorian finney-smith,2022,12939848.0,3.0,12939848.0,4419103.0,4419103.0,2.0,12402000.0,7982897,,,,,,,12402000.0,12402000.0,True,signing_contract,spotrac,123655000
dorian finney-smith,2023,13932008.0,3.0,13932008.0,13394160.0,13394160.0,1.0,,,,,,,,,13394160.0,13394160.0,False,single,spotrac,136021000
dorian finney-smith,2024,14924167.0,3.0,14924167.0,8681400.0,8681400.0,2.0,14386320.0,5704920,,,,,,,14386320.0,14386320.0,False,split,spotrac,140588000
jabari smith jr.,2022,8882640.0,3.0,8882640.0,8882640.0,8882640.0,1.0,,,8882640.0,,0.0,Active,1.0,,8882640.0,8882640.0,True,status_active,spotrac,123655000
jabari smith jr.,2023,9326520.0,3.0,9326520.0,9326520.0,9326520.0,1.0,,,9326520.0,,0.0,Active,1.0,,9326520.0,9326520.0,False,status_active,spotrac,136021000
jabari smith jr.,2024,9770880.0,3.0,9770880.0,9770880.0,9770880.0,1.0,,102994,9770880.0,,102994.0,Active / Club Exercised;NBA Cup,1.0,,9770880.0,9770880.0,False,status_active,spotrac,140588000
reed sheppard,2024,10098960.0,3.0,10098960.0,10098960.0,10098960.0,1.0,,102994,,,,,,10098960.0,10098960.0,10098960.0,True,spotrac_cap_hit,spotrac,140588000
amen thompson,2023,8809320.0,3.0,8809320.0,8809320.0,8809320.0,1.0,,,,,,,,8809320.0,8809320.0,8809320.0,True,spotrac_cap_hit,spotrac,136021000
amen thompson,2024,9249960.0,3.0,9249960.0,9249960.0,9249960.0,1.0,,102994,,,,,,9249960.0,9249960.0,9249960.0,False,spotrac_cap_hit,spotrac,140588000
clint capela,2019,14896552.0,6.0,14896552.0,5975453.0,5975453.0,2.0,14896552.0,8921099,5975453.0,8921099.0,0.0,Active;Retained,1.0,,14896552.0,15889655.466666667,False,salary_override,curated,109140000
clint capela,2020,16000000.0,6.0,16000000.0,16000000.0,17500000.0,1.0,,,17500000.0,,0.0,Active,1.0,,16000000.0,16000000.0,False,status_active,spotrac,109140000
clint capela,2021,17103448.0,6.0,17103448.0,17103448.0,17103448.0,1.0,,,17103448.0,,0.0,Active,1.0,,17103448.0,17103448.0,False,status_active,spotrac,112414000
clint capela,2022,18706897.0,6.0,18706897.0,18206897.0,18206897.0,1.0,,,18206897.0,,0.0,Active,1.0,,18206897.0,18206897.0,False,status_active,spotrac,123655000
clint capela,2023,20616000.0,6.0,20616000.0,20616000.0,20616000.0,1.0,,,20616000.0,,0.0,Active,1.0,,20616000.0,20616000.0,True,status_active,spotrac,136021000
clint capela,2024,22265280.0,6.0,22265280.0,22265280.0,22265280.0,1.0,,102994,22265280.0,,102994.0,Active;NBA Cup,1.0,,22265280.0,22265280.0,False,status_active,spotrac,140588000
tari eason,2022,3359160.0,3.0,3359160.0,3359160.0,3359160.0,1.0,,,,,,,,,3359160.0,3359160.0,True,single,spotrac,123655000
tari eason,2023,3527160.0,3.0,3527160.0,3527160.0,3527160.0,1.0,,,,,,,,,3527160.0,3527160.0,False,single,spotrac,136021000
tari eason,2024,3695160.0,3.0,3695160.0,3695160.0,3695160.0,1.0,,102994,,,,,,,3695160.0,3695160.0,False,single,spotrac,140588000
aaron holiday,2019,2239200.0,2.0,2239200.0,2099250.0,2239200.0,1.0,,,2239200.0,,0.0,Active,1.0,,2239200.0,2239200.0,False,status_active,spotrac,109140000
aaron holiday,2020,2345640.0,2.0,2345640.0,2345640.0,2345640.0,1.0,,,2345640.0,,0.0,Active / Club Exercised,1.0,,2345640.0,2345640.0,False,status_active,spotrac,109140000
aaron holiday,2021,3980551.0,1.0,3980551.0,1349727.0,1349727.0,2.0,3980551.0,2630824,1349727.0,2630824.0,0.0,Active / Club Exercised;Retained,1.0,,3980551.0,3980551.0,False,status_active,spotrac,112414000
aaron holiday,2022,1836090.0,2.0,1836090.0,1968175.0,1968175.0,1.0,,,1968175.0,,0.0,Active,1.0,,1968175.0,1968175.0,True,vet_min,spotrac,123655000
aaron holiday,2023,2019706.0,2.0,2019706.0,2346614.0,2346614.0,1.0,,,2346614.0,,0.0,Active,1.0,,2346614.0,2346614.0,True,status_active,spotrac,136021000
aaron holiday,2024,4668000.0,1.0,4668000.0,4668000.0,4668000.0,1.0,,102994,4668000.0,,102994.0,Active;NBA Cup,1.0,,4668000.0,4668000.0,True,status_active,spotrac,140588000
josh okogie,2019,2530680.0,2.0,2530680.0,2372513.0,2372513.0,1.0,,,,,,,,,2530680.533333333,2530680.533333333,False,single,spotrac,109140000
josh okogie,2020,2651040.0,2.0,2651040.0,2651040.0,2651040.0,1.0,,,,,,,,,2651040.0,2651040.0,False,single,spotrac,109140000
josh okogie,2021,4087904.0,1.0,4087904.0,4087904.0,4087904.0,1.0,,,,,,,,,4087904.0,4087904.0,False,single,spotrac,112414000
josh okogie,2022,1836090.0,1.0,1836090.0,1968175.0,1968175.0,1.0,,,,,,,,,1836090.0,1836090.0,True,vet_min,spotrac,123655000
josh okogie,2023,2815937.0,1.0,2815937.0,2815937.0,2815937.0,1.0,,50000,,,,,,,2865937.0,2815937.0,True,signing_contract,spotrac,136021000
josh okogie,2024,8250000.0,1.0,8250000.0,4172414.0,4172414.0,2.0,8250000.0,4077586,,,,,,,8250000.0,8250000.0,True,signing_contract,spotrac,140588000
jeff green,2019,2564753.0,2.0,2564753.0,695526.0,695526.0,2.0,3405180.0,144901;2564753,695526.0,2709654.0,0.0,Active;Retained;Retained,1.0,,1620564.0,741894.4,True,vet_min,spotrac,109140000
jeff green,2020,2564753.0,2.0,2564753.0,2564753.0,2564753.0,1.0,,,2564753.0,,0.0,Active,1.0,,2564753.0,2564753.0,True,vet_min,spotrac,109140000
jeff green,2021,4500000.0,2.0,4500000.0,4500000.0,4500000.0,1.0,,,4500000.0,,0.0,Active,1.0,,4500000.0,4500000.0,True,status_active,spotrac,112414000
jeff green,2022,4500000.0,2.0,4500000.0,4500000.0,4500000.0,1.0,,,4500000.0,,0.0,Active / Player Exercised,1.0,,4500000.0,4500000.0,False,status_active,spotrac,123655000
jeff green,2023,9600000.0,1.0,9600000.0,8000000.0,8000000.0,1.0,,,8000000.0,,0.0,Active,1.0,,8000000.0,8000000.0,True,status_active,spotrac,136021000
jeff green,2024,8000000.0,1.0,8000000.0,8000000.0,8000000.0,1.0,,102994,8000000.0,,102994.0,Active / Club Exercised;NBA Cup,1.0,,8000000.0,8000000.0,False,status_active,spotrac,140588000
jae'sean tate,2020,1445967.0,2.0,1445967.0,1445697.0,1445697.0,1.0,,,,,,,,,1445697.0,1445697.0,True,vet_min,spotrac,109140000
jae'sean tate,2021,1517981.0,2.0,1517981.0,1517981.0,1517981.0,1.0,,,,,,,,,1517981.0,1517981.0,False,single,spotrac,112414000
jae'sean tate,2022,7065217.0,2.0,7065217.0,7065217.0,7065217.0,1.0,,,,,,,,7065217.0,7065217.0,7065217.0,True,spotrac_cap_hit,spotrac,123655000
jae'sean tate,2023,6500000.0,2.0,6500000.0,6500000.0,7000000.0,1.0,,,,,,,,7000000.0,7000000.0,7000000.0,False,spotrac_cap_hit,spotrac,136021000
jae'sean tate,2024,7565217.0,1.0,7565217.0,7065217.0,7065217.0,1.0,,102994,,,,,,7565217.0,7565217.0,7565217.0,False,spotrac_cap_hit,spotrac,140588000
kawhi leonard,2019,32742000.0,8.0,32742000.0,30695625.0,30695625.0,1.0,,,30695625.0,,0.0,Active,1.0,,32742000.0,32742000.0,True,status_active,spotrac,109140000
kawhi leonard,2020,34379100.0,8.0,34379100.0,34379100.0,34379100.0,1.0,,,34379100.0,,0.0,Active,1.0,,34379100.0,34379100.0,False,status_active,spotrac,109140000
kawhi leonard,2021,39344900.0,8.0,39344900.0,39344900.0,39344900.0,1.0,,,39344900.0,,0.0,Active,1.0,,39344900.0,39344900.0,True,status_active,spotrac,112414000
kawhi leonard,2022,42492492.0,8.0,42492492.0,42492492.0,42492492.0,1.0,,,42492492.0,,0.0,Active,1.0,,42492492.0,42492492.0,False,status_active,spotrac,123655000
kawhi leonard,2023,45640084.0,8.0,45640084.0,45640084.0,45640084.0,1.0,,,45640084.0,,0.0,Active,1.0,,45640084.0,45640084.0,False,status_active,spotrac,136021000
kawhi leonard,2024,49205800.0,8.0,49205800.0,49205800.0,49205800.0,1.0,,,49205800.0,,0.0,Active,1.0,49205800.0,49205800.0,49205800.0,True,spotrac_cap_hit,spotrac,140588000
darius garland,2019,6400920.0,3.0,6400920.0,6400920.0,6400920.0,1.0,,,6400920.0,,0.0,Active,1.0,,6827648.0,6827648.0,True,status_active,spotrac,109140000
darius garland,2020,6720720.0,3.0,6720720.0,6720720.0,6720720.0,1.0,,,6720720.0,,0.0,Active,1.0,,6720720.0,6720720.0,False,status_active,spotrac,109140000
darius garland,2021,7040880.0,3.0,7040880.0,7040880.0,7040880.0,1.0,,,7040880.0,,0.0,Active / Club Exercised,1.0,,7040880.0,7040880.0,False,status_active,spotrac,112414000
darius garland,2022,8920795.0,1.0,8920795.0,8920795.0,8920795.0,1.0,,,8920795.0,,0.0,Active / Club Exercised,1.0,,8920795.0,8920795.0,False,status_active,spotrac,123655000
darius garland,2023,34005250.0,5.0,34005250.0,34005250.0,34005250.0,1.0,,,34005250.0,,0.0,Active,1.0,34005250.0,34005250.0,34005250.0,True,spotrac_cap_hit,spotrac,136021000
darius garland,2024,36725670.0,5.0,36725670.0,36725670.0,36725670.0,1.0,,,36725670.0,,0.0,Active,1.0,36725670.0,36725670.0,36725670.0,False,spotrac_cap_hit,spotrac,140588000
john collins,2019,2686560.0,1.0,2686560.0,2518650.0,2518650.0,1.0,,,2518650.0,,0.0,Active,1.0,,2686560.0,2686560.0,False,status_active,spotrac,109140000
john collins,2020,4137302.0,1.0,4137302.0,4137302.0,4137302.0,1.0,,,4137302.0,,0.0,Active,1.0,,4137302.0,4137302.0,False,status_active,spotrac,109140000
john collins,2021,23000000.0,5.0,23000000.0,23000000.0,23000000.0,1.0,,,23000000.0,,0.0,Active,1.0,,23000000.0,23000000.0,True,status_active,spotrac,112414000
john collins,2022,23500000.0,5.0,23500000.0,23500000.0,23500000.0,1.0,,,23500000.0,,0.0,Active,1.0,,23500000.0,23500000.0,False,status_active,spotrac,123655000
john collins,2023,25340000.0,5.0,25340000.0,25340000.0,25340000.0,1.0,,,25340000.0,,0.0,Active,1.0,,25340000.0,25340000.0,False,status_active,spotrac,136021000
john collins,2024,26580000.0,5.0,26580000.0,26580000.0,26580000.0,1.0,,,26580000.0,,0.0,Active,1.0,,26580000.0,26580000.0,False,status_active,spotrac,140588000
bogdan bogdanovic,2019,8529386.0,1.0,8529386.0,7996299.0,7996299.0,1.0,,,7996299.0,,0.0,Active,1.0,,8529385.6,8529385.6,False,status_active,spotrac,109140000
bogdan bogdanovic,2020,18000000.0,7.0,18000000.0,18000000.0,18000000.0,1.0,,,18000000.0,,0.0,Active,1.0,,18000000.0,18000000.0,True,status_active,spotrac,109140000
bogdan bogdanovic,2021,18000000.0,7.0,18000000.0,18000000.0,18000000.0,1.0,,,18000000.0,,0.0,Active,1.0,,18000000.0,18000000.0,False,status_active,spotrac,112414000
bogdan bogdanovic,2022,18000000.0,7.0,18000000.0,18000000.0,18000000.0,1.0,,,18000000.0,,0.0,Active,1.0,,18000000.0,18000000.0,False,status_active,spotrac,123655000
bogdan bogdanovic,2023,18700000.0,7.0,18700000.0,18700000.0,18700000.0,1.0,,,18700000.0,,0.0,Active,1.0,,18700000.0,18700000.0,True,status_active,spotrac,136021000
bogdan bogdanovic,2024,17260000.0,7.0,17260000.0,6546897.0,6546897.0,2.0,17362994.0,102994;10713103,6546897.0,10713103.0,102994.0,Active;NBA Cup;Retained,1.0,,17260000.0,17260000.0,False,status_active,spotrac,140588000
derrick jones jr.,2019,1645357.0,1.0,1620564.0,1542522.0,1542522.0,1.0,,,1542522.0,,0.0,Active,1.0,,1645356.8,1645356.8,False,status_active,spotrac,109140000
derrick jones jr.,2020,9258000.0,2.0,9258000.0,9258000.0,9258000.0,1.0,,,9258000.0,,0.0,Active,1.0,,9258000.0,9258000.0,True,status_active,spotrac,109140000
derrick jones jr.,2021,9720900.0,2.0,9720900.0,9720900.0,9720900.0,1.0,,,9720900.0,,0.0,Active / Player Exercised,1.0,,9720900.0,9720900.0,False,status_active,spotrac,112414000
derrick jones jr.,2022,3200000.0,2.0,3200000.0,3200000.0,3200000.0,1.0,,,3200000.0,,0.0,Active,1.0,,3200000.0,3200000.0,True,status_active,spotrac,123655000
derrick jones jr.,2023,3360000.0,2.0,3360000.0,2709849.0,2709849.0,1.0,,,2709849.0,,0.0,Active,1.0,,2709849.0,2709849.0,True,status_active,spotrac,136021000
derrick jones jr.,2024,9523810.0,3.0,9523810.0,9523810.0,9523810.0,1.0,,,9523810.0,,0.0,Active,1.0,9523810.0,9523810.0,9523810.0,True,spotrac_cap_hit,spotrac,140588000
bennedict mathurin,2022,6586800.0,3.0,6586800.0,6586800.0,6586800.0,1.0,,,,,,,,6586800.0,6586800.0,6586800.0,True,spotrac_cap_hit,spotrac,123655000
bennedict mathurin,2023,6916080.0,3.0,6916080.0,6916080.0,6916080.0,1.0,,200000,,,,,,6916080.0,6916080.0,6916080.0,False,spotrac_cap_hit,spotrac,136021000
bennedict mathurin,2024,7245720.0,3.0,7245720.0,7245720.0,7245720.0,1.0,,,,,,,,7245720.0,7245720.0,7245720.0,False,spotrac_cap_hit,spotrac,140588000
brook lopez,2019,12093024.0,4.0,12093024.0,11337210.0,11337210.0,1.0,,,,,,,,,12093024.0,12093024.0,True,single,spotrac,109140000
brook lopez,2020,12697675.0,4.0,12697675.0,12697675.0,12697675.0,1.0,,,,,,,,,12697675.0,12697675.0,False,single,spotrac,109140000
brook lopez,2021,13302325.0,4.0,13302325.0,13302325.0,13302325.0,1.0,,,,,,,,,13302325.0,13302325.0,False,single,spotrac,112414000
brook lopez,2022,13906976.0,4.0,13906976.0,13906976.0,13906976.0,1.0,,,,,,,,,13906976.0,13906976.0,False,single,spotrac,123655000
brook lopez,2023,25000000.0,2.0,25000000.0,25000000.0,25000000.0,1.0,,100000,,,,,,,25000000.0,25000000.0,True,signing_contract,spotrac,136021000
brook lopez,2024,23000000.0,2.0,23000000.0,23000000.0,23000000.0,1.0,,514970,,,,,,,23000000.0,23000000.0,False,single,spotrac,140588000
isaiah jackson,2021,2451120.0,3.0,2451120.0,2451240.0,2451240.0,1.0,,,2451240.0,,0.0,Active,1.0,,2451240.0,2451240.0,True,status_active,spotrac,112414000
isaiah jackson,2022,2573760.0,3.0,2573760.0,2573760.0,2573760.0,1.0,,,2573760.0,,0.0,Active,1.0,,2573760.0,2573760.0,False,status_active,spotrac,123655000
isaiah jackson,2023,2696280.0,3.0,2696280.0,2696280.0,2696280.0,1.0,,200000,2696280.0,,200000.0,Active / Club Exercised;NBA Cup,1.0,,2696280.0,2696280.0,False,status_active,spotrac,136021000
isaiah jackson,2024,4435381.0,1.0,4435381.0,4435381.0,4435381.0,1.0,,,4435381.0,,0.0,Active / Club Exercised,1.0,,4435381.0,4435381.0,False,status_active,spotrac,140588000
nicolas batum,2019,25565217.0,1.0,25565217.0,23967391.0,23967391.0,1.0,,,23967391.0,,0.0,Active,1.0,,25565217.066666666,25565217.066666666,False,status_active,spotrac,109140000
nicolas batum,2020,8856969.0,2.0,2560000.0,8856969.0,8856969.0,2.0,11421722.0,2564753,2564753.0,8856969.0,0.0,Retained;Active,1.0,,2560000.0,2564753.0,True,salary_override,curated,109140000
nicolas batum,2021,8856969.0,2.0,8856969.0,8856969.0,8856969.0,2.0,12026998.0,3170029,3170029.0,8856969.0,0.0,Retained;Active,1.0,,3170029.0,3170029.0,True,signing_contract,spotrac,112414000
nicolas batum,2022,10843350.0,2.0,10843350.0,10843350.0,10843350.0,2.0,19700319.0,8856969,10843350.0,8856969.0,0.0,Active;Retained,1.0,,10843350.0,10843350.0,True,signing_contract,spotrac,123655000
nicolas batum,2023,11710818.0,2.0,11710818.0,11239693.0,11239693.0,2.0,11710818.0,471125,11239693.0,471125.0,0.0,Active;Retained,1.0,,11710818.0,11710818.0,False,status_active,spotrac,136021000
nicolas batum,2024,4668000.0,1.0,4668000.0,4668000.0,4668000.0,1.0,,,4668000.0,,0.0,Active,1.0,,4668000.0,4668000.0,True,status_active,spotrac,140588000
kris dunn,2019,5348007.0,1.0,5348007.0,5013757.0,5013757.0,1.0,,,5013757.0,,0.0,Active,1.0,,5348007.466666667,5348007.466666667,False,status_active,spotrac,109140000
kris dunn,2020,4767000.0,2.0,4767000.0,4767000.0,4767000.0,1.0,,,4767000.0,,0.0,Active,1.0,,4767000.0,4767000.0,True,status_active,spotrac,109140000
kris dunn,2021,5005350.0,2.0,5005350.0,5005350.0,5005350.0,2.0,5317429.0,111457;111457;89165,,5317429.0,0.0,Retained;Retained;Retained;Retained,0.0,,5317429.0,5317429.0,False,status_active,spotrac,112414000
kris dunn,2022,735819.0,1.0,735819.0,735819.0,735819.0,1.0,,132091;132091,735819.0,264182.0,0.0,Active;Retained;Retained,1.0,,735819.0,735819.0,True,status_active,spotrac,123655000
kris dunn,2023,2586665.0,1.0,2586665.0,2586665.0,2586665.0,1.0,,,2586665.0,,0.0,Active,1.0,,2586665.0,2586665.0,False,status_active,spotrac,136021000
kris dunn,2024,5168000.0,3.0,5168000.0,5168000.0,5168000.0,1.0,,,5168000.0,,0.0,Active,1.0,5168000.0,5168000.0,5168000.0,True,spotrac_cap_hit,spotrac,140588000
cam christie,2024,1157153.0,1.0,1157153.0,1157153.0,1157153.0,1.0,,,,,,,,1157153.0,1157153.0,1157153.0,True,spotrac_cap_hit,spotrac,140588000
jordan miller,2024,1050000.0,1.0,1050000.0,1050000.0,1050000.0,1.0,,,,,,,,,1050000.0,1050000.0,True,single,spotrac,140588000
ja morant,2019,8730240.0,3.0,8730240.0,8730240.0,8730240.0,1.0,,,8730240.0,,0.0,Active,1.0,,9312256.0,9312256.0,True,status_active,spotrac,109140000
ja morant,2020,9166800.0,3.0,9166800.0,9166800.0,9166800.0,1.0,,,9166800.0,,0.0,Active,1.0,,9166800.0,9166800.0,False,status_active,spotrac,109140000
ja morant,2021,9603360.0,3.0,9603360.0,9603360.0,9603360.0,1.0,,,9603360.0,,0.0,Active / Club Exercised,1.0,,9603360.0,9603360.0,False,status_active,spotrac,112414000
ja morant,2022,12119440.0,1.0,12119440.0,12119440.0,12119440.0,1.0,,,12119440.0,,0.0,Active / Club Exercised,1.0,,12119440.0,12119440.0,False,status_active,spotrac,123655000
ja morant,2023,34005250.0,5.0,34005250.0,34005250.0,34005250.0,1.0,,,34005250.0,,0.0,Active,1.0,34005250.0,34005250.0,34005250.0,True,spotrac_cap_hit,spotrac,136021000
ja morant,2024,36725670.0,5.0,36725670.0,36725670.0,36725670.0,1.0,,,36725670.0,,0.0,Active,1.0,36725670.0,36725670.0,36725670.0,False,spotrac_cap_hit,spotrac,140588000
kentavious caldwell-pope,2019,8089282.0,1.0,8089282.0,7583702.0,7633702.0,1.0,,,,,,,,,8089282.133333334,8089282.133333334,True,single,spotrac,109140000
kentavious caldwell-pope,2020,12073020.0,4.0,12073020.0,12073020.0,12073020.0,1.0,,,,,,,,,12073020.0,12073020.0,True,single,spotrac,109140000
kentavious caldwell-pope,2021,13038862.0,4.0,13038862.0,13038862.0,13038862.0,1.0,,,,,,,,,13038862.0,13038862.0,False,single,spotrac,112414000
kentavious caldwell-pope,2022,14004703.0,4.0,14004703.0,14004703.0,14004703.0,1.0,,,,,,,,,14004703.0,14004703.0,False,single,spotrac,123655000
kentavious caldwell-pope,2023,14704938.0,4.0,14704938.0,14704938.0,14704938.0,1.0,,,,,,,,,14704938.0,14704938.0,True,single,spotrac,136021000
kentavious caldwell-pope,2024,22757000.0,3.0,22757000.0,22757000.0,22757000.0,1.0,,51497,,,,,,22757000.0,22757000.0,22757000.0,True,spotrac_cap_hit,spotrac,140588000
santi aldama,2021,1994520.0,3.0,1994520.0,1994520.0,1994520.0,1.0,,,,,,,,,1994520.0,1994520.0,True,single,spotrac,112414000
santi aldama,2022,2094120.0,3.0,2094120.0,2094120.0,2094120.0,1.0,,,,,,,,,2094120.0,2094120.0,False,vet_min,spotrac,123655000
santi aldama,2023,2194200.0,3.0,2194200.0,2194200.0,2194200.0,1.0,,,,,,,,,2194200.0,2194200.0,False,single,spotrac,136021000
santi aldama,2024,3960531.0,1.0,3960531.0,3960531.0,3960531.0,1.0,,,,,,,,,3960531.0,3960531.0,False,single,spotrac,140588000
brandon clarke,2019,2478840.0,3.0,2478840.0,2478840.0,2478840.0,1.0,,,2478840.0,,0.0,Active,1.0,,2644096.0,2644096.0,True,status_active,spotrac,109140000
brandon clarke,2020,2602920.0,3.0,2602920.0,2602920.0,2602920.0,1.0,,,2602920.0,,0.0,Active,1.0,,2602920.0,2602920.0,False,status_active,spotrac,109140000
brandon clarke,2021,2726880.0,3.0,2726880.0,2726880.0,2726880.0,1.0,,,2726880.0,,0.0,Active / Club Exercised,1.0,,2726880.0,2726880.0,False,status_active,spotrac,112414000
brandon clarke,2022,4343920.0,1.0,4343920.0,4343920.0,4343920.0,1.0,,,4343920.0,,0.0,Active / Club Exercised,1.0,,4343920.0,4343920.0,False,status_active,spotrac,123655000
brandon clarke,2023,12500000.0,4.0,12500000.0,12500000.0,12500000.0,1.0,,,12500000.0,,0.0,Active,1.0,,12500000.0,12500000.0,True,status_active,spotrac,136021000
brandon clarke,2024,12500000.0,4.0,12500000.0,12500000.0,12500000.0,1.0,,,12500000.0,,0.0,Active,1.0,,12500000.0,12500000.0,False,status_active,spotrac,140588000
ty jerome,2019,2193480.0,3.0,2193480.0,2056388.0,2056388.0,1.0,,,,,,,,,2193480.533333333,2193480.533333333,True,single,spotrac,109140000
ty jerome,2020,2303040.0,3.0,2303040.0,2303040.0,2303040.0,1.0,,,,,,,,,2303040.0,2303040.0,False,single,spotrac,109140000
ty jerome,2021,2412840.0,3.0,2412840.0,2412840.0,2412840.0,1.0,,,,,,,,,2412840.0,2412840.0,False,single,spotrac,112414000
ty jerome,2022,4220057.0,1.0,4220057.0,4220057.0,4220057.0,1.0,,,,,,,,,4220057.0,,True,waived,bbref,123655000
ty jerome,2023,2439025.0,2.0,2439025.0,2439025.0,2439025.0,1.0,,,,,,,,,2439025.0,2439025.0,True,single,spotrac,136021000
ty jerome,2024,2560975.0,2.0,2560975.0,2560975.0,2560975.0,1.0,,,,,,,,,2560975.0,2560975.0,False,single,spotrac,140588000
taylor hendricks,2023,5569920.0,3.0,5569920.0,5569920.0,5569920.0,1.0,,,,,,,,5569920.0,5569920.0,5569920.0,True,spotrac_cap_hit,spotrac,136021000
taylor hendricks,2024,5848680.0,3.0,5848680.0,5848680.0,5848680.0,1.0,,,,,,,,5848680.0,5848680.0,5848680.0,False,spotrac_cap_hit,spotrac,140588000
zach edey,2024,5756880.0,3.0,5756880.0,5756880.0,5756880.0,1.0,,,,,,,,5756880.0,5756880.0,5756880.0,True,spotrac_cap_hit,spotrac,140588000
scotty pippen jr.,2024,2087519.0,4.0,2087519.0,2087519.0,2087519.0,1.0,,,,,,,,2087519.0,2087519.0,2087519.0,True,spotrac_cap_hit,spotrac,140588000
gg jackson ii,2023,1991428.0,2.0,1991428.0,,,,,,,,,,,,1991428.0,,False,fallback_bbref,bbref,136021000
gg jackson ii,2024,1891857.0,2.0,1891857.0,,,,,,,,,,,,1891857.0,,False,fallback_bbref,bbref,140588000
jaylen wells,2024,1157153.0,1.0,1157153.0,1157153.0,1157153.0,1.0,,,,,,,,1157153.0,1157153.0,1157153.0,True,spotrac_cap_hit,spotrac,140588000
kyle anderson,2019,9073050.0,3.0,9073050.0,8505984.0,8505984.0,1.0,,,8505984.0,,0.0,Active,1.0,,9073049.6,9073049.6,False,status_active,spotrac,109140000
kyle anderson,2020,9505100.0,3.0,9505100.0,9505100.0,9505100.0,1.0,,,9505100.0,,0.0,Active,1.0,,9505100.0,9505100.0,False,status_active,spotrac,109140000
kyle anderson,2021,9937150.0,3.0,9937150.0,9937150.0,9937150.0,1.0,,,9937150.0,,0.0,Active,1.0,,9937150.0,9937150.0,False,status_active,spotrac,112414000
kyle anderson,2022,8780488.0,4.0,8780488.0,8780488.0,8780488.0,1.0,,,8780488.0,,0.0,Active,1.0,,8780488.0,8780488.0,True,status_active,spotrac,123655000
kyle anderson,2023,9219512.0,4.0,9219512.0,9219512.0,9219512.0,1.0,,,9219512.0,,0.0,Active,1.0,,9219512.0,9219512.0,False,status_active,spotrac,136021000
kyle anderson,2024,8780488.0,4.0,8780488.0,8780488.0,8780488.0,2.0,8831985.0,51497,8780488.0,,51497.0,Active;NBA Cup,1.0,,8780488.0,8780488.0,True,signing_contract,spotrac,140588000
georges niang,2019,1678854.0,2.0,1678854.0,1573926.0,1573926.0,1.0,,,1573926.0,,0.0,Active,1.0,,1678854.4,1678854.4,False,vet_min,spotrac,109140000
georges niang,2020,1783557.0,2.0,1783557.0,1783557.0,1783557.0,1.0,,,1783557.0,,0.0,Active,1.0,,1783557.0,1783557.0,False,status_active,spotrac,109140000
georges niang,2021,3300000.0,2.0,3300000.0,3300000.0,3300000.0,1.0,,,3300000.0,,0.0,Active,1.0,,3300000.0,3300000.0,True,status_active,spotrac,112414000
georges niang,2022,3465000.0,2.0,3465000.0,3465000.0,3465000.0,1.0,,,3465000.0,,0.0,Active,1.0,,3465000.0,3465000.0,False,status_active,spotrac,123655000
georges niang,2023,8800000.0,3.0,8800000.0,8800000.0,8800000.0,1.0,,,8800000.0,,0.0,Active,1.0,,8800000.0,8800000.0,True,status_active,spotrac,136021000
georges niang,2024,8500000.0,3.0,8500000.0,3224138.0,3224138.0,2.0,8500000.0,5275862,3224138.0,5275862.0,0.0,Active;Retained,1.0,,8500000.0,8500000.0,False,status_active,spotrac,140588000
eric gordon,2019,14057730.0,1.0,14057730.0,13179122.0,13179122.0,1.0,,,13179122.0,,0.0,Active,1.0,,14057730.133333333,14057730.133333333,False,status_active,spotrac,109140000
eric gordon,2020,16869276.0,3.0,16869276.0,16869276.0,16869276.0,1.0,,,16869276.0,,0.0,Active,1.0,,16869276.0,16869276.0,True,status_active,spotrac,109140000
eric gordon,2021,18218818.0,3.0,18218818.0,18218818.0,18218818.0,1.0,,,18218818.0,,0.0,Active,1.0,,18218818.0,18218818.0,False,status_active,spotrac,112414000
eric gordon,2022,19568360.0,3.0,19568360.0,6635249.0,6635249.0,2.0,19568360.0,12933111,6635249.0,12933111.0,0.0,Active;Retained,1.0,,19568360.0,19568360.0,False,status_active,spotrac,123655000
eric gordon,2023,3196448.0,2.0,3196448.0,50000.0,50000.0,2.0,3246448.0,3196448,3196448.0,,50000.0,NBA Cup;Active,1.0,,3196448.0,3196448.0,True,vet_min,spotrac,136021000
eric gordon,2024,3303771.0,2.0,3303771.0,3303771.0,3303771.0,1.0,,,3303771.0,,0.0,Active,1.0,,3303771.0,3303771.0,True,vet_min,spotrac,140588000
mamadi diakite,2020,160173.0,1.0,160173.0,160173.0,160173.0,1.0,,,160173.0,,0.0,Active,1.0,,160173.0,160173.0,True,status_active,spotrac,109140000
mamadi diakite,2021,1040234.0,1.0,1040234.0,783500.0,783500.0,1.0,,85578;85578;85578,,1040234.0,0.0,Retained;Retained;Retained;Retained,0.0,,,,False,retained_only,spotrac,112414000
mamadi diakite,2023,252525.0,1.0,252525.0,252525.0,252525.0,1.0,,120250,252525.0,120250.0,0.0,Active;Retained,1.0,,2019706.0,252525.0,True,vet_min,spotrac,136021000
mamadi diakite,2024,464050.0,3.0,464050.0,464050.0,464050.0,1.0,,,,464050.0,0.0,Retained,0.0,,464050.0,464050.0,True,status_active,spotrac,140588000
christian koloko,2022,1500000.0,2.0,1500000.0,1500000.0,1500000.0,1.0,,,1500000.0,,0.0,Active,1.0,,1500000.0,1500000.0,True,status_active,spotrac,123655000
christian koloko,2023,1719864.0,2.0,1719864.0,1719864.0,1719864.0,1.0,,,,1719864.0,0.0,Retained,0.0,,,,False,retained_only,spotrac,136021000
giannis antetokounmpo,2019,25842697.0,2.0,25842697.0,24227528.0,24227528.0,1.0,,,,,,,,,25842696.533333335,25842696.533333335,False,single,spotrac,109140000
giannis antetokounmpo,2020,27528088.0,2.0,27528088.0,27528088.0,27528088.0,1.0,,,,,,,,,27528088.0,27528088.0,False,single,spotrac,109140000
giannis antetokounmpo,2021,39344970.0,7.0,39344970.0,39344900.0,39344900.0,1.0,,,,,,,,,39344900.0,39344900.0,True,single,spotrac,112414000
giannis antetokounmpo,2022,42492492.0,7.0,42492492.0,42492492.0,42492492.0,1.0,,,,,,,,,42492492.0,42492492.0,False,single,spotrac,123655000
giannis antetokounmpo,2023,45640084.0,7.0,45640084.0,45640084.0,45640084.0,1.0,,100000,,,,,,,45640084.0,45640084.0,False,single,spotrac,136021000
giannis antetokounmpo,2024,48787676.0,7.0,48787676.0,48787676.0,48787676.0,1.0,,514970,,,,,,,48787676.0,48787676.0,False,single,spotrac,140588000
myles turner,2019,17500000.0,3.0,17500000.0,16875000.0,17375000.0,1.0,,,,,,,,,18000000.0,18000000.0,True,single,spotrac,109140000
myles turner,2020,17500000.0,3.0,17500000.0,17500000.0,18000000.0,1.0,,,,,,,,,17500000.0,17500000.0,False,single,spotrac,109140000
myles turner,2021,17500000.0,3.0,17500000.0,17500000.0,18000000.0,1.0,,,,,,,,,17500000.0,17500000.0,False,single,spotrac,112414000
myles turner,2022,35069500.0,1.0,35069500.0,34569500.0,35069500.0,1.0,,,,,,,,,34569500.0,34569500.0,False,single,spotrac,123655000
myles turner,2023,20975000.0,2.0,20975000.0,20975000.0,20975000.0,1.0,,200000,,,,,,,20975000.0,20975000.0,True,signing_contract,spotrac,136021000
myles turner,2024,19928500.0,2.0,19928500.0,19928500.0,19928500.0,1.0,,,,,,,,,19928500.0,19928500.0,False,single,spotrac,140588000
kyle kuzma,2019,1974600.0,1.0,1974600.0,1851188.0,1851188.0,1.0,,,1851188.0,,0.0,Active,1.0,,1620564.0,1620564.0,False,vet_min,spotrac,109140000
kyle kuzma,2020,3562178.0,1.0,3562178.0,3562178.0,3562178.0,1.0,,,3562178.0,,0.0,Active,1.0,,3562178.0,3562178.0,False,status_active,spotrac,109140000
kyle kuzma,2021,13000000.0,2.0,13000000.0,13000000.0,13000000.0,1.0,,,13000000.0,,0.0,Active,1.0,,13000000.0,13000000.0,True,status_active,spotrac,112414000
kyle kuzma,2022,13000000.0,2.0,13000000.0,13000000.0,13000000.0,1.0,,,13000000.0,,0.0,Active,1.0,,13000000.0,13000000.0,False,status_active,spotrac,123655000
kyle kuzma,2023,25568182.0,4.0,25568182.0,25568182.0,25568182.0,1.0,,,25568182.0,,0.0,Active,1.0,25568182.0,25568182.0,25568182.0,True,spotrac_cap_hit,spotrac,136021000
kyle kuzma,2024,24456061.0,4.0,24456061.0,8922414.0,9855747.0,2.0,23522727.0,14600313,9855747.0,15600312.0,0.0,Active;Retained,1.0,24456060.0,24456060.0,24456060.0,False,spotrac_cap_hit,spotrac,140588000
bobby portis,2019,15000000.0,1.0,15000000.0,14062500.0,14062500.0,1.0,,,,,,,,,15000000.0,15000000.0,True,single,spotrac,109140000
bobby portis,2020,3623000.0,1.0,3623000.0,3623000.0,3623000.0,1.0,,,,,,,,,3623000.0,3623000.0,True,single,spotrac,109140000
bobby portis,2021,4347600.0,1.0,4347600.0,4347600.0,4347600.0,1.0,,,,,,,,,4347600.0,4347600.0,True,single,spotrac,112414000
bobby portis,2022,10843350.0,6.0,10843350.0,10843350.0,10843350.0,1.0,,,,,,,,,10843350.0,10843350.0,True,single,spotrac,123655000
bobby portis,2023,11710818.0,6.0,11710818.0,11710818.0,11710818.0,1.0,,100000,,,,,,,11710818.0,11710818.0,False,single,spotrac,136021000
bobby portis,2024,12578286.0,6.0,12578286.0,12578286.0,12578286.0,1.0,,514970,,,,,,,12578286.0,12578286.0,False,single,spotrac,140588000
ousmane dieng,2022,4569840.0,3.0,4569840.0,4569840.0,4569840.0,1.0,,,,,,,,,4569840.0,4569840.0,True,single,spotrac,123655000
ousmane dieng,2023,4798440.0,3.0,4798440.0,4798440.0,4798440.0,1.0,,,,,,,,,4798440.0,4798440.0,False,single,spotrac,136021000
ousmane dieng,2024,5027040.0,3.0,5027040.0,5027040.0,5027040.0,1.0,,205988,,,,,,,5027040.0,5027040.0,False,single,spotrac,140588000
kevin porter jr.,2019,1290960.0,1.0,1290960.0,1290960.0,1290960.0,1.0,,,,,,,,,1377024.0,1377024.0,True,single,spotrac,109140000
kevin porter jr.,2020,1717981.0,2.0,1717981.0,364777.0,364777.0,2.0,1717981.0,1353204,,,,,,,1717981.0,1717981.0,False,split,spotrac,109140000
kevin porter jr.,2021,1782621.0,2.0,1782621.0,1782621.0,1782621.0,1.0,,,,,,,,,1782621.0,1782621.0,False,single,spotrac,112414000
kevin porter jr.,2022,3217631.0,1.0,3217631.0,3217631.0,3217631.0,1.0,,,,,,,,,3217631.0,3217631.0,False,single,spotrac,123655000
kevin porter jr.,2023,15860000.0,1.0,15860000.0,15860000.0,15860000.0,1.0,,,,,,,,,15860000.0,,True,waived,bbref,136021000
kevin porter jr.,2024,2366937.0,1.0,2366937.0,835919.0,835919.0,3.0,3237691.0,1000000;1401772,,,,,,,2366937.0,,True,waived,bbref,140588000
ryan rollins,2022,1017781.0,1.0,1017781.0,1017781.0,1017781.0,1.0,,,,,,,,,1017781.0,1017781.0,True,single,spotrac,123655000
ryan rollins,2023,1719864.0,1.0,1719864.0,1719864.0,1719864.0,1.0,,,,,,,,,1719864.0,,False,waived,bbref,136021000
ryan rollins,2024,600000.0,1.0,600000.0,600000.0,600000.0,2.0,1349372.0,491887;257485,,,,,,,491887.0,,True,signing_contract,spotrac,140588000
gary trent jr.,2019,1416852.0,1.0,1416852.0,1328299.0,1328299.0,1.0,,,1328299.0,,0.0,Active,1.0,,1416852.2666666666,1416852.2666666666,False,status_active,spotrac,109140000
gary trent jr.,2020,1663861.0,1.0,1663861.0,604004.0,604004.0,2.0,1663861.0,1059857,604004.0,1059857.0,0.0,Active;Retained,1.0,,1663861.0,1663861.0,False,status_active,spotrac,109140000
gary trent jr.,2021,16000000.0,3.0,16000000.0,16000000.0,16225000.0,1.0,,,16225000.0,,0.0,Active,1.0,,16000000.0,16000000.0,True,status_active,spotrac,112414000
gary trent jr.,2022,17505000.0,3.0,17505000.0,17280000.0,17280000.0,1.0,,,17280000.0,,0.0,Active,1.0,,17280000.0,17280000.0,False,status_active,spotrac,123655000
gary trent jr.,2023,18560000.0,3.0,18560000.0,18560000.0,18560000.0,1.0,,,18560000.0,,0.0,Active / Player Exercised,1.0,,18560000.0,18560000.0,False,status_active,spotrac,136021000
gary trent jr.,2024,2087519.0,1.0,2087519.0,2613120.0,2613120.0,1.0,,514970,2613120.0,,514970.0,Active;NBA Cup,1.0,,2087519.0,2087519.0,True,vet_min,spotrac,140588000
gary harris,2019,17839286.0,3.0,17839286.0,16724331.0,17174331.0,1.0,,,,,,,,,17839286.4,17839286.4,False,single,spotrac,109140000
gary harris,2020,19160714.0,3.0,19160714.0,6955602.0,6955602.0,2.0,19160714.0,12205112,,,,,,,19160714.0,19160714.0,False,split,spotrac,109140000
gary harris,2021,20482143.0,3.0,20482143.0,20482143.0,20482143.0,1.0,,,,,,,,,20482143.0,20482143.0,False,single,spotrac,112414000
gary harris,2022,13000000.0,2.0,13000000.0,13000000.0,13000000.0,1.0,,,,,,,,,13000000.0,13000000.0,True,single,spotrac,123655000
gary harris,2023,13000000.0,2.0,13000000.0,13000000.0,13000000.0,1.0,,,,,,,,,13000000.0,13000000.0,False,single,spotrac,136021000
gary harris,2024,7500000.0,1.0,7500000.0,7500000.0,7500000.0,1.0,,51497,,,,,,,7500000.0,7500000.0,True,signing_contract,spotrac,140588000
taurean prince,2019,3481986.0,1.0,3481986.0,3264362.0,3264362.0,1.0,,,,,,,,,3481986.1333333333,3481986.1333333333,False,single,spotrac,109140000
taurean prince,2020,12250000.0,2.0,12250000.0,10152397.0,10152397.0,2.0,12250000.0,2097603,,,,,,,12250000.0,12250000.0,True,signing_contract,spotrac,109140000
taurean prince,2021,13000000.0,2.0,13000000.0,13000000.0,13334375.0,1.0,,,,,,,,,13000000.0,13000000.0,False,single,spotrac,112414000
taurean prince,2022,7295000.0,1.0,7295000.0,7100000.0,7100000.0,1.0,,,,,,,,,7295000.0,,True,waived,bbref,123655000
taurean prince,2023,4516000.0,1.0,4516000.0,4516000.0,4516000.0,1.0,,500000,,,,,,,4516000.0,,True,signing_contract,spotrac,136021000
taurean prince,2024,2087519.0,1.0,2087519.0,2988550.0,2988550.0,1.0,,514970,,,,,,,2988550.0,2988550.0,True,signing_contract,spotrac,140588000
jericho sims,2022,1639842.0,1.0,1639842.0,1637966.0,1637966.0,1.0,,,,,,,,,1637966.0,1637966.0,True,single,spotrac,123655000
jericho sims,2023,1927896.0,2.0,1927896.0,1927896.0,1927896.0,1.0,,50000,,,,,,,1927896.0,1927896.0,False,single,spotrac,136021000
jericho sims,2024,2092344.0,2.0,2092344.0,793648.0,793648.0,2.0,2143841.0,51497;1298696,,,,,,,2143841.0,2143841.0,False,split,spotrac,140588000
a.j. green,2023,1901769.0,3.0,1901769.0,1901769.0,1901769.0,1.0,,100000,1901769.0,,100000.0,Active;NBA Cup,1.0,1901769.0,1901769.0,1901769.0,True,spotrac_cap_hit,spotrac,136021000
a.j. green,2024,2120693.0,3.0,2120693.0,2120693.0,2120693.0,1.0,,514970,2120693.0,,514970.0,Active;NBA Cup,1.0,2120693.0,2120693.0,2120693.0,False,spotrac_cap_hit,spotrac,140588000
thanasis antetokounmpo,2019,1445697.0,1.0,1445697.0,1355341.0,1355341.0,1.0,,,1355341.0,,0.0,Active,1.0,,1445697.0666666667,1445697.0666666667,True,vet_min,spotrac,109140000
thanasis antetokounmpo,2020,1701593.0,4.0,1701593.0,1701593.0,1701593.0,1.0,,,1701593.0,,0.0,Active,1.0,,1701593.0,1701593.0,False,status_active,spotrac,109140000
thanasis antetokounmpo,2021,1729217.0,4.0,1729217.0,1729217.0,1729217.0,1.0,,,1729217.0,,0.0,Active,1.0,,1729217.0,1729217.0,True,vet_min,spotrac,112414000
thanasis antetokounmpo,2022,1878720.0,4.0,1878720.0,1878720.0,1878720.0,1.0,,,1878720.0,,0.0,Active / Player Exercised,1.0,,1878720.0,1878720.0,False,status_active,spotrac,123655000
thanasis antetokounmpo,2023,2019706.0,4.0,2019706.0,2346614.0,2346614.0,1.0,,100000,2346614.0,,100000.0,Active;NBA Cup,1.0,,2346614.0,2346614.0,True,status_active,spotrac,136021000
andre jackson jr.,2023,1119563.0,1.0,1119563.0,1119563.0,1119563.0,1.0,,100000,1119563.0,,100000.0,Active;NBA Cup,1.0,,1119563.0,1119563.0,True,vet_min,spotrac,136021000
andre jackson jr.,2024,1891857.0,1.0,1891857.0,1891857.0,1891857.0,1.0,,514970,1891857.0,,514970.0,Active;NBA Cup,1.0,,1891857.0,1891857.0,False,status_active,spotrac,140588000
tyler smith,2024,1157153.0,1.0,1157153.0,1157153.0,1157153.0,1.0,,514970,1157153.0,,514970.0,Active;NBA Cup,1.0,,1157153.0,1157153.0,True,vet_min,spotrac,140588000
vasilije micic,2023,7723000.0,2.0,7723000.0,,,,,,,,,,,,7723000.0,,False,fallback_bbref,bbref,136021000
vasilije micic,2024,7723000.0,2.0,7723000.0,,,,,,,,,,,,7723000.0,,False,fallback_bbref,bbref,140588000
zion williamson,2019,9757440.0,3.0,9757440.0,9147600.0,9147600.0,1.0,,,9147600.0,,0.0,Active,1.0,,9757440.0,9757440.0,True,status_active,spotrac,109140000
zion williamson,2020,10245480.0,3.0,10245480.0,10245480.0,10245480.0,1.0,,,10245480.0,,0.0,Active,1.0,,10245480.0,10245480.0,False,status_active,spotrac,109140000
zion williamson,2021,10733400.0,3.0,10733400.0,10733400.0,10733400.0,1.0,,,10733400.0,,0.0,Active / Club Exercised,1.0,,10733400.0,10733400.0,False,status_active,spotrac,112414000
zion williamson,2022,13534817.0,1.0,13534817.0,13534817.0,13534817.0,1.0,,,13534817.0,,0.0,Active / Club Exercised,1.0,,13534817.0,13534817.0,False,status_active,spotrac,123655000
zion williamson,2023,34005250.0,5.0,34005250.0,34005250.0,34005250.0,1.0,,100000,34005250.0,,100000.0,Active;NBA Cup,1.0,34005250.0,34005250.0,34005250.0,True,spotrac_cap_hit,spotrac,136021000
zion williamson,2024,36725670.0,5.0,36725670.0,36725670.0,36725670.0,1.0,,,36725670.0,,0.0,Active,1.0,36725670.0,36725670.0,36725670.0,False,spotrac_cap_hit,spotrac,140588000
jordan poole,2019,1964760.0,3.0,1964760.0,1964760.0,1964760.0,1.0,,,1964760.0,,0.0,Active,1.0,,2095744.0,2095744.0,True,status_active,spotrac,109140000
jordan poole,2020,2063280.0,3.0,2063280.0,2063280.0,2063280.0,1.0,,,2063280.0,,0.0,Active,1.0,,2063280.0,2063280.0,False,status_active,spotrac,109140000
jordan poole,2021,2161440.0,3.0,2161440.0,2161440.0,2161440.0,1.0,,,2161440.0,,0.0,Active / Club Exercised,1.0,,2161440.0,2161440.0,False,status_active,spotrac,112414000
jordan poole,2022,3901399.0,1.0,3901399.0,3901399.0,3901399.0,1.0,,,3901399.0,,0.0,Active / Club Exercised,1.0,,3901399.0,3901399.0,False,status_active,spotrac,123655000
jordan poole,2023,27455357.0,4.0,27455357.0,27455357.0,27455357.0,1.0,,,27455357.0,,0.0,Active,1.0,27455357.0,27455357.0,27455357.0,True,spotrac_cap_hit,spotrac,136021000
jordan poole,2024,29651786.0,4.0,29651786.0,29651786.0,29651786.0,1.0,,,29651786.0,,0.0,Active,1.0,29651786.0,29651786.0,29651786.0,False,spotrac_cap_hit,spotrac,140588000
dejounte murray,2019,2321735.0,1.0,2321735.0,2176627.0,2176627.0,1.0,,,,,,,,,2321735.466666667,2321735.466666667,False,single,spotrac,109140000
dejounte murray,2020,14286000.0,4.0,14286000.0,14286000.0,14286000.0,1.0,,,,,,,,,14286000.0,14286000.0,True,single,spotrac,109140000
dejounte murray,2021,15428880.0,4.0,15428880.0,15428880.0,15428880.0,1.0,,,,,,,,,15428880.0,15428880.0,False,single,spotrac,112414000
dejounte murray,2022,16571120.0,4.0,16571120.0,16571120.0,17071120.0,1.0,,,,,,,,,16571120.0,16571120.0,False,single,spotrac,123655000
dejounte murray,2023,18214000.0,4.0,18214000.0,17714000.0,18214000.0,1.0,,,,,,,,,17714000.0,17714000.0,False,single,spotrac,136021000
dejounte murray,2024,29517135.0,4.0,29517135.0,24799600.0,24799600.0,2.0,,,,,,,,28817135.0,28817135.0,28817135.0,True,spotrac_cap_hit,spotrac,140588000
trey murphy iii,2021,3053760.0,3.0,3053760.0,3053760.0,3053760.0,1.0,,,3053760.0,,0.0,Active,1.0,,3053760.0,3053760.0,True,status_active,spotrac,112414000
trey murphy iii,2022,3206520.0,3.0,3206520.0,3206520.0,3206520.0,1.0,,,3206520.0,,0.0,Active,1.0,,3206520.0,3206520.0,False,status_active,spotrac,123655000
trey murphy iii,2023,3359280.0,3.0,3359280.0,3359280.0,3359280.0,1.0,,100000,3359280.0,,100000.0,Active / Club Exercised;NBA Cup,1.0,,3359280.0,3359280.0,False,status_active,spotrac,136021000
trey murphy iii,2024,5159854.0,1.0,5159854.0,5159855.0,5159855.0,1.0,,,5159855.0,,0.0,Active / Club Exercised,1.0,,5159855.0,5159855.0,False,status_active,spotrac,140588000
herbert jones,2021,1700000.0,2.0,1700000.0,1700000.0,1700000.0,1.0,,,,,,,,,1700000.0,1700000.0,True,single,spotrac,112414000
herbert jones,2022,1785000.0,2.0,1785000.0,1785000.0,1785000.0,1.0,,,,,,,,,1785000.0,1785000.0,False,vet_min,spotrac,123655000
herbert jones,2023,12015150.0,4.0,12015150.0,12015150.0,12015150.0,1.0,,100000,,,,,,12015150.0,12015150.0,12015150.0,True,spotrac_cap_hit,spotrac,136021000
herbert jones,2024,12976362.0,4.0,12976362.0,12976362.0,12976362.0,1.0,,,,,,,,12976362.0,12976362.0,12976362.0,False,spotrac_cap_hit,spotrac,140588000
kevon looney,2019,4464286.0,3.0,4464286.0,4185268.0,4185268.0,1.0,,,,,,,,,4464285.866666666,4464285.866666666,True,single,spotrac,109140000
kevon looney,2020,4821429.0,3.0,4821429.0,4821429.0,4821429.0,1.0,,,,,,,,,4821429.0,4821429.0,False,single,spotrac,109140000
kevon looney,2021,5178572.0,3.0,5178572.0,5178572.0,5178572.0,1.0,,,,,,,,,5178572.0,5178572.0,False,single,spotrac,112414000
kevon looney,2022,8000000.0,5.0,8000000.0,7000000.0,7000000.0,1.0,,,,,,,,,7000000.0,7000000.0,True,single,spotrac,123655000
kevon looney,2023,7500000.0,5.0,7500000.0,7500000.0,7500000.0,1.0,,,,,,,,,7500000.0,7500000.0,False,single,spotrac,136021000
kevon looney,2024,8000000.0,5.0,8000000.0,8000000.0,8000000.0,1.0,,51497,,,,,,,8000000.0,8000000.0,False,single,spotrac,140588000
saddiq bey,2020,2689920.0,3.0,2689920.0,2689920.0,2689920.0,1.0,,,2689920.0,,0.0,Active,1.0,,2689920.0,2689920.0,True,status_active,spotrac,109140000
saddiq bey,2021,2824320.0,3.0,2824320.0,2824320.0,2824320.0,1.0,,,2824320.0,,0.0,Active,1.0,,2824320.0,2824320.0,False,status_active,spotrac,112414000
saddiq bey,2022,2959080.0,3.0,2959080.0,1003366.0,1003366.0,2.0,2959080.0,1955714,1003366.0,1955714.0,0.0,Active / Club Exercised;Retained,1.0,,2959080.0,2959080.0,False,status_active,spotrac,123655000
saddiq bey,2023,4556983.0,1.0,4556983.0,4556983.0,4556983.0,1.0,,,4556983.0,,0.0,Active / Club Exercised,1.0,,4556983.0,4556983.0,False,status_active,spotrac,136021000
saddiq bey,2024,6440678.0,3.0,6440678.0,6440678.0,6440678.0,1.0,,,6440678.0,,0.0,Active,1.0,6440678.0,6440678.0,6440678.0,True,spotrac_cap_hit,spotrac,140588000
jordan hawkins,2023,4310160.0,3.0,4310160.0,4310160.0,4310160.0,1.0,,100000,,,,,,4310160.0,4310160.0,4310160.0,True,spotrac_cap_hit,spotrac,136021000
jordan hawkins,2024,4525680.0,3.0,4525680.0,4525680.0,4525680.0,1.0,,,,,,,,4525680.0,4525680.0,4525680.0,False,spotrac_cap_hit,spotrac,140588000
yves missi,2024,3193200.0,3.0,3193200.0,3193200.0,3193200.0,1.0,,,,,,,,3193200.0,3193200.0,3193200.0,True,spotrac_cap_hit,spotrac,140588000
deandre jordan,2019,9881598.0,2.0,9881598.0,9263998.0,9263998.0,1.0,,,,,9263998.0,Reserve,0.0,,9881597.866666667,9881597.866666667,True,status_active,spotrac,109140000
deandre jordan,2020,10375678.0,2.0,10375678.0,10375678.0,10375678.0,1.0,,,10375678.0,,0.0,Active,1.0,,10375678.0,10375678.0,False,status_active,spotrac,109140000
deandre jordan,2021,7875533.0,2.0,7875533.0,7875533.0,7875533.0,3.0,11109327.0,2641691;592103,592103.0,10517224.0,0.0,Retained;Retained;Active,1.0,,1669178.0,11109327.0,True,vet_min,spotrac,112414000
deandre jordan,2022,7827907.0,2.0,7827907.0,7827907.0,7827907.0,2.0,10733758.0,2905851,2905851.0,7827907.0,0.0,Retained;Active,1.0,,2905851.0,2905851.0,True,signing_contract,spotrac,123655000
deandre jordan,2023,2019706.0,3.0,2019706.0,3196448.0,3196448.0,1.0,,,3196448.0,,0.0,Active,1.0,,3196448.0,3196448.0,True,vet_min,spotrac,136021000
deandre jordan,2024,2087519.0,3.0,2087519.0,3303771.0,3303771.0,1.0,,,3303771.0,,0.0,Active,1.0,,3303771.0,3303771.0,True,vet_min,spotrac,140588000
karlo matkovic,2024,1407153.0,1.0,1407153.0,,,,,,,,,,,,1407153.0,,False,fallback_bbref,bbref,140588000
jalen brunson,2019,1416852.0,1.0,1416852.0,1328299.0,1328299.0,1.0,,,,,,,,,1416852.2666666666,1416852.2666666666,False,single,spotrac,109140000
jalen brunson,2020,1663861.0,2.0,1663861.0,1663861.0,1663861.0,1.0,,,,,,,,,1663861.0,1663861.0,False,single,spotrac,109140000
jalen brunson,2021,1802057.0,2.0,1802057.0,1802057.0,1802057.0,1.0,,,,,,,,,1802057.0,1802057.0,False,single,spotrac,112414000
jalen brunson,2022,27733332.0,3.0,27733332.0,27733332.0,27733332.0,1.0,,,,,,,,,27733332.0,27733332.0,True,single,spotrac,123655000
jalen brunson,2023,26346666.0,3.0,26346666.0,26346666.0,26346666.0,1.0,,50000,,,,,,,26346666.0,26346666.0,False,single,spotrac,136021000
jalen brunson,2024,24960001.0,3.0,24960001.0,24960001.0,24960001.0,1.0,,51497,,,,,,,24960001.0,24960001.0,False,single,spotrac,140588000
mikal bridges,2019,4161000.0,2.0,4161000.0,3900938.0,3900938.0,1.0,,,,,,,,,4161000.533333333,4161000.533333333,False,single,spotrac,109140000
mikal bridges,2020,4359000.0,2.0,4359000.0,4359000.0,4359000.0,1.0,,,,,,,,,4359000.0,4359000.0,False,single,spotrac,109140000
mikal bridges,2021,5557725.0,1.0,5557725.0,5557725.0,5557725.0,1.0,,,,,,,,,5557725.0,5557725.0,False,single,spotrac,112414000
mikal bridges,2022,20100000.0,4.0,20100000.0,7120690.0,7120690.0,2.0,21000000.0,13879310,,,,,,21000000.0,21000000.0,21000000.0,True,spotrac_cap_hit,spotrac,123655000
mikal bridges,2023,21700000.0,4.0,21700000.0,21700000.0,21700000.0,1.0,,,,,,,,21700000.0,21700000.0,21700000.0,False,spotrac_cap_hit,spotrac,136021000
mikal bridges,2024,23300000.0,4.0,23300000.0,23300000.0,23300000.0,1.0,,51497,,,,,,23300000.0,23300000.0,23300000.0,False,spotrac_cap_hit,spotrac,140588000
josh hart,2019,1934160.0,1.0,1934160.0,1813275.0,1813275.0,1.0,,,,,,,,,1934160.0,1934160.0,False,single,spotrac,109140000
josh hart,2020,3491159.0,1.0,3491159.0,3491159.0,3491159.0,1.0,,,,,,,,,3491159.0,3491159.0,False,single,spotrac,109140000
josh hart,2021,12000000.0,3.0,12000000.0,4206897.0,4206897.0,2.0,12000000.0,7793103,,,,,,,12000000.0,12000000.0,True,signing_contract,spotrac,112414000
josh hart,2022,12960000.0,3.0,12960000.0,4394483.0,4394483.0,2.0,12960000.0,8565517,,,,,,,12960000.0,12960000.0,False,split,spotrac,123655000
josh hart,2023,12960000.0,3.0,12960000.0,12960000.0,12960000.0,1.0,,50000,,,,,,,12960000.0,12960000.0,False,single,spotrac,136021000
josh hart,2024,18144000.0,4.0,18144000.0,18144000.0,18144000.0,1.0,,51497,,,,,,18144000.0,18144000.0,18144000.0,False,spotrac_cap_hit,spotrac,140588000
mitchell robinson,2019,1559712.0,3.0,1559712.0,1462230.0,1462230.0,1.0,,,,,,,,,1559712.0,1559712.0,False,single,spotrac,109140000
mitchell robinson,2020,1663861.0,3.0,1663861.0,1663861.0,1663861.0,1.0,,,,,,,,,1663861.0,1663861.0,False,single,spotrac,109140000
mitchell robinson,2021,1802057.0,3.0,1802057.0,1802057.0,1802057.0,1.0,,,,,,,,,1802057.0,1802057.0,False,single,spotrac,112414000
mitchell robinson,2022,17045454.0,4.0,17045454.0,17045454.0,17045454.0,1.0,,,,,,,,,17045454.0,17045454.0,True,single,spotrac,123655000
mitchell robinson,2023,15681818.0,4.0,15681818.0,15681818.0,15681818.0,1.0,,50000,,,,,,,15681818.0,15681818.0,False,single,spotrac,136021000
mitchell robinson,2024,14318182.0,4.0,14318182.0,14318182.0,14318182.0,1.0,,51497,,,,,,,14318182.0,14318182.0,False,single,spotrac,140588000
jose alvarado,2022,1563518.0,2.0,1563518.0,1563518.0,1563518.0,1.0,,,1563518.0,,0.0,Active,1.0,,1563518.0,1563518.0,False,status_active,spotrac,123655000
jose alvarado,2023,1836096.0,2.0,1836096.0,1836096.0,1836096.0,1.0,,100000,1836096.0,,100000.0,Active;NBA Cup,1.0,,1836096.0,1836096.0,False,status_active,spotrac,136021000
jose alvarado,2024,1988598.0,2.0,1988598.0,1988598.0,1988598.0,1.0,,,1988598.0,,0.0,Active / Club Exercised,1.0,,1988598.0,1988598.0,False,status_active,spotrac,140588000
miles mcbride,2021,925258.0,1.0,925258.0,925258.0,925258.0,1.0,,,925258.0,,0.0,Active,1.0,,925258.0,925258.0,True,vet_min,spotrac,112414000
miles mcbride,2022,1563518.0,1.0,1563518.0,1563518.0,1563518.0,1.0,,,1563518.0,,0.0,Active,1.0,,1563518.0,1563518.0,False,status_active,spotrac,123655000
miles mcbride,2023,1836096.0,1.0,1836096.0,1836096.0,1836096.0,1.0,,50000,1836096.0,,50000.0,Active / Club Exercised;NBA Cup,1.0,,1836096.0,1836096.0,False,status_active,spotrac,136021000
miles mcbride,2024,4710144.0,3.0,4710144.0,4710144.0,4710144.0,1.0,,51497,4710144.0,,51497.0,Active;NBA Cup,1.0,4710144.0,4710144.0,4710144.0,True,spotrac_cap_hit,spotrac,140588000
pacome dadiet,2024,1808080.0,1.0,1808080.0,,,,,,,,,,,,1808080.0,,False,fallback_bbref,bbref,140588000
landry shamet,2019,1995120.0,2.0,1995120.0,1870425.0,1870425.0,1.0,,,,,,,,,1995120.0,1995120.0,False,single,spotrac,109140000
landry shamet,2020,2090040.0,2.0,2090040.0,2090040.0,2090040.0,1.0,,,,,,,,,2090040.0,2090040.0,False,single,spotrac,109140000
landry shamet,2021,3768342.0,1.0,3768342.0,3768342.0,3768342.0,1.0,,,,,,,,,3768342.0,3768342.0,False,single,spotrac,112414000
landry shamet,2022,9500000.0,2.0,9500000.0,9500000.0,9500000.0,1.0,,,,,,,,,9500000.0,9500000.0,True,single,spotrac,123655000
landry shamet,2023,10250000.0,2.0,10250000.0,10250000.0,10250000.0,1.0,,,,,,,,,10250000.0,10250000.0,False,single,spotrac,136021000
landry shamet,2024,1343690.0,1.0,1343690.0,1682008.0,1682008.0,1.0,,15000,,,,,,,1682008.0,,True,signing_contract,spotrac,140588000
tyler kolek,2024,2087519.0,4.0,2087519.0,2087519.0,2087519.0,1.0,,51497,,,,,,2087519.0,2087519.0,2087519.0,True,spotrac_cap_hit,spotrac,140588000
ariel hukporti,2024,1064049.0,1.0,1064049.0,1064049.0,1064049.0,1.0,,51497,1064049.0,,51497.0,Active;NBA Cup,1.0,,1064049.0,1064049.0,True,status_active,spotrac,140588000
chandler parsons,2019,25102511.0,1.0,25102511.0,,,,,,,,,,,,25102511.0,,False,fallback_bbref,bbref,109140000
jeff teague,2019,19000000.0,1.0,19000000.0,8580862.0,8580862.0,2.0,17812500.0,9231638,8580862.0,9231638.0,0.0,Active;Retained,1.0,,19000000.0,19000000.0,False,status_active,spotrac,109140000
dewayne dedmon,2019,13333333.0,1.0,13333333.0,4439737.0,4439737.0,2.0,12500001.0,8060264,4439737.0,8060264.0,0.0,Active;Retained,1.0,,13333334.4,13333334.4,True,signing_contract,spotrac,109140000
cam reddish,2019,4245720.0,2.0,4245720.0,,,,,,,,,,,,4245720.0,,False,fallback_bbref,bbref,109140000
deandre' bembry,2019,2603982.0,1.0,2603982.0,2441233.0,2441233.0,1.0,,,2441233.0,,0.0,Active,1.0,,2603981.8666666667,2603981.8666666667,False,status_active,spotrac,109140000
nene hilario,2019,2564753.0,1.0,2564753.0,,,,,,,,,,,,2564753.0,,False,fallback_bbref,bbref,109140000
vince carter,2019,2564753.0,1.0,1620564.0,2404456.0,2404456.0,1.0,,,2404456.0,,0.0,Active,1.0,1620564.0,1620564.0,1620564.0,True,spotrac_cap_hit,spotrac,109140000
damian jones,2019,2305057.0,1.0,2305057.0,,,,,,,,,,,,2305057.0,,False,fallback_bbref,bbref,109140000
treveon graham,2019,1645357.0,1.0,1620564.0,845918.0,845918.0,2.0,1645357.0,799439,845918.0,799439.0,0.0,Active;Retained,1.0,,902312.5333333333,902312.5333333333,False,vet_min,spotrac,109140000
derrick walton,2019,1445697.0,1.0,1445697.0,,,,,,,,,,,,1445697.0,,False,fallback_bbref,bbref,109140000
bruno fernando,2019,1400000.0,2.0,1400000.0,,,,,,,,,,,,1400000.0,,False,fallback_bbref,bbref,109140000
brandon goodwin,2019,522738.0,1.0,522738.0,522738.0,522738.0,1.0,,,522738.0,,0.0,Active,1.0,,557587.2,557587.2,True,status_active,spotrac,109140000
tyrone wallace,2019,502491.0,1.0,502491.0,502491.0,502491.0,1.0,,,,502491.0,0.0,Retained,0.0,,,,False,retained_only,spotrac,109140000
jaylen adams,2019,100000.0,1.0,100000.0,100000.0,100000.0,2.0,263356.0,163356,163356.0,100000.0,0.0,Retained;Active,1.0,,1445697.0,174246.4,True,vet_min,spotrac,109140000
paul watson,2019,50752.0,1.0,50752.0,50752.0,50752.0,1.0,,,,50752.0,0.0,Retained,0.0,,,,False,retained_only,spotrac,109140000
kemba walker,2019,32742000.0,2.0,32742000.0,30695625.0,30695625.0,1.0,,,30695625.0,,0.0,Active,1.0,,32742000.0,32742000.0,True,status_active,spotrac,109140000
gordon hayward,2019,32700690.0,1.0,32700690.0,30656897.0,30656897.0,1.0,,,30656897.0,,0.0,Active,1.0,,32700690.133333333,32700690.133333333,False,status_active,spotrac,109140000
daniel theis,2019,5000000.0,1.0,5000000.0,4687500.0,4687500.0,1.0,,,4687500.0,,0.0,Active,1.0,,5000000.0,5000000.0,True,status_active,spotrac,109140000
enes freedom,2019,4767000.0,1.0,4767000.0,4469063.0,4469063.0,1.0,,,4469063.0,,0.0,Active,1.0,,4767000.533333333,4767000.533333333,True,status_active,spotrac,109140000
romeo langford,2019,3458400.0,2.0,3458400.0,3242250.0,3242250.0,1.0,,,3242250.0,,0.0,Active,1.0,,3458400.0,3458400.0,True,status_active,spotrac,109140000
vincent poirier,2019,2505793.0,1.0,2505793.0,2349181.0,2349181.0,1.0,,,2349181.0,,0.0,Active,1.0,,2505793.066666667,2505793.066666667,True,status_active,spotrac,109140000
semi ojeleye,2019,1618520.0,2.0,1618520.0,1517363.0,1517363.0,1.0,,,1517363.0,,0.0,Active,1.0,,1618520.5333333334,1618520.5333333334,False,vet_min,spotrac,109140000
brad wanamaker,2019,1355341.0,1.0,1355341.0,1355341.0,1355341.0,1.0,,,1355341.0,,0.0,Active,1.0,,1445697.0666666667,1445697.0666666667,True,vet_min,spotrac,109140000
carsen edwards,2019,1228026.0,1.0,1228026.0,,,,,,,,,,,,1228026.0,,False,fallback_bbref,bbref,109140000
demetrius jackson,2019,92857.0,5.0,92857.0,92857.0,92857.0,2.0,111169.0,18312,,111169.0,0.0,Retained;Retained,0.0,,1620564.0,,True,vet_min,spotrac,109140000
spencer dinwiddie,2019,10605600.0,2.0,10605600.0,9942750.0,9942750.0,1.0,,,,,9942750.0,Reserve,0.0,,10605600.0,10605600.0,True,status_active,spotrac,109140000
joe harris,2019,7666667.0,1.0,7666667.0,7187500.0,7187500.0,1.0,,,7187500.0,,0.0,Active,1.0,,7666666.666666667,7666666.666666667,False,status_active,spotrac,109140000
deron williams,2019,5474787.0,1.0,5474787.0,,,,,,,,,,,,5474787.0,,False,fallback_bbref,bbref,109140000
wilson chandler,2019,2564753.0,1.0,1620564.0,2404456.0,2404456.0,1.0,,,,,2404456.0,Reserve,0.0,,1620564.0,1620564.0,True,vet_min,spotrac,109140000
dzanan musa,2019,1911600.0,1.0,1911600.0,,,,,,,,,,,,1911600.0,,False,fallback_bbref,bbref,109140000
rodions kurucs,2019,1699236.0,1.0,1699236.0,1593034.0,1593034.0,1.0,,,1593034.0,,0.0,Active,1.0,,1699236.2666666666,1699236.2666666666,False,status_active,spotrac,109140000
david nwaba,2019,1678854.0,1.0,1678854.0,1678854.0,1678854.0,2.0,2581965.0,903111,903111.0,1678854.0,0.0,Retained;Active,1.0,,1678854.0,963318.4,True,salary_override,curated,109140000
timothe luwawu-cabarrot,2019,844170.0,1.0,844170.0,,,,,,,,,,,,844170.0,,False,fallback_bbref,bbref,109140000
iman shumpert,2019,419443.0,1.0,419443.0,419443.0,419443.0,1.0,,,,419443.0,0.0,Retained,0.0,,,,True,retained_only,spotrac,109140000
justin anderson,2019,294432.0,1.0,294432.0,98144.0,98144.0,1.0,,196288,196288.0,98144.0,0.0,Retained;Active,1.0,,1620564.0,209373.86666666667,True,vet_min,spotrac,109140000
jamal crawford,2019,289803.0,1.0,289803.0,289803.0,289803.0,1.0,,,289803.0,,0.0,Active,1.0,,309123.2,309123.2,True,status_active,spotrac,109140000
lance thomas,2019,262152.0,1.0,262152.0,262152.0,262152.0,1.0,,,262152.0,,0.0,Active,1.0,,279628.8,279628.8,True,status_active,spotrac,109140000
tyler johnson,2019,212753.0,1.0,212753.0,212753.0,212753.0,2.0,19458123.0,19245370,212753.0,19245370.0,0.0,Active;Retained,1.0,,212753.0,226936.53333333333,True,signing_contract,spotrac,109140000
donta hall,2019,101504.0,1.0,101504.0,101504.0,101504.0,2.0,203008.0,50752;50752,101504.0,101504.0,0.0,Active;Retained;Retained,1.0,,898310.0,108270.93333333333,True,vet_min,spotrac,109140000
cody zeller,2019,14471910.0,2.0,14471910.0,,,,,,,,,,,,14471910.0,,False,fallback_bbref,bbref,109140000
marvin williams,2019,14049901.0,1.0,14049901.0,14049901.0,14049901.0,2.0,15006250.0,956349,956349.0,14049901.0,0.0,Retained;Active,1.0,,956349.0,1020105.6,True,signing_contract,spotrac,109140000
michael kidd-gilchrist,2019,12189237.0,1.0,12189237.0,12189237.0,12189237.0,2.0,13000000.0,810763,810763.0,12189237.0,0.0,Retained;Active,1.0,,810763.0,864813.8666666667,True,signing_contract,spotrac,109140000
willy hernangomez,2019,1676735.0,1.0,1676735.0,,,,,,,,,,,,1676735.0,,False,fallback_bbref,bbref,109140000
dwayne bacon,2019,1618520.0,1.0,1618520.0,1517363.0,1517363.0,1.0,,,1517363.0,,0.0,Active,1.0,,1618520.5333333334,1618520.5333333334,False,vet_min,spotrac,109140000
devonte' graham,2019,1416852.0,1.0,1416852.0,1328299.0,1328299.0,1.0,,,1328299.0,,0.0,Active,1.0,,1416852.2666666666,1416852.2666666666,False,status_active,spotrac,109140000
cody martin,2019,1173310.0,1.0,1173310.0,,,,,,,,,,,,1173310.0,,False,fallback_bbref,bbref,109140000
jalen mcdaniels,2019,898310.0,1.0,898310.0,842166.0,842166.0,1.0,,,842166.0,,0.0,Active,1.0,,898310.4,898310.4,True,vet_min,spotrac,109140000
joe chealey,2019,163356.0,1.0,163356.0,81678.0,81678.0,1.0,,81678,,163356.0,0.0,Retained;Retained,0.0,,1445697.0,,True,vet_min,spotrac,109140000
otto porter,2019,27250576.0,1.0,27250576.0,,,,,,,,,,,,27250576.0,,False,fallback_bbref,bbref,109140000
thaddeus young,2019,12900000.0,2.0,12900000.0,12093750.0,12093750.0,1.0,,,12093750.0,,0.0,Active,1.0,,12900000.0,12900000.0,True,status_active,spotrac,109140000
tomas satoransky,2019,9375000.0,2.0,9375000.0,,,,,,,,,,,,9375000.0,,False,fallback_bbref,bbref,109140000
cristiano felicio,2019,8156500.0,2.0,8156500.0,,,,,,,,,,,,8156500.0,,False,fallback_bbref,bbref,109140000
denzel valentine,2019,3377569.0,1.0,3377569.0,3166471.0,3166471.0,1.0,,,3166471.0,,0.0,Active,1.0,,3377569.066666667,3377569.066666667,False,status_active,spotrac,109140000
omer asık,2019,3000000.0,1.0,3000000.0,,,,,,,,,,,,3000000.0,,False,fallback_bbref,bbref,109140000
ryan arcidiacono,2019,3000000.0,2.0,3000000.0,2812500.0,2812500.0,1.0,,,2812500.0,,0.0,Active,1.0,,3000000.0,3000000.0,True,status_active,spotrac,109140000
chandler hutchison,2019,2332320.0,1.0,2332320.0,,,,,,,,,,,,2332320.0,,False,fallback_bbref,bbref,109140000
antonio blakeney,2019,1488231.0,1.0,1488231.0,1488231.0,1488231.0,1.0,,,,1488231.0,0.0,Retained,0.0,,,,False,retained_only,spotrac,109140000
shaquille harrison,2019,898310.0,1.0,898310.0,842166.0,842166.0,1.0,,,842166.0,,0.0,Active,1.0,,898310.4,898310.4,True,vet_min,spotrac,109140000
tristan thompson,2019,18539130.0,1.0,18539130.0,17380434.0,17380434.0,1.0,,,17380434.0,,0.0,Active,1.0,,18539129.6,18539129.6,False,status_active,spotrac,109140000
matthew dellavedova,2019,9607500.0,1.0,9607500.0,9007031.0,9007031.0,1.0,,,9007031.0,,0.0,Active,1.0,,9607499.733333332,9607499.733333332,False,status_active,spotrac,109140000
cedi osman,2019,2907143.0,1.0,2907143.0,,,,,,,,,,,,2907143.0,,False,fallback_bbref,bbref,109140000
alfonzo mckinnie,2019,2391985.0,1.0,2391985.0,1406250.0,1406250.0,1.0,,708871;91557;91557,1406250.0,891985.0,0.0,Active;Retained;Retained;Retained,1.0,,1500000.0,1500000.0,True,signing_contract,spotrac,109140000
ante zizic,2019,2281800.0,1.0,2281800.0,,,,,,,,,,,,2281800.0,,False,fallback_bbref,bbref,109140000
dylan windler,2019,2035800.0,3.0,2035800.0,1908563.0,1908563.0,1.0,,,1908563.0,,0.0,Active,1.0,,2035800.5333333334,2035800.5333333334,True,status_active,spotrac,109140000
j.r. smith,2019,1456667.0,3.0,1456667.0,,,,,,,,,,,,1456667.0,,False,fallback_bbref,bbref,109140000
jordan bell,2019,250000.0,1.0,250000.0,250000.0,250000.0,4.0,1870564.0,9156;640901;970507,250000.0,1620564.0,0.0,Active;Retained;Retained;Retained,1.0,,1620564.0,1995268.2666666666,True,vet_min,spotrac,109140000
tyler cook,2019,151504.0,1.0,151504.0,50752.0,50752.0,1.0,,50752;50000,,151504.0,0.0,Retained;Retained;Retained,0.0,,527821.0,,True,signing_contract,spotrac,109140000
j.p. macura,2019,106184.0,1.0,106184.0,106184.0,106184.0,1.0,,,,106184.0,0.0,Retained,0.0,,,,False,retained_only,spotrac,109140000
sheldon mac,2019,91557.0,1.0,91557.0,,,,,,,,,,,,91557.0,,False,fallback_bbref,bbref,109140000
malik newman,2019,65978.0,1.0,65978.0,,,,,,,,,,,,65978.0,,False,fallback_bbref,bbref,109140000
marques bolden,2019,50752.0,1.0,50752.0,,,,,,,,,,,,50752.0,,False,fallback_bbref,bbref,109140000
sir'dominic pointer,2019,50752.0,1.0,50752.0,,,,,,,,,,,,50752.0,,False,fallback_bbref,bbref,109140000
courtney lee,2019,12759670.0,1.0,12759670.0,,,,,,,,,,,,12759670.0,,False,fallback_bbref,bbref,109140000
delon wright,2019,9473684.0,1.0,9473684.0,8881579.0,8881579.0,1.0,,,8881579.0,,0.0,Active,1.0,,9473684.266666668,9473684.266666668,True,status_active,spotrac,109140000
boban marjanovic,2019,3500000.0,3.0,3500000.0,,,,,,,,,,,,3500000.0,,False,fallback_bbref,bbref,109140000
justin jackson,2019,3280920.0,1.0,3280920.0,3075863.0,3075863.0,1.0,,,3075863.0,,0.0,Active,1.0,,3280920.533333333,3280920.533333333,False,status_active,spotrac,109140000
j.j. barea,2019,2564753.0,1.0,1620564.0,,,,,,,,,,,,1620564.0,,True,fallback_bbref,bbref,109140000
willie cauley-stein,2019,2177483.0,1.0,2177483.0,872684.0,872684.0,2.0,2041390.0,1168706,,1168706.0,872684.0,Reserve;Retained,0.0,,2177482.666666667,2177482.666666667,True,signing_contract,spotrac,109140000
justin patton,2019,1620564.0,1.0,1620564.0,1620564.0,1620564.0,3.0,2664318.0,183115;860639,183115.0,2481203.0,0.0,Retained;Active;Retained,1.0,,183115.0,2841939.2,True,signing_contract,spotrac,109140000
ryan broekhoff,2019,1416852.0,1.0,1416852.0,1416852.0,1416852.0,1.0,,163356,163356.0,1416852.0,0.0,Retained;Active,1.0,,163356.0,174246.4,True,signing_contract,spotrac,109140000
nan,2019,708426.0,,708426.0,,,,,,,,,,,,708426.0,,False,fallback_bbref,bbref,109140000
trey burke,2019,229220.0,1.0,229220.0,229220.0,229220.0,2.0,2257814.0,2028594,229220.0,2028594.0,0.0,Active;Retained,1.0,,1620564.0,244501.33333333334,True,vet_min,spotrac,109140000
paul millsap,2019,30500000.0,1.0,30500000.0,28453125.0,29003125.0,1.0,,,29003125.0,,0.0,Active,1.0,,30350000.0,30350000.0,False,status_active,spotrac,109140000
will barton,2019,12776786.0,3.0,12776786.0,11978237.0,11978237.0,1.0,,,11978237.0,,0.0,Active,1.0,,12776786.133333333,12776786.133333333,False,status_active,spotrac,109140000
gerald green,2019,2564753.0,1.0,1620564.0,1028799.0,1028799.0,2.0,2564753.0,1535954,,2564753.0,0.0,Retained;Retained,0.0,,1620564.0,2735736.533333333,True,vet_min,spotrac,109140000
noah vonleh,2019,2000000.0,1.0,2000000.0,677260.0,677260.0,2.0,1875000.0,1197740,677260.0,1197740.0,0.0,Active;Retained,1.0,,2000000.0,2000000.0,True,signing_contract,spotrac,109140000
torrey craig,2019,2000000.0,1.0,2000000.0,1875000.0,1875000.0,1.0,,,1875000.0,,0.0,Active,1.0,,2000000.0,2000000.0,False,status_active,spotrac,109140000
keita bates-diop,2019,1416852.0,1.0,1416852.0,568342.0,568342.0,2.0,1416852.0,848510,568342.0,848510.0,0.0,Active;Retained,1.0,,1511308.8,1511308.8,False,status_active,spotrac,109140000
vlatko cancar,2019,898310.0,1.0,898310.0,,,,,,,,,,,,898310.0,,False,fallback_bbref,bbref,109140000
troy daniels,2019,481000.0,1.0,481000.0,481361.0,481361.0,2.0,2509955.0,2028594,481361.0,2028594.0,0.0,Active;Retained,1.0,,1620564.0,513451.73333333334,True,vet_min,spotrac,109140000
pj dozier,2019,183115.0,1.0,183115.0,183115.0,183115.0,1.0,,,183115.0,,0.0,Active,1.0,,195322.66666666666,195322.66666666666,True,status_active,spotrac,109140000
blake griffin,2019,34234964.0,1.0,34234964.0,34234964.0,34234964.0,1.0,,,34234964.0,,0.0,Active,1.0,,36517294.93333333,36517294.93333333,False,status_active,spotrac,109140000
reggie jackson,2019,17286956.0,1.0,17286956.0,17286956.0,17286956.0,2.0,18020981.0,734025,734025.0,17286956.0,0.0,Retained;Active,1.0,,734025.0,782960.0,True,signing_contract,spotrac,109140000
brandon knight,2019,15643750.0,1.0,15643750.0,9456956.0,9456956.0,2.0,13688282.0,4231326,4231326.0,9456956.0,0.0,Retained;Active,1.0,,14600834.133333333,14600834.133333333,False,status_active,spotrac,109140000
tony snell,2019,11392857.0,1.0,11392857.0,10680803.0,10680803.0,1.0,,,10680803.0,,0.0,Active,1.0,,11392856.533333333,11392856.533333333,False,status_active,spotrac,109140000
john henson,2019,9732396.0,1.0,9732396.0,5278906.0,5278906.0,2.0,8186621.0,2907715,2907715.0,5278906.0,0.0,Retained;Active,1.0,,8732395.733333332,8732395.733333332,False,status_active,spotrac,109140000
langston galloway,2019,7333333.0,1.0,7333333.0,6875000.0,6875000.0,1.0,,,6875000.0,,0.0,Active,1.0,,7333333.333333333,7333333.333333333,False,status_active,spotrac,109140000
derrick rose,2019,7317073.0,1.0,7317073.0,6859756.0,6859756.0,1.0,,,6859756.0,,0.0,Active,1.0,,7317073.066666666,7317073.066666666,True,status_active,spotrac,109140000
josh smith,2019,5331729.0,1.0,5331729.0,,,,,,,,,,,,5331729.0,,False,fallback_bbref,bbref,109140000
thon maker,2019,3569643.0,1.0,3569643.0,3346540.0,3346540.0,1.0,,,3346540.0,,0.0,Active,1.0,,3569642.6666666665,3569642.6666666665,False,status_active,spotrac,109140000
sekou doumbouya,2019,3285120.0,2.0,3285120.0,3079800.0,3079800.0,1.0,,,3079800.0,,0.0,Active,1.0,,3285120.0,3285120.0,True,status_active,spotrac,109140000
markieff morris,2019,2241808.0,1.0,2241808.0,2241808.0,2241808.0,2.0,3991808.0,1750000,1750000.0,2241808.0,0.0,Retained;Active,1.0,,1866666.6666666667,1866666.6666666667,True,status_active,spotrac,109140000
tim frazier,2019,1882867.0,1.0,1620564.0,1882867.0,1882867.0,1.0,,,,1882867.0,0.0,Retained,0.0,,,,True,retained_only,spotrac,109140000
christian wood,2019,1645357.0,1.0,1645357.0,,,,,,,,,,,,1645357.0,,False,fallback_bbref,bbref,109140000
jordan mcrae,2019,1645357.0,1.0,1620564.0,547871.0,547871.0,2.0,1542522.0,994651,547871.0,994651.0,0.0,Active;Retained,1.0,1645357.0,1645357.0,1645357.0,False,spotrac_cap_hit,spotrac,109140000
khyri thomas,2019,1416852.0,1.0,1416852.0,1328299.0,1328299.0,1.0,,,1328299.0,,0.0,Active,1.0,,1416852.2666666666,1416852.2666666666,False,status_active,spotrac,109140000
joe johnson,2019,220000.0,1.0,220000.0,,,,,,,,,,,,220000.0,,False,fallback_bbref,bbref,109140000
marquese chriss,2019,1413272.0,1.0,1413272.0,758804.0,758804.0,1.0,,654468,654468.0,758804.0,0.0,Retained;Active,1.0,,1620564.0,698099.2,True,vet_min,spotrac,109140000
alen smailagic,2019,898310.0,1.0,898310.0,,,,,,,,,,,,898310.0,,False,fallback_bbref,bbref,109140000
eric paschall,2019,898310.0,1.0,898310.0,842166.0,842166.0,1.0,,,842166.0,,0.0,Active,1.0,,898310.4,898310.4,True,vet_min,spotrac,109140000
damion lee,2019,842327.0,1.0,842327.0,,,,,,,,,,,,842327.0,,False,fallback_bbref,bbref,109140000
shaun livingston,2019,666667.0,3.0,666667.0,666667.0,666667.0,1.0,,,,666667.0,0.0,Retained,0.0,,,,False,retained_only,spotrac,109140000
ky bowman,2019,350189.0,1.0,350189.0,,,,,,,,,,,,350189.0,,False,fallback_bbref,bbref,109140000
juan toscano-anderson,2019,350189.0,2.0,350189.0,350189.0,350189.0,1.0,,,350189.0,,0.0,Active,1.0,,373534.93333333335,373534.93333333335,True,status_active,spotrac,109140000
mychal mulder,2019,238534.0,1.0,238534.0,187782.0,187782.0,1.0,,50752,187782.0,50752.0,0.0,Active;Retained,1.0,,200300.8,200300.8,True,status_active,spotrac,109140000
dragan bender,2019,189702.0,1.0,189702.0,94850.0,94850.0,2.0,1868554.0,94850;1678854,,1868554.0,0.0,Retained;Retained;Retained,0.0,,1790777.6,,True,vet_min,spotrac,109140000
chasson randle,2019,91557.0,1.0,91557.0,,,,,,,,,,,,91557.0,,False,fallback_bbref,bbref,109140000
jeremy pargo,2019,91557.0,1.0,91557.0,,,,,,,,,,,,91557.0,,False,fallback_bbref,bbref,109140000
zach norvell,2019,50752.0,1.0,50752.0,,,,,,,,,,,,50752.0,,False,fallback_bbref,bbref,109140000
robert covington,2019,11301219.0,1.0,11301219.0,3826931.0,3826931.0,2.0,10594893.0,6767962,3826931.0,6767962.0,0.0,Active;Retained,1.0,,11301219.2,11301219.2,False,status_active,spotrac,109140000
p.j. tucker,2019,8349039.0,1.0,8349039.0,7827224.0,7827224.0,1.0,,,7827224.0,,0.0,Active,1.0,,8349038.933333334,8349038.933333334,False,status_active,spotrac,109140000
danuel house,2019,3540000.0,2.0,3540000.0,,,,,,,,,,,,3540000.0,,False,fallback_bbref,bbref,109140000
thabo sefolosha,2019,2564753.0,1.0,1620564.0,2404456.0,2404456.0,1.0,,,,,2404456.0,Reserve,0.0,,1620564.0,1620564.0,True,vet_min,spotrac,109140000
tyson chandler,2019,2564753.0,1.0,1620564.0,2404456.0,2404456.0,1.0,,,2404456.0,,0.0,Active,1.0,,1620564.0,1620564.0,True,vet_min,spotrac,109140000
austin rivers,2019,2174318.0,1.0,1620564.0,2038423.0,2038423.0,1.0,,,2038423.0,,0.0,Active,1.0,,2174317.8666666667,2174317.8666666667,True,status_active,spotrac,109140000
ben mclemore,2019,2028594.0,2.0,2028594.0,1901807.0,1901807.0,1.0,,,1901807.0,,0.0,Active,1.0,,2028594.1333333333,2028594.1333333333,True,vet_min,spotrac,109140000
bruno caboclo,2019,1845301.0,1.0,1845301.0,729780.0,729780.0,2.0,1845301.0,1115521,729780.0,1115521.0,0.0,Active;Retained,1.0,,1620564.0,1620564.0,False,vet_min,spotrac,109140000
demarre carroll,2019,811447.0,1.0,811447.0,811447.0,811447.0,2.0,7653754.0,6842307,811447.0,6842307.0,0.0,Active;Retained,1.0,,7298460.8,8164004.266666667,True,signing_contract,spotrac,109140000
gary clark,2019,708426.0,1.0,708426.0,708426.0,708426.0,2.0,1427191.0,555409;81678;81678,555409.0,871782.0,0.0,Retained;Active;Retained;Retained,1.0,,555409.0,592436.2666666667,True,signing_contract,spotrac,109140000
chris clemons,2019,563347.0,1.0,563347.0,,,,,,,,,,,,563347.0,,False,fallback_bbref,bbref,109140000
ryan anderson,2019,500000.0,1.0,500000.0,500000.0,500000.0,2.0,5714583.0,5214583,,5714583.0,0.0,Retained;Retained,0.0,,1620564.0,,True,vet_min,spotrac,109140000
luc mbah a moute,2019,289803.0,1.0,289803.0,289803.0,289803.0,1.0,,,289803.0,,0.0,Active,1.0,,309123.2,309123.2,False,status_active,spotrac,109140000
troy williams,2019,122741.0,4.0,122741.0,122741.0,122741.0,1.0,,,,122741.0,0.0,Retained,0.0,,,,True,retained_only,spotrac,109140000
anthony bennett,2019,6000.0,1.0,6000.0,,,,,,,,,,,,6000.0,,False,fallback_bbref,bbref,109140000
victor oladipo,2019,21000000.0,1.0,21000000.0,19687500.0,19687500.0,1.0,,,19687500.0,,0.0,Active,1.0,,21000000.0,21000000.0,False,status_active,spotrac,109140000
malcolm brogdon,2019,20000000.0,3.0,20000000.0,18750000.0,18750000.0,1.0,,,18750000.0,,0.0,Active,1.0,,20000000.0,20000000.0,True,status_active,spotrac,109140000
t.j. warren,2019,10810000.0,3.0,10810000.0,10134375.0,10134375.0,1.0,,,10134375.0,,0.0,Active,1.0,,10810000.0,10810000.0,False,status_active,spotrac,109140000
jeremy lamb,2019,10500000.0,2.0,10500000.0,9843750.0,9843750.0,1.0,,,9843750.0,,0.0,Active,1.0,,10500000.0,10500000.0,True,status_active,spotrac,109140000
justin holiday,2019,4767000.0,1.0,4767000.0,4469063.0,4469063.0,1.0,,,4469063.0,,0.0,Active,1.0,,4767000.533333333,4767000.533333333,True,status_active,spotrac,109140000
t.j. leaf,2019,2813280.0,1.0,2813280.0,,,,,,,,,,,,2813280.0,,False,fallback_bbref,bbref,109140000
monta ellis,2019,2245400.0,3.0,2245400.0,,,,,,,,,,,,2245400.0,,False,fallback_bbref,bbref,109140000
edmond sumner,2019,2000000.0,2.0,2000000.0,1875000.0,1875000.0,1.0,,,1875000.0,,0.0,Active,1.0,,2000000.0,2000000.0,True,status_active,spotrac,109140000
jakarr sampson,2019,1737145.0,2.0,1737145.0,1628573.0,1628573.0,1.0,,,1628573.0,,0.0,Active,1.0,,1737144.5333333334,1737144.5333333334,True,vet_min,spotrac,109140000
alize johnson,2019,1416852.0,1.0,1416852.0,1328299.0,1328299.0,1.0,,,1328299.0,,0.0,Active,1.0,,1416852.2666666666,1416852.2666666666,False,status_active,spotrac,109140000
marcus morris,2019,15000000.0,4.0,15000000.0,4994703.0,4994703.0,2.0,14062500.0,9067797,4994703.0,9067797.0,0.0,Active;Retained,1.0,,15000000.0,15000000.0,True,signing_contract,spotrac,109140000
patrick beverley,2019,12345679.0,2.0,12345679.0,11574075.0,11574075.0,1.0,,,11574075.0,,0.0,Active,1.0,,12345680.0,12345680.0,True,status_active,spotrac,109140000
lou williams,2019,8000000.0,1.0,8000000.0,7500000.0,7500000.0,1.0,,,7500000.0,,0.0,Active,1.0,,8000000.0,8000000.0,False,status_active,spotrac,109140000
montrezl harrell,2019,6000000.0,1.0,6000000.0,5625000.0,5625000.0,1.0,,,5625000.0,,0.0,Active,1.0,,6000000.0,6000000.0,False,status_active,spotrac,109140000
rodney mcgruder,2019,4807693.0,1.0,4807693.0,4507212.0,4507212.0,1.0,,,4507212.0,,0.0,Active,1.0,,4807692.8,4807692.8,True,status_active,spotrac,109140000
jamychal green,2019,4767000.0,1.0,4767000.0,4469063.0,4469063.0,1.0,,,4469063.0,,0.0,Active,1.0,,4767000.533333333,4767000.533333333,True,status_active,spotrac,109140000
patrick patterson,2019,2331593.0,1.0,1620564.0,2185868.0,2185868.0,2.0,2922935.0,737067,2185868.0,737067.0,0.0,Active;Retained,1.0,,2331593.0,2331592.533333333,True,signing_contract,spotrac,109140000
isaiah thomas,2019,2320044.0,1.0,1620564.0,917532.0,917532.0,2.0,2320044.0,1402512,,2320044.0,0.0,Retained;Retained,0.0,,2320044.0,2474713.6,True,signing_contract,spotrac,109140000
mfiondu kabengele,2019,1977000.0,1.0,1977000.0,1853438.0,1853438.0,1.0,,,1853438.0,,0.0,Active,1.0,,1977000.5333333334,1977000.5333333334,True,status_active,spotrac,109140000
joakim noah,2019,434704.0,1.0,434704.0,289803.0,289803.0,2.0,6866371.0,144901;6431667,289803.0,6576568.0,0.0,Active;Retained;Retained,1.0,,309123.2,309123.2,True,status_active,spotrac,109140000
danny green,2019,14634146.0,1.0,14634146.0,13719512.0,13719512.0,1.0,,,13719512.0,,0.0,Active,1.0,,14634146.133333333,14634146.133333333,True,status_active,spotrac,109140000
luol deng,2019,5000000.0,3.0,2564753.0,5000000.0,5000000.0,1.0,,,,5000000.0,0.0,Retained,0.0,,2564753.0,,False,salary_override,curated,109140000
avery bradley,2019,4767000.0,1.0,4767000.0,4469063.0,4469063.0,2.0,6469063.0,2000000,,2000000.0,4469063.0,Reserve;Retained,0.0,,4767000.533333333,4767000.533333333,True,signing_contract,spotrac,109140000
demarcus cousins,2019,3500000.0,1.0,3500000.0,3500000.0,3500000.0,1.0,,,,3500000.0,0.0,Retained,0.0,,,,True,retained_only,spotrac,109140000
quinn cook,2019,3000000.0,1.0,3000000.0,2812500.0,2812500.0,1.0,,,2812500.0,,0.0,Active,1.0,,3000000.0,3000000.0,True,status_active,spotrac,109140000
jared dudley,2019,2564753.0,1.0,1620564.0,2404456.0,2404456.0,1.0,,,2404456.0,,0.0,Active,1.0,,1620564.0,1620564.0,True,vet_min,spotrac,109140000
rajon rondo,2019,2564753.0,1.0,1620564.0,2404456.0,2404456.0,1.0,,,2404456.0,,0.0,Active,1.0,,1620564.0,1620564.0,True,vet_min,spotrac,109140000
dwight howard,2019,2564753.0,1.0,1620564.0,3039097.0,3039097.0,2.0,5443553.0,2404456,2404456.0,3039097.0,0.0,Retained;Active,1.0,,1620564.0,1620564.0,True,vet_min,spotrac,109140000
talen horton-tucker,2019,898310.0,1.0,898310.0,842166.0,842166.0,1.0,,,842166.0,,0.0,Active,1.0,,898310.4,898310.4,True,vet_min,spotrac,109140000
dion waiters,2019,503656.0,1.0,503656.0,4785311.0,4785311.0,3.0,12603656.0,503656;7314689,503656.0,12100000.0,0.0,Retained;Active;Retained,1.0,,503656.0,13443899.733333334,True,signing_contract,spotrac,109140000
jordan caroline,2019,6000.0,1.0,6000.0,,,,,,,,,,,,6000.0,,False,fallback_bbref,bbref,109140000
gorgui dieng,2019,16229213.0,2.0,16229213.0,4389681.0,4389681.0,2.0,14200561.0,9810880,4389681.0,9810880.0,0.0,Active;Retained,1.0,,15147265.066666666,15147265.066666666,False,status_active,spotrac,109140000
justise winslow,2019,13000000.0,2.0,13000000.0,4328743.0,4328743.0,2.0,12187500.0,7858757,4328743.0,7858757.0,0.0,Active;Retained,1.0,,13000000.0,13000000.0,True,signing_contract,spotrac,109140000
miles plumlee,2019,12500000.0,1.0,12500000.0,12500000.0,12500000.0,1.0,,,,12500000.0,0.0,Retained,0.0,,13333333.333333334,13333333.333333334,False,status_active,spotrac,109140000
josh jackson,2019,7059480.0,1.0,7059480.0,6618263.0,6618263.0,1.0,,,6618263.0,,0.0,Active,1.0,,7059480.533333333,7059480.533333333,False,status_active,spotrac,109140000
marko guduric,2019,2625000.0,2.0,2625000.0,2460938.0,2460938.0,1.0,,,2460938.0,,0.0,Active,1.0,,2625000.533333333,2625000.533333333,True,status_active,spotrac,109140000
dakari johnson,2019,459414.0,2.0,459414.0,,,,,,,,,,,,459414.0,,False,fallback_bbref,bbref,109140000
anthony tolliver,2019,434704.0,1.0,434704.0,289803.0,289803.0,3.0,2854556.0,1318602;1101250;144901,289803.0,2564753.0,0.0,Active;Retained;Retained;Retained,1.0,,1620564.0,3044859.7333333334,True,vet_min,spotrac,109140000
ivan rabb,2019,371758.0,1.0,371758.0,371758.0,371758.0,1.0,,,,371758.0,0.0,Retained,0.0,,,,False,retained_only,spotrac,109140000
jontay porter,2019,197933.0,1.0,197933.0,197933.0,197933.0,1.0,,,197933.0,,0.0,Active,1.0,,211128.53333333333,211128.53333333333,True,status_active,spotrac,109140000
dusty hannahs,2019,81678.0,1.0,81678.0,81678.0,81678.0,1.0,,,,81678.0,0.0,Retained,0.0,,,,True,retained_only,spotrac,109140000
jarrod uthoff,2019,81678.0,1.0,81678.0,,,,,,,,,,,,81678.0,,False,fallback_bbref,bbref,109140000
goran dragic,2019,19217900.0,2.0,19217900.0,,,,,,,,,,,,19217900.0,,False,fallback_bbref,bbref,109140000
andre iguodala,2019,17185185.0,1.0,17185185.0,10388784.0,10388784.0,2.0,16111111.0,5722327,5722327.0,10388784.0,0.0,Retained;Active,1.0,,17185185.066666666,17185185.066666666,False,status_active,spotrac,109140000
solomon hill,2019,12758781.0,1.0,12758781.0,7712935.0,7712935.0,2.0,11961357.0,4248422,4248422.0,7712935.0,0.0,Retained;Active,1.0,,12758780.8,12758780.8,False,status_active,spotrac,109140000
meyers leonard,2019,11286515.0,1.0,11286515.0,10581110.0,10581110.0,1.0,,,10581110.0,,0.0,Active,1.0,,11286517.333333334,11286517.333333334,False,status_active,spotrac,109140000
jae crowder,2019,7815533.0,1.0,7815533.0,4724644.0,4724644.0,2.0,7327062.0,2602418,2602418.0,4724644.0,0.0,Retained;Active,1.0,,7815532.8,7815532.8,False,status_active,spotrac,109140000
udonis haslem,2019,2564753.0,1.0,1620564.0,2404456.0,2404456.0,1.0,,,2404456.0,,0.0,Active,1.0,,1620564.0,1620564.0,True,vet_min,spotrac,109140000
kendrick nunn,2019,1416852.0,1.0,1416852.0,1328299.0,1328299.0,1.0,,,,,,,,,1416852.2666666666,1416852.2666666666,False,single,spotrac,109140000
kz okpala,2019,898310.0,1.0,898310.0,842166.0,842166.0,1.0,,,842166.0,,0.0,Active,1.0,,898310.4,898310.4,True,vet_min,spotrac,109140000
chris silva,2019,466918.0,1.0,466918.0,,,,,,,,,,,,466918.0,,False,fallback_bbref,bbref,109140000
a.j. hammons,2019,350087.0,2.0,350087.0,,,,,,,,,,,,350087.0,,False,fallback_bbref,bbref,109140000
yante maten,2019,100000.0,1.0,100000.0,100000.0,100000.0,1.0,,,,100000.0,0.0,Retained,0.0,,,,True,retained_only,spotrac,109140000
eric bledsoe,2019,15625000.0,1.0,15625000.0,14648438.0,14648438.0,1.0,,,14648438.0,,0.0,Active,1.0,,15625000.533333333,15625000.533333333,True,status_active,spotrac,109140000
george hill,2019,10133907.0,1.0,10133907.0,8563038.0,8563038.0,1.0,,1000000,8563038.0,1000000.0,0.0,Active;Retained,1.0,,9133907.2,9133907.2,True,signing_contract,spotrac,109140000
ersan ilyasova,2019,7000000.0,1.0,7000000.0,,,,,,,,,,,,7000000.0,,False,fallback_bbref,bbref,109140000
robin lopez,2019,4767000.0,1.0,4767000.0,4469063.0,4469063.0,1.0,,,4469063.0,,0.0,Active,1.0,,4767000.533333333,4767000.533333333,True,status_active,spotrac,109140000
mirza teletovic,2019,3500000.0,1.0,3500000.0,,,,,,,,,,,,3500000.0,,False,fallback_bbref,bbref,109140000
jon leuer,2019,3169348.0,3.0,3169348.0,3169348.0,3169348.0,1.0,,,,3169348.0,0.0,Retained,0.0,,,,False,retained_only,spotrac,109140000
d.j. wilson,2019,2961120.0,1.0,2961120.0,,,,,,,,,,,,2961120.0,,False,fallback_bbref,bbref,109140000
kyle korver,2019,2564753.0,1.0,1620564.0,2404456.0,2404456.0,2.0,5844456.0,3440000,2404456.0,3440000.0,0.0,Active;Retained,1.0,,1620564.0,1620564.0,True,vet_min,spotrac,109140000
wesley matthews,2019,2564753.0,1.0,1620564.0,2404456.0,2404456.0,1.0,,,2404456.0,,0.0,Active,1.0,,1620564.0,1620564.0,True,vet_min,spotrac,109140000
spencer hawes,2019,2007058.0,1.0,2007058.0,,,,,,,,,,,,2007058.0,,False,fallback_bbref,bbref,109140000
larry sanders,2019,1865547.0,3.0,1865547.0,,,,,,,,,,,,1865547.0,,False,fallback_bbref,bbref,109140000
sterling brown,2019,1618520.0,1.0,1618520.0,1517363.0,1517363.0,1.0,,,1517363.0,,0.0,Active,1.0,,1618520.5333333334,1618520.5333333334,False,vet_min,spotrac,109140000
karl-anthony towns,2019,27285000.0,5.0,27285000.0,25579688.0,25579688.0,1.0,,,,,,,,,27285000.533333335,27285000.533333335,True,single,spotrac,109140000
evan turner,2019,18606557.0,1.0,18606557.0,11142910.0,11142910.0,2.0,16280737.0,5137827,5137827.0,11142910.0,0.0,Retained;Active,1.0,,17366119.466666665,17366119.466666665,False,status_active,spotrac,109140000
allen crabbe,2019,17818456.0,1.0,17818456.0,8988701.0,8988701.0,2.0,26807157.0,17818456,,26807157.0,0.0,Retained;Retained,0.0,,28594300.799999997,28594300.799999997,False,status_active,spotrac,109140000
james johnson,2019,15349400.0,1.0,15349400.0,9146021.0,9146021.0,2.0,14315774.0,5169753,5411753.0,9146021.0,0.0,Retained;Active,1.0,,15270158.933333334,15270158.933333334,False,status_active,spotrac,109140000
jarrett culver,2019,5813640.0,2.0,5813640.0,5813640.0,5813640.0,1.0,,,5813640.0,,0.0,Active,1.0,,6201216.0,6201216.0,True,status_active,spotrac,109140000
jake layman,2019,3581986.0,3.0,3581986.0,3358112.0,3358112.0,1.0,,,3358112.0,,0.0,Active,1.0,,3581986.1333333333,3581986.1333333333,True,status_active,spotrac,109140000
juancho hernangomez,2019,3321030.0,1.0,3321030.0,,,,,,,,,,,,3321030.0,,False,fallback_bbref,bbref,109140000
malik beasley,2019,2731714.0,1.0,2731714.0,1635942.0,1635942.0,2.0,2560982.0,925040,925040.0,1635942.0,0.0,Retained;Active,1.0,,2731714.1333333333,2731714.1333333333,False,status_active,spotrac,109140000
jacob evans,2019,1925880.0,1.0,1925880.0,1164233.0,1164233.0,2.0,1805513.0,641280,641280.0,1164233.0,0.0,Retained;Active,1.0,,1925880.5333333334,1925880.5333333334,False,status_active,spotrac,109140000
omari spellman,2019,1897800.0,1.0,1897800.0,1147258.0,1147258.0,2.0,1779188.0,631930,631930.0,1147258.0,0.0,Retained;Active,1.0,,1897800.5333333332,1897800.5333333332,False,status_active,spotrac,109140000
jaylen nowell,2019,1400000.0,2.0,1400000.0,1312500.0,1312500.0,1.0,,,1312500.0,,0.0,Active,1.0,,1400000.0,1400000.0,True,status_active,spotrac,109140000
cole aldrich,2019,685340.0,2.0,685340.0,,,,,,,,,,,,685340.0,,False,fallback_bbref,bbref,109140000
derrick favors,2019,17650000.0,1.0,17650000.0,16546875.0,18196875.0,1.0,,,18196875.0,,0.0,Active,1.0,,17650000.0,17650000.0,False,status_active,spotrac,109140000
j.j. redick,2019,13486300.0,1.0,13486300.0,,,,,,,,,,,,13486300.0,,False,fallback_bbref,bbref,109140000
e'twaun moore,2019,8664928.0,1.0,8664928.0,8123370.0,8123370.0,1.0,,,8123370.0,,0.0,Active,1.0,,8664928.0,8664928.0,False,status_active,spotrac,109140000
darius miller,2019,7250000.0,1.0,7250000.0,6796875.0,6796875.0,1.0,,,6796875.0,,0.0,Active,1.0,,7250000.0,7250000.0,True,status_active,spotrac,109140000
nicolo melli,2019,4102564.0,1.0,4102564.0,,,,,,,,,,,,4102564.0,,False,fallback_bbref,bbref,109140000
jahlil okafor,2019,1702486.0,1.0,1702486.0,1596081.0,1596081.0,1.0,,,1596081.0,,0.0,Active,1.0,,1702486.4,1702486.4,False,status_active,spotrac,109140000
frank jackson,2019,1618520.0,1.0,1618520.0,1517363.0,1517363.0,1.0,,,1517363.0,,0.0,Active,1.0,,1618520.5333333334,1618520.5333333334,False,vet_min,spotrac,109140000
sindarius thornwell,2019,183115.0,1.0,183115.0,183115.0,183115.0,1.0,,,183115.0,,0.0,Active,1.0,,195322.66666666666,195322.66666666666,True,status_active,spotrac,109140000
maurice harkless,2019,11511234.0,1.0,11511234.0,6656510.0,6656510.0,2.0,10323034.0,3666524,3666524.0,6656510.0,0.0,Retained;Active,1.0,,11011236.266666666,11011236.266666666,False,status_active,spotrac,109140000
taj gibson,2019,9800000.0,1.0,9800000.0,8437500.0,8437500.0,1.0,,,8437500.0,,0.0,Active,1.0,,9000000.0,9000000.0,True,status_active,spotrac,109140000
wayne ellington,2019,8000000.0,1.0,8000000.0,7500000.0,7500000.0,1.0,,,7500000.0,,0.0,Active,1.0,,8000000.0,8000000.0,True,status_active,spotrac,109140000
elfrid payton,2019,8000000.0,1.0,8000000.0,7500000.0,7500000.0,1.0,,,7500000.0,,0.0,Active,1.0,,8000000.0,8000000.0,True,status_active,spotrac,109140000
frank ntilikina,2019,4855800.0,1.0,4855800.0,4552313.0,4552313.0,1.0,,,4552313.0,,0.0,Active,1.0,,4855800.533333333,4855800.533333333,False,status_active,spotrac,109140000
dennis smith,2019,4463640.0,1.0,4463640.0,,,,,,,,,,,,4463640.0,,False,fallback_bbref,bbref,109140000
kevin knox,2019,4380120.0,2.0,4380120.0,4106363.0,4106363.0,1.0,,,4106363.0,,0.0,Active,1.0,,4380120.533333333,4380120.533333333,False,status_active,spotrac,109140000
reggie bullock,2019,4000000.0,2.0,4000000.0,3750000.0,3750000.0,1.0,,,3750000.0,,0.0,Active,1.0,,4000000.0,4000000.0,True,status_active,spotrac,109140000
allonzo trier,2019,3551100.0,1.0,3551100.0,3551100.0,3551100.0,1.0,,,,3551100.0,0.0,Retained,0.0,,,,False,retained_only,spotrac,109140000
damyean dotson,2019,1618520.0,1.0,1618520.0,1517363.0,1517363.0,1.0,,,1517363.0,,0.0,Active,1.0,,1618520.5333333334,1618520.5333333334,False,vet_min,spotrac,109140000
theo pinson,2019,1445697.0,1.0,1445697.0,1355341.0,1355341.0,1.0,,,1355341.0,,0.0,Active,1.0,,1445697.0666666667,1445697.0666666667,True,vet_min,spotrac,109140000
ignas brazdeikis,2019,898310.0,1.0,898310.0,842166.0,842166.0,1.0,,,842166.0,,0.0,Active,1.0,,898310.4,898310.4,True,vet_min,spotrac,109140000
danilo gallinari,2019,22615559.0,1.0,22615559.0,21202087.0,21202087.0,1.0,,,21202087.0,,0.0,Active,1.0,,22615559.466666665,22615559.466666665,False,status_active,spotrac,109140000
andre roberson,2019,10740741.0,1.0,10740741.0,10069444.0,10069444.0,1.0,,,10069444.0,,0.0,Active,1.0,,10740740.266666668,10740740.266666668,False,status_active,spotrac,109140000
terrance ferguson,2019,2475840.0,1.0,2475840.0,2321100.0,2321100.0,1.0,,,2321100.0,,0.0,Active,1.0,,2475840.0,2475840.0,False,status_active,spotrac,109140000
darius bazley,2019,2284800.0,3.0,2284800.0,2142000.0,2142000.0,1.0,,,2142000.0,,0.0,Active,1.0,,2284800.0,2284800.0,True,status_active,spotrac,109140000
mike muscala,2019,2028594.0,2.0,2028594.0,1901807.0,1901807.0,1.0,,,1901807.0,,0.0,Active,1.0,,2028594.1333333333,2028594.1333333333,True,vet_min,spotrac,109140000
nerlens noel,2019,2028594.0,1.0,1620564.0,1901807.0,1901807.0,1.0,,,1901807.0,,0.0,Active,1.0,,1620564.0,1620564.0,True,vet_min,spotrac,109140000
abdel nader,2019,1618520.0,1.0,1618520.0,1517363.0,1517363.0,1.0,,,1517363.0,,0.0,Active,1.0,,1618520.5333333334,1618520.5333333334,False,vet_min,spotrac,109140000
isaiah roby,2019,1500000.0,2.0,1500000.0,796610.0,796610.0,2.0,1500000.0,703390,703390.0,796610.0,0.0,Retained;Active,1.0,,1600000.0,1600000.0,True,signing_contract,spotrac,109140000
deonte burton,2019,1416852.0,1.0,1416852.0,,,,,,,,,,,,1416852.0,,False,fallback_bbref,bbref,109140000
hamidou diallo,2019,1416852.0,1.0,1416852.0,1328299.0,1328299.0,1.0,,,1328299.0,,0.0,Active,1.0,,1416852.2666666666,1416852.2666666666,False,status_active,spotrac,109140000
kyle singler,2019,999200.0,4.0,999200.0,,,,,,,,,,,,999200.0,,False,fallback_bbref,bbref,109140000
evan fournier,2019,17000000.0,1.0,17000000.0,16078125.0,16228125.0,1.0,,,16228125.0,,0.0,Active,1.0,,17150000.0,17150000.0,False,status_active,spotrac,109140000
terrence ross,2019,12500000.0,3.0,12500000.0,11718750.0,11718750.0,1.0,,,11718750.0,,0.0,Active,1.0,,12500000.0,12500000.0,True,status_active,spotrac,109140000
markelle fultz,2019,9745200.0,1.0,9745200.0,9136125.0,9136125.0,1.0,,,9136125.0,,0.0,Active,1.0,,9745200.0,9745200.0,False,status_active,spotrac,109140000
al-farouq aminu,2019,9258000.0,1.0,9258000.0,8679375.0,8679375.0,1.0,,,8679375.0,,0.0,Active,1.0,,9258000.0,9258000.0,True,status_active,spotrac,109140000
d.j. augustin,2019,7250000.0,1.0,7250000.0,,,,,,,,,,,,7250000.0,,False,fallback_bbref,bbref,109140000
timofey mozgov,2019,5573333.0,1.0,5573333.0,5573333.0,5573333.0,1.0,,,,5573333.0,0.0,Retained,0.0,,,,False,retained_only,spotrac,109140000
khem birch,2019,3000000.0,1.0,3000000.0,2812500.0,2812500.0,1.0,,,2812500.0,,0.0,Active,1.0,,3000000.0,3000000.0,True,status_active,spotrac,109140000
michael carter-williams,2019,2028594.0,1.0,1620564.0,1901807.0,1901807.0,1.0,,,1901807.0,,0.0,Active,1.0,,1620564.0,1620564.0,True,vet_min,spotrac,109140000
james ennis,2019,1882867.0,1.0,1882867.0,,,,,,,,,,,,1882867.0,,False,fallback_bbref,bbref,109140000
wes iwundu,2019,1618520.0,1.0,1618520.0,1517363.0,1517363.0,1.0,,,1517363.0,,0.0,Active,1.0,,1618520.5333333334,1618520.5333333334,False,vet_min,spotrac,109140000
amile jefferson,2019,1519851.0,1.0,1519851.0,1519851.0,1519851.0,1.0,,,,1519851.0,0.0,Retained,0.0,,,,True,retained_only,spotrac,109140000
melvin frazier,2019,1416852.0,1.0,1416852.0,,,,,,,,,,,,1416852.0,,False,fallback_bbref,bbref,109140000
c.j. watson,2019,333333.0,1.0,333333.0,,,,,,,,,,,,333333.0,,False,fallback_bbref,bbref,109140000
josh magette,2019,81678.0,1.0,81678.0,,,,,,,,,,,,81678.0,,False,fallback_bbref,bbref,109140000
josh richardson,2019,10116576.0,1.0,10116576.0,9484290.0,9484290.0,1.0,,,9484290.0,,0.0,Active,1.0,,10116576.0,10116576.0,False,status_active,spotrac,109140000
ben simmons,2019,8113930.0,1.0,8113930.0,7606809.0,7606809.0,1.0,,,7606809.0,,0.0,Active,1.0,,8113929.6,8113929.6,False,status_active,spotrac,109140000
mike scott,2019,4767000.0,2.0,4767000.0,4481708.0,4481708.0,1.0,,,4481708.0,,0.0,Active,1.0,,4780488.533333333,4780488.533333333,True,status_active,spotrac,109140000
zhaire smith,2019,3058800.0,1.0,3058800.0,2867625.0,2867625.0,1.0,,,2867625.0,,0.0,Active,1.0,,3058800.0,3058800.0,False,status_active,spotrac,109140000
alec burks,2019,2320044.0,1.0,1620564.0,1402512.0,1402512.0,2.0,2175041.0,772529,772529.0,1402512.0,0.0,Retained;Active,1.0,,2320044.0,2320043.7333333334,True,signing_contract,spotrac,109140000
kyle o'quinn,2019,2028594.0,1.0,1620564.0,1901807.0,1901807.0,1.0,,,1901807.0,,0.0,Active,1.0,,1620564.0,1620564.0,True,vet_min,spotrac,109140000
glenn robinson,2019,1882867.0,1.0,1882867.0,,,,,,,,,,,,1882867.0,,False,fallback_bbref,bbref,109140000
raul neto,2019,1737145.0,1.0,1620564.0,1628573.0,1628573.0,1.0,,,1628573.0,,0.0,Active,1.0,,1620564.0,1620564.0,True,vet_min,spotrac,109140000
jonah bolden,2019,1698450.0,1.0,1698450.0,1698450.0,1698450.0,2.0,1780128.0,81678,,1780128.0,0.0,Retained;Retained,0.0,,,,False,retained_only,spotrac,109140000
furkan korkmaz,2019,1620564.0,2.0,1620564.0,1519279.0,1519279.0,1.0,,,1519279.0,,0.0,Active,1.0,,1620564.2666666666,1620564.2666666666,True,vet_min,spotrac,109140000
shake milton,2019,1445697.0,1.0,1445697.0,1355341.0,1355341.0,1.0,,,1355341.0,,0.0,Active,1.0,,1445697.0666666667,1445697.0666666667,True,vet_min,spotrac,109140000
norvel pelle,2019,350189.0,1.0,350189.0,350189.0,350189.0,1.0,,,350189.0,,0.0,Active,1.0,,373534.93333333335,373534.93333333335,True,status_active,spotrac,109140000
aron baynes,2019,5453280.0,1.0,5453280.0,5112450.0,5112450.0,1.0,,,5112450.0,,0.0,Active,1.0,,5453280.0,5453280.0,False,status_active,spotrac,109140000
frank kaminsky,2019,4767000.0,1.0,4767000.0,4469063.0,4469063.0,1.0,,,4469063.0,,0.0,Active,1.0,,4767000.533333333,4767000.533333333,True,status_active,spotrac,109140000
cheick diallo,2019,1678854.0,1.0,1678854.0,,,,,,,,,,,,1678854.0,,False,fallback_bbref,bbref,109140000
elie okobo,2019,1416852.0,1.0,1416852.0,1328299.0,1328299.0,1.0,,,1328299.0,,0.0,Active,1.0,,1416852.2666666666,1416852.2666666666,False,status_active,spotrac,109140000
jalen lecque,2019,898310.0,1.0,898310.0,842166.0,842166.0,1.0,,,842166.0,,0.0,Active,1.0,,898310.4,898310.4,True,vet_min,spotrac,109140000
hassan whiteside,2019,27093018.0,1.0,27093018.0,25399705.0,25399705.0,1.0,,,25399705.0,,0.0,Active,1.0,,27093018.666666668,27093018.666666668,False,status_active,spotrac,109140000
trevor ariza,2019,12200000.0,1.0,12200000.0,5165184.0,5165184.0,2.0,11437500.0,6272316,5165184.0,6272316.0,0.0,Active;Retained,1.0,,12200000.0,12200000.0,True,signing_contract,spotrac,109140000
rodney hood,2019,5718000.0,1.0,5718000.0,5360625.0,5360625.0,1.0,,,5360625.0,,0.0,Active,1.0,,5718000.0,5718000.0,True,status_active,spotrac,109140000
andrew nicholson,2019,2844430.0,5.0,2844430.0,,,,,,,,,,,,2844430.0,,False,fallback_bbref,bbref,109140000
carmelo anthony,2019,2159029.0,1.0,2159029.0,,,,,,,,,,,,2159029.0,,False,fallback_bbref,bbref,109140000
caleb swanigan,2019,2033160.0,1.0,2033160.0,,,,,,,,,,,,2033160.0,,False,fallback_bbref,bbref,109140000
anderson varejao,2019,1913345.0,1.0,1913345.0,,,,,,,,,,,,1913345.0,,False,fallback_bbref,bbref,109140000
mario hezonja,2019,1737145.0,1.0,1620564.0,1628573.0,1628573.0,1.0,,,1628573.0,,0.0,Active,1.0,,1620564.0,1620564.0,True,vet_min,spotrac,109140000
wenyen gabriel,2019,1445697.0,1.0,1445697.0,702429.0,702429.0,2.0,1445697.0,743268,702429.0,743268.0,0.0,Active;Retained,1.0,,1445697.0,1542076.7999999998,True,vet_min,spotrac,109140000
pau gasol,2019,463684.0,1.0,463684.0,463684.0,463684.0,2.0,5538540.0,5074856,,5538540.0,0.0,Retained;Retained,0.0,,1620564.0,,True,vet_min,spotrac,109140000
festus ezeli,2019,333333.0,1.0,333333.0,,,,,,,,,,,,333333.0,,False,fallback_bbref,bbref,109140000
kent bazemore,2019,19269662.0,1.0,19269662.0,9907001.0,9907001.0,2.0,18065308.0,8158307,8158307.0,9907001.0,0.0,Retained;Active,1.0,,19269661.866666667,19269661.866666667,False,status_active,spotrac,109140000
cory joseph,2019,12000000.0,1.0,12000000.0,,,,,,,,,,,,12000000.0,,False,fallback_bbref,bbref,109140000
nemanja bjelica,2019,6825000.0,1.0,6825000.0,6398438.0,6398438.0,1.0,,,6398438.0,,0.0,Active,1.0,,6825000.533333333,6825000.533333333,False,status_active,spotrac,109140000
jabari parker,2019,6500000.0,1.0,6500000.0,3929379.0,3929379.0,2.0,6093750.0,2164371,2164371.0,3929379.0,0.0,Retained;Active,1.0,,6500000.0,6500000.0,True,signing_contract,spotrac,109140000
richaun holmes,2019,4767000.0,2.0,4767000.0,4469063.0,4469063.0,1.0,,,4469063.0,,0.0,Active,1.0,,4767000.533333333,4767000.533333333,True,status_active,spotrac,109140000
alex len,2019,4160000.0,1.0,4160000.0,2514802.0,2514802.0,2.0,3900000.0,1385198,1385198.0,2514802.0,0.0,Retained;Active,1.0,,4160000.0,4160000.0,False,status_active,spotrac,109140000
yogi ferrell,2019,3150000.0,1.0,3150000.0,2953125.0,2953125.0,1.0,,,2953125.0,,0.0,Active,1.0,,3150000.0,3150000.0,False,status_active,spotrac,109140000
harry giles,2019,2578800.0,1.0,2578800.0,,,,,,,,,,,,2578800.0,,False,fallback_bbref,bbref,109140000
matt barnes,2019,2133541.0,1.0,2133541.0,,,,,,,,,,,,2133541.0,,False,fallback_bbref,bbref,109140000
justin james,2019,898310.0,1.0,898310.0,842166.0,842166.0,1.0,,,842166.0,,0.0,Active,1.0,,898310.4,898310.4,True,vet_min,spotrac,109140000
corey brewer,2019,289803.0,1.0,289803.0,,,,,,,,,,,,289803.0,,False,fallback_bbref,bbref,109140000
eric mika,2019,50752.0,1.0,50752.0,,,,,,,,,,,,50752.0,,False,fallback_bbref,bbref,109140000
tyler lydon,2019,50000.0,1.0,50000.0,50000.0,50000.0,1.0,,,,50000.0,0.0,Retained,0.0,,,,True,retained_only,spotrac,109140000
hollis thompson,2019,50000.0,1.0,50000.0,,,,,,,,,,,,50000.0,,False,fallback_bbref,bbref,109140000
tyler ulis,2019,50000.0,1.0,50000.0,50000.0,50000.0,1.0,,,,50000.0,0.0,Retained,0.0,,,,True,retained_only,spotrac,109140000
lamarcus aldridge,2019,26000000.0,1.0,26000000.0,24375000.0,24375000.0,1.0,,,24375000.0,,0.0,Active,1.0,,26000000.0,26000000.0,True,status_active,spotrac,109140000
rudy gay,2019,14000000.0,2.0,14000000.0,13593750.0,14093750.0,1.0,,,14093750.0,,0.0,Active,1.0,,14500000.0,14500000.0,True,status_active,spotrac,109140000
patty mills,2019,12428571.0,2.0,12428571.0,11651785.0,11651785.0,1.0,,,11651785.0,,0.0,Active,1.0,,12428570.666666666,12428570.666666666,False,status_active,spotrac,109140000
marco belinelli,2019,5846154.0,1.0,5846154.0,5480769.0,5480769.0,1.0,,,5480769.0,,0.0,Active,1.0,,5846153.6,5846153.6,False,status_active,spotrac,109140000
trey lyles,2019,5500000.0,2.0,5500000.0,5156250.0,5156250.0,1.0,,,5156250.0,,0.0,Active,1.0,,5500000.0,5500000.0,True,status_active,spotrac,109140000
bryn forbes,2019,2875000.0,1.0,2875000.0,,,,,,,,,,,,2875000.0,,False,fallback_bbref,bbref,109140000
lonnie walker,2019,2760480.0,2.0,2760480.0,,,,,,,,,,,,2760480.0,,False,fallback_bbref,bbref,109140000
luka samanic,2019,2689920.0,3.0,2689920.0,,,,,,,,,,,,2689920.0,,False,fallback_bbref,bbref,109140000
chimezie metu,2019,1416852.0,1.0,1416852.0,,,,,,,,,,,,1416852.0,,False,fallback_bbref,bbref,109140000
tyler zeller,2019,245686.0,1.0,245686.0,245686.0,245686.0,1.0,,,245686.0,,0.0,Active,1.0,,262065.06666666668,262065.06666666668,True,status_active,spotrac,109140000
marc gasol,2019,25595700.0,1.0,25595700.0,23995969.0,23995969.0,1.0,,,23995969.0,,0.0,Active,1.0,,25595700.266666666,25595700.266666666,False,status_active,spotrac,109140000
serge ibaka,2019,23271604.0,1.0,23271604.0,21817130.0,21817130.0,1.0,,,21817130.0,,0.0,Active,1.0,,23271605.333333332,23271605.333333332,False,status_active,spotrac,109140000
patrick mccaw,2019,4000000.0,2.0,4000000.0,3750000.0,3750000.0,1.0,,,3750000.0,,0.0,Active,1.0,,4000000.0,4000000.0,True,status_active,spotrac,109140000
stanley johnson,2019,3623000.0,2.0,3623000.0,3396563.0,3396563.0,1.0,,,3396563.0,,0.0,Active,1.0,,3623000.533333333,3623000.533333333,True,status_active,spotrac,109140000
rondae hollis-jefferson,2019,2500000.0,1.0,2500000.0,2343750.0,2343750.0,1.0,,,2343750.0,,0.0,Active,1.0,,2500000.0,2500000.0,True,status_active,spotrac,109140000
og anunoby,2019,2281800.0,1.0,2281800.0,2139188.0,2139188.0,1.0,,,,,,,,,2281800.533333333,2281800.533333333,False,single,spotrac,109140000
malcolm miller,2019,1588231.0,1.0,1588231.0,1488967.0,1488967.0,1.0,,,1488967.0,,0.0,Active,1.0,,1588231.4666666666,1588231.4666666666,False,status_active,spotrac,109140000
justin hamilton,2019,1000000.0,1.0,1000000.0,,,,,,,,,,,,1000000.0,,False,fallback_bbref,bbref,109140000
dewan hernandez,2019,898310.0,1.0,898310.0,,,,,,,,,,,,898310.0,,False,fallback_bbref,bbref,109140000
terence davis,2019,898310.0,1.0,898310.0,842166.0,842166.0,1.0,,,842166.0,,0.0,Active,1.0,,898310.4,898310.4,True,vet_min,spotrac,109140000
matt thomas,2019,898310.0,1.0,898310.0,842166.0,842166.0,1.0,,,842166.0,,0.0,Active,1.0,,898310.4,898310.4,True,vet_min,spotrac,109140000
isaiah taylor,2019,50000.0,1.0,50000.0,,,,,,,,,,,,50000.0,,False,fallback_bbref,bbref,109140000
bojan bogdanovic,2019,17000000.0,3.0,17000000.0,,,,,,,,,,,,17000000.0,,False,fallback_bbref,bbref,109140000
ed davis,2019,4767000.0,1.0,4767000.0,4469063.0,4469063.0,1.0,,,4469063.0,,0.0,Active,1.0,,4767000.533333333,4767000.533333333,True,status_active,spotrac,109140000
emmanuel mudiay,2019,1737145.0,1.0,1620564.0,1628573.0,1628573.0,1.0,,,1628573.0,,0.0,Active,1.0,,1620564.0,1620564.0,True,vet_min,spotrac,109140000
nigel williams-goss,2019,1500000.0,1.0,1500000.0,,,,,,,,,,,,1500000.0,,False,fallback_bbref,bbref,109140000
miye oni,2019,842166.0,1.0,842166.0,842166.0,842166.0,1.0,,,842166.0,,0.0,Active,1.0,,898310.4,898310.4,True,vet_min,spotrac,109140000
juwan morgan,2019,746054.0,1.0,746054.0,746054.0,746054.0,1.0,,,746054.0,,0.0,Active,1.0,,795790.9333333333,795790.9333333333,True,status_active,spotrac,109140000
rayjon tucker,2019,578573.0,1.0,578573.0,578573.0,578573.0,1.0,,,578573.0,,0.0,Active,1.0,,617144.5333333333,617144.5333333333,True,status_active,spotrac,109140000
stanton kidd,2019,250000.0,1.0,250000.0,,,,,,,,,,,,250000.0,,False,fallback_bbref,bbref,109140000
william howard,2019,50000.0,1.0,50000.0,,,,,,,,,,,,50000.0,,False,fallback_bbref,bbref,109140000
john wall,2019,38199000.0,4.0,38199000.0,38199000.0,38199000.0,1.0,,,38199000.0,,0.0,Active,1.0,,40745600.0,40745600.0,True,status_active,spotrac,109140000
ian mahinmi,2019,15450051.0,1.0,15450051.0,14484423.0,14484423.0,1.0,,,14484423.0,,0.0,Active,1.0,,15450051.2,15450051.2,False,status_active,spotrac,109140000
c.j. miles,2019,8730158.0,1.0,8730158.0,,,,,,,,,,,,8730158.0,,False,fallback_bbref,bbref,109140000
davis bertans,2019,7000000.0,1.0,7000000.0,,,,,,,,,,,,7000000.0,,False,fallback_bbref,bbref,109140000
ish smith,2019,6000000.0,2.0,6000000.0,5625000.0,5625000.0,1.0,,,,,,,,,6000000.0,6000000.0,True,single,spotrac,109140000
jerome robinson,2019,3567720.0,2.0,3567720.0,2156757.0,2156757.0,2.0,3344738.0,1187981,1187981.0,2156757.0,0.0,Retained;Active,1.0,,3567720.533333333,3567720.533333333,False,status_active,spotrac,109140000
troy brown,2019,3219480.0,1.0,3219480.0,,,,,,,,,,,,3219480.0,,False,fallback_bbref,bbref,109140000
shabazz napier,2019,1845301.0,1.0,1845301.0,10425.0,10425.0,3.0,1845301.0,1105096;729780,729780.0,1115521.0,0.0,Retained;Retained;Active,1.0,,1620564.0,1620564.0,False,vet_min,spotrac,109140000
isaac bonga,2019,1416852.0,1.0,1416852.0,1328299.0,1328299.0,1.0,,,1328299.0,,0.0,Active,1.0,,1416852.2666666666,1416852.2666666666,False,status_active,spotrac,109140000
admiral schofield,2019,1000000.0,1.0,1000000.0,937500.0,937500.0,1.0,,,937500.0,,0.0,Active,1.0,,1000000.0,1000000.0,True,status_active,spotrac,109140000
jonathon simmons,2019,1000000.0,1.0,1000000.0,1000000.0,1000000.0,1.0,,,,1000000.0,0.0,Retained,0.0,,,,False,retained_only,spotrac,109140000
anzejs pasecniks,2019,482144.0,1.0,482144.0,,,,,,,,,,,,482144.0,,False,fallback_bbref,bbref,109140000
justin robinson,2019,395866.0,1.0,395866.0,395866.0,395866.0,1.0,,,,395866.0,0.0,Retained,0.0,,,,True,retained_only,spotrac,109140000
jemerrio jones,2019,199000.0,1.0,199000.0,,,,,,,,,,,,199000.0,,False,fallback_bbref,bbref,109140000
jerian grant,2019,196288.0,1.0,196288.0,196288.0,196288.0,1.0,,,196288.0,,0.0,Active,1.0,,209373.86666666667,209373.86666666667,True,status_active,spotrac,109140000
johnathan williams,2019,106181.0,1.0,106181.0,106181.0,106181.0,1.0,,,,106181.0,0.0,Retained,0.0,,,,True,retained_only,spotrac,109140000
danilo gallinari,2020,19500000.0,2.0,19500000.0,19500000.0,19500000.0,1.0,,,19500000.0,,0.0,Active,1.0,,19500000.0,19500000.0,True,status_active,spotrac,109140000
tony snell,2020,12178571.0,1.0,12178571.0,12178571.0,12178571.0,1.0,,,12178571.0,,0.0,Active / Player Exercised,1.0,,12178571.0,12178571.0,False,status_active,spotrac,109140000
lou williams,2020,8000000.0,1.0,8000000.0,2904110.0,2904110.0,2.0,8000000.0,5095890,2904110.0,5095890.0,0.0,Active;Retained,1.0,,8000000.0,8000000.0,False,status_active,spotrac,109140000
cam reddish,2020,4458000.0,2.0,4458000.0,,,,,,,,,,,,4458000.0,,False,fallback_bbref,bbref,109140000
brandon goodwin,2020,1701593.0,1.0,1701593.0,1701593.0,1701593.0,1.0,,,1701593.0,,0.0,Active,1.0,,1701593.0,1701593.0,False,status_active,spotrac,109140000
solomon hill,2020,1620564.0,1.0,1620564.0,2174318.0,2174318.0,1.0,,,2174318.0,,0.0,Active,1.0,,2174318.0,2174318.0,True,status_active,spotrac,109140000
bruno fernando,2020,1517981.0,2.0,1517981.0,,,,,,,,,,,,1517981.0,,False,fallback_bbref,bbref,109140000
khyri thomas,2020,744684.0,1.0,744684.0,744684.0,744684.0,2.0,1105682.0,250000;110998,250000.0,855682.0,0.0,Retained;Active;Retained,1.0,,1620564.0,1105682.0,True,vet_min,spotrac,109140000
kemba walker,2020,34379100.0,2.0,34379100.0,34379100.0,34379100.0,1.0,,,34379100.0,,0.0,Active,1.0,,34379100.0,34379100.0,False,status_active,spotrac,109140000
evan fournier,2020,17450000.0,1.0,17450000.0,6225685.0,6675685.0,2.0,17150000.0,10924315,6675685.0,10924315.0,0.0,Active / Player Exercised;Retained,1.0,,17150000.0,17150000.0,False,status_active,spotrac,109140000
tristan thompson,2020,9258000.0,1.0,9258000.0,9258000.0,9258000.0,1.0,,,9258000.0,,0.0,Active,1.0,,9258000.0,9258000.0,True,status_active,spotrac,109140000
romeo langford,2020,3631200.0,2.0,3631200.0,3631200.0,3631200.0,1.0,,,3631200.0,,0.0,Active,1.0,,3631200.0,3631200.0,False,status_active,spotrac,109140000
semi ojeleye,2020,1752950.0,2.0,1752950.0,1752950.0,1752950.0,1.0,,,1752950.0,,0.0,Active / Club Exercised,1.0,,1752950.0,1752950.0,False,status_active,spotrac,109140000
carsen edwards,2020,1517981.0,1.0,1517981.0,,,,,,,,,,,,1517981.0,,False,fallback_bbref,bbref,109140000
jabari parker,2020,430729.0,1.0,430729.0,430729.0,430729.0,2.0,6930729.0,6500000,430729.0,6500000.0,0.0,Active;Retained,1.0,,430729.0,430729.0,True,status_active,spotrac,109140000
demetrius jackson,2020,92857.0,5.0,92857.0,92857.0,92857.0,1.0,,,,92857.0,0.0,Retained,0.0,,,,False,retained_only,spotrac,109140000
joe harris,2020,16071429.0,3.0,16071429.0,16071429.0,16071429.0,1.0,,,16071429.0,,0.0,Active,1.0,,16071429.0,16071429.0,True,status_active,spotrac,109140000
spencer dinwiddie,2020,11454048.0,2.0,11454048.0,11454048.0,11454048.0,1.0,,,11454048.0,,0.0,Active,1.0,,11454048.0,11454048.0,False,status_active,spotrac,109140000
timothe luwawu-cabarrot,2020,1824003.0,1.0,1824003.0,,,,,,,,,,,,1824003.0,,False,fallback_bbref,bbref,109140000
tyler johnson,2020,1620564.0,1.0,1620564.0,2028594.0,2028594.0,1.0,,,2028594.0,,0.0,Active,1.0,,1620564.0,1620564.0,True,vet_min,spotrac,109140000
blake griffin,2020,776983.0,1.0,776983.0,1229676.0,1229676.0,2.0,31532118.0,30302442,1229676.0,30302442.0,0.0,Active;Retained,1.0,,1229676.0,1229676.0,True,signing_contract,spotrac,109140000
alize johnson,2020,621587.0,1.0,621587.0,399591.0,399591.0,1.0,,110998;110998,399591.0,221996.0,0.0,Active;Retained;Retained,1.0,,1620564.0,399591.0,True,vet_min,spotrac,109140000
iman shumpert,2020,558153.0,1.0,558153.0,447155.0,447155.0,1.0,,159698,,606853.0,0.0,Retained;Retained,0.0,,1708770.0,,True,signing_contract,spotrac,109140000
lamarcus aldridge,2020,554988.0,1.0,554988.0,878340.0,878340.0,2.0,17628340.0,16750000,,17628340.0,0.0,Retained;Retained,0.0,,878340.0,,True,signing_contract,spotrac,109140000
andre roberson,2020,274816.0,1.0,274816.0,163818.0,163818.0,1.0,,138945,,302763.0,0.0,Retained;Retained,0.0,,1250503.0,,True,signing_contract,spotrac,109140000
noah vonleh,2020,263995.0,1.0,263995.0,263995.0,263995.0,2.0,361256.0,97261,,361256.0,0.0,Retained;Retained,0.0,,1620564.0,,True,vet_min,spotrac,109140000
mike james,2020,237648.0,1.0,237648.0,,,,,,,,,,,,237648.0,,False,fallback_bbref,bbref,109140000
norvel pelle,2020,217845.0,1.0,217845.0,217845.0,217845.0,3.0,1014905.0,500000;99020;99020;99020,500000.0,514905.0,0.0,Retained;Active;Retained;Retained;Retained,1.0,,1445697.0,500000.0,True,vet_min,spotrac,109140000
tyler cook,2020,99020.0,1.0,99020.0,99020.0,99020.0,2.0,693141.0,396081;99020;99020,396081.0,297060.0,0.0,Retained;Active;Retained;Retained,1.0,,1445697.0,396081.0,True,vet_min,spotrac,109140000
gordon hayward,2020,28500000.0,3.0,28500000.0,28500000.0,28500000.0,1.0,,,28500000.0,,0.0,Active,1.0,,28500000.0,28500000.0,True,status_active,spotrac,109140000
cody zeller,2020,15415730.0,2.0,15415730.0,,,,,,,,,,,,15415730.0,,False,fallback_bbref,bbref,109140000
brad wanamaker,2020,2250000.0,1.0,2250000.0,816781.0,816781.0,2.0,2250000.0,1433219,816781.0,1433219.0,0.0,Active;Retained,1.0,,2250000.0,2250000.0,True,signing_contract,spotrac,109140000
devonte' graham,2020,1663861.0,1.0,1663861.0,1663861.0,1663861.0,1.0,,,1663861.0,,0.0,Active,1.0,,1663861.0,1663861.0,False,status_active,spotrac,109140000
cody martin,2020,1517981.0,1.0,1517981.0,,,,,,,,,,,,1517981.0,,False,fallback_bbref,bbref,109140000
jalen mcdaniels,2020,1517981.0,1.0,1517981.0,1517981.0,1517981.0,1.0,,,1517981.0,,0.0,Active,1.0,,1517981.0,1517981.0,False,status_active,spotrac,109140000
vernon carey,2020,1350000.0,1.0,1350000.0,,,,,,,,,,,,1350000.0,,False,fallback_bbref,bbref,109140000
thaddeus young,2020,13545000.0,2.0,13545000.0,13545000.0,13545000.0,1.0,,,13545000.0,,0.0,Active,1.0,,13545000.0,13545000.0,False,status_active,spotrac,109140000
tomas satoransky,2020,10000000.0,2.0,10000000.0,,,,,,,,,,,,10000000.0,,False,fallback_bbref,bbref,109140000
al-farouq aminu,2020,9720900.0,1.0,9720900.0,3528820.0,3528820.0,2.0,9720900.0,6192080,3528820.0,6192080.0,0.0,Active;Retained,1.0,,9720900.0,9720900.0,False,status_active,spotrac,109140000
cristiano felicio,2020,7529020.0,2.0,7529020.0,,,,,,,,,,,,7529020.0,,False,fallback_bbref,bbref,109140000
daniel theis,2020,5000000.0,1.0,5000000.0,3184932.0,3184932.0,2.0,5000000.0,1815068,1815068.0,3184932.0,0.0,Retained;Active,1.0,,5000000.0,5000000.0,False,status_active,spotrac,109140000
denzel valentine,2020,4642800.0,1.0,4642800.0,4642800.0,4642800.0,1.0,,,4642800.0,,0.0,Active,1.0,,4642800.0,4642800.0,True,status_active,spotrac,109140000
troy brown,2020,3372840.0,1.0,3372840.0,,,,,,,,,,,,3372840.0,,False,fallback_bbref,bbref,109140000
ryan arcidiacono,2020,3000000.0,2.0,3000000.0,3000000.0,3000000.0,1.0,,,3000000.0,,0.0,Active,1.0,,3000000.0,3000000.0,False,status_active,spotrac,109140000
cedi osman,2020,8840580.0,3.0,8840580.0,,,,,,,,,,,,8840580.0,,False,fallback_bbref,bbref,109140000
dylan windler,2020,2137440.0,3.0,2137440.0,2137440.0,2137440.0,1.0,,,2137440.0,,0.0,Active,1.0,,2137440.0,2137440.0,False,status_active,spotrac,109140000
damyean dotson,2020,2000000.0,1.0,2000000.0,2000000.0,2000000.0,1.0,,,2000000.0,,0.0,Active,1.0,,2000000.0,2000000.0,True,status_active,spotrac,109140000
matthew dellavedova,2020,1620564.0,1.0,1620564.0,2174318.0,2174318.0,1.0,,,2174318.0,,0.0,Active,1.0,,2174318.0,2174318.0,True,status_active,spotrac,109140000
j.r. smith,2020,1456667.0,3.0,1456667.0,,,,,,,,,,,,1456667.0,,False,fallback_bbref,bbref,109140000
lamar stevens,2020,652366.0,1.0,652366.0,652366.0,652366.0,1.0,,,652366.0,,0.0,Active,1.0,,652366.0,652366.0,True,status_active,spotrac,109140000
mfiondu kabengele,2020,356473.0,1.0,356473.0,158433.0,158433.0,3.0,2432353.0,99020;99020;1293870;782010,158433.0,2273920.0,0.0,Active;Retained;Retained;Retained;Retained,1.0,,1293870.0,2432353.0,True,signing_contract,spotrac,109140000
rayjon tucker,2020,340000.0,1.0,340000.0,340000.0,340000.0,1.0,,,,340000.0,0.0,Retained,0.0,,340000.0,340000.0,True,status_active,spotrac,109140000
thon maker,2020,309355.0,1.0,309355.0,309355.0,309355.0,1.0,,,,309355.0,0.0,Retained,0.0,,,,True,retained_only,spotrac,109140000
quinn cook,2020,221996.0,1.0,221996.0,118983.0,118983.0,2.0,2035149.0,118983;1000000;797183,,2035149.0,0.0,Retained;Retained;Retained;Retained,0.0,,1620564.0,,True,vet_min,spotrac,109140000
anderson varejao,2020,144297.0,1.0,144297.0,,,,,,,,,,,,144297.0,,False,fallback_bbref,bbref,109140000
yogi ferrell,2020,110998.0,1.0,110998.0,118983.0,118983.0,2.0,452135.0,214169;118983,214169.0,237966.0,0.0,Retained;Active;Retained,1.0,,1620564.0,214169.0,True,vet_min,spotrac,109140000
j.j. redick,2020,13013700.0,1.0,13013700.0,,,,,,,,,,,,13013700.0,,False,fallback_bbref,bbref,109140000
josh richardson,2020,10865952.0,1.0,10865952.0,10865952.0,10865952.0,1.0,,,10865952.0,,0.0,Active,1.0,,10865952.0,10865952.0,False,status_active,spotrac,109140000
willie cauley-stein,2020,4100000.0,2.0,4100000.0,4100000.0,4100000.0,1.0,,,4100000.0,,0.0,Active,1.0,,4100000.0,4100000.0,True,status_active,spotrac,109140000
nicolo melli,2020,3897436.0,1.0,3897436.0,,,,,,,,,,,,3897436.0,,False,fallback_bbref,bbref,109140000
boban marjanovic,2020,3500000.0,3.0,3500000.0,,,,,,,,,,,,3500000.0,,False,fallback_bbref,bbref,109140000
trey burke,2020,3000000.0,2.0,3000000.0,3000000.0,3000000.0,1.0,,,3000000.0,,0.0,Active,1.0,,3000000.0,3000000.0,True,status_active,spotrac,109140000
j.j. barea,2020,1620564.0,1.0,1620564.0,,,,,,,,,,,,1620564.0,,True,fallback_bbref,bbref,109140000
tyrell terry,2020,1289846.0,1.0,1289846.0,1289846.0,1289846.0,1.0,,,1289846.0,,0.0,Active,1.0,,1289846.0,1289846.0,True,status_active,spotrac,109140000
will barton,2020,13723214.0,3.0,13723214.0,13723214.0,13723214.0,1.0,,,13723214.0,,0.0,Active,1.0,,13723214.0,13723214.0,False,status_active,spotrac,109140000
paul millsap,2020,10000000.0,1.0,10000000.0,10000000.0,10000000.0,1.0,,,10000000.0,,0.0,Active,1.0,,10000000.0,10000000.0,True,status_active,spotrac,109140000
jamychal green,2020,7199760.0,2.0,7199760.0,7199760.0,7199760.0,1.0,,,7199760.0,,0.0,Active,1.0,,7199760.0,7199760.0,True,status_active,spotrac,109140000
facundo campazzo,2020,3100000.0,2.0,3100000.0,3100000.0,3200000.0,1.0,,,3200000.0,,0.0,Active,1.0,,3100000.0,3100000.0,True,status_active,spotrac,109140000
bol bol,2020,2058240.0,1.0,2058240.0,2058240.0,2058240.0,1.0,,,2058240.0,,0.0,Active,1.0,,2058240.0,2058240.0,True,status_active,spotrac,109140000
gary clark,2020,2000000.0,1.0,2000000.0,726027.0,726027.0,2.0,2000000.0,1273973,,2000000.0,0.0,Retained;Retained,0.0,,2000000.0,2000000.0,True,signing_contract,spotrac,109140000
pj dozier,2020,1762796.0,1.0,1762796.0,1762796.0,1762796.0,1.0,,,1762796.0,,0.0,Active,1.0,,1762796.0,1762796.0,False,status_active,spotrac,109140000
vlatko cancar,2020,1517981.0,1.0,1517981.0,,,,,,,,,,,,1517981.0,,False,fallback_bbref,bbref,109140000
austin rivers,2020,299694.0,1.0,299694.0,270142.0,270142.0,3.0,3905076.0,158907;2229452;1246575,270142.0,3634934.0,0.0,Active;Retained;Retained;Retained,1.0,,270142.0,3905076.0,True,signing_contract,spotrac,109140000
cory joseph,2020,12600000.0,1.0,12600000.0,,,,,,,,,,,,12600000.0,,False,fallback_bbref,bbref,109140000
dennis smith,2020,5686677.0,1.0,5686677.0,,,,,,,,,,,,5686677.0,,False,fallback_bbref,bbref,109140000
rodney mcgruder,2020,5192307.0,1.0,5192307.0,5192307.0,5192307.0,1.0,,,5192307.0,,0.0,Active,1.0,,5192307.0,5192307.0,False,status_active,spotrac,109140000
josh jackson,2020,4767000.0,1.0,4767000.0,4767000.0,4767000.0,1.0,,,4767000.0,,0.0,Active,1.0,,4767000.0,4767000.0,True,status_active,spotrac,109140000
sekou doumbouya,2020,3449400.0,2.0,3449400.0,3449400.0,3449400.0,1.0,,,3449400.0,,0.0,Active,1.0,,3449400.0,3449400.0,False,status_active,spotrac,109140000
dewayne dedmon,2020,2866667.0,5.0,2866667.0,2748674.0,2748674.0,2.0,3329485.0,580811,580811.0,2748674.0,0.0,Retained;Active,1.0,,580811.0,3329485.0,True,signing_contract,spotrac,109140000
wayne ellington,2020,2564753.0,1.0,1620564.0,2564753.0,2564753.0,2.0,3564753.0,1000000,2564753.0,1000000.0,0.0,Active;Retained,1.0,,1620564.0,1620564.0,True,vet_min,spotrac,109140000
dzanan musa,2020,2002800.0,1.0,2002800.0,,,,,,,,,,,,2002800.0,,False,fallback_bbref,bbref,109140000
jahlil okafor,2020,1882867.0,1.0,1620564.0,1882867.0,1882867.0,1.0,,,1882867.0,,0.0,Active,1.0,,1882867.0,1882867.0,True,status_active,spotrac,109140000
hamidou diallo,2020,1663861.0,1.0,1663861.0,740760.0,740760.0,2.0,1663861.0,923101,740760.0,923101.0,0.0,Active / Club Exercised;Retained,1.0,,1663861.0,1663861.0,False,status_active,spotrac,109140000
deividas sirvydis,2020,898310.0,1.0,898310.0,898310.0,898310.0,1.0,,,898310.0,,0.0,Active,1.0,,898310.0,898310.0,True,vet_min,spotrac,109140000
damion lee,2020,1762796.0,2.0,1762796.0,,,,,,,,,,,,1762796.0,,False,fallback_bbref,bbref,109140000
kent bazemore,2020,1620564.0,1.0,1620564.0,2320044.0,2320044.0,1.0,,,2320044.0,,0.0,Active,1.0,,2320044.0,2320044.0,True,status_active,spotrac,109140000
mychal mulder,2020,1517981.0,1.0,1517981.0,1517981.0,1517981.0,1.0,,,1517981.0,,0.0,Active,1.0,,1517981.0,1517981.0,False,status_active,spotrac,109140000
eric paschall,2020,1517981.0,1.0,1517981.0,1517981.0,1517981.0,1.0,,,1517981.0,,0.0,Active,1.0,,1517981.0,1517981.0,False,status_active,spotrac,109140000
alen smailagic,2020,1517981.0,1.0,1517981.0,,,,,,,,,,,,1517981.0,,False,fallback_bbref,bbref,109140000
shaun livingston,2020,666667.0,3.0,666667.0,666667.0,666667.0,1.0,,,,666667.0,0.0,Retained,0.0,,,,False,retained_only,spotrac,109140000
juan toscano-anderson,2020,358295.0,2.0,358295.0,358295.0,358295.0,1.0,,,358295.0,,0.0,Active,1.0,,358295.0,358295.0,True,status_active,spotrac,109140000
john wall,2020,41254920.0,4.0,41254920.0,38867483.0,38867483.0,1.0,,,38867483.0,,0.0,Active,1.0,,38867483.0,38867483.0,False,status_active,spotrac,109140000
christian wood,2020,13015874.0,2.0,13015874.0,,,,,,,,,,,,13015874.0,,False,fallback_bbref,bbref,109140000
d.j. augustin,2020,6666667.0,2.0,6666667.0,,,,,,,,,,,,6666667.0,,False,fallback_bbref,bbref,109140000
avery bradley,2020,5635000.0,1.0,5635000.0,5635000.0,5635000.0,2.0,9224418.0,3589418,5635000.0,3589418.0,0.0,Active;Retained,1.0,,5635000.0,9224418.0,True,signing_contract,spotrac,109140000
d.j. wilson,2020,4548280.0,1.0,4548280.0,,,,,,,,,,,,4548280.0,,False,fallback_bbref,bbref,109140000
danuel house,2020,3717000.0,2.0,3717000.0,,,,,,,,,,,,3717000.0,,False,fallback_bbref,bbref,109140000
ben mclemore,2020,2283034.0,2.0,2283034.0,569674.0,569674.0,2.0,2852708.0,2283034,569674.0,2283034.0,0.0,Active;Retained,1.0,,610596.0,569674.0,True,signing_contract,spotrac,109140000
david nwaba,2020,1824003.0,1.0,1824003.0,1824003.0,1824003.0,1.0,,,1824003.0,,0.0,Active / Club Exercised,1.0,,1824003.0,1824003.0,False,status_active,spotrac,109140000
sterling brown,2020,1620564.0,1.0,1620564.0,1678854.0,1678854.0,1.0,,,1678854.0,,0.0,Active,1.0,,1620564.0,1620564.0,True,vet_min,spotrac,109140000
demarcus cousins,2020,1620564.0,1.0,1620564.0,335366.0,335366.0,2.0,2986355.0,159698;159698;2331593,335366.0,2650989.0,0.0,Active;Retained;Retained;Retained,1.0,,2331593.0,335366.0,True,signing_contract,spotrac,109140000
chris clemons,2020,1517981.0,1.0,1517981.0,,,,,,,,,,,,1517981.0,,False,fallback_bbref,bbref,109140000
kenyon martin,2020,898310.0,1.0,898310.0,,,,,,,,,,,,898310.0,,False,fallback_bbref,bbref,109140000
bruno caboclo,2020,361256.0,1.0,361256.0,361256.0,361256.0,1.0,,,,361256.0,0.0,Retained,0.0,,,,True,retained_only,spotrac,109140000
troy williams,2020,122741.0,4.0,122741.0,122741.0,122741.0,1.0,,,,122741.0,0.0,Retained,0.0,,,,False,retained_only,spotrac,109140000
mason jones,2020,61528.0,1.0,61528.0,,,,,,,,,,,,61528.0,,False,fallback_bbref,bbref,109140000
jerian grant,2020,50000.0,1.0,50000.0,50000.0,50000.0,1.0,,,,50000.0,0.0,Retained,0.0,,,,True,retained_only,spotrac,109140000
cameron oliver,2020,43070.0,1.0,43070.0,,,,,,,,,,,,43070.0,,False,fallback_bbref,bbref,109140000
cameron reynolds,2020,33299.0,1.0,33299.0,,,,,,,,,,,,33299.0,,False,fallback_bbref,bbref,109140000
malcolm brogdon,2020,20700000.0,3.0,20700000.0,20700000.0,20700000.0,1.0,,,20700000.0,,0.0,Active,1.0,,20700000.0,20700000.0,False,status_active,spotrac,109140000
t.j. warren,2020,12000000.0,3.0,12000000.0,11750000.0,11750000.0,1.0,,,11750000.0,,0.0,Active,1.0,,11750000.0,11750000.0,False,status_active,spotrac,109140000
jeremy lamb,2020,10500000.0,2.0,10500000.0,10500000.0,10500000.0,1.0,,,10500000.0,,0.0,Active,1.0,,10500000.0,10500000.0,False,status_active,spotrac,109140000
justin holiday,2020,5720400.0,1.0,5720400.0,5720400.0,5720400.0,1.0,,,5720400.0,,0.0,Active,1.0,,5720400.0,5720400.0,True,status_active,spotrac,109140000
monta ellis,2020,2245400.0,3.0,2245400.0,,,,,,,,,,,,2245400.0,,False,fallback_bbref,bbref,109140000
edmond sumner,2020,2160000.0,2.0,2160000.0,2160000.0,2160000.0,1.0,,,2160000.0,,0.0,Active,1.0,,2160000.0,2160000.0,False,status_active,spotrac,109140000
jakarr sampson,2020,1620564.0,2.0,1620564.0,1882867.0,1882867.0,1.0,,,1882867.0,,0.0,Active,1.0,,1882867.0,1882867.0,True,status_active,spotrac,109140000
jalen lecque,2020,1517981.0,1.0,1517981.0,1517981.0,1517981.0,1.0,,,,1517981.0,0.0,Retained,0.0,,1517981.0,1517981.0,False,status_active,spotrac,109140000
oshae brissett,2020,955493.0,1.0,955493.0,757453.0,757453.0,2.0,1255493.0,99020;99020;300000,757453.0,498040.0,0.0,Active;Retained;Retained;Retained,1.0,,1255493.0,757453.0,True,signing_contract,spotrac,109140000
kelan martin,2020,801900.0,1.0,801900.0,1445697.0,1445697.0,1.0,,,1445697.0,,0.0,Active,1.0,,1445697.0,1445697.0,False,vet_min,spotrac,109140000
marcus morris,2020,14883721.0,4.0,14883721.0,14883721.0,14883721.0,1.0,,,14883721.0,,0.0,Active,1.0,,14883721.0,14883721.0,True,status_active,spotrac,109140000
patrick beverley,2020,13333333.0,2.0,13333333.0,13333333.0,13333333.0,1.0,,,13333333.0,,0.0,Active,1.0,,13333333.0,13333333.0,False,status_active,spotrac,109140000
serge ibaka,2020,9258000.0,1.0,9258000.0,9258000.0,9258000.0,1.0,,,9258000.0,,0.0,Active,1.0,,9258000.0,9258000.0,True,status_active,spotrac,109140000
rajon rondo,2020,8250000.0,1.0,8250000.0,4777397.0,4777397.0,2.0,7500000.0,2722603,3472603.0,4777397.0,0.0,Retained;Active,1.0,,7500000.0,7500000.0,True,signing_contract,spotrac,109140000
patrick patterson,2020,3077704.0,1.0,3077704.0,3077704.0,3077704.0,2.0,3814771.0,737067,3077704.0,737067.0,0.0,Active;Retained,1.0,,3077704.0,3077704.0,True,signing_contract,spotrac,109140000
reggie jackson,2020,1620564.0,1.0,1620564.0,2331593.0,2331593.0,1.0,,,2331593.0,,0.0,Active,1.0,,2331593.0,2331593.0,True,status_active,spotrac,109140000
daniel oturu,2020,898310.0,1.0,898310.0,898310.0,898310.0,1.0,,,898310.0,,0.0,Active,1.0,,898310.0,898310.0,True,vet_min,spotrac,109140000
malik fitts,2020,61528.0,1.0,61528.0,61528.0,61528.0,1.0,,,,61528.0,0.0,Retained,0.0,,,,True,retained_only,spotrac,109140000
montrezl harrell,2020,9258000.0,1.0,9258000.0,9258000.0,9258000.0,1.0,,,9258000.0,,0.0,Active,1.0,,9258000.0,9258000.0,True,status_active,spotrac,109140000
luol deng,2020,5000000.0,3.0,5000000.0,5000000.0,5000000.0,1.0,,,,5000000.0,0.0,Retained,0.0,,,,False,retained_only,spotrac,109140000
wesley matthews,2020,3623000.0,1.0,3623000.0,3623000.0,3623000.0,1.0,,,3623000.0,,0.0,Active,1.0,,3623000.0,3623000.0,True,status_active,spotrac,109140000
marc gasol,2020,2564753.0,1.0,1620564.0,2564753.0,2564753.0,1.0,,,2564753.0,,0.0,Active,1.0,,1620564.0,1620564.0,True,vet_min,spotrac,109140000
alfonzo mckinnie,2020,1762796.0,1.0,1762796.0,1762796.0,1762796.0,1.0,,,1762796.0,,0.0,Active,1.0,,1762796.0,1762796.0,False,status_active,spotrac,109140000
jared dudley,2020,1620564.0,1.0,1620564.0,2564753.0,2564753.0,1.0,,,2564753.0,,0.0,Active,1.0,,1620564.0,1620564.0,True,vet_min,spotrac,109140000
markieff morris,2020,1620564.0,1.0,1620564.0,2331593.0,2331593.0,1.0,,,2331593.0,,0.0,Active,1.0,,2331593.0,2331593.0,True,status_active,spotrac,109140000
talen horton-tucker,2020,1517981.0,1.0,1517981.0,1517981.0,1517981.0,1.0,,,1517981.0,,0.0,Active,1.0,,1517981.0,1517981.0,False,status_active,spotrac,109140000
jordan bell,2020,580062.0,1.0,580062.0,580062.0,580062.0,2.0,810042.0,114990;114990,,810042.0,0.0,Retained;Retained;Retained,0.0,,1620564.0,810042.0,True,vet_min,spotrac,109140000
damian jones,2020,221996.0,1.0,221996.0,,,,,,,,,,,,221996.0,,False,fallback_bbref,bbref,109140000
gorgui dieng,2020,16587688.0,2.0,16587688.0,16587688.0,16587688.0,2.0,17587688.0,1000000,1000000.0,16587688.0,0.0,Retained;Active,1.0,,1000000.0,1000000.0,True,signing_contract,spotrac,109140000
justise winslow,2020,13000000.0,2.0,13000000.0,13000000.0,13000000.0,1.0,,,13000000.0,,0.0,Active,1.0,,13000000.0,13000000.0,False,status_active,spotrac,109140000
dion waiters,2020,12650000.0,1.0,12650000.0,12650000.0,12650000.0,1.0,,,,12650000.0,0.0,Retained,0.0,,,,False,retained_only,spotrac,109140000
marko guduric,2020,2750000.0,2.0,2750000.0,2750000.0,2750000.0,1.0,,,,2750000.0,0.0,Retained,0.0,,,,False,retained_only,spotrac,109140000
mario hezonja,2020,1977011.0,1.0,1977011.0,1977011.0,1977011.0,1.0,,,,1977011.0,0.0,Retained,0.0,,1977011.0,1977011.0,False,status_active,spotrac,109140000
jontay porter,2020,1900000.0,1.0,1620564.0,1900000.0,1900000.0,1.0,,,1900000.0,,0.0,Active,1.0,,1900000.0,1900000.0,True,status_active,spotrac,109140000
tim frazier,2020,518612.0,1.0,518612.0,296616.0,296616.0,1.0,,128963;128963,296616.0,257926.0,0.0,Active;Retained;Retained,1.0,,296616.0,296616.0,True,signing_contract,spotrac,109140000
dakari johnson,2020,459414.0,2.0,459414.0,,,,,,,,,,,,459414.0,,False,fallback_bbref,bbref,109140000
victor oladipo,2020,21000000.0,1.0,21000000.0,3595890.0,3595890.0,3.0,21000000.0,7623288;9780822,7623288.0,13376712.0,0.0,Retained;Active;Retained,1.0,,21000000.0,21000000.0,False,status_active,spotrac,109140000
goran dragic,2020,18000000.0,2.0,18000000.0,,,,,,,,,,,,18000000.0,,False,fallback_bbref,bbref,109140000
andre iguodala,2020,15000000.0,1.0,15000000.0,14062500.0,14062500.0,1.0,,,14062500.0,,0.0,Active,1.0,,14062500.0,14062500.0,True,status_active,spotrac,109140000
trevor ariza,2020,12800000.0,1.0,12800000.0,5260274.0,5260274.0,2.0,12800000.0,7539726,5260274.0,7539726.0,0.0,Active;Retained,1.0,,12800000.0,12800000.0,False,status_active,spotrac,109140000
nemanja bjelica,2020,7150000.0,1.0,7150000.0,2595548.0,2546575.0,2.0,7150000.0,4554452,2546575.0,4554452.0,0.0,Active;Retained,1.0,,7150000.0,7150000.0,False,status_active,spotrac,109140000
ryan anderson,2020,5214583.0,2.0,5214583.0,5214583.0,5214583.0,1.0,,,,5214583.0,0.0,Retained,0.0,,,,False,retained_only,spotrac,109140000
kendrick nunn,2020,1663861.0,1.0,1620564.0,1663861.0,1663861.0,1.0,,,,,,,,,1663861.0,1663861.0,False,single,spotrac,109140000
udonis haslem,2020,1620564.0,1.0,1620564.0,2564753.0,2564753.0,1.0,,,2564753.0,,0.0,Active,1.0,,1620564.0,1620564.0,True,vet_min,spotrac,109140000
kz okpala,2020,1517981.0,1.0,1517981.0,1517981.0,1517981.0,1.0,,,1517981.0,,0.0,Active,1.0,,1517981.0,1517981.0,False,status_active,spotrac,109140000
a.j. hammons,2020,350087.0,2.0,350087.0,,,,,,,,,,,,350087.0,,False,fallback_bbref,bbref,109140000
omer yurtseven,2020,18458.0,1.0,18458.0,18458.0,18458.0,1.0,,,18458.0,,0.0,Active,1.0,,18458.0,18458.0,True,status_active,spotrac,109140000
p.j. tucker,2020,7969537.0,1.0,7969537.0,3220566.0,3220566.0,2.0,7969537.0,4748971,3220566.0,4748971.0,0.0,Active;Retained,1.0,,7969537.0,7969537.0,False,status_active,spotrac,109140000
jon leuer,2020,3169348.0,3.0,3169348.0,3169348.0,3169348.0,1.0,,,,3169348.0,0.0,Retained,0.0,,,,False,retained_only,spotrac,109140000
bryn forbes,2020,2337145.0,1.0,2337145.0,,,,,,,,,,,,2337145.0,,False,fallback_bbref,bbref,109140000
larry sanders,2020,1865546.0,3.0,1865546.0,,,,,,,,,,,,1865546.0,,False,fallback_bbref,bbref,109140000
rodions kurucs,2020,1780152.0,1.0,1780152.0,304821.0,304821.0,2.0,1792345.0,719376;768148,,1792345.0,0.0,Retained;Retained;Retained,0.0,,1620564.0,1620564.0,False,vet_min,spotrac,109140000
jordan nwora,2020,898310.0,1.0,898310.0,898310.0,898310.0,1.0,,,898310.0,,0.0,Active,1.0,,898310.0,898310.0,True,vet_min,spotrac,109140000
jeff teague,2020,510589.0,1.0,510589.0,1633713.0,1633713.0,3.0,3372826.0,808073;931040,808073.0,2564753.0,0.0,Retained;Active;Retained,1.0,,808073.0,3372826.0,True,signing_contract,spotrac,109140000
elijah bryant,2020,24611.0,1.0,24611.0,,,,,,,,,,,,24611.0,,False,fallback_bbref,bbref,109140000
karl-anthony towns,2020,29467800.0,5.0,29467800.0,29467800.0,29467800.0,1.0,,,,,,,,,29467800.0,29467800.0,False,single,spotrac,109140000
malik beasley,2020,13425895.0,2.0,13425895.0,13325895.0,13625895.0,1.0,,,13625895.0,,0.0,Active,1.0,,13325895.0,13325895.0,True,status_active,spotrac,109140000
jarrett culver,2020,6104280.0,2.0,6104280.0,6104280.0,6104280.0,1.0,,,6104280.0,,0.0,Active,1.0,,6104280.0,6104280.0,False,status_active,spotrac,109140000
juancho hernangomez,2020,5718000.0,1.0,5718000.0,,,,,,,,,,,,5718000.0,,False,fallback_bbref,bbref,109140000
ed davis,2020,5005350.0,1.0,5005350.0,5005350.0,5005350.0,1.0,,,5005350.0,,0.0,Active,1.0,,5005350.0,5005350.0,False,status_active,spotrac,109140000
jake layman,2020,3761085.0,3.0,3761085.0,3761085.0,3761085.0,1.0,,,3761085.0,,0.0,Active,1.0,,3761085.0,3761085.0,False,status_active,spotrac,109140000
jaylen nowell,2020,1517981.0,2.0,1517981.0,1517981.0,1517981.0,1.0,,,1517981.0,,0.0,Active,1.0,,1517981.0,1517981.0,False,status_active,spotrac,109140000
cole aldrich,2020,685340.0,2.0,685340.0,,,,,,,,,,,,685340.0,,False,fallback_bbref,bbref,109140000
eric bledsoe,2020,16875000.0,1.0,16875000.0,16875000.0,16875000.0,1.0,,,16875000.0,,0.0,Active,1.0,,16875000.0,16875000.0,False,status_active,spotrac,109140000
james johnson,2020,16047100.0,1.0,16047100.0,10221783.0,10221783.0,2.0,16047100.0,5825317,6078317.0,10221783.0,0.0,Retained;Active / Player Exercised,1.0,,16047100.0,16047100.0,False,status_active,spotrac,109140000
kira lewis,2020,3640200.0,3.0,3640200.0,,,,,,,,,,,,3640200.0,,False,fallback_bbref,bbref,109140000
wes iwundu,2020,1678854.0,1.0,1620564.0,1069407.0,1069407.0,2.0,1678854.0,609447,609447.0,1069407.0,0.0,Retained;Active,1.0,,1678854.0,1620564.0,True,vet_min,spotrac,109140000
willy hernangomez,2020,1620564.0,1.0,1620564.0,,,,,,,,,,,,1620564.0,,False,fallback_bbref,bbref,109140000
wenyen gabriel,2020,1620564.0,1.0,1620564.0,1620564.0,1620564.0,1.0,,,1620564.0,,0.0,Active,1.0,,1620564.0,1620564.0,True,vet_min,spotrac,109140000
sindarius thornwell,2020,943480.0,1.0,943480.0,747435.0,747435.0,1.0,,114990;114990,,977415.0,0.0,Retained;Retained;Retained,0.0,,1620564.0,,True,vet_min,spotrac,109140000
naji marshall,2020,120000.0,1.0,120000.0,120000.0,120000.0,1.0,,,120000.0,,0.0,Active,1.0,,120000.0,120000.0,True,status_active,spotrac,109140000
isaiah thomas,2020,110998.0,1.0,110998.0,158907.0,158907.0,1.0,,,,158907.0,0.0,Retained,0.0,,,,False,retained_only,spotrac,109140000
derrick rose,2020,7682926.0,1.0,7682926.0,2525894.0,2525894.0,2.0,7682927.0,5157033,5157033.0,2525894.0,0.0,Retained;Active,1.0,,7682927.0,7682927.0,False,status_active,spotrac,109140000
joakim noah,2020,6431667.0,2.0,2564753.0,6431667.0,6431667.0,1.0,,,,6431667.0,0.0,Retained,0.0,,2564753.0,,False,salary_override,curated,109140000
frank ntilikina,2020,6176578.0,1.0,6176578.0,6176578.0,6176578.0,1.0,,,6176578.0,,0.0,Active,1.0,,6176578.0,6176578.0,False,status_active,spotrac,109140000
alec burks,2020,6000000.0,1.0,6000000.0,6000000.0,6000000.0,1.0,,,6000000.0,,0.0,Active,1.0,,6000000.0,6000000.0,True,status_active,spotrac,109140000
elfrid payton,2020,5767000.0,1.0,5767000.0,4767000.0,4767000.0,1.0,,1000000,4767000.0,1000000.0,0.0,Active;Retained,1.0,,4767000.0,4767000.0,True,signing_contract,spotrac,109140000
nerlens noel,2020,5000000.0,1.0,5000000.0,5000000.0,5000000.0,1.0,,,5000000.0,,0.0,Active,1.0,,5000000.0,5000000.0,True,status_active,spotrac,109140000
kevin knox,2020,4588680.0,2.0,4588680.0,4588680.0,4588680.0,1.0,,,4588680.0,,0.0,Active / Club Exercised,1.0,,4588680.0,4588680.0,False,status_active,spotrac,109140000
reggie bullock,2020,4200000.0,2.0,4200000.0,4200000.0,4200000.0,1.0,,,4200000.0,,0.0,Active,1.0,,4200000.0,4200000.0,False,status_active,spotrac,109140000
terrance ferguson,2020,3944013.0,1.0,3944013.0,1431731.0,1431731.0,2.0,3944013.0,2512282,,3944013.0,0.0,Retained;Retained,0.0,,3944013.0,3944013.0,False,status_active,spotrac,109140000
luca vildoza,2020,3500000.0,1.0,3500000.0,3500000.0,3500000.0,1.0,,,3500000.0,,0.0,Active,1.0,,3500000.0,3500000.0,True,status_active,spotrac,109140000
vincent poirier,2020,2619207.0,1.0,2619207.0,932868.0,932868.0,2.0,2619207.0,1686339,,2619207.0,0.0,Retained;Retained,0.0,,2619207.0,2619207.0,False,status_active,spotrac,109140000
taj gibson,2020,2442968.0,1.0,2442968.0,2283684.0,2283684.0,1.0,,1000000,2283684.0,1000000.0,0.0,Active;Retained,1.0,,2283684.0,2283684.0,True,signing_contract,spotrac,109140000
jacob evans,2020,2017320.0,1.0,2017320.0,2017320.0,2017320.0,1.0,,,,2017320.0,0.0,Retained,0.0,,2017320.0,2017320.0,False,status_active,spotrac,109140000
omari spellman,2020,1988280.0,1.0,1988280.0,1988280.0,1988280.0,1.0,,,,1988280.0,0.0,Retained,0.0,,1988280.0,1988280.0,False,status_active,spotrac,109140000
john henson,2020,110998.0,1.0,110998.0,158907.0,158907.0,1.0,,,,158907.0,0.0,Retained,0.0,,,,False,retained_only,spotrac,109140000
jared harper,2020,99020.0,1.0,99020.0,99020.0,99020.0,1.0,,,,99020.0,0.0,Retained,0.0,,,,False,retained_only,spotrac,109140000
tyler hall,2020,25000.0,1.0,25000.0,,,,,,,,,,,,25000.0,,False,fallback_bbref,bbref,109140000
andrew white,2020,25000.0,1.0,25000.0,,,,,,,,,,,,25000.0,,False,fallback_bbref,bbref,109140000
meyers leonard,2020,9400000.0,1.0,9400000.0,5536986.0,5536986.0,2.0,9400000.0,3863014,,9400000.0,0.0,Retained;Retained,0.0,,9400000.0,9400000.0,True,signing_contract,spotrac,109140000
darius miller,2020,7000000.0,1.0,7000000.0,7000000.0,7000000.0,1.0,,,,7000000.0,0.0,Retained,0.0,,7000000.0,7000000.0,False,status_active,spotrac,109140000
justin jackson,2020,5029650.0,1.0,5029650.0,5029650.0,5029650.0,1.0,,,,5029650.0,0.0,Retained,0.0,,5029650.0,5029650.0,False,status_active,spotrac,109140000
t.j. leaf,2020,4326825.0,1.0,4326825.0,,,,,,,,,,,,4326825.0,,False,fallback_bbref,bbref,109140000
gabriel deck,2020,3870370.0,1.0,3870370.0,3870370.0,3870370.0,1.0,,,3870370.0,,0.0,Active,1.0,,3870370.0,3870370.0,True,status_active,spotrac,109140000
aleksej pokusevski,2020,2964840.0,3.0,2964840.0,2964840.0,2964840.0,1.0,,,2964840.0,,0.0,Active,1.0,,2964840.0,2964840.0,True,status_active,spotrac,109140000
darius bazley,2020,2399160.0,3.0,2399160.0,2399160.0,2399160.0,1.0,,,2399160.0,,0.0,Active,1.0,,2399160.0,2399160.0,False,status_active,spotrac,109140000
mike muscala,2020,2283034.0,2.0,2283034.0,2283034.0,2283034.0,1.0,,,2283034.0,,0.0,Active / Player Exercised,1.0,,2283034.0,2283034.0,False,status_active,spotrac,109140000
theo maledon,2020,2000000.0,2.0,2000000.0,,,,,,,,,,,,2000000.0,,False,fallback_bbref,bbref,109140000
josh gray,2020,1620564.0,1.0,1620564.0,,,,,,,,,,,,1620564.0,,False,fallback_bbref,bbref,109140000
isaiah roby,2020,1517981.0,2.0,1517981.0,1517981.0,1517981.0,1.0,,,1517981.0,,0.0,Active,1.0,,1517981.0,1517981.0,False,status_active,spotrac,109140000
admiral schofield,2020,1517981.0,1.0,1517981.0,1517981.0,1517981.0,1.0,,,,1517981.0,0.0,Retained,0.0,,1517981.0,1517981.0,False,status_active,spotrac,109140000
zylan cheatham,2020,1445697.0,1.0,1445697.0,1445697.0,1445697.0,1.0,,,,1445697.0,0.0,Retained,0.0,,1445697.0,1445697.0,True,vet_min,spotrac,109140000
moses brown,2020,1250000.0,1.0,1250000.0,1250000.0,1250000.0,1.0,,,1250000.0,,0.0,Active,1.0,,1250000.0,1250000.0,False,status_active,spotrac,109140000
kyle singler,2020,999200.0,4.0,999200.0,,,,,,,,,,,,999200.0,,False,fallback_bbref,bbref,109140000
frank jackson,2020,250000.0,1.0,250000.0,250000.0,250000.0,1.0,,,,250000.0,0.0,Retained,0.0,,,,True,retained_only,spotrac,109140000
charlie brown,2020,217844.0,1.0,217844.0,,,,,,,,,,,,217844.0,,False,fallback_bbref,bbref,109140000
justin robinson,2020,198040.0,1.0,198040.0,99020.0,99020.0,1.0,,99020,,198040.0,0.0,Retained;Retained,0.0,,898310.0,,True,vet_min,spotrac,109140000
otto porter,2020,28489239.0,1.0,28489239.0,,,,,,,,,,,,28489239.0,,False,fallback_bbref,bbref,109140000
terrence ross,2020,13500000.0,3.0,13500000.0,13500000.0,13500000.0,1.0,,,13500000.0,,0.0,Active,1.0,,13500000.0,13500000.0,False,status_active,spotrac,109140000
markelle fultz,2020,12288697.0,1.0,12288697.0,12288697.0,12288697.0,1.0,,,12288697.0,,0.0,Active,1.0,,12288697.0,12288697.0,False,status_active,spotrac,109140000
michael carter-williams,2020,3300000.0,2.0,3300000.0,3300000.0,3300000.0,1.0,,,3300000.0,,0.0,Active,1.0,,3300000.0,3300000.0,True,status_active,spotrac,109140000
james ennis,2020,3300000.0,1.0,3300000.0,,,,,,,,,,,,3300000.0,,False,fallback_bbref,bbref,109140000
chuma okeke,2020,3121080.0,3.0,3121080.0,,,,,,,,,,,,3121080.0,,False,fallback_bbref,bbref,109140000
khem birch,2020,2586036.0,1.0,2586036.0,2586036.0,2586036.0,2.0,3011499.0,425463,425463.0,2586036.0,0.0,Retained;Active,1.0,,425463.0,425463.0,True,signing_contract,spotrac,109140000
r.j. hampton,2020,2193480.0,2.0,2193480.0,1397217.0,1397217.0,2.0,2193480.0,796263,796263.0,1397217.0,0.0,Retained;Active,1.0,,2193480.0,2193480.0,True,signing_contract,spotrac,109140000
dwayne bacon,2020,1678854.0,1.0,1620564.0,1678854.0,1678854.0,1.0,,,1678854.0,,0.0,Active,1.0,,1620564.0,1620564.0,True,vet_min,spotrac,109140000
donta hall,2020,277256.0,1.0,277256.0,99020.0,99020.0,2.0,376276.0,99020;79216;99020,,376276.0,0.0,Retained;Retained;Retained;Retained,0.0,,,,False,retained_only,spotrac,109140000
robert franks,2020,198040.0,1.0,198040.0,99020.0,99020.0,1.0,,99020,,198040.0,0.0,Retained;Retained,0.0,,1445697.0,,True,vet_min,spotrac,109140000
ignas brazdeikis,2020,148530.0,1.0,148530.0,966933.0,966933.0,3.0,1666511.0,99020;49510;551048,49510.0,1617001.0,0.0,Retained;Retained;Active;Retained,1.0,,49510.0,1666511.0,True,signing_contract,spotrac,109140000
devin cannady,2020,61528.0,1.0,61528.0,61528.0,61528.0,1.0,,,,61528.0,0.0,Retained,0.0,,,,True,retained_only,spotrac,109140000
ben simmons,2020,30559200.0,1.0,30559200.0,30559200.0,30559200.0,1.0,,,30559200.0,,0.0,Active,1.0,,30559200.0,30559200.0,True,status_active,spotrac,109140000
danny green,2020,15365853.0,1.0,15365853.0,15365854.0,15365854.0,1.0,,,15365854.0,,0.0,Active,1.0,,15365854.0,15365854.0,False,status_active,spotrac,109140000
george hill,2020,9590602.0,1.0,9590602.0,6109082.0,6109082.0,2.0,9590602.0,3481520,3481520.0,6109082.0,0.0,Retained;Active,1.0,,9590602.0,9590602.0,False,status_active,spotrac,109140000
mike scott,2020,5005350.0,2.0,5005350.0,5005350.0,5019512.0,1.0,,,5019512.0,,0.0,Active,1.0,,5005350.0,5005350.0,False,status_active,spotrac,109140000
furkan korkmaz,2020,1762796.0,2.0,1762796.0,1762796.0,1762796.0,1.0,,,1762796.0,,0.0,Active,1.0,,1762796.0,1762796.0,False,status_active,spotrac,109140000
shake milton,2020,1701593.0,3.0,1701593.0,1701593.0,1701593.0,1.0,,,1701593.0,,0.0,Active,1.0,,1701593.0,1701593.0,False,status_active,spotrac,109140000
dwight howard,2020,1620564.0,1.0,1620564.0,2564753.0,2564753.0,1.0,,,2564753.0,,0.0,Active,1.0,,1620564.0,1620564.0,True,vet_min,spotrac,109140000
paul reed,2020,609128.0,1.0,609128.0,609128.0,609128.0,1.0,,,609128.0,,0.0,Active,1.0,,609128.0,609128.0,True,status_active,spotrac,109140000
anthony tolliver,2020,485498.0,1.0,485498.0,263502.0,263502.0,1.0,,175668;175668,263502.0,351336.0,0.0,Active;Retained;Retained,1.0,,263502.0,263502.0,True,status_active,spotrac,109140000
justin anderson,2020,125000.0,1.0,125000.0,125000.0,125000.0,1.0,,,,125000.0,0.0,Retained,0.0,,,,True,retained_only,spotrac,109140000
jae crowder,2020,9258000.0,2.0,9258000.0,9258000.0,9258000.0,1.0,,,9258000.0,,0.0,Active,1.0,,9258000.0,9258000.0,True,status_active,spotrac,109140000
abdel nader,2020,1752950.0,2.0,1752950.0,1752950.0,1752950.0,1.0,,,1752950.0,,0.0,Active / Club Exercised,1.0,,1752950.0,1752950.0,False,status_active,spotrac,109140000
langston galloway,2020,1620564.0,1.0,1620564.0,2028594.0,2028594.0,1.0,,,2028594.0,,0.0,Active,1.0,,1620564.0,1620564.0,True,vet_min,spotrac,109140000
frank kaminsky,2020,1620564.0,1.0,1620564.0,1882867.0,1882867.0,1.0,,,1882867.0,,0.0,Active,1.0,,1882867.0,1882867.0,True,status_active,spotrac,109140000
e'twaun moore,2020,1620564.0,1.0,1620564.0,2331593.0,2331593.0,1.0,,,2331593.0,,0.0,Active,1.0,,2331593.0,2331593.0,True,status_active,spotrac,109140000
torrey craig,2020,1620564.0,1.0,1620564.0,988914.0,988914.0,2.0,1678854.0,689940,689940.0,988914.0,0.0,Retained;Active,1.0,,1620564.0,1620564.0,True,vet_min,spotrac,109140000
robert covington,2020,12138345.0,1.0,12138345.0,12138345.0,12138345.0,1.0,,,12138345.0,,0.0,Active,1.0,,12138345.0,12138345.0,False,status_active,spotrac,109140000
enes freedom,2020,5005350.0,1.0,5005350.0,5005350.0,5005350.0,1.0,,,5005350.0,,0.0,Active / Player Exercised,1.0,,5005350.0,5005350.0,False,status_active,spotrac,109140000
andrew nicholson,2020,2844430.0,5.0,2844430.0,,,,,,,,,,,,2844430.0,,False,fallback_bbref,bbref,109140000
carmelo anthony,2020,1620564.0,1.0,1620564.0,,,,,,,,,,,,1620564.0,,False,fallback_bbref,bbref,109140000
harry giles,2020,1620564.0,1.0,1620564.0,,,,,,,,,,,,1620564.0,,False,fallback_bbref,bbref,109140000
cj elleby,2020,898310.0,1.0,898310.0,,,,,,,,,,,,898310.0,,False,fallback_bbref,bbref,109140000
rondae hollis-jefferson,2020,432891.0,1.0,432891.0,245031.0,245031.0,1.0,,128963;128963,245031.0,257926.0,0.0,Active;Retained;Retained,1.0,,245031.0,245031.0,True,signing_contract,spotrac,109140000
delon wright,2020,9000000.0,1.0,9000000.0,5732877.0,5732877.0,2.0,9000000.0,3267123,3267123.0,5732877.0,0.0,Retained;Active,1.0,,9000000.0,9000000.0,False,status_active,spotrac,109140000
richaun holmes,2020,5005350.0,2.0,5005350.0,5005350.0,5005350.0,1.0,,,5005350.0,,0.0,Active,1.0,,5005350.0,5005350.0,False,status_active,spotrac,109140000
maurice harkless,2020,3623000.0,1.0,3623000.0,2307801.0,2307801.0,2.0,3623000.0,1315199,1315199.0,2307801.0,0.0,Retained;Active,1.0,,3623000.0,3623000.0,True,signing_contract,spotrac,109140000
hassan whiteside,2020,1620564.0,1.0,1620564.0,2320044.0,2320044.0,1.0,,,2320044.0,,0.0,Active,1.0,,2320044.0,2320044.0,True,status_active,spotrac,109140000
terence davis,2020,1517981.0,1.0,1517981.0,551048.0,551048.0,2.0,1517981.0,966933,551048.0,966933.0,0.0,Active;Retained,1.0,,1517981.0,1517981.0,False,status_active,spotrac,109140000
justin james,2020,1517981.0,1.0,1517981.0,1517981.0,1517981.0,1.0,,,1517981.0,,0.0,Active,1.0,,1517981.0,1517981.0,False,status_active,spotrac,109140000
chris silva,2020,1517981.0,1.0,1517981.0,,,,,,,,,,,,1517981.0,,False,fallback_bbref,bbref,109140000
robert woodard,2020,1500000.0,2.0,1500000.0,,,,,,,,,,,,1500000.0,,False,fallback_bbref,bbref,109140000
jahmi'us ramsey,2020,1000000.0,1.0,1000000.0,1000000.0,1000000.0,1.0,,,1000000.0,,0.0,Active,1.0,,1000000.0,1000000.0,False,status_active,spotrac,109140000
glenn robinson,2020,930930.0,1.0,930930.0,,,,,,,,,,,,930930.0,,False,fallback_bbref,bbref,109140000
chimezie metu,2020,750000.0,1.0,750000.0,,,,,,,,,,,,750000.0,,False,fallback_bbref,bbref,109140000
rudy gay,2020,14500000.0,2.0,14500000.0,14000000.0,14500000.0,1.0,,,14500000.0,,0.0,Active,1.0,,14000000.0,14000000.0,False,status_active,spotrac,109140000
patty mills,2020,13535714.0,2.0,13535714.0,13285714.0,13535714.0,1.0,,,13535714.0,,0.0,Active,1.0,,13285714.0,13285714.0,False,status_active,spotrac,109140000
demarre carroll,2020,6119676.0,1.0,6119676.0,6119676.0,6119676.0,1.0,,,,6119676.0,0.0,Retained,0.0,,,,False,retained_only,spotrac,109140000
trey lyles,2020,5500000.0,2.0,5500000.0,5500000.0,5500000.0,1.0,,,5500000.0,,0.0,Active,1.0,,5500000.0,5500000.0,False,status_active,spotrac,109140000
lonnie walker,2020,2892000.0,2.0,2892000.0,,,,,,,,,,,,2892000.0,,False,fallback_bbref,bbref,109140000
luka samanic,2020,2824320.0,3.0,2824320.0,,,,,,,,,,,,2824320.0,,False,fallback_bbref,bbref,109140000
marquese chriss,2020,1824003.0,1.0,1824003.0,1161865.0,1161865.0,2.0,1824003.0,662138,,1824003.0,0.0,Retained;Retained,0.0,,1824003.0,1824003.0,False,status_active,spotrac,109140000
daquan jeffries,2020,1445697.0,1.0,1445697.0,,,,,,,,,,,,1445697.0,,False,fallback_bbref,bbref,109140000
rodney hood,2020,10047450.0,1.0,10047450.0,6400088.0,6400088.0,2.0,10047450.0,3647362,3647362.0,6400088.0,0.0,Retained;Active,1.0,,10047450.0,10047450.0,True,signing_contract,spotrac,109140000
aron baynes,2020,7000000.0,1.0,7000000.0,7000000.0,7000000.0,1.0,,,7000000.0,,0.0,Active,1.0,,7000000.0,7000000.0,True,status_active,spotrac,109140000
patrick mccaw,2020,4000000.0,2.0,4000000.0,4000000.0,4000000.0,1.0,,,,4000000.0,0.0,Retained,0.0,,,,False,retained_only,spotrac,109140000
og anunoby,2020,3872215.0,1.0,3872215.0,3872215.0,3872215.0,1.0,,,,,,,,,3872215.0,3872215.0,False,single,spotrac,109140000
stanley johnson,2020,3804150.0,2.0,3804150.0,3804150.0,3804150.0,1.0,,,3804150.0,,0.0,Active / Player Exercised,1.0,,3804150.0,3804150.0,False,status_active,spotrac,109140000
alex len,2020,2258000.0,1.0,2258000.0,2258000.0,2258000.0,2.0,3955755.0,1697755,1697755.0,2258000.0,0.0,Retained;Active,1.0,,2258000.0,1697755.0,True,signing_contract,spotrac,109140000
malachi flynn,2020,1950600.0,3.0,1950600.0,1950600.0,1950600.0,1.0,,,1950600.0,,0.0,Active,1.0,,1950600.0,1950600.0,True,status_active,spotrac,109140000
deandre' bembry,2020,1737145.0,1.0,1620564.0,1737145.0,1737145.0,1.0,,,1737145.0,,0.0,Active,1.0,,1620564.0,1620564.0,True,vet_min,spotrac,109140000
paul watson,2020,1445697.0,1.0,1445697.0,1445697.0,1445697.0,1.0,,,1445697.0,,0.0,Active,1.0,,1445697.0,1445697.0,True,vet_min,spotrac,109140000
yuta watanabe,2020,321893.0,1.0,321893.0,321893.0,321893.0,1.0,,,321893.0,,0.0,Active,1.0,,321893.0,321893.0,True,status_active,spotrac,109140000
freddie gillespie,2020,239959.0,1.0,239959.0,116903.0,116903.0,1.0,,61528;61528,116903.0,123056.0,0.0,Active;Retained;Retained,1.0,,116903.0,116903.0,True,status_active,spotrac,109140000
henry ellenson,2020,160998.0,1.0,160998.0,118983.0,118983.0,1.0,,50000,,168983.0,0.0,Retained;Retained,0.0,,,,True,retained_only,spotrac,109140000
bojan bogdanovic,2020,17661000.0,3.0,17661000.0,,,,,,,,,,,,17661000.0,,False,fallback_bbref,bbref,109140000
derrick favors,2020,9258000.0,1.0,9258000.0,9258000.0,9258000.0,1.0,,,9258000.0,,0.0,Active,1.0,,9258000.0,9258000.0,True,status_active,spotrac,109140000
udoka azubuike,2020,1977000.0,3.0,1977000.0,1977000.0,1977000.0,1.0,,,1977000.0,,0.0,Active,1.0,,1977000.0,1977000.0,True,status_active,spotrac,109140000
matt thomas,2020,1517981.0,1.0,1517981.0,551048.0,551048.0,2.0,1517981.0,966933,551048.0,966933.0,0.0,Active;Retained,1.0,,1517981.0,1517981.0,False,status_active,spotrac,109140000
miye oni,2020,1517981.0,1.0,1517981.0,1517981.0,1517981.0,1.0,,,1517981.0,,0.0,Active,1.0,,1517981.0,1517981.0,False,status_active,spotrac,109140000
juwan morgan,2020,1517981.0,1.0,1517981.0,1517981.0,1517981.0,1.0,,,1517981.0,,0.0,Active,1.0,,1517981.0,1517981.0,False,status_active,spotrac,109140000
elijah hughes,2020,898310.0,1.0,898310.0,898310.0,898310.0,1.0,,,898310.0,,0.0,Active,1.0,,898310.0,898310.0,True,vet_min,spotrac,109140000
shaquille harrison,2020,770433.0,1.0,770433.0,770433.0,770433.0,1.0,,,,770433.0,0.0,Retained,0.0,,,,True,retained_only,spotrac,109140000
ersan ilyasova,2020,754783.0,1.0,754783.0,,,,,,,,,,,,754783.0,,False,fallback_bbref,bbref,109140000
davis bertans,2020,15000000.0,1.0,15000000.0,,,,,,,,,,,,15000000.0,,False,fallback_bbref,bbref,109140000
robin lopez,2020,7300000.0,1.0,7300000.0,7300000.0,7300000.0,1.0,,,7300000.0,,0.0,Active,1.0,,7300000.0,7300000.0,True,status_active,spotrac,109140000
ish smith,2020,6000000.0,2.0,6000000.0,6000000.0,6000000.0,1.0,,,,,,,,,6000000.0,6000000.0,False,single,spotrac,109140000
jerome robinson,2020,3737520.0,2.0,3737520.0,3737520.0,3737520.0,1.0,,,,3737520.0,0.0,Retained,0.0,,,,False,retained_only,spotrac,109140000
chandler hutchison,2020,2443440.0,1.0,2443440.0,,,,,,,,,,,,2443440.0,,False,fallback_bbref,bbref,109140000
isaac bonga,2020,1663861.0,1.0,1663861.0,1663861.0,1663861.0,1.0,,,1663861.0,,0.0,Active,1.0,,1663861.0,1663861.0,False,status_active,spotrac,109140000
raul neto,2020,1620564.0,1.0,1620564.0,1882867.0,1882867.0,1.0,,,1882867.0,,0.0,Active,1.0,,1882867.0,1882867.0,True,status_active,spotrac,109140000
anzejs pasecniks,2020,374297.0,1.0,374297.0,,,,,,,,,,,,374297.0,,False,fallback_bbref,bbref,109140000
caleb homesley,2020,20000.0,1.0,20000.0,,,,,,,,,,,,20000.0,,False,fallback_bbref,bbref,109140000
danilo gallinari,2021,20475000.0,2.0,20475000.0,20475000.0,20475000.0,1.0,,,20475000.0,,0.0,Active,1.0,,20475000.0,20475000.0,False,status_active,spotrac,112414000
delon wright,2021,8526316.0,1.0,8526316.0,8526316.0,8526316.0,1.0,,,8526316.0,,0.0,Active,1.0,,8526316.0,8526316.0,False,status_active,spotrac,112414000
kevin knox,2021,5845978.0,1.0,5845978.0,5845978.0,5845978.0,2.0,8768967.0,2922989,5845978.0,2922989.0,0.0,Active / Club Exercised;Retained,1.0,,8768967.0,8768967.0,False,status_active,spotrac,112414000
lou williams,2021,5000000.0,1.0,5000000.0,5000000.0,5000000.0,1.0,,,5000000.0,,0.0,Active,1.0,,5000000.0,5000000.0,True,status_active,spotrac,112414000
gorgui dieng,2021,4000000.0,1.0,4000000.0,4000000.0,4000000.0,1.0,,,4000000.0,,0.0,Active,1.0,,4000000.0,4000000.0,True,status_active,spotrac,112414000
timothe luwawu-cabarrot,2021,1939350.0,1.0,1939350.0,,,,,,,,,,,,1939350.0,,False,fallback_bbref,bbref,112414000
lance stephenson,2021,138019.0,1.0,138019.0,,,,,,,,,,,,138019.0,,False,fallback_bbref,bbref,112414000
wes iwundu,2021,102831.0,1.0,102831.0,102831.0,102831.0,2.0,1926834.0,1824003,,1926834.0,0.0,Retained;Retained,0.0,,1926834.0,1926834.0,False,status_active,spotrac,112414000
chris clemons,2021,95930.0,1.0,95930.0,,,,,,,,,,,,95930.0,,False,fallback_bbref,bbref,112414000
cameron oliver,2021,85578.0,1.0,85578.0,,,,,,,,,,,,85578.0,,False,fallback_bbref,bbref,112414000
malcolm hill,2021,53176.0,1.0,53176.0,53176.0,53176.0,2.0,106352.0,53176,,106352.0,0.0,Retained;Retained,0.0,,925258.0,,True,vet_min,spotrac,112414000
malik ellison,2021,53176.0,1.0,53176.0,,,,,,,,,,,,53176.0,,False,fallback_bbref,bbref,112414000
justin tillman,2021,53176.0,1.0,53176.0,,,,,,,,,,,,53176.0,,False,fallback_bbref,bbref,112414000
chaundee brown,2021,53176.0,1.0,53176.0,,,,,,,,,,,,53176.0,,False,fallback_bbref,bbref,112414000
cat barber,2021,53176.0,1.0,53176.0,,,,,,,,,,,,53176.0,,False,fallback_bbref,bbref,112414000
skylar mays,2021,34231.0,1.0,34231.0,34231.0,34231.0,1.0,,,34231.0,,0.0,Active,1.0,,34231.0,34231.0,True,status_active,spotrac,112414000
daniel theis,2021,8280351.0,1.0,8280351.0,2807705.0,2807705.0,2.0,8280351.0,5472646,2807705.0,5472646.0,0.0,Active;Retained,1.0,,8280351.0,8280351.0,True,signing_contract,spotrac,112414000
jabari parker,2021,1168288.0,1.0,1168288.0,1068288.0,1068288.0,1.0,,100000,,1168288.0,0.0,Retained;Retained,0.0,,2239544.0,,True,signing_contract,spotrac,112414000
nik stauskas,2021,423536.0,1.0,423536.0,423536.0,423536.0,2.0,534993.0,111457,423536.0,111457.0,0.0,Active;Retained,1.0,,1669178.0,423536.0,True,vet_min,spotrac,112414000
malik fitts,2021,402218.0,1.0,402218.0,231062.0,231062.0,1.0,,85578;85578,231062.0,171156.0,0.0,Active;Retained;Retained,1.0,,1489065.0,231062.0,True,vet_min,spotrac,112414000
sam hauser,2021,313737.0,1.0,313737.0,313737.0,313737.0,1.0,,,,,,,,,313737.0,313737.0,True,single,spotrac,112414000
kelan martin,2021,191860.0,1.0,191860.0,95930.0,95930.0,2.0,993760.0,95930;801900,,993760.0,0.0,Retained;Retained;Retained,0.0,,,,False,retained_only,spotrac,112414000
c.j. miles,2021,151821.0,1.0,151821.0,,,,,,,,,,,,151821.0,,False,fallback_bbref,bbref,112414000
al-farouq aminu,2021,151821.0,1.0,151821.0,151821.0,151821.0,2.0,10335621.0,10183800,,10335621.0,0.0,Retained;Retained,0.0,,10335621.0,10335621.0,False,status_active,spotrac,112414000
joe johnson,2021,151821.0,1.0,151821.0,,,,,,,,,,,,151821.0,,False,fallback_bbref,bbref,112414000
juwan morgan,2021,115116.0,1.0,115116.0,19186.0,19186.0,2.0,211046.0,95930;95930,19186.0,191860.0,0.0,Active;Retained;Retained,1.0,,1669178.0,19186.0,True,vet_min,spotrac,112414000
justin jackson,2021,102831.0,1.0,102831.0,102831.0,102831.0,2.0,308493.0,102831;102831,,308493.0,0.0,Retained;Retained;Retained,0.0,,1669178.0,,True,vet_min,spotrac,112414000
norvel pelle,2021,95930.0,1.0,95930.0,95930.0,95930.0,2.0,191860.0,95930,,191860.0,0.0,Retained;Retained,0.0,,,,False,retained_only,spotrac,112414000
demetrius jackson,2021,92857.0,5.0,92857.0,92857.0,92857.0,1.0,,,,92857.0,0.0,Retained,0.0,,,,False,retained_only,spotrac,112414000
ben simmons,2021,33003936.0,4.0,33003936.0,11190990.0,11190990.0,2.0,33003936.0,21812946,11190990.0,21812946.0,0.0,Active;Retained,1.0,,33003936.0,33003936.0,False,status_active,spotrac,112414000
joe harris,2021,17357143.0,3.0,17357143.0,17357143.0,17357143.0,1.0,,,17357143.0,,0.0,Active,1.0,,17357143.0,17357143.0,False,status_active,spotrac,112414000
patty mills,2021,5890000.0,2.0,5890000.0,5890000.0,5890000.0,1.0,,,5890000.0,,0.0,Active,1.0,,5890000.0,5890000.0,True,status_active,spotrac,112414000
james johnson,2021,2641691.0,1.0,1669178.0,2641691.0,2641691.0,1.0,,,,2641691.0,0.0,Retained,0.0,,,,True,retained_only,spotrac,112414000
blake griffin,2021,2641691.0,1.0,1669178.0,2641691.0,2641691.0,2.0,32405817.0,29764126,2641691.0,29764126.0,0.0,Active;Retained,1.0,,1669178.0,1669178.0,True,vet_min,spotrac,112414000
lamarcus aldridge,2021,2641691.0,1.0,1669178.0,2641691.0,2641691.0,1.0,,,2641691.0,,0.0,Active,1.0,,1669178.0,1669178.0,True,vet_min,spotrac,112414000
edmond sumner,2021,2320000.0,1.0,2320000.0,2320000.0,2320000.0,1.0,,,,2320000.0,0.0,Retained,0.0,,2320000.0,2320000.0,False,status_active,spotrac,112414000
jahlil okafor,2021,2130023.0,1.0,2130023.0,2130023.0,2130023.0,1.0,,,,2130023.0,0.0,Retained,0.0,,2130023.0,2130023.0,True,status_active,spotrac,112414000
deandre' bembry,2021,1939350.0,1.0,1669178.0,1939350.0,1939350.0,2.0,2541217.0,601867,,2541217.0,0.0,Retained;Retained,0.0,,1939350.0,,True,signing_contract,spotrac,112414000
goran dragic,2021,728742.0,1.0,728742.0,,,,,,,,,,,,728742.0,,False,fallback_bbref,bbref,112414000
langston galloway,2021,257418.0,1.0,257418.0,128709.0,128709.0,2.0,386127.0,128709;128709,,386127.0,0.0,Retained;Retained;Retained,0.0,,2239544.0,,True,signing_contract,spotrac,112414000
shaquille harrison,2021,205662.0,1.0,205662.0,102831.0,102831.0,2.0,308493.0,102831;102831,,308493.0,0.0,Retained;Retained;Retained,0.0,,1669178.0,,True,vet_min,spotrac,112414000
james ennis,2021,126528.0,1.0,126528.0,,,,,,,,,,,,126528.0,,False,fallback_bbref,bbref,112414000
wenyen gabriel,2021,99380.0,1.0,99380.0,99380.0,99380.0,4.0,427334.0,99380;99380;29814;99380,29814.0,397520.0,0.0,Retained;Retained;Retained;Active;Retained,1.0,,1669178.0,29814.0,True,vet_min,spotrac,112414000
kessler edwards,2021,5318.0,1.0,5318.0,5318.0,5318.0,1.0,,,5318.0,,0.0,Active,1.0,,5318.0,5318.0,True,status_active,spotrac,112414000
gordon hayward,2021,29925000.0,3.0,29925000.0,29925000.0,29925000.0,1.0,,,29925000.0,,0.0,Active,1.0,,29925000.0,29925000.0,False,status_active,spotrac,112414000
montrezl harrell,2021,9720900.0,1.0,9720900.0,3296167.0,3296167.0,2.0,9720900.0,6424733,3296167.0,6424733.0,0.0,Active / Player Exercised;Retained,1.0,,9720900.0,9720900.0,False,status_active,spotrac,112414000
james bouknight,2021,4154400.0,3.0,4154400.0,4154400.0,4154400.0,1.0,,,4154400.0,,0.0,Active,1.0,,4154400.0,4154400.0,True,status_active,spotrac,112414000
kai jones,2021,2770560.0,3.0,2770560.0,2770560.0,2770560.0,1.0,,,2770560.0,,0.0,Active,1.0,,2770560.0,2770560.0,True,status_active,spotrac,112414000
cody martin,2021,1782621.0,1.0,1782621.0,,,,,,,,,,,,1782621.0,,False,fallback_bbref,bbref,112414000
jalen mcdaniels,2021,1782621.0,1.0,1782621.0,1782621.0,1782621.0,1.0,,,1782621.0,,0.0,Active,1.0,,1782621.0,1782621.0,False,status_active,spotrac,112414000
jt thor,2021,1250000.0,1.0,1250000.0,1250000.0,1250000.0,1.0,,,1250000.0,,0.0,Active,1.0,,1250000.0,1250000.0,True,status_active,spotrac,112414000
isaiah thomas,2021,552077.0,1.0,552077.0,276039.0,276039.0,3.0,828115.0,138019;138019;138019;138019,276039.0,552076.0,0.0,Active;Retained;Retained;Retained;Retained,1.0,,276039.0,276039.0,True,signing_contract,spotrac,112414000
troy brown,2021,5170564.0,1.0,5170564.0,,,,,,,,,,,,5170564.0,,False,fallback_bbref,bbref,112414000
matt thomas,2021,1669178.0,1.0,1669178.0,1669178.0,1669178.0,1.0,,,1669178.0,,0.0,Active,1.0,,1669178.0,1669178.0,True,vet_min,spotrac,112414000
alfonzo mckinnie,2021,1293926.0,1.0,1293926.0,1090007.0,1090007.0,1.0,,102831;101088,,1293926.0,0.0,Retained;Retained;Retained,0.0,,1293926.0,,True,signing_contract,spotrac,112414000
tristan thompson,2021,1000000.0,1.0,1000000.0,1000000.0,1000000.0,3.0,9946611.0,2633613;6312998,1000000.0,8946611.0,0.0,Active;Retained;Retained,1.0,,1000000.0,9946611.0,True,signing_contract,spotrac,112414000
marko simonovic,2021,925258.0,1.0,925258.0,925258.0,925258.0,1.0,,,925258.0,,0.0,Active,1.0,,925258.0,925258.0,True,vet_min,spotrac,112414000
alize johnson,2021,705598.0,1.0,705598.0,705598.0,705598.0,3.0,1003738.0,99380;99380;99380,,1003738.0,0.0,Retained;Retained;Retained;Retained,0.0,,,,True,retained_only,spotrac,112414000
ersan ilyasova,2021,151821.0,1.0,151821.0,,,,,,,,,,,,151821.0,,False,fallback_bbref,bbref,112414000
stanley johnson,2021,120083.0,1.0,120083.0,120083.0,120083.0,2.0,1368948.0,888616;120083;120083;120083,888616.0,480332.0,0.0,Retained;Active;Retained;Retained;Retained,1.0,,1669178.0,888616.0,True,vet_min,spotrac,112414000
jordan bell,2021,102831.0,1.0,102831.0,102831.0,102831.0,1.0,,,,102831.0,0.0,Retained,0.0,,,,True,retained_only,spotrac,112414000
cedi osman,2021,8133334.0,3.0,8133334.0,,,,,,,,,,,,8133334.0,,False,fallback_bbref,bbref,112414000
ed davis,2021,2641691.0,1.0,1669178.0,2641691.0,2641691.0,1.0,,,2641691.0,,0.0,Active,1.0,,1669178.0,1669178.0,True,vet_min,spotrac,112414000
rajon rondo,2021,2641691.0,1.0,1669178.0,1487859.0,1487859.0,3.0,7500000.0,1153832;4858309,1487859.0,6012141.0,0.0,Active;Retained;Retained,1.0,,1669178.0,1487859.0,True,vet_min,spotrac,112414000
dylan windler,2021,2239200.0,3.0,2239200.0,2239200.0,2239200.0,1.0,,,2239200.0,,0.0,Active / Club Exercised,1.0,,2239200.0,2239200.0,False,status_active,spotrac,112414000
kevin pangos,2021,1669178.0,1.0,1669178.0,,,,,,,,,,,,1669178.0,,False,fallback_bbref,bbref,112414000
lamar stevens,2021,1517981.0,1.0,1517981.0,1517981.0,1517981.0,1.0,,,1517981.0,,0.0,Active,1.0,,1517981.0,1517981.0,False,status_active,spotrac,112414000
j.r. smith,2021,1456666.0,3.0,1456666.0,,,,,,,,,,,,1456666.0,,False,fallback_bbref,bbref,112414000
moses brown,2021,211046.0,1.0,1669178.0,95930.0,95930.0,2.0,1912639.0,95930;19186;1701593,19186.0,1893453.0,0.0,Retained;Retained;Active;Retained,1.0,,1669178.0,1669178.0,True,salary_override,curated,112414000
tim frazier,2021,128709.0,1.0,128709.0,128709.0,128709.0,2.0,386127.0,128709;128709,,386127.0,0.0,Retained;Retained;Retained,0.0,,,,False,retained_only,spotrac,112414000
justin anderson,2021,111457.0,1.0,111457.0,111457.0,111457.0,2.0,445828.0,111457;111457;111457,,445828.0,0.0,Retained;Retained;Retained;Retained,0.0,,1939350.0,,True,signing_contract,spotrac,112414000
brandon goodwin,2021,99380.0,1.0,99380.0,99380.0,99380.0,1.0,,,,99380.0,0.0,Retained,0.0,,,,True,retained_only,spotrac,112414000
malik newman,2021,85578.0,1.0,85578.0,,,,,,,,,,,,85578.0,,False,fallback_bbref,bbref,112414000
rj nembhard,2021,58493.0,1.0,58493.0,,,,,,,,,,,,58493.0,,False,fallback_bbref,bbref,112414000
spencer dinwiddie,2021,17142857.0,1.0,17142857.0,5812808.0,7984235.0,2.0,17142857.0,11330049,7984235.0,11330049.0,0.0,Active;Retained,1.0,,17142857.0,17142857.0,True,signing_contract,spotrac,112414000
davis bertans,2021,16000000.0,2.0,16000000.0,,,,,,,,,,,,16000000.0,,False,fallback_bbref,bbref,112414000
reggie bullock,2021,9536000.0,2.0,9536000.0,9536000.0,9536000.0,1.0,,,9536000.0,,0.0,Active,1.0,,9536000.0,9536000.0,True,status_active,spotrac,112414000
willie cauley-stein,2021,4100000.0,2.0,4100000.0,4100000.0,4100000.0,2.0,4220083.0,120083,,4220083.0,0.0,Retained;Retained,0.0,,,,False,retained_only,spotrac,112414000
boban marjanovic,2021,3500000.0,3.0,3500000.0,,,,,,,,,,,,3500000.0,,False,fallback_bbref,bbref,112414000
trey burke,2021,3150000.0,2.0,3150000.0,3150000.0,3150000.0,1.0,,,3150000.0,,0.0,Active,1.0,,3150000.0,3150000.0,False,status_active,spotrac,112414000
sterling brown,2021,3000000.0,1.0,3000000.0,3000000.0,3000000.0,1.0,,,3000000.0,,0.0,Active,1.0,,3000000.0,3000000.0,True,status_active,spotrac,112414000
frank ntilikina,2021,1789256.0,2.0,1789256.0,1789256.0,1789256.0,1.0,,,1789256.0,,0.0,Active,1.0,,1789256.0,1789256.0,True,vet_min,spotrac,112414000
tyrell terry,2021,1517981.0,1.0,1517981.0,1517981.0,1517981.0,2.0,1603559.0,85578,,1603559.0,0.0,Retained;Retained,0.0,,,,False,retained_only,spotrac,112414000
marquese chriss,2021,1292900.0,1.0,1292900.0,958529.0,958529.0,1.0,,111457;111457;111457,958529.0,334371.0,0.0,Active;Retained;Retained;Retained,1.0,,1669178.0,1292900.0,True,vet_min,spotrac,112414000
brandon knight,2021,276038.0,1.0,276038.0,138019.0,138019.0,1.0,,138019,,276038.0,0.0,Retained;Retained,0.0,,138019.0,,True,signing_contract,spotrac,112414000
theo pinson,2021,197076.0,1.0,197076.0,99380.0,99380.0,1.0,,99380,,198760.0,0.0,Retained;Retained,0.0,,1669178.0,,True,vet_min,spotrac,112414000
charlie brown,2021,95930.0,1.0,95930.0,,,,,,,,,,,,95930.0,,False,fallback_bbref,bbref,112414000
george king,2021,85578.0,1.0,85578.0,,,,,,,,,,,,85578.0,,False,fallback_bbref,bbref,112414000
carlik jones,2021,53176.0,1.0,53176.0,,,,,,,,,,,,53176.0,,False,fallback_bbref,bbref,112414000
will barton,2021,15625000.0,3.0,15625000.0,15625000.0,15625000.0,1.0,,,15625000.0,,0.0,Active,1.0,,15625000.0,15625000.0,True,status_active,spotrac,112414000
jamychal green,2021,8200000.0,2.0,8200000.0,8200000.0,8200000.0,1.0,,,8200000.0,,0.0,Active,1.0,,8200000.0,8200000.0,True,status_active,spotrac,112414000
bryn forbes,2021,4500000.0,1.0,4500000.0,,,,,,,,,,,,4500000.0,,False,fallback_bbref,bbref,112414000
facundo campazzo,2021,2975000.0,2.0,2975000.0,2975000.0,3100000.0,1.0,,,3100000.0,,0.0,Active,1.0,,2975000.0,2975000.0,False,status_active,spotrac,112414000
austin rivers,2021,2401537.0,1.0,1669178.0,2401537.0,2401537.0,1.0,,,2401537.0,,0.0,Active,1.0,,2401537.0,2401537.0,True,status_active,spotrac,112414000
vlatko cancar,2021,1782621.0,1.0,1782621.0,,,,,,,,,,,,1782621.0,,False,fallback_bbref,bbref,112414000
demarcus cousins,2021,1138659.0,1.0,1138659.0,683196.0,683196.0,2.0,1745944.0,151821;151821;151821;607285,683196.0,1062748.0,0.0,Active;Retained;Retained;Retained;Retained,1.0,,683196.0,683196.0,True,signing_contract,spotrac,112414000
davon reed,2021,286164.0,1.0,286164.0,95930.0,95930.0,1.0,,95930;94304,,286164.0,0.0,Retained;Retained;Retained,0.0,,94304.0,,True,signing_contract,spotrac,112414000
rayjon tucker,2021,95930.0,1.0,95930.0,95930.0,95930.0,3.0,220639.0,28779;95930,28779.0,191860.0,0.0,Retained;Active;Retained,1.0,,1669178.0,28779.0,True,vet_min,spotrac,112414000
cory joseph,2021,7310000.0,1.0,7310000.0,,,,,,,,,,,,7310000.0,,False,fallback_bbref,bbref,112414000
hamidou diallo,2021,5200000.0,2.0,5200000.0,5200000.0,5200000.0,1.0,,,5200000.0,,0.0,Active,1.0,,5200000.0,5200000.0,True,status_active,spotrac,112414000
frank jackson,2021,3000000.0,1.0,3000000.0,3000000.0,3000000.0,1.0,,,3000000.0,,0.0,Active,1.0,,3000000.0,3000000.0,True,status_active,spotrac,112414000
dewayne dedmon,2021,2866667.0,5.0,2866667.0,2748674.0,2748674.0,2.0,5138315.0,2389641,2389641.0,2748674.0,0.0,Retained;Active,1.0,,2389641.0,2389641.0,True,signing_contract,spotrac,112414000
rodney mcgruder,2021,1939350.0,2.0,1939350.0,1939350.0,1939350.0,1.0,,,1939350.0,,0.0,Active,1.0,,1939350.0,1939350.0,True,status_active,spotrac,112414000
deividas sirvydis,2021,1603559.0,1.0,1603559.0,1517981.0,1517981.0,1.0,,85578,,1603559.0,0.0,Retained;Retained,0.0,,1669178.0,,True,vet_min,spotrac,112414000
saben lee,2021,1489065.0,1.0,1489065.0,1489065.0,1489065.0,1.0,,,1489065.0,,0.0,Active,1.0,,1489065.0,1489065.0,True,vet_min,spotrac,112414000
isaiah livers,2021,1057260.0,1.0,1057260.0,1057260.0,1057260.0,1.0,,,1057260.0,,0.0,Active,1.0,,1057260.0,1057260.0,True,status_active,spotrac,112414000
cassius stanley,2021,256734.0,1.0,256734.0,,,,,,,,,,,,256734.0,,False,fallback_bbref,bbref,112414000
cheick diallo,2021,102831.0,1.0,102831.0,,,,,,,,,,,,102831.0,,False,fallback_bbref,bbref,112414000
derrick walton,2021,95930.0,1.0,95930.0,,,,,,,,,,,,95930.0,,False,fallback_bbref,bbref,112414000
justin robinson,2021,95930.0,1.0,95930.0,95930.0,95930.0,2.0,191860.0,95930,,191860.0,0.0,Retained;Retained,0.0,,,,False,retained_only,spotrac,112414000
carsen edwards,2021,76744.0,1.0,76744.0,,,,,,,,,,,,76744.0,,False,fallback_bbref,bbref,112414000
trayvon palmer,2021,53176.0,1.0,53176.0,,,,,,,,,,,,53176.0,,False,fallback_bbref,bbref,112414000
jaysean paige,2021,53176.0,1.0,53176.0,,,,,,,,,,,,53176.0,,False,fallback_bbref,bbref,112414000
braxton key,2021,53176.0,1.0,53176.0,53176.0,53176.0,2.0,106352.0,53176,,106352.0,0.0,Retained;Retained,0.0,,925258.0,,True,vet_min,spotrac,112414000
andre iguodala,2021,2641691.0,1.0,1669178.0,2641691.0,2641691.0,1.0,,,2641691.0,,0.0,Active,1.0,,1669178.0,1669178.0,True,vet_min,spotrac,112414000
otto porter,2021,2389641.0,1.0,2389641.0,,,,,,,,,,,,2389641.0,,False,fallback_bbref,bbref,112414000
nemanja bjelica,2021,2089448.0,1.0,1669178.0,2089448.0,2089448.0,1.0,,,2089448.0,,0.0,Active,1.0,,1669178.0,1669178.0,True,vet_min,spotrac,112414000
damion lee,2021,1910860.0,2.0,1910860.0,,,,,,,,,,,,1910860.0,,False,fallback_bbref,bbref,112414000
juan toscano-anderson,2021,1701593.0,1.0,1701593.0,1701593.0,1701593.0,1.0,,,1701593.0,,0.0,Active,1.0,,1701593.0,1701593.0,False,status_active,spotrac,112414000
shaun livingston,2021,666667.0,3.0,666667.0,666667.0,666667.0,1.0,,,,666667.0,0.0,Retained,0.0,,,,False,retained_only,spotrac,112414000
quinndary weatherspoon,2021,95930.0,1.0,95930.0,95930.0,95930.0,1.0,,,,95930.0,0.0,Retained,0.0,,,,True,retained_only,spotrac,112414000
john wall,2021,44310840.0,4.0,44310840.0,44310840.0,44310840.0,1.0,,,44310840.0,,0.0,Active,1.0,,44310840.0,44310840.0,False,status_active,spotrac,112414000
christian wood,2021,13666667.0,2.0,13666667.0,,,,,,,,,,,,13666667.0,,False,fallback_bbref,bbref,112414000
d.j. augustin,2021,7000000.0,2.0,7000000.0,,,,,,,,,,,,7000000.0,,False,fallback_bbref,bbref,112414000
david nwaba,2021,4650000.0,1.0,4650000.0,4650000.0,4650000.0,1.0,,,4650000.0,,0.0,Active,1.0,,4650000.0,4650000.0,True,status_active,spotrac,112414000
sekou doumbouya,2021,3613680.0,1.0,3613680.0,3613680.0,3613680.0,1.0,,,,3613680.0,0.0,Retained,0.0,,3613680.0,3613680.0,False,status_active,spotrac,112414000
enes freedom,2021,2641691.0,1.0,1669178.0,1745945.0,1745945.0,2.0,2641691.0,895746,,2641691.0,0.0,Retained;Retained,0.0,,1669178.0,1669178.0,True,vet_min,spotrac,112414000
usman garuba,2021,2353320.0,2.0,2353320.0,2353320.0,2353320.0,1.0,,,2353320.0,,0.0,Active,1.0,,2353320.0,2353320.0,True,status_active,spotrac,112414000
josh christopher,2021,2259240.0,2.0,2259240.0,2259240.0,2259240.0,1.0,,,2259240.0,,0.0,Active,1.0,,2259240.0,2259240.0,True,status_active,spotrac,112414000
garrison mathews,2021,2000000.0,4.0,2000000.0,2000000.0,2000000.0,1.0,,,2000000.0,,0.0,Active,1.0,,2000000.0,2000000.0,True,status_active,spotrac,112414000
bruno fernando,2021,1782621.0,1.0,1782621.0,,,,,,,,,,,,1782621.0,,False,fallback_bbref,bbref,112414000
kenyon martin,2021,1517981.0,1.0,1517981.0,,,,,,,,,,,,1517981.0,,False,fallback_bbref,bbref,112414000
armoni brooks,2021,1489065.0,1.0,1489065.0,250000.0,250000.0,2.0,1910221.0,85578;85578;1489065,250000.0,1660221.0,0.0,Active;Retained;Retained;Retained,1.0,,1489065.0,250000.0,True,vet_min,spotrac,112414000
danuel house,2021,1387498.0,1.0,1387498.0,,,,,,,,,,,,1387498.0,,False,fallback_bbref,bbref,112414000
daishen nix,2021,612000.0,1.0,612000.0,,,,,,,,,,,,612000.0,,False,fallback_bbref,bbref,112414000
troy williams,2021,122741.0,4.0,122741.0,122741.0,122741.0,1.0,,,,122741.0,0.0,Retained,0.0,,,,False,retained_only,spotrac,112414000
dejon jarreau,2021,53176.0,1.0,53176.0,,,,,,,,,,,,53176.0,,False,fallback_bbref,bbref,112414000
mfiondu kabengele,2021,19186.0,1.0,19186.0,19186.0,19186.0,1.0,,,,19186.0,0.0,Retained,0.0,,,,True,retained_only,spotrac,112414000
malcolm brogdon,2021,21700000.0,3.0,21700000.0,21700000.0,21700000.0,1.0,,,21700000.0,,0.0,Active,1.0,,21700000.0,21700000.0,False,status_active,spotrac,112414000
t.j. warren,2021,12690000.0,3.0,12690000.0,12690000.0,12690000.0,1.0,,,12690000.0,,0.0,Active,1.0,,12690000.0,12690000.0,False,status_active,spotrac,112414000
chris duarte,2021,3749520.0,2.0,3749520.0,,,,,,,,,,,,3749520.0,,False,fallback_bbref,bbref,112414000
monta ellis,2021,2245400.0,3.0,2245400.0,,,,,,,,,,,,2245400.0,,False,fallback_bbref,bbref,112414000
oshae brissett,2021,1701593.0,2.0,1701593.0,1701593.0,1701593.0,1.0,,,1701593.0,,0.0,Active,1.0,,1701593.0,1701593.0,False,status_active,spotrac,112414000
duane washington,2021,950000.0,1.0,950000.0,,,,,,,,,,,,950000.0,,False,fallback_bbref,bbref,112414000
brad wanamaker,2021,715538.0,1.0,715538.0,715538.0,715538.0,2.0,814918.0,99380,,814918.0,0.0,Retained;Retained,0.0,,1669178.0,,True,vet_min,spotrac,112414000
terry taylor,2021,600000.0,1.0,600000.0,600000.0,600000.0,1.0,,,600000.0,,0.0,Active,1.0,,600000.0,600000.0,True,status_active,spotrac,112414000
keifer sykes,2021,558345.0,1.0,558345.0,,,,,,,,,,,,558345.0,,False,fallback_bbref,bbref,112414000
reggie perry,2021,85578.0,1.0,85578.0,85578.0,85578.0,2.0,273850.0,85578;17116;85578,,273850.0,0.0,Retained;Retained;Retained;Retained,0.0,,1489065.0,,True,vet_min,spotrac,112414000
nate hinton,2021,85578.0,1.0,85578.0,85578.0,85578.0,1.0,,,,85578.0,0.0,Retained,0.0,,,,True,retained_only,spotrac,112414000
ahmad caver,2021,53176.0,1.0,53176.0,,,,,,,,,,,,53176.0,,False,fallback_bbref,bbref,112414000
marcus morris,2021,15627907.0,4.0,15627907.0,15627907.0,15627907.0,1.0,,,15627907.0,,0.0,Active,1.0,,15627907.0,15627907.0,False,status_active,spotrac,112414000
robert covington,2021,12975471.0,2.0,12975471.0,4847159.0,4847159.0,2.0,12975471.0,8128312,4847159.0,8128312.0,0.0,Active;Retained,1.0,,12975471.0,12975471.0,False,status_active,spotrac,112414000
reggie jackson,2021,10384500.0,1.0,10384500.0,10384500.0,10384500.0,1.0,,,10384500.0,,0.0,Active,1.0,,10384500.0,10384500.0,True,status_active,spotrac,112414000
rodney hood,2021,2239544.0,1.0,1669178.0,759386.0,759386.0,2.0,2239544.0,1480158,759386.0,1480158.0,0.0,Active;Retained,1.0,,2239544.0,2239544.0,True,signing_contract,spotrac,112414000
semi ojeleye,2021,1789256.0,1.0,1669178.0,1789256.0,1789256.0,2.0,2971810.0,1182554,,2971810.0,0.0,Retained;Retained,0.0,,1669178.0,2971810.0,True,vet_min,spotrac,112414000
jason preston,2021,1062303.0,1.0,1062303.0,1062303.0,1062303.0,1.0,,,1062303.0,,0.0,Active,1.0,,1062303.0,1062303.0,True,status_active,spotrac,112414000
brandon boston,2021,925258.0,1.0,925258.0,,,,,,,,,,,,925258.0,,False,fallback_bbref,bbref,112414000
xavier moon,2021,159528.0,1.0,159528.0,,,,,,,,,,,,159528.0,,False,fallback_bbref,bbref,112414000
amir coffey,2021,153488.0,1.0,153488.0,153488.0,153488.0,1.0,,,153488.0,,0.0,Active,1.0,,153488.0,153488.0,True,status_active,spotrac,112414000
moses wright,2021,53176.0,1.0,53176.0,,,,,,,,,,,,53176.0,,False,fallback_bbref,bbref,112414000
talen horton-tucker,2021,9500000.0,1.0,9500000.0,9500000.0,9500000.0,1.0,,,9500000.0,,0.0,Active,1.0,,9500000.0,9500000.0,True,status_active,spotrac,112414000
kendrick nunn,2021,5000000.0,1.0,5000000.0,5000000.0,5000000.0,1.0,,,,,,,,5000000.0,5000000.0,5000000.0,True,spotrac_cap_hit,spotrac,112414000
luol deng,2021,5000000.0,3.0,5000000.0,5000000.0,5000000.0,1.0,,,,5000000.0,0.0,Retained,0.0,,,,False,retained_only,spotrac,112414000
dwight howard,2021,2641691.0,1.0,1669178.0,2641691.0,2641691.0,1.0,,,2641691.0,,0.0,Active,1.0,,1669178.0,1669178.0,True,vet_min,spotrac,112414000
carmelo anthony,2021,2641691.0,1.0,2641691.0,,,,,,,,,,,,2641691.0,,False,fallback_bbref,bbref,112414000
wayne ellington,2021,2641691.0,1.0,1669178.0,2641691.0,2641691.0,1.0,,,2641691.0,,0.0,Active,1.0,,1669178.0,1669178.0,True,vet_min,spotrac,112414000
avery bradley,2021,2641691.0,1.0,1669178.0,2641691.0,2641691.0,1.0,,,2641691.0,,0.0,Active,1.0,,1669178.0,1669178.0,True,vet_min,spotrac,112414000
trevor ariza,2021,2641691.0,1.0,1669178.0,2641691.0,2641691.0,1.0,,,,2641691.0,0.0,Retained,0.0,,,,True,retained_only,spotrac,112414000
kent bazemore,2021,2401537.0,1.0,1669178.0,2401537.0,2401537.0,1.0,,,2401537.0,,0.0,Active,1.0,,2401537.0,2401537.0,True,status_active,spotrac,112414000
darren collison,2021,151821.0,1.0,151821.0,,,,,,,,,,,,151821.0,,False,fallback_bbref,bbref,112414000
jemerrio jones,2021,85578.0,1.0,85578.0,,,,,,,,,,,,85578.0,,False,fallback_bbref,bbref,112414000
jarrett culver,2021,6395160.0,1.0,6395160.0,6395160.0,6395160.0,1.0,,,6395160.0,,0.0,Active / Club Exercised,1.0,,6395160.0,6395160.0,False,status_active,spotrac,112414000
marc gasol,2021,2692991.0,1.0,2692991.0,2692991.0,2692991.0,1.0,,,,2692991.0,0.0,Retained,0.0,,2692991.0,2692991.0,False,status_active,spotrac,112414000
killian tillie,2021,1901625.0,2.0,1901625.0,1901625.0,1901625.0,1.0,,,1901625.0,,0.0,Active,1.0,,1901625.0,1901625.0,True,status_active,spotrac,112414000
daniel oturu,2021,1517981.0,1.0,1517981.0,1517981.0,1517981.0,2.0,1603559.0,85578,,1603559.0,0.0,Retained;Retained,0.0,,1489065.0,1603559.0,True,vet_min,spotrac,112414000
jontay porter,2021,300000.0,1.0,300000.0,300000.0,300000.0,1.0,,,,300000.0,0.0,Retained,0.0,,,,False,retained_only,spotrac,112414000
dakota mathias,2021,106352.0,1.0,106352.0,,,,,,,,,,,,106352.0,,False,fallback_bbref,bbref,112414000
daquan jeffries,2021,95930.0,1.0,95930.0,,,,,,,,,,,,95930.0,,False,fallback_bbref,bbref,112414000
shaq buchanan,2021,53176.0,1.0,53176.0,,,,,,,,,,,,53176.0,,False,fallback_bbref,bbref,112414000
xavier sneed,2021,53176.0,1.0,53176.0,53176.0,53176.0,1.0,,,,53176.0,0.0,Retained,0.0,,,,True,retained_only,spotrac,112414000
jon teske,2021,53176.0,1.0,53176.0,,,,,,,,,,,,53176.0,,False,fallback_bbref,bbref,112414000
p.j. tucker,2021,7000000.0,1.0,7000000.0,7000000.0,7000000.0,1.0,,,7000000.0,,0.0,Active,1.0,,7000000.0,7000000.0,True,status_active,spotrac,112414000
ryan anderson,2021,5214584.0,2.0,5214584.0,5214584.0,5214584.0,1.0,,,,5214584.0,0.0,Retained,0.0,,,,False,retained_only,spotrac,112414000
udonis haslem,2021,2641691.0,1.0,1669178.0,2641691.0,2641691.0,1.0,,,2641691.0,,0.0,Active,1.0,,1669178.0,1669178.0,True,vet_min,spotrac,112414000
markieff morris,2021,2641691.0,1.0,1669178.0,2641691.0,2641691.0,1.0,,,2641691.0,,0.0,Active,1.0,,1669178.0,1669178.0,True,vet_min,spotrac,112414000
victor oladipo,2021,2389641.0,1.0,1669178.0,2389641.0,2389641.0,1.0,,,2389641.0,,0.0,Active,1.0,,2389641.0,2389641.0,True,status_active,spotrac,112414000
omer yurtseven,2021,1489065.0,1.0,1489065.0,1489065.0,1489065.0,1.0,,,1489065.0,,0.0,Active,1.0,,1489065.0,1489065.0,True,vet_min,spotrac,112414000
caleb martin,2021,527615.0,1.0,527615.0,527615.0,527615.0,1.0,,,,,,,,,527615.0,,True,waived,bbref,112414000
chris silva,2021,383720.0,1.0,383720.0,,,,,,,,,,,,383720.0,,False,fallback_bbref,bbref,112414000
kyle guy,2021,191860.0,1.0,191860.0,95930.0,95930.0,1.0,,95930,,191860.0,0.0,Retained;Retained,0.0,,1669178.0,,True,vet_min,spotrac,112414000
mario chalmers,2021,138019.0,1.0,138019.0,,,,,,,,,,,,138019.0,,False,fallback_bbref,bbref,112414000
zylan cheatham,2021,85578.0,1.0,85578.0,85578.0,85578.0,3.0,263692.0,89057;89057,,263692.0,0.0,Retained;Retained;Retained,0.0,,1489065.0,,True,vet_min,spotrac,112414000
aric holman,2021,53176.0,1.0,53176.0,,,,,,,,,,,,53176.0,,False,fallback_bbref,bbref,112414000
serge ibaka,2021,9720900.0,1.0,9720900.0,6424733.0,6927538.0,2.0,9720900.0,3296167,3798972.0,6927538.0,0.0,Retained;Active / Player Exercised,1.0,,9720900.0,9720900.0,False,status_active,spotrac,112414000
george hill,2021,4000000.0,1.0,4000000.0,4000000.0,4000000.0,2.0,5275491.0,1275491,4000000.0,1275491.0,0.0,Active;Retained,1.0,4000000.0,4000000.0,4000000.0,True,spotrac_cap_hit,spotrac,112414000
jon leuer,2021,3169347.0,3.0,3169347.0,3169347.0,3169347.0,1.0,,,,3169347.0,0.0,Retained,0.0,,,,False,retained_only,spotrac,112414000
wesley matthews,2021,1958501.0,2.0,1958501.0,1958501.0,1958501.0,1.0,,,1958501.0,,0.0,Active,1.0,,1958501.0,1958501.0,True,status_active,spotrac,112414000
larry sanders,2021,1865547.0,3.0,1865547.0,,,,,,,,,,,,1865547.0,,False,fallback_bbref,bbref,112414000
jordan nwora,2021,1517981.0,1.0,1517981.0,1517981.0,1517981.0,1.0,,,1517981.0,,0.0,Active,1.0,,1517981.0,1517981.0,False,status_active,spotrac,112414000
georgios kalaitzakis,2021,462629.0,1.0,462629.0,,,,,,,,,,,,462629.0,,False,fallback_bbref,bbref,112414000
greg monroe,2021,138019.0,1.0,138019.0,,,,,,,,,,,,138019.0,,False,fallback_bbref,bbref,112414000
jeff dowtin,2021,53176.0,1.0,53176.0,53176.0,53176.0,2.0,106352.0,53176,,106352.0,0.0,Retained;Retained,0.0,,925258.0,,True,vet_min,spotrac,112414000
javin delaurier,2021,53176.0,1.0,53176.0,,,,,,,,,,,,53176.0,,False,fallback_bbref,bbref,112414000
luca vildoza,2021,42789.0,1.0,42789.0,42789.0,42789.0,1.0,,,42789.0,,0.0,Active,1.0,,42789.0,42789.0,True,status_active,spotrac,112414000
karl-anthony towns,2021,31650600.0,5.0,31650600.0,31650600.0,31650600.0,1.0,,,,,,,,,31650600.0,31650600.0,False,single,spotrac,112414000
malik beasley,2021,14391964.0,2.0,14391964.0,14391964.0,14391964.0,1.0,,,14391964.0,,0.0,Active,1.0,,14391964.0,14391964.0,False,status_active,spotrac,112414000
patrick beverley,2021,14320988.0,1.0,14320988.0,14320987.0,14320987.0,1.0,,,14320987.0,,0.0,Active,1.0,,14320987.0,14320987.0,False,status_active,spotrac,112414000
jake layman,2021,3940184.0,3.0,3940184.0,3940184.0,3940184.0,1.0,,,3940184.0,,0.0,Active,1.0,,3940184.0,3940184.0,False,status_active,spotrac,112414000
leandro bolmaro,2021,2353320.0,1.0,2353320.0,2353320.0,2353320.0,1.0,,,2353320.0,,0.0,Active,1.0,,2353320.0,2353320.0,True,status_active,spotrac,112414000
jaylen nowell,2021,1782621.0,2.0,1782621.0,1782621.0,1782621.0,1.0,,,1782621.0,,0.0,Active,1.0,,1782621.0,1782621.0,False,status_active,spotrac,112414000
devonte' graham,2021,11000000.0,1.0,11000000.0,11000000.0,11000000.0,1.0,,,11000000.0,,0.0,Active,1.0,,11000000.0,11000000.0,True,status_active,spotrac,112414000
kira lewis,2021,3822240.0,3.0,3822240.0,,,,,,,,,,,,3822240.0,,False,fallback_bbref,bbref,112414000
tony snell,2021,2389641.0,1.0,1669178.0,837748.0,837748.0,2.0,2389641.0,1551893,837748.0,1551893.0,0.0,Active;Retained,1.0,,2389641.0,2389641.0,True,signing_contract,spotrac,112414000
willy hernangomez,2021,2327220.0,2.0,2327220.0,,,,,,,,,,,,2327220.0,,False,fallback_bbref,bbref,112414000
jose alvarado,2021,1500000.0,2.0,1500000.0,1500000.0,1500000.0,1.0,,,1500000.0,,0.0,Active,1.0,,1500000.0,1500000.0,True,status_active,spotrac,112414000
gary clark,2021,377645.0,1.0,377645.0,377645.0,377645.0,1.0,,,,377645.0,0.0,Retained,0.0,,,,True,retained_only,spotrac,112414000
tyrone wallace,2021,191860.0,1.0,191860.0,95930.0,95930.0,1.0,,95930,,191860.0,0.0,Retained;Retained,0.0,,,,False,retained_only,spotrac,112414000
justin james,2021,95930.0,1.0,95930.0,95930.0,95930.0,1.0,,,,95930.0,0.0,Retained,0.0,,,,True,retained_only,spotrac,112414000
miye oni,2021,95930.0,1.0,95930.0,95930.0,95930.0,3.0,946261.0,51225;799106,,946261.0,0.0,Retained;Retained;Retained,0.0,,946261.0,946261.0,False,status_active,spotrac,112414000
jared harper,2021,95930.0,1.0,95930.0,95930.0,95930.0,1.0,,,,95930.0,0.0,Retained,0.0,,,,True,retained_only,spotrac,112414000
feron hunt,2021,53176.0,1.0,53176.0,,,,,,,,,,,,53176.0,,False,fallback_bbref,bbref,112414000
evan fournier,2021,17142857.0,2.0,17142857.0,17142857.0,17142857.0,1.0,,,17142857.0,,0.0,Active,1.0,,17142857.0,17142857.0,True,status_active,spotrac,112414000
derrick rose,2021,13445120.0,2.0,13445120.0,13445120.0,13445120.0,1.0,,,13445120.0,,0.0,Active,1.0,,13445120.0,13445120.0,True,status_active,spotrac,112414000
alec burks,2021,9536000.0,1.0,9536000.0,9536000.0,9536000.0,1.0,,,9536000.0,,0.0,Active,1.0,,9536000.0,9536000.0,True,status_active,spotrac,112414000
nerlens noel,2021,8800000.0,1.0,8800000.0,8800000.0,8800000.0,1.0,,,8800000.0,,0.0,Active,1.0,,8800000.0,8800000.0,True,status_active,spotrac,112414000
kemba walker,2021,8729020.0,1.0,8729020.0,8729020.0,8729020.0,2.0,34967442.0,26238422,8729020.0,26238422.0,0.0,Active;Retained,1.0,,8729020.0,8729020.0,True,signing_contract,spotrac,112414000
joakim noah,2021,6431666.0,2.0,6431666.0,6431666.0,6431666.0,1.0,,,,6431666.0,0.0,Retained,0.0,,,,False,retained_only,spotrac,112414000
taj gibson,2021,4910000.0,1.0,4910000.0,4910000.0,4910000.0,1.0,,,4910000.0,,0.0,Active,1.0,,4910000.0,4910000.0,True,status_active,spotrac,112414000
cam reddish,2021,4670160.0,1.0,4670160.0,,,,,,,,,,,,4670160.0,,False,fallback_bbref,bbref,112414000
solomon hill,2021,2389641.0,1.0,1669178.0,1194821.0,1194821.0,2.0,2389642.0,1194821,,2389642.0,0.0,Retained;Retained,0.0,,2389641.0,2389642.0,True,signing_contract,spotrac,112414000
denzel valentine,2021,902801.0,1.0,902801.0,858218.0,858218.0,3.0,1014258.0,44583;111457,,1014258.0,0.0,Retained;Retained;Retained,0.0,,1014258.0,1014258.0,True,status_active,spotrac,112414000
ryan arcidiacono,2021,791798.0,1.0,791798.0,586136.0,586136.0,1.0,,102831;102831,586136.0,205662.0,0.0,Active;Retained;Retained,1.0,,586136.0,586136.0,True,signing_contract,spotrac,112414000
wayne selden,2021,785102.0,1.0,785102.0,,,,,,,,,,,,785102.0,,False,fallback_bbref,bbref,112414000
damyean dotson,2021,205662.0,1.0,205662.0,102831.0,102831.0,1.0,,102831,,205662.0,0.0,Retained;Retained,0.0,,1669178.0,,True,vet_min,spotrac,112414000
matt mooney,2021,171156.0,1.0,171156.0,,,,,,,,,,,,171156.0,,False,fallback_bbref,bbref,112414000
tyler hall,2021,53176.0,1.0,53176.0,,,,,,,,,,,,53176.0,,False,fallback_bbref,bbref,112414000
derrick favors,2021,9720900.0,1.0,9720900.0,9720900.0,9720900.0,1.0,,,9720900.0,,0.0,Active,1.0,,9720900.0,9720900.0,False,status_active,spotrac,112414000
mike muscala,2021,3500000.0,1.0,3500000.0,3500000.0,3500000.0,1.0,,,3500000.0,,0.0,Active,1.0,,3500000.0,3500000.0,True,status_active,spotrac,112414000
aleksej pokusevski,2021,3113160.0,3.0,3113160.0,3113160.0,3113160.0,1.0,,,3113160.0,,0.0,Active,1.0,,3113160.0,3113160.0,False,status_active,spotrac,112414000
darius bazley,2021,2513040.0,3.0,2513040.0,2513040.0,2513040.0,1.0,,,2513040.0,,0.0,Active / Club Exercised,1.0,,2513040.0,2513040.0,False,status_active,spotrac,112414000
theo maledon,2021,2000000.0,2.0,2000000.0,,,,,,,,,,,,2000000.0,,False,fallback_bbref,bbref,112414000
isaiah roby,2021,1782621.0,1.0,1782621.0,1782621.0,1782621.0,1.0,,,1782621.0,,0.0,Active,1.0,,1782621.0,1782621.0,False,status_active,spotrac,112414000
kz okpala,2021,1782621.0,1.0,1782621.0,1167924.0,1167924.0,2.0,1782621.0,614697,,1782621.0,0.0,Retained;Retained,0.0,,1782621.0,1782621.0,False,status_active,spotrac,112414000
gabriel deck,2021,1690507.0,1.0,1690507.0,1690507.0,1690507.0,1.0,,,,1690507.0,0.0,Retained,0.0,,,,False,retained_only,spotrac,112414000
aaron wiggins,2021,1000000.0,1.0,1000000.0,1000000.0,1000000.0,1.0,,,,,,,,,1000000.0,1000000.0,True,single,spotrac,112414000
kyle singler,2021,999200.0,4.0,999200.0,,,,,,,,,,,,999200.0,,False,fallback_bbref,bbref,112414000
patrick patterson,2021,737066.0,1.0,737066.0,737066.0,737066.0,1.0,,,,737066.0,0.0,Retained,0.0,,,,True,retained_only,spotrac,112414000
admiral schofield,2021,300000.0,1.0,300000.0,300000.0,300000.0,2.0,471156.0,85578;85578,,471156.0,0.0,Retained;Retained;Retained,0.0,,1489065.0,,True,vet_min,spotrac,112414000
jaylen hoard,2021,191860.0,1.0,191860.0,95930.0,95930.0,1.0,,95930,,191860.0,0.0,Retained;Retained,0.0,,1669178.0,,True,vet_min,spotrac,112414000
olivier sarr,2021,106352.0,1.0,106352.0,,,,,,,,,,,,106352.0,,False,fallback_bbref,bbref,112414000
scotty hopson,2021,99380.0,1.0,99380.0,,,,,,,,,,,,99380.0,,False,fallback_bbref,bbref,112414000
zavier simpson,2021,53176.0,1.0,53176.0,,,,,,,,,,,,53176.0,,False,fallback_bbref,bbref,112414000
rob edwards,2021,53176.0,1.0,53176.0,,,,,,,,,,,,53176.0,,False,fallback_bbref,bbref,112414000
markelle fultz,2021,16500000.0,3.0,16500000.0,16500000.0,16500000.0,1.0,,,16500000.0,,0.0,Active,1.0,,16500000.0,16500000.0,True,status_active,spotrac,112414000
terrence ross,2021,12500000.0,3.0,12500000.0,12500000.0,12500000.0,1.0,,,12500000.0,,0.0,Active,1.0,,12500000.0,12500000.0,False,status_active,spotrac,112414000
timofey mozgov,2021,5573334.0,1.0,5573334.0,5573334.0,5573334.0,1.0,,,,5573334.0,0.0,Retained,0.0,,,,False,retained_only,spotrac,112414000
robin lopez,2021,5000000.0,1.0,5000000.0,5000000.0,5000000.0,1.0,,,5000000.0,,0.0,Active,1.0,,5000000.0,5000000.0,True,status_active,spotrac,112414000
michael carter-williams,2021,3300000.0,2.0,3300000.0,3300000.0,3300000.0,1.0,,,,3300000.0,0.0,Retained,0.0,,,,False,retained_only,spotrac,112414000
chuma okeke,2021,3277080.0,3.0,3277080.0,,,,,,,,,,,,3277080.0,,False,fallback_bbref,bbref,112414000
e'twaun moore,2021,2641691.0,1.0,1669178.0,2641691.0,2641691.0,1.0,,,,2641691.0,0.0,Retained,0.0,,,,True,retained_only,spotrac,112414000
r.j. hampton,2021,2303040.0,2.0,2303040.0,2303040.0,2303040.0,1.0,,,2303040.0,,0.0,Active,1.0,,2303040.0,2303040.0,False,status_active,spotrac,112414000
bol bol,2021,2161152.0,2.0,2161152.0,271993.0,271993.0,3.0,2151220.0,1149790;729437,729437.0,1421783.0,0.0,Retained;Retained;Active,1.0,,2151220.0,2151220.0,False,status_active,spotrac,112414000
pj dozier,2021,1910860.0,1.0,1910860.0,241603.0,241603.0,3.0,1910860.0,1021322;647935,,1910860.0,0.0,Retained;Retained;Retained,0.0,,1669178.0,1669178.0,False,vet_min,spotrac,112414000
devin cannady,2021,185578.0,1.0,185578.0,100000.0,100000.0,1.0,,85578,100000.0,85578.0,0.0,Active;Retained,1.0,,1489065.0,100000.0,True,vet_min,spotrac,112414000
freddie gillespie,2021,171156.0,1.0,171156.0,85578.0,85578.0,2.0,221156.0,85578;50000,,221156.0,0.0,Retained;Retained;Retained,0.0,,,,False,retained_only,spotrac,112414000
hassani gravett,2021,106352.0,1.0,106352.0,,,,,,,,,,,,106352.0,,False,fallback_bbref,bbref,112414000
b.j. johnson,2021,95930.0,1.0,95930.0,,,,,,,,,,,,95930.0,,False,fallback_bbref,bbref,112414000
aleem ford,2021,53176.0,1.0,53176.0,,,,,,,,,,,,53176.0,,False,fallback_bbref,bbref,112414000
danny green,2021,10000000.0,1.0,10000000.0,10000000.0,10000000.0,1.0,,,10000000.0,,0.0,Active,1.0,,10000000.0,10000000.0,True,status_active,spotrac,112414000
furkan korkmaz,2021,4629630.0,2.0,4629630.0,4629630.0,4629630.0,1.0,,,4629630.0,,0.0,Active,1.0,,4629630.0,4629630.0,True,status_active,spotrac,112414000
paul millsap,2021,2641691.0,1.0,1669178.0,1745945.0,1745945.0,2.0,2641691.0,895746,895746.0,1745945.0,0.0,Retained;Active,1.0,,1669178.0,1669178.0,True,vet_min,spotrac,112414000
jaden springer,2021,2023680.0,2.0,2023680.0,2023680.0,2023680.0,1.0,,,2023680.0,,0.0,Active,1.0,,2023680.0,2023680.0,True,status_active,spotrac,112414000
shake milton,2021,1846738.0,3.0,1846738.0,1846738.0,1846738.0,1.0,,,1846738.0,,0.0,Active,1.0,,1846738.0,1846738.0,False,vet_min,spotrac,112414000
tyler johnson,2021,128709.0,1.0,128709.0,128709.0,128709.0,2.0,257418.0,128709,,257418.0,0.0,Retained;Retained,0.0,,,,False,retained_only,spotrac,112414000
jae crowder,2021,9720900.0,2.0,9720900.0,9720900.0,9720900.0,1.0,,,9720900.0,,0.0,Active,1.0,,9720900.0,9720900.0,False,status_active,spotrac,112414000
torrey craig,2021,4878049.0,2.0,4878049.0,3223998.0,3223998.0,2.0,4878049.0,1654051,1654051.0,3223998.0,0.0,Retained;Active,1.0,,4878049.0,4878049.0,True,signing_contract,spotrac,112414000
elfrid payton,2021,2239544.0,1.0,1669178.0,2239544.0,2239544.0,1.0,,,2239544.0,,0.0,Active,1.0,,2239544.0,2239544.0,True,status_active,spotrac,112414000
frank kaminsky,2021,2089448.0,1.0,1669178.0,2089448.0,2089448.0,1.0,,,,2089448.0,0.0,Retained,0.0,,,,True,retained_only,spotrac,112414000
abdel nader,2021,2000000.0,2.0,2000000.0,2000000.0,2000000.0,1.0,,,,2000000.0,0.0,Retained,0.0,,,,True,retained_only,spotrac,112414000
paris bass,2021,106352.0,1.0,106352.0,,,,,,,,,,,,106352.0,,False,fallback_bbref,bbref,112414000
emanuel terry,2021,85578.0,1.0,85578.0,,,,,,,,,,,,85578.0,,False,fallback_bbref,bbref,112414000
m.j. walker,2021,53176.0,1.0,53176.0,,,,,,,,,,,,53176.0,,False,fallback_bbref,bbref,112414000
ish wainright,2021,8558.0,1.0,8558.0,8558.0,8558.0,2.0,258558.0,250000,8558.0,250000.0,0.0,Active;Retained,1.0,,8558.0,8558.0,True,signing_contract,spotrac,112414000
eric bledsoe,2021,18125000.0,1.0,18125000.0,11354167.0,11354167.0,2.0,18125000.0,6770833,6770833.0,11354167.0,0.0,Retained;Active,1.0,,18125000.0,18125000.0,False,status_active,spotrac,112414000
justise winslow,2021,3902439.0,2.0,3902439.0,2444631.0,2444631.0,2.0,3902439.0,1457808,1457808.0,2444631.0,0.0,Retained;Active,1.0,,3902439.0,3902439.0,True,signing_contract,spotrac,112414000
andrew nicholson,2021,2844430.0,5.0,2844430.0,,,,,,,,,,,,2844430.0,,False,fallback_bbref,bbref,112414000
cody zeller,2021,2389641.0,1.0,2389641.0,,,,,,,,,,,,2389641.0,,False,fallback_bbref,bbref,112414000
ben mclemore,2021,2389641.0,1.0,1669178.0,2389641.0,2389641.0,1.0,,,2389641.0,,0.0,Active,1.0,,2389641.0,2389641.0,True,status_active,spotrac,112414000
dennis smith,2021,1789256.0,1.0,1789256.0,,,,,,,,,,,,1789256.0,,False,fallback_bbref,bbref,112414000
elijah hughes,2021,1517981.0,1.0,1517981.0,514718.0,514718.0,2.0,1517981.0,1003263,514718.0,1003263.0,0.0,Active;Retained,1.0,,1517981.0,1517981.0,False,status_active,spotrac,112414000
cj elleby,2021,1517981.0,1.0,1517981.0,,,,,,,,,,,,1517981.0,,False,fallback_bbref,bbref,112414000
greg brown,2021,925258.0,1.0,925258.0,,,,,,,,,,,,925258.0,,False,fallback_bbref,bbref,112414000
trendon watford,2021,436482.0,1.0,436482.0,436482.0,436482.0,1.0,,,,,,,,,436482.0,436482.0,True,single,spotrac,112414000
cameron mcgriff,2021,53176.0,1.0,53176.0,,,,,,,,,,,,53176.0,,False,fallback_bbref,bbref,112414000
jarron cumberland,2021,53176.0,1.0,53176.0,,,,,,,,,,,,53176.0,,False,fallback_bbref,bbref,112414000
brandon williams,2021,53176.0,1.0,53176.0,53176.0,53176.0,1.0,,,,53176.0,0.0,Retained,0.0,,,,False,retained_only,spotrac,112414000
jeremy lamb,2021,10500000.0,1.0,10500000.0,3681034.0,3681034.0,1.0,,,3681034.0,,0.0,Active,1.0,,3681034.0,3681034.0,False,status_active,spotrac,112414000
richaun holmes,2021,10384500.0,2.0,10384500.0,10384500.0,10384500.0,1.0,,,10384500.0,,0.0,Active,1.0,,10384500.0,10384500.0,True,status_active,spotrac,112414000
justin holiday,2021,6006420.0,1.0,6006420.0,3900721.0,3900721.0,2.0,6006420.0,2105699,2105699.0,3900721.0,0.0,Retained;Active,1.0,,6006420.0,6006420.0,False,status_active,spotrac,112414000
josh jackson,2021,5005350.0,1.0,5005350.0,3308134.0,3308134.0,2.0,5005350.0,1697216,1697216.0,3308134.0,0.0,Retained;Active,1.0,,5005350.0,5005350.0,False,status_active,spotrac,112414000
maurice harkless,2021,4347600.0,1.0,4347600.0,4347600.0,4347600.0,1.0,,,4347600.0,,0.0,Active,1.0,,4347600.0,4347600.0,True,status_active,spotrac,112414000
terence davis,2021,4000000.0,2.0,4000000.0,4000000.0,4000000.0,1.0,,,4000000.0,,0.0,Active,1.0,,4000000.0,4000000.0,True,status_active,spotrac,112414000
alex len,2021,3732000.0,2.0,3732000.0,3732000.0,3732000.0,1.0,,,3732000.0,,0.0,Active,1.0,,3732000.0,3732000.0,True,status_active,spotrac,112414000
trey lyles,2021,2500000.0,2.0,2500000.0,847701.0,847701.0,2.0,2500000.0,1652299,847701.0,1652299.0,0.0,Active;Retained,1.0,,2500000.0,2500000.0,True,signing_contract,spotrac,112414000
damian jones,2021,1977011.0,1.0,1977011.0,,,,,,,,,,,,1977011.0,,False,fallback_bbref,bbref,112414000
chimezie metu,2021,1762796.0,2.0,1762796.0,,,,,,,,,,,,1762796.0,,False,fallback_bbref,bbref,112414000
jahmi'us ramsey,2021,1517981.0,1.0,1517981.0,1517981.0,1517981.0,1.0,,,,1517981.0,0.0,Retained,0.0,,,,False,retained_only,spotrac,112414000
robert woodard,2021,1517981.0,2.0,1517981.0,,,,,,,,,,,,1517981.0,,False,fallback_bbref,bbref,112414000
emmanuel mudiay,2021,111457.0,1.0,111457.0,111457.0,111457.0,1.0,,,,111457.0,0.0,Retained,0.0,,,,False,retained_only,spotrac,112414000
ade murkey,2021,53176.0,1.0,53176.0,,,,,,,,,,,,53176.0,,False,fallback_bbref,bbref,112414000
josh richardson,2021,11615328.0,1.0,11615328.0,7676797.0,7676797.0,2.0,11615328.0,3938531,3938531.0,7676797.0,0.0,Retained;Active / Player Exercised,1.0,,11615328.0,11615328.0,False,status_active,spotrac,112414000
tomas satoransky,2021,9531881.0,1.0,9531881.0,,,,,,,,,,,,9531881.0,,False,fallback_bbref,bbref,112414000
lonnie walker,2021,4447896.0,1.0,4447896.0,,,,,,,,,,,,4447896.0,,False,fallback_bbref,bbref,112414000
chandler hutchison,2021,4019459.0,1.0,4019459.0,,,,,,,,,,,,4019459.0,,False,fallback_bbref,bbref,112414000
joshua primo,2021,3946800.0,2.0,3946800.0,3946800.0,3946800.0,1.0,,,3946800.0,,0.0,Active,1.0,,3946800.0,3946800.0,True,status_active,spotrac,112414000
romeo langford,2021,3804360.0,1.0,3804360.0,2514376.0,2514376.0,2.0,3804360.0,1289984,1289984.0,2514376.0,0.0,Retained;Active / Club Exercised,1.0,,3804360.0,3804360.0,False,status_active,spotrac,112414000
luka samanic,2021,2959080.0,3.0,2959080.0,,,,,,,,,,,,2959080.0,,False,fallback_bbref,bbref,112414000
keita bates-diop,2021,1729217.0,2.0,1729217.0,1729217.0,1729217.0,1.0,,,1729217.0,,0.0,Active,1.0,,1729217.0,1729217.0,True,vet_min,spotrac,112414000
demarre carroll,2021,1242340.0,1.0,1242340.0,1242340.0,1242340.0,1.0,,,,1242340.0,0.0,Retained,0.0,,,,False,retained_only,spotrac,112414000
devontae cacok,2021,364533.0,1.0,364533.0,364533.0,364533.0,1.0,,,364533.0,,0.0,Active,1.0,,364533.0,364533.0,True,status_active,spotrac,112414000
joe wieskamp,2021,202068.0,1.0,202068.0,202068.0,202068.0,1.0,,,202068.0,,0.0,Active,1.0,,202068.0,202068.0,True,status_active,spotrac,112414000
jaylen morris,2021,95930.0,1.0,95930.0,,,,,,,,,,,,95930.0,,False,fallback_bbref,bbref,112414000
anthony lamb,2021,85578.0,1.0,85578.0,85578.0,85578.0,1.0,,,,85578.0,0.0,Retained,0.0,,,,False,retained_only,spotrac,112414000
og anunoby,2021,16071429.0,2.0,16071429.0,16071429.0,16071429.0,1.0,,,,,,,,,16071429.0,16071429.0,True,single,spotrac,112414000
thaddeus young,2021,14190000.0,1.0,14190000.0,9378448.0,9378448.0,2.0,14190000.0,4811552,4811552.0,9378448.0,0.0,Retained;Active,1.0,,14190000.0,14190000.0,False,status_active,spotrac,112414000
khem birch,2021,6350000.0,1.0,6350000.0,6350000.0,6350000.0,1.0,,,6350000.0,,0.0,Active,1.0,,6350000.0,6350000.0,True,status_active,spotrac,112414000
malachi flynn,2021,2048040.0,3.0,2048040.0,2048040.0,2048040.0,1.0,,,2048040.0,,0.0,Active,1.0,,2048040.0,2048040.0,False,status_active,spotrac,112414000
yuta watanabe,2021,1762796.0,1.0,1762796.0,1762796.0,1762796.0,1.0,,,1762796.0,,0.0,Active,1.0,,1762796.0,1762796.0,False,status_active,spotrac,112414000
isaac bonga,2021,1729217.0,1.0,1669178.0,1729217.0,1729217.0,1.0,,,1729217.0,,0.0,Active,1.0,,1669178.0,1669178.0,True,vet_min,spotrac,112414000
sam dekker,2021,350000.0,1.0,350000.0,,,,,,,,,,,,350000.0,,False,fallback_bbref,bbref,112414000
d.j. wilson,2021,308493.0,1.0,308493.0,,,,,,,,,,,,308493.0,,False,fallback_bbref,bbref,112414000
tremont waters,2021,95930.0,1.0,95930.0,95930.0,95930.0,2.0,191860.0,95930,,191860.0,0.0,Retained;Retained,0.0,,1669178.0,,True,vet_min,spotrac,112414000
bojan bogdanovic,2021,18502000.0,3.0,18502000.0,,,,,,,,,,,,18502000.0,,False,fallback_bbref,bbref,112414000
juancho hernangomez,2021,6175440.0,1.0,6175440.0,,,,,,,,,,,,6175440.0,,False,fallback_bbref,bbref,112414000
rudy gay,2021,5890000.0,2.0,5890000.0,5890000.0,5890000.0,1.0,,,5890000.0,,0.0,Active,1.0,,5890000.0,5890000.0,True,status_active,spotrac,112414000
hassan whiteside,2021,2401537.0,1.0,1669178.0,,,,,,,,,,,,1669178.0,,True,fallback_bbref,bbref,112414000
udoka azubuike,2021,2075880.0,3.0,2075880.0,2075880.0,2075880.0,1.0,,,2075880.0,,0.0,Active,1.0,,2075880.0,2075880.0,False,status_active,spotrac,112414000
eric paschall,2021,1782621.0,1.0,1782621.0,1782621.0,1782621.0,1.0,,,1782621.0,,0.0,Active,1.0,,1782621.0,1782621.0,False,status_active,spotrac,112414000
jared butler,2021,925258.0,1.0,925258.0,925258.0,925258.0,1.0,,,925258.0,,0.0,Active,1.0,,925258.0,925258.0,True,vet_min,spotrac,112414000
jarrell brantley,2021,84414.0,1.0,84414.0,,,,,,,,,,,,84414.0,,True,fallback_bbref,bbref,112414000
trent forrest,2021,8558.0,1.0,8558.0,8558.0,8558.0,1.0,,,8558.0,,0.0,Active,1.0,,8558.0,8558.0,True,status_active,spotrac,112414000
ish smith,2021,4500000.0,1.0,4500000.0,1525862.0,1525862.0,1.0,,,,,,,,,1525862.0,1525862.0,True,single,spotrac,112414000
raul neto,2021,2089448.0,1.0,1669178.0,2089448.0,2089448.0,1.0,,,2089448.0,,0.0,Active,1.0,,1669178.0,1669178.0,True,vet_min,spotrac,112414000
vernon carey,2021,1517981.0,1.0,1517981.0,,,,,,,,,,,,1517981.0,,False,fallback_bbref,bbref,112414000
isaiah todd,2021,1500000.0,2.0,1500000.0,1500000.0,1500000.0,1.0,,,1500000.0,,0.0,Active,1.0,,1500000.0,1500000.0,True,status_active,spotrac,112414000
jaime echenique,2021,53176.0,1.0,53176.0,,,,,,,,,,,,53176.0,,False,fallback_bbref,bbref,112414000
jordan schakel,2021,53176.0,1.0,53176.0,,,,,,,,,,,,53176.0,,False,fallback_bbref,bbref,112414000
craig sword,2021,53176.0,1.0,53176.0,,,,,,,,,,,,53176.0,,False,fallback_bbref,bbref,112414000
aj griffin,2022,3536160.0,2.0,3536160.0,3536160.0,3536160.0,1.0,,,3536160.0,,0.0,Active,1.0,,3536160.0,3536160.0,True,status_active,spotrac,123655000
bruno fernando,2022,2717391.0,2.0,2717391.0,,,,,,,,,,,,2717391.0,,False,fallback_bbref,bbref,123655000
derrick favors,2022,105522.0,1.0,105522.0,167003.0,167003.0,2.0,10350803.0,10183800,,10350803.0,0.0,Retained;Retained,0.0,,10350803.0,10350803.0,False,status_active,spotrac,123655000
malcolm brogdon,2022,22600000.0,1.0,22600000.0,22600000.0,22600000.0,1.0,,,22600000.0,,0.0,Active,1.0,,22600000.0,22600000.0,False,status_active,spotrac,123655000
danilo gallinari,2022,6479000.0,1.0,6479000.0,6479000.0,6479000.0,2.0,19479000.0,13000000,6479000.0,13000000.0,0.0,Active;Retained,1.0,,6479000.0,19479000.0,True,salary_override,curated,123655000
mike muscala,2022,3500000.0,1.0,3500000.0,1186782.0,1186782.0,2.0,3500000.0,2313218,1186782.0,2313218.0,0.0,Active;Retained,1.0,,3500000.0,3500000.0,True,signing_contract,spotrac,123655000
blake griffin,2022,1836090.0,1.0,1836090.0,2905851.0,2905851.0,1.0,,,2905851.0,,0.0,Active,1.0,,2905851.0,2905851.0,True,status_active,spotrac,123655000
demetrius jackson,2022,92857.0,5.0,92857.0,92857.0,92857.0,1.0,,,,92857.0,0.0,Retained,0.0,,,,False,retained_only,spotrac,123655000
ben simmons,2022,35448672.0,4.0,35448672.0,35448672.0,35448672.0,1.0,,,35448672.0,,0.0,Active,1.0,,35448672.0,35448672.0,False,status_active,spotrac,123655000
spencer dinwiddie,2022,19500000.0,1.0,19500000.0,6413793.0,7913793.0,2.0,18000000.0,11586207,7913793.0,11586207.0,0.0,Active;Retained,1.0,,18000000.0,18000000.0,False,status_active,spotrac,123655000
joe harris,2022,18642857.0,3.0,18642857.0,18642857.0,18642857.0,1.0,,,18642857.0,,0.0,Active,1.0,,18642857.0,18642857.0,False,status_active,spotrac,123655000
patty mills,2022,6479000.0,2.0,6479000.0,6479000.0,6479000.0,1.0,,,6479000.0,,0.0,Active,1.0,,6479000.0,6479000.0,True,status_active,spotrac,123655000
edmond sumner,2022,1968175.0,1.0,1968175.0,1968175.0,1968175.0,1.0,,,1968175.0,,0.0,Active,1.0,,1836090.0,1836090.0,True,vet_min,spotrac,123655000
yuta watanabe,2022,1836090.0,1.0,1836090.0,1968175.0,1968175.0,1.0,,,1968175.0,,0.0,Active,1.0,,1836090.0,1836090.0,True,vet_min,spotrac,123655000
moses brown,2022,105522.0,1.0,105522.0,109318.0,109318.0,1.0,,109318,,218636.0,0.0,Retained;Retained,0.0,,1836090.0,,True,vet_min,spotrac,123655000
nerlens noel,2022,105522.0,1.0,105522.0,151821.0,151821.0,2.0,9391821.0,9240000,,9391821.0,0.0,Retained;Buyout,0.0,,151821.0,151821.0,False,status_active,spotrac,123655000
david duke,2022,28241.0,1.0,28241.0,,,,,,,,,,,,28241.0,,False,fallback_bbref,bbref,123655000
gordon hayward,2022,30075000.0,3.0,30075000.0,30075000.0,30075000.0,1.0,,,30075000.0,,0.0,Active,1.0,,30075000.0,30075000.0,False,status_active,spotrac,123655000
reggie jackson,2022,10876844.0,1.0,10876844.0,3464460.0,3464460.0,3.0,11795360.0,918516;7412384,918516.0,10876844.0,0.0,Retained;Active;Retained,1.0,,918516.0,11795360.0,True,signing_contract,spotrac,123655000
cody martin,2022,7000000.0,2.0,7000000.0,,,,,,,,,,,,7000000.0,,False,fallback_bbref,bbref,123655000
james bouknight,2022,4362240.0,3.0,4362240.0,4362240.0,4362240.0,1.0,,,4362240.0,,0.0,Active,1.0,,4362240.0,4362240.0,False,status_active,spotrac,123655000
kai jones,2022,2909040.0,3.0,2909040.0,2909040.0,2909040.0,1.0,,,2909040.0,,0.0,Active,1.0,,2909040.0,2909040.0,False,status_active,spotrac,123655000
dennis smith,2022,1836090.0,1.0,1836090.0,,,,,,,,,,,,1836090.0,,False,fallback_bbref,bbref,123655000
jt thor,2022,1563518.0,1.0,1563518.0,1563518.0,1563518.0,1.0,,,1563518.0,,0.0,Active,1.0,,1563518.0,1563518.0,False,status_active,spotrac,123655000
bryce mcgowens,2022,1075000.0,1.0,1075000.0,1075000.0,1075000.0,1.0,,,,,,,,,1075000.0,1075000.0,True,single,spotrac,123655000
xavier sneed,2022,94136.0,1.0,94136.0,94136.0,94136.0,1.0,,,,94136.0,0.0,Retained,0.0,,,,True,retained_only,spotrac,123655000
kobi simmons,2022,32795.0,1.0,32795.0,32795.0,32795.0,1.0,,,32795.0,,0.0,Active,1.0,,32795.0,32795.0,True,status_active,spotrac,123655000
dalen terry,2022,3191400.0,3.0,3191400.0,3191400.0,3191400.0,1.0,,,3191400.0,,0.0,Active,1.0,,3191400.0,3191400.0,True,status_active,spotrac,123655000
goran dragic,2022,1836090.0,1.0,1836090.0,,,,,,,,,,,,1836090.0,,False,fallback_bbref,bbref,123655000
marko simonovic,2022,1563518.0,1.0,1563518.0,1563518.0,1563518.0,1.0,,,1563518.0,,0.0,Active,1.0,,1563518.0,1563518.0,False,status_active,spotrac,123655000
patrick beverley,2022,506508.0,1.0,506508.0,801614.0,801614.0,3.0,13801614.0,8591954;4408046,801614.0,13000000.0,0.0,Active;Retained;Retained,1.0,,801614.0,13801614.0,True,signing_contract,spotrac,123655000
carlik jones,2022,357717.0,1.0,357717.0,,,,,,,,,,,,357717.0,,False,fallback_bbref,bbref,123655000
cedi osman,2022,7426088.0,3.0,7426088.0,,,,,,,,,,,,7426088.0,,False,fallback_bbref,bbref,123655000
dylan windler,2022,4037278.0,1.0,4037278.0,4037278.0,4037278.0,1.0,,,4037278.0,,0.0,Active / Club Exercised,1.0,,4037278.0,4037278.0,False,status_active,spotrac,123655000
danny green,2022,2000000.0,1.0,2000000.0,2000000.0,2000000.0,3.0,11710528.0,6609195;3101333,2000000.0,9710528.0,0.0,Active;Retained;Retained,1.0,,2000000.0,11710528.0,True,signing_contract,spotrac,123655000
raul neto,2022,1836090.0,1.0,1836090.0,2463490.0,2463490.0,1.0,,,2463490.0,,0.0,Active,1.0,,2463490.0,2463490.0,True,status_active,spotrac,123655000
robin lopez,2022,1836090.0,1.0,1836090.0,2905851.0,2905851.0,1.0,,,2905851.0,,0.0,Active,1.0,,2905851.0,2905851.0,True,status_active,spotrac,123655000
lamar stevens,2022,1782621.0,1.0,1782621.0,1782621.0,1782621.0,1.0,,,1782621.0,,0.0,Active,1.0,,1782621.0,1782621.0,False,vet_min,spotrac,123655000
davis bertans,2022,16000000.0,2.0,16000000.0,,,,,,,,,,,,16000000.0,,False,fallback_bbref,bbref,123655000
christian wood,2022,14317459.0,1.0,14317459.0,,,,,,,,,,,,14317459.0,,False,fallback_bbref,bbref,123655000
reggie bullock,2022,10012800.0,2.0,10012800.0,10012800.0,10012800.0,1.0,,,10012800.0,,0.0,Active,1.0,,10012800.0,10012800.0,False,status_active,spotrac,123655000
frank ntilikina,2022,2036318.0,2.0,2036318.0,2036318.0,2036318.0,1.0,,,2036318.0,,0.0,Active,1.0,,2036318.0,2036318.0,False,status_active,spotrac,123655000
theo pinson,2022,1836090.0,1.0,1836090.0,1968175.0,1968175.0,1.0,,,1968175.0,,0.0,Active,1.0,,1836090.0,1836090.0,True,vet_min,spotrac,123655000
markieff morris,2022,1836090.0,2.0,1836090.0,1035418.0,1035418.0,2.0,2905851.0,1870433,1035418.0,1870433.0,0.0,Active;Retained,1.0,,2905851.0,2905851.0,True,signing_contract,spotrac,123655000
kemba walker,2022,684712.0,1.0,684712.0,684712.0,684712.0,3.0,37281261.0,9165471;27431078,,37281261.0,0.0,Retained;Retained;Retained,0.0,,2204439.0,37281261.0,True,signing_contract,spotrac,123655000
justin holiday,2022,569821.0,1.0,569821.0,4158797.0,4158797.0,3.0,7112272.0,819832;2133643,819832.0,6292440.0,0.0,Retained;Active;Retained,1.0,,819832.0,7112272.0,True,signing_contract,spotrac,123655000
facundo campazzo,2022,464299.0,1.0,464299.0,464299.0,464299.0,1.0,,,,464299.0,0.0,Retained,0.0,,,,False,retained_only,spotrac,123655000
chris silva,2022,105522.0,1.0,105522.0,,,,,,,,,,,,105522.0,,False,fallback_bbref,bbref,123655000
ish smith,2022,4725000.0,1.0,4725000.0,4725000.0,4725000.0,1.0,,,,,,,,,4725000.0,4725000.0,False,single,spotrac,123655000
vlatko cancar,2022,2234359.0,3.0,2234359.0,,,,,,,,,,,,2234359.0,,False,fallback_bbref,bbref,123655000
bojan bogdanovic,2022,19550000.0,1.0,19550000.0,,,,,,,,,,,,19550000.0,,False,fallback_bbref,bbref,123655000
alec burks,2022,10012800.0,1.0,10012800.0,10012800.0,10012800.0,1.0,,,10012800.0,,0.0,Active,1.0,,10012800.0,10012800.0,False,status_active,spotrac,123655000
hamidou diallo,2022,5200000.0,2.0,5200000.0,5200000.0,5200000.0,1.0,,,5200000.0,,0.0,Active / Club Exercised,1.0,,5200000.0,5200000.0,False,status_active,spotrac,123655000
cory joseph,2022,5155500.0,1.0,5155500.0,,,,,,,,,,,,5155500.0,,False,fallback_bbref,bbref,123655000
dewayne dedmon,2022,2748674.0,5.0,2748674.0,2748674.0,2748674.0,4.0,8283688.0,3052299;835014;1647701,835014.0,7448674.0,0.0,Retained;Retained;Active;Retained,1.0,,835014.0,8283688.0,True,signing_contract,spotrac,123655000
rodney mcgruder,2022,1836090.0,2.0,1836090.0,2298385.0,2298385.0,1.0,,,2298385.0,,0.0,Active,1.0,,2298385.0,2298385.0,True,status_active,spotrac,123655000
isaiah livers,2022,1563518.0,1.0,1563518.0,1563518.0,1563518.0,1.0,,,1563518.0,,0.0,Active,1.0,,1563518.0,1563518.0,False,status_active,spotrac,123655000
r.j. hampton,2022,485403.0,1.0,485403.0,485403.0,485403.0,2.0,2898243.0,2412840,485403.0,2412840.0,0.0,Active;Retained,1.0,,485403.0,485403.0,True,status_active,spotrac,123655000
eugene omoruyi,2022,269445.0,1.0,269445.0,269445.0,269445.0,2.0,1013119.0,94136;94136;555402,269445.0,743674.0,0.0,Active;Retained;Retained;Retained,1.0,,1013119.0,269445.0,True,signing_contract,spotrac,123655000
stanley umude,2022,58493.0,1.0,58493.0,58493.0,58493.0,1.0,,,,58493.0,0.0,Retained,0.0,,,,True,retained_only,spotrac,123655000
jamychal green,2022,1836090.0,1.0,1836090.0,2628597.0,2628597.0,2.0,8200000.0,5571403,2628597.0,5571403.0,0.0,Active;Retained,1.0,,2628597.0,2628597.0,True,signing_contract,spotrac,123655000
andre iguodala,2022,1836090.0,1.0,1836090.0,2905851.0,2905851.0,1.0,,,2905851.0,,0.0,Active,1.0,1836090.0,1836090.0,1836090.0,True,spotrac_cap_hit,spotrac,123655000
anthony lamb,2022,253254.0,1.0,253254.0,253254.0,253254.0,1.0,,,253254.0,,0.0,Active,1.0,,253254.0,253254.0,True,status_active,spotrac,123655000
lester quinones,2022,58493.0,1.0,58493.0,58493.0,58493.0,1.0,,,,58493.0,0.0,Retained,0.0,,,,False,retained_only,spotrac,123655000
john wall,2022,40866760.0,3.0,40866760.0,4282098.0,4282098.0,2.0,47345760.0,40866760;2196902,,47345760.0,0.0,Retained;Retained;Retained,0.0,,47345760.0,47345760.0,True,status_active,spotrac,123655000
maurice harkless,2022,4564980.0,1.0,4564980.0,4564980.0,4564980.0,1.0,,,,4564980.0,0.0,Retained,0.0,,4564980.0,4564980.0,False,status_active,spotrac,123655000
boban marjanovic,2022,3500000.0,1.0,3500000.0,,,,,,,,,,,,3500000.0,,False,fallback_bbref,bbref,123655000
usman garuba,2022,2471160.0,2.0,2471160.0,2471160.0,2471160.0,1.0,,,2471160.0,,0.0,Active,1.0,,2471160.0,2471160.0,False,status_active,spotrac,123655000
josh christopher,2022,2372160.0,2.0,2372160.0,2372160.0,2372160.0,1.0,,,2372160.0,,0.0,Active,1.0,,2372160.0,2372160.0,False,status_active,spotrac,123655000
tyty washington,2022,2210040.0,1.0,2210040.0,,,,,,,,,,,,2210040.0,,False,fallback_bbref,bbref,123655000
theo maledon,2022,1900000.0,1.0,1900000.0,,,,,,,,,,,,1900000.0,,False,fallback_bbref,bbref,123655000
frank kaminsky,2022,1836090.0,1.0,1836090.0,1628169.0,1628169.0,2.0,2463490.0,835321,835321.0,1628169.0,0.0,Retained;Active,1.0,,2463490.0,2463490.0,True,signing_contract,spotrac,123655000
kenyon martin,2022,1782621.0,1.0,1782621.0,,,,,,,,,,,,1782621.0,,False,fallback_bbref,bbref,123655000
daishen nix,2022,1563518.0,1.0,1563518.0,,,,,,,,,,,,1563518.0,,False,fallback_bbref,bbref,123655000
d.j. augustin,2022,333333.0,1.0,333333.0,,,,,,,,,,,,333333.0,,False,fallback_bbref,bbref,123655000
troy williams,2022,122741.0,4.0,122741.0,122741.0,122741.0,1.0,,,,122741.0,0.0,Retained,0.0,,,,False,retained_only,spotrac,123655000
willie cauley-stein,2022,105522.0,1.0,105522.0,141580.0,141580.0,1.0,,14158,14158.0,141580.0,0.0,Retained;Active,1.0,,14158.0,14158.0,True,signing_contract,spotrac,123655000
daniel theis,2022,8694369.0,1.0,8694369.0,8694369.0,8694369.0,1.0,,,8694369.0,,0.0,Active,1.0,,8694369.0,8694369.0,False,status_active,spotrac,123655000
george hill,2022,4000000.0,1.0,4000000.0,1356322.0,1356322.0,2.0,4000000.0,2643678,1356322.0,2643678.0,0.0,Active;Retained,1.0,4000000.0,4000000.0,4000000.0,False,spotrac_cap_hit,spotrac,123655000
chris duarte,2022,3936960.0,2.0,3936960.0,,,,,,,,,,,,3936960.0,,False,fallback_bbref,bbref,123655000
jordan nwora,2022,2800000.0,1.0,2800000.0,949425.0,949425.0,2.0,2800000.0,1850575,949425.0,1850575.0,0.0,Active;Retained,1.0,,2800000.0,2800000.0,True,signing_contract,spotrac,123655000
oshae brissett,2022,1846738.0,2.0,1846738.0,1846738.0,1846738.0,1.0,,,1846738.0,,0.0,Active / Club Exercised,1.0,,1846738.0,1846738.0,False,vet_min,spotrac,123655000
serge ibaka,2022,1836090.0,1.0,1836090.0,985317.0,985317.0,2.0,2905851.0,1920534,,2905851.0,0.0,Retained;Retained,0.0,,2905851.0,2905851.0,True,signing_contract,spotrac,123655000
james johnson,2022,1836090.0,1.0,1836090.0,2905851.0,2905851.0,1.0,,935216,935216.0,2905851.0,0.0,Retained;Active,1.0,,2905851.0,935216.0,True,signing_contract,spotrac,123655000
terry taylor,2022,1563518.0,1.0,1563518.0,1563518.0,1563518.0,1.0,,,,1563518.0,0.0,Retained,0.0,,,,False,retained_only,spotrac,123655000
nik stauskas,2022,702311.0,3.0,702311.0,702311.0,702311.0,1.0,,,,702311.0,0.0,Retained,0.0,,702311.0,702311.0,False,status_active,spotrac,123655000
juwan morgan,2022,576230.0,3.0,576230.0,576230.0,576230.0,1.0,,,,576230.0,0.0,Retained,0.0,,576230.0,576230.0,True,status_active,spotrac,123655000
malik fitts,2022,555217.0,3.0,555217.0,555217.0,555217.0,1.0,,,,555217.0,0.0,Retained,0.0,,555217.0,555217.0,True,status_active,spotrac,123655000
marcus morris,2022,16372093.0,4.0,16372093.0,16372093.0,16372093.0,1.0,,,16372093.0,,0.0,Active,1.0,,16372093.0,16372093.0,False,status_active,spotrac,123655000
robert covington,2022,12307692.0,2.0,12307692.0,12307692.0,12307692.0,1.0,,,12307692.0,,0.0,Active,1.0,,12307692.0,12307692.0,True,status_active,spotrac,123655000
brandon boston,2022,1563518.0,1.0,1563518.0,,,,,,,,,,,,1563518.0,,False,fallback_bbref,bbref,123655000
jason preston,2022,1563518.0,1.0,1563518.0,1563518.0,1563518.0,1.0,,,1563518.0,,0.0,Active,1.0,,1563518.0,1563518.0,False,status_active,spotrac,123655000
malik beasley,2022,15558035.0,1.0,15558035.0,5241518.0,5241518.0,2.0,15458035.0,10216517,5241518.0,10216517.0,0.0,Active;Retained,1.0,,15458035.0,15458035.0,False,status_active,spotrac,123655000
lonnie walker,2022,6479000.0,1.0,6479000.0,,,,,,,,,,,,6479000.0,,False,fallback_bbref,bbref,123655000
davon reed,2022,1902133.0,1.0,1836090.0,1257157.0,1257157.0,2.0,1902133.0,644976,,1902133.0,0.0,Retained;Retained,0.0,,1902133.0,1836090.0,True,vet_min,spotrac,123655000
wenyen gabriel,2022,1878720.0,1.0,1836090.0,1878720.0,1878720.0,1.0,,,1878720.0,,0.0,Active / Club Exercised,1.0,,1878720.0,1878720.0,False,status_active,spotrac,123655000
troy brown,2022,1836090.0,1.0,1836090.0,,,,,,,,,,,,1836090.0,,False,fallback_bbref,bbref,123655000
matt ryan,2022,442439.0,1.0,442439.0,442439.0,442439.0,1.0,,,,442439.0,0.0,Retained,0.0,,,,True,retained_only,spotrac,123655000
sterling brown,2022,105522.0,1.0,105522.0,122602.0,122602.0,2.0,3122602.0,3000000,,3122602.0,0.0,Retained;Retained,0.0,,3122602.0,3122602.0,False,status_active,spotrac,123655000
shaquille harrison,2022,12260.0,1.0,12260.0,12260.0,12260.0,2.0,134862.0,122602,12260.0,122602.0,0.0,Active;Retained,1.0,,2133278.0,12260.0,True,signing_contract,spotrac,123655000
tristan thompson,2022,10552.0,1.0,10552.0,16700.0,16700.0,1.0,,,16700.0,,0.0,Active,1.0,,16700.0,16700.0,True,status_active,spotrac,123655000
david roddy,2022,2588640.0,1.0,2588640.0,2588640.0,2588640.0,1.0,,,2588640.0,,0.0,Active,1.0,,2588640.0,2588640.0,True,status_active,spotrac,123655000
killian tillie,2022,1901625.0,2.0,1901625.0,1901625.0,1901625.0,1.0,,,,1901625.0,0.0,Retained,0.0,,,,False,retained_only,spotrac,123655000
kennedy chandler,2022,1200000.0,1.0,1200000.0,1200000.0,1200000.0,1.0,,,,1200000.0,0.0,Retained,0.0,,,,True,retained_only,spotrac,123655000
kenneth lofton,2022,1000000.0,1.0,1000000.0,,,,,,,,,,,,1000000.0,,False,fallback_bbref,bbref,123655000
victor oladipo,2022,8750000.0,1.0,8750000.0,8750000.0,8750000.0,1.0,,,8750000.0,,0.0,Active,1.0,,8750000.0,8750000.0,True,status_active,spotrac,123655000
udonis haslem,2022,1836090.0,1.0,1836090.0,2905851.0,2905851.0,1.0,,,2905851.0,,0.0,Active,1.0,,2905851.0,2905851.0,True,status_active,spotrac,123655000
omer yurtseven,2022,1752638.0,1.0,1752638.0,1752638.0,1752638.0,1.0,,,1752638.0,,0.0,Active,1.0,,1752638.0,1752638.0,False,status_active,spotrac,123655000
cody zeller,2022,517060.0,1.0,517060.0,,,,,,,,,,,,517060.0,,False,fallback_bbref,bbref,123655000
jamaree bouyea,2022,58493.0,1.0,58493.0,58493.0,58493.0,2.0,116986.0,58493,,,,,,,1017781.0,116986.0,True,signing_contract,spotrac,123655000
jae crowder,2022,10183800.0,1.0,10183800.0,3453128.0,3453128.0,2.0,10183800.0,6730672,3453128.0,6730672.0,0.0,Active;Retained,1.0,,10183800.0,10183800.0,False,status_active,spotrac,123655000
marjon beauchamp,2022,2485200.0,2.0,2485200.0,2485200.0,2485200.0,1.0,,,2485200.0,,0.0,Active,1.0,,2485200.0,2485200.0,True,status_active,spotrac,123655000
wesley matthews,2022,1836090.0,2.0,1836090.0,2905851.0,2905851.0,1.0,,,2905851.0,,0.0,Active,1.0,,2905851.0,2905851.0,True,status_active,spotrac,123655000
meyers leonard,2022,284911.0,1.0,284911.0,409916.0,409916.0,1.0,,151821;151821,409916.0,303642.0,0.0,Active;Retained;Retained,1.0,,409916.0,409916.0,True,signing_contract,spotrac,123655000
karl-anthony towns,2022,33833400.0,5.0,33833400.0,33833400.0,33833400.0,1.0,,,,,,,,,33833400.0,33833400.0,False,single,spotrac,123655000
wendell moore,2022,2306520.0,2.0,2306520.0,,,,,,,,,,,,2306520.0,,False,fallback_bbref,bbref,123655000
jaylen nowell,2022,1930681.0,2.0,1930681.0,1930681.0,1930681.0,1.0,,,1930681.0,,0.0,Active / Club Exercised,1.0,,1930681.0,1930681.0,False,status_active,spotrac,123655000
bryn forbes,2022,1836090.0,1.0,1836090.0,,,,,,,,,,,,1836090.0,,False,fallback_bbref,bbref,123655000
austin rivers,2022,1836090.0,1.0,1836090.0,2905851.0,2905851.0,1.0,,,2905851.0,,0.0,Active,1.0,,2905851.0,2905851.0,True,status_active,spotrac,123655000
nathan knight,2022,1836090.0,1.0,1836090.0,1836090.0,1836090.0,1.0,,,1836090.0,,0.0,Active,1.0,,1836090.0,1836090.0,True,vet_min,spotrac,123655000
josh richardson,2022,12196094.0,1.0,12196094.0,4135457.0,4135457.0,2.0,12196094.0,8060637,4135457.0,8060637.0,0.0,Active;Retained,1.0,,12196094.0,12196094.0,True,signing_contract,spotrac,123655000
kira lewis,2022,4004280.0,3.0,4004280.0,,,,,,,,,,,,4004280.0,,False,fallback_bbref,bbref,123655000
willy hernangomez,2022,2443581.0,2.0,2443581.0,,,,,,,,,,,,2443581.0,,False,fallback_bbref,bbref,123655000
evan fournier,2022,18000000.0,2.0,18000000.0,18000000.0,18000000.0,1.0,,,18000000.0,,0.0,Active,1.0,,18000000.0,18000000.0,False,status_active,spotrac,123655000
derrick rose,2022,14520730.0,2.0,14520730.0,14520730.0,14520730.0,1.0,,,14520730.0,,0.0,Active,1.0,,14520730.0,14520730.0,False,status_active,spotrac,123655000
isaiah roby,2022,400000.0,1.0,400000.0,400000.0,400000.0,2.0,2330681.0,1930681,400000.0,1930681.0,0.0,Active;Retained,1.0,,400000.0,400000.0,True,status_active,spotrac,123655000
daquan jeffries,2022,300000.0,1.0,300000.0,,,,,,,,,,,,300000.0,,False,fallback_bbref,bbref,123655000
trevor keels,2022,58493.0,1.0,58493.0,,,,,,,,,,,,58493.0,,False,fallback_bbref,bbref,123655000
david nwaba,2022,5022000.0,1.0,5022000.0,5022000.0,5022000.0,1.0,,,,5022000.0,0.0,Retained,0.0,,5022000.0,5022000.0,False,status_active,spotrac,123655000
trey burke,2022,3423750.0,1.0,3423750.0,3300000.0,123750.0,2.0,,,,3423750.0,0.0,Retained;Retained,0.0,,3423750.0,,False,waived,bbref,123655000
aleksej pokusevski,2022,3261480.0,3.0,3261480.0,3261480.0,3261480.0,1.0,,,3261480.0,,0.0,Active / Club Exercised,1.0,,3261480.0,3261480.0,False,status_active,spotrac,123655000
marquese chriss,2022,2193920.0,1.0,2193920.0,2193920.0,2193920.0,1.0,,,,2193920.0,0.0,Retained,0.0,,2193920.0,2193920.0,False,status_active,spotrac,123655000
justin jackson,2022,1836090.0,1.0,1836090.0,1409925.0,1409925.0,2.0,2133278.0,723353,,2133278.0,0.0,Retained;Retained,0.0,,2133278.0,2133278.0,True,signing_contract,spotrac,123655000
kyle singler,2022,999200.0,4.0,999200.0,,,,,,,,,,,,999200.0,,False,fallback_bbref,bbref,123655000
robert woodard,2022,300000.0,1.0,300000.0,,,,,,,,,,,,300000.0,,False,fallback_bbref,bbref,123655000
markelle fultz,2022,16500000.0,3.0,16500000.0,16500000.0,16500000.0,1.0,,,16500000.0,,0.0,Active,1.0,,16500000.0,16500000.0,False,status_active,spotrac,123655000
terrence ross,2022,10581484.0,1.0,10581484.0,10581484.0,10581484.0,2.0,11500000.0,918516,918516.0,10581484.0,0.0,Retained;Active,1.0,,918516.0,918516.0,True,signing_contract,spotrac,123655000
chuma okeke,2022,3433320.0,3.0,3433320.0,,,,,,,,,,,,3433320.0,,False,fallback_bbref,bbref,123655000
bol bol,2022,2200000.0,2.0,2200000.0,2200000.0,2200000.0,1.0,,,2200000.0,,0.0,Active,1.0,,2200000.0,2200000.0,True,status_active,spotrac,123655000
michael carter-williams,2022,652829.0,1.0,652829.0,652829.0,652829.0,1.0,,,652829.0,,0.0,Active,1.0,,652829.0,652829.0,True,status_active,spotrac,123655000
admiral schofield,2022,506508.0,1.0,506508.0,506508.0,506508.0,1.0,,,506508.0,,0.0,Active,1.0,,506508.0,506508.0,True,status_active,spotrac,123655000
p.j. tucker,2022,10490000.0,1.0,10490000.0,10490000.0,10490000.0,1.0,,,10490000.0,,0.0,Active,1.0,,10490000.0,10490000.0,True,status_active,spotrac,123655000
furkan korkmaz,2022,5000000.0,2.0,5000000.0,5000000.0,5000000.0,1.0,,,5000000.0,,0.0,Active,1.0,,5000000.0,5000000.0,False,status_active,spotrac,123655000
danuel house,2022,4105000.0,1.0,4105000.0,,,,,,,,,,,,4105000.0,,False,fallback_bbref,bbref,123655000
montrezl harrell,2022,2463490.0,1.0,1836090.0,2463490.0,2463490.0,1.0,,,2463490.0,,0.0,Active,1.0,,2463490.0,2463490.0,True,status_active,spotrac,123655000
jaden springer,2022,2125200.0,2.0,2125200.0,2125200.0,2125200.0,1.0,,,2125200.0,,0.0,Active,1.0,,2125200.0,2125200.0,False,status_active,spotrac,123655000
shake milton,2022,1997718.0,3.0,1997718.0,1997718.0,1997718.0,1.0,,,1997718.0,,0.0,Active / Club Exercised,1.0,,1997718.0,1997718.0,False,status_active,spotrac,123655000
jalen mcdaniels,2022,1930681.0,1.0,1930681.0,1276025.0,1276025.0,2.0,1930681.0,654656,654656.0,1276025.0,0.0,Retained;Active / Club Exercised,1.0,,1930681.0,1930681.0,False,status_active,spotrac,123655000
trevelin queen,2022,330000.0,1.0,330000.0,330000.0,330000.0,1.0,,,,330000.0,0.0,Retained,0.0,,,,True,retained_only,spotrac,123655000
torrey craig,2022,5121951.0,2.0,5121951.0,5121951.0,5121951.0,1.0,,,5121951.0,,0.0,Active,1.0,,5121951.0,5121951.0,False,status_active,spotrac,123655000
darius bazley,2022,4264629.0,1.0,4264629.0,2818577.0,2818577.0,2.0,4264629.0,1446052,1446052.0,2818577.0,0.0,Retained;Active / Club Exercised,1.0,,4264629.0,4264629.0,False,status_active,spotrac,123655000
t.j. warren,2022,1836090.0,1.0,1836090.0,1737291.0,1737291.0,2.0,2628597.0,891306,891306.0,1737291.0,0.0,Retained;Active,1.0,,2628597.0,2628597.0,True,signing_contract,spotrac,123655000
damion lee,2022,1836090.0,1.0,1836090.0,,,,,,,,,,,,1836090.0,,False,fallback_bbref,bbref,123655000
ish wainright,2022,474851.0,1.0,474851.0,474851.0,474851.0,2.0,599851.0,125000,474851.0,125000.0,0.0,Active;Retained,1.0,,474851.0,474851.0,True,status_active,spotrac,123655000
saben lee,2022,105522.0,1.0,105522.0,105522.0,105522.0,3.0,1974174.0,105522;10492;1752638,,1974174.0,0.0,Retained;Retained;Retained;Retained,0.0,,1836090.0,1974174.0,True,vet_min,spotrac,123655000
cam reddish,2022,5954454.0,1.0,5954454.0,,,,,,,,,,,,5954454.0,,False,fallback_bbref,bbref,123655000
justise winslow,2022,4097561.0,2.0,4097561.0,4097561.0,4097561.0,1.0,,,4097561.0,,0.0,Active,1.0,,4097561.0,4097561.0,False,status_active,spotrac,123655000
kevin knox,2022,3000000.0,1.0,3000000.0,1982759.0,1982759.0,2.0,3000000.0,1017241,1017241.0,1982759.0,0.0,Retained;Active,1.0,,3000000.0,3000000.0,True,signing_contract,spotrac,123655000
andrew nicholson,2022,2844430.0,5.0,2844430.0,,,,,,,,,,,,2844430.0,,False,fallback_bbref,bbref,123655000
ryan arcidiacono,2022,1836090.0,1.0,1836090.0,1409925.0,1409925.0,2.0,2133278.0,723353,,2133278.0,0.0,Retained;Retained,0.0,,2133278.0,,True,signing_contract,spotrac,123655000
greg brown,2022,1563518.0,1.0,1563518.0,,,,,,,,,,,,1563518.0,,False,fallback_bbref,bbref,123655000
eric bledsoe,2022,1300000.0,3.0,1300000.0,1300000.0,1300000.0,1.0,,,,1300000.0,0.0,Retained,0.0,,,,False,retained_only,spotrac,123655000
skylar mays,2022,105522.0,1.0,105522.0,105522.0,105522.0,1.0,,10552,,116074.0,0.0,Retained;Retained,0.0,,1836090.0,,True,vet_min,spotrac,123655000
jeenathan williams,2022,52644.0,1.0,52644.0,52644.0,52644.0,1.0,,,52644.0,,0.0,Active,1.0,,52644.0,52644.0,True,status_active,spotrac,123655000
justin minaya,2022,35096.0,1.0,35096.0,,,,,,,,,,,,35096.0,,False,fallback_bbref,bbref,123655000
chance comanche,2022,5849.0,1.0,5849.0,,,,,,,,,,,,5849.0,,False,fallback_bbref,bbref,123655000
richaun holmes,2022,11215260.0,2.0,11215260.0,11215260.0,11215260.0,1.0,,,11215260.0,,0.0,Active,1.0,,11215260.0,11215260.0,False,status_active,spotrac,123655000
terence davis,2022,4000000.0,2.0,4000000.0,4000000.0,4000000.0,1.0,,,4000000.0,,0.0,Active,1.0,,4000000.0,4000000.0,False,status_active,spotrac,123655000
alex len,2022,3918600.0,2.0,3918600.0,3918600.0,3918600.0,1.0,,,3918600.0,,0.0,Active,1.0,,3918600.0,3918600.0,False,status_active,spotrac,123655000
trey lyles,2022,2625000.0,2.0,2625000.0,2625000.0,2625000.0,1.0,,,2625000.0,,0.0,Active / Player Exercised,1.0,,2625000.0,2625000.0,False,status_active,spotrac,123655000
chimezie metu,2022,1910860.0,2.0,1910860.0,,,,,,,,,,,,1910860.0,,False,fallback_bbref,bbref,123655000
kz okpala,2022,1902133.0,1.0,1836090.0,1902133.0,1902133.0,1.0,,,,1902133.0,0.0,Retained,0.0,,,,True,retained_only,spotrac,123655000
matthew dellavedova,2022,1836090.0,1.0,1836090.0,2628597.0,2628597.0,1.0,,,2628597.0,,0.0,Active,1.0,,2628597.0,2628597.0,True,status_active,spotrac,123655000
kessler edwards,2022,1637966.0,1.0,1637966.0,1063737.0,1063737.0,2.0,1637966.0,574229,574229.0,1063737.0,0.0,Retained;Active,1.0,,1637966.0,1637966.0,True,signing_contract,spotrac,123655000
pj dozier,2022,539450.0,1.0,539450.0,539450.0,539450.0,1.0,,122602;122602,539450.0,245204.0,0.0,Active;Retained;Retained,1.0,,2133278.0,539450.0,True,signing_contract,spotrac,123655000
chima moneke,2022,500000.0,1.0,500000.0,,,,,,,,,,,,500000.0,,False,fallback_bbref,bbref,123655000
deonte burton,2022,105522.0,1.0,105522.0,,,,,,,,,,,,105522.0,,False,fallback_bbref,bbref,123655000
dj steward,2022,50000.0,1.0,50000.0,,,,,,,,,,,,50000.0,,False,fallback_bbref,bbref,123655000
devonte' graham,2022,11550000.0,2.0,11550000.0,7633621.0,7633621.0,2.0,11550000.0,3916379,3916379.0,7633621.0,0.0,Retained;Active,1.0,,11550000.0,11550000.0,False,status_active,spotrac,123655000
khem birch,2022,6667500.0,2.0,6667500.0,2260819.0,2260819.0,2.0,6667500.0,4406681,2260819.0,4406681.0,0.0,Active;Retained,1.0,,6667500.0,6667500.0,False,status_active,spotrac,123655000
romeo langford,2022,5634257.0,1.0,5634257.0,5634257.0,5634257.0,1.0,,,5634257.0,,0.0,Active / Club Exercised,1.0,,5634257.0,5634257.0,False,status_active,spotrac,123655000
joshua primo,2022,4144320.0,2.0,4144320.0,4144320.0,4144320.0,1.0,,,,4144320.0,0.0,Retained,0.0,,,,False,retained_only,spotrac,123655000
joe wieskamp,2022,2175000.0,1.0,2175000.0,2175000.0,2175000.0,2.0,2909261.0,545989;94136;94136,545989.0,2363272.0,0.0,Retained;Active;Retained;Retained,1.0,,2175000.0,545989.0,True,signing_contract,spotrac,123655000
keita bates-diop,2022,1878720.0,2.0,1878720.0,1878720.0,1878720.0,1.0,,,1878720.0,,0.0,Active,1.0,,1878720.0,1878720.0,False,status_active,spotrac,123655000
gorgui dieng,2022,1836090.0,1.0,1836090.0,2641682.0,2641682.0,1.0,,895743;151821;151821,895743.0,2945324.0,0.0,Retained;Active;Retained;Retained,1.0,,2641682.0,895743.0,True,signing_contract,spotrac,123655000
stanley johnson,2022,1245164.0,1.0,1245164.0,1670643.0,1670643.0,2.0,4022164.0,2351521,,4022164.0,0.0,Retained;Retained,0.0,,1670643.0,4022164.0,True,signing_contract,spotrac,123655000
noah vonleh,2022,1160955.0,1.0,1160955.0,1132639.0,1132639.0,2.0,1160955.0,28316,,1160955.0,0.0,Retained;Retained,0.0,,2463490.0,1160955.0,True,signing_contract,spotrac,123655000
alize johnson,2022,192293.0,1.0,192293.0,192293.0,192293.0,1.0,,,,192293.0,0.0,Retained,0.0,,,,True,retained_only,spotrac,123655000
jordan hall,2022,175479.0,1.0,175479.0,,,,,,,,,,,,175479.0,,False,fallback_bbref,bbref,123655000
og anunoby,2022,17357143.0,2.0,17357143.0,17357143.0,17357143.0,1.0,,,,,,,,,17357143.0,17357143.0,False,single,spotrac,123655000
thaddeus young,2022,8000000.0,1.0,8000000.0,8000000.0,8000000.0,1.0,,,8000000.0,,0.0,Active,1.0,,8000000.0,8000000.0,True,status_active,spotrac,123655000
otto porter,2022,6000000.0,1.0,6000000.0,,,,,,,,,,,,6000000.0,,False,fallback_bbref,bbref,123655000
malachi flynn,2022,2145720.0,3.0,2145720.0,2145720.0,2145720.0,1.0,,,2145720.0,,0.0,Active / Club Exercised,1.0,,2145720.0,2145720.0,False,status_active,spotrac,123655000
juancho hernangomez,2022,1836090.0,1.0,1836090.0,,,,,,,,,,,,1836090.0,,False,fallback_bbref,bbref,123655000
will barton,2022,432642.0,1.0,432642.0,684712.0,684712.0,2.0,15059712.0,14375000,684712.0,14375000.0,0.0,Active;Buyout,1.0,,684712.0,684712.0,True,signing_contract,spotrac,123655000
d.j. wilson,2022,250000.0,1.0,250000.0,,,,,,,,,,,,250000.0,,False,fallback_bbref,bbref,123655000
armoni brooks,2022,50000.0,1.0,50000.0,50000.0,50000.0,1.0,,,,50000.0,0.0,Retained,0.0,,,,True,retained_only,spotrac,123655000
talen horton-tucker,2022,10260000.0,2.0,10260000.0,10260000.0,10260000.0,1.0,,,10260000.0,,0.0,Active,1.0,,10260000.0,10260000.0,False,status_active,spotrac,123655000
rudy gay,2022,6184500.0,2.0,6184500.0,6184500.0,6184500.0,1.0,,,6184500.0,,0.0,Active,1.0,,6184500.0,6184500.0,False,status_active,spotrac,123655000
leandro bolmaro,2022,2471160.0,1.0,2471160.0,1709300.0,1709300.0,1.0,,,,1709300.0,0.0,Buyout,0.0,,,,False,retained_only,spotrac,123655000
damian jones,2022,2298385.0,1.0,2298385.0,,,,,,,,,,,,2298385.0,,False,fallback_bbref,bbref,123655000
udoka azubuike,2022,2174880.0,3.0,2174880.0,2174880.0,2174880.0,1.0,,,2174880.0,,0.0,Active / Club Exercised,1.0,,2174880.0,2174880.0,False,status_active,spotrac,123655000
juan toscano-anderson,2022,1836090.0,1.0,1836090.0,1257157.0,1257157.0,2.0,1902133.0,644976,644976.0,1257157.0,0.0,Retained;Active,1.0,,1836090.0,1836090.0,True,vet_min,spotrac,123655000
jared butler,2022,1563518.0,1.0,1563518.0,1563518.0,1563518.0,1.0,,,,1563518.0,0.0,Retained,0.0,,,,False,retained_only,spotrac,123655000
luka samanic,2022,432795.0,1.0,432795.0,,,,,,,,,,,,432795.0,,False,fallback_bbref,bbref,123655000
frank jackson,2022,105522.0,1.0,105522.0,122602.0,122602.0,1.0,,,,122602.0,0.0,Retained,0.0,,,,True,retained_only,spotrac,123655000
jarrell brantley,2022,105522.0,1.0,105522.0,105522.0,105522.0,1.0,,,,105522.0,0.0,Retained,0.0,,,,False,retained_only,spotrac,123655000
vernon carey,2022,100000.0,1.0,100000.0,,,,,,,,,,,,100000.0,,False,fallback_bbref,bbref,123655000
delon wright,2022,7804878.0,1.0,7804878.0,7804878.0,7804878.0,1.0,,,7804878.0,,0.0,Active,1.0,,7804878.0,7804878.0,True,status_active,spotrac,123655000
kendrick nunn,2022,5250000.0,1.0,5250000.0,2956897.0,2956897.0,2.0,5250000.0,2293103,,,,,,5250000.0,5250000.0,5250000.0,False,spotrac_cap_hit,spotrac,123655000
johnny davis,2022,4810320.0,2.0,4810320.0,4810320.0,4810320.0,1.0,,,4810320.0,,0.0,Active,1.0,,4810320.0,4810320.0,True,status_active,spotrac,123655000
taj gibson,2022,1836090.0,1.0,1836090.0,2905851.0,2905851.0,1.0,,,2905851.0,,0.0,Active,1.0,,2905851.0,2905851.0,True,status_active,spotrac,123655000
isaiah todd,2022,1575000.0,2.0,1575000.0,1575000.0,1575000.0,1.0,,,1575000.0,,0.0,Active,1.0,,1575000.0,1575000.0,False,status_active,spotrac,123655000
xavier cooks,2022,140384.0,1.0,140384.0,140384.0,140384.0,1.0,,,140384.0,,0.0,Active,1.0,,140384.0,140384.0,True,status_active,spotrac,123655000
patty mills,2023,6802950.0,1.0,6802950.0,6802950.0,6802950.0,2.0,7537766.0,734816,734816.0,6802950.0,0.0,Retained;Active,1.0,,734816.0,7537766.0,True,signing_contract,spotrac,136021000
aj griffin,2023,3712920.0,2.0,3712920.0,3712920.0,3712920.0,1.0,,,3712920.0,,0.0,Active,1.0,,3712920.0,3712920.0,False,status_active,spotrac,136021000
bruno fernando,2023,2581522.0,2.0,2581522.0,,,,,,,,,,,,2581522.0,,False,fallback_bbref,bbref,136021000
wesley matthews,2023,2019706.0,1.0,2019706.0,3196448.0,3196448.0,1.0,,,3196448.0,,0.0,Active,1.0,,2019706.0,2019706.0,True,vet_min,spotrac,136021000
jarkel joiner,2023,1119563.0,1.0,1119563.0,,,,,,,,,,,,1119563.0,,False,fallback_bbref,bbref,136021000
trent forrest,2023,533945.0,1.0,533945.0,553151.0,553151.0,1.0,,,553151.0,,0.0,Active,1.0,,553151.0,553151.0,True,status_active,spotrac,136021000
jaden springer,2023,2226240.0,1.0,2226240.0,1524207.0,1524207.0,2.0,4018363.0,2494156,1524207.0,2494156.0,0.0,Active / Club Exercised;Retained,1.0,,4018363.0,4018363.0,False,status_active,spotrac,136021000
oshae brissett,2023,2165000.0,1.0,2019706.0,2165000.0,2165000.0,1.0,,50000,2165000.0,,50000.0,Active;NBA Cup,1.0,,2019706.0,2019706.0,True,vet_min,spotrac,136021000
demetrius jackson,2023,92857.0,5.0,92857.0,92857.0,92857.0,1.0,,,,92857.0,0.0,Retained,0.0,,,,False,retained_only,spotrac,136021000
ben simmons,2023,37893408.0,4.0,37893408.0,37893408.0,37893408.0,1.0,,,37893408.0,,0.0,Active,1.0,,37893408.0,37893408.0,False,status_active,spotrac,136021000
thaddeus young,2023,8000000.0,1.0,8000000.0,3034483.0,3034483.0,3.0,9010371.0,1010371;4965517,1010371.0,8000000.0,0.0,Retained;Active;Retained,1.0,,1010371.0,9010371.0,True,signing_contract,spotrac,136021000
keita bates-diop,2023,2346614.0,1.0,2019706.0,890095.0,890095.0,2.0,2396614.0,1456519;50000,890095.0,1456519.0,50000.0,Active;Retained;NBA Cup,1.0,,2346614.0,2346614.0,True,signing_contract,spotrac,136021000
dennis smith,2023,2019706.0,1.0,2019706.0,,,,,,,,,,,,2019706.0,,False,fallback_bbref,bbref,136021000
harry giles,2023,2019706.0,1.0,2019706.0,,,,,,,,,,,,2019706.0,,False,fallback_bbref,bbref,136021000
lonnie walker,2023,2019706.0,1.0,2019706.0,,,,,,,,,,,,2019706.0,,False,fallback_bbref,bbref,136021000
davis bertans,2023,17000000.0,1.0,17000000.0,,,,,,,,,,,,17000000.0,,False,fallback_bbref,bbref,136021000
cody martin,2023,7560000.0,2.0,7560000.0,,,,,,,,,,,,7560000.0,,False,fallback_bbref,bbref,136021000
james bouknight,2023,4570080.0,3.0,4570080.0,4570080.0,4570080.0,1.0,,,,4570080.0,0.0,Retained,0.0,,,,False,retained_only,spotrac,136021000
kai jones,2023,3047880.0,3.0,3047880.0,3047880.0,3047880.0,3.0,3175563.0,11608;116075,11608.0,3163955.0,0.0,Retained;Active;Retained,1.0,,11608.0,11608.0,True,status_active,spotrac,136021000
frank ntilikina,2023,2019706.0,1.0,2019706.0,2528233.0,2528233.0,1.0,,,,2528233.0,0.0,Retained,0.0,,,,True,retained_only,spotrac,136021000
ish smith,2023,2019706.0,1.0,2019706.0,3196448.0,3196448.0,1.0,,,,,,,,2019706.0,2019706.0,2019706.0,True,spotrac_cap_hit,spotrac,136021000
jt thor,2023,1836096.0,1.0,1836096.0,1836096.0,1836096.0,1.0,,,1836096.0,,0.0,Active,1.0,,1836096.0,1836096.0,False,status_active,spotrac,136021000
bryce mcgowens,2023,1719864.0,1.0,1719864.0,1719864.0,1719864.0,1.0,,,,,,,,,1719864.0,1719864.0,False,single,spotrac,136021000
aleksej pokusevski,2023,565176.0,1.0,565176.0,565176.0,565176.0,2.0,5574809.0,5009633,565176.0,5009633.0,0.0,Active;Retained,1.0,,565176.0,565176.0,True,status_active,spotrac,136021000
marques bolden,2023,116075.0,1.0,116075.0,,,,,,,,,,,,116075.0,,False,fallback_bbref,bbref,136021000
dalen terry,2023,3350760.0,3.0,3350760.0,3350760.0,3350760.0,1.0,,,3350760.0,,0.0,Active,1.0,,3350760.0,3350760.0,False,status_active,spotrac,136021000
torrey craig,2023,2528233.0,1.0,2019706.0,2528233.0,2528233.0,1.0,,,2528233.0,,0.0,Active,1.0,,2019706.0,2019706.0,True,vet_min,spotrac,136021000
terry taylor,2023,2019706.0,1.0,2019706.0,2019706.0,2019706.0,1.0,,,,2019706.0,0.0,Retained,0.0,,,,True,retained_only,spotrac,136021000
onuralp bitim,2023,500000.0,1.0,500000.0,,,,,,,,,,,,500000.0,,False,fallback_bbref,bbref,136021000
damian jones,2023,2586665.0,1.0,2586665.0,,,,,,,,,,,,2586665.0,,False,fallback_bbref,bbref,136021000
tristan thompson,2023,2019706.0,2.0,2019706.0,3196448.0,3196448.0,1.0,,,3196448.0,,0.0,Active,1.0,,3196448.0,3196448.0,True,vet_min,spotrac,136021000
marcus morris,2023,197328.0,1.0,197328.0,312297.0,312297.0,4.0,17612280.0,183704;688586;10196499;6231194,312297.0,17299983.0,0.0,Active;Retained;Retained;Retained;Retained,1.0,,312297.0,17612280.0,True,signing_contract,spotrac,136021000
zhaire smith,2023,139290.0,1.0,139290.0,139290.0,139290.0,1.0,,,,139290.0,0.0,Retained,0.0,,,,True,retained_only,spotrac,136021000
sharife cooper,2023,103550.0,1.0,103550.0,,,,,,,,,,,,103550.0,,False,fallback_bbref,bbref,136021000
pete nance,2023,64343.0,1.0,64343.0,64343.0,64343.0,1.0,,,,,,,,,64343.0,,True,waived,bbref,136021000
markieff morris,2023,2019706.0,2.0,2019706.0,3196448.0,3196448.0,1.0,,,3196448.0,,0.0,Active,1.0,,3196448.0,3196448.0,True,vet_min,spotrac,136021000
a.j. lawson,2023,1000000.0,1.0,1000000.0,1000000.0,1000000.0,1.0,,,,,,,,,1000000.0,1000000.0,True,single,spotrac,136021000
reggie jackson,2023,5000000.0,1.0,5000000.0,5000000.0,5000000.0,1.0,,,5000000.0,,0.0,Active,1.0,,5000000.0,5000000.0,True,status_active,spotrac,136021000
vlatko cancar,2023,2234359.0,3.0,2234359.0,,,,,,,,,,,,2234359.0,,False,fallback_bbref,bbref,136021000
justin holiday,2023,2019706.0,1.0,2019706.0,3196448.0,3196448.0,1.0,,,3196448.0,,0.0,Active,1.0,2019706.0,2019706.0,2019706.0,True,spotrac_cap_hit,spotrac,136021000
joe harris,2023,19928571.0,1.0,19928571.0,19928571.0,19928571.0,1.0,,,,19928571.0,0.0,Retained,0.0,,19928571.0,19928571.0,False,status_active,spotrac,136021000
evan fournier,2023,18857143.0,1.0,18857143.0,7152709.0,7152709.0,2.0,18907143.0,50000;11704434,7152709.0,11704434.0,50000.0,Active;NBA Cup;Retained,1.0,,7152709.0,7152709.0,False,status_active,spotrac,136021000
danilo gallinari,2023,6802950.0,1.0,6802950.0,3596962.0,3596962.0,3.0,7850062.0,1047112;3205988,1047112.0,6802950.0,0.0,Retained;Active;Retained,1.0,,1047112.0,7850062.0,True,signing_contract,spotrac,136021000
shake milton,2023,5000000.0,1.0,5000000.0,1925287.0,1925287.0,3.0,5552938.0,3074713;552938,552938.0,5000000.0,0.0,Retained;Retained;Active,1.0,,552938.0,5552938.0,True,signing_contract,spotrac,136021000
danuel house,2023,4310250.0,1.0,4310250.0,,,,,,,,,,,,4310250.0,,False,fallback_bbref,bbref,136021000
troy brown,2023,4000000.0,1.0,4000000.0,,,,,,,,,,,,4000000.0,,False,fallback_bbref,bbref,136021000
malachi flynn,2023,3873025.0,1.0,3873025.0,1469078.0,1469078.0,3.0,3873025.0,912610;1491337,1469078.0,2403947.0,0.0,Active / Club Exercised;Retained;Retained,1.0,,3873025.0,3873025.0,False,status_active,spotrac,136021000
mike muscala,2023,3500000.0,1.0,3500000.0,1850575.0,1850575.0,3.0,4308297.0,808297;1649425,808297.0,3500000.0,0.0,Retained;Active;Retained,1.0,,808297.0,4308297.0,True,signing_contract,spotrac,136021000
dewayne dedmon,2023,2748674.0,5.0,2748674.0,2748674.0,2748674.0,1.0,,,,2748674.0,0.0,Retained,0.0,,,,False,retained_only,spotrac,136021000
ryan arcidiacono,2023,2019706.0,1.0,2019706.0,958985.0,958985.0,2.0,2578233.0,50000;1569248,,2528233.0,50000.0,Retained;NBA Cup;Retained,0.0,,2019706.0,2019706.0,True,vet_min,spotrac,136021000
stanley umude,2023,538460.0,1.0,538460.0,538460.0,538460.0,1.0,,,538460.0,,0.0,Active,1.0,,538460.0,538460.0,True,status_active,spotrac,136021000
taj gibson,2023,348225.0,1.0,348225.0,551112.0,551112.0,3.0,4776302.0,183704;477630;183704;183704;3196448,551112.0,4225190.0,0.0,Active;Retained;Retained;Retained;Retained;Retained,1.0,,2019706.0,551112.0,True,vet_min,spotrac,136021000
chimezie metu,2023,215781.0,1.0,215781.0,,,,,,,,,,,,215781.0,,False,fallback_bbref,bbref,136021000
jaylen nowell,2023,116075.0,1.0,116075.0,124425.0,124425.0,2.0,398160.0,24885;124425;124425,,398160.0,0.0,Retained;Retained;Retained;Retained,0.0,,2019706.0,,True,vet_min,spotrac,136021000
tosan evbuomwan,2023,70777.0,1.0,70777.0,,,,,,,,,,,,70777.0,,False,fallback_bbref,bbref,136021000
lester quinones,2023,548815.0,1.0,548815.0,548815.0,548815.0,1.0,,,548815.0,,0.0,Active,1.0,,548815.0,548815.0,True,status_active,spotrac,136021000
usman garuba,2023,11608.0,1.0,11608.0,11608.0,11608.0,2.0,2600008.0,2588400,11608.0,2588400.0,0.0,Active;Retained,1.0,,2600008.0,2600008.0,True,status_active,spotrac,136021000
john wall,2023,6802950.0,1.0,6802950.0,,,,,,,,,,,,6802950.0,,False,fallback_bbref,bbref,136021000
boban marjanovic,2023,2019706.0,1.0,2019706.0,,,,,,,,,,,,2019706.0,,False,fallback_bbref,bbref,136021000
reggie bullock,2023,2019706.0,1.0,2019706.0,10489600.0,524480.0,3.0,13686048.0,3196448,3196448.0,11538560.0,0.0,Retained;Retained;Active,1.0,,2019706.0,2019706.0,True,vet_min,spotrac,136021000
daniel theis,2023,6928876.0,1.0,6928876.0,6928876.0,6928876.0,2.0,9108387.0,2179511,2179511.0,6928876.0,0.0,Buyout;Active,1.0,,2179511.0,2179511.0,True,signing_contract,spotrac,136021000
furkan korkmaz,2023,5370370.0,1.0,5370370.0,2037037.0,2037037.0,2.0,5370370.0,3333333,,5370370.0,0.0,Retained;Retained,0.0,,5370370.0,5370370.0,False,status_active,spotrac,136021000
james johnson,2023,2241188.0,2.0,2241188.0,2241188.0,2241188.0,1.0,,1230816;183704;183704,1230816.0,2608596.0,0.0,Retained;Active;Retained;Retained,1.0,,2019706.0,1230816.0,True,vet_min,spotrac,136021000
cory joseph,2023,2019706.0,1.0,2019706.0,,,,,,,,,,,,2019706.0,,False,fallback_bbref,bbref,136021000
kendall brown,2023,1100000.0,1.0,1100000.0,1100000.0,1100000.0,1.0,,100000,1100000.0,,100000.0,Active;NBA Cup,1.0,,1100000.0,1100000.0,True,status_active,spotrac,136021000
nik stauskas,2023,702311.0,3.0,702311.0,702311.0,702311.0,1.0,,,,702311.0,0.0,Retained,0.0,,,,False,retained_only,spotrac,136021000
juwan morgan,2023,576230.0,3.0,576230.0,576230.0,576230.0,1.0,,,,576230.0,0.0,Retained,0.0,,,,False,retained_only,spotrac,136021000
malik fitts,2023,555217.0,3.0,555217.0,555217.0,555217.0,1.0,,,,555217.0,0.0,Retained,0.0,,,,True,retained_only,spotrac,136021000
p.j. tucker,2023,11014500.0,1.0,11014500.0,10571388.0,10571388.0,2.0,11014500.0,443112,10571388.0,443112.0,0.0,Active;Retained,1.0,,11014500.0,11014500.0,False,status_active,spotrac,136021000
brandon boston,2023,1836096.0,1.0,1836096.0,,,,,,,,,,,,1836096.0,,False,fallback_bbref,bbref,136021000
joshua primo,2023,1764341.0,1.0,1764341.0,1764341.0,1764341.0,2.0,6105941.0,4341600,,6105941.0,0.0,Retained;Retained,0.0,,1764341.0,,True,signing_contract,spotrac,136021000
jalen hood-schifino,2023,3695040.0,1.0,3695040.0,3695040.0,3695040.0,1.0,,500000,3695040.0,,500000.0,Active;NBA Cup,1.0,,3695040.0,3695040.0,True,status_active,spotrac,136021000
christian wood,2023,2709849.0,2.0,2709849.0,,,,,,,,,,,,2709849.0,,False,fallback_bbref,bbref,136021000
cam reddish,2023,2165000.0,2.0,2165000.0,,,,,,,,,,,,2165000.0,,False,fallback_bbref,bbref,136021000
spencer dinwiddie,2023,1554654.0,1.0,1554654.0,11704434.0,11704434.0,3.0,20411807.0,1554664;7152709,1554664.0,18857143.0,0.0,Retained;Active;Retained,1.0,,1554664.0,20411807.0,True,signing_contract,spotrac,136021000
maxwell lewis,2023,1119563.0,1.0,1119563.0,1119563.0,1119563.0,1.0,,500000,1119563.0,,500000.0,Active;NBA Cup,1.0,,1119563.0,1119563.0,True,vet_min,spotrac,136021000
victor oladipo,2023,9450000.0,1.0,9450000.0,3964655.0,3964655.0,2.0,9450000.0,5485345,,9450000.0,0.0,Retained;Retained,0.0,,9450000.0,9450000.0,False,status_active,spotrac,136021000
derrick rose,2023,3196448.0,1.0,2019706.0,3196448.0,3196448.0,1.0,,,3196448.0,,0.0,Active,1.0,,2019706.0,2019706.0,True,vet_min,spotrac,136021000
josh christopher,2023,2485200.0,1.0,2485200.0,2485200.0,2485200.0,1.0,,,,2485200.0,0.0,Retained,0.0,,2485200.0,2485200.0,False,status_active,spotrac,136021000
yuta watanabe,2023,2346614.0,1.0,2019706.0,890095.0,890095.0,2.0,2396614.0,1456519;50000,890095.0,1456519.0,50000.0,Active;Retained;NBA Cup,1.0,,2346614.0,2346614.0,True,signing_contract,spotrac,136021000
lamar stevens,2023,2019706.0,1.0,2019706.0,50000.0,50000.0,3.0,2542354.0,1286677;805677;400000,805677.0,1686677.0,50000.0,NBA Cup;Retained;Active;Retained,1.0,,2019706.0,2492354.0,True,vet_min,spotrac,136021000
isaiah todd,2023,1836096.0,1.0,1836096.0,1836096.0,1836096.0,1.0,,,,1836096.0,0.0,Retained,0.0,,1836096.0,1836096.0,False,status_active,spotrac,136021000
kennedy chandler,2023,1719864.0,1.0,1719864.0,1719864.0,1719864.0,1.0,,,,1719864.0,0.0,Retained,0.0,,,,True,retained_only,spotrac,136021000
kenneth lofton,2023,1719864.0,1.0,1719864.0,,,,,,,,,,,,1719864.0,,False,fallback_bbref,bbref,136021000
wenyen gabriel,2023,116075.0,1.0,116075.0,134863.0,134863.0,1.0,,,,134863.0,0.0,Retained,0.0,,,,True,retained_only,spotrac,136021000
shaquille harrison,2023,116075.0,1.0,116075.0,145301.0,145301.0,1.0,,,,145301.0,0.0,Retained,0.0,,,,True,retained_only,spotrac,136021000
zavier simpson,2023,103550.0,1.0,103550.0,,,,,,,,,,,,103550.0,,False,fallback_bbref,bbref,136021000
dejon jarreau,2023,103550.0,1.0,103550.0,,,,,,,,,,,,103550.0,,False,fallback_bbref,bbref,136021000
maozinha pereira,2023,64343.0,1.0,64343.0,,,,,,,,,,,,64343.0,,False,fallback_bbref,bbref,136021000
matthew hurt,2023,64343.0,1.0,64343.0,,,,,,,,,,,,64343.0,,False,fallback_bbref,bbref,136021000
trey jemison,2023,64343.0,1.0,64343.0,64343.0,64343.0,1.0,,64343,,128686.0,0.0,Retained;Retained,0.0,,1119563.0,,True,vet_min,spotrac,136021000
jack white,2023,62130.0,1.0,62130.0,62130.0,62130.0,2.0,662130.0,600000,,662130.0,0.0,Retained;Retained,0.0,,,,True,retained_only,spotrac,136021000
timmy allen,2023,57908.0,1.0,57908.0,,,,,,,,,,,,57908.0,,False,fallback_bbref,bbref,136021000
josh richardson,2023,2891467.0,1.0,2019706.0,2891467.0,2891467.0,1.0,,,2891467.0,,0.0,Active,1.0,,2891467.0,2891467.0,True,status_active,spotrac,136021000
orlando robinson,2023,1801769.0,1.0,1801769.0,1801769.0,1801769.0,1.0,,,1801769.0,,0.0,Active,1.0,,1801769.0,1801769.0,True,vet_min,spotrac,136021000
delon wright,2023,661628.0,1.0,661628.0,947205.0,947205.0,2.0,9142327.0,8195122,947205.0,8195122.0,0.0,Active;Retained,1.0,,947205.0,947205.0,True,signing_contract,spotrac,136021000
marjon beauchamp,2023,2609400.0,2.0,2609400.0,2609400.0,2609400.0,1.0,,100000,2609400.0,,100000.0,Active;NBA Cup,1.0,,2609400.0,2609400.0,False,status_active,spotrac,136021000
malik beasley,2023,2019706.0,1.0,2019706.0,2709849.0,2709849.0,1.0,,100000,2709849.0,,100000.0,Active;NBA Cup,1.0,,2709849.0,2709849.0,True,status_active,spotrac,136021000
jae crowder,2023,2019706.0,1.0,2019706.0,3196448.0,3196448.0,1.0,,100000,3196448.0,,100000.0,Active;NBA Cup,1.0,,2019706.0,2019706.0,True,vet_min,spotrac,136021000
patrick beverley,2023,2019706.0,1.0,2019706.0,1212446.0,1212446.0,2.0,3196448.0,1984002,1212446.0,1984002.0,0.0,Active;Retained,1.0,,2019706.0,2019706.0,True,vet_min,spotrac,136021000
chris livingston,2023,1119563.0,1.0,1119563.0,,,,,,,,,,,,1119563.0,,False,fallback_bbref,bbref,136021000
karl-anthony towns,2023,36016200.0,5.0,36016200.0,36016200.0,36016200.0,1.0,,,,,,,,,36016200.0,36016200.0,False,single,spotrac,136021000
wendell moore,2023,2421720.0,2.0,2421720.0,,,,,,,,,,,,2421720.0,,False,fallback_bbref,bbref,136021000
t.j. warren,2023,220543.0,1.0,220543.0,317307.0,317307.0,1.0,,167003;167003,317307.0,334006.0,0.0,Active;Retained;Retained,1.0,,317307.0,317307.0,True,signing_contract,spotrac,136021000
justin jackson,2023,116075.0,1.0,116075.0,134863.0,134863.0,1.0,,,,134863.0,0.0,Retained,0.0,,,,False,retained_only,spotrac,136021000
cody zeller,2023,2019706.0,1.0,2019706.0,,,,,,,,,,,,2019706.0,,False,fallback_bbref,bbref,136021000
matt ryan,2023,1500000.0,1.0,1500000.0,1500000.0,1500000.0,1.0,,50000,1500000.0,,50000.0,Active;NBA Cup,1.0,,1500000.0,1500000.0,True,status_active,spotrac,136021000
malcolm hill,2023,116075.0,1.0,116075.0,116075.0,116075.0,1.0,,,,116075.0,0.0,Retained,0.0,,,,True,retained_only,spotrac,136021000
jalen crutcher,2023,64343.0,1.0,64343.0,,,,,,,,,,,,64343.0,,False,fallback_bbref,bbref,136021000
izaiah brockington,2023,64343.0,1.0,64343.0,,,,,,,,,,,,64343.0,,False,fallback_bbref,bbref,136021000
bojan bogdanovic,2023,20000000.0,1.0,20000000.0,,,,,,,,,,,,20000000.0,,False,fallback_bbref,bbref,136021000
og anunoby,2023,18642857.0,1.0,18642857.0,11464286.0,11464286.0,2.0,18642857.0,7178571,,,,,,,18642857.0,18642857.0,False,split,spotrac,136021000
alec burks,2023,10489600.0,1.0,10489600.0,6510786.0,6510786.0,2.0,10489600.0,3978814,3978814.0,6510786.0,0.0,Retained;Active / Club Exercised,1.0,,10489600.0,10489600.0,False,status_active,spotrac,136021000
dylan windler,2023,2019706.0,1.0,2019706.0,659454.0,659454.0,1.0,,50000,,659454.0,50000.0,Retained;NBA Cup,0.0,,,,True,retained_only,spotrac,136021000
daquan jeffries,2023,831385.0,1.0,831385.0,,,,,,,,,,,,831385.0,,False,fallback_bbref,bbref,136021000
jacob toppin,2023,64343.0,1.0,64343.0,,,,,,,,,,,,64343.0,,False,fallback_bbref,bbref,136021000
gordon hayward,2023,33319397.0,1.0,33319397.0,19551724.0,21371121.0,2.0,31500000.0,11948276,11948276.0,21371121.0,0.0,Retained;Active,1.0,,31500000.0,31500000.0,False,status_active,spotrac,136021000
rudy gay,2023,6479000.0,1.0,6479000.0,6479000.0,6479000.0,1.0,,,,6479000.0,0.0,Retained,0.0,,6479000.0,6479000.0,True,status_active,spotrac,136021000
tyty washington,2023,2320440.0,1.0,2320440.0,,,,,,,,,,,,2320440.0,,False,fallback_bbref,bbref,136021000
markelle fultz,2023,17000000.0,3.0,17000000.0,17000000.0,17000000.0,1.0,,,17000000.0,,0.0,Active,1.0,,17000000.0,17000000.0,False,status_active,spotrac,136021000
chuma okeke,2023,5266713.0,1.0,5266713.0,,,,,,,,,,,,5266713.0,,False,fallback_bbref,bbref,136021000
robert covington,2023,11692308.0,1.0,11692308.0,470380.0,470380.0,2.0,11692308.0,11221928,11221928.0,470380.0,0.0,Retained;Active,1.0,,11692308.0,11692308.0,False,status_active,spotrac,136021000
jeff dowtin,2023,2196970.0,1.0,2196970.0,127683.0,127683.0,1.0,,,127683.0,,0.0,Active,1.0,,127683.0,127683.0,True,status_active,spotrac,136021000
montrezl harrell,2023,2019706.0,1.0,2019706.0,2891467.0,2891467.0,1.0,,,,2891467.0,0.0,Retained,0.0,,,,True,retained_only,spotrac,136021000
kj martin,2023,1930681.0,1.0,1930681.0,77671.0,77671.0,2.0,1930681.0,1853010,1853010.0,77671.0,0.0,Retained;Active / Club Exercised,1.0,,1930681.0,1930681.0,False,status_active,spotrac,136021000
ricky council,2023,864353.0,1.0,864353.0,,,,,,,,,,,,864353.0,,False,fallback_bbref,bbref,136021000
danny green,2023,200000.0,1.0,200000.0,200000.0,200000.0,1.0,,,,200000.0,0.0,Retained,0.0,,,,True,retained_only,spotrac,136021000
darius bazley,2023,116075.0,1.0,116075.0,124425.0,124425.0,2.0,624425.0,500000,500000.0,124425.0,0.0,Retained;Active,1.0,,2019706.0,500000.0,True,vet_min,spotrac,136021000
d.j. wilson,2023,116075.0,1.0,116075.0,,,,,,,,,,,,116075.0,,False,fallback_bbref,bbref,136021000
david roddy,2023,2718240.0,1.0,2718240.0,1031057.0,1031057.0,2.0,2718240.0,1687183,1031057.0,1687183.0,0.0,Active;Retained,1.0,,2718240.0,2718240.0,False,status_active,spotrac,136021000
damion lee,2023,2528233.0,1.0,2528233.0,,,,,,,,,,,,2528233.0,,False,fallback_bbref,bbref,136021000
bol bol,2023,2019706.0,2.0,2019706.0,2165000.0,2165000.0,1.0,,50000,2165000.0,,50000.0,Active;NBA Cup,1.0,,2165000.0,2165000.0,True,vet_min,spotrac,136021000
isaiah thomas,2023,116075.0,1.0,116075.0,183704.0,183704.0,1.0,,183704;110222,110222.0,367408.0,0.0,Retained;Retained;Active,1.0,,110222.0,110222.0,True,signing_contract,spotrac,136021000
malcolm brogdon,2023,22500000.0,1.0,22500000.0,22500000.0,22500000.0,1.0,,,22500000.0,,0.0,Active,1.0,,22500000.0,22500000.0,True,status_active,spotrac,136021000
andrew nicholson,2023,2844430.0,5.0,2844430.0,,,,,,,,,,,,2844430.0,,False,fallback_bbref,bbref,136021000
moses brown,2023,2019706.0,1.0,2019706.0,2165000.0,2165000.0,1.0,,,2165000.0,,0.0,Active,1.0,,2019706.0,2019706.0,True,vet_min,spotrac,136021000
ish wainright,2023,1927896.0,1.0,1927896.0,853149.0,853149.0,1.0,,,,853149.0,0.0,Retained,0.0,,,,False,retained_only,spotrac,136021000
skylar mays,2023,1799163.0,1.0,1799163.0,850000.0,850000.0,1.0,,,,850000.0,0.0,Retained,0.0,,,,True,retained_only,spotrac,136021000
eric bledsoe,2023,1300000.0,3.0,1300000.0,1300000.0,1300000.0,1.0,,,,1300000.0,0.0,Retained,0.0,,,,False,retained_only,spotrac,136021000
ashton hagans,2023,103550.0,1.0,103550.0,,,,,,,,,,,,103550.0,,False,fallback_bbref,bbref,136021000
taze moore,2023,64343.0,1.0,64343.0,,,,,,,,,,,,64343.0,,False,fallback_bbref,bbref,136021000
trey lyles,2023,8000000.0,2.0,8000000.0,8000000.0,8000000.0,1.0,,50000,8000000.0,,50000.0,Active;NBA Cup,1.0,,8000000.0,8000000.0,True,status_active,spotrac,136021000
aleksandar vezenkov,2023,6341464.0,1.0,6341464.0,,,,,,,,,,,,6341464.0,,False,fallback_bbref,bbref,136021000
chris duarte,2023,4124400.0,1.0,4124400.0,,,,,,,,,,,,4124400.0,,False,fallback_bbref,bbref,136021000
robin lopez,2023,2019706.0,1.0,2019706.0,1984002.0,1984002.0,2.0,3296448.0,100000;1212446,,3196448.0,100000.0,Retained;NBA Cup;Retained,0.0,,2019706.0,2019706.0,True,vet_min,spotrac,136021000
alex len,2023,2019706.0,1.0,2019706.0,3196448.0,3196448.0,1.0,,50000,3196448.0,,50000.0,Active;NBA Cup,1.0,,2019706.0,2019706.0,True,vet_min,spotrac,136021000
colby jones,2023,2019706.0,1.0,2019706.0,,,,,,,,,,,,2019706.0,,False,fallback_bbref,bbref,136021000
kessler edwards,2023,1927896.0,1.0,1927896.0,1927896.0,1927896.0,1.0,,50000,1927896.0,,50000.0,Active / Club Exercised;NBA Cup,1.0,,1927896.0,1927896.0,False,status_active,spotrac,136021000
filip petrusev,2023,559782.0,1.0,559782.0,,,,,,,,,,,,559782.0,,False,fallback_bbref,bbref,136021000
juan toscano-anderson,2023,323506.0,1.0,323506.0,323506.0,323506.0,1.0,,124425,,447931.0,0.0,Retained;Retained,0.0,,1517989.0,,True,signing_contract,spotrac,136021000
nerlens noel,2023,300000.0,1.0,300000.0,300000.0,300000.0,1.0,,,,300000.0,0.0,Retained,0.0,,,,True,retained_only,spotrac,136021000
devonte' graham,2023,12100000.0,2.0,12100000.0,12100000.0,12100000.0,1.0,,,12100000.0,,0.0,Active,1.0,,12100000.0,12100000.0,False,status_active,spotrac,136021000
khem birch,2023,6985000.0,2.0,6985000.0,6985000.0,6985000.0,1.0,,,,6985000.0,0.0,Retained,0.0,,,,False,retained_only,spotrac,136021000
cedi osman,2023,6718842.0,1.0,6718842.0,,,,,,,,,,,,6718842.0,,False,fallback_bbref,bbref,136021000
jalen mcdaniels,2023,4516000.0,1.0,4516000.0,4516000.0,4516000.0,1.0,,,4516000.0,,0.0,Active,1.0,,4516000.0,4516000.0,True,status_active,spotrac,136021000
jordan nwora,2023,3000000.0,1.0,3000000.0,1465517.0,1465517.0,2.0,3200000.0,200000;1534483,1534483.0,1465517.0,200000.0,Retained;NBA Cup;Active,1.0,,3000000.0,3000000.0,False,status_active,spotrac,136021000
javon freeman-liberty,2023,289542.0,1.0,289542.0,,,,,,,,,,,,289542.0,,False,fallback_bbref,bbref,136021000
kobi simmons,2023,116075.0,1.0,116075.0,124425.0,124425.0,1.0,,,,124425.0,0.0,Retained,0.0,,,,False,retained_only,spotrac,136021000
jahmi'us ramsey,2023,116075.0,1.0,116075.0,116075.0,116075.0,1.0,,116075,,232150.0,0.0,Retained;Retained,0.0,,,,False,retained_only,spotrac,136021000
justise winslow,2023,116075.0,1.0,116075.0,166176.0,166176.0,1.0,,,,166176.0,0.0,Retained,0.0,,,,True,retained_only,spotrac,136021000
malik williams,2023,64343.0,1.0,64343.0,,,,,,,,,,,,64343.0,,False,fallback_bbref,bbref,136021000
mouhamadou gueye,2023,64343.0,1.0,64343.0,64343.0,64343.0,1.0,,,,64343.0,0.0,Retained,0.0,,,,True,retained_only,spotrac,136021000
d.j. carton,2023,64343.0,1.0,64343.0,,,,,,,,,,,,64343.0,,False,fallback_bbref,bbref,136021000
talen horton-tucker,2023,11020000.0,2.0,11020000.0,11020000.0,11020000.0,1.0,,,11020000.0,,0.0,Active / Player Exercised,1.0,,11020000.0,11020000.0,False,status_active,spotrac,136021000
otto porter,2023,6300000.0,1.0,6300000.0,,,,,,,,,,,,6300000.0,,False,fallback_bbref,bbref,136021000
kira lewis,2023,5722116.0,1.0,5722116.0,,,,,,,,,,,,5722116.0,,False,fallback_bbref,bbref,136021000
omer yurtseven,2023,2800000.0,1.0,2800000.0,2800000.0,2800000.0,1.0,,,2800000.0,,0.0,Active,1.0,,2800000.0,2800000.0,True,status_active,spotrac,136021000
luka samanic,2023,2066585.0,1.0,2066585.0,,,,,,,,,,,,2066585.0,,False,fallback_bbref,bbref,136021000
kevin knox,2023,1845593.0,1.0,1845593.0,1318634.0,1318634.0,2.0,2144320.0,825686,,2144320.0,0.0,Retained;Retained,0.0,,2346614.0,2144320.0,True,signing_contract,spotrac,136021000
taevion kinsey,2023,64343.0,1.0,64343.0,,,,,,,,,,,,64343.0,,False,fallback_bbref,bbref,136021000
richaun holmes,2023,12046020.0,1.0,12046020.0,7476840.0,7476840.0,2.0,12046020.0,4569180,4569180.0,7476840.0,0.0,Retained;Active,1.0,,12046020.0,12046020.0,False,status_active,spotrac,136021000
johnny davis,2023,5050800.0,2.0,5050800.0,5050800.0,5050800.0,1.0,,,5050800.0,,0.0,Active,1.0,,5050800.0,5050800.0,False,status_active,spotrac,136021000
tristan vukcevic,2023,2424892.0,1.0,2424892.0,,,,,,,,,,,,2424892.0,,False,fallback_bbref,bbref,136021000
isaiah livers,2023,1836096.0,1.0,1836096.0,970809.0,970809.0,2.0,1836096.0,865287,,1836096.0,0.0,Retained;Retained,0.0,,1836096.0,1836096.0,False,status_active,spotrac,136021000
xavier cooks,2023,1719864.0,1.0,1719864.0,1719864.0,1719864.0,1.0,,,,1719864.0,0.0,Retained,0.0,,,,False,retained_only,spotrac,136021000
jared butler,2023,1250000.0,1.0,1250000.0,1250000.0,1250000.0,1.0,,,1250000.0,,0.0,Active,1.0,,1250000.0,1250000.0,True,status_active,spotrac,136021000
eugene omoruyi,2023,900000.0,1.0,900000.0,900000.0,900000.0,1.0,,,900000.0,,0.0,Active,1.0,,900000.0,900000.0,True,status_active,spotrac,136021000
hamidou diallo,2023,116075.0,1.0,116075.0,134863.0,134863.0,1.0,,,,134863.0,0.0,Retained,0.0,,,,True,retained_only,spotrac,136021000
r.j. hampton,2023,116075.0,1.0,116075.0,120250.0,120250.0,1.0,,,,120250.0,0.0,Retained,0.0,,,,False,retained_only,spotrac,136021000
david roddy,2024,2847240.0,1.0,2847240.0,2847240.0,2847240.0,2.0,3070206.0,119972;102994,,2967212.0,102994.0,Retained;Retained;NBA Cup,0.0,,2967212.0,2967212.0,False,status_active,spotrac,140588000
kevon harris,2024,119972.0,1.0,119972.0,119972.0,119972.0,1.0,,,,119972.0,0.0,Retained,0.0,,,,True,retained_only,spotrac,140588000
torrey craig,2024,779820.0,1.0,779820.0,1046289.0,1046289.0,2.0,3891631.0,2845342,1046289.0,2845342.0,0.0,Active;Retained,1.0,,1046289.0,1046289.0,True,signing_contract,spotrac,140588000
ben simmons,2024,39256083.0,4.0,39256083.0,39256083.0,39256083.0,2.0,40338144.0,1082061,1082061.0,39256083.0,0.0,Buyout;Active,1.0,,1082061.0,1082061.0,True,signing_contract,spotrac,140588000
bojan bogdanovic,2024,19032850.0,1.0,19032850.0,,,,,,,,,,,,19032850.0,,False,fallback_bbref,bbref,140588000
maxwell lewis,2024,1891857.0,1.0,1891857.0,1141638.0,1141638.0,2.0,1891857.0,750219,1141638.0,750219.0,0.0,Active;Retained,1.0,,1891857.0,1891857.0,False,status_active,spotrac,140588000
davis bertans,2024,5250000.0,1.0,5250000.0,,,,,,,,,,,,5250000.0,,False,fallback_bbref,bbref,140588000
devonte' graham,2024,2850000.0,1.0,2850000.0,2850000.0,2850000.0,1.0,,,,2850000.0,0.0,Retained,0.0,,2850000.0,2850000.0,True,status_active,spotrac,140588000
daquan jeffries,2024,2425404.0,1.0,2425404.0,,,,,,,,,,,,2425404.0,,False,fallback_bbref,bbref,140588000
charlie brown,2024,2237692.0,1.0,2237692.0,,,,,,,,,,,,2237692.0,,False,fallback_bbref,bbref,140588000
duane washington,2024,2162607.0,1.0,2162607.0,,,,,,,,,,,,2162607.0,,False,fallback_bbref,bbref,140588000
taj gibson,2024,2087519.0,1.0,2087519.0,3303771.0,3303771.0,1.0,,,3303771.0,,0.0,Active,1.0,,2087519.0,2087519.0,True,vet_min,spotrac,140588000
reggie jackson,2024,1946229.0,1.0,1946229.0,1946229.0,1946229.0,3.0,5250000.0,2050616;1253155,,5250000.0,0.0,Buyout;Retained;Retained,0.0,,2087519.0,2087519.0,True,vet_min,spotrac,140588000
elfrid payton,2024,119972.0,1.0,119972.0,171756.0,171756.0,2.0,1013360.0,171756;274809;171756;171756;51527,51527.0,961833.0,0.0,Retained;Retained;Retained;Retained;Retained;Active,1.0,,2988550.0,51527.0,True,signing_contract,spotrac,140588000
malachi flynn,2024,119972.0,1.0,119972.0,128603.0,128603.0,1.0,,,,128603.0,0.0,Retained,0.0,,,,True,retained_only,spotrac,140588000
marcus garrett,2024,107027.0,1.0,107027.0,,,,,,,,,,,,107027.0,,False,fallback_bbref,bbref,140588000
jaylen sims,2024,66503.0,1.0,66503.0,,,,,,,,,,,,66503.0,,False,fallback_bbref,bbref,140588000
chris duarte,2024,5893768.0,1.0,5893768.0,,,,,,,,,,,,5893768.0,,False,fallback_bbref,bbref,140588000
dalen terry,2024,3510480.0,3.0,3510480.0,3510480.0,3510480.0,1.0,,,3510480.0,,0.0,Active / Club Exercised,1.0,,3510480.0,3510480.0,False,status_active,spotrac,140588000
talen horton-tucker,2024,2087519.0,1.0,2087519.0,2425403.0,2425403.0,1.0,,,2425403.0,,0.0,Active,1.0,,2087519.0,2087519.0,True,vet_min,spotrac,140588000
tristan thompson,2024,2087519.0,2.0,2087519.0,3303771.0,3303771.0,1.0,,,3303771.0,,0.0,Active,1.0,2087519.0,2087519.0,2087519.0,True,spotrac_cap_hit,spotrac,140588000
chuma okeke,2024,115743.0,1.0,115743.0,,,,,,,,,,,,115743.0,,False,fallback_bbref,bbref,140588000
spencer dinwiddie,2024,2087519.0,1.0,2087519.0,3303771.0,3303771.0,1.0,,51497,3303771.0,,51497.0,Active;NBA Cup,1.0,,2087519.0,2087519.0,True,vet_min,spotrac,140588000
moses brown,2024,119972.0,1.0,119972.0,139391.0,139391.0,2.0,446051.0,306660,,446051.0,0.0,Retained;Retained,0.0,,2087519.0,,True,vet_min,spotrac,140588000
vlatko cancar,2024,2087519.0,3.0,2087519.0,,,,,,,,,,,,2087519.0,,False,fallback_bbref,bbref,140588000
malik beasley,2024,6000000.0,1.0,6000000.0,6000000.0,6000000.0,1.0,,,6000000.0,,0.0,Active,1.0,6000000.0,6000000.0,6000000.0,True,spotrac_cap_hit,spotrac,140588000
dewayne dedmon,2024,2748674.0,5.0,2748674.0,2748674.0,2748674.0,1.0,,,,2748674.0,0.0,Retained,0.0,,,,False,retained_only,spotrac,140588000
wendell moore,2024,2537040.0,1.0,2537040.0,,,,,,,,,,,,2537040.0,,False,fallback_bbref,bbref,140588000
javante mccoy,2024,47265.0,1.0,47265.0,,,,,,,,,,,,47265.0,,False,fallback_bbref,bbref,140588000
kevin knox,2024,263939.0,1.0,263939.0,330394.0,330394.0,1.0,,150179;150179,330394.0,300358.0,0.0,Active;Retained;Retained,1.0,,330394.0,330394.0,True,signing_contract,spotrac,140588000
yuri collins,2024,66503.0,1.0,66503.0,,,,,,,,,,,,66503.0,,False,fallback_bbref,bbref,140588000
braxton key,2024,11997.0,1.0,11997.0,11997.0,11997.0,1.0,,,11997.0,,0.0,Active,1.0,,11997.0,11997.0,True,status_active,spotrac,140588000
jaden springer,2024,4018363.0,1.0,4018363.0,2471062.0,2471062.0,3.0,4777088.0,634437;124288;1547301,634437.0,4142651.0,0.0,Retained;Active;Retained;Retained,1.0,,1547301.0,4777088.0,True,signing_contract,spotrac,140588000
cody zeller,2024,3500000.0,1.0,3500000.0,,,,,,,,,,,,3500000.0,,False,fallback_bbref,bbref,140588000
jeenathan williams,2024,515881.0,1.0,515881.0,515881.0,515881.0,1.0,,51497,515881.0,,51497.0,Active;NBA Cup,1.0,,515881.0,515881.0,True,status_active,spotrac,140588000
aj griffin,2024,250000.0,1.0,250000.0,250000.0,250000.0,1.0,,,,250000.0,0.0,Retained,0.0,,,,False,retained_only,spotrac,140588000
james johnson,2024,2087519.0,2.0,2087519.0,3303771.0,3303771.0,1.0,,,3303771.0,,0.0,Active,1.0,2087519.0,2087519.0,2087519.0,True,spotrac_cap_hit,spotrac,140588000
nik stauskas,2024,702310.0,3.0,702310.0,702310.0,702310.0,1.0,,,,702310.0,0.0,Retained,0.0,,,,False,retained_only,spotrac,140588000
juwan morgan,2024,576229.0,3.0,576229.0,576229.0,576229.0,1.0,,,,576229.0,0.0,Retained,0.0,,,,False,retained_only,spotrac,140588000
malik fitts,2024,555216.0,3.0,555216.0,555216.0,555216.0,1.0,,,,555216.0,0.0,Retained,0.0,,,,False,retained_only,spotrac,140588000
jahlil okafor,2024,119972.0,1.0,119972.0,150179.0,150179.0,1.0,,,,150179.0,0.0,Retained,0.0,,,,True,retained_only,spotrac,140588000
marjon beauchamp,2024,2733720.0,1.0,2733720.0,1021217.0,1021217.0,2.0,3248690.0,514970;1712503,,2733720.0,514970.0,Retained;NBA Cup;Retained,0.0,,2733720.0,2733720.0,False,status_active,spotrac,140588000
patty mills,2024,2087519.0,1.0,2087519.0,1348090.0,1348090.0,2.0,3303771.0,1955681,1348090.0,1955681.0,0.0,Active;Retained,1.0,2087519.0,2087519.0,2087519.0,True,spotrac_cap_hit,spotrac,140588000
joshua primo,2024,1000000.0,1.0,1000000.0,1000000.0,1000000.0,1.0,,,,1000000.0,0.0,Retained,0.0,,,,True,retained_only,spotrac,140588000
christian wood,2024,3036040.0,2.0,3036040.0,,,,,,,,,,,,3036040.0,,False,fallback_bbref,bbref,140588000
shake milton,2024,2875000.0,1.0,2875000.0,1140086.0,1140086.0,2.0,2875000.0,1734914,1734914.0,1140086.0,0.0,Retained;Active,1.0,,2875000.0,2875000.0,True,signing_contract,spotrac,140588000
cam reddish,2024,2463946.0,2.0,2463946.0,,,,,,,,,,,,2463946.0,,False,fallback_bbref,bbref,140588000
markieff morris,2024,2087519.0,1.0,2087519.0,1348090.0,1348090.0,2.0,3355268.0,51497;1955681,1348090.0,1955681.0,51497.0,Active;NBA Cup;Retained,1.0,,2087519.0,2087519.0,True,vet_min,spotrac,140588000
alex len,2024,743829.0,1.0,743829.0,1177206.0,1177206.0,3.0,4480977.0,2050616;1253155,1177206.0,3303771.0,0.0,Active;Retained;Retained,1.0,,1177206.0,4480977.0,True,signing_contract,spotrac,140588000
johnny davis,2024,5291160.0,1.0,5291160.0,2006992.0,2006992.0,2.0,5291160.0,3284168,,5291160.0,0.0,Retained;Retained,0.0,,5291160.0,5291160.0,False,status_active,spotrac,140588000
kennedy chandler,2024,2019699.0,1.0,2019699.0,2019699.0,2019699.0,1.0,,,,2019699.0,0.0,Retained,0.0,,,,True,retained_only,spotrac,140588000
lamar stevens,2024,383912.0,1.0,383912.0,411529.0,411529.0,1.0,,128603;128603,411529.0,257206.0,0.0,Active;Retained;Retained,1.0,,411529.0,411529.0,True,signing_contract,spotrac,140588000
alec burks,2024,2087519.0,1.0,2087519.0,3303771.0,3303771.0,1.0,,,3303771.0,,0.0,Active,1.0,,2087519.0,2087519.0,True,vet_min,spotrac,140588000
chris livingston,2024,1891857.0,1.0,1891857.0,,,,,,,,,,,,1891857.0,,False,fallback_bbref,bbref,140588000
keita bates-diop,2024,2654644.0,1.0,2654644.0,2654644.0,2654644.0,1.0,,,,2654644.0,0.0,Retained,0.0,,2654644.0,2654644.0,False,status_active,spotrac,140588000
pj dozier,2024,1051255.0,1.0,1051255.0,1051255.0,1051255.0,1.0,,,,1051255.0,0.0,Retained,0.0,,,,True,retained_only,spotrac,140588000
antonio reeves,2024,1157153.0,1.0,1157153.0,,,,,,,,,,,,1157153.0,,False,fallback_bbref,bbref,140588000
brandon boston,2024,596581.0,1.0,596581.0,,,,,,,,,,,,596581.0,,False,fallback_bbref,bbref,140588000
jaylen nowell,2024,278782.0,1.0,278782.0,278782.0,278782.0,2.0,473929.0,195147,,473929.0,0.0,Retained;Retained,0.0,,2087519.0,,True,vet_min,spotrac,140588000
kylor kelley,2024,66503.0,1.0,66503.0,,,,,,,,,,,,66503.0,,False,fallback_bbref,bbref,140588000
karl-anthony towns,2024,49205800.0,4.0,49205800.0,49205800.0,49205800.0,1.0,,51497,,,,,,49205800.0,49205800.0,49205800.0,True,spotrac_cap_hit,spotrac,140588000
og anunoby,2024,36637932.0,5.0,36637932.0,36637932.0,36637932.0,1.0,,51497,,,,,,36637932.0,36637932.0,36637932.0,True,spotrac_cap_hit,spotrac,140588000
delon wright,2024,2087519.0,1.0,2087519.0,514970.0,514970.0,2.0,3518397.0,1864196;1139231,1139231.0,1864196.0,514970.0,NBA Cup;Retained;Active,1.0,,3003427.0,3003427.0,True,signing_contract,spotrac,140588000
matt ryan,2024,621439.0,1.0,621439.0,621439.0,621439.0,1.0,,51497,,621439.0,51497.0,Retained;NBA Cup,0.0,,,,True,retained_only,spotrac,140588000
p.j. tucker,2024,246833.0,1.0,246833.0,6830557.0,6830557.0,3.0,12165577.0,246833;189872;189872;4708443,246833.0,11918744.0,0.0,Retained;Active;Retained;Retained;Retained,1.0,,12165577.0,12165577.0,True,status_active,spotrac,140588000
daniel theis,2024,2087519.0,1.0,2087519.0,1722352.0,1722352.0,2.0,2800834.0,1078482,,2800834.0,0.0,Retained;Retained,0.0,,2087519.0,2087519.0,True,vet_min,spotrac,140588000
branden carlson,2024,365767.0,1.0,365767.0,365767.0,365767.0,1.0,,66503;66503;205988,,498773.0,205988.0,Retained;Retained;Retained;NBA Cup,0.0,,990895.0,,True,signing_contract,spotrac,140588000
malevy leons,2024,126356.0,1.0,126356.0,,,,,,,,,,,,126356.0,,False,fallback_bbref,bbref,140588000
cory joseph,2024,3303771.0,1.0,3303771.0,,,,,,,,,,,,3303771.0,,False,fallback_bbref,bbref,140588000
ricky council,2024,1891857.0,1.0,1891857.0,,,,,,,,,,,,1891857.0,,False,fallback_bbref,bbref,140588000
lonnie walker,2024,780932.0,1.0,780932.0,,,,,,,,,,,,780932.0,,False,fallback_bbref,bbref,140588000
jared butler,2024,745726.0,1.0,745726.0,745726.0,745726.0,1.0,,,745726.0,,0.0,Active,1.0,,745726.0,745726.0,True,status_active,spotrac,140588000
oshae brissett,2024,119972.0,1.0,119972.0,139391.0,139391.0,1.0,,,,139391.0,0.0,Retained,0.0,,,,False,retained_only,spotrac,140588000
colin castleton,2024,107027.0,1.0,107027.0,107027.0,107027.0,2.0,421081.0,107027;107027;100000,100000.0,321081.0,0.0,Retained;Retained;Retained;Active,1.0,,100000.0,100000.0,True,status_active,spotrac,140588000
phillip wheeler,2024,66503.0,1.0,66503.0,,,,,,,,,,,,66503.0,,False,fallback_bbref,bbref,140588000
marcus bagley,2024,66503.0,1.0,66503.0,,,,,,,,,,,,66503.0,,False,fallback_bbref,bbref,140588000
isaiah mobley,2024,11997.0,1.0,11997.0,12429.0,12429.0,1.0,,,,12429.0,0.0,Retained,0.0,,,,True,retained_only,spotrac,140588000
cody martin,2024,8120000.0,1.0,8120000.0,,,,,,,,,,,,8120000.0,,False,fallback_bbref,bbref,140588000
damion lee,2024,2087519.0,1.0,2087519.0,,,,,,,,,,,,2087519.0,,False,fallback_bbref,bbref,140588000
bol bol,2024,2087519.0,2.0,2087519.0,2425403.0,2425403.0,1.0,,,2425403.0,,0.0,Active,1.0,2087519.0,2087519.0,2087519.0,True,spotrac_cap_hit,spotrac,140588000
eric bledsoe,2024,1300000.0,3.0,1300000.0,1300000.0,1300000.0,1.0,,,,1300000.0,0.0,Retained,0.0,,,,False,retained_only,spotrac,140588000
trey lyles,2024,8000000.0,2.0,8000000.0,8000000.0,8000000.0,1.0,,,8000000.0,,0.0,Active,1.0,,8000000.0,8000000.0,False,status_active,spotrac,140588000
jae crowder,2024,1655619.0,1.0,1655619.0,2620232.0,2620232.0,1.0,,,2620232.0,,0.0,Active,1.0,,2620232.0,2620232.0,True,status_active,spotrac,140588000
orlando robinson,2024,959779.0,1.0,959779.0,959779.0,959779.0,2.0,1691610.0,491887;119972;119972,,1691610.0,0.0,Retained;Retained;Retained;Retained,0.0,,491887.0,,True,signing_contract,spotrac,140588000
markelle fultz,2024,731831.0,1.0,731831.0,981902.0,981902.0,1.0,,,981902.0,,0.0,Active,1.0,,981902.0,981902.0,True,status_active,spotrac,140588000
daishen nix,2024,119972.0,1.0,119972.0,,,,,,,,,,,,119972.0,,False,fallback_bbref,bbref,140588000
terry taylor,2024,119972.0,1.0,119972.0,124288.0,124288.0,1.0,,,,124288.0,0.0,Retained,0.0,,,,True,retained_only,spotrac,140588000
terence davis,2024,64301.0,1.0,64301.0,64301.0,64301.0,1.0,,,64301.0,,0.0,Active,1.0,,64301.0,64301.0,True,status_active,spotrac,140588000
jalen mcdaniels,2024,4741800.0,1.0,4741800.0,4741800.0,4741800.0,2.0,4881191.0,139391,,4881191.0,0.0,Retained;Retained,0.0,,4881191.0,4881191.0,False,status_active,spotrac,140588000
kj martin,2024,7975000.0,1.0,7975000.0,4950000.0,4950000.0,2.0,7975000.0,3025000,3025000.0,4950000.0,0.0,Retained;Active,1.0,,7975000.0,7975000.0,True,signing_contract,spotrac,140588000
jalen hood-schifino,2024,3879840.0,1.0,3879840.0,2296687.0,2296687.0,2.0,3879840.0,1583153,,3879840.0,0.0,Retained;Retained,0.0,,3879840.0,3879840.0,False,status_active,spotrac,140588000
johnny juzang,2024,3087519.0,1.0,3087519.0,3087519.0,3087519.0,1.0,,,3087519.0,,0.0,Active,1.0,,3087519.0,3087519.0,True,status_active,spotrac,140588000
josh richardson,2024,3051153.0,1.0,3051153.0,1893819.0,1893819.0,2.0,3051153.0,1157334,,3051153.0,0.0,Retained;Retained,0.0,,3051153.0,3051153.0,False,status_active,spotrac,140588000
jalen johnson,2026,30000000.0,5.0,30000000.0,30000000.0,30000000.0,1.0,,,30000000.0,,0.0,Active,1.0,30000000.0,30000000.0,30000000.0,False,spotrac_cap_hit,spotrac,164961000
dyson daniels,2026,25000000.0,4.0,25000000.0,25000000.0,25000000.0,1.0,,,25000000.0,,0.0,Active,1.0,25000000.0,25000000.0,25000000.0,True,spotrac_cap_hit,spotrac,164961000
jonathan kuminga,2026,24300000.0,2.0,24300000.0,,,,,,,,,,,24300000.0,24300000.0,24300000.0,False,spotrac_cap_hit,spotrac,164961000
cj mccollum,2026,21000000.0,1.0,21000000.0,21000000.0,21000000.0,1.0,,,21000000.0,,0.0,Active,1.0,21000000.0,21000000.0,21000000.0,True,spotrac_cap_hit,spotrac,164961000
luguentz dort,2026,18222222.0,5.0,18222222.0,17722222.0,17722222.0,1.0,,,,,,,,17722222.0,17722222.0,17722222.0,False,spotrac_cap_hit,spotrac,164961000
onyeka okongwu,2026,16120000.0,4.0,16120000.0,16100000.0,16100000.0,1.0,,,16100000.0,,0.0,Active,1.0,16100000.0,16100000.0,16100000.0,False,spotrac_cap_hit,spotrac,164961000
nickeil alexander-walker,2026,14403710.0,4.0,14403710.0,14403710.0,14403710.0,1.0,,,,,,,,14403710.0,14403710.0,14403710.0,False,spotrac_cap_hit,spotrac,164961000
jock landale,2026,14100000.0,1.0,14100000.0,14100000.0,14100000.0,1.0,,,14100000.0,,0.0,Active,1.0,14100000.0,14100000.0,14100000.0,True,spotrac_cap_hit,spotrac,164961000
corey kispert,2026,13975000.0,4.0,13975000.0,13975000.0,13975000.0,1.0,,,,,,,,13975000.0,13975000.0,13975000.0,False,spotrac_cap_hit,spotrac,164961000
buddy hield,2026,9658536.0,4.0,9658536.0,9658536.0,9658536.0,1.0,,,,,,,,9658536.0,9658536.0,9658536.0,False,spotrac_cap_hit,spotrac,164961000
aaron wiggins,2026,9224300.0,5.0,9224300.0,8831776.0,8831776.0,1.0,,,,,,,,9028038.0,9028038.0,9028038.0,False,spotrac_cap_hit,spotrac,164961000
kingston flemings,2026,7348680.0,4.0,7348680.0,,,,,,,,,,,,7348680.0,,False,fallback_bbref,bbref,164961000
devin carter,2026,5158080.0,3.0,5158080.0,5158080.0,5158080.0,1.0,,,,,,,,5158080.0,5158080.0,5158080.0,False,spotrac_cap_hit,spotrac,164961000
zuby ejiofor,2026,3453360.0,4.0,3453360.0,,,,,,,,,,,,3453360.0,,False,fallback_bbref,bbref,164961000
asa newell,2026,3399480.0,3.0,3399480.0,3399480.0,3399480.0,1.0,,,,,,,,3399480.0,3399480.0,3399480.0,False,spotrac_cap_hit,spotrac,164961000
mouhamed gueye,2026,2406205.0,2.0,2406205.0,2406205.0,2406205.0,1.0,,,,,,,,2406205.0,2406205.0,2406205.0,False,spotrac_cap_hit,spotrac,164961000
ryan nembhard,2026,2150917.0,1.0,2150917.0,,,,,,,,,,,,2150917.0,,False,fallback_bbref,bbref,164961000
henri veesaar,2026,1357763.0,4.0,1357763.0,,,,,,,,,,,,1357763.0,,False,fallback_bbref,bbref,164961000
jayson tatum,2026,58456566.0,5.0,58456566.0,58456566.0,58456566.0,1.0,,,,,,,,58456566.0,58456566.0,58456566.0,False,spotrac_cap_hit,spotrac,164961000
paul george,2026,54126380.0,9.0,54126380.0,54126380.0,54126380.0,1.0,,,,,,,,54126380.0,54126380.0,54126380.0,False,spotrac_cap_hit,spotrac,164961000
derrick white,2026,30348000.0,4.0,30348000.0,28458000.0,28458000.0,1.0,,,,,,,,30348000.0,30348000.0,30348000.0,False,spotrac_cap_hit,spotrac,164961000
mitchell robinson,2026,15044000.0,3.0,15044000.0,15044000.0,15044000.0,1.0,,,,,,,,15044000.0,15044000.0,15044000.0,True,spotrac_cap_hit,spotrac,164961000
sam hauser,2026,10848215.0,4.0,10848215.0,10848215.0,10848215.0,1.0,,,,,,,,10848215.0,10848215.0,10848215.0,False,spotrac_cap_hit,spotrac,164961000
payton pritchard,2026,7767857.0,4.0,7767857.0,7767857.0,7767857.0,1.0,,,7767857.0,,0.0,Active,1.0,7767857.0,7767857.0,7767857.0,False,spotrac_cap_hit,spotrac,164961000
ron harper jr.,2026,3150752.0,4.0,3150752.0,3150752.0,3150752.0,1.0,,,,,,,,3150752.0,3150752.0,3150752.0,False,spotrac_cap_hit,spotrac,164961000
chris cenac jr.,2026,2988120.0,4.0,2988120.0,,,,,,,,,,,,2988120.0,,False,fallback_bbref,bbref,164961000
hugo gonzalez,2026,2923560.0,3.0,2923560.0,2923560.0,2923560.0,1.0,,,,,,,,2923560.0,2923560.0,2923560.0,False,spotrac_cap_hit,spotrac,164961000
luka garza,2026,2801346.0,3.0,2801346.0,2801346.0,2801346.0,1.0,,,2801346.0,,0.0,Active,1.0,2801346.0,2801346.0,2801346.0,False,spotrac_cap_hit,spotrac,164961000
baylor scheierman,2026,2744040.0,3.0,2744040.0,2744040.0,2744040.0,1.0,,,,,,,,2744040.0,2744040.0,2744040.0,False,spotrac_cap_hit,spotrac,164961000
neemias queta,2026,2667944.0,3.0,2667944.0,2667944.0,2667944.0,1.0,,,,,,,,2667944.0,2667944.0,2667944.0,False,spotrac_cap_hit,spotrac,164961000
mike conley,2026,2449421.0,1.0,2449421.0,3876529.0,3876529.0,1.0,,,3876529.0,,0.0,Active,1.0,2449421.0,2449421.0,2449421.0,True,spotrac_cap_hit,spotrac,164961000
jordan walsh,2026,2406205.0,2.0,2406205.0,2406205.0,2406205.0,1.0,,,,,,,,2406205.0,2406205.0,2406205.0,False,spotrac_cap_hit,spotrac,164961000
milos uzan,2026,1357763.0,1.0,1357763.0,,,,,,,,,,,,1357763.0,,False,fallback_bbref,bbref,164961000
tucker devries,2026,1357763.0,1.0,1357763.0,,,,,,,,,,,,1357763.0,,False,fallback_bbref,bbref,164961000
michael porter jr.,2026,40806150.0,5.0,40806150.0,40806150.0,40806150.0,1.0,,,40806150.0,,0.0,Active,1.0,40806150.0,40806150.0,40806150.0,False,spotrac_cap_hit,spotrac,164961000
julius randle,2026,33333334.0,4.0,33333334.0,33333334.0,33333334.0,1.0,,,,,,,,33333334.0,33333334.0,33333334.0,False,spotrac_cap_hit,spotrac,164961000
terance mann,2026,15500000.0,3.0,15500000.0,15500000.0,15500000.0,1.0,,,15500000.0,,0.0,Active,1.0,15500000.0,15500000.0,15500000.0,False,spotrac_cap_hit,spotrac,164961000
day'ron sharpe,2026,10000000.0,2.0,10000000.0,10000000.0,10000000.0,1.0,,,,,,,,10000000.0,10000000.0,10000000.0,True,spotrac_cap_hit,spotrac,164961000
moritz wagner,2026,9268293.0,2.0,9268293.0,9000000.0,9000000.0,1.0,,,,,,,,9000000.0,9000000.0,9000000.0,True,spotrac_cap_hit,spotrac,164961000
mikel brown jr.,2026,8787000.0,4.0,8787000.0,,,,,,,,,,,,8787000.0,,False,fallback_bbref,bbref,164961000
keon ellis,2026,8780488.0,2.0,8780488.0,9000000.0,9000000.0,1.0,,,,,,,,9000000.0,9000000.0,9000000.0,True,spotrac_cap_hit,spotrac,164961000
egor demin,2026,7233720.0,3.0,7233720.0,,,,,,,,,,,,7233720.0,,False,fallback_bbref,bbref,164961000
noah clowney,2026,5414034.0,1.0,5414034.0,5414034.0,5414034.0,1.0,,,,,,,,5414034.0,5414034.0,5414034.0,False,spotrac_cap_hit,spotrac,164961000
josh minott,2026,4500000.0,2.0,4500000.0,4500000.0,4500000.0,1.0,,,,,,,,4500000.0,4500000.0,4500000.0,True,spotrac_cap_hit,spotrac,164961000
nolan traore,2026,4002000.0,3.0,4002000.0,4002000.0,4002000.0,1.0,,,,,,,,4002000.0,4002000.0,4002000.0,False,spotrac_cap_hit,spotrac,164961000
drake powell,2026,3540600.0,3.0,3540600.0,3540600.0,3540600.0,1.0,,,,,,,,3540600.0,3540600.0,3540600.0,False,spotrac_cap_hit,spotrac,164961000
ben saraf,2026,3028560.0,3.0,3028560.0,3028560.0,3028560.0,1.0,,,,,,,,3028560.0,3028560.0,3028560.0,False,spotrac_cap_hit,spotrac,164961000
joshua jefferson,2026,2969520.0,4.0,2969520.0,,,,,,,,,,,,2969520.0,,False,fallback_bbref,bbref,164961000
danny wolf,2026,2941440.0,3.0,2941440.0,2941440.0,2941440.0,1.0,,,,,,,,2941440.0,2941440.0,2941440.0,False,spotrac_cap_hit,spotrac,164961000
naz reid,2026,23275862.0,5.0,23275862.0,23275862.0,23275862.0,1.0,,,,,,,,23275862.0,23275862.0,23275862.0,False,spotrac_cap_hit,spotrac,164961000
coby white,2026,22839506.0,3.0,22839506.0,26811593.0,26811593.0,1.0,,,26811593.0,,0.0,Active,1.0,26811593.0,26811593.0,26811593.0,True,spotrac_cap_hit,spotrac,164961000
grayson allen,2026,18125000.0,4.0,18125000.0,18125000.0,18125000.0,1.0,,,,,,,,18125000.0,18125000.0,18125000.0,False,spotrac_cap_hit,spotrac,164961000
brandon miller,2026,15104626.0,1.0,15104626.0,15104626.0,15104626.0,1.0,,,,,,,,15104626.0,15104626.0,15104626.0,False,spotrac_cap_hit,spotrac,164961000
dennis schroder,2026,14809200.0,5.0,14809200.0,,,,,,,,,,,,14809200.0,,False,fallback_bbref,bbref,164961000
grant williams,2026,14265750.0,4.0,14265750.0,14265750.0,14265750.0,1.0,,,14265750.0,,0.0,Active,1.0,14265750.0,14265750.0,14265750.0,False,spotrac_cap_hit,spotrac,164961000
dorian finney-smith,2026,13335000.0,4.0,13335000.0,13335000.0,13335000.0,2.0,,,,,,,,14196974.0,14196974.0,14196974.0,False,spotrac_cap_hit,spotrac,164961000
royce o'neale,2026,10875000.0,8.0,10875000.0,10875000.0,10875000.0,1.0,,,10875000.0,,0.0,Active,1.0,10875000.0,10875000.0,10875000.0,False,spotrac_cap_hit,spotrac,164961000
kon knueppel,2026,10516560.0,3.0,10516560.0,10516560.0,10516560.0,1.0,,,,,,,,10516560.0,10516560.0,10516560.0,False,spotrac_cap_hit,spotrac,164961000
tidjane salaun,2026,8237880.0,3.0,8237880.0,,,,,,,,,,,,8237880.0,,False,fallback_bbref,bbref,164961000
hannes steinbach,2026,5227200.0,4.0,5227200.0,,,,,,,,,,,,5227200.0,,False,fallback_bbref,bbref,164961000
christian anderson jr.,2026,4257480.0,4.0,4257480.0,,,,,,,,,,,,4257480.0,,False,fallback_bbref,bbref,164961000
pat connaughton,2026,3815861.0,1.0,3815861.0,3815861.0,3815861.0,1.0,,,,,,,,3815861.0,3815861.0,3815861.0,False,spotrac_cap_hit,spotrac,164961000
liam mcneeley,2026,2902080.0,3.0,2902080.0,2902080.0,2902080.0,1.0,,,,,,,,2902080.0,2902080.0,2902080.0,False,spotrac_cap_hit,spotrac,164961000
moussa diabate,2026,2461462.0,2.0,2461462.0,,,,,,,,,,,,2461462.0,,False,fallback_bbref,bbref,164961000
sion james,2026,2411090.0,4.0,2411090.0,2411090.0,2411090.0,1.0,,,,,,,,2411090.0,2411090.0,2411090.0,False,spotrac_cap_hit,spotrac,164961000
ryan kalkbrenner,2026,2411090.0,4.0,2411090.0,2411090.0,2411090.0,1.0,,,,,,,,2411090.0,2411090.0,2411090.0,False,spotrac_cap_hit,spotrac,164961000
josh giddey,2026,25000000.0,4.0,25000000.0,25000000.0,25000000.0,1.0,,,25000000.0,,0.0,Active,1.0,25000000.0,25000000.0,25000000.0,False,spotrac_cap_hit,spotrac,164961000
nic claxton,2026,23147727.0,4.0,23147727.0,23147727.0,23147727.0,1.0,,,23147727.0,,0.0,Active,1.0,23320738.0,23320738.0,23320738.0,False,spotrac_cap_hit,spotrac,164961000
norman powell,2026,21500000.0,2.0,21500000.0,21500000.0,21500000.0,1.0,,,,,,,,21500000.0,21500000.0,21500000.0,True,spotrac_cap_hit,spotrac,164961000
patrick williams,2026,18000000.0,5.0,18000000.0,18000000.0,18000000.0,1.0,,,,,,,,18000000.0,18000000.0,18000000.0,False,spotrac_cap_hit,spotrac,164961000
isaac okoro,2026,11814814.0,4.0,11814814.0,11814814.0,11814814.0,1.0,,,11814814.0,,0.0,Active,1.0,11814814.0,11814814.0,11814814.0,False,spotrac_cap_hit,spotrac,164961000
caleb wilson,2026,10683720.0,4.0,10683720.0,,,,,,,,,,,,10683720.0,,False,fallback_bbref,bbref,164961000
jalen smith,2026,9428571.0,3.0,9428571.0,9428571.0,9428571.0,1.0,,,9428571.0,,0.0,Active,1.0,9428571.0,9428571.0,9428571.0,False,spotrac_cap_hit,spotrac,164961000
zach collins,2026,8292683.0,2.0,8292683.0,8500000.0,8500000.0,1.0,,,,,,,,8500000.0,8500000.0,8500000.0,True,spotrac_cap_hit,spotrac,164961000
tre jones,2026,8000000.0,3.0,8000000.0,8000000.0,8000000.0,1.0,,,,,,,,8000000.0,8000000.0,8000000.0,False,spotrac_cap_hit,spotrac,164961000
rob dillingham,2026,6889320.0,3.0,6889320.0,6889320.0,6889320.0,1.0,,,,,,,,6889320.0,6889320.0,6889320.0,False,spotrac_cap_hit,spotrac,164961000
matas buzelis,2026,5715360.0,3.0,5715360.0,5715360.0,5715360.0,1.0,,,,,,,,5715360.0,5715360.0,5715360.0,False,spotrac_cap_hit,spotrac,164961000
noa essengue,2026,5701200.0,3.0,5701200.0,5701200.0,5701200.0,1.0,,,,,,,,5701200.0,5701200.0,5701200.0,False,spotrac_cap_hit,spotrac,164961000
dailyn swain,2026,4965480.0,4.0,4965480.0,,,,,,,,,,,,4965480.0,,False,fallback_bbref,bbref,164961000
leonard miller,2026,2406205.0,2.0,2406205.0,2406205.0,2406205.0,1.0,,,,,,,,2406205.0,2406205.0,2406205.0,False,spotrac_cap_hit,spotrac,164961000
donovan mitchell,2026,50105628.0,3.0,50105628.0,50105628.0,50105628.0,1.0,,,,,,,,50105628.0,50105628.0,50105628.0,False,spotrac_cap_hit,spotrac,164961000
evan mobley,2026,50105628.0,5.0,50105628.0,50105628.0,50105628.0,1.0,,,50105628.0,,0.0,Active,1.0,50105628.0,50105628.0,50105628.0,False,spotrac_cap_hit,spotrac,164961000
james harden,2026,42317307.0,2.0,42317307.0,,,,,,,,,,,42317307.0,42317307.0,42317307.0,False,spotrac_cap_hit,spotrac,164961000
jarrett allen,2026,28000000.0,3.0,28000000.0,28000000.0,28000000.0,1.0,,,28000000.0,,0.0,Active,1.0,28000000.0,28000000.0,28000000.0,True,spotrac_cap_hit,spotrac,164961000
peyton watson,2026,20465116.0,4.0,20465116.0,20465116.0,20465116.0,1.0,,,,,,,,20465116.0,20465116.0,20465116.0,True,spotrac_cap_hit,spotrac,164961000
sam merrill,2026,9160715.0,4.0,9160715.0,9160715.0,9160715.0,1.0,,,9160715.0,,0.0,Active,1.0,9160715.0,9160715.0,9160715.0,False,spotrac_cap_hit,spotrac,164961000
cam whitmore,2026,5458310.0,1.0,5458310.0,5458310.0,5458310.0,1.0,,,,5458310.0,0.0,Retained,0.0,,5458310.0,5458310.0,False,status_active,spotrac,164961000
jaylon tyson,2026,3658560.0,3.0,3658560.0,3658560.0,3658560.0,1.0,,,,,,,,3658560.0,3658560.0,3658560.0,False,spotrac_cap_hit,spotrac,164961000
thomas bryant,2026,2449421.0,1.0,2449421.0,3524115.0,3524115.0,1.0,,,3524115.0,,0.0,Active,1.0,2449421.0,2449421.0,2449421.0,True,spotrac_cap_hit,spotrac,164961000
mario hezonja,2026,2449421.0,1.0,2449421.0,,,,,,,,,,,,2449421.0,,False,fallback_bbref,bbref,164961000
nae'qwan tomlin,2026,2411090.0,1.0,2411090.0,2411090.0,2411090.0,1.0,,,,,,,,2411090.0,2411090.0,2411090.0,False,spotrac_cap_hit,spotrac,164961000
craig porter jr.,2026,2406205.0,2.0,2406205.0,2406205.0,2406205.0,1.0,,,,,,,,2406205.0,2406205.0,2406205.0,False,spotrac_cap_hit,spotrac,164961000
tyrese proctor,2026,2150917.0,1.0,2150917.0,2150917.0,2150917.0,1.0,,,,,,,,2150917.0,2150917.0,2150917.0,False,spotrac_cap_hit,spotrac,164961000
meleek thomas,2026,1357763.0,4.0,1357763.0,,,,,,,,,,,,1357763.0,,False,fallback_bbref,bbref,164961000
ricky rubio,2026,424672.0,3.0,424672.0,424672.0,424672.0,1.0,,,,424672.0,0.0,Buyout,0.0,,,,False,retained_only,spotrac,164961000
kyrie irving,2026,39491282.0,3.0,39491282.0,39491282.0,39491282.0,1.0,,,,,,,,39491282.0,39491282.0,39491282.0,False,spotrac_cap_hit,spotrac,164961000
p.j. washington,2026,19813044.0,4.0,19813044.0,19813044.0,19813044.0,1.0,,,19813044.0,,0.0,Active,1.0,19813044.0,19813044.0,19813044.0,True,spotrac_cap_hit,spotrac,164961000
daniel gafford,2026,17263584.0,3.0,17263584.0,17263584.0,17263584.0,1.0,,,17263584.0,,0.0,Active,1.0,17263584.0,17263584.0,17263584.0,True,spotrac_cap_hit,spotrac,164961000
santi aldama,2026,17007043.0,3.0,17007043.0,17007043.0,17007043.0,1.0,,,,,,,,17007043.0,17007043.0,17007043.0,False,spotrac_cap_hit,spotrac,164961000
cooper flagg,2026,14517480.0,3.0,14517480.0,14517480.0,14517480.0,1.0,,,,,,,,14517480.0,14517480.0,14517480.0,False,spotrac_cap_hit,spotrac,164961000
zaccharie risacher,2026,13826040.0,3.0,13826040.0,13826040.0,13826040.0,1.0,,,,,,,,13826040.0,13826040.0,13826040.0,False,spotrac_cap_hit,spotrac,164961000
caleb martin,2026,10001493.0,4.0,10001493.0,8963901.0,8963901.0,1.0,,,,,,,,10001494.0,10001494.0,10001494.0,False,spotrac_cap_hit,spotrac,164961000
naji marshall,2026,9428571.0,3.0,9428571.0,9428571.0,9428571.0,1.0,,,9428571.0,,0.0,Active,1.0,9428571.0,9428571.0,9428571.0,False,spotrac_cap_hit,spotrac,164961000
max christie,2026,8285714.0,4.0,8285714.0,8285714.0,8285714.0,1.0,,,,,,,,8285714.0,8285714.0,8285714.0,False,spotrac_cap_hit,spotrac,164961000
dereck lively ii,2026,7239131.0,1.0,7239131.0,7239131.0,7239131.0,1.0,,,,,,,,7239131.0,7239131.0,7239131.0,False,spotrac_cap_hit,spotrac,164961000
morez johnson jr.,2026,6754800.0,4.0,6754800.0,,,,,,,,,,,,6754800.0,,False,fallback_bbref,bbref,164961000
marcus sasser,2026,5198983.0,1.0,5198983.0,5198983.0,5198983.0,1.0,,,,,,,,5198983.0,5198983.0,5198983.0,False,spotrac_cap_hit,spotrac,164961000
sergio de larrea,2026,3182280.0,4.0,3182280.0,,,,,,,,,,,,3182280.0,,False,fallback_bbref,bbref,164961000
tarik biberovic,2026,3000000.0,2.0,3000000.0,,,,,,,,,,,,3000000.0,,False,fallback_bbref,bbref,164961000
moussa cisse,2026,2185116.0,2.0,2185116.0,,,,,,,,,,,2185116.0,2185116.0,2185116.0,True,spotrac_cap_hit,spotrac,164961000
javale mcgee,2026,2208856.0,5.0,2208856.0,2208856.0,2208856.0,1.0,,,,2208856.0,0.0,Retained,0.0,,,,False,retained_only,spotrac,164961000
nikola jokic,2026,59033114.0,5.0,59033114.0,59033114.0,59033114.0,1.0,,,,,,,,59033114.0,59033114.0,59033114.0,False,spotrac_cap_hit,spotrac,164961000
jamal murray,2026,50105628.0,4.0,50105628.0,50105628.0,50105628.0,1.0,,,50105628.0,,0.0,Active,1.0,50105628.0,50105628.0,50105628.0,False,spotrac_cap_hit,spotrac,164961000
aaron gordon,2026,33658037.0,3.0,33658037.0,31978037.0,31978037.0,1.0,,,,,,,,31978037.0,31978037.0,31978037.0,True,spotrac_cap_hit,spotrac,164961000
cameron johnson,2026,23062500.0,3.0,23062500.0,22500000.0,22500000.0,1.0,,,22500000.0,,0.0,Active,1.0,23062500.0,23062500.0,23062500.0,False,spotrac_cap_hit,spotrac,164961000
christian braun,2026,21551726.0,5.0,21551726.0,21551726.0,21551726.0,1.0,,,21551726.0,,0.0,Active,1.0,21551726.0,21551726.0,21551726.0,True,spotrac_cap_hit,spotrac,164961000
zeke nnaji,2026,7466667.0,4.0,7466667.0,7466667.0,7466667.0,1.0,,,,,,,,7466667.0,7466667.0,7466667.0,False,spotrac_cap_hit,spotrac,164961000
spencer jones,2026,6000000.0,2.0,6000000.0,6000000.0,6000000.0,1.0,,,6000000.0,,0.0,Active,1.0,6000000.0,6000000.0,6000000.0,True,spotrac_cap_hit,spotrac,164961000
julian strawther,2026,4826931.0,1.0,4826931.0,4826931.0,4826931.0,1.0,,,,,,,,4826931.0,4826931.0,4826931.0,False,spotrac_cap_hit,spotrac,164961000
daron holmes,2026,3372120.0,3.0,3372120.0,,,,,,,,,,,,3372120.0,,False,fallback_bbref,bbref,164961000
marvin bagley iii,2026,2449421.0,1.0,2449421.0,3506659.0,3506659.0,1.0,,,3506659.0,,0.0,Active,1.0,2449421.0,2449421.0,2449421.0,True,spotrac_cap_hit,spotrac,164961000
tyus jones,2026,2449421.0,1.0,2449421.0,3876529.0,3876529.0,1.0,,,3876529.0,,0.0,Active,1.0,2449421.0,2449421.0,2449421.0,True,spotrac_cap_hit,spotrac,164961000
trevon brazile,2026,1357763.0,1.0,1357763.0,,,,,,,,,,,,1357763.0,,False,fallback_bbref,bbref,164961000
cade cunningham,2026,50105628.0,5.0,50105628.0,50105628.0,50105628.0,1.0,,,50105628.0,,0.0,Active,1.0,50105628.0,50105628.0,50105628.0,False,spotrac_cap_hit,spotrac,164961000
john collins,2026,17000000.0,3.0,17000000.0,17000000.0,17000000.0,1.0,,,17000000.0,,0.0,Active,1.0,17000000.0,17000000.0,17000000.0,True,spotrac_cap_hit,spotrac,164961000
duncan robinson,2026,15992957.0,3.0,15992957.0,15992957.0,15992957.0,1.0,,,15992957.0,,0.0,Active,1.0,15992957.0,15992957.0,15992957.0,False,spotrac_cap_hit,spotrac,164961000
isaiah joe,2026,11323006.0,4.0,11323006.0,11323006.0,11323006.0,1.0,,,,,,,,11323006.0,11323006.0,11323006.0,False,spotrac_cap_hit,spotrac,164961000
ausar thompson,2026,11117925.0,1.0,11117925.0,11117925.0,11117925.0,1.0,,,,,,,,11117925.0,11117925.0,11117925.0,False,spotrac_cap_hit,spotrac,164961000
ron holland,2026,9069600.0,3.0,9069600.0,,,,,,,,,,,,9069600.0,,False,fallback_bbref,bbref,164961000
kevin huerter,2026,8333333.0,3.0,8333333.0,9507042.0,9507042.0,1.0,,,,,,,,9507042.0,9507042.0,9507042.0,True,spotrac_cap_hit,spotrac,164961000
paul reed,2026,5602689.0,2.0,5602689.0,5602689.0,5602689.0,1.0,,,5602689.0,,0.0,Active,1.0,5602689.0,5602689.0,5602689.0,False,spotrac_cap_hit,spotrac,164961000
ebuka okorie,2026,4481280.0,4.0,4481280.0,,,,,,,,,,,,4481280.0,,False,fallback_bbref,bbref,164961000
daniss jenkins,2026,4000000.0,2.0,4000000.0,4000000.0,4000000.0,1.0,,,,,,,,4000000.0,4000000.0,4000000.0,False,spotrac_cap_hit,spotrac,164961000
javonte green,2026,3943679.0,1.0,3943679.0,3943679.0,3943679.0,1.0,,,3943679.0,,0.0,Active,1.0,3943679.0,3943679.0,3943679.0,True,spotrac_cap_hit,spotrac,164961000
gary harris,2026,3815861.0,2.0,3815861.0,3815861.0,3815861.0,1.0,,,,,,,,3815861.0,3815861.0,3815861.0,False,spotrac_cap_hit,spotrac,164961000
taurean prince,2026,3815861.0,1.0,3815861.0,3815861.0,3815861.0,1.0,,,,,,,,3815861.0,3815861.0,3815861.0,False,spotrac_cap_hit,spotrac,164961000
tolu smith,2026,2411090.0,1.0,2411090.0,,,,,,,,,,,,2411090.0,,False,fallback_bbref,bbref,164961000
chaz lanier,2026,2150917.0,1.0,2150917.0,2150917.0,2150917.0,1.0,,,,,,,,2150917.0,2150917.0,2150917.0,False,spotrac_cap_hit,spotrac,164961000
stephen curry,2026,62587158.0,8.0,62587158.0,62587158.0,62587158.0,1.0,,,62587158.0,,0.0,Active,1.0,62587158.0,62587158.0,62587158.0,True,spotrac_cap_hit,spotrac,164961000
jimmy butler,2026,56832773.0,4.0,56832773.0,56832773.0,56832773.0,1.0,,,56832773.0,,0.0,Active,1.0,56832773.0,56832773.0,56832773.0,False,spotrac_cap_hit,spotrac,164961000
draymond green,2026,27678571.0,4.0,27678571.0,27678571.0,27678571.0,1.0,,,27678571.0,,0.0,Active,1.0,27678571.0,27678571.0,27678571.0,True,spotrac_cap_hit,spotrac,164961000
kristaps porzingis,2026,19512195.0,2.0,19512195.0,,,,,,,,,,,,19512195.0,,False,fallback_bbref,bbref,164961000
moses moody,2026,12500000.0,3.0,12500000.0,12500000.0,12500000.0,1.0,,,12500000.0,,0.0,Active,1.0,12500000.0,12500000.0,12500000.0,False,spotrac_cap_hit,spotrac,164961000
al horford,2026,6822000.0,2.0,6822000.0,6822000.0,6822000.0,1.0,,,,,,,,6822000.0,6822000.0,6822000.0,True,spotrac_cap_hit,spotrac,164961000
yaxel lendeborg,2026,6096240.0,4.0,6096240.0,,,,,,,,,,,,6096240.0,,False,fallback_bbref,bbref,164961000
brandin podziemski,2026,5679459.0,1.0,5679459.0,5679459.0,5679459.0,1.0,,,,,,,,5679459.0,5679459.0,5679459.0,False,spotrac_cap_hit,spotrac,164961000
de'anthony melton,2026,5477000.0,2.0,5477000.0,6064000.0,6064000.0,1.0,,,,,,,,6064000.0,6064000.0,6064000.0,True,spotrac_cap_hit,spotrac,164961000
gui santos,2026,4629630.0,3.0,4629630.0,4629630.0,4629630.0,1.0,,,,,,,,4629630.0,4629630.0,4629630.0,True,spotrac_cap_hit,spotrac,164961000
charles bassey,2026,2449421.0,1.0,2449421.0,2845883.0,2845883.0,1.0,,,2845883.0,,0.0,Active,1.0,2449421.0,2449421.0,2449421.0,True,spotrac_cap_hit,spotrac,164961000
gary payton ii,2026,2449421.0,1.0,2449421.0,3876529.0,3876529.0,1.0,,,3876529.0,,0.0,Active,1.0,2449421.0,2449421.0,2449421.0,True,spotrac_cap_hit,spotrac,164961000
will richard,2026,2150917.0,1.0,2150917.0,2150917.0,2150917.0,1.0,,,,,,,,2150917.0,2150917.0,2150917.0,False,spotrac_cap_hit,spotrac,164961000
kevin durant,2026,43902439.0,2.0,43902439.0,43902439.0,43902439.0,1.0,,,,,,,,43902439.0,43902439.0,43902439.0,False,spotrac_cap_hit,spotrac,164961000
alperen sengun,2026,35642202.0,5.0,35642202.0,,,,,,,,,,,,35642202.0,,False,fallback_bbref,bbref,164961000
fred vanvleet,2026,25000000.0,2.0,25000000.0,25000000.0,25000000.0,1.0,,,,,,,,25000000.0,25000000.0,25000000.0,False,spotrac_cap_hit,spotrac,164961000
jabari smith jr.,2026,23643411.0,5.0,23643411.0,23643411.0,23643411.0,1.0,,,23643411.0,,0.0,Active,1.0,23643411.0,23643411.0,23643411.0,True,spotrac_cap_hit,spotrac,164961000
tari eason,2026,14051724.0,5.0,14051724.0,14053356.0,14053356.0,1.0,,,,,,,,14053356.0,14053356.0,14053356.0,True,spotrac_cap_hit,spotrac,164961000
steven adams,2026,13000000.0,5.0,13000000.0,13000000.0,13000000.0,1.0,,,13000000.0,,0.0,Active,1.0,13000000.0,13000000.0,13000000.0,False,spotrac_cap_hit,spotrac,164961000
amen thompson,2026,12258609.0,1.0,12258609.0,12258609.0,12258609.0,1.0,,,,,,,,12258609.0,12258609.0,12258609.0,False,spotrac_cap_hit,spotrac,164961000
reed sheppard,2026,11108880.0,3.0,11108880.0,11108880.0,11108880.0,1.0,,,,,,,,11108880.0,11108880.0,11108880.0,False,spotrac_cap_hit,spotrac,164961000
clint capela,2026,7035000.0,3.0,7035000.0,7035000.0,7035000.0,1.0,,,7035000.0,,0.0,Active,1.0,7035000.0,7035000.0,7035000.0,False,spotrac_cap_hit,spotrac,164961000
marcus smart,2026,6064000.0,2.0,6064000.0,6064000.0,6064000.0,1.0,,,,,,,,6064000.0,6064000.0,6064000.0,True,spotrac_cap_hit,spotrac,164961000
julian phillips,2026,2537526.0,1.0,2537526.0,,,,,,,,,,,,2537526.0,,True,fallback_bbref,bbref,164961000
oscar tshiebwe,2026,2537526.0,1.0,2537526.0,,,,,,,,,,,,2537526.0,,True,fallback_bbref,bbref,164961000
isaiah crawford,2026,2449421.0,2.0,2449421.0,2449421.0,2449421.0,1.0,,,,,,,,2449421.0,2449421.0,2449421.0,True,spotrac_cap_hit,spotrac,164961000
jae'sean tate,2026,2449421.0,1.0,2449421.0,3066143.0,3066143.0,1.0,,,,,,,,2449421.0,2449421.0,2449421.0,True,spotrac_cap_hit,spotrac,164961000
bogdan bogdanovic,2026,2449421.0,1.0,2449421.0,3524115.0,3524115.0,1.0,,,3524115.0,,0.0,Active,1.0,2449421.0,2449421.0,2449421.0,True,spotrac_cap_hit,spotrac,164961000
bruce thornton,2026,1357763.0,4.0,1357763.0,,,,,,,,,,,,1357763.0,,False,fallback_bbref,bbref,164961000
tyrese haliburton,2026,48924624.0,5.0,48924624.0,48924624.0,48924624.0,1.0,,,48924624.0,,0.0,Active,1.0,48924624.0,48924624.0,48924624.0,False,spotrac_cap_hit,spotrac,164961000
pascal siakam,2026,48924624.0,8.0,48924624.0,48924624.0,48924624.0,1.0,,,48924624.0,,0.0,Active,1.0,48924624.0,48924624.0,48924624.0,False,spotrac_cap_hit,spotrac,164961000
ivica zubac,2026,20342140.0,3.0,20342140.0,19550160.0,19550160.0,1.0,,,19550160.0,,0.0,Active,1.0,20342140.0,20342140.0,20342140.0,False,spotrac_cap_hit,spotrac,164961000
andrew nembhard,2026,19550160.0,3.0,19550160.0,19550160.0,19550160.0,1.0,,,,,,,,19550160.0,19550160.0,19550160.0,False,spotrac_cap_hit,spotrac,164961000
obi toppin,2026,15000000.0,4.0,15000000.0,15000000.0,15000000.0,1.0,,,15000000.0,,0.0,Active,1.0,15000000.0,15000000.0,15000000.0,False,spotrac_cap_hit,spotrac,164961000
aaron nesmith,2026,11000000.0,3.0,11000000.0,11000000.0,11000000.0,1.0,,,11000000.0,,0.0,Active,1.0,11000000.0,11000000.0,11000000.0,False,spotrac_cap_hit,spotrac,164961000
t.j. mcconnell,2026,11000000.0,8.0,11000000.0,11000000.0,11000000.0,1.0,,,,,,,,11000000.0,11000000.0,11000000.0,False,spotrac_cap_hit,spotrac,164961000
jarace walker,2026,8478542.0,1.0,8478542.0,8478542.0,8478542.0,1.0,,,,,,,,8478542.0,8478542.0,8478542.0,False,spotrac_cap_hit,spotrac,164961000
kelly oubre jr.,2026,8050000.0,2.0,8050000.0,8050000.0,8050000.0,1.0,,,8050000.0,,0.0,Active,1.0,8050000.0,8050000.0,8050000.0,True,spotrac_cap_hit,spotrac,164961000
ben sheppard,2026,5031669.0,1.0,5031669.0,5031669.0,5031669.0,1.0,,,,,,,,5031669.0,5031669.0,5031669.0,False,spotrac_cap_hit,spotrac,164961000
jay huff,2026,2667944.0,4.0,2667944.0,2667944.0,2667944.0,1.0,,,,,,,,2667944.0,2667944.0,2667944.0,False,spotrac_cap_hit,spotrac,164961000
larry nance jr.,2026,2449421.0,1.0,2449421.0,3876529.0,3876529.0,1.0,,,3876529.0,,0.0,Active,1.0,2449421.0,2449421.0,2449421.0,True,spotrac_cap_hit,spotrac,164961000
johnny furphy,2026,2296271.0,2.0,2296271.0,2296271.0,2296271.0,1.0,,,,,,,,2296271.0,2296271.0,2296271.0,False,spotrac_cap_hit,spotrac,164961000
kawhi leonard,2026,50300000.0,8.0,50300000.0,50300000.0,50300000.0,1.0,,,50300000.0,,0.0,Active,1.0,50300000.0,50300000.0,50300000.0,False,spotrac_cap_hit,spotrac,164961000
darius garland,2026,42166510.0,5.0,42166510.0,42166510.0,42166510.0,1.0,,,42166510.0,,0.0,Active,1.0,42166510.0,42166510.0,42166510.0,False,spotrac_cap_hit,spotrac,164961000
max strus,2026,16660836.0,4.0,16660836.0,16660836.0,16660836.0,1.0,,,16660836.0,,0.0,Active,1.0,16660836.0,16660836.0,16660836.0,False,spotrac_cap_hit,spotrac,164961000
rui hachimura,2026,14000000.0,2.0,14000000.0,14000000.0,14000000.0,1.0,,,,,,,,14000000.0,14000000.0,14000000.0,True,spotrac_cap_hit,spotrac,164961000
derrick jones jr.,2026,10476190.0,3.0,10476190.0,10476190.0,10476190.0,1.0,,,10476190.0,,0.0,Active,1.0,10476190.0,10476190.0,10476190.0,False,spotrac_cap_hit,spotrac,164961000
keaton wagler,2026,9674760.0,4.0,9674760.0,,,,,,,,,,,,9674760.0,,False,fallback_bbref,bbref,164961000
brook lopez,2026,9187500.0,2.0,9187500.0,9187500.0,9187500.0,1.0,,,,,,,,9187500.0,9187500.0,9187500.0,False,spotrac_cap_hit,spotrac,164961000
isaiah jackson,2026,7000000.0,3.0,7000000.0,7000000.0,7000000.0,1.0,,,7000000.0,,0.0,Active,1.0,7000000.0,7000000.0,7000000.0,False,spotrac_cap_hit,spotrac,164961000
nicolas batum,2026,5881680.0,2.0,5881680.0,,,,,,,,,,,,5881680.0,,False,fallback_bbref,bbref,164961000
kris dunn,2026,5684800.0,3.0,5684800.0,5684800.0,5684800.0,1.0,,,5684800.0,,0.0,Active,1.0,5684800.0,5684800.0,5684800.0,False,spotrac_cap_hit,spotrac,164961000
jordan miller,2026,5300000.0,3.0,5300000.0,5300000.0,5300000.0,1.0,,,,,,,,5300000.0,5300000.0,5300000.0,True,spotrac_cap_hit,spotrac,164961000
yanic konan niederhauser,2026,2880960.0,3.0,2880960.0,,,,,,,,,,,,2880960.0,,False,fallback_bbref,bbref,164961000
kobe sanders,2026,2622139.0,4.0,2622139.0,2622139.0,2622139.0,1.0,,,2622139.0,,0.0,Active,1.0,2622139.0,2622139.0,2622139.0,True,spotrac_cap_hit,spotrac,164961000
yuki kawamura,2026,2449421.0,1.0,2449421.0,,,,,,,,,,,,2449421.0,,True,fallback_bbref,bbref,164961000
cam christie,2026,2296271.0,2.0,2296271.0,2296271.0,2296271.0,1.0,,,,,,,,2296271.0,2296271.0,2296271.0,False,spotrac_cap_hit,spotrac,164961000
baba miller,2026,1705630.0,4.0,1705630.0,,,,,,,,,,,,1705630.0,,False,fallback_bbref,bbref,164961000
luka doncic,2026,49800000.0,7.0,49800000.0,49488300.0,49488300.0,1.0,,,,,,,,49488300.0,49488300.0,49488300.0,True,spotrac_cap_hit,spotrac,164961000
austin reaves,2026,41240250.0,4.0,41240250.0,41240250.0,41240250.0,1.0,,,,,,,,41240250.0,41240250.0,41240250.0,True,spotrac_cap_hit,spotrac,164961000
walker kessler,2026,30232558.0,4.0,30232558.0,30108821.0,30108821.0,1.0,,,,,,,,30108821.0,30108821.0,30108821.0,True,spotrac_cap_hit,spotrac,164961000
quentin grimes,2026,13953489.0,4.0,13953489.0,13953489.0,13953489.0,1.0,,,,,,,,13953489.0,13953489.0,13953489.0,True,spotrac_cap_hit,spotrac,164961000
sandro mamukelashvili,2026,13000000.0,4.0,13000000.0,13000000.0,13000000.0,1.0,,,,,,,,13000000.0,13000000.0,13000000.0,True,spotrac_cap_hit,spotrac,164961000
jarred vanderbilt,2026,12428571.0,4.0,12428571.0,12428571.0,12428571.0,1.0,,,,,,,,12428571.0,12428571.0,12428571.0,False,spotrac_cap_hit,spotrac,164961000
collin sexton,2026,9366000.0,2.0,9366000.0,9366000.0,9366000.0,1.0,,,,,,,,9366000.0,9366000.0,9366000.0,True,spotrac_cap_hit,spotrac,164961000
jake laravia,2026,6000000.0,2.0,6000000.0,6000000.0,6000000.0,1.0,,,6000000.0,,0.0,Active,1.0,6000000.0,6000000.0,6000000.0,False,spotrac_cap_hit,spotrac,164961000
jaden hardy,2026,6000000.0,3.0,6000000.0,6000000.0,6000000.0,1.0,,,,,,,,6000000.0,6000000.0,6000000.0,False,spotrac_cap_hit,spotrac,164961000
dalton knecht,2026,4201080.0,3.0,4201080.0,4201080.0,4201080.0,1.0,,,,,,,,4201080.0,4201080.0,4201080.0,False,spotrac_cap_hit,spotrac,164961000
cameron carr,2026,3315360.0,4.0,3315360.0,,,,,,,,,,,,3315360.0,,False,fallback_bbref,bbref,164961000
kevon looney,2026,2449421.0,1.0,2449421.0,3876529.0,3876529.0,1.0,,,,,,,,2449421.0,2449421.0,2449421.0,True,spotrac_cap_hit,spotrac,164961000
matisse thybulle,2026,2449421.0,1.0,2449421.0,3286399.0,3286399.0,1.0,,,3286399.0,,0.0,Active,1.0,2449421.0,2449421.0,2449421.0,True,spotrac_cap_hit,spotrac,164961000
ziaire williams,2026,2449421.0,1.0,2449421.0,2845883.0,2845883.0,1.0,,,2845883.0,,0.0,Active,1.0,2449421.0,2449421.0,2449421.0,True,spotrac_cap_hit,spotrac,164961000
bronny james,2026,2296271.0,2.0,2296271.0,2296271.0,2296271.0,1.0,,,,,,,,2296271.0,2296271.0,2296271.0,False,spotrac_cap_hit,spotrac,164961000
adou thiero,2026,2150917.0,1.0,2150917.0,2150917.0,2150917.0,1.0,,,,,,,,2150917.0,2150917.0,2150917.0,False,spotrac_cap_hit,spotrac,164961000
jerami grant,2026,34206898.0,5.0,34206898.0,34206898.0,34206898.0,1.0,,,,,,,,34206898.0,34206898.0,34206898.0,False,spotrac_cap_hit,spotrac,164961000
isaiah stewart,2026,15000000.0,4.0,15000000.0,15000000.0,15000000.0,1.0,,,,,,,,15000000.0,15000000.0,15000000.0,False,spotrac_cap_hit,spotrac,164961000
brandon clarke,2026,12500000.0,4.0,12500000.0,,,,,,,,,,,,12500000.0,,False,fallback_bbref,bbref,164961000
cameron boozer,2026,11849760.0,4.0,11849760.0,,,,,,,,,,,,11849760.0,,False,fallback_bbref,bbref,164961000
ty jerome,2026,9220050.0,3.0,9220050.0,9220050.0,9220050.0,1.0,,,,,,,,9220050.0,9220050.0,9220050.0,False,spotrac_cap_hit,spotrac,164961000
quinten post,2026,8285714.0,3.0,8285714.0,9000000.0,9000000.0,1.0,,,,,,,,9000000.0,9000000.0,9000000.0,True,spotrac_cap_hit,spotrac,164961000
taylor hendricks,2026,7805900.0,1.0,7805900.0,7805900.0,7805900.0,1.0,,,,,,,,7805900.0,7805900.0,7805900.0,False,spotrac_cap_hit,spotrac,164961000
zach edey,2026,6332760.0,3.0,6332760.0,6332760.0,6332760.0,1.0,,,,,,,,6332760.0,6332760.0,6332760.0,False,spotrac_cap_hit,spotrac,164961000
cedric coward,2026,6001080.0,3.0,6001080.0,6001080.0,6001080.0,1.0,,,,,,,,6001080.0,6001080.0,6001080.0,False,spotrac_cap_hit,spotrac,164961000
d'angelo russell,2026,5969250.0,2.0,5969250.0,5969250.0,5969250.0,1.0,,,,,,,,5969250.0,5969250.0,5969250.0,False,spotrac_cap_hit,spotrac,164961000
kris murray,2026,5315004.0,1.0,5315004.0,5315004.0,5315004.0,1.0,,,,,,,,5315004.0,5315004.0,5315004.0,False,spotrac_cap_hit,spotrac,164961000
walter clayton,2026,4190520.0,3.0,4190520.0,,,,,,,,,,,,4190520.0,,False,fallback_bbref,bbref,164961000
karim lopez,2026,3746760.0,4.0,3746760.0,,,,,,,,,,,,3746760.0,,False,fallback_bbref,bbref,164961000
aj johnson,2026,3237120.0,3.0,3237120.0,3237120.0,3237120.0,1.0,,,,,,,,3237120.0,3237120.0,3237120.0,False,spotrac_cap_hit,spotrac,164961000
olivier-maxence prosper,2026,2497812.0,1.0,2497812.0,1002360.0,1002360.0,2.0,3500172.0,2497812,,,,,,2497812.0,2497812.0,2497812.0,False,spotrac_cap_hit,spotrac,164961000
scotty pippen jr.,2026,2461462.0,4.0,2461462.0,2461462.0,2461462.0,1.0,,,,,,,,2461462.0,2461462.0,2461462.0,False,spotrac_cap_hit,spotrac,164961000
cam spencer,2026,2411090.0,4.0,2411090.0,2411090.0,2411090.0,1.0,,,,,,,,2411090.0,2411090.0,2411090.0,False,spotrac_cap_hit,spotrac,164961000
gg jackson ii,2026,2406205.0,2.0,2406205.0,,,,,,,,,,,,2406205.0,,False,fallback_bbref,bbref,164961000
jaylen wells,2026,2296271.0,2.0,2296271.0,2296271.0,2296271.0,1.0,,,,,,,,2296271.0,2296271.0,2296271.0,False,spotrac_cap_hit,spotrac,164961000
kentavious caldwell-pope,2026,17744971.0,1.0,17744971.0,21621500.0,21621500.0,1.0,,,,,,,,21621500.0,21621500.0,21621500.0,False,spotrac_cap_hit,spotrac,164961000
cole anthony,2026,3700000.0,2.0,3700000.0,3700000.0,3700000.0,1.0,,,,3700000.0,0.0,Buyout,0.0,,,,False,retained_only,spotrac,164961000
mamadi diakite,2026,464050.0,3.0,464050.0,464050.0,464050.0,1.0,,,,464050.0,0.0,Retained,0.0,,,,False,retained_only,spotrac,164961000
giannis antetokounmpo,2026,58456566.0,7.0,58456566.0,58456566.0,58456566.0,1.0,,,,,,,,58456566.0,58456566.0,58456566.0,False,spotrac_cap_hit,spotrac,164961000
bam adebayo,2026,49800000.0,1.0,49800000.0,49488300.0,49488300.0,1.0,,,,,,,,49488300.0,49488300.0,49488300.0,True,spotrac_cap_hit,spotrac,164961000
andrew wiggins,2026,30169644.0,4.0,30169644.0,30169644.0,30169644.0,1.0,,,,,,,,30169644.0,30169644.0,30169644.0,False,spotrac_cap_hit,spotrac,164961000
nikola jovic,2026,16200000.0,4.0,16200000.0,,,,,,,,,,,,16200000.0,,False,fallback_bbref,bbref,164961000
bobby portis,2026,14521414.0,6.0,14521414.0,14521414.0,14521414.0,1.0,,,,,,,,14521414.0,14521414.0,14521414.0,False,spotrac_cap_hit,spotrac,164961000
davion mitchell,2026,12400000.0,2.0,12400000.0,12400000.0,12400000.0,1.0,,,12400000.0,,0.0,Active,1.0,12400000.0,12400000.0,12400000.0,False,spotrac_cap_hit,spotrac,164961000
tim hardaway jr.,2026,6500000.0,1.0,6500000.0,6065000.0,6065000.0,1.0,,,6065000.0,,0.0,Active,1.0,6065000.0,6065000.0,6065000.0,True,spotrac_cap_hit,spotrac,164961000
klay thompson,2026,5600000.0,3.0,5600000.0,17460317.0,17460317.0,1.0,,,17460317.0,,0.0,Active,1.0,17460317.0,17460317.0,17460317.0,False,spotrac_cap_hit,spotrac,164961000
dru smith,2026,2584539.0,3.0,2584539.0,2584539.0,2584539.0,1.0,,,,,,,,2584539.0,2584539.0,2584539.0,False,spotrac_cap_hit,spotrac,164961000
simone fontecchio,2026,2449421.0,1.0,2449421.0,2625627.0,2625627.0,1.0,,,2625627.0,,0.0,Active,1.0,2449421.0,2449421.0,2449421.0,True,spotrac_cap_hit,spotrac,164961000
pelle larsson,2026,2296271.0,1.0,2296271.0,2296271.0,2296271.0,1.0,,,,,,,,2296271.0,2296271.0,2296271.0,False,spotrac_cap_hit,spotrac,164961000
myron gardner,2026,2150917.0,1.0,2150917.0,2584539.0,2584539.0,1.0,,,,,,,,2584539.0,2584539.0,2584539.0,False,spotrac_cap_hit,spotrac,164961000
ryan conwell,2026,1357763.0,3.0,1357763.0,,,,,,,,,,,,1357763.0,,False,fallback_bbref,bbref,164961000
tyler herro,2026,33000000.0,4.0,33000000.0,33000000.0,33000000.0,1.0,,,33000000.0,,0.0,Active,1.0,33000000.0,33000000.0,33000000.0,False,spotrac_cap_hit,spotrac,164961000
myles turner,2026,26584164.0,4.0,26584164.0,26584164.0,26584164.0,1.0,,,,,,,,26584164.0,26584164.0,26584164.0,False,spotrac_cap_hit,spotrac,164961000
kyle kuzma,2026,20345152.0,4.0,20345152.0,19431819.0,19431819.0,1.0,,,19431819.0,,0.0,Active,1.0,20490152.0,20490152.0,20490152.0,False,spotrac_cap_hit,spotrac,164961000
gary trent jr.,2026,15200000.0,4.0,15200000.0,15200000.0,15200000.0,1.0,,,15200000.0,,0.0,Active,1.0,15200000.0,15200000.0,15200000.0,True,spotrac_cap_hit,spotrac,164961000
caris levert,2026,14809200.0,2.0,14809200.0,14809200.0,14809200.0,1.0,,,14809200.0,,0.0,Active,1.0,14809200.0,14809200.0,14809200.0,False,spotrac_cap_hit,spotrac,164961000
a.j. green,2026,10044644.0,4.0,10044644.0,10044644.0,10044644.0,1.0,,,10044644.0,,0.0,Active,1.0,10044644.0,10044644.0,10044644.0,True,spotrac_cap_hit,spotrac,164961000
brayden burries,2026,6417360.0,4.0,6417360.0,,,,,,,,,,,,6417360.0,,False,fallback_bbref,bbref,164961000
jaime jaquez jr.,2026,5939141.0,1.0,5939141.0,5939141.0,5939141.0,1.0,,,,,,,,5939141.0,5939141.0,5939141.0,False,spotrac_cap_hit,spotrac,164961000
ousmane dieng,2026,5750000.0,3.0,5750000.0,5750000.0,5750000.0,1.0,,,,,,,,5750000.0,5750000.0,5750000.0,True,spotrac_cap_hit,spotrac,164961000
nate ament,2026,5502000.0,4.0,5502000.0,,,,,,,,,,,,5502000.0,,False,fallback_bbref,bbref,164961000
kevin porter jr.,2026,5390700.0,2.0,5390700.0,5390700.0,5390700.0,1.0,,,,,,,,5390700.0,5390700.0,5390700.0,False,spotrac_cap_hit,spotrac,164961000
kel'el ware,2026,4654920.0,3.0,4654920.0,4654920.0,4654920.0,1.0,,,,,,,,4654920.0,4654920.0,4654920.0,False,spotrac_cap_hit,spotrac,164961000
ryan rollins,2026,4000000.0,3.0,4000000.0,4000000.0,4000000.0,1.0,,,,,,,,4000000.0,4000000.0,4000000.0,False,spotrac_cap_hit,spotrac,164961000
kasparas jakucionis,2026,3841680.0,3.0,3841680.0,3841680.0,3841680.0,1.0,,,,,,,,3841680.0,3841680.0,3841680.0,False,spotrac_cap_hit,spotrac,164961000
jericho sims,2026,2801346.0,2.0,2801346.0,2801346.0,2801346.0,1.0,,,,,,,,2801346.0,2801346.0,2801346.0,False,spotrac_cap_hit,spotrac,164961000
pete nance,2026,2537526.0,2.0,2537526.0,2537526.0,2537526.0,1.0,,,,,,,,2537526.0,2537526.0,2537526.0,True,spotrac_cap_hit,spotrac,164961000
bogoljub markovic,2026,1357763.0,4.0,1357763.0,,,,,,,,,,,,1357763.0,,False,fallback_bbref,bbref,164961000
vasilije micic,2026,666667.0,3.0,666667.0,,,,,,,,,,,,666667.0,,False,fallback_bbref,bbref,164961000
anthony edwards,2026,48924624.0,5.0,48924624.0,48924624.0,48924624.0,1.0,,,48924624.0,,0.0,Active,1.0,48924624.0,48924624.0,48924624.0,False,spotrac_cap_hit,spotrac,164961000
lamelo ball,2026,40770520.0,5.0,40770520.0,40770520.0,40770520.0,1.0,,,40770520.0,,0.0,Active,1.0,40770520.0,40770520.0,40770520.0,False,spotrac_cap_hit,spotrac,164961000
rudy gobert,2026,36500000.0,3.0,36500000.0,36500000.0,36500000.0,1.0,,,,,,,,36500000.0,36500000.0,36500000.0,False,spotrac_cap_hit,spotrac,164961000
jaden mcdaniels,2026,26200001.0,5.0,26200001.0,26200000.0,26200000.0,1.0,,,26200000.0,,0.0,Active,1.0,26200000.0,26200000.0,26200000.0,False,spotrac_cap_hit,spotrac,164961000
ayo dosunmu,2026,19310345.0,5.0,19310345.0,19310345.0,19310345.0,1.0,,,,,,,,19310345.0,19310345.0,19310345.0,True,spotrac_cap_hit,spotrac,164961000
josh green,2026,14679012.0,3.0,14679012.0,14679012.0,14679012.0,1.0,,,14679012.0,,0.0,Active,1.0,14679012.0,14679012.0,14679012.0,False,spotrac_cap_hit,spotrac,164961000
donte divincenzo,2026,12535000.0,4.0,12535000.0,12535000.0,12535000.0,1.0,,,12535000.0,,0.0,Active,1.0,12535000.0,12535000.0,12535000.0,False,spotrac_cap_hit,spotrac,164961000
joan beringer,2026,4411200.0,3.0,4411200.0,4411200.0,4411200.0,1.0,,,,,,,,4411200.0,4411200.0,4411200.0,False,spotrac_cap_hit,spotrac,164961000
jaylen clark,2026,3086420.0,3.0,3086420.0,3086420.0,3086420.0,1.0,,,3086420.0,,0.0,Active,1.0,3086420.0,3086420.0,3086420.0,True,spotrac_cap_hit,spotrac,164961000
bones hyland,2026,2845883.0,1.0,2449421.0,2845883.0,2845883.0,1.0,,,2845883.0,,0.0,Active,1.0,2845883.0,2845883.0,2845883.0,True,spotrac_cap_hit,spotrac,164961000
terrence shannon jr.,2026,2801640.0,3.0,2801640.0,2801640.0,2801640.0,1.0,,,,,,,,2801640.0,2801640.0,2801640.0,False,spotrac_cap_hit,spotrac,164961000
trey lyles,2026,2449421.0,1.0,2449421.0,3876529.0,3876529.0,1.0,,,3876529.0,,0.0,Active,1.0,2449421.0,2449421.0,2449421.0,True,spotrac_cap_hit,spotrac,164961000
isaiah evans,2026,1357763.0,4.0,1357763.0,,,,,,,,,,,,1357763.0,,False,fallback_bbref,bbref,164961000
zion williamson,2026,42166510.0,5.0,42166510.0,42166510.0,42166510.0,1.0,,,42166510.0,,0.0,Active,1.0,42166510.0,42166510.0,42166510.0,False,spotrac_cap_hit,spotrac,164961000
jordan poole,2026,34044642.0,4.0,34044642.0,34044642.0,34044642.0,1.0,,,34044642.0,,0.0,Active,1.0,34044642.0,34044642.0,34044642.0,False,spotrac_cap_hit,spotrac,164961000
dejounte murray,2026,32785071.0,4.0,32785071.0,28767536.0,28767536.0,1.0,,,,,,,,32785071.0,32785071.0,32785071.0,False,spotrac_cap_hit,spotrac,164961000
trey murphy iii,2026,27000000.0,4.0,27000000.0,27000000.0,27000000.0,1.0,,,27000000.0,,0.0,Active,1.0,27000000.0,27000000.0,27000000.0,False,spotrac_cap_hit,spotrac,164961000
herbert jones,2026,14898786.0,4.0,14898786.0,14898786.0,14898786.0,1.0,,,,,,,,14898786.0,14898786.0,14898786.0,False,spotrac_cap_hit,spotrac,164961000
jeremiah fears,2026,7896240.0,3.0,7896240.0,7896240.0,7896240.0,1.0,,,,,,,,7896240.0,7896240.0,7896240.0,False,spotrac_cap_hit,spotrac,164961000
jordan hawkins,2026,7021895.0,1.0,7021895.0,7021895.0,7021895.0,1.0,,,,,,,,7021895.0,7021895.0,7021895.0,False,spotrac_cap_hit,spotrac,164961000
saddiq bey,2026,6440678.0,3.0,6440678.0,6440678.0,6440678.0,1.0,,,6440678.0,,0.0,Active,1.0,6557080.0,6557080.0,6557080.0,False,spotrac_cap_hit,spotrac,164961000
derik queen,2026,5416080.0,3.0,5416080.0,5416080.0,5416080.0,1.0,,,,,,,,5416080.0,5416080.0,5416080.0,False,spotrac_cap_hit,spotrac,164961000
deandre jordan,2026,3876529.0,2.0,3876529.0,3876529.0,3876529.0,1.0,,,3876529.0,,0.0,Active,1.0,3876529.0,3876529.0,3876529.0,True,spotrac_cap_hit,spotrac,164961000
yves missi,2026,3512760.0,3.0,3512760.0,3512760.0,3512760.0,1.0,,,,,,,,3512760.0,3512760.0,3512760.0,False,spotrac_cap_hit,spotrac,164961000
bryce mcgowens,2026,2584539.0,2.0,2584539.0,2584539.0,2584539.0,1.0,,,,,,,,2584539.0,2584539.0,2584539.0,False,spotrac_cap_hit,spotrac,164961000
karlo matkovic,2026,2296271.0,1.0,2296271.0,,,,,,,,,,,,2296271.0,,False,fallback_bbref,bbref,164961000
micah peavy,2026,2150917.0,1.0,2150917.0,2150917.0,2150917.0,1.0,,,,,,,,2150917.0,2150917.0,2150917.0,False,spotrac_cap_hit,spotrac,164961000
karl-anthony towns,2026,57078728.0,4.0,57078728.0,57078728.0,57078728.0,1.0,,,,,,,,57078728.0,57078728.0,57078728.0,False,spotrac_cap_hit,spotrac,164961000
og anunoby,2026,42500000.0,5.0,42500000.0,42500000.0,42500000.0,1.0,,,,,,,,42500000.0,42500000.0,42500000.0,False,spotrac_cap_hit,spotrac,164961000
jalen brunson,2026,37739521.0,4.0,37739521.0,37739521.0,37739521.0,1.0,,,,,,,,37739521.0,37739521.0,37739521.0,False,spotrac_cap_hit,spotrac,164961000
mikal bridges,2026,33482145.0,4.0,33482145.0,33482145.0,33482145.0,1.0,,,,,,,,33482145.0,33482145.0,33482145.0,True,spotrac_cap_hit,spotrac,164961000
josh hart,2026,20923760.0,4.0,20923760.0,20923760.0,20923760.0,1.0,,,,,,,,20923760.0,20923760.0,20923760.0,False,spotrac_cap_hit,spotrac,164961000
landry shamet,2026,5357143.0,4.0,5357143.0,5490967.0,5490967.0,1.0,,,,,,,,5490967.0,5490967.0,5490967.0,True,spotrac_cap_hit,spotrac,164961000
jose alvarado,2026,4500000.0,2.0,4500000.0,4439656.0,4439656.0,1.0,,,4439656.0,,0.0,Active,1.0,4439656.0,4439656.0,4439656.0,True,spotrac_cap_hit,spotrac,164961000
miles mcbride,2026,3956523.0,3.0,3956523.0,3956523.0,3956523.0,1.0,,,3956523.0,,0.0,Active,1.0,3956523.0,3956523.0,3956523.0,False,spotrac_cap_hit,spotrac,164961000
pacome dadiet,2026,2983680.0,2.0,2983680.0,,,,,,,,,,,,2983680.0,,False,fallback_bbref,bbref,164961000
jordan clarkson,2026,2449421.0,1.0,2449421.0,3876529.0,3876529.0,1.0,,,3876529.0,,0.0,Active,1.0,2449421.0,2449421.0,2449421.0,True,spotrac_cap_hit,spotrac,164961000
andre drummond,2026,2449421.0,1.0,2449421.0,3876529.0,3876529.0,1.0,,,3876529.0,,0.0,Active,1.0,2449421.0,2449421.0,2449421.0,True,spotrac_cap_hit,spotrac,164961000
tyler kolek,2026,2296271.0,4.0,2296271.0,2296271.0,2296271.0,1.0,,,,,,,,2296271.0,2296271.0,2296271.0,False,spotrac_cap_hit,spotrac,164961000
mohamed diawara,2026,2232143.0,4.0,2232143.0,2622139.0,2622139.0,1.0,,,,,,,,2622139.0,2622139.0,2622139.0,True,spotrac_cap_hit,spotrac,164961000
chet holmgren,2026,41500000.0,1.0,41500000.0,41240250.0,41240250.0,1.0,,,41240250.0,,0.0,Active,1.0,41240250.0,41240250.0,41240250.0,True,spotrac_cap_hit,spotrac,164961000
jalen williams,2026,41500000.0,1.0,41500000.0,41240250.0,41240250.0,1.0,,,41240250.0,,0.0,Active,1.0,41240250.0,41240250.0,41240250.0,True,spotrac_cap_hit,spotrac,164961000
shai gilgeous-alexander,2026,40806150.0,5.0,40806150.0,40806150.0,40806150.0,1.0,,,,,,,,40806150.0,40806150.0,40806150.0,False,spotrac_cap_hit,spotrac,164961000
isaiah hartenstein,2026,23148148.0,3.0,23148148.0,23148148.0,23148148.0,1.0,,,,,,,,23148148.0,23148148.0,23148148.0,True,spotrac_cap_hit,spotrac,164961000
alex caruso,2026,19550160.0,4.0,19550160.0,19550160.0,19550160.0,1.0,,,19550160.0,,0.0,Active,1.0,19550160.0,19550160.0,19550160.0,False,spotrac_cap_hit,spotrac,164961000
jaylin williams,2026,7774648.0,3.0,7774648.0,7774648.0,7774648.0,1.0,,,,,,,,7774648.0,7774648.0,7774648.0,False,spotrac_cap_hit,spotrac,164961000
cason wallace,2026,7420806.0,1.0,7420806.0,7420806.0,7420806.0,1.0,,,,,,,,7420806.0,7420806.0,7420806.0,False,spotrac_cap_hit,spotrac,164961000
aday mara,2026,5791680.0,4.0,5791680.0,,,,,,,,,,,,5791680.0,,False,fallback_bbref,bbref,164961000
nikola topic,2026,5429760.0,3.0,5429760.0,,,,,,,,,,,,5429760.0,,False,fallback_bbref,bbref,164961000
kenrich williams,2026,5000000.0,1.0,5000000.0,5000000.0,5000000.0,1.0,,,5000000.0,,0.0,Active,1.0,5000000.0,5000000.0,5000000.0,True,spotrac_cap_hit,spotrac,164961000
thomas sorber,2026,4887720.0,3.0,4887720.0,4887720.0,4887720.0,1.0,,,,,,,,4887720.0,4887720.0,4887720.0,False,spotrac_cap_hit,spotrac,164961000
bennett stirtz,2026,4717320.0,4.0,4717320.0,,,,,,,,,,,,4717320.0,,False,fallback_bbref,bbref,164961000
jared mccain,2026,4422600.0,3.0,4422600.0,4422600.0,4422600.0,1.0,,,,,,,,4422600.0,4422600.0,4422600.0,False,spotrac_cap_hit,spotrac,164961000
ajay mitchell,2026,2850000.0,4.0,2850000.0,2850000.0,2850000.0,1.0,,,,,,,,2850000.0,2850000.0,2850000.0,False,spotrac_cap_hit,spotrac,164961000
franz wagner,2026,41754690.0,5.0,41754690.0,41754690.0,41754690.0,1.0,,,41754690.0,,0.0,Active,1.0,41754690.0,41754690.0,41754690.0,False,spotrac_cap_hit,spotrac,164961000
paolo banchero,2026,41500000.0,1.0,41500000.0,41240250.0,41240250.0,1.0,,,,,,,,41240250.0,41240250.0,41240250.0,True,spotrac_cap_hit,spotrac,164961000
desmond bane,2026,39446090.0,5.0,39446090.0,39446090.0,39446090.0,1.0,,,39446090.0,,0.0,Active,1.0,39446090.0,39446090.0,39446090.0,False,spotrac_cap_hit,spotrac,164961000
jalen suggs,2026,32400000.0,5.0,32400000.0,32400000.0,32400000.0,1.0,,,32400000.0,,0.0,Active,1.0,32400000.0,32400000.0,32400000.0,False,spotrac_cap_hit,spotrac,164961000
wendell carter jr.,2026,18102000.0,3.0,18102000.0,18102000.0,18102000.0,1.0,,,,,,,,18102000.0,18102000.0,18102000.0,True,spotrac_cap_hit,spotrac,164961000
jonathan isaac,2026,10449421.0,1.0,10449421.0,8000000.0,8000000.0,1.0,,3524115,3524115.0,8000000.0,0.0,Retained;Active,1.0,2449421.0,2449421.0,2449421.0,True,spotrac_cap_hit,spotrac,164961000
anthony black,2026,10106316.0,1.0,10106316.0,10106316.0,10106316.0,1.0,,,,,,,,10106316.0,10106316.0,10106316.0,False,spotrac_cap_hit,spotrac,164961000
goga bitadze,2026,7608696.0,3.0,7608696.0,7608696.0,7608696.0,1.0,,,7608696.0,,0.0,Active,1.0,7608696.0,7608696.0,7608696.0,False,spotrac_cap_hit,spotrac,164961000
tristan da silva,2026,3991200.0,3.0,3991200.0,3991200.0,3991200.0,1.0,,,,,,,,3991200.0,3991200.0,3991200.0,False,spotrac_cap_hit,spotrac,164961000
jase richardson,2026,3132360.0,3.0,3132360.0,3132360.0,3132360.0,1.0,,,,,,,,3132360.0,3132360.0,3132360.0,False,spotrac_cap_hit,spotrac,164961000
jamal cain,2026,2584539.0,1.0,2584539.0,,,,,,,,,,,,2584539.0,,False,fallback_bbref,bbref,164961000
jevon carter,2026,2449421.0,1.0,2449421.0,3506659.0,3506659.0,1.0,,,3506659.0,,0.0,Active,1.0,2449421.0,2449421.0,2449421.0,True,spotrac_cap_hit,spotrac,164961000
nikola vucevic,2026,2449421.0,1.0,2449421.0,3876529.0,3876529.0,1.0,,,3876529.0,,0.0,Active,1.0,2449421.0,2449421.0,2449421.0,True,spotrac_cap_hit,spotrac,164961000
noah penda,2026,2150917.0,1.0,2150917.0,2150917.0,2150917.0,1.0,,,,,,,,2150917.0,2150917.0,2150917.0,False,spotrac_cap_hit,spotrac,164961000
joel embiid,2026,58100000.0,6.0,58100000.0,57985752.0,57985752.0,1.0,,,,,,,,57985752.0,57985752.0,57985752.0,True,spotrac_cap_hit,spotrac,164961000
jaylen brown,2026,57078728.0,5.0,57078728.0,57078728.0,1972866.0,2.0,,,57078728.0,1972866.0,0.0,Retained;Active,1.0,57736350.0,57736350.0,57736350.0,False,spotrac_cap_hit,spotrac,164961000
tyrese maxey,2026,40770520.0,5.0,40770520.0,40770520.0,40770520.0,1.0,,,,,,,,40770520.0,40770520.0,40770520.0,False,spotrac_cap_hit,spotrac,164961000
vj edgecombe,2026,11663880.0,3.0,11663880.0,11663880.0,11663880.0,1.0,,,,,,,,11663880.0,11663880.0,11663880.0,False,spotrac_cap_hit,spotrac,164961000
dean wade,2026,9000000.0,4.0,9000000.0,9000000.0,9000000.0,1.0,,,9000000.0,,0.0,Active,1.0,9000000.0,9000000.0,9000000.0,True,spotrac_cap_hit,spotrac,164961000
anfernee simons,2026,6000000.0,2.0,6000000.0,6000000.0,6000000.0,1.0,,,,,,,,6000000.0,6000000.0,6000000.0,True,spotrac_cap_hit,spotrac,164961000
labaron philon jr.,2026,3597120.0,4.0,3597120.0,,,,,,,,,,,,3597120.0,,False,fallback_bbref,bbref,164961000
dominick barlow,2026,3415000.0,2.0,3415000.0,3415000.0,3415000.0,1.0,,,,,,,,3415000.0,3415000.0,3415000.0,False,spotrac_cap_hit,spotrac,164961000
ariel hukporti,2026,3400000.0,1.0,3400000.0,3400000.0,3400000.0,1.0,,,3400000.0,,0.0,Active,1.0,3400000.0,3400000.0,3400000.0,True,spotrac_cap_hit,spotrac,164961000
trendon watford,2026,2801346.0,3.0,2801346.0,,,,,,,,,,,2801346.0,2801346.0,2801346.0,False,spotrac_cap_hit,spotrac,164961000
dalen terry,2026,2584539.0,1.0,2584539.0,,,,,,,,,,,,2584539.0,,False,fallback_bbref,bbref,164961000
jabari walker,2026,2584539.0,1.0,2584539.0,2584539.0,2584539.0,1.0,,,2584539.0,,0.0,Active,1.0,2584539.0,2584539.0,2584539.0,False,spotrac_cap_hit,spotrac,164961000
justin edwards,2026,2411090.0,2.0,2411090.0,2411090.0,2411090.0,1.0,,,,,,,,2411090.0,2411090.0,2411090.0,False,spotrac_cap_hit,spotrac,164961000
adem bona,2026,2296271.0,2.0,2296271.0,2296271.0,2296271.0,1.0,,,,,,,,2296271.0,2296271.0,2296271.0,False,spotrac_cap_hit,spotrac,164961000
johni broome,2026,2150917.0,1.0,2150917.0,2150917.0,2150917.0,1.0,,,,,,,,2150917.0,2150917.0,2150917.0,False,spotrac_cap_hit,spotrac,164961000
devin booker,2026,57078728.0,6.0,57078728.0,57078728.0,57078728.0,1.0,,,,,,,,57078728.0,57078728.0,57078728.0,False,spotrac_cap_hit,spotrac,164961000
jalen green,2026,36251166.0,3.0,36251166.0,36000000.0,36000000.0,1.0,,,,,,,,36251166.0,36251166.0,36251166.0,False,spotrac_cap_hit,spotrac,164961000
miles bridges,2026,22826087.0,3.0,22826087.0,22826087.0,22826087.0,1.0,,,22826087.0,,0.0,Active,1.0,22826087.0,22826087.0,22826087.0,False,spotrac_cap_hit,spotrac,164961000
dillon brooks,2026,19992727.0,4.0,19992727.0,19992727.0,19992727.0,1.0,,,19992727.0,,0.0,Active,1.0,20992727.0,20992727.0,20992727.0,False,spotrac_cap_hit,spotrac,164961000
mark williams,2026,11728395.0,3.0,11728395.0,11728395.0,11728395.0,1.0,,,11728395.0,,0.0,Active,1.0,11728395.0,11728395.0,11728395.0,True,spotrac_cap_hit,spotrac,164961000
collin gillespie,2026,10714286.0,4.0,10714286.0,10714286.0,10714286.0,1.0,,,10714286.0,,0.0,Active,1.0,10714286.0,10714286.0,10714286.0,True,spotrac_cap_hit,spotrac,164961000
khaman maluach,2026,6316680.0,3.0,6316680.0,6316680.0,6316680.0,1.0,,,,,,,,6316680.0,6316680.0,6316680.0,False,spotrac_cap_hit,spotrac,164961000
luke kennard,2026,6064000.0,2.0,6064000.0,6064000.0,6064000.0,1.0,,,,,,,,6064000.0,6064000.0,6064000.0,True,spotrac_cap_hit,spotrac,164961000
jordan goodwin,2026,5864198.0,3.0,5864198.0,5864198.0,5864198.0,1.0,,,,,,,,5864198.0,5864198.0,5864198.0,True,spotrac_cap_hit,spotrac,164961000
haywood highsmith,2026,3449421.0,1.0,3449421.0,3018158.0,3018158.0,1.0,,,3018158.0,,0.0,Active,1.0,3018158.0,3018158.0,3018158.0,False,spotrac_cap_hit,spotrac,164961000
koa peat,2026,2926800.0,4.0,2926800.0,,,,,,,,,,,,2926800.0,,False,fallback_bbref,bbref,164961000
ryan dunn,2026,2784240.0,3.0,2784240.0,2784240.0,2784240.0,1.0,,,,,,,,2784240.0,2784240.0,2784240.0,False,spotrac_cap_hit,spotrac,164961000
jamaree bouyea,2026,2584539.0,1.0,2584539.0,2584539.0,2584539.0,1.0,,,,,,,,2584539.0,2584539.0,2584539.0,False,spotrac_cap_hit,spotrac,164961000
oso ighodaro,2026,2296271.0,2.0,2296271.0,2296271.0,2296271.0,1.0,,,,,,,,2296271.0,2296271.0,2296271.0,False,spotrac_cap_hit,spotrac,164961000
rasheer fleming,2026,2150917.0,1.0,2150917.0,2150917.0,2150917.0,1.0,,,,,,,,2150917.0,2150917.0,2150917.0,False,spotrac_cap_hit,spotrac,164961000
bradley beal,2026,19383010.0,5.0,19383010.0,19383010.0,19383010.0,1.0,,,,,,,,5621700.0,5621700.0,5621700.0,False,spotrac_cap_hit,spotrac,164961000
nassir little,2026,3107143.0,5.0,3107143.0,3107143.0,3107143.0,1.0,,,,3107143.0,0.0,Retained,0.0,,,,False,retained_only,spotrac,164961000
e.j. liddell,2026,706898.0,3.0,706898.0,706898.0,706898.0,1.0,,,,706898.0,0.0,Retained,0.0,,,,False,retained_only,spotrac,164961000
ja morant,2026,42166510.0,5.0,42166510.0,42166510.0,42166510.0,1.0,,,42166510.0,,0.0,Active,1.0,42166510.0,42166510.0,42166510.0,False,spotrac_cap_hit,spotrac,164961000
jrue holiday,2026,34800000.0,4.0,34800000.0,34800000.0,34800000.0,1.0,,,,,,,,34800000.0,34800000.0,34800000.0,False,spotrac_cap_hit,spotrac,164961000
shaedon sharpe,2026,20089287.0,4.0,20089287.0,20089287.0,20089287.0,1.0,,,20089287.0,,0.0,Active,1.0,20089287.0,20089287.0,20089287.0,True,spotrac_cap_hit,spotrac,164961000
toumani camara,2026,18080358.0,4.0,18080358.0,18080358.0,18080358.0,1.0,,,18080358.0,,0.0,Active,1.0,18080358.0,18080358.0,18080358.0,True,spotrac_cap_hit,spotrac,164961000
robert williams,2026,13968254.0,3.0,13968254.0,,,,,,,,,,,,13968254.0,,False,fallback_bbref,bbref,164961000
scoot henderson,2026,13585523.0,1.0,13585523.0,13585523.0,13585523.0,1.0,,,,,,,,13585523.0,13585523.0,13585523.0,False,spotrac_cap_hit,spotrac,164961000
damian lillard,2026,13398800.0,2.0,13398800.0,22516603.0,22516603.0,2.0,35914603.0,13398000,,,,,,13398000.0,13398000.0,13398000.0,False,spotrac_cap_hit,spotrac,164961000
deni avdija,2026,13125000.0,4.0,13125000.0,13125000.0,13125000.0,1.0,,,13125000.0,,0.0,Active,1.0,13125000.0,13125000.0,13125000.0,False,spotrac_cap_hit,spotrac,164961000
donovan clingan,2026,7519920.0,3.0,7519920.0,7519920.0,7519920.0,1.0,,,,,,,,7519920.0,7519920.0,7519920.0,False,spotrac_cap_hit,spotrac,164961000
yang hansen,2026,4643520.0,3.0,4643520.0,4643520.0,4643520.0,1.0,,,,,,,,4643520.0,4643520.0,4643520.0,False,spotrac_cap_hit,spotrac,164961000
micah potter,2026,2801346.0,1.0,2801346.0,2801346.0,2801346.0,1.0,,,,,,,,2801346.0,2801346.0,2801346.0,False,spotrac_cap_hit,spotrac,164961000
vit krejci,2026,2667944.0,4.0,2667944.0,,,,,,,,,,,,2667944.0,,False,fallback_bbref,bbref,164961000
sidy cissoko,2026,2497812.0,1.0,2449421.0,2497812.0,2497812.0,1.0,,,2497812.0,,0.0,Active,1.0,2497812.0,2497812.0,2497812.0,False,spotrac_cap_hit,spotrac,164961000
jeremy sochan,2026,2449421.0,1.0,2449421.0,,,,,,,,,,,,2449421.0,,True,fallback_bbref,bbref,164961000
branden carlson,2026,2449421.0,1.0,2449421.0,2449421.0,2449421.0,1.0,,,2449421.0,,0.0,Active,1.0,2449421.0,2449421.0,2449421.0,True,spotrac_cap_hit,spotrac,164961000
didi louzada,2026,268032.0,7.0,268032.0,268032.0,268032.0,1.0,,,,268032.0,0.0,Retained,0.0,,,,False,retained_only,spotrac,164961000
zach lavine,2026,48967380.0,5.0,48967380.0,48967380.0,48967380.0,1.0,,,,,,,,48967380.0,48967380.0,48967380.0,False,spotrac_cap_hit,spotrac,164961000
domantas sabonis,2026,45472000.0,4.0,45472000.0,45472000.0,45472000.0,1.0,,,45472000.0,,0.0,Active,1.0,45472000.0,45472000.0,45472000.0,False,spotrac_cap_hit,spotrac,164961000
de'andre hunter,2026,24910714.0,4.0,24910714.0,24910714.0,24910714.0,1.0,,,24910714.0,,0.0,Active,1.0,24910714.0,24910714.0,24910714.0,False,spotrac_cap_hit,spotrac,164961000
keegan murray,2026,24137936.0,5.0,24137936.0,24137936.0,24137936.0,1.0,,,24137936.0,,0.0,Active,1.0,24137936.0,24137936.0,24137936.0,True,spotrac_cap_hit,spotrac,164961000
malik monk,2026,20190035.0,4.0,20190035.0,20190035.0,20190035.0,1.0,,,,,,,,20190035.0,20190035.0,20190035.0,False,spotrac_cap_hit,spotrac,164961000
darius acuff jr.,2026,8021640.0,4.0,8021640.0,,,,,,,,,,,,8021640.0,,False,fallback_bbref,bbref,164961000
precious achiuwa,2026,5477000.0,2.0,5477000.0,5477000.0,5477000.0,1.0,,,5477000.0,,0.0,Active,1.0,5477000.0,5477000.0,5477000.0,True,spotrac_cap_hit,spotrac,164961000
nique clifford,2026,3263400.0,3.0,3263400.0,3263400.0,3263400.0,1.0,,,,,,,,3263400.0,3263400.0,3263400.0,False,spotrac_cap_hit,spotrac,164961000
alex karaban,2026,2948280.0,4.0,2948280.0,,,,,,,,,,,,2948280.0,,False,fallback_bbref,bbref,164961000
daeqwon plowden,2026,2449421.0,2.0,2449421.0,2449421.0,2449421.0,1.0,,,,,,,,2449421.0,2449421.0,2449421.0,True,spotrac_cap_hit,spotrac,164961000
maxime raynaud,2026,2150917.0,1.0,2150917.0,2150918.0,2150918.0,1.0,,,,,,,,2150918.0,2150918.0,2150918.0,False,spotrac_cap_hit,spotrac,164961000
emanuel sharp,2026,1357763.0,3.0,1357763.0,,,,,,,,,,,,1357763.0,,False,fallback_bbref,bbref,164961000
de'aaron fox,2026,49800000.0,1.0,49800000.0,49488300.0,49488300.0,1.0,,,49488300.0,,0.0,Active,1.0,49488300.0,49488300.0,49488300.0,True,spotrac_cap_hit,spotrac,164961000
devin vassell,2026,27000000.0,5.0,27000000.0,27000000.0,27000000.0,1.0,,,27000000.0,,0.0,Active,1.0,27500000.0,27500000.0,27500000.0,False,spotrac_cap_hit,spotrac,164961000
keldon johnson,2026,17500000.0,4.0,17500000.0,17500000.0,17500000.0,1.0,,,17500000.0,,0.0,Active,1.0,18000000.0,18000000.0,18000000.0,False,spotrac_cap_hit,spotrac,164961000
victor wembanyama,2026,16868246.0,1.0,16868246.0,16868246.0,16868246.0,1.0,,,,,,,,16868246.0,16868246.0,16868246.0,False,spotrac_cap_hit,spotrac,164961000
tobias harris,2026,15044000.0,2.0,15044000.0,15044000.0,15044000.0,1.0,,,15044000.0,,0.0,Active,1.0,15044000.0,15044000.0,15044000.0,True,spotrac_cap_hit,spotrac,164961000
julian champagnie,2026,13888889.0,3.0,13888889.0,15350000.0,15350000.0,1.0,,,15350000.0,,0.0,Active,1.0,15350000.0,15350000.0,15350000.0,True,spotrac_cap_hit,spotrac,164961000
dylan harper,2026,12989040.0,3.0,12989040.0,12989040.0,12989040.0,1.0,,,,,,,,12989040.0,12989040.0,12989040.0,False,spotrac_cap_hit,spotrac,164961000
luke kornet,2026,10450000.0,4.0,10450000.0,10450000.0,10450000.0,1.0,,,,,,,,10450000.0,10450000.0,10450000.0,False,spotrac_cap_hit,spotrac,164961000
stephon castle,2026,10015920.0,3.0,10015920.0,10015920.0,10015920.0,1.0,,,,,,,,10015920.0,10015920.0,10015920.0,False,spotrac_cap_hit,spotrac,164961000
harrison barnes,2026,8000000.0,1.0,8000000.0,8000000.0,8000000.0,1.0,,,8000000.0,,0.0,Active,1.0,8000000.0,8000000.0,8000000.0,True,spotrac_cap_hit,spotrac,164961000
carter bryant,2026,5145360.0,3.0,5145360.0,5145360.0,5145360.0,1.0,,,,,,,,5145360.0,5145360.0,5145360.0,False,spotrac_cap_hit,spotrac,164961000
jayden quaintance,2026,3902760.0,4.0,3902760.0,,,,,,,,,,,,3902760.0,,False,fallback_bbref,bbref,164961000
tarris reed jr.,2026,3076920.0,4.0,3076920.0,,,,,,,,,,,,3076920.0,,False,fallback_bbref,bbref,164961000
jordan mclaughlin,2026,2449421.0,1.0,2449421.0,3286399.0,3286399.0,1.0,,3286399,,,,,,2449421.0,2449421.0,2449421.0,True,spotrac_cap_hit,spotrac,164961000
taelon peter,2026,2185116.0,1.0,2185116.0,,,,,,,,,,,,2185116.0,,False,fallback_bbref,bbref,164961000
scottie barnes,2026,41754690.0,5.0,41754690.0,41754690.0,41754690.0,1.0,,,41754690.0,,0.0,Active,1.0,41754690.0,41754690.0,41754690.0,False,spotrac_cap_hit,spotrac,164961000
brandon ingram,2026,40000000.0,8.0,40000000.0,40000000.0,40000000.0,1.0,,,,,,,,40000000.0,40000000.0,40000000.0,False,spotrac_cap_hit,spotrac,164961000
immanuel quickley,2026,32500000.0,5.0,32500000.0,32500000.0,32500000.0,1.0,,,32500000.0,,0.0,Active,1.0,32500000.0,32500000.0,32500000.0,False,spotrac_cap_hit,spotrac,164961000
rj barrett,2026,29616071.0,4.0,29616071.0,29616071.0,29616071.0,1.0,,,29616071.0,,0.0,Active,1.0,29616071.0,29616071.0,29616071.0,False,spotrac_cap_hit,spotrac,164961000
jakob poeltl,2026,19500000.0,4.0,19500000.0,19500000.0,19500000.0,1.0,,,,,,,,19500000.0,19500000.0,19500000.0,False,spotrac_cap_hit,spotrac,164961000
gradey dick,2026,7131511.0,1.0,7131511.0,7131511.0,7131511.0,1.0,,,,,,,,7131511.0,7131511.0,7131511.0,False,spotrac_cap_hit,spotrac,164961000
collin murray-boyles,2026,6649560.0,3.0,6649560.0,6649560.0,6649560.0,1.0,,,,,,,,6649560.0,6649560.0,6649560.0,False,spotrac_cap_hit,spotrac,164961000
allen graves,2026,4065720.0,4.0,4065720.0,,,,,,,,,,,,4065720.0,,False,fallback_bbref,bbref,164961000
ja'kobe walter,2026,3811800.0,3.0,3811800.0,3811800.0,3811800.0,1.0,,,,,,,,3811800.0,3811800.0,3811800.0,False,spotrac_cap_hit,spotrac,164961000
andre jackson jr.,2026,2537526.0,1.0,2537526.0,,,,,,,,,,,,2537526.0,,True,fallback_bbref,bbref,164961000
kyle anderson,2026,2449421.0,1.0,2449421.0,3876529.0,3876529.0,1.0,,,3876529.0,,0.0,Active,1.0,2449421.0,2449421.0,2449421.0,True,spotrac_cap_hit,spotrac,164961000
trayce jackson-davis,2026,2406205.0,2.0,2406205.0,2406205.0,2406205.0,1.0,,,,,,,,2406205.0,2406205.0,2406205.0,False,spotrac_cap_hit,spotrac,164961000
jamal shead,2026,2296271.0,1.0,2296271.0,2296271.0,2296271.0,1.0,,,,,,,,2296271.0,2296271.0,2296271.0,False,spotrac_cap_hit,spotrac,164961000
jamison battle,2026,2296271.0,1.0,2296271.0,2296271.0,2296271.0,1.0,,,,,,,,2296271.0,2296271.0,2296271.0,False,spotrac_cap_hit,spotrac,164961000
alijah martin,2026,2185116.0,2.0,2185116.0,2185116.0,2185116.0,1.0,,,,,,,,2185116.0,2185116.0,2185116.0,True,spotrac_cap_hit,spotrac,164961000
nate bittle,2026,1357763.0,1.0,1357763.0,,,,,,,,,,,,1357763.0,,False,fallback_bbref,bbref,164961000
jaren jackson jr.,2026,49000000.0,4.0,49000000.0,49000000.0,49000000.0,1.0,,,,,,,,49000000.0,49000000.0,49000000.0,True,spotrac_cap_hit,spotrac,164961000
lauri markkanen,2026,46113154.0,5.0,46113154.0,46113154.0,46113154.0,1.0,,,46113154.0,,0.0,Active,1.0,46113154.0,46113154.0,46113154.0,False,spotrac_cap_hit,spotrac,164961000
darryn peterson,2026,13195320.0,4.0,13195320.0,,,,,,,,,,,,13195320.0,,False,fallback_bbref,bbref,164961000
jusuf nurkic,2026,10576923.0,1.0,10576923.0,11458333.0,11458333.0,1.0,,,11458333.0,,0.0,Active,1.0,11458333.0,11458333.0,11458333.0,True,spotrac_cap_hit,spotrac,164961000
ace bailey,2026,9523080.0,3.0,9523080.0,9523080.0,9523080.0,1.0,,,,,,,,9523080.0,9523080.0,9523080.0,False,spotrac_cap_hit,spotrac,164961000
keyonte george,2026,6563925.0,1.0,6563925.0,6563925.0,6563925.0,1.0,,,,,,,,6563925.0,6563925.0,6563925.0,False,spotrac_cap_hit,spotrac,164961000
john konchar,2026,6165000.0,3.0,6165000.0,6165000.0,6165000.0,1.0,,,6165000.0,,0.0,Active,1.0,6165000.0,6165000.0,6165000.0,False,spotrac_cap_hit,spotrac,164961000
cody williams,2026,6015600.0,3.0,6015600.0,6015600.0,6015600.0,1.0,,,,,,,,6015600.0,6015600.0,6015600.0,False,spotrac_cap_hit,spotrac,164961000
jaxson hayes,2026,6000000.0,2.0,6000000.0,6000000.0,6000000.0,1.0,,,,,,,,6000000.0,6000000.0,6000000.0,True,spotrac_cap_hit,spotrac,164961000
josh okogie,2026,6000000.0,2.0,6000000.0,6000000.0,6000000.0,1.0,,,,,,,,6000000.0,6000000.0,6000000.0,True,spotrac_cap_hit,spotrac,164961000
brice sensabaugh,2026,4862237.0,1.0,4862237.0,4862237.0,4862237.0,1.0,,,,,,,,4862237.0,4862237.0,4862237.0,False,spotrac_cap_hit,spotrac,164961000
svi mykhailiuk,2026,3850000.0,4.0,3850000.0,3850000.0,3850000.0,1.0,,,,,,,,3850000.0,3850000.0,3850000.0,False,spotrac_cap_hit,spotrac,164961000
mo bamba,2026,3286399.0,2.0,3286399.0,3506659.0,3506659.0,1.0,,,,,,,,3506659.0,3506659.0,3506659.0,True,spotrac_cap_hit,spotrac,164961000
kyle filipowski,2026,3000000.0,4.0,3000000.0,3000000.0,3000000.0,1.0,,,,,,,,3000000.0,3000000.0,3000000.0,False,spotrac_cap_hit,spotrac,164961000
isaiah collier,2026,2763960.0,3.0,2763960.0,2763960.0,2763960.0,1.0,,,,,,,,2763960.0,2763960.0,2763960.0,False,spotrac_cap_hit,spotrac,164961000
harrison ingram,2026,2449421.0,1.0,2449421.0,,,,,,,,,,,,2449421.0,,True,fallback_bbref,bbref,164961000
anthony davis,2026,58456566.0,3.0,58456566.0,58456566.0,58456566.0,1.0,,,,,,,,58456566.0,58456566.0,58456566.0,False,spotrac_cap_hit,spotrac,164961000
trae young,2026,49488300.0,4.0,49488300.0,49488300.0,49488300.0,1.0,,,,,,,,49488300.0,49488300.0,49488300.0,True,spotrac_cap_hit,spotrac,164961000
aj dybantsa,2026,14748000.0,4.0,14748000.0,,,,,,,,,,,,14748000.0,,False,fallback_bbref,bbref,164961000
alex sarr,2026,12370680.0,3.0,12370680.0,12370680.0,12370680.0,1.0,,,,,,,,12370680.0,12370680.0,12370680.0,False,spotrac_cap_hit,spotrac,164961000
bilal coulibaly,2026,9240012.0,1.0,9240012.0,9240012.0,9240012.0,1.0,,,,,,,,9240012.0,9240012.0,9240012.0,False,spotrac_cap_hit,spotrac,164961000
tre johnson,2026,8649600.0,3.0,8649600.0,8649600.0,8649600.0,1.0,,,,,,,,8649600.0,8649600.0,8649600.0,False,spotrac_cap_hit,spotrac,164961000
deandre ayton,2026,8104000.0,2.0,8104000.0,8104000.0,8104000.0,1.0,,,,,,,,8104000.0,8104000.0,8104000.0,False,spotrac_cap_hit,spotrac,164961000
tre mann,2026,8000000.0,3.0,8000000.0,8000000.0,8000000.0,1.0,,,,,,,,8000000.0,8000000.0,8000000.0,False,spotrac_cap_hit,spotrac,164961000
khris middleton,2026,5591122.0,3.0,5591122.0,5591122.0,5591122.0,1.0,,,5591122.0,,0.0,Active,1.0,5591122.0,5591122.0,5591122.0,True,spotrac_cap_hit,spotrac,164961000
bub carrington,2026,4900560.0,3.0,4900560.0,4900560.0,4900560.0,1.0,,,,,,,,4900560.0,4900560.0,4900560.0,False,spotrac_cap_hit,spotrac,164961000
will riley,2026,3688320.0,3.0,3688320.0,3688320.0,3688320.0,1.0,,,,,,,,3688320.0,3688320.0,3688320.0,False,spotrac_cap_hit,spotrac,164961000
kyshawn george,2026,3108000.0,3.0,3108000.0,3108000.0,3108000.0,1.0,,,,,,,,3108000.0,3108000.0,3108000.0,False,spotrac_cap_hit,spotrac,164961000
justin champagnie,2026,2667944.0,3.0,2667944.0,2667944.0,2667944.0,1.0,,,,,,,,2667944.0,2667944.0,2667944.0,False,spotrac_cap_hit,spotrac,164961000
amari williams,2026,679042.0,1.0,679042.0,679042.0,679042.0,1.0,,,679042.0,,0.0,Active,1.0,,679042.0,679042.0,True,status_active,spotrac,164961000
bennedict mathurin,2026,7804878.0,1.0,7804878.0,7804878.0,7804878.0,1.0,,,,,,,,7804878.0,7804878.0,7804878.0,True,spotrac_cap_hit,spotrac,164961000
caleb houstan,2026,2625627.0,1.0,2625627.0,,,,,,,,,,,,2625627.0,,True,fallback_bbref,bbref,164961000
christian koloko,2026,2625627.0,1.0,2625627.0,,,,,,,,,,,,2625627.0,,True,fallback_bbref,bbref,164961000
jalen pickett,2026,678882.0,1.0,678882.0,678882.0,678882.0,1.0,,,678882.0,,0.0,Active,1.0,,678882.0,678882.0,False,status_active,spotrac,164961000
jalen wilson,2026,678882.0,1.0,678882.0,678882.0,678882.0,1.0,,,678882.0,,0.0,Active,1.0,,678882.0,678882.0,False,status_active,spotrac,164961000
jd davison,2026,2584539.0,1.0,2584539.0,2584539.0,2584539.0,1.0,,,,,,,,2584539.0,2584539.0,2584539.0,False,spotrac_cap_hit,spotrac,164961000
jett howard,2026,678882.0,1.0,678882.0,678882.0,678882.0,1.0,,,678882.0,,0.0,Active,1.0,,678882.0,678882.0,False,status_active,spotrac,164961000
jonathan mogbo,2026,678882.0,1.0,678882.0,678882.0,678882.0,1.0,,,678882.0,,0.0,Active,1.0,,678882.0,678882.0,False,status_active,spotrac,164961000
kobe brown,2026,678882.0,1.0,678882.0,678882.0,678882.0,1.0,,,678882.0,,0.0,Active,1.0,,678882.0,678882.0,False,status_active,spotrac,164961000
kobe bufkin,2026,2537526.0,1.0,2537526.0,,,,,,,,,,,,2537526.0,,True,fallback_bbref,bbref,164961000
lebron james,2026,3876529.0,1.0,3876529.0,3876529.0,3876529.0,1.0,,,,,,,,3876529.0,3876529.0,3876529.0,True,spotrac_cap_hit,spotrac,164961000
pat spencer,2026,678882.0,1.0,678882.0,678882.0,678882.0,1.0,,,678882.0,,0.0,Active,1.0,,678882.0,678882.0,False,status_active,spotrac,164961000
rayan rupert,2026,678882.0,1.0,678882.0,678882.0,678882.0,1.0,,,678882.0,,0.0,Active,1.0,,678882.0,678882.0,False,status_active,spotrac,164961000
taj gibson,2026,3815861.0,1.0,3815861.0,3815861.0,3815861.0,1.0,,,3815861.0,,0.0,Active,1.0,3815861.0,3815861.0,3815861.0,False,spotrac_cap_hit,spotrac,164961000
trey jemison,2026,678882.0,1.0,678882.0,678882.0,678882.0,1.0,,,678882.0,,0.0,Active,1.0,,678882.0,678882.0,False,status_active,spotrac,164961000
nick richards,2026,3066143.0,1.0,3066143.0,3066143.0,3066143.0,1.0,,,3066143.0,,0.0,Active,1.0,2449421.0,2449421.0,2449421.0,False,spotrac_cap_hit,spotrac,164961000
brandon williams,2026,2625627.0,1.0,2625627.0,2625627.0,2625627.0,1.0,,,2625627.0,,0.0,Active,1.0,2449421.0,2449421.0,2449421.0,False,spotrac_cap_hit,spotrac,164961000
elijah harkless,2026,678882.0,1.0,678882.0,678882.0,678882.0,1.0,,,678882.0,,0.0,Active,1.0,,678882.0,678882.0,False,status_active,spotrac,164961000
caleb love,2026,678882.0,1.0,678882.0,678882.0,678882.0,1.0,,,678882.0,,0.0,Active,1.0,,678882.0,678882.0,False,status_active,spotrac,164961000
trey alexander,2026,678882.0,1.0,678882.0,678882.0,678882.0,1.0,,,678882.0,,0.0,Active,1.0,,678882.0,678882.0,False,status_active,spotrac,164961000
hunter dickinson,2026,678882.0,1.0,678882.0,678882.0,678882.0,1.0,,,678882.0,,0.0,Active,1.0,,678882.0,678882.0,False,status_active,spotrac,164961000
jamir watkins,2026,678882.0,1.0,678882.0,678882.0,678882.0,1.0,,,678882.0,,0.0,Active,1.0,,678882.0,678882.0,False,status_active,spotrac,164961000
koby brea,2026,678882.0,1.0,678882.0,678882.0,678882.0,1.0,,,678882.0,,0.0,Active,1.0,,678882.0,678882.0,False,status_active,spotrac,164961000
david jones garcia,2026,678882.0,1.0,678882.0,,,,,,,,,,,,678882.0,,False,fallback_bbref,bbref,164961000
chris manon,2026,678882.0,1.0,678882.0,678882.0,678882.0,1.0,,,678882.0,,0.0,Active,1.0,,678882.0,678882.0,False,status_active,spotrac,164961000
colin castleton,2026,678882.0,1.0,678882.0,678882.0,678882.0,1.0,,,678882.0,,0.0,Active,1.0,,678882.0,678882.0,False,status_active,spotrac,164961000
jalen slawson,2026,678882.0,1.0,678882.0,678882.0,678882.0,1.0,,,678882.0,,0.0,Active,1.0,,678882.0,678882.0,False,status_active,spotrac,164961000
brooks barnhizer,2026,678882.0,1.0,678882.0,678882.0,678882.0,1.0,,,678882.0,,0.0,Active,1.0,,678882.0,678882.0,False,status_active,spotrac,164961000
