player_name,player_name_norm,team_abbreviation,season,games,cap_pct,predicted_cap_pct,has_oof_prediction,gp_ratio,actual_mvc,predicted_mvc,surplus_mvc,actual_mvc_M,predicted_mvc_M,surplus_mvc_M
A.J. Green,a.j. green,MIL,2023,35.000000,0.013981,0.020630,False,0.426829,0.005968,0.008805,0.002838,0.811731,1.197718,0.385987
A.J. Green,a.j. green,MIL,2024,56.000000,0.015084,0.021202,False,0.682927,0.010302,0.014480,0.004178,1.448278,2.035679,0.587401
A.J. Green,a.j. green,MIL,2025,73.000000,0.014883,0.037601,False,0.890244,0.013249,0.033474,0.020224,2.048974,5.176617,3.127643
A.J. Green,a.j. green,MIL,2026,78.000000,0.060891,0.093669,True,0.951220,0.057921,0.089099,0.031179,9.554661,14.697930,5.143269
A.J. Lawson,a.j. lawson,DAL,2023,14.000000,0.007352,0.017973,False,0.170732,0.001255,0.003069,0.001813,0.170732,0.417397,0.246665
Aaron Gordon,aaron gordon,ORL,2019,78.000000,0.182001,0.189643,False,0.951220,0.173123,0.180392,0.007268,18.894678,19.687960,0.793282
Aaron Gordon,aaron gordon,ORL,2020,62.000000,0.166175,0.184641,False,0.756098,0.125645,0.139607,0.013962,13.712861,15.236655,1.523794
Aaron Gordon,aaron gordon,ORL,2021,25.000000,0.145970,0.131207,False,0.347222,0.050684,0.045558,-0.005126,5.697601,5.121353,-0.576248
Aaron Gordon,aaron gordon,DEN,2022,75.000000,0.159241,0.146168,True,0.914634,0.145647,0.133690,-0.011956,18.009978,16.531498,-1.478480
Aaron Gordon,aaron gordon,DEN,2023,68.000000,0.163697,0.218038,False,0.829268,0.135748,0.180812,0.045064,18.464639,24.594260,6.129621
Aaron Gordon,aaron gordon,DEN,2024,73.000000,0.162471,0.184712,False,0.890244,0.144639,0.164438,0.019800,20.334466,23.118050,2.783584
Aaron Gordon,aaron gordon,DEN,2025,51.000000,0.147701,0.178801,False,0.621951,0.091863,0.111206,0.019343,14.206271,17.197610,2.991339
Aaron Gordon,aaron gordon,DEN,2026,36.000000,0.204036,0.161489,True,0.439024,0.089577,0.070897,-0.018680,14.776699,11.695306,-3.081393
Aaron Holiday,aaron holiday,IND,2019,50.000000,0.020517,0.027311,False,0.609756,0.012510,0.016653,0.004143,1.365366,1.817482,0.452116
Aaron Holiday,aaron holiday,IND,2020,66.000000,0.021492,0.051580,False,0.804878,0.017298,0.041516,0.024217,1.887954,4.531019,2.643065
Aaron Holiday,aaron holiday,IND,2021,66.000000,0.035410,0.039305,False,0.916667,0.032459,0.036029,0.003570,3.648838,4.050211,0.401372
Aaron Holiday,aaron holiday,WAS,2022,41.000000,0.014848,0.020703,True,0.500000,0.007424,0.010352,0.002927,0.918045,1.280016,0.361971
Aaron Holiday,aaron holiday,ATL,2023,63.000000,0.014848,0.026235,False,0.768293,0.011408,0.020156,0.008748,1.551725,2.741654,1.189929
Aaron Holiday,aaron holiday,HOU,2024,78.000000,0.033203,0.026678,True,0.951220,0.031584,0.025377,-0.006207,4.440293,3.567670,-0.872623
Aaron Holiday,aaron holiday,HOU,2025,62.000000,0.014848,0.033082,True,0.756098,0.011227,0.025013,0.013786,1.736207,3.868164,2.131956
Aaron Nesmith,aaron nesmith,BOS,2021,46.000000,0.032302,0.032630,False,0.638889,0.020637,0.020847,0.000210,2.319933,2.343519,0.023586
Aaron Nesmith,aaron nesmith,BOS,2022,52.000000,0.030766,0.032871,False,0.634146,0.019510,0.020845,0.001335,2.412521,2.577582,0.165061
Aaron Nesmith,aaron nesmith,IND,2023,73.000000,0.041422,0.056934,False,0.890244,0.036876,0.050685,0.013810,5.015863,6.894285,1.878422
Aaron Nesmith,aaron nesmith,IND,2024,72.000000,0.078243,0.110701,True,0.878049,0.068701,0.097201,0.028500,9.658537,13.665331,4.006795
Aaron Nesmith,aaron nesmith,IND,2025,45.000000,0.071130,0.091006,False,0.548780,0.039035,0.049942,0.010908,6.036585,7.723425,1.686840
Aaron Nesmith,aaron nesmith,IND,2026,45.000000,0.066682,0.103670,False,0.548780,0.036594,0.056892,0.020298,6.036585,9.384969,3.348384
Aaron Wiggins,aaron wiggins,OKC,2022,50.000000,0.012644,0.032674,False,0.609756,0.007710,0.019923,0.012213,0.953365,2.463598,1.510233
Aaron Wiggins,aaron wiggins,OKC,2023,70.000000,0.013499,0.026361,False,0.853659,0.011523,0.022503,0.010980,1.567399,3.060939,1.493539
Aaron Wiggins,aaron wiggins,OKC,2024,78.000000,0.074786,0.051657,True,0.951220,0.071138,0.049137,-0.022001,10.001138,6.908055,-3.093084
Aaron Wiggins,aaron wiggins,OKC,2025,76.000000,0.065328,0.090948,False,0.926829,0.060548,0.084293,0.023745,9.363574,13.035700,3.672127
Aaron Wiggins,aaron wiggins,OKC,2026,65.000000,0.055918,0.053608,False,0.792683,0.044325,0.042494,-0.001831,7.311945,7.009916,-0.302029
Abdel Nader,abdel nader,OKC,2019,61.000000,0.014830,0.021948,True,0.743902,0.011032,0.016327,0.005295,1.204021,1.781952,0.577931
Abdel Nader,abdel nader,OKC,2020,55.000000,0.016061,0.017468,True,0.670732,0.010773,0.011717,0.000944,1.175759,1.278755,0.102996
Abdel Nader,abdel nader,PHO,2021,24.000000,0.017791,0.017746,False,0.333333,0.005930,0.005915,-0.000015,0.666667,0.664950,-0.001716
Ace Bailey,ace bailey,UTA,2026,72.000000,0.057729,0.062132,False,0.878049,0.050689,0.054555,0.003866,8.361729,8.999460,0.637731
Adem Bona,adem bona,PHI,2025,58.000000,0.012644,0.022304,False,0.707317,0.008943,0.015776,0.006832,1.383072,2.439688,1.056617
Adem Bona,adem bona,PHI,2026,71.000000,0.013920,0.032884,True,0.865854,0.012053,0.028473,0.016420,1.988235,4.696948,2.708713
Admiral Schofield,admiral schofield,WAS,2020,33.000000,0.013909,0.016736,False,0.402439,0.005597,0.006735,0.001138,0.610895,0.735077,0.124182
Admiral Schofield,admiral schofield,ORL,2022,38.000000,0.004096,0.017328,False,0.463415,0.001898,0.008030,0.006132,0.234723,0.992929,0.758205
Adou Thiero,adou thiero,LAL,2026,25.000000,0.013039,0.016763,False,0.304878,0.003975,0.005111,0.001135,0.655767,0.843048,0.187280
AJ Griffin,aj griffin,ATL,2023,72.000000,0.027297,0.050893,False,0.878049,0.023968,0.044687,0.020719,3.260125,6.078304,2.818179
AJ Griffin,aj griffin,ATL,2024,20.000000,0.001778,0.031023,False,0.243902,0.000434,0.007567,0.007133,0.060976,1.063771,1.002795
AJ Johnson,aj johnson,WAS,2025,22.000000,0.019984,0.047724,False,0.268293,0.005362,0.012804,0.007442,0.829153,1.980109,1.150956
AJ Johnson,aj johnson,DAL,2026,23.000000,0.019624,0.022301,False,0.280488,0.005504,0.006255,0.000751,0.907973,1.031865,0.123892
Ajay Mitchell,ajay mitchell,OKC,2025,36.000000,0.019399,0.019134,False,0.439024,0.008517,0.008400,-0.000116,1.317073,1.299095,-0.017978
Ajay Mitchell,ajay mitchell,OKC,2026,57.000000,0.017277,0.096919,False,0.695122,0.012009,0.067371,0.055361,1.981098,11.113521,9.132423
Al Horford,al horford,BOS,2019,68.000000,0.256551,0.174000,True,0.829268,0.212750,0.144293,-0.068457,23.219512,15.748098,-7.471414
Al Horford,al horford,PHI,2020,67.000000,0.251970,0.135077,False,0.817073,0.205878,0.110368,-0.095510,22.469512,12.045569,-10.423943
Al Horford,al horford,OKC,2021,28.000000,0.240184,0.078076,False,0.388889,0.093405,0.030363,-0.063042,10.500000,3.413205,-7.086795
Al Horford,al horford,BOS,2022,69.000000,0.214306,0.188489,False,0.841463,0.180331,0.158607,-0.021724,22.298780,19.612490,-2.686290
Al Horford,al horford,BOS,2023,63.000000,0.073518,0.099567,True,0.768293,0.056483,0.076497,0.020013,7.682927,10.405136,2.722209
Al Horford,al horford,BOS,2024,65.000000,0.067573,0.069883,False,0.792683,0.053564,0.055395,0.001831,7.530488,7.787861,0.257373
Al Horford,al horford,BOS,2025,60.000000,0.036761,0.061240,True,0.731707,0.026898,0.044810,0.017911,4.159756,6.929711,2.769955
Al Horford,al horford,GSW,2026,45.000000,0.041355,0.015844,True,0.548780,0.022695,0.008695,-0.014000,3.743780,1.434321,-2.309460
Al-Farouq Aminu,al-farouq aminu,POR,2019,81.000000,0.084827,0.117275,True,0.987805,0.083792,0.115845,0.032053,9.145098,12.643354,3.498257
Al-Farouq Aminu,al-farouq aminu,ORL,2020,18.000000,0.089068,0.054541,False,0.219512,0.019552,0.011973,-0.007579,2.133856,1.306680,-0.827176
Al-Farouq Aminu,al-farouq aminu,ORL,2021,17.000000,0.001351,0.041765,False,0.236111,0.000319,0.009861,0.009542,0.035847,1.108543,1.072696
Alec Burks,alec burks,CLE,2019,34.000000,0.014848,0.077501,True,0.414634,0.006157,0.032135,0.025978,0.671941,3.507162,2.835221
Alec Burks,alec burks,GSW,2020,48.000000,0.054975,0.074516,True,0.585366,0.032181,0.043619,0.011438,3.512195,4.760575,1.248380
Alec Burks,alec burks,NYK,2021,49.000000,0.084829,0.071081,True,0.680556,0.057731,0.048375,-0.009356,6.489778,5.437995,-1.051783
Alec Burks,alec burks,NYK,2022,81.000000,0.080974,0.088339,False,0.987805,0.079986,0.087262,0.007276,9.890693,10.790397,0.899704
Alec Burks,alec burks,DET,2023,51.000000,0.077118,0.082109,False,0.621951,0.047963,0.051068,0.003105,6.524020,6.946308,0.422289
Alec Burks,alec burks,DET,2024,43.000000,0.014848,0.041501,True,0.524390,0.007786,0.021763,0.013976,1.094675,3.059549,1.964874
Aleksej Pokusevski,aleksej pokusevski,OKC,2021,45.000000,0.027694,0.051350,False,0.625000,0.017309,0.032094,0.014785,1.945725,3.607763,1.662038
Aleksej Pokusevski,aleksej pokusevski,OKC,2022,61.000000,0.026376,0.040886,False,0.743902,0.019621,0.030415,0.010794,2.426223,3.760994,1.334771
Aleksej Pokusevski,aleksej pokusevski,OKC,2023,34.000000,0.004155,0.035958,False,0.414634,0.001723,0.014909,0.013187,0.234341,2.028002,1.793661
Alex Caruso,alex caruso,LAL,2019,25.000000,0.025197,0.024816,True,0.304878,0.007682,0.007566,-0.000116,0.838415,0.825724,-0.012691
Alex Caruso,alex caruso,LAL,2020,64.000000,0.025197,0.049688,False,0.780488,0.019666,0.038781,0.019115,2.146341,4.232555,2.086213
Alex Caruso,alex caruso,LAL,2021,58.000000,0.076544,0.051600,True,0.805556,0.061661,0.041567,-0.020094,6.931524,4.672657,-2.258868
Alex Caruso,alex caruso,CHI,2022,41.000000,0.073026,0.083600,False,0.500000,0.036513,0.041800,0.005287,4.515000,5.168795,0.653795
Alex Caruso,alex caruso,CHI,2023,67.000000,0.069548,0.068651,False,0.817073,0.056826,0.056093,-0.000733,7.729512,7.629767,-0.099745
Alex Caruso,alex caruso,CHI,2024,71.000000,0.070347,0.135043,False,0.865854,0.060911,0.116928,0.056017,8.563293,16.438616,7.875323
Alex Caruso,alex caruso,OKC,2025,54.000000,0.117054,0.116805,True,0.658537,0.077084,0.076920,-0.000164,11.920829,11.895511,-0.025318
Alex Caruso,alex caruso,OKC,2026,56.000000,0.118514,0.116193,False,0.682927,0.080936,0.079351,-0.001585,13.351329,13.089876,-0.261452
Alex Len,alex len,ATL,2019,77.000000,0.038116,0.054167,False,0.939024,0.035792,0.050864,0.015072,3.906341,5.551307,1.644966
Alex Len,alex len,ATL,2020,40.000000,0.020689,0.035855,True,0.487805,0.010092,0.017490,0.007398,1.101463,1.908867,0.807404
Alex Len,alex len,WAS,2021,57.000000,0.033199,0.024385,True,0.791667,0.026282,0.019305,-0.006977,2.954500,2.170172,-0.784328
Alex Len,alex len,SAC,2022,39.000000,0.031690,0.019417,False,0.475610,0.015072,0.009235,-0.005837,1.863724,1.141948,-0.721776
Alex Len,alex len,SAC,2023,26.000000,0.014848,0.014848,True,0.317073,0.004708,0.004708,-0.000000,0.640395,0.640395,-0.000000
Alex Len,alex len,SAC,2024,48.000000,0.005291,0.034653,False,0.585366,0.003097,0.020285,0.017188,0.435412,2.851790,2.416378
Alex Sarr,alex sarr,WAS,2025,67.000000,0.076356,0.075555,False,0.817073,0.062389,0.061734,-0.000655,9.648196,9.546930,-0.101266
Alex Sarr,alex sarr,WAS,2026,48.000000,0.074992,0.093021,False,0.585366,0.043897,0.054451,0.010554,7.241374,8.982323,1.740950
Alfonzo McKinnie,alfonzo mckinnie,GSW,2019,72.000000,0.021917,0.014848,True,0.878049,0.019244,0.013038,-0.006206,2.100280,1.422934,-0.677345
Alfonzo McKinnie,alfonzo mckinnie,CLE,2020,40.000000,0.016152,0.020114,False,0.487805,0.007879,0.009812,0.001933,0.859900,1.070846,0.210946
Alfonzo McKinnie,alfonzo mckinnie,LAL,2021,39.000000,0.011510,0.017575,False,0.541667,0.006235,0.009520,0.003285,0.700877,1.070187,0.369311
Alize Johnson,alize johnson,IND,2019,14.000000,0.012982,0.017108,False,0.170732,0.002216,0.002921,0.000704,0.241902,0.318780,0.076878
Alize Johnson,alize johnson,IND,2020,17.000000,0.005695,0.017873,False,0.207317,0.001181,0.003705,0.002525,0.128866,0.404413,0.275547
Alize Johnson,alize johnson,BRK,2021,18.000000,0.006277,0.019844,False,0.250000,0.001569,0.004961,0.003392,0.176399,0.557693,0.381294
Alize Johnson,alize johnson,CHI,2022,16.000000,0.001555,0.016739,False,0.195122,0.000303,0.003266,0.002963,0.037521,0.403870,0.366349
Allen Crabbe,allen crabbe,BRK,2019,43.000000,0.163262,0.068072,False,0.524390,0.085613,0.035696,-0.049917,9.343824,3.895909,-5.447915
Allonzo Trier,allonzo trier,NYK,2019,64.000000,0.032537,0.054528,False,0.780488,0.025395,0.042559,0.017164,2.771590,4.644842,1.873252
Alondes Williams,alondes williams,DET,2025,1.000000,0.000853,0.056373,False,0.012195,0.000010,0.000687,0.000677,0.001609,0.106316,0.104706
Amen Thompson,amen thompson,HOU,2024,62.000000,0.065795,0.097394,False,0.756098,0.049747,0.073640,0.023892,6.993872,10.352835,3.358962
Amen Thompson,amen thompson,HOU,2025,69.000000,0.062663,0.200455,False,0.841463,0.052728,0.168675,0.115947,8.154285,26.085128,17.930843
Amen Thompson,amen thompson,HOU,2026,79.000000,0.074312,0.219209,False,0.963415,0.071593,0.211189,0.139596,11.810123,34.837982,23.027859
Amile Jefferson,amile jefferson,ORL,2019,12.000000,0.013926,0.018999,False,0.146341,0.002038,0.002780,0.000742,0.222417,0.303449,0.081032
Amir Coffey,amir coffey,LAC,2021,44.000000,0.001365,0.019868,False,0.611111,0.000834,0.012142,0.011307,0.093798,1.364906,1.271108
Amir Coffey,amir coffey,LAC,2022,69.000000,0.027456,0.051232,True,0.841463,0.023103,0.043110,0.020007,2.856820,5.330751,2.473930
Amir Coffey,amir coffey,LAC,2023,50.000000,0.026957,0.026563,False,0.609756,0.016437,0.016197,-0.000240,2.235773,2.203106,-0.032666
Amir Coffey,amir coffey,LAC,2024,70.000000,0.028013,0.038798,False,0.853659,0.023913,0.033120,0.009207,3.361939,4.656279,1.294341
Amir Coffey,amir coffey,LAC,2025,72.000000,0.014848,0.040901,True,0.878049,0.013038,0.035914,0.022876,2.016241,5.553916,3.537675
Andre Drummond,andre drummond,DET,2019,79.000000,0.248241,0.203687,False,0.963415,0.239159,0.196235,-0.042924,26.101811,21.417107,-4.684704
Andre Drummond,andre drummond,DET,2020,49.000000,0.256159,0.199207,False,0.597561,0.153071,0.119038,-0.034033,16.706154,12.991842,-3.714313
Andre Drummond,andre drummond,CLE,2021,25.000000,0.014848,0.122421,True,0.347222,0.005156,0.042507,0.037352,0.579576,4.778431,4.198855
Andre Drummond,andre drummond,PHI,2022,49.000000,0.025878,0.028189,True,0.597561,0.015464,0.016845,0.001381,1.912195,2.082932,0.170737
Andre Drummond,andre drummond,CHI,2023,67.000000,0.024702,0.041962,False,0.817073,0.020183,0.034286,0.014102,2.745366,4.663574,1.918208
Andre Drummond,andre drummond,CHI,2024,79.000000,0.035565,0.064665,True,0.963415,0.034264,0.062299,0.028035,4.817073,8.758520,3.941447
Andre Drummond,andre drummond,PHI,2025,40.000000,0.032332,0.027468,False,0.487805,0.015772,0.013399,-0.002373,2.439024,2.072110,-0.366914
Andre Drummond,andre drummond,PHI,2026,63.000000,0.014848,0.019293,True,0.768293,0.011408,0.014822,0.003414,1.881872,2.445114,0.563242
Andre Iguodala,andre iguodala,GSW,2019,68.000000,0.157460,0.107497,False,0.829268,0.130577,0.089144,-0.041433,14.251129,9.729172,-4.521957
Andre Iguodala,andre iguodala,MIA,2020,21.000000,0.137438,0.047678,True,0.256098,0.035198,0.012210,-0.022987,3.841463,1.332637,-2.508827
Andre Iguodala,andre iguodala,MIA,2021,63.000000,0.014848,0.040161,False,0.875000,0.012992,0.035141,0.022149,1.460531,3.950371,2.489841
Andre Iguodala,andre iguodala,GSW,2022,31.000000,0.014848,0.013905,True,0.378049,0.005613,0.005257,-0.000357,0.694132,0.650024,-0.044108
Andre Jackson Jr.,andre jackson jr.,MIL,2024,57.000000,0.013457,0.023782,False,0.695122,0.009354,0.016531,0.007177,1.315071,2.324093,1.009022
Andre Jackson Jr.,andre jackson jr.,MIL,2025,67.000000,0.014366,0.021771,False,0.817073,0.011738,0.017788,0.006050,1.815273,2.750879,0.935607
Andre Jackson Jr.,andre jackson jr.,MIL,2026,48.000000,0.015383,0.022214,False,0.585366,0.009004,0.013003,0.003999,1.485381,2.145057,0.659676
Andre Roberson,andre roberson,,2019,0.000000,0.098413,0.117145,False,0.000000,0.000000,0.000000,0.000000,0.000000,0.000000,0.000000
Andre Roberson,andre roberson,OKC,2020,7.000000,0.002518,0.069843,False,0.085366,0.000215,0.005962,0.005747,0.023460,0.650716,0.627256
Andrew Nembhard,andrew nembhard,IND,2023,75.000000,0.015673,0.056972,False,0.914634,0.014335,0.052109,0.037774,1.949913,7.087910,5.137997
Andrew Nembhard,andrew nembhard,IND,2024,68.000000,0.014366,0.051347,False,0.829268,0.011913,0.042580,0.030667,1.674872,5.986277,4.311405
Andrew Nembhard,andrew nembhard,IND,2025,65.000000,0.117054,0.105803,True,0.792683,0.092786,0.083868,-0.008918,14.349146,12.969932,-1.379215
Andrew Nembhard,andrew nembhard,IND,2026,57.000000,0.118514,0.132393,False,0.695122,0.082382,0.092029,0.009648,13.589745,15.181253,1.591507
Andrew Wiggins,andrew wiggins,MIN,2019,73.000000,0.252012,0.190823,False,0.890244,0.224352,0.169879,-0.054473,24.485829,18.540613,-5.945216
Andrew Wiggins,andrew wiggins,MIN,2020,42.000000,0.270680,0.198955,False,0.512195,0.138641,0.101904,-0.036737,15.131273,11.121772,-4.009502
Andrew Wiggins,andrew wiggins,GSW,2021,71.000000,0.280920,0.177397,False,0.986111,0.277019,0.174933,-0.102086,31.140787,19.664905,-11.475882
Andrew Wiggins,andrew wiggins,GSW,2022,73.000000,0.271859,0.216958,False,0.890244,0.242021,0.193145,-0.048876,29.927125,23.883375,-6.043749
Andrew Wiggins,andrew wiggins,GSW,2023,37.000000,0.178872,0.212489,True,0.451220,0.080711,0.095879,0.015168,10.978332,13.041559,2.063227
Andrew Wiggins,andrew wiggins,GSW,2024,71.000000,0.186906,0.083817,False,0.865854,0.161834,0.072573,-0.089260,22.751851,10.202962,-12.548889
Andrew Wiggins,andrew wiggins,GSW,2025,43.000000,0.182501,0.099944,False,0.524390,0.095702,0.052410,-0.043292,14.799979,8.105028,-6.694951
Andrew Wiggins,andrew wiggins,MIA,2026,68.000000,0.182890,0.089062,False,0.829268,0.151665,0.073856,-0.077808,25.018729,12.183392,-12.835337
Anfernee Simons,anfernee simons,POR,2019,20.000000,0.019695,0.031033,False,0.243902,0.004804,0.007569,0.002765,0.524283,0.826087,0.301804
Anfernee Simons,anfernee simons,POR,2020,70.000000,0.020634,0.029827,False,0.853659,0.017615,0.025462,0.007847,1.922473,2.778904,0.856430
Anfernee Simons,anfernee simons,POR,2021,64.000000,0.035039,0.041357,False,0.888889,0.031145,0.036762,0.005616,3.501172,4.132538,0.631366
Anfernee Simons,anfernee simons,POR,2022,57.000000,0.180514,0.129605,True,0.695122,0.125479,0.090091,-0.035388,15.516115,11.140203,-4.375912
Anfernee Simons,anfernee simons,POR,2023,62.000000,0.177231,0.168120,False,0.756098,0.134004,0.127115,-0.006889,18.227352,17.290333,-0.937019
Anfernee Simons,anfernee simons,POR,2024,46.000000,0.184175,0.156876,False,0.560976,0.103318,0.088003,-0.015315,14.525261,12.372221,-2.153040
Anfernee Simons,anfernee simons,POR,2025,70.000000,0.178979,0.151082,False,0.853659,0.152787,0.128973,-0.023814,23.628048,19.945259,-3.682789
Anfernee Simons,anfernee simons,BOS,2026,49.000000,0.036372,0.087308,True,0.597561,0.021735,0.052172,0.030437,3.585366,8.606317,5.020951
Anthony Black,anthony black,ORL,2024,69.000000,0.054114,0.033068,False,0.841463,0.045535,0.027826,-0.017709,6.401652,3.911943,-2.489709
Anthony Black,anthony black,ORL,2025,78.000000,0.051539,0.071838,False,0.951220,0.049024,0.068333,0.019309,7.581486,10.567546,2.986060
Anthony Black,anthony black,ORL,2026,64.000000,0.061265,0.123072,False,0.780488,0.047816,0.096056,0.048240,7.887856,15.845570,7.957714
Anthony Davis,anthony davis,NOP,2019,56.000000,0.248241,0.300000,False,0.682927,0.169530,0.204878,0.035348,18.502550,22.360390,3.857841
Anthony Davis,anthony davis,LAL,2020,62.000000,0.300000,0.300000,True,0.756098,0.226829,0.226829,-0.000000,24.756146,24.756146,-0.000000
Anthony Davis,anthony davis,LAL,2021,36.000000,0.314564,0.350000,False,0.500000,0.157282,0.175000,0.017718,17.680680,19.672450,1.991770
Anthony Davis,anthony davis,LAL,2022,40.000000,0.307151,0.350000,False,0.487805,0.149830,0.170732,0.020902,18.527180,21.111829,2.584649
Anthony Davis,anthony davis,LAL,2023,56.000000,0.298484,0.350000,False,0.682927,0.203843,0.239024,0.035182,27.726884,32.512337,4.785453
Anthony Davis,anthony davis,LAL,2024,76.000000,0.307419,0.300341,False,0.926829,0.284925,0.278365,-0.006560,40.057042,39.134791,-0.922251
Anthony Davis,anthony davis,LAL,2025,42.000000,0.350000,0.348620,True,0.512195,0.179268,0.178561,-0.000707,27.723304,27.613976,-0.109328
Anthony Davis,anthony davis,DAL,2026,20.000000,0.354366,0.236436,False,0.243902,0.086431,0.057667,-0.028763,14.257699,9.512862,-4.744837
Anthony Edwards,anthony edwards,MIN,2021,72.000000,0.091141,0.191422,False,1.000000,0.091141,0.191422,0.100282,10.245480,21.518565,11.273085
Anthony Edwards,anthony edwards,MIN,2022,72.000000,0.086801,0.250000,False,0.878049,0.076216,0.219512,0.143297,9.424449,27.143780,17.719332
Anthony Edwards,anthony edwards,MIN,2023,79.000000,0.099505,0.250000,False,0.963415,0.095865,0.240854,0.144989,13.039641,32.761155,19.721515
Anthony Edwards,anthony edwards,MIN,2024,79.000000,0.300000,0.300000,True,0.963415,0.289024,0.289024,-0.000000,40.633361,40.633361,-0.000000
Anthony Edwards,anthony edwards,MIN,2025,79.000000,0.294545,0.324000,False,0.963415,0.283769,0.312146,0.028377,43.884030,48.272495,4.388465
Anthony Edwards,anthony edwards,MIN,2026,61.000000,0.296583,0.318109,False,0.743902,0.220629,0.236642,0.016013,36.395147,39.036672,2.641525
Anthony Gill,anthony gill,WAS,2021,26.000000,0.013503,0.017131,False,0.361111,0.004876,0.006186,0.001310,0.548160,0.695431,0.147271
Anthony Gill,anthony gill,WAS,2022,44.000000,0.014848,0.013905,True,0.536585,0.007967,0.007461,-0.000506,0.985219,0.922615,-0.062604
Anthony Gill,anthony gill,WAS,2023,59.000000,0.014683,0.016483,False,0.719512,0.010565,0.011859,0.001295,1.437037,1.613130,0.176093
Anthony Gill,anthony gill,WAS,2024,50.000000,0.015917,0.019897,False,0.609756,0.009705,0.012132,0.002427,1.364446,1.705679,0.341234
Anthony Gill,anthony gill,WAS,2025,51.000000,0.014848,0.016624,False,0.621951,0.009235,0.010339,0.001104,1.428170,1.598936,0.170766
Anthony Lamb,anthony lamb,HOU,2021,24.000000,0.000761,0.020075,False,0.333333,0.000254,0.006692,0.006438,0.028526,0.752254,0.723728
Anthony Lamb,anthony lamb,SAS,2022,2.000000,0.002048,0.016002,False,0.024390,0.000050,0.000390,0.000340,0.006177,0.048262,0.042085
Anthony Tolliver,anthony tolliver,MIN,2019,65.000000,0.003983,0.024247,False,0.792683,0.003157,0.019221,0.016063,0.344582,2.097728,1.753146
Anthony Tolliver,anthony tolliver,POR,2020,33.000000,0.004448,0.016142,False,0.402439,0.001790,0.006496,0.004706,0.195383,0.708999,0.513615
Antonio Blakeney,antonio blakeney,CHI,2019,57.000000,0.013636,0.030379,False,0.695122,0.009479,0.021117,0.011638,1.034502,2.304722,1.270220
Ariel Hukporti,ariel hukporti,NYK,2025,25.000000,0.012644,0.020015,False,0.304878,0.003855,0.006102,0.002247,0.596152,0.943669,0.347518
Ariel Hukporti,ariel hukporti,NYK,2026,54.000000,0.020611,0.014616,True,0.658537,0.013573,0.009625,-0.003948,2.239024,1.587791,-0.651233
Armoni Brooks,armoni brooks,HOU,2021,20.000000,0.013246,0.035324,False,0.277778,0.003680,0.009812,0.006133,0.413629,1.103036,0.689407
Armoni Brooks,armoni brooks,HOU,2022,41.000000,0.000404,0.016261,False,0.500000,0.000202,0.008130,0.007928,0.025000,1.005355,0.980355
Aron Baynes,aron baynes,BOS,2019,51.000000,0.049966,0.030385,False,0.621951,0.031076,0.018898,-0.012178,3.391674,2.062526,-1.329148
Aron Baynes,aron baynes,PHO,2020,42.000000,0.064138,0.023387,True,0.512195,0.032851,0.011979,-0.020872,3.585366,1.307375,-2.277991
Asa Newell,asa newell,ATL,2026,44.000000,0.020608,0.020026,False,0.536585,0.011058,0.010746,-0.000312,1.824111,1.772643,-0.051468
Ausar Thompson,ausar thompson,DET,2024,63.000000,0.059578,0.074982,False,0.768293,0.045774,0.057608,0.011835,6.435220,8.099034,1.663815
Ausar Thompson,ausar thompson,DET,2025,59.000000,0.056742,0.073163,False,0.719512,0.040827,0.052642,0.011815,6.313720,8.140866,1.827146
Ausar Thompson,ausar thompson,DET,2026,73.000000,0.067397,0.126405,False,0.890244,0.060000,0.112531,0.052531,9.897665,18.563281,8.665616
Austin Reaves,austin reaves,LAL,2022,61.000000,0.012644,0.049529,False,0.743902,0.009406,0.036845,0.027439,1.163105,4.556062,3.392957
Austin Reaves,austin reaves,LAL,2023,64.000000,0.088333,0.092104,True,0.780488,0.068943,0.071886,0.002943,9.377678,9.778031,0.400353
Austin Reaves,austin reaves,LAL,2024,82.000000,0.092301,0.146466,False,1.000000,0.092301,0.146466,0.054165,12.976362,20.591356,7.614994
Austin Reaves,austin reaves,LAL,2025,73.000000,0.090125,0.243717,False,0.890244,0.080233,0.216968,0.136735,12.407840,33.553442,21.145601
Austin Reaves,austin reaves,LAL,2026,51.000000,0.250000,0.250000,True,0.621951,0.155488,0.155488,0.000000,25.649424,25.649424,0.000000
Austin Rivers,austin rivers,HOU,2019,47.000000,0.014848,0.029611,True,0.573171,0.008511,0.016972,0.008462,0.928860,1.852371,0.923511
Austin Rivers,austin rivers,HOU,2020,68.000000,0.002746,0.037329,False,0.829268,0.002277,0.030956,0.028679,0.248527,3.378548,3.130021
Austin Rivers,austin rivers,NYK,2021,21.000000,0.014848,0.014848,True,0.291667,0.004331,0.004331,-0.000000,0.486844,0.486844,-0.000000
Austin Rivers,austin rivers,DEN,2022,67.000000,0.014848,0.027028,True,0.817073,0.012132,0.022084,0.009952,1.500220,2.730828,1.230609
Avery Bradley,avery bradley,LAC,2019,49.000000,0.043678,0.019614,True,0.597561,0.026100,0.011721,-0.014379,2.848573,1.279209,-1.569364
Avery Bradley,avery bradley,LAL,2020,49.000000,0.051631,0.017564,True,0.597561,0.030853,0.010496,-0.020357,3.367256,1.145479,-2.221777
Avery Bradley,avery bradley,HOU,2021,17.000000,0.014848,0.025164,True,0.236111,0.003506,0.005941,0.002436,0.394111,0.667907,0.273796
Ayo Dosunmu,ayo dosunmu,CHI,2022,77.000000,0.012644,0.050430,False,0.939024,0.011873,0.047355,0.035482,1.468182,5.855686,4.387504
Ayo Dosunmu,ayo dosunmu,CHI,2023,80.000000,0.047651,0.051766,True,0.975610,0.046488,0.050504,0.004016,6.323397,6.869591,0.546194
Ayo Dosunmu,ayo dosunmu,CHI,2024,76.000000,0.049791,0.102015,False,0.926829,0.046148,0.094551,0.048403,6.487805,13.292698,6.804894
Ayo Dosunmu,ayo dosunmu,CHI,2025,46.000000,0.048617,0.115142,False,0.560976,0.027273,0.064592,0.037319,4.217705,9.988907,5.771202
Ayo Dosunmu,ayo dosunmu,CHI,2026,45.000000,0.117060,0.106434,True,0.548780,0.064240,0.058409,-0.005831,10.597141,9.635227,-0.961913
Bam Adebayo,bam adebayo,MIA,2019,82.000000,0.031648,0.076529,False,1.000000,0.031648,0.076529,0.044881,3.454080,8.352349,4.898269
Bam Adebayo,bam adebayo,MIA,2020,72.000000,0.046871,0.213178,False,0.878049,0.041155,0.187181,0.146026,4.491652,20.428945,15.937293
Bam Adebayo,bam adebayo,MIA,2021,64.000000,0.250000,0.250000,True,0.888889,0.222223,0.222222,-0.000000,24.980933,24.980889,-0.000044
Bam Adebayo,bam adebayo,MIA,2022,56.000000,0.245455,0.270000,False,0.682927,0.167628,0.184391,0.016763,20.728045,22.800816,2.072771
Bam Adebayo,bam adebayo,MIA,2023,75.000000,0.239669,0.265092,False,0.914634,0.219210,0.242462,0.023252,29.817128,32.979921,3.162793
Bam Adebayo,bam adebayo,MIA,2024,71.000000,0.247876,0.300000,False,0.865854,0.214624,0.259756,0.045132,30.173563,36.518590,6.345028
Bam Adebayo,bam adebayo,MIA,2025,78.000000,0.239879,0.262968,False,0.951220,0.228178,0.250140,0.021963,35.287029,38.683464,3.396435
Bam Adebayo,bam adebayo,MIA,2026,73.000000,0.300000,0.300000,True,0.890244,0.267073,0.267073,-0.000000,44.056657,44.056657,-0.000000
Baylor Scheierman,baylor scheierman,BOS,2025,31.000000,0.016935,0.019874,False,0.378049,0.006402,0.007513,0.001111,0.990110,1.161902,0.171792
Baylor Scheierman,baylor scheierman,BOS,2026,77.000000,0.016634,0.029405,False,0.939024,0.015620,0.027612,0.011992,2.576720,4.554974,1.978254
Ben McLemore,ben mclemore,SAC,2019,19.000000,0.018587,0.014848,True,0.231707,0.004307,0.003441,-0.000866,0.470040,0.375497,-0.094544
Ben McLemore,ben mclemore,HOU,2020,71.000000,0.020918,0.038142,False,0.865854,0.018112,0.033025,0.014913,1.976773,3.604378,1.627605
Ben McLemore,ben mclemore,HOU,2021,32.000000,0.014848,0.014848,True,0.444444,0.006599,0.006599,-0.000000,0.741857,0.741857,-0.000000
Ben Saraf,ben saraf,BRK,2026,44.000000,0.018359,0.024460,False,0.536585,0.009851,0.013125,0.003274,1.625081,2.165136,0.540055
Ben Sheppard,ben sheppard,IND,2024,57.000000,0.018948,0.029686,False,0.695122,0.013171,0.020635,0.007464,1.851721,2.901045,1.049323
Ben Sheppard,ben sheppard,IND,2025,63.000000,0.018046,0.031399,False,0.768293,0.013864,0.024124,0.010259,2.144090,3.730650,1.586560
Ben Sheppard,ben sheppard,IND,2026,65.000000,0.030502,0.033491,False,0.792683,0.024179,0.026548,0.002369,3.988518,4.379348,0.390830
Ben Simmons,ben simmons,PHI,2019,79.000000,0.074344,0.244768,False,0.963415,0.071624,0.235813,0.164189,7.817079,25.736616,17.919537
Ben Simmons,ben simmons,PHI,2020,57.000000,0.280000,0.240831,True,0.695122,0.194634,0.167407,-0.027228,21.242371,18.270753,-2.971618
Ben Simmons,ben simmons,PHI,2021,58.000000,0.293593,0.250082,False,0.805556,0.236505,0.201455,-0.035050,26.586504,22.646344,-3.940160
Ben Simmons,ben simmons,,2022,0.000000,0.286674,0.145822,False,0.000000,0.000000,0.000000,0.000000,0.000000,0.000000,0.000000
Ben Simmons,ben simmons,BRK,2023,42.000000,0.278585,0.117715,False,0.512195,0.142690,0.060293,-0.082397,19.408819,8.201123,-11.207696
Ben Simmons,ben simmons,BRK,2024,15.000000,0.279228,0.106023,False,0.182927,0.051078,0.019394,-0.031684,7.180991,2.726625,-4.454365
Bennedict Mathurin,bennedict mathurin,IND,2023,78.000000,0.050846,0.108604,False,0.951220,0.048365,0.103306,0.054941,6.578710,14.051835,7.473125
Bennedict Mathurin,bennedict mathurin,IND,2024,59.000000,0.051539,0.081376,False,0.719512,0.037083,0.058551,0.021468,5.213384,8.231579,3.018195
Bennedict Mathurin,bennedict mathurin,IND,2025,72.000000,0.059410,0.117004,False,0.878049,0.052165,0.102735,0.050570,8.067137,15.887700,7.820562
Bilal Coulibaly,bilal coulibaly,WAS,2024,63.000000,0.049401,0.059276,False,0.768293,0.037955,0.045541,0.007586,5.335977,6.402529,1.066552
Bilal Coulibaly,bilal coulibaly,WAS,2025,59.000000,0.047046,0.121192,False,0.719512,0.033851,0.087199,0.053348,5.234883,13.485063,8.250180
Bilal Coulibaly,bilal coulibaly,WAS,2026,56.000000,0.056013,0.064366,False,0.682927,0.038253,0.043957,0.005704,6.310252,7.251247,0.940995
Bismack Biyombo,bismack biyombo,CHO,2019,54.000000,0.155763,0.042284,False,0.658537,0.102576,0.027845,-0.074730,11.195122,3.039038,-8.156084
Bismack Biyombo,bismack biyombo,CHO,2020,53.000000,0.032069,0.035904,True,0.646341,0.020727,0.023206,0.002479,2.262195,2.532702,0.270506
Bismack Biyombo,bismack biyombo,CHO,2021,66.000000,0.013506,0.039149,True,0.916667,0.012380,0.035886,0.023506,1.391695,4.034115,2.642419
Bismack Biyombo,bismack biyombo,PHO,2022,36.000000,0.014848,0.013905,True,0.439024,0.006519,0.006105,-0.000414,0.806088,0.754866,-0.051222
Bismack Biyombo,bismack biyombo,PHO,2023,61.000000,0.036759,0.016141,True,0.743902,0.027345,0.012007,-0.015338,3.719512,1.633227,-2.086285
Bismack Biyombo,bismack biyombo,MEM,2024,30.000000,0.003584,0.034059,False,0.365854,0.001311,0.012461,0.011149,0.184348,1.751827,1.567479
Bismack Biyombo,bismack biyombo,SAS,2025,28.000000,0.014848,0.014848,True,0.341463,0.005070,0.005070,-0.000000,0.784094,0.784094,-0.000000
Blake Griffin,blake griffin,DET,2019,75.000000,0.313679,0.334479,False,0.914634,0.286902,0.305926,0.019024,31.312467,33.388726,2.076259
Blake Griffin,blake griffin,DET,2020,18.000000,0.007119,0.185891,False,0.219512,0.001563,0.040805,0.039243,0.170557,4.453493,4.282936
Blake Griffin,blake griffin,DET,2021,20.000000,0.014848,0.027306,True,0.277778,0.004125,0.007585,0.003460,0.463661,0.852667,0.389006
Blake Griffin,blake griffin,BRK,2022,56.000000,0.014848,0.013905,True,0.682927,0.010140,0.009496,-0.000644,1.253915,1.174237,-0.079678
Blake Wesley,blake wesley,SAS,2023,37.000000,0.018414,0.023454,False,0.451220,0.008309,0.010583,0.002274,1.130142,1.439473,0.309331
Blake Wesley,blake wesley,SAS,2024,61.000000,0.018666,0.021634,False,0.743902,0.013886,0.016093,0.002207,1.952208,2.262537,0.310328
Blake Wesley,blake wesley,SAS,2025,58.000000,0.014848,0.023513,False,0.707317,0.010503,0.016631,0.006128,1.624194,2.571908,0.947714
Bobby Portis,bobby portis,WAS,2019,28.000000,0.137438,0.069743,True,0.341463,0.046930,0.023815,-0.023115,5.121951,2.599133,-2.522819
Bobby Portis,bobby portis,NYK,2020,66.000000,0.033196,0.069078,True,0.804878,0.026719,0.055600,0.028881,2.916073,6.068132,3.152058
Bobby Portis,bobby portis,MIL,2021,66.000000,0.038675,0.038675,True,0.916667,0.035452,0.035452,-0.000000,3.985300,3.985300,-0.000000
Bobby Portis,bobby portis,MIL,2022,72.000000,0.087690,0.091639,True,0.878049,0.076996,0.080463,0.003467,9.520990,9.949698,0.428707
Bobby Portis,bobby portis,MIL,2023,70.000000,0.086096,0.092316,False,0.853659,0.073496,0.078807,0.005310,9.997040,10.719369,0.722330
Bobby Portis,bobby portis,MIL,2024,82.000000,0.089469,0.087644,False,1.000000,0.089469,0.087644,-0.001826,12.578286,12.321630,-0.256656
Bobby Portis,bobby portis,MIL,2025,49.000000,0.086945,0.089713,False,0.597561,0.051955,0.053609,0.001654,8.034658,8.290442,0.255784
Bobby Portis,bobby portis,MIL,2026,67.000000,0.088029,0.060051,False,0.817073,0.071926,0.049066,-0.022861,11.865058,8.093955,-3.771103
Bobi Klintman,bobi klintman,DET,2025,8.000000,0.012644,0.023665,False,0.097561,0.001234,0.002309,0.001075,0.190768,0.357053,0.166284
Bol Bol,bol bol,DEN,2020,7.000000,0.018859,0.023215,False,0.085366,0.001610,0.001982,0.000372,0.175703,0.216289,0.040586
Bol Bol,bol bol,DEN,2021,32.000000,0.019225,0.018412,False,0.444444,0.008544,0.008183,-0.000361,0.960512,0.919876,-0.040636
Bol Bol,bol bol,DEN,2022,14.000000,0.017791,0.019333,False,0.170732,0.003038,0.003301,0.000263,0.375610,0.408158,0.032548
Bol Bol,bol bol,ORL,2023,70.000000,0.014848,0.024642,True,0.853659,0.012676,0.021036,0.008360,1.724139,2.861329,1.137189
Bol Bol,bol bol,PHO,2024,43.000000,0.014848,0.022796,False,0.524390,0.007786,0.011954,0.004168,1.094675,1.680601,0.585927
Bones Hyland,bones hyland,DEN,2022,69.000000,0.017804,0.045862,False,0.841463,0.014981,0.038591,0.023610,1.852499,4.772028,2.919529
Bones Hyland,bones hyland,DEN,2023,42.000000,0.016956,0.043211,False,0.512195,0.008685,0.022132,0.013447,1.181327,3.010459,1.829132
Bones Hyland,bones hyland,LAC,2024,37.000000,0.029579,0.023496,False,0.451220,0.013347,0.010602,-0.002745,1.876369,1.490478,-0.385891
Bones Hyland,bones hyland,LAC,2025,20.000000,0.014848,0.014848,True,0.243902,0.003622,0.003621,-0.000000,0.560067,0.560048,-0.000018
Bones Hyland,bones hyland,MIN,2026,71.000000,0.014848,0.026937,True,0.865854,0.012857,0.023323,0.010467,2.120840,3.847408,1.726568
Brad Wanamaker,brad wanamaker,BOS,2019,36.000000,0.012418,0.014375,False,0.439024,0.005452,0.006311,0.000859,0.595028,0.688803,0.093775
Brad Wanamaker,brad wanamaker,BOS,2020,71.000000,0.020616,0.018072,True,0.865854,0.017850,0.015648,-0.002202,1.948171,1.707798,-0.240372
Brad Wanamaker,brad wanamaker,GSW,2021,39.000000,0.006365,0.016041,False,0.541667,0.003448,0.008689,0.005241,0.387583,0.976777,0.589194
Bradley Beal,bradley beal,WAS,2019,82.000000,0.232726,0.300000,False,1.000000,0.232726,0.300000,0.067274,25.399705,32.742000,7.342295
Bradley Beal,bradley beal,WAS,2020,57.000000,0.263439,0.300000,False,0.695122,0.183122,0.208537,0.025414,19.985989,22.759683,2.773694
Bradley Beal,bradley beal,WAS,2021,60.000000,0.300000,0.300000,True,0.833333,0.250000,0.250000,-0.000000,28.103500,28.103500,-0.000000
Bradley Beal,bradley beal,WAS,2022,40.000000,0.350000,0.342017,True,0.487805,0.170732,0.166837,-0.003894,21.111829,20.630283,-0.481546
Bradley Beal,bradley beal,WAS,2023,50.000000,0.343635,0.362503,False,0.609756,0.209534,0.221039,0.011505,28.500970,30.065906,1.564937
Bradley Beal,bradley beal,PHO,2024,53.000000,0.357100,0.186141,False,0.646341,0.230808,0.120311,-0.110498,32.448882,16.914253,-15.534628
Bradley Beal,bradley beal,PHO,2025,53.000000,0.034660,0.090239,True,0.646341,0.022402,0.058325,0.035923,3.464390,9.019780,5.555390
Bradley Beal,bradley beal,LAC,2026,6.000000,0.117501,0.019835,False,0.073171,0.008598,0.001451,-0.007146,1.418269,0.239413,-1.178856
Branden Carlson,branden carlson,OKC,2026,42.000000,0.014848,0.014848,True,0.512195,0.007605,0.007605,-0.000000,1.254581,1.254540,-0.000041
Brandin Podziemski,brandin podziemski,GSW,2024,74.000000,0.025037,0.071750,False,0.902439,0.022595,0.064750,0.042155,3.176549,9.103013,5.926463
Brandin Podziemski,brandin podziemski,GSW,2025,64.000000,0.023848,0.101336,False,0.780488,0.018613,0.079092,0.060479,2.878408,12.231308,9.352900
Brandin Podziemski,brandin podziemski,GSW,2026,82.000000,0.034429,0.128044,False,1.000000,0.034429,0.128044,0.093615,5.679459,21.122236,15.442777
Brandon Clarke,brandon clarke,MEM,2020,58.000000,0.023849,0.065011,False,0.707317,0.016869,0.045984,0.029115,1.841090,5.018658,3.177568
Brandon Clarke,brandon clarke,MEM,2021,59.000000,0.024257,0.083269,False,0.819444,0.019878,0.068235,0.048357,2.234527,7.670517,5.435991
Brandon Clarke,brandon clarke,MEM,2022,64.000000,0.035129,0.101980,False,0.780488,0.027418,0.079594,0.052176,3.390377,9.842169,6.451792
Brandon Clarke,brandon clarke,MEM,2023,56.000000,0.091898,0.103501,True,0.682927,0.062759,0.070683,0.007924,8.536585,9.614434,1.077849
Brandon Clarke,brandon clarke,MEM,2024,6.000000,0.088912,0.075596,False,0.073171,0.006506,0.005531,-0.000974,0.914634,0.777650,-0.136985
Brandon Clarke,brandon clarke,MEM,2025,64.000000,0.080829,0.055867,False,0.780488,0.063086,0.043603,-0.019483,9.756098,6.743108,-3.012990
Brandon Clarke,brandon clarke,MEM,2026,2.000000,0.075775,0.047854,False,0.024390,0.001848,0.001167,-0.000681,0.304878,0.192538,-0.112340
Brandon Goodwin,brandon goodwin,DEN,2019,16.000000,0.004790,0.019443,False,0.195122,0.000935,0.003794,0.002859,0.101998,0.414058,0.312060
Brandon Goodwin,brandon goodwin,ATL,2020,34.000000,0.015591,0.014848,True,0.414634,0.006465,0.006157,-0.000308,0.705539,0.671941,-0.033597
Brandon Goodwin,brandon goodwin,ATL,2021,47.000000,0.000884,0.016025,False,0.652778,0.000577,0.010461,0.009884,0.064873,1.175926,1.111053
Brandon Ingram,brandon ingram,LAL,2019,52.000000,0.066570,0.154085,False,0.634146,0.042215,0.097712,0.055497,4.607381,10.664328,6.056947
Brandon Ingram,brandon ingram,NOP,2020,62.000000,0.250000,0.228849,True,0.756098,0.189024,0.173032,-0.015992,20.630122,18.884720,-1.745402
Brandon Ingram,brandon ingram,NOP,2021,61.000000,0.262136,0.270000,False,0.847222,0.222088,0.228750,0.006662,24.965775,25.714703,0.748927
Brandon Ingram,brandon ingram,NOP,2022,55.000000,0.255959,0.283107,False,0.670732,0.171680,0.189889,0.018209,21.229061,23.480730,2.251669
Brandon Ingram,brandon ingram,NOP,2023,45.000000,0.248737,0.300000,False,0.548780,0.136502,0.164634,0.028132,18.567110,22.393701,3.826591
Brandon Ingram,brandon ingram,NOP,2024,64.000000,0.256183,0.300000,False,0.780488,0.199947,0.234146,0.034199,28.110205,32.918166,4.807961
Brandon Ingram,brandon ingram,NOP,2025,18.000000,0.246337,0.149327,False,0.219512,0.054074,0.032779,-0.021295,8.362369,5.069202,-3.293168
Brandon Ingram,brandon ingram,TOR,2026,77.000000,0.242482,0.172370,False,0.939024,0.227696,0.161859,-0.065837,37.560976,26.700504,-10.860471
Brandon Knight,brandon knight,CLE,2019,27.000000,0.143337,0.041292,False,0.329268,0.047196,0.013596,-0.033600,5.150991,1.483884,-3.667107
Brandon Miller,brandon miller,CHO,2024,74.000000,0.081263,0.149292,False,0.902439,0.073335,0.134727,0.061392,10.310005,18.940952,8.630947
Brandon Miller,brandon miller,CHO,2025,27.000000,0.077394,0.157285,False,0.329268,0.025483,0.051789,0.026305,3.940946,8.009008,4.068062
Brandon Miller,brandon miller,CHO,2026,65.000000,0.091565,0.250000,False,0.792683,0.072582,0.198171,0.125589,11.973179,32.690442,20.717263
Brandon Williams,brandon williams,DAL,2024,17.000000,0.000341,0.019280,False,0.207317,0.000071,0.003997,0.003926,0.009949,0.561932,0.551983
Brandon Williams,brandon williams,DAL,2025,33.000000,0.014683,0.016679,True,0.402439,0.005909,0.006712,0.000803,0.913832,1.038008,0.124175
Braxton Key,braxton key,DEN,2024,20.000000,0.000085,0.017853,False,0.243902,0.000021,0.004354,0.004334,0.002926,0.612176,0.609250
Brice Sensabaugh,brice sensabaugh,UTA,2024,32.000000,0.018291,0.023387,False,0.390244,0.007138,0.009127,0.001989,1.003504,1.283122,0.279618
Brice Sensabaugh,brice sensabaugh,UTA,2025,71.000000,0.017419,0.045073,False,0.865854,0.015082,0.039026,0.023944,2.332402,6.035296,3.702894
Brice Sensabaugh,brice sensabaugh,UTA,2026,75.000000,0.029475,0.067723,False,0.914634,0.026959,0.061941,0.034982,4.447168,10.217912,5.770744
Bronny James,bronny james,LAL,2025,27.000000,0.012644,0.017103,False,0.329268,0.004163,0.005632,0.001468,0.643844,0.870896,0.227053
Bronny James,bronny james,LAL,2026,42.000000,0.013920,0.014616,True,0.512195,0.007130,0.007486,0.000357,1.176139,1.234949,0.058810
Brook Lopez,brook lopez,MIL,2019,81.000000,0.110803,0.104143,True,0.987805,0.109452,0.102873,-0.006579,11.945548,11.227517,-0.718031
Brook Lopez,brook lopez,MIL,2020,68.000000,0.116343,0.144909,False,0.829268,0.096480,0.120169,0.023689,10.529779,13.115226,2.585447
Brook Lopez,brook lopez,MIL,2021,70.000000,0.118333,0.148713,False,0.972222,0.115046,0.144582,0.029536,12.932816,16.253058,3.320242
Brook Lopez,brook lopez,MIL,2022,13.000000,0.112466,0.100733,False,0.158537,0.017830,0.015970,-0.001860,2.204764,1.974763,-0.230001
Brook Lopez,brook lopez,MIL,2023,78.000000,0.183795,0.129985,True,0.951220,0.174830,0.123644,-0.051186,23.780488,16.818177,-6.962311
Brook Lopez,brook lopez,MIL,2024,79.000000,0.163599,0.149018,False,0.963415,0.157613,0.143567,-0.014047,22.158537,20.183731,-1.974806
Brook Lopez,brook lopez,MIL,2025,80.000000,0.056580,0.078893,True,0.975610,0.055200,0.076969,0.021769,8.536585,11.903020,3.366435
Brook Lopez,brook lopez,LAC,2026,75.000000,0.055695,0.045990,False,0.914634,0.050941,0.042064,-0.008876,8.403201,6.938957,-1.464244
Bruce Brown,bruce brown,DET,2019,74.000000,0.012982,0.035686,False,0.902439,0.011715,0.032204,0.020489,1.278623,3.514744,2.236121
Bruce Brown,bruce brown,DET,2020,58.000000,0.015245,0.071458,False,0.707317,0.010783,0.050543,0.039760,1.176877,5.516286,4.339409
Bruce Brown,bruce brown,BRK,2021,65.000000,0.042131,0.074437,True,0.902778,0.038035,0.067200,0.029165,4.275648,7.554201,3.278554
Bruce Brown,bruce brown,BRK,2022,72.000000,0.052396,0.073890,True,0.878049,0.046006,0.064879,0.018873,5.688878,8.022644,2.333766
Bruce Brown,bruce brown,DEN,2023,80.000000,0.161740,0.085100,True,0.975610,0.157795,0.083025,-0.074770,21.463415,11.293126,-10.170288
Bruce Brown,bruce brown,TOR,2024,34.000000,0.163599,0.049208,False,0.414634,0.067834,0.020403,-0.047430,9.536585,2.868482,-6.668104
Bruce Brown,bruce brown,NOP,2025,23.000000,0.014848,0.030375,True,0.280488,0.004165,0.008520,0.004355,0.644077,1.317576,0.673499
Bruno Caboclo,bruno caboclo,MEM,2019,34.000000,0.016908,0.040774,True,0.414634,0.007010,0.016906,0.009896,0.765125,1.845162,1.080037
Bruno Caboclo,bruno caboclo,2TM,2020,30.000000,0.003310,0.024871,False,0.365854,0.001211,0.009099,0.007888,0.132167,0.993066,0.860899
Bryce McGowens,bryce mcgowens,CHO,2023,46.000000,0.012644,0.018708,False,0.560976,0.007093,0.010495,0.003402,0.964802,1.427490,0.462688
Bryce McGowens,bryce mcgowens,POR,2025,13.000000,0.004685,0.026225,False,0.158537,0.000743,0.004158,0.003415,0.114875,0.642961,0.528086
Bryce McGowens,bryce mcgowens,NOP,2026,42.000000,0.015668,0.021263,True,0.512195,0.008025,0.010891,0.002866,1.323788,1.796583,0.472794
Bub Carrington,bub carrington,WAS,2025,82.000000,0.030247,0.096203,False,1.000000,0.030247,0.096203,0.065956,4.677600,14.877554,10.199954
Bub Carrington,bub carrington,WAS,2026,82.000000,0.029707,0.074411,False,1.000000,0.029707,0.074411,0.044704,4.900560,12.274969,7.374409
Buddy Hield,buddy hield,SAC,2019,82.000000,0.044541,0.184356,False,1.000000,0.044541,0.184356,0.139815,4.861208,20.120565,15.259357
Buddy Hield,buddy hield,SAC,2020,72.000000,0.226332,0.186384,True,0.878049,0.198730,0.163654,-0.035076,21.689415,17.861183,-3.828232
Buddy Hield,buddy hield,SAC,2021,71.000000,0.199951,0.185451,False,0.986111,0.197174,0.182875,-0.014298,22.165089,20.557751,-1.607337
Buddy Hield,buddy hield,SAC,2022,55.000000,0.171265,0.111283,False,0.670732,0.114873,0.074641,-0.040232,14.204588,9.229704,-4.974885
Buddy Hield,buddy hield,IND,2023,80.000000,0.145897,0.122584,False,0.975610,0.142339,0.119594,-0.022744,19.361071,16.267362,-3.093709
Buddy Hield,buddy hield,IND,2024,52.000000,0.062455,0.094413,True,0.634146,0.039606,0.059872,0.020266,5.568114,8.417234,2.849119
Buddy Hield,buddy hield,GSW,2025,82.000000,0.059616,0.062724,False,1.000000,0.059616,0.062724,0.003108,9.219512,9.700139,0.480627
Buddy Hield,buddy hield,GSW,2026,44.000000,0.058550,0.022879,False,0.536585,0.031417,0.012276,-0.019141,5.182629,2.025142,-3.157487
Cade Cunningham,cade cunningham,DET,2022,64.000000,0.085341,0.165916,False,0.780488,0.066607,0.129495,0.062888,8.236332,16.012757,7.776425
Cade Cunningham,cade cunningham,DET,2023,12.000000,0.081277,0.146635,False,0.146341,0.011894,0.021459,0.009565,1.617858,2.918851,1.300993
Cade Cunningham,cade cunningham,DET,2024,62.000000,0.099161,0.228150,False,0.756098,0.074975,0.172504,0.097528,10.540612,24.251944,13.711332
Cade Cunningham,cade cunningham,DET,2025,70.000000,0.300000,0.300000,True,0.853659,0.256098,0.256098,-0.000000,39.604720,39.604720,-0.000000
Cade Cunningham,cade cunningham,DET,2026,64.000000,0.303742,0.324000,False,0.780488,0.237067,0.252878,0.015811,39.106832,41.715016,2.608184
Caleb Houstan,caleb houstan,ORL,2023,51.000000,0.014704,0.021558,False,0.621951,0.009145,0.013408,0.004263,1.243902,1.823809,0.579906
Caleb Houstan,caleb houstan,ORL,2024,59.000000,0.014366,0.020901,False,0.719512,0.010337,0.015039,0.004702,1.453198,2.114286,0.661088
Caleb Houstan,caleb houstan,ORL,2025,58.000000,0.004523,0.023060,False,0.707317,0.003199,0.016311,0.013112,0.494726,2.522444,2.027718
Caleb Martin,caleb martin,CHO,2020,18.000000,0.013909,0.019939,False,0.219512,0.003053,0.004377,0.001324,0.333215,0.477690,0.144474
Caleb Martin,caleb martin,CHO,2021,53.000000,0.004693,0.018494,False,0.736111,0.003455,0.013613,0.010158,0.388383,1.530337,1.141953
Caleb Martin,caleb martin,MIA,2022,60.000000,0.052396,0.029961,True,0.731707,0.038338,0.021923,-0.016416,4.740732,2.710843,-2.029888
Caleb Martin,caleb martin,MIA,2023,71.000000,0.050014,0.059074,False,0.865854,0.043305,0.051150,0.007845,5.890359,6.957421,1.067061
Caleb Martin,caleb martin,MIA,2024,64.000000,0.065344,0.088170,True,0.780488,0.051000,0.068816,0.017815,7.170025,9.674653,2.504628
Caleb Martin,caleb martin,PHI,2025,31.000000,0.062038,0.063590,False,0.378049,0.023454,0.024040,0.000587,3.627017,3.717748,0.090732
Caleb Martin,caleb martin,DAL,2026,58.000000,0.060629,0.024527,False,0.707317,0.042884,0.017348,-0.025536,7.074227,2.861781,-4.212445
Cam Christie,cam christie,LAC,2025,13.000000,0.012644,0.018566,False,0.158537,0.002005,0.002943,0.000939,0.309999,0.455176,0.145178
Cam Christie,cam christie,LAC,2026,55.000000,0.013920,0.017662,False,0.670732,0.009337,0.011847,0.002510,1.540182,1.954243,0.414061
Cam Spencer,cam spencer,MEM,2025,25.000000,0.016411,0.015554,False,0.304878,0.005004,0.004742,-0.000261,0.773777,0.733346,-0.040431
Cam Spencer,cam spencer,MEM,2026,72.000000,0.014616,0.052744,False,0.878049,0.012834,0.046312,0.033478,2.117055,7.639608,5.522553
Cam Thomas,cam thomas,BRK,2022,67.000000,0.017291,0.031605,False,0.817073,0.014128,0.025824,0.011695,1.747033,3.193237,1.446204
Cam Thomas,cam thomas,BRK,2023,57.000000,0.016469,0.048683,False,0.695122,0.011448,0.033841,0.022392,1.557184,4.603020,3.045835
Cam Thomas,cam thomas,BRK,2024,66.000000,0.028745,0.137097,False,0.804878,0.023136,0.110346,0.087210,3.252713,15.513323,12.260610
Cam Thomas,cam thomas,BRK,2025,25.000000,0.038754,0.164712,True,0.304878,0.011815,0.050217,0.038402,1.827187,7.765911,5.938724
Cam Whitmore,cam whitmore,HOU,2024,47.000000,0.024035,0.057241,False,0.573171,0.013776,0.032809,0.019032,1.936790,4.612529,2.675739
Cam Whitmore,cam whitmore,HOU,2025,51.000000,0.022889,0.055251,False,0.621951,0.014236,0.034364,0.020128,2.201558,5.314224,3.112666
Cam Whitmore,cam whitmore,WAS,2026,21.000000,0.033088,0.029100,False,0.256098,0.008474,0.007452,-0.001021,1.397860,1.229360,-0.168500
Cameron Johnson,cameron johnson,PHO,2020,57.000000,0.038805,0.061031,False,0.695122,0.026974,0.042424,0.015450,2.943953,4.630144,1.686191
Cameron Johnson,cameron johnson,PHO,2021,60.000000,0.039470,0.082163,False,0.833333,0.032892,0.068469,0.035577,3.697500,7.696885,3.999385
Cameron Johnson,cameron johnson,PHO,2022,66.000000,0.047616,0.095049,False,0.804878,0.038325,0.076503,0.038178,4.739041,9.459996,4.720955
Cameron Johnson,cameron johnson,BRK,2023,25.000000,0.188790,0.168963,True,0.304878,0.057558,0.051513,-0.006045,7.829070,7.006876,-0.822193
Cameron Johnson,cameron johnson,BRK,2024,58.000000,0.160042,0.101513,False,0.707317,0.113201,0.071802,-0.041398,15.914634,10.094525,-5.820109
Cameron Johnson,cameron johnson,BRK,2025,57.000000,0.136162,0.148879,False,0.695122,0.094649,0.103489,0.008840,14.637228,16.004301,1.367073
Cameron Johnson,cameron johnson,DEN,2026,54.000000,0.139806,0.106043,False,0.658537,0.092067,0.069833,-0.022234,15.187500,11.519757,-3.667743
Cameron Payne,cameron payne,CHI,2019,31.000000,0.001798,0.021209,False,0.378049,0.000680,0.008018,0.007338,0.074206,0.875071,0.800864
Cameron Payne,cameron payne,PHO,2020,8.000000,0.018114,0.025197,False,0.097561,0.001767,0.002458,0.000691,0.192879,0.268291,0.075412
Cameron Payne,cameron payne,PHO,2021,60.000000,0.057822,0.039165,True,0.833333,0.048185,0.032637,-0.015548,5.416667,3.668889,-1.747777
Cameron Payne,cameron payne,PHO,2022,58.000000,0.048522,0.049010,False,0.707317,0.034321,0.034666,0.000345,4.243902,4.286619,0.042717
Cameron Payne,cameron payne,PHO,2023,48.000000,0.047787,0.042441,False,0.585366,0.027973,0.024844,-0.003129,3.804878,3.379267,-0.425611
Cameron Payne,cameron payne,MIL,2024,47.000000,0.014848,0.014848,True,0.573171,0.008511,0.008511,-0.000000,1.196505,1.196505,-0.000000
Cameron Payne,cameron payne,NYK,2025,72.000000,0.004608,0.018555,False,0.878049,0.004046,0.016292,0.012246,0.625730,2.519575,1.893845
Caris LeVert,caris levert,BRK,2019,40.000000,0.024058,0.086492,False,0.487805,0.011736,0.042191,0.030456,1.280838,4.604768,3.323930
Caris LeVert,caris levert,BRK,2020,45.000000,0.148467,0.157149,True,0.548780,0.081476,0.086240,0.004764,8.892277,9.412259,0.519982
Caris LeVert,caris levert,IND,2021,35.000000,0.155675,0.156598,False,0.486111,0.075675,0.076124,0.000449,8.506944,8.557430,0.050486
Caris LeVert,caris levert,IND,2022,39.000000,0.152006,0.114358,False,0.475610,0.072296,0.054390,-0.017906,8.939702,6.725571,-2.214130
Caris LeVert,caris levert,CLE,2023,74.000000,0.113105,0.113484,True,0.902439,0.102070,0.102412,0.000342,13.883678,13.930223,0.046545
Caris LeVert,caris levert,CLE,2024,68.000000,0.118185,0.084760,False,0.829268,0.098007,0.070289,-0.027718,13.778611,9.881812,-3.896800
Caris LeVert,caris levert,CLE,2025,38.000000,0.091201,0.062948,True,0.463415,0.042264,0.029171,-0.013093,6.536000,4.511246,-2.024754
Caris LeVert,caris levert,DET,2026,60.000000,0.089774,0.027787,False,0.731707,0.065688,0.020332,-0.045356,10.836000,3.353983,-7.482017
Carter Bryant,carter bryant,SAS,2026,71.000000,0.031191,0.028067,False,0.865854,0.027007,0.024302,-0.002706,4.455129,4.008814,-0.446315
Cason Wallace,cason wallace,OKC,2024,82.000000,0.039519,0.064871,False,1.000000,0.039519,0.064871,0.025352,5.555880,9.120086,3.564206
Cason Wallace,cason wallace,OKC,2025,68.000000,0.037636,0.099156,False,0.829268,0.031210,0.082227,0.051017,4.826540,12.716174,7.889634
Cason Wallace,cason wallace,OKC,2026,77.000000,0.044985,0.124608,False,0.939024,0.042242,0.117010,0.074768,6.968318,19.302145,12.333827
Cedric Coward,cedric coward,MEM,2026,62.000000,0.036379,0.066339,False,0.756098,0.027506,0.050159,0.022653,4.537402,8.274215,3.736814
Charles Bassey,charles bassey,PHI,2022,23.000000,0.021026,0.016253,False,0.280488,0.005898,0.004559,-0.001339,0.729268,0.563725,-0.165543
Charles Bassey,charles bassey,SAS,2023,35.000000,0.019115,0.021914,False,0.426829,0.008159,0.009354,0.001195,1.109756,1.272274,0.162518
Charles Bassey,charles bassey,SAS,2024,19.000000,0.014848,0.014848,True,0.231707,0.003441,0.003441,-0.000000,0.483693,0.483693,-0.000000
Charles Bassey,charles bassey,SAS,2025,36.000000,0.001707,0.016588,False,0.439024,0.000749,0.007283,0.006533,0.115876,1.126256,1.010380
Charles Bassey,charles bassey,GSW,2026,5.000000,0.014848,0.014877,True,0.060976,0.000905,0.000907,0.000002,0.149355,0.149640,0.000285
Chaz Lanier,chaz lanier,DET,2026,34.000000,0.013039,0.014195,False,0.414634,0.005406,0.005886,0.000479,0.891844,0.970908,0.079064
Chet Holmgren,chet holmgren,,2023,0.000000,0.076356,0.049715,False,0.000000,0.000000,0.000000,0.000000,0.000000,0.000000,0.000000
Chet Holmgren,chet holmgren,OKC,2024,82.000000,0.077394,0.205820,False,1.000000,0.077394,0.205820,0.128426,10.880640,28.935830,18.055190
Chet Holmgren,chet holmgren,OKC,2025,32.000000,0.088792,0.197109,False,0.390244,0.034650,0.076921,0.042270,5.358583,11.895527,6.536944
Chet Holmgren,chet holmgren,OKC,2026,69.000000,0.250000,0.250000,True,0.841463,0.210366,0.210366,0.000000,34.702162,34.702162,0.000000
Chris Boucher,chris boucher,TOR,2019,28.000000,0.013643,0.021348,False,0.341463,0.004658,0.007289,0.002631,0.508428,0.795572,0.287144
Chris Boucher,chris boucher,TOR,2020,62.000000,0.059557,0.032368,True,0.756098,0.045031,0.024473,-0.020557,4.914634,2.670999,-2.243635
Chris Boucher,chris boucher,TOR,2021,60.000000,0.062448,0.078989,False,0.833333,0.052040,0.065824,0.013785,5.850000,7.399589,1.549589
Chris Boucher,chris boucher,TOR,2022,80.000000,0.102624,0.093470,True,0.975610,0.100121,0.091190,-0.008931,12.380488,11.276144,-1.104344
Chris Boucher,chris boucher,TOR,2023,76.000000,0.086384,0.065148,False,0.926829,0.080063,0.060381,-0.019682,10.890244,8.213083,-2.677161
Chris Boucher,chris boucher,TOR,2024,50.000000,0.076891,0.048397,False,0.609756,0.046885,0.029510,-0.017375,6.591463,4.148777,-2.442687
Chris Boucher,chris boucher,TOR,2025,50.000000,0.014848,0.052950,True,0.609756,0.009054,0.032286,0.023232,1.400167,4.992989,3.592822
Chris Paul,chris paul,HOU,2019,58.000000,0.352817,0.265891,False,0.707317,0.249554,0.188069,-0.061484,27.236292,20.525904,-6.710388
Chris Paul,chris paul,OKC,2020,70.000000,0.378952,0.273553,False,0.853659,0.323496,0.233521,-0.089975,35.306305,25.486459,-9.819846
Chris Paul,chris paul,PHO,2021,70.000000,0.273987,0.279321,True,0.972222,0.266376,0.271562,0.005185,29.944444,30.527360,0.582915
Chris Paul,chris paul,PHO,2022,65.000000,0.229671,0.244184,False,0.792683,0.182056,0.193560,0.011504,22.512195,23.934715,1.422520
Chris Paul,chris paul,PHO,2023,59.000000,0.226436,0.216048,False,0.719512,0.162923,0.155449,-0.007474,22.160976,21.144304,-1.016672
Chris Paul,chris paul,GSW,2024,58.000000,0.074402,0.083380,True,0.707317,0.052626,0.058976,0.006351,7.398537,8.291379,0.892842
Chris Paul,chris paul,SAS,2025,82.000000,0.014848,0.061416,True,1.000000,0.014848,0.061416,0.046567,2.296274,9.497730,7.201456
Christian Braun,christian braun,DEN,2023,76.000000,0.021681,0.035411,False,0.926829,0.020095,0.032820,0.012725,2.733331,4.464238,1.730907
Christian Braun,christian braun,DEN,2024,82.000000,0.021977,0.045064,False,1.000000,0.021977,0.045064,0.023088,3.089640,6.335528,3.245888
Christian Braun,christian braun,DEN,2025,79.000000,0.031826,0.140386,False,0.963415,0.030662,0.135249,0.104588,4.741731,20.915929,16.174198
Christian Braun,christian braun,DEN,2026,44.000000,0.130647,0.159514,True,0.536585,0.070103,0.085593,0.015489,11.564341,14.119447,2.555106
Christian Koloko,christian koloko,TOR,2023,58.000000,0.012644,0.024295,False,0.707317,0.008943,0.017185,0.008241,1.216489,2.337462,1.120973
Christian Koloko,christian koloko,LAL,2025,37.000000,0.001707,0.019547,False,0.451220,0.000770,0.008820,0.008050,0.119095,1.364017,1.244922
CJ McCollum,cj mccollum,POR,2019,70.000000,0.252492,0.273101,False,0.853659,0.215542,0.233135,0.017593,23.524233,25.444374,1.920140
CJ McCollum,cj mccollum,POR,2020,70.000000,0.268959,0.264387,False,0.853659,0.229599,0.225696,-0.003903,25.058422,24.632442,-0.425980
CJ McCollum,cj mccollum,POR,2021,47.000000,0.274558,0.300000,False,0.652778,0.179226,0.195833,0.016608,20.147463,22.014408,1.866946
CJ McCollum,cj mccollum,POR,2022,36.000000,0.269567,0.239618,False,0.439024,0.118347,0.105198,-0.013148,14.634146,13.008279,-1.625867
CJ McCollum,cj mccollum,NOP,2023,75.000000,0.263213,0.178474,False,0.914634,0.240743,0.163238,-0.077505,32.746161,22.203829,-10.542331
CJ McCollum,cj mccollum,NOP,2024,66.000000,0.237099,0.171938,False,0.804878,0.190836,0.138389,-0.052447,26.829268,19.455838,-7.373430
CJ McCollum,cj mccollum,NOP,2025,56.000000,0.198301,0.141687,False,0.682927,0.135425,0.096762,-0.038663,20.943089,14.963983,-5.979106
CJ McCollum,cj mccollum,ATL,2026,41.000000,0.127303,0.124424,True,0.500000,0.063651,0.062212,-0.001439,10.500000,10.262555,-0.237445
Clint Capela,clint capela,HOU,2019,67.000000,0.136490,0.189192,True,0.817073,0.111523,0.154583,0.043061,12.171573,16.871238,4.699665
Clint Capela,clint capela,HOU,2020,39.000000,0.146601,0.154120,False,0.475610,0.069725,0.073301,0.003576,7.609756,8.000058,0.390301
Clint Capela,clint capela,ATL,2021,63.000000,0.152147,0.189849,False,0.875000,0.133129,0.166118,0.032989,14.965517,18.673947,3.708430
Clint Capela,clint capela,ATL,2022,74.000000,0.151283,0.125460,False,0.902439,0.136524,0.113220,-0.023304,16.881834,14.000202,-2.881632
Clint Capela,clint capela,ATL,2023,65.000000,0.151565,0.095919,False,0.792683,0.120143,0.076034,-0.044109,16.341951,10.342155,-5.999796
Clint Capela,clint capela,ATL,2024,73.000000,0.158373,0.079397,False,0.890244,0.140990,0.070683,-0.070307,19.821530,9.937154,-9.884376
Clint Capela,clint capela,ATL,2025,55.000000,0.043324,0.077026,True,0.670732,0.029059,0.051664,0.022605,4.493902,7.989687,3.495785
Clint Capela,clint capela,HOU,2026,75.000000,0.042646,0.043000,False,0.914634,0.039006,0.039329,0.000323,6.434451,6.487747,0.053296
Coby White,coby white,CHI,2020,65.000000,0.051060,0.088034,False,0.792683,0.040474,0.069783,0.029309,4.417368,7.616134,3.198766
Coby White,coby white,CHI,2021,69.000000,0.051931,0.142562,False,0.958333,0.049767,0.136622,0.086855,5.594520,15.358250,9.763730
Coby White,coby white,CHI,2022,61.000000,0.059957,0.080771,False,0.743902,0.044602,0.060086,0.015484,5.515259,7.429907,1.914647
Coby White,coby white,CHI,2023,74.000000,0.081687,0.109954,True,0.902439,0.073717,0.099227,0.025510,10.027100,13.496939,3.469839
Coby White,coby white,CHI,2024,79.000000,0.085356,0.183811,False,0.963415,0.082233,0.177087,0.094854,11.560976,24.896241,13.335266
Coby White,coby white,CHI,2025,74.000000,0.083344,0.186574,False,0.902439,0.075213,0.168371,0.093159,11.631436,26.038147,14.406710
Coby White,coby white,CHI,2026,29.000000,0.138454,0.159251,True,0.353659,0.048965,0.056321,0.007355,8.077386,9.290699,1.213313
Cody Williams,cody williams,UTA,2025,50.000000,0.037133,0.039871,False,0.609756,0.022642,0.024311,0.001669,3.501512,3.759678,0.258166
Cody Williams,cody williams,UTA,2026,67.000000,0.036467,0.046558,False,0.817073,0.029796,0.038041,0.008245,4.915185,6.275299,1.360113
Cole Anthony,cole anthony,ORL,2021,47.000000,0.030685,0.065847,False,0.652778,0.020030,0.042983,0.022953,2.251692,4.831920,2.580229
Cole Anthony,cole anthony,ORL,2022,65.000000,0.029224,0.119232,False,0.792683,0.023165,0.094513,0.071348,2.864502,11.687058,8.822556
Cole Anthony,cole anthony,ORL,2023,60.000000,0.040727,0.073360,False,0.731707,0.029800,0.053678,0.023877,4.053491,7.301307,3.247816
Cole Anthony,cole anthony,ORL,2024,81.000000,0.091757,0.078693,True,0.987805,0.090638,0.077733,-0.012905,12.742683,10.928378,-1.814305
Cole Anthony,cole anthony,ORL,2025,67.000000,0.014848,0.042973,True,0.817073,0.012132,0.035112,0.022980,1.876224,5.430006,3.553782
Cole Anthony,cole anthony,MIL,2026,35.000000,0.022430,0.023025,False,0.426829,0.009574,0.009828,0.000254,1.579268,1.621223,0.041955
Collin Gillespie,collin gillespie,PHO,2025,33.000000,0.014848,0.015743,True,0.402439,0.005976,0.006336,0.000360,0.924110,0.979789,0.055679
Collin Gillespie,collin gillespie,PHO,2026,80.000000,0.064950,0.093505,True,0.975610,0.063366,0.091225,0.027858,10.452962,15.048520,4.595559
Collin Murray-Boyles,collin murray-boyles,TOR,2026,57.000000,0.040310,0.053270,False,0.695122,0.028020,0.037029,0.009009,4.622255,6.108413,1.486158
Collin Sexton,collin sexton,CLE,2019,82.000000,0.043659,0.150336,False,1.000000,0.043659,0.150336,0.106677,4.764960,16.407707,11.642747
Collin Sexton,collin sexton,CLE,2020,65.000000,0.045738,0.177718,False,0.792683,0.036256,0.140874,0.104618,3.956978,15.375026,11.418048
Collin Sexton,collin sexton,CLE,2021,60.000000,0.056485,0.186943,False,0.833333,0.047071,0.155785,0.108715,5.291393,17.512468,12.221075
Collin Sexton,collin sexton,CLE,2022,11.000000,0.133436,0.153205,True,0.134146,0.017900,0.020552,0.002652,2.213415,2.541342,0.327927
Collin Sexton,collin sexton,UTA,2023,48.000000,0.127370,0.072898,False,0.585366,0.074558,0.042672,-0.031886,10.141463,5.804293,-4.337171
Collin Sexton,collin sexton,UTA,2024,78.000000,0.130523,0.140706,False,0.951220,0.124156,0.133843,0.009686,17.454878,18.816660,1.361782
Collin Sexton,collin sexton,UTA,2025,63.000000,0.122699,0.118452,False,0.768293,0.094269,0.091006,-0.003263,14.578354,14.073740,-0.504614
Collin Sexton,collin sexton,CHO,2026,42.000000,0.056777,0.082259,True,0.512195,0.029081,0.042133,0.013052,4.797220,6.950225,2.153005
Cooper Flagg,cooper flagg,DAL,2026,70.000000,0.088006,0.152021,False,0.853659,0.075127,0.129774,0.054647,12.392971,21.407605,9.014635
Corey Kispert,corey kispert,WAS,2022,77.000000,0.028732,0.058112,False,0.939024,0.026980,0.054568,0.027588,3.336203,6.747655,3.411452
Corey Kispert,corey kispert,WAS,2023,74.000000,0.027364,0.089675,False,0.902439,0.024694,0.080926,0.056232,3.358914,11.007679,7.648765
Corey Kispert,corey kispert,WAS,2024,80.000000,0.040586,0.065202,False,0.975610,0.039596,0.063612,0.024016,5.566719,8.943087,3.376368
Corey Kispert,corey kispert,WAS,2025,61.000000,0.090367,0.079456,True,0.743902,0.067224,0.059107,-0.008117,10.396037,9.140766,-1.255271
Corey Kispert,corey kispert,ATL,2026,39.000000,0.084717,0.037338,False,0.475610,0.040292,0.017758,-0.022534,6.646646,2.929456,-3.717190
Craig Porter Jr.,craig porter jr.,CLE,2024,51.000000,0.013457,0.022185,False,0.621951,0.008369,0.013798,0.005428,1.176643,1.939817,0.763174
Craig Porter Jr.,craig porter jr.,CLE,2025,51.000000,0.014366,0.019278,False,0.621951,0.008935,0.011990,0.003055,1.381775,1.854217,0.472442
Craig Porter Jr.,craig porter jr.,CLE,2026,64.000000,0.014587,0.024263,False,0.780488,0.011385,0.018937,0.007552,1.878014,3.123864,1.245850
D'Angelo Russell,d'angelo russell,BRK,2019,81.000000,0.250000,0.248328,True,0.987805,0.246951,0.245299,-0.001652,26.952256,26.771985,-0.180271
D'Angelo Russell,d'angelo russell,GSW,2020,33.000000,0.262500,0.155384,False,0.402439,0.105640,0.062533,-0.043108,11.529576,6.824822,-4.704755
D'Angelo Russell,d'angelo russell,MIN,2021,42.000000,0.266991,0.137855,False,0.583333,0.155745,0.080416,-0.075329,17.507875,9.039841,-8.468034
D'Angelo Russell,d'angelo russell,MIN,2022,65.000000,0.253752,0.261335,False,0.792683,0.201145,0.207156,0.006010,24.872607,25.615833,0.743226
D'Angelo Russell,d'angelo russell,MIN,2023,54.000000,0.127243,0.197955,True,0.658537,0.083794,0.130360,0.046566,11.397749,17.731745,6.333996
D'Angelo Russell,d'angelo russell,LAL,2024,76.000000,0.132958,0.178731,False,0.926829,0.123229,0.165653,0.042424,17.324577,23.288891,5.964314
D'Angelo Russell,d'angelo russell,LAL,2025,29.000000,0.036761,0.095050,True,0.353659,0.013001,0.033615,0.020614,2.010549,5.198505,3.187956
D'Angelo Russell,d'angelo russell,DAL,2026,26.000000,0.036186,0.019965,False,0.317073,0.011474,0.006330,-0.005143,1.892689,1.044248,-0.848441
Dalano Banton,dalano banton,TOR,2022,64.000000,0.012644,0.023438,False,0.780488,0.009869,0.018293,0.008425,1.220307,2.262055,1.041748
Dalano Banton,dalano banton,TOR,2023,31.000000,0.014848,0.015529,True,0.378049,0.005613,0.005871,0.000257,0.763547,0.798567,0.035019
Dalano Banton,dalano banton,POR,2024,30.000000,0.015627,0.092611,False,0.365854,0.005717,0.033882,0.028165,0.803770,4.763388,3.959618
Dalano Banton,dalano banton,POR,2025,67.000000,0.000853,0.019523,False,0.817073,0.000697,0.015952,0.015255,0.107829,2.466931,2.359101
Dalen Terry,dalen terry,CHI,2023,38.000000,0.024634,0.033933,False,0.463415,0.011416,0.015725,0.004309,1.552791,2.138953,0.586162
Dalen Terry,dalen terry,CHI,2024,59.000000,0.024970,0.039693,False,0.719512,0.017966,0.028559,0.010593,2.525833,4.015117,1.489284
Dalen Terry,dalen terry,CHI,2025,73.000000,0.034913,0.032333,False,0.890244,0.031081,0.028785,-0.002296,4.806532,4.451437,-0.355095
Dalen Terry,dalen terry,CHI,2026,34.000000,0.015668,0.021526,True,0.414634,0.006496,0.008925,0.002429,1.071638,1.472352,0.400714
Dalton Knecht,dalton knecht,LAL,2025,78.000000,0.025931,0.056425,False,0.951220,0.024666,0.053672,0.029006,3.814542,8.300283,4.485740
Dalton Knecht,dalton knecht,LAL,2026,54.000000,0.025467,0.039497,False,0.658537,0.016771,0.026010,0.009239,2.766565,4.290670,1.524105
Damian Lillard,damian lillard,POR,2019,80.000000,0.273065,0.300000,False,0.975610,0.266405,0.292683,0.026278,29.075435,31.943415,2.867980
Damian Lillard,damian lillard,POR,2020,66.000000,0.289783,0.300000,False,0.804878,0.233240,0.241463,0.008223,25.455840,26.353317,0.897477
Damian Lillard,damian lillard,POR,2021,67.000000,0.350000,0.350000,True,0.930556,0.325694,0.325694,0.000000,36.612615,36.612615,0.000000
Damian Lillard,damian lillard,POR,2022,29.000000,0.343637,0.274311,False,0.353659,0.121530,0.097012,-0.024518,15.027833,11.996063,-3.031770
Damian Lillard,damian lillard,POR,2023,58.000000,0.335537,0.351869,False,0.707317,0.237331,0.248883,0.011552,32.282011,33.853335,1.571324
Damian Lillard,damian lillard,MIL,2024,73.000000,0.347026,0.267606,False,0.890244,0.308938,0.238235,-0.070703,43.432931,33.492919,-9.940012
Damian Lillard,damian lillard,MIL,2025,58.000000,0.091201,0.244957,True,0.707317,0.064508,0.173262,0.108754,9.976000,26.794440,16.818440
Damian Lillard,damian lillard,,2026,0.000000,0.081224,0.025516,False,0.000000,0.000000,0.000000,0.000000,0.000000,0.000000,0.000000
Damyean Dotson,damyean dotson,NYK,2019,73.000000,0.014830,0.053449,False,0.890244,0.013202,0.047582,0.034380,1.440878,5.193152,3.752275
Damyean Dotson,damyean dotson,NYK,2020,48.000000,0.018325,0.034296,True,0.585366,0.010727,0.020076,0.009349,1.170732,2.191049,1.020317
Damyean Dotson,damyean dotson,CLE,2021,46.000000,0.001830,0.024102,False,0.638889,0.001169,0.015398,0.014229,0.131395,1.730981,1.599585
Daniel Gafford,daniel gafford,CHI,2020,43.000000,0.013909,0.022045,False,0.524390,0.007294,0.011560,0.004266,0.796014,1.261651,0.465636
Daniel Gafford,daniel gafford,WAS,2021,23.000000,0.015858,0.077644,False,0.319444,0.005066,0.024803,0.019737,0.569448,2.788193,2.218745
Daniel Gafford,daniel gafford,WAS,2022,72.000000,0.015613,0.050342,False,0.878049,0.013709,0.044202,0.030493,1.695232,5.465848,3.770616
Daniel Gafford,daniel gafford,WAS,2023,78.000000,0.091177,0.072780,True,0.951220,0.086729,0.069230,-0.017499,11.797024,9.416756,-2.380268
Daniel Gafford,daniel gafford,WAS,2024,45.000000,0.095272,0.086196,False,0.548780,0.052284,0.047303,-0.004981,7.350454,6.650177,-0.700277
Daniel Gafford,daniel gafford,DAL,2025,57.000000,0.093027,0.074033,False,0.695122,0.064665,0.051462,-0.013203,10.000247,7.958492,-2.041755
Daniel Gafford,daniel gafford,DAL,2026,55.000000,0.104653,0.071319,True,0.670732,0.070194,0.047836,-0.022358,11.579233,7.891092,-3.688141
Daniel Oturu,daniel oturu,LAC,2021,30.000000,0.013503,0.019783,False,0.416667,0.005626,0.008243,0.002616,0.632492,0.926612,0.294120
Daniel Theis,daniel theis,BOS,2019,66.000000,0.045813,0.034470,True,0.804878,0.036874,0.027744,-0.009130,4.024390,3.027954,-0.996436
Daniel Theis,daniel theis,BOS,2020,65.000000,0.045813,0.076500,False,0.792683,0.036315,0.060640,0.024325,3.963415,6.618259,2.654845
Daniel Theis,daniel theis,BOS,2021,42.000000,0.073659,0.077921,True,0.583333,0.042968,0.045454,0.002486,4.830205,5.109659,0.279455
Daniel Theis,daniel theis,HOU,2022,26.000000,0.070312,0.030043,False,0.317073,0.022294,0.009526,-0.012768,2.756751,1.177927,-1.578824
Daniel Theis,daniel theis,IND,2023,7.000000,0.050940,0.022482,False,0.085366,0.004349,0.001919,-0.002429,0.591489,0.261046,-0.330444
Daniel Theis,daniel theis,LAC,2024,59.000000,0.014848,0.014848,True,0.719512,0.010684,0.010684,-0.000000,1.501995,1.501995,-0.000000
Danilo Gallinari,danilo gallinari,LAC,2019,68.000000,0.207216,0.224899,False,0.829268,0.171838,0.186502,0.014664,18.754366,20.354785,1.600419
Danilo Gallinari,danilo gallinari,OKC,2020,62.000000,0.178670,0.213498,True,0.756098,0.135092,0.161425,0.026334,14.743902,17.617957,2.874055
Danilo Gallinari,danilo gallinari,ATL,2021,51.000000,0.182139,0.080667,False,0.708333,0.129015,0.057139,-0.071876,14.503125,6.423247,-8.079878
Danilo Gallinari,danilo gallinari,ATL,2022,66.000000,0.052396,0.023546,True,0.804878,0.042172,0.018952,-0.023220,5.214805,2.343476,-2.871329
Danilo Gallinari,danilo gallinari,,2023,0.000000,0.050014,0.015993,False,0.000000,0.000000,0.000000,0.000000,0.000000,0.000000,0.000000
Daniss Jenkins,daniss jenkins,DET,2025,7.000000,0.024634,0.020767,False,0.085366,0.002103,0.001773,-0.000330,0.325203,0.274154,-0.051049
Daniss Jenkins,daniss jenkins,DET,2026,72.000000,0.024248,0.039700,False,0.878049,0.021291,0.034858,0.013567,3.512195,5.750284,2.238089
Danny Green,danny green,TOR,2019,80.000000,0.134086,0.148599,True,0.975610,0.130816,0.144974,0.014159,14.277216,15.822516,1.545300
Danny Green,danny green,LAL,2020,68.000000,0.140790,0.110787,False,0.829268,0.116753,0.091872,-0.024881,12.742415,10.026905,-2.715510
Danny Green,danny green,PHI,2021,69.000000,0.088957,0.120439,True,0.958333,0.085250,0.115420,0.030170,9.583333,12.974856,3.391522
Danny Green,danny green,PHI,2022,62.000000,0.016174,0.067046,False,0.756098,0.012229,0.050693,0.038464,1.512195,6.268503,4.756308
Danny Green,danny green,CLE,2023,8.000000,0.001470,0.013002,False,0.097561,0.000143,0.001269,0.001125,0.019512,0.172547,0.153035
Danny Wolf,danny wolf,BRK,2026,57.000000,0.017831,0.030626,False,0.695122,0.012395,0.021289,0.008894,2.044660,3.511830,1.467170
Dariq Whitehead,dariq whitehead,BRK,2024,2.000000,0.022152,0.023263,False,0.024390,0.000540,0.000567,0.000027,0.075957,0.079767,0.003810
Dariq Whitehead,dariq whitehead,BRK,2025,20.000000,0.021097,0.024352,False,0.243902,0.005146,0.005940,0.000794,0.795746,0.918534,0.122787
Darius Bazley,darius bazley,OKC,2020,61.000000,0.021982,0.033408,False,0.743902,0.016353,0.024852,0.008500,1.784741,2.712397,0.927656
Darius Bazley,darius bazley,OKC,2021,55.000000,0.022355,0.116315,False,0.763889,0.017077,0.088852,0.071775,1.919683,9.988191,8.068507
Darius Bazley,darius bazley,OKC,2022,69.000000,0.034488,0.065822,False,0.841463,0.029020,0.055387,0.026366,3.588529,6.848821,3.260292
Darius Bazley,darius bazley,OKC,2023,36.000000,0.000853,0.031477,False,0.439024,0.000375,0.013819,0.013445,0.050960,1.879719,1.828760
Darius Garland,darius garland,CLE,2020,59.000000,0.061579,0.120966,False,0.719512,0.044307,0.087037,0.042730,4.835640,9.499178,4.663538
Darius Garland,darius garland,CLE,2021,54.000000,0.062633,0.152434,False,0.750000,0.046975,0.114326,0.067351,5.280660,12.851810,7.571150
Darius Garland,darius garland,CLE,2022,68.000000,0.072143,0.250000,False,0.829268,0.059826,0.207317,0.147491,7.397732,25.635793,18.238060
Darius Garland,darius garland,CLE,2023,69.000000,0.250000,0.250000,True,0.841463,0.210366,0.210366,0.000000,28.614174,28.614174,0.000000
Darius Garland,darius garland,CLE,2024,57.000000,0.261229,0.259087,False,0.695122,0.181586,0.180097,-0.001489,25.528819,25.319457,-0.209362
Darius Garland,darius garland,CLE,2025,75.000000,0.255072,0.274553,False,0.914634,0.233297,0.251116,0.017818,36.078741,38.834311,2.755570
Darius Garland,darius garland,CLE,2026,26.000000,0.255615,0.196749,False,0.317073,0.081049,0.062384,-0.018665,13.369869,10.290900,-3.078969
Darius Miller,darius miller,NOP,2019,69.000000,0.066428,0.043076,True,0.841463,0.055897,0.036247,-0.019650,6.100610,3.956010,-2.144600
Darius Miller,darius miller,,2020,0.000000,0.064138,0.027032,False,0.000000,0.000000,0.000000,0.000000,0.000000,0.000000,0.000000
David Nwaba,david nwaba,CLE,2019,51.000000,0.014848,0.025830,True,0.621951,0.009235,0.016065,0.006830,1.007912,1.753350,0.745438
David Nwaba,david nwaba,BRK,2020,20.000000,0.016713,0.028580,False,0.243902,0.004076,0.006971,0.002895,0.444879,0.760797,0.315918
David Nwaba,david nwaba,HOU,2021,30.000000,0.041365,0.054361,True,0.416667,0.017235,0.022651,0.005415,1.937500,2.546236,0.608736
David Nwaba,david nwaba,HOU,2022,46.000000,0.040613,0.037828,False,0.560976,0.022783,0.021220,-0.001562,2.817220,2.624017,-0.193202
David Roddy,david roddy,MEM,2023,70.000000,0.019984,0.033960,False,0.853659,0.017059,0.028990,0.011930,2.320449,3.943225,1.622776
David Roddy,david roddy,MEM,2024,48.000000,0.020252,0.037884,False,0.585366,0.011855,0.022176,0.010321,1.666677,3.117711,1.451034
Davion Mitchell,davion mitchell,SAC,2022,75.000000,0.039089,0.077621,False,0.914634,0.035753,0.070995,0.035242,4.420976,8.778874,4.357898
Davion Mitchell,davion mitchell,SAC,2023,80.000000,0.037227,0.048512,False,0.975610,0.036319,0.047329,0.011010,4.940137,6.437708,1.497572
Davion Mitchell,davion mitchell,SAC,2024,72.000000,0.045886,0.040391,False,0.878049,0.040290,0.035466,-0.004825,5.664360,4.986028,-0.678332
Davion Mitchell,davion mitchell,TOR,2025,44.000000,0.075010,0.064117,True,0.536585,0.040249,0.034404,-0.005845,6.224390,5.320490,-0.903900
Davion Mitchell,davion mitchell,MIA,2026,70.000000,0.075169,0.071906,False,0.853659,0.064169,0.061383,-0.002786,10.585366,10.125818,-0.459548
Davon Reed,davon reed,DEN,2022,48.000000,0.014848,0.013905,True,0.585366,0.008692,0.008139,-0.000552,1.074784,1.006489,-0.068296
Day'Ron Sharpe,day'ron sharpe,BRK,2022,32.000000,0.017059,0.028172,False,0.390244,0.006657,0.010994,0.004337,0.823212,1.359479,0.536267
Day'Ron Sharpe,day'ron sharpe,BRK,2023,48.000000,0.016248,0.023566,False,0.585366,0.009511,0.013795,0.004284,1.293682,1.876373,0.582691
Day'Ron Sharpe,day'ron sharpe,BRK,2024,61.000000,0.028375,0.037935,False,0.743902,0.021108,0.028220,0.007112,2.967518,3.967369,0.999851
Day'Ron Sharpe,day'ron sharpe,BRK,2025,50.000000,0.040415,0.058554,True,0.609756,0.024643,0.035704,0.011061,3.810976,5.521481,1.710506
Day'Ron Sharpe,day'ron sharpe,BRK,2026,62.000000,0.060620,0.059558,True,0.756098,0.045835,0.045032,-0.000803,7.560976,7.428448,-0.132528
De'Aaron Fox,de'aaron fox,SAC,2019,81.000000,0.058574,0.166214,False,0.987805,0.057860,0.164187,0.106327,6.314800,17.919317,11.604517
De'Aaron Fox,de'aaron fox,SAC,2020,51.000000,0.074213,0.250000,False,0.621951,0.046157,0.155488,0.109331,5.037573,16.969939,11.932366
De'Aaron Fox,de'aaron fox,SAC,2021,58.000000,0.250000,0.250000,True,0.805556,0.201389,0.201389,0.000000,22.638931,22.638931,0.000000
De'Aaron Fox,de'aaron fox,SAC,2022,59.000000,0.245455,0.191187,False,0.719512,0.176608,0.137561,-0.039047,21.838476,17.010133,-4.828343
De'Aaron Fox,de'aaron fox,SAC,2023,73.000000,0.239669,0.300000,False,0.890244,0.213364,0.267073,0.053709,29.022005,36.327560,7.305555
De'Aaron Fox,de'aaron fox,SAC,2024,74.000000,0.247876,0.300000,False,0.902439,0.223693,0.270732,0.047039,31.448502,38.061629,6.613127
De'Aaron Fox,de'aaron fox,SAC,2025,45.000000,0.239879,0.252532,False,0.548780,0.131641,0.138585,0.006943,20.357901,21.431691,1.073790
De'Aaron Fox,de'aaron fox,SAS,2026,72.000000,0.300000,0.275220,True,0.878049,0.263415,0.241657,-0.021758,43.453141,39.863945,-3.589196
De'Andre Hunter,de'andre hunter,ATL,2020,63.000000,0.068004,0.117666,False,0.768293,0.052247,0.090402,0.038155,5.702268,9.866499,4.164231
De'Andre Hunter,de'andre hunter,ATL,2021,23.000000,0.069168,0.106755,False,0.319444,0.022095,0.034102,0.012007,2.483808,3.833563,1.349755
De'Andre Hunter,de'andre hunter,ATL,2022,53.000000,0.079543,0.102522,False,0.646341,0.051412,0.066264,0.014852,6.357338,8.193894,1.836556
De'Andre Hunter,de'andre hunter,ATL,2023,67.000000,0.147693,0.111654,True,0.817073,0.120676,0.091230,-0.029446,16.414417,12.409131,-4.005286
De'Andre Hunter,de'andre hunter,ATL,2024,57.000000,0.154326,0.115269,False,0.695122,0.107276,0.080126,-0.027150,15.081664,11.264724,-3.816941
De'Andre Hunter,de'andre hunter,ATL,2025,37.000000,0.150689,0.117788,False,0.451220,0.067994,0.053148,-0.014845,10.515026,8.219226,-2.295800
De'Andre Hunter,de'andre hunter,CLE,2026,43.000000,0.151010,0.057396,False,0.524390,0.079188,0.030098,-0.049090,13.062935,4.964999,-8.097936
De'Anthony Melton,de'anthony melton,PHO,2019,50.000000,0.012982,0.025535,False,0.609756,0.007916,0.015570,0.007654,0.863934,1.699300,0.835366
De'Anthony Melton,de'anthony melton,MEM,2020,60.000000,0.087701,0.043170,True,0.731707,0.064172,0.031588,-0.032584,7.003692,3.447476,-3.556216
De'Anthony Melton,de'anthony melton,MEM,2021,52.000000,0.078335,0.061262,False,0.722222,0.056575,0.044245,-0.012331,6.359872,4.973743,-1.386128
De'Anthony Melton,de'anthony melton,MEM,2022,73.000000,0.066718,0.080743,False,0.890244,0.059395,0.071881,0.012485,7.344512,8.888404,1.543891
De'Anthony Melton,de'anthony melton,PHI,2023,77.000000,0.058814,0.093926,False,0.939024,0.055228,0.088199,0.032971,7.512195,11.996910,4.484715
De'Anthony Melton,de'anthony melton,PHI,2024,38.000000,0.091203,0.095778,True,0.463415,0.042265,0.044385,0.002120,5.941902,6.239960,0.298057
De'Anthony Melton,de'anthony melton,GSW,2025,6.000000,0.019922,0.062816,True,0.073171,0.001458,0.004596,0.003139,0.225433,0.710803,0.485369
De'Anthony Melton,de'anthony melton,GSW,2026,49.000000,0.033202,0.045493,True,0.597561,0.019840,0.027185,0.007345,3.272841,4.484487,1.211645
Dean Wade,dean wade,CLE,2020,12.000000,0.013909,0.017124,False,0.146341,0.002035,0.002506,0.000470,0.222144,0.273494,0.051350
Dean Wade,dean wade,CLE,2021,63.000000,0.015858,0.024859,True,0.875000,0.013875,0.021752,0.007876,1.559793,2.445189,0.885396
Dean Wade,dean wade,CLE,2022,51.000000,0.015613,0.027492,False,0.621951,0.009711,0.017099,0.007388,1.200789,2.114324,0.913534
Dean Wade,dean wade,CLE,2023,44.000000,0.041978,0.046349,True,0.536585,0.022525,0.024870,0.002346,3.063836,3.382887,0.319051
Dean Wade,dean wade,CLE,2024,54.000000,0.043863,0.054402,False,0.658537,0.028886,0.035826,0.006940,4.060976,5.036646,0.975670
Dean Wade,dean wade,CLE,2025,59.000000,0.042830,0.052990,False,0.719512,0.030816,0.038127,0.007311,4.765657,5.896248,1.130591
Dean Wade,dean wade,CLE,2026,59.000000,0.054558,0.049126,True,0.719512,0.039255,0.035347,-0.003908,6.475610,5.830866,-0.644744
Deandre Ayton,deandre ayton,PHO,2019,71.000000,0.087621,0.125630,False,0.865854,0.075867,0.108777,0.032910,8.280089,11.871937,3.591847
Deandre Ayton,deandre ayton,PHO,2020,38.000000,0.091792,0.162198,False,0.463415,0.042538,0.075165,0.032627,4.642580,8.203500,3.560920
Deandre Ayton,deandre ayton,PHO,2021,69.000000,0.112379,0.196966,False,0.958333,0.107696,0.188759,0.081063,12.106577,21.219142,9.112565
Deandre Ayton,deandre ayton,PHO,2022,58.000000,0.250000,0.227683,True,0.707317,0.176829,0.161044,-0.015785,21.865823,19.913941,-1.951883
Deandre Ayton,deandre ayton,PHO,2023,67.000000,0.238635,0.210686,False,0.817073,0.194983,0.172146,-0.022837,26.521736,23.415446,-3.106290
Deandre Ayton,deandre ayton,POR,2024,55.000000,0.241878,0.147148,False,0.670732,0.162235,0.098697,-0.063538,22.808316,13.875607,-8.932710
Deandre Ayton,deandre ayton,POR,2025,40.000000,0.052403,0.045162,True,0.487805,0.025563,0.022030,-0.003532,3.953171,3.406885,-0.546286
Deandre Ayton,deandre ayton,LAL,2026,72.000000,0.049127,0.045606,False,0.878049,0.043136,0.040044,-0.003092,7.115707,6.605680,-0.510027
DeAndre Jordan,deandre jordan,DAL,2019,50.000000,0.090541,0.147194,True,0.609756,0.055208,0.089752,0.034545,6.025365,9.795583,3.770219
DeAndre Jordan,deandre jordan,BRK,2020,56.000000,0.095068,0.055543,False,0.682927,0.064924,0.037932,-0.026992,7.085829,4.139881,-2.945947
DeAndre Jordan,deandre jordan,BRK,2021,57.000000,0.070058,0.042472,True,0.791667,0.055463,0.033624,-0.021839,6.234797,3.779763,-2.455034
DeAndre Jordan,deandre jordan,LAL,2022,32.000000,0.063304,0.021993,False,0.390244,0.024704,0.008583,-0.016122,3.054793,1.061285,-1.993508
DeAndre Jordan,deandre jordan,DEN,2023,39.000000,0.014848,0.014848,True,0.475610,0.007062,0.007062,-0.000000,0.960592,0.960592,-0.000000
DeAndre Jordan,deandre jordan,DEN,2024,36.000000,0.014848,0.015766,False,0.439024,0.006519,0.006922,0.000403,0.916472,0.973118,0.056646
DeAndre Jordan,deandre jordan,DEN,2025,56.000000,0.014678,0.018423,False,0.682927,0.010024,0.012581,0.002558,1.550162,1.945676,0.395514
DeAndre Jordan,deandre jordan,NOP,2026,12.000000,0.023500,0.014848,True,0.146341,0.003439,0.002173,-0.001266,0.567297,0.358452,-0.208845
DeAndre' Bembry,deandre' bembry,ATL,2019,82.000000,0.023859,0.048184,False,1.000000,0.023859,0.048184,0.024325,2.603982,5.258789,2.654807
DeAndre' Bembry,deandre' bembry,ATL,2020,43.000000,0.014848,0.045727,True,0.524390,0.007786,0.023979,0.016192,0.849808,2.617055,1.767247
DeAndre' Bembry,deandre' bembry,TOR,2021,51.000000,0.014848,0.032224,True,0.708333,0.010518,0.022825,0.012307,1.182334,2.565858,1.383524
Deividas Sirvydis,deividas sirvydis,DET,2021,20.000000,0.014265,0.018215,False,0.277778,0.003962,0.005060,0.001097,0.445433,0.568780,0.123347
Dejounte Murray,dejounte murray,,2019,0.000000,0.021273,0.060500,False,0.000000,0.000000,0.000000,0.000000,0.000000,0.000000,0.000000
Dejounte Murray,dejounte murray,SAS,2020,66.000000,0.130896,0.085623,True,0.804878,0.105355,0.068916,-0.036439,11.498488,7.521527,-3.976961
Dejounte Murray,dejounte murray,SAS,2021,67.000000,0.137251,0.181517,False,0.930556,0.127719,0.168912,0.041193,14.357430,18.988058,4.630628
Dejounte Murray,dejounte murray,SAS,2022,68.000000,0.134011,0.250000,False,0.829268,0.111131,0.207317,0.096186,13.741904,25.635793,11.893888
Dejounte Murray,dejounte murray,ATL,2023,74.000000,0.133906,0.226845,False,0.902439,0.120842,0.204714,0.083872,16.437024,27.845428,11.408403
Dejounte Murray,dejounte murray,ATL,2024,78.000000,0.209955,0.209955,True,0.951220,0.199713,0.199713,0.000000,28.077275,28.077275,0.000000
Dejounte Murray,dejounte murray,NOP,2025,31.000000,0.199170,0.134859,False,0.378049,0.075296,0.050983,-0.024313,11.644319,7.884409,-3.759911
Dejounte Murray,dejounte murray,NOP,2026,14.000000,0.198744,0.092506,False,0.170732,0.033932,0.015794,-0.018138,5.597451,2.605333,-2.992119
Delon Wright,delon wright,TOR,2019,49.000000,0.086803,0.046795,True,0.597561,0.051870,0.027963,-0.023907,5.661104,3.051853,-2.609251
Delon Wright,delon wright,DAL,2020,73.000000,0.082463,0.061355,False,0.890244,0.073412,0.054621,-0.018791,8.012195,5.961302,-2.050893
Delon Wright,delon wright,DET,2021,36.000000,0.075847,0.087619,False,0.500000,0.037924,0.043809,0.005886,4.263158,4.924789,0.661631
Delon Wright,delon wright,ATL,2022,77.000000,0.063118,0.069552,True,0.939024,0.059270,0.065311,0.006042,7.328971,8.076047,0.747077
Delon Wright,delon wright,WAS,2023,50.000000,0.004864,0.067642,False,0.609756,0.002966,0.041245,0.038279,0.403432,5.610168,5.206737
Delon Wright,delon wright,WAS,2024,33.000000,0.014848,0.014848,True,0.402439,0.005976,0.005976,-0.000000,0.840099,0.840099,-0.000000
DeMar DeRozan,demar derozan,SAS,2019,77.000000,0.254169,0.216845,False,0.939024,0.238671,0.203622,-0.035048,26.048513,22.223358,-3.825155
DeMar DeRozan,demar derozan,SAS,2020,68.000000,0.254169,0.191811,False,0.829268,0.210774,0.159063,-0.051711,23.003882,17.360134,-5.643747
DeMar DeRozan,demar derozan,SAS,2021,61.000000,0.231288,0.184082,False,0.847222,0.195952,0.155959,-0.039994,22.027778,17.531942,-4.495836
DeMar DeRozan,demar derozan,CHI,2022,76.000000,0.220776,0.223466,False,0.926829,0.204621,0.207115,0.002494,25.302439,25.610836,0.308397
DeMar DeRozan,demar derozan,CHI,2023,74.000000,0.210262,0.213971,False,0.902439,0.189748,0.193095,0.003347,25.809756,26.265038,0.455282
DeMar DeRozan,demar derozan,CHI,2024,79.000000,0.166444,0.261664,True,0.963415,0.160354,0.252091,0.091737,22.543902,35.441026,12.897124
DeMar DeRozan,demar derozan,SAC,2025,77.000000,0.158878,0.184966,False,0.939024,0.149190,0.173687,0.024497,23.071829,26.860240,3.788411
DeMarcus Cousins,demarcus cousins,GSW,2019,30.000000,0.032069,0.104861,True,0.365854,0.011733,0.038364,0.026631,1.280488,4.187013,2.906525
DeMarcus Cousins,demarcus cousins,,2020,0.000000,0.014848,0.019542,True,0.000000,0.000000,0.000000,0.000000,0.000000,0.000000,0.000000
DeMarcus Cousins,demarcus cousins,HOU,2021,25.000000,0.010129,0.016322,False,0.347222,0.003517,0.005667,0.002150,0.395368,0.637080,0.241713
DeMarre Carroll,demarre carroll,BRK,2019,67.000000,0.007435,0.066691,False,0.817073,0.006075,0.054492,0.048417,0.663012,5.947205,5.284194
DeMarre Carroll,demarre carroll,HOU,2020,9.000000,0.056072,0.026974,True,0.109756,0.006154,0.002961,-0.003194,0.671672,0.323111,-0.348561
Demetrius Jackson,demetrius jackson,PHI,2019,6.000000,0.000851,0.028841,False,0.073171,0.000062,0.002110,0.002048,0.006794,0.230320,0.223526
Deni Avdija,deni avdija,WAS,2021,54.000000,0.041746,0.046120,False,0.750000,0.031310,0.034590,0.003280,3.519630,3.888400,0.368770
Deni Avdija,deni avdija,WAS,2022,82.000000,0.039757,0.063184,False,1.000000,0.039757,0.063184,0.023427,4.916160,7.812964,2.896804
Deni Avdija,deni avdija,WAS,2023,76.000000,0.046046,0.073123,False,0.926829,0.042677,0.067773,0.025096,5.804906,9.218535,3.413629
Deni Avdija,deni avdija,WAS,2024,75.000000,0.111140,0.147451,True,0.914634,0.101653,0.134864,0.033211,14.291159,18.960236,4.669078
Deni Avdija,deni avdija,POR,2025,72.000000,0.092954,0.177442,False,0.878049,0.081618,0.155803,0.074185,12.621951,24.094449,11.472498
Deni Avdija,deni avdija,POR,2026,66.000000,0.079564,0.250000,False,0.804878,0.064040,0.201220,0.137180,10.564024,33.193372,22.629348
Denzel Valentine,denzel valentine,,2019,0.000000,0.030947,0.023777,False,0.000000,0.000000,0.000000,0.000000,0.000000,0.000000,0.000000
Denzel Valentine,denzel valentine,CHI,2020,36.000000,0.042540,0.014848,True,0.439024,0.018676,0.006519,-0.012157,2.038302,0.711467,-1.326835
Denzel Valentine,denzel valentine,CHI,2021,62.000000,0.008031,0.026101,False,0.861111,0.006916,0.022476,0.015560,0.777412,2.526561,1.749150
Deonte Burton,deonte burton,OKC,2019,32.000000,0.012982,0.015430,False,0.390244,0.005066,0.006021,0.000955,0.552918,0.657180,0.104262
Dereck Lively II,dereck lively ii,DAL,2024,55.000000,0.035668,0.074167,False,0.670732,0.023924,0.049746,0.025822,3.363424,6.993701,3.630276
Dereck Lively II,dereck lively ii,DAL,2025,36.000000,0.033970,0.079391,False,0.439024,0.014914,0.034855,0.019941,2.306353,5.390145,3.083791
Dereck Lively II,dereck lively ii,DAL,2026,7.000000,0.043884,0.054983,False,0.085366,0.003746,0.004694,0.000948,0.617975,0.774279,0.156305
Derik Queen,derik queen,NOP,2026,81.000000,0.032832,0.062124,False,0.987805,0.032432,0.061366,0.028934,5.350030,10.122999,4.772969
Derrick Favors,derrick favors,UTA,2019,76.000000,0.161719,0.107829,False,0.926829,0.149886,0.099939,-0.049947,16.358537,10.907369,-5.451168
Derrick Favors,derrick favors,NOP,2020,51.000000,0.084827,0.089331,True,0.621951,0.052758,0.055559,0.002801,5.758024,6.063735,0.305711
Derrick Favors,derrick favors,UTA,2021,68.000000,0.086474,0.048901,False,0.944444,0.081670,0.046184,-0.035486,9.180850,5.191782,-3.989068
Derrick Favors,derrick favors,OKC,2022,39.000000,0.000853,0.026844,False,0.475610,0.000406,0.012767,0.012361,0.050187,1.578730,1.528543
Derrick Jones Jr.,derrick jones jr.,MIA,2019,60.000000,0.014848,0.034146,False,0.731707,0.010865,0.024985,0.014120,1.185779,2.726886,1.541107
Derrick Jones Jr.,derrick jones jr.,MIA,2020,59.000000,0.084827,0.065376,True,0.719512,0.061034,0.047039,-0.013995,6.661244,5.133804,-1.527440
Derrick Jones Jr.,derrick jones jr.,POR,2021,58.000000,0.086474,0.059492,False,0.805556,0.069660,0.047924,-0.021735,7.830725,5.387367,-2.443358
Derrick Jones Jr.,derrick jones jr.,CHI,2022,51.000000,0.025878,0.052331,True,0.621951,0.016095,0.032548,0.016452,1.990244,4.024668,2.034424
Derrick Jones Jr.,derrick jones jr.,CHI,2023,64.000000,0.024702,0.049237,False,0.780488,0.019280,0.038429,0.019150,2.622439,5.227186,2.604747
Derrick Jones Jr.,derrick jones jr.,DAL,2024,76.000000,0.067743,0.069772,True,0.926829,0.062786,0.064667,0.001881,8.826946,9.091392,0.264446
Derrick Jones Jr.,derrick jones jr.,LAC,2025,77.000000,0.064663,0.072785,False,0.939024,0.060721,0.068347,0.007627,9.390244,10.569683,1.179439
Derrick Jones Jr.,derrick jones jr.,LAC,2026,50.000000,0.063507,0.079200,False,0.609756,0.038724,0.048293,0.009569,6.387921,7.966421,1.578500
Derrick Rose,derrick rose,MIN,2019,51.000000,0.067043,0.071788,True,0.621951,0.041697,0.044649,0.002951,4.550862,4.872948,0.322085
Derrick Rose,derrick rose,DET,2020,50.000000,0.070395,0.090486,False,0.609756,0.042924,0.055175,0.012251,4.684711,6.021745,1.337034
Derrick Rose,derrick rose,NYK,2021,35.000000,0.119604,0.092752,True,0.486111,0.058141,0.045088,-0.013053,6.535822,5.068501,-1.467322
Derrick Rose,derrick rose,NYK,2022,26.000000,0.117429,0.055635,False,0.317073,0.037234,0.017640,-0.019593,4.604134,2.181328,-2.422805
Derrick Rose,derrick rose,NYK,2023,27.000000,0.014848,0.014848,True,0.329268,0.004889,0.004889,-0.000000,0.665025,0.665025,-0.000000
Derrick White,derrick white,SAS,2019,67.000000,0.017849,0.078485,False,0.817073,0.014584,0.064128,0.049544,1.591724,6.998914,5.407190
Derrick White,derrick white,SAS,2020,68.000000,0.032218,0.092614,False,0.829268,0.026717,0.076802,0.050084,2.915943,8.382120,5.466177
Derrick White,derrick white,SAS,2021,36.000000,0.135024,0.179833,True,0.500000,0.067512,0.089917,0.022405,7.589286,10.107887,2.518601
Derrick White,derrick white,SAS,2022,49.000000,0.136613,0.131235,False,0.597561,0.081634,0.078421,-0.003213,10.094512,9.697152,-0.397360
Derrick White,derrick white,BOS,2023,82.000000,0.134958,0.147079,False,1.000000,0.134958,0.147079,0.012121,18.357143,20.005888,1.648745
Derrick White,derrick white,BOS,2024,73.000000,0.142768,0.208438,False,0.890244,0.127098,0.185561,0.058462,17.868467,26.087590,8.219123
Derrick White,derrick white,BOS,2025,76.000000,0.181704,0.181704,True,0.926829,0.168409,0.168409,0.000000,26.043902,26.043903,0.000001
Derrick White,derrick white,BOS,2026,77.000000,0.183971,0.228504,False,0.939024,0.172753,0.214571,0.041818,28.497512,35.395789,6.898277
Desmond Bane,desmond bane,MEM,2021,68.000000,0.018086,0.045981,False,0.944444,0.017082,0.043427,0.026345,1.920207,4.881790,2.961584
Desmond Bane,desmond bane,MEM,2022,76.000000,0.017227,0.195523,False,0.926829,0.015967,0.181216,0.165250,1.974369,22.408304,20.433936
Desmond Bane,desmond bane,MEM,2023,58.000000,0.028268,0.250000,False,0.707317,0.019995,0.176829,0.156835,2.719693,24.052494,21.332801
Desmond Bane,desmond bane,MEM,2024,42.000000,0.241879,0.250000,True,0.512195,0.123889,0.128049,0.004160,17.417323,18.002122,0.584799
Desmond Bane,desmond bane,MEM,2025,69.000000,0.237481,0.253241,False,0.841463,0.199831,0.213093,0.013262,30.903308,32.954203,2.050895
Desmond Bane,desmond bane,ORL,2026,82.000000,0.239124,0.239220,False,1.000000,0.239124,0.239220,0.000096,39.446090,39.461900,0.015810
Devin Booker,devin booker,PHO,2019,64.000000,0.250000,0.180831,True,0.780488,0.195122,0.141136,-0.053986,21.295610,15.403610,-5.892000
Devin Booker,devin booker,PHO,2020,70.000000,0.270000,0.270000,False,0.853659,0.230488,0.230488,0.000000,25.155439,25.155439,0.000000
Devin Booker,devin booker,PHO,2021,67.000000,0.281554,0.291600,False,0.930556,0.262002,0.271350,0.009348,29.452642,30.503539,1.050897
Devin Booker,devin booker,PHO,2022,68.000000,0.273611,0.304078,False,0.829268,0.226897,0.252162,0.025265,28.056966,31.181144,3.124178
Devin Booker,devin booker,PHO,2023,53.000000,0.264784,0.300000,False,0.646341,0.171141,0.193902,0.022761,23.278763,26.374804,3.096040
Devin Booker,devin booker,PHO,2024,68.000000,0.350000,0.350000,True,0.829268,0.290244,0.290244,0.000000,40.804810,40.804810,0.000000
Devin Booker,devin booker,PHO,2025,75.000000,0.343636,0.362338,False,0.914634,0.314301,0.331406,0.017105,48.605729,51.251011,2.645282
Devin Booker,devin booker,PHO,2026,64.000000,0.346013,0.364654,False,0.780488,0.270059,0.284608,0.014549,44.549251,46.949211,2.399960
Devin Cannady,devin cannady,ORL,2021,8.000000,0.001651,0.016629,False,0.111111,0.000183,0.001848,0.001664,0.020620,0.207706,0.187086
Devin Carter,devin carter,SAC,2025,36.000000,0.031838,0.025318,False,0.439024,0.013978,0.011115,-0.002863,2.161633,1.718941,-0.442692
Devin Carter,devin carter,SAC,2026,38.000000,0.031268,0.033431,False,0.463415,0.014490,0.015492,0.001002,2.390330,2.555625,0.165295
Devin Vassell,devin vassell,SAS,2021,62.000000,0.037675,0.039331,False,0.861111,0.032442,0.033868,0.001426,3.646943,3.807235,0.160292
Devin Vassell,devin vassell,SAS,2022,71.000000,0.035882,0.086771,False,0.865854,0.031069,0.075131,0.044062,3.841793,9.290331,5.448538
Devin Vassell,devin vassell,SAS,2023,38.000000,0.043287,0.137960,False,0.463415,0.020060,0.063933,0.043873,2.728539,8.696216,5.967677
Devin Vassell,devin vassell,SAS,2024,68.000000,0.208751,0.168807,True,0.829268,0.173110,0.139986,-0.033124,24.337222,19.680417,-4.656805
Devin Vassell,devin vassell,SAS,2025,64.000000,0.174591,0.141956,False,0.780488,0.136266,0.110795,-0.025471,21.073171,17.134118,-3.939053
Devin Vassell,devin vassell,SAS,2026,67.000000,0.163675,0.143711,False,0.817073,0.133734,0.117422,-0.016312,22.060976,19.370097,-2.690879
Devontae Cacok,devontae cacok,LAL,2021,20.000000,0.003243,0.017361,False,0.277778,0.000901,0.004823,0.003922,0.101259,0.542129,0.440870
Devonte' Graham,devonte' graham,CHO,2019,46.000000,0.012982,0.015421,False,0.560976,0.007283,0.008651,0.001368,0.794819,0.944121,0.149301
Devonte' Graham,devonte' graham,CHO,2020,63.000000,0.015245,0.142849,False,0.768293,0.011713,0.109749,0.098037,1.278332,11.978059,10.699727
Devonte' Graham,devonte' graham,CHO,2021,55.000000,0.097853,0.139762,True,0.763889,0.074748,0.106763,0.032014,8.402778,12.001652,3.598874
Devonte' Graham,devonte' graham,NOP,2022,76.000000,0.093405,0.072701,False,0.926829,0.086571,0.067381,-0.019189,10.704878,8.332004,-2.372875
Devonte' Graham,devonte' graham,SAS,2023,20.000000,0.088957,0.049753,False,0.243902,0.021697,0.012135,-0.009562,2.951220,1.650590,-1.300629
Devonte' Graham,devonte' graham,SAS,2024,23.000000,0.020272,0.014848,True,0.280488,0.005686,0.004165,-0.001521,0.799390,0.585524,-0.213867
Dewayne Dedmon,dewayne dedmon,ATL,2019,64.000000,0.122167,0.080976,True,0.780488,0.095350,0.063201,-0.032149,10.406504,6.897753,-3.508751
Dewayne Dedmon,dewayne dedmon,SAC,2020,34.000000,0.026266,0.045327,False,0.414634,0.010891,0.018794,0.007903,1.188618,2.051182,0.862564
Dewayne Dedmon,dewayne dedmon,MIA,2021,16.000000,0.025501,0.032317,False,0.222222,0.005667,0.007181,0.001515,0.637037,0.807300,0.170263
Dewayne Dedmon,dewayne dedmon,MIA,2022,67.000000,0.022229,0.022862,False,0.817073,0.018162,0.018680,0.000518,2.245868,2.309882,0.064015
Dewayne Dedmon,dewayne dedmon,MIA,2023,30.000000,0.020208,0.017199,False,0.365854,0.007393,0.006292,-0.001101,1.005612,0.855867,-0.149746
Didi Louzada,didi louzada,NOP,2021,3.000000,0.014848,0.021333,False,0.041667,0.000619,0.000889,0.000270,0.069549,0.099924,0.030375
Didi Louzada,didi louzada,POR,2022,7.000000,0.002168,0.018708,False,0.085366,0.000185,0.001597,0.001412,0.022881,0.197479,0.174598
Dillon Brooks,dillon brooks,MEM,2019,18.000000,0.014830,0.020187,False,0.219512,0.003255,0.004431,0.001176,0.355285,0.483637,0.128352
Dillon Brooks,dillon brooks,MEM,2020,73.000000,0.104453,0.085881,True,0.890244,0.092989,0.076455,-0.016533,10.148780,8.344344,-1.804436
Dillon Brooks,dillon brooks,MEM,2021,67.000000,0.108527,0.145372,False,0.930556,0.100991,0.135276,0.034285,11.352778,15.206946,3.854169
Dillon Brooks,dillon brooks,MEM,2022,32.000000,0.092192,0.139106,False,0.390244,0.035977,0.054285,0.018308,4.448780,6.712641,2.263860
Dillon Brooks,dillon brooks,MEM,2023,73.000000,0.166354,0.125988,True,0.890244,0.148096,0.112160,-0.035936,20.144146,15.256160,-4.887986
Dillon Brooks,dillon brooks,HOU,2024,72.000000,0.158303,0.112310,False,0.878049,0.138998,0.098614,-0.040384,19.541408,13.863949,-5.677459
Dillon Brooks,dillon brooks,HOU,2025,75.000000,0.136596,0.104590,False,0.914634,0.124935,0.095661,-0.029274,19.320832,14.793740,-4.527092
Dillon Brooks,dillon brooks,PHO,2026,56.000000,0.121197,0.134639,False,0.682927,0.082768,0.091948,0.009180,13.653570,15.167907,1.514337
Dillon Jones,dillon jones,OKC,2025,54.000000,0.017804,0.021103,False,0.658537,0.011724,0.013897,0.002173,1.813136,2.149190,0.336055
Dion Waiters,dion waiters,MIA,2019,44.000000,0.004615,0.053347,False,0.536585,0.002476,0.028625,0.026149,0.270254,3.124134,2.853879
Dion Waiters,dion waiters,LAL,2020,7.000000,0.115906,0.032786,True,0.085366,0.009894,0.002799,-0.007096,1.079878,0.305458,-0.774420
Domantas Sabonis,domantas sabonis,IND,2019,74.000000,0.032340,0.093616,False,0.902439,0.029185,0.084483,0.055298,3.185208,9.220449,6.035241
Domantas Sabonis,domantas sabonis,IND,2020,62.000000,0.181418,0.214020,True,0.756098,0.137170,0.161820,0.024650,14.970732,17.660998,2.690266
Domantas Sabonis,domantas sabonis,IND,2021,62.000000,0.164570,0.235630,False,0.861111,0.141713,0.202903,0.061190,15.930556,22.809180,6.878624
Domantas Sabonis,domantas sabonis,IND,2022,47.000000,0.149610,0.224077,False,0.573171,0.085752,0.128434,0.042683,10.603659,15.881566,5.277907
Domantas Sabonis,domantas sabonis,SAC,2023,79.000000,0.224965,0.233787,True,0.963415,0.216735,0.225234,0.008499,29.480488,30.636491,1.156004
Domantas Sabonis,domantas sabonis,SAC,2024,82.000000,0.288076,0.263308,True,1.000000,0.288076,0.263308,-0.024768,40.500000,37.017927,-3.482073
Domantas Sabonis,domantas sabonis,SAC,2025,70.000000,0.273759,0.259723,False,0.853659,0.233697,0.221715,-0.011982,36.140488,34.287511,-1.852977
Domantas Sabonis,domantas sabonis,SAC,2026,19.000000,0.275653,0.115529,False,0.231707,0.063871,0.026769,-0.037102,10.536195,4.415842,-6.120353
Dominick Barlow,dominick barlow,SAS,2023,28.000000,0.003350,0.019670,False,0.341463,0.001144,0.006716,0.005573,0.155578,0.913575,0.757998
Dominick Barlow,dominick barlow,SAS,2024,33.000000,0.003499,0.017393,False,0.402439,0.001408,0.006999,0.005591,0.197955,0.984037,0.786083
Dominick Barlow,dominick barlow,ATL,2025,35.000000,0.022083,0.013654,True,0.426829,0.009425,0.005828,-0.003598,1.457622,0.901257,-0.556365
Dominick Barlow,dominick barlow,PHI,2026,71.000000,0.020702,0.050044,False,0.865854,0.017925,0.043331,0.025406,2.956890,7.147877,4.190986
Donovan Clingan,donovan clingan,POR,2025,67.000000,0.046418,0.054380,False,0.817073,0.037927,0.044432,0.006505,5.865278,6.871327,1.006049
Donovan Clingan,donovan clingan,POR,2026,77.000000,0.045586,0.124902,False,0.939024,0.042806,0.117286,0.074480,7.061388,19.347681,12.286293
Donovan Mitchell,donovan mitchell,UTA,2019,77.000000,0.033313,0.250000,False,0.939024,0.031282,0.234756,0.203475,3.414067,25.621280,22.207213
Donovan Mitchell,donovan mitchell,UTA,2020,69.000000,0.047604,0.250000,False,0.841463,0.040057,0.210366,0.170309,4.371824,22.959329,18.587505
Donovan Mitchell,donovan mitchell,UTA,2021,53.000000,0.250000,0.250000,True,0.736111,0.184028,0.184028,0.000000,20.687299,20.687299,0.000000
Donovan Mitchell,donovan mitchell,UTA,2022,67.000000,0.250000,0.270000,False,0.817073,0.204268,0.220610,0.016341,25.258796,27.279499,2.020704
Donovan Mitchell,donovan mitchell,CLE,2023,68.000000,0.243801,0.300000,False,0.829268,0.202176,0.248780,0.046604,27.500220,33.839371,6.339151
Donovan Mitchell,donovan mitchell,CLE,2024,55.000000,0.251873,0.300000,False,0.670732,0.168939,0.201220,0.032280,23.750818,28.289049,4.538231
Donovan Mitchell,donovan mitchell,CLE,2025,71.000000,0.300000,0.300000,True,0.865854,0.259756,0.259756,-0.000000,40.170501,40.170501,-0.000000
Donovan Mitchell,donovan mitchell,CLE,2026,70.000000,0.303742,0.350000,False,0.853659,0.259292,0.298780,0.039488,42.773097,49.287128,6.514031
Donta Hall,donta hall,BRK,2020,5.000000,0.002540,0.018160,False,0.060976,0.000155,0.001107,0.000952,0.016906,0.120854,0.103949
Donte DiVincenzo,donte divincenzo,MIL,2019,27.000000,0.026625,0.033384,False,0.329268,0.008767,0.010992,0.002226,0.956788,1.199705,0.242918
Donte DiVincenzo,donte divincenzo,MIL,2020,66.000000,0.027892,0.069836,False,0.804878,0.022450,0.056210,0.033760,2.450178,6.134725,3.684547
Donte DiVincenzo,donte divincenzo,MIL,2021,66.000000,0.041595,0.089586,False,0.916667,0.038129,0.082121,0.043992,4.286177,9.231543,4.945365
Donte DiVincenzo,donte divincenzo,SAC,2022,25.000000,0.036392,0.071634,False,0.304878,0.011095,0.021840,0.010745,1.371951,2.700579,1.328628
Donte DiVincenzo,donte divincenzo,GSW,2023,72.000000,0.080135,0.063492,True,0.878049,0.070362,0.055749,-0.014613,9.570732,7.583092,-1.987639
Donte DiVincenzo,donte divincenzo,NYK,2024,81.000000,0.081408,0.145148,False,0.987805,0.080415,0.143378,0.062963,11.305427,20.157245,8.851818
Donte DiVincenzo,donte divincenzo,MIN,2025,62.000000,0.077531,0.077932,False,0.756098,0.058621,0.058924,0.000303,9.065610,9.112490,0.046880
Donte DiVincenzo,donte divincenzo,MIN,2026,82.000000,0.075988,0.120144,False,1.000000,0.075988,0.120144,0.044157,12.535000,19.819150,7.284150
Dorian Finney-Smith,dorian finney-smith,DAL,2019,81.000000,0.036650,0.066600,True,0.987805,0.036203,0.065788,0.029585,3.951220,7.180101,3.228882
Dorian Finney-Smith,dorian finney-smith,DAL,2020,71.000000,0.036650,0.101151,False,0.865854,0.031734,0.087582,0.055848,3.463415,9.558698,6.095283
Dorian Finney-Smith,dorian finney-smith,DAL,2021,60.000000,0.035583,0.127710,False,0.833333,0.029652,0.106425,0.076773,3.333333,11.963650,8.630317
Dorian Finney-Smith,dorian finney-smith,DAL,2022,80.000000,0.104645,0.160643,True,0.975610,0.102092,0.156725,0.054632,12.624242,19.379784,6.755542
Dorian Finney-Smith,dorian finney-smith,BRK,2023,26.000000,0.102425,0.071054,False,0.317073,0.032476,0.022529,-0.009947,4.417466,3.064480,-1.352986
Dorian Finney-Smith,dorian finney-smith,BRK,2024,68.000000,0.106155,0.070419,False,0.829268,0.088031,0.058396,-0.029635,12.376138,8.209806,-4.166333
Dorian Finney-Smith,dorian finney-smith,LAL,2025,43.000000,0.082123,0.063175,True,0.524390,0.043064,0.033128,-0.009936,6.659756,5.123205,-1.536551
Dorian Finney-Smith,dorian finney-smith,HOU,2026,37.000000,0.080837,0.020384,False,0.451220,0.036475,0.009198,-0.027278,6.017012,1.517253,-4.499759
Doug McDermott,doug mcdermott,IND,2019,77.000000,0.067192,0.046612,False,0.939024,0.063095,0.043769,-0.019326,6.886179,4.776987,-2.109192
Doug McDermott,doug mcdermott,IND,2020,69.000000,0.067192,0.058485,False,0.841463,0.056540,0.049213,-0.007327,6.170731,5.371111,-0.799620
Doug McDermott,doug mcdermott,IND,2021,66.000000,0.122316,0.078492,True,0.916667,0.112123,0.071951,-0.040172,12.604167,8.088281,-4.515886
Doug McDermott,doug mcdermott,SAS,2022,51.000000,0.111196,0.061169,False,0.621951,0.069159,0.038044,-0.031115,8.551829,4.704350,-3.847480
Doug McDermott,doug mcdermott,SAS,2023,64.000000,0.101087,0.038832,False,0.780488,0.078897,0.030308,-0.048589,10.731707,4.122549,-6.609159
Doug McDermott,doug mcdermott,SAS,2024,46.000000,0.014848,0.014848,True,0.560976,0.008330,0.008330,-0.000000,1.171047,1.171047,-0.000000
Doug McDermott,doug mcdermott,SAC,2025,42.000000,0.014848,0.015397,False,0.512195,0.007605,0.007886,0.000281,1.176140,1.219619,0.043479
Dragan Bender,dragan bender,PHO,2019,46.000000,0.001738,0.027409,False,0.560976,0.000975,0.015376,0.014401,0.106418,1.678112,1.571694
Drake Powell,drake powell,BRK,2026,63.000000,0.021463,0.029217,False,0.768293,0.016490,0.022447,0.005957,2.720217,3.702917,0.982700
Draymond Green,draymond green,GSW,2019,66.000000,0.169866,0.201629,False,0.804878,0.136721,0.162287,0.025566,14.921739,17.711958,2.790219
Draymond Green,draymond green,GSW,2020,43.000000,0.203839,0.145039,True,0.524390,0.106891,0.076057,-0.030834,11.666087,8.300870,-3.365216
Draymond Green,draymond green,GSW,2021,63.000000,0.213734,0.174926,False,0.875000,0.187017,0.153060,-0.033957,21.023373,17.206107,-3.817266
Draymond Green,draymond green,GSW,2022,46.000000,0.208697,0.181519,False,0.560976,0.117074,0.101827,-0.015247,14.476799,12.591474,-1.885325
Draymond Green,draymond green,GSW,2023,73.000000,0.164103,0.142843,True,0.890244,0.146092,0.127165,-0.018926,19.871516,17.297160,-2.574356
Draymond Green,draymond green,GSW,2024,55.000000,0.171474,0.131278,False,0.670732,0.115013,0.088052,-0.026961,16.169425,12.379063,-3.790362
Draymond Green,draymond green,GSW,2025,68.000000,0.167432,0.163118,False,0.829268,0.138846,0.135268,-0.003578,21.472125,20.918853,-0.553272
Draymond Green,draymond green,GSW,2026,68.000000,0.167789,0.070402,False,0.829268,0.139142,0.058382,-0.080759,22.952961,9.630807,-13.322154
Drew Eubanks,drew eubanks,SAS,2020,22.000000,0.014848,0.024335,True,0.268293,0.003984,0.006529,0.002545,0.434785,0.712566,0.277780
Drew Eubanks,drew eubanks,SAS,2021,54.000000,0.015681,0.020190,False,0.750000,0.011761,0.015142,0.003381,1.322097,1.702221,0.380124
Drew Eubanks,drew eubanks,POR,2022,22.000000,0.014848,0.072443,False,0.268293,0.003984,0.019436,0.015452,0.492610,2.403338,1.910729
Drew Eubanks,drew eubanks,POR,2023,78.000000,0.014848,0.042101,True,0.951220,0.014124,0.040047,0.025923,1.921184,5.447297,3.526113
Drew Eubanks,drew eubanks,PHO,2024,75.000000,0.035565,0.024124,True,0.914634,0.032529,0.022065,-0.010464,4.573171,3.102017,-1.471154
Drew Eubanks,drew eubanks,UTA,2025,37.000000,0.014848,0.014848,True,0.451220,0.006700,0.006700,-0.000000,1.036124,1.036124,-0.000000
Drew Timme,drew timme,BRK,2025,9.000000,0.012644,0.021586,False,0.109756,0.001388,0.002369,0.000981,0.214615,0.366389,0.151774
Dru Smith,dru smith,BRK,2023,10.000000,0.013246,0.011293,False,0.121951,0.001615,0.001377,-0.000238,0.219728,0.187329,-0.032398
Dru Smith,dru smith,MIA,2025,14.000000,0.015383,0.024335,True,0.170732,0.002626,0.004155,0.001528,0.406149,0.642522,0.236373
Dru Smith,dru smith,MIA,2026,70.000000,0.015668,0.023664,False,0.853659,0.013375,0.020201,0.006827,2.206314,3.332438,1.126125
Duncan Robinson,duncan robinson,MIA,2019,15.000000,0.012982,0.016015,False,0.182927,0.002375,0.002930,0.000555,0.259180,0.319741,0.060560
Duncan Robinson,duncan robinson,MIA,2020,73.000000,0.015245,0.092063,True,0.890244,0.013572,0.081958,0.068386,1.481242,8.944918,7.463676
Duncan Robinson,duncan robinson,MIA,2021,72.000000,0.138417,0.111801,True,1.000000,0.138417,0.111801,-0.026616,15.560000,12.567993,-2.992007
Duncan Robinson,duncan robinson,MIA,2022,79.000000,0.136687,0.076631,False,0.963415,0.131686,0.073828,-0.057858,16.283634,9.129181,-7.154453
Duncan Robinson,duncan robinson,MIA,2023,42.000000,0.133465,0.059552,False,0.512195,0.068360,0.030502,-0.037858,9.298390,4.148974,-5.149416
Duncan Robinson,duncan robinson,MIA,2024,68.000000,0.138035,0.065085,False,0.829268,0.114468,0.053973,-0.060495,16.092780,7.587898,-8.504882
Duncan Robinson,duncan robinson,MIA,2025,74.000000,0.108859,0.054258,True,0.902439,0.098238,0.048965,-0.049273,15.192283,7.572285,-7.619998
Duncan Robinson,duncan robinson,DET,2026,77.000000,0.096950,0.078680,False,0.939024,0.091038,0.073882,-0.017156,15.017777,12.187702,-2.830075
Duop Reath,duop reath,POR,2024,68.000000,0.014573,0.033399,False,0.829268,0.012085,0.027697,0.015612,1.698988,3.893846,2.194857
Duop Reath,duop reath,POR,2025,46.000000,0.014366,0.022984,False,0.560976,0.008059,0.012893,0.004834,1.246307,1.993901,0.747595
Dusty Hannahs,dusty hannahs,MEM,2019,2.000000,0.000748,0.021968,False,0.024390,0.000018,0.000536,0.000518,0.001992,0.058477,0.056485
Dwayne Bacon,dwayne bacon,CHO,2019,43.000000,0.014830,0.021516,False,0.524390,0.007777,0.011283,0.003506,0.848736,1.231380,0.382644
Dwayne Bacon,dwayne bacon,CHO,2020,39.000000,0.014848,0.014848,True,0.475610,0.007062,0.007062,-0.000000,0.770756,0.770756,-0.000000
Dwight Howard,dwight howard,WAS,2019,9.000000,0.014848,0.068814,True,0.109756,0.001630,0.007553,0.005923,0.177867,0.824309,0.646442
Dwight Howard,dwight howard,LAL,2020,69.000000,0.014848,0.030033,True,0.841463,0.012494,0.025272,0.012777,1.363645,2.758147,1.394502
Dwight Howard,dwight howard,PHI,2021,69.000000,0.014848,0.017785,True,0.958333,0.014230,0.017044,0.002814,1.599629,1.916007,0.316378
Dwight Powell,dwight powell,DAL,2019,77.000000,0.094002,0.090906,False,0.939024,0.088270,0.085363,-0.002907,9.633803,9.316483,-0.317320
Dwight Powell,dwight powell,DAL,2020,40.000000,0.101522,0.094587,False,0.487805,0.049523,0.046140,-0.003383,5.404939,5.035732,-0.369207
Dwight Powell,dwight powell,DAL,2021,58.000000,0.098565,0.068139,False,0.805556,0.079400,0.054889,-0.024510,8.925656,6.170347,-2.755309
Dwight Powell,dwight powell,DAL,2022,82.000000,0.089605,0.056333,False,1.000000,0.089605,0.056333,-0.033273,11.080125,6.965799,-4.114326
Dwight Powell,dwight powell,DAL,2023,76.000000,0.029407,0.083450,True,0.926829,0.027255,0.077344,0.050088,3.707317,10.520354,6.813037
Dwight Powell,dwight powell,DAL,2024,63.000000,0.028452,0.038237,False,0.768293,0.021859,0.029378,0.007518,3.073171,4.130134,1.056963
Dwight Powell,dwight powell,DAL,2025,55.000000,0.025865,0.041626,False,0.670732,0.017349,0.027920,0.010571,2.682927,4.317775,1.634848
Dylan Harper,dylan harper,SAS,2026,69.000000,0.078740,0.090097,False,0.841463,0.066257,0.075814,0.009557,10.929802,12.506280,1.576478
Dylan Windler,dylan windler,,2020,0.000000,0.019584,0.021124,False,0.000000,0.000000,0.000000,0.000000,0.000000,0.000000,0.000000
Dylan Windler,dylan windler,CLE,2021,31.000000,0.019919,0.021300,False,0.430556,0.008576,0.009171,0.000595,0.964100,1.030932,0.066832
Dylan Windler,dylan windler,CLE,2022,50.000000,0.032650,0.018061,False,0.609756,0.019908,0.011013,-0.008896,2.461755,1.361769,-1.099986
Dylan Windler,dylan windler,CLE,2023,3.000000,0.014848,0.016504,True,0.036585,0.000543,0.000604,0.000061,0.073892,0.082133,0.008241
Dyson Daniels,dyson daniels,NOP,2023,59.000000,0.042524,0.033773,False,0.719512,0.030596,0.024300,-0.006296,4.161745,3.305316,-0.856429
Dyson Daniels,dyson daniels,NOP,2024,61.000000,0.043101,0.056531,False,0.743902,0.032063,0.042054,0.009990,4.507692,5.912222,1.404531
Dyson Daniels,dyson daniels,ATL,2025,76.000000,0.049841,0.153209,False,0.926829,0.046194,0.141998,0.095804,7.143730,21.959598,14.815867
Dyson Daniels,dyson daniels,ATL,2026,76.000000,0.151551,0.198138,True,0.926829,0.140462,0.183640,0.043178,23.170732,30.293455,7.122723
E'Twaun Moore,e'twaun moore,NOP,2019,53.000000,0.079393,0.058817,False,0.646341,0.051315,0.038016,-0.013299,5.600502,4.149081,-1.451422
E'Twaun Moore,e'twaun moore,NOP,2020,56.000000,0.014848,0.035310,True,0.682927,0.010140,0.024114,0.013973,1.106727,2.631787,1.525061
E'Twaun Moore,e'twaun moore,PHO,2021,27.000000,0.014848,0.014848,True,0.375000,0.005568,0.005568,-0.000000,0.625942,0.625942,-0.000000
E.J. Liddell,e.j. liddell,,2023,0.000000,0.013246,0.018225,False,0.000000,0.000000,0.000000,0.000000,0.000000,0.000000,0.000000
E.J. Liddell,e.j. liddell,NOP,2024,8.000000,0.005028,0.018210,False,0.097561,0.000491,0.001777,0.001286,0.068966,0.249768,0.180802
E.J. Liddell,e.j. liddell,CHI,2025,12.000000,0.004571,0.016098,False,0.146341,0.000669,0.002356,0.001687,0.103448,0.364324,0.260875
E.J. Liddell,e.j. liddell,BRK,2026,26.000000,0.004285,0.017507,False,0.317073,0.001359,0.005551,0.004192,0.224138,0.915692,0.691554
Ed Davis,ed davis,BRK,2019,81.000000,0.043678,0.059472,True,0.987805,0.043145,0.058747,0.015601,4.708866,6.411611,1.702745
Ed Davis,ed davis,UTA,2020,28.000000,0.045862,0.022926,False,0.341463,0.015660,0.007828,-0.007832,1.709144,0.854375,-0.854768
Ed Davis,ed davis,MIN,2021,23.000000,0.014848,0.014848,True,0.319444,0.004743,0.004743,-0.000000,0.533210,0.533210,-0.000000
Edmond Sumner,edmond sumner,IND,2019,23.000000,0.018325,0.023628,True,0.280488,0.005140,0.006627,0.001487,0.560976,0.723300,0.162324
Edmond Sumner,edmond sumner,IND,2020,31.000000,0.019791,0.019302,False,0.378049,0.007482,0.007297,-0.000185,0.816585,0.796388,-0.020198
Edmond Sumner,edmond sumner,IND,2021,53.000000,0.020638,0.019194,False,0.736111,0.015192,0.014129,-0.001063,1.707778,1.588282,-0.119496
Elfrid Payton,elfrid payton,NOP,2019,42.000000,0.073300,0.083276,True,0.512195,0.037544,0.042654,0.005110,4.097561,4.655212,0.557651
Elfrid Payton,elfrid payton,NYK,2020,45.000000,0.052840,0.046991,True,0.548780,0.028998,0.025788,-0.003210,3.164817,2.814494,-0.350323
Elfrid Payton,elfrid payton,NYK,2021,63.000000,0.014848,0.021815,True,0.875000,0.012992,0.019088,0.006095,1.460531,2.145732,0.685202
Elie Okobo,elie okobo,PHO,2019,53.000000,0.012982,0.021891,False,0.646341,0.008391,0.014149,0.005759,0.915770,1.544253,0.628483
Elijah Hughes,elijah hughes,UTA,2021,18.000000,0.013503,0.022995,False,0.250000,0.003376,0.005749,0.002373,0.379495,0.646246,0.266751
Emmanuel Mudiay,emmanuel mudiay,NYK,2019,59.000000,0.014848,0.080040,True,0.719512,0.010684,0.057590,0.046906,1.166016,6.285361,5.119345
Enes Freedom,enes freedom,NYK,2019,44.000000,0.043678,0.058148,True,0.536585,0.023437,0.031201,0.007764,2.557902,3.405311,0.847409
Enes Freedom,enes freedom,BOS,2020,58.000000,0.045862,0.036309,False,0.707317,0.032439,0.025682,-0.006757,3.540370,2.802960,-0.737409
Enes Freedom,enes freedom,POR,2021,72.000000,0.014848,0.066014,True,1.000000,0.014848,0.066014,0.051165,1.669178,7.420864,5.751686
Eric Bledsoe,eric bledsoe,MIL,2019,78.000000,0.143165,0.164926,True,0.951220,0.136181,0.156881,0.020700,14.862805,17.121951,2.259146
Eric Bledsoe,eric bledsoe,MIL,2020,61.000000,0.154618,0.171763,False,0.743902,0.115021,0.127775,0.012754,12.553354,13.945319,1.391966
Eric Bledsoe,eric bledsoe,NOP,2021,71.000000,0.161234,0.105271,False,0.986111,0.158995,0.103809,-0.055186,17.873264,11.669619,-6.203645
Eric Bledsoe,eric bledsoe,LAC,2022,54.000000,0.010513,0.066278,False,0.658537,0.006923,0.043646,0.036723,0.856098,5.397076,4.540978
Eric Gordon,eric gordon,HOU,2019,68.000000,0.128805,0.171776,False,0.829268,0.106814,0.142448,0.035635,11.657630,15.546814,3.889185
Eric Gordon,eric gordon,HOU,2020,36.000000,0.154565,0.101763,True,0.439024,0.067858,0.044677,-0.023181,7.406024,4.876004,-2.530019
Eric Gordon,eric gordon,HOU,2021,27.000000,0.162069,0.079777,False,0.375000,0.060776,0.029916,-0.030859,6.832057,3.363025,-3.469031
Eric Gordon,eric gordon,HOU,2022,57.000000,0.158250,0.062303,False,0.695122,0.110003,0.043308,-0.066695,13.602397,5.355232,-8.247165
Eric Gordon,eric gordon,LAC,2023,22.000000,0.023500,0.019922,True,0.268293,0.006305,0.005345,-0.000960,0.857584,0.727040,-0.130543
Eric Gordon,eric gordon,PHO,2024,68.000000,0.023500,0.025514,False,0.829268,0.019488,0.021158,0.001671,2.739713,2.974567,0.234855
Eric Gordon,eric gordon,PHI,2025,39.000000,0.014848,0.014848,True,0.475610,0.007062,0.007062,-0.000000,1.092130,1.092130,-0.000000
Eric Paschall,eric paschall,GSW,2020,60.000000,0.013909,0.065283,False,0.731707,0.010177,0.047768,0.037591,1.110718,5.213373,4.102656
Eric Paschall,eric paschall,GSW,2021,40.000000,0.015858,0.027913,True,0.555556,0.008810,0.015507,0.006697,0.990345,1.743218,0.752873
Eugene Omoruyi,eugene omoruyi,DAL,2022,4.000000,0.002179,0.017292,False,0.048780,0.000106,0.000844,0.000737,0.013144,0.104305,0.091162
Eugene Omoruyi,eugene omoruyi,OKC,2023,23.000000,0.006617,0.016892,False,0.280488,0.001856,0.004738,0.002882,0.252439,0.644469,0.392030
Evan Fournier,evan fournier,ORL,2019,81.000000,0.155763,0.151896,False,0.987805,0.153864,0.150043,-0.003820,16.792683,16.375735,-0.416947
Evan Fournier,evan fournier,ORL,2020,66.000000,0.159886,0.172648,False,0.804878,0.128689,0.138960,0.010271,14.045122,15.166148,1.121026
Evan Fournier,evan fournier,ORL,2021,26.000000,0.152498,0.163896,True,0.361111,0.055069,0.059185,0.004116,6.190476,6.653197,0.462721
Evan Fournier,evan fournier,NYK,2022,80.000000,0.145566,0.098718,False,0.975610,0.142016,0.096310,-0.045706,17.560976,11.909215,-5.651761
Evan Fournier,evan fournier,NYK,2023,27.000000,0.138634,0.033073,False,0.329268,0.045648,0.010890,-0.034758,6.209059,1.481253,-4.727806
Evan Mobley,evan mobley,CLE,2022,69.000000,0.068568,0.141041,False,0.841463,0.057697,0.118681,0.060984,7.134533,14.675495,7.540962
Evan Mobley,evan mobley,CLE,2023,79.000000,0.065303,0.205036,False,0.963415,0.062914,0.197535,0.134620,8.557665,26.868857,18.311192
Evan Mobley,evan mobley,CLE,2024,50.000000,0.079862,0.196902,False,0.609756,0.048696,0.120062,0.071366,6.846132,16.879307,10.033175
Evan Mobley,evan mobley,CLE,2025,71.000000,0.300000,0.300000,True,0.865854,0.259756,0.259756,-0.000000,40.170501,40.170501,-0.000000
Evan Mobley,evan mobley,CLE,2026,65.000000,0.303742,0.287019,False,0.792683,0.240771,0.227515,-0.013256,39.717876,37.531153,-2.186723
Evan Turner,evan turner,POR,2019,73.000000,0.170483,0.041660,False,0.890244,0.151772,0.037088,-0.114684,16.564374,4.047768,-12.516606
Facundo Campazzo,facundo campazzo,DEN,2021,65.000000,0.026465,0.050008,False,0.902778,0.023892,0.045146,0.021254,2.685764,5.075042,2.389278
Facundo Campazzo,facundo campazzo,DEN,2022,65.000000,0.003755,0.026627,False,0.792683,0.002976,0.021107,0.018130,0.368042,2.609927,2.241885
Frank Jackson,frank jackson,NOP,2019,61.000000,0.014830,0.028866,False,0.743902,0.011032,0.021473,0.010441,1.204021,2.343604,1.139583
Frank Jackson,frank jackson,NOP,2020,59.000000,0.002291,0.028743,False,0.719512,0.001648,0.020681,0.019033,0.179878,2.257100,2.077222
Frank Jackson,frank jackson,DET,2021,40.000000,0.026687,0.021883,True,0.555556,0.014826,0.012157,-0.002669,1.666667,1.366632,-0.300034
Frank Jackson,frank jackson,DET,2022,53.000000,0.000853,0.033144,False,0.646341,0.000552,0.021423,0.020871,0.068203,2.649005,2.580801
Frank Kaminsky,frank kaminsky,CHO,2019,47.000000,0.043678,0.044978,True,0.573171,0.025035,0.025780,0.000745,2.732305,2.813622,0.081317
Frank Kaminsky,frank kaminsky,PHO,2020,39.000000,0.014848,0.037696,True,0.475610,0.007062,0.017928,0.010866,0.770756,1.956712,1.185956
Frank Kaminsky,frank kaminsky,PHO,2021,47.000000,0.014848,0.014848,True,0.652778,0.009693,0.009693,-0.000000,1.089602,1.089602,-0.000000
Frank Kaminsky,frank kaminsky,PHO,2022,9.000000,0.014848,0.013905,True,0.109756,0.001630,0.001526,-0.000104,0.201522,0.188717,-0.012805
Frank Ntilikina,frank ntilikina,NYK,2019,43.000000,0.044491,0.037394,False,0.524390,0.023331,0.019609,-0.003722,2.546334,2.140116,-0.406218
Frank Ntilikina,frank ntilikina,NYK,2020,57.000000,0.056593,0.039219,False,0.695122,0.039339,0.027262,-0.012077,4.293475,2.975363,-1.318112
Frank Ntilikina,frank ntilikina,NYK,2021,33.000000,0.015917,0.020717,True,0.458333,0.007295,0.009495,0.002200,0.820076,1.067380,0.247304
Frank Ntilikina,frank ntilikina,DAL,2022,58.000000,0.016468,0.027502,False,0.707317,0.011648,0.019453,0.007805,1.440322,2.405402,0.965079
Frank Ntilikina,frank ntilikina,DAL,2023,47.000000,0.014848,0.014848,True,0.573171,0.008511,0.008511,-0.000000,1.157636,1.157636,-0.000000
Franz Wagner,franz wagner,ORL,2022,79.000000,0.042524,0.135909,False,0.963415,0.040968,0.130936,0.089968,5.065904,16.190942,11.125038
Franz Wagner,franz wagner,ORL,2023,80.000000,0.040499,0.175965,False,0.975610,0.039511,0.171673,0.132162,5.374361,23.351106,17.976745
Franz Wagner,franz wagner,ORL,2024,72.000000,0.049841,0.250000,False,0.878049,0.043763,0.219512,0.175749,6.152569,30.860780,24.708212
Franz Wagner,franz wagner,ORL,2025,60.000000,0.250000,0.250000,True,0.731707,0.182927,0.182927,0.000000,28.289085,28.289085,0.000000
Franz Wagner,franz wagner,ORL,2026,34.000000,0.253119,0.270000,False,0.414634,0.104952,0.111951,0.007000,17.312920,18.467585,1.154665
Fred VanVleet,fred vanvleet,TOR,2019,64.000000,0.085635,0.094195,False,0.780488,0.066837,0.073518,0.006681,7.294558,8.023742,0.729184
Fred VanVleet,fred vanvleet,TOR,2020,54.000000,0.194704,0.187574,True,0.658537,0.128220,0.123524,-0.004695,13.993902,13.481463,-0.512439
Fred VanVleet,fred vanvleet,TOR,2021,52.000000,0.175031,0.250000,False,0.722222,0.126411,0.180556,0.054144,14.210391,20.296972,6.086581
Fred VanVleet,fred vanvleet,TOR,2022,65.000000,0.171849,0.245059,False,0.792683,0.136222,0.194254,0.058032,16.844512,24.020487,7.175975
Fred VanVleet,fred vanvleet,TOR,2023,69.000000,0.300000,0.254437,True,0.841463,0.252439,0.214100,-0.038339,34.337009,29.122059,-5.214949
Fred VanVleet,fred vanvleet,HOU,2024,73.000000,0.304767,0.214725,False,0.890244,0.271317,0.191158,-0.080159,38.143938,26.874511,-11.269427
Fred VanVleet,fred vanvleet,HOU,2025,60.000000,0.161658,0.189096,True,0.731707,0.118287,0.138363,0.020076,18.292683,21.397379,3.104696
Fred VanVleet,fred vanvleet,,2026,0.000000,0.151551,0.054791,False,0.000000,0.000000,0.000000,0.000000,0.000000,0.000000,0.000000
Freddie Gillespie,freddie gillespie,TOR,2021,20.000000,0.001523,0.023661,False,0.277778,0.000423,0.006573,0.006150,0.047543,0.738848,0.691305
Furkan Korkmaz,furkan korkmaz,PHI,2019,48.000000,0.014848,0.024146,False,0.585366,0.008692,0.014134,0.005443,0.948623,1.542620,0.593997
Furkan Korkmaz,furkan korkmaz,PHI,2020,72.000000,0.016152,0.047714,False,0.878049,0.014182,0.041896,0.027714,1.547821,4.572480,3.024659
Furkan Korkmaz,furkan korkmaz,PHI,2021,55.000000,0.041184,0.067870,True,0.763889,0.031460,0.051845,0.020385,3.536523,5.828088,2.291565
Furkan Korkmaz,furkan korkmaz,PHI,2022,67.000000,0.040435,0.047504,False,0.817073,0.033038,0.038815,0.005776,4.085366,4.799620,0.714254
Furkan Korkmaz,furkan korkmaz,PHI,2023,37.000000,0.039482,0.030796,False,0.451220,0.017815,0.013896,-0.003919,2.423216,1.890115,-0.533100
Gabe Vincent,gabe vincent,MIA,2021,50.000000,0.014848,0.014848,True,0.694444,0.010311,0.010311,-0.000000,1.159151,1.159151,-0.000000
Gabe Vincent,gabe vincent,MIA,2022,68.000000,0.014683,0.040968,False,0.829268,0.012176,0.033974,0.021797,1.505683,4.201014,2.695331
Gabe Vincent,gabe vincent,MIA,2023,68.000000,0.077194,0.050720,True,0.829268,0.064015,0.042061,-0.021954,8.707317,5.721131,-2.986186
Gabe Vincent,gabe vincent,LAL,2024,11.000000,0.078243,0.026588,False,0.134146,0.010496,0.003567,-0.006929,1.475610,0.501432,-0.974178
Gabe Vincent,gabe vincent,LAL,2025,72.000000,0.074363,0.029956,False,0.878049,0.065294,0.026303,-0.038991,10.097561,4.067676,-6.029885
Gabriel Deck,gabriel deck,OKC,2021,10.000000,0.015038,0.027150,False,0.138889,0.002089,0.003771,0.001682,0.234793,0.423897,0.189104
Garrett Temple,garrett temple,MEM,2019,49.000000,0.043678,0.047242,True,0.597561,0.026100,0.028230,0.002130,2.848573,3.081007,0.232434
Garrett Temple,garrett temple,BRK,2020,62.000000,0.043678,0.053519,False,0.756098,0.033025,0.040465,0.007441,3.604317,4.416381,0.812064
Garrett Temple,garrett temple,CHI,2021,56.000000,0.043678,0.043141,False,0.777778,0.033972,0.033554,-0.000417,3.818889,3.771957,-0.046932
Garrett Temple,garrett temple,NOP,2022,59.000000,0.041693,0.022547,False,0.719512,0.029998,0.016223,-0.013775,3.709445,2.006038,-1.703407
Garrett Temple,garrett temple,NOP,2023,25.000000,0.014848,0.014848,True,0.304878,0.004527,0.004527,-0.000000,0.615764,0.615764,-0.000000
Garrett Temple,garrett temple,TOR,2024,27.000000,0.014848,0.014806,False,0.329268,0.004889,0.004875,-0.000014,0.687354,0.685368,-0.001986
Garrett Temple,garrett temple,TOR,2025,28.000000,0.014848,0.015257,False,0.341463,0.005070,0.005210,0.000139,0.784094,0.805663,0.021569
Garrison Mathews,garrison mathews,WAS,2021,64.000000,0.017791,0.015460,True,0.888889,0.015815,0.013743,-0.002072,1.777778,1.544867,-0.232911
Garrison Mathews,garrison mathews,HOU,2022,65.000000,0.016174,0.039721,False,0.792683,0.012821,0.031487,0.018666,1.585366,3.893468,2.308102
Garrison Mathews,garrison mathews,2TM,2023,54.000000,0.014704,0.027124,False,0.658537,0.009683,0.017862,0.008179,1.317073,2.429657,1.112583
Garrison Mathews,garrison mathews,ATL,2024,66.000000,0.015864,0.018021,False,0.804878,0.012768,0.014505,0.001737,1.795082,2.039218,0.244136
Garrison Mathews,garrison mathews,ATL,2025,47.000000,0.002776,0.019336,False,0.573171,0.001591,0.011083,0.009492,0.246077,1.713929,1.467852
Gary Clark,gary clark,HOU,2019,51.000000,0.006491,0.019937,False,0.621951,0.004037,0.012400,0.008363,0.440606,1.353307,0.912701
Gary Clark,gary clark,ORL,2020,24.000000,0.018325,0.014848,True,0.292683,0.005363,0.004346,-0.001018,0.585366,0.474311,-0.111054
Gary Clark,gary clark,ORL,2021,35.000000,0.003359,0.017149,False,0.486111,0.001633,0.008336,0.006703,0.183577,0.937095,0.753518
Gary Harris,gary harris,DEN,2019,57.000000,0.163453,0.121714,False,0.695122,0.113620,0.084606,-0.029014,12.400479,9.233879,-3.166600
Gary Harris,gary harris,DEN,2020,56.000000,0.175561,0.115830,False,0.682927,0.119895,0.079104,-0.040792,13.085366,8.633366,-4.451999
Gary Harris,gary harris,DEN,2021,19.000000,0.182203,0.091762,False,0.263889,0.048081,0.024215,-0.023866,5.405010,2.722087,-2.682923
Gary Harris,gary harris,ORL,2022,61.000000,0.105131,0.072804,True,0.743902,0.078207,0.054159,-0.024048,9.670732,6.697053,-2.973679
Gary Harris,gary harris,ORL,2023,48.000000,0.095573,0.056445,False,0.585366,0.055945,0.033041,-0.022904,7.609756,4.494299,-3.115457
Gary Harris,gary harris,ORL,2024,54.000000,0.053347,0.073063,True,0.658537,0.035131,0.048114,0.012983,4.939024,6.764305,1.825280
Gary Harris,gary harris,ORL,2025,48.000000,0.023500,0.024422,True,0.585366,0.013756,0.014296,0.000540,2.127309,2.210833,0.083523
Gary Harris,gary harris,MIL,2026,48.000000,0.023132,0.019788,False,0.585366,0.013541,0.011583,-0.001958,2.233675,1.910749,-0.322925
Gary Payton II,gary payton ii,WAS,2019,3.000000,0.009994,0.037884,False,0.036585,0.000366,0.001386,0.001020,0.039907,0.151266,0.111360
Gary Payton II,gary payton ii,WAS,2020,29.000000,0.002143,0.017499,False,0.353659,0.000758,0.006189,0.005431,0.082719,0.675439,0.592720
Gary Payton II,gary payton ii,GSW,2021,10.000000,0.014848,0.024971,False,0.138889,0.002062,0.003468,0.001406,0.231830,0.389879,0.158049
Gary Payton II,gary payton ii,GSW,2022,71.000000,0.067122,0.035423,True,0.865854,0.058118,0.030671,-0.027447,7.186585,3.792590,-3.393996
Gary Payton II,gary payton ii,POR,2023,15.000000,0.064071,0.032046,False,0.182927,0.011720,0.005862,-0.005858,1.594207,0.797357,-0.796850
Gary Payton II,gary payton ii,GSW,2024,44.000000,0.064942,0.030267,False,0.536585,0.034847,0.016241,-0.018606,4.899024,2.283245,-2.615779
Gary Payton II,gary payton ii,GSW,2025,62.000000,0.014848,0.027707,True,0.756098,0.011227,0.020949,0.009722,1.736207,3.239746,1.503539
Gary Payton II,gary payton ii,GSW,2026,73.000000,0.014848,0.029472,True,0.890244,0.013219,0.026238,0.013019,2.180582,4.328199,2.147617
Gary Trent Jr.,gary trent jr.,POR,2019,15.000000,0.012982,0.020660,False,0.182927,0.002375,0.003779,0.001405,0.259180,0.412473,0.153293
Gary Trent Jr.,gary trent jr.,POR,2020,61.000000,0.015245,0.034469,False,0.743902,0.011341,0.025642,0.014301,1.237750,2.798537,1.560787
Gary Trent Jr.,gary trent jr.,2TM,2021,58.000000,0.142331,0.114816,True,0.805556,0.114656,0.092491,-0.022165,12.888889,10.397267,-2.491622
Gary Trent Jr.,gary trent jr.,TOR,2022,70.000000,0.141563,0.163827,False,0.853659,0.120847,0.139852,0.019006,14.943293,17.293429,2.350136
Gary Trent Jr.,gary trent jr.,TOR,2023,66.000000,0.136450,0.137468,False,0.804878,0.109825,0.110645,0.000820,14.938537,15.050019,0.111482
Gary Trent Jr.,gary trent jr.,TOR,2024,71.000000,0.014848,0.116058,True,0.865854,0.012857,0.100490,0.087633,1.807486,14.127618,12.320132
Gary Trent Jr.,gary trent jr.,MIL,2025,74.000000,0.023907,0.023911,True,0.902439,0.021574,0.021578,0.000004,3.336412,3.337038,0.000626
Gary Trent Jr.,gary trent jr.,MIL,2026,65.000000,0.092143,0.037335,True,0.792683,0.073040,0.029595,-0.043445,12.048780,4.881983,-7.166798
George Hill,george hill,MIL,2019,47.000000,0.092852,0.080700,True,0.573171,0.053220,0.046255,-0.006965,5.808459,5.048251,-0.760208
George Hill,george hill,MIL,2020,59.000000,0.087874,0.079309,False,0.719512,0.063227,0.057064,-0.006163,6.900555,6.227958,-0.672597
George Hill,george hill,OKC,2021,14.000000,0.035583,0.014848,True,0.194444,0.006919,0.002887,-0.004032,0.777778,0.324562,-0.453215
George Hill,george hill,MIL,2022,54.000000,0.032348,0.031833,False,0.658537,0.021302,0.020963,-0.000339,2.634146,2.592233,-0.041913
Georges Niang,georges niang,UTA,2019,59.000000,0.015383,0.028634,False,0.719512,0.011068,0.020602,0.009534,1.207956,2.248533,1.040577
Georges Niang,georges niang,UTA,2020,66.000000,0.016342,0.036450,False,0.804878,0.013153,0.029338,0.016185,1.435546,3.201938,1.766392
Georges Niang,georges niang,UTA,2021,72.000000,0.029356,0.043117,True,1.000000,0.029356,0.043117,0.013762,3.300000,4.847003,1.547003
Georges Niang,georges niang,PHI,2022,76.000000,0.028022,0.047406,False,0.926829,0.025971,0.043937,0.017966,3.211463,5.433087,2.221624
Georges Niang,georges niang,PHI,2023,78.000000,0.064696,0.033258,True,0.951220,0.061540,0.031636,-0.029904,8.370732,4.303133,-4.067599
Georges Niang,georges niang,CLE,2024,82.000000,0.060460,0.044841,False,1.000000,0.060460,0.044841,-0.015620,8.500000,6.304073,-2.195927
Georges Niang,georges niang,CLE,2025,51.000000,0.053024,0.049070,False,0.621951,0.032978,0.030519,-0.002459,5.100000,4.719740,-0.380260
Gerald Green,gerald green,HOU,2019,73.000000,0.014848,0.029629,True,0.890244,0.013219,0.026377,0.013159,1.442697,2.878828,1.436131
Giannis Antetokounmpo,giannis antetokounmpo,MIL,2019,72.000000,0.236785,0.300000,False,0.878049,0.207909,0.263415,0.055506,22.691149,28.749073,6.057925
Giannis Antetokounmpo,giannis antetokounmpo,MIL,2020,63.000000,0.252227,0.300000,False,0.768293,0.193784,0.230488,0.036703,21.149629,25.155439,4.005810
Giannis Antetokounmpo,giannis antetokounmpo,MIL,2021,61.000000,0.350001,0.350000,True,0.847222,0.296528,0.296528,-0.000001,33.333933,33.333874,-0.000059
Giannis Antetokounmpo,giannis antetokounmpo,MIL,2022,67.000000,0.343637,0.378001,False,0.817073,0.280777,0.308854,0.028077,34.719475,38.191367,3.471892
Giannis Antetokounmpo,giannis antetokounmpo,MIL,2023,63.000000,0.335537,0.371128,False,0.768293,0.257791,0.285135,0.027345,35.064943,38.784387,3.719445
Giannis Antetokounmpo,giannis antetokounmpo,MIL,2024,73.000000,0.347026,0.362380,False,0.890244,0.308938,0.322607,0.013669,43.432931,45.354615,1.921684
Giannis Antetokounmpo,giannis antetokounmpo,MIL,2025,67.000000,0.350000,0.363548,False,0.817073,0.285976,0.297045,0.011070,44.225270,45.937146,1.711876
Giannis Antetokounmpo,giannis antetokounmpo,MIL,2026,36.000000,0.354366,0.270999,False,0.439024,0.155575,0.118975,-0.036600,25.663858,19.626275,-6.037583
Goga Bitadze,goga bitadze,IND,2020,54.000000,0.027098,0.035011,False,0.658537,0.017845,0.023056,0.005211,1.947635,2.516338,0.568702
Goga Bitadze,goga bitadze,IND,2021,45.000000,0.027562,0.038832,False,0.625000,0.017227,0.024270,0.007044,1.936500,2.728309,0.791809
Goga Bitadze,goga bitadze,IND,2022,50.000000,0.038537,0.040032,False,0.609756,0.023498,0.024410,0.000911,2.905695,3.018403,0.112708
Goga Bitadze,goga bitadze,ORL,2023,17.000000,0.014848,0.038338,True,0.207317,0.003078,0.007948,0.004870,0.418720,1.081121,0.662401
Goga Bitadze,goga bitadze,ORL,2024,62.000000,0.064429,0.029243,True,0.756098,0.048715,0.022110,-0.026604,6.848710,3.108462,-3.740248
Goga Bitadze,goga bitadze,ORL,2025,70.000000,0.053886,0.066175,False,0.853659,0.046000,0.056491,0.010491,7.113821,8.736160,1.622339
Goga Bitadze,goga bitadze,ORL,2026,64.000000,0.046124,0.063137,False,0.780488,0.035999,0.049277,0.013278,5.938494,8.128855,2.190360
Gordon Hayward,gordon hayward,BOS,2019,72.000000,0.299621,0.110750,False,0.878049,0.263082,0.097244,-0.165839,28.712801,10.613171,-18.099630
Gordon Hayward,gordon hayward,BOS,2020,52.000000,0.261132,0.194231,True,0.634146,0.165596,0.123171,-0.042426,18.073171,13.442850,-4.630321
Gordon Hayward,gordon hayward,CHO,2021,44.000000,0.266203,0.192244,False,0.611111,0.162680,0.117483,-0.045197,18.287500,13.206698,-5.080802
Gordon Hayward,gordon hayward,CHO,2022,49.000000,0.243217,0.114367,False,0.597561,0.145337,0.068341,-0.076996,17.971646,8.450728,-9.520918
Gordon Hayward,gordon hayward,CHO,2023,50.000000,0.244958,0.083435,False,0.609756,0.149364,0.050875,-0.098490,20.316705,6.920065,-13.396641
Gorgui Dieng,gorgui dieng,MIN,2019,76.000000,0.148701,0.058995,False,0.926829,0.137820,0.054678,-0.083142,15.041710,5.967544,-9.074166
Gorgui Dieng,gorgui dieng,MIN,2020,46.000000,0.151985,0.053627,False,0.560976,0.085260,0.030083,-0.055177,9.305288,3.283295,-6.021994
Gorgui Dieng,gorgui dieng,MEM,2021,22.000000,0.035583,0.014848,True,0.305556,0.010873,0.004537,-0.006335,1.222222,0.510027,-0.712196
Gorgui Dieng,gorgui dieng,ATL,2022,44.000000,0.014848,0.013905,True,0.536585,0.007967,0.007461,-0.000506,0.985219,0.922615,-0.062604
Gradey Dick,gradey dick,TOR,2024,60.000000,0.033885,0.047591,False,0.731707,0.024794,0.034822,0.010029,3.485678,4.895618,1.409940
Gradey Dick,gradey dick,TOR,2025,54.000000,0.032271,0.105548,False,0.658537,0.021251,0.069507,0.048256,3.286466,10.749068,7.462602
Gradey Dick,gradey dick,TOR,2026,76.000000,0.043231,0.035102,False,0.926829,0.040068,0.032533,-0.007535,6.609693,5.366744,-1.242949
Grant Williams,grant williams,BOS,2020,69.000000,0.022895,0.036074,False,0.841463,0.019265,0.030355,0.011090,2.102615,3.312955,1.210340
Grant Williams,grant williams,BOS,2021,63.000000,0.023287,0.035345,False,0.875000,0.020376,0.030927,0.010551,2.290575,3.476640,1.186065
Grant Williams,grant williams,BOS,2022,77.000000,0.034825,0.060664,False,0.939024,0.032701,0.056965,0.024263,4.043703,7.044001,3.000298
Grant Williams,grant williams,BOS,2023,79.000000,0.091199,0.084561,True,0.963415,0.087863,0.081468,-0.006395,11.951159,11.081307,-0.869852
Grant Williams,grant williams,DAL,2024,47.000000,0.092648,0.060315,False,0.573171,0.053103,0.034571,-0.018532,7.465692,4.860250,-2.605442
Grant Williams,grant williams,CHO,2025,16.000000,0.088236,0.089935,False,0.195122,0.017217,0.017548,0.000331,2.662537,2.713788,0.051251
Grant Williams,grant williams,CHO,2026,36.000000,0.086480,0.054941,False,0.439024,0.037967,0.024121,-0.013846,6.263012,3.978959,-2.284053
Grayson Allen,grayson allen,UTA,2019,38.000000,0.020868,0.027371,False,0.463415,0.009671,0.012684,0.003013,1.055456,1.384321,0.328865
Grayson Allen,grayson allen,MEM,2020,38.000000,0.023322,0.028486,False,0.463415,0.010808,0.013201,0.002393,1.179539,1.440733,0.261194
Grayson Allen,grayson allen,MEM,2021,50.000000,0.036069,0.057472,False,0.694444,0.025048,0.039911,0.014863,2.815760,4.486539,1.670779
Grayson Allen,grayson allen,MIL,2022,66.000000,0.068740,0.078843,True,0.804878,0.055327,0.063459,0.008132,6.841463,7.847000,1.005537
Grayson Allen,grayson allen,MIL,2023,72.000000,0.065615,0.081220,False,0.878049,0.057613,0.071315,0.013702,7.836585,9.700321,1.863735
Grayson Allen,grayson allen,PHO,2024,75.000000,0.111140,0.119949,True,0.914634,0.101653,0.109710,0.008057,14.291159,15.423885,1.132727
Grayson Allen,grayson allen,PHO,2025,64.000000,0.109119,0.080479,False,0.780488,0.085166,0.062813,-0.022353,13.170732,9.713865,-3.456867
Grayson Allen,grayson allen,PHO,2026,51.000000,0.109874,0.092241,False,0.621951,0.068337,0.057369,-0.010967,11.272866,9.463705,-1.809161
Guerschon Yabusele,guerschon yabusele,BOS,2019,41.000000,0.009521,0.029424,False,0.500000,0.004760,0.014712,0.009952,0.519540,1.605647,1.086107
Guerschon Yabusele,guerschon yabusele,PHI,2025,70.000000,0.035565,0.049929,True,0.853659,0.030360,0.042622,0.012262,4.695122,6.591348,1.896226
Gui Santos,gui santos,GSW,2024,23.000000,0.013457,0.018756,False,0.280488,0.003774,0.005261,0.001487,0.530643,0.739628,0.208985
Gui Santos,gui santos,GSW,2025,56.000000,0.014366,0.020256,False,0.682927,0.009811,0.013834,0.004023,1.517243,2.139325,0.622083
Gui Santos,gui santos,GSW,2026,68.000000,0.028065,0.064397,True,0.829268,0.023273,0.053402,0.030129,3.839205,8.809252,4.970047
Hamidou Diallo,hamidou diallo,OKC,2019,51.000000,0.012982,0.020711,False,0.621951,0.008074,0.012881,0.004807,0.881213,1.405862,0.524649
Hamidou Diallo,hamidou diallo,OKC,2020,46.000000,0.015245,0.016686,True,0.560976,0.008552,0.009361,0.000808,0.933385,1.021621,0.088235
Hamidou Diallo,hamidou diallo,OKC,2021,32.000000,0.046258,0.047320,True,0.444444,0.020559,0.021031,0.000472,2.311111,2.364214,0.053102
Hamidou Diallo,hamidou diallo,DET,2022,58.000000,0.042052,0.048816,False,0.707317,0.029744,0.034529,0.004784,3.678049,4.269626,0.591577
Hamidou Diallo,hamidou diallo,DET,2023,56.000000,0.000853,0.032026,False,0.682927,0.000583,0.021871,0.021289,0.079271,2.974978,2.895707
Harrison Barnes,harrison barnes,DAL,2019,49.000000,0.221255,0.173322,True,0.597561,0.132213,0.103570,-0.028643,14.429739,11.303655,-3.126084
Harrison Barnes,harrison barnes,SAC,2020,72.000000,0.203554,0.135769,False,0.878049,0.178731,0.119211,-0.059519,19.506652,13.010742,-6.495910
Harrison Barnes,harrison barnes,SAC,2021,58.000000,0.180441,0.168430,False,0.805556,0.145355,0.135680,-0.009676,16.339962,15.252277,-1.087685
Harrison Barnes,harrison barnes,SAC,2022,77.000000,0.148415,0.131791,False,0.939024,0.139365,0.123755,-0.015610,17.233232,15.302925,-1.930307
Harrison Barnes,harrison barnes,SAC,2023,82.000000,0.124981,0.123613,False,1.000000,0.124981,0.123613,-0.001367,17.000000,16.813994,-0.186006
Harrison Barnes,harrison barnes,SAC,2024,82.000000,0.128034,0.074693,False,1.000000,0.128034,0.074693,-0.053341,18.000000,10.500938,-7.499062
Harrison Barnes,harrison barnes,SAS,2025,82.000000,0.122860,0.061838,False,1.000000,0.122860,0.061838,-0.061023,19.000000,9.563033,-9.436967
Harrison Barnes,harrison barnes,SAS,2026,77.000000,0.048496,0.077526,True,0.939024,0.045539,0.072799,0.027259,7.512195,12.008942,4.496746
Hassan Whiteside,hassan whiteside,MIA,2019,72.000000,0.248241,0.107380,False,0.878049,0.217968,0.094285,-0.123683,23.788991,10.290212,-13.498780
Hassan Whiteside,hassan whiteside,POR,2020,67.000000,0.014848,0.138277,True,0.817073,0.012132,0.112982,0.100850,1.324119,12.330875,11.006755
Hassan Whiteside,hassan whiteside,SAC,2021,36.000000,0.014848,0.014848,True,0.500000,0.007424,0.007424,-0.000000,0.834589,0.834589,-0.000000
Haywood Highsmith,haywood highsmith,MIA,2022,19.000000,0.014174,0.013905,True,0.231707,0.003284,0.003222,-0.000062,0.406099,0.398402,-0.007697
Haywood Highsmith,haywood highsmith,MIA,2023,54.000000,0.013984,0.018439,False,0.658537,0.009209,0.012143,0.002934,1.252627,1.651653,0.399027
Haywood Highsmith,haywood highsmith,MIA,2024,66.000000,0.036988,0.044169,True,0.804878,0.029770,0.035551,0.005780,4.185366,4.998021,0.812656
Haywood Highsmith,haywood highsmith,MIA,2025,74.000000,0.036315,0.056050,False,0.902439,0.032772,0.050582,0.017810,5.068098,7.822298,2.754201
Haywood Highsmith,haywood highsmith,PHO,2026,7.000000,0.018296,0.020248,False,0.085366,0.001562,0.001728,0.000167,0.257648,0.285127,0.027479
Henry Ellenson,henry ellenson,BRK,2020,5.000000,0.001475,0.028462,False,0.060976,0.000090,0.001735,0.001646,0.009817,0.189409,0.179592
Herbert Jones,herbert jones,NOP,2022,78.000000,0.014435,0.110895,False,0.951220,0.013731,0.105485,0.091754,1.697927,13.043766,11.345839
Herbert Jones,herbert jones,NOP,2023,66.000000,0.088333,0.092309,True,0.804878,0.071097,0.074297,0.003200,9.670730,10.105968,0.435238
Herbert Jones,herbert jones,NOP,2024,76.000000,0.092301,0.173812,False,0.926829,0.085547,0.161094,0.075547,12.026872,22.647881,10.621009
Herbert Jones,herbert jones,NOP,2025,20.000000,0.090125,0.136031,False,0.243902,0.021982,0.033178,0.011196,3.399408,5.130913,1.731505
Herbert Jones,herbert jones,NOP,2026,56.000000,0.090317,0.103274,False,0.682927,0.061680,0.070529,0.008849,10.174781,11.634507,1.459726
Hugo González,hugo gonzalez,BOS,2026,74.000000,0.017723,0.030443,False,0.902439,0.015994,0.027473,0.011479,2.638335,4.531927,1.893592
Hunter Tyson,hunter tyson,DEN,2024,18.000000,0.013457,0.021583,False,0.219512,0.002954,0.004738,0.001784,0.415286,0.666073,0.250788
Hunter Tyson,hunter tyson,DEN,2025,51.000000,0.014366,0.018932,False,0.621951,0.008935,0.011775,0.002840,1.381775,1.820979,0.439204
Ian Mahinmi,ian mahinmi,WAS,2019,34.000000,0.141562,0.050966,True,0.414634,0.058696,0.021132,-0.037564,6.406119,2.306369,-4.099750
Ignas Brazdeikis,ignas brazdeikis,NYK,2020,9.000000,0.001361,0.018946,False,0.109756,0.000149,0.002079,0.001930,0.016302,0.226950,0.210647
Iman Shumpert,iman shumpert,SAC,2019,42.000000,0.003843,0.036238,False,0.512195,0.001968,0.018561,0.016593,0.214837,2.025754,1.810917
Iman Shumpert,iman shumpert,BRK,2020,13.000000,0.005114,0.017677,False,0.158537,0.000811,0.002803,0.001992,0.088488,0.305867,0.217379
Immanuel Quickley,immanuel quickley,NYK,2021,64.000000,0.019665,0.069456,False,0.888889,0.017480,0.061739,0.044259,1.965013,6.940307,4.975294
Immanuel Quickley,immanuel quickley,NYK,2022,78.000000,0.018731,0.089460,False,0.951220,0.017818,0.085096,0.067279,2.203253,10.522593,8.319340
Immanuel Quickley,immanuel quickley,NYK,2023,81.000000,0.030668,0.161554,False,0.987805,0.030294,0.159584,0.129290,4.120675,21.706813,17.586138
Immanuel Quickley,immanuel quickley,TOR,2024,38.000000,0.231172,0.183412,True,0.463415,0.107128,0.084996,-0.022132,15.060976,11.949413,-3.111563
Immanuel Quickley,immanuel quickley,TOR,2025,33.000000,0.210156,0.125710,False,0.402439,0.084575,0.050591,-0.033984,13.079268,7.823669,-5.255599
Immanuel Quickley,immanuel quickley,TOR,2026,70.000000,0.197016,0.179083,False,0.853659,0.168185,0.152876,-0.015309,27.743902,25.218547,-2.525356
Isaac Bonga,isaac bonga,LAL,2019,22.000000,0.012982,0.022802,False,0.268293,0.003483,0.006118,0.002635,0.380131,0.667671,0.287540
Isaac Bonga,isaac bonga,WAS,2020,66.000000,0.015245,0.041432,False,0.804878,0.012271,0.033348,0.021077,1.339205,3.639553,2.300348
Isaac Bonga,isaac bonga,WAS,2021,40.000000,0.014848,0.029685,True,0.555556,0.008249,0.016492,0.008242,0.927321,1.853885,0.926564
Isaac Jones,isaac jones,SAC,2025,40.000000,0.012644,0.015001,False,0.487805,0.006168,0.007318,0.001150,0.953842,1.131658,0.177816
Isaac Okoro,isaac okoro,CLE,2021,67.000000,0.059785,0.111983,False,0.930556,0.055634,0.104206,0.048572,6.254003,11.714221,5.460218
Isaac Okoro,isaac okoro,CLE,2022,67.000000,0.056940,0.111649,False,0.817073,0.046524,0.091225,0.044701,5.752914,11.280451,5.527537
Isaac Okoro,isaac okoro,CLE,2023,76.000000,0.065584,0.077143,False,0.926829,0.060785,0.071498,0.010713,8.268054,9.725240,1.457186
Isaac Okoro,isaac okoro,CLE,2024,69.000000,0.072447,0.099962,False,0.841463,0.060962,0.084115,0.023153,8.570461,11.825509,3.255047
Isaac Okoro,isaac okoro,CLE,2025,55.000000,0.071130,0.058907,False,0.670732,0.047709,0.039511,-0.008198,7.378049,6.110218,-1.267830
Isaac Okoro,isaac okoro,CHI,2026,63.000000,0.071622,0.058996,False,0.768293,0.055027,0.045326,-0.009701,9.077235,7.476993,-1.600242
Isaiah Collier,isaiah collier,UTA,2025,71.000000,0.017059,0.051848,False,0.865854,0.014771,0.044893,0.030122,2.284295,6.942564,4.658269
Isaiah Collier,isaiah collier,UTA,2026,59.000000,0.016755,0.049569,False,0.719512,0.012056,0.035666,0.023610,1.988703,5.883428,3.894726
Isaiah Hartenstein,isaiah hartenstein,HOU,2019,28.000000,0.012982,0.018336,False,0.341463,0.004433,0.006261,0.001828,0.483803,0.683318,0.199515
Isaiah Hartenstein,isaiah hartenstein,HOU,2020,23.000000,0.014848,0.021032,False,0.280488,0.004165,0.005899,0.001735,0.454548,0.643853,0.189304
Isaiah Hartenstein,isaiah hartenstein,CLE,2021,16.000000,0.015383,0.031949,False,0.222222,0.003418,0.007100,0.003681,0.384270,0.798108,0.413838
Isaiah Hartenstein,isaiah hartenstein,LAC,2022,68.000000,0.063118,0.074785,True,0.829268,0.052342,0.062017,0.009675,6.472339,7.668692,1.196353
Isaiah Hartenstein,isaiah hartenstein,NYK,2023,82.000000,0.067968,0.085868,False,1.000000,0.067968,0.085868,0.017900,9.245121,11.679892,2.434771
Isaiah Hartenstein,isaiah hartenstein,NYK,2024,75.000000,0.213389,0.119400,True,0.914634,0.195173,0.109207,-0.085966,27.439024,15.353209,-12.085816
Isaiah Hartenstein,isaiah hartenstein,OKC,2025,57.000000,0.184291,0.137490,False,0.695122,0.128104,0.095572,-0.032532,19.810976,14.779941,-5.031035
Isaiah Hartenstein,isaiah hartenstein,OKC,2026,47.000000,0.140325,0.146118,True,0.573171,0.080430,0.083751,0.003320,13.267841,13.815570,0.547729
Isaiah Jackson,isaiah jackson,IND,2022,36.000000,0.020814,0.029193,False,0.439024,0.009138,0.012816,0.003678,1.129943,1.584791,0.454848
Isaiah Jackson,isaiah jackson,IND,2023,63.000000,0.019823,0.030168,False,0.768293,0.015230,0.023177,0.007948,2.071532,3.152624,1.081092
Isaiah Jackson,isaiah jackson,IND,2024,59.000000,0.031549,0.040207,False,0.719512,0.022700,0.028929,0.006230,3.191311,4.067136,0.875825
Isaiah Jackson,isaiah jackson,IND,2025,5.000000,0.049144,0.063184,True,0.060976,0.002997,0.003853,0.000856,0.463415,0.595804,0.132389
Isaiah Jackson,isaiah jackson,IND,2026,38.000000,0.042434,0.036415,False,0.463415,0.019665,0.016875,-0.002790,3.243902,2.783726,-0.460176
Isaiah Joe,isaiah joe,PHI,2021,41.000000,0.013503,0.019509,False,0.569444,0.007689,0.011109,0.003420,0.864406,1.248822,0.384416
Isaiah Joe,isaiah joe,PHI,2022,55.000000,0.014848,0.013905,True,0.670732,0.009959,0.009326,-0.000633,1.231524,1.153268,-0.078256
Isaiah Joe,isaiah joe,OKC,2023,73.000000,0.014683,0.034315,False,0.890244,0.013072,0.030548,0.017477,1.778029,4.155232,2.377203
Isaiah Joe,isaiah joe,OKC,2024,78.000000,0.092409,0.064232,True,0.951220,0.087902,0.061098,-0.026803,12.357911,8.589706,-3.768205
Isaiah Joe,isaiah joe,OKC,2025,74.000000,0.079939,0.088070,False,0.902439,0.072140,0.079478,0.007337,11.156256,12.290975,1.134718
Isaiah Joe,isaiah joe,OKC,2026,71.000000,0.068641,0.075210,False,0.865854,0.059433,0.065121,0.005689,9.804066,10.742460,0.938394
Isaiah Livers,isaiah livers,DET,2022,19.000000,0.012644,0.023249,False,0.231707,0.002930,0.005387,0.002457,0.362279,0.666119,0.303840
Isaiah Livers,isaiah livers,DET,2023,52.000000,0.013499,0.028333,False,0.634146,0.008560,0.017967,0.009407,1.164354,2.443903,1.279550
Isaiah Mobley,isaiah mobley,CLE,2024,10.000000,0.000085,0.016655,False,0.121951,0.000010,0.002031,0.002021,0.001463,0.285547,0.284084
Isaiah Roby,isaiah roby,OKC,2020,3.000000,0.013909,0.017143,False,0.036585,0.000509,0.000627,0.000118,0.055536,0.068451,0.012915
Isaiah Roby,isaiah roby,OKC,2021,61.000000,0.015858,0.029530,False,0.847222,0.013435,0.025019,0.011584,1.510276,2.812461,1.302185
Isaiah Roby,isaiah roby,OKC,2022,45.000000,0.003235,0.020607,False,0.548780,0.001775,0.011309,0.009534,0.219512,1.398383,1.178871
Isaiah Stewart,isaiah stewart,DET,2021,68.000000,0.029152,0.062567,False,0.944444,0.027532,0.059091,0.031558,3.095020,6.642620,3.547600
Isaiah Stewart,isaiah stewart,DET,2022,71.000000,0.027765,0.058413,False,0.865854,0.024041,0.050577,0.026536,2.972753,6.254099,3.281346
Isaiah Stewart,isaiah stewart,DET,2023,50.000000,0.038720,0.090869,False,0.609756,0.023610,0.055408,0.031798,3.211410,7.536603,4.325192
Isaiah Stewart,isaiah stewart,DET,2024,46.000000,0.106695,0.126049,True,0.560976,0.059853,0.070710,0.010857,8.414634,9.941025,1.526391
Isaiah Stewart,isaiah stewart,DET,2025,72.000000,0.096995,0.053750,False,0.878049,0.085166,0.047195,-0.037971,13.170732,7.298575,-5.872157
Isaiah Stewart,isaiah stewart,DET,2026,58.000000,0.090931,0.048738,False,0.707317,0.064317,0.034473,-0.029844,10.609756,5.686740,-4.923016
Isaiah Thomas,isaiah thomas,DEN,2019,12.000000,0.014848,0.025888,True,0.146341,0.002173,0.003789,0.001616,0.237156,0.413482,0.176326
Isaiah Thomas,isaiah thomas,WAS,2020,40.000000,0.001017,0.036974,False,0.487805,0.000496,0.018036,0.017540,0.054145,1.968458,1.914312
Isaiah Thomas,isaiah thomas,NOP,2021,3.000000,0.004911,0.022817,False,0.041667,0.000205,0.000951,0.000746,0.023003,0.106871,0.083868
Isaiah Todd,isaiah todd,WAS,2022,12.000000,0.012737,0.019507,False,0.146341,0.001864,0.002855,0.000991,0.230488,0.353003,0.122515
Isaiah Todd,isaiah todd,WAS,2023,6.000000,0.013499,0.020047,False,0.073171,0.000988,0.001467,0.000479,0.134348,0.199521,0.065172
Ish Smith,ish smith,DET,2019,56.000000,0.054975,0.044588,True,0.682927,0.037544,0.030450,-0.007094,4.097561,3.323348,-0.774213
Ish Smith,ish smith,WAS,2020,68.000000,0.054975,0.047348,False,0.829268,0.045589,0.039264,-0.006325,4.975610,4.285265,-0.690345
Ish Smith,ish smith,WAS,2021,44.000000,0.040031,0.030206,True,0.611111,0.024463,0.018459,-0.006004,2.750000,2.075071,-0.674929
Ish Smith,ish smith,WAS,2022,28.000000,0.038211,0.025053,False,0.341463,0.013048,0.008555,-0.004493,1.613415,1.057839,-0.555576
Ish Smith,ish smith,DEN,2023,43.000000,0.014848,0.014848,True,0.524390,0.007786,0.007786,-0.000000,1.059114,1.059114,-0.000000
Ish Wainright,ish wainright,PHO,2022,45.000000,0.003840,0.014881,False,0.548780,0.002107,0.008167,0.006059,0.260589,1.009829,0.749240
Ish Wainright,ish wainright,PHO,2023,60.000000,0.014174,0.023928,False,0.731707,0.010371,0.017509,0.007138,1.410656,2.381526,0.970871
Ivan Rabb,ivan rabb,MEM,2019,49.000000,0.003406,0.026385,False,0.597561,0.002035,0.015766,0.013731,0.222148,1.720752,1.498604
Ivica Zubac,ivica zubac,LAC,2019,26.000000,0.059387,0.033909,True,0.317073,0.018830,0.010752,-0.008078,2.055104,1.173443,-0.881661
Ivica Zubac,ivica zubac,LAC,2020,72.000000,0.064138,0.077275,False,0.878049,0.056316,0.067851,0.011535,6.146341,7.405281,1.258939
Ivica Zubac,ivica zubac,LAC,2021,72.000000,0.066882,0.074284,False,1.000000,0.066882,0.074284,0.007401,7.518518,8.350532,0.832014
Ivica Zubac,ivica zubac,LAC,2022,76.000000,0.081869,0.099160,True,0.926829,0.075878,0.091904,0.016026,9.382716,11.364422,1.981706
Ivica Zubac,ivica zubac,LAC,2023,76.000000,0.080380,0.096494,False,0.926829,0.074498,0.089434,0.014935,10.133333,12.164870,2.031537
Ivica Zubac,ivica zubac,LAC,2024,68.000000,0.083529,0.096372,False,0.829268,0.069268,0.079918,0.010650,9.738272,11.235517,1.497245
Ivica Zubac,ivica zubac,LAC,2025,80.000000,0.122175,0.122175,True,0.975610,0.119195,0.119195,-0.000000,18.433151,18.433151,-0.000000
Ivica Zubac,ivica zubac,LAC,2026,43.000000,0.123315,0.163941,False,0.524390,0.064665,0.085969,0.021304,10.667220,14.181546,3.514326
J.J. Barea,j.j. barea,DAL,2019,38.000000,0.014848,0.065435,True,0.463415,0.006881,0.030323,0.023442,0.750993,3.309501,2.558508
J.J. Barea,j.j. barea,DAL,2020,29.000000,0.014848,0.014848,True,0.353659,0.005251,0.005251,-0.000000,0.573126,0.573126,-0.000000
J.P. Macura,j.p. macura,CHO,2019,2.000000,0.000973,0.023369,False,0.024390,0.000024,0.000570,0.000546,0.002590,0.062207,0.059617
Ja Morant,ja morant,MEM,2020,67.000000,0.083991,0.151289,False,0.817073,0.068627,0.123615,0.054988,7.489946,13.491289,6.001343
Ja Morant,ja morant,MEM,2021,63.000000,0.085429,0.186219,False,0.875000,0.074750,0.162942,0.088192,8.402940,18.316912,9.913972
Ja Morant,ja morant,MEM,2022,57.000000,0.098010,0.300000,False,0.695122,0.068129,0.208537,0.140408,8.424489,25.786591,17.362103
Ja Morant,ja morant,MEM,2023,61.000000,0.250000,0.250000,True,0.743902,0.185976,0.185976,0.000000,25.296588,25.296588,0.000000
Ja Morant,ja morant,MEM,2024,9.000000,0.261229,0.270000,False,0.109756,0.028671,0.029634,0.000963,4.030866,4.166205,0.135339
Ja Morant,ja morant,MEM,2025,50.000000,0.255072,0.282127,False,0.609756,0.155532,0.172029,0.016497,24.052494,26.603751,2.551258
Ja Morant,ja morant,MEM,2026,20.000000,0.255615,0.183724,False,0.243902,0.062345,0.044811,-0.017534,10.284515,7.392033,-2.892482
Ja'Kobe Walter,ja'kobe walter,TOR,2025,52.000000,0.023526,0.043185,False,0.634146,0.014919,0.027386,0.012467,2.307126,4.235096,1.927971
Ja'Kobe Walter,ja'kobe walter,TOR,2026,72.000000,0.023107,0.048290,False,0.878049,0.020289,0.042401,0.022111,3.346946,6.994438,3.647491
Jabari Parker,jabari parker,CHI,2019,39.000000,0.059557,0.136096,True,0.475610,0.028326,0.064729,0.036403,3.091463,7.064501,3.973038
Jabari Parker,jabari parker,ATL,2020,32.000000,0.003947,0.062505,False,0.390244,0.001540,0.024392,0.022852,0.168089,2.662166,2.494077
Jabari Parker,jabari parker,BOS,2021,10.000000,0.010393,0.022754,False,0.138889,0.001443,0.003160,0.001717,0.162262,0.355263,0.193000
Jabari Smith Jr.,jabari smith jr.,HOU,2023,79.000000,0.068567,0.119422,False,0.963415,0.066058,0.115053,0.048995,8.985306,15.649661,6.664355
Jabari Smith Jr.,jabari smith jr.,HOU,2024,76.000000,0.069500,0.125576,False,0.926829,0.064415,0.116387,0.051973,9.055938,16.362671,7.306733
Jabari Smith Jr.,jabari smith jr.,HOU,2025,57.000000,0.079862,0.110380,False,0.695122,0.055514,0.076727,0.021214,8.585029,11.865665,3.280636
Jabari Smith Jr.,jabari smith jr.,HOU,2026,77.000000,0.143327,0.166906,True,0.939024,0.134588,0.156729,0.022141,22.201740,25.854092,3.652353
Jabari Walker,jabari walker,POR,2023,56.000000,0.012644,0.021710,False,0.682927,0.008635,0.014827,0.006192,1.174541,2.016734,0.842193
Jabari Walker,jabari walker,POR,2024,72.000000,0.014366,0.040743,True,0.878049,0.012614,0.035774,0.023160,1.773394,5.029418,3.256024
Jabari Walker,jabari walker,POR,2025,60.000000,0.004685,0.024535,False,0.731707,0.003428,0.017952,0.014524,0.530194,2.776255,2.246061
Jabari Walker,jabari walker,PHI,2026,64.000000,0.015668,0.020866,True,0.780488,0.012228,0.016286,0.004057,2.017201,2.686481,0.669280
Jack White,jack white,DEN,2023,17.000000,0.000457,0.017598,False,0.207317,0.000095,0.003648,0.003554,0.012881,0.496267,0.483387
Jacob Evans,jacob evans,GSW,2019,30.000000,0.017646,0.018000,False,0.365854,0.006456,0.006585,0.000130,0.704590,0.718733,0.014142
Jacob Evans,jacob evans,GSW,2020,27.000000,0.018484,0.020650,False,0.329268,0.006086,0.006799,0.000713,0.664240,0.742074,0.077835
Jaden Hardy,jaden hardy,DAL,2023,48.000000,0.012644,0.031674,False,0.585366,0.007401,0.018541,0.011140,1.006750,2.521984,1.515235
Jaden Hardy,jaden hardy,DAL,2024,73.000000,0.014366,0.031900,False,0.890244,0.012789,0.028399,0.015609,1.798025,3.992506,2.194482
Jaden Hardy,jaden hardy,DAL,2025,57.000000,0.038798,0.030677,True,0.695122,0.026969,0.021324,-0.005645,4.170732,3.297715,-0.873017
Jaden Hardy,jaden hardy,WAS,2026,23.000000,0.036372,0.038734,False,0.280488,0.010202,0.010864,0.000662,1.682927,1.792191,0.109265
Jaden Ivey,jaden ivey,DET,2023,74.000000,0.055980,0.138899,False,0.902439,0.050519,0.125348,0.074829,6.871604,17.049901,10.178298
Jaden Ivey,jaden ivey,DET,2024,77.000000,0.056742,0.114431,False,0.939024,0.053282,0.107454,0.054171,7.490823,15.106682,7.615859
Jaden Ivey,jaden ivey,DET,2025,30.000000,0.065356,0.124798,False,0.365854,0.023911,0.045658,0.021747,3.697743,7.060864,3.363122
Jaden McDaniels,jaden mcdaniels,MIN,2021,63.000000,0.018354,0.040169,False,0.875000,0.016060,0.035148,0.019088,1.805370,3.951158,2.145788
Jaden McDaniels,jaden mcdaniels,MIN,2022,70.000000,0.017480,0.049773,False,0.853659,0.014922,0.042489,0.027567,1.845132,5.253958,3.408827
Jaden McDaniels,jaden mcdaniels,MIN,2023,79.000000,0.028682,0.106011,False,0.963415,0.027633,0.102132,0.074500,3.758665,13.892162,10.133497
Jaden McDaniels,jaden mcdaniels,MIN,2024,72.000000,0.163721,0.118792,True,0.878049,0.143755,0.104305,-0.039450,20.210261,14.664036,-5.546225
Jaden McDaniels,jaden mcdaniels,MIN,2025,82.000000,0.157734,0.171395,False,1.000000,0.157734,0.171395,0.013661,24.393104,26.505721,2.112617
Jaden McDaniels,jaden mcdaniels,MIN,2026,73.000000,0.158825,0.148294,False,0.890244,0.141393,0.132018,-0.009375,23.324391,21.777817,-1.546574
Jaden Springer,jaden springer,PHI,2022,2.000000,0.017187,0.022432,False,0.024390,0.000419,0.000547,0.000128,0.051834,0.067656,0.015821
Jaden Springer,jaden springer,PHI,2023,16.000000,0.016367,0.023237,False,0.195122,0.003194,0.004534,0.001341,0.434388,0.616735,0.182347
Jaden Springer,jaden springer,PHI,2024,32.000000,0.028583,0.023278,False,0.390244,0.011154,0.009084,-0.002070,1.568142,1.277118,-0.291024
Jaden Springer,jaden springer,UTA,2025,17.000000,0.000457,0.028974,False,0.207317,0.000095,0.006007,0.005912,0.014664,0.928930,0.914266
Jae Crowder,jae crowder,UTA,2019,80.000000,0.071610,0.090414,False,0.975610,0.069864,0.088208,0.018345,7.624910,9.627069,2.002159
Jae Crowder,jae crowder,MEM,2020,45.000000,0.084827,0.096438,True,0.548780,0.046551,0.052924,0.006372,5.080610,5.776077,0.695467
Jae Crowder,jae crowder,PHO,2021,60.000000,0.086474,0.088627,False,0.833333,0.072062,0.073856,0.001794,8.100750,8.302433,0.201683
Jae Crowder,jae crowder,PHO,2022,67.000000,0.082357,0.085659,False,0.817073,0.067291,0.069990,0.002698,8.320910,8.654586,0.333676
Jae Crowder,jae crowder,MIL,2023,18.000000,0.014848,0.042670,True,0.219512,0.003259,0.009367,0.006107,0.443350,1.274056,0.830706
Jae Crowder,jae crowder,MIL,2024,50.000000,0.011776,0.025609,False,0.609756,0.007181,0.015615,0.008434,1.009524,2.195310,1.185787
Jae'Sean Tate,jae'sean tate,HOU,2021,70.000000,0.013503,0.082469,False,0.972222,0.013128,0.080178,0.067050,1.475815,9.013142,7.537327
Jae'Sean Tate,jae'sean tate,HOU,2022,78.000000,0.057137,0.065976,True,0.951220,0.054349,0.062758,0.008408,6.720572,7.760322,1.039750
Jae'Sean Tate,jae'sean tate,HOU,2023,31.000000,0.047787,0.051127,False,0.378049,0.018066,0.019329,0.001263,2.457317,2.629092,0.171775
Jae'Sean Tate,jae'sean tate,HOU,2024,65.000000,0.053811,0.038932,False,0.792683,0.042655,0.030861,-0.011795,5.996818,4.338630,-1.658188
Jae'Sean Tate,jae'sean tate,HOU,2025,52.000000,0.014848,0.029520,True,0.634146,0.009416,0.018720,0.009304,1.456174,2.895021,1.438847
Jahlil Okafor,jahlil okafor,NOP,2019,59.000000,0.015599,0.026926,False,0.719512,0.011224,0.019373,0.008150,1.224959,2.114399,0.889439
Jahlil Okafor,jahlil okafor,NOP,2020,30.000000,0.014848,0.014848,True,0.365854,0.005432,0.005432,-0.000000,0.592889,0.592889,-0.000000
Jahlil Okafor,jahlil okafor,DET,2021,27.000000,0.018948,0.014848,True,0.375000,0.007106,0.005568,-0.001537,0.798759,0.625942,-0.172817
Jahmi'us Ramsey,jahmi'us ramsey,SAC,2021,13.000000,0.013503,0.017737,False,0.180556,0.002438,0.003203,0.000764,0.274080,0.360011,0.085931
Jaime Jaquez Jr.,jaime jaquez jr.,MIA,2024,75.000000,0.026217,0.092339,False,0.914634,0.023979,0.084456,0.060477,3.371159,11.873509,8.502350
Jaime Jaquez Jr.,jaime jaquez jr.,MIA,2025,66.000000,0.024970,0.057084,False,0.804878,0.020098,0.045946,0.025847,3.108117,7.105335,3.997218
Jaime Jaquez Jr.,jaime jaquez jr.,MIA,2026,75.000000,0.036003,0.106905,False,0.914634,0.032930,0.097779,0.064849,5.432141,16.129721,10.697580
JaKarr Sampson,jakarr sampson,CHI,2019,4.000000,0.015917,0.057085,True,0.048780,0.000776,0.002785,0.002008,0.084739,0.303918,0.219179
JaKarr Sampson,jakarr sampson,IND,2020,34.000000,0.014848,0.018609,False,0.414634,0.006157,0.007716,0.001559,0.671941,0.842104,0.170163
Jake LaRavia,jake laravia,MEM,2023,35.000000,0.023525,0.026426,False,0.426829,0.010041,0.011279,0.001238,1.365820,1.534241,0.168422
Jake LaRavia,jake laravia,MEM,2024,35.000000,0.023848,0.050313,False,0.426829,0.010179,0.021475,0.011296,1.431022,3.019161,1.588139
Jake LaRavia,jake laravia,MEM,2025,47.000000,0.038798,0.035777,False,0.573171,0.022238,0.020506,-0.001732,3.439024,3.171212,-0.267813
Jake LaRavia,jake laravia,LAL,2026,82.000000,0.036372,0.053059,False,1.000000,0.036372,0.053059,0.016687,6.000000,8.752674,2.752674
Jake Layman,jake layman,POR,2019,71.000000,0.032820,0.032525,True,0.865854,0.028417,0.028162,-0.000255,3.101476,3.073623,-0.027853
Jake Layman,jake layman,MIN,2020,23.000000,0.034461,0.037572,False,0.280488,0.009666,0.010539,0.000873,1.054938,1.150173,0.095235
Jake Layman,jake layman,MIN,2021,45.000000,0.035051,0.030469,False,0.625000,0.021907,0.019043,-0.002864,2.462615,2.140692,-0.321923
Jakob Poeltl,jakob poeltl,SAS,2019,77.000000,0.034404,0.060402,False,0.939024,0.032306,0.056719,0.024412,3.525930,6.190296,2.664366
Jakob Poeltl,jakob poeltl,SAS,2020,66.000000,0.074234,0.099484,True,0.804878,0.059749,0.080073,0.020324,6.521003,8.739123,2.218120
Jakob Poeltl,jakob poeltl,SAS,2021,69.000000,0.077837,0.123418,False,0.958333,0.074594,0.118276,0.043682,8.385417,13.295883,4.910466
Jakob Poeltl,jakob poeltl,SAS,2022,68.000000,0.076003,0.148019,False,0.829268,0.063027,0.122748,0.059721,7.793586,15.178350,7.384764
Jakob Poeltl,jakob poeltl,TOR,2023,26.000000,0.143360,0.183072,True,0.317073,0.045456,0.058047,0.012592,6.182927,7.895655,1.712728
Jakob Poeltl,jakob poeltl,TOR,2024,50.000000,0.138703,0.127808,False,0.609756,0.084575,0.077932,-0.006644,11.890244,10.956234,-0.934010
Jakob Poeltl,jakob poeltl,TOR,2025,57.000000,0.126094,0.157202,False,0.695122,0.087650,0.109274,0.021624,13.554878,16.898966,3.344088
Jakob Poeltl,jakob poeltl,TOR,2026,46.000000,0.118210,0.079294,False,0.560976,0.066313,0.044482,-0.021831,10.939024,7.337767,-3.601257
Jalen Brunson,jalen brunson,DAL,2019,73.000000,0.012982,0.049674,False,0.890244,0.011557,0.044222,0.032665,1.261344,4.826375,3.565031
Jalen Brunson,jalen brunson,DAL,2020,57.000000,0.015245,0.040352,False,0.695122,0.010597,0.028050,0.017452,1.156586,3.061350,1.904763
Jalen Brunson,jalen brunson,DAL,2021,68.000000,0.016031,0.081567,False,0.944444,0.015140,0.077036,0.061896,1.701943,8.659898,6.957955
Jalen Brunson,jalen brunson,DAL,2022,79.000000,0.224280,0.169112,True,0.963415,0.216075,0.162925,-0.053150,26.718698,20.146438,-6.572260
Jalen Brunson,jalen brunson,NYK,2023,68.000000,0.193696,0.250000,False,0.829268,0.160626,0.207317,0.046691,21.848455,28.199476,6.351021
Jalen Brunson,jalen brunson,NYK,2024,77.000000,0.177540,0.300000,False,0.939024,0.166714,0.281707,0.114993,23.438050,39.604668,16.166619
Jalen Brunson,jalen brunson,NYK,2025,65.000000,0.225960,0.225960,True,0.792683,0.179114,0.179114,0.000000,27.699513,27.699513,0.000000
Jalen Brunson,jalen brunson,NYK,2026,74.000000,0.228778,0.343908,False,0.902439,0.206459,0.310356,0.103898,34.057617,51.196672,17.139055
Jalen Duren,jalen duren,DET,2023,67.000000,0.031838,0.068136,False,0.817073,0.026014,0.055672,0.029658,3.538482,7.572596,4.034113
Jalen Duren,jalen duren,DET,2024,61.000000,0.032270,0.105406,False,0.743902,0.024006,0.078412,0.054406,3.374966,11.023727,7.648761
Jalen Duren,jalen duren,DET,2025,78.000000,0.041922,0.105359,False,0.951220,0.039877,0.100220,0.060343,6.166893,15.498706,9.331813
Jalen Green,jalen green,HOU,2022,67.000000,0.076356,0.154450,False,0.817073,0.062389,0.126197,0.063808,7.714674,15.604849,7.890175
Jalen Green,jalen green,HOU,2023,76.000000,0.072720,0.195411,False,0.926829,0.067399,0.181113,0.113713,9.167713,24.635134,15.467421
Jalen Green,jalen green,HOU,2024,82.000000,0.088792,0.194802,False,1.000000,0.088792,0.194802,0.106010,12.483048,27.386794,14.903746
Jalen Green,jalen green,HOU,2025,82.000000,0.217169,0.212540,True,1.000000,0.217169,0.212540,-0.004628,33.584499,32.868748,-0.715751
Jalen Green,jalen green,PHO,2026,32.000000,0.219756,0.126691,False,0.390244,0.085758,0.049440,-0.036318,14.146796,8.155719,-5.991078
Jalen Hood-Schifino,jalen hood-schifino,LAL,2024,21.000000,0.027597,0.031907,False,0.256098,0.007068,0.008171,0.001104,0.993618,1.148800,0.155182
Jalen Johnson,jalen johnson,ATL,2022,22.000000,0.022584,0.026167,False,0.268293,0.006059,0.007020,0.000961,0.749245,0.868096,0.118851
Jalen Johnson,jalen johnson,ATL,2023,70.000000,0.021507,0.033498,False,0.853659,0.018359,0.028596,0.010237,2.497259,3.889678,1.392419
Jalen Johnson,jalen johnson,ATL,2024,56.000000,0.032086,0.123480,False,0.682927,0.021912,0.084328,0.062416,3.080618,11.855520,8.774902
Jalen Johnson,jalen johnson,ATL,2025,36.000000,0.193990,0.200008,True,0.439024,0.085166,0.087809,0.002642,13.170732,13.579324,0.408592
Jalen Johnson,jalen johnson,ATL,2026,72.000000,0.181861,0.278697,False,0.878049,0.159683,0.244710,0.085027,26.341463,40.367587,14.026123
Jalen Lecque,jalen lecque,PHO,2020,5.000000,0.013909,0.018682,False,0.060976,0.000848,0.001139,0.000291,0.092560,0.124330,0.031770
Jalen McDaniels,jalen mcdaniels,CHO,2020,16.000000,0.013909,0.019772,False,0.195122,0.002714,0.003858,0.001144,0.296191,0.421065,0.124874
Jalen McDaniels,jalen mcdaniels,CHO,2021,47.000000,0.015858,0.020485,False,0.652778,0.010352,0.013372,0.003021,1.163655,1.503216,0.339561
Jalen McDaniels,jalen mcdaniels,CHO,2022,55.000000,0.015613,0.020246,False,0.670732,0.010472,0.013580,0.003107,1.294969,1.679188,0.384219
Jalen McDaniels,jalen mcdaniels,PHI,2023,24.000000,0.033201,0.015363,True,0.292683,0.009717,0.004497,-0.005221,1.321756,0.611622,-0.710135
Jalen McDaniels,jalen mcdaniels,TOR,2024,50.000000,0.033728,0.024833,False,0.609756,0.020566,0.015142,-0.005424,2.891341,2.128809,-0.762532
Jalen Pickett,jalen pickett,DEN,2024,27.000000,0.013457,0.016583,False,0.329268,0.004431,0.005460,0.001029,0.622929,0.767625,0.144697
Jalen Pickett,jalen pickett,DEN,2025,49.000000,0.014366,0.015553,False,0.597561,0.008585,0.009294,0.000709,1.327587,1.437245,0.109658
Jalen Pickett,jalen pickett,DEN,2026,50.000000,0.014587,0.015552,False,0.609756,0.008894,0.009483,0.000589,1.467198,1.564318,0.097119
Jalen Smith,jalen smith,PHO,2021,27.000000,0.039657,0.026709,False,0.375000,0.014871,0.010016,-0.004855,1.671750,1.125941,-0.545809
Jalen Smith,jalen smith,IND,2022,22.000000,0.037768,0.058208,False,0.268293,0.010133,0.015617,0.005484,1.252970,1.931097,0.678127
Jalen Smith,jalen smith,IND,2023,68.000000,0.037081,0.035884,False,0.829268,0.030750,0.029757,-0.000993,4.182641,4.047589,-0.135052
Jalen Smith,jalen smith,IND,2024,61.000000,0.060968,0.032626,True,0.743902,0.045355,0.024270,-0.021084,6.376307,3.412114,-2.964193
Jalen Smith,jalen smith,CHI,2025,64.000000,0.058197,0.064309,False,0.780488,0.045422,0.050192,0.004770,7.024390,7.762079,0.737689
Jalen Smith,jalen smith,CHI,2026,53.000000,0.057156,0.066720,False,0.646341,0.036943,0.043124,0.006181,6.094076,7.113712,1.019636
Jalen Suggs,jalen suggs,ORL,2022,48.000000,0.055981,0.072872,False,0.585366,0.032769,0.042657,0.009887,4.052090,5.274697,1.222607
Jalen Suggs,jalen suggs,ORL,2023,53.000000,0.053316,0.059977,False,0.646341,0.034460,0.038765,0.004305,4.687320,5.272904,0.585584
Jalen Suggs,jalen suggs,ORL,2024,75.000000,0.065357,0.107550,False,0.914634,0.059778,0.098369,0.038591,8.404011,13.829472,5.425462
Jalen Suggs,jalen suggs,ORL,2025,35.000000,0.226322,0.179453,True,0.426829,0.096601,0.076596,-0.020005,14.939024,11.845280,-3.093744
Jalen Suggs,jalen suggs,ORL,2026,57.000000,0.196410,0.158981,False,0.695122,0.136529,0.110511,-0.026018,22.521951,18.230057,-4.291894
Jalen Williams,jalen williams,OKC,2023,75.000000,0.033515,0.128841,False,0.914634,0.030654,0.117843,0.087189,4.169524,16.029092,11.859567
Jalen Williams,jalen williams,OKC,2024,71.000000,0.033970,0.244190,False,0.865854,0.029413,0.211433,0.182020,4.135109,29.724961,25.589852
Jalen Williams,jalen williams,OKC,2025,69.000000,0.042555,0.300000,False,0.841463,0.035808,0.252439,0.216631,5.537668,39.038938,33.501270
Jalen Williams,jalen williams,OKC,2026,33.000000,0.250000,0.246541,True,0.402439,0.100610,0.099218,-0.001392,16.596686,16.367073,-0.229613
Jalen Wilson,jalen wilson,BRK,2024,43.000000,0.013457,0.017420,False,0.524390,0.007057,0.009135,0.002078,0.992071,1.284268,0.292196
Jalen Wilson,jalen wilson,BRK,2025,79.000000,0.014366,0.039681,True,0.963415,0.013841,0.038229,0.024389,2.140396,5.912041,3.771645
Jamal Crawford,jamal crawford,PHO,2019,64.000000,0.002655,0.034327,False,0.780488,0.002072,0.026792,0.024720,0.226188,2.924092,2.697904
Jamal Murray,jamal murray,DEN,2019,75.000000,0.040725,0.250000,False,0.914634,0.037249,0.228659,0.191410,4.065316,24.955793,20.890476
Jamal Murray,jamal murray,DEN,2020,59.000000,0.250000,0.250000,True,0.719512,0.179878,0.179878,0.000000,19.631890,19.631890,0.000000
Jamal Murray,jamal murray,DEN,2021,48.000000,0.262136,0.270000,False,0.666667,0.174758,0.180000,0.005242,19.645200,20.234520,0.589320
Jamal Murray,jamal murray,,2022,0.000000,0.255959,0.131240,False,0.000000,0.000000,0.000000,0.000000,0.000000,0.000000,0.000000
Jamal Murray,jamal murray,DEN,2023,65.000000,0.248737,0.300000,False,0.792683,0.197169,0.237805,0.040636,26.819159,32.346457,5.527299
Jamal Murray,jamal murray,DEN,2024,59.000000,0.256183,0.300000,False,0.719512,0.184327,0.215854,0.031527,25.914095,30.346434,4.432339
Jamal Murray,jamal murray,DEN,2025,67.000000,0.300000,0.300000,True,0.817073,0.245122,0.245122,-0.000000,37.907374,37.907374,-0.000000
Jamal Murray,jamal murray,DEN,2026,75.000000,0.303742,0.346630,False,0.914634,0.277813,0.317040,0.039227,45.828318,52.299233,6.470915
Jamal Shead,jamal shead,TOR,2025,75.000000,0.012644,0.037931,False,0.914634,0.011565,0.034693,0.023128,1.788455,5.365194,3.576740
Jamal Shead,jamal shead,TOR,2026,82.000000,0.013920,0.037800,True,1.000000,0.013920,0.037800,0.023880,2.296271,6.235487,3.939216
Jamaree Bouyea,jamaree bouyea,PHO,2026,46.000000,0.015668,0.014848,True,0.560976,0.008789,0.008329,-0.000460,1.449863,1.374021,-0.075843
James Bouknight,james bouknight,CHO,2022,31.000000,0.035278,0.033227,False,0.378049,0.013337,0.012561,-0.000775,1.649140,1.553278,-0.095862
James Bouknight,james bouknight,CHO,2023,34.000000,0.033598,0.028232,False,0.414634,0.013931,0.011706,-0.002225,1.894911,1.592275,-0.302636
James Harden,james harden,HOU,2019,78.000000,0.350000,0.350000,True,0.951220,0.332927,0.332927,0.000000,36.335634,36.335634,0.000000
James Harden,james harden,HOU,2020,68.000000,0.378000,0.364633,False,0.829268,0.313463,0.302379,-0.011085,34.211397,33.001605,-1.209792
James Harden,james harden,BRK,2021,36.000000,0.394175,0.296001,False,0.500000,0.197088,0.148000,-0.049087,22.155420,16.637316,-5.518104
James Harden,james harden,BRK,2022,44.000000,0.266872,0.316485,True,0.536585,0.143199,0.169821,0.026622,17.707317,20.999236,3.291919
James Harden,james harden,PHI,2023,58.000000,0.262317,0.295092,False,0.707317,0.185541,0.208724,0.023183,25.237494,28.390822,3.153327
James Harden,james harden,LAC,2024,72.000000,0.239379,0.254541,False,0.878049,0.210187,0.223500,0.013313,29.549718,31.421374,1.871655
James Harden,james harden,LAC,2025,79.000000,0.253369,0.350000,True,0.963415,0.244099,0.337195,0.093096,37.749180,52.146214,14.397034
James Harden,james harden,LAC,2026,44.000000,0.256529,0.277865,False,0.536585,0.137650,0.149098,0.011448,22.706848,24.595392,1.888545
James Johnson,james johnson,MIA,2019,55.000000,0.140640,0.049707,False,0.670732,0.094331,0.033340,-0.060991,10.295329,3.638745,-6.656585
James Johnson,james johnson,MIN,2020,14.000000,0.147032,0.045371,False,0.170732,0.025103,0.007746,-0.017357,2.739749,0.845428,-1.894321
James Johnson,james johnson,NOP,2021,22.000000,0.014848,0.034558,True,0.305556,0.004537,0.010559,0.006022,0.510027,1.187015,0.676989
James Johnson,james johnson,BRK,2022,62.000000,0.014848,0.013905,True,0.756098,0.011227,0.010514,-0.000713,1.388263,1.300048,-0.088215
James Johnson,james johnson,IND,2023,18.000000,0.016477,0.014848,True,0.219512,0.003617,0.003259,-0.000357,0.491968,0.443350,-0.048618
James Johnson,james johnson,IND,2024,9.000000,0.014848,0.015195,False,0.109756,0.001630,0.001668,0.000038,0.229118,0.234465,0.005347
James Wiseman,james wiseman,GSW,2021,39.000000,0.081545,0.045330,False,0.541667,0.044170,0.024554,-0.019617,4.965350,2.760158,-2.205192
James Wiseman,james wiseman,,2022,0.000000,0.077663,0.032021,False,0.000000,0.000000,0.000000,0.000000,0.000000,0.000000,0.000000
James Wiseman,james wiseman,DET,2023,24.000000,0.089100,0.056758,False,0.292683,0.026078,0.016612,-0.009466,3.547153,2.259603,-1.287550
James Wiseman,james wiseman,DET,2024,63.000000,0.014848,0.024402,True,0.768293,0.011408,0.018748,0.007340,1.603826,2.635776,1.031950
James Wiseman,james wiseman,IND,2025,1.000000,0.007320,0.033440,False,0.012195,0.000089,0.000408,0.000319,0.013805,0.063065,0.049261
Jamison Battle,jamison battle,TOR,2025,59.000000,0.012644,0.023261,False,0.719512,0.009098,0.016737,0.007639,1.406918,2.588300,1.181383
Jamison Battle,jamison battle,TOR,2026,61.000000,0.013920,0.017670,True,0.743902,0.010355,0.013145,0.002789,1.708202,2.168345,0.460143
JaMychal Green,jamychal green,MEM,2019,41.000000,0.043678,0.052781,True,0.500000,0.021839,0.026390,0.004551,2.383500,2.880250,0.496750
JaMychal Green,jamychal green,LAC,2020,63.000000,0.065968,0.042394,True,0.768293,0.050683,0.032571,-0.018112,5.531523,3.554798,-1.976725
JaMychal Green,jamychal green,DEN,2021,58.000000,0.072945,0.039835,False,0.805556,0.058761,0.032089,-0.026672,6.605556,3.607292,-2.998263
JaMychal Green,jamychal green,DEN,2022,67.000000,0.014848,0.030828,True,0.817073,0.012132,0.025189,0.013056,1.500220,3.114700,1.614480
Jarace Walker,jarace walker,IND,2024,33.000000,0.045256,0.026374,False,0.402439,0.018213,0.010614,-0.007599,2.560526,1.492174,-1.068353
Jarace Walker,jarace walker,IND,2025,75.000000,0.043102,0.034260,False,0.914634,0.039422,0.031335,-0.008087,6.096512,4.845918,-1.250594
Jarace Walker,jarace walker,IND,2026,76.000000,0.051397,0.060806,False,0.926829,0.047636,0.056357,0.008720,7.858161,9.296635,1.438474
Jared Butler,jared butler,UTA,2022,42.000000,0.012644,0.016736,False,0.512195,0.006476,0.008572,0.002096,0.800826,1.059998,0.259172
Jared Butler,jared butler,OKC,2023,6.000000,0.009190,0.020222,False,0.073171,0.000672,0.001480,0.000807,0.091463,0.201262,0.109798
Jared Butler,jared butler,WAS,2024,40.000000,0.005304,0.017506,False,0.487805,0.002587,0.008539,0.005952,0.363769,1.200543,0.836774
Jared Dudley,jared dudley,BRK,2019,59.000000,0.014848,0.048524,True,0.719512,0.010684,0.034914,0.024230,1.166016,3.810463,2.644447
Jared Dudley,jared dudley,LAL,2020,45.000000,0.014848,0.014848,True,0.548780,0.008149,0.008149,-0.000000,0.889334,0.889334,-0.000000
Jared Harper,jared harper,PHO,2020,3.000000,0.000907,0.017148,False,0.036585,0.000033,0.000627,0.000594,0.003623,0.068469,0.064846
Jared Harper,jared harper,NYK,2021,8.000000,0.000853,0.021076,False,0.111111,0.000095,0.002342,0.002247,0.010659,0.263245,0.252587
Jared McCain,jared mccain,PHI,2025,23.000000,0.027297,0.072084,False,0.280488,0.007656,0.020219,0.012562,1.184040,3.126752,1.942712
Jared McCain,jared mccain,PHI,2026,37.000000,0.026810,0.033970,False,0.451220,0.012097,0.015328,0.003231,1.995563,2.528501,0.532937
Jaren Jackson Jr.,jaren jackson jr.,MEM,2019,58.000000,0.063473,0.081765,False,0.707317,0.044896,0.057834,0.012938,4.899925,6.311988,1.412063
Jaren Jackson Jr.,jaren jackson jr.,MEM,2020,57.000000,0.066496,0.142167,False,0.695122,0.046223,0.098823,0.052601,5.044750,10.785584,5.740834
Jaren Jackson Jr.,jaren jackson jr.,MEM,2021,11.000000,0.081667,0.110926,False,0.152778,0.012477,0.016947,0.004470,1.402586,1.905081,0.502496
Jaren Jackson Jr.,jaren jackson jr.,MEM,2022,78.000000,0.234092,0.175193,True,0.951220,0.222673,0.166647,-0.056025,27.534575,20.606749,-6.927827
Jaren Jackson Jr.,jaren jackson jr.,MEM,2023,63.000000,0.199250,0.285457,False,0.768293,0.153082,0.219315,0.066232,20.822423,29.831412,9.008989
Jaren Jackson Jr.,jaren jackson jr.,MEM,2024,66.000000,0.179658,0.300000,False,0.804878,0.144603,0.241463,0.096860,20.329447,33.946859,13.617411
Jaren Jackson Jr.,jaren jackson jr.,MEM,2025,74.000000,0.226322,0.299773,True,0.902439,0.204242,0.270527,0.066285,31.585366,41.836206,10.250841
Jaren Jackson Jr.,jaren jackson jr.,2TM,2026,48.000000,0.297040,0.238052,True,0.585366,0.173877,0.139348,-0.034529,28.682927,22.986951,-5.695976
Jarred Vanderbilt,jarred vanderbilt,DEN,2019,17.000000,0.012982,0.018135,False,0.207317,0.002691,0.003760,0.001068,0.293738,0.410336,0.116599
Jarred Vanderbilt,jarred vanderbilt,DEN,2020,9.000000,0.015245,0.018292,False,0.109756,0.001673,0.002008,0.000334,0.182619,0.219114,0.036495
Jarred Vanderbilt,jarred vanderbilt,MIN,2021,64.000000,0.035583,0.051308,True,0.888889,0.031629,0.045607,0.013978,3.555556,5.126921,1.571365
Jarred Vanderbilt,jarred vanderbilt,MIN,2022,74.000000,0.035373,0.081626,False,0.902439,0.031922,0.073663,0.041741,3.947268,9.108767,5.161499
Jarred Vanderbilt,jarred vanderbilt,UTA,2023,52.000000,0.034539,0.071284,False,0.634146,0.021903,0.045204,0.023302,2.979220,6.148734,3.169515
Jarred Vanderbilt,jarred vanderbilt,LAL,2024,29.000000,0.076211,0.066844,True,0.353659,0.026953,0.023640,-0.003313,3.789199,3.323476,-0.465723
Jarred Vanderbilt,jarred vanderbilt,LAL,2025,36.000000,0.074825,0.051173,False,0.439024,0.032850,0.022466,-0.010384,5.080140,3.474351,-1.605789
Jarred Vanderbilt,jarred vanderbilt,LAL,2026,65.000000,0.075342,0.047012,False,0.792683,0.059723,0.037265,-0.022457,9.851916,6.147332,-3.704584
Jarrell Brantley,jarrell brantley,UTA,2021,28.000000,0.000751,0.020040,False,0.388889,0.000292,0.007793,0.007501,0.032828,0.876069,0.843242
Jarrett Allen,jarrett allen,BRK,2019,80.000000,0.021778,0.076143,False,0.975610,0.021247,0.074286,0.053040,2.318868,8.107604,5.788735
Jarrett Allen,jarrett allen,BRK,2020,70.000000,0.035825,0.105902,False,0.853659,0.030582,0.090404,0.059822,3.337721,9.866690,6.528969
Jarrett Allen,jarrett allen,CLE,2021,51.000000,0.177914,0.123664,True,0.708333,0.126022,0.087595,-0.038427,14.166667,9.846931,-4.319736
Jarrett Allen,jarrett allen,CLE,2022,56.000000,0.161740,0.180385,False,0.682927,0.110457,0.123190,0.012733,13.658537,15.233070,1.574534
Jarrett Allen,jarrett allen,CLE,2023,68.000000,0.147036,0.190872,False,0.829268,0.121932,0.158284,0.036352,16.585366,21.529949,4.944583
Jarrett Allen,jarrett allen,CLE,2024,77.000000,0.142260,0.178962,False,0.939024,0.133585,0.168050,0.034465,18.780488,23.625835,4.845347
Jarrett Allen,jarrett allen,CLE,2025,82.000000,0.129327,0.164500,False,1.000000,0.129327,0.164500,0.035173,20.000000,25.439364,5.439364
Jarrett Allen,jarrett allen,CLE,2026,56.000000,0.169737,0.166920,True,0.682927,0.115918,0.113994,-0.001924,19.121951,18.804642,-0.317309
Jarrett Culver,jarrett culver,MIN,2020,63.000000,0.055931,0.068346,False,0.768293,0.042971,0.052510,0.009539,4.689874,5.730924,1.041050
Jarrett Culver,jarrett culver,MIN,2021,34.000000,0.056889,0.033221,False,0.472222,0.026864,0.015688,-0.011177,3.019937,1.763498,-1.256439
Jase Richardson,jase richardson,ORL,2026,54.000000,0.018988,0.020583,False,0.658537,0.012505,0.013554,0.001050,2.062774,2.235945,0.173171
Jason Preston,jason preston,,2022,0.000000,0.012644,0.018339,False,0.000000,0.000000,0.000000,0.000000,0.000000,0.000000,0.000000
JaVale McGee,javale mcgee,LAL,2019,75.000000,0.036650,0.061157,True,0.914634,0.033522,0.055936,0.022414,3.658537,6.104850,2.446314
JaVale McGee,javale mcgee,LAL,2020,68.000000,0.038483,0.043035,False,0.829268,0.031912,0.035687,0.003775,3.482927,3.894910,0.411984
JaVale McGee,javale mcgee,CLE,2021,33.000000,0.044478,0.014848,True,0.458333,0.020386,0.006806,-0.013580,2.291667,0.765040,-1.526627
JaVale McGee,javale mcgee,PHO,2022,74.000000,0.044165,0.031295,False,0.902439,0.039856,0.028242,-0.011614,4.928417,3.492242,-1.436175
JaVale McGee,javale mcgee,DAL,2023,42.000000,0.017264,0.014848,True,0.512195,0.008843,0.007605,-0.001237,1.202800,1.034484,-0.168317
JaVale McGee,javale mcgee,SAC,2024,46.000000,0.015712,0.024065,False,0.560976,0.008814,0.013500,0.004686,1.239114,1.897883,0.658769
Javonte Green,javonte green,BOS,2020,48.000000,0.013909,0.021317,False,0.585366,0.008142,0.012478,0.004336,0.888574,1.361846,0.473271
Javonte Green,javonte green,BOS,2021,25.000000,0.014848,0.016252,False,0.347222,0.005156,0.005643,0.000487,0.579576,0.634369,0.054794
Javonte Green,javonte green,CHI,2022,65.000000,0.014683,0.045761,False,0.792683,0.011639,0.036274,0.024635,1.439256,4.485454,3.046198
Javonte Green,javonte green,CHI,2023,32.000000,0.000939,0.029955,False,0.390244,0.000366,0.011690,0.011323,0.049828,1.590059,1.540231
Javonte Green,javonte green,CHI,2024,9.000000,0.012295,0.040885,True,0.109756,0.001349,0.004487,0.003138,0.189712,0.630872,0.441160
Javonte Green,javonte green,NOP,2025,50.000000,0.014848,0.015837,True,0.609756,0.009054,0.009657,0.000603,1.400167,1.493384,0.093217
Javonte Green,javonte green,DET,2026,82.000000,0.023907,0.023867,True,1.000000,0.023907,0.023867,-0.000039,3.943679,3.937180,-0.006499
Jaxson Hayes,jaxson hayes,NOP,2020,64.000000,0.046776,0.061827,False,0.780488,0.036508,0.048255,0.011747,3.984515,5.266604,1.282089
Jaxson Hayes,jaxson hayes,NOP,2021,60.000000,0.047577,0.048665,False,0.833333,0.039647,0.040554,0.000907,4.456900,4.558871,0.101971
Jaxson Hayes,jaxson hayes,NOP,2022,70.000000,0.055016,0.060441,False,0.853659,0.046965,0.051596,0.004631,5.807449,6.380139,0.572689
Jaxson Hayes,jaxson hayes,NOP,2023,47.000000,0.015917,0.047547,True,0.573171,0.009123,0.027253,0.018130,1.240915,3.706941,2.466026
Jaxson Hayes,jaxson hayes,LAL,2024,70.000000,0.017526,0.023361,False,0.853659,0.014961,0.019942,0.004981,2.103369,2.803632,0.700263
Jaxson Hayes,jaxson hayes,LAL,2025,56.000000,0.022304,0.022308,True,0.682927,0.015232,0.015234,0.000002,2.355635,2.355967,0.000332
Jaxson Hayes,jaxson hayes,LAL,2026,66.000000,0.036372,0.039072,True,0.804878,0.029275,0.031448,0.002173,4.829268,5.187754,0.358486
Jay Huff,jay huff,DEN,2024,20.000000,0.014852,0.014848,True,0.243902,0.003622,0.003622,-0.000001,0.509276,0.509151,-0.000125
Jay Huff,jay huff,MEM,2025,64.000000,0.015193,0.025068,False,0.780488,0.011858,0.019565,0.007707,1.833817,3.025737,1.191920
Jay Huff,jay huff,IND,2026,82.000000,0.016173,0.041339,False,1.000000,0.016173,0.041339,0.025166,2.667944,6.819366,4.151422
Jaylen Adams,jaylen adams,ATL,2019,34.000000,0.000916,0.016265,False,0.414634,0.000380,0.006744,0.006364,0.041463,0.736047,0.694584
Jaylen Brown,jaylen brown,BOS,2019,74.000000,0.059876,0.108571,False,0.902439,0.054034,0.097979,0.043944,5.897285,10.693381,4.796097
Jaylen Brown,jaylen brown,BOS,2020,57.000000,0.214747,0.250000,True,0.695122,0.149275,0.173780,0.024505,16.291921,18.966402,2.674482
Jaylen Brown,jaylen brown,BOS,2021,58.000000,0.220883,0.250000,False,0.805556,0.177934,0.201389,0.023455,20.002232,22.638931,2.636699
Jaylen Brown,jaylen brown,BOS,2022,66.000000,0.232430,0.250000,False,0.804878,0.187077,0.201220,0.014142,23.133057,24.881799,1.748742
Jaylen Brown,jaylen brown,BOS,2023,67.000000,0.234011,0.300000,False,0.817073,0.191204,0.245122,0.053918,26.007731,33.341733,7.334002
Jaylen Brown,jaylen brown,BOS,2024,70.000000,0.350000,0.350000,True,0.853659,0.298780,0.298780,0.000000,42.004951,42.004951,0.000000
Jaylen Brown,jaylen brown,BOS,2025,63.000000,0.343636,0.378000,False,0.768293,0.264013,0.290415,0.026402,40.828813,44.911752,4.082939
Jaylen Brown,jaylen brown,BOS,2026,71.000000,0.346013,0.362270,False,0.865854,0.299597,0.313673,0.014076,49.421825,51.743804,2.321979
Jaylen Clark,jaylen clark,,2024,0.000000,0.003502,0.017938,False,0.000000,0.000000,0.000000,0.000000,0.000000,0.000000,0.000000
Jaylen Clark,jaylen clark,MIN,2025,40.000000,0.014174,0.018638,False,0.487805,0.006914,0.009092,0.002178,1.069218,1.406037,0.336819
Jaylen Clark,jaylen clark,MIN,2026,68.000000,0.018710,0.024510,True,0.829268,0.015516,0.020325,0.004810,2.559470,3.352852,0.793382
Jaylen Hoard,jaylen hoard,OKC,2021,19.000000,0.001707,0.019041,False,0.263889,0.000450,0.005025,0.004574,0.050630,0.564859,0.514229
Jaylen Nowell,jaylen nowell,MIN,2020,15.000000,0.013909,0.018539,False,0.182927,0.002544,0.003391,0.000847,0.277679,0.370133,0.092453
Jaylen Nowell,jaylen nowell,MIN,2021,42.000000,0.015858,0.018643,True,0.583333,0.009250,0.010875,0.001625,1.039862,1.222495,0.182633
Jaylen Nowell,jaylen nowell,MIN,2022,62.000000,0.015613,0.033782,False,0.756098,0.011805,0.025542,0.013737,1.459783,3.158414,1.698630
Jaylen Nowell,jaylen nowell,MIN,2023,65.000000,0.000853,0.040182,False,0.792683,0.000676,0.031851,0.031175,0.092011,4.332461,4.240450
Jaylen Nowell,jaylen nowell,MEM,2024,9.000000,0.001983,0.020843,False,0.109756,0.000218,0.002288,0.002070,0.030598,0.321613,0.291015
Jaylen Wells,jaylen wells,MEM,2025,79.000000,0.012644,0.046640,False,0.963415,0.012182,0.044933,0.032752,1.883839,6.948800,5.064961
Jaylen Wells,jaylen wells,MEM,2026,69.000000,0.013920,0.051798,True,0.841463,0.011713,0.043586,0.031873,1.932228,7.190002,5.257774
Jaylin Williams,jaylin williams,OKC,2023,49.000000,0.014704,0.024156,False,0.597561,0.008786,0.014434,0.005648,1.195122,1.963382,0.768260
Jaylin Williams,jaylin williams,OKC,2024,69.000000,0.014366,0.035119,False,0.841463,0.012089,0.029552,0.017463,1.699503,4.154605,2.455103
Jaylin Williams,jaylin williams,OKC,2025,47.000000,0.054645,0.056473,True,0.573171,0.031321,0.032369,0.001048,4.843696,5.005733,0.162037
Jaylin Williams,jaylin williams,OKC,2026,65.000000,0.047130,0.062248,False,0.792683,0.037359,0.049343,0.011983,6.162831,8.139601,1.976771
Jaylon Tyson,jaylon tyson,CLE,2025,47.000000,0.022584,0.027919,False,0.573171,0.012944,0.016002,0.003058,2.001787,2.474711,0.472923
Jaylon Tyson,jaylon tyson,CLE,2026,66.000000,0.022178,0.056190,False,0.804878,0.017851,0.045226,0.027375,2.944695,7.460480,4.515786
Jayson Tatum,jayson tatum,BOS,2019,79.000000,0.071743,0.222807,False,0.963415,0.069118,0.214655,0.145537,7.543537,23.427492,15.883955
Jayson Tatum,jayson tatum,BOS,2020,66.000000,0.090683,0.300000,False,0.804878,0.072989,0.241463,0.168475,7.965975,26.353317,18.387342
Jayson Tatum,jayson tatum,BOS,2021,64.000000,0.250000,0.250000,True,0.888889,0.222223,0.222222,-0.000000,24.980933,24.980889,-0.000044
Jayson Tatum,jayson tatum,BOS,2022,76.000000,0.245455,0.300000,False,0.926829,0.227495,0.278049,0.050554,28.130918,34.382122,6.251204
Jayson Tatum,jayson tatum,BOS,2023,74.000000,0.239669,0.300000,False,0.902439,0.216287,0.270732,0.054445,29.419566,36.825198,7.405631
Jayson Tatum,jayson tatum,BOS,2024,74.000000,0.247876,0.350000,False,0.902439,0.223693,0.315854,0.092161,31.448502,44.405234,12.956732
Jayson Tatum,jayson tatum,BOS,2025,72.000000,0.350000,0.350000,True,0.878049,0.307317,0.307317,0.000000,47.525663,47.525663,0.000000
Jayson Tatum,jayson tatum,BOS,2026,16.000000,0.354366,0.378000,False,0.195122,0.069145,0.073756,0.004612,11.406159,12.166880,0.760720
JD Davison,jd davison,BOS,2024,8.000000,0.000085,0.025324,False,0.097561,0.000008,0.002471,0.002462,0.001170,0.347342,0.346171
JD Davison,jd davison,BOS,2025,16.000000,0.014683,0.014848,True,0.195122,0.002865,0.002897,0.000032,0.443070,0.448039,0.004969
JD Davison,jd davison,HOU,2026,28.000000,0.015668,0.013598,False,0.341463,0.005350,0.004643,-0.000707,0.882526,0.765937,-0.116588
Jeenathan Williams,jeenathan williams,HOU,2024,22.000000,0.003669,0.019462,False,0.268293,0.000984,0.005221,0.004237,0.138407,0.734076,0.595668
Jeff Dowtin,jeff dowtin,TOR,2023,25.000000,0.016152,0.014848,True,0.304878,0.004924,0.004527,-0.000397,0.669808,0.615764,-0.054044
Jeff Green,jeff green,WAS,2019,77.000000,0.023500,0.047591,True,0.939024,0.022067,0.044689,0.022623,2.408366,4.877399,2.469033
Jeff Green,jeff green,UTA,2020,30.000000,0.023500,0.024181,False,0.365854,0.008597,0.008847,0.000249,0.938324,0.965534,0.027210
Jeff Green,jeff green,BRK,2021,68.000000,0.040031,0.031120,True,0.944444,0.037807,0.029391,-0.008415,4.250000,3.303997,-0.946003
Jeff Green,jeff green,DEN,2022,75.000000,0.036392,0.040085,False,0.914634,0.033285,0.036663,0.003378,4.115854,4.533597,0.417743
Jeff Green,jeff green,DEN,2023,56.000000,0.070577,0.022032,True,0.682927,0.048199,0.015046,-0.033153,6.556098,2.046604,-4.509494
Jeff Green,jeff green,HOU,2024,78.000000,0.056904,0.026978,False,0.951220,0.054128,0.025662,-0.028467,7.609756,3.607704,-4.002052
Jeff Green,jeff green,HOU,2025,32.000000,0.014848,0.014848,True,0.390244,0.005795,0.005795,-0.000000,0.896107,0.896107,-0.000000
Jeff Teague,jeff teague,MIN,2019,42.000000,0.174088,0.065263,False,0.512195,0.089167,0.033427,-0.055740,9.731707,3.648272,-6.083435
Jeff Teague,jeff teague,MIN,2020,34.000000,0.004678,0.047968,False,0.414634,0.001940,0.019889,0.017949,0.211708,2.170693,1.958985
Jemerrio Jones,jemerrio jones,LAL,2019,6.000000,0.001823,0.034044,False,0.073171,0.000133,0.002491,0.002358,0.014561,0.271872,0.257311
Jerami Grant,jerami grant,OKC,2019,80.000000,0.085635,0.133236,False,0.975610,0.083546,0.129987,0.046441,9.118198,14.186758,5.068559
Jerami Grant,jerami grant,DEN,2020,71.000000,0.174546,0.091106,True,0.865854,0.151132,0.078885,-0.072247,16.494512,8.609462,-7.885050
Jerami Grant,jerami grant,DET,2021,54.000000,0.177936,0.177956,False,0.750000,0.133452,0.133467,0.000015,15.001875,15.003592,0.001717
Jerami Grant,jerami grant,DET,2022,47.000000,0.169463,0.118268,False,0.573171,0.097131,0.067788,-0.029344,12.010793,8.382312,-3.628480
Jerami Grant,jerami grant,POR,2023,63.000000,0.202808,0.132768,True,0.768293,0.155816,0.102005,-0.053812,21.194281,13.874767,-7.319514
Jerami Grant,jerami grant,POR,2024,54.000000,0.211918,0.141449,False,0.658537,0.139556,0.093149,-0.046406,19.619849,13.095672,-6.524177
Jerami Grant,jerami grant,POR,2025,47.000000,0.206923,0.082038,False,0.573171,0.118602,0.047022,-0.071581,18.341464,7.271753,-11.069711
Jerami Grant,jerami grant,POR,2026,57.000000,0.207364,0.079906,False,0.695122,0.144143,0.055544,-0.088599,23.777966,9.162621,-14.615344
Jeremiah Fears,jeremiah fears,NOP,2026,82.000000,0.047867,0.061566,False,1.000000,0.047867,0.061566,0.013699,7.896240,10.155984,2.259744
Jeremiah Robinson-Earl,jeremiah robinson-earl,OKC,2022,49.000000,0.016174,0.031533,False,0.597561,0.009665,0.018843,0.009178,1.195122,2.330015,1.134893
Jeremiah Robinson-Earl,jeremiah robinson-earl,OKC,2023,43.000000,0.013968,0.025507,False,0.524390,0.007325,0.013376,0.006051,0.996341,1.819355,0.823013
Jeremiah Robinson-Earl,jeremiah robinson-earl,NOP,2024,39.000000,0.015627,0.019380,False,0.475610,0.007432,0.009217,0.001785,1.044900,1.295859,0.250958
Jeremiah Robinson-Earl,jeremiah robinson-earl,NOP,2025,66.000000,0.000853,0.025217,False,0.804878,0.000687,0.020297,0.019610,0.106220,3.138794,3.032574
Jeremy Lamb,jeremy lamb,CHO,2019,79.000000,0.096207,0.144382,True,0.963415,0.092687,0.139100,0.046413,10.115854,15.181340,5.065487
Jeremy Lamb,jeremy lamb,IND,2020,46.000000,0.096207,0.087245,False,0.560976,0.053970,0.048942,-0.005027,5.890244,5.341572,-0.548672
Jeremy Lamb,jeremy lamb,IND,2021,36.000000,0.093405,0.068703,False,0.500000,0.046702,0.034351,-0.012351,5.250000,3.861572,-1.388428
Jeremy Sochan,jeremy sochan,SAS,2023,56.000000,0.039089,0.060826,False,0.682927,0.026695,0.041540,0.014845,3.631095,5.650266,2.019171
Jeremy Sochan,jeremy sochan,SAS,2024,74.000000,0.039620,0.109207,False,0.902439,0.035754,0.098553,0.062799,5.026621,13.855363,8.828742
Jeremy Sochan,jeremy sochan,SAS,2025,54.000000,0.045887,0.068332,False,0.658537,0.030218,0.044999,0.014781,4.673128,6.958952,2.285824
Jeremy Sochan,jeremy sochan,SAS,2026,28.000000,0.014848,0.028302,True,0.341463,0.005070,0.009664,0.004594,0.836388,1.594202,0.757814
Jerian Grant,jerian grant,ORL,2019,60.000000,0.001798,0.030004,False,0.731707,0.001316,0.021954,0.020638,0.143625,2.396111,2.252485
Jerian Grant,jerian grant,WAS,2020,6.000000,0.000458,0.017568,False,0.073171,0.000034,0.001285,0.001252,0.003659,0.140294,0.136635
Jericho Sims,jericho sims,NYK,2022,41.000000,0.013261,0.018931,False,0.500000,0.006631,0.009466,0.002835,0.819921,1.170470,0.350549
Jericho Sims,jericho sims,NYK,2023,52.000000,0.014174,0.018435,False,0.634146,0.008988,0.011691,0.002703,1.222568,1.590180,0.367612
Jericho Sims,jericho sims,NYK,2024,45.000000,0.014883,0.017081,False,0.548780,0.008167,0.009374,0.001206,1.148238,1.317802,0.169564
Jericho Sims,jericho sims,NYK,2025,39.000000,0.015917,0.014848,True,0.475610,0.007570,0.007062,-0.000508,1.170696,1.092094,-0.078601
Jericho Sims,jericho sims,MIL,2026,67.000000,0.016982,0.025693,False,0.817073,0.013875,0.020993,0.007118,2.288905,3.463048,1.174143
Jerome Robinson,jerome robinson,LAC,2019,33.000000,0.032689,0.028959,False,0.402439,0.013155,0.011654,-0.001501,1.435790,1.271929,-0.163861
Jerome Robinson,jerome robinson,WAS,2020,21.000000,0.034245,0.046155,False,0.256098,0.008770,0.011820,0.003050,0.957170,1.290057,0.332888
Jett Howard,jett howard,ORL,2024,18.000000,0.037545,0.034065,False,0.219512,0.008241,0.007478,-0.000764,1.158656,1.051277,-0.107379
Jett Howard,jett howard,ORL,2025,60.000000,0.035757,0.028208,False,0.731707,0.026164,0.020640,-0.005523,4.046137,3.191970,-0.854167
Jett Howard,jett howard,ORL,2026,55.000000,0.044483,0.033219,False,0.670732,0.029836,0.022281,-0.007555,4.921788,3.675452,-1.246337
Jevon Carter,jevon carter,MEM,2019,39.000000,0.012982,0.017924,False,0.475610,0.006174,0.008525,0.002350,0.673869,0.930374,0.256505
Jevon Carter,jevon carter,PHO,2020,58.000000,0.035963,0.027851,True,0.707317,0.025437,0.019700,-0.005738,2.776220,2.150017,-0.626203
Jevon Carter,jevon carter,PHO,2021,60.000000,0.032469,0.046143,False,0.833333,0.027058,0.038452,0.011394,3.041667,4.322553,1.280887
Jevon Carter,jevon carter,BRK,2022,46.000000,0.031742,0.033059,False,0.560976,0.017806,0.018545,0.000739,2.201829,2.293221,0.091392
Jevon Carter,jevon carter,MIL,2023,81.000000,0.045511,0.040562,True,0.987805,0.044956,0.040067,-0.004889,6.114982,5.449970,-0.665012
Jevon Carter,jevon carter,CHI,2024,72.000000,0.046234,0.035641,False,0.878049,0.040596,0.031294,-0.009302,5.707317,4.399600,-1.307717
Jevon Carter,jevon carter,CHI,2025,36.000000,0.005632,0.030353,False,0.439024,0.002473,0.013326,0.010853,0.382390,2.060804,1.678413
Jevon Carter,jevon carter,ORL,2026,30.000000,0.014848,0.014848,True,0.365854,0.005432,0.005432,-0.000000,0.896130,0.896100,-0.000029
Jimmy Butler,jimmy butler,PHI,2019,55.000000,0.300000,0.298506,True,0.670732,0.201220,0.200218,-0.001002,21.961098,21.851759,-0.109338
Jimmy Butler,jimmy butler,MIA,2020,58.000000,0.315000,0.316668,False,0.707317,0.222805,0.223985,0.001180,24.316924,24.445686,0.128762
Jimmy Butler,jimmy butler,MIA,2021,52.000000,0.320389,0.313217,False,0.722222,0.231392,0.226212,-0.005180,26.011700,25.429418,-0.582282
Jimmy Butler,jimmy butler,MIA,2022,57.000000,0.304503,0.307334,False,0.695122,0.211667,0.213635,0.001968,26.173635,26.416986,0.243350
Jimmy Butler,jimmy butler,MIA,2023,64.000000,0.332184,0.319906,True,0.780488,0.259265,0.249683,-0.009582,35.265530,33.962115,-1.303415
Jimmy Butler,jimmy butler,MIA,2024,60.000000,0.347104,0.282730,False,0.731707,0.253979,0.206876,-0.047103,35.706349,29.084254,-6.622095
Jimmy Butler,jimmy butler,GSW,2025,30.000000,0.350000,0.230325,False,0.365854,0.128049,0.084265,-0.043783,19.802360,13.031391,-6.770969
Jimmy Butler,jimmy butler,GSW,2026,38.000000,0.344522,0.240450,False,0.463415,0.159657,0.111428,-0.048229,26.337139,18.381253,-7.955885
Joakim Noah,joakim noah,MEM,2019,42.000000,0.003983,0.054507,False,0.512195,0.002040,0.027918,0.025878,0.222653,3.047017,2.824364
Joakim Noah,joakim noah,LAC,2020,5.000000,0.023500,0.014848,True,0.060976,0.001433,0.000905,-0.000528,0.156387,0.098815,-0.057573
Joan Beringer,joan beringer,MIN,2026,40.000000,0.026741,0.028286,False,0.487805,0.013044,0.013798,0.000754,2.151805,2.276111,0.124306
Jock Landale,jock landale,SAS,2022,54.000000,0.012644,0.022286,False,0.658537,0.008327,0.014676,0.006350,1.029634,1.814817,0.785183
Jock Landale,jock landale,PHO,2023,69.000000,0.058814,0.029588,True,0.841463,0.049490,0.024897,-0.024593,6.731707,3.386508,-3.345199
Jock Landale,jock landale,HOU,2024,56.000000,0.056904,0.043806,False,0.682927,0.038861,0.029917,-0.008945,5.463415,4.205906,-1.257508
Jock Landale,jock landale,HOU,2025,42.000000,0.014848,0.014848,True,0.512195,0.007605,0.007605,-0.000000,1.176140,1.176140,-0.000000
Jock Landale,jock landale,MEM,2026,45.000000,0.085475,0.015554,True,0.548780,0.046907,0.008536,-0.038371,7.737805,1.408050,-6.329755
Joe Chealey,joe chealey,CHO,2019,1.000000,0.001497,0.018112,False,0.012195,0.000018,0.000221,0.000203,0.001992,0.024107,0.022115
Joe Harris,joe harris,BRK,2019,76.000000,0.070246,0.092256,False,0.926829,0.065106,0.085506,0.020399,7.105691,9.332084,2.226393
Joe Harris,joe harris,BRK,2020,69.000000,0.147255,0.107715,True,0.841463,0.123910,0.090638,-0.033272,13.523520,9.892245,-3.631275
Joe Harris,joe harris,BRK,2021,69.000000,0.154404,0.117794,False,0.958333,0.147970,0.112886,-0.035084,16.633929,12.689967,-3.943962
Joe Harris,joe harris,BRK,2022,14.000000,0.150765,0.065814,False,0.170732,0.025740,0.011237,-0.014504,3.182927,1.389461,-1.793466
Joe Harris,joe harris,BRK,2023,74.000000,0.146511,0.040000,False,0.902439,0.132217,0.036097,-0.096120,17.984320,4.910015,-13.074305
Joe Ingles,joe ingles,UTA,2019,82.000000,0.102688,0.120455,False,1.000000,0.102688,0.120455,0.017767,11.207387,13.146513,1.939126
Joe Ingles,joe ingles,UTA,2020,72.000000,0.099539,0.109173,False,0.878049,0.087400,0.095859,0.008459,9.538803,10.462047,0.923244
Joe Ingles,joe ingles,UTA,2021,67.000000,0.110630,0.104118,False,0.930556,0.102947,0.096887,-0.006060,11.572728,10.891478,-0.681249
Joe Ingles,joe ingles,UTA,2022,45.000000,0.052396,0.072115,True,0.548780,0.028754,0.039575,0.010821,3.555549,4.893660,1.338111
Joe Ingles,joe ingles,MIL,2023,46.000000,0.080870,0.043650,True,0.560976,0.045366,0.024487,-0.020879,6.170732,3.330725,-2.840007
Joe Ingles,joe ingles,ORL,2024,68.000000,0.014848,0.015091,True,0.829268,0.012313,0.012515,0.000201,1.731113,1.759409,0.028295
Joe Ingles,joe ingles,MIN,2025,19.000000,0.014848,0.014466,False,0.231707,0.003441,0.003352,-0.000089,0.532063,0.518370,-0.013693
Joe Wieskamp,joe wieskamp,SAS,2022,29.000000,0.017589,0.016834,False,0.353659,0.006221,0.005953,-0.000267,0.769207,0.736169,-0.033039
Joel Embiid,joel embiid,PHI,2019,64.000000,0.252012,0.300000,False,0.780488,0.196693,0.234146,0.037454,21.467028,25.554732,4.087703
Joel Embiid,joel embiid,PHI,2020,51.000000,0.270680,0.300000,False,0.621951,0.168350,0.186585,0.018236,18.373689,20.363927,1.990238
Joel Embiid,joel embiid,PHI,2021,51.000000,0.280920,0.300000,False,0.708333,0.198985,0.212500,0.013515,22.368735,23.887975,1.519240
Joel Embiid,joel embiid,PHI,2022,68.000000,0.271859,0.303394,False,0.829268,0.225444,0.251595,0.026151,27.877321,31.110990,3.233669
Joel Embiid,joel embiid,PHI,2023,66.000000,0.350000,0.350000,True,0.804878,0.281707,0.281707,0.000000,38.318111,38.318111,0.000000
Joel Embiid,joel embiid,PHI,2024,39.000000,0.365721,0.378000,False,0.475610,0.173940,0.179780,0.005840,24.453922,25.274979,0.821057
Joel Embiid,joel embiid,PHI,2025,19.000000,0.357101,0.255603,False,0.231707,0.082743,0.059225,-0.023518,12.795927,9.158984,-3.636942
Joel Embiid,joel embiid,PHI,2026,38.000000,0.352204,0.285181,False,0.463415,0.163217,0.132157,-0.031060,26.924390,21.800737,-5.123653
John Collins,john collins,ATL,2019,61.000000,0.024616,0.146064,False,0.743902,0.018312,0.108658,0.090346,1.998539,11.858903,9.860365
John Collins,john collins,ATL,2020,41.000000,0.037908,0.168744,False,0.500000,0.018954,0.084372,0.065418,2.068651,9.208353,7.139702
John Collins,john collins,ATL,2021,63.000000,0.204601,0.217939,True,0.875000,0.179026,0.190697,0.011671,20.125000,21.437014,1.312014
John Collins,john collins,ATL,2022,54.000000,0.190045,0.152472,False,0.658537,0.125152,0.100408,-0.024743,15.475610,12.415978,-3.059632
John Collins,john collins,ATL,2023,71.000000,0.186295,0.121933,False,0.865854,0.161304,0.105576,-0.055728,21.940732,14.360514,-7.580218
John Collins,john collins,UTA,2024,68.000000,0.189063,0.088267,False,0.829268,0.156784,0.073197,-0.083587,22.041951,10.290605,-11.751346
John Collins,john collins,UTA,2025,40.000000,0.171875,0.142340,False,0.487805,0.083842,0.069434,-0.014408,12.965854,10.737759,-2.228095
John Collins,john collins,LAC,2026,69.000000,0.103055,0.096123,True,0.841463,0.086717,0.080884,-0.005833,14.304878,13.342741,-0.962137
John Henson,john henson,MIL,2019,14.000000,0.089174,0.046378,True,0.170732,0.015225,0.007918,-0.007307,1.661629,0.864183,-0.797445
John Henson,john henson,CLE,2020,29.000000,0.001017,0.042972,False,0.353659,0.000360,0.015198,0.014838,0.039255,1.658660,1.619405
John Konchar,john konchar,MEM,2020,19.000000,0.019241,0.023863,False,0.231707,0.004458,0.005529,0.001071,0.486585,0.603469,0.116884
John Konchar,john konchar,MEM,2021,43.000000,0.019571,0.031845,False,0.597222,0.011688,0.019018,0.007330,1.313889,2.137919,0.824030
John Konchar,john konchar,MEM,2022,72.000000,0.018600,0.034272,False,0.878049,0.016332,0.030093,0.013761,2.019512,3.721116,1.701604
John Konchar,john konchar,MEM,2023,72.000000,0.017644,0.048677,False,0.878049,0.015493,0.042740,0.027248,2.107317,5.813587,3.706270
John Konchar,john konchar,MEM,2024,55.000000,0.043852,0.049182,False,0.670732,0.029413,0.032988,0.003575,4.135061,4.637719,0.502658
John Konchar,john konchar,MEM,2025,46.000000,0.039865,0.040580,False,0.560976,0.022363,0.022764,0.000401,3.458415,3.520412,0.061997
John Konchar,john konchar,UTA,2026,26.000000,0.037372,0.052678,False,0.317073,0.011850,0.016703,0.004853,1.954756,2.755294,0.800538
John Wall,john wall,WAS,2019,32.000000,0.350000,0.350000,False,0.390244,0.136585,0.136585,0.000000,14.906927,14.906927,0.000000
John Wall,john wall,,2020,0.000000,0.378000,0.102069,False,0.000000,0.000000,0.000000,0.000000,0.000000,0.000000,0.000000
John Wall,john wall,HOU,2021,40.000000,0.394175,0.135488,False,0.555556,0.218986,0.075271,-0.143715,24.617133,8.461505,-16.155629
John Wall,john wall,,2022,0.000000,0.330490,0.040624,False,0.000000,0.000000,0.000000,0.000000,0.000000,0.000000,0.000000
John Wall,john wall,LAC,2023,34.000000,0.050014,0.028020,False,0.414634,0.020737,0.011618,-0.009120,2.820735,1.580278,-1.240457
Johnathan Williams,johnathan williams,LAL,2019,24.000000,0.000973,0.018059,False,0.292683,0.000285,0.005285,0.005001,0.031077,0.576856,0.545779
Johni Broome,johni broome,PHI,2026,11.000000,0.013039,0.022556,False,0.134146,0.001749,0.003026,0.001277,0.288538,0.499131,0.210593
Johnny Davis,johnny davis,WAS,2023,28.000000,0.037133,0.029002,False,0.341463,0.012679,0.009903,-0.002776,1.724663,1.347017,-0.377646
Johnny Davis,johnny davis,WAS,2024,50.000000,0.037636,0.027714,False,0.609756,0.022949,0.016899,-0.006050,3.226317,2.375794,-0.850523
Johnny Furphy,johnny furphy,IND,2025,50.000000,0.012644,0.021390,False,0.609756,0.007710,0.013043,0.005333,1.192303,2.016984,0.824681
Johnny Furphy,johnny furphy,IND,2026,35.000000,0.013920,0.014896,True,0.426829,0.005941,0.006358,0.000416,0.980116,1.048821,0.068705
Johnny Juzang,johnny juzang,UTA,2024,20.000000,0.021961,0.020560,True,0.243902,0.005356,0.005015,-0.000342,0.753053,0.705001,-0.048052
Jon Leuer,jon leuer,DET,2019,41.000000,0.029039,0.025520,True,0.500000,0.014520,0.012760,-0.001760,1.584674,1.392640,-0.192034
Jonah Bolden,jonah bolden,PHI,2019,44.000000,0.015562,0.020491,False,0.536585,0.008350,0.010995,0.002645,0.911363,1.200010,0.288646
Jonathan Isaac,jonathan isaac,ORL,2019,75.000000,0.053202,0.092138,False,0.914634,0.048660,0.084273,0.035612,5.310768,9.197512,3.886744
Jonathan Isaac,jonathan isaac,ORL,2020,34.000000,0.067460,0.158201,False,0.414634,0.027971,0.065595,0.037624,3.052771,7.159090,4.106319
Jonathan Isaac,jonathan isaac,,2021,0.000000,0.154785,0.123840,True,0.000000,0.000000,0.000000,0.000000,0.000000,0.000000,0.000000
Jonathan Isaac,jonathan isaac,,2022,0.000000,0.140714,0.104004,False,0.000000,0.000000,0.000000,0.000000,0.000000,0.000000,0.000000
Jonathan Isaac,jonathan isaac,ORL,2023,11.000000,0.127921,0.073111,False,0.134146,0.017160,0.009808,-0.007353,2.334146,1.334027,-1.000119
Jonathan Isaac,jonathan isaac,ORL,2024,58.000000,0.177825,0.108282,True,0.707317,0.125778,0.076590,-0.049188,17.682927,10.767625,-6.915301
Jonathan Isaac,jonathan isaac,ORL,2025,71.000000,0.096995,0.143916,True,0.865854,0.083984,0.124610,0.040626,12.987805,19.270569,6.282764
Jonathan Isaac,jonathan isaac,ORL,2026,52.000000,0.063345,0.057617,True,0.634146,0.040170,0.036538,-0.003632,6.626462,6.027293,-0.599169
Jonathan Kuminga,jonathan kuminga,GSW,2022,70.000000,0.046418,0.053846,False,0.853659,0.039625,0.045966,0.006341,4.899863,5.683985,0.784121
Jonathan Kuminga,jonathan kuminga,GSW,2023,67.000000,0.044205,0.057062,False,0.817073,0.036119,0.046624,0.010505,4.912930,6.341824,1.428893
Jonathan Kuminga,jonathan kuminga,GSW,2024,74.000000,0.054317,0.102137,False,0.902439,0.049018,0.092173,0.043155,6.891301,12.958395,6.067093
Jonathan Kuminga,jonathan kuminga,GSW,2025,47.000000,0.153896,0.109499,True,0.573171,0.088209,0.062762,-0.025447,13.641216,9.705884,-3.935332
Jonathan Kuminga,jonathan kuminga,GSW,2026,20.000000,0.147308,0.071234,False,0.243902,0.035929,0.017374,-0.018554,5.926829,2.866069,-3.060760
Jonathan Mogbo,jonathan mogbo,TOR,2025,63.000000,0.012644,0.030079,False,0.768293,0.009714,0.023109,0.013395,1.502302,3.573805,2.071503
Jonathon Simmons,jonathon simmons,ORL,2019,41.000000,0.009163,0.027152,False,0.500000,0.004581,0.013576,0.008995,0.500000,1.481680,0.981680
Jontay Porter,jontay porter,,2020,0.000000,0.014848,0.019041,False,0.000000,0.000000,0.000000,0.000000,0.000000,0.000000,0.000000
Jontay Porter,jontay porter,MEM,2021,11.000000,0.002669,0.017868,False,0.152778,0.000408,0.002730,0.002322,0.045833,0.306879,0.261046
Jordan Bell,jordan bell,GSW,2019,68.000000,0.002291,0.027642,False,0.829268,0.001900,0.022922,0.021023,0.207317,2.501749,2.294431
Jordan Bell,jordan bell,MIN,2020,27.000000,0.005315,0.017926,False,0.329268,0.001750,0.005902,0.004152,0.190996,0.644195,0.453199
Jordan Bell,jordan bell,WAS,2021,5.000000,0.000915,0.018022,False,0.069444,0.000064,0.001252,0.001188,0.007141,0.140687,0.133546
Jordan Clarkson,jordan clarkson,CLE,2019,81.000000,0.123122,0.109790,False,0.987805,0.121620,0.108451,-0.013169,13.273628,11.836336,-1.437292
Jordan Clarkson,jordan clarkson,UTA,2020,42.000000,0.105369,0.131008,True,0.512195,0.053970,0.067102,0.013132,5.890244,7.323470,1.433226
Jordan Clarkson,jordan clarkson,UTA,2021,68.000000,0.110484,0.132392,False,0.944444,0.104346,0.125037,0.020691,11.730000,14.055929,2.325929
Jordan Clarkson,jordan clarkson,UTA,2022,79.000000,0.107881,0.142689,False,0.963415,0.103934,0.137469,0.033535,12.851951,16.998719,4.146768
Jordan Clarkson,jordan clarkson,UTA,2023,61.000000,0.172676,0.159686,True,0.743902,0.128454,0.118791,-0.009664,17.472505,16.158012,-1.314493
Jordan Clarkson,jordan clarkson,UTA,2024,55.000000,0.100240,0.123594,True,0.670732,0.067234,0.082898,0.015664,9.452338,11.654487,2.202148
Jordan Clarkson,jordan clarkson,UTA,2025,37.000000,0.068877,0.071989,False,0.451220,0.031078,0.032483,0.001405,4.806192,5.023407,0.217215
Jordan Clarkson,jordan clarkson,NYK,2026,72.000000,0.014848,0.024047,True,0.878049,0.013038,0.021114,0.008077,2.150711,3.483059,1.332348
Jordan Goodwin,jordan goodwin,WAS,2022,2.000000,0.007278,0.017087,False,0.024390,0.000178,0.000417,0.000239,0.021951,0.051534,0.029583
Jordan Goodwin,jordan goodwin,WAS,2023,62.000000,0.014174,0.018764,False,0.756098,0.010717,0.014187,0.003471,1.457677,1.929755,0.472078
Jordan Goodwin,jordan goodwin,PHO,2024,40.000000,0.001591,0.016122,False,0.487805,0.000776,0.007864,0.007088,0.109131,1.105653,0.996522
Jordan Goodwin,jordan goodwin,LAL,2025,29.000000,0.014848,0.015566,False,0.353659,0.005251,0.005505,0.000254,0.812097,0.851330,0.039233
Jordan Goodwin,jordan goodwin,PHO,2026,70.000000,0.035549,0.036278,True,0.853659,0.030347,0.030969,0.000622,5.006023,5.108635,0.102613
Jordan Hawkins,jordan hawkins,NOP,2024,67.000000,0.032191,0.038055,False,0.817073,0.026302,0.031093,0.004791,3.697812,4.371362,0.673550
Jordan Hawkins,jordan hawkins,NOP,2025,56.000000,0.030659,0.056581,False,0.682927,0.020938,0.038641,0.017703,3.237975,5.975703,2.737729
Jordan Hawkins,jordan hawkins,NOP,2026,51.000000,0.042567,0.033983,False,0.621951,0.026475,0.021136,-0.005339,4.367276,3.486604,-0.880672
Jordan McLaughlin,jordan mclaughlin,MIN,2021,51.000000,0.017791,0.026656,True,0.708333,0.012602,0.018881,0.006279,1.416667,2.122510,0.705843
Jordan McLaughlin,jordan mclaughlin,MIN,2022,62.000000,0.017468,0.037761,False,0.756098,0.013207,0.028551,0.015343,1.633171,3.530444,1.897273
Jordan McLaughlin,jordan mclaughlin,MIN,2023,43.000000,0.017056,0.025584,False,0.524390,0.008944,0.013416,0.004472,1.216585,1.824830,0.608245
Jordan McLaughlin,jordan mclaughlin,MIN,2024,56.000000,0.014848,0.034121,True,0.682927,0.010140,0.023302,0.013162,1.425623,3.275998,1.850376
Jordan McLaughlin,jordan mclaughlin,SAC,2025,28.000000,0.014848,0.030492,False,0.341463,0.005070,0.010412,0.005342,0.784094,1.610171,0.826078
Jordan McLaughlin,jordan mclaughlin,SAS,2026,44.000000,0.014848,0.014848,True,0.536585,0.007967,0.007967,-0.000000,1.314323,1.314323,-0.000000
Jordan McRae,jordan mcrae,WAS,2019,27.000000,0.014848,0.014848,True,0.329268,0.004889,0.004889,-0.000000,0.533600,0.533600,-0.000000
Jordan Miller,jordan miller,LAC,2024,8.000000,0.007469,0.022970,False,0.097561,0.000729,0.002241,0.001512,0.102439,0.315055,0.212616
Jordan Miller,jordan miller,LAC,2025,37.000000,0.004608,0.013942,False,0.451220,0.002079,0.006291,0.004212,0.321556,0.972852,0.651296
Jordan Miller,jordan miller,LAC,2026,60.000000,0.032129,0.039600,True,0.731707,0.023509,0.028976,0.005467,3.878049,4.779829,0.901780
Jordan Nwora,jordan nwora,MIL,2021,30.000000,0.013503,0.026205,False,0.416667,0.005626,0.010919,0.005292,0.632492,1.227439,0.594947
Jordan Nwora,jordan nwora,MIL,2022,62.000000,0.022644,0.025676,True,0.756098,0.017121,0.019413,0.002293,2.117073,2.400558,0.283485
Jordan Nwora,jordan nwora,MIL,2023,38.000000,0.022055,0.025277,False,0.463415,0.010221,0.011714,0.001493,1.390244,1.593307,0.203063
Jordan Poole,jordan poole,GSW,2020,57.000000,0.018905,0.039578,False,0.695122,0.013141,0.027511,0.014370,1.434231,3.002602,1.568371
Jordan Poole,jordan poole,GSW,2021,51.000000,0.019227,0.055704,False,0.708333,0.013619,0.039457,0.025837,1.531020,4.435481,2.904461
Jordan Poole,jordan poole,GSW,2022,76.000000,0.031551,0.137302,False,0.926829,0.029242,0.127256,0.098014,3.615931,15.735795,12.119865
Jordan Poole,jordan poole,GSW,2023,82.000000,0.201846,0.136730,True,1.000000,0.201846,0.136730,-0.065117,27.455357,18.598087,-8.857270
Jordan Poole,jordan poole,WAS,2024,78.000000,0.210913,0.133933,False,0.951220,0.200624,0.127400,-0.073225,28.205357,17.910844,-10.294514
Jordan Poole,jordan poole,WAS,2025,68.000000,0.205941,0.144446,False,0.829268,0.170781,0.119785,-0.050996,26.410715,18.524321,-7.886394
Jordan Poole,jordan poole,NOP,2026,39.000000,0.206380,0.065459,False,0.475610,0.098156,0.031133,-0.067024,16.191964,5.135691,-11.056273
Jordan Walsh,jordan walsh,BOS,2024,9.000000,0.013457,0.020162,False,0.109756,0.001477,0.002213,0.000736,0.207643,0.311106,0.103463
Jordan Walsh,jordan walsh,BOS,2025,52.000000,0.014366,0.017878,False,0.634146,0.009110,0.011337,0.002227,1.408868,1.753284,0.344416
Jordan Walsh,jordan walsh,BOS,2026,68.000000,0.014587,0.033015,False,0.829268,0.012096,0.027378,0.015282,1.995390,4.516296,2.520906
Jose Alvarado,jose alvarado,NOP,2022,54.000000,0.012644,0.042394,False,0.658537,0.008327,0.027918,0.019591,1.029634,3.452202,2.422569
Jose Alvarado,jose alvarado,NOP,2023,61.000000,0.013499,0.045503,False,0.743902,0.010042,0.033850,0.023808,1.365876,4.604258,3.238381
Jose Alvarado,jose alvarado,NOP,2024,56.000000,0.014145,0.034407,False,0.682927,0.009660,0.023498,0.013838,1.358067,3.303492,1.945425
Jose Alvarado,jose alvarado,NOP,2025,56.000000,0.029099,0.065136,True,0.682927,0.019872,0.044483,0.024611,3.073171,6.879139,3.805969
Jose Alvarado,jose alvarado,NOP,2026,41.000000,0.027279,0.039570,False,0.500000,0.013640,0.019785,0.006145,2.250000,3.263714,1.013714
Josh Christopher,josh christopher,HOU,2022,74.000000,0.019184,0.037395,False,0.902439,0.017312,0.033746,0.016434,2.140730,4.172911,2.032181
Josh Christopher,josh christopher,HOU,2023,64.000000,0.018271,0.036517,False,0.780488,0.014260,0.028501,0.014241,1.939668,3.876718,1.937049
Josh Giddey,josh giddey,OKC,2022,54.000000,0.050846,0.124649,False,0.658537,0.033484,0.082086,0.048602,4.140483,10.150375,6.009892
Josh Giddey,josh giddey,OKC,2023,76.000000,0.048427,0.151387,False,0.926829,0.044883,0.140310,0.095427,6.105061,19.085143,12.980081
Josh Giddey,josh giddey,OKC,2024,80.000000,0.059410,0.102070,False,0.975610,0.057961,0.099580,0.041619,8.148651,13.999819,5.851168
Josh Giddey,josh giddey,CHI,2025,70.000000,0.161658,0.198376,True,0.853659,0.138001,0.169346,0.031345,21.341463,26.188807,4.847343
Josh Giddey,josh giddey,CHI,2026,54.000000,0.151551,0.159225,False,0.658537,0.099802,0.104856,0.005054,16.463415,17.297091,0.833676
Josh Gray,josh gray,NOP,2020,2.000000,0.014848,0.014848,True,0.024390,0.000362,0.000362,-0.000000,0.039526,0.039526,-0.000000
Josh Green,josh green,DAL,2021,39.000000,0.026309,0.026418,False,0.541667,0.014251,0.014310,0.000059,1.601990,1.608636,0.006646
Josh Green,josh green,DAL,2022,67.000000,0.025057,0.037887,False,0.817073,0.020473,0.030956,0.010483,2.531620,3.827917,1.296297
Josh Green,josh green,DAL,2023,60.000000,0.035034,0.060392,False,0.731707,0.025635,0.044189,0.018555,3.486833,6.010665,2.523832
Josh Green,josh green,DAL,2024,57.000000,0.090010,0.082204,True,0.695122,0.062568,0.057142,-0.005426,8.796296,8.033473,-0.762823
Josh Green,josh green,CHO,2025,68.000000,0.088373,0.067213,False,0.829268,0.073285,0.055738,-0.017547,11.333334,8.619677,-2.713657
Josh Green,josh green,CHO,2026,58.000000,0.088985,0.042207,False,0.707317,0.062940,0.029854,-0.033087,10.382716,4.924700,-5.458015
Josh Hart,josh hart,LAL,2019,67.000000,0.017722,0.063823,False,0.817073,0.014480,0.052148,0.037668,1.580350,5.691401,4.111051
Josh Hart,josh hart,NOP,2020,65.000000,0.031988,0.068344,False,0.792683,0.025356,0.054175,0.028819,2.767382,5.912679,3.145297
Josh Hart,josh hart,NOP,2021,47.000000,0.106748,0.099052,True,0.652778,0.069683,0.064659,-0.005024,7.833333,7.268555,-0.564778
Josh Hart,josh hart,NOP,2022,41.000000,0.104808,0.136149,False,0.500000,0.052404,0.068075,0.015671,6.480000,8.417765,1.937765
Josh Hart,josh hart,POR,2023,51.000000,0.095279,0.125708,False,0.621951,0.059259,0.078184,0.018925,8.060488,10.634733,2.574245
Josh Hart,josh hart,NYK,2024,81.000000,0.129058,0.129058,True,0.987805,0.127484,0.127484,0.000000,17.922732,17.922732,0.000000
Josh Hart,josh hart,NYK,2025,77.000000,0.125914,0.135462,False,0.939024,0.118236,0.127202,0.008966,18.284908,19.671414,1.386505
Josh Hart,josh hart,NYK,2026,66.000000,0.126841,0.100688,False,0.804878,0.102091,0.081041,-0.021050,16.841075,13.368635,-3.472440
Josh Jackson,josh jackson,PHO,2019,79.000000,0.064683,0.080175,False,0.963415,0.062316,0.077242,0.014926,6.801206,8.430181,1.628975
Josh Jackson,josh jackson,MEM,2020,22.000000,0.043678,0.047909,False,0.268293,0.011718,0.012854,0.001135,1.278951,1.402852,0.123900
Josh Jackson,josh jackson,DET,2021,62.000000,0.044526,0.090521,False,0.861111,0.038342,0.077949,0.039607,4.310162,8.762539,4.452377
Josh Minott,josh minott,MIN,2023,15.000000,0.012644,0.021199,False,0.182927,0.002313,0.003878,0.001565,0.314609,0.527464,0.212855
Josh Minott,josh minott,MIN,2024,32.000000,0.014366,0.024127,False,0.390244,0.005606,0.009416,0.003809,0.788175,1.323714,0.535538
Josh Minott,josh minott,MIN,2025,46.000000,0.015383,0.025368,True,0.560976,0.008629,0.014231,0.005602,1.334488,2.200762,0.866274
Josh Minott,josh minott,BOS,2026,33.000000,0.027279,0.036899,True,0.402439,0.010978,0.014850,0.003872,1.810976,2.449628,0.638652
Josh Okogie,josh okogie,MIN,2019,74.000000,0.023187,0.063004,False,0.902439,0.020925,0.056858,0.035932,2.283784,6.205441,3.921657
Josh Okogie,josh okogie,MIN,2020,62.000000,0.024290,0.062601,False,0.756098,0.018366,0.047333,0.028967,2.004445,5.165904,3.161459
Josh Okogie,josh okogie,MIN,2021,59.000000,0.036365,0.051193,False,0.819444,0.029799,0.041950,0.012151,3.349810,4.715714,1.365904
Josh Okogie,josh okogie,MIN,2022,49.000000,0.014848,0.036680,True,0.597561,0.008873,0.021918,0.013045,1.097176,2.710303,1.613127
Josh Okogie,josh okogie,PHO,2023,72.000000,0.020702,0.041962,True,0.878049,0.018178,0.036844,0.018667,2.472530,5.011598,2.539068
Josh Okogie,josh okogie,PHO,2024,60.000000,0.058682,0.042318,True,0.731707,0.042938,0.030964,-0.011974,6.036585,4.353184,-1.683401
Josh Okogie,josh okogie,PHO,2025,25.000000,0.014848,0.041336,True,0.304878,0.004527,0.012603,0.008076,0.700084,1.948948,1.248865
Josh Okogie,josh okogie,HOU,2026,78.000000,0.036372,0.021119,True,0.951220,0.034598,0.020089,-0.014509,5.707317,3.313838,-2.393479
Josh Richardson,josh richardson,MIA,2019,73.000000,0.092694,0.178355,False,0.890244,0.082520,0.158779,0.076259,9.006220,17.329171,8.322951
Josh Richardson,josh richardson,PHI,2020,55.000000,0.099560,0.131754,False,0.670732,0.066778,0.088372,0.021594,7.288139,9.644907,2.356769
Josh Richardson,josh richardson,DAL,2021,59.000000,0.103326,0.094574,False,0.819444,0.084670,0.077499,-0.007172,9.518116,8.711920,-0.806196
Josh Richardson,josh richardson,BOS,2022,44.000000,0.098630,0.075834,True,0.536585,0.052923,0.040692,-0.012232,6.544246,5.031712,-1.512534
Josh Richardson,josh richardson,SAS,2023,42.000000,0.014848,0.063176,True,0.512195,0.007605,0.032359,0.024753,1.034484,4.401440,3.366956
Josh Richardson,josh richardson,MIA,2024,43.000000,0.021703,0.029868,False,0.524390,0.011381,0.015662,0.004282,1.599995,2.201933,0.601938
Joshua Primo,joshua primo,SAS,2022,50.000000,0.033515,0.033937,False,0.609756,0.020436,0.020693,0.000257,2.527024,2.558799,0.031774
Joshua Primo,joshua primo,SAS,2023,4.000000,0.012971,0.045557,False,0.048780,0.000633,0.002222,0.001590,0.086065,0.302276,0.216211
Joshua Primo,joshua primo,LAC,2024,2.000000,0.007113,0.025852,False,0.024390,0.000173,0.000631,0.000457,0.024390,0.088645,0.064255
Jrue Holiday,jrue holiday,NOP,2019,67.000000,0.239427,0.350000,False,0.817073,0.195630,0.285976,0.090346,21.351030,31.211378,9.860348
Jrue Holiday,jrue holiday,NOP,2020,61.000000,0.237091,0.295691,False,0.743902,0.176373,0.219965,0.043593,19.249302,24.007031,4.757729
Jrue Holiday,jrue holiday,MIL,2021,59.000000,0.268057,0.276223,True,0.819444,0.219658,0.226349,0.006692,24.692592,25.444842,0.752250
Jrue Holiday,jrue holiday,MIL,2022,67.000000,0.272250,0.307986,False,0.817073,0.222448,0.251647,0.029199,27.506801,31.117463,3.610662
Jrue Holiday,jrue holiday,MIL,2023,67.000000,0.271000,0.285452,False,0.817073,0.221427,0.233235,0.011808,30.118712,31.724905,1.606193
Jrue Holiday,jrue holiday,BOS,2024,69.000000,0.213389,0.201156,False,0.841463,0.179559,0.169265,-0.010294,25.243902,23.796653,-1.447249
Jrue Holiday,jrue holiday,BOS,2025,62.000000,0.209509,0.133221,False,0.756098,0.158410,0.100728,-0.057682,24.497561,15.577256,-8.920305
Jrue Holiday,jrue holiday,POR,2026,53.000000,0.210959,0.125864,False,0.646341,0.136352,0.081351,-0.055000,22.492683,13.419807,-9.072876
JT Thor,jt thor,CHO,2022,33.000000,0.012644,0.018305,False,0.402439,0.005089,0.007367,0.002278,0.629221,0.910926,0.281705
JT Thor,jt thor,CHO,2023,69.000000,0.013499,0.022741,False,0.841463,0.011359,0.019136,0.007777,1.545008,2.602869,1.057861
Juan Toscano-Anderson,juan toscano-anderson,GSW,2020,13.000000,0.003283,0.017531,False,0.158537,0.000520,0.002779,0.002259,0.056803,0.303333,0.246530
Juan Toscano-Anderson,juan toscano-anderson,GSW,2021,53.000000,0.015137,0.020430,False,0.736111,0.011142,0.015039,0.003897,1.252562,1.690591,0.438030
Juan Toscano-Anderson,juan toscano-anderson,GSW,2022,73.000000,0.014848,0.014375,True,0.890244,0.013219,0.012797,-0.000422,1.634568,1.582406,-0.052162
Juan Toscano-Anderson,juan toscano-anderson,LAL,2023,30.000000,0.002378,0.016153,False,0.365854,0.000870,0.005910,0.005039,0.118356,0.803832,0.685476
Julian Champagnie,julian champagnie,PHI,2023,2.000000,0.022055,0.014744,False,0.024390,0.000538,0.000360,-0.000178,0.073171,0.048916,-0.024255
Julian Champagnie,julian champagnie,SAS,2024,74.000000,0.021339,0.028351,False,0.902439,0.019257,0.025585,0.006328,2.707317,3.596937,0.889620
Julian Champagnie,julian champagnie,SAS,2025,82.000000,0.019399,0.046420,False,1.000000,0.019399,0.046420,0.027021,3.000000,7.178648,4.178648
Julian Champagnie,julian champagnie,SAS,2026,82.000000,0.084195,0.101234,True,1.000000,0.084195,0.101234,0.017039,13.888889,16.699631,2.810742
Julian Phillips,julian phillips,CHI,2024,40.000000,0.013457,0.016953,False,0.487805,0.006564,0.008270,0.001706,0.922857,1.162638,0.239781
Julian Phillips,julian phillips,CHI,2025,79.000000,0.014366,0.024418,False,0.963415,0.013841,0.023525,0.009684,2.140396,3.638008,1.497612
Julian Phillips,julian phillips,CHI,2026,35.000000,0.014587,0.021060,False,0.426829,0.006226,0.008989,0.002763,1.027039,1.482834,0.455795
Julian Strawther,julian strawther,DEN,2024,50.000000,0.018156,0.024427,False,0.609756,0.011071,0.014894,0.003824,1.556415,2.093970,0.537556
Julian Strawther,julian strawther,DEN,2025,65.000000,0.017292,0.034003,False,0.792683,0.013707,0.026954,0.013247,2.119793,4.168325,2.048532
Julian Strawther,julian strawther,DEN,2026,57.000000,0.029261,0.029630,False,0.695122,0.020340,0.020596,0.000256,3.355306,3.397616,0.042310
Julius Randle,julius randle,NOP,2019,73.000000,0.164926,0.170724,True,0.890244,0.146824,0.151986,0.005162,16.024390,16.587773,0.563382
Julius Randle,julius randle,NYK,2020,64.000000,0.173172,0.177955,False,0.780488,0.135159,0.138891,0.003733,14.751220,15.158616,0.407396
Julius Randle,julius randle,NYK,2021,71.000000,0.176135,0.285987,False,0.986111,0.173688,0.282015,0.108327,19.525000,31.702417,12.177417
Julius Randle,julius randle,NYK,2022,72.000000,0.192148,0.216957,True,0.878049,0.168715,0.190499,0.021784,20.862439,23.556161,2.693722
Julius Randle,julius randle,NYK,2023,77.000000,0.207519,0.310663,False,0.939024,0.194865,0.291720,0.096855,26.505729,39.680071,13.174342
Julius Randle,julius randle,NYK,2024,46.000000,0.235254,0.338472,False,0.560976,0.131972,0.189875,0.057903,18.553662,26.694119,8.140457
Julius Randle,julius randle,MIN,2025,69.000000,0.199578,0.168811,False,0.841463,0.167938,0.142048,-0.025890,25.971093,21.967310,-4.003783
Julius Randle,julius randle,MIN,2026,79.000000,0.202068,0.143462,False,0.963415,0.194675,0.138213,-0.056462,32.113822,22.799760,-9.314062
Justin Anderson,justin anderson,ATL,2019,48.000000,0.002698,0.028001,False,0.585366,0.001579,0.016391,0.014812,0.172350,1.788887,1.616536
Justin Anderson,justin anderson,BRK,2020,10.000000,0.001145,0.018250,False,0.121951,0.000140,0.002226,0.002086,0.015244,0.242903,0.227659
Justin Champagnie,justin champagnie,TOR,2022,36.000000,0.006672,0.017488,False,0.439024,0.002929,0.007678,0.004749,0.362195,0.949399,0.587204
Justin Champagnie,justin champagnie,BOS,2023,2.000000,0.000853,0.018065,False,0.024390,0.000021,0.000441,0.000420,0.002831,0.059931,0.057100
Justin Champagnie,justin champagnie,WAS,2024,15.000000,0.012803,0.014848,True,0.182927,0.002342,0.002716,0.000374,0.329268,0.381863,0.052595
Justin Champagnie,justin champagnie,WAS,2025,62.000000,0.015193,0.031060,False,0.756098,0.011488,0.023485,0.011997,1.776510,3.631839,1.855329
Justin Champagnie,justin champagnie,WAS,2026,69.000000,0.016173,0.041345,False,0.841463,0.013609,0.034790,0.021181,2.244977,5.739028,3.494051
Justin Edwards,justin edwards,PHI,2025,44.000000,0.013246,0.035316,False,0.536585,0.007108,0.018950,0.011842,1.099192,2.930593,1.831401
Justin Edwards,justin edwards,PHI,2026,64.000000,0.014616,0.021836,False,0.780488,0.011408,0.017043,0.005635,1.881826,2.811416,0.929589
Justin Holiday,justin holiday,CHI,2019,38.000000,0.043678,0.079322,True,0.463415,0.020241,0.036759,0.016518,2.209098,4.011867,1.802769
Justin Holiday,justin holiday,IND,2020,73.000000,0.052413,0.052413,True,0.890244,0.046661,0.046661,-0.000000,5.092551,5.092551,-0.000000
Justin Holiday,justin holiday,IND,2021,72.000000,0.053431,0.075533,False,1.000000,0.053431,0.075533,0.022101,6.006420,8.490918,2.484498
Justin Holiday,justin holiday,IND,2022,49.000000,0.004608,0.062744,False,0.597561,0.002754,0.037493,0.034739,0.340503,4.636209,4.295706
Justin Holiday,justin holiday,ATL,2023,28.000000,0.014848,0.014848,True,0.341463,0.005070,0.005070,-0.000000,0.689656,0.689656,-0.000000
Justin Jackson,justin jackson,SAC,2019,52.000000,0.030062,0.043011,False,0.634146,0.019063,0.027275,0.008212,2.080583,2.976801,0.896217
Justin Jackson,justin jackson,DAL,2020,65.000000,0.046084,0.036308,False,0.792683,0.036530,0.028780,-0.007750,3.986918,3.141104,-0.845814
Justin Jackson,justin jackson,OKC,2021,33.000000,0.000915,0.027310,False,0.458333,0.000419,0.012517,0.012098,0.047131,1.407110,1.359980
Justin Jackson,justin jackson,PHO,2022,6.000000,0.014848,0.013905,True,0.073171,0.001086,0.001017,-0.000069,0.134348,0.125811,-0.008537
Justin Jackson,justin jackson,BOS,2023,23.000000,0.000853,0.016456,False,0.280488,0.000239,0.004616,0.004376,0.032558,0.627819,0.595262
Justin James,justin james,SAC,2020,36.000000,0.013909,0.016916,False,0.439024,0.006106,0.007426,0.001320,0.666431,0.810522,0.144091
Justin James,justin james,SAC,2021,36.000000,0.000853,0.014752,False,0.500000,0.000427,0.007376,0.006949,0.047965,0.829145,0.781180
Justin Patton,justin patton,PHI,2019,3.000000,0.014848,0.030943,False,0.036585,0.000543,0.001132,0.000589,0.059289,0.123553,0.064264
Justin Robinson,justin robinson,WAS,2020,9.000000,0.001815,0.015278,False,0.109756,0.000199,0.001677,0.001478,0.021736,0.183007,0.161271
Justin Robinson,justin robinson,OKC,2021,9.000000,0.000853,0.016364,False,0.125000,0.000107,0.002045,0.001939,0.011991,0.229937,0.217945
Justise Winslow,justise winslow,MIA,2019,66.000000,0.119113,0.125003,True,0.804878,0.095871,0.100612,0.004741,10.463415,10.980817,0.517402
Justise Winslow,justise winslow,MIA,2020,11.000000,0.119113,0.111515,False,0.134146,0.015979,0.014959,-0.001019,1.743902,1.632661,-0.111242
Justise Winslow,justise winslow,MEM,2021,26.000000,0.034715,0.039641,True,0.361111,0.012536,0.014315,0.001779,1.409214,1.609187,0.199973
Justise Winslow,justise winslow,LAC,2022,37.000000,0.033137,0.030336,False,0.451220,0.014952,0.013688,-0.001264,1.848899,1.692609,-0.156291
Justise Winslow,justise winslow,POR,2023,29.000000,0.000853,0.036366,False,0.353659,0.000302,0.012861,0.012559,0.041051,1.749367,1.708316
Juwan Morgan,juwan morgan,UTA,2020,21.000000,0.013909,0.019516,False,0.256098,0.003562,0.004998,0.001436,0.388751,0.545470,0.156719
Juwan Morgan,juwan morgan,UTA,2021,29.000000,0.001024,0.017028,False,0.402778,0.000412,0.006859,0.006446,0.046366,0.771009,0.724643
Juwan Morgan,juwan morgan,TOR,2022,1.000000,0.004660,0.031920,False,0.012195,0.000057,0.000389,0.000332,0.007027,0.048134,0.041107
Kai Jones,kai jones,CHO,2022,21.000000,0.023525,0.026818,False,0.256098,0.006025,0.006868,0.000843,0.744998,0.849257,0.104259
Kai Jones,kai jones,CHO,2023,46.000000,0.022407,0.024382,False,0.560976,0.012570,0.013678,0.001108,1.709786,1.860453,0.150666
Karl-Anthony Towns,karl-anthony towns,MIN,2019,77.000000,0.250000,0.250000,True,0.939024,0.234756,0.234756,0.000000,25.621280,25.621280,0.000000
Karl-Anthony Towns,karl-anthony towns,MIN,2020,35.000000,0.270000,0.270000,False,0.426829,0.115244,0.115244,0.000000,12.577720,12.577720,0.000000
Karl-Anthony Towns,karl-anthony towns,MIN,2021,50.000000,0.281554,0.291600,False,0.694444,0.195524,0.202500,0.006976,21.979583,22.763835,0.784252
Karl-Anthony Towns,karl-anthony towns,MIN,2022,74.000000,0.273611,0.350000,False,0.902439,0.246917,0.315854,0.068936,30.532580,39.056884,8.524304
Karl-Anthony Towns,karl-anthony towns,MIN,2023,29.000000,0.264784,0.350000,False,0.353659,0.093643,0.123780,0.030137,12.737437,16.836746,4.099309
Karl-Anthony Towns,karl-anthony towns,MIN,2024,62.000000,0.350000,0.305798,True,0.756098,0.264634,0.231213,-0.033421,37.204385,32.505807,-4.698578
Karl-Anthony Towns,karl-anthony towns,NYK,2025,72.000000,0.343636,0.375641,False,0.878049,0.301729,0.329831,0.028102,46.661500,51.007436,4.345935
Karl-Anthony Towns,karl-anthony towns,NYK,2026,75.000000,0.346013,0.273248,False,0.914634,0.316476,0.249922,-0.066554,52.206154,41.227310,-10.978844
Kasparas Jakučionis,kasparas jakucionis,MIA,2026,53.000000,0.023288,0.028983,False,0.646341,0.015052,0.018733,0.003681,2.483037,3.090192,0.607155
Kawhi Leonard,kawhi leonard,TOR,2019,60.000000,0.300000,0.300000,True,0.731707,0.219512,0.219512,-0.000000,23.957561,23.957561,-0.000000
Kawhi Leonard,kawhi leonard,LAC,2020,57.000000,0.315000,0.350000,False,0.695122,0.218963,0.243293,0.024329,23.897667,26.552963,2.655296
Kawhi Leonard,kawhi leonard,LAC,2021,52.000000,0.350000,0.350000,False,0.722222,0.252778,0.252778,0.000000,28.415761,28.415761,0.000000
Kawhi Leonard,kawhi leonard,,2022,0.000000,0.343637,0.154630,False,0.000000,0.000000,0.000000,0.000000,0.000000,0.000000,0.000000
Kawhi Leonard,kawhi leonard,LAC,2023,52.000000,0.335537,0.313046,False,0.634146,0.212780,0.198517,-0.014262,28.942492,27.002512,-1.939981
Kawhi Leonard,kawhi leonard,LAC,2024,68.000000,0.350000,0.275143,False,0.829268,0.290244,0.228167,-0.062077,40.804810,32.077562,-8.727248
Kawhi Leonard,kawhi leonard,LAC,2025,37.000000,0.323317,0.289226,False,0.451220,0.145887,0.130504,-0.015383,22.560976,20.182091,-2.378885
Kawhi Leonard,kawhi leonard,LAC,2026,65.000000,0.304921,0.292830,False,0.792683,0.241705,0.232122,-0.009584,39.871951,38.291006,-1.580945
Keaton Wallace,keaton wallace,ATL,2025,31.000000,0.014848,0.016104,False,0.378049,0.005613,0.006088,0.000474,0.868104,0.941480,0.073377
Keegan Murray,keegan murray,SAC,2023,80.000000,0.061821,0.105796,False,0.975610,0.060313,0.103215,0.042902,8.203902,14.039426,5.835524
Keegan Murray,keegan murray,SAC,2024,77.000000,0.062662,0.165217,False,0.939024,0.058841,0.155143,0.096301,8.272392,21.811209,13.538817
Keegan Murray,keegan murray,SAC,2025,76.000000,0.072061,0.138633,False,0.926829,0.066789,0.128489,0.061701,10.328672,19.870489,9.541817
Keegan Murray,keegan murray,SAC,2026,23.000000,0.146325,0.121962,True,0.280488,0.041042,0.034209,-0.006834,6.770397,5.643128,-1.127268
Keita Bates-Diop,keita bates-diop,MIN,2019,30.000000,0.012982,0.017041,False,0.365854,0.004750,0.006235,0.001485,0.518360,0.680455,0.162094
Keita Bates-Diop,keita bates-diop,SAS,2021,30.000000,0.015383,0.014848,True,0.416667,0.006409,0.006187,-0.000223,0.720507,0.695491,-0.025016
Keita Bates-Diop,keita bates-diop,SAS,2022,59.000000,0.015193,0.017302,False,0.719512,0.010932,0.012449,0.001517,1.351762,1.539394,0.187632
Keita Bates-Diop,keita bates-diop,SAS,2023,67.000000,0.014848,0.033485,True,0.817073,0.012132,0.027360,0.015228,1.650248,3.721529,2.071282
Keita Bates-Diop,keita bates-diop,PHO,2024,39.000000,0.018882,0.021648,False,0.475610,0.008981,0.010296,0.001315,1.262575,1.447488,0.184914
Kel'el Ware,kel'el ware,MIA,2025,64.000000,0.028732,0.051859,False,0.780488,0.022425,0.040475,0.018050,3.467988,6.259410,2.791422
Kel'el Ware,kel'el ware,MIA,2026,77.000000,0.028218,0.079602,False,0.939024,0.026498,0.074749,0.048251,4.371083,12.330618,7.959534
Kelan Martin,kelan martin,MIN,2020,31.000000,0.007347,0.018018,False,0.378049,0.002778,0.006812,0.004034,0.303157,0.743419,0.440261
Kelan Martin,kelan martin,IND,2021,35.000000,0.001707,0.021208,False,0.486111,0.000830,0.010309,0.009480,0.093265,1.158929,1.065663
Keldon Johnson,keldon johnson,SAS,2020,17.000000,0.018765,0.035536,False,0.207317,0.003890,0.007367,0.003477,0.424594,0.804069,0.379476
Keldon Johnson,keldon johnson,SAS,2021,69.000000,0.019088,0.081522,False,0.958333,0.018292,0.078125,0.059833,2.056315,8.782342,6.726027
Keldon Johnson,keldon johnson,SAS,2022,75.000000,0.031321,0.139034,False,0.914634,0.028647,0.127165,0.098518,3.542401,15.724615,12.182214
Keldon Johnson,keldon johnson,SAS,2023,63.000000,0.147036,0.194502,True,0.768293,0.112967,0.149434,0.036468,15.365854,20.326220,4.960366
Keldon Johnson,keldon johnson,SAS,2024,69.000000,0.135147,0.113651,False,0.841463,0.113721,0.095633,-0.018088,15.987805,13.444819,-2.542986
Keldon Johnson,keldon johnson,SAS,2025,77.000000,0.113161,0.061285,False,0.939024,0.106261,0.057548,-0.048713,16.432927,8.899586,-7.533341
Keldon Johnson,keldon johnson,SAS,2026,82.000000,0.106086,0.078243,False,1.000000,0.106086,0.078243,-0.027842,17.500000,12.907110,-4.592890
Kelly Olynyk,kelly olynyk,MIA,2019,79.000000,0.106908,0.090642,True,0.963415,0.102996,0.087326,-0.015670,11.241011,9.530735,-1.710276
Kelly Olynyk,kelly olynyk,MIA,2020,67.000000,0.117461,0.072503,False,0.817073,0.095974,0.059240,-0.036733,10.474591,6.465500,-4.009092
Kelly Olynyk,kelly olynyk,MIA,2021,43.000000,0.108484,0.085699,False,0.597222,0.064789,0.051181,-0.013608,7.283198,5.753467,-1.529730
Kelly Olynyk,kelly olynyk,DET,2022,40.000000,0.103553,0.058974,False,0.487805,0.050514,0.028768,-0.021746,6.246282,3.557284,-2.688998
Kelly Olynyk,kelly olynyk,UTA,2023,68.000000,0.089656,0.083140,False,0.829268,0.074349,0.068946,-0.005403,10.113028,9.378044,-0.734984
Kelly Olynyk,kelly olynyk,UTA,2024,50.000000,0.091081,0.031257,False,0.609756,0.055537,0.019059,-0.036478,7.807852,2.679508,-5.128344
Kelly Olynyk,kelly olynyk,NOP,2025,20.000000,0.086941,0.052763,False,0.243902,0.021205,0.012869,-0.008336,3.279298,1.990139,-1.289159
Kelly Oubre Jr.,kelly oubre jr.,PHO,2019,40.000000,0.143165,0.108034,True,0.487805,0.069836,0.052699,-0.017137,7.621951,5.751618,-1.870333
Kelly Oubre Jr.,kelly oubre jr.,PHO,2020,56.000000,0.131712,0.190368,False,0.682927,0.089949,0.130008,0.040058,9.817073,14.189026,4.371952
Kelly Oubre Jr.,kelly oubre jr.,GSW,2021,55.000000,0.106748,0.132777,True,0.763889,0.081544,0.101427,0.019883,9.166667,11.401765,2.235098
Kelly Oubre Jr.,kelly oubre jr.,CHO,2022,76.000000,0.101896,0.094452,False,0.926829,0.094441,0.087541,-0.006900,11.678049,10.824832,-0.853217
Kelly Oubre Jr.,kelly oubre jr.,CHO,2023,48.000000,0.014848,0.134005,True,0.585366,0.008692,0.078442,0.069750,1.182267,10.669761,9.487494
Kelly Oubre Jr.,kelly oubre jr.,PHI,2024,68.000000,0.056783,0.097831,True,0.829268,0.047088,0.081128,0.034040,6.620049,11.405616,4.785567
Kelly Oubre Jr.,kelly oubre jr.,PHI,2025,60.000000,0.054202,0.104617,False,0.731707,0.039660,0.076549,0.036889,6.133280,11.838109,5.704828
Kelly Oubre Jr.,kelly oubre jr.,PHI,2026,50.000000,0.048799,0.089041,True,0.609756,0.029756,0.054293,0.024538,4.908537,8.956273,4.047736
Kemba Walker,kemba walker,CHO,2019,82.000000,0.300000,0.300000,True,1.000000,0.300000,0.300000,-0.000000,32.742000,32.742000,-0.000000
Kemba Walker,kemba walker,BOS,2020,56.000000,0.315000,0.283499,False,0.682927,0.215122,0.193609,-0.021513,23.478410,21.130477,-2.347933
Kemba Walker,kemba walker,BOS,2021,43.000000,0.077651,0.300931,True,0.597222,0.046375,0.179723,0.133348,5.213165,20.203341,14.990177
Kemba Walker,kemba walker,NYK,2022,37.000000,0.005537,0.036438,False,0.451220,0.002499,0.016442,0.013943,0.308955,2.033101,1.724145
Kendall Brown,kendall brown,IND,2023,6.000000,0.008087,0.019097,False,0.073171,0.000592,0.001397,0.000806,0.080488,0.190065,0.109577
Kendrick Nunn,kendrick nunn,MIA,2020,67.000000,0.014848,0.085964,False,0.817073,0.012132,0.070239,0.058107,1.324119,7.665903,6.341783
Kendrick Nunn,kendrick nunn,MIA,2021,56.000000,0.044478,0.113846,True,0.777778,0.034594,0.088547,0.053953,3.888889,9.953907,6.065018
Kendrick Nunn,kendrick nunn,,2022,0.000000,0.042457,0.036354,False,0.000000,0.000000,0.000000,0.000000,0.000000,0.000000,0.000000
Kennedy Chandler,kennedy chandler,MEM,2023,36.000000,0.012644,0.015844,False,0.439024,0.005551,0.006956,0.001405,0.755062,0.946132,0.191070
Kenrich Williams,kenrich williams,NOP,2019,46.000000,0.012982,0.035079,False,0.560976,0.007283,0.019678,0.012396,0.794819,2.147693,1.352874
Kenrich Williams,kenrich williams,NOP,2020,39.000000,0.018325,0.047424,True,0.475610,0.008716,0.022555,0.013840,0.951220,2.461685,1.510465
Kenrich Williams,kenrich williams,OKC,2021,66.000000,0.017791,0.033209,False,0.916667,0.016309,0.030441,0.014133,1.833333,3.422031,1.588697
Kenrich Williams,kenrich williams,OKC,2022,49.000000,0.016174,0.041764,False,0.597561,0.009665,0.024957,0.015292,1.195122,3.085997,1.890875
Kenrich Williams,kenrich williams,OKC,2023,53.000000,0.045397,0.069147,True,0.646341,0.029342,0.044693,0.015350,3.991159,6.079122,2.087963
Kenrich Williams,kenrich williams,OKC,2024,69.000000,0.047436,0.040173,False,0.841463,0.039916,0.033804,-0.006112,5.611720,4.752421,-0.859298
Kenrich Williams,kenrich williams,OKC,2025,69.000000,0.046318,0.040423,False,0.841463,0.038975,0.034014,-0.004961,6.027402,5.260231,-0.767171
Kenrich Williams,kenrich williams,OKC,2026,56.000000,0.030310,0.050429,True,0.682927,0.020700,0.034439,0.013740,3.414634,5.681159,2.266525
Kent Bazemore,kent bazemore,ATL,2019,67.000000,0.176559,0.053702,False,0.817073,0.144262,0.043878,-0.100383,15.744724,4.788875,-10.955849
Kent Bazemore,kent bazemore,POR,2020,43.000000,0.014848,0.047671,True,0.524390,0.007786,0.024998,0.017212,0.849808,2.728294,1.878486
Kent Bazemore,kent bazemore,GSW,2021,67.000000,0.014848,0.039264,True,0.930556,0.013817,0.036538,0.022720,1.553263,4.107343,2.554080
Kentavious Caldwell-Pope,kentavious caldwell-pope,LAL,2019,82.000000,0.074118,0.090457,True,1.000000,0.074118,0.090457,0.016339,8.089282,9.872484,1.783202
Kentavious Caldwell-Pope,kentavious caldwell-pope,LAL,2020,69.000000,0.110620,0.092197,True,0.841463,0.093082,0.077580,-0.015502,10.159005,8.467111,-1.691893
Kentavious Caldwell-Pope,kentavious caldwell-pope,LAL,2021,67.000000,0.115990,0.086827,False,0.930556,0.107935,0.080797,-0.027138,12.133385,9.082719,-3.050667
Kentavious Caldwell-Pope,kentavious caldwell-pope,WAS,2022,77.000000,0.113256,0.098520,False,0.939024,0.106350,0.092512,-0.013838,13.150758,11.439604,-1.711153
Kentavious Caldwell-Pope,kentavious caldwell-pope,DEN,2023,76.000000,0.108108,0.133022,False,0.926829,0.100198,0.123289,0.023091,13.628967,16.769878,3.140911
Kentavious Caldwell-Pope,kentavious caldwell-pope,DEN,2024,76.000000,0.161870,0.128852,True,0.926829,0.150026,0.119424,-0.030602,21.091854,16.789593,-4.302261
Kentavious Caldwell-Pope,kentavious caldwell-pope,ORL,2025,77.000000,0.139812,0.102407,False,0.939024,0.131287,0.096163,-0.035124,20.303116,14.871286,-5.431830
Kentavious Caldwell-Pope,kentavious caldwell-pope,MEM,2026,51.000000,0.107571,0.039261,False,0.621951,0.066904,0.024419,-0.042485,11.036506,4.028112,-7.008394
Keon Ellis,keon ellis,SAC,2023,16.000000,0.005024,0.019029,False,0.195122,0.000980,0.003713,0.002733,0.133352,0.505052,0.371700
Keon Ellis,keon ellis,SAC,2024,57.000000,0.015084,0.033614,False,0.695122,0.010486,0.023366,0.012880,1.474140,3.284914,1.810774
Keon Ellis,keon ellis,SAC,2025,80.000000,0.014883,0.059430,False,0.975610,0.014520,0.057981,0.043461,2.245451,8.966542,6.721091
Keon Ellis,keon ellis,SAC,2026,43.000000,0.053228,0.039537,True,0.524390,0.027912,0.020733,-0.007179,4.604402,3.420128,-1.184274
Keon Johnson,keon johnson,POR,2022,22.000000,0.021682,0.045388,False,0.268293,0.005817,0.012177,0.006360,0.719303,1.505785,0.786481
Keon Johnson,keon johnson,POR,2023,40.000000,0.020649,0.029091,False,0.487805,0.010073,0.014191,0.004118,1.370107,1.930260,0.560153
Keon Johnson,keon johnson,BRK,2024,5.000000,0.015383,0.024959,False,0.060976,0.000938,0.001522,0.000584,0.131866,0.213957,0.082091
Keon Johnson,keon johnson,BRK,2025,79.000000,0.015193,0.044281,False,0.963415,0.014637,0.042661,0.028024,2.263618,6.597401,4.333783
Keshad Johnson,keshad johnson,MIA,2025,16.000000,0.012644,0.018039,False,0.195122,0.002467,0.003520,0.001053,0.381537,0.544321,0.162784
Kessler Edwards,kessler edwards,BRK,2022,48.000000,0.013246,0.022425,False,0.585366,0.007754,0.013127,0.005373,0.958809,1.623174,0.664364
Kessler Edwards,kessler edwards,BRK,2023,14.000000,0.014174,0.017489,False,0.170732,0.002420,0.002986,0.000566,0.329153,0.406153,0.077000
Kevin Durant,kevin durant,GSW,2019,78.000000,0.340837,0.350000,True,0.951220,0.324211,0.332927,0.008716,35.384415,36.335634,0.951220
Kevin Durant,kevin durant,,2020,0.000000,0.357879,0.156682,False,0.000000,0.000000,0.000000,0.000000,0.000000,0.000000,0.000000
Kevin Durant,kevin durant,BRK,2021,35.000000,0.364002,0.372045,False,0.486111,0.176945,0.180855,0.003910,19.891132,20.330669,0.439537
Kevin Durant,kevin durant,BRK,2022,55.000000,0.356798,0.374641,False,0.670732,0.239316,0.251283,0.011968,29.592579,31.072446,1.479867
Kevin Durant,kevin durant,BRK,2023,39.000000,0.350309,0.361202,False,0.475610,0.166611,0.171791,0.005181,22.662535,23.367228,0.704693
Kevin Durant,kevin durant,PHO,2024,75.000000,0.364035,0.287971,False,0.914634,0.332959,0.263388,-0.069571,46.810080,37.029195,-9.780885
Kevin Durant,kevin durant,PHO,2025,62.000000,0.353764,0.265497,False,0.756098,0.267480,0.200742,-0.066739,41.365046,31.044077,-10.320968
Kevin Durant,kevin durant,HOU,2026,78.000000,0.266138,0.276495,True,0.951220,0.253156,0.263007,0.009851,41.760857,43.385902,1.625045
Kevin Huerter,kevin huerter,ATL,2019,75.000000,0.024155,0.061689,False,0.914634,0.022093,0.056423,0.034330,2.411232,6.158014,3.746783
Kevin Huerter,kevin huerter,ATL,2020,56.000000,0.025306,0.112496,False,0.682927,0.017282,0.076827,0.059544,1.886189,8.384875,6.498686
Kevin Huerter,kevin huerter,ATL,2021,69.000000,0.037837,0.125055,False,0.958333,0.036260,0.119844,0.083584,4.076134,13.472182,9.396049
Kevin Huerter,kevin huerter,ATL,2022,74.000000,0.117334,0.146363,True,0.902439,0.105887,0.132084,0.026197,13.093424,16.332786,3.239363
Kevin Huerter,kevin huerter,SAC,2023,75.000000,0.115200,0.126647,False,0.914634,0.105366,0.115836,0.010470,14.331991,15.756074,1.424083
Kevin Huerter,kevin huerter,SAC,2024,64.000000,0.119714,0.087589,False,0.780488,0.093435,0.068362,-0.025073,13.135888,9.610869,-3.525019
Kevin Huerter,kevin huerter,SAC,2025,43.000000,0.116336,0.061853,False,0.524390,0.061006,0.032435,-0.028571,9.434342,5.015995,-4.418347
Kevin Huerter,kevin huerter,CHI,2026,44.000000,0.050517,0.074681,True,0.536585,0.027107,0.040073,0.012966,4.471545,6.610408,2.138863
Kevin Knox,kevin knox,NYK,2019,75.000000,0.040133,0.095412,False,0.914634,0.036707,0.087267,0.050560,4.006207,9.524353,5.518146
Kevin Knox,kevin knox,NYK,2020,65.000000,0.042044,0.042829,False,0.792683,0.033328,0.033949,0.000622,3.637368,3.705248,0.067880
Kevin Knox,kevin knox,NYK,2021,42.000000,0.052004,0.030005,False,0.583333,0.030336,0.017503,-0.012833,3.410154,1.967598,-1.442555
Kevin Knox,kevin knox,ATL,2022,17.000000,0.024261,0.019527,True,0.207317,0.005030,0.004048,-0.000981,0.621951,0.500592,-0.121359
Kevin Knox,kevin knox,DET,2023,42.000000,0.013568,0.014848,True,0.512195,0.006950,0.007605,0.000656,0.945304,1.034484,0.089180
Kevin Knox,kevin knox,DET,2024,31.000000,0.001877,0.013837,False,0.378049,0.000710,0.005231,0.004521,0.099782,0.735416,0.635634
Kevin Love,kevin love,CLE,2019,22.000000,0.265190,0.217010,True,0.268293,0.071149,0.058222,-0.012926,7.765150,6.354370,-1.410780
Kevin Love,kevin love,CLE,2020,56.000000,0.286405,0.119901,False,0.682927,0.195594,0.081884,-0.113710,21.347102,8.936799,-12.410302
Kevin Love,kevin love,CLE,2021,25.000000,0.278064,0.082776,False,0.347222,0.096550,0.028742,-0.067808,10.853561,3.230966,-7.622595
Kevin Love,kevin love,CLE,2022,74.000000,0.221931,0.072956,False,0.902439,0.200279,0.065839,-0.134440,24.765481,8.141295,-16.624185
Kevin Love,kevin love,2TM,2023,62.000000,0.028200,0.014848,True,0.756098,0.021322,0.011227,-0.010095,2.900192,1.527095,-1.373097
Kevin Love,kevin love,MIA,2024,55.000000,0.027385,0.033335,False,0.670732,0.018368,0.022359,0.003991,2.582317,3.143388,0.561071
Kevin Love,kevin love,MIA,2025,23.000000,0.026835,0.023579,False,0.280488,0.007527,0.006614,-0.000913,1.164024,1.022775,-0.141249
Kevin Porter Jr.,kevin porter jr.,CLE,2020,50.000000,0.015741,0.039693,False,0.609756,0.009598,0.024203,0.014605,1.047549,2.641516,1.593967
Kevin Porter Jr.,kevin porter jr.,HOU,2021,26.000000,0.015858,0.101992,False,0.361111,0.005726,0.036830,0.031104,0.643724,4.140239,3.496515
Kevin Porter Jr.,kevin porter jr.,HOU,2022,61.000000,0.026021,0.116003,False,0.743902,0.019357,0.086295,0.066938,2.393604,10.670767,8.277164
Kevin Porter Jr.,kevin porter jr.,HOU,2023,59.000000,0.116600,0.178481,True,0.719512,0.083895,0.128419,0.044524,11.411463,17.467705,6.056242
Kevin Porter Jr.,kevin porter jr.,LAC,2025,45.000000,0.033198,0.075928,True,0.548780,0.018219,0.041668,0.023449,2.817439,6.443802,3.626363
Kevin Porter Jr.,kevin porter jr.,MIL,2026,38.000000,0.032679,0.145717,False,0.463415,0.015144,0.067528,0.052384,2.498129,11.139408,8.641279
Kevon Harris,kevon harris,ORL,2024,2.000000,0.000853,0.024338,False,0.024390,0.000021,0.000594,0.000573,0.002926,0.083454,0.080528
Kevon Looney,kevon looney,GSW,2019,80.000000,0.040904,0.077415,True,0.975610,0.039907,0.075527,0.035621,4.355401,8.243046,3.887645
Kevon Looney,kevon looney,GSW,2020,20.000000,0.044177,0.052480,False,0.243902,0.010775,0.012800,0.002025,1.175958,1.396991,0.221033
Kevon Looney,kevon looney,GSW,2021,61.000000,0.046067,0.046090,False,0.847222,0.039029,0.039048,0.000019,4.387401,4.389548,0.002146
Kevon Looney,kevon looney,GSW,2022,82.000000,0.064696,0.086839,True,1.000000,0.064696,0.086839,0.022143,8.000000,10.738079,2.738079
Kevon Looney,kevon looney,GSW,2023,82.000000,0.055139,0.110750,False,1.000000,0.055139,0.110750,0.055612,7.500000,15.064380,7.564380
Kevon Looney,kevon looney,GSW,2024,74.000000,0.056904,0.058267,False,0.902439,0.051352,0.052583,0.001230,7.219512,7.392484,0.172971
Kevon Looney,kevon looney,GSW,2025,76.000000,0.051731,0.046989,False,0.926829,0.047946,0.043551,-0.004395,7.414634,6.735022,-0.679612
Kevon Looney,kevon looney,NOP,2026,21.000000,0.014848,0.016082,True,0.256098,0.003803,0.004119,0.000316,0.627291,0.679408,0.052117
Keyonte George,keyonte george,UTA,2024,75.000000,0.029051,0.078199,False,0.914634,0.026571,0.071524,0.044953,3.735549,10.055381,6.319832
Keyonte George,keyonte george,UTA,2025,67.000000,0.027669,0.139340,False,0.817073,0.022608,0.113851,0.091243,3.496223,17.606698,14.110475
Keyonte George,keyonte george,UTA,2026,54.000000,0.039791,0.173861,False,0.658537,0.026204,0.114494,0.088290,4.322585,18.886989,14.564404
Khaman Maluach,khaman maluach,PHO,2026,46.000000,0.038292,0.022414,False,0.560976,0.021481,0.012574,-0.008907,3.543503,2.074155,-1.469349
Khem Birch,khem birch,ORL,2019,50.000000,0.027488,0.036514,True,0.609756,0.016761,0.022265,0.005504,1.829268,2.429984,0.600716
Khem Birch,khem birch,ORL,2020,48.000000,0.023695,0.031426,False,0.585366,0.013870,0.018396,0.004526,1.513777,2.007699,0.493922
Khem Birch,khem birch,ORL,2021,48.000000,0.056488,0.020559,True,0.666667,0.037658,0.013706,-0.023953,4.233333,1.540717,-2.692616
Khem Birch,khem birch,TOR,2022,55.000000,0.053920,0.022693,False,0.670732,0.036166,0.015221,-0.020945,4.472104,1.882152,-2.589951
Khem Birch,khem birch,TOR,2023,20.000000,0.051352,0.015170,False,0.243902,0.012525,0.003700,-0.008825,1.703659,0.503289,-1.200369
Khris Middleton,khris middleton,MIL,2019,77.000000,0.280405,0.299189,True,0.939024,0.263308,0.280946,0.017638,28.737384,30.662393,1.925009
Khris Middleton,khris middleton,MIL,2020,62.000000,0.302838,0.259018,False,0.756098,0.228975,0.195843,-0.033132,24.990328,21.374304,-3.616024
Khris Middleton,khris middleton,MIL,2021,68.000000,0.315797,0.294690,False,0.944444,0.298253,0.278319,-0.019934,33.527778,31.286916,-2.240861
Khris Middleton,khris middleton,MIL,2022,66.000000,0.306888,0.265582,False,0.804878,0.247008,0.213761,-0.033247,30.543734,26.432595,-4.111139
Khris Middleton,khris middleton,MIL,2023,33.000000,0.215562,0.194499,True,0.402439,0.086751,0.078274,-0.008477,11.799910,10.646899,-1.153011
Khris Middleton,khris middleton,MIL,2024,55.000000,0.220502,0.133671,False,0.670732,0.147898,0.089657,-0.058241,20.792683,12.604712,-8.187971
Khris Middleton,khris middleton,MIL,2025,23.000000,0.215305,0.068837,False,0.280488,0.060390,0.019308,-0.041082,9.339205,2.985926,-6.353279
Khris Middleton,khris middleton,WAS,2026,34.000000,0.033894,0.040112,True,0.414634,0.014053,0.016632,0.002578,2.318270,2.743586,0.425316
Khyri Thomas,khyri thomas,DET,2019,26.000000,0.012982,0.016928,False,0.317073,0.004116,0.005368,0.001251,0.449246,0.585815,0.136569
Khyri Thomas,khyri thomas,DET,2020,8.000000,0.006823,0.017988,False,0.097561,0.000666,0.001755,0.001089,0.072652,0.191537,0.118885
Killian Hayes,killian hayes,DET,2021,26.000000,0.049573,0.049366,False,0.361111,0.017901,0.017827,-0.000075,2.012357,2.003969,-0.008387
Killian Hayes,killian hayes,DET,2022,66.000000,0.047210,0.047092,False,0.804878,0.037998,0.037904,-0.000095,4.698685,4.686964,-0.011721
Killian Hayes,killian hayes,DET,2023,76.000000,0.054506,0.092421,False,0.926829,0.050518,0.085658,0.035141,6.871470,11.651318,4.779847
Killian Hayes,killian hayes,DET,2024,42.000000,0.000853,0.049056,False,0.512195,0.000437,0.025126,0.024689,0.061449,3.532421,3.470971
Killian Hayes,killian hayes,BRK,2025,6.000000,0.001707,0.040928,False,0.073171,0.000125,0.002995,0.002870,0.019313,0.463123,0.443810
Killian Tillie,killian tillie,MEM,2021,18.000000,0.016916,0.016237,False,0.250000,0.004229,0.004059,-0.000170,0.475406,0.456304,-0.019102
Killian Tillie,killian tillie,MEM,2022,36.000000,0.015378,0.019502,False,0.439024,0.006752,0.008562,0.001810,0.834860,1.058693,0.223833
KJ Martin,kj martin,HOU,2023,82.000000,0.014194,0.052230,False,1.000000,0.014194,0.052230,0.038036,1.930681,7.104383,5.173702
KJ Martin,kj martin,PHI,2024,58.000000,0.056726,0.029644,True,0.707317,0.040123,0.020968,-0.019156,5.640854,2.947818,-2.693036
Klay Thompson,klay thompson,GSW,2019,78.000000,0.300000,0.300000,True,0.951220,0.285366,0.285366,-0.000000,31.144829,31.144829,-0.000000
Klay Thompson,klay thompson,,2020,0.000000,0.324000,0.112609,False,0.000000,0.000000,0.000000,0.000000,0.000000,0.000000,0.000000
Klay Thompson,klay thompson,,2021,0.000000,0.337865,0.082253,False,0.000000,0.000000,0.000000,0.000000,0.000000,0.000000,0.000000
Klay Thompson,klay thompson,GSW,2022,32.000000,0.328334,0.174451,False,0.390244,0.128130,0.068078,-0.060052,15.843934,8.418220,-7.425713
Klay Thompson,klay thompson,GSW,2023,69.000000,0.317741,0.159053,False,0.841463,0.267367,0.133838,-0.133530,36.367578,18.204730,-18.162848
Klay Thompson,klay thompson,GSW,2024,77.000000,0.112904,0.127964,True,0.939024,0.106020,0.120161,0.014141,14.905149,16.893265,1.988116
Klay Thompson,klay thompson,DAL,2025,72.000000,0.107772,0.070293,False,0.878049,0.094629,0.061721,-0.032908,14.634147,9.544977,-5.089169
Klay Thompson,klay thompson,DAL,2026,69.000000,0.105845,0.040994,False,0.841463,0.089065,0.034495,-0.054570,14.692218,5.690311,-9.001907
Kobe Brown,kobe brown,LAC,2024,44.000000,0.018024,0.018352,False,0.536585,0.009671,0.009847,0.000176,1.359664,1.384418,0.024753
Kobe Brown,kobe brown,LAC,2025,40.000000,0.017167,0.017478,False,0.487805,0.008374,0.008526,0.000151,1.295063,1.318491,0.023427
Kobe Bufkin,kobe bufkin,ATL,2024,17.000000,0.030579,0.030239,False,0.207317,0.006339,0.006269,-0.000070,0.891256,0.881366,-0.009890
Kobe Bufkin,kobe bufkin,ATL,2025,10.000000,0.029123,0.029288,False,0.121951,0.003552,0.003572,0.000020,0.549234,0.552346,0.003112
Kobe Sanders,kobe sanders,LAC,2026,68.000000,0.015896,0.033335,False,0.829268,0.013182,0.027644,0.014462,2.174457,4.560174,2.385717
Kobi Simmons,kobi simmons,CHO,2023,5.000000,0.000853,0.016536,False,0.060976,0.000052,0.001008,0.000956,0.007078,0.137151,0.130073
Kon Knueppel,kon knueppel,CHO,2026,81.000000,0.063752,0.135344,False,0.987805,0.062974,0.133693,0.070719,10.388309,22.054183,11.665874
Kris Dunn,kris dunn,CHI,2019,46.000000,0.049001,0.085237,False,0.560976,0.027489,0.047816,0.020327,3.000101,5.218599,2.218497
Kris Dunn,kris dunn,CHI,2020,51.000000,0.043678,0.071857,True,0.621951,0.027165,0.044691,0.017526,2.964841,4.877605,1.912763
Kris Dunn,kris dunn,ATL,2021,4.000000,0.044526,0.024551,False,0.055556,0.002474,0.001364,-0.001110,0.278075,0.153327,-0.124748
Kris Dunn,kris dunn,POR,2022,14.000000,0.005951,0.037635,False,0.170732,0.001016,0.006425,0.005409,0.125628,0.794539,0.668911
Kris Dunn,kris dunn,UTA,2023,22.000000,0.019017,0.034723,False,0.268293,0.005102,0.009316,0.004214,0.693983,1.267171,0.573187
Kris Dunn,kris dunn,UTA,2024,66.000000,0.036760,0.028466,True,0.804878,0.029587,0.022912,-0.006675,4.159610,3.221131,-0.938479
Kris Dunn,kris dunn,LAC,2025,74.000000,0.035089,0.061791,False,0.902439,0.031666,0.055763,0.024097,4.896995,8.623573,3.726578
Kris Dunn,kris dunn,LAC,2026,82.000000,0.034461,0.062876,False,1.000000,0.034461,0.062876,0.028415,5.684800,10.372093,4.687293
Kris Murray,kris murray,POR,2024,62.000000,0.021268,0.046140,False,0.756098,0.016081,0.034887,0.018806,2.260762,4.904649,2.643887
Kris Murray,kris murray,POR,2025,69.000000,0.020253,0.028361,False,0.841463,0.017042,0.023864,0.006823,2.635463,3.690564,1.055101
Kris Murray,kris murray,POR,2026,57.000000,0.032220,0.048492,False,0.695122,0.022397,0.033708,0.011311,3.694576,5.560424,1.865848
Kyle Anderson,kyle anderson,MEM,2019,43.000000,0.083132,0.101096,False,0.524390,0.043594,0.053014,0.009420,4.757819,5.785925,1.028107
Kyle Anderson,kyle anderson,MEM,2020,67.000000,0.087091,0.053460,False,0.817073,0.071160,0.043681,-0.027479,7.766362,4.767327,-2.999035
Kyle Anderson,kyle anderson,MEM,2021,69.000000,0.088398,0.122489,False,0.958333,0.084715,0.117386,0.032671,9.523102,13.195778,3.672676
Kyle Anderson,kyle anderson,MEM,2022,69.000000,0.071008,0.067983,True,0.841463,0.059751,0.057205,-0.002545,7.388459,7.073737,-0.314723
Kyle Anderson,kyle anderson,MIN,2023,69.000000,0.067780,0.089664,False,0.841463,0.057034,0.075449,0.018415,7.757882,10.262686,2.504804
Kyle Anderson,kyle anderson,MIN,2024,79.000000,0.062455,0.058502,False,0.963415,0.060171,0.056362,-0.003809,8.459251,7.923778,-0.535472
Kyle Anderson,kyle anderson,GSW,2025,36.000000,0.059616,0.027899,False,0.439024,0.026173,0.012248,-0.013925,4.047591,1.894153,-2.153437
Kyle Anderson,kyle anderson,UTA,2026,20.000000,0.014848,0.014848,True,0.243902,0.003622,0.003622,-0.000000,0.597420,0.597420,-0.000000
Kyle Filipowski,kyle filipowski,UTA,2025,72.000000,0.019399,0.046597,False,0.878049,0.017033,0.040915,0.023881,2.634146,6.327310,3.693164
Kyle Filipowski,kyle filipowski,UTA,2026,77.000000,0.018186,0.070939,False,0.939024,0.017077,0.066614,0.049536,2.817073,10.988642,8.171569
Kyle Guy,kyle guy,SAC,2021,31.000000,0.001707,0.018389,False,0.430556,0.000735,0.007917,0.007183,0.082606,0.890030,0.807424
Kyle Korver,kyle korver,UTA,2019,54.000000,0.014848,0.018297,True,0.658537,0.009778,0.012049,0.002271,1.067201,1.315036,0.247835
Kyle Kuzma,kyle kuzma,LAL,2019,70.000000,0.018092,0.143527,False,0.853659,0.015445,0.122523,0.107078,1.685634,13.372161,11.686527
Kyle Kuzma,kyle kuzma,LAL,2020,61.000000,0.032639,0.075619,False,0.743902,0.024280,0.056253,0.031973,2.649913,6.139483,3.489570
Kyle Kuzma,kyle kuzma,LAL,2021,68.000000,0.115644,0.103580,True,0.944444,0.109219,0.097826,-0.011394,12.277778,10.996984,-1.280794
Kyle Kuzma,kyle kuzma,WAS,2022,66.000000,0.105131,0.159799,False,0.804878,0.084618,0.128618,0.044001,10.463415,15.904304,5.440890
Kyle Kuzma,kyle kuzma,WAS,2023,64.000000,0.187972,0.154050,True,0.780488,0.146710,0.120234,-0.026476,19.955654,16.354329,-3.601325
Kyle Kuzma,kyle kuzma,WAS,2024,70.000000,0.173956,0.160911,False,0.853659,0.148499,0.137363,-0.011136,20.877125,19.311592,-1.565533
Kyle Kuzma,kyle kuzma,MIL,2025,33.000000,0.144915,0.081344,False,0.402439,0.058319,0.032736,-0.025583,9.018902,5.062545,-3.956357
Kyle Kuzma,kyle kuzma,MIL,2026,69.000000,0.123333,0.055321,False,0.841463,0.103780,0.046550,-0.057230,17.119701,7.678965,-9.440736
Kyle Lowry,kyle lowry,TOR,2019,65.000000,0.305079,0.212345,False,0.792683,0.241831,0.168322,-0.073508,26.393405,18.370717,-8.022688
Kyle Lowry,kyle lowry,TOR,2020,58.000000,0.279458,0.244642,False,0.707317,0.197665,0.173039,-0.024626,21.573171,18.885518,-2.687653
Kyle Lowry,kyle lowry,TOR,2021,46.000000,0.240042,0.221741,True,0.638889,0.153360,0.141668,-0.011693,17.239860,15.925415,-1.314444
Kyle Lowry,kyle lowry,MIA,2022,63.000000,0.229132,0.123031,False,0.768293,0.176041,0.094524,-0.081517,21.768293,11.688364,-10.079929
Kyle Lowry,kyle lowry,MIA,2023,55.000000,0.218220,0.095114,False,0.670732,0.146367,0.063796,-0.082571,19.909021,8.677613,-11.231408
Kyle Lowry,kyle lowry,MIA,2024,37.000000,0.014848,0.014918,True,0.451220,0.006700,0.006731,0.000032,0.941929,0.946361,0.004432
Kyle Lowry,kyle lowry,PHI,2025,35.000000,0.014848,0.015334,False,0.426829,0.006338,0.006545,0.000207,0.980117,1.012173,0.032056
Kyle O'Quinn,kyle o'quinn,IND,2019,45.000000,0.014848,0.016810,True,0.548780,0.008149,0.009225,0.001076,0.889334,1.006807,0.117474
Kyrie Irving,kyrie irving,BOS,2019,67.000000,0.290837,0.300000,True,0.817073,0.237635,0.245122,0.007486,25.935537,26.752610,0.817073
Kyrie Irving,kyrie irving,BRK,2020,20.000000,0.306582,0.350000,False,0.243902,0.074776,0.085366,0.010590,8.161061,9.316829,1.155768
Kyrie Irving,kyrie irving,BRK,2021,54.000000,0.310604,0.350000,False,0.750000,0.232953,0.262500,0.029547,26.187150,29.508675,3.321525
Kyrie Irving,kyrie irving,BRK,2022,29.000000,0.314723,0.350000,False,0.353659,0.111304,0.123780,0.012476,13.763349,15.306076,1.542727
Kyrie Irving,kyrie irving,BRK,2023,40.000000,0.272289,0.271422,False,0.487805,0.132824,0.132401,-0.000423,18.066847,18.009311,-0.057536
Kyrie Irving,kyrie irving,DAL,2024,58.000000,0.291632,0.298684,False,0.707317,0.206276,0.211264,0.004988,29.000000,29.701189,0.701189
Kyrie Irving,kyrie irving,DAL,2025,50.000000,0.236448,0.287111,True,0.609756,0.144176,0.175068,0.030892,22.296343,27.073736,4.777393
Kyrie Irving,kyrie irving,,2026,0.000000,0.239398,0.057809,False,0.000000,0.000000,0.000000,0.000000,0.000000,0.000000,0.000000
Kyshawn George,kyshawn george,WAS,2025,68.000000,0.019184,0.046394,False,0.829268,0.015909,0.038473,0.022564,2.460240,5.949771,3.489531
Kyshawn George,kyshawn george,WAS,2026,48.000000,0.018841,0.098462,False,0.585366,0.011029,0.057636,0.046608,1.819317,9.507771,7.688454
KZ Okpala,kz okpala,MIA,2020,5.000000,0.013909,0.020322,False,0.060976,0.000848,0.001239,0.000391,0.092560,0.135241,0.042681
KZ Okpala,kz okpala,MIA,2021,37.000000,0.015858,0.017350,False,0.513889,0.008149,0.008916,0.000767,0.916069,1.002291,0.086221
KZ Okpala,kz okpala,MIA,2022,21.000000,0.014848,0.013905,True,0.256098,0.003803,0.003561,-0.000242,0.470218,0.440339,-0.029879
Lamar Stevens,lamar stevens,CLE,2021,40.000000,0.013503,0.017376,False,0.555556,0.007502,0.009653,0.002151,0.843323,1.085172,0.241849
Lamar Stevens,lamar stevens,CLE,2022,63.000000,0.014416,0.021717,False,0.768293,0.011076,0.016685,0.005609,1.369575,2.063209,0.693634
Lamar Stevens,lamar stevens,CLE,2023,62.000000,0.014848,0.021474,True,0.756098,0.011227,0.016236,0.005009,1.527095,2.208469,0.681374
Lamar Stevens,lamar stevens,BOS,2024,19.000000,0.002731,0.018435,False,0.231707,0.000633,0.004272,0.003639,0.088955,0.600536,0.511581
LaMarcus Aldridge,lamarcus aldridge,SAS,2019,81.000000,0.238226,0.245707,True,0.987805,0.235321,0.242710,0.007389,25.682927,26.489389,0.806462
LaMarcus Aldridge,lamarcus aldridge,SAS,2020,53.000000,0.005085,0.190563,False,0.646341,0.003287,0.123169,0.119882,0.358712,13.442650,13.083939
LaMarcus Aldridge,lamarcus aldridge,SAS,2021,21.000000,0.014848,0.014848,True,0.291667,0.004331,0.004331,-0.000000,0.486844,0.486844,-0.000000
LaMelo Ball,lamelo ball,CHO,2021,51.000000,0.073227,0.127690,False,0.708333,0.051869,0.090447,0.038578,5.830830,10.167490,4.336660
LaMelo Ball,lamelo ball,CHO,2022,75.000000,0.069742,0.250000,False,0.914634,0.063788,0.228659,0.164870,7.887732,28.274771,20.387040
LaMelo Ball,lamelo ball,CHO,2023,36.000000,0.080139,0.250000,False,0.439024,0.035183,0.109756,0.074573,4.785645,14.929134,10.143490
LaMelo Ball,lamelo ball,CHO,2024,22.000000,0.250000,0.250000,True,0.268293,0.067073,0.067073,0.000000,9.429683,9.429683,0.000000
LaMelo Ball,lamelo ball,CHO,2025,47.000000,0.245454,0.270000,False,0.573171,0.140687,0.154756,0.014069,21.756850,23.932566,2.175716
LaMelo Ball,lamelo ball,CHO,2026,72.000000,0.247152,0.265091,False,0.878049,0.217012,0.232762,0.015751,35.798505,38.396726,2.598221
Lance Thomas,lance thomas,NYK,2019,46.000000,0.002402,0.019747,False,0.560976,0.001347,0.011077,0.009730,0.147061,1.208989,1.061928
Landry Shamet,landry shamet,PHI,2019,54.000000,0.018280,0.041180,False,0.658537,0.012038,0.027119,0.015080,1.313860,2.959739,1.645880
Landry Shamet,landry shamet,LAC,2020,53.000000,0.019150,0.067074,False,0.646341,0.012377,0.043353,0.030975,1.350880,4.731520,3.380640
Landry Shamet,landry shamet,BRK,2021,61.000000,0.033522,0.051915,False,0.847222,0.028401,0.043983,0.015583,3.192623,4.944331,1.751708
Landry Shamet,landry shamet,PHO,2022,69.000000,0.076827,0.058664,True,0.841463,0.064647,0.049364,-0.015283,7.993902,6.104108,-1.889795
Landry Shamet,landry shamet,PHO,2023,40.000000,0.075356,0.044751,False,0.487805,0.036759,0.021830,-0.014930,5.000000,2.969274,-2.030726
Landry Shamet,landry shamet,WAS,2024,46.000000,0.009558,0.028635,False,0.560976,0.005362,0.016064,0.010702,0.753777,2.258345,1.504568
Landry Shamet,landry shamet,NYK,2025,50.000000,0.014848,0.014848,True,0.609756,0.009054,0.009054,-0.000000,1.400167,1.400167,-0.000000
Landry Shamet,landry shamet,NYK,2026,51.000000,0.032475,0.051764,True,0.621951,0.020198,0.032195,0.011997,3.331882,5.310884,1.979002
Langston Galloway,langston galloway,DET,2019,80.000000,0.067192,0.060306,False,0.975610,0.065553,0.058835,-0.006718,7.154471,6.421219,-0.733252
Langston Galloway,langston galloway,DET,2020,66.000000,0.014848,0.053007,True,0.804878,0.011951,0.042665,0.030713,1.304356,4.656406,3.352049
Langston Galloway,langston galloway,PHO,2021,40.000000,0.002290,0.019369,False,0.555556,0.001272,0.010760,0.009488,0.143010,1.209609,1.066599
Larry Nance Jr.,larry nance jr.,CLE,2019,67.000000,0.116614,0.076982,True,0.817073,0.095282,0.062900,-0.032383,10.399113,6.864864,-3.534249
Larry Nance Jr.,larry nance jr.,CLE,2020,56.000000,0.107285,0.082774,False,0.682927,0.073268,0.056528,-0.016739,7.996452,6.169512,-1.826940
Larry Nance Jr.,larry nance jr.,CLE,2021,35.000000,0.095103,0.117135,False,0.486111,0.046231,0.056941,0.010710,5.196970,6.400943,1.203973
Larry Nance Jr.,larry nance jr.,POR,2022,37.000000,0.078224,0.066469,False,0.451220,0.035296,0.029992,-0.005304,4.364523,3.708702,-0.655821
Larry Nance Jr.,larry nance jr.,NOP,2023,65.000000,0.076275,0.072775,False,0.792683,0.060462,0.057688,-0.002774,8.224085,7.846717,-0.377368
Larry Nance Jr.,larry nance jr.,NOP,2024,61.000000,0.079701,0.057076,False,0.743902,0.059290,0.042459,-0.016831,8.335427,5.969242,-2.366185
Larry Nance Jr.,larry nance jr.,ATL,2025,24.000000,0.014848,0.027705,True,0.292683,0.004346,0.008109,0.003763,0.672080,1.253979,0.581899
Larry Nance Jr.,larry nance jr.,CLE,2026,35.000000,0.014848,0.014848,True,0.426829,0.006338,0.006338,-0.000000,1.045485,1.045485,-0.000000
Lauri Markkanen,lauri markkanen,CHI,2019,52.000000,0.048565,0.155371,False,0.634146,0.030797,0.098528,0.067731,3.361229,10.753342,7.392113
Lauri Markkanen,lauri markkanen,CHI,2020,50.000000,0.061678,0.124744,False,0.609756,0.037608,0.076063,0.038455,4.104578,8.301564,4.196986
Lauri Markkanen,lauri markkanen,CHI,2021,51.000000,0.139581,0.106435,True,0.708333,0.098870,0.075392,-0.023479,11.114394,8.475062,-2.639332
Lauri Markkanen,lauri markkanen,CLE,2022,61.000000,0.133237,0.142022,False,0.743902,0.099116,0.105651,0.006535,12.256130,13.064213,0.808082
Lauri Markkanen,lauri markkanen,UTA,2023,66.000000,0.126892,0.250000,False,0.804878,0.102133,0.201220,0.099087,13.892194,27.370079,13.477885
Lauri Markkanen,lauri markkanen,UTA,2024,55.000000,0.300000,0.300000,True,0.670732,0.201220,0.201220,-0.000000,28.289049,28.289049,-0.000000
Lauri Markkanen,lauri markkanen,UTA,2025,47.000000,0.300000,0.212418,False,0.573171,0.171951,0.121752,-0.050200,26.591740,18.828532,-7.763208
Lauri Markkanen,lauri markkanen,UTA,2026,42.000000,0.279540,0.324000,False,0.512195,0.143179,0.165951,0.022772,23.618933,27.375479,3.756547
Leandro Bolmaro,leandro bolmaro,MIN,2022,35.000000,0.019984,0.021428,False,0.426829,0.008530,0.009146,0.000616,1.054763,1.130938,0.076175
LeBron James,lebron james,LAL,2019,55.000000,0.343017,0.368552,False,0.670732,0.230072,0.247200,0.017127,25.110088,26.979361,1.869273
LeBron James,lebron james,LAL,2020,67.000000,0.359351,0.302667,False,0.817073,0.293616,0.247301,-0.046315,32.045255,26.990440,-5.054815
LeBron James,lebron james,LAL,2021,45.000000,0.366329,0.374319,False,0.625000,0.228956,0.233949,0.004993,25.737840,26.299166,0.561326
LeBron James,lebron james,LAL,2022,56.000000,0.359670,0.371673,False,0.682927,0.245628,0.253826,0.008198,30.373163,31.386827,1.013665
LeBron James,lebron james,LAL,2023,55.000000,0.350000,0.367632,False,0.670732,0.234756,0.246583,0.011827,31.931759,33.540421,1.608662
LeBron James,lebron james,LAL,2024,71.000000,0.346607,0.360842,False,0.865854,0.300111,0.312436,0.012325,42.192049,43.924802,1.732753
LeBron James,lebron james,LAL,2025,70.000000,0.340305,0.293322,False,0.853659,0.290504,0.250397,-0.040107,44.925618,38.723181,-6.202437
Leonard Miller,leonard miller,MIN,2024,17.000000,0.013457,0.022041,False,0.207317,0.002790,0.004570,0.001780,0.392214,0.642419,0.250204
Leonard Miller,leonard miller,MIN,2025,13.000000,0.014366,0.039745,False,0.158537,0.002278,0.006301,0.004023,0.352217,0.974427,0.622210
Leonard Miller,leonard miller,CHI,2026,27.000000,0.014587,0.041287,False,0.329268,0.004803,0.013594,0.008791,0.792287,2.242535,1.450248
Lester Quinones,lester quinones,GSW,2023,4.000000,0.004035,0.024266,False,0.048780,0.000197,0.001184,0.000987,0.026771,0.161010,0.134238
Liam McNeeley,liam mcneeley,CHO,2026,31.000000,0.017593,0.017647,False,0.378049,0.006651,0.006671,0.000021,1.097128,1.100518,0.003390
Lindy Waters III,lindy waters iii,OKC,2022,25.000000,0.015591,0.025662,False,0.304878,0.004753,0.007824,0.003070,0.587773,0.967440,0.379667
Lindy Waters III,lindy waters iii,OKC,2023,41.000000,0.005632,0.028193,False,0.500000,0.002816,0.014097,0.011281,0.383047,1.917444,1.534396
Lindy Waters III,lindy waters iii,OKC,2024,38.000000,0.015627,0.014848,True,0.463415,0.007242,0.006881,-0.000361,1.018108,0.967387,-0.050721
Lindy Waters III,lindy waters iii,GSW,2025,38.000000,0.014848,0.019871,False,0.463415,0.006881,0.009208,0.002327,1.064127,1.424057,0.359930
Lonzo Ball,lonzo ball,LAL,2019,47.000000,0.079891,0.108025,False,0.573171,0.045791,0.061917,0.016125,4.997659,6.757577,1.759918
Lonzo Ball,lonzo ball,NOP,2020,63.000000,0.100823,0.132652,False,0.768293,0.077461,0.101916,0.024455,8.454125,11.123103,2.668978
Lonzo Ball,lonzo ball,NOP,2021,55.000000,0.165501,0.172723,True,0.763889,0.126425,0.131941,0.005517,14.211886,14.832048,0.620162
Lonzo Ball,lonzo ball,CHI,2022,35.000000,0.157979,0.158536,False,0.426829,0.067430,0.067668,0.000238,8.338060,8.367441,0.029381
Lonzo Ball,lonzo ball,,2023,0.000000,0.150456,0.070624,False,0.000000,0.000000,0.000000,0.000000,0.000000,0.000000,0.000000
Lonzo Ball,lonzo ball,,2024,0.000000,0.152185,0.065891,False,0.000000,0.000000,0.000000,0.000000,0.000000,0.000000,0.000000
Lonzo Ball,lonzo ball,CHI,2025,35.000000,0.064663,0.066470,True,0.426829,0.027600,0.028371,0.000771,4.268293,4.387511,0.119219
Lou Williams,lou williams,LAC,2019,75.000000,0.073300,0.119917,False,0.914634,0.067043,0.109680,0.042637,7.317073,11.970495,4.653422
Lou Williams,lou williams,LAC,2020,65.000000,0.073300,0.098167,False,0.792683,0.058104,0.077816,0.019712,6.341463,8.492795,2.151332
Lou Williams,lou williams,LAC,2021,42.000000,0.044478,0.054209,True,0.583333,0.025946,0.031622,0.005676,2.916667,3.554777,0.638110
Luc Mbah a Moute,luc mbah a moute,LAC,2019,4.000000,0.002655,0.023279,False,0.048780,0.000130,0.001136,0.001006,0.014137,0.123936,0.109799
Luca Vildoza,luca vildoza,,2021,0.000000,0.000381,0.015983,False,0.000000,0.000000,0.000000,0.000000,0.000000,0.000000,0.000000
Luguentz Dort,luguentz dort,OKC,2020,36.000000,0.013909,0.031350,False,0.439024,0.006106,0.013763,0.007657,0.666431,1.502124,0.835693
Luguentz Dort,luguentz dort,OKC,2021,52.000000,0.014848,0.090570,False,0.722222,0.010724,0.065411,0.054687,1.205517,7.353148,6.147631
Luguentz Dort,luguentz dort,OKC,2022,51.000000,0.123552,0.139367,True,0.621951,0.076843,0.086679,0.009836,9.502033,10.718344,1.216312
Luguentz Dort,luguentz dort,OKC,2023,74.000000,0.112319,0.118011,False,0.902439,0.101361,0.106497,0.005136,13.787263,14.485868,0.698605
Luguentz Dort,luguentz dort,OKC,2024,79.000000,0.117364,0.096917,False,0.963415,0.113070,0.093371,-0.019699,15.896341,13.126906,-2.769436
Luguentz Dort,luguentz dort,OKC,2025,71.000000,0.117831,0.112389,False,0.865854,0.102024,0.097313,-0.004712,15.777778,15.049140,-0.728637
Luguentz Dort,luguentz dort,OKC,2026,69.000000,0.110464,0.069824,False,0.841463,0.092951,0.058754,-0.034197,15.333333,9.692129,-5.641204
Luka Dončić,luka doncic,DAL,2019,72.000000,0.070399,0.250000,False,0.878049,0.061814,0.219512,0.157698,6.746365,23.957561,17.211196
Luka Dončić,luka doncic,DAL,2020,61.000000,0.073753,0.300000,False,0.743902,0.054865,0.223171,0.168306,5.987939,24.356854,18.368915
Luka Dončić,luka doncic,DAL,2021,66.000000,0.090508,0.300000,False,0.916667,0.082966,0.275000,0.192034,9.326525,30.913850,21.587325
Luka Dončić,luka doncic,DAL,2022,65.000000,0.300000,0.300000,True,0.792683,0.237805,0.237805,-0.000000,29.405762,29.405762,-0.000000
Luka Dončić,luka doncic,DAL,2023,66.000000,0.294544,0.324000,False,0.804878,0.237072,0.260780,0.023708,32.246811,35.471623,3.224812
Luka Dončić,luka doncic,DAL,2024,70.000000,0.306085,0.318108,False,0.853659,0.261292,0.271556,0.010263,36.734583,38.177451,1.442868
Luka Dončić,luka doncic,LAL,2025,28.000000,0.297449,0.350000,False,0.341463,0.101568,0.119512,0.017944,15.707201,18.482202,2.775001
Luka Dončić,luka doncic,LAL,2026,64.000000,0.301890,0.350000,False,0.780488,0.235621,0.273171,0.037550,38.868293,45.062517,6.194224
Luka Garza,luka garza,MIN,2023,28.000000,0.000939,0.039434,False,0.341463,0.000321,0.013465,0.013145,0.043599,1.831568,1.787969
Luka Garza,luka garza,MIN,2024,25.000000,0.015383,0.031465,True,0.304878,0.004690,0.009593,0.004903,0.659331,1.348676,0.689345
Luka Garza,luka garza,MIN,2025,39.000000,0.015917,0.033692,False,0.475610,0.007570,0.016024,0.008454,1.170696,2.478117,1.307421
Luka Garza,luka garza,BOS,2026,69.000000,0.016982,0.036600,False,0.841463,0.014290,0.030798,0.016508,2.357230,5.080387,2.723157
Luke Kennard,luke kennard,DET,2019,63.000000,0.035067,0.073833,False,0.768293,0.026941,0.056725,0.029784,2.940379,6.190990,3.250611
Luke Kennard,luke kennard,DET,2020,28.000000,0.048322,0.135491,False,0.341463,0.016500,0.046265,0.029765,1.800819,5.049388,3.248569
Luke Kennard,luke kennard,LAC,2021,63.000000,0.113218,0.072168,True,0.875000,0.099066,0.063147,-0.035919,11.136364,7.098559,-4.037805
Luke Kennard,luke kennard,LAC,2022,70.000000,0.116579,0.096656,False,0.853659,0.099518,0.082511,-0.017007,12.305953,10.202920,-2.103033
Luke Kennard,luke kennard,LAC,2023,35.000000,0.108539,0.065574,False,0.426829,0.046328,0.027989,-0.018339,6.301552,3.807095,-2.494457
Luke Kennard,luke kennard,MEM,2024,39.000000,0.065795,0.070593,True,0.475610,0.031293,0.033575,0.002282,4.399390,4.720181,0.320791
Luke Kennard,luke kennard,MEM,2025,65.000000,0.071130,0.054902,True,0.792683,0.056383,0.043520,-0.012864,8.719512,6.730184,-1.989328
Luke Kennard,luke kennard,ATL,2026,46.000000,0.036760,0.042834,True,0.560976,0.020622,0.024029,0.003407,3.401756,3.963783,0.562027
Luke Kornet,luke kornet,NYK,2019,46.000000,0.020616,0.019117,True,0.560976,0.011565,0.010724,-0.000841,1.262195,1.170454,-0.091742
Luke Kornet,luke kornet,CHI,2020,36.000000,0.020616,0.025117,False,0.439024,0.009051,0.011027,0.001976,0.987805,1.203470,0.215666
Luke Kornet,luke kornet,BOS,2021,18.000000,0.005397,0.030293,False,0.250000,0.001349,0.007573,0.006224,0.151675,0.851327,0.699651
Luke Kornet,luke kornet,BOS,2022,12.000000,0.017252,0.013905,True,0.146341,0.002525,0.002035,-0.000490,0.312187,0.251622,-0.060565
Luke Kornet,luke kornet,BOS,2023,69.000000,0.017742,0.020760,False,0.841463,0.014929,0.017469,0.002539,2.030707,2.376101,0.345394
Luke Kornet,luke kornet,BOS,2024,63.000000,0.014848,0.028805,True,0.768293,0.011408,0.022131,0.010723,1.603826,3.111305,1.507479
Luke Kornet,luke kornet,BOS,2025,73.000000,0.071130,0.053325,True,0.890244,0.063323,0.047472,-0.015851,9.792683,7.341443,-2.451240
Luke Kornet,luke kornet,SAS,2026,68.000000,0.063348,0.051238,False,0.829268,0.052533,0.042490,-0.010043,8.665854,7.009198,-1.656656
Luol Deng,luol deng,MIN,2019,22.000000,0.023500,0.072715,True,0.268293,0.006305,0.019509,0.013204,0.688104,2.129199,1.441094
Mac McClung,mac mcclung,ORL,2025,2.000000,0.001061,0.011726,False,0.024390,0.000026,0.000286,0.000260,0.004001,0.044231,0.040229
Malachi Flynn,malachi flynn,TOR,2021,47.000000,0.018219,0.029922,False,0.652778,0.011893,0.019533,0.007640,1.336915,2.195753,0.858838
Malachi Flynn,malachi flynn,TOR,2022,44.000000,0.017352,0.020666,False,0.536585,0.009311,0.011089,0.001778,1.151362,1.371231,0.219869
Malachi Flynn,malachi flynn,TOR,2023,53.000000,0.028474,0.021007,False,0.646341,0.018404,0.013578,-0.004826,2.503297,1.846838,-0.656459
Malachi Flynn,malachi flynn,TOR,2024,31.000000,0.000853,0.025063,False,0.378049,0.000323,0.009475,0.009152,0.045355,1.332058,1.286702
Malaki Branham,malaki branham,SAS,2023,66.000000,0.022584,0.053755,False,0.804878,0.018177,0.043266,0.025089,2.472489,5.885135,3.412646
Malaki Branham,malaki branham,SAS,2024,75.000000,0.022889,0.044542,False,0.914634,0.020935,0.040740,0.019805,2.943220,5.727548,2.784328
Malaki Branham,malaki branham,SAS,2025,47.000000,0.032086,0.037616,False,0.573171,0.018391,0.021560,0.003170,2.844092,3.334253,0.490161
Malcolm Brogdon,malcolm brogdon,MIL,2019,64.000000,0.183251,0.125274,True,0.780488,0.143025,0.097774,-0.045251,15.609756,10.671104,-4.938653
Malcolm Brogdon,malcolm brogdon,IND,2020,54.000000,0.189665,0.200090,False,0.658537,0.124901,0.131767,0.006866,13.631707,14.381018,0.749311
Malcolm Brogdon,malcolm brogdon,IND,2021,56.000000,0.193036,0.220689,False,0.777778,0.150139,0.171647,0.021507,16.877778,19.295506,2.417728
Malcolm Brogdon,malcolm brogdon,IND,2022,36.000000,0.182767,0.188754,False,0.439024,0.080239,0.082868,0.002629,9.921951,10.247017,0.325065
Malcolm Brogdon,malcolm brogdon,BOS,2023,67.000000,0.165416,0.102966,True,0.817073,0.135157,0.084131,-0.051026,18.384146,11.443560,-6.940587
Malcolm Hill,malcolm hill,CHI,2023,5.000000,0.000853,0.017290,False,0.060976,0.000052,0.001054,0.001002,0.007078,0.143407,0.136329
Malcolm Miller,malcolm miller,TOR,2019,10.000000,0.014552,0.014848,True,0.121951,0.001775,0.001811,0.000036,0.193687,0.197630,0.003943
Malik Beasley,malik beasley,DEN,2019,81.000000,0.025029,0.075529,False,0.987805,0.024724,0.074608,0.049884,2.698400,8.142718,5.444317
Malik Beasley,malik beasley,DEN,2020,41.000000,0.123015,0.065239,True,0.500000,0.061508,0.032620,-0.028888,6.712948,3.560111,-3.152837
Malik Beasley,malik beasley,MIN,2021,37.000000,0.128026,0.159030,False,0.513889,0.065791,0.081724,0.015932,7.395870,9.186872,1.791002
Malik Beasley,malik beasley,MIN,2022,79.000000,0.125818,0.075993,False,0.963415,0.121215,0.073213,-0.048002,14.988839,9.053092,-5.935746
Malik Beasley,malik beasley,2TM,2023,81.000000,0.014848,0.069638,True,0.987805,0.014667,0.068788,0.054121,1.995075,9.356672,7.361597
Malik Beasley,malik beasley,MIL,2024,79.000000,0.042678,0.066134,True,0.963415,0.041117,0.063714,0.022598,5.780488,8.957468,3.176980
Malik Fitts,malik fitts,LAC,2021,3.000000,0.003578,0.016424,False,0.041667,0.000149,0.000684,0.000535,0.016759,0.076929,0.060170
Malik Fitts,malik fitts,2TM,2022,15.000000,0.004490,0.017428,False,0.182927,0.000821,0.003188,0.002367,0.101564,0.394224,0.292660
Malik Monk,malik monk,CHO,2019,73.000000,0.036910,0.051250,False,0.890244,0.032859,0.045625,0.012766,3.586259,4.979551,1.393292
Malik Monk,malik monk,CHO,2020,55.000000,0.048980,0.055792,False,0.670732,0.032852,0.037422,0.004569,3.585522,4.084212,0.498690
Malik Monk,malik monk,CHO,2021,42.000000,0.014848,0.061264,True,0.583333,0.008662,0.035738,0.027076,0.973687,4.017397,3.043710
Malik Monk,malik monk,LAL,2022,76.000000,0.076602,0.094136,True,0.926829,0.070997,0.087248,0.016251,8.779130,10.788619,2.009489
Malik Monk,malik monk,SAC,2023,77.000000,0.073120,0.090774,False,0.939024,0.068661,0.085239,0.016578,9.339377,11.594278,2.254901
Malik Monk,malik monk,SAC,2024,72.000000,0.123803,0.103183,True,0.878049,0.108705,0.090600,-0.018105,15.282617,12.737234,-2.545383
Malik Monk,malik monk,SAC,2025,65.000000,0.121552,0.132719,False,0.792683,0.096352,0.105204,0.008852,14.900552,16.269518,1.368966
Malik Monk,malik monk,SAC,2026,62.000000,0.122393,0.053275,False,0.756098,0.092541,0.040281,-0.052260,15.265636,6.644802,-8.620834
Mamadi Diakite,mamadi diakite,MIL,2021,14.000000,0.009254,0.017458,False,0.194444,0.001799,0.003395,0.001595,0.202268,0.381607,0.179339
Mamadi Diakite,mamadi diakite,CLE,2023,22.000000,0.001857,0.016490,False,0.268293,0.000498,0.004424,0.003926,0.067751,0.601784,0.534033
Mamadi Diakite,mamadi diakite,SAS,2024,3.000000,0.003301,0.024516,False,0.036585,0.000121,0.000897,0.000776,0.016977,0.126095,0.109117
Marc Gasol,marc gasol,MEM,2019,53.000000,0.234522,0.173076,False,0.646341,0.151581,0.111866,-0.039715,16.543562,12.209101,-4.334461
Marc Gasol,marc gasol,TOR,2020,44.000000,0.014848,0.122060,True,0.536585,0.007967,0.065495,0.057528,0.869571,7.148178,6.278608
Marc Gasol,marc gasol,LAL,2021,52.000000,0.023956,0.030634,False,0.722222,0.017302,0.022124,0.004823,1.944938,2.487102,0.542164
Marco Belinelli,marco belinelli,SAS,2019,79.000000,0.053566,0.061290,True,0.963415,0.051606,0.059048,0.007442,5.632270,6.444464,0.812194
Marcus Morris,marcus morris,BOS,2019,75.000000,0.137438,0.083318,True,0.914634,0.125706,0.076205,-0.049500,13.719512,8.317029,-5.402483
Marcus Morris,marcus morris,NYK,2020,43.000000,0.136373,0.142298,False,0.524390,0.071513,0.074620,0.003107,7.804878,8.143978,0.339100
Marcus Morris,marcus morris,LAC,2021,57.000000,0.139021,0.082576,False,0.791667,0.110058,0.065372,-0.044686,12.372093,7.348775,-5.023318
Marcus Morris,marcus morris,LAC,2022,54.000000,0.132401,0.079226,False,0.658537,0.087191,0.052173,-0.035018,10.781622,6.451499,-4.330123
Marcus Sasser,marcus sasser,DET,2024,71.000000,0.019597,0.035711,False,0.865854,0.016968,0.030920,0.013952,2.385496,4.347036,1.961540
Marcus Sasser,marcus sasser,DET,2025,57.000000,0.018667,0.031011,False,0.695122,0.012976,0.021557,0.008581,2.006622,3.333679,1.327056
Marcus Sasser,marcus sasser,DET,2026,38.000000,0.031516,0.023080,False,0.463415,0.014605,0.010696,-0.003909,2.409285,1.764376,-0.644909
Marcus Smart,marcus smart,BOS,2019,80.000000,0.107833,0.087740,False,0.975610,0.105203,0.085600,-0.019602,11.481833,9.342426,-2.139407
Marcus Smart,marcus smart,BOS,2020,60.000000,0.123203,0.195234,False,0.731707,0.090149,0.142855,0.052706,9.838850,15.591141,5.752291
Marcus Smart,marcus smart,BOS,2021,48.000000,0.123110,0.197582,False,0.666667,0.082073,0.131721,0.049648,9.226190,14.807317,5.581127
Marcus Smart,marcus smart,BOS,2022,71.000000,0.141176,0.141176,True,0.865854,0.122238,0.122238,-0.000000,15.115330,15.115330,-0.000000
Marcus Smart,marcus smart,BOS,2023,61.000000,0.138462,0.178400,False,0.743902,0.103002,0.132712,0.029710,14.010445,18.051686,4.041241
Marcus Smart,marcus smart,MEM,2024,20.000000,0.143755,0.145374,False,0.243902,0.035062,0.035457,0.000395,4.929338,4.984832,0.055495
Marcus Smart,marcus smart,MEM,2025,19.000000,0.033198,0.023892,True,0.231707,0.007692,0.005536,-0.002156,1.189585,0.856123,-0.333463
Marcus Smart,marcus smart,LAL,2026,62.000000,0.036760,0.038355,True,0.756098,0.027794,0.029000,0.001206,4.584976,4.783950,0.198975
Mario Hezonja,mario hezonja,NYK,2019,58.000000,0.014848,0.048785,True,0.707317,0.010503,0.034507,0.024004,1.146253,3.766052,2.619800
Mario Hezonja,mario hezonja,POR,2020,53.000000,0.018114,0.018673,True,0.646341,0.011708,0.012069,0.000361,1.277824,1.317243,0.039419
MarJon Beauchamp,marjon beauchamp,MIL,2023,52.000000,0.019184,0.023795,False,0.634146,0.012165,0.015089,0.002924,1.654741,2.052468,0.397727
MarJon Beauchamp,marjon beauchamp,MIL,2024,48.000000,0.019445,0.021815,False,0.585366,0.011382,0.012770,0.001388,1.600226,1.795303,0.195076
Mark Williams,mark williams,CHO,2023,43.000000,0.028732,0.036220,False,0.524390,0.015067,0.018994,0.003927,2.049401,2.583537,0.534136
Mark Williams,mark williams,CHO,2024,19.000000,0.029123,0.080764,False,0.231707,0.006748,0.018714,0.011966,0.948675,2.630908,1.682234
Mark Williams,mark williams,CHO,2025,44.000000,0.040586,0.071606,False,0.536585,0.021778,0.038423,0.016645,3.367895,5.941949,2.574055
Mark Williams,mark williams,PHO,2026,60.000000,0.071098,0.087441,True,0.731707,0.052023,0.063981,0.011958,8.581752,10.554396,1.972644
Markelle Fultz,markelle fultz,PHI,2019,19.000000,0.089291,0.041891,False,0.231707,0.020689,0.009706,-0.010983,2.258034,1.059353,-1.198681
Markelle Fultz,markelle fultz,ORL,2020,72.000000,0.112596,0.095522,False,0.878049,0.098865,0.083873,-0.014992,10.790075,9.153872,-1.636203
Markelle Fultz,markelle fultz,ORL,2021,8.000000,0.146779,0.082019,True,0.111111,0.016309,0.009113,-0.007196,1.833333,1.024451,-0.808883
Markelle Fultz,markelle fultz,ORL,2022,18.000000,0.133436,0.062585,False,0.219512,0.029291,0.013738,-0.015553,3.621951,1.698801,-1.923150
Markelle Fultz,markelle fultz,ORL,2023,60.000000,0.124981,0.098550,False,0.731707,0.091449,0.072110,-0.019340,12.439024,9.808435,-2.630589
Markelle Fultz,markelle fultz,ORL,2024,43.000000,0.005206,0.047176,False,0.524390,0.002730,0.024739,0.022009,0.383765,3.477945,3.094180
Markieff Morris,markieff morris,WAS,2019,34.000000,0.020541,0.017196,True,0.414634,0.008517,0.007130,-0.001387,0.929530,0.778185,-0.151345
Markieff Morris,markieff morris,DET,2020,44.000000,0.014848,0.014848,True,0.536585,0.007967,0.007967,-0.000000,0.869571,0.869571,-0.000000
Markieff Morris,markieff morris,LAL,2021,61.000000,0.014848,0.014848,True,0.847222,0.012580,0.012580,-0.000000,1.414165,1.414165,-0.000000
Markieff Morris,markieff morris,MIA,2022,17.000000,0.014848,0.013905,True,0.207317,0.003078,0.002883,-0.000196,0.380653,0.356465,-0.024188
Markieff Morris,markieff morris,BRK,2023,27.000000,0.014848,0.015136,False,0.329268,0.004889,0.004984,0.000095,0.665025,0.677888,0.012862
Markieff Morris,markieff morris,DAL,2024,26.000000,0.014848,0.014848,True,0.317073,0.004708,0.004708,-0.000000,0.661896,0.661896,-0.000000
Marko Guduric,marko guduric,MEM,2020,44.000000,0.025197,0.021228,False,0.536585,0.013520,0.011391,-0.002130,1.475610,1.243162,-0.232447
Marko Simonovic,marko simonovic,CHI,2022,9.000000,0.012644,0.026545,False,0.109756,0.001388,0.002913,0.001526,0.171606,0.360268,0.188662
Marquese Chriss,marquese chriss,CLE,2019,27.000000,0.012949,0.034697,False,0.329268,0.004264,0.011425,0.007161,0.465346,1.246897,0.781551
Marquese Chriss,marquese chriss,GSW,2020,59.000000,0.016713,0.040199,True,0.719512,0.012025,0.028924,0.016899,1.312392,3.156746,1.844353
Marquese Chriss,marquese chriss,GSW,2021,2.000000,0.011501,0.029336,False,0.027778,0.000319,0.000815,0.000495,0.035914,0.091606,0.055692
Marquese Chriss,marquese chriss,DAL,2022,34.000000,0.017742,0.013905,True,0.414634,0.007357,0.005765,-0.001591,0.909674,0.712929,-0.196745
Marvin Bagley III,marvin bagley iii,SAC,2019,62.000000,0.078396,0.087237,False,0.756098,0.059275,0.065960,0.006685,6.469261,7.198848,0.729587
Marvin Bagley III,marvin bagley iii,SAC,2020,13.000000,0.082130,0.081538,False,0.158537,0.013021,0.012927,-0.000094,1.421065,1.410834,-0.010230
Marvin Bagley III,marvin bagley iii,SAC,2021,43.000000,0.100629,0.081115,False,0.597222,0.060098,0.048444,-0.011654,6.755846,5.445762,-1.310084
Marvin Bagley III,marvin bagley iii,SAC,2022,30.000000,0.101088,0.055893,False,0.365854,0.036983,0.020449,-0.016535,4.573171,2.528583,-2.044588
Marvin Bagley III,marvin bagley iii,DET,2023,42.000000,0.091898,0.059042,False,0.512195,0.047069,0.030241,-0.016829,6.402439,4.113401,-2.289038
Marvin Bagley III,marvin bagley iii,WAS,2024,24.000000,0.088912,0.063861,False,0.292683,0.026023,0.018691,-0.007332,3.658537,2.627749,-1.030787
Marvin Bagley III,marvin bagley iii,WAS,2025,19.000000,0.014848,0.042618,True,0.231707,0.003441,0.009875,0.006434,0.532063,1.527113,0.995049
Marvin Bagley III,marvin bagley iii,WAS,2026,38.000000,0.014848,0.014848,True,0.463415,0.006881,0.006881,-0.000000,1.135098,1.135060,-0.000037
Marvin Williams,marvin williams,CHO,2019,75.000000,0.128733,0.072904,False,0.914634,0.117743,0.066681,-0.051063,12.850519,7.277510,-5.573009
Mason Plumlee,mason plumlee,DEN,2019,82.000000,0.128652,0.066373,False,1.000000,0.128652,0.066373,-0.062279,14.041096,7.243914,-6.797182
Mason Plumlee,mason plumlee,DEN,2020,61.000000,0.073300,0.058264,True,0.743902,0.054528,0.043343,-0.011186,5.951220,4.730416,-1.220804
Mason Plumlee,mason plumlee,DET,2021,56.000000,0.072389,0.076839,False,0.777778,0.056302,0.059764,0.003462,6.329167,6.718303,0.389137
Mason Plumlee,mason plumlee,CHO,2022,73.000000,0.073433,0.072867,False,0.890244,0.065374,0.064869,-0.000505,8.083786,8.021390,-0.062396
Mason Plumlee,mason plumlee,CHO,2023,56.000000,0.036759,0.079891,True,0.682927,0.025104,0.054559,0.029456,3.414634,7.421224,4.006589
Mason Plumlee,mason plumlee,LAC,2024,46.000000,0.014848,0.019032,True,0.560976,0.008330,0.010677,0.002347,1.171047,1.501015,0.329968
Mason Plumlee,mason plumlee,PHO,2025,74.000000,0.014848,0.029324,False,0.902439,0.013400,0.026463,0.013063,2.072247,4.092401,2.020154
Matas Buzelis,matas buzelis,CHI,2025,80.000000,0.035278,0.049339,False,0.975610,0.034417,0.048136,0.013718,5.322498,7.444019,2.121522
Matas Buzelis,matas buzelis,CHI,2026,77.000000,0.034647,0.124546,False,0.939024,0.032534,0.116952,0.084418,5.366862,19.292515,13.925652
Matisse Thybulle,matisse thybulle,PHI,2020,65.000000,0.024842,0.060088,False,0.792683,0.019692,0.047631,0.027939,2.149185,5.198453,3.049267
Matisse Thybulle,matisse thybulle,PHI,2021,65.000000,0.025265,0.062126,False,0.902778,0.022809,0.056086,0.033277,2.564033,6.304808,3.740774
Matisse Thybulle,matisse thybulle,PHI,2022,66.000000,0.035417,0.077765,False,0.804878,0.028507,0.062591,0.034085,3.524985,7.739710,4.214725
Matisse Thybulle,matisse thybulle,POR,2023,22.000000,0.077194,0.103108,True,0.268293,0.020711,0.027663,0.006952,2.817073,3.762757,0.945684
Matisse Thybulle,matisse thybulle,POR,2024,65.000000,0.078421,0.071643,False,0.792683,0.062163,0.056790,-0.005373,8.739329,7.983967,-0.755362
Matisse Thybulle,matisse thybulle,POR,2025,15.000000,0.074686,0.061839,False,0.182927,0.013662,0.011312,-0.002350,2.112805,1.749373,-0.363432
Matt Ryan,matt ryan,BOS,2022,1.000000,0.003578,0.023031,False,0.012195,0.000044,0.000281,0.000237,0.005396,0.034730,0.029335
Matt Ryan,matt ryan,MIN,2023,22.000000,0.011028,0.016340,False,0.268293,0.002959,0.004384,0.001425,0.402439,0.596306,0.193867
Matt Ryan,matt ryan,NOP,2024,28.000000,0.004420,0.016316,False,0.341463,0.001509,0.005571,0.004062,0.212199,0.783279,0.571081
Matt Thomas,matt thomas,TOR,2020,41.000000,0.013909,0.017882,False,0.500000,0.006954,0.008941,0.001987,0.758991,0.975841,0.216851
Matt Thomas,matt thomas,TOR,2021,26.000000,0.014848,0.014848,True,0.361111,0.005362,0.005362,-0.000000,0.602759,0.602759,-0.000000
Matthew Dellavedova,matthew dellavedova,CLE,2019,36.000000,0.088029,0.026768,False,0.439024,0.038647,0.011752,-0.026895,4.217927,1.282594,-2.935333
Matthew Dellavedova,matthew dellavedova,CLE,2020,57.000000,0.014848,0.014848,True,0.695122,0.010322,0.010322,-0.000000,1.126490,1.126490,-0.000000
Maurice Harkless,maurice harkless,POR,2019,60.000000,0.105472,0.098181,False,0.731707,0.077175,0.071840,-0.005335,8.422854,7.840627,-0.582227
Maurice Harkless,maurice harkless,LAC,2020,50.000000,0.033196,0.070291,True,0.609756,0.020241,0.042861,0.022619,2.209146,4.677801,2.468655
Maurice Harkless,maurice harkless,SAC,2021,26.000000,0.038675,0.038603,True,0.361111,0.013966,0.013940,-0.000026,1.569967,1.567049,-0.002918
Maurice Harkless,maurice harkless,SAC,2022,47.000000,0.036917,0.026823,False,0.573171,0.021160,0.015374,-0.005786,2.616513,1.901089,-0.715424
Max Christie,max christie,LAL,2023,41.000000,0.012644,0.017704,False,0.500000,0.006322,0.008852,0.002530,0.859932,1.204050,0.344118
Max Christie,max christie,LAL,2024,67.000000,0.050807,0.018006,True,0.817073,0.041513,0.014712,-0.026801,5.836237,2.068400,-3.767836
Max Christie,max christie,LAL,2025,46.000000,0.049883,0.056018,False,0.560976,0.027983,0.031425,0.003442,4.327526,4.859766,0.532240
Max Christie,max christie,DAL,2026,77.000000,0.050228,0.098005,False,0.939024,0.047166,0.092030,0.044864,7.780488,15.181284,7.400797
Max Strus,max strus,MIA,2021,39.000000,0.014848,0.014848,True,0.541667,0.008043,0.008043,-0.000000,0.904138,0.904138,-0.000000
Max Strus,max strus,MIA,2022,68.000000,0.014683,0.060035,False,0.829268,0.012176,0.049785,0.037608,1.505683,6.156138,4.650454
Max Strus,max strus,MIA,2023,80.000000,0.106511,0.091592,True,0.975610,0.103913,0.089358,-0.014555,14.134326,12.154515,-1.979811
Max Strus,max strus,CLE,2024,70.000000,0.108203,0.109809,False,0.853659,0.092369,0.093739,0.001371,12.985912,13.178601,0.192689
Max Strus,max strus,CLE,2025,50.000000,0.103051,0.074204,False,0.609756,0.062836,0.045246,-0.017589,9.717349,6.997233,-2.720116
Max Strus,max strus,CLE,2026,12.000000,0.100999,0.061539,False,0.146341,0.014780,0.009006,-0.005775,2.438171,1.485583,-0.952588
Maxi Kleber,maxi kleber,DAL,2019,71.000000,0.073300,0.057258,True,0.865854,0.063467,0.049577,-0.013890,6.926829,5.410848,-1.515982
Maxi Kleber,maxi kleber,DAL,2020,74.000000,0.076278,0.077403,False,0.902439,0.068836,0.069852,0.001015,7.512805,7.623636,0.110831
Maxi Kleber,maxi kleber,DAL,2021,50.000000,0.077837,0.070119,False,0.694444,0.054054,0.048694,-0.005360,6.076389,5.473844,-0.602545
Maxi Kleber,maxi kleber,DAL,2022,59.000000,0.072783,0.068466,False,0.719512,0.052368,0.049262,-0.003106,6.475610,6.091490,-0.384120
Maxi Kleber,maxi kleber,DAL,2023,37.000000,0.080870,0.055420,True,0.451220,0.036490,0.025006,-0.011484,4.963415,3.401396,-1.562019
Maxi Kleber,maxi kleber,DAL,2024,43.000000,0.078243,0.034043,False,0.524390,0.041030,0.017852,-0.023178,5.768293,2.509736,-3.258557
Maxi Kleber,maxi kleber,DAL,2025,34.000000,0.071130,0.022276,False,0.414634,0.029493,0.009236,-0.020257,4.560976,1.428355,-3.132620
Maxime Raynaud,maxime raynaud,SAC,2026,74.000000,0.013039,0.047194,False,0.902439,0.011767,0.042590,0.030823,1.941071,7.025687,5.084615
Maxwell Lewis,maxwell lewis,LAL,2024,34.000000,0.013457,0.017555,False,0.414634,0.005580,0.007279,0.001699,0.784429,1.023307,0.238879
Meyers Leonard,meyers leonard,POR,2019,61.000000,0.103413,0.045680,False,0.743902,0.076929,0.033981,-0.042948,8.396066,3.708711,-4.687355
Meyers Leonard,meyers leonard,MIA,2020,51.000000,0.086128,0.038455,True,0.621951,0.053567,0.023917,-0.029650,5.846341,2.610328,-3.236013
Mfiondu Kabengele,mfiondu kabengele,LAC,2020,12.000000,0.003266,0.029159,False,0.146341,0.000478,0.004267,0.003789,0.052167,0.465713,0.413547
Mfiondu Kabengele,mfiondu kabengele,CLE,2021,16.000000,0.000171,0.019537,False,0.222222,0.000038,0.004342,0.004304,0.004264,0.488046,0.483782
Micah Peavy,micah peavy,NOP,2026,61.000000,0.013039,0.021503,False,0.743902,0.009700,0.015996,0.006296,1.600072,2.638709,1.038637
Micah Potter,micah potter,UTA,2025,38.000000,0.009879,0.019018,False,0.463415,0.004578,0.008813,0.004235,0.708007,1.362939,0.654931
Micah Potter,micah potter,IND,2026,47.000000,0.016982,0.018441,True,0.573171,0.009734,0.010570,0.000836,1.605650,1.743621,0.137972
Michael Carter-Williams,michael carter-williams,ORL,2019,12.000000,0.014848,0.018030,True,0.146341,0.002173,0.002639,0.000466,0.237156,0.287976,0.050821
Michael Carter-Williams,michael carter-williams,ORL,2020,45.000000,0.030236,0.039253,True,0.548780,0.016593,0.021542,0.004948,1.810976,2.351045,0.540069
Michael Carter-Williams,michael carter-williams,ORL,2021,31.000000,0.029356,0.062812,False,0.430556,0.012639,0.027044,0.014405,1.420833,3.040125,1.619292
Michael Carter-Williams,michael carter-williams,,2022,0.000000,0.005279,0.030174,False,0.000000,0.000000,0.000000,0.000000,0.000000,0.000000,0.000000
Michael Kidd-Gilchrist,michael kidd-gilchrist,CHO,2019,64.000000,0.111684,0.069911,False,0.780488,0.087168,0.054565,-0.032604,9.513551,5.955189,-3.558362
Michael Porter Jr.,michael porter jr.,,2019,0.000000,0.031056,0.031562,False,0.000000,0.000000,0.000000,0.000000,0.000000,0.000000,0.000000
Michael Porter Jr.,michael porter jr.,DEN,2020,55.000000,0.032534,0.061442,False,0.670732,0.021822,0.041211,0.019389,2.381634,4.497765,2.116131
Michael Porter Jr.,michael porter jr.,DEN,2021,61.000000,0.046780,0.226717,False,0.847222,0.039633,0.192080,0.152447,4.455317,21.592476,17.137159
Michael Porter Jr.,michael porter jr.,DEN,2022,9.000000,0.250000,0.190659,True,0.109756,0.027439,0.020926,-0.006513,3.392973,2.587609,-0.805363
Michael Porter Jr.,michael porter jr.,DEN,2023,62.000000,0.245454,0.215375,False,0.756098,0.185587,0.162845,-0.022742,25.243716,22.150294,-3.093422
Michael Porter Jr.,michael porter jr.,DEN,2024,81.000000,0.255071,0.235939,False,0.987805,0.251961,0.233062,-0.018899,35.422634,32.765700,-2.656934
Michael Porter Jr.,michael porter jr.,DEN,2025,77.000000,0.247875,0.204895,False,0.939024,0.232760,0.192402,-0.040359,35.995669,29.754337,-6.241332
Michael Porter Jr.,michael porter jr.,BRK,2026,52.000000,0.247368,0.297611,False,0.634146,0.156868,0.188729,0.031861,25.877071,31.132952,5.255881
Mikal Bridges,mikal bridges,PHO,2019,82.000000,0.038125,0.111340,False,1.000000,0.038125,0.111340,0.073215,4.161000,12.151640,7.990640
Mikal Bridges,mikal bridges,PHO,2020,73.000000,0.039940,0.104835,False,0.890244,0.035556,0.093329,0.057773,3.880573,10.185895,6.305322
Mikal Bridges,mikal bridges,PHO,2021,72.000000,0.049440,0.184024,False,1.000000,0.049440,0.184024,0.134584,5.557725,20.686906,15.129181
Mikal Bridges,mikal bridges,PHO,2022,82.000000,0.162549,0.199381,True,1.000000,0.162549,0.199381,0.036832,20.100000,24.654402,4.554402
Mikal Bridges,mikal bridges,PHO,2023,56.000000,0.159534,0.211562,False,0.682927,0.108950,0.144482,0.035531,14.819512,19.652532,4.833020
Mikal Bridges,mikal bridges,BRK,2024,82.000000,0.165732,0.193788,False,1.000000,0.165732,0.193788,0.028055,23.300000,27.244241,3.944241
Mikal Bridges,mikal bridges,NYK,2025,82.000000,0.161012,0.157485,False,1.000000,0.161012,0.157485,-0.003527,24.900000,24.354573,-0.545427
Mikal Bridges,mikal bridges,NYK,2026,82.000000,0.202970,0.153834,True,1.000000,0.202970,0.153834,-0.049136,33.482145,25.376680,-8.105465
Mike Conley,mike conley,MEM,2019,70.000000,0.297889,0.265560,False,0.853659,0.254296,0.226698,-0.027598,27.753825,24.741775,-3.012050
Mike Conley,mike conley,UTA,2020,47.000000,0.316146,0.157508,False,0.573171,0.181205,0.090279,-0.090926,19.776759,9.853050,-9.923708
Mike Conley,mike conley,UTA,2021,51.000000,0.186809,0.256457,True,0.708333,0.132323,0.181657,0.049334,14.875000,20.420793,5.545793
Mike Conley,mike conley,UTA,2022,72.000000,0.183414,0.162534,False,0.878049,0.161046,0.142713,-0.018333,19.914146,17.647133,-2.267014
Mike Conley,mike conley,UTA,2023,43.000000,0.179090,0.127882,False,0.524390,0.093913,0.067060,-0.026853,12.774146,9.121595,-3.652551
Mike Conley,mike conley,MIN,2024,76.000000,0.070959,0.126014,True,0.926829,0.065767,0.116794,0.051027,9.246014,16.419772,7.173758
Mike Conley,mike conley,MIN,2025,71.000000,0.004693,0.052081,False,0.865854,0.004064,0.045094,0.041030,0.628466,6.973708,6.345242
Mike Conley,mike conley,MIN,2026,54.000000,0.014848,0.014848,True,0.658537,0.009778,0.009778,-0.000000,1.613033,1.613033,-0.000000
Mike Muscala,mike muscala,PHI,2019,47.000000,0.018587,0.040282,True,0.573171,0.010654,0.023089,0.012435,1.162731,2.519905,1.357174
Mike Muscala,mike muscala,OKC,2020,47.000000,0.020918,0.024657,False,0.573171,0.011990,0.014133,0.002143,1.308568,1.542427,0.233859
Mike Muscala,mike muscala,OKC,2021,35.000000,0.031135,0.016879,True,0.486111,0.015135,0.008205,-0.006930,1.701389,0.922349,-0.779040
Mike Muscala,mike muscala,OKC,2022,43.000000,0.028305,0.033210,True,0.524390,0.014843,0.017415,0.002573,1.835366,2.153476,0.318110
Mike Muscala,mike muscala,BOS,2023,20.000000,0.025731,0.033474,False,0.243902,0.006276,0.008164,0.001888,0.853659,1.110534,0.256875
Mike Scott,mike scott,LAC,2019,52.000000,0.043678,0.016682,True,0.634146,0.027698,0.010579,-0.017119,3.022976,1.154568,-1.868408
Mike Scott,mike scott,PHI,2020,68.000000,0.045862,0.033919,False,0.829268,0.038032,0.028128,-0.009903,4.150778,3.069925,-1.080853
Miles Bridges,miles bridges,CHO,2019,80.000000,0.034409,0.063399,False,0.975610,0.033570,0.061853,0.028283,3.663805,6.750626,3.086821
Miles Bridges,miles bridges,CHO,2020,65.000000,0.036048,0.126414,False,0.792683,0.028575,0.100206,0.071631,3.118668,10.936512,7.817844
Miles Bridges,miles bridges,CHO,2021,66.000000,0.048228,0.111624,False,0.916667,0.044209,0.102322,0.058113,4.969702,11.502462,6.532760
Miles Bridges,miles bridges,CHO,2024,69.000000,0.193288,0.169760,True,0.841463,0.162644,0.142847,-0.019798,22.865854,20.082531,-2.783323
Miles Bridges,miles bridges,CHO,2025,64.000000,0.161658,0.174482,False,0.780488,0.126172,0.136181,0.010008,19.512195,21.059977,1.547782
Miles Bridges,miles bridges,CHO,2026,77.000000,0.138373,0.152320,False,0.939024,0.129935,0.143032,0.013097,21.434252,23.594750,2.160497
Miles McBride,miles mcbride,NYK,2022,40.000000,0.012644,0.017333,False,0.487805,0.006168,0.008455,0.002287,0.762692,1.045533,0.282841
Miles McBride,miles mcbride,NYK,2023,64.000000,0.013499,0.023482,False,0.780488,0.010536,0.018328,0.007792,1.433051,2.492955,1.059904
Miles McBride,miles mcbride,NYK,2024,68.000000,0.033503,0.046159,True,0.829268,0.027783,0.038278,0.010495,3.905973,5.381420,1.475447
Miles McBride,miles mcbride,NYK,2025,64.000000,0.028021,0.068987,False,0.780488,0.021870,0.053844,0.031974,3.382114,8.326762,4.944648
Miles McBride,miles mcbride,NYK,2026,41.000000,0.023985,0.074614,False,0.500000,0.011992,0.037307,0.025315,1.978261,6.154194,4.175932
Miles Plumlee,miles plumlee,ATL,2019,18.000000,0.114532,0.030215,False,0.219512,0.025141,0.006633,-0.018509,2.743902,0.723872,-2.020030
Mitchell Robinson,mitchell robinson,NYK,2019,66.000000,0.014291,0.063796,False,0.804878,0.011502,0.051348,0.039846,1.255378,5.604154,4.348776
Mitchell Robinson,mitchell robinson,NYK,2020,61.000000,0.015245,0.095384,False,0.743902,0.011341,0.070957,0.059616,1.237750,7.744199,6.506449
Mitchell Robinson,mitchell robinson,NYK,2021,31.000000,0.016031,0.104233,False,0.430556,0.006902,0.044878,0.037976,0.775886,5.044924,4.269038
Mitchell Robinson,mitchell robinson,NYK,2022,72.000000,0.137847,0.141935,True,0.878049,0.121036,0.124626,0.003590,14.966740,15.410656,0.443916
Mitchell Robinson,mitchell robinson,NYK,2023,59.000000,0.115290,0.129691,False,0.719512,0.082952,0.093314,0.010362,11.283259,12.692686,1.409426
Mitchell Robinson,mitchell robinson,NYK,2024,31.000000,0.101845,0.113970,False,0.378049,0.038502,0.043086,0.004584,5.412971,6.057422,0.644451
Mitchell Robinson,mitchell robinson,NYK,2025,17.000000,0.083768,0.100033,False,0.207317,0.017367,0.020739,0.003372,2.685699,3.207163,0.521464
Mitchell Robinson,mitchell robinson,NYK,2026,60.000000,0.091197,0.084573,True,0.731707,0.066730,0.061883,-0.004847,11.007805,10.208252,-0.799553
Miye Oni,miye oni,UTA,2020,10.000000,0.013909,0.019582,False,0.121951,0.001696,0.002388,0.000692,0.185120,0.260637,0.075517
Miye Oni,miye oni,UTA,2021,54.000000,0.000853,0.018515,False,0.750000,0.000640,0.013886,0.013246,0.071947,1.561006,1.489059
Mo Bamba,mo bamba,ORL,2019,47.000000,0.052205,0.032401,False,0.573171,0.029922,0.018571,-0.011351,3.265698,2.026863,-1.238835
Mo Bamba,mo bamba,ORL,2020,62.000000,0.054692,0.047097,False,0.756098,0.041352,0.035610,-0.005742,4.513177,3.886495,-0.626681
Mo Bamba,mo bamba,ORL,2021,46.000000,0.067329,0.042368,False,0.638889,0.043016,0.027068,-0.015947,4.835585,3.042878,-1.792707
Mo Bamba,mo bamba,ORL,2022,71.000000,0.083296,0.086359,True,0.865854,0.072122,0.074774,0.002651,8.918293,9.246162,0.327869
Mo Bamba,mo bamba,ORL,2023,40.000000,0.014848,0.027869,True,0.487805,0.007243,0.013594,0.006351,0.985222,1.849132,0.863909
Mo Bamba,mo bamba,PHI,2024,57.000000,0.014848,0.022762,False,0.695122,0.010322,0.015822,0.005501,1.451080,2.224446,0.773365
Mo Bamba,mo bamba,LAC,2025,28.000000,0.001259,0.016793,False,0.341463,0.000430,0.005734,0.005304,0.066507,0.886774,0.820267
Mo Bamba,mo bamba,UTA,2026,2.000000,0.019922,0.014848,True,0.024390,0.000486,0.000362,-0.000124,0.080156,0.059740,-0.020416
Mohamed Diawara,mohamed diawara,NYK,2026,69.000000,0.013531,0.028818,False,0.841463,0.011386,0.024249,0.012863,1.878267,4.000120,2.121853
Monte Morris,monte morris,DEN,2019,82.000000,0.014552,0.061159,False,1.000000,0.014552,0.061159,0.046607,1.588231,6.674929,5.086698
Monte Morris,monte morris,DEN,2020,73.000000,0.015794,0.052426,False,0.890244,0.014060,0.046672,0.032612,1.534520,5.093791,3.559271
Monte Morris,monte morris,DEN,2021,47.000000,0.078719,0.100166,True,0.652778,0.051386,0.065386,0.014000,5.776477,7.350294,1.573817
Monte Morris,monte morris,DEN,2022,75.000000,0.073794,0.124715,False,0.914634,0.067495,0.114069,0.046574,8.346037,14.105201,5.759164
Monte Morris,monte morris,WAS,2023,62.000000,0.072055,0.077763,False,0.756098,0.054480,0.058796,0.004316,7.410456,7.997555,0.587098
Monte Morris,monte morris,MIN,2024,27.000000,0.014848,0.030983,True,0.329268,0.004889,0.010202,0.005313,0.687354,1.434233,0.746879
Monte Morris,monte morris,PHO,2025,45.000000,0.002077,0.019459,False,0.548780,0.001140,0.010678,0.009539,0.176260,1.651395,1.475135
Montrezl Harrell,montrezl harrell,LAC,2019,82.000000,0.054975,0.122138,False,1.000000,0.054975,0.122138,0.067163,6.000000,13.330132,7.330132
Montrezl Harrell,montrezl harrell,LAC,2020,63.000000,0.084827,0.127053,True,0.768293,0.065172,0.097614,0.032442,7.112854,10.653609,3.540755
Montrezl Harrell,montrezl harrell,LAL,2021,69.000000,0.086474,0.085385,False,0.958333,0.082871,0.081827,-0.001044,9.315862,9.198525,-0.117338
Montrezl Harrell,montrezl harrell,WAS,2022,46.000000,0.014848,0.115467,True,0.560976,0.008330,0.064774,0.056445,1.030002,8.009654,6.979653
Montrezl Harrell,montrezl harrell,PHI,2023,57.000000,0.014848,0.019672,True,0.695122,0.010322,0.013674,0.003353,1.403942,1.860009,0.456067
Moritz Wagner,moritz wagner,LAL,2019,43.000000,0.018907,0.023868,False,0.524390,0.009915,0.012516,0.002602,1.082090,1.366039,0.283949
Moritz Wagner,moritz wagner,WAS,2020,45.000000,0.019809,0.030654,False,0.548780,0.010871,0.016822,0.005952,1.186420,1.836005,0.649586
Moritz Wagner,moritz wagner,WAS,2021,25.000000,0.015383,0.020842,False,0.347222,0.005341,0.007237,0.001895,0.600423,0.813503,0.213080
Moritz Wagner,moritz wagner,ORL,2022,63.000000,0.015193,0.027725,False,0.768293,0.011673,0.021301,0.009628,1.443407,2.633929,1.190522
Moritz Wagner,moritz wagner,ORL,2023,57.000000,0.058814,0.047409,True,0.695122,0.040883,0.032955,-0.007928,5.560976,4.482610,-1.078366
Moritz Wagner,moritz wagner,ORL,2024,80.000000,0.078243,0.072854,True,0.975610,0.076334,0.071077,-0.005257,10.731707,9.992612,-0.739095
Moritz Wagner,moritz wagner,ORL,2025,30.000000,0.032332,0.077501,True,0.365854,0.011829,0.028354,0.016525,1.829268,4.384875,2.555607
Moses Brown,moses brown,POR,2020,9.000000,0.011453,0.018535,False,0.109756,0.001257,0.002034,0.000777,0.137195,0.222027,0.084832
Moses Brown,moses brown,OKC,2021,43.000000,0.001877,0.032080,False,0.597222,0.001121,0.019159,0.018038,0.126041,2.153742,2.027701
Moses Brown,moses brown,CLE,2022,14.000000,0.000853,0.023227,False,0.170732,0.000146,0.003966,0.003820,0.018016,0.490364,0.472348
Moses Brown,moses brown,LAC,2023,34.000000,0.014848,0.014848,True,0.414634,0.006157,0.006157,-0.000000,0.837439,0.837439,-0.000000
Moses Brown,moses brown,POR,2024,22.000000,0.000853,0.017299,False,0.268293,0.000229,0.004641,0.004412,0.032188,0.652500,0.620312
Moses Moody,moses moody,GSW,2022,52.000000,0.030247,0.034343,False,0.634146,0.019181,0.021778,0.002597,2.371809,2.692999,0.321191
Moses Moody,moses moody,GSW,2023,63.000000,0.028808,0.043403,False,0.768293,0.022133,0.033346,0.011213,3.010540,4.535808,1.525269
Moses Moody,moses moody,GSW,2024,66.000000,0.041279,0.049733,False,0.804878,0.033224,0.040029,0.006805,4.670924,5.627628,0.956704
Moses Moody,moses moody,GSW,2025,74.000000,0.074842,0.082553,True,0.902439,0.067540,0.074499,0.006959,10.444897,11.521102,1.076205
Moses Moody,moses moody,GSW,2026,60.000000,0.075775,0.091148,False,0.731707,0.055445,0.066694,0.011248,9.146341,11.001849,1.855508
Mouhamadou Gueye,mouhamadou gueye,CHI,2026,2.000000,0.014616,0.022133,True,0.024390,0.000356,0.000540,0.000183,0.058807,0.089051,0.030244
Mouhamed Gueye,mouhamed gueye,ATL,2024,6.000000,0.013457,0.018655,False,0.073171,0.000985,0.001365,0.000380,0.138429,0.191906,0.053478
Mouhamed Gueye,mouhamed gueye,ATL,2025,33.000000,0.014366,0.031572,False,0.402439,0.005781,0.012706,0.006924,0.894090,1.964892,1.070803
Mouhamed Gueye,mouhamed gueye,ATL,2026,77.000000,0.014587,0.039029,False,0.939024,0.013697,0.036649,0.022952,2.259485,6.045687,3.786202
Mychal Mulder,mychal mulder,GSW,2020,7.000000,0.013909,0.051944,False,0.085366,0.001187,0.004434,0.003247,0.129584,0.483956,0.354373
Myles Turner,myles turner,IND,2019,74.000000,0.160345,0.132033,True,0.902439,0.144701,0.119151,-0.025550,15.792683,13.004190,-2.788493
Myles Turner,myles turner,IND,2020,62.000000,0.160345,0.156539,False,0.756098,0.121236,0.118359,-0.002877,13.231707,12.917661,-0.314047
Myles Turner,myles turner,IND,2021,47.000000,0.155675,0.174772,False,0.652778,0.101621,0.114087,0.012466,11.423611,12.824973,1.401362
Myles Turner,myles turner,IND,2022,42.000000,0.283608,0.126141,True,0.512195,0.145262,0.064609,-0.080654,17.962427,7.989215,-9.973211
Myles Turner,myles turner,IND,2023,62.000000,0.154204,0.214981,True,0.756098,0.116593,0.162546,0.045953,15.859146,22.109726,6.250579
Myles Turner,myles turner,IND,2024,77.000000,0.141751,0.154649,False,0.939024,0.133108,0.145219,0.012111,18.713348,20.416075,1.702728
Myles Turner,myles turner,IND,2025,72.000000,0.163716,0.151922,True,0.878049,0.143751,0.133395,-0.010356,22.230659,20.629109,-1.601551
Myles Turner,myles turner,MIL,2026,71.000000,0.161154,0.075491,False,0.865854,0.139536,0.065364,-0.074172,23.017996,10.782467,-12.235528
Myron Gardner,myron gardner,MIA,2026,45.000000,0.013039,0.019334,False,0.548780,0.007156,0.010610,0.003455,1.180381,1.750248,0.569867
N'Faly Dante,n'faly dante,HOU,2025,4.000000,0.013246,0.017283,False,0.048780,0.000646,0.000843,0.000197,0.099927,0.130377,0.030450
Nae'Qwan Tomlin,nae'qwan tomlin,CLE,2025,5.000000,0.004644,0.023308,False,0.060976,0.000283,0.001421,0.001138,0.043790,0.219786,0.175996
Nae'Qwan Tomlin,nae'qwan tomlin,CLE,2026,64.000000,0.014616,0.014848,True,0.780488,0.011408,0.011589,0.000181,1.881826,1.911681,0.029854
Naji Marshall,naji marshall,NOP,2021,32.000000,0.013503,0.026482,False,0.444444,0.006002,0.011770,0.005768,0.674658,1.323111,0.648453
Naji Marshall,naji marshall,NOP,2022,55.000000,0.014416,0.022799,False,0.670732,0.009669,0.015292,0.005623,1.195660,1.890975,0.695315
Naji Marshall,naji marshall,NOP,2023,77.000000,0.014194,0.040776,False,0.939024,0.013329,0.038290,0.024961,1.812957,5.208192,3.395235
Naji Marshall,naji marshall,NOP,2024,66.000000,0.060968,0.044282,True,0.804878,0.049072,0.035641,-0.013431,6.898955,5.010747,-1.888208
Naji Marshall,naji marshall,DAL,2025,69.000000,0.058197,0.072766,False,0.841463,0.048971,0.061230,0.012259,7.573171,9.469004,1.895833
Naji Marshall,naji marshall,DAL,2026,74.000000,0.057156,0.086390,False,0.902439,0.051580,0.077962,0.026382,8.508710,12.860684,4.351973
Nassir Little,nassir little,POR,2020,48.000000,0.020255,0.023691,False,0.585366,0.011857,0.013868,0.002011,1.294033,1.513552,0.219519
Nassir Little,nassir little,POR,2021,48.000000,0.020605,0.024849,False,0.666667,0.013736,0.016566,0.002829,1.544160,1.862217,0.318057
Nassir Little,nassir little,POR,2022,42.000000,0.033735,0.057535,False,0.512195,0.017279,0.029469,0.012190,2.136647,3.644024,1.507377
Nassir Little,nassir little,POR,2023,54.000000,0.045949,0.044457,True,0.658537,0.030259,0.029276,-0.000982,4.115854,3.982217,-0.133637
Nassir Little,nassir little,PHO,2024,45.000000,0.022101,0.030027,False,0.548780,0.012129,0.016478,0.004349,1.705139,2.316604,0.611465
Nate Hinton,nate hinton,DAL,2021,21.000000,0.000761,0.023681,False,0.291667,0.000222,0.006907,0.006685,0.024960,0.776452,0.751492
Nathan Knight,nathan knight,MIN,2022,37.000000,0.014848,0.013905,True,0.451220,0.006700,0.006274,-0.000426,0.828480,0.775835,-0.052645
Naz Reid,naz reid,MIN,2020,30.000000,0.013909,0.023568,False,0.365854,0.005089,0.008623,0.003534,0.555359,0.941065,0.385706
Naz Reid,naz reid,MIN,2021,70.000000,0.015858,0.035050,False,0.972222,0.015417,0.034076,0.018659,1.733104,3.830669,2.097566
Naz Reid,naz reid,MIN,2022,77.000000,0.015613,0.043166,False,0.939024,0.014661,0.040534,0.025872,1.812957,5.012201,3.199244
Naz Reid,naz reid,MIN,2023,68.000000,0.095209,0.073444,True,0.829268,0.078954,0.060905,-0.018049,10.739356,8.284306,-2.455050
Naz Reid,naz reid,MIN,2024,81.000000,0.099485,0.078674,False,0.987805,0.098272,0.077715,-0.020557,13.815866,10.925786,-2.890080
Naz Reid,naz reid,MIN,2025,80.000000,0.139361,0.112589,True,0.975610,0.135962,0.109843,-0.026119,21.026072,16.986823,-4.039249
Naz Reid,naz reid,MIN,2026,77.000000,0.141099,0.115041,False,0.939024,0.132496,0.108026,-0.024470,21.856602,17.820055,-4.036547
Neemias Queta,neemias queta,SAC,2023,5.000000,0.001838,0.016964,False,0.060976,0.000112,0.001034,0.000922,0.015244,0.140700,0.125456
Neemias Queta,neemias queta,BOS,2024,28.000000,0.015383,0.021370,True,0.341463,0.005253,0.007297,0.002044,0.738451,1.025857,0.287406
Neemias Queta,neemias queta,BOS,2025,62.000000,0.015193,0.028129,False,0.756098,0.011488,0.021268,0.009781,1.776510,3.289082,1.512572
Neemias Queta,neemias queta,BOS,2026,76.000000,0.016173,0.082049,False,0.926829,0.014990,0.076046,0.061056,2.472729,12.544568,10.071840
Nemanja Bjelica,nemanja bjelica,SAC,2019,77.000000,0.062534,0.068824,False,0.939024,0.058721,0.064627,0.005906,6.408841,7.053435,0.644593
Nemanja Bjelica,nemanja bjelica,SAC,2020,72.000000,0.065512,0.084350,False,0.878049,0.057523,0.074063,0.016540,6.278049,8.083245,1.805196
Nemanja Bjelica,nemanja bjelica,SAC,2021,26.000000,0.014848,0.033642,True,0.361111,0.005362,0.012148,0.006787,0.602759,1.365658,0.762899
Nerlens Noel,nerlens noel,OKC,2019,77.000000,0.014848,0.040471,False,0.939024,0.013943,0.038003,0.024060,1.521749,4.147694,2.625945
Nerlens Noel,nerlens noel,OKC,2020,61.000000,0.045813,0.061748,True,0.743902,0.034080,0.045935,0.011854,3.719512,5.013307,1.293795
Nerlens Noel,nerlens noel,NYK,2021,64.000000,0.078282,0.067033,True,0.888889,0.069584,0.059585,-0.009999,7.822222,6.698196,-1.124026
Nerlens Noel,nerlens noel,NYK,2022,25.000000,0.000853,0.047973,False,0.304878,0.000260,0.014626,0.014366,0.032171,1.808575,1.776403
Nerlens Noel,nerlens noel,DET,2023,14.000000,0.002206,0.014764,False,0.170732,0.000377,0.002521,0.002144,0.051220,0.342860,0.291641
Nic Claxton,nic claxton,BRK,2020,15.000000,0.013909,0.021299,False,0.182927,0.002544,0.003896,0.001352,0.277679,0.425229,0.147550
Nic Claxton,nic claxton,BRK,2021,32.000000,0.015858,0.034199,False,0.444444,0.007048,0.015200,0.008152,0.792276,1.708640,0.916364
Nic Claxton,nic claxton,BRK,2022,47.000000,0.068740,0.066233,True,0.573171,0.039400,0.037963,-0.001437,4.871951,4.694299,-0.177653
Nic Claxton,nic claxton,BRK,2023,76.000000,0.070761,0.170858,False,0.926829,0.065583,0.158356,0.092772,8.920732,21.539719,12.618987
Nic Claxton,nic claxton,BRK,2024,71.000000,0.196011,0.137985,True,0.865854,0.169717,0.119475,-0.050242,23.860171,16.796720,-7.063451
Nic Claxton,nic claxton,BRK,2025,70.000000,0.163936,0.074499,False,0.853659,0.139946,0.063597,-0.076349,21.642183,9.835035,-11.807149
Nic Claxton,nic claxton,BRK,2026,69.000000,0.140322,0.066353,False,0.841463,0.118076,0.055834,-0.062242,19.477965,9.210397,-10.267568
Nick Richards,nick richards,CHO,2021,18.000000,0.013503,0.017053,False,0.250000,0.003376,0.004263,0.000887,0.379495,0.479245,0.099750
Nick Richards,nick richards,CHO,2022,50.000000,0.014416,0.018944,False,0.609756,0.008790,0.011551,0.002761,1.086964,1.428396,0.341432
Nick Richards,nick richards,CHO,2023,65.000000,0.036759,0.025673,True,0.792683,0.029138,0.020351,-0.008787,3.963415,2.768137,-1.195278
Nick Richards,nick richards,CHO,2024,67.000000,0.035565,0.055137,False,0.817073,0.029059,0.045051,0.015992,4.085366,6.333670,2.248304
Nick Richards,nick richards,PHO,2025,36.000000,0.032332,0.042288,False,0.439024,0.014194,0.018566,0.004371,2.195122,2.871119,0.675997
Nick Smith Jr.,nick smith jr.,CHO,2024,51.000000,0.018403,0.022812,False,0.621951,0.011446,0.014188,0.002742,1.609112,1.994655,0.385542
Nick Smith Jr.,nick smith jr.,CHO,2025,60.000000,0.017528,0.040443,False,0.731707,0.012825,0.029592,0.016767,1.983424,4.576390,2.592965
Nickeil Alexander-Walker,nickeil alexander-walker,NOP,2020,47.000000,0.028524,0.035504,False,0.573171,0.016349,0.020350,0.004001,1.784372,2.221013,0.436641
Nickeil Alexander-Walker,nickeil alexander-walker,NOP,2021,46.000000,0.029013,0.056146,False,0.638889,0.018536,0.035871,0.017335,2.083723,4.032400,1.948677
Nickeil Alexander-Walker,nickeil alexander-walker,NOP,2022,50.000000,0.040513,0.066479,False,0.609756,0.024703,0.040536,0.015833,3.054654,5.012451,1.957797
Nickeil Alexander-Walker,nickeil alexander-walker,UTA,2023,36.000000,0.034462,0.034133,False,0.439024,0.015129,0.014985,-0.000144,2.057927,2.038324,-0.019603
Nickeil Alexander-Walker,nickeil alexander-walker,MIN,2024,82.000000,0.030675,0.067219,False,1.000000,0.030675,0.067219,0.036544,4.312500,9.450180,5.137680
Nickeil Alexander-Walker,nickeil alexander-walker,MIN,2025,82.000000,0.098041,0.087701,True,1.000000,0.098041,0.087701,-0.010341,15.161800,13.562662,-1.599138
Nickeil Alexander-Walker,nickeil alexander-walker,ATL,2026,78.000000,0.087316,0.200646,False,0.951220,0.083057,0.190859,0.107802,13.701090,31.484244,17.783154
Nicolas Batum,nicolas batum,CHO,2019,75.000000,0.234242,0.098821,False,0.914634,0.214246,0.090385,-0.123861,23.382820,9.864620,-13.518200
Nicolas Batum,nicolas batum,CHO,2020,22.000000,0.023456,0.035031,True,0.268293,0.006293,0.009399,0.003105,0.686829,1.025759,0.338930
Nicolas Batum,nicolas batum,LAC,2021,67.000000,0.078789,0.055151,False,0.930556,0.073317,0.051321,-0.021996,8.241902,5.769227,-2.472674
Nicolas Batum,nicolas batum,LAC,2022,59.000000,0.087690,0.050873,True,0.719512,0.063094,0.036604,-0.026490,7.801923,4.526256,-3.275667
Nicolas Batum,nicolas batum,LAC,2023,78.000000,0.086096,0.050238,False,0.951220,0.081896,0.047788,-0.034108,11.139559,6.500142,-4.639417
Nicolas Batum,nicolas batum,PHI,2024,57.000000,0.033203,0.040177,True,0.695122,0.023080,0.027928,0.004848,3.244829,3.926331,0.681502
Nicolas Batum,nicolas batum,LAC,2025,78.000000,0.036222,0.029267,True,0.951220,0.034455,0.027839,-0.006616,5.328351,4.305256,-1.023095
Nicolas Batum,nicolas batum,LAC,2026,74.000000,0.035655,0.028314,False,0.902439,0.032176,0.025551,-0.006625,5.307858,4.214982,-1.092876
Nik Stauskas,nik stauskas,MIA,2022,2.000000,0.005680,0.026247,False,0.024390,0.000139,0.000640,0.000502,0.017130,0.079160,0.062031
Nikola Jokić,nikola jokic,DEN,2019,80.000000,0.243482,0.300000,False,0.975610,0.237543,0.292683,0.055140,25.925459,31.943415,6.017956
Nikola Jokić,nikola jokic,DEN,2020,73.000000,0.270680,0.300000,False,0.890244,0.240971,0.267073,0.026102,26.299594,29.148366,2.848772
Nikola Jokić,nikola jokic,DEN,2021,72.000000,0.271411,0.300000,False,1.000000,0.271411,0.300000,0.028589,30.510423,33.724200,3.213777
Nikola Jokić,nikola jokic,DEN,2022,74.000000,0.267258,0.300000,False,0.902439,0.241184,0.270732,0.029548,29.823627,33.477329,3.653702
Nikola Jokić,nikola jokic,DEN,2023,69.000000,0.350000,0.350000,True,0.841463,0.294512,0.294512,0.000000,40.059843,40.059843,0.000000
Nikola Jokić,nikola jokic,DEN,2024,79.000000,0.365721,0.378000,False,0.963415,0.352341,0.364171,0.011830,49.534867,51.198035,1.663168
Nikola Jokić,nikola jokic,DEN,2025,70.000000,0.357101,0.394978,False,0.853659,0.304842,0.337177,0.032335,47.142888,52.143353,5.000465
Nikola Jokić,nikola jokic,DEN,2026,65.000000,0.357861,0.330531,False,0.792683,0.283670,0.262007,-0.021664,46.794542,43.220857,-3.573684
Nique Clifford,nique clifford,SAC,2026,75.000000,0.019783,0.040821,False,0.914634,0.018094,0.037336,0.019242,2.984817,6.159046,3.174229
Noa Essengue,noa essengue,CHI,2026,2.000000,0.034561,0.017813,False,0.024390,0.000843,0.000434,-0.000408,0.139054,0.071671,-0.067382
Noah Clowney,noah clowney,BRK,2024,23.000000,0.023075,0.024585,False,0.280488,0.006472,0.006896,0.000424,0.909925,0.969479,0.059554
Noah Clowney,noah clowney,BRK,2025,46.000000,0.021977,0.037176,False,0.560976,0.012328,0.020855,0.008526,1.906554,3.225122,1.318568
Noah Clowney,noah clowney,BRK,2026,66.000000,0.032820,0.060219,False,0.804878,0.026416,0.048469,0.022052,4.357637,7.995434,3.637797
Noah Penda,noah penda,ORL,2026,59.000000,0.013039,0.021990,False,0.719512,0.009382,0.015822,0.006441,1.547611,2.610084,1.062473
Noah Vonleh,noah vonleh,NYK,2019,68.000000,0.018325,0.059646,True,0.829268,0.015196,0.049462,0.034266,1.658537,5.398307,3.739771
Noah Vonleh,noah vonleh,MIN,2020,29.000000,0.002419,0.019802,False,0.353659,0.000855,0.007003,0.006148,0.093364,0.764325,0.670961
Nolan Traoré,nolan traore,BRK,2026,56.000000,0.024260,0.031159,False,0.682927,0.016568,0.021279,0.004711,2.733073,3.510269,0.777196
Norman Powell,norman powell,TOR,2019,60.000000,0.092694,0.039739,False,0.731707,0.067825,0.029077,-0.038747,7.402373,3.173511,-4.228862
Norman Powell,norman powell,TOR,2020,52.000000,0.099560,0.100830,False,0.634146,0.063135,0.063941,0.000805,6.890604,6.978513,0.087909
Norman Powell,norman powell,TOR,2021,42.000000,0.138037,0.160685,True,0.583333,0.080521,0.093733,0.013212,9.051725,10.536922,1.485198
Norman Powell,norman powell,POR,2022,40.000000,0.135527,0.116019,False,0.487805,0.066111,0.056595,-0.009516,8.174937,6.998225,-1.176712
Norman Powell,norman powell,LAC,2023,60.000000,0.132333,0.067036,False,0.731707,0.096829,0.049051,-0.047778,13.170732,6.671914,-6.498817
Norman Powell,norman powell,LAC,2024,76.000000,0.136864,0.071981,False,0.926829,0.126849,0.066714,-0.060135,17.833473,9.379199,-8.454274
Norman Powell,norman powell,LAC,2025,60.000000,0.132448,0.161063,False,0.731707,0.096914,0.117851,0.020937,14.987384,18.225298,3.237914
Norman Powell,norman powell,MIA,2026,58.000000,0.130334,0.122886,True,0.707317,0.092187,0.086919,-0.005268,15.207317,14.338255,-0.869062
Norvel Pelle,norvel pelle,PHI,2020,24.000000,0.001996,0.018767,False,0.292683,0.000584,0.005493,0.004909,0.063760,0.599490,0.535730
Norvel Pelle,norvel pelle,NYK,2021,9.000000,0.000853,0.017447,False,0.125000,0.000107,0.002181,0.002074,0.011991,0.245164,0.233172
Obi Toppin,obi toppin,NYK,2021,62.000000,0.045414,0.054987,False,0.861111,0.039106,0.047350,0.008243,4.396110,5.322754,0.926644
Obi Toppin,obi toppin,NYK,2022,72.000000,0.043252,0.062699,False,0.878049,0.037977,0.055053,0.017076,4.696051,6.807525,2.111474
Obi Toppin,obi toppin,NYK,2023,67.000000,0.050014,0.067569,False,0.817073,0.040865,0.055209,0.014343,5.558559,7.509537,1.950979
Obi Toppin,obi toppin,IND,2024,82.000000,0.092291,0.089201,True,1.000000,0.092291,0.089201,-0.003090,12.975000,12.540528,-0.434472
Obi Toppin,obi toppin,IND,2025,79.000000,0.090529,0.082313,False,0.963415,0.087217,0.079302,-0.007915,13.487805,12.263741,-1.224064
Obi Toppin,obi toppin,IND,2026,24.000000,0.090931,0.073362,False,0.292683,0.026614,0.021472,-0.005142,4.390244,3.542020,-0.848224
Ochai Agbaji,ochai agbaji,UTA,2023,59.000000,0.030247,0.042716,False,0.719512,0.021763,0.030735,0.008972,2.960217,4.180571,1.220354
Ochai Agbaji,ochai agbaji,UTA,2024,51.000000,0.030659,0.036704,False,0.621951,0.019068,0.022828,0.003760,2.680784,3.209349,0.528565
Ochai Agbaji,ochai agbaji,TOR,2025,64.000000,0.041278,0.058579,False,0.780488,0.032217,0.045720,0.013503,4.982263,7.070493,2.088229
OG Anunoby,og anunoby,TOR,2019,67.000000,0.020907,0.034691,False,0.817073,0.017083,0.028345,0.011263,1.864398,3.093593,1.229196
OG Anunoby,og anunoby,TOR,2020,69.000000,0.035479,0.110642,False,0.841463,0.029855,0.093101,0.063246,3.258327,10.161034,6.902706
OG Anunoby,og anunoby,TOR,2021,43.000000,0.142966,0.162712,True,0.597222,0.085383,0.097175,0.011792,9.598215,10.923844,1.325629
OG Anunoby,og anunoby,TOR,2022,48.000000,0.140367,0.185819,False,0.585366,0.082166,0.108772,0.026606,10.160279,13.450229,3.289950
OG Anunoby,og anunoby,TOR,2023,67.000000,0.137059,0.186046,False,0.817073,0.111987,0.152013,0.040026,15.232578,20.676969,5.444391
OG Anunoby,og anunoby,TOR,2024,27.000000,0.260605,0.201710,True,0.329268,0.085809,0.066417,-0.019392,12.063709,9.337402,-2.726307
OG Anunoby,og anunoby,NYK,2025,74.000000,0.255866,0.235487,False,0.902439,0.230904,0.212513,-0.018391,35.708579,32.864453,-2.844126
OG Anunoby,og anunoby,NYK,2026,67.000000,0.257637,0.244016,False,0.817073,0.210508,0.199379,-0.011129,34.725610,32.889684,-1.835926
Olivier-Maxence Prosper,olivier-maxence prosper,DAL,2024,40.000000,0.020417,0.021769,False,0.487805,0.009960,0.010619,0.000659,1.400195,1.492886,0.092691
Olivier-Maxence Prosper,olivier-maxence prosper,DAL,2025,52.000000,0.006482,0.020296,False,0.634146,0.004110,0.012871,0.008760,0.635643,1.990401,1.354758
Olivier-Maxence Prosper,olivier-maxence prosper,MEM,2026,53.000000,0.015142,0.029884,False,0.646341,0.009787,0.019316,0.009529,1.614439,3.186310,1.571871
Omari Spellman,omari spellman,ATL,2019,46.000000,0.017389,0.020362,False,0.560976,0.009755,0.011423,0.001668,1.064620,1.246655,0.182035
Omari Spellman,omari spellman,GSW,2020,49.000000,0.018218,0.025507,False,0.597561,0.010886,0.015242,0.004356,1.188119,1.663507,0.475388
Omer Yurtseven,omer yurtseven,,2021,0.000000,0.013246,0.016152,False,0.000000,0.000000,0.000000,0.000000,0.000000,0.000000,0.000000
Omer Yurtseven,omer yurtseven,MIA,2022,56.000000,0.014174,0.015239,False,0.682927,0.009680,0.010407,0.000728,1.196924,1.286924,0.090001
Omer Yurtseven,omer yurtseven,MIA,2023,9.000000,0.020585,0.022032,True,0.109756,0.002259,0.002418,0.000159,0.307317,0.328918,0.021601
Onyeka Okongwu,onyeka okongwu,ATL,2021,50.000000,0.054302,0.038030,False,0.694444,0.037710,0.026410,-0.011300,4.239083,2.968849,-1.270234
Onyeka Okongwu,onyeka okongwu,ATL,2022,48.000000,0.051718,0.059356,False,0.585366,0.030274,0.034745,0.004471,3.743508,4.296406,0.552898
Onyeka Okongwu,onyeka okongwu,ATL,2023,80.000000,0.059616,0.083646,False,0.975610,0.058162,0.081606,0.023443,7.911281,11.100064,3.188783
Onyeka Okongwu,onyeka okongwu,ATL,2024,55.000000,0.099582,0.097903,True,0.670732,0.066793,0.065667,-0.001126,9.390244,9.231936,-0.158308
Onyeka Okongwu,onyeka okongwu,ATL,2025,74.000000,0.096995,0.103310,False,0.902439,0.087532,0.093231,0.005699,13.536585,14.417914,0.881329
Onyeka Okongwu,onyeka okongwu,ATL,2026,74.000000,0.097720,0.175444,False,0.902439,0.088186,0.158328,0.070141,14.547317,26.117903,11.570586
Orlando Robinson,orlando robinson,MIA,2023,31.000000,0.013246,0.017762,False,0.378049,0.005008,0.006715,0.001707,0.681157,0.913355,0.232199
Orlando Robinson,orlando robinson,MIA,2024,36.000000,0.006827,0.016312,False,0.439024,0.002997,0.007161,0.004164,0.421366,1.006781,0.585415
Oshae Brissett,oshae brissett,TOR,2020,19.000000,0.008755,0.015242,False,0.231707,0.002029,0.003532,0.001503,0.221395,0.385437,0.164043
Oshae Brissett,oshae brissett,IND,2021,21.000000,0.015137,0.032061,False,0.291667,0.004415,0.009351,0.004936,0.496298,1.051211,0.554913
Oshae Brissett,oshae brissett,IND,2022,67.000000,0.014935,0.027314,False,0.817073,0.012203,0.022317,0.010114,1.508920,2.759627,1.250707
Oshae Brissett,oshae brissett,IND,2023,65.000000,0.014848,0.015058,True,0.792683,0.011770,0.011936,0.000166,1.600986,1.623576,0.022590
Oshae Brissett,oshae brissett,BOS,2024,55.000000,0.000853,0.024352,False,0.670732,0.000572,0.016334,0.015762,0.080469,2.296349,2.215880
Oso Ighodaro,oso ighodaro,PHO,2025,61.000000,0.012644,0.026548,False,0.743902,0.009406,0.019749,0.010343,1.454610,3.054157,1.599547
Oso Ighodaro,oso ighodaro,PHO,2026,82.000000,0.013920,0.062126,True,1.000000,0.013920,0.062126,0.048205,2.296271,10.248285,7.952014
Ousmane Dieng,ousmane dieng,OKC,2023,39.000000,0.035277,0.029172,False,0.475610,0.016778,0.013874,-0.002904,2.282185,1.887199,-0.394986
Ousmane Dieng,ousmane dieng,OKC,2024,33.000000,0.035757,0.033969,False,0.402439,0.014390,0.013671,-0.000720,2.023077,1.921910,-0.101167
Ousmane Dieng,ousmane dieng,OKC,2025,37.000000,0.043136,0.031624,False,0.451220,0.019464,0.014269,-0.005194,3.010032,2.206734,-0.803298
Ousmane Dieng,ousmane dieng,MIL,2026,30.000000,0.034857,0.062848,True,0.365854,0.012752,0.022993,0.010241,2.103659,3.792953,1.689295
P.J. Tucker,p.j. tucker,HOU,2019,82.000000,0.076498,0.101206,False,1.000000,0.076498,0.101206,0.024708,8.349039,11.045616,2.696577
P.J. Tucker,p.j. tucker,HOU,2020,72.000000,0.073021,0.084022,False,0.878049,0.064116,0.073775,0.009659,6.997642,8.051826,1.054184
P.J. Tucker,p.j. tucker,HOU,2021,32.000000,0.062270,0.058220,True,0.444444,0.027675,0.025876,-0.001800,3.111111,2.908787,-0.202324
P.J. Tucker,p.j. tucker,MIA,2022,71.000000,0.084833,0.049734,True,0.865854,0.073453,0.043063,-0.030390,9.082805,5.324923,-3.757882
P.J. Tucker,p.j. tucker,PHI,2023,75.000000,0.080976,0.038735,False,0.914634,0.074064,0.035428,-0.038636,10.074238,4.818989,-5.255249
P.J. Tucker,p.j. tucker,LAC,2024,28.000000,0.001756,0.023196,False,0.341463,0.000600,0.007921,0.007321,0.084284,1.113538,1.029254
P.J. Washington,p.j. washington,CHO,2020,58.000000,0.036866,0.117939,False,0.707317,0.026076,0.083420,0.057344,2.845961,9.104484,6.258523
P.J. Washington,p.j. washington,CHO,2021,64.000000,0.037496,0.124842,False,0.888889,0.033330,0.110971,0.077641,3.746773,12.474690,8.727916
P.J. Washington,p.j. washington,CHO,2022,65.000000,0.046973,0.082587,False,0.792683,0.037235,0.065465,0.028231,4.604247,8.095117,3.490870
P.J. Washington,p.j. washington,CHO,2023,73.000000,0.123862,0.135703,True,0.890244,0.110267,0.120809,0.010541,14.998674,16.432527,1.433853
P.J. Washington,p.j. washington,CHO,2024,44.000000,0.110251,0.112592,False,0.536585,0.059159,0.060415,0.001256,8.317073,8.493662,0.176589
P.J. Washington,p.j. washington,DAL,2025,57.000000,0.091513,0.133104,False,0.695122,0.063613,0.092523,0.028911,9.837487,14.308445,4.470958
P.J. Washington,p.j. washington,DAL,2026,56.000000,0.120107,0.107838,True,0.682927,0.082025,0.073646,-0.008379,13.530859,12.148640,-1.382219
Paolo Banchero,paolo banchero,ORL,2023,72.000000,0.085340,0.189364,False,0.878049,0.074933,0.166271,0.091338,10.192460,22.616328,12.423868
Paolo Banchero,paolo banchero,ORL,2024,80.000000,0.086500,0.243610,False,0.975610,0.084390,0.237669,0.153279,11.864195,33.413375,21.549180
Paolo Banchero,paolo banchero,ORL,2025,46.000000,0.099160,0.250000,False,0.560976,0.055626,0.140244,0.084618,8.602431,21.688299,13.085867
Paolo Banchero,paolo banchero,ORL,2026,72.000000,0.250000,0.250000,True,0.878049,0.219512,0.219512,0.000000,36.210951,36.210951,0.000000
Pascal Siakam,pascal siakam,TOR,2019,80.000000,0.021549,0.185935,False,0.975610,0.021023,0.181400,0.160377,2.294477,19.797971,17.503494
Pascal Siakam,pascal siakam,TOR,2020,60.000000,0.280000,0.300000,True,0.731707,0.204878,0.219512,0.014634,22.360390,23.957561,1.597171
Pascal Siakam,pascal siakam,TOR,2021,56.000000,0.293593,0.302400,False,0.777778,0.228350,0.235200,0.006850,25.669728,26.439773,0.770045
Pascal Siakam,pascal siakam,TOR,2022,68.000000,0.286674,0.317080,False,0.829268,0.237730,0.262945,0.025215,29.396460,32.514407,3.117947
Pascal Siakam,pascal siakam,TOR,2023,71.000000,0.278585,0.309608,False,0.865854,0.241214,0.268075,0.026861,32.810146,36.463848,3.653703
Pascal Siakam,pascal siakam,TOR,2024,39.000000,0.300000,0.281810,False,0.475610,0.142683,0.134031,-0.008651,20.059507,18.843212,-1.216296
Pascal Siakam,pascal siakam,IND,2025,78.000000,0.294545,0.265745,False,0.951220,0.280177,0.252782,-0.027395,43.328536,39.091997,-4.236538
Pascal Siakam,pascal siakam,IND,2026,62.000000,0.296583,0.242125,False,0.756098,0.224246,0.183070,-0.041175,36.991789,30.199442,-6.792347
Pat Connaughton,pat connaughton,MIL,2019,61.000000,0.015788,0.040871,False,0.743902,0.011744,0.030404,0.018659,1.281781,3.318259,2.036477
Pat Connaughton,pat connaughton,MIL,2020,67.000000,0.045247,0.050792,True,0.817073,0.036970,0.041501,0.004531,4.034930,4.529392,0.494462
Pat Connaughton,pat connaughton,MIL,2021,69.000000,0.047444,0.063855,False,0.958333,0.045467,0.061194,0.015727,5.111111,6.879076,1.767966
Pat Connaughton,pat connaughton,MIL,2022,65.000000,0.046326,0.074097,False,0.792683,0.036722,0.058736,0.022014,4.540799,7.262954,2.722155
Pat Connaughton,pat connaughton,MIL,2023,61.000000,0.069282,0.068879,True,0.743902,0.051539,0.051240,-0.000300,7.010439,6.969665,-0.040774
Pat Connaughton,pat connaughton,MIL,2024,76.000000,0.067032,0.037977,False,0.926829,0.062127,0.035198,-0.026929,8.734318,4.948474,-3.785844
Pat Connaughton,pat connaughton,MIL,2025,41.000000,0.069446,0.021064,False,0.500000,0.034723,0.010532,-0.024191,5.369841,1.628772,-3.741069
Pat Connaughton,pat connaughton,CHO,2026,42.000000,0.023132,0.014947,False,0.512195,0.011848,0.007656,-0.004192,1.954465,1.262940,-0.691525
Pat Spencer,pat spencer,GSW,2024,6.000000,0.003121,0.011915,False,0.073171,0.000228,0.000872,0.000643,0.032108,0.122564,0.090456
Pat Spencer,pat spencer,GSW,2025,39.000000,0.005547,0.017690,False,0.475610,0.002638,0.008414,0.005775,0.407980,1.301142,0.893162
Patrick Baldwin Jr.,patrick baldwin jr.,GSW,2023,31.000000,0.017186,0.026354,False,0.378049,0.006497,0.009963,0.003466,0.883772,1.355208,0.471436
Patrick Baldwin Jr.,patrick baldwin jr.,WAS,2024,38.000000,0.017419,0.020217,False,0.463415,0.008072,0.009369,0.001297,1.134828,1.317122,0.182294
Patrick Baldwin Jr.,patrick baldwin jr.,WAS,2025,22.000000,0.000853,0.024553,False,0.268293,0.000229,0.006587,0.006358,0.035407,1.018713,0.983307
Patrick Beverley,patrick beverley,LAC,2019,78.000000,0.113118,0.106784,True,0.951220,0.107600,0.101575,-0.006025,11.743451,11.085923,-0.657528
Patrick Beverley,patrick beverley,LAC,2020,51.000000,0.122167,0.094641,False,0.621951,0.075982,0.058862,-0.017120,8.292683,6.424182,-1.868501
Patrick Beverley,patrick beverley,LAC,2021,37.000000,0.127395,0.076752,False,0.513889,0.065467,0.039442,-0.026025,7.359397,4.433853,-2.925544
Patrick Beverley,patrick beverley,MIN,2022,58.000000,0.004096,0.107672,False,0.707317,0.002897,0.076158,0.073261,0.358262,9.417346,9.059084
Patrick Beverley,patrick beverley,2TM,2023,67.000000,0.014848,0.015974,True,0.817073,0.012132,0.013052,0.000919,1.650248,1.775309,0.125062
Patrick McCaw,patrick mccaw,TOR,2019,26.000000,0.036650,0.014848,True,0.317073,0.011621,0.004708,-0.006913,1.268293,0.513837,-0.754455
Patrick McCaw,patrick mccaw,TOR,2020,37.000000,0.036650,0.029724,False,0.451220,0.016537,0.013412,-0.003125,1.804878,1.463815,-0.341063
Patrick Patterson,patrick patterson,OKC,2019,63.000000,0.014848,0.014848,True,0.768293,0.011408,0.011408,-0.000000,1.245067,1.245067,-0.000000
Patrick Patterson,patrick patterson,LAC,2020,59.000000,0.028200,0.014848,True,0.719512,0.020290,0.010684,-0.009606,2.214446,1.166016,-1.048430
Patrick Patterson,patrick patterson,LAC,2021,38.000000,0.006557,0.022766,False,0.527778,0.003460,0.012015,0.008555,0.389007,1.350689,0.961682
Patrick Williams,patrick williams,CHI,2021,71.000000,0.066024,0.070217,False,0.986111,0.065107,0.069242,0.004135,7.318917,7.783723,0.464806
Patrick Williams,patrick williams,CHI,2022,17.000000,0.062880,0.059628,False,0.207317,0.013036,0.012362,-0.000674,1.611973,1.528605,-0.083368
Patrick Williams,patrick williams,CHI,2023,82.000000,0.072311,0.092284,False,1.000000,0.072311,0.092284,0.019973,9.835881,12.552623,2.716742
Patrick Williams,patrick williams,CHI,2024,43.000000,0.128034,0.093261,True,0.524390,0.067140,0.048905,-0.018234,9.439024,6.875515,-2.563509
Patrick Williams,patrick williams,CHI,2025,63.000000,0.116394,0.054596,False,0.768293,0.089425,0.041946,-0.047479,13.829268,6.486814,-7.342455
Patrick Williams,patrick williams,CHI,2026,72.000000,0.109117,0.045681,False,0.878049,0.095810,0.040110,-0.055699,15.804878,6.616658,-9.188220
Patty Mills,patty mills,SAS,2019,82.000000,0.113877,0.080333,False,1.000000,0.113877,0.080333,-0.033544,12.428571,8.767594,-3.660977
Patty Mills,patty mills,SAS,2020,66.000000,0.124022,0.080167,False,0.804878,0.099822,0.064525,-0.035297,10.894599,7.042257,-3.852342
Patty Mills,patty mills,SAS,2021,68.000000,0.052396,0.060440,True,0.944444,0.049485,0.057083,0.007598,5.562778,6.416892,0.854115
Patty Mills,patty mills,BRK,2022,81.000000,0.052396,0.055385,False,0.987805,0.051757,0.054709,0.002953,6.399988,6.765094,0.365106
Patty Mills,patty mills,BRK,2023,40.000000,0.050014,0.020140,False,0.487805,0.024397,0.009824,-0.014573,3.318512,1.336307,-1.982205
Patty Mills,patty mills,MIA,2024,13.000000,0.014848,0.014848,True,0.158537,0.002354,0.002354,-0.000000,0.330948,0.330948,-0.000000
Pau Gasol,pau gasol,SAS,2019,27.000000,0.004249,0.030070,False,0.329268,0.001399,0.009901,0.008502,0.152676,1.080595,0.927919
Paul George,paul george,OKC,2019,77.000000,0.302415,0.350000,False,0.939024,0.283975,0.328659,0.044684,30.993022,35.869793,4.876771
Paul George,paul george,LAC,2020,48.000000,0.324816,0.330922,False,0.585366,0.190136,0.193711,0.003574,20.751461,21.141577,0.390116
Paul George,paul george,LAC,2021,54.000000,0.350001,0.350801,False,0.750000,0.262500,0.263101,0.000600,29.508728,29.576226,0.067499
Paul George,paul george,LAC,2022,31.000000,0.343637,0.296092,False,0.378049,0.129912,0.111937,-0.017975,16.064235,13.841582,-2.222653
Paul George,paul george,LAC,2023,56.000000,0.335537,0.292153,False,0.682927,0.229147,0.199519,-0.029628,31.168838,27.138752,-4.030086
Paul George,paul george,LAC,2024,74.000000,0.350000,0.292151,False,0.902439,0.315854,0.263648,-0.052206,44.405234,37.065762,-7.339473
Paul George,paul george,PHI,2025,41.000000,0.334090,0.219749,False,0.500000,0.167045,0.109874,-0.057171,25.833045,16.991724,-8.841321
Paul George,paul george,PHI,2026,37.000000,0.328116,0.169877,False,0.451220,0.148052,0.076652,-0.071400,24.422879,12.644591,-11.778288
Paul Millsap,paul millsap,DEN,2019,70.000000,0.279458,0.152090,False,0.853659,0.238561,0.129833,-0.108729,26.036585,14.169954,-11.866631
Paul Millsap,paul millsap,DEN,2020,51.000000,0.091625,0.114722,True,0.621951,0.056987,0.071352,0.014365,6.219512,7.787303,1.567791
Paul Millsap,paul millsap,DEN,2021,56.000000,0.014848,0.071845,True,0.777778,0.011549,0.055880,0.044331,1.298250,6.281659,4.983410
Paul Reed,paul reed,PHI,2021,26.000000,0.013503,0.028097,False,0.361111,0.004876,0.010146,0.005270,0.548160,1.140560,0.592400
Paul Reed,paul reed,PHI,2022,38.000000,0.014416,0.033031,True,0.463415,0.006681,0.015307,0.008626,0.826093,1.892769,1.066676
Paul Reed,paul reed,PHI,2023,69.000000,0.056778,0.049056,True,0.841463,0.047777,0.041279,-0.006498,6.498622,5.614795,-0.883827
Paul Reed,paul reed,PHI,2024,82.000000,0.017680,0.055284,False,1.000000,0.017680,0.055284,0.037604,2.485563,7.772285,5.286722
Paul Reed,paul reed,DET,2025,45.000000,0.034504,0.056859,True,0.548780,0.018935,0.031203,0.012268,2.928235,4.825431,1.897196
Paul Reed,paul reed,DET,2026,65.000000,0.033964,0.072254,False,0.792683,0.026922,0.057275,0.030352,4.441156,9.448079,5.006923
Paul Watson,paul watson,TOR,2020,8.000000,0.013246,0.017944,False,0.097561,0.001292,0.001751,0.000458,0.141044,0.191066,0.050023
Payton Pritchard,payton pritchard,BOS,2021,66.000000,0.019014,0.047251,False,0.916667,0.017430,0.043313,0.025884,1.959320,4.869023,2.909703
Payton Pritchard,payton pritchard,BOS,2022,71.000000,0.018108,0.048073,False,0.865854,0.015679,0.041624,0.025945,1.938820,5.147023,3.208204
Payton Pritchard,payton pritchard,BOS,2023,48.000000,0.029681,0.034508,False,0.585366,0.017374,0.020200,0.002825,2.363284,2.747592,0.384308
Payton Pritchard,payton pritchard,BOS,2024,82.000000,0.047632,0.079865,True,1.000000,0.047632,0.079865,0.032234,6.696429,11.228112,4.531683
Payton Pritchard,payton pritchard,BOS,2025,80.000000,0.046765,0.144568,False,0.975610,0.045625,0.141042,0.095417,7.055749,21.811683,14.755933
Payton Pritchard,payton pritchard,BOS,2026,79.000000,0.047089,0.193160,False,0.963415,0.045366,0.186093,0.140727,7.483667,30.698110,23.214443
Pelle Larsson,pelle larsson,MIA,2025,55.000000,0.012644,0.024128,False,0.670732,0.008481,0.016183,0.007703,1.311533,2.502724,1.191191
Pelle Larsson,pelle larsson,MIA,2026,70.000000,0.013920,0.053148,False,0.853659,0.011883,0.045370,0.033487,1.960231,7.484351,5.524120
Pete Nance,pete nance,MIL,2026,47.000000,0.015383,0.014848,True,0.573171,0.008817,0.008510,-0.000306,1.454436,1.403891,-0.050545
Peyton Watson,peyton watson,DEN,2023,23.000000,0.016935,0.019829,False,0.280488,0.004750,0.005562,0.000812,0.646109,0.756526,0.110416
Peyton Watson,peyton watson,DEN,2024,80.000000,0.017168,0.025210,False,0.975610,0.016749,0.024595,0.007846,2.354693,3.457807,1.103115
Peyton Watson,peyton watson,DEN,2025,68.000000,0.028170,0.036665,False,0.829268,0.023361,0.030405,0.007044,3.612687,4.702060,1.089373
PJ Dozier,pj dozier,BOS,2019,6.000000,0.001678,0.019966,False,0.073171,0.000123,0.001461,0.001338,0.013399,0.159446,0.146048
PJ Dozier,pj dozier,DEN,2020,29.000000,0.016152,0.014848,True,0.353659,0.005712,0.005251,-0.000461,0.623428,0.573126,-0.050302
PJ Dozier,pj dozier,DEN,2021,50.000000,0.016998,0.023480,True,0.694444,0.011804,0.016305,0.004501,1.326986,1.832934,0.505948
PJ Dozier,pj dozier,DEN,2022,18.000000,0.004363,0.016090,False,0.219512,0.000958,0.003532,0.002574,0.118416,0.436750,0.318335
Precious Achiuwa,precious achiuwa,MIA,2021,61.000000,0.024119,0.033727,False,0.847222,0.020434,0.028575,0.008141,2.297057,3.212187,0.915131
Precious Achiuwa,precious achiuwa,TOR,2022,73.000000,0.022968,0.056742,False,0.890244,0.020447,0.050514,0.030066,2.528435,6.246305,3.717870
Precious Achiuwa,precious achiuwa,TOR,2023,55.000000,0.032197,0.037901,False,0.670732,0.021596,0.025421,0.003825,2.937488,3.457825,0.520338
Precious Achiuwa,precious achiuwa,NYK,2024,49.000000,0.042678,0.059434,True,0.597561,0.025503,0.035516,0.010013,3.585366,4.993085,1.407719
Precious Achiuwa,precious achiuwa,NYK,2025,57.000000,0.013654,0.016812,True,0.695122,0.009491,0.011686,0.002195,1.467761,1.807259,0.339498
Precious Achiuwa,precious achiuwa,SAC,2026,73.000000,0.033202,0.022912,True,0.890244,0.029558,0.020397,-0.009161,4.875866,3.364698,-1.511168
Quentin Grimes,quentin grimes,NYK,2022,46.000000,0.018414,0.023247,False,0.560976,0.010330,0.013041,0.002711,1.277341,1.612567,0.335226
Quentin Grimes,quentin grimes,NYK,2023,71.000000,0.017539,0.088864,False,0.865854,0.015187,0.076944,0.061757,2.065684,10.465947,8.400263
Quentin Grimes,quentin grimes,NYK,2024,45.000000,0.030562,0.030922,False,0.548780,0.016772,0.016969,0.000197,2.357935,2.385692,0.027757
Quentin Grimes,quentin grimes,DAL,2025,47.000000,0.056524,0.061854,True,0.573171,0.032398,0.035453,0.003055,5.010205,5.482714,0.472509
Quentin Grimes,quentin grimes,PHI,2026,75.000000,0.084587,0.084312,True,0.914634,0.077366,0.077114,-0.000251,12.762337,12.720856,-0.041481
Quinn Cook,quinn cook,GSW,2019,74.000000,0.027488,0.037318,True,0.902439,0.024806,0.033677,0.008871,2.707317,3.675526,0.968208
Quinn Cook,quinn cook,LAL,2020,44.000000,0.002034,0.033592,False,0.536585,0.001091,0.018025,0.016934,0.119120,1.967244,1.848125
Quinndary Weatherspoon,quinndary weatherspoon,SAS,2021,20.000000,0.000853,0.016224,False,0.277778,0.000237,0.004507,0.004270,0.026647,0.506618,0.479970
Quinten Post,quinten post,GSW,2025,42.000000,0.012644,0.018938,False,0.512195,0.006476,0.009700,0.003224,1.001535,1.500046,0.498511
Quinten Post,quinten post,GSW,2026,67.000000,0.050228,0.018956,True,0.817073,0.041040,0.015488,-0.025552,6.770035,2.554940,-4.215095
R.J. Hampton,r.j. hampton,ORL,2021,26.000000,0.020487,0.045289,False,0.361111,0.007398,0.016354,0.008956,0.831653,1.838457,1.006803
R.J. Hampton,r.j. hampton,ORL,2022,64.000000,0.003925,0.034888,False,0.780488,0.003064,0.027230,0.024166,0.378851,3.367087,2.988235
R.J. Hampton,r.j. hampton,DET,2023,21.000000,0.000853,0.021697,False,0.256098,0.000219,0.005557,0.005338,0.029727,0.755804,0.726077
Rajon Rondo,rajon rondo,LAL,2019,46.000000,0.014848,0.044469,True,0.560976,0.008330,0.024946,0.016616,0.909097,2.722621,1.813525
Rajon Rondo,rajon rondo,LAL,2020,48.000000,0.075591,0.022151,True,0.585366,0.044248,0.012966,-0.031282,4.829268,1.415138,-3.414131
Rajon Rondo,rajon rondo,ATL,2021,27.000000,0.014848,0.014848,True,0.375000,0.005568,0.005568,-0.000000,0.625942,0.625942,-0.000000
Rasheer Fleming,rasheer fleming,PHO,2026,55.000000,0.013039,0.019551,False,0.670732,0.008746,0.013114,0.004368,1.442688,2.163258,0.720570
Raul Neto,raul neto,UTA,2019,37.000000,0.014848,0.014848,True,0.451220,0.006700,0.006700,-0.000000,0.731230,0.731230,-0.000000
Raul Neto,raul neto,PHI,2020,54.000000,0.014848,0.017264,True,0.658537,0.009778,0.011369,0.001591,1.067201,1.240843,0.173643
Raul Neto,raul neto,WAS,2021,64.000000,0.014848,0.039329,True,0.888889,0.013199,0.034959,0.021760,1.483714,3.929857,2.446143
Raul Neto,raul neto,WAS,2022,70.000000,0.014848,0.029879,True,0.853659,0.012676,0.025506,0.012831,1.567394,3.153997,1.586603
Rayan Rupert,rayan rupert,POR,2024,39.000000,0.013457,0.017293,False,0.475610,0.006400,0.008225,0.001825,0.899786,1.156292,0.256507
Rayan Rupert,rayan rupert,POR,2025,52.000000,0.014366,0.018063,False,0.634146,0.009110,0.011454,0.002344,1.408868,1.771370,0.362501
Rayjon Tucker,rayjon tucker,UTA,2020,20.000000,0.003115,0.015465,False,0.243902,0.000760,0.003772,0.003012,0.082927,0.411667,0.328740
Rayjon Tucker,rayjon tucker,PHI,2021,14.000000,0.000853,0.017090,False,0.194444,0.000166,0.003323,0.003157,0.018653,0.373561,0.354908
Reed Sheppard,reed sheppard,HOU,2025,52.000000,0.068566,0.028804,False,0.634146,0.043481,0.018266,-0.025215,6.724209,2.824779,-3.899430
Reed Sheppard,reed sheppard,HOU,2026,82.000000,0.067342,0.095107,False,1.000000,0.067342,0.095107,0.027764,11.108880,15.688937,4.580057
Reggie Bullock,reggie bullock,DET,2019,44.000000,0.036650,0.072804,True,0.536585,0.019666,0.039065,0.019399,2.146341,4.263598,2.117257
Reggie Bullock,reggie bullock,NYK,2020,29.000000,0.038483,0.035966,False,0.353659,0.013610,0.012720,-0.000890,1.485366,1.388229,-0.097136
Reggie Bullock,reggie bullock,NYK,2021,65.000000,0.084829,0.074690,True,0.902778,0.076582,0.067428,-0.009154,8.608889,7.579872,-1.029017
Reggie Bullock,reggie bullock,DAL,2022,68.000000,0.080974,0.073624,False,0.829268,0.067149,0.061054,-0.006095,8.303298,7.549647,-0.753651
Reggie Bullock,reggie bullock,DAL,2023,78.000000,0.014848,0.039925,True,0.951220,0.014124,0.037977,0.023853,1.921184,5.165730,3.244547
Reggie Jackson,reggie jackson,DET,2019,82.000000,0.158392,0.108740,False,1.000000,0.158392,0.108740,-0.049652,17.286956,11.867884,-5.419072
Reggie Jackson,reggie jackson,DET,2020,14.000000,0.014848,0.035561,True,0.170732,0.002535,0.006071,0.003536,0.276682,0.662627,0.385945
Reggie Jackson,reggie jackson,LAC,2021,67.000000,0.092377,0.079452,True,0.930556,0.085962,0.073934,-0.012028,9.663354,8.311272,-1.352082
Reggie Jackson,reggie jackson,LAC,2022,75.000000,0.087961,0.104338,False,0.914634,0.080452,0.095431,0.014979,9.948333,11.800525,1.852192
Reggie Jackson,reggie jackson,LAC,2023,52.000000,0.036759,0.015434,True,0.634146,0.023311,0.009787,-0.013523,3.170732,1.331301,-1.839431
Reggie Jackson,reggie jackson,DEN,2024,82.000000,0.013843,0.015521,True,1.000000,0.013843,0.015521,0.001678,1.946229,2.182122,0.235893
Reggie Perry,reggie perry,BRK,2021,26.000000,0.000761,0.019112,False,0.361111,0.000275,0.006902,0.006627,0.030903,0.775829,0.744925
Richaun Holmes,richaun holmes,PHO,2019,70.000000,0.043678,0.034386,True,0.853659,0.037286,0.029354,-0.007932,4.069390,3.203714,-0.865676
Richaun Holmes,richaun holmes,SAC,2020,44.000000,0.045862,0.128483,False,0.536585,0.024609,0.068942,0.044334,2.685798,7.524363,4.838566
Richaun Holmes,richaun holmes,SAC,2021,61.000000,0.092377,0.096518,True,0.847222,0.078264,0.081772,0.003508,8.797979,9.192361,0.394382
Richaun Holmes,richaun holmes,SAC,2022,45.000000,0.090698,0.068867,False,0.548780,0.049773,0.037793,-0.011981,6.154716,4.673254,-1.481461
Richaun Holmes,richaun holmes,SAC,2023,42.000000,0.088560,0.026551,False,0.512195,0.045360,0.013599,-0.031761,6.169913,1.849801,-4.320112
Ricky Rubio,ricky rubio,UTA,2019,68.000000,0.148433,0.190775,True,0.829268,0.123091,0.158204,0.035113,13.434146,17.266369,3.832223
Ricky Rubio,ricky rubio,PHO,2020,65.000000,0.155763,0.182506,False,0.792683,0.123471,0.144670,0.021199,13.475610,15.789253,2.313643
Ricky Rubio,ricky rubio,MIN,2021,68.000000,0.158343,0.074656,False,0.944444,0.149546,0.070509,-0.079038,16.811111,7.926167,-8.884944
Ricky Rubio,ricky rubio,CLE,2022,34.000000,0.047339,0.102365,True,0.414634,0.019628,0.042444,0.022816,2.427127,5.248412,2.821286
Ricky Rubio,ricky rubio,CLE,2023,33.000000,0.027167,0.016345,False,0.402439,0.010933,0.006578,-0.004355,1.487137,0.894720,-0.592417
Ricky Rubio,ricky rubio,,2024,0.000000,0.003021,0.018303,False,0.000000,0.000000,0.000000,0.000000,0.000000,0.000000,0.000000
RJ Barrett,rj barrett,NYK,2020,56.000000,0.075424,0.135874,False,0.682927,0.051509,0.092792,0.041283,5.621690,10.127308,4.505618
RJ Barrett,rj barrett,NYK,2021,72.000000,0.076716,0.165391,False,1.000000,0.076716,0.165391,0.088675,8.623920,18.592252,9.968332
RJ Barrett,rj barrett,NYK,2022,70.000000,0.088154,0.188107,False,0.853659,0.075253,0.160579,0.085326,9.305420,19.856392,10.550972
RJ Barrett,rj barrett,NYK,2023,73.000000,0.175590,0.212391,True,0.890244,0.156318,0.189080,0.032762,21.262522,25.718864,4.456342
RJ Barrett,rj barrett,TOR,2024,32.000000,0.183477,0.169459,False,0.390244,0.071601,0.066130,-0.005470,10.066202,9.297148,-0.769054
RJ Barrett,rj barrett,TOR,2025,58.000000,0.179152,0.155824,False,0.707317,0.126717,0.110217,-0.016501,19.596472,17.044671,-2.551801
RJ Barrett,rj barrett,TOR,2026,57.000000,0.179534,0.176553,False,0.695122,0.124798,0.122726,-0.002072,20.586781,20.244962,-0.341819
Rob Dillingham,rob dillingham,MIN,2025,49.000000,0.042523,0.030989,False,0.597561,0.025410,0.018518,-0.006893,3.929633,2.863702,-1.065931
Rob Dillingham,rob dillingham,CHI,2026,30.000000,0.041763,0.036800,False,0.365854,0.015279,0.013463,-0.001816,2.520483,2.220948,-0.299535
Robert Covington,robert covington,MIN,2019,22.000000,0.103548,0.179405,False,0.268293,0.027781,0.048133,0.020352,3.032034,5.253252,2.221217
Robert Covington,robert covington,MIN,2020,48.000000,0.111218,0.178757,False,0.585366,0.065103,0.104638,0.039535,7.105373,11.420216,4.314843
Robert Covington,robert covington,POR,2021,70.000000,0.115426,0.167186,False,0.972222,0.112219,0.162542,0.050322,12.615041,18.271994,5.656953
Robert Covington,robert covington,POR,2022,48.000000,0.099533,0.149824,False,0.585366,0.058263,0.087702,0.029439,7.204503,10.844777,3.640274
Robert Covington,robert covington,LAC,2023,48.000000,0.085960,0.095526,True,0.585366,0.050318,0.055918,0.005600,6.844278,7.605958,0.761681
Robert Franks,robert franks,,2020,0.000000,0.001815,0.018125,False,0.000000,0.000000,0.000000,0.000000,0.000000,0.000000,0.000000
Robin Lopez,robin lopez,CHI,2019,74.000000,0.043678,0.070970,True,0.902439,0.039417,0.064046,0.024630,4.301927,6.990013,2.688086
Robin Lopez,robin lopez,MIL,2020,66.000000,0.066887,0.014848,True,0.804878,0.053836,0.011951,-0.041884,5.875610,1.304356,-4.571253
Robin Lopez,robin lopez,WAS,2021,71.000000,0.044478,0.028818,True,0.986111,0.043861,0.028418,-0.015443,4.930556,3.194537,-1.736019
Robin Lopez,robin lopez,ORL,2022,36.000000,0.014848,0.013905,True,0.439024,0.006519,0.006105,-0.000414,0.806088,0.754866,-0.051222
Robin Lopez,robin lopez,CLE,2023,37.000000,0.014848,0.014848,True,0.451220,0.006700,0.006700,-0.000000,0.911331,0.911331,-0.000000
Rodions Kurucs,rodions kurucs,BRK,2019,63.000000,0.015569,0.033095,False,0.768293,0.011962,0.025427,0.013465,1.305511,2.775077,1.469567
Rodions Kurucs,rodions kurucs,BRK,2020,47.000000,0.016311,0.024508,False,0.573171,0.009349,0.014047,0.004698,1.020331,1.533102,0.512771
Rodney Hood,rodney hood,CLE,2019,45.000000,0.052391,0.047441,True,0.548780,0.028751,0.026035,-0.002716,3.137927,2.841448,-0.296479
Rodney Hood,rodney hood,POR,2020,21.000000,0.092060,0.066212,True,0.256098,0.023576,0.016957,-0.006620,2.573127,1.850650,-0.722478
Rodney Hood,rodney hood,POR,2021,38.000000,0.014848,0.014848,True,0.527778,0.007837,0.007837,-0.000000,0.880955,0.880955,-0.000000
Rodney McGruder,rodney mcgruder,MIA,2019,66.000000,0.044051,0.023071,True,0.804878,0.035455,0.018570,-0.016886,3.869607,2.026683,-1.842923
Rodney McGruder,rodney mcgruder,LAC,2020,56.000000,0.047575,0.020145,False,0.682927,0.032490,0.013758,-0.018732,3.545966,1.501522,-2.044443
Rodney McGruder,rodney mcgruder,DET,2021,16.000000,0.017252,0.017635,False,0.222222,0.003834,0.003919,0.000085,0.430967,0.440526,0.009559
Rodney McGruder,rodney mcgruder,DET,2022,51.000000,0.014848,0.014704,False,0.621951,0.009235,0.009145,-0.000090,1.141958,1.130879,-0.011080
Romeo Langford,romeo langford,BOS,2020,32.000000,0.033271,0.025250,False,0.390244,0.012984,0.009853,-0.003130,1.417054,1.075409,-0.341645
Romeo Langford,romeo langford,BOS,2021,18.000000,0.033842,0.028104,False,0.250000,0.008461,0.007026,-0.001435,0.951090,0.789821,-0.161269
Romeo Langford,romeo langford,BOS,2022,44.000000,0.045564,0.026559,False,0.536585,0.024449,0.014251,-0.010198,3.023260,1.762261,-1.260999
Rondae Hollis-Jefferson,rondae hollis-jefferson,BRK,2019,59.000000,0.022906,0.048874,True,0.719512,0.016481,0.035165,0.018684,1.798780,3.837946,2.039165
Rondae Hollis-Jefferson,rondae hollis-jefferson,TOR,2020,60.000000,0.003966,0.037895,False,0.731707,0.002902,0.027728,0.024826,0.316750,3.026244,2.709494
Royce O'Neale,royce o'neale,UTA,2019,82.000000,0.014830,0.036577,False,1.000000,0.014830,0.036577,0.021747,1.618520,3.991994,2.373474
Royce O'Neale,royce o'neale,UTA,2020,71.000000,0.077882,0.096207,True,0.865854,0.067434,0.083301,0.015867,7.359756,9.091463,1.731707
Royce O'Neale,royce o'neale,UTA,2021,71.000000,0.078282,0.110039,False,0.986111,0.077195,0.108510,0.031316,8.677778,12.198097,3.520319
Royce O'Neale,royce o'neale,UTA,2022,77.000000,0.074401,0.098628,False,0.939024,0.069864,0.092614,0.022750,8.639024,11.452226,2.813202
Royce O'Neale,royce o'neale,BRK,2023,76.000000,0.069842,0.085053,False,0.926829,0.064732,0.078829,0.014097,8.804878,10.722431,1.917553
Royce O'Neale,royce o'neale,BRK,2024,49.000000,0.066684,0.062928,False,0.597561,0.039848,0.037603,-0.002245,5.602134,5.286581,-0.315553
Royce O'Neale,royce o'neale,PHO,2025,75.000000,0.065472,0.055289,False,0.914634,0.059883,0.050569,-0.009313,9.260671,7.820389,-1.440281
Royce O'Neale,royce o'neale,PHO,2026,78.000000,0.065925,0.052893,False,0.951220,0.062709,0.050313,-0.012396,10.344512,8.299721,-2.044791
Rudy Gay,rudy gay,SAS,2019,69.000000,0.128276,0.085090,True,0.841463,0.107939,0.071600,-0.036339,11.780488,7.814456,-3.966032
Rudy Gay,rudy gay,SAS,2020,67.000000,0.132857,0.061364,False,0.817073,0.108554,0.050139,-0.058415,11.847561,5.472195,-6.375366
Rudy Gay,rudy gay,SAS,2021,63.000000,0.052396,0.054892,True,0.875000,0.045846,0.048031,0.002185,5.153750,5.399320,0.245570
Rudy Gay,rudy gay,UTA,2022,55.000000,0.050014,0.033547,False,0.670732,0.033546,0.022501,-0.011045,4.148140,2.782357,-1.365783
Rudy Gay,rudy gay,UTA,2023,56.000000,0.047632,0.018881,False,0.682927,0.032529,0.012894,-0.019635,4.424683,1.753881,-2.670802
Rudy Gobert,rudy gobert,UTA,2019,81.000000,0.229141,0.245556,False,0.987805,0.226346,0.242561,0.016215,24.703446,26.473125,1.769679
Rudy Gobert,rudy gobert,UTA,2020,68.000000,0.252202,0.258514,False,0.829268,0.209143,0.214377,0.005234,22.825843,23.397112,0.571269
Rudy Gobert,rudy gobert,UTA,2021,71.000000,0.314417,0.248994,True,0.986111,0.310050,0.245536,-0.064514,34.853928,27.601705,-7.252223
Rudy Gobert,rudy gobert,UTA,2022,66.000000,0.308701,0.265032,False,0.804878,0.248467,0.213318,-0.035148,30.724138,26.377876,-4.346262
Rudy Gobert,rudy gobert,MIN,2023,70.000000,0.301424,0.228965,False,0.853659,0.257313,0.195458,-0.061855,35.000000,26.586360,-8.413640
Rudy Gobert,rudy gobert,MIN,2024,76.000000,0.311745,0.239691,False,0.926829,0.288934,0.222153,-0.066782,40.620689,31.231999,-9.388691
Rudy Gobert,rudy gobert,MIN,2025,72.000000,0.226322,0.165498,True,0.878049,0.198722,0.145315,-0.053407,30.731707,22.472514,-8.259193
Rudy Gobert,rudy gobert,MIN,2026,76.000000,0.221264,0.185079,False,0.926829,0.205074,0.171537,-0.033538,33.829268,28.296867,-5.532401
Rui Hachimura,rui hachimura,WAS,2020,48.000000,0.042998,0.100783,False,0.585366,0.025170,0.058995,0.033825,2.747028,6.438699,3.691671
Rui Hachimura,rui hachimura,WAS,2021,57.000000,0.043733,0.122721,False,0.791667,0.034622,0.097154,0.062532,3.891960,10.921459,7.029499
Rui Hachimura,rui hachimura,WAS,2022,42.000000,0.050651,0.057418,False,0.512195,0.025943,0.029409,0.003466,3.207974,3.636571,0.428597
Rui Hachimura,rui hachimura,WAS,2023,30.000000,0.115723,0.065337,True,0.365854,0.042338,0.023904,-0.018434,5.758808,3.251403,-2.507405
Rui Hachimura,rui hachimura,LAL,2024,68.000000,0.120921,0.088029,False,0.829268,0.100276,0.072999,-0.027276,14.097561,10.262825,-3.834736
Rui Hachimura,rui hachimura,LAL,2025,59.000000,0.118071,0.119290,False,0.719512,0.084953,0.085831,0.000878,13.137760,13.273476,0.135717
Rui Hachimura,rui hachimura,LAL,2026,68.000000,0.084869,0.084529,True,0.829268,0.070379,0.070097,-0.000282,11.609756,11.563290,-0.046466
Russell Westbrook,russell westbrook,OKC,2019,73.000000,0.352817,0.316040,False,0.890244,0.314093,0.281353,-0.032740,34.280161,30.706876,-3.573285
Russell Westbrook,russell westbrook,HOU,2020,57.000000,0.378952,0.264632,False,0.695122,0.263418,0.183952,-0.079466,28.749419,20.076474,-8.672946
Russell Westbrook,russell westbrook,WAS,2021,65.000000,0.393289,0.266504,False,0.902778,0.355052,0.240593,-0.114459,39.912840,27.046072,-12.866768
Russell Westbrook,russell westbrook,LAL,2022,78.000000,0.374391,0.164015,False,0.951220,0.356128,0.156014,-0.200113,44.036959,19.291961,-24.744998
Russell Westbrook,russell westbrook,LAC,2023,21.000000,0.028200,0.097301,True,0.256098,0.007222,0.024919,0.017697,0.982323,3.389446,2.407122
Russell Westbrook,russell westbrook,LAC,2024,68.000000,0.014848,0.023822,True,0.829268,0.012313,0.019755,0.007442,1.731113,2.777302,1.046189
Russell Westbrook,russell westbrook,DEN,2025,75.000000,0.014848,0.014848,True,0.914634,0.013581,0.013581,-0.000000,2.100251,2.100251,-0.000000
Ryan Anderson,ryan anderson,PHO,2019,15.000000,0.004581,0.027141,False,0.182927,0.000838,0.004965,0.004127,0.091463,0.541860,0.450397
Ryan Anderson,ryan anderson,HOU,2020,2.000000,0.047779,0.014848,True,0.024390,0.001165,0.000362,-0.000803,0.127185,0.039526,-0.087659
Ryan Arcidiacono,ryan arcidiacono,CHI,2019,81.000000,0.027488,0.049046,True,0.987805,0.027152,0.048448,0.021296,2.963415,5.287626,2.324212
Ryan Arcidiacono,ryan arcidiacono,CHI,2020,58.000000,0.027488,0.035030,False,0.707317,0.019442,0.024777,0.005335,2.121951,2.704216,0.582265
Ryan Arcidiacono,ryan arcidiacono,CHI,2021,44.000000,0.007044,0.029608,False,0.611111,0.004304,0.018094,0.013790,0.483877,2.034025,1.550149
Ryan Arcidiacono,ryan arcidiacono,NYK,2022,10.000000,0.014848,0.013905,True,0.121951,0.001811,0.001696,-0.000115,0.223913,0.209685,-0.014228
Ryan Arcidiacono,ryan arcidiacono,POR,2023,9.000000,0.014848,0.014848,True,0.109756,0.001630,0.001630,-0.000000,0.221675,0.221675,-0.000000
Ryan Broekhoff,ryan broekhoff,DAL,2019,42.000000,0.012982,0.019807,False,0.512195,0.006649,0.010145,0.003496,0.725705,1.107230,0.381526
Ryan Dunn,ryan dunn,PHO,2025,74.000000,0.017186,0.035436,False,0.902439,0.015509,0.031979,0.016470,2.398466,4.945493,2.547027
Ryan Dunn,ryan dunn,PHO,2026,70.000000,0.016878,0.039632,False,0.853659,0.014408,0.033832,0.019424,2.376790,5.580988,3.204198
Ryan Kalkbrenner,ryan kalkbrenner,CHO,2026,69.000000,0.014616,0.055589,False,0.841463,0.012299,0.046776,0.034477,2.028844,7.716196,5.687352
Ryan Rollins,ryan rollins,GSW,2023,12.000000,0.012644,0.023292,False,0.146341,0.001850,0.003409,0.001558,0.251687,0.463631,0.211944
Ryan Rollins,ryan rollins,WAS,2024,10.000000,0.004268,0.031966,False,0.121951,0.000520,0.003898,0.003378,0.073171,0.548058,0.474887
Ryan Rollins,ryan rollins,MIL,2025,56.000000,0.025865,0.020560,True,0.682927,0.017664,0.014041,-0.003623,2.731707,2.171356,-0.560351
Ryan Rollins,ryan rollins,MIL,2026,74.000000,0.024248,0.139985,False,0.902439,0.021882,0.126328,0.104446,3.609756,20.839234,17.229478
Saben Lee,saben lee,DET,2021,48.000000,0.013246,0.021534,False,0.666667,0.008831,0.014356,0.005525,0.992710,1.613851,0.621141
Saben Lee,saben lee,DET,2022,37.000000,0.000853,0.028666,False,0.451220,0.000385,0.012935,0.012550,0.047614,1.599455,1.551841
Saddiq Bey,saddiq bey,DET,2021,70.000000,0.025124,0.083041,False,0.972222,0.024426,0.080734,0.056308,2.745867,9.075631,6.329764
Saddiq Bey,saddiq bey,DET,2022,82.000000,0.023930,0.140680,False,1.000000,0.023930,0.140680,0.116750,2.959080,17.395808,14.436728
Saddiq Bey,saddiq bey,DET,2023,52.000000,0.033502,0.111537,False,0.634146,0.021245,0.070731,0.049486,2.889794,9.620906,6.731112
Saddiq Bey,saddiq bey,ATL,2024,63.000000,0.045812,0.138922,True,0.768293,0.035197,0.106733,0.071536,4.948326,15.005370,10.057045
Saddiq Bey,saddiq bey,,2025,0.000000,0.039565,0.042958,False,0.000000,0.000000,0.000000,0.000000,0.000000,0.000000,0.000000
Saddiq Bey,saddiq bey,NOP,2026,72.000000,0.039044,0.112299,False,0.878049,0.034282,0.098604,0.064322,5.655229,16.265877,10.610648
Sam Hauser,sam hauser,BOS,2022,26.000000,0.013246,0.018622,False,0.317073,0.004200,0.005905,0.001705,0.519355,0.730144,0.210789
Sam Hauser,sam hauser,BOS,2023,80.000000,0.014174,0.031154,False,0.975610,0.013828,0.030394,0.016566,1.880874,4.134181,2.253307
Sam Hauser,sam hauser,BOS,2024,79.000000,0.014883,0.054163,False,0.963415,0.014338,0.052181,0.037843,2.015795,7.336049,5.320255
Sam Hauser,sam hauser,BOS,2025,71.000000,0.064952,0.073368,True,0.865854,0.056239,0.063526,0.007287,8.697192,9.824162,1.126970
Sam Hauser,sam hauser,BOS,2026,78.000000,0.065762,0.072828,False,0.951220,0.062554,0.069275,0.006721,10.319034,11.427696,1.108663
Sam Merrill,sam merrill,MIL,2021,30.000000,0.013503,0.017036,False,0.416667,0.005626,0.007098,0.001472,0.632492,0.797940,0.165447
Sam Merrill,sam merrill,MEM,2022,6.000000,0.006874,0.015078,False,0.073171,0.000503,0.001103,0.000600,0.062195,0.136426,0.074231
Sam Merrill,sam merrill,CLE,2023,5.000000,0.014683,0.017363,False,0.060976,0.000895,0.001059,0.000163,0.121783,0.144012,0.022229
Sam Merrill,sam merrill,CLE,2024,61.000000,0.015400,0.014008,False,0.743902,0.011456,0.010421,-0.001035,1.610544,1.465045,-0.145499
Sam Merrill,sam merrill,CLE,2025,71.000000,0.054848,0.048833,True,0.865854,0.047491,0.042282,-0.005208,7.344295,6.538835,-0.805461
Sam Merrill,sam merrill,CLE,2026,52.000000,0.055533,0.078314,False,0.634146,0.035216,0.049662,0.014447,5.809234,8.192371,2.383137
Sandro Mamukelashvili,sandro mamukelashvili,MIL,2022,41.000000,0.002893,0.014408,False,0.500000,0.001446,0.007204,0.005757,0.178859,0.890802,0.711943
Sandro Mamukelashvili,sandro mamukelashvili,SAS,2023,19.000000,0.014848,0.014848,True,0.231707,0.003441,0.003441,-0.000000,0.467981,0.467981,-0.000000
Sandro Mamukelashvili,sandro mamukelashvili,SAS,2024,46.000000,0.014848,0.017977,False,0.560976,0.008330,0.010085,0.001755,1.171047,1.417811,0.246763
Sandro Mamukelashvili,sandro mamukelashvili,SAS,2025,61.000000,0.015917,0.020149,True,0.743902,0.011840,0.014989,0.003148,1.831088,2.317955,0.486867
Sandro Mamukelashvili,sandro mamukelashvili,TOR,2026,80.000000,0.078807,0.061458,True,0.975610,0.076884,0.059959,-0.016925,12.682927,9.890908,-2.792019
Santi Aldama,santi aldama,MEM,2022,32.000000,0.016935,0.021497,False,0.390244,0.006609,0.008389,0.001780,0.817218,1.037367,0.220150
Santi Aldama,santi aldama,MEM,2023,77.000000,0.016131,0.046884,False,0.939024,0.015148,0.044025,0.028877,2.060407,5.988337,3.927930
Santi Aldama,santi aldama,MEM,2024,61.000000,0.028171,0.058163,False,0.743902,0.020957,0.043268,0.022311,2.946249,6.082945,3.136697
Santi Aldama,santi aldama,MEM,2025,65.000000,0.119536,0.106150,True,0.792683,0.094754,0.084143,-0.010611,14.653470,13.012504,-1.640966
Santi Aldama,santi aldama,MEM,2026,43.000000,0.103097,0.095654,False,0.524390,0.054063,0.050160,-0.003903,8.918327,8.274419,-0.643908
Scoot Henderson,scoot henderson,POR,2024,62.000000,0.072973,0.106863,False,0.756098,0.055175,0.080799,0.025624,7.756926,11.359368,3.602442
Scoot Henderson,scoot henderson,POR,2025,66.000000,0.069500,0.073711,False,0.804878,0.055939,0.059329,0.003389,8.650861,9.174997,0.524135
Scoot Henderson,scoot henderson,POR,2026,30.000000,0.082356,0.070994,False,0.365854,0.030130,0.025974,-0.004157,4.970313,4.284616,-0.685698
Scottie Barnes,scottie barnes,TOR,2022,74.000000,0.061822,0.154011,False,0.902439,0.055791,0.138985,0.083195,6.898785,17.186213,10.287428
Scottie Barnes,scottie barnes,TOR,2023,77.000000,0.058878,0.195210,False,0.939024,0.055288,0.183307,0.128019,7.520346,24.933602,17.413256
Scottie Barnes,scottie barnes,TOR,2024,60.000000,0.072061,0.234476,False,0.731707,0.052728,0.171568,0.118840,7.412912,24.120414,16.707502
Scottie Barnes,scottie barnes,TOR,2025,65.000000,0.250000,0.250000,True,0.792683,0.198171,0.198171,0.000000,30.646509,30.646509,0.000000
Scottie Barnes,scottie barnes,TOR,2026,80.000000,0.253119,0.270000,False,0.975610,0.246945,0.263415,0.016470,40.736283,43.453141,2.716859
Scotty Pippen Jr.,scotty pippen jr.,MEM,2024,21.000000,0.014848,0.015780,True,0.256098,0.003803,0.004041,0.000238,0.534609,0.568134,0.033525
Scotty Pippen Jr.,scotty pippen jr.,MEM,2025,79.000000,0.014683,0.042816,False,0.963415,0.014146,0.041249,0.027103,2.187659,6.379080,4.191420
Scotty Pippen Jr.,scotty pippen jr.,MEM,2026,10.000000,0.014921,0.023131,False,0.121951,0.001820,0.002821,0.001001,0.300178,0.465339,0.165161
Sekou Doumbouya,sekou doumbouya,DET,2020,38.000000,0.031605,0.032633,False,0.463415,0.014646,0.015123,0.000476,1.598502,1.650496,0.051994
Sekou Doumbouya,sekou doumbouya,DET,2021,56.000000,0.032146,0.033513,False,0.777778,0.025003,0.026066,0.001063,2.810640,2.930163,0.119523
Semi Ojeleye,semi ojeleye,BOS,2019,56.000000,0.014830,0.020675,False,0.682927,0.010128,0.014119,0.003992,1.105331,1.540977,0.435646
Semi Ojeleye,semi ojeleye,BOS,2020,69.000000,0.016061,0.026606,False,0.841463,0.013515,0.022388,0.008873,1.475043,2.443455,0.968412
Semi Ojeleye,semi ojeleye,BOS,2021,56.000000,0.014848,0.021636,True,0.777778,0.011549,0.016828,0.005279,1.298250,1.891671,0.593421
Serge Ibaka,serge ibaka,TOR,2019,74.000000,0.213227,0.090697,False,0.902439,0.192424,0.081848,-0.110576,21.001204,8.932898,-12.068306
Serge Ibaka,serge ibaka,TOR,2020,55.000000,0.084827,0.084547,True,0.670732,0.056896,0.056709,-0.000187,6.209634,6.189182,-0.020453
Serge Ibaka,serge ibaka,LAC,2021,41.000000,0.086474,0.055321,False,0.569444,0.049242,0.031502,-0.017740,5.535513,3.541265,-1.994248
Serge Ibaka,serge ibaka,LAC,2022,35.000000,0.014848,0.013905,True,0.426829,0.006338,0.005935,-0.000403,0.783697,0.733898,-0.049799
Seth Curry,seth curry,POR,2019,74.000000,0.068365,0.043924,True,0.902439,0.061695,0.039639,-0.022057,6.733440,4.326154,-2.407287
Seth Curry,seth curry,DAL,2020,64.000000,0.071783,0.088019,False,0.780488,0.056026,0.068698,0.012672,6.114692,7.497672,1.382980
Seth Curry,seth curry,PHI,2021,57.000000,0.073012,0.090997,False,0.791667,0.057801,0.072039,0.014238,6.497618,8.098222,1.600603
Seth Curry,seth curry,PHI,2022,45.000000,0.068713,0.106232,False,0.548780,0.037708,0.058298,0.020590,4.662797,7.208835,2.546037
Seth Curry,seth curry,BRK,2023,61.000000,0.029407,0.037434,True,0.743902,0.021876,0.027847,0.005971,2.975610,3.787843,0.812234
Seth Curry,seth curry,DAL,2024,36.000000,0.014848,0.014848,True,0.439024,0.006519,0.006519,-0.000000,0.916472,0.916472,-0.000000
Seth Curry,seth curry,CHO,2025,68.000000,0.011350,0.013410,False,0.829268,0.009412,0.011120,0.001708,1.455530,1.719722,0.264192
Shabazz Napier,shabazz napier,BRK,2019,56.000000,0.016908,0.044920,True,0.682927,0.011547,0.030677,0.019130,1.260206,3.348103,2.087897
Shaedon Sharpe,shaedon sharpe,POR,2023,80.000000,0.046418,0.077122,False,0.975610,0.045286,0.075241,0.029956,6.159805,10.234401,4.074596
Shaedon Sharpe,shaedon sharpe,POR,2024,32.000000,0.047046,0.130282,False,0.390244,0.018360,0.050842,0.032482,2.581136,7.147721,4.566586
Shaedon Sharpe,shaedon sharpe,POR,2025,72.000000,0.054317,0.156867,False,0.878049,0.047693,0.137737,0.090044,7.375595,21.300572,13.924978
Shaedon Sharpe,shaedon sharpe,POR,2026,50.000000,0.121782,0.169074,True,0.609756,0.074257,0.103094,0.028836,12.249565,17.006429,4.756864
Shai Gilgeous-Alexander,shai gilgeous-alexander,LAC,2019,82.000000,0.036219,0.088225,False,1.000000,0.036219,0.088225,0.052006,3.952920,9.628833,5.675913
Shai Gilgeous-Alexander,shai gilgeous-alexander,OKC,2020,70.000000,0.037945,0.219999,False,0.853659,0.032392,0.187804,0.155412,3.535273,20.496948,16.961675
Shai Gilgeous-Alexander,shai gilgeous-alexander,OKC,2021,35.000000,0.048887,0.250000,False,0.486111,0.023764,0.121528,0.097763,2.671439,13.661424,10.989984
Shai Gilgeous-Alexander,shai gilgeous-alexander,OKC,2022,56.000000,0.250000,0.250000,True,0.682927,0.170732,0.170732,0.000000,21.111829,21.111829,0.000000
Shai Gilgeous-Alexander,shai gilgeous-alexander,OKC,2023,68.000000,0.245454,0.300000,False,0.829268,0.203547,0.248780,0.045234,27.686656,33.839371,6.152715
Shai Gilgeous-Alexander,shai gilgeous-alexander,OKC,2024,75.000000,0.255071,0.300000,False,0.914634,0.233297,0.274390,0.041093,32.798735,38.575976,5.777241
Shai Gilgeous-Alexander,shai gilgeous-alexander,OKC,2025,76.000000,0.247875,0.300000,False,0.926829,0.229737,0.278049,0.048311,35.528193,42.999410,7.471217
Shai Gilgeous-Alexander,shai gilgeous-alexander,OKC,2026,68.000000,0.247368,0.300000,False,0.829268,0.205135,0.248780,0.043646,33.839246,41.039078,7.199832
Shake Milton,shake milton,PHI,2019,20.000000,0.013246,0.018051,False,0.243902,0.003231,0.004403,0.001172,0.352609,0.480506,0.127897
Shake Milton,shake milton,PHI,2020,40.000000,0.015591,0.039098,True,0.487805,0.007605,0.019072,0.011467,0.830045,2.081536,1.251490
Shake Milton,shake milton,PHI,2021,63.000000,0.016428,0.051931,False,0.875000,0.014375,0.045439,0.031065,1.615896,5.108002,3.492106
Shake Milton,shake milton,PHI,2022,55.000000,0.016156,0.032669,False,0.670732,0.010836,0.021912,0.011076,1.339933,2.709581,1.369648
Shake Milton,shake milton,PHI,2023,76.000000,0.036759,0.043897,True,0.926829,0.034069,0.040685,0.006616,4.634146,5.533997,0.899851
Shake Milton,shake milton,MIN,2024,38.000000,0.020450,0.014848,True,0.463415,0.009477,0.006881,-0.002596,1.332317,0.967387,-0.364930
Shaquille Harrison,shaquille harrison,CHI,2019,73.000000,0.008231,0.040125,False,0.890244,0.007327,0.035721,0.028394,0.799715,3.898589,3.098874
Shaquille Harrison,shaquille harrison,CHI,2020,43.000000,0.007059,0.034230,False,0.524390,0.003702,0.017950,0.014248,0.404008,1.959078,1.555070
Shaquille Harrison,shaquille harrison,DEN,2021,17.000000,0.001830,0.019683,False,0.236111,0.000432,0.004647,0.004215,0.048559,0.522435,0.473876
Shaquille Harrison,shaquille harrison,BRK,2022,2.000000,0.000099,0.018389,False,0.024390,0.000002,0.000449,0.000446,0.000299,0.055460,0.055161
Shaquille Harrison,shaquille harrison,POR,2023,5.000000,0.000853,0.042777,False,0.060976,0.000052,0.002608,0.002556,0.007078,0.354790,0.347712
Shaun Livingston,shaun livingston,GSW,2019,64.000000,0.006108,0.025220,False,0.780488,0.004768,0.019684,0.014917,0.520325,2.148340,1.628014
Sidy Cissoko,sidy cissoko,SAS,2024,12.000000,0.013457,0.020211,False,0.146341,0.001969,0.002958,0.000988,0.276857,0.415821,0.138964
Sidy Cissoko,sidy cissoko,POR,2025,5.000000,0.004437,0.017113,False,0.060976,0.000271,0.001043,0.000773,0.041844,0.161370,0.119526
Sidy Cissoko,sidy cissoko,POR,2026,75.000000,0.014848,0.014852,True,0.914634,0.013581,0.013584,0.000003,2.240324,2.240839,0.000515
Simone Fontecchio,simone fontecchio,UTA,2023,52.000000,0.022385,0.021041,False,0.634146,0.014196,0.013343,-0.000853,1.930894,1.814927,-0.115968
Simone Fontecchio,simone fontecchio,UTA,2024,50.000000,0.054715,0.044742,True,0.609756,0.033363,0.027282,-0.006081,4.690432,3.835475,-0.854956
Simone Fontecchio,simone fontecchio,DET,2025,75.000000,0.053720,0.026872,False,0.914634,0.049134,0.024578,-0.024556,7.598499,3.800975,-3.797523
Simone Fontecchio,simone fontecchio,MIA,2026,70.000000,0.014848,0.050673,True,0.853659,0.012676,0.043257,0.030582,2.090969,7.135731,5.044762
Sindarius Thornwell,sindarius thornwell,LAC,2019,64.000000,0.001678,0.025657,False,0.780488,0.001310,0.020025,0.018715,0.142919,2.185508,2.042589
Sindarius Thornwell,sindarius thornwell,NOP,2020,2.000000,0.008645,0.019666,False,0.024390,0.000211,0.000480,0.000269,0.023012,0.052351,0.029339
Sion James,sion james,CHO,2026,82.000000,0.014616,0.036210,False,1.000000,0.014616,0.036210,0.021594,2.411090,5.973293,3.562203
Skylar Mays,skylar mays,ATL,2021,33.000000,0.000305,0.027213,False,0.458333,0.000140,0.012473,0.012333,0.015689,1.402117,1.386428
Skylar Mays,skylar mays,ATL,2022,28.000000,0.000853,0.014295,False,0.341463,0.000291,0.004881,0.004590,0.036032,0.603589,0.567557
Skylar Mays,skylar mays,POR,2023,6.000000,0.013227,0.050329,True,0.073171,0.000968,0.003683,0.002715,0.131646,0.500910,0.369264
Solomon Hill,solomon hill,NOP,2019,44.000000,0.116903,0.035908,False,0.536585,0.062728,0.019268,-0.043461,6.846175,2.102872,-4.743304
Solomon Hill,solomon hill,MEM,2020,48.000000,0.014848,0.029064,True,0.585366,0.008692,0.017013,0.008321,0.948623,1.856820,0.908197
Solomon Hill,solomon hill,ATL,2021,71.000000,0.014848,0.015097,True,0.986111,0.014642,0.014887,0.000245,1.645995,1.673503,0.027508
Spencer Dinwiddie,spencer dinwiddie,BRK,2019,68.000000,0.097174,0.090280,True,0.829268,0.080584,0.074867,-0.005717,8.794888,8.170934,-0.623954
Spencer Dinwiddie,spencer dinwiddie,BRK,2020,64.000000,0.104948,0.209722,False,0.780488,0.081911,0.163685,0.081775,8.939745,17.864630,8.924885
Spencer Dinwiddie,spencer dinwiddie,BRK,2021,3.000000,0.152498,0.122553,True,0.041667,0.006354,0.005106,-0.001248,0.714286,0.574029,-0.140256
Spencer Dinwiddie,spencer dinwiddie,WAS,2022,44.000000,0.157697,0.106827,False,0.536585,0.084618,0.057322,-0.027296,10.463415,7.088146,-3.375268
Spencer Dinwiddie,spencer dinwiddie,DAL,2023,53.000000,0.011430,0.209763,False,0.646341,0.007387,0.135579,0.128191,1.004837,18.441537,17.436700
Spencer Dinwiddie,spencer dinwiddie,BRK,2024,48.000000,0.014848,0.015869,True,0.585366,0.008692,0.009289,0.000597,1.221962,1.305929,0.083967
Spencer Jones,spencer jones,DEN,2025,20.000000,0.004035,0.016059,False,0.243902,0.000984,0.003917,0.002933,0.152187,0.605736,0.453549
Spencer Jones,spencer jones,DEN,2026,64.000000,0.036372,0.030663,True,0.780488,0.028388,0.023932,-0.004456,4.682927,3.947904,-0.735023
Stanley Johnson,stanley johnson,DET,2019,48.000000,0.033196,0.035627,True,0.585366,0.019432,0.020855,0.001423,2.120780,2.276099,0.155319
Stanley Johnson,stanley johnson,TOR,2020,25.000000,0.034856,0.035415,False,0.304878,0.010627,0.010797,0.000170,1.159802,1.178407,0.018605
Stanley Johnson,stanley johnson,TOR,2021,61.000000,0.001068,0.025067,False,0.847222,0.000905,0.021238,0.020333,0.101737,2.387419,2.285682
Stanley Johnson,stanley johnson,LAL,2022,48.000000,0.010070,0.026619,False,0.585366,0.005894,0.015582,0.009687,0.728876,1.926763,1.197886
Stanley Umude,stanley umude,DET,2023,1.000000,0.003959,0.074652,False,0.012195,0.000048,0.000910,0.000862,0.006567,0.123832,0.117266
Stephen Curry,stephen curry,GSW,2019,69.000000,0.368625,0.310843,False,0.841463,0.310185,0.261563,-0.048622,33.853552,28.546962,-5.306591
Stephen Curry,stephen curry,GSW,2020,5.000000,0.394048,0.211680,False,0.060976,0.024027,0.012907,-0.011120,2.622339,1.408702,-1.213637
Stephen Curry,stephen curry,GSW,2021,63.000000,0.407253,0.392968,False,0.875000,0.356347,0.343847,-0.012499,40.058345,38.653257,-1.405088
Stephen Curry,stephen curry,GSW,2022,64.000000,0.388743,0.401379,False,0.780488,0.303409,0.313271,0.009862,37.518060,38.737584,1.219524
Stephen Curry,stephen curry,GSW,2023,56.000000,0.381674,0.377346,False,0.682927,0.260655,0.257700,-0.002955,35.454566,35.052617,-0.401950
Stephen Curry,stephen curry,GSW,2024,74.000000,0.396629,0.263783,False,0.902439,0.357933,0.238048,-0.119885,50.321097,33.466745,-16.854352
Stephen Curry,stephen curry,GSW,2025,70.000000,0.385438,0.282054,False,0.853659,0.329032,0.240778,-0.088254,50.883868,37.235613,-13.648255
Stephen Curry,stephen curry,GSW,2026,43.000000,0.379406,0.243581,False,0.524390,0.198957,0.127731,-0.071225,32.820095,21.070673,-11.749422
Stephon Castle,stephon castle,SAS,2025,81.000000,0.061822,0.109841,False,0.987805,0.061068,0.108501,0.047434,9.443928,16.779429,7.335501
Stephon Castle,stephon castle,SAS,2026,68.000000,0.060717,0.243850,False,0.829268,0.050351,0.202217,0.151867,8.305885,33.357967,25.052082
Sterling Brown,sterling brown,MIL,2019,58.000000,0.014830,0.022880,False,0.707317,0.010489,0.016183,0.005694,1.144807,1.766222,0.621415
Sterling Brown,sterling brown,MIL,2020,52.000000,0.014848,0.016509,True,0.634146,0.009416,0.010469,0.001053,1.027675,1.142566,0.114891
Sterling Brown,sterling brown,HOU,2021,51.000000,0.026687,0.038118,True,0.708333,0.018903,0.027000,0.008097,2.125000,3.035229,0.910229
Sterling Brown,sterling brown,DAL,2022,49.000000,0.000853,0.028385,False,0.597561,0.000510,0.016962,0.016452,0.063056,2.097393,2.034337
Steven Adams,steven adams,OKC,2019,80.000000,0.236785,0.188612,False,0.975610,0.231010,0.184012,-0.046998,25.212387,20.083061,-5.129326
Steven Adams,steven adams,OKC,2020,63.000000,0.271144,0.162022,False,0.768293,0.208318,0.124480,-0.083838,22.735851,13.585743,-9.150108
Steven Adams,steven adams,NOP,2021,58.000000,0.151878,0.129880,True,0.805556,0.122346,0.104625,-0.017721,13.753388,11.761349,-1.992039
Steven Adams,steven adams,MEM,2022,76.000000,0.144975,0.079075,False,0.926829,0.134367,0.073289,-0.061077,16.615110,9.062594,-7.552516
Steven Adams,steven adams,MEM,2023,42.000000,0.092633,0.131894,True,0.512195,0.047446,0.067556,0.020110,6.453659,9.188983,2.735324
Steven Adams,steven adams,,2024,0.000000,0.089624,0.051756,False,0.000000,0.000000,0.000000,0.000000,0.000000,0.000000,0.000000
Steven Adams,steven adams,HOU,2025,58.000000,0.091372,0.062551,False,0.707317,0.064629,0.044243,-0.020386,9.994697,6.842102,-3.152595
Steven Adams,steven adams,HOU,2026,32.000000,0.078807,0.062049,False,0.390244,0.030754,0.024214,-0.006540,5.073171,3.994380,-1.078790
Svi Mykhailiuk,svi mykhailiuk,LAL,2019,39.000000,0.012982,0.017605,False,0.475610,0.006174,0.008373,0.002199,0.673869,0.913837,0.239968
Svi Mykhailiuk,svi mykhailiuk,DET,2020,56.000000,0.015245,0.048017,True,0.682927,0.010411,0.032792,0.022381,1.136295,3.578923,2.442628
Svi Mykhailiuk,svi mykhailiuk,OKC,2021,30.000000,0.015383,0.037740,False,0.416667,0.006409,0.015725,0.009316,0.720507,1.767720,1.047213
Svi Mykhailiuk,svi mykhailiuk,TOR,2022,56.000000,0.015193,0.020005,False,0.682927,0.010376,0.013662,0.003286,1.283028,1.689335,0.406307
Svi Mykhailiuk,svi mykhailiuk,CHO,2023,19.000000,0.014848,0.030362,False,0.231707,0.003441,0.007035,0.003595,0.467981,0.956918,0.488937
Svi Mykhailiuk,svi mykhailiuk,BOS,2024,41.000000,0.024895,0.025653,True,0.500000,0.012448,0.012826,0.000379,1.750000,1.803248,0.053248
Svi Mykhailiuk,svi mykhailiuk,UTA,2025,38.000000,0.023764,0.030785,False,0.463415,0.011012,0.014266,0.003254,1.703049,2.206225,0.503176
Svi Mykhailiuk,svi mykhailiuk,UTA,2026,50.000000,0.023339,0.044442,False,0.609756,0.014231,0.027099,0.012868,2.347561,4.470232,2.122671
T.J. McConnell,t.j. mcconnell,PHI,2019,76.000000,0.032069,0.038928,True,0.926829,0.029722,0.036080,0.006358,3.243902,3.937761,0.693859
T.J. McConnell,t.j. mcconnell,IND,2020,71.000000,0.032069,0.047469,False,0.865854,0.027767,0.041101,0.013334,3.030488,4.485805,1.455317
T.J. McConnell,t.j. mcconnell,IND,2021,69.000000,0.066718,0.076260,True,0.958333,0.063938,0.073082,0.009144,7.187500,8.215452,1.027952
T.J. McConnell,t.j. mcconnell,IND,2022,27.000000,0.065505,0.054095,False,0.329268,0.021569,0.017812,-0.003757,2.667073,2.202502,-0.464571
T.J. McConnell,t.j. mcconnell,IND,2023,75.000000,0.063961,0.045780,False,0.914634,0.058501,0.041872,-0.016629,7.957317,5.695472,-2.261845
T.J. McConnell,t.j. mcconnell,IND,2024,71.000000,0.066151,0.078129,False,0.865854,0.057277,0.067648,0.010371,8.052439,9.510488,1.458049
T.J. McConnell,t.j. mcconnell,IND,2025,79.000000,0.065957,0.048540,False,0.963415,0.063544,0.046764,-0.016780,9.826829,7.231899,-2.594930
T.J. McConnell,t.j. mcconnell,IND,2026,56.000000,0.066682,0.039058,False,0.682927,0.045539,0.026674,-0.018865,7.512195,4.400182,-3.112013
T.J. Warren,t.j. warren,PHO,2019,43.000000,0.099047,0.113298,False,0.524390,0.051939,0.059412,0.007473,5.668659,6.484266,0.815607
T.J. Warren,t.j. warren,IND,2020,67.000000,0.109951,0.230920,False,0.817073,0.089838,0.188678,0.098841,9.804878,20.592337,10.787459
T.J. Warren,t.j. warren,IND,2021,4.000000,0.112886,0.106701,False,0.055556,0.006271,0.005928,-0.000344,0.705000,0.666371,-0.038629
T.J. Warren,t.j. warren,,2022,0.000000,0.014848,0.048018,True,0.000000,0.000000,0.000000,0.000000,0.000000,0.000000,0.000000
T.J. Warren,t.j. warren,PHO,2023,16.000000,0.001621,0.019741,False,0.195122,0.000316,0.003852,0.003535,0.043033,0.523933,0.480900
Taj Gibson,taj gibson,MIN,2019,70.000000,0.089793,0.081130,True,0.853659,0.076652,0.069257,-0.007396,8.365854,7.558701,-0.807153
Taj Gibson,taj gibson,NYK,2020,62.000000,0.022384,0.016532,True,0.756098,0.016924,0.012500,-0.004425,1.847122,1.364231,-0.482891
Taj Gibson,taj gibson,NYK,2021,45.000000,0.043678,0.019753,True,0.625000,0.027299,0.012346,-0.014953,3.068750,1.387825,-1.680925
Taj Gibson,taj gibson,NYK,2022,52.000000,0.014848,0.015144,True,0.634146,0.009416,0.009603,0.000187,1.164350,1.187511,0.023162
Taj Gibson,taj gibson,WAS,2023,49.000000,0.002560,0.015917,False,0.597561,0.001530,0.009512,0.007982,0.208086,1.293787,1.085702
Taj Gibson,taj gibson,NYK,2024,16.000000,0.014848,0.014848,True,0.195122,0.002897,0.002897,-0.000000,0.407321,0.407321,-0.000000
Talen Horton-Tucker,talen horton-tucker,LAL,2020,6.000000,0.013909,0.020784,False,0.073171,0.001018,0.001521,0.000503,0.111072,0.165977,0.054905
Talen Horton-Tucker,talen horton-tucker,LAL,2021,65.000000,0.084509,0.033995,True,0.902778,0.076293,0.030690,-0.045603,8.576389,3.449993,-5.126396
Talen Horton-Tucker,talen horton-tucker,LAL,2022,60.000000,0.082973,0.062727,False,0.731707,0.060712,0.045898,-0.014814,7.507317,5.675522,-1.831795
Talen Horton-Tucker,talen horton-tucker,UTA,2023,65.000000,0.081017,0.060562,False,0.792683,0.064221,0.048006,-0.016214,8.735366,6.529892,-2.205474
Talen Horton-Tucker,talen horton-tucker,UTA,2024,51.000000,0.014848,0.059538,True,0.621951,0.009235,0.037030,0.027795,1.298335,5.205971,3.907636
Tari Eason,tari eason,HOU,2023,82.000000,0.025931,0.067217,False,1.000000,0.025931,0.067217,0.041286,3.527160,9.142942,5.615782
Tari Eason,tari eason,HOU,2024,22.000000,0.026284,0.063813,False,0.268293,0.007052,0.017121,0.010069,0.991384,2.406948,1.415564
Tari Eason,tari eason,HOU,2025,57.000000,0.036701,0.102880,False,0.695122,0.025512,0.071514,0.046002,3.945350,11.059432,7.114083
Tari Eason,tari eason,HOU,2026,60.000000,0.085182,0.119190,True,0.731707,0.062328,0.087212,0.024884,10.281749,14.386651,4.104902
Taurean Prince,taurean prince,ATL,2019,55.000000,0.031904,0.088920,False,0.670732,0.021399,0.059641,0.038242,2.335478,6.509246,4.173768
Taurean Prince,taurean prince,BRK,2020,64.000000,0.112241,0.107064,True,0.780488,0.087603,0.083562,-0.004041,9.560976,9.119954,-0.441021
Taurean Prince,taurean prince,CLE,2021,29.000000,0.115644,0.060034,False,0.402778,0.046579,0.024181,-0.022398,5.236111,2.718227,-2.517884
Taurean Prince,taurean prince,MIN,2022,69.000000,0.058995,0.044988,True,0.841463,0.049642,0.037855,-0.011787,6.138476,4.681016,-1.457460
Taurean Prince,taurean prince,MIN,2023,54.000000,0.033201,0.020745,True,0.658537,0.021864,0.013661,-0.008203,2.973951,1.858196,-1.115755
Taurean Prince,taurean prince,LAL,2024,78.000000,0.014848,0.052417,True,0.951220,0.014124,0.049860,0.035736,1.985689,7.009718,5.024030
Taurean Prince,taurean prince,MIL,2025,80.000000,0.014848,0.032301,True,0.975610,0.014486,0.031513,0.017027,2.240267,4.873458,2.633191
Taurean Prince,taurean prince,MIL,2026,26.000000,0.023132,0.028586,False,0.317073,0.007335,0.009064,0.001729,1.209907,1.495204,0.285297
Taylor Hendricks,taylor hendricks,UTA,2024,40.000000,0.041602,0.038459,False,0.487805,0.020293,0.018760,-0.001533,2.853015,2.637499,-0.215516
Taylor Hendricks,taylor hendricks,UTA,2025,3.000000,0.039620,0.051694,False,0.036585,0.001450,0.001891,0.000442,0.224161,0.292478,0.068316
Taylor Hendricks,taylor hendricks,MEM,2026,26.000000,0.047320,0.055516,False,0.317073,0.015004,0.017603,0.002599,2.475041,2.903735,0.428693
Terance Mann,terance mann,LAC,2020,41.000000,0.013909,0.018128,False,0.500000,0.006954,0.009064,0.002110,0.758992,0.989223,0.230231
Terance Mann,terance mann,LAC,2021,67.000000,0.015858,0.035800,False,0.930556,0.014756,0.033314,0.018558,1.658828,3.744951,2.086123
Terance Mann,terance mann,LAC,2022,81.000000,0.015613,0.079858,False,0.987805,0.015423,0.078884,0.063461,1.907136,9.754358,7.847222
Terance Mann,terance mann,LAC,2023,81.000000,0.077759,0.068713,False,0.987805,0.076811,0.067875,-0.008936,10.447936,9.232385,-1.215552
Terance Mann,terance mann,LAC,2024,75.000000,0.081252,0.074314,False,0.914634,0.074316,0.067970,-0.006346,10.447936,9.555822,-0.892115
Terance Mann,terance mann,LAC,2025,37.000000,0.100228,0.037302,True,0.451220,0.045225,0.016831,-0.028394,6.993902,2.602897,-4.391005
Terance Mann,terance mann,BRK,2026,63.000000,0.093962,0.039982,False,0.768293,0.072190,0.030718,-0.041472,11.908537,5.067244,-6.841292
Terence Davis,terence davis,TOR,2020,72.000000,0.013909,0.044820,False,0.878049,0.012212,0.039355,0.027142,1.332861,4.295151,2.962290
Terence Davis,terence davis,SAC,2021,27.000000,0.035583,0.049092,True,0.375000,0.013344,0.018410,0.005066,1.500000,2.069491,0.569491
Terence Davis,terence davis,SAC,2022,30.000000,0.032348,0.054271,False,0.365854,0.011835,0.019855,0.008021,1.463415,2.455217,0.991802
Terrance Ferguson,terrance ferguson,OKC,2019,74.000000,0.022685,0.051974,False,0.902439,0.020472,0.046903,0.026431,2.234295,5.119009,2.884715
Terrance Ferguson,terrance ferguson,OKC,2020,56.000000,0.036137,0.035556,False,0.682927,0.024679,0.024282,-0.000397,2.693472,2.650151,-0.043321
Terrence Ross,terrence ross,ORL,2019,81.000000,0.114532,0.126480,True,0.987805,0.113135,0.124938,0.011803,12.347561,13.635688,1.288127
Terrence Ross,terrence ross,ORL,2020,69.000000,0.123694,0.101210,False,0.841463,0.104084,0.085165,-0.018920,11.359756,9.294854,-2.064902
Terrence Ross,terrence ross,ORL,2021,46.000000,0.111196,0.094932,False,0.638889,0.071042,0.060651,-0.010391,7.986111,6.818005,-1.168106
Terrence Ross,terrence ross,ORL,2022,63.000000,0.085573,0.039728,False,0.768293,0.065745,0.030523,-0.035222,8.129677,3.774320,-4.355357
Terrence Shannon Jr.,terrence shannon jr.,MIN,2025,32.000000,0.017292,0.019821,False,0.390244,0.006748,0.007735,0.000987,1.043543,1.196190,0.152646
Terrence Shannon Jr.,terrence shannon jr.,MIN,2026,43.000000,0.016984,0.026884,False,0.524390,0.008906,0.014098,0.005192,1.469153,2.325598,0.856446
Terry Rozier,terry rozier,BOS,2019,79.000000,0.182286,0.057570,True,0.963415,0.175617,0.055464,-0.120154,19.166881,6.053313,-13.113568
Terry Rozier,terry rozier,CHO,2020,63.000000,0.173172,0.151724,False,0.768293,0.133047,0.116569,-0.016478,14.520732,12.722295,-1.798436
Terry Rozier,terry rozier,CHO,2021,69.000000,0.159280,0.178313,False,0.958333,0.152643,0.170884,0.018241,17.159210,19.209711,2.050501
Terry Rozier,terry rozier,CHO,2022,73.000000,0.173760,0.173760,True,0.890244,0.154689,0.154689,-0.000000,19.128062,19.128061,-0.000000
Terry Rozier,terry rozier,CHO,2023,63.000000,0.170600,0.160528,False,0.768293,0.131071,0.123333,-0.007738,17.828401,16.775852,-1.052549
Terry Rozier,terry rozier,CHO,2024,30.000000,0.177285,0.137042,False,0.365854,0.064860,0.050137,-0.014723,9.118583,7.048717,-2.069865
Terry Rozier,terry rozier,MIA,2025,64.000000,0.172283,0.045098,False,0.780488,0.134465,0.035199,-0.099266,20.794561,5.443363,-15.351198
Terry Taylor,terry taylor,IND,2022,33.000000,0.012644,0.026909,False,0.402439,0.005089,0.010829,0.005741,0.629221,1.339112,0.709892
Terry Taylor,terry taylor,IND,2023,26.000000,0.014848,0.014848,True,0.317073,0.004708,0.004708,-0.000000,0.640395,0.640395,-0.000000
Terry Taylor,terry taylor,CHI,2024,31.000000,0.000853,0.014044,False,0.378049,0.000323,0.005309,0.004987,0.045355,0.746402,0.701047
Thabo Sefolosha,thabo sefolosha,UTA,2019,50.000000,0.014848,0.025508,True,0.609756,0.009054,0.015554,0.006500,0.988149,1.697554,0.709405
Thaddeus Young,thaddeus young,IND,2019,81.000000,0.118197,0.181601,True,0.987805,0.116755,0.179387,0.062631,12.742683,19.578269,6.835587
Thaddeus Young,thaddeus young,CHI,2020,64.000000,0.124107,0.068502,False,0.780488,0.096864,0.053465,-0.043399,10.571707,5.835125,-4.736582
Thaddeus Young,thaddeus young,CHI,2021,68.000000,0.126230,0.079436,False,0.944444,0.119217,0.075023,-0.044194,13.401667,8.433661,-4.968005
Thaddeus Young,thaddeus young,TOR,2022,26.000000,0.064696,0.046407,True,0.317073,0.020513,0.014714,-0.005799,2.536585,1.819509,-0.717076
Thaddeus Young,thaddeus young,TOR,2023,54.000000,0.058814,0.022607,False,0.658537,0.038731,0.014887,-0.023844,5.268293,2.025004,-3.243289
Thanasis Antetokounmpo,thanasis antetokounmpo,MIL,2020,20.000000,0.015591,0.014848,True,0.243902,0.003803,0.003622,-0.000181,0.415023,0.395260,-0.019763
Thanasis Antetokounmpo,thanasis antetokounmpo,MIL,2021,57.000000,0.015383,0.019089,False,0.791667,0.012178,0.015112,0.002934,1.368963,1.698790,0.329827
Thanasis Antetokounmpo,thanasis antetokounmpo,MIL,2022,48.000000,0.015193,0.017484,False,0.585366,0.008894,0.010234,0.001341,1.099739,1.265539,0.165800
Thanasis Antetokounmpo,thanasis antetokounmpo,MIL,2023,37.000000,0.014848,0.015544,False,0.451220,0.006700,0.007014,0.000314,0.911331,0.954037,0.042707
Theo Pinson,theo pinson,BRK,2019,18.000000,0.013246,0.019038,False,0.219512,0.002908,0.004179,0.001271,0.317348,0.456093,0.138745
Theo Pinson,theo pinson,NYK,2021,17.000000,0.001753,0.013829,False,0.236111,0.000414,0.003265,0.002851,0.046532,0.367040,0.320509
Theo Pinson,theo pinson,DAL,2022,19.000000,0.014848,0.013905,True,0.231707,0.003441,0.003222,-0.000219,0.425435,0.398402,-0.027034
Thomas Bryant,thomas bryant,WAS,2019,72.000000,0.073300,0.061804,True,0.878049,0.064361,0.054267,-0.010095,7.024390,5.922676,-1.101714
Thomas Bryant,thomas bryant,WAS,2020,46.000000,0.076355,0.089483,False,0.560976,0.042833,0.050198,0.007364,4.674797,5.478556,0.803760
Thomas Bryant,thomas bryant,WAS,2021,10.000000,0.077096,0.086580,False,0.138889,0.010708,0.012025,0.001317,1.203704,1.351779,0.148075
Thomas Bryant,thomas bryant,WAS,2022,27.000000,0.014848,0.040507,True,0.329268,0.004889,0.013338,0.008449,0.604566,1.649282,1.044716
Thomas Bryant,thomas bryant,LAL,2023,41.000000,0.014848,0.027211,True,0.500000,0.007424,0.013606,0.006181,1.009853,1.850646,0.840793
Thomas Bryant,thomas bryant,MIA,2024,38.000000,0.014848,0.014848,True,0.463415,0.006881,0.006881,-0.000000,0.967387,0.967387,-0.000000
Thomas Bryant,thomas bryant,IND,2025,56.000000,0.014848,0.019051,False,0.682927,0.010140,0.013011,0.002870,1.568187,2.012075,0.443888
Thomas Bryant,thomas bryant,CLE,2026,60.000000,0.014848,0.018665,True,0.731707,0.010865,0.013657,0.002792,1.792259,2.252894,0.460634
Thomas Sorber,thomas sorber,,2026,0.000000,0.029630,0.018854,False,0.000000,0.000000,0.000000,0.000000,0.000000,0.000000,0.000000
Thon Maker,thon maker,DET,2019,29.000000,0.032707,0.031479,False,0.353659,0.011567,0.011133,-0.000434,1.262435,1.215019,-0.047415
Thon Maker,thon maker,DET,2020,60.000000,0.002834,0.030392,False,0.731707,0.002074,0.022238,0.020164,0.226357,2.427075,2.200717
Tim Frazier,tim frazier,NOP,2019,47.000000,0.014848,0.014848,True,0.573171,0.008511,0.008511,-0.000000,0.928860,0.928860,-0.000000
Tim Frazier,tim frazier,DET,2020,27.000000,0.004752,0.013022,False,0.329268,0.001565,0.004288,0.002723,0.170762,0.467956,0.297194
Tim Frazier,tim frazier,MEM,2021,5.000000,0.001145,0.014360,False,0.069444,0.000080,0.000997,0.000918,0.008938,0.112105,0.103167
Tim Hardaway Jr.,tim hardaway jr.,2TM,2019,65.000000,0.166300,0.142531,False,0.792683,0.131823,0.112982,-0.018842,14.387195,12.330827,-2.056368
Tim Hardaway Jr.,tim hardaway jr.,DAL,2020,71.000000,0.173859,0.135192,False,0.865854,0.150537,0.117056,-0.033480,16.429573,12.775544,-3.654029
Tim Hardaway Jr.,tim hardaway jr.,DAL,2021,70.000000,0.189539,0.131068,False,0.972222,0.184274,0.127427,-0.056847,20.714960,14.324575,-6.390385
Tim Hardaway Jr.,tim hardaway jr.,DAL,2022,42.000000,0.158524,0.117230,False,0.512195,0.081195,0.060045,-0.021150,10.040189,7.424842,-2.615346
Tim Hardaway Jr.,tim hardaway jr.,DAL,2023,71.000000,0.131581,0.121627,False,0.865854,0.113930,0.105311,-0.008619,15.496813,14.324485,-1.172328
Tim Hardaway Jr.,tim hardaway jr.,DAL,2024,79.000000,0.115182,0.065830,False,0.963415,0.110968,0.063421,-0.047546,15.600749,8.916286,-6.684464
Tim Hardaway Jr.,tim hardaway jr.,DET,2025,77.000000,0.014848,0.069891,True,0.939024,0.013943,0.065629,0.051686,2.156257,10.149317,7.993060
Tim Hardaway Jr.,tim hardaway jr.,DEN,2026,80.000000,0.039403,0.045054,True,0.975610,0.038442,0.043955,0.005513,6.341463,7.250831,0.909368
Timofey Mozgov,timofey mozgov,,2019,0.000000,0.051066,0.042553,True,0.000000,0.000000,0.000000,0.000000,0.000000,0.000000,0.000000
Tobias Harris,tobias harris,LAC,2019,55.000000,0.300000,0.241565,True,0.670732,0.201220,0.162025,-0.039194,21.961098,17.683452,-4.277646
Tobias Harris,tobias harris,PHI,2020,72.000000,0.314814,0.252147,False,0.878049,0.276422,0.221397,-0.055025,30.168746,24.163285,-6.005462
Tobias Harris,tobias harris,PHI,2021,62.000000,0.320209,0.271639,False,0.861111,0.275735,0.233912,-0.041824,30.996513,26.294940,-4.701573
Tobias Harris,tobias harris,PHI,2022,73.000000,0.304339,0.229341,False,0.890244,0.270936,0.204170,-0.066767,33.502593,25.246580,-8.256013
Tobias Harris,tobias harris,PHI,2023,74.000000,0.288707,0.155086,False,0.902439,0.260540,0.139956,-0.120584,35.438916,19.036917,-16.401999
Tobias Harris,tobias harris,PHI,2024,70.000000,0.180427,0.146948,True,0.853659,0.154023,0.125444,-0.028579,21.653778,17.635865,-4.017913
Tobias Harris,tobias harris,DET,2025,73.000000,0.172225,0.106754,False,0.890244,0.153323,0.095037,-0.058285,23.710886,14.697246,-9.013640
Tobias Harris,tobias harris,DET,2026,63.000000,0.091197,0.094209,True,0.768293,0.070066,0.072380,0.002313,11.558195,11.939832,0.381637
Tony Bradley,tony bradley,UTA,2019,3.000000,0.017980,0.026828,False,0.036585,0.000658,0.000982,0.000324,0.071794,0.107123,0.035330
Tony Bradley,tony bradley,UTA,2020,58.000000,0.032454,0.025992,False,0.707317,0.022955,0.018384,-0.004571,2.505360,2.006480,-0.498879
Tony Bradley,tony bradley,OKC,2021,22.000000,0.015917,0.025981,True,0.305556,0.004863,0.007939,0.003075,0.546717,0.892412,0.345695
Tony Bradley,tony bradley,CHI,2022,55.000000,0.016468,0.025002,False,0.670732,0.011045,0.016770,0.005724,1.365823,2.073647,0.707824
Tony Bradley,tony bradley,IND,2025,14.000000,0.020723,0.026640,False,0.170732,0.003538,0.004548,0.001010,0.547164,0.703368,0.156205
Tony Snell,tony snell,MIL,2019,74.000000,0.104388,0.043461,False,0.902439,0.094203,0.039221,-0.054983,10.281359,4.280529,-6.000830
Tony Snell,tony snell,DET,2020,59.000000,0.111587,0.053725,False,0.719512,0.080288,0.038656,-0.041632,8.762630,4.218863,-4.543768
Tony Snell,tony snell,ATL,2021,47.000000,0.014848,0.032034,True,0.652778,0.009693,0.020911,0.011218,1.089602,2.350678,1.261075
Torrey Craig,torrey craig,DEN,2019,75.000000,0.018325,0.046078,False,0.914634,0.016761,0.042145,0.025384,1.829268,4.599673,2.770405
Torrey Craig,torrey craig,DEN,2020,58.000000,0.014848,0.029944,True,0.707317,0.010503,0.021180,0.010677,1.146253,2.311580,1.165328
Torrey Craig,torrey craig,PHO,2021,32.000000,0.043394,0.016019,True,0.444444,0.019286,0.007120,-0.012166,2.168022,0.800342,-1.367680
Torrey Craig,torrey craig,IND,2022,51.000000,0.041421,0.026497,False,0.621951,0.025762,0.016480,-0.009282,3.185604,2.037822,-1.147781
Torrey Craig,torrey craig,PHO,2023,79.000000,0.014848,0.023894,True,0.963415,0.014305,0.023019,0.008714,1.945814,3.131135,1.185321
Torrey Craig,torrey craig,CHI,2024,53.000000,0.005547,0.024815,False,0.646341,0.003585,0.016039,0.012454,0.504030,2.254909,1.750879
Toumani Camara,toumani camara,POR,2024,70.000000,0.013457,0.052115,False,0.853659,0.011487,0.044489,0.033001,1.615000,6.254559,4.639559
Toumani Camara,toumani camara,POR,2025,78.000000,0.014366,0.102844,False,0.951220,0.013665,0.097828,0.084162,2.113303,15.128757,13.015455
Toumani Camara,toumani camara,POR,2026,82.000000,0.109604,0.117713,True,1.000000,0.109604,0.117713,0.008109,18.080358,19.418000,1.337642
Trae Young,trae young,ATL,2019,81.000000,0.057477,0.178691,False,0.987805,0.056776,0.176512,0.119736,6.196500,19.264472,13.067972
Trae Young,trae young,ATL,2020,60.000000,0.060214,0.250000,False,0.731707,0.044059,0.182927,0.138868,4.808634,19.964634,15.156000
Trae Young,trae young,ATL,2021,63.000000,0.074070,0.250000,False,0.875000,0.064811,0.218750,0.153939,7.285662,24.590563,17.304900
Trae Young,trae young,ATL,2022,76.000000,0.300000,0.300000,True,0.926829,0.278049,0.278049,-0.000000,34.382122,34.382122,-0.000000
Trae Young,trae young,ATL,2023,73.000000,0.294544,0.324000,False,0.890244,0.262216,0.288439,0.026223,35.666928,39.233765,3.566837
Trae Young,trae young,ATL,2024,54.000000,0.306085,0.318108,False,0.658537,0.201568,0.209486,0.007917,28.338107,29.451176,1.113069
Trae Young,trae young,ATL,2025,76.000000,0.300000,0.328724,False,0.926829,0.278049,0.304671,0.026622,42.999410,47.116408,4.116998
Trae Young,trae young,ATL,2026,10.000000,0.300000,0.185645,True,0.121951,0.036585,0.022640,-0.013946,6.035159,3.734660,-2.300498
Trayce Jackson-Davis,trayce jackson-davis,GSW,2024,68.000000,0.013457,0.050319,False,0.829268,0.011159,0.041728,0.030569,1.568857,5.866437,4.297580
Trayce Jackson-Davis,trayce jackson-davis,GSW,2025,62.000000,0.014366,0.033996,False,0.756098,0.010862,0.025704,0.014842,1.679805,3.975060,2.295255
Trayce Jackson-Davis,trayce jackson-davis,GSW,2026,36.000000,0.014587,0.020137,False,0.439024,0.006404,0.008841,0.002437,1.056383,1.458376,0.401993
Tre Johnson,tre johnson,WAS,2026,60.000000,0.052434,0.043747,False,0.731707,0.038366,0.032010,-0.006356,6.328976,5.280442,-1.048534
Tre Jones,tre jones,SAS,2021,37.000000,0.013503,0.015890,False,0.513889,0.006939,0.008166,0.001227,0.780074,0.917956,0.137882
Tre Jones,tre jones,SAS,2022,69.000000,0.014416,0.025925,False,0.841463,0.012131,0.021815,0.009684,1.500010,2.697498,1.197487
Tre Jones,tre jones,SAS,2023,68.000000,0.072752,0.110639,True,0.829268,0.060331,0.091750,0.031419,8.206301,12.479878,4.273578
Tre Jones,tre jones,SAS,2024,77.000000,0.064758,0.081603,False,0.939024,0.060809,0.076628,0.015819,8.549035,10.772929,2.223894
Tre Jones,tre jones,CHI,2025,18.000000,0.051731,0.091306,True,0.219512,0.011356,0.020043,0.008687,1.756098,3.099551,1.343453
Tre Jones,tre jones,CHI,2026,65.000000,0.048496,0.077540,False,0.792683,0.038442,0.061465,0.023022,6.341463,10.139276,3.797812
Tre Mann,tre mann,OKC,2022,60.000000,0.024635,0.055379,False,0.731707,0.018025,0.040521,0.022496,2.228927,5.010660,2.781734
Tre Mann,tre mann,OKC,2023,67.000000,0.023463,0.036600,False,0.817073,0.019171,0.029905,0.010734,2.607607,4.067673,1.460065
Tre Mann,tre mann,CHO,2024,28.000000,0.034913,0.085594,False,0.341463,0.011922,0.029227,0.017306,1.676030,4.109015,2.432985
Tre Mann,tre mann,CHO,2025,13.000000,0.051731,0.084713,True,0.158537,0.008201,0.013430,0.005229,1.268293,2.076927,0.808634
Tre Mann,tre mann,CHO,2026,53.000000,0.048496,0.032072,False,0.646341,0.031345,0.020729,-0.010616,5.170732,3.419517,-1.751215
Tremont Waters,tremont waters,BOS,2021,26.000000,0.000853,0.019337,False,0.361111,0.000308,0.006983,0.006675,0.034641,0.784973,0.750332
Trendon Watford,trendon watford,POR,2022,48.000000,0.012644,0.020741,False,0.585366,0.007401,0.012141,0.004740,0.915230,1.501324,0.586094
Trendon Watford,trendon watford,POR,2023,62.000000,0.014848,0.014853,True,0.756098,0.011227,0.011230,0.000003,1.527095,1.527548,0.000453
Trendon Watford,trendon watford,BRK,2024,63.000000,0.019394,0.031621,True,0.768293,0.014900,0.024294,0.009393,2.094829,3.415440,1.320611
Trendon Watford,trendon watford,BRK,2025,44.000000,0.015917,0.035933,False,0.536585,0.008541,0.019281,0.010741,1.320785,2.981803,1.661017
Trendon Watford,trendon watford,PHI,2026,53.000000,0.016982,0.020348,False,0.646341,0.010976,0.013151,0.002175,1.810626,2.169474,0.358848
Trent Forrest,trent forrest,UTA,2021,30.000000,0.000076,0.017562,False,0.416667,0.000032,0.007318,0.007286,0.003566,0.822607,0.819041
Trent Forrest,trent forrest,ATL,2023,23.000000,0.003925,0.017185,False,0.280488,0.001101,0.004820,0.003719,0.149765,0.655661,0.505896
Trevelin Queen,trevelin queen,HOU,2022,10.000000,0.002669,0.024779,False,0.121951,0.000325,0.003022,0.002696,0.040244,0.373666,0.333422
Treveon Graham,treveon graham,BRK,2019,35.000000,0.014848,0.023329,False,0.426829,0.006338,0.009957,0.003620,0.691704,1.086757,0.395053
Trevor Ariza,trevor ariza,WAS,2019,43.000000,0.111783,0.088256,True,0.524390,0.058618,0.046280,-0.012338,6.397561,5.051041,-1.346520
Trevor Ariza,trevor ariza,SAC,2020,32.000000,0.117281,0.044729,False,0.390244,0.045768,0.017455,-0.028313,4.995122,1.905054,-3.090068
Trevor Ariza,trevor ariza,MIA,2021,30.000000,0.014848,0.042734,True,0.416667,0.006187,0.017806,0.011619,0.695491,2.001603,1.306112
Trey Burke,trey burke,NYK,2019,33.000000,0.002100,0.043684,False,0.402439,0.000845,0.017580,0.016735,0.092247,1.918698,1.826451
Trey Burke,trey burke,PHI,2020,25.000000,0.027488,0.015222,True,0.304878,0.008380,0.004641,-0.003740,0.914634,0.506498,-0.408136
Trey Burke,trey burke,DAL,2021,62.000000,0.028021,0.026193,False,0.861111,0.024130,0.022555,-0.001575,2.712500,2.535503,-0.176997
Trey Burke,trey burke,DAL,2022,42.000000,0.027688,0.019669,False,0.512195,0.014182,0.010074,-0.004107,1.753628,1.245758,-0.507870
Trey Lyles,trey lyles,DEN,2019,64.000000,0.050394,0.048624,True,0.780488,0.039332,0.037950,-0.001381,4.292683,4.141908,-0.150775
Trey Lyles,trey lyles,SAS,2020,63.000000,0.050394,0.049043,False,0.768293,0.038717,0.037679,-0.001038,4.225610,4.112290,-0.113320
Trey Lyles,trey lyles,SAS,2021,23.000000,0.022239,0.021430,True,0.319444,0.007104,0.006846,-0.000259,0.798611,0.769546,-0.029065
Trey Lyles,trey lyles,DET,2022,51.000000,0.021228,0.034864,False,0.621951,0.013203,0.021684,0.008481,1.632622,2.681278,1.048656
Trey Lyles,trey lyles,SAC,2023,74.000000,0.058814,0.041105,True,0.902439,0.053076,0.037094,-0.015982,7.219512,5.045629,-2.173883
Trey Lyles,trey lyles,SAC,2024,58.000000,0.056904,0.052145,False,0.707317,0.040249,0.036883,-0.003366,5.658537,5.185357,-0.473179
Trey Lyles,trey lyles,,2026,0.000000,0.014848,0.015245,True,0.000000,0.000000,0.000000,0.000000,0.000000,0.000000,0.000000
Trey Murphy III,trey murphy iii,NOP,2022,62.000000,0.025931,0.043850,False,0.756098,0.019607,0.033155,0.013548,2.424442,4.099736,1.675294
Trey Murphy III,trey murphy iii,NOP,2023,79.000000,0.024697,0.130977,False,0.963415,0.023793,0.126185,0.102392,3.236380,17.163848,13.927468
Trey Murphy III,trey murphy iii,NOP,2024,57.000000,0.036702,0.161373,False,0.695122,0.025512,0.112174,0.086661,3.586728,15.770285,12.183557
Trey Murphy III,trey murphy iii,NOP,2025,53.000000,0.161658,0.175045,True,0.646341,0.104487,0.113139,0.008652,16.158537,17.496557,1.338020
Trey Murphy III,trey murphy iii,NOP,2026,66.000000,0.163675,0.196710,False,0.804878,0.131738,0.158327,0.026589,21.731707,26.117850,4.386142
Tristan Da Silva,tristan da silva,ORL,2025,74.000000,0.024634,0.044524,False,0.902439,0.022230,0.040180,0.017950,3.437860,6.213745,2.775885
Tristan Da Silva,tristan da silva,ORL,2026,77.000000,0.024195,0.054887,False,0.939024,0.022720,0.051540,0.028820,3.747834,8.502068,4.754233
Tristan Thompson,tristan thompson,CLE,2019,43.000000,0.169866,0.066277,False,0.524390,0.089076,0.034755,-0.054321,9.721739,3.793178,-5.928561
Tristan Thompson,tristan thompson,CLE,2020,57.000000,0.084827,0.065548,True,0.695122,0.058965,0.045564,-0.013401,6.435439,4.972848,-1.462591
Tristan Thompson,tristan thompson,BOS,2021,54.000000,0.008896,0.057168,False,0.750000,0.006672,0.042876,0.036205,0.750000,4.819894,4.069894
Tristan Thompson,tristan thompson,SAC,2022,30.000000,0.000085,0.018216,False,0.365854,0.000031,0.006665,0.006633,0.003860,0.824102,0.820241
Tristan Thompson,tristan thompson,,2023,0.000000,0.014848,0.014926,True,0.000000,0.000000,0.000000,0.000000,0.000000,0.000000,0.000000
Tristan Thompson,tristan thompson,CLE,2024,49.000000,0.014848,0.015246,False,0.597561,0.008873,0.009110,0.000237,1.247420,1.280807,0.033387
Troy Daniels,troy daniels,PHO,2019,51.000000,0.004407,0.030490,False,0.621951,0.002741,0.018963,0.016222,0.299159,2.069646,1.770487
Troy Williams,troy williams,SAC,2019,21.000000,0.001125,0.018588,False,0.256098,0.000288,0.004760,0.004472,0.031434,0.519541,0.488108
Ty Jerome,ty jerome,PHO,2020,31.000000,0.021102,0.020153,False,0.378049,0.007977,0.007619,-0.000359,0.870661,0.831530,-0.039132
Ty Jerome,ty jerome,OKC,2021,33.000000,0.021464,0.044285,False,0.458333,0.009838,0.020297,0.010460,1.105885,2.281696,1.175811
Ty Jerome,ty jerome,OKC,2022,48.000000,0.034128,0.024919,False,0.585366,0.019977,0.014587,-0.005391,2.470277,1.803702,-0.666575
Ty Jerome,ty jerome,GSW,2023,45.000000,0.017931,0.014848,True,0.548780,0.009840,0.008149,-0.001692,1.338489,1.108375,-0.230114
Ty Jerome,ty jerome,CLE,2024,2.000000,0.018216,0.014130,False,0.024390,0.000444,0.000345,-0.000100,0.062463,0.048451,-0.014012
Ty Jerome,ty jerome,CLE,2025,70.000000,0.056781,0.065981,True,0.853659,0.048472,0.056325,0.007854,7.495976,8.710536,1.214560
Ty Jerome,ty jerome,MEM,2026,15.000000,0.055892,0.142237,False,0.182927,0.010224,0.026019,0.015795,1.686595,4.292103,2.605509
Tyler Cook,tyler cook,CLE,2020,11.000000,0.000907,0.027344,False,0.134146,0.000122,0.003668,0.003546,0.013283,0.400330,0.387047
Tyler Herro,tyler herro,MIA,2020,55.000000,0.035021,0.099298,False,0.670732,0.023490,0.066603,0.043113,2.563698,7.269012,4.705315
Tyler Herro,tyler herro,MIA,2021,54.000000,0.035621,0.144061,False,0.750000,0.026716,0.108046,0.081330,3.003210,12.145840,9.142630
Tyler Herro,tyler herro,MIA,2022,66.000000,0.046275,0.187466,False,0.804878,0.037246,0.150887,0.113642,4.605606,18.657980,14.052374
Tyler Herro,tyler herro,MIA,2023,67.000000,0.198499,0.233928,True,0.817073,0.162188,0.191136,0.028948,22.060976,25.998520,3.937545
Tyler Herro,tyler herro,MIA,2024,42.000000,0.206276,0.214583,False,0.512195,0.105654,0.109908,0.004254,14.853659,15.451768,0.598109
Tyler Herro,tyler herro,MIA,2025,77.000000,0.200457,0.250000,False,0.939024,0.188234,0.234756,0.046523,29.109756,36.304326,7.194570
Tyler Herro,tyler herro,MIA,2026,33.000000,0.200047,0.190487,False,0.402439,0.080507,0.076659,-0.003847,13.280488,12.645813,-0.634675
Tyler Johnson,tyler johnson,MIA,2019,44.000000,0.001949,0.052283,False,0.536585,0.001046,0.028054,0.027008,0.114160,3.061818,2.947658
Tyler Johnson,tyler johnson,PHO,2020,31.000000,0.014848,0.014848,True,0.378049,0.005613,0.005613,-0.000000,0.612652,0.612652,-0.000000
Tyler Johnson,tyler johnson,BRK,2021,39.000000,0.001145,0.014078,False,0.541667,0.000620,0.007625,0.007005,0.069717,0.857194,0.787477
Tyler Kolek,tyler kolek,NYK,2025,41.000000,0.014174,0.019462,False,0.500000,0.007087,0.009731,0.002644,1.095948,1.504838,0.408889
Tyler Kolek,tyler kolek,NYK,2026,62.000000,0.013920,0.020679,False,0.756098,0.010525,0.015636,0.005111,1.736205,2.579255,0.843050
Tyler Lydon,tyler lydon,DEN,2019,25.000000,0.000458,0.019213,False,0.304878,0.000140,0.005858,0.005718,0.015244,0.639288,0.624045
Tyler Smith,tyler smith,MIL,2025,23.000000,0.012644,0.022129,False,0.280488,0.003547,0.006207,0.002660,0.548459,0.959866,0.411406
Tyler Ulis,tyler ulis,CHI,2019,1.000000,0.000458,0.014693,False,0.012195,0.000006,0.000179,0.000174,0.000610,0.019556,0.018946
Tyler Zeller,tyler zeller,MEM,2019,4.000000,0.002251,0.024915,False,0.048780,0.000110,0.001215,0.001106,0.011985,0.132647,0.120662
Tyrell Terry,tyrell terry,DAL,2021,11.000000,0.013503,0.018402,False,0.152778,0.002063,0.002811,0.000748,0.231914,0.316036,0.084123
Tyrese Haliburton,tyrese haliburton,SAC,2021,58.000000,0.035793,0.116717,False,0.805556,0.028833,0.094022,0.065189,3.241233,10.569364,7.328131
Tyrese Haliburton,tyrese haliburton,SAC,2022,51.000000,0.034088,0.180788,False,0.621951,0.021201,0.112441,0.091240,2.621599,13.903928,11.282329
Tyrese Haliburton,tyrese haliburton,IND,2023,56.000000,0.042702,0.250000,False,0.682927,0.029163,0.170732,0.141569,3.966736,23.223098,19.256361
Tyrese Haliburton,tyrese haliburton,IND,2024,69.000000,0.300000,0.300000,True,0.841463,0.252439,0.252439,-0.000000,35.489898,35.489898,-0.000000
Tyrese Haliburton,tyrese haliburton,IND,2025,73.000000,0.294545,0.307241,False,0.890244,0.262217,0.273520,0.011303,40.551066,42.299028,1.747962
Tyrese Haliburton,tyrese haliburton,,2026,0.000000,0.296583,0.162219,False,0.000000,0.000000,0.000000,0.000000,0.000000,0.000000,0.000000
Tyrese Martin,tyrese martin,BRK,2025,60.000000,0.014174,0.031131,False,0.731707,0.010371,0.022779,0.012408,1.603827,3.522708,1.918880
Tyrese Maxey,tyrese maxey,PHI,2021,61.000000,0.023155,0.040425,False,0.847222,0.019617,0.034249,0.014632,2.205252,3.850075,1.644823
Tyrese Maxey,tyrese maxey,PHI,2022,75.000000,0.022052,0.147028,False,0.914634,0.020170,0.134477,0.114307,2.494098,16.628710,14.134613
Tyrese Maxey,tyrese maxey,PHI,2023,60.000000,0.031936,0.193051,False,0.731707,0.023368,0.141257,0.117890,3.178478,19.213926,16.035448
Tyrese Maxey,tyrese maxey,PHI,2024,70.000000,0.250000,0.250000,True,0.853659,0.213415,0.213415,0.000000,30.003537,30.003537,0.000000
Tyrese Maxey,tyrese maxey,PHI,2025,52.000000,0.245454,0.270000,False,0.634146,0.155654,0.171220,0.015566,24.071409,26.478584,2.407175
Tyrese Maxey,tyrese maxey,PHI,2026,70.000000,0.247152,0.300000,False,0.853659,0.210984,0.256098,0.045114,34.804102,42.246110,7.442007
Tyrese Proctor,tyrese proctor,CLE,2026,50.000000,0.013039,0.026441,False,0.609756,0.007951,0.016122,0.008172,1.311535,2.659583,1.348048
Tyrone Wallace,tyrone wallace,LAC,2019,62.000000,0.004604,0.023286,False,0.756098,0.003481,0.017607,0.014125,0.379932,1.921585,1.541653
Tyson Chandler,tyson chandler,LAL,2019,48.000000,0.014848,0.014848,True,0.585366,0.008692,0.008692,-0.000000,0.948623,0.948623,-0.000000
Tyus Jones,tyus jones,MIN,2019,68.000000,0.076965,0.057526,True,0.829268,0.063825,0.047705,-0.016120,6.965854,5.206495,-1.759359
Tyus Jones,tyus jones,MEM,2020,65.000000,0.072981,0.064285,False,0.792683,0.057850,0.050957,-0.006893,6.313799,5.561474,-0.752324
Tyus Jones,tyus jones,MEM,2021,70.000000,0.067607,0.044685,False,0.972222,0.065729,0.043444,-0.022285,7.388889,4.883703,-2.505186
Tyus Jones,tyus jones,MEM,2022,73.000000,0.121305,0.080055,True,0.890244,0.107991,0.071268,-0.036723,13.353659,8.812695,-4.540963
Tyus Jones,tyus jones,MEM,2023,80.000000,0.102925,0.073982,False,0.975610,0.100415,0.072178,-0.028237,13.658537,9.817697,-3.840840
Tyus Jones,tyus jones,WAS,2024,66.000000,0.014848,0.077947,True,0.804878,0.011951,0.062738,0.050787,1.680198,8.820224,7.140025
Tyus Jones,tyus jones,PHO,2025,81.000000,0.045264,0.047506,True,0.987805,0.044712,0.046927,0.002215,6.914634,7.257122,0.342488
Tyus Jones,tyus jones,ORL,2026,48.000000,0.014848,0.014848,True,0.585366,0.008692,0.008692,-0.000000,1.433807,1.433807,-0.000000
Udoka Azubuike,udoka azubuike,UTA,2021,15.000000,0.018466,0.019277,False,0.208333,0.003847,0.004016,0.000169,0.432475,0.451449,0.018974
Udoka Azubuike,udoka azubuike,UTA,2022,17.000000,0.017588,0.019563,False,0.207317,0.003646,0.004056,0.000409,0.450890,0.501513,0.050623
Udonis Haslem,udonis haslem,MIA,2019,10.000000,0.014848,0.014848,True,0.121951,0.001811,0.001811,-0.000000,0.197630,0.197630,-0.000000
Udonis Haslem,udonis haslem,MIA,2020,4.000000,0.014848,0.014848,True,0.048780,0.000724,0.000724,-0.000000,0.079052,0.079052,-0.000000
Udonis Haslem,udonis haslem,MIA,2021,1.000000,0.014848,0.015331,True,0.013889,0.000206,0.000213,0.000007,0.023183,0.023936,0.000753
Udonis Haslem,udonis haslem,MIA,2022,13.000000,0.014848,0.013905,True,0.158537,0.002354,0.002204,-0.000150,0.291087,0.272591,-0.018497
Usman Garuba,usman garuba,HOU,2022,24.000000,0.019984,0.022351,False,0.292683,0.005849,0.006542,0.000693,0.723266,0.808924,0.085658
Usman Garuba,usman garuba,HOU,2023,75.000000,0.000085,0.030322,False,0.914634,0.000078,0.027733,0.027655,0.010617,3.772332,3.761715
Victor Oladipo,victor oladipo,IND,2019,36.000000,0.192413,0.300000,False,0.439024,0.084474,0.131707,0.047233,9.219512,14.374537,5.155024
Victor Oladipo,victor oladipo,IND,2020,19.000000,0.192413,0.167577,False,0.231707,0.044584,0.038829,-0.005755,4.865854,4.237770,-0.628084
Victor Oladipo,victor oladipo,HOU,2021,20.000000,0.014848,0.151259,True,0.277778,0.004125,0.042016,0.037892,0.463661,4.723239,4.259579
Victor Oladipo,victor oladipo,MIA,2022,8.000000,0.070761,0.050890,True,0.097561,0.006904,0.004965,-0.001939,0.853659,0.613926,-0.239732
Victor Oladipo,victor oladipo,MIA,2023,42.000000,0.069475,0.061800,False,0.512195,0.035585,0.031654,-0.003931,4.840244,4.305577,-0.534667
Victor Wembanyama,victor wembanyama,SAS,2024,71.000000,0.090825,0.250000,False,0.865854,0.078641,0.216463,0.137822,11.056051,30.432159,19.376108
Victor Wembanyama,victor wembanyama,SAS,2025,46.000000,0.086499,0.250000,False,0.560976,0.048524,0.140244,0.091720,7.504103,21.688299,14.184195
Victor Wembanyama,victor wembanyama,SAS,2026,64.000000,0.102256,0.300000,False,0.780488,0.079810,0.234146,0.154337,13.165460,38.625015,25.459554
Vince Carter,vince carter,ATL,2019,76.000000,0.014848,0.022114,True,0.926829,0.013762,0.020496,0.006734,1.501986,2.236881,0.734895
Vince Williams Jr.,vince williams jr.,MEM,2023,15.000000,0.016411,0.017830,False,0.182927,0.003002,0.003262,0.000259,0.408349,0.443634,0.035285
Vince Williams Jr.,vince williams jr.,MEM,2024,52.000000,0.015084,0.058666,False,0.634146,0.009566,0.037203,0.027637,1.344830,5.230258,3.885429
Vince Williams Jr.,vince williams jr.,MEM,2025,27.000000,0.014883,0.019801,False,0.329268,0.004900,0.006520,0.001619,0.757840,1.008270,0.250431
Vincent Poirier,vincent poirier,BOS,2020,22.000000,0.023999,0.016752,False,0.268293,0.006439,0.004494,-0.001944,0.702714,0.490528,-0.212186
VJ Edgecombe,vj edgecombe,PHI,2026,75.000000,0.070707,0.125785,False,0.914634,0.064671,0.115047,0.050376,10.668183,18.978294,8.310111
Walker Kessler,walker kessler,UTA,2023,74.000000,0.020814,0.088653,False,0.902439,0.018783,0.080004,0.061221,2.554949,10.882232,8.327283
Walker Kessler,walker kessler,UTA,2024,64.000000,0.021097,0.085394,False,0.780488,0.016466,0.066649,0.050184,2.314864,9.370074,7.055210
Walker Kessler,walker kessler,UTA,2025,58.000000,0.031549,0.132910,False,0.707317,0.022315,0.094009,0.071694,3.450956,14.538284,11.087328
Walker Kessler,walker kessler,UTA,2026,5.000000,0.183271,0.130743,True,0.060976,0.011175,0.007972,-0.003203,1.843449,1.315094,-0.528354
Wayne Ellington,wayne ellington,DET,2019,28.000000,0.073300,0.035202,True,0.341463,0.025029,0.012020,-0.013009,2.731707,1.311889,-1.419818
Wayne Ellington,wayne ellington,NYK,2020,36.000000,0.014848,0.014848,True,0.439024,0.006519,0.006519,-0.000000,0.711467,0.711467,-0.000000
Wayne Ellington,wayne ellington,DET,2021,46.000000,0.014848,0.014848,True,0.638889,0.009487,0.009487,-0.000000,1.066419,1.066419,-0.000000
Wendell Carter Jr.,wendell carter jr.,CHI,2019,44.000000,0.047658,0.051499,False,0.536585,0.025573,0.027633,0.002061,2.790995,3.015904,0.224909
Wendell Carter Jr.,wendell carter jr.,CHI,2020,43.000000,0.049925,0.093351,False,0.524390,0.026180,0.048952,0.022772,2.857319,5.342647,2.485328
Wendell Carter Jr.,wendell carter jr.,CHI,2021,32.000000,0.061558,0.053894,False,0.444444,0.027359,0.023953,-0.003406,3.075568,2.692650,-0.382918
Wendell Carter Jr.,wendell carter jr.,ORL,2022,62.000000,0.114431,0.129134,True,0.756098,0.086521,0.097638,0.011117,10.698780,12.073435,1.374654
Wendell Carter Jr.,wendell carter jr.,ORL,2023,57.000000,0.095941,0.126838,False,0.695122,0.066691,0.088168,0.021477,9.071341,11.992697,2.921355
Wendell Carter Jr.,wendell carter jr.,ORL,2024,55.000000,0.085000,0.091012,False,0.670732,0.057012,0.061045,0.004032,8.015244,8.582143,0.566899
Wendell Carter Jr.,wendell carter jr.,ORL,2025,68.000000,0.070160,0.082850,False,0.829268,0.058181,0.068705,0.010524,8.997561,10.625044,1.627483
Wendell Carter Jr.,wendell carter jr.,ORL,2026,78.000000,0.109735,0.109735,True,0.951220,0.104382,0.104382,-0.000000,17.218976,17.218976,-0.000000
Wenyen Gabriel,wenyen gabriel,,2019,0.000000,0.013246,0.019095,False,0.000000,0.000000,0.000000,0.000000,0.000000,0.000000,0.000000
Wenyen Gabriel,wenyen gabriel,POR,2020,19.000000,0.014848,0.019847,False,0.231707,0.003441,0.004599,0.001158,0.375497,0.501896,0.126400
Wenyen Gabriel,wenyen gabriel,NOP,2021,21.000000,0.000884,0.016245,False,0.291667,0.000258,0.004738,0.004480,0.028986,0.532625,0.503640
Wenyen Gabriel,wenyen gabriel,LAL,2022,19.000000,0.014848,0.013905,True,0.231707,0.003441,0.003222,-0.000219,0.425435,0.398402,-0.027034
Wenyen Gabriel,wenyen gabriel,LAL,2023,68.000000,0.000853,0.012733,False,0.829268,0.000708,0.010559,0.009851,0.096257,1.436234,1.339976
Wes Iwundu,wes iwundu,ORL,2019,68.000000,0.014830,0.029231,False,0.829268,0.012298,0.024240,0.011943,1.342187,2.645608,1.303421
Wes Iwundu,wes iwundu,ORL,2020,52.000000,0.014848,0.029969,True,0.634146,0.009416,0.019004,0.009588,1.027675,2.074150,1.046475
Wes Iwundu,wes iwundu,DAL,2021,23.000000,0.000915,0.015908,False,0.319444,0.000292,0.005082,0.004790,0.032849,0.571271,0.538423
Wesley Matthews,wesley matthews,DAL,2019,44.000000,0.014848,0.018078,True,0.536585,0.007967,0.009700,0.001733,0.869571,1.058685,0.189114
Wesley Matthews,wesley matthews,MIL,2020,67.000000,0.033196,0.044996,True,0.817073,0.027123,0.036765,0.009642,2.960256,4.012539,1.052283
Wesley Matthews,wesley matthews,LAL,2021,58.000000,0.017422,0.022174,True,0.805556,0.014035,0.017862,0.003828,1.577681,2.007985,0.430304
Wesley Matthews,wesley matthews,MIL,2022,49.000000,0.014848,0.027879,False,0.597561,0.008873,0.016659,0.007786,1.097176,2.060013,0.962837
Wesley Matthews,wesley matthews,MIL,2023,52.000000,0.014848,0.014848,True,0.634146,0.009416,0.009416,-0.000000,1.280789,1.280789,-0.000000
Will Barton,will barton,DEN,2019,43.000000,0.117068,0.051962,False,0.524390,0.061389,0.027248,-0.034141,6.700022,2.973867,-3.726155
Will Barton,will barton,DEN,2020,58.000000,0.125740,0.120898,False,0.707317,0.088938,0.085513,-0.003425,9.706664,9.332896,-0.373767
Will Barton,will barton,DEN,2021,56.000000,0.138995,0.085659,False,0.777778,0.108107,0.066623,-0.041484,12.152778,7.489402,-4.663376
Will Barton,will barton,DEN,2022,71.000000,0.003499,0.113620,False,0.865854,0.003029,0.098378,0.095348,0.374605,12.164920,11.790315
Will Richard,will richard,GSW,2026,69.000000,0.013039,0.038023,False,0.841463,0.010972,0.031995,0.021024,1.809918,5.277985,3.468067
Will Riley,will riley,WAS,2026,74.000000,0.022359,0.038990,False,0.902439,0.020177,0.035186,0.015008,3.328484,5.804293,2.475809
Willie Cauley-Stein,willie cauley-stein,SAC,2019,81.000000,0.019951,0.107422,True,0.987805,0.019708,0.106112,0.086404,2.150928,11.581044,9.430116
Willie Cauley-Stein,willie cauley-stein,GSW,2020,41.000000,0.037566,0.061860,True,0.500000,0.018783,0.030930,0.012147,2.050000,3.375694,1.325694
Willie Cauley-Stein,willie cauley-stein,DAL,2021,53.000000,0.036472,0.048367,False,0.736111,0.026848,0.035604,0.008756,3.018056,4.002347,0.984292
Willie Cauley-Stein,willie cauley-stein,DAL,2022,18.000000,0.000853,0.032592,False,0.219512,0.000187,0.007154,0.006967,0.023163,0.884680,0.861517
Wilson Chandler,wilson chandler,PHI,2019,36.000000,0.014848,0.053548,True,0.439024,0.006519,0.023509,0.016990,0.711467,2.565758,1.854290
Xavier Cooks,xavier cooks,WAS,2023,10.000000,0.012644,0.016662,False,0.121951,0.001542,0.002032,0.000490,0.209740,0.276383,0.066643
Xavier Sneed,xavier sneed,UTA,2022,7.000000,0.000761,0.015152,False,0.085366,0.000065,0.001293,0.001228,0.008036,0.159942,0.151906
Yang Hansen,yang hansen,POR,2026,43.000000,0.028149,0.019168,False,0.524390,0.014761,0.010051,-0.004710,2.435017,1.658085,-0.776932
Yante Maten,yante maten,MIA,2019,2.000000,0.000916,0.017122,False,0.024390,0.000022,0.000418,0.000395,0.002439,0.045577,0.043138
Yogi Ferrell,yogi ferrell,SAC,2019,71.000000,0.028862,0.039768,False,0.865854,0.024990,0.034434,0.009443,2.727439,3.758092,1.030653
Yogi Ferrell,yogi ferrell,SAC,2020,50.000000,0.001017,0.036896,False,0.609756,0.000620,0.022497,0.021877,0.067682,2.455369,2.387687
Yuta Watanabe,yuta watanabe,MEM,2020,18.000000,0.002949,0.016957,False,0.219512,0.000647,0.003722,0.003075,0.070659,0.406254,0.335594
Yuta Watanabe,yuta watanabe,TOR,2021,50.000000,0.015681,0.017428,False,0.694444,0.010890,0.012103,0.001213,1.224164,1.360544,0.136380
Yuta Watanabe,yuta watanabe,TOR,2022,38.000000,0.014848,0.013905,True,0.463415,0.006881,0.006444,-0.000437,0.850871,0.796803,-0.054068
Yuta Watanabe,yuta watanabe,BRK,2023,58.000000,0.014848,0.015029,True,0.707317,0.010503,0.010630,0.000127,1.428573,1.445912,0.017340
Yves Missi,yves missi,NOP,2025,73.000000,0.021682,0.053860,False,0.890244,0.019302,0.047948,0.028646,2.985023,7.415069,4.430046
Yves Missi,yves missi,NOP,2026,66.000000,0.021294,0.041718,False,0.804878,0.017139,0.033578,0.016438,2.827343,5.539052,2.711708
Zaccharie Risacher,zaccharie risacher,ATL,2025,75.000000,0.085341,0.069463,False,0.914634,0.078056,0.063533,-0.014523,12.071085,9.825211,-2.245874
Zaccharie Risacher,zaccharie risacher,ATL,2026,67.000000,0.083814,0.057464,False,0.817073,0.068482,0.046952,-0.021530,11.296886,7.745250,-3.551636
Zach Collins,zach collins,POR,2019,77.000000,0.038851,0.043904,False,0.939024,0.036482,0.041227,0.004745,3.981651,4.499477,0.517825
Zach Collins,zach collins,POR,2020,11.000000,0.049535,0.050588,False,0.134146,0.006645,0.006786,0.000141,0.725229,0.740652,0.015422
Zach Collins,zach collins,,2021,0.000000,0.062270,0.034578,True,0.000000,0.000000,0.000000,0.000000,0.000000,0.000000,0.000000
Zach Collins,zach collins,SAS,2022,28.000000,0.059440,0.032759,False,0.341463,0.020296,0.011186,-0.009110,2.509756,1.383222,-1.126534
Zach Collins,zach collins,SAS,2023,63.000000,0.056609,0.053548,False,0.768293,0.043492,0.041141,-0.002351,5.915854,5.596025,-0.319828
Zach Collins,zach collins,SAS,2024,69.000000,0.119080,0.045023,True,0.841463,0.100201,0.037885,-0.062317,14.087107,5.326151,-8.760956
Zach Collins,zach collins,CHI,2025,28.000000,0.116915,0.041912,False,0.341463,0.039922,0.014311,-0.025611,6.173828,2.213202,-3.960626
Zach Collins,zach collins,CHI,2026,10.000000,0.050271,0.045720,True,0.121951,0.006131,0.005576,-0.000555,1.011303,0.919756,-0.091547
Zach Edey,zach edey,MEM,2025,66.000000,0.039089,0.063367,False,0.804878,0.031462,0.051003,0.019541,4.865488,7.887385,3.021897
Zach Edey,zach edey,MEM,2026,11.000000,0.038389,0.088002,False,0.134146,0.005150,0.011805,0.006655,0.849517,1.947384,1.097868
Zach LaVine,zach lavine,CHI,2019,63.000000,0.178670,0.205747,False,0.768293,0.137271,0.158074,0.020804,14.981707,17.252220,2.270513
Zach LaVine,zach lavine,CHI,2020,60.000000,0.178670,0.224886,False,0.731707,0.130734,0.164551,0.033817,14.268293,17.959106,3.690813
Zach LaVine,zach lavine,CHI,2021,58.000000,0.173466,0.300000,False,0.805556,0.139736,0.241667,0.101930,15.708333,27.166717,11.458383
Zach LaVine,zach lavine,CHI,2022,67.000000,0.300000,0.300000,True,0.817073,0.245122,0.245122,-0.000000,30.310555,30.310555,-0.000000
Zach LaVine,zach lavine,CHI,2023,77.000000,0.294544,0.310000,False,0.939024,0.276584,0.291097,0.014513,37.621280,39.595326,1.974046
Zach LaVine,zach lavine,CHI,2024,25.000000,0.316755,0.182125,False,0.304878,0.096572,0.055526,-0.041046,13.576811,7.806295,-5.770516
Zach LaVine,zach lavine,CHI,2025,42.000000,0.307149,0.175345,False,0.512195,0.157320,0.089811,-0.067509,24.329094,13.888958,-10.440136
Zach LaVine,zach lavine,SAC,2026,39.000000,0.296842,0.111138,False,0.475610,0.141181,0.052858,-0.088323,23.289364,8.719562,-14.569802
Zeke Nnaji,zeke nnaji,DEN,2021,42.000000,0.022228,0.026354,False,0.583333,0.012966,0.015373,0.002407,1.457610,1.728186,0.270576
Zeke Nnaji,zeke nnaji,DEN,2022,41.000000,0.021170,0.022089,False,0.500000,0.010585,0.011044,0.000459,1.308900,1.365678,0.056778
Zeke Nnaji,zeke nnaji,DEN,2023,53.000000,0.031659,0.020827,False,0.646341,0.020462,0.013462,-0.007001,2.783328,1.831070,-0.952258
Zeke Nnaji,zeke nnaji,DEN,2024,58.000000,0.063227,0.029756,True,0.707317,0.044721,0.021047,-0.023674,6.287263,2.958915,-3.328348
Zeke Nnaji,zeke nnaji,DEN,2025,57.000000,0.052880,0.032388,False,0.695122,0.036758,0.022513,-0.014245,5.684553,3.481615,-2.202938
Zeke Nnaji,zeke nnaji,DEN,2026,52.000000,0.045263,0.030444,False,0.634146,0.028704,0.019306,-0.009398,4.734960,3.184689,-1.550270
Zhaire Smith,zhaire smith,PHI,2019,6.000000,0.028026,0.027192,False,0.073171,0.002051,0.001990,-0.000061,0.223815,0.217148,-0.006667
Ziaire Williams,ziaire williams,MEM,2022,62.000000,0.037133,0.053745,False,0.756098,0.028076,0.040636,0.012560,3.471758,5.024903,1.553145
Ziaire Williams,ziaire williams,MEM,2023,37.000000,0.035364,0.027582,False,0.451220,0.015957,0.012446,-0.003511,2.170456,1.692883,-0.477573
Ziaire Williams,ziaire williams,MEM,2024,51.000000,0.043624,0.039251,False,0.621951,0.027132,0.024412,-0.002720,3.814430,3.432042,-0.382388
Ziaire Williams,ziaire williams,BRK,2025,63.000000,0.040415,0.056078,False,0.768293,0.031050,0.043084,0.012034,4.801829,6.662820,1.860991
Ziaire Williams,ziaire williams,BRK,2026,56.000000,0.014848,0.052341,True,0.682927,0.010140,0.035745,0.025605,1.672775,5.896543,4.223768
Zion Williamson,zion williamson,NOP,2020,24.000000,0.093875,0.167408,False,0.292683,0.027476,0.048998,0.021522,2.998677,5.347598,2.348921
Zion Williamson,zion williamson,NOP,2021,61.000000,0.095481,0.250000,False,0.847222,0.080894,0.211806,0.130912,9.093575,23.809910,14.716335
Zion Williamson,zion williamson,,2022,0.000000,0.109456,0.131574,False,0.000000,0.000000,0.000000,0.000000,0.000000,0.000000,0.000000
Zion Williamson,zion williamson,NOP,2023,29.000000,0.250000,0.250000,True,0.353659,0.088415,0.088415,0.000000,12.026247,12.026247,0.000000
Zion Williamson,zion williamson,NOP,2024,70.000000,0.261229,0.270000,False,0.853659,0.223000,0.230488,0.007487,31.351182,32.403820,1.052638
Zion Williamson,zion williamson,NOP,2025,30.000000,0.255072,0.279731,False,0.365854,0.093319,0.102341,0.009022,14.431496,15.826696,1.395200
Zion Williamson,zion williamson,NOP,2026,62.000000,0.255615,0.208743,False,0.756098,0.193270,0.157830,-0.035440,31.881995,26.035761,-5.846234
Zylan Cheatham,zylan cheatham,NOP,2020,4.000000,0.013246,0.016443,False,0.048780,0.000646,0.000802,0.000156,0.070522,0.087541,0.017019
